6990-06-3	"Strictly enforce selling antibacterial drugs only with a prescription in retail pharmacies and promote the sale and use of veterinary antibacterial drugs with a veterinary prescription (13)" As Antibiotics [RR-04946-7]
38444-81-4	"Production, processing, use, import and export are prohibited (15)" As Polychlorinated biphenyls [1336-36-3]
1135443-45-6	"Production, processing, use, import and export are prohibited (14)" As Hexachlorobenzene [118-74-1]
132324-11-9	"Production is prohibited; Processing and use are prohibited, except for the use of PFOS to produce fire extinguishing foam agents prior to December 31, 2023; Clearance Notification for Environmental Management on Import/Export of Toxic Chemicals is required for imported or exported PFOS chemicals; Import and export are prohibited from January 1, 2024 (01)" As Perfluorooctanesulfonic acid [1763-23
74472-33-6	"Production, processing, use, import and export are prohibited (15)" As Polychlorinated biphenyls [1336-36-3]
12557-88-9	"Production, processing, use, import and export are prohibited (14)" As Mirex [2385-85-5]
33284-50-3	"Production, processing, use, import and export are prohibited (15)" As Polychlorinated biphenyls [1336-36-3]
38380-01-7	"Production, processing, use, import and export are prohibited (15)" As Polychlorinated biphenyls [1336-36-3]
306974-19-6	"Production, processing, use, import and export are prohibited (08)" As Perfluorohexanesulfonic acid related compounds [RR-162331-0]
175895-38-2	"Production is prohibited; Processing and use are prohibited, except for the use of PFOS to produce fire extinguishing foam agents prior to December 31, 2023; Clearance Notification for Environmental Management on Import/Export of Toxic Chemicals is required for imported or exported PFOS chemicals; Import and export are prohibited from January 1, 2024 (01)" As Perfluorooctanesulfonic acid, ammoniu
254889-10-6	"Production, processing, use, import and export are prohibited (08)" As Perfluorohexanesulfonic acid related compounds [RR-162331-0];
56558-18-0	"Production, processing, use, import and export are prohibited (15)" As Polychlorinated biphenyls [1336-36-3]
126602-89-9	"Strictly enforce selling antibacterial drugs only with a prescription in retail pharmacies and promote the sale and use of veterinary antibacterial drugs with a veterinary prescription (13)" As Antibiotics [RR-04946-7]
68081-83-4	"Production, processing, use, import and export are prohibited (08)" As Perfluorohexanesulfonic acid related compounds [RR-162331-0]
20830-81-3	"Strictly enforce selling antibacterial drugs only with a prescription in retail pharmacies and promote the sale and use of veterinary antibacterial drugs with a veterinary prescription (13)" As Antibiotics [RR-04946-7]
70424-67-8	"Production, processing, use, import and export are prohibited (15)" As Polychlorinated biphenyls [1336-36-3]
138257-18-8	"Production, processing, use, import and export are prohibited (14)" As Cyclododecane, hexabromo- [25637-99-4]
335-64-8	"Constructions of new PFOA production facilities are prohibited; Production, processing and use are prohibited, except for the following uses: (1) photolithography or etching processes in semiconductor manufacturing, (2) photographic coatings for film, (3) oil and water repellent textiles that protect workers from health and safety risks posed by hazardous liquids, (4) invasive and implantable med
93572-72-6	"Production, processing, use, import and export are prohibited (08)" As Perfluorohexanesulfonic acid related compounds [RR-162331-0]
86525-30-6	"Production, processing, use, import and export are prohibited (08)" As Perfluorohexanesulfonic acid related compounds [RR-162331-0];
72558-82-8	"Strictly enforce selling antibacterial drugs only with a prescription in retail pharmacies and promote the sale and use of veterinary antibacterial drugs with a veterinary prescription (13)" As Antibiotics [RR-04946-7]
74472-48-3	"Production, processing, use, import and export are prohibited (15)" As Polychlorinated biphenyls [1336-36-3]
85721-33-1	"Strictly enforce selling antibacterial drugs only with a prescription in retail pharmacies and promote the sale and use of veterinary antibacterial drugs with a veterinary prescription (13)" As Antibiotics [RR-04946-7]
52704-70-8	"Production, processing, use, import and export are prohibited (15)" As Polychlorinated biphenyls [1336-36-3]
1695-77-8	"Strictly enforce selling antibacterial drugs only with a prescription in retail pharmacies and promote the sale and use of veterinary antibacterial drugs with a veterinary prescription (13)" As Antibiotics [RR-04946-7]
85520-91-8	"Production, processing, use, import and export are prohibited (08)" As Perfluorohexanesulfonic acid related compounds [RR-162331-0]
38380-03-9	"Production, processing, use, import and export are prohibited (15)" As Polychlorinated biphenyls [1336-36-3]
40143-79-1	"Constructions of new PFOA production facilities are prohibited; Production, processing and use are prohibited, except for the following uses: (1) photolithography or etching processes in semiconductor manufacturing, (2) photographic coatings for film, (3) oil and water repellent textiles that protect workers from health and safety risks posed by hazardous liquids, (4) invasive and implantable med
74472-47-2	"Production, processing, use, import and export are prohibited (15)" As Polychlorinated biphenyls [1336-36-3]
53469-21-9	"Production, processing, use, import and export are prohibited (15)" As Polychlorinated biphenyls [1336-36-3]
2751-09-9	"Strictly enforce selling antibacterial drugs only with a prescription in retail pharmacies and promote the sale and use of veterinary antibacterial drugs with a veterinary prescription (13)" As Antibiotics [RR-04946-7]
UN2279	"Production, processing, use, import and export are prohibited (05)" As Hexachlorobutadiene [87-68-3]
32774-16-6	"Production, processing, use, import and export are prohibited (15)" As Polychlorinated biphenyls [1336-36-3]
91000-35-0	"The use of Nonylphenol as an auxiliary agent in the production of pesticide products is prohibited; The use of Nonylphenol to produce Nonylphenol ethoxylates is prohibited; According to the Safety and Technical Standards for Cosmetics, the use of Nonylphenol as a cosmetic ingredient is prohibited (12)" As Branched 4-nonylphenol [84852-15-3]
68-41-7	"Strictly enforce selling antibacterial drugs only with a prescription in retail pharmacies and promote the sale and use of veterinary antibacterial drugs with a veterinary prescription (13)" As Antibiotics [RR-04946-7]
11097-69-1	"Production, processing, use, import and export are prohibited (15)" As Polychlorinated biphenyls [1336-36-3]
3871-99-6	"Production, processing, use, import and export are prohibited (08)" As Perfluorohexanesulfonic acid related compounds [RR-162331-0];
147-48-8	"Strictly enforce selling antibacterial drugs only with a prescription in retail pharmacies and promote the sale and use of veterinary antibacterial drugs with a veterinary prescription (13)" As Antibiotics [RR-04946-7]
40186-71-8	"Production, processing, use, import and export are prohibited (15)" As Polychlorinated biphenyls [1336-36-3]
38444-78-9	"Production, processing, use, import and export are prohibited (15)" As Polychlorinated biphenyls [1336-36-3]
423-50-7	"Production, processing, use, import and export are prohibited (08)" As Perfluorohexanesulfonic acid related compounds [RR-162331-0];
70424-69-0	"Production, processing, use, import and export are prohibited (15)" As Polychlorinated biphenyls [1336-36-3]
38850-58-7	"Production, processing, use, import and export are prohibited (08)" As Perfluorohexanesulfonic acid related compounds [RR-162331-0];
32598-11-1	"Production, processing, use, import and export are prohibited (15)" As Polychlorinated biphenyls [1336-36-3]
136-83-4	"The use of Nonylphenol as an auxiliary agent in the production of pesticide products is prohibited; The use of Nonylphenol to produce Nonylphenol ethoxylates is prohibited; According to the Safety and Technical Standards for Cosmetics, the use of Nonylphenol as a cosmetic ingredient is prohibited (12)" As Nonylphenol [25154-52-3]
8007-42-9	"Production, processing, use, import and export are prohibited (14)" As Lindane [58-89-9]
50598-28-2	"Production, processing, use, import and export are prohibited (08)" As Perfluorohexanesulfonic acid related compounds [RR-162331-0];
105239-91-6	"Strictly enforce selling antibacterial drugs only with a prescription in retail pharmacies and promote the sale and use of veterinary antibacterial drugs with a veterinary prescription (13)" As Antibiotics [RR-04946-7]
68194-04-7	"Production, processing, use, import and export are prohibited (15)" As Polychlorinated biphenyls [1336-36-3]
38379-99-6	"Production, processing, use, import and export are prohibited (15)" As Polychlorinated biphenyls [1336-36-3]
39405-35-1	"Strictly enforce selling antibacterial drugs only with a prescription in retail pharmacies and promote the sale and use of veterinary antibacterial drugs with a veterinary prescription (13)" As Antibiotics [RR-04946-7]
UN1593	"Production of paint strippers containing Dichloromethane is prohibited; According to the Safety and Technical Standards for Cosmetics, the use of Dichloromethane as a cosmetic ingredient is prohibited; According to GB 38508 (Limits for Volatile Organic Compounds Content in Cleaning Agents), the sum of Dichloromethane, Chloroform, Trichloroethylene, and Tetrachloroethylene in water-based cleaning 
13029-08-8	"Production, processing, use, import and export are prohibited (15)" As Polychlorinated biphenyls [1336-36-3]
35694-06-5	"Production, processing, use, import and export are prohibited (15)" As Polychlorinated biphenyls [1336-36-3]
RR-48424-2	Production is prohibited; Processing and use are prohibited, except for the use of PFOS to produce fire extinguishing foam agents prior to December 31, 2023; Clearance Notification for Environmental Management on Import/Export of Toxic Chemicals is required for imported or exported PFOS chemicals; Import and export are prohibited from January 1, 2024 (01)
85535-84-8	Production, processing and use are prohibited, except for the following uses prior to December 31, 2023: (1) additives used in the production of conveyor belts in the natural and synthetic rubber industry, (2) spare parts for rubber conveyor belts used in mining and forestry, (3) leather industry, especially for leather fatliquoring, (4) lubricating oil additives, especially for automobile engines
85536-22-7	Production, processing and use are prohibited, except for the following uses prior to December 31, 2023: (1) additives used in the production of conveyor belts in the natural and synthetic rubber industry, (2) spare parts for rubber conveyor belts used in mining and forestry, (3) leather industry, especially for leather fatliquoring, (4) lubricating oil additives, especially for automobile engines
85681-73-8	Production, processing and use are prohibited, except for the following uses prior to December 31, 2023: (1) additives used in the production of conveyor belts in the natural and synthetic rubber industry, (2) spare parts for rubber conveyor belts used in mining and forestry, (3) leather industry, especially for leather fatliquoring, (4) lubricating oil additives, especially for automobile engines
RR-171177-9	Constructions of new PFOA production facilities are prohibited; Production, processing and use are prohibited, except for the following uses: (1) photolithography or etching processes in semiconductor manufacturing, (2) photographic coatings for film, (3) oil and water repellent textiles that protect workers from health and safety risks posed by hazardous liquids, (4) invasive and implantable medi
RR-64340-3	Constructions of new PFOA production facilities are prohibited; Production, processing and use are prohibited, except for the following uses: (1) photolithography or etching processes in semiconductor manufacturing, (2) photographic coatings for film, (3) oil and water repellent textiles that protect workers from health and safety risks posed by hazardous liquids, (4) invasive and implantable medi
251099-16-8	Production is prohibited; Processing and use are prohibited, except for the use of PFOS to produce fire extinguishing foam agents prior to December 31, 2023; Clearance Notification for Environmental Management on Import/Export of Toxic Chemicals is required for imported or exported PFOS chemicals; Import and export are prohibited from January 1, 2024 (01)
2385-85-5	Production, processing, use, import and export are prohibited (14)
1763-23-1	Production is prohibited; Processing and use are prohibited, except for the use of PFOS to produce fire extinguishing foam agents prior to December 31, 2023; Clearance Notification for Environmental Management on Import/Export of Toxic Chemicals is required for imported or exported PFOS chemicals; Import and export are prohibited from January 1, 2024 (01)
1825-21-4	Production, processing, use, import and export are prohibited (06)
1163-19-5	Production, processing and use are prohibited, except for the following uses prior to December 31, 2023: (1) textile products (excluding clothing and toys) that are flame-retardant, (2) additives for plastic shells and components used in household heating appliances, irons, fans, and immersion heaters, which contain or directly contact electrical parts, or are subject to the flame retardant standa
108171-26-2	Production, processing and use are prohibited, except for the following uses prior to December 31, 2023: (1) additives used in the production of conveyor belts in the natural and synthetic rubber industry, (2) spare parts for rubber conveyor belts used in mining and forestry, (3) leather industry, especially for leather fatliquoring, (4) lubricating oil additives, especially for automobile engines
13560-89-9	Production, processing, use, import and export are prohibited from 1 January 2024 (09)
135821-03-3	Production, processing, use, import and export are prohibited from 1 January 2024 (09)
135821-74-8	Production, processing, use, import and export are prohibited from 1 January 2024 (09)
25154-52-3	The use of Nonylphenol as an auxiliary agent in the production of pesticide products is prohibited; The use of Nonylphenol to produce Nonylphenol ethoxylates is prohibited; According to the Safety and Technical Standards for Cosmetics, the use of Nonylphenol as a cosmetic ingredient is prohibited (12)
25637-99-4	Production, processing, use, import and export are prohibited (14)
33213-65-9	Production, processing, use, import and export are prohibited (14)
307-35-7	Production is prohibited; Processing and use are prohibited, except for the use of PFOS to produce fire extinguishing foam agents prior to December 31, 2023; Clearance Notification for Environmental Management on Import/Export of Toxic Chemicals is required for imported or exported PFOS chemicals; Import and export are prohibited from January 1, 2024 (01)
319-84-6	Production, processing, use, import and export are prohibited (14)
319-85-7	Production, processing, use, import and export are prohibited (14)
3194-55-6	Production, processing, use, import and export are prohibited (14)
27735-64-4	Production, processing, use, import and export are prohibited (06)
2795-39-3	Production is prohibited; Processing and use are prohibited, except for the use of PFOS to produce fire extinguishing foam agents prior to December 31, 2023; Clearance Notification for Environmental Management on Import/Export of Toxic Chemicals is required for imported or exported PFOS chemicals; Import and export are prohibited from January 1, 2024 (01)
29081-56-9	Production is prohibited; Processing and use are prohibited, except for the use of PFOS to produce fire extinguishing foam agents prior to December 31, 2023; Clearance Notification for Environmental Management on Import/Export of Toxic Chemicals is required for imported or exported PFOS chemicals; Import and export are prohibited from January 1, 2024 (01)
29457-72-5	Production is prohibited; Processing and use are prohibited, except for the use of PFOS to produce fire extinguishing foam agents prior to December 31, 2023; Clearance Notification for Environmental Management on Import/Export of Toxic Chemicals is required for imported or exported PFOS chemicals; Import and export are prohibited from January 1, 2024 (01)
355-46-4	Production, processing, use, import and export are prohibited (08)
3772-94-9	Production, processing, use, import and export are prohibited (06)
50-29-3	Production, processing, use, import and export are prohibited (14)
57-74-9	Production, processing, use, import and export are prohibited (14)
58-89-9	Production, processing, use, import and export are prohibited (14)
56773-42-3	Production is prohibited; Processing and use are prohibited, except for the use of PFOS to produce fire extinguishing foam agents prior to December 31, 2023; Clearance Notification for Environmental Management on Import/Export of Toxic Chemicals is required for imported or exported PFOS chemicals; Import and export are prohibited from January 1, 2024 (01)
67-66-3	Production of paint strippers containing Trichloromethane is prohibited; According to GB 38508 (Limits for Volatile Organic Compounds Content in Cleaning Agents), the sum of Dichloromethane, Chloroform, Trichloroethylene, and Tetrachloroethylene in water-based cleaning agents, semi-water-based cleaning agents, and organic solvent cleaning agents shall not exceed 0.5%, 2%, and 20%, respectively (11
335-67-1	Constructions of new PFOA production facilities are prohibited; Production, processing and use are prohibited, except for the following uses: (1) photolithography or etching processes in semiconductor manufacturing, (2) photographic coatings for film, (3) oil and water repellent textiles that protect workers from health and safety risks posed by hazardous liquids, (4) invasive and implantable medi
RR-162331-0	Production, processing, use, import and export are prohibited (08)
RR-168220-8	Production, processing, use, import and export are prohibited (08)
RR-04606-0	Production, processing, use, import and export are prohibited (06)
RR-04946-7	Strictly enforce selling antibacterial drugs only with a prescription in retail pharmacies and promote the sale and use of veterinary antibacterial drugs with a veterinary prescription (13)
84852-15-3	The use of Nonylphenol as an auxiliary agent in the production of pesticide products is prohibited; The use of Nonylphenol to produce Nonylphenol ethoxylates is prohibited; According to the Safety and Technical Standards for Cosmetics, the use of Nonylphenol as a cosmetic ingredient is prohibited (12)
87-68-3	Production, processing, use, import and export are prohibited (05)
87-86-5	Production, processing, use, import and export are prohibited (06)
959-98-8	Production, processing, use, import and export are prohibited (14)
RR-01965-8	Production, processing, use, import and export are prohibited (06)
75-09-2	Production of paint strippers containing Dichloromethane is prohibited; According to the Safety and Technical Standards for Cosmetics, the use of Dichloromethane as a cosmetic ingredient is prohibited; According to GB 38508 (Limits for Volatile Organic Compounds Content in Cleaning Agents), the sum of Dichloromethane, Chloroform, Trichloroethylene, and Tetrachloroethylene in water-based cleaning a
71011-12-6	Production, processing and use are prohibited, except for the following uses prior to December 31, 2023: (1) additives used in the production of conveyor belts in the natural and synthetic rubber industry, (2) spare parts for rubber conveyor belts used in mining and forestry, (3) leather industry, especially for leather fatliquoring, (4) lubricating oil additives, especially for automobile engines
70225-14-8	Production is prohibited; Processing and use are prohibited, except for the use of PFOS to produce fire extinguishing foam agents prior to December 31, 2023; Clearance Notification for Environmental Management on Import/Export of Toxic Chemicals is required for imported or exported PFOS chemicals; Import and export are prohibited from January 1, 2024 (01)
68920-70-7	Production, processing and use are prohibited, except for the following uses prior to December 31, 2023: (1) additives used in the production of conveyor belts in the natural and synthetic rubber industry, (2) spare parts for rubber conveyor belts used in mining and forestry, (3) leather industry, especially for leather fatliquoring, (4) lubricating oil additives, especially for automobile engines
131-52-2	Production, processing, use, import and export are prohibited (06)
109945-70-2	"Production, processing and use are prohibited, except for the following uses prior to December 31, 2023: (1) textile products (excluding clothing and toys) that are flame-retardant, (2) additives for plastic shells and components used in household heating appliances, irons, fans, and immersion heaters, which contain or directly contact electrical parts, or are subject to the flame retardant stand
66-79-5	"Strictly enforce selling antibacterial drugs only with a prescription in retail pharmacies and promote the sale and use of veterinary antibacterial drugs with a veterinary prescription (13)" As Antibiotics [RR-04946-7]
10606-46-9	Production, processing, use, import and export are prohibited (07)
115-29-7	Production, processing, use, import and export are prohibited (14)
115-32-2	Production, processing, use, import and export are prohibited (07)
118-74-1	Production, processing, use, import and export are prohibited (14)
1336-36-3	Production, processing, use, import and export are prohibited (15)
134237-50-6	Production, processing, use, import and export are prohibited (14)
134237-51-7	Production, processing, use, import and export are prohibited (14)
134237-52-8	Production, processing, use, import and export are prohibited (14)
1031-07-8	Production, processing, use, import and export are prohibited (14)
26543-97-5	"The use of Nonylphenol as an auxiliary agent in the production of pesticide products is prohibited; The use of Nonylphenol to produce Nonylphenol ethoxylates is prohibited; According to the Safety and Technical Standards for Cosmetics, the use of Nonylphenol as a cosmetic ingredient is prohibited (12)" As Nonylphenol [25154-52-3];
41464-39-5	"Production, processing, use, import and export are prohibited (15)" As Polychlorinated biphenyls [1336-36-3]
70362-46-8	"Production, processing, use, import and export are prohibited (15)" As Polychlorinated biphenyls [1336-36-3]
172201-30-8	"Production, processing, use, import and export are prohibited (06)" As Pentachlorophenol salts [RR-01965-8]
56449-78-6	"Production, processing, use, import and export are prohibited (14)" As Mirex [2385-85-5]
68194-11-6	"Production, processing, use, import and export are prohibited (15)" As Polychlorinated biphenyls [1336-36-3]
306976-55-6	"Production, processing, use, import and export are prohibited (08)" As Perfluorohexanesulfonic acid related compounds [RR-162331-0]
55720-44-0	"Production, processing, use, import and export are prohibited (15)" As Polychlorinated biphenyls [1336-36-3]
37680-73-2	"Production, processing, use, import and export are prohibited (15)" As Polychlorinated biphenyls [1336-36-3]
12674-11-2	"Production, processing, use, import and export are prohibited (15)" As Polychlorinated biphenyls [1336-36-3]
406215-31-4	"Production is prohibited; Processing and use are prohibited, except for the use of PFOS to produce fire extinguishing foam agents prior to December 31, 2023; Clearance Notification for Environmental Management on Import/Export of Toxic Chemicals is required for imported or exported PFOS chemicals; Import and export are prohibited from January 1, 2024 (01)" As Perfluorooctanesulfonic acid, tetraet
74472-39-2	"Production, processing, use, import and export are prohibited (15)" As Polychlorinated biphenyls [1336-36-3]
UN3432	"Production, processing, use, import and export are prohibited (15)" As Polychlorinated biphenyls [1336-36-3]
38850-60-1	"Production, processing, use, import and export are prohibited (08)" As Perfluorohexanesulfonic acid related compounds [RR-162331-0];
68259-15-4	"Production, processing, use, import and export are prohibited (08)" As Perfluorohexanesulfonic acid related compounds [RR-162331-0];
154-21-2	"Strictly enforce selling antibacterial drugs only with a prescription in retail pharmacies and promote the sale and use of veterinary antibacterial drugs with a veterinary prescription (13)" As Antibiotics [RR-04946-7]
34787-01-4	"Strictly enforce selling antibacterial drugs only with a prescription in retail pharmacies and promote the sale and use of veterinary antibacterial drugs with a veterinary prescription (13)" As Antibiotics [RR-04946-7]
119478-56-7	"Strictly enforce selling antibacterial drugs only with a prescription in retail pharmacies and promote the sale and use of veterinary antibacterial drugs with a veterinary prescription (13)" As Antibiotics [RR-04946-7]
70362-45-7	"Production, processing, use, import and export are prohibited (15)" As Polychlorinated biphenyls [1336-36-3]
564-25-0	"Strictly enforce selling antibacterial drugs only with a prescription in retail pharmacies and promote the sale and use of veterinary antibacterial drugs with a veterinary prescription (13)" As Antibiotics [RR-04946-7]
86525-51-1	"Production, processing, use, import and export are prohibited (08)" As Perfluorohexanesulfonic acid related compounds [RR-162331-0];
52663-62-4	"Production, processing, use, import and export are prohibited (15)" As Polychlorinated biphenyls [1336-36-3]
76610-84-9	"Strictly enforce selling antibacterial drugs only with a prescription in retail pharmacies and promote the sale and use of veterinary antibacterial drugs with a veterinary prescription (13)" As Antibiotics [RR-04946-7]
55312-69-1	"Production, processing, use, import and export are prohibited (15)" As Polychlorinated biphenyls [1336-36-3]
306978-65-4	"Production, processing, use, import and export are prohibited (08)" As Perfluorohexanesulfonic acid related compounds [RR-162331-0]
521947-27-3	"The use of Nonylphenol as an auxiliary agent in the production of pesticide products is prohibited; The use of Nonylphenol to produce Nonylphenol ethoxylates is prohibited; According to the Safety and Technical Standards for Cosmetics, the use of Nonylphenol as a cosmetic ingredient is prohibited (12)" As Branched 4-nonylphenol [84852-15-3]
5250-39-5	"Strictly enforce selling antibacterial drugs only with a prescription in retail pharmacies and promote the sale and use of veterinary antibacterial drugs with a veterinary prescription (13)" As Antibiotics [RR-04946-7]
30784-30-6	"The use of Nonylphenol as an auxiliary agent in the production of pesticide products is prohibited; The use of Nonylphenol to produce Nonylphenol ethoxylates is prohibited; According to the Safety and Technical Standards for Cosmetics, the use of Nonylphenol as a cosmetic ingredient is prohibited (12)" As Nonylphenol [25154-52-3];
52712-04-6	"Production, processing, use, import and export are prohibited (15)" As Polychlorinated biphenyls [1336-36-3]
38444-85-8	"Production, processing, use, import and export are prohibited (15)" As Polychlorinated biphenyls [1336-36-3]
35694-08-7	"Production, processing, use, import and export are prohibited (15)" As Polychlorinated biphenyls [1336-36-3]
2051-60-7	"Production, processing, use, import and export are prohibited (15)" As Polychlorinated biphenyls [1336-36-3]
69782-90-7	"Production, processing, use, import and export are prohibited (15)" As Polychlorinated biphenyls [1336-36-3]
61379-65-5	"Strictly enforce selling antibacterial drugs only with a prescription in retail pharmacies and promote the sale and use of veterinary antibacterial drugs with a veterinary prescription (13)" As Antibiotics [RR-04946-7]
64-73-3	"Strictly enforce selling antibacterial drugs only with a prescription in retail pharmacies and promote the sale and use of veterinary antibacterial drugs with a veterinary prescription (13)" As Antibiotics [RR-04946-7]
31508-00-6	"Production, processing, use, import and export are prohibited (15)" As Polychlorinated biphenyls [1336-36-3]
74472-50-7	"Production, processing, use, import and export are prohibited (15)" As Polychlorinated biphenyls [1336-36-3]
38380-05-1	"Production, processing, use, import and export are prohibited (15)" As Polychlorinated biphenyls [1336-36-3]
93416-31-0	"Production, processing, use, import and export are prohibited (08)" As Perfluorohexanesulfonic acid related compounds [RR-162331-0]
16606-02-3	"Production, processing, use, import and export are prohibited (15)" As Polychlorinated biphenyls [1336-36-3]
61-72-3	"Strictly enforce selling antibacterial drugs only with a prescription in retail pharmacies and promote the sale and use of veterinary antibacterial drugs with a veterinary prescription (13)" As Antibiotics [RR-04946-7]
151096-09-2	"Strictly enforce selling antibacterial drugs only with a prescription in retail pharmacies and promote the sale and use of veterinary antibacterial drugs with a veterinary prescription (13)" As Antibiotics [RR-04946-7]
60291-32-9	"Production, processing, use, import and export are prohibited (14)" As .alpha.-Hexachlorocyclohexane [319-84-6]
73772-32-4	"Production, processing, use, import and export are prohibited (08)" As Perfluorohexanesulfonic acid related compounds [RR-162331-0];
90481-04-2	"The use of Nonylphenol as an auxiliary agent in the production of pesticide products is prohibited; The use of Nonylphenol to produce Nonylphenol ethoxylates is prohibited; According to the Safety and Technical Standards for Cosmetics, the use of Nonylphenol as a cosmetic ingredient is prohibited (12)" As Nonylphenol [25154-52-3]
56187-47-4	"Strictly enforce selling antibacterial drugs only with a prescription in retail pharmacies and promote the sale and use of veterinary antibacterial drugs with a veterinary prescription (13)" As Antibiotics [RR-04946-7]
74431-23-5	"Strictly enforce selling antibacterial drugs only with a prescription in retail pharmacies and promote the sale and use of veterinary antibacterial drugs with a veterinary prescription (13)" As Antibiotics [RR-04946-7]
115416-67-6	"Production, processing, use, import and export are prohibited (08)" As Perfluorohexanesulfonic acid related compounds [RR-162331-0]
145538-74-5	"Production, processing and use are prohibited, except for the following uses prior to December 31, 2023: (1) textile products (excluding clothing and toys) that are flame-retardant, (2) additives for plastic shells and components used in household heating appliances, irons, fans, and immersion heaters, which contain or directly contact electrical parts, or are subject to the flame retardant stand
38444-87-0	"Production, processing, use, import and export are prohibited (15)" As Polychlorinated biphenyls [1336-36-3]
68391-09-3	"Production, processing, use, import and export are prohibited (08)" As Perfluorohexanesulfonic acid related compounds [RR-162331-0];
32598-12-2	"Production, processing, use, import and export are prohibited (15)" As Polychlorinated biphenyls [1336-36-3]
74472-41-6	"Production, processing, use, import and export are prohibited (15)" As Polychlorinated biphenyls [1336-36-3]
62796-65-0	"Production, processing, use, import and export are prohibited (15)" As Polychlorinated biphenyls [1336-36-3]
P-97-0790	"Production is prohibited; Processing and use are prohibited, except for the use of PFOS to produce fire extinguishing foam agents prior to December 31, 2023; Clearance Notification for Environmental Management on Import/Export of Toxic Chemicals is required for imported or exported PFOS chemicals; Import and export are prohibited from January 1, 2024 (01)" As Didecyldimethylammonium perfluoroocta
306979-40-8	"Production, processing, use, import and export are prohibited (08)" As Perfluorohexanesulfonic acid related compounds [RR-162331-0]
41464-41-9	"Production, processing, use, import and export are prohibited (15)" As Polychlorinated biphenyls [1336-36-3]
160336-17-4	"Production, processing, use, import and export are prohibited (08)" As Perfluorohexanesulfonic acid related compounds [RR-162331-0]
865-49-6	"Production of paint strippers containing Trichloromethane is prohibited; According to GB 38508 (Limits for Volatile Organic Compounds Content in Cleaning Agents), the sum of Dichloromethane, Chloroform, Trichloroethylene, and Tetrachloroethylene in water-based cleaning agents, semi-water-based cleaning agents, and organic solvent cleaning agents shall not exceed 0.5%, 2%, and 20%, respectively (1
28655-71-2	"Production, processing, use, import and export are prohibited (15)" As Polychlorinated biphenyls [1336-36-3]
87988-56-5	"Production, processing, use, import and export are prohibited (08)" As Perfluorohexanesulfonic acid related compounds [RR-162331-0]
51762-05-1	"Strictly enforce selling antibacterial drugs only with a prescription in retail pharmacies and promote the sale and use of veterinary antibacterial drugs with a veterinary prescription (13)" As Antibiotics [RR-04946-7]
1405-87-4	"Strictly enforce selling antibacterial drugs only with a prescription in retail pharmacies and promote the sale and use of veterinary antibacterial drugs with a veterinary prescription (13)" As Antibiotics [RR-04946-7]
91832-40-5	"Strictly enforce selling antibacterial drugs only with a prescription in retail pharmacies and promote the sale and use of veterinary antibacterial drugs with a veterinary prescription (13)" As Antibiotics [RR-04946-7]
205110-48-1	"Strictly enforce selling antibacterial drugs only with a prescription in retail pharmacies and promote the sale and use of veterinary antibacterial drugs with a veterinary prescription (13)" As Antibiotics [RR-04946-7]
314057-78-8	"Production is prohibited; Processing and use are prohibited, except for the use of PFOS to produce fire extinguishing foam agents prior to December 31, 2023; Clearance Notification for Environmental Management on Import/Export of Toxic Chemicals is required for imported or exported PFOS chemicals; Import and export are prohibited from January 1, 2024 (01)" As Perfluorooctanesulfonic acid, lithium
52663-64-6	"Production, processing, use, import and export are prohibited (15)" As Polychlorinated biphenyls [1336-36-3]
39635-34-2	"Production, processing, use, import and export are prohibited (15)" As Polychlorinated biphenyls [1336-36-3]
68081-86-7	"The use of Nonylphenol as an auxiliary agent in the production of pesticide products is prohibited; The use of Nonylphenol to produce Nonylphenol ethoxylates is prohibited; According to the Safety and Technical Standards for Cosmetics, the use of Nonylphenol as a cosmetic ingredient is prohibited (12)" As Nonylphenol [25154-52-3]
2917-32-0	"Production, processing, use, import and export are prohibited (06)" As Pentachlorophenol salts [RR-01965-8]
680187-85-3	"Production, processing, use, import and export are prohibited (08)" As Perfluorohexanesulfonic acid related compounds [RR-162331-0]
2051-61-8	"Production, processing, use, import and export are prohibited (15)" As Polychlorinated biphenyls [1336-36-3]
854620-32-9	"Production is prohibited; Processing and use are prohibited, except for the use of PFOS to produce fire extinguishing foam agents prior to December 31, 2023; Clearance Notification for Environmental Management on Import/Export of Toxic Chemicals is required for imported or exported PFOS chemicals; Import and export are prohibited from January 1, 2024 (01)" As Perfluorooctanesulfonic acid, tetraet
18017-22-6	"Constructions of new PFOA production facilities are prohibited; Production, processing and use are prohibited, except for the following uses: (1) photolithography or etching processes in semiconductor manufacturing, (2) photographic coatings for film, (3) oil and water repellent textiles that protect workers from health and safety risks posed by hazardous liquids, (4) invasive and implantable med
35694-04-3	"Production, processing, use, import and export are prohibited (15)" As Polychlorinated biphenyls [1336-36-3]
87-08-1	"Strictly enforce selling antibacterial drugs only with a prescription in retail pharmacies and promote the sale and use of veterinary antibacterial drugs with a veterinary prescription (13)" As Antibiotics [RR-04946-7]
52663-72-6	"Production, processing, use, import and export are prohibited (15)" As Polychlorinated biphenyls [1336-36-3]
74472-51-8	"Production, processing, use, import and export are prohibited (15)" As Polychlorinated biphenyls [1336-36-3]
52663-77-1	"Production, processing, use, import and export are prohibited (15)" As Polychlorinated biphenyls [1336-36-3]
111274-79-4	"Production is prohibited; Processing and use are prohibited, except for the use of PFOS to produce fire extinguishing foam agents prior to December 31, 2023; Clearance Notification for Environmental Management on Import/Export of Toxic Chemicals is required for imported or exported PFOS chemicals; Import and export are prohibited from January 1, 2024 (01)" As Perfluorooctanesulfonic acid, potassi
34455-23-7	"Constructions of new PFOA production facilities are prohibited; Production, processing and use are prohibited, except for the following uses: (1) photolithography or etching processes in semiconductor manufacturing, (2) photographic coatings for film, (3) oil and water repellent textiles that protect workers from health and safety risks posed by hazardous liquids, (4) invasive and implantable med
19387-91-8	"Strictly enforce selling antibacterial drugs only with a prescription in retail pharmacies and promote the sale and use of veterinary antibacterial drugs with a veterinary prescription (13)" As Antibiotics [RR-04946-7]
30562-34-6	"Strictly enforce selling antibacterial drugs only with a prescription in retail pharmacies and promote the sale and use of veterinary antibacterial drugs with a veterinary prescription (13)" As Antibiotics [RR-04946-7]
252188-71-9	"Strictly enforce selling antibacterial drugs only with a prescription in retail pharmacies and promote the sale and use of veterinary antibacterial drugs with a veterinary prescription (13)" As Antibiotics [RR-04946-7]
87695-43-0	"Production, processing, use, import and export are prohibited (14)" As Endosulfan sulfate [1031-07-8]
17404-66-9	"The use of Nonylphenol as an auxiliary agent in the production of pesticide products is prohibited; The use of Nonylphenol to produce Nonylphenol ethoxylates is prohibited; According to the Safety and Technical Standards for Cosmetics, the use of Nonylphenol as a cosmetic ingredient is prohibited (12)" As Nonylphenol [25154-52-3];
74472-46-1	"Production, processing, use, import and export are prohibited (15)" As Polychlorinated biphenyls [1336-36-3]
91672-41-2	"The use of Nonylphenol as an auxiliary agent in the production of pesticide products is prohibited; The use of Nonylphenol to produce Nonylphenol ethoxylates is prohibited; According to the Safety and Technical Standards for Cosmetics, the use of Nonylphenol as a cosmetic ingredient is prohibited (12)" As Nonylphenol [25154-52-3]
80214-83-1	"Strictly enforce selling antibacterial drugs only with a prescription in retail pharmacies and promote the sale and use of veterinary antibacterial drugs with a veterinary prescription (13)" As Antibiotics [RR-04946-7]
52663-76-0	"Production, processing, use, import and export are prohibited (15)" As Polychlorinated biphenyls [1336-36-3]
8013-54-5	"Production of paint strippers containing Trichloromethane is prohibited; According to GB 38508 (Limits for Volatile Organic Compounds Content in Cleaning Agents), the sum of Dichloromethane, Chloroform, Trichloroethylene, and Tetrachloroethylene in water-based cleaning agents, semi-water-based cleaning agents, and organic solvent cleaning agents shall not exceed 0.5%, 2%, and 20%, respectively (1
680187-86-4	"Production, processing, use, import and export are prohibited (08)" As Perfluorohexanesulfonic acid related compounds [RR-162331-0];
74472-44-9	"Production, processing, use, import and export are prohibited (15)" As Polychlorinated biphenyls [1336-36-3]
1893-52-3	"Production, processing, use, import and export are prohibited (08)" As Perfluorohexanesulfonic acid related compounds [RR-162331-0]
32598-14-4	"Production, processing, use, import and export are prohibited (15)" As Polychlorinated biphenyls [1336-36-3]
68867-62-9	"Production, processing, use, import and export are prohibited (08)" As Perfluorohexanesulfonic acid related compounds [RR-162331-0]
37324-23-5	"Production, processing, use, import and export are prohibited (15)" As Polychlorinated biphenyls [1336-36-3]
70362-47-9	"Production, processing, use, import and export are prohibited (15)" As Polychlorinated biphenyls [1336-36-3]
30295-56-8	"Production, processing, use, import and export are prohibited (08)" As Perfluorohexanesulfonic acid related compounds [RR-162331-0];
52663-75-9	"Production, processing, use, import and export are prohibited (15)" As Polychlorinated biphenyls [1336-36-3]
65271-80-9	"Strictly enforce selling antibacterial drugs only with a prescription in retail pharmacies and promote the sale and use of veterinary antibacterial drugs with a veterinary prescription (13)" As Antibiotics [RR-04946-7]
82619-04-3	"Strictly enforce selling antibacterial drugs only with a prescription in retail pharmacies and promote the sale and use of veterinary antibacterial drugs with a veterinary prescription (13)" As Antibiotics [RR-04946-7]
67939-92-8	"Production, processing, use, import and export are prohibited (08)" As Perfluorohexanesulfonic acid related compounds [RR-162331-0]
60145-20-2	"Production, processing, use, import and export are prohibited (15)" As Polychlorinated biphenyls [1336-36-3]
56420-45-2	"Strictly enforce selling antibacterial drugs only with a prescription in retail pharmacies and promote the sale and use of veterinary antibacterial drugs with a veterinary prescription (13)" As Antibiotics [RR-04946-7]
68259-08-5	"Production, processing, use, import and export are prohibited (08)" As Perfluorohexanesulfonic acid related compounds [RR-162331-0];
70362-48-0	"Production, processing, use, import and export are prohibited (15)" As Polychlorinated biphenyls [1336-36-3]
55963-79-6	"Production, processing, use, import and export are prohibited (14)" As Lindane [58-89-9]
60145-22-4	"Production, processing, use, import and export are prohibited (15)" As Polychlorinated biphenyls [1336-36-3]
68909-15-9	"Production, processing, use, import and export are prohibited (08)" As Perfluorohexanesulfonic acid related compounds [RR-162331-0]
443-48-1	"Strictly enforce selling antibacterial drugs only with a prescription in retail pharmacies and promote the sale and use of veterinary antibacterial drugs with a veterinary prescription (13)" As Antibiotics [RR-04946-7]
92665-29-7	"Strictly enforce selling antibacterial drugs only with a prescription in retail pharmacies and promote the sale and use of veterinary antibacterial drugs with a veterinary prescription (13)" As Antibiotics [RR-04946-7]
35065-28-2	"Production, processing, use, import and export are prohibited (15)" As Polychlorinated biphenyls [1336-36-3]
67969-65-7	"Production, processing, use, import and export are prohibited (08)" As Perfluorohexanesulfonic acid related compounds [RR-162331-0];
32598-10-0	"Production, processing, use, import and export are prohibited (15)" As Polychlorinated biphenyls [1336-36-3]
80621-17-6	"Production, processing, use, import and export are prohibited (08)" As Perfluorohexanesulfonic acid related compounds [RR-162331-0];
80333-65-9	"Production, processing, use, import and export are prohibited (15)" As Polychlorinated biphenyls [1336-36-3]
2974-92-7	"Production, processing, use, import and export are prohibited (15)" As Polychlorinated biphenyls [1336-36-3]
34455-21-5	"Constructions of new PFOA production facilities are prohibited; Production, processing and use are prohibited, except for the following uses: (1) photolithography or etching processes in semiconductor manufacturing, (2) photographic coatings for film, (3) oil and water repellent textiles that protect workers from health and safety risks posed by hazardous liquids, (4) invasive and implantable med
30295-53-5	"Constructions of new PFOA production facilities are prohibited; Production, processing and use are prohibited, except for the following uses: (1) photolithography or etching processes in semiconductor manufacturing, (2) photographic coatings for film, (3) oil and water repellent textiles that protect workers from health and safety risks posed by hazardous liquids, (4) invasive and implantable med
74472-37-0	"Production, processing, use, import and export are prohibited (15)" As Polychlorinated biphenyls [1336-36-3]
1404-90-6	"Strictly enforce selling antibacterial drugs only with a prescription in retail pharmacies and promote the sale and use of veterinary antibacterial drugs with a veterinary prescription (13)" As Antibiotics [RR-04946-7]
83905-01-5	"Strictly enforce selling antibacterial drugs only with a prescription in retail pharmacies and promote the sale and use of veterinary antibacterial drugs with a veterinary prescription (13)" As Antibiotics [RR-04946-7]
1002-69-3	"Production, processing and use are prohibited, except for the following uses prior to December 31, 2023: (1) additives used in the production of conveyor belts in the natural and synthetic rubber industry, (2) spare parts for rubber conveyor belts used in mining and forestry, (3) leather industry, especially for leather fatliquoring, (4) lubricating oil additives, especially for automobile engine
74472-53-0	"Production, processing, use, import and export are prohibited (15)" As Polychlorinated biphenyls [1336-36-3]
89863-63-8	"Production, processing, use, import and export are prohibited (08)" As Perfluorohexanesulfonic acid related compounds [RR-162331-0];
372151-71-8	"Strictly enforce selling antibacterial drugs only with a prescription in retail pharmacies and promote the sale and use of veterinary antibacterial drugs with a veterinary prescription (13)" As Antibiotics [RR-04946-7]
68797-76-2	"Production, processing, use, import and export are prohibited (08)" As Perfluorohexanesulfonic acid related compounds [RR-162331-0]
84957-29-9	"Strictly enforce selling antibacterial drugs only with a prescription in retail pharmacies and promote the sale and use of veterinary antibacterial drugs with a veterinary prescription (13)" As Antibiotics [RR-04946-7]
32609-65-7	"Constructions of new PFOA production facilities are prohibited; Production, processing and use are prohibited, except for the following uses: (1) photolithography or etching processes in semiconductor manufacturing, (2) photographic coatings for film, (3) oil and water repellent textiles that protect workers from health and safety risks posed by hazardous liquids, (4) invasive and implantable med
82219-78-1	"Strictly enforce selling antibacterial drugs only with a prescription in retail pharmacies and promote the sale and use of veterinary antibacterial drugs with a veterinary prescription (13)" As Antibiotics [RR-04946-7]
68228-00-2	"Production, processing, use, import and export are prohibited (08)" As Perfluorohexanesulfonic acid related compounds [RR-162331-0]
41997-13-1	"Production, processing, use, import and export are prohibited (08)" As Perfluorohexanesulfonic acid related compounds [RR-162331-0];
62010-27-9	"Production is prohibited; Processing and use are prohibited, except for the use of PFOS to produce fire extinguishing foam agents prior to December 31, 2023; Clearance Notification for Environmental Management on Import/Export of Toxic Chemicals is required for imported or exported PFOS chemicals; Import and export are prohibited from January 1, 2024 (01)" As Perfluorooctanesulfonic acid, potassi
68194-12-7	"Production, processing, use, import and export are prohibited (15)" As Polychlorinated biphenyls [1336-36-3]
11141-16-5	"Production, processing, use, import and export are prohibited (15)" As Polychlorinated biphenyls [1336-36-3]
54230-22-7	"Production, processing, use, import and export are prohibited (15)" As Polychlorinated biphenyls [1336-36-3]
165800-03-3	"Strictly enforce selling antibacterial drugs only with a prescription in retail pharmacies and promote the sale and use of veterinary antibacterial drugs with a veterinary prescription (13)" As Antibiotics [RR-04946-7]
53994-73-3	"Strictly enforce selling antibacterial drugs only with a prescription in retail pharmacies and promote the sale and use of veterinary antibacterial drugs with a veterinary prescription (13)" As Antibiotics [RR-04946-7]
144-80-9	"Strictly enforce selling antibacterial drugs only with a prescription in retail pharmacies and promote the sale and use of veterinary antibacterial drugs with a veterinary prescription (13)" As Antibiotics [RR-04946-7]
23063-51-6	"Production, processing, use, import and export are prohibited (06)" As Pentachlorophenol salts [RR-01965-8]
53742-07-7	"Production, processing, use, import and export are prohibited (15)" As Polychlorinated biphenyls [1336-36-3]
53529-37-6	"Production, processing, use, import and export are prohibited (14)" As Lindane [58-89-9]
39186-68-0	"Constructions of new PFOA production facilities are prohibited; Production, processing and use are prohibited, except for the following uses: (1) photolithography or etching processes in semiconductor manufacturing, (2) photographic coatings for film, (3) oil and water repellent textiles that protect workers from health and safety risks posed by hazardous liquids, (4) invasive and implantable med
20437-97-2	"Production, processing, use, import and export are prohibited (14)" As .alpha.-Hexachlorocyclohexane [319-84-6]
4697-36-3	"Strictly enforce selling antibacterial drugs only with a prescription in retail pharmacies and promote the sale and use of veterinary antibacterial drugs with a veterinary prescription (13)" As Antibiotics [RR-04946-7]
16605-91-7	"Production, processing, use, import and export are prohibited (15)" As Polychlorinated biphenyls [1336-36-3]
160901-26-8	"Production, processing, use, import and export are prohibited (08)" As Perfluorohexanesulfonic acid related compounds [RR-162331-0]
65052-63-3	"Strictly enforce selling antibacterial drugs only with a prescription in retail pharmacies and promote the sale and use of veterinary antibacterial drugs with a veterinary prescription (13)" As Antibiotics [RR-04946-7]
3577-01-3	"Strictly enforce selling antibacterial drugs only with a prescription in retail pharmacies and promote the sale and use of veterinary antibacterial drugs with a veterinary prescription (13)" As Antibiotics [RR-04946-7]
8003-45-0	"Production, processing, use, import and export are prohibited (14)" As Endosulfan [115-29-7]
34455-03-3	"Production, processing, use, import and export are prohibited (08)" As Perfluorohexanesulfonic acid related compounds [RR-162331-0];
1405-20-5	"Strictly enforce selling antibacterial drugs only with a prescription in retail pharmacies and promote the sale and use of veterinary antibacterial drugs with a veterinary prescription (13)" As Antibiotics [RR-04946-7]
41464-47-5	"Production, processing, use, import and export are prohibited (15)" As Polychlorinated biphenyls [1336-36-3]
68227-87-2	"Production, processing, use, import and export are prohibited (08)" As Perfluorohexanesulfonic acid related compounds [RR-162331-0]
90622-99-4	"Constructions of new PFOA production facilities are prohibited; Production, processing and use are prohibited, except for the following uses: (1) photolithography or etching processes in semiconductor manufacturing, (2) photographic coatings for film, (3) oil and water repellent textiles that protect workers from health and safety risks posed by hazardous liquids, (4) invasive and implantable med
306975-84-8	"Production, processing, use, import and export are prohibited (08)" As Perfluorohexanesulfonic acid related compounds [RR-162331-0]
169102-57-2	"Production, processing, use, import and export are prohibited (14)" As Cyclododecane, hexabromo- [25637-99-4]
149652-30-2	"Production, processing, use, import and export are prohibited (08)" As Perfluorohexanesulfonic acid related compounds [RR-162331-0];
41411-61-4	"Production, processing, use, import and export are prohibited (15)" As Polychlorinated biphenyls [1336-36-3]
38444-86-9	"Production, processing, use, import and export are prohibited (15)" As Polychlorinated biphenyls [1336-36-3]
38444-77-8	"Production, processing, use, import and export are prohibited (15)" As Polychlorinated biphenyls [1336-36-3]
68401-81-0	"Strictly enforce selling antibacterial drugs only with a prescription in retail pharmacies and promote the sale and use of veterinary antibacterial drugs with a veterinary prescription (13)" As Antibiotics [RR-04946-7]
4736-49-6	"Production, processing, use, import and export are prohibited (14)" As Cyclododecane, hexabromo- [25637-99-4]
1645850-46-9	"Production, processing, use, import and export are prohibited (08)" As Perfluorohexanesulfonic acid related compounds [RR-162331-0]
1135443-67-2	"Production, processing, use, import and export are prohibited (06)" As Pentachlorophenol [87-86-5]
32978-79-3	"Production, processing, use, import and export are prohibited (06)" As Pentachlorophenol salts [RR-01965-8]
52166-82-2	"Production, processing, use, import and export are prohibited (08)" As Perfluorohexanesulfonic acid related compounds [RR-162331-0];
103-12-8	"Strictly enforce selling antibacterial drugs only with a prescription in retail pharmacies and promote the sale and use of veterinary antibacterial drugs with a veterinary prescription (13)" As Antibiotics [RR-04946-7]
67584-57-0	"Production, processing, use, import and export are prohibited (08)" As Perfluorohexanesulfonic acid related compounds [RR-162331-0]
52663-59-9	"Production, processing, use, import and export are prohibited (15)" As Polychlorinated biphenyls [1336-36-3]
138257-19-9	"Production, processing, use, import and export are prohibited (14)" As Cyclododecane, hexabromo- [25637-99-4]
65510-45-4	"Production, processing, use, import and export are prohibited (15)" As Polychlorinated biphenyls [1336-36-3]
1441-02-7	"Production, processing, use, import and export are prohibited (06)" As Pentachlorophenol esters [RR-04606-0]
52663-58-8	"Production, processing, use, import and export are prohibited (15)" As Polychlorinated biphenyls [1336-36-3]
127133-66-8	"Production, processing, use, import and export are prohibited (08)" As Perfluorohexanesulfonic acid related compounds [RR-162331-0]
117925-64-1	"Production is prohibited; Processing and use are prohibited, except for the use of PFOS to produce fire extinguishing foam agents prior to December 31, 2023; Clearance Notification for Environmental Management on Import/Export of Toxic Chemicals is required for imported or exported PFOS chemicals; Import and export are prohibited from January 1, 2024 (01)" As Perfluorooctanesulfonic acid, potassi
79-57-2	"Strictly enforce selling antibacterial drugs only with a prescription in retail pharmacies and promote the sale and use of veterinary antibacterial drugs with a veterinary prescription (13)" As Antibiotics [RR-04946-7]
26787-78-0	"Strictly enforce selling antibacterial drugs only with a prescription in retail pharmacies and promote the sale and use of veterinary antibacterial drugs with a veterinary prescription (13)" As Antibiotics [RR-04946-7]
99665-00-6	"Strictly enforce selling antibacterial drugs only with a prescription in retail pharmacies and promote the sale and use of veterinary antibacterial drugs with a veterinary prescription (13)" As Antibiotics [RR-04946-7]
68957-32-4	"Production, processing, use, import and export are prohibited (08)" As Perfluorohexanesulfonic acid related compounds [RR-162331-0]
1645852-10-3	"Production, processing, use, import and export are prohibited (08)" As Perfluorohexanesulfonic acid related compounds [RR-162331-0]
4021-47-0	"Production is prohibited; Processing and use are prohibited, except for the use of PFOS to produce fire extinguishing foam agents prior to December 31, 2023; Clearance Notification for Environmental Management on Import/Export of Toxic Chemicals is required for imported or exported PFOS chemicals; Import and export are prohibited from January 1, 2024 (01)" As Perfluorooctanesulfonic acid salts [R
179005-06-2	"Production, processing, use, import and export are prohibited (08)" As Perfluorohexanesulfonic acid related compounds [RR-162331-0]
38444-73-4	"Production, processing, use, import and export are prohibited (15)" As Polychlorinated biphenyls [1336-36-3]
11066-49-2	"The use of Nonylphenol as an auxiliary agent in the production of pesticide products is prohibited; The use of Nonylphenol to produce Nonylphenol ethoxylates is prohibited; According to the Safety and Technical Standards for Cosmetics, the use of Nonylphenol as a cosmetic ingredient is prohibited (12)" As Nonylphenol [25154-52-3]
62893-19-0	"Strictly enforce selling antibacterial drugs only with a prescription in retail pharmacies and promote the sale and use of veterinary antibacterial drugs with a veterinary prescription (13)" As Antibiotics [RR-04946-7]
98079-51-7	"Strictly enforce selling antibacterial drugs only with a prescription in retail pharmacies and promote the sale and use of veterinary antibacterial drugs with a veterinary prescription (13)" As Antibiotics [RR-04946-7]
67584-61-6	"Production, processing, use, import and export are prohibited (08)" As Perfluorohexanesulfonic acid related compounds [RR-162331-0]
306977-58-2	"Production, processing, use, import and export are prohibited (08)" As Perfluorohexanesulfonic acid related compounds [RR-162331-0]
56124-62-0	"Strictly enforce selling antibacterial drugs only with a prescription in retail pharmacies and promote the sale and use of veterinary antibacterial drugs with a veterinary prescription (13)" As Antibiotics [RR-04946-7]
123683-33-0	"Strictly enforce selling antibacterial drugs only with a prescription in retail pharmacies and promote the sale and use of veterinary antibacterial drugs with a veterinary prescription (13)" As Antibiotics [RR-04946-7]
68867-60-7	"Production, processing, use, import and export are prohibited (08)" As Perfluorohexanesulfonic acid related compounds [RR-162331-0]
78964-85-9	"Strictly enforce selling antibacterial drugs only with a prescription in retail pharmacies and promote the sale and use of veterinary antibacterial drugs with a veterinary prescription (13)" As Antibiotics [RR-04946-7]
55591-23-6	"Production, processing, use, import and export are prohibited (08)" As Perfluorohexanesulfonic acid related compounds [RR-162331-0];
67939-61-1	"Production, processing, use, import and export are prohibited (08)" As Perfluorohexanesulfonic acid related compounds [RR-162331-0]
68194-07-0	"Production, processing, use, import and export are prohibited (15)" As Polychlorinated biphenyls [1336-36-3]
52663-78-2	"Production, processing, use, import and export are prohibited (15)" As Polychlorinated biphenyls [1336-36-3]
80195-36-4	"Strictly enforce selling antibacterial drugs only with a prescription in retail pharmacies and promote the sale and use of veterinary antibacterial drugs with a veterinary prescription (13)" As Antibiotics [RR-04946-7]
1264-72-8	"Strictly enforce selling antibacterial drugs only with a prescription in retail pharmacies and promote the sale and use of veterinary antibacterial drugs with a veterinary prescription (13)" As Antibiotics [RR-04946-7]
68555-91-9	"Production, processing, use, import and export are prohibited (08)" As Perfluorohexanesulfonic acid related compounds [RR-162331-0]
10118-90-8	"Strictly enforce selling antibacterial drugs only with a prescription in retail pharmacies and promote the sale and use of veterinary antibacterial drugs with a veterinary prescription (13)" As Antibiotics [RR-04946-7]
122841-10-5	"Strictly enforce selling antibacterial drugs only with a prescription in retail pharmacies and promote the sale and use of veterinary antibacterial drugs with a veterinary prescription (13)" As Antibiotics [RR-04946-7]
70424-70-3	"Production, processing, use, import and export are prohibited (15)" As Polychlorinated biphenyls [1336-36-3]
69782-91-8	"Production, processing, use, import and export are prohibited (15)" As Polychlorinated biphenyls [1336-36-3]
85665-66-3	"Production, processing, use, import and export are prohibited (08)" As Perfluorohexanesulfonic acid related compounds [RR-162331-0];
73575-56-1	"Production, processing, use, import and export are prohibited (15)" As Polychlorinated biphenyls [1336-36-3]
35607-66-0	"Strictly enforce selling antibacterial drugs only with a prescription in retail pharmacies and promote the sale and use of veterinary antibacterial drugs with a veterinary prescription (13)" As Antibiotics [RR-04946-7]
74-55-5	"Strictly enforce selling antibacterial drugs only with a prescription in retail pharmacies and promote the sale and use of veterinary antibacterial drugs with a veterinary prescription (13)" As Antibiotics [RR-04946-7]
112-52-7	"Production, processing and use are prohibited, except for the following uses prior to December 31, 2023: (1) additives used in the production of conveyor belts in the natural and synthetic rubber industry, (2) spare parts for rubber conveyor belts used in mining and forestry, (3) leather industry, especially for leather fatliquoring, (4) lubricating oil additives, especially for automobile engine
43090-85-3	"Production, processing and use are prohibited, except for the following uses prior to December 31, 2023: (1) additives used in the production of conveyor belts in the natural and synthetic rubber industry, (2) spare parts for rubber conveyor belts used in mining and forestry, (3) leather industry, especially for leather fatliquoring, (4) lubricating oil additives, especially for automobile engine
1645842-67-6	"Production, processing, use, import and export are prohibited (08)" As Perfluorohexanesulfonic acid related compounds [RR-162331-0]
60880-74-2	"Production, processing, use, import and export are prohibited from 1 January 2024 (09)" As Dechlorane plus [13560-89-9]
1263-89-4	"Strictly enforce selling antibacterial drugs only with a prescription in retail pharmacies and promote the sale and use of veterinary antibacterial drugs with a veterinary prescription (13)" As Antibiotics [RR-04946-7]
1081843-15-3	"Production, processing, use, import and export are prohibited (14)" As DDT [50-29-3]
73575-57-2	"Production, processing, use, import and export are prohibited (15)" As Polychlorinated biphenyls [1336-36-3]
160305-97-5	"Production, processing, use, import and export are prohibited (08)" As Perfluorohexanesulfonic acid related compounds [RR-162331-0]
89863-56-9	"Production, processing, use, import and export are prohibited (08)" As Perfluorohexanesulfonic acid related compounds [RR-162331-0];
175463-14-6	"Strictly enforce selling antibacterial drugs only with a prescription in retail pharmacies and promote the sale and use of veterinary antibacterial drugs with a veterinary prescription (13)" As Antibiotics [RR-04946-7]
68298-09-9	"Production, processing, use, import and export are prohibited (08)" As Perfluorohexanesulfonic acid related compounds [RR-162331-0];
2267980-92-5	"Production, processing, use, import and export are prohibited (08)" As Perfluorohexanesulfonic acid related compounds [RR-162331-0]
12640-58-3	"Production, processing, use, import and export are prohibited (14)" As .alpha.-Endosulfan [959-98-8]
2437-79-8	"Production, processing, use, import and export are prohibited (15)" As Polychlorinated biphenyls [1336-36-3]
57465-28-8	"Production, processing, use, import and export are prohibited (15)" As Polychlorinated biphenyls [1336-36-3]
68586-14-1	"Production, processing, use, import and export are prohibited (08)" As Perfluorohexanesulfonic acid related compounds [RR-162331-0]
426824-51-3	"Production, processing, use, import and export are prohibited (14)" As Endosulfan [115-29-7]
34883-43-7	"Production, processing, use, import and export are prohibited (15)" As Polychlorinated biphenyls [1336-36-3]
55712-37-3	"Production, processing, use, import and export are prohibited (15)" As Polychlorinated biphenyls [1336-36-3]
67584-48-9	"Production, processing, use, import and export are prohibited (08)" As Perfluorohexanesulfonic acid related compounds [RR-162331-0];
2050-67-1	"Production, processing, use, import and export are prohibited (15)" As Polychlorinated biphenyls [1336-36-3]
41358-63-8	"Constructions of new PFOA production facilities are prohibited; Production, processing and use are prohibited, except for the following uses: (1) photolithography or etching processes in semiconductor manufacturing, (2) photographic coatings for film, (3) oil and water repellent textiles that protect workers from health and safety risks posed by hazardous liquids, (4) invasive and implantable med
68329-56-6	"Production, processing, use, import and export are prohibited (08)" As Perfluorohexanesulfonic acid related compounds [RR-162331-0]
67282-23-9	"Production, processing and use are prohibited, except for the following uses prior to December 31, 2023: (1) additives used in the production of conveyor belts in the natural and synthetic rubber industry, (2) spare parts for rubber conveyor belts used in mining and forestry, (3) leather industry, especially for leather fatliquoring, (4) lubricating oil additives, especially for automobile engine
69-57-8	"Strictly enforce selling antibacterial drugs only with a prescription in retail pharmacies and promote the sale and use of veterinary antibacterial drugs with a veterinary prescription (13)" As Antibiotics [RR-04946-7]
70563-58-5	"Strictly enforce selling antibacterial drugs only with a prescription in retail pharmacies and promote the sale and use of veterinary antibacterial drugs with a veterinary prescription (13)" As Antibiotics [RR-04946-7]
114-07-8	"Strictly enforce selling antibacterial drugs only with a prescription in retail pharmacies and promote the sale and use of veterinary antibacterial drugs with a veterinary prescription (13)" As Antibiotics [RR-04946-7]
81103-11-9	"Strictly enforce selling antibacterial drugs only with a prescription in retail pharmacies and promote the sale and use of veterinary antibacterial drugs with a veterinary prescription (13)" As Antibiotics [RR-04946-7]
65950-04-1	"Production, processing and use are prohibited, except for the following uses prior to December 31, 2023: (1) additives used in the production of conveyor belts in the natural and synthetic rubber industry, (2) spare parts for rubber conveyor belts used in mining and forestry, (3) leather industry, especially for leather fatliquoring, (4) lubricating oil additives, especially for automobile engine
67584-53-6	"Production, processing, use, import and export are prohibited (08)" As Perfluorohexanesulfonic acid related compounds [RR-162331-0];
58865-77-3	"The use of Nonylphenol as an auxiliary agent in the production of pesticide products is prohibited; The use of Nonylphenol to produce Nonylphenol ethoxylates is prohibited; According to the Safety and Technical Standards for Cosmetics, the use of Nonylphenol as a cosmetic ingredient is prohibited (12)" As Branched 4-nonylphenol [84852-15-3]
138257-17-7	"Production, processing, use, import and export are prohibited (14)" As Cyclododecane, hexabromo- [25637-99-4]
41464-49-7	"Production, processing, use, import and export are prohibited (15)" As Polychlorinated biphenyls [1336-36-3]
55215-18-4	"Production, processing, use, import and export are prohibited (15)" As Polychlorinated biphenyls [1336-36-3]
55722-26-4	"Production, processing, use, import and export are prohibited (15)" As Polychlorinated biphenyls [1336-36-3]
186825-39-8	"The use of Nonylphenol as an auxiliary agent in the production of pesticide products is prohibited; The use of Nonylphenol to produce Nonylphenol ethoxylates is prohibited; According to the Safety and Technical Standards for Cosmetics, the use of Nonylphenol as a cosmetic ingredient is prohibited (12)" As Branched 4-nonylphenol [84852-15-3]
985-16-0	"Strictly enforce selling antibacterial drugs only with a prescription in retail pharmacies and promote the sale and use of veterinary antibacterial drugs with a veterinary prescription (13)" As Antibiotics [RR-04946-7]
22199-08-2	"Strictly enforce selling antibacterial drugs only with a prescription in retail pharmacies and promote the sale and use of veterinary antibacterial drugs with a veterinary prescription (13)" As Antibiotics [RR-04946-7]
70362-49-1	"Production, processing, use, import and export are prohibited (15)" As Polychlorinated biphenyls [1336-36-3]
73575-53-8	"Production, processing, use, import and export are prohibited (15)" As Polychlorinated biphenyls [1336-36-3]
186825-40-1	"The use of Nonylphenol as an auxiliary agent in the production of pesticide products is prohibited; The use of Nonylphenol to produce Nonylphenol ethoxylates is prohibited; According to the Safety and Technical Standards for Cosmetics, the use of Nonylphenol as a cosmetic ingredient is prohibited (12)" As Branched 4-nonylphenol [84852-15-3]
1996-88-9	"Constructions of new PFOA production facilities are prohibited; Production, processing and use are prohibited, except for the following uses: (1) photolithography or etching processes in semiconductor manufacturing, (2) photographic coatings for film, (3) oil and water repellent textiles that protect workers from health and safety risks posed by hazardous liquids, (4) invasive and implantable med
36559-22-5	"Production, processing, use, import and export are prohibited (15)" As Polychlorinated biphenyls [1336-36-3]
738-70-5	"Strictly enforce selling antibacterial drugs only with a prescription in retail pharmacies and promote the sale and use of veterinary antibacterial drugs with a veterinary prescription (13)" As Antibiotics [RR-04946-7]
39400-80-1	"Production, processing, use, import and export are prohibited (14)" As Chlordane [57-74-9]
40372-58-5	"Production, processing, use, import and export are prohibited from 1 January 2024 (09)" As Dechlorane plus [13560-89-9]
69739-16-8	"Strictly enforce selling antibacterial drugs only with a prescription in retail pharmacies and promote the sale and use of veterinary antibacterial drugs with a veterinary prescription (13)" As Antibiotics [RR-04946-7]
39635-33-1	"Production, processing, use, import and export are prohibited (15)" As Polychlorinated biphenyls [1336-36-3]
179005-07-3	"Production, processing, use, import and export are prohibited (08)" As Perfluorohexanesulfonic acid related compounds [RR-162331-0]
38411-25-5	"Production, processing, use, import and export are prohibited (15)" As Polychlorinated biphenyls [1336-36-3]
39108-34-4	"Constructions of new PFOA production facilities are prohibited; Production, processing and use are prohibited, except for the following uses: (1) photolithography or etching processes in semiconductor manufacturing, (2) photographic coatings for film, (3) oil and water repellent textiles that protect workers from health and safety risks posed by hazardous liquids, (4) invasive and implantable med
68194-15-0	"Production, processing, use, import and export are prohibited (15)" As Polychlorinated biphenyls [1336-36-3]
34695-29-9	"Constructions of new PFOA production facilities are prohibited; Production, processing and use are prohibited, except for the following uses: (1) photolithography or etching processes in semiconductor manufacturing, (2) photographic coatings for film, (3) oil and water repellent textiles that protect workers from health and safety risks posed by hazardous liquids, (4) invasive and implantable med
72559-06-9	"Strictly enforce selling antibacterial drugs only with a prescription in retail pharmacies and promote the sale and use of veterinary antibacterial drugs with a veterinary prescription (13)" As Antibiotics [RR-04946-7]
52663-79-3	"Production, processing, use, import and export are prohibited (15)" As Polychlorinated biphenyls [1336-36-3]
32986-56-4	"Strictly enforce selling antibacterial drugs only with a prescription in retail pharmacies and promote the sale and use of veterinary antibacterial drugs with a veterinary prescription (13)" As Antibiotics [RR-04946-7]
76560-29-7	"Production is prohibited; Processing and use are prohibited, except for the use of PFOS to produce fire extinguishing foam agents prior to December 31, 2023; Clearance Notification for Environmental Management on Import/Export of Toxic Chemicals is required for imported or exported PFOS chemicals; Import and export are prohibited from January 1, 2024 (01)" As Perfluorooctanesulfonic acid, ammoniu
38444-76-7	"Production, processing, use, import and export are prohibited (15)" As Polychlorinated biphenyls [1336-36-3]
74011-58-8	"Strictly enforce selling antibacterial drugs only with a prescription in retail pharmacies and promote the sale and use of veterinary antibacterial drugs with a veterinary prescription (13)" As Antibiotics [RR-04946-7]
25429-29-2	"Production, processing, use, import and export are prohibited (15)" As Polychlorinated biphenyls [1336-36-3]
3922-90-5	"Strictly enforce selling antibacterial drugs only with a prescription in retail pharmacies and promote the sale and use of veterinary antibacterial drugs with a veterinary prescription (13)" As Antibiotics [RR-04946-7]
73772-34-6	"Production, processing, use, import and export are prohibited (08)" As Perfluorohexanesulfonic acid related compounds [RR-162331-0];
116853-25-9	"Strictly enforce selling antibacterial drugs only with a prescription in retail pharmacies and promote the sale and use of veterinary antibacterial drugs with a veterinary prescription (13)" As Antibiotics [RR-04946-7]
67-20-9	"Strictly enforce selling antibacterial drugs only with a prescription in retail pharmacies and promote the sale and use of veterinary antibacterial drugs with a veterinary prescription (13)" As Antibiotics [RR-04946-7]
70225-16-0	"Production, processing, use, import and export are prohibited (08)" As Perfluorohexanesulfonic acid related compounds [RR-162331-0];
35457-80-8	"Strictly enforce selling antibacterial drugs only with a prescription in retail pharmacies and promote the sale and use of veterinary antibacterial drugs with a veterinary prescription (13)" As Antibiotics [RR-04946-7]
27735-63-3	"Production, processing, use, import and export are prohibited (06)" As Sodium pentachlorophenate [131-52-2];
77538-57-9	"Production, processing, use, import and export are prohibited (06)" As Pentachlorophenyl laurate [3772-94-9]
15862-07-4	"Production, processing, use, import and export are prohibited (15)" As Polychlorinated biphenyls [1336-36-3]
84880-03-5	"Strictly enforce selling antibacterial drugs only with a prescription in retail pharmacies and promote the sale and use of veterinary antibacterial drugs with a veterinary prescription (13)" As Antibiotics [RR-04946-7]
78110-38-0	"Strictly enforce selling antibacterial drugs only with a prescription in retail pharmacies and promote the sale and use of veterinary antibacterial drugs with a veterinary prescription (13)" As Antibiotics [RR-04946-7]
68227-96-3	"Production, processing, use, import and export are prohibited (08)" As Perfluorohexanesulfonic acid related compounds [RR-162331-0]
98241-25-9	"Constructions of new PFOA production facilities are prohibited; Production, processing and use are prohibited, except for the following uses: (1) photolithography or etching processes in semiconductor manufacturing, (2) photographic coatings for film, (3) oil and water repellent textiles that protect workers from health and safety risks posed by hazardous liquids, (4) invasive and implantable med
74472-52-9	"Production, processing, use, import and export are prohibited (15)" As Polychlorinated biphenyls [1336-36-3]
144-82-1	"Strictly enforce selling antibacterial drugs only with a prescription in retail pharmacies and promote the sale and use of veterinary antibacterial drugs with a veterinary prescription (13)" As Antibiotics [RR-04946-7]
64217-62-5	"Strictly enforce selling antibacterial drugs only with a prescription in retail pharmacies and promote the sale and use of veterinary antibacterial drugs with a veterinary prescription (13)" As Antibiotics [RR-04946-7]
39386-10-2	"Production, processing, use, import and export are prohibited from 1 January 2024 (09)" As Dechlorane plus [13560-89-9]
1195618-74-6	"Production, processing, use, import and export are prohibited from 1 January 2024 (09)" As Dechlorane plus [13560-89-9]
26601-64-9	"Production, processing, use, import and export are prohibited (15)" As Polychlorinated biphenyls [1336-36-3]
1648540-20-8	"Production, processing, use, import and export are prohibited (08)" As Perfluorohexanesulfonic acid related compounds [RR-162331-0]
68194-05-8	"Production, processing, use, import and export are prohibited (15)" As Polychlorinated biphenyls [1336-36-3]
76842-07-4	"Production, processing, use, import and export are prohibited (15)" As Polychlorinated biphenyls [1336-36-3]
55215-17-3	"Production, processing, use, import and export are prohibited (15)" As Polychlorinated biphenyls [1336-36-3]
1401-69-0	"Strictly enforce selling antibacterial drugs only with a prescription in retail pharmacies and promote the sale and use of veterinary antibacterial drugs with a veterinary prescription (13)" As Antibiotics [RR-04946-7]
29106-31-8	"Production, processing, use, import and export are prohibited (14)" As .alpha.-Endosulfan [959-98-8]
192662-29-6	"Production, processing, use, import and export are prohibited (08)" As Perfluorohexanesulfonic acid related compounds [RR-162331-0]
306975-62-2	"Production, processing, use, import and export are prohibited (08)" As Perfluorohexanesulfonic acid related compounds [RR-162331-0]
129813-71-4	"Production, processing, use, import and export are prohibited (08)" As Perfluorohexanesulfonic acid related compounds [RR-162331-0]
73575-55-0	"Production, processing, use, import and export are prohibited (15)" As Polychlorinated biphenyls [1336-36-3]
68194-14-9	"Production, processing, use, import and export are prohibited (15)" As Polychlorinated biphenyls [1336-36-3]
60233-24-1	"Production, processing, use, import and export are prohibited (15)" As Polychlorinated biphenyls [1336-36-3]
306974-45-8	"Production, processing, use, import and export are prohibited (08)" As Perfluorohexanesulfonic acid related compounds [RR-162331-0]
55599-54-7	"Production, processing, use, import and export are prohibited (07)" As Dicofol [115-32-2]
52663-73-7	"Production, processing, use, import and export are prohibited (15)" As Polychlorinated biphenyls [1336-36-3]
1404-04-2	"Strictly enforce selling antibacterial drugs only with a prescription in retail pharmacies and promote the sale and use of veterinary antibacterial drugs with a veterinary prescription (13)" As Antibiotics [RR-04946-7]
1665-00-5	"Production of paint strippers containing Dichloromethane is prohibited; According to the Safety and Technical Standards for Cosmetics, the use of Dichloromethane as a cosmetic ingredient is prohibited; According to GB 38508 (Limits for Volatile Organic Compounds Content in Cleaning Agents), the sum of Dichloromethane, Chloroform, Trichloroethylene, and Tetrachloroethylene in water-based cleaning 
2030-63-9	"Strictly enforce selling antibacterial drugs only with a prescription in retail pharmacies and promote the sale and use of veterinary antibacterial drugs with a veterinary prescription (13)" As Antibiotics [RR-04946-7]
21593-23-7	"Strictly enforce selling antibacterial drugs only with a prescription in retail pharmacies and promote the sale and use of veterinary antibacterial drugs with a veterinary prescription (13)" As Antibiotics [RR-04946-7]
13058-06-5	"Constructions of new PFOA production facilities are prohibited; Production, processing and use are prohibited, except for the following uses: (1) photolithography or etching processes in semiconductor manufacturing, (2) photographic coatings for film, (3) oil and water repellent textiles that protect workers from health and safety risks posed by hazardous liquids, (4) invasive and implantable med
55702-45-9	"Production, processing, use, import and export are prohibited (15)" As Polychlorinated biphenyls [1336-36-3]
52123-49-6	"Strictly enforce selling antibacterial drugs only with a prescription in retail pharmacies and promote the sale and use of veterinary antibacterial drugs with a veterinary prescription (13)" As Antibiotics [RR-04946-7]
13292-46-1	"Strictly enforce selling antibacterial drugs only with a prescription in retail pharmacies and promote the sale and use of veterinary antibacterial drugs with a veterinary prescription (13)" As Antibiotics [RR-04946-7]
88040-23-7	"Strictly enforce selling antibacterial drugs only with a prescription in retail pharmacies and promote the sale and use of veterinary antibacterial drugs with a veterinary prescription (13)" As Antibiotics [RR-04946-7]
376-27-2	"Constructions of new PFOA production facilities are prohibited; Production, processing and use are prohibited, except for the following uses: (1) photolithography or etching processes in semiconductor manufacturing, (2) photographic coatings for film, (3) oil and water repellent textiles that protect workers from health and safety risks posed by hazardous liquids, (4) invasive and implantable med
89863-64-9	"Production, processing, use, import and export are prohibited (08)" As Perfluorohexanesulfonic acid related compounds [RR-162331-0];
15686-71-2	"Strictly enforce selling antibacterial drugs only with a prescription in retail pharmacies and promote the sale and use of veterinary antibacterial drugs with a veterinary prescription (13)" As Antibiotics [RR-04946-7]
58957-92-9	"Strictly enforce selling antibacterial drugs only with a prescription in retail pharmacies and promote the sale and use of veterinary antibacterial drugs with a veterinary prescription (13)" As Antibiotics [RR-04946-7]
6994-04-3	"Production, processing, use, import and export are prohibited (14)" As Endosulfan [115-29-7]
68555-70-4	"Production, processing, use, import and export are prohibited (08)" As Perfluorohexanesulfonic acid related compounds [RR-162331-0];
68815-72-5	"Production, processing, use, import and export are prohibited (08)" As Perfluorohexanesulfonic acid related compounds [RR-162331-0];
38444-90-5	"Production, processing, use, import and export are prohibited (15)" As Polychlorinated biphenyls [1336-36-3]
67906-71-2	"Production, processing, use, import and export are prohibited (08)" As Perfluorohexanesulfonic acid related compounds [RR-162331-0]
83046-54-2	"Production is prohibited; Processing and use are prohibited, except for the use of PFOS to produce fire extinguishing foam agents prior to December 31, 2023; Clearance Notification for Environmental Management on Import/Export of Toxic Chemicals is required for imported or exported PFOS chemicals; Import and export are prohibited from January 1, 2024 (01)" As Perfluorooctanesulfonic acid, tetraet
84957-30-2	"Strictly enforce selling antibacterial drugs only with a prescription in retail pharmacies and promote the sale and use of veterinary antibacterial drugs with a veterinary prescription (13)" As Antibiotics [RR-04946-7]
22374-57-8	"Production, processing, use, import and export are prohibited (14)" As Cyclododecane, hexabromo- [25637-99-4]
55268-75-2	"Strictly enforce selling antibacterial drugs only with a prescription in retail pharmacies and promote the sale and use of veterinary antibacterial drugs with a veterinary prescription (13)" As Antibiotics [RR-04946-7]
82419-36-1	"Strictly enforce selling antibacterial drugs only with a prescription in retail pharmacies and promote the sale and use of veterinary antibacterial drugs with a veterinary prescription (13)" As Antibiotics [RR-04946-7]
68298-78-2	"Production, processing, use, import and export are prohibited (08)" As Perfluorohexanesulfonic acid related compounds [RR-162331-0]
74487-85-7	"Production, processing, use, import and export are prohibited (15)" As Polychlorinated biphenyls [1336-36-3]
11096-82-5	"Production, processing, use, import and export are prohibited (15)" As Polychlorinated biphenyls [1336-36-3]
32690-93-0	"Production, processing, use, import and export are prohibited (15)" As Polychlorinated biphenyls [1336-36-3]
33025-41-1	"Production, processing, use, import and export are prohibited (15)" As Polychlorinated biphenyls [1336-36-3]
27619-90-5	"Constructions of new PFOA production facilities are prohibited; Production, processing and use are prohibited, except for the following uses: (1) photolithography or etching processes in semiconductor manufacturing, (2) photographic coatings for film, (3) oil and water repellent textiles that protect workers from health and safety risks posed by hazardous liquids, (4) invasive and implantable med
35065-29-3	"Production, processing, use, import and export are prohibited (15)" As Polychlorinated biphenyls [1336-36-3]
91081-99-1	"Production, processing, use, import and export are prohibited (08)" As Perfluorohexanesulfonic acid related compounds [RR-162331-0]
678970-15-5	"Production, processing, use, import and export are prohibited (14)" As Cyclododecane, hexabromo- [25637-99-4]
68877-32-7	"Production, processing, use, import and export are prohibited (08)" As Perfluorohexanesulfonic acid related compounds [RR-162331-0]
33284-53-6	"Production, processing, use, import and export are prohibited (15)" As Polychlorinated biphenyls [1336-36-3]
38380-08-4	"Production, processing, use, import and export are prohibited (15)" As Polychlorinated biphenyls [1336-36-3]
37353-63-2	"Production, processing, use, import and export are prohibited (15)" As Polychlorinated biphenyls [1336-36-3]
73384-59-5	"Strictly enforce selling antibacterial drugs only with a prescription in retail pharmacies and promote the sale and use of veterinary antibacterial drugs with a veterinary prescription (13)" As Antibiotics [RR-04946-7]
38850-52-1	"Production, processing, use, import and export are prohibited (08)" As Perfluorohexanesulfonic acid related compounds [RR-162331-0];
1270179-82-2	"Production, processing, use, import and export are prohibited (08)" As Perfluorohexanesulfonic acid related compounds [RR-162331-0];
5575-21-3	"Strictly enforce selling antibacterial drugs only with a prescription in retail pharmacies and promote the sale and use of veterinary antibacterial drugs with a veterinary prescription (13)" As Antibiotics [RR-04946-7]
55702-46-0	"Production, processing, use, import and export are prohibited (15)" As Polychlorinated biphenyls [1336-36-3]
335-90-0	"Constructions of new PFOA production facilities are prohibited; Production, processing and use are prohibited, except for the following uses: (1) photolithography or etching processes in semiconductor manufacturing, (2) photographic coatings for film, (3) oil and water repellent textiles that protect workers from health and safety risks posed by hazardous liquids, (4) invasive and implantable med
52663-74-8	"Production, processing, use, import and export are prohibited (15)" As Polychlorinated biphenyls [1336-36-3]
70362-41-3	"Production, processing, use, import and export are prohibited (15)" As Polychlorinated biphenyls [1336-36-3]
59112-13-9	"Production is prohibited; Processing and use are prohibited, except for the use of PFOS to produce fire extinguishing foam agents prior to December 31, 2023; Clearance Notification for Environmental Management on Import/Export of Toxic Chemicals is required for imported or exported PFOS chemicals; Import and export are prohibited from January 1, 2024 (01)" As Perfluorooctanesulfonic acid, potassi
61-33-6	"Strictly enforce selling antibacterial drugs only with a prescription in retail pharmacies and promote the sale and use of veterinary antibacterial drugs with a veterinary prescription (13)" As Antibiotics [RR-04946-7]
23774-70-1	"Production, processing, use, import and export are prohibited (14)" As Cyclododecane, 1,2,5,6,9,10-hexabromo- [3194-55-6]
80-08-0	"Strictly enforce selling antibacterial drugs only with a prescription in retail pharmacies and promote the sale and use of veterinary antibacterial drugs with a veterinary prescription (13)" As Antibiotics [RR-04946-7]
678970-17-7	"Production, processing, use, import and export are prohibited (14)" As Cyclododecane, hexabromo- [25637-99-4]
65618-66-8	"Constructions of new PFOA production facilities are prohibited; Production, processing and use are prohibited, except for the following uses: (1) photolithography or etching processes in semiconductor manufacturing, (2) photographic coatings for film, (3) oil and water repellent textiles that protect workers from health and safety risks posed by hazardous liquids, (4) invasive and implantable med
65701-47-5	"Production, processing, use, import and export are prohibited (14)" As Cyclododecane, hexabromo- [25637-99-4]
51481-65-3	"Strictly enforce selling antibacterial drugs only with a prescription in retail pharmacies and promote the sale and use of veterinary antibacterial drugs with a veterinary prescription (13)" As Antibiotics [RR-04946-7]
56372-23-7	"Production, processing, use, import and export are prohibited (08)" As Perfluorohexanesulfonic acid related compounds [RR-162331-0]
70776-36-2	"Production, processing, use, import and export are prohibited (08)" As Perfluorohexanesulfonic acid related compounds [RR-162331-0]
153832-46-3	"Strictly enforce selling antibacterial drugs only with a prescription in retail pharmacies and promote the sale and use of veterinary antibacterial drugs with a veterinary prescription (13)" As Antibiotics [RR-04946-7]
41464-46-4	"Production, processing, use, import and export are prohibited (15)" As Polychlorinated biphenyls [1336-36-3]
1427176-20-2	"Production, processing, use, import and export are prohibited (08)" As Perfluorohexanesulfonic acid related compounds [RR-162331-0];
191114-48-4	"Strictly enforce selling antibacterial drugs only with a prescription in retail pharmacies and promote the sale and use of veterinary antibacterial drugs with a veterinary prescription (13)" As Antibiotics [RR-04946-7]
33284-54-7	"Production, processing, use, import and export are prohibited (15)" As Polychlorinated biphenyls [1336-36-3]
81190-38-7	"Production, processing, use, import and export are prohibited (08)" As Perfluorohexanesulfonic acid related compounds [RR-162331-0];
256459-00-4	"The use of Nonylphenol as an auxiliary agent in the production of pesticide products is prohibited; The use of Nonylphenol to produce Nonylphenol ethoxylates is prohibited; According to the Safety and Technical Standards for Cosmetics, the use of Nonylphenol as a cosmetic ingredient is prohibited (12)" As Nonylphenol [25154-52-3]
2051-24-3	"Production, processing, use, import and export are prohibited (15)" As Polychlorinated biphenyls [1336-36-3]
147029-28-5	"Production, processing, use, import and export are prohibited (08)" As Perfluorohexanesulfonic acid related compounds [RR-162331-0];
507225-08-3	"Production, processing, use, import and export are prohibited (08)" As Perfluorohexanesulfonic acid related compounds [RR-162331-0]
37091-66-0	"Strictly enforce selling antibacterial drugs only with a prescription in retail pharmacies and promote the sale and use of veterinary antibacterial drugs with a veterinary prescription (13)" As Antibiotics [RR-04946-7]
27854-31-5	"Constructions of new PFOA production facilities are prohibited; Production, processing and use are prohibited, except for the following uses: (1) photolithography or etching processes in semiconductor manufacturing, (2) photographic coatings for film, (3) oil and water repellent textiles that protect workers from health and safety risks posed by hazardous liquids, (4) invasive and implantable med
12766-04-0	"Production, processing, use, import and export are prohibited (14)" As Mirex [2385-85-5]
37517-28-5	"Strictly enforce selling antibacterial drugs only with a prescription in retail pharmacies and promote the sale and use of veterinary antibacterial drugs with a veterinary prescription (13)" As Antibiotics [RR-04946-7]
16846-24-5	"Strictly enforce selling antibacterial drugs only with a prescription in retail pharmacies and promote the sale and use of veterinary antibacterial drugs with a veterinary prescription (13)" As Antibiotics [RR-04946-7]
74472-35-8	"Production, processing, use, import and export are prohibited (15)" As Polychlorinated biphenyls [1336-36-3]
1201677-32-8	"Production, processing and use are prohibited, except for the following uses prior to December 31, 2023: (1) textile products (excluding clothing and toys) that are flame-retardant, (2) additives for plastic shells and components used in household heating appliances, irons, fans, and immersion heaters, which contain or directly contact electrical parts, or are subject to the flame retardant stand
101802-54-4	"Production, processing, use, import and export are prohibited (06)" As Pentachlorophenol [87-86-5]
38380-04-0	"Production, processing, use, import and export are prohibited (15)" As Polychlorinated biphenyls [1336-36-3]
25897-48-7	"Production, processing, use, import and export are prohibited (14)" As Lindane [58-89-9]
57-92-1	"Strictly enforce selling antibacterial drugs only with a prescription in retail pharmacies and promote the sale and use of veterinary antibacterial drugs with a veterinary prescription (13)" As Antibiotics [RR-04946-7]
41464-40-8	"Production, processing, use, import and export are prohibited (15)" As Polychlorinated biphenyls [1336-36-3]
220620-09-7	"Strictly enforce selling antibacterial drugs only with a prescription in retail pharmacies and promote the sale and use of veterinary antibacterial drugs with a veterinary prescription (13)" As Antibiotics [RR-04946-7]
52712-05-7	"Production, processing, use, import and export are prohibited (15)" As Polychlorinated biphenyls [1336-36-3]
34143-74-3	"Constructions of new PFOA production facilities are prohibited; Production, processing and use are prohibited, except for the following uses: (1) photolithography or etching processes in semiconductor manufacturing, (2) photographic coatings for film, (3) oil and water repellent textiles that protect workers from health and safety risks posed by hazardous liquids, (4) invasive and implantable med
69458-54-4	"Production is prohibited; Processing and use are prohibited, except for the use of PFOS to produce fire extinguishing foam agents prior to December 31, 2023; Clearance Notification for Environmental Management on Import/Export of Toxic Chemicals is required for imported or exported PFOS chemicals; Import and export are prohibited from January 1, 2024 (01)" As Perfluorooctanesulfonic acid, potassi
60145-23-5	"Production, processing, use, import and export are prohibited (15)" As Polychlorinated biphenyls [1336-36-3]
122961-18-6	"The use of Nonylphenol as an auxiliary agent in the production of pesticide products is prohibited; The use of Nonylphenol to produce Nonylphenol ethoxylates is prohibited; According to the Safety and Technical Standards for Cosmetics, the use of Nonylphenol as a cosmetic ingredient is prohibited (12)" As Branched 4-nonylphenol [84852-15-3]
27905-45-9	"Constructions of new PFOA production facilities are prohibited; Production, processing and use are prohibited, except for the following uses: (1) photolithography or etching processes in semiconductor manufacturing, (2) photographic coatings for film, (3) oil and water repellent textiles that protect workers from health and safety risks posed by hazardous liquids, (4) invasive and implantable med
209467-52-7	"Strictly enforce selling antibacterial drugs only with a prescription in retail pharmacies and promote the sale and use of veterinary antibacterial drugs with a veterinary prescription (13)" As Antibiotics [RR-04946-7]
1195164-59-0	"Constructions of new PFOA production facilities are prohibited; Production, processing and use are prohibited, except for the following uses: (1) photolithography or etching processes in semiconductor manufacturing, (2) photographic coatings for film, (3) oil and water repellent textiles that protect workers from health and safety risks posed by hazardous liquids, (4) invasive and implantable med
56030-56-9	"Production, processing, use, import and export are prohibited (15)" As Polychlorinated biphenyls [1336-36-3]
77360-52-2	"Strictly enforce selling antibacterial drugs only with a prescription in retail pharmacies and promote the sale and use of veterinary antibacterial drugs with a veterinary prescription (13)" As Antibiotics [RR-04946-7]
25953-19-9	"Strictly enforce selling antibacterial drugs only with a prescription in retail pharmacies and promote the sale and use of veterinary antibacterial drugs with a veterinary prescription (13)" As Antibiotics [RR-04946-7]
37680-69-6	"Production, processing, use, import and export are prohibited (15)" As Polychlorinated biphenyls [1336-36-3]
52427-13-1	"The use of Nonylphenol as an auxiliary agent in the production of pesticide products is prohibited; The use of Nonylphenol to produce Nonylphenol ethoxylates is prohibited; According to the Safety and Technical Standards for Cosmetics, the use of Nonylphenol as a cosmetic ingredient is prohibited (12)" As Nonylphenol [25154-52-3];
25323-68-6	"Production, processing, use, import and export are prohibited (15)" As Polychlorinated biphenyls [1336-36-3]
112811-59-3	"Strictly enforce selling antibacterial drugs only with a prescription in retail pharmacies and promote the sale and use of veterinary antibacterial drugs with a veterinary prescription (13)" As Antibiotics [RR-04946-7]
536-33-4	"Strictly enforce selling antibacterial drugs only with a prescription in retail pharmacies and promote the sale and use of veterinary antibacterial drugs with a veterinary prescription (13)" As Antibiotics [RR-04946-7]
68555-92-0	"Production, processing, use, import and export are prohibited (08)" As Perfluorohexanesulfonic acid related compounds [RR-162331-0]
42740-50-1	"Production, processing, use, import and export are prohibited (15)" As Polychlorinated biphenyls [1336-36-3]
76470-66-1	"Strictly enforce selling antibacterial drugs only with a prescription in retail pharmacies and promote the sale and use of veterinary antibacterial drugs with a veterinary prescription (13)" As Antibiotics [RR-04946-7]
3825-26-1	"Constructions of new PFOA production facilities are prohibited; Production, processing and use are prohibited, except for the following uses: (1) photolithography or etching processes in semiconductor manufacturing, (2) photographic coatings for film, (3) oil and water repellent textiles that protect workers from health and safety risks posed by hazardous liquids, (4) invasive and implantable med
504396-13-8	"Production, processing, use, import and export are prohibited (08)" As Perfluorohexanesulfonic acid related compounds [RR-162331-0]
74469-00-4	"Strictly enforce selling antibacterial drugs only with a prescription in retail pharmacies and promote the sale and use of veterinary antibacterial drugs with a veterinary prescription (13)" As Antibiotics [RR-04946-7]
59291-64-4	"Production, processing, use, import and export are prohibited (15)" As Polychlorinated biphenyls [1336-36-3]
74338-23-1	"Production, processing, use, import and export are prohibited (15)" As Polychlorinated biphenyls [1336-36-3]
3108-24-5	"Constructions of new PFOA production facilities are prohibited; Production, processing and use are prohibited, except for the following uses: (1) photolithography or etching processes in semiconductor manufacturing, (2) photographic coatings for film, (3) oil and water repellent textiles that protect workers from health and safety risks posed by hazardous liquids, (4) invasive and implantable med
148016-81-3	"Strictly enforce selling antibacterial drugs only with a prescription in retail pharmacies and promote the sale and use of veterinary antibacterial drugs with a veterinary prescription (13)" As Antibiotics [RR-04946-7]
52663-67-9	"Production, processing, use, import and export are prohibited (15)" As Polychlorinated biphenyls [1336-36-3]
7778-73-6	"Production, processing, use, import and export are prohibited (06)" As Pentachlorophenol salts [RR-01965-8]
38444-84-7	"Production, processing, use, import and export are prohibited (15)" As Polychlorinated biphenyls [1336-36-3]
18259-05-7	"Production, processing, use, import and export are prohibited (15)" As Polychlorinated biphenyls [1336-36-3]
65510-44-3	"Production, processing, use, import and export are prohibited (15)" As Polychlorinated biphenyls [1336-36-3]
11111-12-9	"Strictly enforce selling antibacterial drugs only with a prescription in retail pharmacies and promote the sale and use of veterinary antibacterial drugs with a veterinary prescription (13)" As Antibiotics [RR-04946-7]
678-41-1	"Constructions of new PFOA production facilities are prohibited; Production, processing and use are prohibited, except for the following uses: (1) photolithography or etching processes in semiconductor manufacturing, (2) photographic coatings for film, (3) oil and water repellent textiles that protect workers from health and safety risks posed by hazardous liquids, (4) invasive and implantable med
74472-43-8	"Production, processing, use, import and export are prohibited (15)" As Polychlorinated biphenyls [1336-36-3]
8073-23-2	"Production, processing, use, import and export are prohibited (14)" As Lindane [58-89-9]
68227-98-5	"Production, processing, use, import and export are prohibited (08)" As Perfluorohexanesulfonic acid related compounds [RR-162331-0]
54059-75-5	"Production, processing and use are prohibited, except for the following uses prior to December 31, 2023: (1) additives used in the production of conveyor belts in the natural and synthetic rubber industry, (2) spare parts for rubber conveyor belts used in mining and forestry, (3) leather industry, especially for leather fatliquoring, (4) lubricating oil additives, especially for automobile engine
41464-48-6	"Production, processing, use, import and export are prohibited (15)" As Polychlorinated biphenyls [1336-36-3]
127-33-3	"Strictly enforce selling antibacterial drugs only with a prescription in retail pharmacies and promote the sale and use of veterinary antibacterial drugs with a veterinary prescription (13)" As Antibiotics [RR-04946-7]
82009-34-5	"Strictly enforce selling antibacterial drugs only with a prescription in retail pharmacies and promote the sale and use of veterinary antibacterial drugs with a veterinary prescription (13)" As Antibiotics [RR-04946-7]
73680-69-0	"Production, processing, use, import and export are prohibited (06)" As Pentachlorophenol salts [RR-01965-8]
148684-79-1	"Production, processing, use, import and export are prohibited (08)" As Perfluorohexanesulfonic acid related compounds [RR-162331-0]
38411-22-2	"Production, processing, use, import and export are prohibited (15)" As Polychlorinated biphenyls [1336-36-3]
2136-99-4	"Production, processing, use, import and export are prohibited (15)" As Polychlorinated biphenyls [1336-36-3]
2974-90-5	"Production, processing, use, import and export are prohibited (15)" As Polychlorinated biphenyls [1336-36-3]
6749-25-3	"Production, processing, use, import and export are prohibited (14)" As Endosulfan sulfate [1031-07-8]
15968-05-5	"Production, processing, use, import and export are prohibited (15)" As Polychlorinated biphenyls [1336-36-3]
27323-18-8	"Production, processing, use, import and export are prohibited (15)" As Polychlorinated biphenyls [1336-36-3]
15739-82-9	"Constructions of new PFOA production facilities are prohibited; Production, processing and use are prohibited, except for the following uses: (1) photolithography or etching processes in semiconductor manufacturing, (2) photographic coatings for film, (3) oil and water repellent textiles that protect workers from health and safety risks posed by hazardous liquids, (4) invasive and implantable med
70458-96-7	"Strictly enforce selling antibacterial drugs only with a prescription in retail pharmacies and promote the sale and use of veterinary antibacterial drugs with a veterinary prescription (13)" As Antibiotics [RR-04946-7]
308-01-0	"Constructions of new PFOA production facilities are prohibited; Production, processing and use are prohibited, except for the following uses: (1) photolithography or etching processes in semiconductor manufacturing, (2) photographic coatings for film, (3) oil and water repellent textiles that protect workers from health and safety risks posed by hazardous liquids, (4) invasive and implantable med
59291-65-5	"Production, processing, use, import and export are prohibited (15)" As Polychlorinated biphenyls [1336-36-3]
68194-06-9	"Production, processing, use, import and export are prohibited (15)" As Polychlorinated biphenyls [1336-36-3]
29457-73-6	"Constructions of new PFOA production facilities are prohibited; Production, processing and use are prohibited, except for the following uses: (1) photolithography or etching processes in semiconductor manufacturing, (2) photographic coatings for film, (3) oil and water repellent textiles that protect workers from health and safety risks posed by hazardous liquids, (4) invasive and implantable med
55120-77-9	"Production, processing, use, import and export are prohibited (08)" As Perfluorohexanesulfonic acid related compounds [RR-162331-0];
5158-52-1	"Constructions of new PFOA production facilities are prohibited; Production, processing and use are prohibited, except for the following uses: (1) photolithography or etching processes in semiconductor manufacturing, (2) photographic coatings for film, (3) oil and water repellent textiles that protect workers from health and safety risks posed by hazardous liquids, (4) invasive and implantable med
1648539-69-8	"Production, processing, use, import and export are prohibited (08)" As Perfluorohexanesulfonic acid related compounds [RR-162331-0]
100986-85-4	"Strictly enforce selling antibacterial drugs only with a prescription in retail pharmacies and promote the sale and use of veterinary antibacterial drugs with a veterinary prescription (13)" As Antibiotics [RR-04946-7]
178535-22-3	"Production, processing, use, import and export are prohibited (08)" As Perfluorohexanesulfonic acid related compounds [RR-162331-0]
26914-33-0	"Production, processing, use, import and export are prohibited (15)" As Polychlorinated biphenyls [1336-36-3]
53555-66-1	"Production, processing, use, import and export are prohibited (15)" As Polychlorinated biphenyls [1336-36-3]
110871-86-8	"Strictly enforce selling antibacterial drugs only with a prescription in retail pharmacies and promote the sale and use of veterinary antibacterial drugs with a veterinary prescription (13)" As Antibiotics [RR-04946-7]
71463-74-6	"Production is prohibited; Processing and use are prohibited, except for the use of PFOS to produce fire extinguishing foam agents prior to December 31, 2023; Clearance Notification for Environmental Management on Import/Export of Toxic Chemicals is required for imported or exported PFOS chemicals; Import and export are prohibited from January 1, 2024 (01)" As Perfluorooctanesulfonic acid salts [R
56796-20-4	"Strictly enforce selling antibacterial drugs only with a prescription in retail pharmacies and promote the sale and use of veterinary antibacterial drugs with a veterinary prescription (13)" As Antibiotics [RR-04946-7]
87247-00-5	"The use of Nonylphenol as an auxiliary agent in the production of pesticide products is prohibited; The use of Nonylphenol to produce Nonylphenol ethoxylates is prohibited; According to the Safety and Technical Standards for Cosmetics, the use of Nonylphenol as a cosmetic ingredient is prohibited (12)" As Nonylphenol [25154-52-3]
68957-53-9	"Production, processing, use, import and export are prohibited (08)" As Perfluorohexanesulfonic acid related compounds [RR-162331-0]
79350-37-1	"Strictly enforce selling antibacterial drugs only with a prescription in retail pharmacies and promote the sale and use of veterinary antibacterial drugs with a veterinary prescription (13)" As Antibiotics [RR-04946-7]
24216-05-5	"Constructions of new PFOA production facilities are prohibited; Production, processing and use are prohibited, except for the following uses: (1) photolithography or etching processes in semiconductor manufacturing, (2) photographic coatings for film, (3) oil and water repellent textiles that protect workers from health and safety risks posed by hazardous liquids, (4) invasive and implantable med
37680-65-2	"Production, processing, use, import and export are prohibited (15)" As Polychlorinated biphenyls [1336-36-3]
41464-51-1	"Production, processing, use, import and export are prohibited (15)" As Polychlorinated biphenyls [1336-36-3]
599-79-1	"Strictly enforce selling antibacterial drugs only with a prescription in retail pharmacies and promote the sale and use of veterinary antibacterial drugs with a veterinary prescription (13)" As Antibiotics [RR-04946-7]
52663-68-0	"Production, processing, use, import and export are prohibited (15)" As Polychlorinated biphenyls [1336-36-3]
11003-38-6	"Strictly enforce selling antibacterial drugs only with a prescription in retail pharmacies and promote the sale and use of veterinary antibacterial drugs with a veterinary prescription (13)" As Antibiotics [RR-04946-7]
18323-44-9	"Strictly enforce selling antibacterial drugs only with a prescription in retail pharmacies and promote the sale and use of veterinary antibacterial drugs with a veterinary prescription (13)" As Antibiotics [RR-04946-7]
40186-70-7	"Production, processing, use, import and export are prohibited (15)" As Polychlorinated biphenyls [1336-36-3]
74472-38-1	"Production, processing, use, import and export are prohibited (15)" As Polychlorinated biphenyls [1336-36-3]
68141-02-6	"Constructions of new PFOA production facilities are prohibited; Production, processing and use are prohibited, except for the following uses: (1) photolithography or etching processes in semiconductor manufacturing, (2) photographic coatings for film, (3) oil and water repellent textiles that protect workers from health and safety risks posed by hazardous liquids, (4) invasive and implantable med
82382-12-5	"Production, processing, use, import and export are prohibited (08)" As Perfluorohexanesulfonic acid related compounds [RR-162331-0];
80370-57-6	"Strictly enforce selling antibacterial drugs only with a prescription in retail pharmacies and promote the sale and use of veterinary antibacterial drugs with a veterinary prescription (13)" As Antibiotics [RR-04946-7]
71487-20-2	"Production, processing, use, import and export are prohibited (08)" As Perfluorohexanesulfonic acid related compounds [RR-162331-0]
69-53-4	"Strictly enforce selling antibacterial drugs only with a prescription in retail pharmacies and promote the sale and use of veterinary antibacterial drugs with a veterinary prescription (13)" As Antibiotics [RR-04946-7]
1270179-93-5	"Production, processing, use, import and export are prohibited (08)" As Perfluorohexanesulfonic acid related compounds [RR-162331-0];
35065-30-6	"Production, processing, use, import and export are prohibited (15)" As Polychlorinated biphenyls [1336-36-3]
41464-42-0	"Production, processing, use, import and export are prohibited (15)" As Polychlorinated biphenyls [1336-36-3]
335-66-0	"Constructions of new PFOA production facilities are prohibited; Production, processing and use are prohibited, except for the following uses: (1) photolithography or etching processes in semiconductor manufacturing, (2) photographic coatings for film, (3) oil and water repellent textiles that protect workers from health and safety risks posed by hazardous liquids, (4) invasive and implantable med
306974-63-0	"Production, processing, use, import and export are prohibited (08)" As Perfluorohexanesulfonic acid related compounds [RR-162331-0]
4325-51-3	"Production, processing and use are prohibited, except for the following uses prior to December 31, 2023: (1) additives used in the production of conveyor belts in the natural and synthetic rubber industry, (2) spare parts for rubber conveyor belts used in mining and forestry, (3) leather industry, especially for leather fatliquoring, (4) lubricating oil additives, especially for automobile engine
82547-58-8	"Strictly enforce selling antibacterial drugs only with a prescription in retail pharmacies and promote the sale and use of veterinary antibacterial drugs with a veterinary prescription (13)" As Antibiotics [RR-04946-7]
60-54-8	"Strictly enforce selling antibacterial drugs only with a prescription in retail pharmacies and promote the sale and use of veterinary antibacterial drugs with a veterinary prescription (13)" As Antibiotics [RR-04946-7]
8025-81-8	"Strictly enforce selling antibacterial drugs only with a prescription in retail pharmacies and promote the sale and use of veterinary antibacterial drugs with a veterinary prescription (13)" As Antibiotics [RR-04946-7]
39635-35-3	"Production, processing, use, import and export are prohibited (15)" As Polychlorinated biphenyls [1336-36-3]
222716-67-8	"Production, processing, use, import and export are prohibited (08)" As Perfluorohexanesulfonic acid related compounds [RR-162331-0]
56558-16-8	"Production, processing, use, import and export are prohibited (15)" As Polychlorinated biphenyls [1336-36-3]
53637-13-1	"Production, processing, use, import and export are prohibited (14)" As Chlordane [57-74-9]
822-13-9	"Production, processing and use are prohibited, except for the following uses prior to December 31, 2023: (1) additives used in the production of conveyor belts in the natural and synthetic rubber industry, (2) spare parts for rubber conveyor belts used in mining and forestry, (3) leather industry, especially for leather fatliquoring, (4) lubricating oil additives, especially for automobile engine
12672-29-6	"Production, processing, use, import and export are prohibited (15)" As Polychlorinated biphenyls [1336-36-3]
64952-97-2	"Strictly enforce selling antibacterial drugs only with a prescription in retail pharmacies and promote the sale and use of veterinary antibacterial drugs with a veterinary prescription (13)" As Antibiotics [RR-04946-7]
68957-61-9	"Production, processing, use, import and export are prohibited (08)" As Perfluorohexanesulfonic acid related compounds [RR-162331-0];
161074-58-4	"Production, processing, use, import and export are prohibited (08)" As Perfluorohexanesulfonic acid related compounds [RR-162331-0]
3102-79-2	"Constructions of new PFOA production facilities are prohibited; Production, processing and use are prohibited, except for the following uses: (1) photolithography or etching processes in semiconductor manufacturing, (2) photographic coatings for film, (3) oil and water repellent textiles that protect workers from health and safety risks posed by hazardous liquids, (4) invasive and implantable med
873857-62-6	"Strictly enforce selling antibacterial drugs only with a prescription in retail pharmacies and promote the sale and use of veterinary antibacterial drugs with a veterinary prescription (13)" As Antibiotics [RR-04946-7]
UN2729	"Production, processing, use, import and export are prohibited (14)" As Hexachlorobenzene [118-74-1]
21652-58-4	"Constructions of new PFOA production facilities are prohibited; Production, processing and use are prohibited, except for the following uses: (1) photolithography or etching processes in semiconductor manufacturing, (2) photographic coatings for film, (3) oil and water repellent textiles that protect workers from health and safety risks posed by hazardous liquids, (4) invasive and implantable med
23214-92-8	"Strictly enforce selling antibacterial drugs only with a prescription in retail pharmacies and promote the sale and use of veterinary antibacterial drugs with a veterinary prescription (13)" As Antibiotics [RR-04946-7]
127-69-5	"Strictly enforce selling antibacterial drugs only with a prescription in retail pharmacies and promote the sale and use of veterinary antibacterial drugs with a veterinary prescription (13)" As Antibiotics [RR-04946-7]
UN2315	"Production, processing, use, import and export are prohibited (15)" As Polychlorinated biphenyls [1336-36-3]
15498-45-0	"Constructions of new PFOA production facilities are prohibited; Production, processing and use are prohibited, except for the following uses: (1) photolithography or etching processes in semiconductor manufacturing, (2) photographic coatings for film, (3) oil and water repellent textiles that protect workers from health and safety risks posed by hazardous liquids, (4) invasive and implantable med
37317-41-2	"Production, processing, use, import and export are prohibited (15)" As Polychlorinated biphenyls [1336-36-3]
61539-83-1	"Production, processing and use are prohibited, except for the following uses prior to December 31, 2023: (1) additives used in the production of conveyor belts in the natural and synthetic rubber industry, (2) spare parts for rubber conveyor belts used in mining and forestry, (3) leather industry, especially for leather fatliquoring, (4) lubricating oil additives, especially for automobile engine
23155-02-4	"Strictly enforce selling antibacterial drugs only with a prescription in retail pharmacies and promote the sale and use of veterinary antibacterial drugs with a veterinary prescription (13)" As Antibiotics [RR-04946-7]
52663-71-5	"Production, processing, use, import and export are prohibited (15)" As Polychlorinated biphenyls [1336-36-3]
71244-15-0	"Constructions of new PFOA production facilities are prohibited; Production, processing and use are prohibited, except for the following uses: (1) photolithography or etching processes in semiconductor manufacturing, (2) photographic coatings for film, (3) oil and water repellent textiles that protect workers from health and safety risks posed by hazardous liquids, (4) invasive and implantable med
132-98-9	"Strictly enforce selling antibacterial drugs only with a prescription in retail pharmacies and promote the sale and use of veterinary antibacterial drugs with a veterinary prescription (13)" As Antibiotics [RR-04946-7]
2043-53-0	"Constructions of new PFOA production facilities are prohibited; Production, processing and use are prohibited, except for the following uses: (1) photolithography or etching processes in semiconductor manufacturing, (2) photographic coatings for film, (3) oil and water repellent textiles that protect workers from health and safety risks posed by hazardous liquids, (4) invasive and implantable med
10206-21-0	"Strictly enforce selling antibacterial drugs only with a prescription in retail pharmacies and promote the sale and use of veterinary antibacterial drugs with a veterinary prescription (13)" As Antibiotics [RR-04946-7]
68194-13-8	"Production, processing, use, import and export are prohibited (15)" As Polychlorinated biphenyls [1336-36-3]
52663-70-4	"Production, processing, use, import and export are prohibited (15)" As Polychlorinated biphenyls [1336-36-3]
306975-85-9	"Production, processing, use, import and export are prohibited (08)" As Perfluorohexanesulfonic acid related compounds [RR-162331-0]
89863-50-3	"Production, processing, use, import and export are prohibited (08)" As Perfluorohexanesulfonic acid related compounds [RR-162331-0];
56-75-7	"Strictly enforce selling antibacterial drugs only with a prescription in retail pharmacies and promote the sale and use of veterinary antibacterial drugs with a veterinary prescription (13)" As Antibiotics [RR-04946-7]
68194-17-2	"Production, processing, use, import and export are prohibited (15)" As Polychlorinated biphenyls [1336-36-3]
306974-28-7	"Production, processing, use, import and export are prohibited (08)" As Perfluorohexanesulfonic acid related compounds [RR-162331-0]
67-45-8	"Strictly enforce selling antibacterial drugs only with a prescription in retail pharmacies and promote the sale and use of veterinary antibacterial drugs with a veterinary prescription (13)" As Antibiotics [RR-04946-7]
52663-65-7	"Production, processing, use, import and export are prohibited (15)" As Polychlorinated biphenyls [1336-36-3]
17125-58-5	"Constructions of new PFOA production facilities are prohibited; Production, processing and use are prohibited, except for the following uses: (1) photolithography or etching processes in semiconductor manufacturing, (2) photographic coatings for film, (3) oil and water repellent textiles that protect workers from health and safety risks posed by hazardous liquids, (4) invasive and implantable med
41411-64-7	"Production, processing, use, import and export are prohibited (15)" As Polychlorinated biphenyls [1336-36-3]
91036-71-4	"Production is prohibited; Processing and use are prohibited, except for the use of PFOS to produce fire extinguishing foam agents prior to December 31, 2023; Clearance Notification for Environmental Management on Import/Export of Toxic Chemicals is required for imported or exported PFOS chemicals; Import and export are prohibited from January 1, 2024 (01)" As Perfluorooctanesulfonic acid salts [R
68586-13-0	"Production, processing, use, import and export are prohibited (08)" As Perfluorohexanesulfonic acid related compounds [RR-162331-0]
35693-92-6	"Production, processing, use, import and export are prohibited (15)" As Polychlorinated biphenyls [1336-36-3]
90480-56-1	"Constructions of new PFOA production facilities are prohibited; Production, processing and use are prohibited, except for the following uses: (1) photolithography or etching processes in semiconductor manufacturing, (2) photographic coatings for film, (3) oil and water repellent textiles that protect workers from health and safety risks posed by hazardous liquids, (4) invasive and implantable med
89863-49-0	"Production, processing, use, import and export are prohibited (08)" As Perfluorohexanesulfonic acid related compounds [RR-162331-0];
61477-96-1	"Strictly enforce selling antibacterial drugs only with a prescription in retail pharmacies and promote the sale and use of veterinary antibacterial drugs with a veterinary prescription (13)" As Antibiotics [RR-04946-7]
11114-14-0	"Production, processing, use, import and export are prohibited from 1 January 2024 (09)" As Dechlorane plus [13560-89-9]
2473-03-2	"Production, processing and use are prohibited, except for the following uses prior to December 31, 2023: (1) additives used in the production of conveyor belts in the natural and synthetic rubber industry, (2) spare parts for rubber conveyor belts used in mining and forestry, (3) leather industry, especially for leather fatliquoring, (4) lubricating oil additives, especially for automobile engine
65085-01-0	"Strictly enforce selling antibacterial drugs only with a prescription in retail pharmacies and promote the sale and use of veterinary antibacterial drugs with a veterinary prescription (13)" As Antibiotics [RR-04946-7]
61436-04-2	"Constructions of new PFOA production facilities are prohibited; Production, processing and use are prohibited, except for the following uses: (1) photolithography or etching processes in semiconductor manufacturing, (2) photographic coatings for film, (3) oil and water repellent textiles that protect workers from health and safety risks posed by hazardous liquids, (4) invasive and implantable med
63527-52-6	"Strictly enforce selling antibacterial drugs only with a prescription in retail pharmacies and promote the sale and use of veterinary antibacterial drugs with a veterinary prescription (13)" As Antibiotics [RR-04946-7]
73575-52-7	"Production, processing, use, import and export are prohibited (15)" As Polychlorinated biphenyls [1336-36-3]
86525-52-2	"Production, processing, use, import and export are prohibited (08)" As Perfluorohexanesulfonic acid related compounds [RR-162331-0];
1403-66-3	"Strictly enforce selling antibacterial drugs only with a prescription in retail pharmacies and promote the sale and use of veterinary antibacterial drugs with a veterinary prescription (13)" As Antibiotics [RR-04946-7]
38605-30-0	"Production, processing and use are prohibited, except for the following uses prior to December 31, 2023: (1) additives used in the production of conveyor belts in the natural and synthetic rubber industry, (2) spare parts for rubber conveyor belts used in mining and forestry, (3) leather industry, especially for leather fatliquoring, (4) lubricating oil additives, especially for automobile engine
389-08-2	"Strictly enforce selling antibacterial drugs only with a prescription in retail pharmacies and promote the sale and use of veterinary antibacterial drugs with a veterinary prescription (13)" As Antibiotics [RR-04946-7]
38380-02-8	"Production, processing, use, import and export are prohibited (15)" As Polychlorinated biphenyls [1336-36-3]
1645852-09-0	"Production, processing, use, import and export are prohibited (08)" As Perfluorohexanesulfonic acid related compounds [RR-162331-0]
55868-72-9	"Production, processing, use, import and export are prohibited (06)" As Pentachlorophenol salts [RR-01965-8]
RR-153716-2	"Production, processing, use, import and export are prohibited (08)" As Perfluorohexanesulfonic acid salts [RR-168220-8]
68194-09-2	"Production, processing, use, import and export are prohibited (15)" As Polychlorinated biphenyls [1336-36-3]
68194-16-1	"Production, processing, use, import and export are prohibited (15)" As Polychlorinated biphenyls [1336-36-3]
26973-24-0	"Strictly enforce selling antibacterial drugs only with a prescription in retail pharmacies and promote the sale and use of veterinary antibacterial drugs with a veterinary prescription (13)" As Antibiotics [RR-04946-7]
68649-26-3	"Production, processing, use, import and export are prohibited (08)" As Perfluorohexanesulfonic acid related compounds [RR-162331-0]
59459-11-9	"Production, processing, use, import and export are prohibited from 1 January 2024 (09)" As Dechlorane plus [13560-89-9]
UN3155	"Production, processing, use, import and export are prohibited (06)" As Pentachlorophenol [87-86-5]
37680-66-3	"Production, processing, use, import and export are prohibited (15)" As Polychlorinated biphenyls [1336-36-3]
UN2567	"Production, processing, use, import and export are prohibited (06)" As Sodium pentachlorophenate [131-52-2]
74472-34-7	"Production, processing, use, import and export are prohibited (15)" As Polychlorinated biphenyls [1336-36-3]
678970-16-6	"Production, processing, use, import and export are prohibited (14)" As Cyclododecane, hexabromo- [25637-99-4]
68555-75-9	"Production, processing, use, import and export are prohibited (08)" As Perfluorohexanesulfonic acid related compounds [RR-162331-0];
89863-55-8	"Production, processing, use, import and export are prohibited (08)" As Perfluorohexanesulfonic acid related compounds [RR-162331-0];
20594-49-4	"Production, processing, use, import and export are prohibited (14)" As Mirex [2385-85-5]
944578-05-6	"Production, processing, use, import and export are prohibited (08)" As Perfluorohexanesulfonic acid related compounds [RR-162331-0]
104-40-5	"The use of Nonylphenol as an auxiliary agent in the production of pesticide products is prohibited; The use of Nonylphenol to produce Nonylphenol ethoxylates is prohibited; According to the Safety and Technical Standards for Cosmetics, the use of Nonylphenol as a cosmetic ingredient is prohibited (12)" As Nonylphenol [25154-52-3]
52663-63-5	"Production, processing, use, import and export are prohibited (15)" As Polychlorinated biphenyls [1336-36-3]
25935-14-2	"Constructions of new PFOA production facilities are prohibited; Production, processing and use are prohibited, except for the following uses: (1) photolithography or etching processes in semiconductor manufacturing, (2) photographic coatings for film, (3) oil and water repellent textiles that protect workers from health and safety risks posed by hazardous liquids, (4) invasive and implantable med
26650-10-2	"Constructions of new PFOA production facilities are prohibited; Production, processing and use are prohibited, except for the following uses: (1) photolithography or etching processes in semiconductor manufacturing, (2) photographic coatings for film, (3) oil and water repellent textiles that protect workers from health and safety risks posed by hazardous liquids, (4) invasive and implantable med
186825-36-5	"The use of Nonylphenol as an auxiliary agent in the production of pesticide products is prohibited; The use of Nonylphenol to produce Nonylphenol ethoxylates is prohibited; According to the Safety and Technical Standards for Cosmetics, the use of Nonylphenol as a cosmetic ingredient is prohibited (12)" As Nonylphenol [25154-52-3];
66148-78-5	"Strictly enforce selling antibacterial drugs only with a prescription in retail pharmacies and promote the sale and use of veterinary antibacterial drugs with a veterinary prescription (13)" As Antibiotics [RR-04946-7]
306976-25-0	"Production, processing, use, import and export are prohibited (08)" As Perfluorohexanesulfonic acid related compounds [RR-162331-0]
76848-68-5	"Production, processing, use, import and export are prohibited (08)" As Perfluorohexanesulfonic acid related compounds [RR-162331-0];
34883-41-5	"Production, processing, use, import and export are prohibited (15)" As Polychlorinated biphenyls [1336-36-3]
141607-32-1	"Production, processing, use, import and export are prohibited (08)" As Perfluorohexanesulfonic acid related compounds [RR-162331-0]
7012-37-5	"Production, processing, use, import and export are prohibited (15)" As Polychlorinated biphenyls [1336-36-3]
135889-00-8	"Strictly enforce selling antibacterial drugs only with a prescription in retail pharmacies and promote the sale and use of veterinary antibacterial drugs with a veterinary prescription (13)" As Antibiotics [RR-04946-7]
86525-43-1	"Production, processing, use, import and export are prohibited (08)" As Perfluorohexanesulfonic acid related compounds [RR-162331-0];
69712-56-7	"Strictly enforce selling antibacterial drugs only with a prescription in retail pharmacies and promote the sale and use of veterinary antibacterial drugs with a veterinary prescription (13)" As Antibiotics [RR-04946-7]
68239-74-7	"Production, processing, use, import and export are prohibited (08)" As Perfluorohexanesulfonic acid related compounds [RR-162331-0];
74472-45-0	"Production, processing, use, import and export are prohibited (15)" As Polychlorinated biphenyls [1336-36-3]
68259-38-1	"Production, processing, use, import and export are prohibited (08)" As Perfluorohexanesulfonic acid related compounds [RR-162331-0]
15715-47-6	"Constructions of new PFOA production facilities are prohibited; Production, processing and use are prohibited, except for the following uses: (1) photolithography or etching processes in semiconductor manufacturing, (2) photographic coatings for film, (3) oil and water repellent textiles that protect workers from health and safety risks posed by hazardous liquids, (4) invasive and implantable med
1427176-17-7	"Production, processing, use, import and export are prohibited (08)" As Perfluorohexanesulfonic acid related compounds [RR-162331-0];
51908-16-8	"Production, processing, use, import and export are prohibited (15)" As Polychlorinated biphenyls [1336-36-3]
39635-31-9	"Production, processing, use, import and export are prohibited (15)" As Polychlorinated biphenyls [1336-36-3]
33091-17-7	"Production, processing, use, import and export are prohibited (15)" As Polychlorinated biphenyls [1336-36-3]
52663-60-2	"Production, processing, use, import and export are prohibited (15)" As Polychlorinated biphenyls [1336-36-3]
306978-04-1	"Production, processing, use, import and export are prohibited (08)" As Perfluorohexanesulfonic acid related compounds [RR-162331-0]
11100-14-4	"Production, processing, use, import and export are prohibited (15)" As Polychlorinated biphenyls [1336-36-3]
32598-13-3	"Production, processing, use, import and export are prohibited (15)" As Polychlorinated biphenyls [1336-36-3]
760981-83-7	"Strictly enforce selling antibacterial drugs only with a prescription in retail pharmacies and promote the sale and use of veterinary antibacterial drugs with a veterinary prescription (13)" As Antibiotics [RR-04946-7]
38380-07-3	"Production, processing, use, import and export are prohibited (15)" As Polychlorinated biphenyls [1336-36-3]
40186-72-9	"Production, processing, use, import and export are prohibited (15)" As Polychlorinated biphenyls [1336-36-3]
74472-40-5	"Production, processing, use, import and export are prohibited (15)" As Polychlorinated biphenyls [1336-36-3]
76848-59-4	"Production, processing, use, import and export are prohibited (08)" As Perfluorohexanesulfonic acid related compounds [RR-162331-0];
66592-87-8	"Strictly enforce selling antibacterial drugs only with a prescription in retail pharmacies and promote the sale and use of veterinary antibacterial drugs with a veterinary prescription (13)" As Antibiotics [RR-04946-7]
123333-54-0	"Production, processing, use, import and export are prohibited (06)" As Sodium pentachlorophenate [131-52-2];
2395-00-8	"Constructions of new PFOA production facilities are prohibited; Production, processing and use are prohibited, except for the following uses: (1) photolithography or etching processes in semiconductor manufacturing, (2) photographic coatings for film, (3) oil and water repellent textiles that protect workers from health and safety risks posed by hazardous liquids, (4) invasive and implantable med
147059-72-1	"Strictly enforce selling antibacterial drugs only with a prescription in retail pharmacies and promote the sale and use of veterinary antibacterial drugs with a veterinary prescription (13)" As Antibiotics [RR-04946-7]
38821-53-3	"Strictly enforce selling antibacterial drugs only with a prescription in retail pharmacies and promote the sale and use of veterinary antibacterial drugs with a veterinary prescription (13)" As Antibiotics [RR-04946-7]
74472-42-7	"Production, processing, use, import and export are prohibited (15)" As Polychlorinated biphenyls [1336-36-3]
37680-68-5	"Production, processing, use, import and export are prohibited (15)" As Polychlorinated biphenyls [1336-36-3]
39635-32-0	"Production, processing, use, import and export are prohibited (15)" As Polychlorinated biphenyls [1336-36-3]
2050-68-2	"Production, processing, use, import and export are prohibited (15)" As Polychlorinated biphenyls [1336-36-3]
60145-21-3	"Production, processing, use, import and export are prohibited (15)" As Polychlorinated biphenyls [1336-36-3]
306977-10-6	"Production, processing, use, import and export are prohibited (08)" As Perfluorohexanesulfonic acid related compounds [RR-162331-0]
335-95-5	"Constructions of new PFOA production facilities are prohibited; Production, processing and use are prohibited, except for the following uses: (1) photolithography or etching processes in semiconductor manufacturing, (2) photographic coatings for film, (3) oil and water repellent textiles that protect workers from health and safety risks posed by hazardous liquids, (4) invasive and implantable med
33146-45-1	"Production, processing, use, import and export are prohibited (15)" As Polychlorinated biphenyls [1336-36-3]
15318-45-3	"Strictly enforce selling antibacterial drugs only with a prescription in retail pharmacies and promote the sale and use of veterinary antibacterial drugs with a veterinary prescription (13)" As Antibiotics [RR-04946-7]
120138-50-3	"Strictly enforce selling antibacterial drugs only with a prescription in retail pharmacies and promote the sale and use of veterinary antibacterial drugs with a veterinary prescription (13)" As Antibiotics [RR-04946-7]
64-75-5	"Strictly enforce selling antibacterial drugs only with a prescription in retail pharmacies and promote the sale and use of veterinary antibacterial drugs with a veterinary prescription (13)" As Antibiotics [RR-04946-7]
52663-69-1	"Production, processing, use, import and export are prohibited (15)" As Polychlorinated biphenyls [1336-36-3]
68568-77-4	"Production, processing, use, import and export are prohibited (08)" As Perfluorohexanesulfonic acid related compounds [RR-162331-0]
31472-83-0	"Production, processing, use, import and export are prohibited (15)" As Polychlorinated biphenyls [1336-36-3]
68299-39-8	"Production, processing, use, import and export are prohibited (08)" As Perfluorohexanesulfonic acid related compounds [RR-162331-0]
35065-27-1	"Production, processing, use, import and export are prohibited (15)" As Polychlorinated biphenyls [1336-36-3]
306973-47-7	"Production, processing, use, import and export are prohibited (08)" As Perfluorohexanesulfonic acid related compounds [RR-162331-0]
68227-94-1	"Production, processing, use, import and export are prohibited (08)" As Perfluorohexanesulfonic acid related compounds [RR-162331-0]
74472-49-4	"Production, processing, use, import and export are prohibited (15)" As Polychlorinated biphenyls [1336-36-3]
41464-43-1	"Production, processing, use, import and export are prohibited (15)" As Polychlorinated biphenyls [1336-36-3]
1323-65-5	"The use of Nonylphenol as an auxiliary agent in the production of pesticide products is prohibited; The use of Nonylphenol to produce Nonylphenol ethoxylates is prohibited; According to the Safety and Technical Standards for Cosmetics, the use of Nonylphenol as a cosmetic ingredient is prohibited (12)" As Nonylphenol [25154-52-3]
41411-62-5	"Production, processing, use, import and export are prohibited (15)" As Polychlorinated biphenyls [1336-36-3]
723-46-6	"Strictly enforce selling antibacterial drugs only with a prescription in retail pharmacies and promote the sale and use of veterinary antibacterial drugs with a veterinary prescription (13)" As Antibiotics [RR-04946-7]
2917-31-9	"Production, processing, use, import and export are prohibited (06)" As Pentachlorophenol salts [RR-01965-8]
61-32-5	"Strictly enforce selling antibacterial drugs only with a prescription in retail pharmacies and promote the sale and use of veterinary antibacterial drugs with a veterinary prescription (13)" As Antibiotics [RR-04946-7]
87-76-3	"Production, processing, use, import and export are prohibited (06)" As Pentachlorophenol salts [RR-01965-8]
97519-39-6	"Strictly enforce selling antibacterial drugs only with a prescription in retail pharmacies and promote the sale and use of veterinary antibacterial drugs with a veterinary prescription (13)" As Antibiotics [RR-04946-7]
74338-24-2	"Production, processing, use, import and export are prohibited (15)" As Polychlorinated biphenyls [1336-36-3]
52744-13-5	"Production, processing, use, import and export are prohibited (15)" As Polychlorinated biphenyls [1336-36-3]
68401-82-1	"Strictly enforce selling antibacterial drugs only with a prescription in retail pharmacies and promote the sale and use of veterinary antibacterial drugs with a veterinary prescription (13)" As Antibiotics [RR-04946-7]
35693-99-3	"Production, processing, use, import and export are prohibited (15)" As Polychlorinated biphenyls [1336-36-3]
68299-21-8	"Production, processing, use, import and export are prohibited (08)" As Perfluorohexanesulfonic acid related compounds [RR-162331-0];
33496-48-9	"Constructions of new PFOA production facilities are prohibited; Production, processing and use are prohibited, except for the following uses: (1) photolithography or etching processes in semiconductor manufacturing, (2) photographic coatings for film, (3) oil and water repellent textiles that protect workers from health and safety risks posed by hazardous liquids, (4) invasive and implantable med
111393-39-6	"Production, processing, use, import and export are prohibited (08)" As Perfluorohexanesulfonic acid related compounds [RR-162331-0];
119914-60-2	"Strictly enforce selling antibacterial drugs only with a prescription in retail pharmacies and promote the sale and use of veterinary antibacterial drugs with a veterinary prescription (13)" As Antibiotics [RR-04946-7]
160901-25-7	"Production, processing, use, import and export are prohibited (08)" As Perfluorohexanesulfonic acid related compounds [RR-162331-0]
1648534-82-0	"Production, processing, use, import and export are prohibited (08)" As Perfluorohexanesulfonic acid related compounds [RR-162331-0]
376-23-8	"Constructions of new PFOA production facilities are prohibited; Production, processing and use are prohibited, except for the following uses: (1) photolithography or etching processes in semiconductor manufacturing, (2) photographic coatings for film, (3) oil and water repellent textiles that protect workers from health and safety risks posed by hazardous liquids, (4) invasive and implantable med
73772-33-5	"Production, processing, use, import and export are prohibited (08)" As Perfluorohexanesulfonic acid related compounds [RR-162331-0];
68-35-9	"Strictly enforce selling antibacterial drugs only with a prescription in retail pharmacies and promote the sale and use of veterinary antibacterial drugs with a veterinary prescription (13)" As Antibiotics [RR-04946-7]
33979-03-2	"Production, processing, use, import and export are prohibited (15)" As Polychlorinated biphenyls [1336-36-3]
UN1888	"Production of paint strippers containing Trichloromethane is prohibited; According to GB 38508 (Limits for Volatile Organic Compounds Content in Cleaning Agents), the sum of Dichloromethane, Chloroform, Trichloroethylene, and Tetrachloroethylene in water-based cleaning agents, semi-water-based cleaning agents, and organic solvent cleaning agents shall not exceed 0.5%, 2%, and 20%, respectively (1
68194-08-1	"Production, processing, use, import and export are prohibited (15)" As Polychlorinated biphenyls [1336-36-3]
68194-10-5	"Production, processing, use, import and export are prohibited (15)" As Polychlorinated biphenyls [1336-36-3]
25569-80-6	"Production, processing, use, import and export are prohibited (15)" As Polychlorinated biphenyls [1336-36-3]
70900-40-2	"Production, processing, use, import and export are prohibited (08)" As Perfluorohexanesulfonic acid related compounds [RR-162331-0]
2162-98-3	"Production, processing and use are prohibited, except for the following uses prior to December 31, 2023: (1) additives used in the production of conveyor belts in the natural and synthetic rubber industry, (2) spare parts for rubber conveyor belts used in mining and forestry, (3) leather industry, especially for leather fatliquoring, (4) lubricating oil additives, especially for automobile engine
138-39-6	"Strictly enforce selling antibacterial drugs only with a prescription in retail pharmacies and promote the sale and use of veterinary antibacterial drugs with a veterinary prescription (13)" As Antibiotics [RR-04946-7]
85665-64-1	"Production, processing, use, import and export are prohibited (08)" As Perfluorohexanesulfonic acid related compounds [RR-162331-0];
142731-63-3	"The use of Nonylphenol as an auxiliary agent in the production of pesticide products is prohibited; The use of Nonylphenol to produce Nonylphenol ethoxylates is prohibited; According to the Safety and Technical Standards for Cosmetics, the use of Nonylphenol as a cosmetic ingredient is prohibited (12)" As Nonylphenol [25154-52-3];
86525-48-6	"Production, processing, use, import and export are prohibited (08)" As Perfluorohexanesulfonic acid related compounds [RR-162331-0];
41411-63-6	"Production, processing, use, import and export are prohibited (15)" As Polychlorinated biphenyls [1336-36-3]
70362-50-4	"Production, processing, use, import and export are prohibited (15)" As Polychlorinated biphenyls [1336-36-3]
153-61-7	"Strictly enforce selling antibacterial drugs only with a prescription in retail pharmacies and promote the sale and use of veterinary antibacterial drugs with a veterinary prescription (13)" As Antibiotics [RR-04946-7]
68891-98-5	"Production, processing, use, import and export are prohibited (08)" As Perfluorohexanesulfonic acid related compounds [RR-162331-0]
62013-04-1	"Strictly enforce selling antibacterial drugs only with a prescription in retail pharmacies and promote the sale and use of veterinary antibacterial drugs with a veterinary prescription (13)" As Antibiotics [RR-04946-7]
171561-95-8	"Production, processing, use, import and export are prohibited (08)" As Perfluorohexanesulfonic acid related compounds [RR-162331-0];
70424-68-9	"Production, processing, use, import and export are prohibited (15)" As Polychlorinated biphenyls [1336-36-3]
33284-52-5	"Production, processing, use, import and export are prohibited (15)" As Polychlorinated biphenyls [1336-36-3]
61270-58-4	"Strictly enforce selling antibacterial drugs only with a prescription in retail pharmacies and promote the sale and use of veterinary antibacterial drugs with a veterinary prescription (13)" As Antibiotics [RR-04946-7]
68555-90-8	"Production, processing, use, import and export are prohibited (08)" As Perfluorohexanesulfonic acid related compounds [RR-162331-0]
335-93-3	"Constructions of new PFOA production facilities are prohibited; Production, processing and use are prohibited, except for the following uses: (1) photolithography or etching processes in semiconductor manufacturing, (2) photographic coatings for film, (3) oil and water repellent textiles that protect workers from health and safety risks posed by hazardous liquids, (4) invasive and implantable med
12737-87-0	"Production, processing, use, import and export are prohibited (15)" As Polychlorinated biphenyls [1336-36-3]
139-84-4	"The use of Nonylphenol as an auxiliary agent in the production of pesticide products is prohibited; The use of Nonylphenol to produce Nonylphenol ethoxylates is prohibited; According to the Safety and Technical Standards for Cosmetics, the use of Nonylphenol as a cosmetic ingredient is prohibited (12)" As Nonylphenol [25154-52-3]
103060-53-3	"Strictly enforce selling antibacterial drugs only with a prescription in retail pharmacies and promote the sale and use of veterinary antibacterial drugs with a veterinary prescription (13)" As Antibiotics [RR-04946-7]
61036-62-2	"Strictly enforce selling antibacterial drugs only with a prescription in retail pharmacies and promote the sale and use of veterinary antibacterial drugs with a veterinary prescription (13)" As Antibiotics [RR-04946-7]
61798-70-7	"Production, processing, use, import and export are prohibited (15)" As Polychlorinated biphenyls [1336-36-3]
56558-17-9	"Production, processing, use, import and export are prohibited (15)" As Polychlorinated biphenyls [1336-36-3]
80621-81-4	"Strictly enforce selling antibacterial drugs only with a prescription in retail pharmacies and promote the sale and use of veterinary antibacterial drugs with a veterinary prescription (13)" As Antibiotics [RR-04946-7]
75458-21-8	"Production, processing and use are prohibited, except for the following uses prior to December 31, 2023: (1) additives used in the production of conveyor belts in the natural and synthetic rubber industry, (2) spare parts for rubber conveyor belts used in mining and forestry, (3) leather industry, especially for leather fatliquoring, (4) lubricating oil additives, especially for automobile engine
54-85-3	"Strictly enforce selling antibacterial drugs only with a prescription in retail pharmacies and promote the sale and use of veterinary antibacterial drugs with a veterinary prescription (13)" As Antibiotics [RR-04946-7]
25512-42-9	"Production, processing, use, import and export are prohibited (15)" As Polychlorinated biphenyls [1336-36-3]
68608-14-0	"Production, processing, use, import and export are prohibited (08)" As Perfluorohexanesulfonic acid related compounds [RR-162331-0]
68957-58-4	"Production, processing, use, import and export are prohibited (08)" As Perfluorohexanesulfonic acid related compounds [RR-162331-0];
19595-59-6	"Production, processing, use, import and export are prohibited (14)" As .alpha.-Endosulfan [959-98-8]
68298-74-8	"Production, processing, use, import and export are prohibited (08)" As Perfluorohexanesulfonic acid related compounds [RR-162331-0]
3116-76-5	"Strictly enforce selling antibacterial drugs only with a prescription in retail pharmacies and promote the sale and use of veterinary antibacterial drugs with a veterinary prescription (13)" As Antibiotics [RR-04946-7]
60233-25-2	"Production, processing, use, import and export are prohibited (15)" As Polychlorinated biphenyls [1336-36-3]
117467-28-4	"Strictly enforce selling antibacterial drugs only with a prescription in retail pharmacies and promote the sale and use of veterinary antibacterial drugs with a veterinary prescription (13)" As Antibiotics [RR-04946-7]
306980-27-8	"Production, processing, use, import and export are prohibited (08)" As Perfluorohexanesulfonic acid related compounds [RR-162331-0]
90622-71-2	"Constructions of new PFOA production facilities are prohibited; Production, processing and use are prohibited, except for the following uses: (1) photolithography or etching processes in semiconductor manufacturing, (2) photographic coatings for film, (3) oil and water repellent textiles that protect workers from health and safety risks posed by hazardous liquids, (4) invasive and implantable med
68608-13-9	"Production, processing, use, import and export are prohibited (08)" As Perfluorohexanesulfonic acid related compounds [RR-162331-0]
67906-70-1	"Production, processing, use, import and export are prohibited (08)" As Perfluorohexanesulfonic acid related compounds [RR-162331-0]
1027045-74-4	"Production, processing, use, import and export are prohibited (14)" As Cyclododecane, hexabromo- [25637-99-4]
1300-16-9	"The use of Nonylphenol as an auxiliary agent in the production of pesticide products is prohibited; The use of Nonylphenol to produce Nonylphenol ethoxylates is prohibited; According to the Safety and Technical Standards for Cosmetics, the use of Nonylphenol as a cosmetic ingredient is prohibited (12)" As Nonylphenol [25154-52-3]
38850-51-0	"Production, processing, use, import and export are prohibited (08)" As Perfluorohexanesulfonic acid related compounds [RR-162331-0]
89863-48-9	"Production, processing, use, import and export are prohibited (08)" As Perfluorohexanesulfonic acid related compounds [RR-162331-0];
178094-71-8	"Production, processing, use, import and export are prohibited (08)" As Perfluorohexanesulfonic acid related compounds [RR-162331-0]
34214-82-9	"Production, processing and use are prohibited, except for the following uses prior to December 31, 2023: (1) additives used in the production of conveyor belts in the natural and synthetic rubber industry, (2) spare parts for rubber conveyor belts used in mining and forestry, (3) leather industry, especially for leather fatliquoring, (4) lubricating oil additives, especially for automobile engine
19742-57-5	"Constructions of new PFOA production facilities are prohibited; Production, processing and use are prohibited, except for the following uses: (1) photolithography or etching processes in semiconductor manufacturing, (2) photographic coatings for film, (3) oil and water repellent textiles that protect workers from health and safety risks posed by hazardous liquids, (4) invasive and implantable med
33213-66-0	"Production, processing, use, import and export are prohibited (14)" As .alpha.-Endosulfan [959-98-8]
73575-54-9	"Production, processing, use, import and export are prohibited (15)" As Polychlorinated biphenyls [1336-36-3]
11104-28-2	"Production, processing, use, import and export are prohibited (15)" As Polychlorinated biphenyls [1336-36-3]
2051-62-9	"Production, processing, use, import and export are prohibited (15)" As Polychlorinated biphenyls [1336-36-3]
335-60-4	"Constructions of new PFOA production facilities are prohibited; Production, processing and use are prohibited, except for the following uses: (1) photolithography or etching processes in semiconductor manufacturing, (2) photographic coatings for film, (3) oil and water repellent textiles that protect workers from health and safety risks posed by hazardous liquids, (4) invasive and implantable med
70900-36-6	"Production, processing, use, import and export are prohibited (08)" As Perfluorohexanesulfonic acid related compounds [RR-162331-0]
12707-43-6	"Production, processing, use, import and export are prohibited (14)" As Mirex [2385-85-5]
38444-88-1	"Production, processing, use, import and export are prohibited (15)" As Polychlorinated biphenyls [1336-36-3]
52663-66-8	"Production, processing, use, import and export are prohibited (15)" As Polychlorinated biphenyls [1336-36-3]
34883-39-1	"Production, processing, use, import and export are prohibited (15)" As Polychlorinated biphenyls [1336-36-3]
113359-04-9	"Strictly enforce selling antibacterial drugs only with a prescription in retail pharmacies and promote the sale and use of veterinary antibacterial drugs with a veterinary prescription (13)" As Antibiotics [RR-04946-7]
98-96-4	"Strictly enforce selling antibacterial drugs only with a prescription in retail pharmacies and promote the sale and use of veterinary antibacterial drugs with a veterinary prescription (13)" As Antibiotics [RR-04946-7]
12650-69-0	"Strictly enforce selling antibacterial drugs only with a prescription in retail pharmacies and promote the sale and use of veterinary antibacterial drugs with a veterinary prescription (13)" As Antibiotics [RR-04946-7]
4564-87-8	"Strictly enforce selling antibacterial drugs only with a prescription in retail pharmacies and promote the sale and use of veterinary antibacterial drugs with a veterinary prescription (13)" As Antibiotics [RR-04946-7]
148240-80-6	"Production, processing, use, import and export are prohibited (08)" As Perfluorohexanesulfonic acid related compounds [RR-162331-0]
84305-41-9	"Strictly enforce selling antibacterial drugs only with a prescription in retail pharmacies and promote the sale and use of veterinary antibacterial drugs with a veterinary prescription (13)" As Antibiotics [RR-04946-7]
2350-11-0	"Production, processing and use are prohibited, except for the following uses prior to December 31, 2023: (1) additives used in the production of conveyor belts in the natural and synthetic rubber industry, (2) spare parts for rubber conveyor belts used in mining and forestry, (3) leather industry, especially for leather fatliquoring, (4) lubricating oil additives, especially for automobile engine
39390-77-7	"Production, processing, use, import and export are prohibited (06)" As Pentachlorophenol [87-86-5]
74472-36-9	"Production, processing, use, import and export are prohibited (15)" As Polychlorinated biphenyls [1336-36-3]
27938-31-4	"The use of Nonylphenol as an auxiliary agent in the production of pesticide products is prohibited; The use of Nonylphenol to produce Nonylphenol ethoxylates is prohibited; According to the Safety and Technical Standards for Cosmetics, the use of Nonylphenol as a cosmetic ingredient is prohibited (12)" As Nonylphenol [25154-52-3]
59-01-8	"Strictly enforce selling antibacterial drugs only with a prescription in retail pharmacies and promote the sale and use of veterinary antibacterial drugs with a veterinary prescription (13)" As Antibiotics [RR-04946-7]
52663-61-3	"Production, processing, use, import and export are prohibited (15)" As Polychlorinated biphenyls [1336-36-3]
50-59-9	"Strictly enforce selling antibacterial drugs only with a prescription in retail pharmacies and promote the sale and use of veterinary antibacterial drugs with a veterinary prescription (13)" As Antibiotics [RR-04946-7]
39485-83-1	"Production, processing, use, import and export are prohibited (15)" As Polychlorinated biphenyls [1336-36-3]
38444-93-8	"Production, processing, use, import and export are prohibited (15)" As Polychlorinated biphenyls [1336-36-3]
234096-34-5	"Strictly enforce selling antibacterial drugs only with a prescription in retail pharmacies and promote the sale and use of veterinary antibacterial drugs with a veterinary prescription (13)" As Antibiotics [RR-04946-7]
70248-52-1	"Production, processing, use, import and export are prohibited (08)" As Perfluorohexanesulfonic acid related compounds [RR-162331-0];
102736-13-0	"Production, processing and use are prohibited, except for the following uses prior to December 31, 2023: (1) additives used in the production of conveyor belts in the natural and synthetic rubber industry, (2) spare parts for rubber conveyor belts used in mining and forestry, (3) leather industry, especially for leather fatliquoring, (4) lubricating oil additives, especially for automobile engine
56391-56-1	"Strictly enforce selling antibacterial drugs only with a prescription in retail pharmacies and promote the sale and use of veterinary antibacterial drugs with a veterinary prescription (13)" As Antibiotics [RR-04946-7]
