100-00-5	Present ([1546])
100-01-6	Present ([2231])
100-02-7	Present ([2235])
100-07-2	Present ([1195])
100-11-8	Present ([2282])
100-12-9	Present ([0266])
100-14-1	Present ([2272])
100-16-3	Present ([2247])
100-17-4	Present ([2241])
100-20-9	Present ([0255])
100-23-2	Present ([2226])
100-25-4	Present ([0588])
100-28-7	Present ([2719])
100-29-8	Present ([2253])
100-35-6	Present (hypertoxic chemical, [0649])
100-36-7	Present ([0699])
100-37-8	Present ([0700])
100-39-0	Present ([2398])
100-40-3	Present ([2664])
100-41-4	Present ([2566])
100-42-5	Present (stabilized, [0096])
100-43-6	Present ([2667])
100-44-7	Present ([1459])
100-46-9	Present ([0933])
100-47-0	Present ([0078])
100-50-5	Present ([2072])
100-53-8	Present ([0106])
100-56-1	Present ([1458])
100-57-2	Present ([0072])
100-58-3	Present (soaked in ether, [0074])
100-61-8	Present ([1086])
100-63-0	Present ([0084])
100-66-3	Present ([0079])
100-69-6	Present ([2666])
100-71-0	Present ([2597])
100-73-2	Present (stabilized, [0489])
100-74-3	Present ([2613])
100-80-1	"Present (stabilized, [2668])" As Vinyltoluenes [25013-15-4]
100-97-0	Present ([1375])
100-99-2	Present ([1921])
1001387-46-7	"Present ([0852])" As Potassium persulfate [7727-21-1]
1001756-09-7	"Present ([2811])" As 1-Naphthalenesulfonyl chloride, 6-diazo-5,6-dihydro-5-oxo- [3770-97-6]
1002-16-0	Present ([2343])
1002-69-3	"Present ([0253])" As Alkanes, C10-13, chloro [85535-84-8]
1002158-67-9	"Present ([0640])" As Chlorine dioxide [10049-04-4]
10022-31-8	Present ([2288])
10022-48-7	"Present ([2818])" As Lithium dichromate [13843-81-7]
10022-52-3	"Present ([2423])" As Strontium bromate [14519-18-7]
10022-68-1	"Present ([2296])" As Cadmium nitrate [10325-94-7]
10022-70-5	"Present (solution, with >5% available Chlorine, [0166])" As Sodium hypochlorite [7681-52-9]
10024-97-2	Present (compressed or liquefied, [2561])
10025-67-9	Present ([2554])
10025-68-0	Present ([1479])
10025-77-1	"Present ([1850]); Present (solution, [1850])" As Iron trichloride [7705-08-0]
10025-78-2	Present ([1838])
10025-87-3	Present ([1858])
10025-91-9	Present ([1849])
10026-03-6	Present ([2057])
10026-04-7	Present ([2051])
10026-06-9	Present ([2059])
10026-07-0	Present ([2048])
10026-11-6	Present ([2050])
10026-12-7	Present ([2151])
10026-13-8	Present ([2149])
10026-17-2	Present ([0764])
10026-18-3	Present ([0750])
10026-22-9	"Present ([2299])" As Cobalt(II) nitrate [10141-05-6]
10026-24-1	"Present ([1315])" As Cobalt sulfate [10124-43-3]
10028-17-8	"Present ([1648])" As Hydrogen [1333-74-0]
10028-20-3	"Present ([0779])" As Potassium heptafluorotantalate [16924-00-8]
100292-13-5	"Present (solution in Alcohol with <=10% Nitroglycerin, [2203]); Present (desensitized with >=40% non-volatile, water-insoluble phlegmatizer, [2202])" As Nitroglycerin [55-63-0]
1003-03-8	Present ([0965])
10031-13-7	Present ([2463])
10031-16-0	"Present ([2816])" As Barium dichromate [13477-01-5]
10031-18-2	Present ([2404])
10031-21-7	"Present ([2422])" As Lead dibromate [34018-28-5]
10031-32-0	"Present ([0197])" As Calcium iodate [7789-80-2]
10031-33-1	"Present ([0197])" As Calcium iodate [7789-80-2]
10031-34-2	"Present ([2489])" As Nitrous acid, calcium salt [13780-06-8]
10031-43-3	Present ([2330])
10031-45-5	"Present ([2199])" As Copper selenate [15123-69-0]
10031-49-9	"Present ([2292])" As Nitric acid, dysprosium(3+) salt [10143-38-1]
10031-51-3	"Present ([2293])" As Nitric acid, erbium(3+) salt [10168-80-6]
10031-87-5	Present ([2649])
10034-81-8	Present ([0805])
10034-82-9	"Present ([0820])" As Sodium chromate [7775-11-3]
10034-85-2	Present (solution, [1649]); Present (anhydrous, [0189])
10034-88-5	"Present ([1326]); Present (solution, [1326])" As Sodium bisulfate [7681-38-1]
10035-05-9	"Present ([1532]); Present (solution, [1532])" As Calcium chlorate [10137-74-3]
10035-06-0	"Present ([2291])" As Nitric acid, bismuth(3+) salt [10361-44-1]
10035-10-6	Present (in Acetic acid solution, [2402], listed under Hydrogen bromide); Present ([2401], listed under Hydrogen bromide); Present ([1665])
10036-47-2	Present ([2022])
10038-98-9	Present ([2060])
10039-54-0	Present ([1322])
10042-76-9	Present ([2327])
10043-35-3	Present ([1609])
10045-94-0	Present ([2298])
10045-97-3	"Present ([1221])" As Cesium [7440-46-2]
1004522-95-5	"Present ([2105])" As Tetraisopropyl titanate [546-68-9]
10048-95-0	"Present ([1941])" As Disodium hydrogen arsenate [7778-43-0]
10049-04-4	Present ([0640])
100494-20-0	"Present ([2707])" As Isobutane [75-28-5]
10057-27-9	"Present ([1333])" As Hexafluoroacetone [684-16-2]
100587-94-8	"Present ([2304])" As Lanthanum nitrate [10099-59-9]
1006-03-7	"Present ([0952])" As Cyclohexanone [108-94-1]
10061-01-5	"Present ([0525])" As 1,3-Dichloropropene [542-75-6]
10061-02-6	"Present ([0525])" As 1,3-Dichloropropene [542-75-6]
100641-13-2	"Present ([2292])" As Nitric acid, dysprosium(3+) salt [10143-38-1]
100641-16-5	"Present ([2307])" As Nitric acid, lutetium(3+) salt [10099-67-9]
1006710-56-0	"Present (stabilized, [0143])" As Acrylonitrile [107-13-1]
1006730-14-8	"Present ([1599])" As Diazenedicarboxamide [123-77-3]
10075-38-4	"Present ([0499])" As 2-Butene, 1,3-dichloro- [926-57-8]
100849-37-4	"Present ([0051])" As Aniline [62-53-3]
1009031-47-3	"Present ([2386])" As 1-Propyne, 3-bromo- [106-96-7]
10098-97-2	"Present ([1222])" As Strontium [7440-24-6]
10099-59-9	Present ([2304])
10099-67-9	Present ([2307])
10099-74-8	Present ([2319])
10099-76-0	Present ([0844])
101-02-0	Present ([2447])
101-14-4	Present ([0304])
101-25-7	Present (with phlegmatizer, [0635])
101-27-9	Present ([1423])
101-37-1	Present ([1819])
101-54-2	Present ([0021])
101-55-3	"Present ([0276])" As Benzene, 1,1'-oxybis-, bromo derivatives [90193-67-2]
101-57-5	"Present (with free Sulphuric acid, [2130])" As Aryl sulphonic acid [RR-14924-6]
101-68-8	Present ([0318])
101-69-9	Present ([1196])
101-77-9	Present ([2443])
101-82-6	Present ([0104])
101-83-7	Present ([0347])
10101-50-5	Present ([0814])
10101-97-0	"Present ([1318])" As Sulfuric acid, nickel(2+) salt (1:1) [7786-81-4]
10101-98-1	"Present ([1318])" As Sulfuric acid, nickel(2+) salt (1:1) [7786-81-4]
10102-18-8	Present ([2476])
10102-20-2	Present ([2442])
10102-23-5	"Present (hypertoxic chemical, [2198])" As Sodium selenate [13410-01-0]
10102-36-0	"Present ([0814])" As Sodium permanganate [10101-50-5]
10102-43-9	Present ([2559])
10102-44-0	Present ([0637])
10102-45-1	Present ([2328])
10102-48-4	"Present ([1939])" As Lead arsenate, unspecified [7645-25-2]
10102-49-5	Present ([1943])
10102-50-8	Present ([1946])
10102-53-1	Present ([1619])
10103-50-1	Present ([1937])
10103-60-3	Present ([1933])
10103-61-4	Present ([1944])
10108-64-2	Present ([1463])
10108-73-3	Present ([2323])
1011-73-0	Present ([0597])
10112-91-1	Present ([1494])
10118-76-0	Present ([0812])
101200-37-7	"Present (in Acetic anhydride, solution, [0801]); Present (content 50-72%, [0798]); Present (content >72%, [0798]); Present (content <=50%, [0798])" As Perchloric acid [7601-90-3]
10124-27-3	"Present (anhydrous, [1842]); Present (solution, [1842])" As Aluminum chloride [7446-70-0]
10124-36-4	Present ([1313])
10124-37-5	Present ([2294])
10124-43-3	Present ([1315])
10124-48-8	Present ([1456])
10124-50-2	Present ([2461])
10125-13-0	"Present ([1477])" As Copper chloride (CuCl2) [7447-39-4]
101324-32-7	"Present (hypertoxic chemical, [0486])" As Brucine [357-57-3]
101324-33-8	"Present (hypertoxic chemical, [0481])" As Strychnine [57-24-9]
10137-69-6	Present ([0956])
10137-74-3	Present ([1532]); Present (solution, [1532])
10138-17-7	"Present ([0435])" As Dimethyldioxane [25136-55-4]
10138-60-0	Present (hypertoxic chemical, [1008])
10139-58-9	Present ([2305])
10141-05-6	Present ([2299])
10143-38-1	Present ([2292])
1014743-76-0	"Present ([0640])" As Chlorine dioxide [10049-04-4]
1015936-91-0	"Present (with >0.1% Calcium carbide, [1676])" As Calcium cyanamide [156-62-7]
1016316-60-1	"Present ([1175])" As Formic acid [64-18-6]
1016644-08-8	"Present ([2105])" As Tetraisopropyl titanate [546-68-9]
101671-90-3	"Present (dry or wetted with <10% water, [1873]); Present (with >=10% water, [1873])" As Ammonium picrate [131-74-8]
10168-80-6	Present ([2293])
101701-80-8	"Present ([2710])" As Isophorone diisocyanate [4098-71-9]
101802-54-4	"Present (hypertoxic chemical, [2144])" As Pentachlorophenol [87-86-5]
101829-92-9	"Present (with free Sulphuric acid, [2130])" As Aryl sulphonic acid [RR-14924-6]
101836-92-4	"Present ([0619])" As Sodium 2,4-dinitronaphtholate [887-79-6]
1018807-91-4	"Present ([0640])" As Chlorine dioxide [10049-04-4]
1018852-64-6	"Present ([1926])" As Gallium arsenide [1303-00-0]
1018900-84-9	"Present ([2820])" As Disodium dichromate [10588-01-9]
10192-29-7	Present ([1530])
10192-30-0	Present ([2451])
10196-18-6	"Present ([2331])" As Zinc nitrate [7779-88-6]
102-27-2	Present ([2611])
102-36-3	Present ([2721])
102-47-6	Present ([0519])
102-67-0	Present ([1747])
102-69-2	Present ([1922])
102-70-5	Present ([1869])
102-81-8	Present ([0719])
102-82-9	Present (hypertoxic chemical, [1923])
102089-31-6	"Present ([0744])" As Ammonium fluoride [12125-01-8]
10213-15-7	"Present ([2309])" As Magnesium nitrate [10377-60-3]
10213-79-3	"Present ([1618])" As Sodium metasilicate [6834-92-0]
1021417-41-3	"Present ([2790])" As Phosphoric acid [7664-38-2]
10217-52-4	Present (with <=64% Hydrazine, [2012])
102188-45-4	"Present ([1726])" As Nonylphenol ethoxylates [9016-45-9]
102256-29-1	"Present (stabilized, [0147])" As Methyl acrylate [96-33-3]
102265-26-9	"Present (stabilized, [0489])" As Acrolein dimer [100-73-2]
102278-63-7	"Present (in Acetic anhydride, solution, [0801]); Present (content 50-72%, [0798]); Present (content >72%, [0798]); Present (content <=50%, [0798])" As Perchloric acid [7601-90-3]
102324-78-7	"Present (solution, with >5% available Chlorine, [0166])" As Sodium hypochlorite [7681-52-9]
102388-58-9	"Present (hypertoxic chemical, [0648])" As Amiton [78-53-5]
10241-05-1	Present ([2150])
102500-64-1	"Present ([1330])" As Vanadyl sulfate [27774-13-6]
102500-65-2	"Present ([1330])" As Vanadyl sulfate [27774-13-6]
102500-66-3	"Present ([1330])" As Vanadyl sulfate [27774-13-6]
102500-67-4	"Present ([1330])" As Vanadyl sulfate [27774-13-6]
102500-68-5	"Present ([1330])" As Vanadyl sulfate [27774-13-6]
102500-69-6	"Present ([1330])" As Vanadyl sulfate [27774-13-6]
102500-70-9	"Present ([1330])" As Vanadyl sulfate [27774-13-6]
102500-71-0	"Present ([1330])" As Vanadyl sulfate [27774-13-6]
102512-68-5	"Present ([1330])" As Vanadyl sulfate [27774-13-6]
102512-69-6	"Present ([1330])" As Vanadyl sulfate [27774-13-6]
102512-70-9	"Present ([1330])" As Vanadyl sulfate [27774-13-6]
102512-71-0	"Present ([1330])" As Vanadyl sulfate [27774-13-6]
102512-72-1	"Present ([1330])" As Vanadyl sulfate [27774-13-6]
1025436-17-2	"Present ([2727])" As Ethyl isocyanate [109-90-0]
1025436-18-3	"Present (hypertoxic chemical, [2718])" As Phenyl isocyanate [103-71-9]
1025479-00-8	"Present ([2488])" As Nitrous acid, barium salt [13465-94-6]
10265-92-6	Present (hypertoxic chemical, [1079])
1027045-74-4	"Present ([1371])" As Cyclododecane, hexabromo- [25637-99-4]
102736-13-0	"Present ([0253])" As Alkanes, C10-13, chloro [85535-84-8]
102769-74-4	"Present ([0015])" As 2-Aminopyridine [504-29-0]
10277-43-7	"Present ([2304])" As Lanthanum nitrate [10099-59-9]
102771-74-4	"Present ([2710])" As Isophorone diisocyanate [4098-71-9]
102801-15-0	"Present ([0769])" As Methyl fluoride [593-53-3]
102802-00-6	"Present ([0700])" As Diethylaminoethanol [100-37-8]
10290-12-7	Present ([2467])
1029220-79-8	"Present ([2674])" As Silane, ethenyltriethoxy- [78-08-0]
102931-96-4	"Present ([0771])" As Fluoroboric acid [16872-11-0]
10294-33-4	Present ([1899])
10294-34-5	Present ([1844])
10294-38-9	"Present ([1531])" As Barium chlorate [13477-00-4]
10294-39-0	"Present ([0800])" As Barium perchlorate [13465-95-7]
10294-41-4	"Present ([2323])" As Cerium nitrate [10108-73-3]
10294-56-1	Present ([1274])
10294-64-1	Present ([1575])
103-65-1	Present ([2755])
103-69-5	Present ([2595])
103-71-9	Present (hypertoxic chemical, [2718])
103-72-0	Present ([2714])
103-80-0	Present ([0097])
103-83-3	Present ([0425])
103-84-4	Present ([0076])
103059-92-3	"Present ([0216])" As Barium azide [18810-58-7]
1031-47-6	Present (content >20%, hypertoxic chemical, [0004])
10311-84-9	Present ([0670])
103173-66-6	"Present ([2081])" As Benzene, 1,1'-oxybis-, tetrabromo derivative [40088-47-9];
10325-94-7	Present ([2296])
10326-21-3	Present ([1534])
10326-24-6	Present ([2468])
10326-26-8	"Present ([2417])" As Barium bromate [13967-90-3]
10326-27-9	"Present ([1457])" As Barium chloride (BaCl2) [10361-37-2]
10327-08-9	"Present ([2387])" As Propanoic acid, 2-bromo- [598-72-1]
1032826-40-6	"Present ([1614])" As Ammonium vanadate [7803-55-6]
1032826-44-0	"Present ([0126])" As Propanoic acid [79-09-4]
1032826-45-1	"Present ([1291])" As Thiourea [62-56-6]
1033016-09-9	"Present ([1618])" As Sodium metasilicate [6834-92-0]
10332-33-9	"Present ([0860])" As Sodium peroxometaborate [7632-04-4]
1034144-42-7	"Present ([2193])" As Zinc selenide (ZnSe) [1315-09-9]
1035696-44-6	"Present ([1658])" As Lithium aluminum hydride [16853-85-3]
10361-37-2	Present ([1457])
10361-44-1	Present ([2291])
10361-80-5	Present ([2318])
10361-95-2	Present ([1541])
103729-45-9	"Present ([0976])" As Glycidylaldehyde [765-34-4]
103737-28-6	"Present ([1348])" As Silanamine, 1,1,1-trimethyl-N-(trimethylsilyl)- [999-97-3]
10377-60-3	Present ([2309])
10379-90-5	"Present ([0775])" As Borate(1-), tetrafluoro-, zinc (2:1) [13826-88-5]
103842-90-6	"Present (with >=7% wax, [1011]); Present (wetted with >=25% water or desensitized with >=15% phlegmatizer, [1011])" As Pentaerythrite tetranitrate [78-11-5]
103883-81-4	"Present ([0329])" As Methylene iodide [75-11-6]
103939-37-3	"Present ([1726])" As Nonylphenol ethoxylates [9016-45-9]
104-15-4	"Present (with free Sulphuric acid, [2130])" As Toluenesulfonic acid, all isomers [25231-46-3]
104-35-8	"Present ([1726])" As Nonylphenol ethoxylates [9016-45-9]
104-40-5	Present ([0261])
104-51-8	Present ([2762])
104-75-6	Present ([2608])
104-78-9	Present ([0652])
104-83-6	Present ([1429])
104-85-8	Present ([1091])
104-90-5	Present ([1073])
104-91-6	Present ([2483])
104-92-7	Present ([2380])
104-94-9	Present ([1194])
10421-48-4	Present ([2329])
104213-33-4	"Present ([1017])" As Benzene, 1,3-diisocyanatomethyl- [26471-62-5]
10424-38-1	"Present ([0112])" As 1,2-Diaminopropane [78-90-0]
10424-65-4	"Present ([2037])" As Tetramethylammonium hydroxide [75-59-2]
104306-46-9	"Present ([2256])" As 2-Nitropropane [79-46-9]
104306-48-1	"Present ([2267])" As Nitromethane [75-52-5]
104306-52-7	"Present ([2255])" As 1-Nitropropane [108-03-2]
10431-47-7	Present ([2473])
104345-12-2	"Present ([2612])" As Ethyl sulfuric acid [540-82-9]
104381-95-5	"Present ([0163]); Present ([1621], listed under Bleaching powder); Present (with >39% available Chlorine, [1622], listed under Bleaching powder concentrate)" As Calcium hypochlorite [7778-54-3]
1043877-50-4	"Present ([0178])" As Cadmium telluride (CdTe) [1306-25-8]
104422-11-9	"Present ([2037])" As Tetramethylammonium hydroxide [75-59-2]
10450-60-9	Present ([0793])
104512-58-5	"Present ([0269])" As Paraformaldehyde [30525-89-4]
104512-63-2	"Present ([0269])" As Paraformaldehyde [30525-89-4]
10458-11-4	"Present ([0983])" As 1,8-Cineol [470-82-6]
104758-85-2	"Present ([1045])" As 1-Pentyn-3-ol, 3-methyl- [77-75-8]
104814-22-4	"Present ([0269])" As Paraformaldehyde [30525-89-4]
104814-62-2	"Present ([2104])" As Ethanol, titanium(4+) salt [3087-36-3]
10486-00-7	"Present ([0860])" As Sodium perborate [15120-21-5];
104927-19-7	"Present ([2450])" As Sulfurous acid [7782-99-2]
105-05-5	Present ([0686])
105-12-4	"Present ([0633])" As Dinitrosobenzene [25550-55-4]
105-29-3	Present ([1063])
105-30-6	Present ([1044])
105-36-2	Present ([2432])
105-37-3	Present ([0130])
105-39-5	Present ([1558])
105-46-4	Present ([2660])
105-48-6	Present ([1559])
105-54-4	Present ([2774])
105-56-6	Present ([1708])
105-57-7	Present ([0705])
105-58-8	Present ([2111])
105-64-6	Present (content >52% but <=100%, [0881]); Present (content <=52%, with type B thinner >=48%, [0881]); Present (content <=32%, with type A thinner >=68%, [0881])
105-66-8	Present ([2776])
105-67-9	Present ([0360])
105-68-0	Present ([0133])
105-74-8	Present (content <=100%, [0885]); Present (content <=42%, stable dispersion in water, [0885])
10508-09-5	Present (content <=100%, [0576])
105093-20-7	"Present ([1908])" As Triethylenetetramine [112-24-3]
105185-95-3	Present ([1486, 1644])
1051915-25-3	"Present ([0706])" As Diisopropylamine [108-18-9]
1051930-86-9	"Present ([2826])" As D-Limonene [5989-27-5]
105269-88-3	"Present ([1726])" As Nonylphenol ethoxylates [9016-45-9]
1052691-24-3	"Present ([1271])" As Phosphoric acid, tris(methylphenyl) esters [1330-78-5]
105287-28-3	"Present ([0237])" As 2-Butanone, oxime [96-29-7]
105309-19-1	"Present ([1434])" As Ethyl-2-chloropropionate [535-13-7]
1053656-66-8	"Present (compressed or liquefied, [0642])" As Carbon dioxide [124-38-9]
1053656-93-1	"Present (compressed or liquefied, [2528])" As Oxygen [7782-44-7]
1053656-97-5	"Present (content >80%, [2630]); Present (content >10% but <=80%, [2630])" As Acetic acid [64-19-7]
1053657-18-3	"Present ([2285])" As Nitric acid [7697-37-2]
1053657-23-0	"Present ([2790])" As Phosphoric acid [7664-38-2]
1053657-77-4	"Present ([1014])" As Toluene [108-88-3]
1053658-43-7	"Present ([0049]); Present ([0167], listed under Crude benzene); Present ([2825], listed under Heavy benzene)" As Benzene [71-43-2]
1053659-55-4	"Present ([1177])" As Methyl formate [107-31-3]
1053659-60-1	"Present (compressed or liquefied, [0642])" As Carbon dioxide [124-38-9]
1053659-79-2	"Present (solution, [1173])" As Formaldehyde [50-00-0]
10543-95-0	"Present ([1333])" As Hexafluoroacetone [684-16-2]
105439-02-9	"Present ([2710])" As Isophorone diisocyanate [4098-71-9]
10544-72-6	Present ([2088])
10544-73-7	Present ([1909])
10545-99-0	Present ([0534])
105468-35-7	"Present ([2037])" As Tetramethylammonium hydroxide [75-59-2]
105469-31-6	"Present (solution in Alcohol with <=10% Nitroglycerin, [2203]); Present (desensitized with >=40% non-volatile, water-insoluble phlegmatizer, [2202])" As Nitroglycerin [55-63-0]
105521-59-3	"Present (content >90% but <=100%, [0377]); Present (content >=52% but <=90%, with type A thinner >=10%, [0377]); Present (content <=52%, with type A thinner >=48%, [0377]); Present (content <=77%, [0377]); Present (paste, content <=47%, [0377])" As 2,5-Dimethyl-2,5-di(tert-butylperoxy)hexane [78-63-7]
1056477-09-8	"Present ([0771])" As Fluoroboric acid [16872-11-0]
105659-35-6	"Present ([1614])" As Ammonium vanadate [7803-55-6]
10567-69-8	Present ([0196])
105759-40-8	"Present ([1804])" As 1,6-Hexanediamine, 2,2,4(or 2,4,4)-trimethyl- [25513-64-8]
1057722-37-8	"Present ([1234])" As Furfurylamine [617-89-0]
1057722-40-3	"Present ([0084])" As Phenylhydrazine [100-63-0]
10588-01-9	Present ([2820])
106-31-0	Present ([0234])
106-35-4	Present ([0830])
106-38-7	Present ([2410])
106-40-1	Present ([2375])
106-41-2	Present ([2378])
106-42-3	Present ([0357])
106-43-4	Present ([1500])
106-44-5	Present ([1028])
106-45-6	Present ([1021])
106-47-8	Present ([1417])
106-48-9	Present ([1420])
106-49-0	Present ([1085])
106-50-3	Present ([0055])
106-51-4	Present ([0086])
106-54-7	Present ([0259])
106-58-1	Present ([0467])
106-63-8	Present (stabilized, [0151])
106-68-3	Present ([2354])
106-70-7	Present ([2787])
106-88-7	Present ([0980])
106-89-8	Present ([1391])
106-92-3	Present ([2187])
106-93-4	Present ([0630])
106-94-5	Present ([2390])
106-95-6	Present ([2365])
106-96-7	Present ([2386])
106-97-8	Present ([2778])
106-98-9	Present ([0238])
106-99-0	Present (stabilized, [0223])
106015-10-5	"Present ([0852])" As Potassium persulfate [7727-21-1]
106139-40-6	"Present (stabilized, [2650])" As Vinyl acetate [108-05-4]
106152-98-1	"Present ([1726])" As Nonylphenol ethoxylates [9016-45-9]
106158-15-0	"Present ([0255])" As Terephthaloyl dichloride [100-20-9]
1061621-16-6	"Present ([2086])" As Tetraethylenepentamine [112-57-2]
1062228-50-5	"Present ([1868])" As Symclosene [87-90-1]
106495-92-5	"Present ([1926])" As Gallium arsenide [1303-00-0]
106496-20-2	"Present ([1285])" As Cadmium sulfide [1306-23-6]
106496-44-0	"Present ([0755])" As Lead fluoride [7783-46-2]
106644-01-3	"Present (in Acetic anhydride, solution, [0801]); Present (content 50-72%, [0798]); Present (content >72%, [0798]); Present (content <=50%, [0798])" As Perchloric acid [7601-90-3]
1067-20-5	"Present ([1728])" As Nonanes [RR-04090-4]
1068-19-5	Present ([0446])
1068-27-5	Present (content <=52%, with inert solid >=48%, [0376, 0380]); Present (content >52% but <=86%, with type A thinner >=14%, [0376, 0380]); Present (content >86% but <=100%, [0376, 0380])
1068-87-7	"Present ([1728])" As Nonanes [RR-04090-4]
106804-81-3	"Present ([2190])" As Lead selenide [12069-00-0]
1069-53-0	"Present ([1728])" As Nonanes [RR-04090-4]
106996-53-6	"Present (hypertoxic chemical, [0849])" As Decaborane [17702-41-9]
107-00-6	Present (stabilized, [0230])
107-01-7	Present ([0239])
107-02-8	Present (stabilized, [0144])
107-03-9	Present ([2757])
107-04-0	Present ([1406])
107-05-1	Present ([1440])
107-06-2	Present ([0557])
107-07-3	Present (hypertoxic chemical, [1549])
107-08-4	Present ([0184])
107-10-8	Present ([0018])
107-11-9	Present (hypertoxic chemical, [0020])
107-12-0	Present (hypertoxic chemical, [0121])
107-13-1	Present (stabilized, [0143])
107-14-2	Present ([1550])
107-15-3	Present ([2572])
107-16-4	Present (hypertoxic chemical, [1642])
107-18-6	Present (hypertoxic chemical, [0141])
107-19-7	Present (hypertoxic chemical, [0123])
107-20-0	Present ([2557])
107-25-5	Present (stabilized, [1158])
107-27-7	Present ([1496])
107-29-9	Present ([2628])
107-30-2	Present (hypertoxic chemical, [1502])
107-31-3	Present ([1177])
107-34-6	Present ([0120])
107-37-9	Present (stabilized, [2186])
107-39-1	Present ([1797])
107-40-4	Present ([1798])
107-45-9	Present ([1992])
107-46-0	Present ([1346])
107-49-3	Present (hypertoxic chemical, [2092])
107-56-2	Present ([0709])
107-59-5	Present ([1556])
107-70-0	Present ([1191])
107-71-1	Present (content >32% but <=52%, with type A thinner >=48%, [0927]); Present (content >=52% but <=77%, with type A thinner >=23%, [0927]); Present (content <=32%, with type B thinner >=68%, [0927])
107-72-2	Present ([2173])
107-81-3	Present ([2426])
107-82-4	Present ([2371])
107-83-5	Present ([1154])
107-84-6	Present ([1408])
107-85-7	Present ([2733])
107-87-9	Present ([2180])
107-89-1	Present ([1640])
107-92-6	Present ([2771])
107-93-7	"Present ([0246])" As Crotonic acid [3724-65-0]
107-94-8	Present ([1432])
1070-87-7	"Present ([1728])" As Nonanes [RR-04090-4]
1071-26-7	Present ([0439])
1071717-87-7	"Present (content <=77%, [0873]); Present (paste, content <=52%, [0873])" As p-Chlorobenzoyl peroxide [94-17-7]
1072-05-5	"Present ([1728])" As Nonanes [RR-04090-4]
107231-30-1	"Present ([2715])" As Allyl isothiocyanate [57-06-7]
107231-62-9	"Present ([1726])" As Nonylphenol ethoxylates [9016-45-9]
107296-30-0	"Present ([1455])" As Mercurate(1-), (4-carboxylatophenyl)chloro-, hydrogen [59-85-8]
1073145-50-2	"Present ([1910])" As Vanadium trioxide [1314-34-7]
107324-82-3	"Present ([2086])" As Tetraethylenepentamine [112-57-2]
1074-43-7	Present ([1064])
1074-55-1	Present ([1072])
1074-92-6	"Present ([0225])" As Butyltoluenes [27458-20-4]
107461-82-5	"Present ([0249])" As 2-Butoxyethanol [111-76-2]
1075-38-3	"Present ([0225])" As Butyltoluenes [27458-20-4]
107514-80-7	"Present (with free Sulphuric acid, [2130])" As Aryl sulphonic acid [RR-14924-6]
107569-51-7	"Present ([2761])" As 1-Butanol [71-36-3]
1076-43-3	"Present ([0049]); Present ([0167], listed under Crude benzene); Present ([2825], listed under Heavy benzene)" As Benzene [71-43-2]
107716-44-9	"Present ([2019])" As 1-Butanaminium, N,N,N-tributyl-, hydroxide [2052-49-5]
107760-16-7	"Present ([0490])" As Dicyclopentadiene [77-73-6]
1078151-43-5	"Present ([0636])" As Diethylenetriamine [111-40-0]
1079126-29-6	"Present ([2006])" As Ziram [137-30-4]
1079440-70-2	"Present ([2291])" As Nitric acid, bismuth(3+) salt [10361-44-1]
107950-89-0	"Present ([2169])" As Glutaraldehyde [111-30-8]
1079857-79-6	"Present (anhydrous, [1339])" As Hexafluorophosphoric acid [16940-81-1]
108-01-0	Present ([0476])
108-03-2	Present ([2255])
108-05-4	Present (stabilized, [2650])
108-08-7	Present ([0472])
108-09-8	Present ([0430])
108-10-1	Present ([1059])
108-11-2	Present ([1057])
108-12-3	Present ([2739])
108-16-7	Present ([0478])
108-18-9	Present ([0706])
108-20-3	Present ([2692])
108-21-4	Present ([2653])
108-22-5	Present ([2652])
108-23-6	Present ([1514])
108-24-7	Present ([2634])
108-31-6	Present ([1565])
108-34-9	Present ([1096])
108-38-3	Present ([0356])
108-39-4	Present ([1027])
108-40-7	Present ([1020])
108-41-8	Present ([1499])
108-42-9	Present ([1416])
108-43-0	Present ([1419])
108-44-1	Present ([1084])
108-45-2	Present ([0054])
108-46-3	Present ([0057])
108-47-4	Present ([0420])
108-48-5	Present ([0422])
108-60-1	Present ([0561])
108-64-5	Present ([2737])
108-67-8	Present ([1801])
108-68-9	Present ([0364])
108-69-0	Present ([0416])
108-70-3	Present ([1837])
108-73-6	Present ([1208])
108-77-0	Present ([1709])
108-83-8	Present ([0713])
108-84-9	Present ([0431])
108-86-1	Present ([2372])
108-87-2	Present ([1122])
108-88-3	Present ([1014])
108-89-4	Present ([1095])
108-90-7	Present ([1414])
108-91-8	Present ([0942])
108-94-1	Present ([0952])
108-95-2	Present ([0060]); Present (solution, [0060])
108-98-5	Present (hypertoxic chemical, [0071])
108-99-6	Present ([1094])
1081783-08-5	"Present ([1863])" As Methyl trichloroacetate [598-99-2]
1081841-50-0	"Present ([0695])" As Diethyl thiophosphoryl chloride [2524-04-1]
1081843-15-3	"Present ([1827])" As 4,4'-DDT [50-29-3]
1082068-75-4	"Present ([1279])" As Carbonochloridothioic acid, S-ethyl ester [2941-64-2]
1082718-77-1	"Present ([0081])" As Methyl benzoate [93-58-3]
108314-12-1	"Present ([0947])" As Dicyclohexylammonium nitrite [3129-91-7]
1083238-51-0	"Present ([1416])" As 3-Chloroaniline [108-42-9]
108454-76-8	"Present ([0255])" As Terephthaloyl dichloride [100-20-9]
1085-98-9	Present ([0388])
108592-00-3	"Present (hypertoxic chemical, [0217])" As Sodium azide [26628-22-8]
1086196-04-4	"Present ([0765])" As Fluorosulfonic acid [7789-21-1]
1086266-62-7	"Present ([2617])" As Triethoxyethylsilane [78-07-9]
108736-71-6	"Present (with >=7% wax, [1011]); Present (wetted with >=25% water or desensitized with >=15% phlegmatizer, [1011])" As Pentaerythrite tetranitrate [78-11-5]
1087723-67-8	"Present (hypertoxic chemical, [0486])" As Brucine [357-57-3]
1088355-13-8	"Present ([2820])" As Disodium dichromate [10588-01-9]
109-02-4	Present ([1135])
109-05-7	Present ([1138])
109-06-8	Present ([1093])
109-09-1	Present ([1428])
109-13-7	Present (content >52% but <=77%, with type B thinner >=23%, [1984]); Present (content <=52%, with type B thinner >=48%, [1984])
109-21-7	Present ([2777])
109-27-3	Present (wetted with >=30% water or Mixture of alcohol and water, [1579])
109-47-7	"Present ([2445])" As Dibutyl phosphite [1809-19-4]
109-49-9	Present ([1009])
109-52-4	Present ([2792])
109-53-5	Present (stabilized, [2697])
109-55-7	Present ([0368])
109-59-1	Present ([2576])
109-60-4	Present ([2656])
109-61-5	Present ([1516])
109-63-7	Present ([1774])
109-64-8	Present ([0631])
109-65-9	Present ([2396])
109-66-0	Present ([2796])
109-67-1	Present ([2182])
109-68-2	Present ([2183])
109-69-3	Present ([1446])
109-70-6	Present ([1409])
109-72-8	"Present ([2131])" As Lithium alkyls [RR-01350-3]
109-73-9	Present ([2759])
109-74-0	Present ([2767])
109-75-1	Present ([0243])
109-76-2	Present ([0113])
109-77-3	Present ([0115])
109-79-5	Present ([2768])
109-86-4	Present ([2573])
109-87-5	Present ([0484])
109-89-7	Present ([0650])
109-90-0	Present ([2727])
109-92-2	Present (stabilized, [2672])
109-93-3	Present (stabilized, [0702])
109-94-4	Present ([1180])
109-95-5	Present (solution, [2496]); Present ([2495])
109-97-7	Present ([0100])
109-99-9	Present ([2071])
1091626-85-5	"Present ([2248])" As Arsonic acid, (2-nitrophenyl)- [5410-29-7]
109351-74-8	"Present ([1391])" As Epichlorohydrin [106-89-8]
109521-82-6	"Present ([1485])" As Benzenediazonium, 2,5-diethoxy-4-(4-morpholinyl)-, trichlorozincate(1-) [26123-91-1]
109603-45-4	"Present (content >90% but <=100%, [0377]); Present (content >=52% but <=90%, with type A thinner >=10%, [0377]); Present (content <=52%, with type A thinner >=48%, [0377]); Present (content <=77%, [0377]); Present (paste, content <=47%, [0377])" As 2,5-Dimethyl-2,5-di(tert-butylperoxy)hexane [78-63-7]
109704-87-2	"Present ([1770])" As Boron trifluoride [7637-07-2]
109704-88-3	"Present ([1774])" As Boron trifluoride-diethyl etherate [109-63-7]
1097640-73-7	"Present ([1658])" As Lithium aluminum hydride [16853-85-3]
1097640-76-0	"Present ([1658])" As Lithium aluminum hydride [16853-85-3]
1099648-86-8	"Present ([1926])" As Gallium arsenide [1303-00-0]
110-00-9	Present ([0729])
110-01-0	Present ([2075])
110-02-1	Present ([1738])
110-05-4	Present (content >52% but <=100%, [0573]); Present (content <=52%, with type B thinner >=48%, [0573])
110-12-3	Present ([1055])
110-18-9	Present ([2038])
110-19-0	Present ([2654])
110-22-5	Present (content <=27%, with type B thinner >=73%, [0882])
110-43-0	Present ([0829])
110-45-2	Present ([1183])
110-46-3	Present ([2499])
110-49-6	Present ([1199])
110-53-2	Present ([2395])
110-54-3	Present ([2789])
110-56-5	Present ([0527])
110-57-6	"Present ([0500])" As 1,4-Dichloro-2-butene [764-41-0]
110-58-7	Present ([2791])
110-59-8	Present ([2174])
110-60-1	Present ([0221])
110-61-2	Present ([0222])
110-62-3	Present ([2178])
110-65-6	Present ([0563])
110-66-7	Present ([2175])
110-68-9	Present ([1169])
110-69-0	Present ([0229])
110-71-4	Present ([0488])
110-74-7	Present ([1184])
110-75-8	Present ([2663])
110-77-0	Present ([1643])
110-78-1	Present ([2730])
110-80-5	Present ([2575])
110-82-7	Present ([0953])
110-83-8	Present ([0954])
110-85-0	Present ([1602])
110-86-1	Present ([0098])
110-88-3	Present ([1818])
110-89-4	Present ([1601])
110-91-8	Present ([1566])
110-96-3	Present ([0712])
110-97-4	Present ([0707])
11000-95-6	"Present ([0177])" As Digoxin [20830-75-5]
11004-49-2	"Present ([0170])" As Maneb [12427-38-2]
11004-81-2	"Present ([2581])" As Sodium o-(ethylmercurithio)benzoate [54-64-8]
11005-63-3	Present ([0251])
110123-48-3	"Present (suspended in kerosene, [1217])" As Lanthanum [7439-91-0]
110123-49-4	"Present (suspended in kerosene, [1968]); Present (powder and scrap, [1968])" As Cerium [7440-45-1]
11017-04-2	"Present (hypertoxic chemical, [1202])" As Saxitoxin [35523-89-8]
11017-26-8	"Present ([0928])" As 6.beta.-Acetoxy-3.beta.(.beta.-D-glucopyranosyloxy)-8,14-dihydroxybufa-4,20,22-trienolide [507-60-8]
11018-89-6	"Present ([0250])" As Ouabain [630-60-4]
110549-12-7	"Present ([1037])" As 1-Butanethiol, 2-methyl- [1878-18-8]
110616-89-2	"Present (content >4%, hypertoxic chemical, [0662])" As Parathion [56-38-2]
110622-74-7	"Present ([1774])" As Boron trifluoride-diethyl etherate [109-63-7]
110648-35-6	"Present ([2710])" As Isophorone diisocyanate [4098-71-9]
11066-49-2	"Present ([1725])" As Nonylphenols [25154-52-3]
110670-33-2	"Present ([1908])" As Triethylenetetramine [112-24-3]
110681-06-6	"Present ([1017])" As Benzene, 1,3-diisocyanatomethyl- [26471-62-5]
11070-05-6	"Present ([2740])" As Isooctane [26635-64-3]
11075-32-4	"Present ([2681])" As Copper acetoarsenite [12002-03-8]
1107613-92-2	"Present (powder, [1377])" As Aluminum [7429-90-5]
1107614-02-7	"Present (powder, [1377])" As Aluminum [7429-90-5]
11085-35-1	"Present ([1244])" As Zinc hydrosulfite [7779-86-4]
11086-18-3	"Present ([2405])" As Thallium bromide [7789-40-4]
110883-84-6	"Present ([2450])" As Sulfurous acid [7782-99-2]
11089-41-1	"Present ([0191])" As Thallium(I) iodide [7790-30-9]
11091-65-9	"Present ([0790])" As Calcium alloys [RR-14674-7]
11095-17-3	"Present ([0366])" As Dichlorvos [62-73-7]
11096-21-2	"Present ([0366])" As Dichlorvos [62-73-7]
11096-45-0	"Present ([1535]); Present (solution, [1535])" As Sodium chlorate [7775-09-9]
11096-67-6	"Present ([0404])" As Malathion [121-75-5]
11096-82-5	"Present ([0274])" As 1,1'-Biphenyl, chloro derivatives [1336-36-3]
11097-69-1	"Present ([0274])" As 1,1'-Biphenyl, chloro derivatives [1336-36-3]
110972-57-1	Present (content <=52%, with type A thinner >=48%, [0861])
110972-89-9	"Present ([1441])" As Chloroplatinic acid [16941-12-1]
11098-16-1	"Present ([1726])" As Nonylphenol ethoxylates [9016-45-9]
111-14-8	Present ([0828])
111-15-9	Present ([2648])
111-19-3	Present ([0848])
111-25-1	Present ([2407])
111-26-2	Present ([2785])
111-30-8	Present ([2169])
111-31-9	Present ([0999])
111-34-2	Present (stabilized, [2766])
111-36-4	Present ([2731])
111-40-0	Present ([0636])
111-42-2	Present ([0566])
111-43-3	Present ([2758])
111-44-4	Present ([0531])
111-47-7	Present ([0326])
111-49-9	Present ([1376])
111-50-2	Present ([0996])
111-64-8	Present ([2357])
111-65-9	Present ([2799])
111-66-0	Present ([2355])
111-67-1	Present ([2356])
111-68-2	Present ([2780])
111-69-3	Present ([0991])
111-71-7	Present ([2781])
111-76-2	Present ([0249])
111-78-4	Present ([0972])
111-84-2	Present ([1728])
111-88-6	Present ([2798])
111-92-2	Present ([0718])
111-94-4	Present ([2439])
111-97-7	Present ([1275])
11100-14-4	"Present ([0274])" As 1,1'-Biphenyl, chloro derivatives [1336-36-3]
11103-60-9	"Present ([1726])" As Nonylphenol ethoxylates [9016-45-9]
11103-67-6	"Present ([1375])" As 1,3,5,7-Tetraazatricyclo[3.3.1.1(3,7)]decane [100-97-0]
11104-28-2	"Present ([0274])" As 1,1'-Biphenyl, chloro derivatives [1336-36-3]
11104-73-7	"Present ([1450])" As Chlorodifluorobromomethane [353-59-3]
11107-93-0	"Present ([1726])" As Nonylphenol ethoxylates [9016-45-9]
111093-75-5	"Present ([2710])" As Isophorone diisocyanate [4098-71-9]
1111-78-0	Present ([0027])
1111-89-3	"Present ([1519])" As Methyl chloride [74-87-3]
11111-31-2	"Present ([0366])" As Dichlorvos [62-73-7]
11111-91-4	"Present (content >4%, hypertoxic chemical, [0662])" As Parathion [56-38-2]
11113-50-1	"Present ([1609])" As Boric acid (H3BO3) [10043-35-3]
11114-31-1	"Present ([0396])" As Methidathion [950-37-8]
11115-74-5	"Present (solution, [0823])" As Chromic acid (H2CrO4) [7738-94-5]
11116-34-0	"Present ([0643])" As Carbon dioxide and ethylene oxide mixtures [8070-50-6]
11118-65-3	Present (content <=67%, with type B thinner <=33%, [0890])
11120-22-2	Present ([0844])
11125-23-8	"Present ([2188])" As Selenium [7782-49-2]
11125-27-2	"Present ([0790])" As Calcium alloys [RR-14674-7]
11126-72-0	"Present ([0366])" As Dichlorvos [62-73-7]
11126-73-1	"Present ([0480])" As Cacodylic acid [75-60-5]
111274-79-4	"Present ([1719])" As 1-Octanesulfonic acid, 1,1,2,2,3,3,4,4,5,5,6,6,7,7,8,8,8-heptadecafluoro-, potassium salt [2795-39-3]
11128-53-3	"Present ([0796]); Present ([1616], listed under Potassium meta-periodate)" As Potassium periodate [7790-21-8]
1113-02-6	Present ([0400])
11130-13-5	"Present ([0860])" As Perboric acid, sodium salt [11138-47-9]
11130-46-4	"Present ([0643])" As Carbon dioxide and ethylene oxide mixtures [8070-50-6]
11130-60-2	"Present ([0404])" As Malathion [121-75-5]
11133-88-3	"Present ([2188])" As Selenium [7782-49-2]
111341-24-3	"Present (in Acetic anhydride, solution, [0801]); Present (content 50-72%, [0798]); Present (content >72%, [0798]); Present (content <=50%, [0798])" As Perchloric acid [7601-90-3]
11135-81-2	Present ([1206])
11138-47-9	Present ([0860])
11140-60-6	"Present ([2470])" As Selenious acid [7783-00-8]
11141-16-5	"Present ([0274])" As 1,1'-Biphenyl, chloro derivatives [1336-36-3]
11144-15-3	"Present ([1289])" As Hydrogen sulfide [7783-06-4]
111487-88-8	"Present ([0347])" As Dicyclohexylamine [101-83-7]
111487-93-5	"Present ([0347])" As Dicyclohexylamine [101-83-7]
111522-94-2	"Present ([0347])" As Dicyclohexylamine [101-83-7]
1116-54-7	Present ([2205])
1116-70-7	Present ([1755])
111623-62-2	"Present ([1726])" As Nonylphenol ethoxylates [9016-45-9]
1118-14-5	Present (hypertoxic chemical, [2642])
111883-06-8	"Present ([1293])" As Sodium hydrosulfide [16721-80-5]
111910-53-3	"Present ([2450])" As Sulfurous acid [7782-99-2]
111922-61-3	"Present ([2006])" As Ziram [137-30-4]
111941-10-7	"Present ([1571])" As Kerosine, petroleum [8008-20-6]
1119449-41-0	"Present (compressed or liquefied, [0172])" As Nitrogen [7727-37-9]
112-04-9	Present ([1950])
112-16-3	Present ([1955])
112-24-3	Present ([1908])
112-52-7	"Present ([0253])" As Alkanes, C10-13, chloro [85535-84-8]
112-55-0	Present ([1953])
112-57-2	Present ([2086])
112-64-1	Present ([1961])
112-67-4	Present ([1957])
112-76-5	Present ([1952])
112-96-9	Present ([2725])
112068-71-0	"Present (solution, [1173])" As Formaldehyde [50-00-0]
112186-06-8	"Present ([2187])" As Allyl glycidyl ether [106-92-3]
1123533-24-3	"Present ([0414])" As 2,6-Xylidine [87-62-7]
112360-55-1	"Present ([1804])" As 1,6-Hexanediamine, 2,2,4(or 2,4,4)-trimethyl- [25513-64-8]
1124-18-1	"Present ([1014])" As Toluene [108-88-3]
1124-31-8	Present ([0262])
112415-59-5	"Present ([2633])" As Phenylmercuric acetate [62-38-4]
1124383-17-0	"Present ([0799])" As Ammonium perchlorate [7790-98-9]
112488-51-4	"Present ([1922])" As Tripropylamine [102-69-2]
1125-27-5	Present ([2596])
1125-80-0	Present ([1163])
112509-36-1	"Present ([1726])" As Nonylphenol ethoxylates [9016-45-9]
1126-78-9	Present ([2763])
112771-47-8	"Present ([1743])" As Phosphine, triphenyl- [603-35-0]
112797-74-7	"Present ([2105])" As Tetraisopropyl titanate [546-68-9]
1128070-79-0	"Present ([2164])" As Antimony oxide (Sb2O5) [1314-60-9]
1129282-73-0	"Present ([1597])" As Butanenitrile, 2,2'-azobis[2-methyl- [13472-08-7]
1129867-34-0	"Present ([1125])" As Methanesulfonic acid [75-75-2]
113152-37-7	"Present ([0276])" As Benzene, 1,1'-oxybis-, bromo derivatives [90193-67-2]
113170-85-7	"Present ([2581])" As Sodium o-(ethylmercurithio)benzoate [54-64-8]
113172-79-5	"Present ([1626])" As Benzene, 1,1'-oxybis-, heptabromo derivative [68928-80-3];
113244-42-1	"Present ([2166])" As 2-Pentanol [6032-29-7]
1133-17-1	"Present (with free Sulphuric acid, [2130])" As Aryl sulphonic acid [RR-14924-6]
113339-22-3	"Present ([2131])" As Lithium alkyls [RR-01350-3]
1134-85-6	"Present (dry or wetted with <15% water, [0596])" As Dinitrophenolates [RR-00263-1]
1135441-25-6	"Present ([2760])" As Benomyl [17804-35-2]
1135443-08-1	"Present ([2004])" As Thiram [137-26-8]
1135443-10-5	"Present ([2006])" As Ziram [137-30-4]
1135443-40-1	"Present ([2444])" As Phosphonic acid [H(P=O)(OH)2] [13598-36-2]
1135443-45-6	"Present ([1356])" As Hexachlorobenzene [118-74-1]
1135443-48-9	"Present ([2154])" As Pentachloronitrobenzene [82-68-8]
1135443-67-2	"Present (hypertoxic chemical, [2144])" As Pentachlorophenol [87-86-5]
1135443-72-9	"Present ([1245])" As Biphenyl [92-52-4]
1135443-74-1	"Present ([0311])" As Diphenylamine [122-39-4]
113584-74-0	"Present ([1288])" As Sodium sulfide [1313-82-2]
113783-48-5	"Present ([1818])" As 1,3,5-Trioxane [110-88-3]
113835-49-7	"Present ([2103])" As Thallium [7440-28-0]
113962-65-5	"Present ([2507], listed under Hydrochloric acid); Present (anhydrous, [1475])" As Hydrochloric acid [7647-01-0]
113962-66-6	"Present (powder, [1377])" As Aluminum [7429-90-5]
114057-15-7	"Present ([0460])" As N,N-Dimethylformamide [68-12-2]
114101-89-2	"Present ([1726])" As Nonylphenol ethoxylates [9016-45-9]
1141787-00-9	"Present ([0707])" As Diisopropanolamine [110-97-4]
1142-64-9	Present ([2145])
114272-35-4	"Present ([2608])" As 2-Ethylhexylamine [104-75-6]
114415-79-1	"Present ([0065])" As Benzenesulfonyl chloride [98-09-9]
114492-02-3	"Present ([1773])" As Boron, (ethanamine)trifluoro-, (T-4)- [75-23-0]
1146-65-2	"Present ([1585])" As Naphthalene [91-20-3]
114675-70-6	"Present (anhydrous, [1339])" As Hexafluorophosphoric acid [16940-81-1]
114749-73-4	"Present ([2810])" As 1-Naphthalenesulfonyl chloride, 3-diazo-3,4-dihydro-4-oxo- [36451-09-9]
1149373-13-6	"Present ([2105])" As Tetraisopropyl titanate [546-68-9]
114975-29-0	"Present ([1104])" As N,N-Dimethylaminoethyl methacrylate [2867-47-2]
115-07-1	Present ([0140])
115-08-2	Present ([1277])
115-09-3	Present ([1468])
115-10-6	Present ([0479])
115-11-7	Present ([2708])
115-17-3	Present ([1904])
115-19-5	Present ([1065])
115-21-9	Present ([2616])
115-25-3	Present ([0039])
115-26-4	Present (content >2%, hypertoxic chemical, [2005])
115-29-7	Present ([1355])
115-31-1	Present ([0108])
115-80-0	Present ([2745])
115-90-2	Present (content >4%, hypertoxic chemical, [0673])
1151794-16-9	"Present ([2086])" As Tetraethylenepentamine [112-57-2]
115182-35-9	"Present (hypertoxic chemical, [1079])" As Methamidophos [10265-92-6]
1151915-97-7	"Present (stabilized, [1110])" As Butyl methacrylate [97-88-1]
115216-77-8	"Present ([2488])" As Nitrous acid, barium salt [13465-94-6]
115254-44-9	"Present ([2086])" As Tetraethylenepentamine [112-57-2]
115449-98-4	"Present ([1125])" As Methanesulfonic acid [75-75-2]
1154866-91-7	"Present ([2761])" As 1-Butanol [71-36-3]
115633-92-6	"Present ([2081])" As Benzene, 1,1'-oxybis-, tetrabromo derivative [40088-47-9];
1156543-56-4	"Present (solution, [1173])" As Formaldehyde [50-00-0]
1158237-02-5	"Present (solution, [1173])" As Formaldehyde [50-00-0]
115827-11-7	"Present ([1640])" As Aldol [107-89-1]
116-06-3	Present (hypertoxic chemical, [1081])
116-14-3	Present (stabilized, [2028])
116-15-4	Present ([1335])
116-16-5	Present ([1357])
116-54-1	Present ([0554])
116010-52-7	"Present ([1964])" As Naphtha [8030-30-6]
116047-10-0	"Present ([0386])" As Paraquat ion [4685-14-7]
116082-38-3	"Present ([1271])" As Phosphoric acid, tris(methylphenyl) esters [1330-78-5]
1161074-30-1	"Present (stabilized, [0096])" As Styrene [100-42-5]
116134-09-9	"Present ([0476])" As 2-(Dimethylamino)ethanol [108-01-0]
1161430-81-4	"Present (anhydrous, [1842]); Present (solution, [1842])" As Aluminum chloride [7446-70-0]
1161851-82-6	"Present ([0911])" As Sodium percarbonate [15630-89-4]
1162648-93-2	"Present ([1480]); Present (solution, [1480])" As Zinc chloride [7646-85-7]
1163-19-5	"Present ([0276])" As Benzene, 1,1'-oxybis-, bromo derivatives [90193-67-2]
1163687-50-0	"Present ([1726])" As Nonylphenol ethoxylates [9016-45-9]
116443-03-9	"Present ([1926])" As Gallium arsenide [1303-00-0]
1165-48-6	Present ([0408])
116502-43-3	"Present ([1118])" As Heptane, 3-methyl- [589-81-1]
116502-45-5	"Present ([1127])" As 3-Methylhexane [589-34-4]
116584-22-6	"Present ([1595])" As Pentanenitrile, 2,2'-azobis[2,4-dimethyl- [4419-11-8]
116638-29-0	"Present ([1348])" As Silanamine, 1,1,1-trimethyl-N-(trimethylsilyl)- [999-97-3]
116698-48-7	"Present ([2660])" As sec-Butyl acetate [105-46-4]
1167055-09-5	"Present ([0779])" As Potassium heptafluorotantalate [16924-00-8]
116711-78-5	"Present ([1726])" As Nonylphenol ethoxylates [9016-45-9]
116723-72-9	"Present ([0003])" As Isophorone diamine [2855-13-2]
116788-91-1	"Present ([0366])" As Dichlorvos [62-73-7]
116804-25-2	"Present ([1029])" As Cresol, all isomers [1319-77-3]
116995-32-5	"Present ([1626])" As Benzene, 1,1'-oxybis-, heptabromo derivative [68928-80-3];
116995-33-6	"Present ([1368])" As Benzene, 1,1'-oxybis-, hexabromo derivative [36483-60-0];
117-08-8	Present ([2061])
117-80-6	Present ([0496])
117011-47-9	"Present (powder, [2121])" As Antimony [7440-36-0]
117176-66-6	"Present ([2589])" As Isofenphos [25311-71-1]
117277-88-0	"Present ([2037])" As Tetramethylammonium hydroxide [75-59-2]
1173018-35-3	"Present ([1519])" As Methyl chloride [74-87-3]
1173023-23-8	"Present ([0049]); Present ([0167], listed under Crude benzene); Present ([2825], listed under Heavy benzene)" As Benzene [71-43-2]
1173023-73-8	"Present ([1177])" As Methyl formate [107-31-3]
1173023-83-0	"Present ([1022])" As Methyl alcohol [67-56-1]
1173151-60-4	"Present ([1618])" As Sodium metasilicate [6834-92-0]
117442-70-3	"Present ([2737])" As Butanoic acid, 3-methyl-, ethyl ester [108-64-5]
1175509-65-5	"Present (with >10% but <=10.7% available Oxygen, type A thinner >=48%, [0891]); Present (with <=10% available Oxygen, type A thinner >=55%, [0891]); Present (with <=8.2% available Oxygen, type A thinner >=60%, [0891])" As Methyl ethyl ketone peroxide [1338-23-4]
117663-11-3	"Present (content <=52%, with type A thinner >=48%, [0285])" As Di-(2-neodecanoylperoxyisopropyl)benzene [RR-01800-8]
1178564-64-1	"Present ([0771])" As Fluoroboric acid [16872-11-0]
117925-64-1	"Present ([1719])" As 1-Octanesulfonic acid, 1,1,2,2,3,3,4,4,5,5,6,6,7,7,8,8,8-heptadecafluoro-, potassium salt [2795-39-3]
117948-63-7	"Present ([1626])" As Benzene, 1,1'-oxybis-, heptabromo derivative [68928-80-3];
117964-21-3	"Present ([0276])" As Benzene, 1,1'-oxybis-, bromo derivatives [90193-67-2]
1179814-34-6	"Present ([0286])" As Phosphoric acid, bis(2-ethylhexyl) ester [298-07-7]
117989-71-6	"Present (content >51% but <=100%, with inert solid <=48%, [0874]); Present (content >35% but <=52%, with inert solid >=48%, [0874]); Present (content >=36% but <=42%, with type A thinner >=18%, water <=40%, [0874]); Present (content >=77% but <=94%, with water >=6%, [0874]); Present (content <=42%, stable dispersion in water, [0874]); Present (content <=62%, with inert solid >=28%, water >=10%, [
118-02-5	Present ([0634])
118-44-5	Present ([2584])
118-69-4	Present ([0538])
118-74-1	Present ([1356])
118-96-7	Present ([1883])
118093-18-8	"Present (content >90% but <=100%, [0377]); Present (content >=52% but <=90%, with type A thinner >=10%, [0377]); Present (content <=52%, with type A thinner >=48%, [0377]); Present (content <=77%, [0377]); Present (paste, content <=47%, [0377])" As 2,5-Dimethyl-2,5-di(tert-butylperoxy)hexane [78-63-7]
118127-10-9	"Present (anhydrous, [1339])" As Hexafluorophosphoric acid [16940-81-1]
118129-39-8	"Present (content <=57%, with type A thinner >=43%, [0303])" As Peroxide, (1-methylpropylidene)bis[(1,1-dimethylpropyl) [13653-62-8]
1184-57-2	Present ([1641])
1186-52-3	"Present (content >80%, [2630]); Present (content >10% but <=80%, [2630])" As Acetic acid [64-19-7]
1186-53-4	"Present ([1728])" As Nonanes [RR-04090-4]
1186289-22-4	"Present ([2710])" As Isophorone diisocyanate [4098-71-9]
1186289-23-5	"Present ([1017])" As Benzene, 1,3-diisocyanatomethyl- [26471-62-5]
118648-53-6	"Present ([1774])" As Boron trifluoride-diethyl etherate [109-63-7]
1187028-37-0	"Present (stabilized, [1561])" As Vinyl chloride [75-01-4]
1187488-61-4	"Present ([2386])" As 1-Propyne, 3-bromo- [106-96-7]
1187680-46-1	"Present ([0758])" As Potassium fluoride (K(HF2)) [7789-29-9]
118815-04-6	"Present ([2105])" As Tetraisopropyl titanate [546-68-9]
1189-85-1	Present (solution in Carbon tetrachloride, [0824])
1189671-44-0	"Present ([0805])" As Magnesium perchlorate [10034-81-8]
119-26-6	Present ([0601])
119-27-7	Present ([0599])
119-32-4	Present ([2220])
119-33-5	Present ([2221])
119-38-0	Present (content >20%, hypertoxic chemical, [2685])
119-90-4	Present ([0485])
119-93-7	Present ([0387])
1190407-73-8	"Present ([1565])" As Maleic anhydride [108-31-6]
1190921-64-2	"Present ([0368])" As N,N-Dimethyl-1,3-propanediamine [109-55-7]
1191-15-7	"Present ([2132])" As Aluminum alkyl hydrides [RR-01361-6]
1191-80-6	Present ([2743])
119264-50-5	"Present ([1372])" As Hexabromobiphenyl [36355-01-8]
119264-51-6	"Present ([1372])" As Hexabromobiphenyl [36355-01-8]
119264-52-7	"Present ([1372])" As Hexabromobiphenyl [36355-01-8]
119264-53-8	"Present ([1372])" As Hexabromobiphenyl [36355-01-8]
119264-59-4	"Present ([0045])" As 1,1'-Biphenyl, ar,ar,ar,ar,ar',ar',ar',ar'-octabromo- [27858-07-7]
119264-60-7	"Present ([0045])" As 1,1'-Biphenyl, ar,ar,ar,ar,ar',ar',ar',ar'-octabromo- [27858-07-7]
119264-61-8	"Present ([0045])" As 1,1'-Biphenyl, ar,ar,ar,ar,ar',ar',ar',ar'-octabromo- [27858-07-7]
1193-80-2	"Present (stabilized, [0096])" As Styrene [100-42-5]
1194719-36-2	"Present (hypertoxic chemical, [0481])" As Strychnine [57-24-9]
1195-32-0	Present ([2669])
1195340-33-0	"Present (hypertoxic chemical, [0486])" As Brucine [357-57-3]
1195388-85-2	"Present ([0284])" As Hexachlorophene [70-30-4]
119540-51-1	"Present ([1302])" As Sulfuric acid [7664-93-9]
1195521-13-1	"Present (content >10%, hypertoxic chemical, [1353])" As Isodrin [465-73-6]
1195623-19-8	"Present (hypertoxic chemical, [0486])" As Brucine [357-57-3]
1196-39-0	Present ([1164])
119630-46-5	"Present (in Acetic anhydride, solution, [0801]); Present (content 50-72%, [0798]); Present (content >72%, [0798]); Present (content <=50%, [0798])" As Perchloric acid [7601-90-3]
119651-13-7	"Present ([2105])" As Tetraisopropyl titanate [546-68-9]
1196968-39-4	"Present (stabilized, [1105])" As Methyl methacrylate [80-62-6]
119775-09-6	"Present (anhydrous, [2550]); Present (solution, [2550])" As Methylamine [74-89-5]
119775-10-9	"Present (aqueous solution, with <=64% Hydrazine, [1225]); Present (anhydrous, with >64% Hydrazine, [2134])" As Hydrazine [302-01-2]
1197872-06-2	"Present (stabilized, [0143])" As Acrylonitrile [107-13-1]
1198090-46-8	"Present (stabilized, [0096])" As Styrene [100-42-5]
1198293-68-3	"Present ([0154])" As Acrylamide [79-06-1]
1198579-87-1	"Present ([1743])" As Phosphine, triphenyl- [603-35-0]
1199811-14-7	"Present ([2710])" As Isophorone diisocyanate [4098-71-9]
119990-11-3	"Present ([0637])" As Nitrogen dioxide [10102-44-0]
120-12-7	Present ([1224], listed under Refined anthracene); Present ([0168], listed under Crude anthracene)
120-22-9	Present ([2482])
120-36-5	Present ([0518])
120-71-8	Present ([1074])
120-80-9	Present ([0056])
120-82-1	Present ([1836])
120-83-2	Present ([0511])
120-92-3	Present ([0968])
12001-28-4	"Present ([1963])" As Asbestos [1332-21-4]
12001-29-5	"Present ([1963])" As Asbestos [1332-21-4]
12001-85-3	Present ([0964])
12002-03-8	Present ([2681])
12002-19-6	Present ([0931])
12003-41-7	Present (powder, [0847])
1200454-07-4	"Present ([0710])" As 2-Propanamine, N-ethyl-N-(1-methylethyl)- [7087-68-5]
12006-40-5	Present ([1928])
1200828-44-9	"Present ([1915])" As Triethylamine [121-44-8]
120126-85-4	"Present ([2709])" As Isobutyrylchloride [79-30-1]
12013-55-7	Present ([0839])
12013-56-8	Present ([0838])
120144-37-8	"Present ([0757])" As Ammonium bifluoride [1341-49-7]
1201695-24-0	"Present ([0100])" As 1H-Pyrrole [109-97-7]
12018-32-5	"Present ([2820])" As Disodium dichromate [10588-01-9]
12020-82-5	"Present ([0758])" As Potassium fluoride (K(HF2)) [7789-29-9]
12021-97-5	"Present ([0739])" As Zirconium potassium fluoride [16923-95-8]
12022-03-6	"Present ([0779])" As Potassium heptafluorotantalate [16924-00-8]
1202388-20-2	"Present ([1726])" As Nonylphenol ethoxylates [9016-45-9]
1202388-26-8	"Present ([1726])" As Nonylphenol ethoxylates [9016-45-9]
1202391-51-2	"Present ([0743])" As Silicate(2-), hexafluoro-, disodium [16893-85-9]
1202864-64-9	"Present ([0740])" As Fluorosilicic acid [16961-83-4]
1202864-86-5	"Present ([1260])" As Calcium phosphide [1305-99-3]
1202864-94-5	"Present (with >0.1% Calcium carbide, [1676])" As Calcium cyanamide [156-62-7]
1202864-97-8	"Present ([1014])" As Toluene [108-88-3]
1202865-10-8	"Present (stabilized, [2668])" As Vinyltoluenes [25013-15-4]
1202865-27-7	"Present (compressed or liquefied, [0642])" As Carbon dioxide [124-38-9]
12029-98-0	Present ([2160])
12030-88-5	Present ([0159])
12031-80-0	Present ([0895])
12032-44-9	"Present (pellet, turning or ribbon, with >50% Magnesium, [1573])" As Magnesium alloys containing more than 50 percent magnesium, powder [RR-12215-6]
12034-12-7	Present ([0160])
1203558-43-3	"Present (with >0.1% Calcium carbide, [1676])" As Calcium cyanamide [156-62-7]
12036-78-1	"Present ([1330])" As Vanadyl sulfate [27774-13-6]
12037-82-0	Present ([1625])
12039-13-3	Present ([0493])
12042-65-8	"Present ([0790])" As Calcium alloys [RR-14674-7]
1204229-13-9	"Present ([1017])" As Benzene, 1,3-diisocyanatomethyl- [26471-62-5]
12043-47-9	"Present ([0790])" As Calcium alloys [RR-14674-7]
12044-50-7	"Present (hypertoxic chemical, [2163])" As Arsenic pentoxide [1303-28-2]
1204746-08-6	"Present ([1017])" As Benzene, 1,3-diisocyanatomethyl- [26471-62-5]
12048-46-3	"Present (pellet, turning or ribbon, with >50% Magnesium, [1573])" As Magnesium alloys containing more than 50 percent magnesium, powder [RR-12215-6]
1204812-53-2	"Present ([0331])" As Dibutyltin dilaurate [77-58-7]
12049-69-3	"Present ([0888])" As Calcium peroxide (Ca(O2)) [1305-79-9]
12049-73-9	"Present ([0790])" As Calcium alloys [RR-14674-7]
12055-09-3	Present ([0725])
120551-51-1	"Present ([2106])" As Tetrapropylorthotitanate [3087-37-4]
12056-29-0	"Present ([1205])" As Potassium, metal alloys [RR-01337-6]
12057-71-5	Present ([0174])
12057-74-8	Present ([1264])
12057-75-9	"Present (pellet, turning or ribbon, with >50% Magnesium, [1573])" As Magnesium alloys containing more than 50 percent magnesium, powder [RR-12215-6]
120575-45-3	"Present ([0627])" As 1,2-Dibromopropane [78-75-1]
12058-85-4	Present ([1265])
12060-19-4	"Present (hypertoxic chemical, [2087])" As Osmium tetroxide [20816-12-0]
12066-62-5	"Present ([2142])" As Phosphorus pentasulfide [1314-80-3]
12069-00-0	Present ([2190])
12075-68-2	Present ([1846])
12076-83-4	"Present ([1845])" As Methyl aluminum sesquichloride [12542-85-7]
12080-90-9	"Present ([1462])" As Diethylaluminum chloride [96-10-6]
120859-32-7	"Present ([2443])" As 4,4'-Methylenedianiline [101-77-9]
120893-78-9	"Present ([1322])" As Hydroxylamine sulfate (2:1) [10039-54-0]
120991-47-1	"Present ([1372])" As Hexabromobiphenyl [36355-01-8]
120991-48-2	"Present ([1372])" As Hexabromobiphenyl [36355-01-8]
121-03-9	"Present (with free Sulphuric acid, [2130])" As Aryl sulphonic acid [RR-14924-6]
121-14-2	Present ([0607])
121-17-5	Present ([2223])
121-19-7	Present ([2224])
121-43-7	Present ([1610])
121-44-8	Present ([1915])
121-45-9	Present ([2448])
121-46-0	Present ([0346])
121-51-7	Present ([2237])
121-57-3	Present ([0254])
121-65-3	"Present (with free Sulphuric acid, [2130])" As Aryl sulphonic acid [RR-14924-6]
121-69-7	Present ([0417])
121-73-3	Present ([1545])
121-75-5	Present ([0404])
121-82-4	Present (wetted with >=15% water, [0957]); Present (desensitized, [0957])
121-87-9	Present ([1413])
121-88-0	Present ([2216])
121-90-4	Present ([2244])
1211266-59-9	"Present ([0318])" As 4,4'-Methylenediphenyl diisocyanate [101-68-8]
1211316-62-9	"Present ([2710])" As Isophorone diisocyanate [4098-71-9]
1211316-64-1	"Present ([0318])" As 4,4'-Methylenediphenyl diisocyanate [101-68-8]
1211316-67-4	"Present ([1017])" As Benzene, 1,3-diisocyanatomethyl- [26471-62-5]
121182-78-3	"Present (anhydrous, [2568])" As Ethyl alcohol [64-17-5]
12124-87-7	"Present ([2792])" As Pentanoic acid [109-52-4]
12125-01-8	Present ([0744])
12125-08-5	Present ([1448])
12125-10-9	"Present ([1227])" As Antimony potassium tartrate trihydrate [28300-74-5]
12125-33-6	"Present ([0170])" As Maneb [12427-38-2]
12125-47-2	"Present ([0317])" As Benzene, 1,1'-methylenebis[isocyanato- [26447-40-5]
121263-57-8	"Present ([1772])" As Boron trifluoride compound with methyl ether [353-42-4]
1213224-27-1	"Present (stabilized, [0223])" As 1,3-Butadiene [106-99-0]
12133-28-7	Present ([1292])
12133-32-3	"Present (pellet, turning or ribbon, with >50% Magnesium, [1573])" As Magnesium alloys containing more than 50 percent magnesium, powder [RR-12215-6];
12135-17-0	"Present ([0024])" As Lithium amide [7782-89-0]
12135-76-1	Present (solution, [1283])
12135-77-2	"Present (solution, [0271])" As Ammonium polysulfide [9080-17-5]
12136-45-7	Present ([2535])
12136-89-9	"Present (hypertoxic chemical, [0217])" As Sodium azide [26628-22-8]
12141-20-7	Present ([2446])
121448-83-7	"Present ([1964])" As Naphtha [8030-30-6]
1214720-55-4	"Present ([2192])" As Iron selenide (FeSe) [1310-32-3]
121525-84-6	"Present ([0911])" As Sodium percarbonate [15630-89-4]
121535-48-6	"Present (content >42% but <=100%, with inert solid <=57%, [0902]); Present (content <=42%, with inert solid >=58%, [0902])" As Peroxide, [1,3(or 1,4)-phenylenebis(1-methylethylidene)]bis[(1,1-dimethylethyl) [25155-25-3]
121630-48-6	"Present (powder, [1377])" As Aluminum [7429-90-5]
121631-13-8	"Present (wetted with >=15% water, [0961]); Present (desensitized, [0961])" As Cyclotetramethylenetetranitramine [2691-41-0]
12165-69-4	Present ([1822])
1216569-45-7	"Present (stabilized, [2668])" As Vinyltoluenes [25013-15-4]
121714-78-1	"Present ([1850]); Present (solution, [1850])" As Iron trichloride [7705-08-0]
1217187-52-4	"Present ([1964])" As Naphtha [8030-30-6]
12172-67-7	"Present ([1963])" As Asbestos [1332-21-4]
12172-73-5	"Present ([1963])" As Asbestos [1332-21-4]
12178-83-5	"Present ([1850]); Present (solution, [1850])" As Iron trichloride [7705-08-0]
12185-10-3	Present ([0046])
12192-35-7	"Present ([2107])" As Calcium carbide [75-20-7]
122-01-0	Present ([1426])
122-04-3	Present ([2245])
122-39-4	Present ([0311])
122-46-3	Present ([2639])
122-51-0	Present ([2747])
122-52-1	Present ([2449])
122-56-5	Present ([1757])
122-60-1	Present ([0978])
122-66-7	Present ([0324])
122-80-5	Present ([2675])
12200-64-5	"Present ([1669]); Present (solution, content >=30%, [1669])" As Sodium hydroxide [1310-73-2]
1220110-47-3	"Present ([2088])" As Dinitrogen tetraoxide [10544-72-6]
1220313-65-4	"Present ([0318])" As 4,4'-Methylenediphenyl diisocyanate [101-68-8]
12205-44-6	Present ([0843])
12206-83-6	"Present ([0779])" As Potassium heptafluorotantalate [16924-00-8]
12207-63-5	Present ([0268])
12210-47-8	"Present ([1330])" As Vanadyl sulfate [27774-13-6]
1221168-60-0	"Present (stabilized, [0143])" As Acrylonitrile [107-13-1]
122141-73-5	"Present ([0771])" As Fluoroboric acid [16872-11-0]
12221-03-3	"Present ([1085])" As p-Toluidine [106-49-0]
12227-74-6	"Present ([0021])" As p-Aminodiphenylamine [101-54-2]
12230-71-6	"Present ([1666])" As Barium hydroxide (Ba(OH)2) [17194-00-2]
12231-51-5	"Present ([2529])" As Barium oxide [1304-28-5]
12236-56-5	"Present ([0306])" As 1,3-Benzenediamine, 4-methyl- [95-80-7]
1224515-43-8	"Present ([0178])" As Cadmium telluride (CdTe) [1306-25-8]
122526-47-0	"Present ([1142])" As 1-Octanesulfonamide, 1,1,2,2,3,3,4,4,5,5,6,6,7,7,8,8,8-heptadecafluoro-N-methyl- [31506-32-8]
12254-95-4	"Present ([1926])" As Gallium arsenide [1303-00-0]
12259-92-6	"Present (solution, [0271])" As Ammonium polysulfide [9080-17-5]
12262-09-8	"Present ([1586])" As 1-Naphthylamine [134-32-7]
12262-56-5	"Present ([1326]); Present (solution, [1326])" As Sodium bisulfate [7681-38-1]
12262-63-4	"Present ([2230])" As Benzenamine, 3-nitro- [99-09-2]
12263-76-2	"Present ([0899])" As Urea peroxide [124-43-6]
12263-85-3	Present ([1900])
1226792-00-2	"Present ([0911])" As Sodium percarbonate [15630-89-4]
1227277-87-3	"Present (stabilized, [1105])" As Methyl methacrylate [80-62-6]
1227476-28-9	"Present (solution, [1173])" As Formaldehyde [50-00-0]
122775-19-3	"Present ([0154])" As Acrylamide [79-06-1]
1228931-66-5	"Present ([1740])" As Tris(2,3-dibromopropyl) phosphate [126-72-7]
1228935-67-8	"Present (solid, [1379]); Present (solution, [1379])" As Sodium aluminate (NaAlO2) [1302-42-7]
122961-18-6	"Present ([2800])" As Phenol, 4-nonyl-, branched [84852-15-3]
12299-46-6	"Present ([0495])" As Selenium sulfide (SeS2) [7488-56-4]
1229972-04-6	"Present ([1565])" As Maleic anhydride [108-31-6]
123-05-7	Present ([2609])
123-15-9	Present ([1153])
123-19-3	Present ([0831])
123-20-6	Present (stabilized, [2773])
123-23-9	Present (content >72% but <=100%, [0876]); Present (content <=72%, [0876])
123-30-8	Present ([0009])
123-31-9	Present ([0058])
123-38-6	Present ([0122])
123-42-2	Present ([1636])
123-51-3	Present ([1036])
123-54-6	Present ([2170])
123-62-6	Present ([0127])
123-63-7	Present ([1820])
123-66-0	Present ([2788])
123-72-8	Present ([2770])
123-73-9	"Present ([0245])" As Crotonaldehyde [4170-30-3]
123-75-1	Present ([2069])
123-77-3	Present ([1599])
123-86-4	Present ([2657])
123-88-6	Present ([1469])
123-91-1	Present ([0647])
123-92-2	Present ([2655])
123019-34-1	"Present ([1726])" As Nonylphenol ethoxylates [9016-45-9]
123068-21-3	"Present ([1726])" As Nonylphenol ethoxylates [9016-45-9]
12314-11-3	"Present (hypertoxic chemical, [2153])" As Antimony pentachloride [7647-18-9]
123203-75-8	"Present (content >42% but <=100%, with inert solid <=57%, [0902]); Present (content <=42%, with inert solid >=58%, [0902])" As Peroxide, [1,3(or 1,4)-phenylenebis(1-methylethylidene)]bis[(1,1-dimethylethyl) [25155-25-3]
12324-05-9	"Present (anhydrous, [1913])" As Chromium trioxide [1333-82-0]
12324-08-2	"Present (anhydrous, [1913])" As Chromium trioxide [1333-82-0]
12330-85-7	"Present ([2405])" As Thallium bromide [7789-40-4]
12331-30-5	"Present ([2050])" As Zirconium chloride (ZrCl4), (T-4)- [10026-11-6]
123333-54-0	"Present ([2148])" As Sodium pentachlorophenate [131-52-2]
123362-54-9	"Present ([0232])" As 3-Butyn-2-ol [2028-63-9]
12337-16-5	"Present ([2333])" As Zirconyl nitrate [13826-66-9]
1234867-32-3	"Present (with phlegmatizer, [0635])" As 1,3,5,7-Tetraazabicyclo[3.3.1]nonane, 3,7-dinitroso- [101-25-7]
12351-98-3	"Present ([1703])" As Silver cyanide [506-64-9]
12355-85-0	"Present (hypertoxic chemical, [2163])" As Arsenic pentoxide [1303-28-2]
12357-40-3	"Present ([2022])" As Tetrafluorohydrazine [10036-47-2]
12359-23-8	"Present ([2562])" As Lead monoxide [1317-36-8]
1236208-18-6	"Present ([0814])" As Sodium permanganate [10101-50-5]
123626-97-1	"Present ([2037])" As Tetramethylammonium hydroxide [75-59-2]
123720-03-6	"Present ([0835])" As Mercury [7439-97-6]
123789-16-2	"Present ([0947])" As Dicyclohexylammonium nitrite [3129-91-7]
1238304-32-9	"Present (wetted with >=40% water or Mixture of alcohol and water, [0621])" As Diazodinitrophenol [4682-03-5]
1239135-84-2	"Present ([2037])" As Tetramethylammonium hydroxide [75-59-2]
12393-50-9	"Present (solid, [1379]); Present (solution, [1379])" As Sodium aluminate (NaAlO2) [1302-42-7]
12396-99-5	"Present ([0639])" As Sulfur dioxide [7446-09-5]
12397-00-1	"Present ([0645])" As Selenium dioxide [7446-08-4]
1239977-99-1	"Present ([0845])" As Ethyl silicate [78-10-4]
124-02-7	Present ([0579])
124-09-4	Present ([0990])
124-11-8	Present ([1729])
124-12-9	Present ([2797])
124-18-5	Present ([2784])
124-38-9	Present (compressed or liquefied, [0642])
124-40-3	Present (anhydrous, [0354]); Present (solution, [0354])
124-41-4	Present ([1024]); Present (Methyl alcohol solution, [1025])
124-43-6	Present ([0899])
124-47-0	Present ([2312])
124-63-0	Present (hypertoxic chemical, [1126])
124-65-2	Present ([0468])
124-87-8	Present ([1580])
1240017-47-3	"Present ([0276])" As Benzene, 1,1'-oxybis-, bromo derivatives [90193-67-2]
124057-60-9	"Present ([1726])" As Nonylphenol ethoxylates [9016-45-9]
12413-45-5	"Present ([1963])" As Asbestos [1332-21-4]
1242458-86-1	"Present ([2536])" As Sodium oxide (Na2O) [1313-59-3]
1242458-87-2	"Present ([2535])" As Potassium oxide [12136-45-7]
12427-38-2	Present ([0170])
124362-83-0	"Present (with >=25% water, [2208]); Present (with >=25% Alcohol and <=12.6% Nitrogen, [2208]); Present (with >=25% Alcohol, [2208]); Present (with <=12.6% Nitrogen, [2208]); Present (unmodified, or plasticized, with <18% plasticizing substance, [2208]); Present (solution, with <=12.6% Nitrogen and <=55% Nitrocellulose, [2208]); Present (dry or wetted with <25% water or Alcohol, [2208])" As Nitroc
12439-96-2	"Present ([1330])" As Vanadyl sulfate [27774-13-6]
1245903-59-6	"Present ([2105])" As Tetraisopropyl titanate [546-68-9]
1245941-87-0	"Present ([0331])" As Dibutyltin dilaurate [77-58-7]
124633-37-0	"Present ([0744])" As Ammonium fluoride [12125-01-8]
124633-46-1	"Present (dry or wetted with <15% water, [0962])" As Octol [57607-37-1]
124688-01-3	"Present ([0307])" As 1,4-Benzenediamine, 2-methyl- [95-70-5]
124942-19-4	"Present ([1104])" As N,N-Dimethylaminoethyl methacrylate [2867-47-2]
124961-52-0	"Present ([2710])" As Isophorone diisocyanate [4098-71-9]
125022-34-6	"Present ([0860])" As Sodium perborate [15120-21-5]
12503-98-9	"Present ([2161])" As Vanadium pentoxide [1314-62-1]
12504-13-1	Present ([1267])
125146-87-4	"Present ([1804])" As 1,6-Hexanediamine, 2,2,4(or 2,4,4)-trimethyl- [25513-64-8]
12515-76-3	"Present ([1849])" As Antimony trichloride [10025-91-9]
125199-87-3	"Present ([0331])" As Dibutyltin dilaurate [77-58-7]
1252662-61-5	"Present (solution, with >10% Ammonia, [0035])" As Ammonium hydroxide [1336-21-6]
125289-32-9	"Present ([2450])" As Sulfurous acid [7782-99-2]
1253220-15-3	"Present ([0173])" As Lithium nitride [26134-62-3]
125391-69-7	"Present ([1774])" As Boron trifluoride-diethyl etherate [109-63-7]
1253945-51-5	"Present ([1385])" As Propylene chlorohydrin [78-89-7]
1254182-69-8	"Present (stabilized, [0147])" As Methyl acrylate [96-33-3]
12542-85-7	Present ([1845])
12542-90-4	"Present (hypertoxic chemical, [1677])" As Methyl mercury dicyandiamide [502-39-6]
12547-31-8	"Present ([2783])" As Methyl silicate [681-84-5]
1254976-38-9	"Present ([0045])" As 1,1'-Biphenyl, ar,ar,ar,ar,ar',ar',ar',ar'-octabromo- [27858-07-7]
12557-88-9	"Present ([1724])" As Mirex [2385-85-5]
1256490-43-3	"Present ([0744])" As Ammonium fluoride [12125-01-8]
1256778-77-4	"Present ([1563])" As Chloroacetyl chloride [79-04-9]
125687-68-5	Present ([2459])
125690-94-0	"Present (anhydrous, [1842]); Present (solution, [1842])" As Aluminum chloride [7446-70-0]
1256919-17-1	"Present ([0528])" As Dichlorodifluoromethane [75-71-8]
1257076-06-4	"Present ([0757])" As Ammonium bifluoride [1341-49-7]
125715-67-5	"Present ([0013])" As Arsonic acid, (4-aminophenyl)- [98-50-0]
1257422-90-4	"Present ([1322])" As Hydroxylamine sulfate (2:1) [10039-54-0]
125756-91-4	"Present ([1125])" As Methanesulfonic acid [75-75-2]
1258273-87-8	"Present ([2193])" As Zinc selenide (ZnSe) [1315-09-9]
1258517-80-4	"Present ([0082])" As Benzoyl chloride [98-88-4]
12587-98-3	"Present ([0810])" As Perchloric acid, silver(1+) salt [7783-93-9]
1258795-32-2	"Present ([2038])" As 1,2-Bis(dimethylamino)ethane [110-18-9]
1258871-72-5	"Present ([1858])" As Phosphorus oxychloride [10025-87-3]
125888-87-1	"Present (solution, with >10% Ammonia, [0035])" As Ammonium hydroxide [1336-21-6]
12592-31-3	"Present ([0752])" As Lanthanum fluoride (LaF3) [13709-38-1]
12593-78-1	"Present ([0202])" As Iodic acid (HIO3), lithium salt [13765-03-2]
12593-87-2	"Present ([0726])" As Vanadate (VO43-), tripotassium, (T-4)- [14293-78-8]
125937-03-3	"Present ([2512])" As 3,3'-Diaminobenzidine tetrahydrochloride [7411-49-6]
1259372-53-6	"Present ([1271])" As Phosphoric acid, tris(methylphenyl) esters [1330-78-5]
12598-12-8	"Present (solid, [1379]); Present (solution, [1379])" As Sodium aluminate (NaAlO2) [1302-42-7]
126-72-7	Present ([1740])
126-75-0	"Present (content >3%, hypertoxic chemical, [0658])" As Demeton [8065-48-3]
126-98-7	Present (stabilized, [1101])
126-99-8	Present (stabilized, [1384])
1260158-01-7	"Present ([1015])" As Toluene-2,4-diisocyanate [584-84-9]
12612-55-4	"Present (hypertoxic chemical, [2118])" As Nickel carbonyl [13463-39-3]
12622-75-2	"Present (content 2-90%, hypertoxic chemical, [1351])" As Dieldrin [60-57-1]
1262335-14-7	"Present ([0730])" As Furfuryl alcohol [98-00-0]
1262492-42-1	"Present ([1773])" As Boron, (ethanamine)trifluoro-, (T-4)- [75-23-0]
12627-67-7	"Present ([0844])" As Lead silicate [11120-22-2]
1262801-47-7	"Present ([0771])" As Fluoroboric acid [16872-11-0]
1263263-74-6	"Present ([0579])" As Diallylamine [124-02-7]
1263481-96-4	"Present ([1932]); Present ([1936], listed under Potassium arsenate)" As Potassium dihydrogen arsenate [7784-41-0]
12635-29-9	Present ([1378])
126386-65-0	"Present (compressed or liquefied, [2561])" As Nitrous oxide [10024-97-2]
12640-29-8	"Present ([2188])" As Selenium [7782-49-2]
12640-30-1	"Present ([2188])" As Selenium [7782-49-2]
12640-76-5	"Present ([0947])" As Dicyclohexylammonium nitrite [3129-91-7]
12641-96-2	"Present ([2188])" As Selenium [7782-49-2]
12643-22-0	"Present (content >5%, hypertoxic chemical, [0655])" As Mephosfolan [950-10-7]
126492-54-4	"Present (stabilized, [0153])" As n-Butyl acrylate [141-32-2]
12655-98-0	"Present ([0742])" As Silicate(2-), hexafluoro-, dipotassium [16871-90-2]
1265528-53-7	"Present (stabilized, [0145])" As Acrylic acid [79-10-7]
12656-12-1	"Present ([0743])" As Silicate(2-), hexafluoro-, disodium [16893-85-9]
1266121-34-9	"Present ([0054])" As m-Phenylenediamine [108-45-2]
1266250-83-2	"Present ([0025])" As Sulfamic acid [5329-14-6]
126699-69-2	"Present ([0304])" As 4,4'-Diamino-3,3'-dichlorodiphenylmethane [101-14-4]
12672-29-6	"Present ([0274])" As 1,1'-Biphenyl, chloro derivatives [1336-36-3]
12672-67-2	"Present ([0740])" As Fluorosilicic acid [16961-83-4]
12673-46-0	"Present ([0844])" As Lead silicate [11120-22-2]
12673-82-4	"Present ([1290])" As Sulfur [7704-34-9]
12673-93-7	"Present (with >3% free acid, [1321])" As Lead sulfate [7446-14-2]
12674-11-2	"Present ([0274])" As 1,1'-Biphenyl, chloro derivatives [1336-36-3]
1267499-88-6	"Present ([1296])" As Mercuric thiocyanate [592-85-8]
12676-93-6	"Present ([2090])" As Ethion [563-12-2]
12680-07-8	"Present ([2004])" As Thiram [137-26-8]
12680-62-5	"Present ([2004])" As Thiram [137-26-8]
12684-31-0	"Present ([1290])" As Sulfur [7704-34-9]
12684-34-3	"Present ([2089])" As Lead tetraoxide [1314-41-6]
12687-42-2	"Present ([0044])" As Toxaphene [8001-35-2]
1269419-45-5	"Present ([2529])" As Barium oxide [1304-28-5]
1269620-59-8	"Present (solution, with >10% Ammonia, [0035])" As Ammonium hydroxide [1336-21-6]
126977-99-9	"Present ([2030])" As tert-Octyl mercaptan [141-59-3]
12698-98-5	"Present ([0044])" As Toxaphene [8001-35-2]
127-00-4	Present ([1394])
127-18-4	Present ([2064])
127-85-5	Present ([0014])
127-91-3	Present ([1604])
12701-77-8	"Present (content >90% but <=100%, [0295]); Present (content >57% but <=90%, with type A thinner >=10%, [0295]); Present (content <=32%, with type A thinner >=26%, with type B thinner >=42%, [0295]); Present (content <=57%, with type A thinner >=43%, [0295]); Present (content <=57%, with inert solid >=43%, [0295]); Present (content <=77%, with type B thinner >=23%, [0295]); Present (content <=90%,
127026-24-8	"Present ([2298])" As Mercury(II) nitrate [10045-94-0]
127026-25-9	"Present ([0757])" As Ammonium bifluoride [1341-49-7]
127054-38-0	"Present ([1405])" As Propane, 2-bromo-1-chloro- [3017-95-6]
12707-29-8	"Present (hypertoxic chemical, [0849])" As Decaborane [17702-41-9]
12707-43-6	"Present ([1724])" As Mirex [2385-85-5]
127087-87-0	"Present ([1726])" As Nonylphenol ethoxylates [9016-45-9]
127173-66-4	"Present ([2278])" As Nitrotriazolone [932-64-9]
127189-98-4	"Present ([1231])" As Ethane, 1,2-dichloro-, polymer with ammonia [29320-38-5]
1272398-81-8	"Present ([0344])" As Ethene, 1,1-difluoro- [75-38-7]
127290-36-2	"Present ([1809])" As Trimethylchlorosilane [75-77-4]
127290-37-3	"Present (stabilized, [2670])" As Vinyltrichlorosilane [75-94-5]
127290-38-4	"Present ([1348])" As Silanamine, 1,1,1-trimethyl-N-(trimethylsilyl)- [999-97-3]
12733-65-2	"Present ([2188])" As Selenium [7782-49-2]
12737-08-5	"Present ([1337])" As Silicate(2-), hexafluoro-, barium (1:1) [17125-80-3]
12737-19-8	"Present ([0404])" As Malathion [121-75-5]
12737-87-0	"Present ([0274])" As 1,1'-Biphenyl, chloro derivatives [1336-36-3]
12738-47-5	"Present ([2090])" As Ethion [563-12-2]
127408-00-8	"Present ([0771])" As Fluoroboric acid [16872-11-0]
12741-08-1	"Present ([1338])" As Silicate(2-), hexafluoro-, zinc (1:1) [16871-71-9]
1274866-89-5	"Present ([0054])" As m-Phenylenediamine [108-45-2]
127521-16-8	"Present ([1441])" As Chloroplatinic acid [16941-12-1]
127529-01-5	"Present ([1302])" As Sulfuric acid [7664-93-9]
127529-03-7	"Present ([1497])" As Chlorosulfonic acid [7790-94-5]
12766-04-0	"Present ([1724])" As Mirex [2385-85-5]
12766-45-9	"Present (powder, [1377])" As Aluminum [7429-90-5]
12767-24-7	"Present ([1290])" As Sulfur [7704-34-9]
12767-62-3	"Present ([0404])" As Malathion [121-75-5]
12767-68-9	"Present ([1726])" As Nonylphenol ethoxylates [9016-45-9]
12768-61-5	"Present ([2006])" As Ziram [137-30-4]
12770-20-6	"Present ([0044])" As Toxaphene [8001-35-2]
12770-91-1	"Present ([2556])" As Chloropentafluoroethane [76-15-3]
12772-40-6	"Present ([0366])" As Dichlorvos [62-73-7]
12772-89-3	"Present ([0899])" As Urea peroxide [124-43-6]
12773-04-5	"Present ([2006])" As Ziram [137-30-4]
12788-93-1	Present ([0226])
12789-12-7	"Present ([1726])" As Nonylphenol ethoxylates [9016-45-9]
12790-67-9	"Present ([1726])" As Nonylphenol ethoxylates [9016-45-9]
12793-53-2	"Present (dust, [2358]); Present (powder, [2358]); Present (ashes, [2358])" As Zinc [7440-66-6]
12794-67-1	"Present (compressed or liquefied, [1584])" As Neon [7440-01-9]
12795-04-9	"Present ([1609])" As Boric acid (H3BO3) [10043-35-3]
12795-62-9	"Present (dry or wetted with <15% water, [0960])" As 1,3,5-Triazine, hexahydro-1,3,5-trinitro-, mixture with 2-methyl-1,3,5-trinitrobenzene [8065-53-0]
12798-32-2	"Present (hypertoxic chemical, [2637])" As Methoxyethylmercuric acetate [151-38-2]
127999-62-6	"Present ([0637])" As Nitrogen dioxide [10102-44-0]
128-91-6	Present ([0564])
1281-99-8	"Present ([2740])" As Isooctane [26635-64-3]
128796-34-9	"Present ([2105])" As Tetraisopropyl titanate [546-68-9]
129-00-0	"Present ([1568])" As Pitch, coal tar, high-temperature [65996-93-2]
129-66-8	Present ([1879])
129-79-3	Present ([1894])
129050-51-7	"Present ([0003])" As Isophorone diamine [2855-13-2]
129212-17-5	"Present ([2710])" As Isophorone diisocyanate [4098-71-9]
129451-49-6	"Present (compressed or liquefied, [2561])" As Nitrous oxide [10024-97-2]
129510-85-6	"Present (content >90% but <=100%, [0295]); Present (content >57% but <=90%, with type A thinner >=10%, [0295]); Present (content <=32%, with type A thinner >=26%, with type B thinner >=42%, [0295]); Present (content <=57%, with type A thinner >=43%, [0295]); Present (content <=57%, with inert solid >=43%, [0295]); Present (content <=77%, with type B thinner >=23%, [0295]); Present (content <=90%,
129653-91-4	"Present ([2037])" As Tetramethylammonium hydroxide [75-59-2]
129654-61-1	"Present ([2037])" As Tetramethylammonium hydroxide [75-59-2]
129680-27-9	"Present ([2142])" As Phosphorus pentasulfide [1314-80-3]
1299-86-1	Present ([2108])
1299-88-3	"Present ([2681])" As Copper acetoarsenite [12002-03-8]
129904-51-4	"Present ([0163]); Present ([1621], listed under Bleaching powder); Present (with >39% available Chlorine, [1622], listed under Bleaching powder concentrate)" As Calcium hypochlorite [7778-54-3]
130-39-2	"Present (wetted with >=40% water or Mixture of alcohol and water, [0792])" As Mannitol hexanitrate [15825-70-4]
1300-16-9	"Present ([1725])" As Nonylphenols [25154-52-3]
1300-73-8	Present ([0418])
130014-36-7	"Present ([1804])" As 1,6-Hexanediamine, 2,2,4(or 2,4,4)-trimethyl- [25513-64-8]
13005-31-7	"Present (hypertoxic chemical, [2118])" As Nickel carbonyl [13463-39-3]
130097-36-8	Present (content <=77%, with type A thinner >=23%; the substance is listed in the Catalog with an incorrect CAS number: 104852-44-0, [0862])
1302-04-1	"Present ([2541])" As Silver oxide (Ag2O) [20667-12-3]
1302-30-3	"Present ([1658])" As Lithium aluminum hydride [16853-85-3]
1302-42-7	Present (solid, [1379]); Present (solution, [1379])
1302-45-0	"Present ([1262])" As Aluminum phosphide [20859-73-8]
130254-81-8	"Present ([0447])" As N,N-Dimethylcyclohexylamine [98-94-2]
130256-60-9	"Present ([0291])" As Diphenyl oxide 4,4'-disulfohydrazide [80-51-3]
13029-08-8	"Present ([0274])" As 1,1'-Biphenyl, chloro derivatives [1336-36-3]
1303-00-0	Present ([1926])
1303-28-2	Present (hypertoxic chemical, [2163])
1303-39-5	Present ([1945])
1303-67-9	"Present ([0771])" As Fluoroboric acid [16872-11-0]
1303-72-6	"Present ([1605])" As Potassium borohydride [13762-51-1]
1303-73-7	"Present ([1606])" As Lithium borohydride [16949-15-8]
1303-74-8	"Present ([1608])" As Sodium borohydride [16940-66-2]
1303-97-5	"Present (hypertoxic chemical, [2177])" As Pentaborane [19624-22-7]
13031-32-8	"Present ([2267])" As Nitromethane [75-52-5]
130321-66-3	"Present ([2426])" As 2-Bromopentane [107-81-3]
13034-02-1	"Present ([1608])" As Sodium borohydride [16940-66-2]
1304-00-3	"Present (hypertoxic chemical, [2626])" As Diborane [19287-45-7]
1304-02-5	"Present (hypertoxic chemical, [0849])" As Decaborane [17702-41-9]
1304-13-8	"Present ([1337])" As Silicate(2-), hexafluoro-, barium (1:1) [17125-80-3]
1304-17-2	"Present ([1666])" As Barium hydroxide (Ba(OH)2) [17194-00-2]
1304-28-5	Present ([2529])
1304-29-6	Present ([0867])
1304-37-6	"Present ([1284])" As Barium sulfide (BaS) [21109-95-5]
1304-49-0	"Present ([1670])" As Beryllium hydroxide [13327-32-7]
1304-56-9	Present ([2537])
1305-79-9	Present ([0888])
1305-84-6	"Present ([0790])" As Calcium alloys [RR-14674-7]
1305-99-3	Present ([1260])
13052-09-0	Present (content <=100%, [0374])
130530-56-2	"Present (content <=52%, with inert solid >=48%, [2007]); Present (content >52% but <=100%, [2007])" As n-Butyl 4,4-bis(tert-butylperoxy)valerate [995-33-5]
130565-62-7	"Present ([1921])" As Aluminum, tris(2-methylpropyl)- [100-99-2]
1306-19-0	Present (non-pyrophoric, [2532])
1306-23-6	Present ([1285])
1306-24-7	Present ([2189])
1306-25-8	Present ([0178])
130622-20-7	"Present ([1850]); Present (solution, [1850])" As Iron trichloride [7705-08-0]
13067-81-7	"Present ([2131])" As Lithium alkyls [RR-01350-3]
13071-79-9	Present (hypertoxic chemical, [0680])
1308-47-0	"Present ([1672]); Present (solution, [1672])" As Cesium hydroxide [21351-79-1]
130835-71-1	"Present (compressed or liquefied, [2561])" As Nitrous oxide [10024-97-2]
1309-32-6	Present ([0741])
1309-45-1	"Present ([0740])" As Fluorosilicic acid [16961-83-4]
1309-59-7	"Present ([2562])" As Lead monoxide [1317-36-8]
1309-60-0	Present ([0641])
1309-97-3	"Present ([0742])" As Silicate(2-), hexafluoro-, dipotassium [16871-90-2]
13092-67-6	"Present ([1700])" As Copper(I) cyanide [544-92-3]
1309612-46-1	"Present ([1908])" As Triethylenetetramine [112-24-3]
130973-93-2	"Present ([1455])" As Mercurate(1-), (4-carboxylatophenyl)chloro-, hydrogen [59-85-8]
1309774-68-2	"Present ([0009])" As 4-Aminophenol [123-30-8]
1309774-69-3	"Present ([2231])" As p-Nitroaniline [100-01-6]
1309774-70-6	"Present ([0589])" As 2,4-Dinitroaniline [97-02-9]
13098-39-0	Present ([1334])
130983-70-9	"Present (stabilized, [0223])" As 1,3-Butadiene [106-99-0]
1309882-90-3	"Present (stabilized, [0143])" As Acrylonitrile [107-13-1]
1309923-74-7	"Present ([0291])" As Diphenyl oxide 4,4'-disulfohydrazide [80-51-3]
130995-49-2	"Present ([2581])" As Sodium o-(ethylmercurithio)benzoate [54-64-8]
131-52-2	Present ([2148])
131-73-7	Present ([1365])
131-74-8	Present (dry or wetted with <10% water, [1873]); Present (with >=10% water, [1873])
1310-02-7	"Present ([0743])" As Silicate(2-), hexafluoro-, disodium [16893-85-9]
1310-32-3	Present ([2192])
1310-58-3	Present ([1667]); Present (solution, content >=30%, [1667])
1310-65-2	Present ([1668]); Present (solution, [1668])
1310-66-3	"Present ([1668]); Present (solution, [1668])" As Lithium hydroxide [1310-65-2]
1310-73-2	Present ([1669]); Present (solution, content >=30%, [1669])
1310-76-5	"Present ([1293])" As Sodium hydrosulfide [16721-80-5]
1310-82-3	Present ([1671]); Present (solution, [1671])
1310384-51-0	"Present ([1773])" As Boron, (ethanamine)trifluoro-, (T-4)- [75-23-0]
1310566-97-2	"Present (stabilized, [1110])" As Butyl methacrylate [97-88-1]
13106-47-3	Present ([2112])
1312-01-2	"Present ([2539])" As Mercurous oxide [15829-53-5]
1312-73-8	Present ([1287])
13121-70-5	Present ([1795])
13122-18-4	Present (content >32% but <=100%, [0864]); Present (content <=32%, with type B thinner >=68%, [0864]); Present (content <=42%, with inert solid >=58%, [0864])
13127-88-3	"Present ([0060]); Present (solution, [0060])" As Phenol [108-95-2]
1312763-39-5	"Present ([1196])" As Benzenediazonium, 4-[(4-methoxyphenyl)amino]-, chloride [101-69-9]
1313-04-8	"Present (pellet, turning or ribbon, with >50% Magnesium, [1573])" As Magnesium alloys containing more than 50 percent magnesium, powder [RR-12215-6]
1313-07-1	"Present ([0840])" As Magnesium silicide (Mg2Si) [22831-39-6]
1313-59-3	Present ([2536])
1313-60-6	Present ([0898])
1313-82-2	Present ([1288])
1313-84-4	"Present ([1288])" As Sodium sulfide [1313-82-2]
1313195-45-7	"Present ([2329])" As Ferric nitrate [10421-48-4]
1313584-68-7	"Present (solution, with >10% Ammonia, [0035])" As Ammonium hydroxide [1336-21-6]
13138-45-9	Present ([2313])
1314-12-1	Present ([2540])
1314-18-7	Present ([0910])
1314-22-3	Present ([0912])
1314-24-5	Present ([1911])
1314-32-5	Present ([2538])
1314-34-7	Present ([1910])
1314-41-6	Present ([2089])
1314-56-3	Present ([2162])
1314-60-9	Present ([2164])
1314-62-1	Present ([2161])
1314-80-3	Present ([2142])
1314-84-7	Present ([1269])
1314-85-8	Present ([1824])
1314087-58-5	"Present ([1932]); Present ([1936], listed under Potassium arsenate)" As Potassium dihydrogen arsenate [7784-41-0]
131445-37-9	"Present ([1595])" As Pentanenitrile, 2,2'-azobis[2,4-dimethyl- [4419-11-8]
131452-56-7	"Present ([1188])" As Methane [74-82-8]
1315-09-9	Present ([2193])
131530-94-4	"Present ([2105])" As Tetraisopropyl titanate [546-68-9]
131620-42-3	"Present ([1441])" As Chloroplatinic acid [16941-12-1]
1317-36-8	Present ([2562])
1317-86-8	"Present ([1823])" As Antimony sulfide [1345-04-6]
13171-21-6	Present ([0395])
131715-26-9	"Present ([1599])" As Diazenedicarboxamide [123-77-3]
1319-77-3	Present ([1029])
13194-48-4	Present ([2592])
1320337-71-0	"Present ([0742])" As Silicate(2-), hexafluoro-, dipotassium [16871-90-2]
132051-98-0	"Present ([2278])" As Nitrotriazolone [932-64-9]
132071-39-7	"Present ([1846])" As Ethyl aluminum sesquichloride [12075-68-2]
1321-39-7	"Present ([1017])" As Benzene, 1,3-diisocyanatomethyl- [26471-62-5]
1321-45-5	"Present (stabilized, [2668])" As Vinyltoluenes [25013-15-4]
132103-60-7	"Present (solution, with >10% Ammonia, [0035])" As Ammonium hydroxide [1336-21-6]
1322-69-6	"Present ([2347])" As (1,1,3,3-Tetramethylbutyl)phenol (mixed isomers) [27193-28-8]
132207-32-0	"Present ([1963])" As Asbestos [1332-21-4]
132207-33-1	"Present ([1963])" As Asbestos [1332-21-4]
1323-65-5	"Present ([1725])" As Nonylphenols [25154-52-3]
132323-44-5	"Present (content >51% but <=100%, with inert solid <=48%, [0874]); Present (content >35% but <=52%, with inert solid >=48%, [0874]); Present (content >=36% but <=42%, with type A thinner >=18%, water <=40%, [0874]); Present (content >=77% but <=94%, with water >=6%, [0874]); Present (content <=42%, stable dispersion in water, [0874]); Present (content <=62%, with inert solid >=28%, water >=10%, [
132324-11-9	"Present ([1715])" As 1-Octanesulfonic acid, 1,1,2,2,3,3,4,4,5,5,6,6,7,7,8,8,8-heptadecafluoro- [1763-23-1]
132405-96-0	"Present ([2158])" As Benzene, 1,1'-oxybis-, pentabromo derivative [32534-81-9];
13250-12-9	"Present ([2801])" As sec-Butylamine [13952-84-6]
132620-99-6	"Present ([2142])" As Phosphorus pentasulfide [1314-80-3]
1326305-74-1	"Present ([1114])" As Isopentane [78-78-4]
1326305-81-0	"Present ([2707])" As Isobutane [75-28-5]
1326716-94-2	"Present ([1017])" As Benzene, 1,3-diisocyanatomethyl- [26471-62-5]
1327-52-2	"Present ([1929])" As Arsenic acid [7778-39-4]
1327-53-3	Present (hypertoxic chemical, [1912])
1327160-06-4	"Present ([1682])" As Mercuric cyanide [592-04-1]
1327562-35-5	"Present ([0291])" As Diphenyl oxide 4,4'-disulfohydrazide [80-51-3]
132879-26-6	"Present ([0581])" As 1-Propene, 3,3'-thiobis- [592-88-1]
1329-65-3	"Present ([0928])" As 6.beta.-Acetoxy-3.beta.(.beta.-D-glucopyranosyloxy)-8,14-dihydroxybufa-4,20,22-trienolide [507-60-8]
133-14-2	Present (paste, content <=52%, [0870]); Present (Silicone oil paste, content <=52%, [0870]); Present (content <=77%, with >=23% water, [0870])
133-55-1	Present ([0632])
133-59-5	Present ([1255])
1330-20-7	Present ([0358])
1330-78-5	Present ([1271])
133097-00-4	"Present ([0771])" As Fluoroboric acid [16872-11-0]
1331-22-2	Present ([1121])
1331-23-3	"Present ([1120])" As Methylcyclohexanols [25639-42-3]
13319-61-4	"Present ([1747])" As Tripropyl aluminum [102-67-0]
13319-75-0	Present ([0577])
1332-17-8	"Present ([0163]); Present ([1621], listed under Bleaching powder); Present (with >39% available Chlorine, [1622], listed under Bleaching powder concentrate)" As Calcium hypochlorite [7778-54-3]
1332-21-4	Present ([1963])
1332-41-8	"Present ([1227])" As Antimony potassium tartrate trihydrate [28300-74-5]
1332-43-0	"Present ([1227])" As Antimony potassium tartrate trihydrate [28300-74-5]
1332-78-1	"Present ([1338])" As Silicate(2-), hexafluoro-, zinc (1:1) [16871-71-9]
13323-81-4	"Present ([1088])" As .alpha.-Methylbenzyl alcohol [98-85-1]
1332483-60-9	"Present (anhydrous, [1842]); Present (solution, [1842])" As Aluminum chloride [7446-70-0]
13327-32-7	Present ([1670])
1333-25-1	"Present ([1934])" As Calcium arsenate [7778-44-1]
1333-39-7	Present ([0062])
1333-74-0	Present ([1648])
1333-81-9	"Present ([0640])" As Chlorine dioxide [10049-04-4]
1333-82-0	Present (anhydrous, [1913])
1333-83-1	Present ([0759])
133317-06-3	"Present ([0170])" As Maneb [12427-38-2]
133332-88-4	"Present ([0744])" As Ammonium fluoride [12125-01-8]
133394-59-9	"Present ([1373])" As Hexamethylene diisocyanate [822-06-0]
1334243-56-9	"Present ([1974])" As 4-tert-Butylphenol [98-54-4]
133441-46-0	"Present (hypertoxic chemical, [2626])" As Diborane [19287-45-7]
13346-01-5	"Present ([2073])" As Tetrahydrofurfurylamine [4795-29-3]
1335-26-8	Present ([0897])
1335-29-1	"Present ([1441])" As Chloroplatinic acid [16941-12-1]
1335-31-5	Present (desensitized, [2545])
1335-54-2	"Present ([0707])" As Diisopropanolamine [110-97-4]
1335-76-8	Present ([2099])
1335-88-2	Present (This CAS number is listed in the source under the chemical name: 1,2,3,4-Tetrachloronaphthalene, [2053])
1336-21-6	Present (solution, with >10% Ammonia, [0035])
1336-36-3	Present ([0274])
13368-65-5	"Present ([1121])" As Methylcyclohexanones [1331-22-2]
1337-06-0	"Present ([2633])" As Phenylmercuric acetate [62-38-4]
1337-09-3	"Present ([0316])" As Diphenylmercury [587-85-9]
133708-36-8	"Present (hypertoxic chemical, [1686])" As Potassium cyanide [151-50-8]
1338-23-4	Present (with >10% but <=10.7% available Oxygen, type A thinner >=48%, [0891]); Present (with <=10% available Oxygen, type A thinner >=55%, [0891]); Present (with <=8.2% available Oxygen, type A thinner >=60%, [0891])
1338-93-8	"Present (compressed or liquefied, [2528])" As Oxygen [7782-44-7]
1338234-91-5	"Present ([1059])" As 2-Pentanone, 4-methyl- [108-10-1]
1338439-16-9	"Present (stabilized, [1103])" As Methacrylic acid [79-41-4]
13389-42-9	"Present ([2356])" As 2-Octene [111-67-1]
1339-76-0	"Present (with >=25% water, [2208]); Present (with >=25% Alcohol and <=12.6% Nitrogen, [2208]); Present (with >=25% Alcohol, [2208]); Present (with <=12.6% Nitrogen, [2208]); Present (unmodified, or plasticized, with <18% plasticizing substance, [2208]); Present (solution, with <=12.6% Nitrogen and <=55% Nitrocellulose, [2208]); Present (dry or wetted with <25% water or Alcohol, [2208])" As Nitroc
133951-38-9	"Present ([0771])" As Fluoroboric acid [16872-11-0]
13396-80-0	Present ([1273])
134-32-7	Present ([1586])
1340-77-8	"Present ([1243])" As Sodium dithionite [7775-14-6]
13400-13-0	Present ([0761])
13403-37-7	"Present ([1391])" As Epichlorohydrin [106-89-8]
13403-73-1	"Present ([2166])" As 2-Pentanol [6032-29-7]
1341-49-7	Present ([0757])
1341-76-0	"Present (content >72% but <=100%, [0876]); Present (content <=72%, [0876])" As Succinic acid peroxide [123-23-9]
13410-01-0	Present (hypertoxic chemical, [2198])
134115-67-6	"Present (paste, content <=52%, [0301]); Present (content >42% but <=52%, with type A thinner >=48%, [0301]); Present (content <=42%, with type A thinner >=58%, [0301])" As Di-tert-butylperoxyphthalate [2155-71-7]
134191-62-1	Present ([2316])
134191-96-1	"Present ([2552])" As Chlorodifluoromethane [75-45-6]
134206-43-2	"Present ([2158])" As Benzene, 1,1'-oxybis-, pentabromo derivative [32534-81-9];
13423-86-4	"Present ([1773])" As Boron, (ethanamine)trifluoro-, (T-4)- [75-23-0]
134237-50-6	"Present ([1371])" As Cyclododecane, hexabromo- [25637-99-4]
134237-51-7	"Present ([1371])" As Cyclododecane, hexabromo- [25637-99-4]
134237-52-8	"Present ([1371])" As Cyclododecane, hexabromo- [25637-99-4]
13424-46-9	Present (wetted with >=20% water or Mixture of alcohol and water, [0218])
13426-91-0	Present (solution, [2128])
1343-95-9	"Present ([2535])" As Potassium oxide [12136-45-7]
1343-96-0	"Present ([1937])" As Arsenic acid (H3AsO4), magnesium salt (1:?) [10103-50-1]
1343477-79-1	"Present (stabilized, [1110])" As Butyl methacrylate [97-88-1]
1344-04-3	"Present ([0743])" As Silicate(2-), hexafluoro-, disodium [16893-85-9]
1344-27-0	"Present ([1336])" As Silicate(2-), hexafluoro-, magnesium (1:1) [16949-65-8]
1344-40-7	Present ([2446])
1344-45-2	"Present (hypertoxic chemical, [2533])" As Mercury oxide (HgO) [21908-53-2]
1344-48-5	Present ([1286])
1344-64-5	"Present ([1330])" As Vanadyl sulfate [27774-13-6]
13446-09-8	Present ([0195])
13446-11-2	Present ([0794])
13446-18-9	"Present ([2309])" As Magnesium nitrate [10377-60-3]
13446-19-0	"Present ([0805])" As Magnesium perchlorate [10034-81-8]
13446-48-5	Present ([2487])
13446-74-7	Present ([0760])
1345-04-6	Present ([1823])
13450-97-0	Present ([0808])
13451-08-6	Present ([2052])
13453-15-1	Present ([1213])
13453-30-0	Present ([1539])
13453-37-7	Present ([1750])
13453-41-3	Present ([1272])
13453-60-6	"Present ([0205])" As Lead iodate [25659-31-8]
13453-62-8	"Present ([0807])" As Lead perchlorate [13637-76-8]
13453-76-4	"Present ([2306])" As Lithium nitrate [7790-69-4]
13453-78-6	"Present ([0804])" As Perchloric acid, lithium salt [7791-03-9]
13455-21-5	"Present ([0751])" As Potassium fluoride [7789-23-3]
13455-24-8	Present ([0200, 0201])
13455-34-0	"Present ([1315])" As Cobalt sulfate [10124-43-3]
13463-30-4	Present ([2054])
13463-39-3	Present (hypertoxic chemical, [2118])
13463-40-6	Present (hypertoxic chemical, [2157])
13464-38-5	Present ([1938])
13465-08-2	Present ([2320])
13465-14-0	"Present ([2339])" As Indium nitrate [13770-61-1]
13465-31-1	"Present ([2298])" As Mercury(II) nitrate [10045-94-0]
13465-94-6	Present ([2488])
13465-95-7	Present ([0800])
13466-27-8	"Present ([1474])" As Beryllium chloride (BeCl2) [7787-47-5]
13470-01-4	Present ([0206])
13470-05-8	"Present ([2327])" As Strontium nitrate [10042-76-9]
13472-08-7	Present ([1597])
13473-05-7	"Present (compressed or liquefied, [2505])" As Argon [7440-37-1]
13475-82-6	"Present ([2141])" As Pentamethylheptane [30586-18-6]
13476-08-9	"Present ([2329])" As Ferric nitrate [10421-48-4]
134762-05-3	"Present ([1456])" As Mercury ammonium chloride [10124-48-8]
13477-00-4	Present ([1531])
13477-01-5	Present ([2816])
13477-04-8	Present ([1931])
13477-09-3	Present ([1652])
13477-10-6	Present (with >22% available Chlorine, [0162])
13477-34-4	"Present ([2294])" As Calcium nitrate [10124-37-5]
13477-36-6	Present ([0802])
13478-00-7	"Present ([2313])" As Nickel(II) nitrate [13138-45-9]
13478-18-7	Present ([1843])
13478-34-7	"Present ([1944])" As Arsenic acid (H3AsO4), copper salt (1:?) [10103-61-4]
13482-15-0	"Present ([1917])" As Triethylaluminum [97-93-8]
134884-20-1	Present ([1263])
13494-90-1	Present ([2301])
13494-98-9	Present ([2335])
134946-66-0	"Present ([1104])" As N,N-Dimethylaminoethyl methacrylate [2867-47-2]
13497-77-3	"Present ([0698])" As Diethylzinc [557-20-0]
135-01-3	Present ([0684])
135-88-6	Present ([0067])
135-98-8	Present ([2804])
1350454-33-9	"Present ([1426])" As Benzoyl chloride, 4-chloro- [122-01-0]
1350454-34-0	"Present ([2382])" As Benzoyl chloride, 4-bromo- [586-75-4]
135072-82-1	Present ([0407, 1491])
1350912-98-9	"Present ([1196])" As Benzenediazonium, 4-[(4-methoxyphenyl)amino]-, chloride [101-69-9]
13510-44-6	Present ([1947])
13510-46-8	"Present ([1938])" As Arsenic acid, trisodium salt [13464-38-5]
13510-48-0	"Present ([2317])" As Beryllium nitrate [13597-99-4]
13510-49-1	Present ([1319])
1351357-43-1	"Present ([1349])" As Cantharidin [56-25-7]
13517-20-9	"Present ([0860])" As Sodium perborate [15120-21-5]
13517-24-3	"Present ([1618])" As Sodium metasilicate [6834-92-0]
13517-27-6	"Present ([2424])" As Zinc bromate [14519-07-4]
13520-69-9	Present ([0809])
1352612-45-3	"Present ([2105])" As Tetraisopropyl titanate [546-68-9]
13530-67-1	Present ([2821])
1353053-96-9	"Present ([1763])" As Bis(tributyltin) oxide [56-35-9]
135311-02-3	"Present ([0236])" As Methyl ethyl ketone [78-93-3]
13533-17-0	"Present ([1855])" As Benzenediazonium, 4-(dimethylamino)-, trichlorozincate(1-) [6087-56-5]
13536-44-2	"Present ([2291])" As Nitric acid, bismuth(3+) salt [10361-44-1]
13537-32-1	Present (anhydrous, [0770])
135446-53-6	"Present ([0757])" As Ammonium bifluoride [1341-49-7]
135454-41-0	"Present ([2710])" As Isophorone diisocyanate [4098-71-9]
13548-38-4	Present ([2297])
1355-04-0	"Present ([2273])" As 9,10-Secostrychnidin-10-oic acid, 2,3-dihydro-4-nitro-2,3-dioxo- [561-20-6]
1356190-88-9	"Present ([1281])" As Thioacetic acid [507-09-5]
1356399-46-6	"Present ([1455])" As Mercurate(1-), (4-carboxylatophenyl)chloro-, hydrogen [59-85-8]
13573-15-4	Present ([0791])
1358567-57-3	"Present ([0739])" As Zirconium potassium fluoride [16923-95-8]
1358624-38-0	"Present ([1015])" As Toluene-2,4-diisocyanate [584-84-9]
13587-16-1	"Present ([1656])" As Lithium hydride [7580-67-8]
13593-03-8	Present ([0668])
13595-73-8	"Present (with free Sulphuric acid, [2130])" As Alkyl sulfonic acids [RR-02838-6]
13597-99-4	Present ([2317])
13598-36-2	Present ([2444])
136-35-6	Present ([2812])
136-83-4	"Present ([1725])" As Nonylphenols [25154-52-3]
1360537-36-5	"Present ([0899])" As Urea peroxide [124-43-6]
1360896-72-5	"Present ([0743])" As Silicate(2-), hexafluoro-, disodium [16893-85-9]
1361252-19-8	"Present ([2411])" As Bromomethane [74-83-9]
136154-22-8	"Present ([1017])" As Benzene, 1,3-diisocyanatomethyl- [26471-62-5]
1363218-52-3	"Present ([1941])" As Disodium hydrogen arsenate [7778-43-0]
1363408-62-1	"Present ([0362])" As 2,6-Dimethylphenol [576-26-1]
13637-63-3	Present (hypertoxic chemical, [2138])
13637-76-8	Present ([0807])
136511-07-4	"Present ([1075])" As Methomyl [16752-77-5]
13653-62-8	Present (content <=57%, with type A thinner >=43%, [0303])
13654-09-6	Present ([1962])
136601-30-4	"Present ([2443])" As 4,4'-Methylenedianiline [101-77-9]
1366133-49-4	"Present ([2701])" As Isobutyric anhydride [97-72-3]
136677-09-3	Present ([0272])
136677-10-6	Present ([0273])
13675-47-3	Present ([2822])
136799-44-5	"Present ([1075])" As Methomyl [16752-77-5]
13682-73-0	Present ([1701])
136856-45-6	"Present ([1534])" As Magnesium chlorate [10326-21-3]
136868-91-2	"Present ([1271])" As Phosphoric acid, tris(methylphenyl) esters [1330-78-5]
136969-76-1	"Present ([1455])" As Mercurate(1-), (4-carboxylatophenyl)chloro-, hydrogen [59-85-8]
137-06-4	Present ([1019])
137-07-5	Present ([1249])
137-26-8	Present ([2004])
137-30-4	Present ([2006])
137-32-6	Present ([1035])
137-43-9	Present ([2394])
137038-30-3	"Present ([2137])" As Phosphorus pentafluoride [7647-19-0]
13709-38-1	Present ([0752])
137091-34-0	"Present ([1016])" As Toluene 2,6-diisocyanate [91-08-7]
13718-58-6	Present ([0795])
13718-59-7	Present ([2471])
137263-06-0	"Present ([1726])" As Nonylphenol ethoxylates [9016-45-9]
137422-07-2	"Present ([2534])" As 7-Oxabicyclo[4.1.0]heptane [286-20-4]
1374563-19-5	"Present (powder, [1377])" As Aluminum [7429-90-5]
1374563-22-0	"Present (powder, [1377])" As Aluminum [7429-90-5]
13746-89-9	Present ([2295])
1374667-27-2	"Present ([1606])" As Lithium borohydride [16949-15-8]
13759-83-6	Present ([2322])
13762-51-1	Present ([1605])
13763-67-2	Present ([1537])
13765-03-2	Present ([0202])
13767-17-4	"Present ([1330])" As Vanadyl sulfate [27774-13-6]
13767-36-7	"Present ([0771])" As Fluoroboric acid [16872-11-0]
13768-00-8	"Present ([1963])" As Asbestos [1332-21-4]
13768-67-7	Present ([2338])
13769-43-2	Present ([1615])
13770-61-1	Present ([2339])
13770-96-2	Present ([1659])
13773-58-5	"Present ([2295])" As Nitric acid, zirconium(4+) salt [13746-89-9]
137736-93-7	"Present (compressed or liquefied, [2505])" As Argon [7440-37-1]
13774-25-9	Present ([2454])
13777-04-3	"Present ([0799])" As Ammonium perchlorate [7790-98-9]
13778-29-5	"Present ([2313])" As Nickel(II) nitrate [13138-45-9]
13779-41-4	Present (anhydrous, [0342])
13780-03-5	Present ([2452])
13780-06-8	Present ([2489])
13780-18-2	Present ([2472])
137803-13-5	"Present ([2278])" As Nitrotriazolone [932-64-9]
138-42-1	Present ([0264])
138-86-3	Present ([2010])
138-89-6	Present ([2481])
1380217-40-2	"Present ([1565])" As Maleic anhydride [108-31-6]
13813-19-9	"Present ([1302])" As Sulfuric acid [7664-93-9]
13814-96-5	Present ([0774]); Present (solution, content >28%, [0774])
13817-37-3	"Present ([0764])" As Cobalt(II) fluoride [10026-17-2]
138222-44-3	"Present ([2614])" As 1-Ethylpiperidine [766-09-6]
138257-17-7	"Present ([1371])" As Cyclododecane, hexabromo- [25637-99-4]
138257-18-8	"Present ([1371])" As Cyclododecane, hexabromo- [25637-99-4]
138257-19-9	"Present ([1371])" As Cyclododecane, hexabromo- [25637-99-4]
13826-66-9	Present ([2333])
13826-88-5	Present ([0775])
13840-33-0	Present ([0165])
138427-60-8	"Present (content >90% but <=100%, [0377]); Present (content >=52% but <=90%, with type A thinner >=10%, [0377]); Present (content <=52%, with type A thinner >=48%, [0377]); Present (content <=77%, [0377]); Present (paste, content <=47%, [0377])" As 2,5-Dimethyl-2,5-di(tert-butylperoxy)hexane [78-63-7]
13843-65-7	"Present (hypertoxic chemical, [2163])" As Arsenic pentoxide [1303-28-2]
13843-81-7	Present ([2818])
13846-18-9	"Present ([2452])" As Calcium bisulfite [13780-03-5]
13862-18-5	"Present ([2333])" As Zirconyl nitrate [13826-66-9]
13863-41-7	Present ([1492])
13864-22-7	"Present ([1330])" As Vanadyl sulfate [27774-13-6]
13871-27-7	Present ([0778])
138860-89-6	"Present ([2811])" As 1-Naphthalenesulfonyl chloride, 6-diazo-5,6-dihydro-5-oxo- [3770-97-6]
1388628-04-3	"Present (with >0.2% combustible substances, including any organic substance calculated as Carbon, to the exclusion of any other added substance, [2286]); Present (with <=0.2% combustible substances, [2286])" As Ammonium nitrate [6484-52-2]
13890-81-8	"Present (hypertoxic chemical, [1097])" As Nicotine [54-11-5]
13890-82-9	"Present (hypertoxic chemical, [1097])" As Nicotine [54-11-5]
139-02-6	Present ([0063])
139-84-4	"Present ([1725])" As Nonylphenols [25154-52-3]
139116-12-4	"Present ([1455])" As Mercurate(1-), (4-carboxylatophenyl)chloro-, hydrogen [59-85-8]
1391351-00-0	"Present ([2820])" As Disodium dichromate [10588-01-9]
1391413-98-1	"Present (anhydrous, [2550]); Present (solution, [2550])" As Methylamine [74-89-5]
1391846-91-5	"Present ([2104])" As Ethanol, titanium(4+) salt [3087-36-3]
139252-84-9	"Present ([1141])" As 1-Methylpiperidine [626-67-5]
139281-67-7	"Present ([1726])" As Nonylphenol ethoxylates [9016-45-9]
139339-89-2	"Present (in Acetic anhydride, solution, [0801]); Present (content 50-72%, [0798]); Present (content >72%, [0798]); Present (content <=50%, [0798])" As Perchloric acid [7601-90-3]
139352-38-8	"Present (content >90% but <=100%, [0377]); Present (content >=52% but <=90%, with type A thinner >=10%, [0377]); Present (content <=52%, with type A thinner >=48%, [0377]); Present (content <=77%, [0377]); Present (paste, content <=47%, [0377])" As 2,5-Dimethyl-2,5-di(tert-butylperoxy)hexane [78-63-7]
13940-38-0	Present ([2806])
139411-96-4	"Present ([0284])" As Hexachlorophene [70-30-4]
139443-72-4	"Present ([1311])" As Dimethyl sulfate [77-78-1]
13952-84-6	Present ([2801])
139598-16-6	"Present ([1626])" As Benzene, 1,1'-oxybis-, heptabromo derivative [68928-80-3];
13966-00-2	"Present ([1203])" As Potassium [7440-09-7]
13966-02-4	"Present (powder, [1613])" As Beryllium [7440-41-7]
13966-05-7	"Present ([0789]); Present (powder, [0789])" As Calcium [7440-70-2]
13966-31-9	"Present (powder, wetted with >=25% water, [1218])" As Manganese [7439-96-5]
13966-32-0	"Present ([1582])" As Sodium [7440-23-5]
13967-50-5	Present ([1699])
13967-70-9	"Present ([1221])" As Cesium [7440-46-2]
13967-71-0	"Present ([1215]); Present (powder, dry, [1215])" As Zirconium [7440-67-7]
13967-73-2	"Present ([1222])" As Strontium [7440-24-6]
13967-74-3	"Present (suspended in kerosene, [1968]); Present (powder and scrap, [1968])" As Cerium [7440-45-1]
13967-90-3	Present ([2417])
13968-49-5	"Present (suspended in kerosene, [1968]); Present (powder and scrap, [1968])" As Cerium [7440-45-1]
13968-50-8	"Present (powder, [2121])" As Antimony [7440-36-0]
13968-51-9	"Present ([2103])" As Thallium [7440-28-0]
1397-94-0	Present (hypertoxic chemical, [1236])
139754-81-7	"Present ([1772])" As Boron trifluoride compound with methyl ether [353-42-4]
1398052-85-1	"Present (solution, with >10% Ammonia, [0035])" As Ammonium hydroxide [1336-21-6]
13981-27-6	"Present ([1215]); Present (powder, dry, [1215])" As Zirconium [7440-67-7]
13981-28-7	"Present (suspended in kerosene, [1217])" As Lanthanum [7439-91-0]
13981-41-4	"Present ([0047])" As Barium [7440-39-3]
13981-43-6	"Present (hypertoxic chemical, [1381])" As Chlorine [7782-50-5]
13981-51-6	"Present ([0835])" As Mercury [7439-97-6]
13981-56-1	"Present (hypertoxic chemical, [0732])" As Fluorine [7782-41-4]
13982-04-2	"Present ([1582])" As Sodium [7440-23-5]
13982-13-3	"Present ([1220])" As Rubidium [7440-17-7]
13982-22-4	"Present ([1013])" As Gallium [7440-55-3]
13982-23-5	"Present (dust, [2358]); Present (powder, [2358]); Present (ashes, [2358])" As Zinc [7440-66-6]
13982-30-4	"Present (suspended in kerosene, [1968]); Present (powder and scrap, [1968])" As Cerium [7440-45-1]
13982-39-3	"Present (dust, [2358]); Present (powder, [2358]); Present (ashes, [2358])" As Zinc [7440-66-6]
13982-78-0	"Present ([0835])" As Mercury [7439-97-6]
13983-27-2	"Present (compressed or liquefied, [1237])" As Krypton [7439-90-9]
13987-01-4	Present ([1817])
139939-65-4	"Present ([1315])" As Cobalt sulfate [10124-43-3]
139939-67-6	"Present ([1318])" As Sulfuric acid, nickel(2+) salt (1:1) [7786-81-4]
13994-18-8	"Present (compressed or liquefied, [2200])" As Xenon [7440-63-3]
13994-19-9	"Present (compressed or liquefied, [2200])" As Xenon [7440-63-3]
13994-71-3	"Present (compressed or liquefied, [2505])" As Argon [7440-37-1]
13998-03-3	"Present (hypertoxic chemical, [1688])" As Sodium cyanide [143-33-9]
140-29-4	Present ([0094])
140-31-8	Present ([0036])
140-66-9	"Present ([2347])" As (1,1,3,3-Tetramethylbutyl)phenol (mixed isomers) [27193-28-8]
140-80-7	Present ([0682])
140-88-5	Present (stabilized, [0150])
1400594-70-8	"Present ([0318])" As 4,4'-Methylenediphenyl diisocyanate [101-68-8]
14012-92-1	"Present (hypertoxic chemical, [1328])" As Sulfuric acid, thallium(1+) salt (1:2) [7446-18-6]
14014-06-3	"Present ([1669]); Present (solution, content >=30%, [1669])" As Sodium hydroxide [1310-73-2]
140148-87-4	"Present ([0771])" As Fluoroboric acid [16872-11-0]
1401517-00-7	"Present (stabilized, [0151])" As Isobutyl acrylate [106-63-8]
1401716-44-6	"Present ([0095])" As Benzene, ethynyl- [536-74-3]
14018-95-2	Present ([2823])
1401918-81-7	"Present ([2398])" As Benzyl bromide [100-39-0]
1402-38-6	Present ([0727])
1402-51-3	"Present ([0728])" As Actinomycin D [50-76-0]
1402-58-0	"Present ([0728])" As Actinomycin D [50-76-0]
1402855-94-0	"Present ([2352])" As Oct-4-yne [1942-45-6]
1403779-89-4	"Present (with >10% but <=10.7% available Oxygen, type A thinner >=48%, [0891]); Present (with <=10% available Oxygen, type A thinner >=55%, [0891]); Present (with <=8.2% available Oxygen, type A thinner >=60%, [0891])" As Methyl ethyl ketone peroxide [1338-23-4]
140406-37-7	"Present ([0758])" As Potassium fluoride (K(HF2)) [7789-29-9]
1404060-48-5	"Present ([1506])" As Phenyl chloroformate [1885-14-9]
1404190-34-6	"Present ([1908])" As Triethylenetetramine [112-24-3]
14055-61-9	"Present ([0757])" As Ammonium bifluoride [1341-49-7]
140623-70-7	"Present ([1302])" As Sulfuric acid [7664-93-9]
140705-79-9	"Present ([1065])" As 3-Butyn-2-ol, 2-methyl- [115-19-5]
1408062-28-1	"Present ([2161])" As Vanadium pentoxide [1314-62-1]
140889-50-5	"Present ([1441])" As Chloroplatinic acid [16941-12-1]
14092-95-6	"Present ([0789]); Present (powder, [0789])" As Calcium [7440-70-2]
14092-99-0	"Present (powder, wetted with >=25% water, [1218])" As Manganese [7439-96-5]
14093-11-9	"Present (powder, [1216])" As Hafnium [7440-58-6]
14099-12-8	Present ([1298])
141-01-5	Present ([0986])
141-06-0	Present ([2795])
141-32-2	Present (stabilized, [0153])
141-43-5	Present ([0033])
141-52-6	Present (Ethyl alcohol solution, [2571]); Present ([2570])
141-57-1	Present ([0119])
141-59-3	Present ([2030])
141-66-2	Present (content >25%, hypertoxic chemical, [0393])
141-75-3	Present ([2779])
141-78-6	Present ([2651])
141-79-7	Present ([1069])
141-85-5	Present ([2516])
141-91-3	Present ([0465])
141-93-5	Present ([0685])
14104-20-2	Present ([0776])
14107-52-9	"Present ([2103])" As Thallium [7440-28-0]
14109-32-1	"Present (non-pyrophoric, [0817])" As Cadmium [7440-43-9]
14119-08-5	"Present ([1013])" As Gallium [7440-55-3]
14119-09-6	"Present ([1013])" As Gallium [7440-55-3]
14119-19-8	"Present (suspended in kerosene, [1968]); Present (powder and scrap, [1968])" As Cerium [7440-45-1]
14124-98-2	"Present ([0804])" As Perchloric acid, lithium salt [7791-03-9]
141263-96-9	"Present ([0404])" As Malathion [121-75-5]
14128-54-2	"Present ([1658])" As Lithium aluminum hydride [16853-85-3]
141303-14-2	"Present ([1104])" As N,N-Dimethylaminoethyl methacrylate [2867-47-2]
141459-01-0	"Present ([2166])" As 2-Pentanol [6032-29-7]
14147-08-1	"Present ([1572])" As Magnesium [7439-95-4]
1414852-51-9	"Present ([0771])" As Fluoroboric acid [16872-11-0]
141490-14-4	"Present ([1726])" As Nonylphenol ethoxylates [9016-45-9]
1415719-73-1	"Present ([2521])" As Aniline hydrochloride [142-04-1]
14158-27-1	"Present ([1222])" As Strontium [7440-24-6]
14158-34-0	"Present (hypertoxic chemical, [1381])" As Chlorine [7782-50-5]
14159-48-9	"Present (with free Sulphuric acid, [2130])" As Alkyl sulfonic acids [RR-02838-6]
1416052-38-4	"Present ([1455])" As Mercurate(1-), (4-carboxylatophenyl)chloro-, hydrogen [59-85-8]
141615-54-5	"Present (wetted with >=15% water, [0961]); Present (desensitized, [0961])" As Cyclotetramethylenetetranitramine [2691-41-0]
14163-25-8	"Present (compressed or liquefied, [2505])" As Argon [7440-37-1]
141631-74-5	"Present ([1215]); Present (powder, dry, [1215])" As Zirconium [7440-67-7]
141631-75-6	"Present ([1215]); Present (powder, dry, [1215])" As Zirconium [7440-67-7]
141631-77-8	"Present ([1215]); Present (powder, dry, [1215])" As Zirconium [7440-67-7]
141676-86-0	"Present ([2195])" As Selenic acid [7783-08-6]
1416946-65-0	"Present (solution, [1173])" As Formaldehyde [50-00-0]
14175-14-5	"Present ([1908])" As Triethylenetetramine [112-24-3]
14177-24-3	"Present ([2296])" As Cadmium nitrate [10325-94-7]
1417997-02-4	"Present ([0269])" As Paraformaldehyde [30525-89-4]
14191-65-2	"Present ([1220])" As Rubidium [7440-17-7]
142-04-1	Present ([2521])
142-28-9	Present ([0523])
142-29-0	Present ([0970])
142-59-6	Present ([2504])
142-61-0	Present ([1010])
142-62-1	Present ([1003])
142-63-2	"Present ([1602])" As Piperazine [110-85-0]
142-68-7	Present ([2070])
142-82-5	Present ([2782])
142-84-7	Present ([0716])
142-92-7	Present ([2658])
142-96-1	Present ([2769])
1420-07-1	Present ([2119])
1421-68-7	Present ([1634])
14215-00-0	"Present ([1319])" As Beryllium sulfate [13510-49-1]
14216-75-2	"Present ([2313])" As Nickel(II) nitrate [13138-45-9]
14216-88-7	Present ([0821])
142175-32-4	"Present ([0981])" As Ethylene oxide [75-21-8]
1421840-08-5	"Present ([0845])" As Ethyl silicate [78-10-4]
1421949-89-4	"Present ([1017])" As Benzene, 1,3-diisocyanatomethyl- [26471-62-5]
14220-17-8	Present ([1691])
1422250-41-6	"Present ([1017])" As Benzene, 1,3-diisocyanatomethyl- [26471-62-5]
1422343-79-0	"Present ([1017])" As Benzene, 1,3-diisocyanatomethyl- [26471-62-5]
14234-29-8	"Present ([1221])" As Cesium [7440-46-2]
14234-35-6	"Present (powder, [2121])" As Antimony [7440-36-0]
14235-86-0	Present ([1589])
1423809-66-8	"Present ([0776])" As Borate(1-), tetrafluoro-, silver(1+) [14104-20-2]
14242-05-8	"Present ([0810])" As Perchloric acid, silver(1+) salt [7783-93-9]
1424805-45-7	"Present (solid, [1379]); Present (solution, [1379])" As Sodium aluminate (NaAlO2) [1302-42-7]
1424809-08-4	"Present (solid, [1379]); Present (solution, [1379])" As Sodium aluminate (NaAlO2) [1302-42-7]
1425113-44-5	"Present ([2281])" As p-Nitrobromobenzene [586-78-7]
14263-59-3	Present ([1698])
14264-31-4	Present ([1702]); Present (solution, [1702])
14265-71-5	"Present ([2188])" As Selenium [7782-49-2]
142661-36-7	"Present ([0304])" As 4,4'-Diamino-3,3'-dichlorodiphenylmethane [101-14-4]
14269-74-0	"Present (suspended in kerosene, [1219])" As Neodymium [7440-00-8]
142690-07-1	"Present ([0318])" As 4,4'-Methylenediphenyl diisocyanate [101-68-8]
142731-63-3	"Present ([1725])" As Nonylphenols [25154-52-3];
14276-49-4	"Present (powder, amorphous, [0837])" As Silicon [7440-21-3]
1428191-24-5	"Present ([2333])" As Zirconyl nitrate [13826-66-9]
14283-93-3	"Present ([0775])" As Borate(1-), tetrafluoro-, zinc (2:1) [13826-88-5]
142857-18-9	"Present ([0165])" As Lithium hypochlorite [13840-33-0]
142888-86-6	"Present ([1826])" As 1-Butene, 2,3,4-trichloro- [2431-50-7]
1428979-52-5	"Present ([0640])" As Chlorine dioxide [10049-04-4]
1428979-54-7	"Present ([2169])" As Glutaraldehyde [111-30-8]
14293-73-3	Present ([1242])
14293-78-8	Present ([0726])
142985-89-5	"Present ([1726])" As Nonylphenol ethoxylates [9016-45-9]
143-33-9	Present (hypertoxic chemical, [1688])
143-50-0	Present ([1958])
14304-78-0	"Present ([1924])" As Arsenic [7440-38-2]
14314-69-3	"Present (dry or wetted with <15% water, [0596])" As Dinitrophenolates [RR-00263-1]
143171-41-9	"Present (in Acetic anhydride, solution, [0801]); Present (content 50-72%, [0798]); Present (content >72%, [0798]); Present (content <=50%, [0798])" As Perchloric acid [7601-90-3]
1431865-84-7	"Present ([1441])" As Chloroplatinic acid [16941-12-1]
1431867-18-3	"Present ([0224])" As Butanedioyl dichloride [543-20-4]
1432062-26-4	"Present ([1017])" As Benzene, 1,3-diisocyanatomethyl- [26471-62-5]
14323-41-2	"Present ([1691])" As Nickel potassium cyanide [14220-17-8]
143247-75-0	"Present ([0942])" As Cyclohexylamine [108-91-8]
14331-88-5	"Present (powder, [2121])" As Antimony [7440-36-0]
14331-90-9	"Present ([2361]); Present (solution with >=3.5% Bromine, [2361])" As Bromine [7726-95-6]
14331-91-0	"Present ([1222])" As Strontium [7440-24-6]
143337-19-3	"Present ([1441])" As Chloroplatinic acid [16941-12-1]
14336-66-4	"Present (non-pyrophoric, [0817])" As Cadmium [7440-43-9]
14336-68-6	"Present (non-pyrophoric, [0817])" As Cadmium [7440-43-9]
1434046-67-9	"Present ([1926])" As Gallium arsenide [1303-00-0]
143549-79-5	"Present ([2037])" As Tetramethylammonium hydroxide [75-59-2]
143637-29-0	"Present (content >90% but <=100%, [0377]); Present (content >=52% but <=90%, with type A thinner >=10%, [0377]); Present (content <=52%, with type A thinner >=48%, [0377]); Present (content <=77%, [0377]); Present (paste, content <=47%, [0377])" As 2,5-Dimethyl-2,5-di(tert-butylperoxy)hexane [78-63-7]
1436666-97-5	"Present (non-pyrophoric, [2532])" As Cadmium oxide [1306-19-0]
14374-79-9	"Present (powder, [2121])" As Antimony [7440-36-0]
14378-21-3	"Present ([1203])" As Potassium [7440-09-7]
14378-22-4	"Present ([1203])" As Potassium [7440-09-7]
14378-25-7	"Present ([0047])" As Barium [7440-39-3]
14390-89-7	"Present (powder, [1613])" As Beryllium [7440-41-7]
14391-61-8	"Present ([2361]); Present (solution with >=3.5% Bromine, [2361])" As Bromine [7726-95-6]
14391-68-5	"Present (powder, [2121])" As Antimony [7440-36-0]
14391-74-3	"Present ([1013])" As Gallium [7440-55-3]
14391-99-2	"Present ([0789]); Present (powder, [0789])" As Calcium [7440-70-2]
14392-00-8	"Present (powder, dry, [1223]); Present (powder, wetted with >=25% water, particle size <53 micron if produced by mechanical method, and particle size <840 micron if produced by chemical method, [1223])" As Titanium [7440-32-6]
14392-03-1	"Present (powder, wetted with >=25% water, [1218])" As Manganese [7439-96-5]
143928-58-9	"Present (content >51% but <=100%, with inert solid <=48%, [0874]); Present (content >35% but <=52%, with inert solid >=48%, [0874]); Present (content >=36% but <=42%, with type A thinner >=18%, water <=40%, [0874]); Present (content >=77% but <=94%, with water >=6%, [0874]); Present (content <=42%, stable dispersion in water, [0874]); Present (content <=62%, with inert solid >=28%, water >=10%, [
143929-07-1	"Present ([1726])" As Nonylphenol ethoxylates [9016-45-9]
143983-99-7	"Present ([2278])" As Nitrotriazolone [932-64-9]
144-41-2	Present ([0401])
144-49-0	Present (hypertoxic chemical, [0780])
144085-53-0	"Present ([2016])" As Mitomycin-C [50-07-7]
14409-72-4	"Present ([1726])" As Nonylphenol ethoxylates [9016-45-9]
1441020-41-2	"Present (stabilized, [0150])" As Ethyl acrylate [140-88-5]
1441148-55-5	"Present ([1285])" As Cadmium sulfide [1306-23-6]
144377-64-0	"Present ([0333])" As Dibutyltin oxide [818-08-6]
1445-45-0	Present ([2748])
144514-14-7	"Present ([1915])" As Triethylamine [121-44-8]
14456-69-0	"Present ([2083])" As Stannane, tetrabromo- [7789-67-5]
14459-91-7	"Present ([2006])" As Ziram [137-30-4]
144705-55-5	"Present ([0758])" As Potassium fluoride (K(HF2)) [7789-29-9]
1447694-91-8	"Present ([1288])" As Sodium sulfide [1313-82-2]
14480-05-8	"Present ([1774])" As Boron trifluoride-diethyl etherate [109-63-7]
144804-99-9	"Present ([0115])" As Propanedinitrile [109-77-3]
14483-17-1	"Present ([2318])" As Nitric acid, praseodymium(3+) salt (3:1) [10361-80-5]
1448522-72-2	"Present ([0178])" As Cadmium telluride (CdTe) [1306-25-8]
14486-19-2	Present ([0773])
14489-25-9	Present ([0818])
1449279-30-4	"Present ([0739])" As Zirconium potassium fluoride [16923-95-8]
144978-87-0	"Present ([1372])" As Hexabromobiphenyl [36355-01-8]
144978-88-1	"Present ([1372])" As Hexabromobiphenyl [36355-01-8]
1450-14-2	Present ([1347])
1450620-86-6	"Present ([1934])" As Calcium arsenate [7778-44-1]
14518-69-5	Present ([2020])
14518-94-6	Present ([2418])
14519-07-4	Present ([2424])
14519-18-7	Present ([2423])
1452383-17-3	"Present ([2415])" As Trifluorobromomethane [75-63-8]
14526-18-2	"Present ([2083])" As Stannane, tetrabromo- [7789-67-5]
14534-23-7	"Present ([0060]); Present (solution, [0060])" As Phenol [108-95-2]
1453489-76-3	"Present ([1104])" As N,N-Dimethylaminoethyl methacrylate [2867-47-2]
1453489-93-4	"Present (stabilized, [0096])" As Styrene [100-42-5]
1453489-99-0	"Present (stabilized, [0145])" As Acrylic acid [79-10-7]
1453490-09-9	"Present (stabilized, [0153])" As n-Butyl acrylate [141-32-2]
145428-94-0	"Present (hypertoxic chemical, [0486])" As Brucine [357-57-3]
14545-23-4	"Present ([0051])" As Aniline [62-53-3]
145459-43-4	"Present ([1774])" As Boron trifluoride-diethyl etherate [109-63-7]
14550-88-0	"Present ([2291])" As Nitric acid, bismuth(3+) salt [10361-44-1]
145757-52-4	"Present ([1455])" As Mercurate(1-), (4-carboxylatophenyl)chloro-, hydrogen [59-85-8]
145929-31-3	"Present ([0361])" As 2,5-Xylenol [95-87-4]
14596-37-3	"Present ([0932])" As Phosphorus elemental [7723-14-0]
146-84-9	Present (with >=30% water, [1875])
1461-22-9	Present ([1756])
1461-25-2	Present ([2021])
146282-59-9	"Present ([2710])" As Isophorone diisocyanate [4098-71-9]
1462878-70-1	"Present ([2190])" As Lead selenide [12069-00-0]
1463472-97-0	"Present ([1346])" As Hexamethyldisiloxane [107-46-0]
1465-25-4	Present ([2509])
14666-78-5	Present (in solution, content <=27%, [0880])
146665-38-5	"Present ([2710])" As Isophorone diisocyanate [4098-71-9]
14674-72-7	Present ([2457])
14681-52-8	"Present (powder, wetted with >=25% water, [1218])" As Manganese [7439-96-5]
14681-75-5	"Present ([1215]); Present (powder, dry, [1215])" As Zirconium [7440-67-7]
14682-66-7	"Present (powder, [1377])" As Aluminum [7429-90-5]
14683-10-4	"Present (powder, [2121])" As Antimony [7440-36-0]
14686-14-7	"Present ([0834])" As Hept-3-ene [592-78-9]
14686-69-2	"Present ([2361]); Present (solution with >=3.5% Bromine, [2361])" As Bromine [7726-95-6]
14687-60-6	"Present ([2188])" As Selenium [7782-49-2]
14687-61-7	"Present ([1924])" As Arsenic [7440-38-2]
14687-62-8	"Present ([2361]); Present (solution with >=3.5% Bromine, [2361])" As Bromine [7726-95-6]
14690-59-6	"Present ([2299])" As Cobalt(II) nitrate [10141-05-6]
14691-87-3	Present ([2805])
146997-94-6	"Present ([0051])" As Aniline [62-53-3]
147-82-0	Present ([1895])
14709-52-5	"Present (non-pyrophoric, [0817])" As Cadmium [7440-43-9]
147102-03-2	"Present ([1774])" As Boron trifluoride-diethyl etherate [109-63-7]
14721-21-2	"Present ([1540])" As Copper chlorate [26506-47-8]
147217-71-8	"Present ([0276])" As Benzene, 1,1'-oxybis-, bromo derivatives [90193-67-2]
147217-72-9	"Present ([0276])" As Benzene, 1,1'-oxybis-, bromo derivatives [90193-67-2]
147217-73-0	"Present ([0276])" As Benzene, 1,1'-oxybis-, bromo derivatives [90193-67-2]
147217-74-1	"Present ([0276])" As Benzene, 1,1'-oxybis-, bromo derivatives [90193-67-2]
147217-75-2	"Present ([0276])" As Benzene, 1,1'-oxybis-, bromo derivatives [90193-67-2]
147217-76-3	"Present ([0276])" As Benzene, 1,1'-oxybis-, bromo derivatives [90193-67-2]
147217-77-4	"Present ([0276])" As Benzene, 1,1'-oxybis-, bromo derivatives [90193-67-2]
147217-78-5	"Present ([0276])" As Benzene, 1,1'-oxybis-, bromo derivatives [90193-67-2]
147217-79-6	"Present ([0276])" As Benzene, 1,1'-oxybis-, bromo derivatives [90193-67-2]
147217-80-9	"Present ([0276])" As Benzene, 1,1'-oxybis-, bromo derivatives [90193-67-2]
147217-81-0	"Present ([0276])" As Benzene, 1,1'-oxybis-, bromo derivatives [90193-67-2]
14726-58-0	Present ([2062])
147366-31-2	"Present ([1566])" As Morpholine [110-91-8]
1474045-09-4	"Present ([1519])" As Methyl chloride [74-87-3]
1474045-10-7	"Present ([1519])" As Methyl chloride [74-87-3]
1474045-11-8	"Present ([1519])" As Methyl chloride [74-87-3]
14742-26-8	"Present ([1022])" As Methyl alcohol [67-56-1]
147527-07-9	"Present (compressed or liquefied, [2561])" As Nitrous oxide [10024-97-2]
1476-11-5	"Present ([0500])" As 1,4-Dichloro-2-butene [764-41-0]
14762-71-1	"Present (suspended in kerosene, [1217])" As Lanthanum [7439-91-0]
14762-78-8	"Present (suspended in kerosene, [1968]); Present (powder and scrap, [1968])" As Cerium [7440-45-1]
14763-77-0	Present ([1695])
14778-33-7	"Present ([1295])" As Thiocyanic acid, calcium salt [2092-16-2]
147809-57-2	"Present ([2105])" As Tetraisopropyl titanate [546-68-9]
147937-07-3	"Present ([0193])" As Iodomethane [74-88-4]
14797-70-7	"Present (compressed or liquefied, [2528])" As Oxygen [7782-44-7]
14798-08-4	"Present ([0047])" As Barium [7440-39-3]
148-82-3	Present ([2827])
14809-44-0	"Present ([1924])" As Arsenic [7440-38-2]
14809-45-1	"Present ([1924])" As Arsenic [7440-38-2]
14809-47-3	"Present ([2361]); Present (solution with >=3.5% Bromine, [2361])" As Bromine [7726-95-6]
14809-48-4	"Present ([1220])" As Rubidium [7440-17-7]
14809-49-5	"Present ([1222])" As Strontium [7440-24-6]
14809-51-9	"Present ([1222])" As Strontium [7440-24-6]
14809-68-8	"Present (compressed or liquefied, [1237])" As Krypton [7439-90-9]
148263-71-2	"Present ([2443])" As 4,4'-Methylenedianiline [101-77-9]
14833-23-9	"Present (dust, [2358]); Present (powder, [2358]); Present (ashes, [2358])" As Zinc [7440-66-6]
14833-26-2	"Present (dust, [2358]); Present (powder, [2358]); Present (ashes, [2358])" As Zinc [7440-66-6]
148333-06-6	"Present (hypertoxic chemical, [2635])" As Acetic acid, mercury(2+) salt (2:1) [1600-27-7]
14834-69-6	"Present (suspended in kerosene, [1217])" As Lanthanum [7439-91-0]
148584-48-9	"Present ([0498])" As 1,3-Dichloro-2-propanol [96-23-1]
1486-01-7	"Present ([1245])" As Biphenyl [92-52-4]
14874-86-3	Present ([0777])
14875-95-7	"Present (hypertoxic chemical, [2118])" As Nickel carbonyl [13463-39-3]
14877-64-6	"Present (suspended in kerosene, [1219])" As Neodymium [7440-00-8]
14885-65-5	"Present ([0753])" As Lithium fluoride [7789-24-4]
148880-59-5	"Present ([1441])" As Chloroplatinic acid [16941-12-1]
149-73-5	Present ([2746])
149-74-6	Present ([1087])
14900-21-1	"Present (powder, [1216])" As Hafnium [7440-58-6]
14903-02-7	"Present ([1203])" As Potassium [7440-09-7]
149038-91-5	"Present ([0835])" As Mercury [7439-97-6]
14914-68-2	"Present (powder, [2121])" As Antimony [7440-36-0]
14914-75-1	"Present ([0047])" As Barium [7440-39-3]
14914-76-2	"Present ([1221])" As Cesium [7440-46-2]
14922-51-1	"Present (powder, [1216])" As Hafnium [7440-58-6]
149270-29-1	"Present (content <=52%, stable dispersion in water, [2032]); Present (content <=72%, with type B thinner >=28%, [2032])" As Neodecaneperoxoic acid, 1,1,3,3-tetramethylbutyl ester [51240-95-0]
14928-29-1	"Present ([1222])" As Strontium [7440-24-6]
14928-30-4	"Present ([1215]); Present (powder, dry, [1215])" As Zirconium [7440-67-7]
14928-36-0	"Present ([1220])" As Rubidium [7440-17-7]
14932-42-4	"Present (compressed or liquefied, [2200])" As Xenon [7440-63-3]
14932-53-7	"Present ([1220])" As Rubidium [7440-17-7]
1493800-25-1	"Present ([0755])" As Lead fluoride [7783-46-2]
14952-45-5	"Present ([2062])" As Benzenediazonium, 2,5-dibutoxy-4-(4-morpholinyl)-, (T-4)-tetrachlorozincate(2-) (2:1) [14726-58-0]
149579-36-2	"Present ([2710])" As Isophorone diisocyanate [4098-71-9]
14965-99-2	Present ([1685])
1497435-71-8	"Present ([2169])" As Glutaraldehyde [111-30-8]
14977-61-8	Present ([2542])
14983-72-3	"Present (compressed or liquefied, [1237])" As Krypton [7439-90-9]
14985-18-3	"Present ([2333])" As Zirconyl nitrate [13826-66-9]
149864-78-8	"Present (This CAS number is listed in the source under the chemical name: 1,2,3,4-Tetrachloronaphthalene, [2053])" As Tetrachloronaphthalene [1335-88-2]
149864-79-9	"Present (This CAS number is listed in the source under the chemical name: 1,2,3,4-Tetrachloronaphthalene, [2053])" As Tetrachloronaphthalene [1335-88-2]
149864-80-2	"Present (This CAS number is listed in the source under the chemical name: 1,2,3,4-Tetrachloronaphthalene, [2053])" As Tetrachloronaphthalene [1335-88-2]
149864-81-3	"Present (This CAS number is listed in the source under the chemical name: 1,2,3,4-Tetrachloronaphthalene, [2053])" As Tetrachloronaphthalene [1335-88-2]
149864-82-4	"Present (This CAS number is listed in the source under the chemical name: 1,2,3,4-Tetrachloronaphthalene, [2053])" As Tetrachloronaphthalene [1335-88-2]
14995-61-0	"Present (compressed or liquefied, [1237])" As Krypton [7439-90-9]
14995-62-1	"Present (compressed or liquefied, [2200])" As Xenon [7440-63-3]
14999-33-8	"Present (powder, wetted with >=25% water, [1218])" As Manganese [7439-96-5]
150-46-9	Present ([1611])
15008-64-7	"Present ([2291])" As Nitric acid, bismuth(3+) salt [10361-44-1]
150139-02-9	"Present ([1908])" As Triethylenetetramine [112-24-3]
150224-15-0	"Present (This CAS number is listed in the source under the chemical name: 1,2,3,4-Tetrachloronaphthalene, [2053])" As Tetrachloronaphthalene [1335-88-2]
15034-51-2	"Present ([1013])" As Gallium [7440-55-3]
15042-77-0	Present ([0896])
15047-05-9	"Present ([1221])" As Cesium [7440-46-2]
15055-11-5	"Present (suspended in kerosene, [1968]); Present (powder and scrap, [1968])" As Cerium [7440-45-1]
15064-65-0	"Present ([2103])" As Thallium [7440-28-0]
15064-66-1	"Present ([2103])" As Thallium [7440-28-0]
15064-97-8	"Present ([0835])" As Mercury [7439-97-6]
15066-87-2	"Present ([2612])" As Ethyl sulfuric acid [540-82-9]
15066-92-9	"Present ([1221])" As Cesium [7440-46-2]
15066-93-0	"Present (suspended in kerosene, [1217])" As Lanthanum [7439-91-0]
15092-71-4	"Present ([1572])" As Magnesium [7439-95-4]
15092-72-5	"Present (powder, amorphous, [0837])" As Silicon [7440-21-3]
151-38-2	Present (hypertoxic chemical, [2637])
151-50-8	Present (hypertoxic chemical, [1686])
151-56-4	Present (hypertoxic chemical, [2567]); Present (stabilized, hypertoxic chemical, [2567])
1510-16-3	"Present (with free Sulphuric acid, [2130])" As Alkyl sulfonic acids [RR-02838-6]
15105-17-6	"Present ([0246])" As Crotonic acid [3724-65-0]
15116-82-2	"Present ([0835])" As Mercury [7439-97-6]
15117-53-0	"Present ([1290])" As Sulfur [7704-34-9]
15120-17-9	Present ([1620])
15120-21-5	Present ([0860])
15123-69-0	Present ([2199])
15139-70-5	"Present (non-pyrophoric, [0817])" As Cadmium [7440-43-9]
15151-08-3	"Present (compressed or liquefied, [2200])" As Xenon [7440-63-3]
15151-09-4	"Present (compressed or liquefied, [2200])" As Xenon [7440-63-3]
1516-64-9	"Present ([0037])" As Octafluorobut-2-ene [360-89-4]
1516-70-7	Present (Ministry of Emergency Management Announcement No.?3 of 2026)
151677-70-2	"Present ([0477])" As 2,3-Butanedione [431-03-8]
15168-20-4	Present ([2479])
1517-66-4	"Present ([1051])" As 3-Methyl-2-butanol [598-75-4]
15175-63-0	"Present ([0460])" As N,N-Dimethylformamide [68-12-2]
15175-77-6	"Present ([0460])" As N,N-Dimethylformamide [68-12-2]
15176-21-3	Present ([0370])
151768-59-1	"Present (content <=52%, with inert solid >=48%, [0376, 0380]); Present (content >52% but <=86%, with type A thinner >=14%, [0376, 0380]); Present (content >86% but <=100%, [0376, 0380])" As 2,5-Dimethyl-2,5-di(tert-butylperoxy)hexyne-3 [1068-27-5]
15180-03-7	Present ([1461])
151821-32-8	"Present ([0936])" As Cyclopropane [75-19-4]
151883-00-0	"Present ([2019])" As 1-Butanaminium, N,N,N-tributyl-, hydroxide [2052-49-5]
1519044-51-9	"Present ([2415])" As Trifluorobromomethane [75-63-8]
1519044-52-0	"Present ([2555])" As Chlorotrifluoromethane [75-72-9]
1519044-53-1	"Present ([2026])" As Tetrafluoromethane [75-73-0]
1519044-64-4	"Present ([2411])" As Bromomethane [74-83-9]
1519044-65-5	"Present ([0769])" As Methyl fluoride [593-53-3]
1519044-66-6	"Present ([0193])" As Iodomethane [74-88-4]
15191-25-0	Present ([0257])
15199-43-6	"Present ([1311])" As Dimethyl sulfate [77-78-1]
152-16-9	Present (hypertoxic chemical, [0041])
1520-57-6	"Present ([2679])" As Acetyl chloride [75-36-5]
152212-20-9	"Present ([2803])" As 2-sec-Butyl-4,6-dinitrophenol [88-85-7]
152264-12-5	"Present (with >=25% water, [2208]); Present (with >=25% Alcohol and <=12.6% Nitrogen, [2208]); Present (with >=25% Alcohol, [2208]); Present (with <=12.6% Nitrogen, [2208]); Present (unmodified, or plasticized, with <18% plasticizing substance, [2208]); Present (solution, with <=12.6% Nitrogen and <=55% Nitrocellulose, [2208]); Present (dry or wetted with <25% water or Alcohol, [2208])" As Nitroc
152284-21-4	"Present (powder, amorphous, [0837])" As Silicon [7440-21-3]
15229-36-4	"Present ([0047])" As Barium [7440-39-3]
15232-76-5	Present ([2351])
15244-35-6	"Present ([1313])" As Cadmium sulfate [10124-36-4]
15245-44-0	Present (wetted with >=20% water or Mixture of alcohol and water, [1890])
152463-65-5	"Present ([2450])" As Sulfurous acid [7782-99-2]
15271-41-7	Present ([0836])
152758-95-7	"Present ([0098])" As Pyridine [110-86-1]
15298-38-1	"Present ([0746])" As Zirconium fluoride (ZrF4), (T-4)- [7783-64-4]
15313-18-5	"Present ([1682])" As Mercuric cyanide [592-04-1]
153302-08-0	"Present (content >32% but <=100%, [0864]); Present (content <=32%, with type B thinner >=68%, [0864]); Present (content <=42%, with inert solid >=58%, [0864])" As tert-Butyl peroxy-3,5,5-trimethylhexanoate [13122-18-4]
1533423-48-1	"Present ([0318])" As 4,4'-Methylenediphenyl diisocyanate [101-68-8]
1533423-50-5	"Present ([0942])" As Cyclohexylamine [108-91-8]
1533423-51-6	"Present ([0051])" As Aniline [62-53-3]
153389-31-2	"Present (in Acetic anhydride, solution, [0801]); Present (content 50-72%, [0798]); Present (content >72%, [0798]); Present (content <=50%, [0798])" As Perchloric acid [7601-90-3]
1534343-35-5	"Present ([1104])" As N,N-Dimethylaminoethyl methacrylate [2867-47-2]
153522-12-4	"Present ([1006])" As 1-Hexene [592-41-6]
1535485-71-2	"Present ([1947])" As Arsenic acid (H3AsO4), trisilver(1+) salt [13510-44-6]
1537199-53-3	Present ([1212])
15385-57-6	Present ([0190])
153859-50-8	"Present (content >42% but <=100%, with inert solid <=57%, [0902]); Present (content <=42%, with inert solid >=58%, [0902])" As Peroxide, [1,3(or 1,4)-phenylenebis(1-methylethylidene)]bis[(1,1-dimethylethyl) [25155-25-3]
153929-54-5	"Present ([2563])" As Carbon monoxide [630-08-0]
153985-02-5	"Present ([0744])" As Ammonium fluoride [12125-01-8]
153986-89-1	"Present ([0318])" As 4,4'-Methylenediphenyl diisocyanate [101-68-8]
154194-72-6	"Present ([1764])" As Tributyltin methacrylate [2155-70-6]
15422-57-8	"Present ([2188])" As Selenium [7782-49-2]
15422-58-9	"Present ([2188])" As Selenium [7782-49-2]
15422-59-0	"Present ([1924])" As Arsenic [7440-38-2]
1542381-47-4	"Present ([0331])" As Dibutyltin dilaurate [77-58-7]
15455-52-4	"Present ([1845])" As Methyl aluminum sesquichloride [12542-85-7]
15457-98-4	Present ([2456])
154636-59-6	"Present ([2037])" As Tetramethylammonium hydroxide [75-59-2]
15478-11-2	"Present (compressed or liquefied, [1237])" As Krypton [7439-90-9]
1548444-15-0	"Present ([2710])" As Isophorone diisocyanate [4098-71-9]
15512-36-4	Present ([1241])
155123-44-7	"Present ([1770])" As Boron trifluoride [7637-07-2]
1552-12-1	"Present ([0972])" As 1,5-Cyclooctadiene [111-78-4]
15520-11-3	Present (content <=100%, [0290]); Present (content <=42%, stable dispersion in water, [0290])
155280-46-9	"Present ([1104])" As N,N-Dimethylaminoethyl methacrylate [2867-47-2]
155399-52-3	"Present ([2563])" As Carbon monoxide [630-08-0]
155420-96-5	"Present (content <=77%, with type A thinner >=23%, [0923])" As tert-Butylperoxy isopropyl carbonate [2372-21-6]
15545-97-8	Present ([1594])
15557-00-3	Present ([1487])
1556839-80-5	"Present ([1375])" As 1,3,5,7-Tetraazatricyclo[3.3.1.1(3,7)]decane [100-97-0]
155684-07-4	"Present ([0073])" As Phenyltrichlorosilane [98-13-5]
155684-37-0	"Present ([1744])" As Silane, chlorotriphenyl- [76-86-8]
155684-38-1	"Present ([0314])" As Diphenyldichlorosilane [80-10-4]
155684-39-2	"Present ([0073])" As Phenyltrichlorosilane [98-13-5]
155684-41-6	"Present ([1087])" As Methylphenyldichlorosilane [149-74-6]
155749-22-7	"Present ([0431])" As 2-Pentanol, 4-methyl-, acetate [108-84-9]
15575-20-9	"Present ([1924])" As Arsenic [7440-38-2]
155808-17-6	"Present ([0640])" As Chlorine dioxide [10049-04-4]
15585-26-9	"Present (hypertoxic chemical, [1381])" As Chlorine [7782-50-5]
15586-47-7	Present ([2478])
15593-61-0	Present ([2475])
15597-27-0	"Present ([0726])" As Vanadate (VO43-), tripotassium, (T-4)- [14293-78-8]
155999-95-4	"Present ([0276])" As Benzene, 1,1'-oxybis-, bromo derivatives [90193-67-2]
156-43-4	Present ([2684])
156-59-2	"Present ([0559])" As 1,2-Dichloroethylene [540-59-0]
156-60-5	"Present ([0559])" As 1,2-Dichloroethylene [540-59-0]
156-62-7	Present (with >0.1% Calcium carbide, [1676])
156021-15-7	"Present ([0800])" As Barium perchlorate [13465-95-7]
15603-52-8	"Present (solution, [1283])" As Ammonium sulfide [12135-76-1]
156031-30-0	"Present ([0307])" As 1,4-Benzenediamine, 2-methyl- [95-70-5]
15606-95-8	Present ([1919])
1561-49-5	Present (content >91% but <=100%, [0924]); Present (content <=42%, stable dispersion in water, [0924]); Present (content <=91%, [0924])
1561105-23-4	"Present (hypertoxic chemical, [0020])" As Allylamine [107-11-9]
15612-71-2	"Present ([2055])" As Titanium tetrachloride [7550-45-0]
15621-57-5	"Present ([2311])" As Sodium nitrate [7631-99-4]
1563-66-2	Present (hypertoxic chemical, [0568])
1563-79-7	"Present (content >80%, [2630]); Present (content >10% but <=80%, [2630])" As Acetic acid [64-19-7]
1563-80-0	"Present (content >80%, [2630]); Present (content >10% but <=80%, [2630])" As Acetic acid [64-19-7]
15630-89-4	Present ([0911])
156457-45-3	"Present (compressed or liquefied, [0172])" As Nitrogen [7727-37-9]
156520-08-0	"Present ([2725])" As Octadecane, 1-isocyanato- [112-96-9]
156580-59-5	"Present ([0317])" As Benzene, 1,1'-methylenebis[isocyanato- [26447-40-5]
15667-10-4	Present (content <=82%, with type A thinner >=18%, [0575])
15667-48-8	"Present ([1855])" As Benzenediazonium, 4-(dimethylamino)-, trichlorozincate(1-) [6087-56-5]
156681-25-3	"Present ([0476])" As 2-(Dimethylamino)ethanol [108-01-0]
15678-91-8	"Present (compressed or liquefied, [1237])" As Krypton [7439-90-9]
15681-89-7	"Present ([1608])" As Sodium borohydride [16940-66-2]
156858-77-4	"Present (content <=52%, stable dispersion in water, [0920]); Present (content <=77%, with type B thinner >=23%, [0920]); Present (content <=87%, with type A thinner >=13%, [0920])" As Cumyl peroxyneodecanoate [26748-47-0]
15688-21-8	"Present ([1774])" As Boron trifluoride-diethyl etherate [109-63-7]
1569-02-4	Present ([0114])
1569-69-3	Present ([0948])
15690-82-1	"Present (suspended in kerosene, [1219])" As Neodymium [7440-00-8]
15700-10-4	"Present (compressed or liquefied, [2200])" As Xenon [7440-63-3]
15700-34-2	"Present (suspended in kerosene, [1219])" As Neodymium [7440-00-8]
15701-15-2	"Present ([1222])" As Strontium [7440-24-6]
15706-41-9	"Present ([1203])" As Potassium [7440-09-7]
15715-04-5	"Present (suspended in kerosene, [1217])" As Lanthanum [7439-91-0]
1572-93-6	"Present ([1051])" As 3-Methyl-2-butanol [598-75-4]
15720-26-0	"Present ([2361]); Present (solution with >=3.5% Bromine, [2361])" As Bromine [7726-95-6]
15720-35-1	"Present ([1221])" As Cesium [7440-46-2]
15720-55-5	"Present ([2103])" As Thallium [7440-28-0]
15720-57-7	"Present ([2103])" As Thallium [7440-28-0]
15726-30-4	"Present ([1221])" As Cesium [7440-46-2]
157302-08-4	"Present (hypertoxic chemical, [0217])" As Sodium azide [26628-22-8]
157383-37-4	"Present (powder, amorphous, [0837])" As Silicon [7440-21-3]
1574-41-0	"Present (stabilized, [2171])" As 1,3-Pentadiene [504-60-9]
15741-25-0	"Present ([0047])" As Barium [7440-39-3]
15741-29-4	"Present ([0047])" As Barium [7440-39-3]
15743-50-7	"Present ([2103])" As Thallium [7440-28-0]
77342-17-7	"Present ([1271])" As Phosphoric acid, tris(methylphenyl) esters [1330-78-5]
19154-72-4	"Present ([2299])" As Cobalt(II) nitrate [10141-05-6]
3017-23-0	"Present (hypertoxic chemical, [1693], listed under Hydrogen cyanide); Present (content <=20%, [1664]); Present (fumigant, [1664])" As Hydrocyanic acid [74-90-8]
67459-49-8	"Present ([0682])" As 1,4-Pentanediamine, N1,N1-diethyl- [140-80-7]
32690-93-0	"Present ([0274])" As 1,1'-Biphenyl, chloro derivatives [1336-36-3]
881842-02-0	"Present (suspended in kerosene, [1217])" As Lanthanum [7439-91-0]
180513-58-0	"Present (content >90% but <=100%, [0377]); Present (content >=52% but <=90%, with type A thinner >=10%, [0377]); Present (content <=52%, with type A thinner >=48%, [0377]); Present (content <=77%, [0377]); Present (paste, content <=47%, [0377])" As 2,5-Dimethyl-2,5-di(tert-butylperoxy)hexane [78-63-7]
8067-67-2	"Present (content >20%, hypertoxic chemical, [0665])" As Chlorfenvinphos [470-90-6]
157621-61-9	"Present ([0479])" As Dimethyl ether [115-10-6]
74338-24-2	"Present ([0274])" As 1,1'-Biphenyl, chloro derivatives [1336-36-3]
594-19-4	"Present ([2131])" As Lithium alkyls [RR-01350-3]
66368-96-5	"Present ([1373])" As Hexamethylene diisocyanate [822-06-0]
817163-73-8	"Present ([1926])" As Gallium arsenide [1303-00-0]
222638-82-6	"Present ([1662])" As Titanium hydride (TiH2) [7704-98-5]
53529-37-6	"Present ([1361])" As Lindane [58-89-9]
39303-06-5	"Present (powder, wetted with >=25% water, [1218])" As Manganese [7439-96-5]
63044-42-8	"Present ([2048])" As Tellurium tetrachloride [10026-07-0]
37006-19-2	"Present ([1876])" As Benzenesulfonic acid, 2,4,6-trinitro- [2508-19-2]
80341-59-9	"Present ([1726])" As Nonylphenol ethoxylates [9016-45-9]
8007-28-1	"Present ([1849])" As Antimony trichloride [10025-91-9]
5967-37-3	"Present ([1899])" As Boron tribromide [10294-33-4]
64553-20-4	"Present ([1823])" As Antimony sulfide [1345-04-6]
65950-04-1	"Present ([0253])" As Alkanes, C10-13, chloro [85535-84-8]
19361-62-7	"Present (stabilized, [0096])" As Styrene [100-42-5]
642089-67-6	"Present ([0799])" As Ammonium perchlorate [7790-98-9]
67323-56-2	"Present ([0272])" As Polychlorinated dibenzo-p-dioxins [136677-09-3]
55720-43-9	"Present (This CAS number is listed in the source under the chemical name: 1,2,3,4-Tetrachloronaphthalene, [2053])" As Tetrachloronaphthalene [1335-88-2]
166090-88-6	"Present (content >42% but <=100%, with inert solid <=57%, [0902]); Present (content <=42%, with inert solid >=58%, [0902])" As Peroxide, [1,3(or 1,4)-phenylenebis(1-methylethylidene)]bis[(1,1-dimethylethyl) [25155-25-3]
55396-25-3	"Present ([0888])" As Calcium peroxide (Ca(O2)) [1305-79-9]
790998-17-3	"Present ([0062])" As Phenolsulphonic acid [1333-39-7]
60098-67-1	"Present ([1726])" As Nonylphenol ethoxylates [9016-45-9]
7314-37-6	"Present (with free Sulphuric acid, [2130])" As Alkyl sulfonic acids [RR-02838-6]
64940-97-2	"Present ([1726])" As Nonylphenol ethoxylates [9016-45-9]
37333-09-8	"Present ([0365])" As Trichlorfon [52-68-6]
55712-37-3	"Present ([0274])" As 1,1'-Biphenyl, chloro derivatives [1336-36-3]
52907-17-2	"Present ([0067])" As N-Phenyl-.beta.-naphthylamine [135-88-6]
38380-03-9	"Present ([0274])" As 1,1'-Biphenyl, chloro derivatives [1336-36-3]
28347-91-3	"Present ([0647])" As 1,4-Dioxane [123-91-1]
563-04-2	"Present ([1271])" As Phosphoric acid, tris(methylphenyl) esters [1330-78-5]
72516-03-1	"Present (powder, amorphous, [0837])" As Silicon [7440-21-3]
70648-14-5	"Present ([0273])" As Polychlorinated dibenzofurans [136677-10-6]
42126-46-5	"Present (hypertoxic chemical, [2118])" As Nickel carbonyl [13463-39-3]
51938-60-4	"Present ([1726])" As Nonylphenol ethoxylates [9016-45-9]
28655-71-2	"Present ([0274])" As 1,1'-Biphenyl, chloro derivatives [1336-36-3]
79637-11-9	"Present (stabilized, [0096])" As Styrene [100-42-5]
626-54-0	"Present ([2738])" As Butanoic acid, 3-methyl-, 1-methylethyl ester [32665-23-9]
19408-74-3	"Present ([0272])" As Polychlorinated dibenzo-p-dioxins [136677-09-3]
63665-22-5	"Present ([0468])" As Sodium cacodylate [124-65-2]
80066-48-4	"Present (solution in Alcohol with <=10% Nitroglycerin, [2203]); Present (desensitized with >=40% non-volatile, water-insoluble phlegmatizer, [2202])" As Nitroglycerin [55-63-0]
76829-05-5	"Present ([1726])" As Nonylphenol ethoxylates [9016-45-9]
70648-19-0	"Present ([0273])" As Polychlorinated dibenzofurans [136677-10-6]
24965-92-2	"Present ([1120])" As Methylcyclohexanols [25639-42-3]
70648-13-4	"Present ([0273])" As Polychlorinated dibenzofurans [136677-10-6]
68412-54-4	"Present ([1726])" As Nonylphenol ethoxylates [9016-45-9]
8030-31-7	"Present ([1964])" As Naphtha [8030-30-6]
56516-00-8	"Present ([1518])" As sec-Butyl chloroformate [17462-58-7]
37346-91-1	"Present ([0752])" As Lanthanum fluoride (LaF3) [13709-38-1]
50978-48-8	"Present ([2715])" As Allyl isothiocyanate [57-06-7]
845524-94-9	"Present ([0535])" As Ethylaluminum dichloride [563-43-9]
79990-52-6	"Present ([2296])" As Cadmium nitrate [10325-94-7]
59111-23-8	"Present ([0758])" As Potassium fluoride (K(HF2)) [7789-29-9]
41464-49-7	"Present ([0274])" As 1,1'-Biphenyl, chloro derivatives [1336-36-3]
35973-13-8	"Present ([2239])" As 2-Nitroanisole [91-23-6]
62655-59-8	"Present ([0366])" As Dichlorvos [62-73-7]
28380-38-3	"Present (hypertoxic chemical, [1912])" As Arsenic trioxide [1327-53-3]
31372-91-5	"Present ([2799])" As Octane [111-65-9]
326494-11-5	"Present ([2332])" As Mercurous nitrate monohydrate [7782-86-7]
71669-28-8	"Present ([0272])" As Polychlorinated dibenzo-p-dioxins [136677-09-3]
16474-90-1	"Present ([0056])" As 1,2-Benzenediol [120-80-9]
34883-41-5	"Present ([0274])" As 1,1'-Biphenyl, chloro derivatives [1336-36-3]
189084-67-1	"Present ([1626])" As Benzene, 1,1'-oxybis-, heptabromo derivative [68928-80-3];
83704-23-8	"Present ([0273])" As Polychlorinated dibenzofurans [136677-10-6]
588683-10-7	"Present ([2094])" As Ethanaminium, N,N,N-triethyl-, hydroxide [77-98-5]
67922-24-1	"Present (This CAS number is listed in the source under the chemical name: 1,2,3,4-Tetrachloronaphthalene, [2053])" As Tetrachloronaphthalene [1335-88-2]
57117-42-7	"Present ([0273])" As Polychlorinated dibenzofurans [136677-10-6]
378253-08-8	"Present (powder, [2121])" As Antimony [7440-36-0]
856993-13-0	"Present ([1872])" As Picric acid [88-89-1]
713543-17-0	"Present ([2020])" As Tetrabutylphosphonium hydroxide [14518-69-5]
378784-92-0	"Present (compressed or liquefied, [2200])" As Xenon [7440-63-3]
8031-35-4	"Present ([2796])" As Pentane [109-66-0]
34464-40-9	"Present ([1728])" As Nonanes [RR-04090-4]
29871-13-4	"Present ([1944])" As Arsenic acid (H3AsO4), copper salt (1:?) [10103-61-4]
41464-40-8	"Present ([0274])" As 1,1'-Biphenyl, chloro derivatives [1336-36-3]
83704-49-8	"Present ([0273])" As Polychlorinated dibenzofurans [136677-10-6]
53026-80-5	"Present ([0269])" As Paraformaldehyde [30525-89-4]
29687-28-3	"Present (powder, [1216])" As Hafnium [7440-58-6]
29212-31-5	"Present ([0015])" As 2-Aminopyridine [504-29-0]
5160-99-6	"Present ([0225])" As Butyltoluenes [27458-20-4]
402-54-0	"Present ([2277])" As Nitrobenzotrifluorides [RR-01305-8]
35254-34-3	"Present ([0774]); Present (solution, content >28%, [0774])" As Lead fluoborate [13814-96-5]
1910-42-5	"Present ([0386])" As Paraquat ion [4685-14-7]
39332-62-2	"Present (powder, [1377])" As Aluminum [7429-90-5]
59777-10-5	"Present ([0485])" As 3,3'-Dimethoxybenzidine [119-90-4]
758-12-3	"Present (content >80%, [2630]); Present (content >10% but <=80%, [2630])" As Acetic acid [64-19-7]
36823-35-5	"Present (hypertoxic chemical, [2157])" As Iron, pentacarbonyl- [13463-40-6]
23573-24-2	"Present ([2810])" As 1-Naphthalenesulfonyl chloride, 3-diazo-3,4-dihydro-4-oxo- [36451-09-9]
70362-45-7	"Present ([0274])" As 1,1'-Biphenyl, chloro derivatives [1336-36-3]
65777-14-2	"Present ([1726])" As Nonylphenol ethoxylates [9016-45-9]
66038-26-4	"Present (wetted with >=15% water, [0961]); Present (desensitized, [0961])" As Cyclotetramethylenetetranitramine [2691-41-0]
29543-83-7	"Present ([0270])" As Superphosphoric acid [8017-16-1]
59286-40-7	"Present (wetted with >=20% water or Mixture of alcohol and water, [1890])" As 1,3-Benzenediol, 2,4,6-trinitro-, lead salt [15245-44-0]
6529-87-9	"Present (This CAS number is listed in the source under the chemical name: 1,2,3,4-Tetrachloronaphthalene, [2053])" As Tetrachloronaphthalene [1335-88-2]
66794-59-0	"Present ([0273])" As Polychlorinated dibenzofurans [136677-10-6]
83704-52-3	"Present ([0273])" As Polychlorinated dibenzofurans [136677-10-6]
52744-13-5	"Present ([0274])" As 1,1'-Biphenyl, chloro derivatives [1336-36-3]
583-59-5	"Present ([1120])" As Methylcyclohexanols [25639-42-3]
2412445-90-8	"Present (powder, [1377])" As Aluminum [7429-90-5]
37359-35-6	"Present ([0391])" As Methyl parathion [298-00-0]
74069-67-3	"Present ([1149])" As 2-Methyltetrahydrofuran [96-47-9]
28522-15-8	"Present (compressed or liquefied, [1237])" As Krypton [7439-90-9]
37224-42-3	"Present (with >3% free acid, [1321])" As Lead sulfate [7446-14-2]
61539-83-1	"Present ([0253])" As Alkanes, C10-13, chloro [85535-84-8]
67888-98-6	"Present ([1372])" As Hexabromobiphenyl [36355-01-8]
70788-37-3	"Present (with free Sulphuric acid, [2130])" As Toluenesulfonic acid, all isomers [25231-46-3]
36559-22-5	"Present ([0274])" As 1,1'-Biphenyl, chloro derivatives [1336-36-3]
1633026-84-2	"Present ([1024]); Present (Methyl alcohol solution, [1025])" As Sodium methylate [124-41-4]
766-20-1	"Present ([0435])" As Dimethyldioxane [25136-55-4]
41464-47-5	"Present ([0274])" As 1,1'-Biphenyl, chloro derivatives [1336-36-3]
531524-45-5	"Present ([1281])" As Thioacetic acid [507-09-5]
62185-70-0	"Present ([1859])" As Trichlorofluoromethane [75-69-4]
59135-90-9	"Present ([0636])" As Diethylenetriamine [111-40-0]
55066-76-7	"Present ([1372])" As Hexabromobiphenyl [36355-01-8]
56573-10-5	"Present ([1271])" As Phosphoric acid, tris(methylphenyl) esters [1330-78-5]
1898210-10-0	"Present ([2190])" As Lead selenide [12069-00-0]
52663-70-4	"Present ([0274])" As 1,1'-Biphenyl, chloro derivatives [1336-36-3]
42740-50-1	"Present ([0274])" As 1,1'-Biphenyl, chloro derivatives [1336-36-3]
6899-11-2	"Present (hypertoxic chemical, [0481])" As Strychnine [57-24-9]
24478-72-6	"Present ([0273])" As Polychlorinated dibenzofurans [136677-10-6]
175895-38-2	"Present ([1716])" As 1-Octanesulfonic acid, 1,1,2,2,3,3,4,4,5,5,6,6,7,7,8,8,8-heptadecafluoro-, ammonium salt [29081-56-9]
794449-54-0	"Present (compressed or liquefied, [0172])" As Nitrogen [7727-37-9]
2787-27-1	"Present ([1752])" As Iodoform [75-47-8]
2412416-26-1	"Present ([2189])" As Cadmium selenide [1306-24-7]
42031-19-6	"Present ([2761])" As 1-Butanol [71-36-3]
8076-55-9	"Present ([0636])" As Diethylenetriamine [111-40-0]
61674-62-2	"Present ([2507], listed under Hydrochloric acid); Present (anhydrous, [1475])" As Hydrochloric acid [7647-01-0]
25512-42-9	"Present ([0274])" As 1,1'-Biphenyl, chloro derivatives [1336-36-3]
52945-73-0	"Present ([0227])" As 2-Butanethiol [513-53-1]
6059-54-7	"Present ([2062])" As Benzenediazonium, 2,5-dibutoxy-4-(4-morpholinyl)-, (T-4)-tetrachlorozincate(2-) (2:1) [14726-58-0]
74472-35-8	"Present ([0274])" As 1,1'-Biphenyl, chloro derivatives [1336-36-3]
83704-35-2	"Present ([0273])" As Polychlorinated dibenzofurans [136677-10-6]
77253-67-9	"Present ([1788])" As 2,2,2-Trifluoroethanol [75-89-8]
37382-43-7	"Present ([2535])" As Potassium oxide [12136-45-7]
51059-97-3	"Present ([1726])" As Nonylphenol ethoxylates [9016-45-9]
3212-31-5	"Present (content >1%, hypertoxic chemical, [0042])" As Isobenzan [297-78-9]
15757-23-0	"Present (powder, [1216])" As Hafnium [7440-58-6]
36301-29-8	"Present ([0225])" As Butyltoluenes [27458-20-4]
69278-61-1	"Present ([0045])" As 1,1'-Biphenyl, ar,ar,ar,ar,ar',ar',ar',ar'-octabromo- [27858-07-7]
35233-69-3	"Present (stabilized, [1105])" As Methyl methacrylate [80-62-6]
1772-10-7	"Present ([0225])" As Butyltoluenes [27458-20-4]
32598-10-0	"Present ([0274])" As 1,1'-Biphenyl, chloro derivatives [1336-36-3]
3236-53-1	"Present ([1804])" As 1,6-Hexanediamine, 2,2,4(or 2,4,4)-trimethyl- [25513-64-8];
36088-22-9	"Present ([0272])" As Polychlorinated dibenzo-p-dioxins [136677-09-3]
57117-44-9	"Present ([0273])" As Polychlorinated dibenzofurans [136677-10-6]
51052-59-6	"Present ([0666])" As Chlorthiophos [21923-23-9]
172521-16-3	"Present ([1726])" As Nonylphenol ethoxylates [9016-45-9]
1582784-51-7	"Present ([0051])" As Aniline [62-53-3]
378253-45-3	"Present (non-pyrophoric, [0817])" As Cadmium [7440-43-9]
220713-25-7	"Present ([2761])" As 1-Butanol [71-36-3]
38444-85-8	"Present ([0274])" As 1,1'-Biphenyl, chloro derivatives [1336-36-3]
872-98-0	"Present ([0435])" As Dimethyldioxane [25136-55-4]
72847-31-5	"Present ([1057])" As 2-Pentanol, 4-methyl- [108-11-2]
2826961-24-2	"Present (powder, [1377])" As Aluminum [7429-90-5]
69098-86-8	"Present ([2455])" As Sodium bisulfite [7631-90-5]
676-63-1	"Present ([0140])" As Propene [115-07-1]
7415-31-8	"Present ([0499])" As 2-Butene, 1,3-dichloro- [926-57-8]
37280-76-5	"Present ([0860])" As Perboric acid, sodium salt [11138-47-9]
60195-52-0	"Present (hypertoxic chemical, [1686])" As Potassium cyanide [151-50-8]
185915-28-0	"Present ([0331])" As Dibutyltin dilaurate [77-58-7]
39322-24-2	"Present ([1600])" As Propanenitrile, 2,2'-azobis[2-methyl- [78-67-1]
71769-53-4	"Present ([1667]); Present (solution, content >=30%, [1667])" As Potassium hydroxide [1310-58-3]
366791-32-4	"Present ([2158])" As Benzene, 1,1'-oxybis-, pentabromo derivative [32534-81-9];
67167-51-5	"Present ([0226])" As Phosphoric acid, butyl ester [12788-93-1]
243121-01-9	"Present ([1373])" As Hexamethylene diisocyanate [822-06-0]
55803-44-6	"Present (hypertoxic chemical, [1202])" As Saxitoxin [35523-89-8]
202936-22-9	"Present ([1726])" As Nonylphenol ethoxylates [9016-45-9]
54536-17-3	"Present ([0272])" As Polychlorinated dibenzo-p-dioxins [136677-09-3]
172702-77-1	"Present (stabilized, [2650])" As Vinyl acetate [108-05-4]
55722-26-4	"Present ([0274])" As 1,1'-Biphenyl, chloro derivatives [1336-36-3]
784139-72-6	"Present ([0126])" As Propanoic acid [79-09-4]
2136-99-4	"Present ([0274])" As 1,1'-Biphenyl, chloro derivatives [1336-36-3]
7699-00-5	"Present ([1639])" As Ethyl lactate [97-64-3]
1867-11-4	"Present ([2427])" As Ethanol, 2-bromo- [540-51-2]
82063-46-5	"Present ([2563])" As Carbon monoxide [630-08-0]
8006-07-3	"Present (solution, [1173])" As Formaldehyde [50-00-0]
83857-81-2	"Present ([1773])" As Boron, (ethanamine)trifluoro-, (T-4)- [75-23-0]
16422-67-6	"Present ([0760])" As Rubidium fluoride (RbF) [13446-74-7]
50858-71-4	"Present ([0003])" As Isophorone diamine [2855-13-2]
42939-71-9	"Present ([0018])" As 1-Propanamine [107-10-8]
745765-07-5	"Present (compressed or liquefied, [0172])" As Nitrogen [7727-37-9]
854893-20-2	"Present ([1566])" As Morpholine [110-91-8]
182346-21-0	"Present ([2158])" As Benzene, 1,1'-oxybis-, pentabromo derivative [32534-81-9];
83008-56-4	"Present ([0639])" As Sulfur dioxide [7446-09-5]
70648-26-9	"Present ([0273])" As Polychlorinated dibenzofurans [136677-10-6]
71998-75-9	"Present ([0273])" As Polychlorinated dibenzofurans [136677-10-6]
20089-07-0	"Present ([1037])" As 1-Butanethiol, 2-methyl- [1878-18-8];
70876-63-0	"Present ([0758])" As Potassium fluoride (K(HF2)) [7789-29-9]
18716-62-6	"Present ([0805])" As Magnesium perchlorate [10034-81-8]
42939-72-0	"Present ([2759])" As n-Butylamine [109-73-9]
74918-40-4	"Present ([0273])" As Polychlorinated dibenzofurans [136677-10-6]
491846-74-3	"Present ([2247])" As Hydrazine, (4-nitrophenyl)- [100-16-3]
378253-07-7	"Present (powder, [2121])" As Antimony [7440-36-0]
89073-35-8	"Present ([1599])" As Diazenedicarboxamide [123-77-3]
246180-99-4	"Present (content >52% but <=100%, [0883]); Present (content <=52%, with inert solid >=48%, [0883])" As Dicumyl peroxide [80-43-3]
41411-61-4	"Present ([0274])" As 1,1'-Biphenyl, chloro derivatives [1336-36-3]
35065-28-2	"Present ([0274])" As 1,1'-Biphenyl, chloro derivatives [1336-36-3]
74472-50-7	"Present ([0274])" As 1,1'-Biphenyl, chloro derivatives [1336-36-3]
18268-34-3	"Present ([1220])" As Rubidium [7440-17-7]
216859-04-0	"Present ([2105])" As Tetraisopropyl titanate [546-68-9]
199281-21-5	"Present (dust, [2358]); Present (powder, [2358]); Present (ashes, [2358])" As Zinc [7440-66-6]
83704-21-6	"Present ([0273])" As Polychlorinated dibenzofurans [136677-10-6]
163392-20-9	"Present ([0098])" As Pyridine [110-86-1]
19320-46-8	"Present (solution, [1283])" As Ammonium sulfide [12135-76-1]
16786-44-0	"Present ([1519])" As Methyl chloride [74-87-3]
78642-65-6	"Present ([0304])" As 4,4'-Diamino-3,3'-dichlorodiphenylmethane [101-14-4]
50924-44-2	"Present ([0365])" As Trichlorfon [52-68-6]
50858-98-5	"Present (hypertoxic chemical, [1236])" As Antimycin A [1397-94-0]
3194-55-6	"Present ([1371])" As Cyclododecane, hexabromo- [25637-99-4]
184637-88-5	"Present ([1582])" As Sodium [7440-23-5]
73575-52-7	"Present ([0274])" As 1,1'-Biphenyl, chloro derivatives [1336-36-3]
50927-89-4	"Present (with >10% but <=10.7% available Oxygen, type A thinner >=48%, [0891]); Present (with <=10% available Oxygen, type A thinner >=55%, [0891]); Present (with <=8.2% available Oxygen, type A thinner >=60%, [0891])" As Methyl ethyl ketone peroxide [1338-23-4]
74472-47-2	"Present ([0274])" As 1,1'-Biphenyl, chloro derivatives [1336-36-3]
6399-67-3	"Present ([0382])" As Cycloheximide [66-81-9]
40705-03-1	"Present ([1433])" As Methyl 2-chloropropionate [17639-93-9]
68153-41-3	"Present ([1993])" As Calcium resinate [9007-13-0]
57117-35-8	"Present ([0273])" As Polychlorinated dibenzofurans [136677-10-6]
58865-77-3	"Present ([2800])" As Phenol, 4-nonyl-, branched [84852-15-3]
2541-67-5	"Present (hypertoxic chemical, [1704])" As Potassium silver cyanide [506-61-6]
44905-30-8	"Present ([1869])" As Triallylamine [102-70-5]
35694-04-3	"Present ([0274])" As 1,1'-Biphenyl, chloro derivatives [1336-36-3]
72026-68-7	"Present (with >=25% water, [2208]); Present (with >=25% Alcohol and <=12.6% Nitrogen, [2208]); Present (with >=25% Alcohol, [2208]); Present (with <=12.6% Nitrogen, [2208]); Present (unmodified, or plasticized, with <18% plasticizing substance, [2208]); Present (solution, with <=12.6% Nitrogen and <=55% Nitrocellulose, [2208]); Present (dry or wetted with <25% water or Alcohol, [2208])" As Nitroc
83589-40-6	"Present ([1859])" As Trichlorofluoromethane [75-69-4]
39227-62-8	"Present ([0272])" As Polychlorinated dibenzo-p-dioxins [136677-09-3]
29267-82-1	"Present ([1341])" As Sulfur hexafluoride [2551-62-4]
1620837-38-8	"Present ([1626])" As Benzene, 1,1'-oxybis-, heptabromo derivative [68928-80-3];
857171-67-6	"Present ([1776])" As Borate(1-), (acetato-O)trifluoro-, hydrogen, (T-4)- [7578-36-1]
62229-29-2	"Present ([1726])" As Nonylphenol ethoxylates [9016-45-9]
83704-44-3	"Present ([0273])" As Polychlorinated dibenzofurans [136677-10-6]
51005-20-0	"Present ([2559])" As Nitrogen monoxide [10102-43-9]
7311-27-5	"Present ([1726])" As Nonylphenol ethoxylates [9016-45-9]
478016-94-3	"Present (content >52% but <=100%, [0883]); Present (content <=52%, with inert solid >=48%, [0883])" As Dicumyl peroxide [80-43-3]
7778-41-8	"Present ([1944])" As Arsenic acid (H3AsO4), copper salt (1:?) [10103-61-4]
22842-96-2	"Present ([2331])" As Zinc nitrate [7779-88-6]
44607-13-8	"Present ([2782])" As n-Heptane [142-82-5]
49690-94-0	"Present ([0276])" As Benzene, 1,1'-oxybis-, bromo derivatives [90193-67-2]
27617-80-7	"Present ([2062])" As Benzenediazonium, 2,5-dibutoxy-4-(4-morpholinyl)-, (T-4)-tetrachlorozincate(2-) (2:1) [14726-58-0]
57350-77-3	"Present ([1373])" As Hexamethylene diisocyanate [822-06-0]
351903-26-9	"Present ([1582])" As Sodium [7440-23-5]
42493-39-0	"Present ([1855])" As Benzenediazonium, 4-(dimethylamino)-, trichlorozincate(1-) [6087-56-5]
630403-25-7	"Present ([1743])" As Phosphine, triphenyl- [603-35-0]
220713-36-0	"Present (stabilized, [2650])" As Vinyl acetate [108-05-4]
82005-06-9	"Present ([0098])" As Pyridine [110-86-1]
36252-60-5	"Present (hypertoxic chemical, [2118])" As Nickel carbonyl [13463-39-3]
89125-89-3	"Present ([0639])" As Sulfur dioxide [7446-09-5]
60583-39-3	"Present ([1317])" As Strychnidin-10-one, 2,3-dimethoxy-, sulfate (2:1) [4845-99-2]
615-38-3	"Present ([1120])" As Methylcyclohexanols [25639-42-3]
7428-79-7	"Present ([0331])" As Dibutyltin dilaurate [77-58-7]
195161-78-5	"Present (powder, wetted with >=25% water, [1218])" As Manganese [7439-96-5]
470676-56-3	"Present ([0291])" As Diphenyl oxide 4,4'-disulfohydrazide [80-51-3]
313989-52-5	"Present (paste, content <=32%, containing >=44% solvent, >=9% water, with inert solid >=11%, [0916]); Present (in solution, content <=42%, containing >=8% water, >=48% type A thinner, <=4.7% available Oxygen, [0916])" As Acetyl acetone peroxide [37187-22-7]
53095-31-1	"Present ([0389])" As Naled [300-76-5]
52663-66-8	"Present ([0274])" As 1,1'-Biphenyl, chloro derivatives [1336-36-3]
39346-85-5	"Present ([1726])" As Nonylphenol ethoxylates [9016-45-9]
57117-43-8	"Present ([0273])" As Polychlorinated dibenzofurans [136677-10-6]
54847-97-1	"Present ([1964])" As Naphtha [8030-30-6]
2567-25-1	"Present ([0079])" As Anisole [100-66-3]
30698-98-7	"Present ([1609])" As Boric acid (H3BO3) [10043-35-3]
8001-36-3	"Present ([0177])" As Digoxin [20830-75-5]
8022-76-2	"Present ([0525])" As 1,3-Dichloropropene [542-75-6]
66527-93-3	"Present ([0978])" As Phenyl glycidyl ether [122-60-1]
27138-21-2	"Present ([0225])" As Butyltoluenes [27458-20-4]
69782-91-8	"Present ([0274])" As 1,1'-Biphenyl, chloro derivatives [1336-36-3]
39342-49-9	"Present ([1269])" As Zinc phosphide (Zn3P2) [1314-84-7]
2056146-02-0	"Present ([0318])" As 4,4'-Methylenediphenyl diisocyanate [101-68-8]
73270-49-2	"Present ([1077])" As Leptophos [21609-90-5]
196959-41-8	"Present (suspended in kerosene, [1968]); Present (powder and scrap, [1968])" As Cerium [7440-45-1]
57117-38-1	"Present ([0273])" As Polychlorinated dibenzofurans [136677-10-6]
73575-56-1	"Present ([0274])" As 1,1'-Biphenyl, chloro derivatives [1336-36-3]
8033-73-6	"Present ([0566])" As Diethanolamine [111-42-2]
56996-61-3	"Present ([1825])" As 1,1,2-Trichloro-1,2,2-trifluoroethane [76-13-1]
191234-22-7	"Present (hypertoxic chemical, [1693], listed under Hydrogen cyanide); Present (content <=20%, [1664]); Present (fumigant, [1664])" As Hydrocyanic acid [74-90-8]
7259-71-4	"Present ([0633])" As Dinitrosobenzene [25550-55-4]
585-38-6	"Present ([0062])" As Phenolsulphonic acid [1333-39-7]
57117-34-7	"Present ([0273])" As Polychlorinated dibenzofurans [136677-10-6]
37307-66-7	"Present (in solution, content <=62%, with type A thinner >=19%, containing Methyl isobutyl ketone, [0917])" As Methyl isobutyl ketone peroxide [37206-20-5]
856793-27-6	"Present ([0347])" As Dicyclohexylamine [101-83-7]
79494-49-8	"Present ([2106])" As Tetrapropylorthotitanate [3087-37-4]
16919-19-0	"Present ([0741])" As Cryptohalite ((NH4)2(SiF6)) [1309-32-6]
52985-93-0	"Present ([2710])" As Isophorone diisocyanate [4098-71-9]
15755-27-8	"Present (powder, [2121])" As Antimony [7440-36-0]
27735-63-3	"Present ([2148])" As Sodium pentachlorophenate [131-52-2]
39421-49-3	"Present ([1726])" As Nonylphenol ethoxylates [9016-45-9]
2473-03-2	"Present ([0253])" As Alkanes, C10-13, chloro [85535-84-8]
8049-64-7	"Present ([0822])" As Lead chromate [7758-97-6]
26628-81-9	"Present ([1808])" As Trimethylaluminium [75-24-1]
8013-58-9	"Present (solution, [2496]); Present ([2495])" As Ethyl nitrite [109-95-5]
87247-00-5	"Present ([1725])" As Nonylphenols [25154-52-3]
1595-05-7	"Present ([0225])" As Butyltoluenes [27458-20-4]
63387-28-0	"Present ([0276])" As Benzene, 1,1'-oxybis-, bromo derivatives [90193-67-2]
25663-45-0	"Present ([1045])" As 1-Pentyn-3-ol, 3-methyl- [77-75-8]
55962-48-6	"Present ([1740])" As Tris(2,3-dibromopropyl) phosphate [126-72-7]
8072-39-7	"Present ([0366])" As Dichlorvos [62-73-7]
82043-22-9	"Present ([1153])" As 2-Methylpentanal [123-15-9]
54578-37-9	"Present ([0291])" As Diphenyl oxide 4,4'-disulfohydrazide [80-51-3]
39366-41-1	"Present ([0177])" As Digoxin [20830-75-5]
40186-71-8	"Present ([0274])" As 1,1'-Biphenyl, chloro derivatives [1336-36-3]
175446-71-6	"Present ([1144])" As Methyltrichlorosilane [75-79-6]
40747-85-1	"Present ([1057])" As 2-Pentanol, 4-methyl- [108-11-2]
1619933-02-6	"Present ([0051])" As Aniline [62-53-3]
73063-67-9	"Present (powder, [2121])" As Antimony [7440-36-0]
1799386-26-7	"Present (powder, [1377])" As Aluminum [7429-90-5]
8013-70-5	"Present ([0111])" As Isopropyl alcohol [67-63-0]
41464-39-5	"Present ([0274])" As 1,1'-Biphenyl, chloro derivatives [1336-36-3]
5967-58-8	"Present ([1387])" As 1-Butene, 3-chloro- [563-52-0]
74893-00-8	"Present ([1231])" As Ethane, 1,2-dichloro-, polymer with ammonia [29320-38-5]
39336-01-1	"Present ([0226])" As Phosphoric acid, butyl ester [12788-93-1]
41464-43-1	"Present ([0274])" As 1,1'-Biphenyl, chloro derivatives [1336-36-3]
52663-58-8	"Present ([0274])" As 1,1'-Biphenyl, chloro derivatives [1336-36-3]
74472-51-8	"Present ([0274])" As 1,1'-Biphenyl, chloro derivatives [1336-36-3]
75013-58-0	"Present (aqueous solution, with <=64% Hydrazine, [1225]); Present (anhydrous, with >64% Hydrazine, [2134])" As Hydrazine [302-01-2]
2350-11-0	"Present ([0253])" As Alkanes, C10-13, chloro [85535-84-8]
2364-46-7	"Present ([1893])" As Trinitronaphthalene [55810-17-8]
7774-41-6	"Present ([1929])" As Arsenic acid [7778-39-4]
2068005-39-8	"Present ([2190])" As Lead selenide [12069-00-0]
2036-15-9	"Present ([2132])" As Aluminum alkyl hydrides [RR-01361-6]
50768-81-5	"Present ([1855])" As Benzenediazonium, 4-(dimethylamino)-, trichlorozincate(1-) [6087-56-5]
35693-92-6	"Present ([0274])" As 1,1'-Biphenyl, chloro derivatives [1336-36-3]
2243-94-9	"Present ([1893])" As Trinitronaphthalene [55810-17-8]
857483-23-9	"Present ([0933])" As Benzenemethanamine [100-46-9]
167416-30-0	"Present ([2563])" As Carbon monoxide [630-08-0]
39635-35-3	"Present ([0274])" As 1,1'-Biphenyl, chloro derivatives [1336-36-3]
59112-13-9	"Present ([1719])" As 1-Octanesulfonic acid, 1,1,2,2,3,3,4,4,5,5,6,6,7,7,8,8,8-heptadecafluoro-, potassium salt [2795-39-3]
446254-27-9	"Present ([2081])" As Benzene, 1,1'-oxybis-, tetrabromo derivative [40088-47-9];
298-01-1	"Present (content >5%, hypertoxic chemical, [0367])" As Mevinphos [7786-34-7]
67116-13-6	"Present ([0771])" As Fluoroboric acid [16872-11-0]
52440-78-5	"Present ([1726])" As Nonylphenol ethoxylates [9016-45-9]
827300-06-1	"Present ([0845])" As Ethyl silicate [78-10-4]
7154-79-2	"Present ([1728])" As Nonanes [RR-04090-4]
25954-72-7	"Present ([2339])" As Indium nitrate [13770-61-1]
29158-40-5	"Present ([1608])" As Sodium borohydride [16940-66-2]
36355-97-2	"Present ([1534])" As Magnesium chlorate [10326-21-3]
337513-67-4	"Present ([0276])" As Benzene, 1,1'-oxybis-, bromo derivatives [90193-67-2]
37333-30-5	"Present (hypertoxic chemical, [1328])" As Sulfuric acid, thallium(1+) salt (1:2) [7446-18-6]
4041-41-2	"Present (dry or wetted with <10% water, [1873]); Present (with >=10% water, [1873])" As Ammonium picrate [131-74-8]
861800-35-3	"Present ([1602])" As Piperazine [110-85-0]
52663-59-9	"Present ([0274])" As 1,1'-Biphenyl, chloro derivatives [1336-36-3]
857961-06-9	"Present ([0098])" As Pyridine [110-86-1]
15745-74-1	"Present (hypertoxic chemical, [1686])" As Potassium cyanide [151-50-8]
858711-57-6	"Present ([1274])" As Phosphorous acid [P(OH)3] [10294-56-1]
2207-03-6	"Present ([0450])" As 1,3-Dimethylcyclohexane [591-21-9]
65701-47-5	"Present ([1371])" As Cyclododecane, hexabromo- [25637-99-4]
766445-14-1	"Present ([0467])" As Piperazine, 1,4-dimethyl- [106-58-1]
849231-16-9	"Present (hypertoxic chemical, [2626])" As Diborane [19287-45-7]
52663-77-1	"Present ([0274])" As 1,1'-Biphenyl, chloro derivatives [1336-36-3]
59219-13-5	"Present (anhydrous, [1339])" As Hexafluorophosphoric acid [16940-81-1]
73264-97-8	"Present ([2105])" As Tetraisopropyl titanate [546-68-9]
54059-75-5	"Present ([0253])" As Alkanes, C10-13, chloro [85535-84-8]
38444-73-4	"Present ([0274])" As 1,1'-Biphenyl, chloro derivatives [1336-36-3]
245503-61-1	"Present (compressed or liquefied, [2505])" As Argon [7440-37-1]
56558-18-0	"Present ([0274])" As 1,1'-Biphenyl, chloro derivatives [1336-36-3]
52663-61-3	"Present ([0274])" As 1,1'-Biphenyl, chloro derivatives [1336-36-3]
50855-29-3	"Present ([1726])" As Nonylphenol ethoxylates [9016-45-9]
169102-57-2	"Present ([1371])" As Cyclododecane, hexabromo- [25637-99-4]
441352-58-5	"Present ([1726])" As Nonylphenol ethoxylates [9016-45-9]
24965-90-0	"Present ([1120])" As Methylcyclohexanols [25639-42-3]
15826-91-2	"Present ([0076])" As Acetamide, N-phenyl- [103-84-4]
82291-37-0	"Present ([0272])" As Polychlorinated dibenzo-p-dioxins [136677-09-3]
201230-82-2	"Present ([2563])" As Carbon monoxide [630-08-0]
189084-63-7	"Present ([2081])" As Benzene, 1,1'-oxybis-, tetrabromo derivative [40088-47-9];
58802-17-8	"Present ([0273])" As Polychlorinated dibenzofurans [136677-10-6]
446254-34-8	"Present ([2081])" As Benzene, 1,1'-oxybis-, tetrabromo derivative [40088-47-9];
29594-36-3	"Present ([1726])" As Nonylphenol ethoxylates [9016-45-9]
174973-66-1	"Present ([0049]); Present ([0167], listed under Crude benzene); Present ([2825], listed under Heavy benzene)" As Benzene [71-43-2]
2781-00-2	"Present (content >42% but <=100%, with inert solid <=57%, [0902]); Present (content <=42%, with inert solid >=58%, [0902])" As Peroxide, [1,3(or 1,4)-phenylenebis(1-methylethylidene)]bis[(1,1-dimethylethyl) [25155-25-3]
6365-83-9	"Present (dry or wetted with <15% water, [0596])" As Dinitrophenolates [RR-00263-1]
766444-83-1	"Present (in Acetic anhydride, solution, [0801]); Present (content 50-72%, [0798]); Present (content >72%, [0798]); Present (content <=50%, [0798])" As Perchloric acid [7601-90-3]
56310-06-6	"Present ([0640])" As Chlorine dioxide [10049-04-4]
54018-94-9	"Present ([0113])" As 1,3-Propanediamine [109-76-2]
27236-36-8	"Present ([0346])" As Bicyclo[2.2.1]hepta-2,5-diene [121-46-0]
82728-90-3	"Present ([0911])" As Sodium percarbonate [15630-89-4]
68194-12-7	"Present ([0274])" As 1,1'-Biphenyl, chloro derivatives [1336-36-3]
253779-57-6	"Present ([2304])" As Lanthanum nitrate [10099-59-9]
8030-24-8	"Present ([2572])" As Ethylenediamine [107-15-3]
8031-06-9	"Present ([1965])" As Ligroine [8032-32-4]
43090-85-3	"Present ([0253])" As Alkanes, C10-13, chloro [85535-84-8]
85-41-6	Present ([1254])
85-44-9	Present (with >0.05% Maleic anhydride, [1252])
86-00-0	Present ([2268])
86-30-6	Present ([2484])
86290-81-5	Present ([1630])
85535-84-8	Present ([0253])
7783-39-3	Present ([0749])
7783-41-7	Present (hypertoxic chemical, [0340])
7783-46-2	Present ([0755])
7783-49-5	Present ([0763])
7783-54-2	Present ([1767])
605-69-6	Present ([0618])
603-35-0	Present ([1743])
6032-29-7	Present ([2166])
60-34-4	Present (hypertoxic chemical, [1128])
60-57-1	Present (content 2-90%, hypertoxic chemical, [1351])
471-25-0	Present ([0125])
4732-14-3	Present ([1881])
4733-50-0	Present ([0567])
470-82-6	Present ([0983])
470-90-6	Present (content >20%, hypertoxic chemical, [0665])
4786-20-3	Present ([0244])
2079-00-7	Present ([0005])
20816-12-0	Present (hypertoxic chemical, [2087])
20830-75-5	Present ([0177])
2144-45-8	Present (content <=87%, contains water, [0879])
21351-79-1	Present ([1672]); Present (solution, [1672])
21109-95-5	Present ([1284])
2116-65-6	Present ([0105])
21548-32-3	Present (hypertoxic chemical, [0656])
2155-70-6	Present ([1764])
23414-72-4	Present ([0815])
23422-53-9	Present ([0409])
2343-36-4	Present ([0781])
2344-80-1	Present ([1503])
23474-91-1	Present (content <=77%, with type A thinner >=23%, [0866])
2372-21-6	Present (content <=77%, with type A thinner >=23%, [0923])
2372-45-4	Present ([0220])
23745-86-0	Present ([0782])
479-45-8	Present ([1880])
4795-29-3	Present ([2073])
4824-78-6	Present ([0663])
4845-99-2	Present ([1317])
485-31-4	Present ([2802])
489-98-5	Present ([1871])
491-35-0	Present ([1130])
4979-72-0	Present ([2027])
50-00-0	Present (solution, [1173])
50-07-7	Present ([2016])
501-53-1	Present ([1507])
496-74-2	Present ([1018])
502-39-6	Present (hypertoxic chemical, [1677])
502-42-1	Present ([0939])
5026-76-6	Present ([2741])
503-17-3	Present ([0231])
503-38-8	Present ([1511])
50-29-3	Present ([1827])
504-24-5	Present ([0017])
504-29-0	Present ([0015])
504-60-9	Present (stabilized, [2171])
506-61-6	Present (hypertoxic chemical, [1704])
506-64-9	Present ([1703])
506-65-0	Present ([1687])
865-33-8	Present ([1023])
865-44-1	Present ([1839])
86-50-0	Present ([0399])
86-53-3	Present ([1591])
86-57-7	Present ([2275])
86-74-8	Present ([2440])
86-88-4	Present ([1590])
870-23-5	Present ([0142])
872-05-9	Present ([0850])
87-61-6	Present ([1835])
87-62-7	Present ([0414])
87-65-0	Present ([0513])
87-33-2	Present (with >=60% Lactose, Starch or Phosphates, [2732])
87-56-9	Present ([0544])
87-59-2	Present ([0411])
87-68-3	Present ([1350])
87-86-5	Present (hypertoxic chemical, [2144])
87-90-1	Present ([1868])
605-71-0	Present ([0616])
606-20-2	Present ([0608])
606-22-4	Present ([0590])
608-26-4	Present ([1521])
608-27-5	Present ([0503])
60811-21-4	Present ([2370])
6087-56-5	Present ([1855])
608-31-1	Present ([0506])
608-73-1	Present ([1362])
608-93-5	Present ([2143])
609-26-7	Present ([1070])
609-65-4	Present ([1425])
609-73-4	Present ([2257])
610-14-0	Present ([2243])
610-57-1	Present ([0615])
610-67-3	Present ([2252])
611-06-3	Present ([0548])
611-32-5	Present ([1133])
6117-91-5	Present ([0240])
612-22-6	Present ([1258])
612-23-7	Present ([2270])
2104-64-5	Present (content >15%, hypertoxic chemical, [2588])
20859-73-8	Present ([1262])
2092-16-2	Present ([1295])
2094-98-6	Present ([1598])
20960-77-4	Present ([2474])
7488-56-4	Present ([0495])
74-89-5	Present (anhydrous, [2550]); Present (solution, [2550])
74-90-8	Present (hypertoxic chemical, [1693], listed under Hydrogen cyanide); Present (content <=20%, [1664]); Present (fumigant, [1664])
74-93-1	Present ([1171])
74-95-3	Present ([0629])
74-96-4	Present ([2435])
74-97-5	Present ([1548])
749262-24-6	Present ([1925])
74-98-6	Present ([0139])
75-00-3	Present ([1560])
75-01-4	Present (stabilized, [1561])
75-02-5	Present (stabilized, [0787])
75-03-6	Present ([0213])
182115-04-4	"Present ([1312])" As Diethyl sulfate [64-67-5]
86-91-9	"Present ([1015])" As Toluene-2,4-diisocyanate [584-84-9]
37331-41-2	"Present ([0668])" As Quinalphos [13593-03-8]
64501-00-4	"Present ([0272])" As Polychlorinated dibenzo-p-dioxins [136677-09-3]
410546-90-6	"Present ([2161])" As Vanadium pentoxide [1314-62-1]
56499-45-7	"Present ([1271])" As Phosphoric acid, tris(methylphenyl) esters [1330-78-5]
251927-12-5	"Present ([2161])" As Vanadium pentoxide [1314-62-1]
874217-12-6	"Present ([1104])" As N,N-Dimethylaminoethyl methacrylate [2867-47-2]
55922-77-5	"Present (stabilized, [1110])" As Butyl methacrylate [97-88-1]
17687-37-5	"Present ([2312])" As Urea nitrate [124-47-0]
180724-56-5	"Present (anhydrous, [1339])" As Hexafluorophosphoric acid [16940-81-1]
8052-40-2	"Present ([2098])" As Turpentine, oil [8006-64-2]
2050-47-7	"Present ([0276])" As Benzene, 1,1'-oxybis-, bromo derivatives [90193-67-2]
162744-63-0	"Present ([0417])" As N,N-Dimethylaniline [121-69-7]
82005-08-1	"Present ([1094])" As 3-Methylpyridine [108-99-6]
178115-93-0	"Present (solution, with >10% Ammonia, [0035])" As Ammonium hydroxide [1336-21-6]
55126-80-2	"Present ([1726])" As Nonylphenol ethoxylates [9016-45-9]
31508-00-6	"Present ([0274])" As 1,1'-Biphenyl, chloro derivatives [1336-36-3]
558-20-3	"Present ([1188])" As Methane [74-82-8]
168277-99-4	"Present ([1915])" As Triethylamine [121-44-8]
298688-49-0	"Present (dust, [2358]); Present (powder, [2358]); Present (ashes, [2358])" As Zinc [7440-66-6]
44584-76-1	"Present ([2726])" As tert-Butyl isocyanate [1609-86-5]
62615-08-1	"Present ([0273])" As Polychlorinated dibenzofurans [136677-10-6]
29663-11-4	"Present ([1872])" As Picric acid [88-89-1]
17620-10-9	"Present (powder, [2121])" As Antimony [7440-36-0]
446254-14-4	"Present ([0276])" As Benzene, 1,1'-oxybis-, bromo derivatives [90193-67-2]
58694-78-3	"Present ([1850]); Present (solution, [1850])" As Iron trichloride [7705-08-0]
30115-44-7	"Present ([1758])" As Tri-n-butyltin hydride [688-73-3]
82030-42-0	"Present (wetted with >=15% water, [0957]); Present (desensitized, [0957])" As Cyclonite [121-82-4]
624-32-8	"Present ([1120])" As Methylcyclohexanols [25639-42-3]
65814-43-9	"Present ([0771])" As Fluoroboric acid [16872-11-0]
32196-52-4	"Present ([1726])" As Nonylphenol ethoxylates [9016-45-9]
71327-12-3	"Present (hypertoxic chemical, [2118])" As Nickel carbonyl [13463-39-3]
877454-24-5	"Present ([2199])" As Copper selenate [15123-69-0]
446254-21-3	"Present ([2081])" As Benzene, 1,1'-oxybis-, tetrabromo derivative [40088-47-9];
18923-20-1	"Present (compressed or liquefied, [0642])" As Carbon dioxide [124-38-9]
3547-25-9	"Present ([1330])" As Vanadyl sulfate [27774-13-6]
33091-17-7	"Present ([0274])" As 1,1'-Biphenyl, chloro derivatives [1336-36-3]
30402-15-4	"Present ([0273])" As Polychlorinated dibenzofurans [136677-10-6]
5284-66-2	"Present (with free Sulphuric acid, [2130])" As Alkyl sulfonic acids [RR-02838-6]
695165-22-1	"Present ([0333])" As Dibutyltin oxide [818-08-6]
8076-16-2	"Present ([0366])" As Dichlorvos [62-73-7]
63921-72-2	"Present ([2450])" As Sulfurous acid [7782-99-2]
19663-17-3	"Present ([1699])" As Aurate(1-), bis(cyano-C)-, potassium [13967-50-5]
19259-90-6	"Present ([2679])" As Acetyl chloride [75-36-5]
2051-24-3	"Present ([0274])" As 1,1'-Biphenyl, chloro derivatives [1336-36-3]
446254-43-9	"Present ([2081])" As Benzene, 1,1'-oxybis-, tetrabromo derivative [40088-47-9];
8054-28-2	"Present (hypertoxic chemical, [2091])" As Sulfotep [3689-24-5]
855924-73-1	"Present ([2455])" As Sodium bisulfite [7631-90-5]
41919-05-5	"Present ([0994])" As 1,5-Hexadiene [592-42-7]
37364-68-4	"Present (with >10% but <=10.7% available Oxygen, type A thinner >=48%, [0891]); Present (with <=10% available Oxygen, type A thinner >=55%, [0891]); Present (with <=8.2% available Oxygen, type A thinner >=60%, [0891])" As Methyl ethyl ketone peroxide [1338-23-4]
687-47-8	"Present ([1639])" As Ethyl lactate [97-64-3]
88161-12-0	"Present (content >52% but <=100%, [0883]); Present (content <=52%, with inert solid >=48%, [0883])" As Dicumyl peroxide [80-43-3]
874461-43-5	"Present ([1726])" As Nonylphenol ethoxylates [9016-45-9]
60145-23-5	"Present ([0274])" As 1,1'-Biphenyl, chloro derivatives [1336-36-3]
31472-80-7	"Present ([0062])" As Phenolsulphonic acid [1333-39-7]
162221-54-7	"Present (stabilized, [1105])" As Methyl methacrylate [80-62-6]
37258-85-8	"Present ([2188])" As Selenium [7782-49-2]
57653-85-7	"Present ([0272])" As Polychlorinated dibenzo-p-dioxins [136677-09-3]
2212-81-9	"Present (content >42% but <=100%, with inert solid <=57%, [0902]); Present (content <=42%, with inert solid >=58%, [0902])" As Peroxide, [1,3(or 1,4)-phenylenebis(1-methylethylidene)]bis[(1,1-dimethylethyl) [25155-25-3]
70648-18-9	"Present ([0273])" As Polychlorinated dibenzofurans [136677-10-6]
39377-58-7	"Present ([0188])" As Mercury(II) potassium iodide [7783-33-7]
21369-64-2	"Present ([2131])" As Lithium alkyls [RR-01350-3]
72931-46-5	"Present ([1245])" As Biphenyl [92-52-4]
82005-07-0	"Present ([1093])" As 2-Picoline [109-06-8]
78017-87-5	"Present ([2037])" As Tetramethylammonium hydroxide [75-59-2]
81296-82-4	"Present ([1726])" As Nonylphenol ethoxylates [9016-45-9]
389805-88-3	"Present ([0839])" As Calcium silicide (CaSi) [12013-55-7]
2253722-08-4	"Present ([1609])" As Boric acid (H3BO3) [10043-35-3]
178115-94-1	"Present ([0744])" As Ammonium fluoride [12125-01-8]
31677-56-2	"Present ([2686])" As Promecarb [2631-37-0]
26571-11-9	"Present ([1726])" As Nonylphenol ethoxylates [9016-45-9]
67167-14-0	"Present ([1231])" As Ethane, 1,2-dichloro-, polymer with ammonia [29320-38-5]
2837-89-0	"Present ([1529])" As Chlorotetrafluoroethane [63938-10-3]
446254-31-5	"Present ([2081])" As Benzene, 1,1'-oxybis-, tetrabromo derivative [40088-47-9];
30746-58-8	"Present ([0272])" As Polychlorinated dibenzo-p-dioxins [136677-09-3]
446254-42-8	"Present ([2081])" As Benzene, 1,1'-oxybis-, tetrabromo derivative [40088-47-9];
52440-03-6	"Present ([1726])" As Nonylphenol ethoxylates [9016-45-9]
1620837-31-1	"Present ([0276])" As Benzene, 1,1'-oxybis-, bromo derivatives [90193-67-2]
87-63-8	"Present ([1501])" As Chlorotoluidines [53906-68-6]
2485700-58-9	"Present (non-pyrophoric, [2532])" As Cadmium oxide [1306-19-0]
52504-18-4	"Present ([1726])" As Nonylphenol ethoxylates [9016-45-9]
378784-66-8	"Present (compressed or liquefied, [2200])" As Xenon [7440-63-3]
74472-43-8	"Present ([0274])" As 1,1'-Biphenyl, chloro derivatives [1336-36-3]
39373-71-2	"Present ([1726])" As Nonylphenol ethoxylates [9016-45-9]
35854-94-5	"Present ([1368])" As Benzene, 1,1'-oxybis-, hexabromo derivative [36483-60-0];
209969-79-9	"Present (content >52% but <=100%, [0883]); Present (content <=52%, with inert solid >=48%, [0883])" As Dicumyl peroxide [80-43-3]
75513-83-6	"Present ([0404])" As Malathion [121-75-5]
1700-10-3	"Present ([0971])" As 1,3-Cyclooctadiene, (Z,Z)- [3806-59-5]
8050-69-9	"Present (with >=25% water, [2208]); Present (with >=25% Alcohol and <=12.6% Nitrogen, [2208]); Present (with >=25% Alcohol, [2208]); Present (with <=12.6% Nitrogen, [2208]); Present (unmodified, or plasticized, with <18% plasticizing substance, [2208]); Present (solution, with <=12.6% Nitrogen and <=55% Nitrocellulose, [2208]); Present (dry or wetted with <25% water or Alcohol, [2208])" As Nitroc
57308-10-8	"Present ([1653])" As Calcium hydride (CaH2) [7789-78-8]
73989-30-7	"Present ([0636])" As Diethylenetriamine [111-40-0]
161288-32-0	"Present ([0744])" As Ammonium fluoride [12125-01-8]
63044-25-7	"Present ([2048])" As Tellurium tetrachloride [10026-07-0]
88-06-2	Present ([1831])
88-16-4	Present ([1525])
88-17-5	Present ([1782])
88-18-6	Present ([1973])
88-69-7	Present ([1259])
88-72-2	Present ([2264])
75-04-7	Present (aqueous solution, with 50-70% Ethylamine, [2565]); Present ([2565])
75-05-8	Present ([2622])
75-07-0	Present ([2627])
75-08-1	Present ([2623])
75-09-2	Present ([0541])
612-52-2	Present ([2511])
612-60-2	Present ([1132])
612-82-8	Present ([2513])
612-83-9	Present ([2515])
6125-21-9	Present ([0602])
613-29-6	Present ([0330])
613-48-9	Present ([0689])
506-68-3	Present ([1697])
506-77-4	Present (hypertoxic chemical, [1476])
506-78-5	Present ([1679])
506-93-4	Present ([2300])
506-96-7	Present ([2406])
507-02-8	Present ([0192])
2385-85-5	Present ([1724])
2388-12-7	Present (content <=100%, [0918])
2407-94-5	Present (content <=100%, [0280])
2408-20-0	Present ([0129])
2417-90-5	Present ([2385])
24124-25-2	Present ([1762])
22853-46-9	"Present ([1846])" As Ethyl aluminum sesquichloride [12075-68-2]
18960-62-8	"Present ([0051])" As Aniline [62-53-3]
83704-54-5	"Present ([0273])" As Polychlorinated dibenzofurans [136677-10-6]
16853-85-3	Present ([1658])
16871-71-9	Present ([1338])
16871-90-2	Present ([0742])
16872-11-0	Present ([0771])
1689-84-5	Present ([0623])
16893-85-9	Present ([0743])
1691-99-2	Present ([2586])
16923-95-8	Present ([0739])
16924-00-8	Present ([0779])
1694-92-4	Present ([2236])
16940-66-2	Present ([1608])
16940-81-1	Present (anhydrous, [1339])
16941-12-1	Present ([1441])
16949-15-8	Present ([1606])
16949-65-8	Present ([1336])
16961-83-4	Present ([0740])
16962-07-5	Present ([1607])
17014-71-0	Present ([0894])
17026-06-1	Present ([1673])
459-72-3	Present ([0785])
453-18-9	Present (hypertoxic chemical, [0783])
4547-70-0	Present (paste, content 52%, [0050])
3153-36-4	Present ([1564])
316-42-7	Present (hypertoxic chemical, [2527])
507-09-5	Present ([1281])
507-19-7	Present ([2369])
507-20-0	Present ([1443])
507-60-8	Present ([0928])
507-70-0	Present ([1232])
50815-73-1	Present ([1528])
50-76-0	Present ([0728])
626-58-4	Present ([1140])
626-67-5	Present ([1141])
626-93-7	Present ([1150])
627-05-4	Present ([2260])
627-13-4	Present ([2341])
627-19-0	Present ([2179])
627-30-5	Present ([1386])
627-44-1	Present (hypertoxic chemical, [0692])
627-53-2	Present ([0697])
627-58-7	Present ([0371])
62-73-7	Present ([0366])
62-74-8	Present (hypertoxic chemical, [0784])
628-63-7	Present ([2659])
628-71-7	Present ([0827])
628-73-9	Present ([0998])
509-14-8	Present (hypertoxic chemical, [2078])
50930-79-5	Present ([1250])
510-15-6	Present ([2002])
51-18-3	Present ([1907])
51-19-4	Present ([2510])
5117-16-8	Present ([0474])
3724-65-0	Present ([0246])
372-09-8	Present ([1707])
372-18-9	Present ([0337])
372-19-0	Present ([0735])
37206-20-5	Present (in solution, content <=62%, with type A thinner >=19%, containing Methyl isobutyl ketone, [0917])
3788-32-7	Present ([2696])
3806-59-5	Present ([0971])
3734-95-0	Present ([0678])
37340-23-1	Present ([1204])
375-22-4	Present ([1624])
3770-97-6	Present ([2811])
75-10-5	Present ([0341])
75-11-6	Present ([0329])
75-15-0	Present ([0494])
75-16-1	Present (in Ethyl ether, [1157])
75-18-3	Present ([1172])
75-19-4	Present ([0936])
75-20-7	Present ([2107])
75-21-8	Present ([0981])
75-23-0	Present ([1773])
7521-80-4	Present ([0228])
75-35-4	Present ([0558])
75-36-5	Present ([2679])
75-37-6	Present ([0343])
75-38-7	Present ([0344])
75-39-8	Present ([0032])
75-43-4	Present ([0551])
75-44-5	Present (hypertoxic chemical, [2115])
75-45-6	Present ([2552])
75-46-7	Present ([1784])
75-47-8	Present ([1752])
75-50-3	Present (anhydrous, [1796]); Present (solution, [1796])
75-52-5	Present ([2267])
7550-45-0	Present ([2055])
89-59-8	Present ([1404])
818-08-6	Present ([0333])
814-49-3	Present (hypertoxic chemical, [1442])
814-78-8	Present (stabilized, [1161])
822-06-0	Present ([1373])
81-81-2	Present ([2678])
81-84-5	Present ([1588])
82551-63-1	Present (Ministry of Emergency Management Announcement No.?3 of 2026)
823-40-5	Present ([0308])
824-38-4	Present ([1256])
824-72-6	Present ([0075])
824-78-2	Present ([0263])
83-26-1	Present ([2120])
83-32-9	Present ([0277])
82-66-6	Present (hypertoxic chemical, [0321])
82-68-8	Present ([2154])
82-71-3	Present ([1889])
831-52-7	Present ([0585])
84-58-2	Present ([0570])
83-41-0	Present ([2210])
75-54-7	Present ([1115])
75-55-8	Present (hypertoxic chemical, [0155])
75-56-9	Present ([0979])
75-59-2	Present ([2037])
75-60-5	Present ([0480])
75-61-6	Present ([0628])
75-63-8	Present ([2415])
75-64-9	Present ([1970])
75-65-0	Present ([1049])
75-66-1	Present ([1987])
75-68-3	Present ([1382])
75-69-4	Present ([1859])
75-71-8	Present ([0528])
75-72-9	Present ([2555])
75-73-0	Present ([2026])
75-74-1	Present ([2036])
38094-35-8	Present ([0610])
3811-04-9	Present ([1533]); Present (solution, [1533])
382-21-8	Present (hypertoxic chemical, [0040])
383-63-1	Present ([1792])
628-17-1	Present ([0210])
628-28-4	Present ([1170])
628-32-0	Present ([2600])
628-41-1	Present ([0945])
627-63-4	Present ([0242])
62-75-9	Present ([2485])
88-73-3	Present ([1544])
88-74-4	Present ([2229])
88-75-5	Present ([2233])
88-85-7	Present ([2803])
88-88-0	Present ([1892])
88-89-1	Present ([1872])
88-95-9	Present ([1253])
887-79-6	Present ([0619])
89-32-7	Present ([0090])
52229-98-8	"Present (with phlegmatizer, [0635])" As 1,3,5,7-Tetraazabicyclo[3.3.1]nonane, 3,7-dinitroso- [101-25-7]
29857-72-5	"Present ([1667]); Present (solution, content >=30%, [1667])" As Potassium hydroxide [1310-58-3]
42297-38-1	"Present ([2278])" As Nitrotriazolone [932-64-9]
53531-14-9	"Present ([1153])" As 2-Methylpentanal [123-15-9]
85600-65-3	"Present ([1876])" As Benzenesulfonic acid, 2,4,6-trinitro- [2508-19-2]
26302-40-9	"Present (content >10%, hypertoxic chemical, [1353])" As Isodrin [465-73-6]
1623050-71-4	"Present ([2238])" As Benzenesulfonyl chloride, 4-nitro- [98-74-8]
419553-44-9	"Present ([0636])" As Diethylenetriamine [111-40-0]
52434-07-8	"Present ([1726])" As Nonylphenol ethoxylates [9016-45-9]
22095-52-9	"Present (suspended in kerosene, [1219])" As Neodymium [7440-00-8]
56573-89-8	"Present ([2678])" As Warfarin [81-81-2]
7539-25-5	"Present ([1878])" As Trinitroanisole [28653-16-9]
255839-01-1	"Present (anhydrous, [1842]); Present (solution, [1842])" As Aluminum chloride [7446-70-0]
53763-36-3	"Present ([1726])" As Nonylphenol ethoxylates [9016-45-9]
25948-50-9	"Present ([2581])" As Sodium o-(ethylmercurithio)benzoate [54-64-8]
337513-68-5	"Present ([2081])" As Benzene, 1,1'-oxybis-, tetrabromo derivative [40088-47-9];
87720-84-1	"Present ([2311])" As Sodium nitrate [7631-99-4]
37228-31-2	"Present (with >=25% water, [2208]); Present (with >=25% Alcohol and <=12.6% Nitrogen, [2208]); Present (with >=25% Alcohol, [2208]); Present (with <=12.6% Nitrogen, [2208]); Present (unmodified, or plasticized, with <18% plasticizing substance, [2208]); Present (solution, with <=12.6% Nitrogen and <=55% Nitrocellulose, [2208]); Present (dry or wetted with <25% water or Alcohol, [2208])" As Nitroc
39454-98-3	"Present ([1726])" As Nonylphenol ethoxylates [9016-45-9]
73905-77-8	"Present ([1599])" As Diazenedicarboxamide [123-77-3]
744149-53-9	"Present ([0640])" As Chlorine dioxide [10049-04-4]
71669-27-7	"Present ([0272])" As Polychlorinated dibenzo-p-dioxins [136677-09-3]
19481-10-8	"Present ([0056])" As 1,2-Benzenediol [120-80-9]
67517-48-0	"Present ([0273])" As Polychlorinated dibenzofurans [136677-10-6]
28602-75-7	"Present ([2790])" As Phosphoric acid [7664-38-2]
8031-34-3	"Present ([2789])" As Hexane [110-54-3]
189084-62-6	"Present ([2081])" As Benzene, 1,1'-oxybis-, tetrabromo derivative [40088-47-9];
33004-01-2	"Present ([0140])" As Propene [115-07-1]
378785-07-0	"Present (dust, [2358]); Present (powder, [2358]); Present (ashes, [2358])" As Zinc [7440-66-6]
8005-38-7	"Present (solution, [1173])" As Formaldehyde [50-00-0]
33284-52-5	"Present ([0274])" As 1,1'-Biphenyl, chloro derivatives [1336-36-3]
15765-39-6	"Present ([2361]); Present (solution with >=3.5% Bromine, [2361])" As Bromine [7726-95-6]
81638-37-1	"Present ([0273])" As Polychlorinated dibenzofurans [136677-10-6]
16099-75-5	"Present ([0744])" As Ammonium fluoride [12125-01-8]
29117-43-9	"Present ([1543])" As n-Amyl chloride [543-59-9]
83704-34-1	"Present ([0273])" As Polychlorinated dibenzofurans [136677-10-6]
398469-95-9	"Present ([0851])" As Ammonium persulfate [7727-54-0]
85404-16-6	"Present (aqueous solution, with 50-70% Ethylamine, [2565]); Present ([2565])" As Ethylamine [75-04-7]
185009-34-1	"Present ([1344])" As Hexafluoroethane [76-16-4]
7012-37-5	"Present ([0274])" As 1,1'-Biphenyl, chloro derivatives [1336-36-3]
7705-14-8	"Present ([2010])" As Dipentene [138-86-3]
32774-16-6	"Present ([0274])" As 1,1'-Biphenyl, chloro derivatives [1336-36-3]
72016-32-1	"Present ([1271])" As Phosphoric acid, tris(methylphenyl) esters [1330-78-5]
37680-68-5	"Present ([0274])" As 1,1'-Biphenyl, chloro derivatives [1336-36-3]
74472-44-9	"Present ([0274])" As 1,1'-Biphenyl, chloro derivatives [1336-36-3]
51668-51-0	"Present ([1726])" As Nonylphenol ethoxylates [9016-45-9]
17107-61-8	"Present ([0723])" As Sulfuric acid, fuming [8014-95-7]
189084-65-9	"Present ([2158])" As Benzene, 1,1'-oxybis-, pentabromo derivative [32534-81-9];
68512-90-3	"Present ([1674])" As Fuels, diesel [68334-30-5]
64442-81-5	"Present (hypertoxic chemical, [2177])" As Pentaborane [19624-22-7]
256459-00-4	"Present ([1725])" As Nonylphenols [25154-52-3]
64333-00-2	"Present ([1850]); Present (solution, [1850])" As Iron trichloride [7705-08-0]
782475-36-9	"Present ([0149])" As 2-Propenoic acid, 1,1-dimethylethyl ester [1663-39-4]
63440-03-9	"Present ([1726])" As Nonylphenol ethoxylates [9016-45-9]
31233-80-4	"Present (with free Sulphuric acid, [2130])" As Alkyl sulfonic acids [RR-02838-6]
24378-37-8	"Present (hypertoxic chemical, [2177])" As Pentaborane [19624-22-7]
52663-68-0	"Present ([0274])" As 1,1'-Biphenyl, chloro derivatives [1336-36-3]
6108-13-0	"Present ([1362])" As 1,2,3,4,5,6-Hexachlorocyclohexane [608-73-1]
623903-27-5	"Present ([2103])" As Thallium [7440-28-0]
378751-20-3	"Present (powder, [1216])" As Hafnium [7440-58-6]
38178-38-0	"Present ([0272])" As Polychlorinated dibenzo-p-dioxins [136677-09-3]
23720-59-4	"Present ([1629])" As Heptachlor [76-44-8]
89-61-2	Present ([0549])
89-62-3	Present ([2219])
89-63-4	Present ([1401])
89-64-5	Present ([1402])
89-75-8	Present ([0517])
89-87-2	Present ([2213])
89-92-9	Present ([1098])
81228-87-7	Present ([1508])
80-56-8	Present ([1603])
80-62-6	Present (stabilized, [1105])
80-82-0	Present ([1257])
8050-88-2	Present (in plates, sheets, rods, tubes, rolls, etc. except scrap, [2209]); Present (scrap, [2209])
81-15-2	Present ([1971])
81-20-9	Present ([2212])
8070-50-6	Present ([0643])
8063-77-2	Present ([0644])
8065-36-9	Present ([1112])
8065-48-3	Present (content >3%, hypertoxic chemical, [0658])
8065-53-0	Present (dry or wetted with <15% water, [0960])
8065-71-2	Present (hypertoxic chemical, [0339])
8066-33-9	Present (dry or wetted with <15% water, [1012])
786-19-6	Present ([0674])
79-00-5	Present ([1865])
79-01-6	Present ([1866])
79-03-8	Present ([0156])
79-04-9	Present ([1563])
79-06-1	Present ([0154])
79-08-3	Present ([2429])
79-09-4	Present ([0126])
7791-12-0	Present ([1495])
7803-62-5	Present ([1030])
7803-63-6	Present ([1324])
7803-51-2	Present (hypertoxic chemical, [1266])
7803-52-3	Present ([2122])
7803-54-5	Present ([0310])
7803-55-6	Present ([1614])
78-34-2	Present ([0334])
78-48-8	Present ([1759])
78-53-5	Present (hypertoxic chemical, [0648])
78-62-6	Present ([0437])
78-83-1	Present ([1033])
78-84-2	Present ([2699])
78-85-3	Present ([1102])
78-86-4	Present ([1447])
78-87-5	Present ([0522])
78-88-6	Present ([0526])
78-89-7	Present ([1385])
78-90-0	Present ([0112])
78-92-2	Present ([0219])
78-93-3	Present ([0236])
78-94-4	Present (hypertoxic chemical, [0241])
78-95-5	Present ([2551])
78-97-7	Present (hypertoxic chemical, [1637])
7791-23-3	Present ([2544])
7791-25-5	Present ([2543])
7791-27-7	Present ([1460])
78-00-2	Present (hypertoxic chemical, [2093])
78-07-9	Present ([2617])
78-08-0	Present ([2674])
78-10-4	Present ([0845])
78-11-5	Present (with >=7% wax, [1011]); Present (wetted with >=25% water or desensitized with >=15% phlegmatizer, [1011])
78-18-2	Present (content <=72%, with type A thinner >=28%, [0889]); Present (content <=91%, with water >=9%, [0889]); Present (paste, content <=72%, [0889])
77-98-5	Present ([2094])
79-10-7	Present (stabilized, [0145])
79-11-8	Present ([1551])
79-20-9	Present ([2638])
79-21-0	Present (content <=43%, with >=5% water, >=35% Acetic acid, <=6% Hydrogen peroxide, containing stabilizer, [0926]); Present (content <=16%, with >=39% water, >=15% Acetic acid, <=24% Hydrogen peroxide, containing stabilizer, [0926])
79-22-1	Present (hypertoxic chemical, [1509])
79-24-3	Present ([2284])
79-27-6	Present ([2085])
79-29-8	Present ([0433])
79-30-1	Present ([2709])
79-31-2	Present ([2700])
79-34-5	Present ([2063])
79-36-7	Present ([0560])
79-37-8	Present ([2580])
79-38-9	Present (stabilized, [1786])
79-41-4	Present (stabilized, [1103])
79-42-5	Present ([1711])
79-43-6	Present ([0553])
79-44-7	Present ([0352])
79-46-9	Present ([2256])
79-52-7	Present ([1853])
79-92-5	Present ([1233])
79435-04-4	Present ([1436])
8000-25-7	Present ([1576])
80-10-4	Present ([0314])
80-12-6	Present (hypertoxic chemical, [0572])
8001-35-2	Present ([0044])
8002-09-3	Present ([2100])
8002-16-2	Present ([2101])
8006-14-2	Present (high Methane content, [2123])
8006-28-8	Present (with >4% Sodium hydroxide, [1583])
8002-05-9	Present ([1967])
8006-64-2	Present ([2098])
8007-45-2	Present ([1569])
8007-56-5	Present ([2283])
8008-20-6	Present ([1571])
8008-51-3	Present ([2751])
8008-60-4	Present ([0001])
8011-48-1	Present ([2097])
8013-75-0	Present ([2750])
8007-24-7	Present ([2547])
8006-99-3	Present ([2129])
8014-95-7	Present ([0723])
8016-36-2	Present ([1737])
8017-16-1	Present ([0270])
8021-39-4	Present ([1581])
8030-30-6	Present ([1964])
8032-32-4	Present ([1965])
8049-20-5	Present (suspended in kerosene, [1577])
80-15-9	Present (content >90% but <=98%, with type A thinner <=10%, [0906]); Present (content <=90%, with type A thinner >=10%, [0906])
80-17-1	Present ([0064])
80-43-3	Present (content >52% but <=100%, [0883]); Present (content <=52%, with inert solid >=48%, [0883])
80-47-7	Present ([0901])
80-51-3	Present ([0291])
80-55-7	Present ([1645])
77-75-8	Present ([1045])
77-76-9	Present ([0483])
77-77-0	Present (hypertoxic chemical, [2665])
77-78-1	Present ([1311])
7778-43-0	Present ([1941])
7778-44-1	Present ([1934])
7778-50-9	Present ([2817])
7778-54-3	Present ([0163]); Present ([1621], listed under Bleaching powder); Present (with >39% available Chlorine, [1622], listed under Bleaching powder concentrate)
7778-66-7	Present (solution, with >5% available Chlorine, [0164])
7783-55-3	Present ([1768])
7783-56-4	Present ([1778])
7783-59-7	Present ([2025])
7783-60-0	Present ([2024])
7783-61-1	Present ([2023])
7783-64-4	Present ([0746])
7783-66-6	Present ([2136])
7783-70-2	Present ([2139])
7783-79-1	Present ([1343])
7783-80-4	Present ([1340])
7783-82-6	Present ([1342])
7783-89-3	Present ([2425])
7783-92-8	Present ([1542])
7783-93-9	Present ([0810])
7783-97-3	Present ([0209])
7778-39-4	Present ([1929])
84852-15-3	Present ([2800])
84-69-5	Present ([1251])
84-95-7	Present ([0653])
85409-17-2	Present ([1761])
7783-98-4	Present ([0816])
7784-02-3	Present ([2824])
7784-08-9	Present ([2469])
7784-21-6	Present ([1657])
7784-27-2	Present ([2308])
7784-33-0	Present ([1901])
7784-34-1	Present ([1847])
7784-35-2	Present ([1777])
7784-37-4	Present ([1935])
7784-41-0	Present ([1932]); Present ([1936], listed under Potassium arsenate)
7784-42-1	Present (hypertoxic chemical, [1927])
7784-44-3	Present ([1940])
7784-45-4	Present ([1749])
7784-46-5	Present ([2462]); Present (aqueous solutions, [2462])
7786-34-7	Present (content >5%, hypertoxic chemical, [0367])
7786-81-4	Present ([1318])
7789-18-6	Present ([2321])
7789-19-7	Present ([0762])
7789-21-1	Present ([0765])
7789-23-3	Present ([0751])
7789-24-4	Present ([0753])
7789-29-9	Present ([0758])
7789-30-2	Present ([2140])
7789-31-3	Present ([2416])
7789-33-5	Present ([2558])
7789-36-8	Present ([2420])
7789-38-0	Present ([2421])
7789-40-4	Present ([2405])
7789-47-1	Present ([2400])
7789-52-8	Present ([2403])
7789-58-4	Present ([1896])
7789-59-5	Present ([2546])
7789-60-8	Present ([1897])
7789-61-9	Present ([1902])
7789-65-3	Present ([2082])
7789-67-5	Present ([2083])
7787-32-8	Present ([0745])
7787-36-2	Present ([0811])
7787-41-9	Present ([2196])
7787-47-5	Present ([1474])
7787-61-3	Present ([1766])
7787-62-4	Present ([2135])
7787-71-5	Present ([1779])
7788-97-8	Present ([0748])
7789-00-6	Present ([0819])
7789-09-5	Present ([2815])
7790-21-8	Present ([0796]); Present ([1616], listed under Potassium meta-periodate)
7790-28-5	Present ([0797]); Present ([1617], listed under Sodium meta-periodate)
7790-30-9	Present ([0191])
7790-37-6	Present ([0208])
7790-47-8	Present ([2018])
7790-59-2	Present ([2197])
7790-69-4	Present ([2306])
7790-91-2	Present ([1769])
7790-93-4	Present (solution, content <=10%, [1536])
7790-94-5	Present ([1497])
7790-98-9	Present ([0799])
7790-99-0	Present ([2553])
7791-03-9	Present ([0804])
78-63-7	Present (content >90% but <=100%, [0377]); Present (content >=52% but <=90%, with type A thinner >=10%, [0377]); Present (content <=52%, with type A thinner >=48%, [0377]); Present (content <=77%, [0377]); Present (paste, content <=47%, [0377])
78-67-1	Present ([1600])
78-75-1	Present ([0627])
78-76-2	Present ([2397])
78-77-3	Present ([2368])
78-78-4	Present ([1114])
78-79-5	Present (stabilized, [1031])
78-80-8	Present ([2693])
78-81-9	Present ([2694])
78-82-0	Present ([2698])
7790-79-6	Present ([0747])
7790-81-0	Present ([0198])
7791-10-8	Present ([1538])
7789-69-7	Present ([2159])
7789-78-8	Present ([1653])
7789-80-2	Present ([0197])
75-87-6	Present (stabilized, [1861])
75-88-7	Present ([1390])
764-35-2	Present ([1001])
764-41-0	Present ([0500])
76-44-8	Present ([1629])
7645-25-2	Present ([1939])
7646-69-7	Present ([1661])
7646-78-8	Present (anhydrous, [2058])
7646-79-9	Present ([1465])
7646-85-7	Present ([1480]); Present (solution, [1480])
7646-93-7	Present ([1325])
7647-01-0	Present ([2507], listed under Hydrochloric acid); Present (anhydrous, [1475])
7647-18-9	Present (hypertoxic chemical, [2153])
7647-19-0	Present ([2137])
765-34-4	Present ([0976])
76-86-8	Present ([1744])
76-87-9	Present ([1745])
766-09-6	Present ([2614])
766-15-4	Present ([0369])
7664-38-2	Present ([2790])
7664-39-3	Present (solution, [1650], listed under Hydrofluoric acid); Present (anhydrous, [0756])
7664-41-7	Present ([0002])
7664-93-9	Present ([1302])
7693-26-7	Present ([1655])
7693-27-8	Present ([1660])
7697-37-2	Present ([2285])
768-56-9	Present ([0066])
7681-38-1	Present ([1326]); Present (solution, [1326])
7681-49-4	Present ([0754])
7681-52-9	Present (solution, with >5% available Chlorine, [0166])
7681-55-2	Present ([0204])
7700-17-6	Present ([0392])
771-29-9	Present ([0905])
7718-54-9	Present ([1473])
7718-98-1	Present ([1840])
7719-09-7	Present ([1493])
7719-12-2	Present ([1841])
7721-01-9	Present ([2152])
7722-64-7	Present ([0813])
7722-84-1	Present (solution, content >8%, [0903])
7723-14-0	Present ([0932])
7704-34-9	Present ([1290])
7704-98-5	Present ([1662])
7704-99-6	Present ([1654])
7705-07-9	Present ([1848]); Present (solution, [1848]); Present (mixtures, [1848])
7705-08-0	Present ([1850]); Present (solution, [1850])
7726-95-6	Present ([2361]); Present (solution with >=3.5% Bromine, [2361])
7727-15-3	Present (anhydrous, [1898]); Present (solution, [1898])
7727-18-6	Present ([1857])
7727-21-1	Present ([0852])
7727-37-9	Present (compressed or liquefied, [0172])
7727-54-0	Present ([0851])
77287-29-7	Present ([1433])
7778-74-7	Present ([0803])
7779-86-4	Present ([1244])
7779-88-6	Present ([2331])
7782-39-0	Present ([0176])
7782-41-4	Present (hypertoxic chemical, [0732])
7782-44-7	Present (compressed or liquefied, [2528])
7761-88-8	Present ([2340])
7773-03-7	Present ([2453])
7774-29-0	Present ([0328])
7738-94-5	Present (solution, [0823])
7756-94-7	Present ([1821])
7757-79-1	Present ([2303])
7758-01-2	Present ([2419])
7758-05-6	Present ([0199])
7758-09-0	Present ([2491])
7758-19-2	Present ([2458]); Present (solution, containing >5% available Chlorine, [2458])
7758-97-6	Present ([0822])
776-74-9	Present ([0322])
7783-00-8	Present ([2470])
7783-06-4	Present ([1289])
7783-07-5	Present (anhydrous, [2191])
7783-08-6	Present ([2195])
7783-33-7	Present ([0188])
7782-49-2	Present ([2188])
7782-50-5	Present (hypertoxic chemical, [1381])
7775-09-9	Present ([1535]); Present (solution, [1535])
7775-11-3	Present ([0820])
7775-14-6	Present ([1243])
7775-27-1	Present ([0858])
7782-65-2	Present ([2752])
7782-68-5	Present ([0194])
7782-78-7	Present ([2486])
7782-82-3	Present (hypertoxic chemical, [2477])
7782-86-7	Present ([2332])
7782-89-0	Present ([0024])
7782-99-2	Present ([2450])
77-47-4	Present (hypertoxic chemical, [1358])
77-58-7	Present ([0331])
77-73-6	Present ([0490])
77-74-7	Present ([1067])
7783-35-9	Present ([1314])
7783-36-0	Present ([1329])
760-20-3	Present ([1047])
760-21-4	Present ([2583])
7601-89-0	Present ([0806])
7601-90-3	Present (in Acetic anhydride, solution, [0801]); Present (content 50-72%, [0798]); Present (content >72%, [0798]); Present (content <=50%, [0798])
7580-67-8	Present ([1656])
7616-94-6	Present ([0859])
762-12-9	Present (content <=100%, [0875])
762-13-0	Present (content <=100%, [0886])
762-16-3	Present (content <=100%, [0887])
7623-16-7	Present ([2393])
7631-90-5	Present ([2455])
7631-99-4	Present ([2311])
7632-00-0	Present ([2492])
7632-04-4	Present ([0860])
7632-51-1	Present ([2049])
75-89-8	Present ([1788])
75-91-2	Present (content >79% but <=90%, with water >=10%, [0904]); Present (content <=80%, with type A thinner >=20%, [0904]); Present (content <=79%, with water >14%, [0904]); Present (content <=72%, with water >=28%, [0904])
75-94-5	Present (stabilized, [2670])
75-96-7	Present ([1905])
75-97-8	Present ([1147])
75-75-2	Present ([1125])
75-76-3	Present ([2035])
75-77-4	Present ([1809])
75-78-5	Present ([0436])
75-79-6	Present ([1144])
75-83-2	Present ([0432])
75-85-4	Present ([1050])
75-86-5	Present (hypertoxic chemical, [0138])
757-58-4	Present ([2040])
7578-36-1	Present ([1776])
76-01-7	Present ([2155])
76-02-8	Present ([1867])
76-03-9	Present ([1862])
76-05-1	Present ([1789])
76-06-2	Present (hypertoxic chemical, [1854])
76-13-1	Present ([1825])
76-14-2	Present ([0545])
76-15-3	Present ([2556])
76-16-4	Present ([1344])
76-19-7	Present ([0038])
7637-07-2	Present ([1770])
764-13-6	Present ([0372])
763-29-1	Present ([1046])
6834-92-0	Present ([1618])
684-16-2	Present ([1333])
686-31-7	Present (content <=100%, [1988])
68606-38-2	Present ([0987])
68631-49-2	Present ([1369])
688-73-3	Present ([1758])
68848-64-6	Present ([0841])
68928-80-3	Present ([1626])
68956-82-1	Present ([1994])
6842-15-5	Present ([2039])
68476-85-7	Present ([2548])
68299-16-1	Present (content <=77%, with type B thinner >=23%, [1991])
683-18-1	Present ([0332])
68334-30-5	Present ([1674])
696-28-6	Present (hypertoxic chemical, [0088])
68975-47-3	Present ([2711])
6731-36-8	Present (content >90% but <=100%, [0295]); Present (content >57% but <=90%, with type A thinner >=10%, [0295]); Present (content <=32%, with type A thinner >=26%, with type B thinner >=42%, [0295]); Present (content <=57%, with type A thinner >=43%, [0295]); Present (content <=57%, with inert solid >=43%, [0295]); Present (content <=77%, with type B thinner >=23%, [0295]); Present (content <=90%, 
67-64-1	Present ([0137])
67-66-3	Present ([1852])
67-72-1	Present ([1363])
68-11-1	Present ([1714])
68-12-2	Present ([0460])
681-84-5	Present ([2783])
68133-87-9	Present ([2156])
67713-16-0	Present ([0959])
69806-50-4	Present ([1781])
70-11-1	Present ([2437])
70-30-4	Present ([0284])
70-34-8	Present ([0733])
70225-14-8	Present ([1718])
7058-01-7	Present ([0946])
7087-68-5	Present ([0710])
712-48-1	Present ([0319])
71-23-8	Present ([0110])
71-27-2	Present ([1466])
71-36-3	Present ([2761])
71-41-0	Present ([2165])
71-43-2	Present ([0049]); Present ([0167], listed under Crude benzene); Present ([2825], listed under Heavy benzene)
71-55-6	Present ([1864])
72-20-8	Present (content >5%, hypertoxic chemical, [1352])
7154-66-7	Present ([2381])
732-11-6	Present ([0402])
722-27-0	Present ([0491])
7439-90-9	Present (compressed or liquefied, [1237])
7439-91-0	Present (suspended in kerosene, [1217])
7429-90-5	Present (powder, [1377])
741-58-2	Present ([0708])
7411-49-6	Present ([2512])
7439-93-2	Present ([1240])
7439-95-4	Present ([1572])
7439-96-5	Present (powder, wetted with >=25% water, [1218])
7439-97-6	Present ([0835])
7440-00-8	Present (suspended in kerosene, [1219])
7440-01-9	Present (compressed or liquefied, [1584])
7440-09-7	Present ([1203])
7440-17-7	Present ([1220])
7440-21-3	Present (powder, amorphous, [0837])
7440-23-5	Present ([1582])
7440-24-6	Present ([1222])
7440-28-0	Present ([2103])
7440-32-6	Present (powder, dry, [1223]); Present (powder, wetted with >=25% water, particle size <53 micron if produced by mechanical method, and particle size <840 micron if produced by chemical method, [1223])
7440-36-0	Present (powder, [2121])
7440-37-1	Present (compressed or liquefied, [2505])
7440-38-2	Present ([1924])
7440-39-3	Present ([0047])
7440-41-7	Present (powder, [1613])
7440-43-9	Present (non-pyrophoric, [0817])
7440-45-1	Present (suspended in kerosene, [1968]); Present (powder and scrap, [1968])
7440-46-2	Present ([1221])
7440-55-3	Present ([1013])
7440-58-6	Present (powder, [1216])
7440-59-7	Present (compressed or liquefied, [0929])
7440-63-3	Present (compressed or liquefied, [2200])
7440-66-6	Present (dust, [2358]); Present (powder, [2358]); Present (ashes, [2358])
7440-67-7	Present ([1215]); Present (powder, dry, [1215])
7440-70-2	Present ([0789]); Present (powder, [0789])
74-82-8	Present ([1188])
74-83-9	Present ([2411])
74-84-0	Present ([2661])
74-85-1	Present ([2662])
74-86-2	Present ([2629])
74-87-3	Present ([1519])
74-88-4	Present ([0193])
7446-08-4	Present ([0645])
7446-09-5	Present ([0639])
7446-11-9	Present (stabilized, [1914])
7446-14-2	Present (with >3% free acid, [1321])
7446-18-6	Present (hypertoxic chemical, [1328])
7446-70-0	Present (anhydrous, [1842]); Present (solution, [1842])
7447-39-4	Present ([1477])
75-24-1	Present ([1808])
75-25-2	Present ([1903])
75-26-3	Present ([2391])
75-28-5	Present ([2707])
75-29-6	Present ([1438])
75-30-9	Present ([0185])
75-31-0	Present ([0019])
75-33-2	Present ([2691])
75-34-3	Present ([0556])
7487-94-7	Present (hypertoxic chemical, [1464])
624-54-4	Present ([0135])
624-65-7	Present (Ministry of Emergency Management Announcement No.?3 of 2026)
624-83-9	Present (hypertoxic chemical, [2723])
624-91-9	Present ([2490])
624-92-0	Present ([0492])
62-53-3	Present ([0051])
62-56-6	Present ([1291])
625-27-4	Present ([1060])
625-28-5	Present ([2735])
625-30-9	Present ([2807])
625-55-8	Present ([1181])
625-58-1	Present (solution, [2334])
625-59-2	Present ([1301])
625-86-5	Present ([0438])
625-98-9	Present ([1452])
628-81-9	Present ([2621])
628-86-4	Present (wetted with >=20% water or Mixture of alcohol and water, [1239])
628-92-2	Present ([0941])
62882-00-2	Present ([1168])
62882-01-3	Present ([1165])
629-05-0	Present ([2349])
629-08-3	Present ([0826])
629-14-1	Present ([2574])
629-20-9	Present ([0973])
629-33-4	Present ([1186])
629-40-3	Present ([2345])
6290-49-9	Present ([1198])
630-08-0	Present ([2563])
630-10-4	Present ([2194])
630-60-4	Present ([0250])
6303-21-5	Present ([0161])
636-30-6	Present ([1828])
636-97-5	Present ([0265])
636-98-6	Present ([2259])
63394-00-3	Present ([2125])
634-66-2	Present ([2044])
634-90-2	Present ([2045])
634-93-5	Present ([1829])
631-60-7	Present ([2646])
632-21-3	Present ([2043])
632-92-8	Present ([1882])
637-78-5	Present ([0131])
638-11-9	Present ([2775])
638-29-9	Present ([2185])
638-49-3	Present ([1187])
6380-34-3	Present ([0327])
63868-82-6	Present ([0584])
63885-01-8	Present ([2494])
63907-41-5	Present ([2560])
64173-96-2	Present ([2808])
64-00-6	Present ([2689])
64-17-5	Present (anhydrous, [2568])
64-18-6	Present ([1175])
63937-14-4	Present ([1623])
63938-10-3	Present ([1529])
63951-45-1	Present ([0984])
63989-69-5	Present ([2466])
640-15-3	Present ([0398])
640-19-7	Present (hypertoxic chemical, [0788])
64013-16-7	Present ([1751])
64082-35-5	Present ([0846])
64-19-7	Present (content >80%, [2630]); Present (content >10% but <=80%, [2630])
64-67-5	Present ([1312])
64-69-7	Present ([0211])
645-00-1	Present ([2258])
6427-21-0	Present ([1200])
644-31-5	Present (in solution, content <=45%, [0915])
644-49-5	Present ([2706])
644-97-3	Present ([0533])
65321-67-7	Present ([1303])
6533-73-9	Present ([2113])
65-30-5	Present (hypertoxic chemical, [1041])
65-31-6	Present ([1226])
646-06-0	Present ([0646])
646-20-8	Present ([0825])
64742-24-1	Present ([2744])
6484-52-2	Present (with >0.2% combustible substances, including any organic substance calculated as Carbon, to the exclusion of any other added substance, [2286]); Present (with <=0.2% combustible substances, [2286])
66-75-1	Present (hypertoxic chemical, [2000])
66-81-9	Present ([0382])
65996-83-0	Present ([1567])
65996-93-2	Present ([1568])
66-25-1	Present ([2786])
6613-44-1	Present ([0419])
66280-55-5	Present (content <=42%, containing >=56% Sodium sulfate, [2009])
666-12-6	Present ([1771])
674-82-8	Present (stabilized, [2677])
67567-23-1	Present (content <=67%, with type A thinner >=33%, [0302])
670-54-2	Present ([2076])
67-56-1	Present ([1022])
67-63-0	Present ([0111])
671-04-5	Present ([1410])
67329-01-5	Present ([0657])
691-37-2	Present ([1048])
693-02-7	Present ([1000])
693-21-0	Present (desensitized with >=25% non-volatile, water insoluble phlegmatizer, [0651])
693-89-0	Present ([1043])
69523-06-4	Present ([2126])
6923-22-4	Present (content >0.5%, hypertoxic chemical, [0394])
694-05-3	Present ([2068])
694-83-7	Present ([0943])
626-56-2	Present ([1139])
626-23-3	Present ([0722])
626-43-7	Present ([0508])
62-38-4	Present ([2633])
619-23-8	Present ([2271])
619-31-8	Present ([2225])
619-65-8	Present ([1706])
619-80-7	Present ([2242])
619-97-6	Present ([2344])
619-99-8	Present ([2610])
620-22-4	Present ([1090])
621-33-0	Present ([2683])
61717-82-6	Present (Ministry of Emergency Management Announcement No.?3 of 2026)
61788-33-8	Present ([0275])
61789-51-3	Present (powder, [0963])
61789-65-9	Present ([1995])
618-07-5	Present ([2249])
618-45-1	Present ([1210])
618-87-1	Present ([0591])
624-18-0	Present ([2525])
624-24-8	Present ([2793])
623-37-0	Present ([2601])
623-42-7	Present ([2772])
623-43-8	Present ([0247])
623-46-1	Present ([0530])
623-48-3	Present ([0212])
623-70-1	Present ([0248])
623-71-2	Present ([1435])
623-73-4	Present ([2814])
623-96-1	Present ([2109])
622-44-6	Present ([0085])
622-45-7	Present ([2636])
622-57-1	Present ([2603])
622-68-4	Present ([0353])
622-97-9	Present (stabilized, [1092])
614-45-9	Present (content >77% but <=100%, [0865]); Present (content >=52% but <=77%, with type A thinner >=23%, [0865]); Present (content <=52%, with inert solid >=48%, [0865])
616-38-6	Present ([2110])
616-44-4	Present ([1143])
616-45-5	Present ([0101])
6164-98-3	Present ([1397])
617-50-5	Present ([2704])
617-78-7	Present ([2618])
617-83-4	Present ([0683])
617-85-6	Present ([1920])
617-89-0	Present ([1234])
628-76-2	Present ([0546])
57-74-9	Present ([0043])
57-94-3	Present ([1478])
57658-36-3	Present ([1712])
577-19-5	Present ([2279])
578-54-1	Present ([2594])
578-94-9	Present ([0313])
5786-96-9	Present ([2526])
589-81-1	Present ([1118])
589-90-2	Present ([0451])
589-93-5	Present ([0421])
5787-96-2	Present ([0612])
57875-67-9	Present ([2102])
5798-79-8	Present ([2383])
580-17-6	Present ([0029])
5809-08-5	Present (content <=100%, [2033])
581-64-6	Present ([0934])
592-01-8	Present ([1680]); Present ([1710], listed under Black cyanide)
592-04-1	Present ([1682])
592-05-2	Present ([1692])
592-27-8	Present ([1117])
592-34-7	Present ([1517])
592-41-6	Present ([1006])
591-27-5	Present ([0008])
591-34-4	Present ([0136])
591-47-9	Present ([1042])
591-76-4	Present ([1159])
591-78-6	Present ([1004])
591-87-7	Present ([2645])
591-89-9	Present ([1683])
591-93-5	Present (stabilized, [2172])
591-97-9	Present ([1395])
590-01-2	Present ([0134])
590-02-3	Present ([1552])
590-35-2	Present ([0470])
590-36-3	Present ([1056])
590-66-9	Present ([0448])
590-73-8	Present ([0455])
590-86-3	Present ([1113])
590-92-1	Present ([2388])
591-00-4	Present ([1775])
591-08-2	Present ([2680])
591-17-3	Present ([2409])
591-19-5	Present ([2374])
591-20-8	Present ([2377])
591-21-9	Present ([0450])
591-22-0	Present ([0424])
592-42-7	Present ([0994])
592-43-8	Present ([1007])
592-45-0	Present ([0993])
592-46-1	Present ([0995])
592-48-3	Present ([0992])
592-55-2	Present ([2428])
592-57-4	Present ([0944])
592-76-7	Present ([0832])
592-77-8	Present ([0833])
592-78-9	Present ([0834])
592-84-7	Present ([1185])
592-85-8	Present ([1296])
592-88-1	Present ([0581])
594-36-5	Present ([1399])
594-42-3	Present (hypertoxic chemical, [1723])
593-53-3	Present ([0769])
593-60-2	Present (stabilized, [2436])
593-90-8	Present ([1810])
59-50-7	Present ([1407])
59-85-8	Present ([1455])
60238-56-4	Present ([0666])
600-00-0	Present ([2367])
600-24-8	Present ([2261])
600-25-9	Present ([1388])
602-38-0	Present ([0617])
602-87-9	Present ([2262])
597-64-8	Present ([2095])
59382-51-3	Present (in solution, content <=37%, [1811])
5970-32-1	Present ([2014])
594-68-3	Present ([1753])
594-72-9	Present ([0497])
594-82-1	Present ([2034])
595-49-3	Present ([0603])
595-90-4	Present ([2017])
598-31-2	Present ([2389])
598-72-1	Present ([2387])
598-73-2	Present ([1787])
598-75-4	Present ([1051])
598-78-7	Present ([1431])
598-98-1	Present ([0428])
598-99-2	Present ([1863])
5989-27-5	Present ([2826])
598-14-1	Present ([2605])
598-16-3	Present ([1906])
598-21-0	Present ([2438])
598-22-1	Present ([2399])
60-24-2	Present ([1713])
60-29-7	Present ([2625])
602-99-3	Present ([1891])
615-74-7	Present ([1522])
615-50-9	Present ([1304])
615-57-6	Present ([0625])
615-28-1	Present ([2523])
615-36-1	Present ([2373])
56-18-8	Present ([0305])
56-23-5	Present ([2056])
56-25-7	Present ([1349])
55810-17-8	Present ([1893])
56073-07-5	Present ([1246])
56073-10-0	Present (hypertoxic chemical, [2413])
561-20-6	Present ([2273])
562-49-2	Present ([0473])
563-12-2	Present ([2090])
56275-41-3	Present (contains about 74% Dichlorodifluoromethane, [0529])
5628-99-9	Present (hypertoxic chemical, [2671])
558-25-8	Present (hypertoxic chemical, [1189])
55794-20-2	Present (content >77% but <=100%, [0297]); Present (content <=52%, [0297]); Present (content <=77%, with type A thinner >=23%, [0297])
558-13-4	Present ([2084])
558-17-8	Present ([0181])
555-21-5	Present ([2251])
555-54-4	Present ([0320])
55510-04-8	Present ([0606])
556-24-1	Present ([2736])
556-56-9	Present ([0179])
556-61-6	Present ([1282])
556-64-9	Present ([1299])
556-88-7	Present ([2263])
556-89-8	Present ([2276])
557-17-5	Present ([1100])
557-18-6	Present ([0696])
557-19-7	Present ([1690])
557-20-0	Present ([0698])
557-21-1	Present ([1696])
557-31-3	Present ([2619])
557-40-4	Present ([0582])
557-98-2	Present ([1439])
55-63-0	Present (solution in Alcohol with <=10% Nitroglycerin, [2203]); Present (desensitized with >=40% non-volatile, water-insoluble phlegmatizer, [2202])
55-68-5	Present ([2290])
55-91-4	Present (hypertoxic chemical, [1998])
564-02-3	Present ([1812])
563-43-9	Present ([0535])
563-45-1	Present ([1040])
563-46-2	Present ([1039])
563-47-3	Present ([1398])
563-52-0	Present ([1387])
563-54-2	Present ([0524])
563-68-8	Present ([2647])
563-76-8	Present ([2392])
563-78-0	Present ([0373])
563-79-1	Present ([0381])
563-80-4	Present ([1053])
565-59-3	Present ([0471])
565-61-7	Present ([1058])
565-67-3	Present ([1066])
565-69-5	Present ([1068])
565-75-3	Present ([1814])
565-80-0	Present ([0384])
56-72-4	Present ([0659])
56-35-9	Present ([1763])
56-36-0	Present ([0169])
56-38-2	Present (content >4%, hypertoxic chemical, [0662])
576-23-8	Present ([2362])
576-24-9	Present ([0510])
576-26-1	Present ([0362])
57607-37-1	Present (dry or wetted with <15% water, [0962])
57485-31-1	Present ([0842]); Present (powder, uncoated, [0842])
573-56-8	Present (wetted with >=15% water, [0595])
57-06-7	Present ([2715])
57-14-7	Present (hypertoxic chemical, [0461])
57-24-9	Present (hypertoxic chemical, [0481])
57-39-6	Present ([1741])
57-52-3	Present (hypertoxic chemical, [1327])
57117-31-4	Present (hypertoxic chemical, [2147])
56773-42-3	Present ([1721])
56960-31-7	Present ([1174])
56960-91-9	Present (stabilized. The source lists Propyne and allene mixtures with an incorrect CAS No. 59355-75-8, [0124])
581-89-5	Present ([2274])
58164-88-8	Present ([1736])
5827-05-4	Present ([2620])
583-15-3	Present ([0080])
583-48-2	Present ([0459])
583-53-9	Present ([0624])
51882-60-1	"Present ([2188])" As Selenium [7782-49-2]
519-44-8	Present ([0609])
52238-68-3	Present (content <=52%, with type B thinner >=48%, [0855])
52106-89-5	Present ([1403])
52181-51-8	Present ([1785])
52-68-6	Present ([0365])
52-85-7	Present ([0350])
51-83-2	Present ([0028])
5390-54-5	Present ([0146])
53906-68-6	Present ([1501])
52583-42-3	Present ([0724])
526-73-8	Present ([1799])
526-75-0	Present ([0359])
52315-07-8	Present ([1705])
52326-66-6	Present (content <=87%, contains Octadecyl alcohol, [0878])
52373-74-7	Present (content <=52%, with type B thinner >=48%, [0854])
528-29-0	Present ([0586])
5283-66-9	Present ([2348])
5283-67-0	Present ([1727])
527-69-5	Present ([0731])
538-08-9	Present ([0580])
538-93-2	Present ([2695])
536-78-7	Present ([2598])
536-90-3	Present ([1193])
53684-48-3	Present ([1320])
583-57-3	Present ([0449])
583-58-4	Present ([0423])
583-71-1	Present ([2363])
583-78-8	Present ([0512])
584-48-5	Present ([2366])
584-84-9	Present ([1015])
584-94-1	Present ([0456])
58-89-9	Present ([1361])
58-90-2	Present ([2042])
589-34-4	Present ([1127])
589-38-8	Present ([1005])
589-43-5	Present ([0457])
589-53-7	Present ([1119])
587-84-8	Present (solution, [0312])
587-85-9	Present ([0316])
585-79-5	Present ([2280])
5836-29-3	Present (hypertoxic chemical, [2067])
5836-73-7	Present ([0515])
586-62-9	Present ([2124])
586-75-4	Present ([2382])
586-78-7	Present ([2281])
5894-60-0	Present ([1956])
540-18-1	Present ([0235])
540-23-8	Present ([2520])
540-36-3	Present ([0338])
540-38-5	Present ([0183])
540-42-1	Present ([0132])
540-51-2	Present ([2427])
540-54-5	Present ([1437])
540-59-0	Present ([0559])
540-67-0	Present ([1201])
540-73-8	Present (hypertoxic chemical, [0462])
540-82-9	Present ([2612])
540-84-1	Present ([1813])
540-88-5	Present ([2644])
5400-70-4	Present ([1877])
54004-38-5	Present ([1167])
5405-53-8	Present ([0620])
54-11-5	Present (hypertoxic chemical, [1097])
541-28-6	Present ([0182])
541-31-1	Present ([1038])
541-41-3	Present (hypertoxic chemical, [1513])
541-42-4	Present ([2497])
541-69-5	Present ([2524])
541-70-8	Present ([1316])
541-73-1	Present ([0502])
541-88-8	Present ([1553])
5410-29-7	Present ([2248])
542-14-3	Present ([2632])
542-15-4	Present ([2289])
542-16-5	Present ([1308])
542-54-1	Present ([1152])
542-55-2	Present ([1182])
542-56-3	Present ([2498])
542-62-1	Present ([1678])
542-69-8	Present ([0186])
542-75-6	Present ([0525])
542-76-7	Present ([1430])
542-83-6	Present (hypertoxic chemical, [1681])
542-84-7	Present ([1684])
542-88-1	Present ([0293])
542-90-5	Present ([1300])
542-92-7	Present ([0967])
539-82-2	Present ([2794])
5419-55-6	Present ([1612])
543-20-4	Present ([0224])
543-27-1	Present ([1515])
543-59-9	Present ([1543])
54363-49-4	Present ([1151])
546-68-9	Present ([2105])
5437-38-7	Present (Ministry of Emergency Management Announcement No.?3 of 2026)
544-01-4	Present ([0714])
544-10-5	Present ([1445])
544-13-8	Present ([2168])
544-16-1	Present ([2501])
544-25-2	Present ([0938])
544-92-3	Present ([1700])
544-97-8	Present ([0475])
54413-15-9	Present ([1885])
545-06-2	Present ([1860])
545-55-1	Present ([1739])
543-67-9	Present ([2500])
543-80-6	Present ([2631])
543-81-7	Present ([2640])
543-87-3	Present ([2337])
54-64-8	Present ([2581])
55-38-9	Present ([0390])
551-06-4	Present ([2713])
54693-46-8	Present (content <=57%, with type B thinner >=26%, water >=8%, [0909])
547-63-7	Present ([2702])
547-64-8	Present ([1638])
553-90-2	Present ([2578])
552-46-5	Present ([2508])
554-00-7	Present ([0504])
554-12-1	Present ([0128])
554-84-7	Present ([2234])
555-03-3	Present ([2240])
460-19-5	Present ([1675])
462-06-6	Present ([0737])
462-08-8	Present ([0016])
462-94-2	Present ([2167])
462-95-3	Present ([0704])
463-04-7	Present ([2502])
463-49-0	Present (stabilized, [0117])
463-58-1	Present ([2117])
463-71-8	Present ([0543])
463-82-1	Present ([0429])
464-06-2	Present ([1802])
465-73-6	Present (content >10%, hypertoxic chemical, [1353])
4682-03-5	Present (wetted with >=40% water or Mixture of alcohol and water, [0621])
4685-14-7	Present ([0386])
39811-34-2	Present (content >72% but <=100%, [0260]); Present (content <=72%, with type A thinner >=28%, [0260])
563-16-6	Present ([0458])
334-88-3	Present ([2813])
33864-17-4	Present ([1490])
34018-28-5	Present ([2422])
3425-61-4	Present (content <=88%, with type A thinner >=6%, water >=6%, [1989])
34256-82-1	Present ([2585])
51-28-5	Present (wetted with >=15% water, [0593])
51-43-4	Present ([0565])
51-75-2	Present (hypertoxic chemical, [1999])
51-78-5	Present ([2519])
51240-95-0	Present (content <=52%, stable dispersion in water, [2032]); Present (content <=72%, with type B thinner >=28%, [2032])
513-35-9	Present ([1054])
513-36-0	Present ([1444])
513-38-2	Present ([0180])
513-42-8	Present ([1156])
513-44-0	Present ([1034])
513-48-4	Present ([0187])
51602-38-1	Present ([2207])
513-53-1	Present ([0227])
513-86-0	Present ([1635])
513-88-2	Present ([0520])
536-47-0	Present ([1307])
536-74-3	Present ([0095])
536-75-4	Present ([2599])
53558-25-1	Present (hypertoxic chemical, [0099])
535-13-7	Present ([1434])
535-15-9	Present ([0555])
535-89-7	Present ([1411])
534-07-6	Present ([0521])
534-15-6	Present ([0487])
534-22-5	Present ([1116])
534-52-1	Present (hypertoxic chemical, [1071])
5345-54-0	Present ([1412])
531-85-1	Present ([2517])
531-86-2	Present ([1306])
532-27-4	Present ([1427])
532-28-5	Present ([0091])
53220-22-7	Present (content <=100%, [0571]); Present (content <=42%, stable dispersion in water, [0571])
5329-14-6	Present ([0025])
529-19-1	Present ([1089])
530-50-7	Present ([0323])
5292-43-3	Present ([2431])
3087-36-3	Present ([2104])
3457-61-2	Present (content >42% but <=100%, [0908]); Present (content <=52%, with inert solid >=48%, [0908])
3437-84-1	Present (content <=32%, with type B thinner >=68%, [0884]); Present (content >=32% but <=52%, with type B thinner >=48%, [0884])
3444-13-1	Present ([0158])
34443-12-4	Present (content <=100%, [1978])
3497-00-5	Present ([0087])
348-51-6	Present ([1451])
348-54-9	Present ([0734])
35523-89-8	Present (hypertoxic chemical, [1202])
354-32-5	Present ([1794])
357-57-3	Present (hypertoxic chemical, [0486])
35725-34-9	Present ([2338])
352-32-9	Present ([0768])
352-33-0	Present ([1453])
352-70-5	Present ([0767])
352-93-2	Present ([0701])
3522-94-9	Present ([1807])
35223-80-4	Present ([2434])
351-05-3	Present (hypertoxic chemical, [2549])
353-36-6	Present ([0786])
353-42-4	Present ([1772])
353-50-4	Present ([2116])
353-59-3	Present ([1450])
3698-54-2	Present ([2077])
37203-43-3	Present ([2753])
371-40-4	Present ([0736])
371-86-8	Present ([0109])
3710-30-3	Present ([2346])
37187-22-7	Present (paste, content <=32%, containing >=44% solvent, >=9% water, with inert solid >=11%, [0916]); Present (in solution, content <=42%, containing >=8% water, >=48% type A thinner, <=4.7% available Oxygen, [0916])
360-89-4	Present ([0037])
3638-73-1	Present ([0626])
36336-92-2	Present ([1106])
36355-01-8	Present ([1372])
367-11-3	Present ([0336])
3689-24-5	Present (hypertoxic chemical, [2091])
3691-35-8	Present (content >4%, hypertoxic chemical, [1422])
36536-42-2	Present (content <=72%, with type A thinner >=28%, [0292])
36422-95-4	Present ([0772])
36451-09-9	Present ([2810])
36483-60-0	Present ([1368])
3982-91-0	Present (hypertoxic chemical, [1278])
40058-87-5	Present ([1436])
40088-47-9	Present ([2081])
4032-86-4	Present ([0443])
4016-11-9	Present ([0977])
39432-81-0	Present ([1449])
39404-03-0	Present ([0840])
420-46-2	Present ([1793])
41935-39-1	Present (content >85% but <=100%, [0281]); Present (content <=85%, contains >=15% water, [0281])
4170-30-3	Present ([0245])
4151-50-2	Present ([2615])
42398-73-2	Present ([1166])
421-50-1	Present ([1765])
4262-61-7	Present (content <=42%, with type A thinner >=13% and inert solid >=45%, [0296]); Present (content <=52%, with type A thinner >=48%, [0296])
4098-71-9	Present ([2710])
407-25-0	Present ([1790])
4104-14-7	Present (hypertoxic chemical, [2003])
41083-11-8	Present ([1742])
4109-96-0	Present ([0532])
3926-62-3	Present ([1555])
3906-22-7	Present ([1951])
39196-18-4	Present (hypertoxic chemical, [1082])
3851-87-4	Present (content <=100%, [0919]); Present (content >52% but <=82%, with type A thinner >=18%, [0287]); Present (content <=38%, with type A thinner >=62%, [0287]); Present (content >38% but <=52%, with type A thinner >=48%, [0287]); Present (content <=52%, stable dispersion in water, [0287, 0919])
3879-07-0	Present ([1596])
4484-72-4	Present ([1954])
45298-90-6	Present ([1959])
453-13-4	Present ([0335])
4511-39-1	Present (content <=100%, [0868])
446255-22-7	Present ([1627], listed under 2,2',3,3',4,5',6'-Heptabromodiphenyl ether)
4461-48-7	Present ([1062])
4421-50-5	Present ([1488])
4435-53-4	Present ([1197])
4419-11-8	Present ([1595])
431-03-8	Present ([0477])
4316-42-1	Present ([2765])
4342-36-3	Present ([1760])
4351-54-6	Present ([1176])
298-04-4	Present (content >15%, hypertoxic chemical, [0672])
298-07-7	Present ([0286])
298-18-0	Present ([0638])
2980-64-5	Present ([0611])
29921-57-1	Present ([2433])
29973-13-5	Present ([2624])
2999-46-4	Present ([2716])
2999-74-8	Present ([0466])
291-64-5	Present ([0940])
29081-56-9	Present ([1716])
28930-30-5	Present ([1367])
2918-23-2	Present ([0148])
292-64-8	Present ([0974])
28653-16-9	Present ([1878])
28772-56-7	Present (hypertoxic chemical, [2414])
28980-47-4	Present ([1942])
28980-48-5	Present ([2465])
28995-89-3	Present ([2079])
29025-67-0	Present (hypertoxic chemical, [0258])
2867-47-2	Present ([1104])
28679-16-5	Present ([1805])
287-23-0	Present ([0937])
287-92-3	Present ([0969])
286-20-4	Present ([2534])
298-02-2	Present (hypertoxic chemical, [0676])
29790-52-1	Present ([2015])
298-00-0	Present ([0391])
29590-42-9	Present ([0152])
297-78-9	Present (content >1%, hypertoxic chemical, [0042])
297-97-2	Present (content >5%, hypertoxic chemical, [0667])
29320-38-5	Present ([1231])
2937-50-0	Present (stabilized, [1512])
29240-17-3	Present (content <=77%, with type B thinner >=23%, [1990])
2941-64-2	Present ([1279])
29457-72-5	Present ([1720])
29515-61-5	Present ([0207])
26748-38-9	Present (content <=42%, stable dispersion in water, [0913]); Present (content <=77%, with type A thinner >=23%, [0913])
2855-13-2	Present ([0003])
2844-92-0	Present ([1366])
28479-22-3	Present ([2717])
28324-52-9	Present (content >56% but <=100%, [1651]); Present (content <=56%, with type A thinner >=44%, [1651])
300-76-5	Present ([0389])
3017-95-6	Present ([1405])
3017-96-7	Present ([1389])
3018-12-0	Present ([0552])
302-01-2	Present (aqueous solution, with <=64% Hydrazine, [1225]); Present (anhydrous, with >64% Hydrazine, [2134])
3006-82-4	Present (content >52% but <=100%, [1976]); Present (content >32% but <=52%, with type B thinner >=48%, [1976]); Present (content <=32%, with type B thinner >=68%, [1976]); Present (content <=52%, with inert solid >=48%, [1976])
3006-86-8	Present (content >80% but <=100%, [0299]); Present (content >52% but <=80%, with type A thinner >=20%, [0299]); Present (content >42% but <=52%, with type A thinner >=48%, [0299]); Present (content <=13%, with type A thinner >=13%, with type B thinner >=74%, [0299]); Present (content <=27%, with type A thinner >=25%, [0299]); Present (content <=42%, with type A thinner >=13% and inert solid >=45%,
301-04-2	Present ([2641])
301-10-0	Present ([2353])
3087-37-4	Present ([2106])
307-35-7	Present ([1722])
30714-78-4	Present ([2114])
3074-71-3	Present ([0440])
309-00-2	Present (content >75%, hypertoxic chemical, [1354])
3090-36-6	Present ([2749])
30685-43-9	Present ([1111])
30525-89-4	Present ([0269])
3054-95-3	Present ([0703])
30586-18-6	Present ([2141])
3012-37-1	Present ([1294])
302-27-2	Present (hypertoxic chemical, [2133])
3025-88-5	Present (content <=82%, [0378])
303-04-8	Present (hypertoxic chemical, [1332])
303-47-9	Present ([2754])
3034-19-3	Present ([2246])
3034-79-5	Present (content <=87%, [0283])
311-45-5	Present (hypertoxic chemical, [0661])
3132-64-7	Present ([2364])
3138-42-9	Present ([0578])
3129-91-7	Present ([0947])
315-18-4	Present ([0405])
31506-32-8	Present ([1142])
3173-53-3	Present ([2722])
3178-22-1	Present ([1986])
3179-56-4	Present (content <=32%, with type B thinner >=68%, [2676]); Present (content <=82%, with water >=12%, [2676])
3179-63-3	Present ([0427])
31876-38-7	Present ([1632])
3188-13-4	Present ([1504])
32178-39-5	Present ([1305])
3209-22-1	Present ([0547])
32315-10-9	Present ([0294])
3165-93-3	Present ([1523])
319-84-6	Present ([1359])
319-85-7	Present ([1360])
3248-28-0	Present (content <=27%, with type B thinner >=73%, [0869])
32534-81-9	Present ([2158])
3254-63-5	Present (hypertoxic chemical, [0385])
32665-23-9	Present ([2738])
3268-49-3	Present ([1280])
32749-94-3	Present ([0469])
327-98-0	Present ([2590])
3270-86-8	Present (hypertoxic chemical, [0675])
3282-30-2	Present ([1815])
329-01-1	Present ([2724])
329-71-5	Present (wetted with >=15% water, [0594])
3313-92-6	Present ([0856])
3324-58-1	Present ([1874])
22288-43-3	Present (content <=100%, [2031])
2431-50-7	Present ([1826])
2439-01-2	Present ([1032])
24448-09-7	Present ([1647])
24342-03-8	Present ([2673])
24353-61-5	Present ([1076])
2425-06-1	Present ([2065])
2426-02-0	Present (with >0.05% Maleic anhydride, [2074])
24279-91-2	Present ([2011])
24748-23-0	Present (content <=42%, with type A thinner >=58%, [1916])
2493-02-9	Present ([2720])
2497-07-6	Present ([0671])
24934-91-6	Present (content >15%, hypertoxic chemical, [0679])
24631-29-6	Present ([0157])
24719-13-9	Present ([1930])
24468-13-1	Present ([1505])
2452-99-5	Present ([0453])
2453-00-1	Present ([0454])
25013-15-4	Present (stabilized, [2668])
25659-29-4	Present ([0203])
25659-31-8	Present ([0205])
2582-30-1	Present ([0022])
2587-90-8	Present ([0397])
2588-03-6	Present ([0681])
2597-93-5	Present ([2441])
260-94-6	Present ([0175])
25496-08-6	Present ([0738])
2550-33-6	Present (content <=100%, [1980])
2551-62-4	Present ([1341])
25620-58-0	Present ([1804])
25637-99-4	Present ([1371])
25639-42-3	Present ([1120])
2571-22-4	Present ([0252])
25641-53-6	Present ([0614])
25324-56-5	Present ([1268])
2545-79-1	Present ([1309])
2549-51-1	Present ([1557])
25512-65-6	Present ([0569])
25513-64-8	Present ([1804])
25550-55-4	Present ([0633])
25550-58-7	Present (dry or wetted with <15% water, [0592]); Present (solution, [0592])
2508-19-2	Present ([1876])
25109-57-3	Present ([0622])
251099-16-8	Present ([1717])
25136-55-4	Present ([0435])
25154-52-3	Present ([1725])
25155-25-3	Present (content >42% but <=100%, with inert solid <=57%, [0902]); Present (content <=42%, with inert solid >=58%, [0902])
2516-33-8	Present ([0935])
25167-93-5	Present ([1547])
25231-46-3	Present (with free Sulphuric acid, [2130])
2524-03-0	Present (hypertoxic chemical, [0463])
2524-04-1	Present ([0695])
2530-26-9	Present ([2254])
25311-71-1	Present ([2589])
2631-37-0	Present ([2686])
2618-77-1	Present (content >82% but <=100%, [0379]); Present (content <=82%, with inert solid >=18%, [0379]); Present (content <=82%, with water >=18%, [0379])
26123-91-1	Present ([1485])
26134-62-3	Present ([0173])
2614-76-8	Present (content <=27%, with inert solid >=73%, [0877])
26322-14-5	Present (content <=100%, [1247]); Present (content <=42%, stable dispersion in water, [1247])
26571-79-9	Present ([1424])
26635-64-3	Present ([2740])
26447-40-5	Present ([0317])
26471-62-5	Present ([1017])
26506-47-8	Present ([1540])
26519-91-5	Present ([1123])
2642-71-9	Present ([0403])
2657-00-3	Present ([2809])
26748-41-4	Present (content >77% but <=100%, [1981]); Present (content <=32%, with type A thinner >=68%, [1981]); Present (content <=42%, stable dispersion in water (frozen), [1981]); Present (content <=52%, stable dispersion in water, [1981]); Present (content <=77%, [1981]); Present (content <=71%, with type A thinner >=29%, [0863])
26748-47-0	Present (content <=52%, stable dispersion in water, [0920]); Present (content <=77%, with type B thinner >=23%, [0920]); Present (content <=87%, with type A thinner >=13%, [0920])
26628-22-8	Present (hypertoxic chemical, [0217])
26747-93-3	Present ([0348])
26762-93-6	Present (content <=72%, with type A thinner >=28%, [2690])
2691-41-0	Present (wetted with >=15% water, [0961]); Present (desensitized, [0961])
2696-92-6	Present ([2503])
27140-08-5	Present ([2522])
27152-57-4	Present (hypertoxic chemical, [2460])
27134-27-6	Present ([0509])
27137-85-5	Present ([0516])
2699-79-8	Present ([1331])
271-89-6	Present ([0052])
28041-84-1	Present ([2480])
27236-46-0	Present ([2712])
2728-04-3	Present ([0694])
27193-28-8	Present ([2347])
27215-10-7	Present ([0715])
2738-18-3	Present ([0383])
27458-20-4	Present ([0225])
2757-18-8	Present ([0116])
2782-57-2	Present ([0562])
27858-07-7	Present ([0045])
2763-96-4	Present ([0026])
27774-13-6	Present ([1330])
2795-39-3	Present ([1719])
28056-59-9	Present (content <=62%, with type A thinner >=19%, [0893])
2809-67-8	Present ([2350])
2820-51-1	Present ([2506])
282727-82-6	Present (paste, content <=52%, [0871])
28300-74-5	Present ([1227])
299-45-6	Present (hypertoxic chemical, [0660])
1931-62-0	Present (content >52%, [0171]); Present (content <=52%, with inert solid >=48%, [0171]); Present (content <=52%, with type A thinner >=48%, [0171]); Present (content <=52%, paste, [0171])
19533-24-5	Present ([2734])
1941-79-3	Present (content <=27%, with inert solid >=73%, [2009])
1942-45-6	Present ([2352])
1943-82-4	Present ([0093])
19750-95-9	Present ([1524])
19624-22-7	Present (hypertoxic chemical, [2177])
19779-06-7	Present ([0989])
1983-10-4	Present ([1754])
1989-53-3	Present ([0482])
19910-65-7	Present (content >52% but <=100%, [0925]); Present (content <=52%, with type B thinner >=48%, [0925])
2028-63-9	Present ([0232])
2031-67-6	Present ([1145])
2032-59-9	Present ([0406])
20324-26-9	Present ([1146])
20325-40-0	Present ([2514])
203574-04-3	Present (content <=52%, with type B thinner >=48%, [1229])
20062-22-0	Present ([1364])
20063-92-7	Present ([1731])
20770-41-6	Present ([1261])
20694-39-7	Present ([2310])
20667-12-3	Present ([2541])
20582-71-2	Present ([1470])
206-44-0	Present ([2742])
2050-92-2	Present ([0721])
2050-60-4	Present ([2577])
20564-21-0	Present ([1297])
2051-62-9	Present ([1471])
2051-78-7	Present ([0233])
2052-49-5	Present ([2019])
2038-72-4	Present ([0012])
2040-95-1	Present ([2764])
2040-96-2	Present ([2756])
2045-00-3	Present ([0011])
22313-62-8	Present (content <=100%, [1975])
22288-41-1	Present (content <=77%, with type A thinner >=23%, [0922])
22224-92-6	Present ([2587])
22259-30-9	Present ([0409])
2238-07-5	Present ([0282])
22397-33-7	Present (content 52-100%, [1345]); Present (content <=52%, with type B thinner >=48%, [1345]); Present (content <=52%, with type A thinner >=48%, [1345])
2235-25-8	Present ([1270])
2237-30-1	Present ([0010])
2275-14-1	Present ([0669])
2275-18-5	Present (content >15%, hypertoxic chemical, [0677])
2338-12-7	Present ([2232])
23383-59-7	Present (content <=77%, with type B thinner >=23%, [0921])
2279-76-7	Present ([1748])
22831-39-6	Present ([0840])
228415-62-1	Present (content <=52%, with type A thinner >=45% and type B thinner >=10%, [0914])
2312-76-7	Present ([0613])
23135-22-0	Present ([1080])
2315-02-8	Present (hypertoxic chemical, [1646])
23255-69-8	Present (hypertoxic chemical, [1248])
23319-66-6	Present (hypertoxic chemical, [1735])
23321-74-6	Present ([0023])
22113-87-7	Present ([2302])
22128-62-7	Present ([1510])
2213-23-2	Present ([0441])
2216-15-1	Present ([2227])
2216-30-0	Present ([0442])
2212-67-1	Present ([1374])
2216-38-8	Present ([1730])
2217-41-6	Present ([2066])
22212-55-1	Present ([0077])
21908-53-2	Present (hypertoxic chemical, [2533])
21923-23-9	Present ([0666])
2198-23-4	Present ([1732])
2155-71-7	Present (paste, content <=52%, [0301]); Present (content >42% but <=52%, with type A thinner >=48%, [0301]); Present (content <=42%, with type A thinner >=58%, [0301])
21609-90-5	Present ([1077])
21723-86-4	Present ([0102, 1489])
21732-17-2	Present ([2096])
2167-23-9	Present (content <=52%, with type A thinner >=48%, [0298])
1679-09-0	Present ([1052])
16721-80-5	Present ([1293])
16747-26-5	Present ([1806])
16752-77-5	Present ([1075])
16774-21-3	Present ([2324])
1678-91-7	Present ([2606])
1678-93-9	Present ([0951])
1678-98-4	Present ([0950])
1663-39-4	Present ([0149])
1663-67-8	Present ([0118])
1666-13-3	Present ([0315])
16712-29-1	Present ([1791])
16713-15-8	Present ([2518])
16066-38-9	Present (content <=100%, [0717]); Present (content <=77%, with type B thinner >=23%, [0717])
16111-62-9	Present (content >77% but <=100%, [0853]); Present (content <=52%, stable dispersion in water (frozen), [0853]); Present (content <=62%, stable dispersion in water, [0853]); Present (content <=77%, with type B thinner >=23%, [0853])
15972-60-8	Present ([0688])
16215-49-9	Present (content <=27%, with type B thinner >=73%, [0720]); Present (content >27% but <=52%, with type B thinner >=48%, [0720]); Present (content <=42%, stable dispersion in water (frozen), [0720])
16454-60-7	Present ([2315])
1638-26-2	Present ([0452])
1640-89-7	Present ([2607])
1656-44-6	Present ([0598])
1656-48-0	Present ([2531])
16580-06-6	Present (content <=52%, with type A thinner >=48%, [0574])
15829-53-5	Present ([2539])
15825-70-4	Present (wetted with >=40% water or Mixture of alcohol and water, [0792])
15879-93-3	Present ([1856])
15901-42-5	Present ([1803])
17109-49-8	Present ([2591])
1712-64-7	Present ([2336])
17125-80-3	Present ([1337])
1705-60-8	Present (content <=42%, with inert solid >=58%, [0288, 2001]); Present (content <=22%, with type B thinner >=78%, [0288, 2001])
1719-53-5	Present ([0691])
17194-00-2	Present ([1666])
1721-93-3	Present ([1162])
17702-41-9	Present (hypertoxic chemical, [0849])
17804-35-2	Present ([2760])
17861-62-0	Present ([2493])
1789-58-8	Present ([2604])
1795-48-8	Present ([2728])
1763-23-1	Present ([1715])
17639-93-9	Present ([1433])
1746-01-6	Present (hypertoxic chemical, [2047])
17462-58-7	Present ([1518])
1738-25-6	Present ([0349])
207122-15-4	Present ([1370])
207122-16-5	Present ([1628])
19398-61-9	Present ([0537])
19287-45-7	Present (hypertoxic chemical, [2626])
1918-16-7	Present ([2687])
1907-13-7	Present (hypertoxic chemical, [2643])
1873-29-6	Present ([2729])
1878-18-8	Present ([1037])
18810-58-7	Present ([0216])
1885-14-9	Present ([1506])
1838-59-1	Present ([1178])
18414-36-3	Present ([0325])
1809-19-4	Present ([2445])
182893-11-4	Present (with <=6.7% active Oxygen, type A thinner >=70%, [0892])
1825-62-3	Present ([1816])
16245-77-5	Present ([1310])
1634-04-4	Present ([1148])
1629-58-9	Present ([2184])
1631-84-1	Present ([0070])
1615-80-1	Present ([0693])
1600-27-7	Present (hypertoxic chemical, [2635])
1609-86-5	Present ([2726])
75935-32-9	"Present (with >0.05% Maleic anhydride, [1252])" As Phthalic anhydride [85-44-9]
63933-47-1	"Present ([1171])" As Methanethiol [74-93-1]
67922-22-9	"Present (This CAS number is listed in the source under the chemical name: 1,2,3,4-Tetrachloronaphthalene, [2053])" As Tetrachloronaphthalene [1335-88-2]
37324-23-5	"Present ([0274])" As 1,1'-Biphenyl, chloro derivatives [1336-36-3]
17056-36-9	"Present ([1220])" As Rubidium [7440-17-7]
1631149-30-8	"Present ([0771])" As Fluoroboric acid [16872-11-0]
83704-43-2	"Present ([0273])" As Polychlorinated dibenzofurans [136677-10-6]
39449-24-6	"Present ([0647])" As 1,4-Dioxane [123-91-1]
15756-15-7	"Present ([0835])" As Mercury [7439-97-6]
23232-50-0	"Present ([2313])" As Nickel(II) nitrate [13138-45-9]
341007-60-1	"Present ([2142])" As Phosphorus pentasulfide [1314-80-3]
26571-04-0	"Present ([0225])" As Butyltoluenes [27458-20-4]
35452-30-3	"Present (with free Sulphuric acid, [2130])" As Alkyl sulfonic acids [RR-02838-6]
26602-93-7	"Present ([2710])" As Isophorone diisocyanate [4098-71-9]
31012-04-1	"Present ([1844])" As Boron trichloride [10294-34-5]
214478-05-4	"Present ([0002])" As Ammonia [7664-41-7]
185464-37-3	"Present (powder, [1377])" As Aluminum [7429-90-5]
378253-02-2	"Present (powder, [2121])" As Antimony [7440-36-0]
44246-22-2	"Present ([2055])" As Titanium tetrachloride [7550-45-0]
25061-02-3	"Present (content >90% but <=100%, [0295]); Present (content >57% but <=90%, with type A thinner >=10%, [0295]); Present (content <=32%, with type A thinner >=26%, with type B thinner >=42%, [0295]); Present (content <=57%, with type A thinner >=43%, [0295]); Present (content <=57%, with inert solid >=43%, [0295]); Present (content <=77%, with type B thinner >=23%, [0295]); Present (content <=90%,
82458-12-6	"Present ([2081])" As Benzene, 1,1'-oxybis-, tetrabromo derivative [40088-47-9];
863596-37-6	"Present ([2106])" As Tetrapropylorthotitanate [3087-37-4]
50356-22-4	"Present ([0362])" As 2,6-Dimethylphenol [576-26-1]
88528-25-0	"Present ([0291])" As Diphenyl oxide 4,4'-disulfohydrazide [80-51-3]
180273-50-1	"Present ([1506])" As Phenyl chloroformate [1885-14-9]
609-46-1	"Present ([0062])" As Phenolsulphonic acid [1333-39-7]
1627498-60-5	"Present ([2193])" As Zinc selenide (ZnSe) [1315-09-9]
50585-39-2	"Present ([0272])" As Polychlorinated dibenzo-p-dioxins [136677-09-3]
83704-31-8	"Present ([0273])" As Polychlorinated dibenzofurans [136677-10-6]
221174-64-7	"Present ([0743])" As Silicate(2-), hexafluoro-, disodium [16893-85-9]
856307-56-7	"Present ([1015])" As Toluene-2,4-diisocyanate [584-84-9]
446254-45-1	"Present ([2081])" As Benzene, 1,1'-oxybis-, tetrabromo derivative [40088-47-9];
67889-00-3	"Present ([0045])" As 1,1'-Biphenyl, ar,ar,ar,ar,ar',ar',ar',ar'-octabromo- [27858-07-7]
59922-49-5	"Present ([1849])" As Antimony trichloride [10025-91-9]
16456-84-1	"Present ([2313])" As Nickel(II) nitrate [13138-45-9]
69098-15-3	"Present ([1473])" As Nickel(II) chloride [7718-54-9]
38783-19-6	"Present (content >42% but <=100%, with inert solid <=57%, [0902]); Present (content <=42%, with inert solid >=58%, [0902])" As Peroxide, [1,3(or 1,4)-phenylenebis(1-methylethylidene)]bis[(1,1-dimethylethyl) [25155-25-3]
16747-28-7	"Present ([1728])" As Nonanes [RR-04090-4]
671195-23-6	"Present ([2236])" As Benzenesulfonyl chloride, 2-nitro- [1694-92-4]
17092-54-5	"Present ([1044])" As 2-Methyl-1-pentanol [105-30-6]
6876-23-9	"Present ([0449])" As 1,2-Dimethylcyclohexane [583-57-3]
71925-15-0	"Present ([0272])" As Polychlorinated dibenzo-p-dioxins [136677-09-3]
81677-18-1	"Present ([0911])" As Sodium percarbonate [15630-89-4]
37353-63-2	"Present ([0274])" As 1,1'-Biphenyl, chloro derivatives [1336-36-3]
638-04-0	"Present ([0450])" As 1,3-Dimethylcyclohexane [591-21-9]
59217-75-3	"Present ([0754])" As Sodium fluoride [7681-49-4]
80217-98-7	"Present (compressed or liquefied, [2528])" As Oxygen [7782-44-7]
53917-99-0	"Present ([1480]); Present (solution, [1480])" As Zinc chloride [7646-85-7]
51452-87-0	"Present ([0276])" As Benzene, 1,1'-oxybis-, bromo derivatives [90193-67-2]
39610-14-5	"Present (stabilized, [2172])" As 1,4-Pentadiene [591-93-5]
15756-29-3	"Present (powder, [2121])" As Antimony [7440-36-0]
71011-12-6	"Present ([0253])" As Alkanes, C10-13, chloro [85535-84-8]
32795-97-4	"Present ([1832])" As Propanoic acid, 2-(2,4,5-trichlorophenoxy)- [93-72-1]
82865-90-5	"Present ([1372])" As Hexabromobiphenyl [36355-01-8]
8005-48-9	"Present ([1262])" As Aluminum phosphide [20859-73-8]
2351150-23-5	"Present (stabilized, [0096])" As Styrene [100-42-5]
1702279-15-9	"Present ([0331])" As Dibutyltin dilaurate [77-58-7]
503-64-0	"Present ([0246])" As Crotonic acid [3724-65-0]
6989-98-6	"Present ([1478])" As Tubocurarine chloride [57-94-3]
3525-31-3	"Present ([2131])" As Lithium alkyls [RR-01350-3]
40186-70-7	"Present ([0274])" As 1,1'-Biphenyl, chloro derivatives [1336-36-3]
63044-26-8	"Present ([2048])" As Tellurium tetrachloride [10026-07-0]
50538-78-8	"Present ([1120])" As Methylcyclohexanols [25639-42-3]
58802-21-4	"Present ([0273])" As Polychlorinated dibenzofurans [136677-10-6]
74472-48-3	"Present ([0274])" As 1,1'-Biphenyl, chloro derivatives [1336-36-3]
67888-99-7	"Present ([1372])" As Hexabromobiphenyl [36355-01-8]
167709-32-2	"Present ([2105])" As Tetraisopropyl titanate [546-68-9]
44209-64-5	"Present ([1125])" As Methanesulfonic acid [75-75-2]
52012-43-8	"Present ([1726])" As Nonylphenol ethoxylates [9016-45-9]
64684-45-3	"Present ([2633])" As Phenylmercuric acetate [62-38-4]
5543-57-7	"Present ([2678])" As Warfarin [81-81-2]
83704-37-4	"Present ([0273])" As Polychlorinated dibenzofurans [136677-10-6]
2923573-55-9	"Present (powder, [1377])" As Aluminum [7429-90-5]
182260-45-3	"Present (powder, [1377])" As Aluminum [7429-90-5]
446254-25-7	"Present ([2081])" As Benzene, 1,1'-oxybis-, tetrabromo derivative [40088-47-9];
70362-46-8	"Present ([0274])" As 1,1'-Biphenyl, chloro derivatives [1336-36-3]
83704-47-6	"Present ([0273])" As Polychlorinated dibenzofurans [136677-10-6]
2141-27-7	"Present ([2581])" As Sodium o-(ethylmercurithio)benzoate [54-64-8]
446254-15-5	"Present ([0276])" As Benzene, 1,1'-oxybis-, bromo derivatives [90193-67-2]
37228-09-4	"Present (with >10% but <=10.7% available Oxygen, type A thinner >=48%, [0891]); Present (with <=10% available Oxygen, type A thinner >=55%, [0891]); Present (with <=8.2% available Oxygen, type A thinner >=60%, [0891])" As Methyl ethyl ketone peroxide [1338-23-4]
15765-38-5	"Present ([2361]); Present (solution with >=3.5% Bromine, [2361])" As Bromine [7726-95-6]
52712-05-7	"Present ([0274])" As 1,1'-Biphenyl, chloro derivatives [1336-36-3]
753-53-7	"Present ([1776])" As Borate(1-), (acetato-O)trifluoro-, hydrogen, (T-4)- [7578-36-1]
54335-17-0	"Present ([0490])" As Dicyclopentadiene [77-73-6]
50935-18-7	"Present (with >=25% water, [2208]); Present (with >=25% Alcohol and <=12.6% Nitrogen, [2208]); Present (with >=25% Alcohol, [2208]); Present (with <=12.6% Nitrogen, [2208]); Present (unmodified, or plasticized, with <18% plasticizing substance, [2208]); Present (solution, with <=12.6% Nitrogen and <=55% Nitrocellulose, [2208]); Present (dry or wetted with <25% water or Alcohol, [2208])" As Nitroc
51847-94-0	"Present ([0211])" As Acetic acid, iodo- [64-69-7]
39384-04-8	"Present ([0709])" As Phosphorodithioic acid, O,O-bis(1-methylethyl) ester [107-56-2]
7412-67-1	"Present ([2131])" As Lithium alkyls [RR-01350-3]
17015-11-1	"Present ([2601])" As 3-Hexanol [623-37-0]
26637-80-9	"Present (content <=72%, with type A thinner >=28%, [2690])" As Diisopropylbenzene hydroperoxide [26762-93-6]
67282-23-9	"Present ([0253])" As Alkanes, C10-13, chloro [85535-84-8]
50585-46-1	"Present ([0272])" As Polychlorinated dibenzo-p-dioxins [136677-09-3]
56-55-3	"Present ([1568])" As Pitch, coal tar, high-temperature [65996-93-2]
33284-54-7	"Present ([0274])" As 1,1'-Biphenyl, chloro derivatives [1336-36-3]
29543-78-0	"Present ([0270])" As Superphosphoric acid [8017-16-1]
16941-26-7	"Present ([0757])" As Ammonium bifluoride [1341-49-7]
446254-32-6	"Present ([2081])" As Benzene, 1,1'-oxybis-, tetrabromo derivative [40088-47-9];
599-00-8	"Present ([1789])" As Trifluoroacetic acid [76-05-1]
15755-35-8	"Present ([1924])" As Arsenic [7440-38-2]
862599-22-2	"Present ([2311])" As Sodium nitrate [7631-99-4]
856316-63-7	"Present ([1773])" As Boron, (ethanamine)trifluoro-, (T-4)- [75-23-0]
85404-23-5	"Present ([2785])" As n-Hexylamine [111-26-2]
594-45-6	"Present (with free Sulphuric acid, [2130])" As Alkyl sulfonic acids [RR-02838-6]
8050-82-6	"Present ([1290])" As Sulfur [7704-34-9]
72931-45-4	"Present ([1585])" As Naphthalene [91-20-3]
74734-16-0	"Present ([1375])" As 1,3,5,7-Tetraazatricyclo[3.3.1.1(3,7)]decane [100-97-0]
678970-17-7	"Present ([1371])" As Cyclododecane, hexabromo- [25637-99-4]
7731-28-4	"Present ([1120])" As Methylcyclohexanols [25639-42-3]
23701-62-4	"Present ([1741])" As Tris(2-methyl-1-aziridinyl)phosphine oxide [57-39-6]
186354-95-0	"Present ([0282])" As Diglycidyl ether [2238-07-5]
188665-61-4	"Present ([1207])" As 1,3-Benzenedicarbonyl dichloride [99-63-8]
197571-85-0	"Present ([1196])" As Benzenediazonium, 4-[(4-methoxyphenyl)amino]-, chloride [101-69-9]
58200-66-1	"Present ([0272])" As Polychlorinated dibenzo-p-dioxins [136677-09-3]
58802-08-7	"Present ([0272])" As Polychlorinated dibenzo-p-dioxins [136677-09-3]
39287-69-9	"Present ([0754])" As Sodium fluoride [7681-49-4]
67053-58-1	"Present ([1726])" As Nonylphenol ethoxylates [9016-45-9]
37245-61-7	"Present ([2169])" As Glutaraldehyde [111-30-8]
19287-88-8	"Present (hypertoxic chemical, [2626])" As Diborane [19287-45-7]
2009382-57-2	"Present ([1926])" As Gallium arsenide [1303-00-0]
446254-24-6	"Present ([2081])" As Benzene, 1,1'-oxybis-, tetrabromo derivative [40088-47-9];
41411-63-6	"Present ([0274])" As 1,1'-Biphenyl, chloro derivatives [1336-36-3]
847968-13-2	"Present (compressed or liquefied, [2561])" As Nitrous oxide [10024-97-2]
80-24-0	"Present (content <=72%, with type A thinner >=28%, [2690])" As Diisopropylbenzene hydroperoxide [26762-93-6]
53801-36-8	"Present (content >42% but <=100%, with inert solid <=57%, [0902]); Present (content <=42%, with inert solid >=58%, [0902])" As Peroxide, [1,3(or 1,4)-phenylenebis(1-methylethylidene)]bis[(1,1-dimethylethyl) [25155-25-3]
74472-46-1	"Present ([0274])" As 1,1'-Biphenyl, chloro derivatives [1336-36-3]
83694-71-7	"Present ([0276])" As Benzene, 1,1'-oxybis-, bromo derivatives [90193-67-2]
33685-54-0	"Present ([2063])" As 1,1,2,2-Tetrachloroethane [79-34-5]
77329-67-0	"Present ([1455])" As Mercurate(1-), (4-carboxylatophenyl)chloro-, hydrogen [59-85-8]
58802-14-5	"Present ([0273])" As Polychlorinated dibenzofurans [136677-10-6]
85404-19-9	"Present ([0098])" As Pyridine [110-86-1]
29183-64-0	"Present ([0199])" As Iodic acid (HIO3), potassium salt [7758-05-6]
161075-53-2	"Present ([1804])" As 1,6-Hexanediamine, 2,2,4(or 2,4,4)-trimethyl- [25513-64-8]
50815-03-7	"Present ([0934])" As Phenothiazin-5-ium, 3,7-diamino-, chloride [581-64-6]
2167-26-2	"Present ([1774])" As Boron trifluoride-diethyl etherate [109-63-7]
74656-63-6	"Present ([1726])" As Nonylphenol ethoxylates [9016-45-9]
189084-66-0	"Present ([2158])" As Benzene, 1,1'-oxybis-, pentabromo derivative [32534-81-9];
32692-78-7	"Present ([1611])" As Boric acid (H3BO3), triethyl ester [150-46-9]
32581-06-9	"Present (dry or wetted with <15% water, [0596])" As Dinitrophenolates [RR-00263-1]
412316-00-8	"Present (powder, [1216])" As Hafnium [7440-58-6]
36642-33-8	"Present ([1809])" As Trimethylchlorosilane [75-77-4]
18972-56-0	"Present ([1336])" As Silicate(2-), hexafluoro-, magnesium (1:1) [16949-65-8]
8013-54-5	"Present ([1852])" As Chloroform [67-66-3]
613-88-7	"Present ([0091])" As Mandelonitrile [532-28-5]
58076-82-7	"Present ([1929])" As Arsenic acid [7778-39-4]
52704-70-8	"Present ([0274])" As 1,1'-Biphenyl, chloro derivatives [1336-36-3]
6131-99-3	"Present ([0468])" As Sodium cacodylate [124-65-2]
28449-96-9	"Present ([0362])" As 2,6-Dimethylphenol [576-26-1]
51207-31-9	"Present ([0273])" As Polychlorinated dibenzofurans [136677-10-6]
77641-59-9	"Present ([1963])" As Asbestos [1332-21-4]
42428-47-7	"Present ([0553])" As Dichloroacetic acid [79-43-6]
4325-51-3	"Present ([0253])" As Alkanes, C10-13, chloro [85535-84-8]
36402-15-0	"Present ([1372])" As Hexabromobiphenyl [36355-01-8]
205657-43-8	"Present ([1135])" As N-Methylmorpholine [109-02-4]
81381-52-4	"Present ([1372])" As Hexabromobiphenyl [36355-01-8]
39373-86-9	"Present ([0405])" As Mexacarbate [315-18-4]
55702-45-9	"Present ([0274])" As 1,1'-Biphenyl, chloro derivatives [1336-36-3]
55720-42-8	"Present (This CAS number is listed in the source under the chemical name: 1,2,3,4-Tetrachloronaphthalene, [2053])" As Tetrachloronaphthalene [1335-88-2]
39413-34-8	"Present ([0743])" As Silicate(2-), hexafluoro-, disodium [16893-85-9]
750564-56-8	"Present ([1915])" As Triethylamine [121-44-8]
65916-89-4	"Present ([0317])" As Benzene, 1,1'-methylenebis[isocyanato- [26447-40-5]
3675-63-6	"Present ([2435])" As Ethyl bromide [74-96-4]
211990-09-9	"Present ([0331])" As Dibutyltin dilaurate [77-58-7]
611-15-4	"Present (stabilized, [2668])" As Vinyltoluenes [25013-15-4]
39453-05-9	"Present ([1726])" As Nonylphenol ethoxylates [9016-45-9]
29879-37-6	"Present ([0932])" As Phosphorus elemental [7723-14-0]
74520-92-6	"Present ([2710])" As Isophorone diisocyanate [4098-71-9]
62086-97-9	"Present ([1311])" As Dimethyl sulfate [77-78-1]
45505-34-8	"Present ([1093])" As 2-Picoline [109-06-8]
378253-42-0	"Present ([2361]); Present (solution with >=3.5% Bromine, [2361])" As Bromine [7726-95-6]
51005-21-1	"Present ([2559])" As Nitrogen monoxide [10102-43-9]
83704-24-9	"Present ([0273])" As Polychlorinated dibenzofurans [136677-10-6]
70227-39-3	"Present ([1441])" As Chloroplatinic acid [16941-12-1]
1826890-06-5	"Present (powder, [1377])" As Aluminum [7429-90-5]
378253-03-3	"Present (powder, [2121])" As Antimony [7440-36-0]
41464-41-9	"Present ([0274])" As 1,1'-Biphenyl, chloro derivatives [1336-36-3]
39289-57-1	"Present ([1726])" As Nonylphenol ethoxylates [9016-45-9]
8052-26-4	"Present (solution, [1649]); Present (anhydrous, [0189])" As Hydriodic acid [10034-85-2]
1620837-33-3	"Present ([2081])" As Benzene, 1,1'-oxybis-, tetrabromo derivative [40088-47-9];
625084-38-0	"Present ([0631])" As 1,3-Dibromopropane [109-64-8]
39227-28-6	"Present ([0272])" As Polychlorinated dibenzo-p-dioxins [136677-09-3]
33966-50-6	"Present ([2801])" As sec-Butylamine [13952-84-6]
446254-28-0	"Present ([2081])" As Benzene, 1,1'-oxybis-, tetrabromo derivative [40088-47-9];
53469-21-9	"Present ([0274])" As 1,1'-Biphenyl, chloro derivatives [1336-36-3]
38380-07-3	"Present ([0274])" As 1,1'-Biphenyl, chloro derivatives [1336-36-3]
462651-43-0	"Present (hypertoxic chemical, [0486])" As Brucine [357-57-3]
2243-95-0	"Present ([1893])" As Trinitronaphthalene [55810-17-8]
4111-89-1	"Present ([2686])" As Promecarb [2631-37-0]
22326-55-2	"Present ([1666])" As Barium hydroxide (Ba(OH)2) [17194-00-2]
446254-33-7	"Present ([2081])" As Benzene, 1,1'-oxybis-, tetrabromo derivative [40088-47-9];
6733-54-6	"Present (This CAS number is listed in the source under the chemical name: 1,2,3,4-Tetrachloronaphthalene, [2053])" As Tetrachloronaphthalene [1335-88-2]
8059-74-3	"Present ([2006])" As Ziram [137-30-4]
74472-33-6	"Present ([0274])" As 1,1'-Biphenyl, chloro derivatives [1336-36-3]
68112-30-1	"Present ([1740])" As Tris(2,3-dibromopropyl) phosphate [126-72-7]
25729-41-3	"Present (compressed or liquefied, [2505])" As Argon [7440-37-1]
7008-81-3	"Present (wetted with >=40% water or Mixture of alcohol and water, [0621])" As Diazodinitrophenol [4682-03-5]
87854-56-6	"Present ([2161])" As Vanadium pentoxide [1314-62-1]
50974-99-7	"Present ([2710])" As Isophorone diisocyanate [4098-71-9]
83704-33-0	"Present ([0273])" As Polychlorinated dibenzofurans [136677-10-6]
41411-64-7	"Present ([0274])" As 1,1'-Biphenyl, chloro derivatives [1336-36-3]
34883-39-1	"Present ([0274])" As 1,1'-Biphenyl, chloro derivatives [1336-36-3]
62488-20-4	"Present ([1304])" As 1,4-Benzenediamine, 2-methyl-, sulfate (1:1) [615-50-9]
205368-25-8	"Present ([0911])" As Sodium percarbonate [15630-89-4]
441352-59-6	"Present ([1726])" As Nonylphenol ethoxylates [9016-45-9]
167140-06-9	"Present ([1726])" As Nonylphenol ethoxylates [9016-45-9]
16393-49-0	"Present (solution, with >10% Ammonia, [0035])" As Ammonium hydroxide [1336-21-6]
33004-03-4	"Present ([2182])" As 1-Pentene [109-67-1]
69234-04-4	"Present ([1271])" As Phosphoric acid, tris(methylphenyl) esters [1330-78-5]
378782-18-4	"Present ([0835])" As Mercury [7439-97-6]
57571-69-4	"Present ([1726])" As Nonylphenol ethoxylates [9016-45-9]
384-22-5	"Present ([2277])" As Nitrobenzotrifluorides [RR-01305-8]
253779-60-1	"Present ([2295])" As Nitric acid, zirconium(4+) salt [13746-89-9]
82291-36-9	"Present ([0272])" As Polychlorinated dibenzo-p-dioxins [136677-09-3]
2923573-53-7	"Present (powder, [1377])" As Aluminum [7429-90-5]
37359-43-6	"Present (hypertoxic chemical, [1071])" As 4,6-Dinitro-o-cresol [534-52-1]
451449-67-5	"Present ([0479])" As Dimethyl ether [115-10-6]
28355-56-8	"Present ([0170])" As Maneb [12427-38-2]
1879054-37-1	"Present ([2190])" As Lead selenide [12069-00-0]
70134-37-1	"Present ([0640])" As Chlorine dioxide [10049-04-4]
2056906-49-9	"Present ([0331])" As Dibutyltin dilaurate [77-58-7]
52438-91-2	"Present ([0561])" As Bis(2-chloro-1-methylethyl) ether [108-60-1]
531524-48-8	"Present ([1281])" As Thioacetic acid [507-09-5]
51778-96-2	"Present ([2076])" As Tetracyanomethylene [670-54-2]
50982-02-0	"Present ([2062])" As Benzenediazonium, 2,5-dibutoxy-4-(4-morpholinyl)-, (T-4)-tetrachlorozincate(2-) (2:1) [14726-58-0]
55396-27-5	"Present ([0867])" As Barium peroxide [1304-29-6]
446254-40-6	"Present ([2081])" As Benzene, 1,1'-oxybis-, tetrabromo derivative [40088-47-9];
623161-88-6	"Present ([2512])" As 3,3'-Diaminobenzidine tetrahydrochloride [7411-49-6]
70206-08-5	"Present ([1463])" As Cadmium chloride [10108-64-2]
168153-19-3	"Present (hypertoxic chemical, [1923])" As Tributylamine [102-82-9]
63493-28-7	"Present ([2807])" As sec-Amylamine [625-30-9]
26023-84-7	"Present ([1441])" As Chloroplatinic acid [16941-12-1]
6627-72-1	"Present ([1232])" As Borneol [507-70-0]
319-86-8	"Present ([1362])" As 1,2,3,4,5,6-Hexachlorocyclohexane [608-73-1]
69102-67-6	"Present ([0804])" As Perchloric acid, lithium salt [7791-03-9]
3651-85-2	"Present ([2105])" As Tetraisopropyl titanate [546-68-9]
165892-23-9	"Present ([0751])" As Potassium fluoride [7789-23-3]
39485-83-1	"Present ([0274])" As 1,1'-Biphenyl, chloro derivatives [1336-36-3]
8031-57-0	"Present (solution, with >5% available Chlorine, [0164])" As Potassium hypochlorite [7778-66-7]
39635-32-0	"Present ([0274])" As 1,1'-Biphenyl, chloro derivatives [1336-36-3]
25551-07-9	"Present ([0062])" As Phenolsulphonic acid [1333-39-7]
1645316-98-8	"Present ([2189])" As Cadmium selenide [1306-24-7]
72214-34-7	"Present ([1017])" As Benzene, 1,3-diisocyanatomethyl- [26471-62-5]
70648-25-8	"Present ([0273])" As Polychlorinated dibenzofurans [136677-10-6]
540770-45-4	"Present (hypertoxic chemical, [2157])" As Iron, pentacarbonyl- [13463-40-6]
24478-73-7	"Present ([0273])" As Polychlorinated dibenzofurans [136677-10-6]
8024-45-1	"Present (anhydrous, [2568])" As Ethyl alcohol [64-17-5]
871-44-3	"Present ([0986])" As 2-Butenedioic acid (E)-, iron(2+) salt (1:1) [141-01-5]
15757-14-9	"Present ([1013])" As Gallium [7440-55-3]
19708-89-5	"Present ([0775])" As Borate(1-), tetrafluoro-, zinc (2:1) [13826-88-5]
60605-43-8	"Present ([1441])" As Chloroplatinic acid [16941-12-1]
8072-21-7	"Present ([0366])" As Dichlorvos [62-73-7]
55819-32-4	"Present ([0366])" As Dichlorvos [62-73-7]
378784-67-9	"Present (compressed or liquefied, [2200])" As Xenon [7440-63-3]
22554-29-6	"Present ([1121])" As Methylcyclohexanones [1331-22-2]
81032-32-8	"Present ([1290])" As Sulfur [7704-34-9]
565-00-4	"Present ([1233])" As Camphene [79-92-5]
69685-10-5	"Present ([1153])" As 2-Methylpentanal [123-15-9]
82998-40-1	"Present ([2492])" As Sodium nitrite [7632-00-0]
189084-60-4	"Present ([0276])" As Benzene, 1,1'-oxybis-, bromo derivatives [90193-67-2]
7617-57-4	"Present ([0633])" As Dinitrosobenzene [25550-55-4]
74091-63-7	"Present ([2710])" As Isophorone diisocyanate [4098-71-9]
489466-64-0	"Present (content <=42%, with type A thinner >=58%, [1916])" As 1,2,4,5,7,8-Hexoxonane, 3,6,9-triethyl-3,6,9-trimethyl- [24748-23-0]
493-01-6	"Present ([1960])" As Decahydronaphthalene [91-17-8]
61763-35-7	"Present ([1231])" As Ethane, 1,2-dichloro-, polymer with ammonia [29320-38-5]
82069-14-5	"Present ([1175])" As Formic acid [64-18-6]
58802-18-9	"Present ([0273])" As Polychlorinated dibenzofurans [136677-10-6]
2386-47-2	"Present (with free Sulphuric acid, [2130])" As Alkyl sulfonic acids [RR-02838-6]
38869-75-9	"Present ([2421])" As Sodium bromate [7789-38-0]
337513-77-6	"Present ([2081])" As Benzene, 1,1'-oxybis-, tetrabromo derivative [40088-47-9];
28165-18-6	"Present ([2534])" As 7-Oxabicyclo[4.1.0]heptane [286-20-4]
16984-48-8	"Present (hypertoxic chemical, [0732])" As Fluorine [7782-41-4]
39349-94-5	"Present ([1825])" As 1,1,2-Trichloro-1,2,2-trifluoroethane [76-13-1]
159104-96-8	"Present ([0090])" As 1H,3H-Benzo[1,2-c:4,5-c']difuran-1,3,5,7-tetrone [89-32-7]
37355-84-3	"Present (solution, content >8%, [0903])" As Hydrogen peroxide [7722-84-1]
37237-15-3	"Present ([1211])" As Alkaline earth metal amalgams [RR-00123-0]
286015-28-9	"Present ([1726])" As Nonylphenol ethoxylates [9016-45-9]
280144-19-6	"Present ([1373])" As Hexamethylene diisocyanate [822-06-0]
26979-64-6	"Present ([1342])" As Tungsten hexafluoride [7783-82-6]
15819-03-1	"Present ([0775])" As Borate(1-), tetrafluoro-, zinc (2:1) [13826-88-5]
856824-67-4	"Present ([2235])" As p-Nitrophenol [100-02-7]
24518-47-6	"Present ([0640])" As Chlorine dioxide [10049-04-4]
163678-43-1	"Present ([1776])" As Borate(1-), (acetato-O)trifluoro-, hydrogen, (T-4)- [7578-36-1]
7439-92-1	"Present ([1631])" As Amalgam lead [RR-14783-1]
2084-19-7	"Present ([2176])" As Amyl mercaptans [RR-01196-1]
7731-29-5	"Present ([1120])" As Methylcyclohexanols [25639-42-3]
29543-82-6	"Present ([0270])" As Superphosphoric acid [8017-16-1]
58802-51-0	"Present ([0272])" As Polychlorinated dibenzo-p-dioxins [136677-09-3]
75714-55-5	"Present (compressed or liquefied, [2505])" As Argon [7440-37-1]
8054-98-6	"Present ([0284])" As Hexachlorophene [70-30-4]
39403-80-0	"Present ([2803])" As 2-sec-Butyl-4,6-dinitrophenol [88-85-7]
3314-49-6	"Present ([2131])" As Lithium alkyls [RR-01350-3]
1665-00-5	"Present ([0541])" As Methylene chloride [75-09-2]
79215-57-9	"Present ([2169])" As Glutaraldehyde [111-30-8]
25323-68-6	"Present ([0274])" As 1,1'-Biphenyl, chloro derivatives [1336-36-3]
62534-34-3	"Present (content >90% but <=100%, [0295]); Present (content >57% but <=90%, with type A thinner >=10%, [0295]); Present (content <=32%, with type A thinner >=26%, with type B thinner >=42%, [0295]); Present (content <=57%, with type A thinner >=43%, [0295]); Present (content <=57%, with inert solid >=43%, [0295]); Present (content <=77%, with type B thinner >=23%, [0295]); Present (content <=90%,
55870-88-7	"Present ([2006])" As Ziram [137-30-4]
84420-28-0	"Present ([0067])" As N-Phenyl-.beta.-naphthylamine [135-88-6]
8057-70-3	"Present (content >4%, hypertoxic chemical, [0662])" As Parathion [56-38-2]
162264-71-3	"Present (solid, [1379]); Present (solution, [1379])" As Sodium aluminate (NaAlO2) [1302-42-7]
77271-60-4	"Present ([1726])" As Nonylphenol ethoxylates [9016-45-9]
52663-78-2	"Present ([0274])" As 1,1'-Biphenyl, chloro derivatives [1336-36-3]
40581-94-0	"Present ([0272])" As Polychlorinated dibenzo-p-dioxins [136677-09-3]
6688-91-1	"Present (stabilized, [0117])" As 1,2-Propadiene [463-49-0]
575502-02-2	"Present (hypertoxic chemical, [0217])" As Sodium azide [26628-22-8]
43047-99-0	"Present ([0273])" As Polychlorinated dibenzofurans [136677-10-6]
53125-17-0	"Present ([1726])" As Nonylphenol ethoxylates [9016-45-9]
69073-38-7	"Present ([2124])" As Terpinolene [586-62-9]
261178-83-0	"Present (content <=52%, with inert solid >=48%, [0376, 0380]); Present (content >52% but <=86%, with type A thinner >=14%, [0376, 0380]); Present (content >86% but <=100%, [0376, 0380])" As 2,5-Dimethyl-2,5-di(tert-butylperoxy)hexyne-3 [1068-27-5]
39357-86-3	"Present ([1778])" As Antimony trifluoride [7783-56-4]
87-60-5	"Present ([1501])" As Chlorotoluidines [53906-68-6]
195068-68-9	"Present ([2107])" As Calcium carbide [75-20-7]
721942-42-3	"Present ([2241])" As 4-Nitroanisole [100-17-4]
35648-75-0	"Present ([2323])" As Cerium nitrate [10108-73-3]
8000-97-3	"Present (content >3%, hypertoxic chemical, [0658])" As Demeton [8065-48-3]
8011-93-6	"Present (desensitized, [2545])" As Mercuric oxycyanide [1335-31-5]
856616-83-6	"Present ([2472])" As Selenious acid, calcium salt (1:1) [13780-18-2]
29882-57-3	"Present ([1543])" As n-Amyl chloride [543-59-9]
53663-55-1	"Present ([1726])" As Nonylphenol ethoxylates [9016-45-9]
7481-68-7	"Present ([2016])" As Mitomycin-C [50-07-7]
77342-18-8	"Present ([1271])" As Phosphoric acid, tris(methylphenyl) esters [1330-78-5]
8022-04-6	"Present ([0044])" As Toxaphene [8001-35-2]
52663-76-0	"Present ([0274])" As 1,1'-Biphenyl, chloro derivatives [1336-36-3]
5873-54-1	"Present ([0317])" As Benzene, 1,1'-methylenebis[isocyanato- [26447-40-5]
778604-05-0	"Present ([1232])" As Borneol [507-70-0]
344328-67-2	"Present (hypertoxic chemical, [1723])" As Trichloromethanesulphenyl chloride [594-42-3]
15892-23-6	"Present ([0219])" As 2-Butanol [78-92-2]
7134-04-5	"Present (with free Sulphuric acid, [2130])" As Aryl sulphonic acid [RR-14924-6]
4157-35-1	"Present (hypertoxic chemical, [2003])" As Phosacetim [4104-14-7]
85404-17-7	"Present (anhydrous, [2550]); Present (solution, [2550])" As Methylamine [74-89-5]
32598-14-4	"Present ([0274])" As 1,1'-Biphenyl, chloro derivatives [1336-36-3]
32536-52-0	"Present ([0276])" As Benzene, 1,1'-oxybis-, bromo derivatives [90193-67-2]
446254-29-1	"Present ([2081])" As Benzene, 1,1'-oxybis-, tetrabromo derivative [40088-47-9];
52663-64-6	"Present ([0274])" As 1,1'-Biphenyl, chloro derivatives [1336-36-3]
51594-55-9	"Present ([1391])" As Epichlorohydrin [106-89-8]
17427-62-2	"Present ([2808])" As 1-Naphthalenesulfonic acid, 3-diazo-3,4-dihydro-4-oxo-, sodium salt [64173-96-2]
8012-01-9	"Present ([1669]); Present (solution, content >=30%, [1669])" As Sodium hydroxide [1310-73-2]
70074-94-1	"Present ([2450])" As Sulfurous acid [7782-99-2]
3074-75-7	"Present ([1728])" As Nonanes [RR-04090-4]
38444-86-9	"Present ([0274])" As 1,1'-Biphenyl, chloro derivatives [1336-36-3]
23068-71-5	"Present ([1120])" As Methylcyclohexanols [25639-42-3]
69098-14-2	"Present ([1465])" As Cobalt chloride (CoCl2) [7646-79-9]
675120-38-4	"Present ([2086])" As Tetraethylenepentamine [112-57-2]
27359-92-8	"Present ([0270])" As Superphosphoric acid [8017-16-1]
39392-83-1	"Present ([1726])" As Nonylphenol ethoxylates [9016-45-9]
16747-25-4	"Present ([1728])" As Nonanes [RR-04090-4]
55312-69-1	"Present ([0274])" As 1,1'-Biphenyl, chloro derivatives [1336-36-3]
76842-07-4	"Present ([0274])" As 1,1'-Biphenyl, chloro derivatives [1336-36-3]
17409-87-9	"Present ([0753])" As Lithium fluoride [7789-24-4]
8007-30-5	"Present (solution, content >8%, [0903])" As Hydrogen peroxide [7722-84-1]
15816-85-0	"Present (suspended in kerosene, [1217])" As Lanthanum [7439-91-0]
7149-75-9	"Present ([1501])" As Chlorotoluidines [53906-68-6]
5543-56-6	"Present ([2678])" As Warfarin [81-81-2]
184892-22-6	"Present ([2161])" As Vanadium pentoxide [1314-62-1]
16033-71-9	"Present ([0979])" As Propylene oxide [75-56-9]
25640-88-4	"Present ([1726])" As Nonylphenol ethoxylates [9016-45-9]
166941-59-9	"Present (stabilized, [0145])" As Acrylic acid [79-10-7]
436859-78-8	"Present ([0981])" As Ethylene oxide [75-21-8]
34816-53-0	"Present ([0272])" As Polychlorinated dibenzo-p-dioxins [136677-09-3]
2876-06-4	"Present (anhydrous, [0354]); Present (solution, [0354])" As Dimethylamine [124-40-3]
56875-27-5	"Present ([2076])" As Tetracyanomethylene [670-54-2]
204975-24-6	"Present ([2061])" As Tetrachlorophthalic anhydride [117-08-8]
215303-13-2	"Present ([0744])" As Ammonium fluoride [12125-01-8]
61891-42-7	"Present (stabilized, [2650])" As Vinyl acetate [108-05-4]
50772-03-7	"Present ([1485])" As Benzenediazonium, 2,5-diethoxy-4-(4-morpholinyl)-, trichlorozincate(1-) [26123-91-1]
6780-13-8	"Present ([2572])" As Ethylenediamine [107-15-3]
73640-07-0	"Present ([0763])" As Zinc fluoride [7783-49-5]
52037-47-5	"Present ([1029])" As Cresol, all isomers [1319-77-3]
42240-20-0	"Present (wetted with >=20% water or Mixture of alcohol and water, [1239])" As Mercury fulminate [628-86-4]
55248-03-8	"Present ([0895])" As Lithium peroxide [12031-80-0]
859759-62-9	"Present ([1953])" As 1-Dodecanethiol [112-55-0]
1603-99-2	"Present ([1014])" As Toluene [108-88-3]
7787-54-4	"Present ([1320])" As Beryllium potassium sulfate [53684-48-3]
446254-37-1	"Present ([2081])" As Benzene, 1,1'-oxybis-, tetrabromo derivative [40088-47-9];
62010-27-9	"Present ([1719])" As 1-Octanesulfonic acid, 1,1,2,2,3,3,4,4,5,5,6,6,7,7,8,8,8-heptadecafluoro-, potassium salt [2795-39-3]
43031-21-6	"Present (aqueous solution, with 50-70% Ethylamine, [2565]); Present ([2565])" As Ethylamine [75-04-7]
83704-53-4	"Present ([0273])" As Polychlorinated dibenzofurans [136677-10-6]
303040-91-7	"Present ([1104])" As N,N-Dimethylaminoethyl methacrylate [2867-47-2]
67922-21-8	"Present (This CAS number is listed in the source under the chemical name: 1,2,3,4-Tetrachloronaphthalene, [2053])" As Tetrachloronaphthalene [1335-88-2]
2050-68-2	"Present ([0274])" As 1,1'-Biphenyl, chloro derivatives [1336-36-3]
68720-49-0	"Present ([2450])" As Sulfurous acid [7782-99-2]
66758-31-4	"Present ([0365])" As Trichlorfon [52-68-6]
4367-08-2	"Present ([1695])" As Cupric cyanide [14763-77-0]
62534-71-8	"Present (content >52% but <=100%, [0573]); Present (content <=52%, with type B thinner >=48%, [0573])" As Di-tert-butyl peroxide [110-05-4]
26637-95-6	"Present ([2534])" As 7-Oxabicyclo[4.1.0]heptane [286-20-4]
26912-33-4	"Present ([0967])" As Cyclopentadiene [542-92-7]
157973-60-9	"Present ([0942])" As Cyclohexylamine [108-91-8]
61789-59-1	"Present ([2100])" As Pine oil [8002-09-3]
195382-13-9	"Present ([2105])" As Tetraisopropyl titanate [546-68-9]
2091900-73-9	"Present ([1726])" As Nonylphenol ethoxylates [9016-45-9]
38869-74-8	"Present ([1535]); Present (solution, [1535])" As Sodium chlorate [7775-09-9]
2417-93-8	"Present ([2131])" As Lithium alkyls [RR-01350-3]
26192-61-0	"Present ([2486])" As Nitrosylsulfuric acid [7782-78-7]
69782-90-7	"Present ([0274])" As 1,1'-Biphenyl, chloro derivatives [1336-36-3]
61976-87-2	"Present ([0888])" As Calcium peroxide (Ca(O2)) [1305-79-9]
53851-19-7	"Present ([2559])" As Nitrogen monoxide [10102-43-9]
65762-25-6	"Present ([1382])" As 1-Chloro-1,1-difluoroethane [75-68-3]
7069-38-7	"Present ([0524])" As 1-Propene, 1,2-dichloro- [563-54-2]
52712-04-6	"Present ([0274])" As 1,1'-Biphenyl, chloro derivatives [1336-36-3]
205577-03-3	"Present ([1726])" As Nonylphenol ethoxylates [9016-45-9]
54682-86-9	"Present ([0049]); Present ([0167], listed under Crude benzene); Present ([2825], listed under Heavy benzene)" As Benzene [71-43-2]
69433-00-7	"Present ([0273])" As Polychlorinated dibenzofurans [136677-10-6]
56481-79-9	"Present ([0945])" As 1,4-Cyclohexadiene [628-41-1]
85874-44-8	"Present ([2323])" As Cerium nitrate [10108-73-3]
41113-59-1	"Present ([0773])" As Cadmium fluoborate [14486-19-2]
57993-76-7	"Present ([2333])" As Zirconyl nitrate [13826-66-9]
57158-05-1	"Present ([2264])" As 2-Nitrotoluene [88-72-2]
8031-27-4	"Present ([0835])" As Mercury [7439-97-6]
20394-23-4	"Present ([2291])" As Nitric acid, bismuth(3+) salt [10361-44-1]
15749-33-4	"Present (powder, dry, [1223]); Present (powder, wetted with >=25% water, particle size <53 micron if produced by mechanical method, and particle size <840 micron if produced by chemical method, [1223])" As Titanium [7440-32-6]
627-20-3	"Present ([2183])" As 2-Pentene [109-68-2]
60322-59-0	"Present ([1441])" As Chloroplatinic acid [16941-12-1]
728010-31-9	"Present ([1507])" As Benzyl chloroformate [501-53-1]
6609-93-4	"Present ([2300])" As Guanidine mononitrate [506-93-4]
38869-76-0	"Present ([2421])" As Sodium bromate [7789-38-0]
558443-52-0	"Present ([0002])" As Ammonia [7664-41-7]
8065-64-3	"Present ([1846])" As Ethyl aluminum sesquichloride [12075-68-2]
67797-09-5	"Present ([0276])" As Benzene, 1,1'-oxybis-, bromo derivatives [90193-67-2]
778611-86-2	"Present ([2086])" As Tetraethylenepentamine [112-57-2]
446255-46-5	"Present ([0276])" As Benzene, 1,1'-oxybis-, bromo derivatives [90193-67-2]
1621997-91-8	"Present (powder, [1377])" As Aluminum [7429-90-5]
45505-67-7	"Present ([0015])" As 2-Aminopyridine [504-29-0]
3944-72-7	"Present (with free Sulphuric acid, [2130])" As Alkyl sulfonic acids [RR-02838-6]
4630-76-6	"Present ([0382])" As Cycloheximide [66-81-9]
310402-17-6	"Present ([0840])" As Magnesium silicide (Mg2Si) [22831-39-6]
446255-56-7	"Present ([0276])" As Benzene, 1,1'-oxybis-, bromo derivatives [90193-67-2]
64126-85-8	"Present ([0273])" As Polychlorinated dibenzofurans [136677-10-6]
177646-11-6	"Present ([0003])" As Isophorone diamine [2855-13-2]
68224-31-7	"Present ([1104])" As N,N-Dimethylaminoethyl methacrylate [2867-47-2]
16789-46-1	"Present ([1728])" As Nonanes [RR-04090-4]
39394-16-6	"Present ([2301])" As Gallium(III) nitrate [13494-90-1]
56591-09-4	"Present ([1290])" As Sulfur [7704-34-9]
20437-97-2	"Present ([1359])" As .alpha.-Hexachlorocyclohexane [319-84-6]
8012-64-4	"Present ([1227])" As Antimony potassium tartrate trihydrate [28300-74-5]
54511-12-5	"Present ([0668])" As Quinalphos [13593-03-8]
334497-44-8	"Present ([2104])" As Ethanol, titanium(4+) salt [3087-36-3]
357290-87-0	"Present ([0744])" As Ammonium fluoride [12125-01-8]
20820-45-5	"Present (wetted with >=20% water or Mixture of alcohol and water, [1239])" As Mercury fulminate [628-86-4]
189084-64-8	"Present ([2158])" As Benzene, 1,1'-oxybis-, pentabromo derivative [32534-81-9];
18708-87-7	"Present (content >20%, hypertoxic chemical, [0665])" As Chlorfenvinphos [470-90-6]
2939-80-2	"Present ([2065])" As Captafol [2425-06-1]
26979-63-5	"Present ([1342])" As Tungsten hexafluoride [7783-82-6]
34624-53-8	"Present (content >3%, hypertoxic chemical, [0658])" As Demeton [8065-48-3]
854880-15-2	"Present ([1602])" As Piperazine [110-85-0]
63936-56-1	"Present ([0276])" As Benzene, 1,1'-oxybis-, bromo derivatives [90193-67-2]
349608-51-1	"Present (powder, [1377])" As Aluminum [7429-90-5]
1679-08-9	"Present ([2176])" As Amyl mercaptans [RR-01196-1]
18259-05-7	"Present ([0274])" As 1,1'-Biphenyl, chloro derivatives [1336-36-3]
81546-15-8	"Present ([1602])" As Piperazine [110-85-0]
15751-81-2	"Present (compressed or liquefied, [2200])" As Xenon [7440-63-3]
27610-45-3	"Present ([1288])" As Sodium sulfide [1313-82-2]
6101-15-1	"Present ([1466])" As Ethanaminium, 2,2'-[(1,4-dioxo-1,4-butanediyl)bis(oxy)]bis[N,N,N-trimethyl-, dichloride [71-27-2]
54650-95-2	"Present (with >=60% Lactose, Starch or Phosphates, [2732])" As Isosorbide dinitrate mixture [87-33-2]
51837-98-0	"Present ([0643])" As Carbon dioxide and ethylene oxide mixtures [8070-50-6]
376647-33-5	"Present ([1726])" As Nonylphenol ethoxylates [9016-45-9]
71998-74-8	"Present ([0273])" As Polychlorinated dibenzofurans [136677-10-6]
16747-32-3	"Present ([1728])" As Nonanes [RR-04090-4]
74434-41-6	"Present ([1726])" As Nonylphenol ethoxylates [9016-45-9]
71928-15-9	"Present (compressed or liquefied, [1584])" As Neon [7440-01-9]
7688-21-3	"Present ([1007])" As 2-Hexene (mixed cis- and trans- isomers) [592-43-8]
161403-69-6	"Present ([0758])" As Potassium fluoride (K(HF2)) [7789-29-9]
801997-18-2	"Present ([1908])" As Triethylenetetramine [112-24-3]
37317-26-3	"Present (paste, content 52%, [0050])" As 1,3-Benzenedisulfonic acid, dihydrazide [4547-70-0]
64975-44-6	"Present ([1661])" As Sodium hydride [7646-69-7]
87748-70-7	"Present ([1804])" As 1,6-Hexanediamine, 2,2,4(or 2,4,4)-trimethyl- [25513-64-8]
61279-76-3	"Present ([2537])" As Beryllium oxide [1304-56-9]
64560-15-2	"Present ([0273])" As Polychlorinated dibenzofurans [136677-10-6]
8006-62-0	"Present ([1029])" As Cresol, all isomers [1319-77-3]
874217-11-5	"Present ([1104])" As N,N-Dimethylaminoethyl methacrylate [2867-47-2]
27121-04-6	"Present ([1618])" As Sodium metasilicate [6834-92-0]
2015955-51-6	"Present (stabilized, [0096])" As Styrene [100-42-5]
8073-10-7	"Present ([0480])" As Cacodylic acid [75-60-5]
71954-29-5	"Present ([0003])" As Isophorone diamine [2855-13-2]
175876-44-5	"Present (compressed or liquefied, [2561])" As Nitrous oxide [10024-97-2]
72007-34-2	"Present ([0270])" As Superphosphoric acid [8017-16-1]
378253-38-4	"Present ([0047])" As Barium [7440-39-3]
64126-86-9	"Present ([0273])" As Polychlorinated dibenzofurans [136677-10-6]
38411-25-5	"Present ([0274])" As 1,1'-Biphenyl, chloro derivatives [1336-36-3]
72901-38-3	"Present ([1614])" As Ammonium vanadate [7803-55-6]
503842-49-7	"Present (hypertoxic chemical, [1513])" As Ethyl chloroformate [541-41-3]
243464-31-5	"Present (content >5%, hypertoxic chemical, [0367])" As Mevinphos [7786-34-7]
35822-46-9	"Present ([0272])" As Polychlorinated dibenzo-p-dioxins [136677-09-3]
82911-61-3	"Present ([0273])" As Polychlorinated dibenzofurans [136677-10-6]
55927-87-2	"Present (stabilized, [0145])" As Acrylic acid [79-10-7]
19488-81-4	"Present ([2006])" As Ziram [137-30-4]
8057-25-8	"Present ([2827])" As Melphalan [148-82-3]
6108-10-7	"Present ([1362])" As 1,2,3,4,5,6-Hexachlorocyclohexane [608-73-1]
2294935-60-5	"Present ([1926])" As Gallium arsenide [1303-00-0]
8012-19-9	"Present ([0108])" As Isobornyl thiocyanoacetate [115-31-1]
77658-17-4	"Present ([1992])" As tert-Octylamine [107-45-9]
30556-15-1	"Present ([0715])" As Diisooctyl acid phosphate [27215-10-7]
19306-59-3	"Present ([1772])" As Boron trifluoride compound with methyl ether [353-42-4]
86977-44-8	"Present ([0234])" As Butyric anhydride [106-31-0]
326604-75-5	"Present (solution, [1650], listed under Hydrofluoric acid); Present (anhydrous, [0756])" As Hydrogen fluoride [7664-39-3]
59182-86-4	"Present (hypertoxic chemical, [0138])" As Acetone cyanohydrin [75-86-5]
75481-08-2	"Present ([2450])" As Sulfurous acid [7782-99-2]
69698-60-8	"Present ([0273])" As Polychlorinated dibenzofurans [136677-10-6]
695161-38-7	"Present ([2189])" As Cadmium selenide [1306-24-7]
20283-21-0	"Present (with free Sulphuric acid, [2130])" As Alkyl sulfonic acids [RR-02838-6]
72901-41-8	"Present ([1614])" As Ammonium vanadate [7803-55-6]
6780-10-5	"Present ([1227])" As Antimony potassium tartrate trihydrate [28300-74-5]
88-20-0	"Present (with free Sulphuric acid, [2130])" As Toluenesulfonic acid, all isomers [25231-46-3];
52663-72-6	"Present ([0274])" As 1,1'-Biphenyl, chloro derivatives [1336-36-3]
28499-39-0	"Present ([0799])" As Ammonium perchlorate [7790-98-9]
85306-26-9	"Present (stabilized, [2650])" As Vinyl acetate [108-05-4]
24965-94-4	"Present ([1120])" As Methylcyclohexanols [25639-42-3]
83704-32-9	"Present ([0273])" As Polychlorinated dibenzofurans [136677-10-6]
406215-31-4	"Present ([1721])" As Ethanaminium, N,N,N-triethyl-, salt with 1,1,2,2,3,3,4,4,5,5,6,6,7,7,8,8,8-heptadecafluoro-1-octanesulfonic acid (1:1) [56773-42-3]
64560-13-0	"Present ([0273])" As Polychlorinated dibenzofurans [136677-10-6]
37276-15-6	"Present ([2188])" As Selenium [7782-49-2]
57308-02-8	"Present ([1726])" As Nonylphenol ethoxylates [9016-45-9]
31604-28-1	"Present (This CAS number is listed in the source under the chemical name: 1,2,3,4-Tetrachloronaphthalene, [2053])" As Tetrachloronaphthalene [1335-88-2]
678970-16-6	"Present ([1371])" As Cyclododecane, hexabromo- [25637-99-4]
378751-48-5	"Present (powder, [1216])" As Hafnium [7440-58-6]
32474-89-8	"Present ([0709])" As Phosphorodithioic acid, O,O-bis(1-methylethyl) ester [107-56-2]
71925-16-1	"Present ([0272])" As Polychlorinated dibenzo-p-dioxins [136677-09-3]
63044-22-4	"Present ([2048])" As Tellurium tetrachloride [10026-07-0]
22581-63-1	"Present ([0630])" As 1,2-Dibromoethane [106-93-4]
309242-71-5	"Present ([2189])" As Cadmium selenide [1306-24-7]
441352-56-3	"Present ([1726])" As Nonylphenol ethoxylates [9016-45-9]
353274-56-3	"Present (with >=25% water, [2208]); Present (with >=25% Alcohol and <=12.6% Nitrogen, [2208]); Present (with >=25% Alcohol, [2208]); Present (with <=12.6% Nitrogen, [2208]); Present (unmodified, or plasticized, with <18% plasticizing substance, [2208]); Present (solution, with <=12.6% Nitrogen and <=55% Nitrocellulose, [2208]); Present (dry or wetted with <25% water or Alcohol, [2208])" As Nitroc
51908-16-8	"Present ([0274])" As 1,1'-Biphenyl, chloro derivatives [1336-36-3]
65098-86-4	"Present ([1599])" As Diazenedicarboxamide [123-77-3]
56172-56-6	"Present ([0163]); Present ([1621], listed under Bleaching powder); Present (with >39% available Chlorine, [1622], listed under Bleaching powder concentrate)" As Calcium hypochlorite [7778-54-3]
232259-02-8	"Present (content <=43%, with >=5% water, >=35% Acetic acid, <=6% Hydrogen peroxide, containing stabilizer, [0926]); Present (content <=16%, with >=39% water, >=15% Acetic acid, <=24% Hydrogen peroxide, containing stabilizer, [0926])" As Peroxyacetic acid [79-21-0]
55957-14-7	"Present ([1941])" As Disodium hydrogen arsenate [7778-43-0]
80748-81-8	"Present ([1600])" As Propanenitrile, 2,2'-azobis[2-methyl- [78-67-1]
7784-40-9	"Present ([1939])" As Lead arsenate, unspecified [7645-25-2]
74913-43-2	"Present ([0805])" As Magnesium perchlorate [10034-81-8]
42492-95-5	"Present (hypertoxic chemical, [1637])" As Lactonitrile [78-97-7]
39302-71-1	"Present (powder, [1377])" As Aluminum [7429-90-5]
38444-87-0	"Present ([0274])" As 1,1'-Biphenyl, chloro derivatives [1336-36-3]
68961-31-9	"Present ([1629])" As Heptachlor [76-44-8]
51682-74-7	"Present ([2190])" As Lead selenide [12069-00-0]
52427-13-1	"Present ([1725])" As Nonylphenols [25154-52-3];
74472-42-7	"Present ([0274])" As 1,1'-Biphenyl, chloro derivatives [1336-36-3]
477951-22-7	"Present (powder, [1377])" As Aluminum [7429-90-5]
88542-81-8	"Present ([1566])" As Morpholine [110-91-8]
71563-86-5	"Present ([1711])" As 2-Thiolactic acid [79-42-5]
67028-17-5	"Present ([0272])" As Polychlorinated dibenzo-p-dioxins [136677-09-3]
55870-89-8	"Present ([0108])" As Isobornyl thiocyanoacetate [115-31-1]
29033-29-2	"Present ([1017])" As Benzene, 1,3-diisocyanatomethyl- [26471-62-5]
62024-16-2	"Present ([2813])" As Diazomethane [334-88-3]
407606-57-9	"Present ([0276])" As Benzene, 1,1'-oxybis-, bromo derivatives [90193-67-2]
26139-25-3	"Present ([0796]); Present ([1616], listed under Potassium meta-periodate)" As Potassium periodate [7790-21-8]
38411-22-2	"Present ([0274])" As 1,1'-Biphenyl, chloro derivatives [1336-36-3]
72974-14-2	"Present (anhydrous, [1339])" As Hexafluorophosphoric acid [16940-81-1]
28077-97-6	"Present (hypertoxic chemical, [0732])" As Fluorine [7782-41-4]
845752-15-0	"Present (in Acetic anhydride, solution, [0801]); Present (content 50-72%, [0798]); Present (content >72%, [0798]); Present (content <=50%, [0798])" As Perchloric acid [7601-90-3]
80937-33-3	"Present (compressed or liquefied, [2528])" As Oxygen [7782-44-7]
885623-91-6	"Present ([0804])" As Perchloric acid, lithium salt [7791-03-9]
17427-63-3	"Present ([2809])" As 1-Naphthalenesulfonic acid, 6-diazo-5,6-dihydro-5-oxo-, sodium salt [2657-00-3]
18708-86-6	"Present (content >20%, hypertoxic chemical, [0665])" As Chlorfenvinphos [470-90-6]
87701-65-3	"Present ([2662])" As Ethylene [74-85-1]
19154-63-3	"Present ([2331])" As Zinc nitrate [7779-88-6]
68081-86-7	"Present ([1725])" As Nonylphenols [25154-52-3]
8002-07-1	"Present ([0060]); Present (solution, [0060])" As Phenol [108-95-2]
261780-86-3	"Present ([2107])" As Calcium carbide [75-20-7]
56645-31-9	"Present ([2004])" As Thiram [137-26-8]
7791-13-1	"Present ([1465])" As Cobalt chloride (CoCl2) [7646-79-9]
70357-15-2	"Present ([2707])" As Isobutane [75-28-5]
74472-34-7	"Present ([0274])" As 1,1'-Biphenyl, chloro derivatives [1336-36-3]
68194-06-9	"Present ([0274])" As 1,1'-Biphenyl, chloro derivatives [1336-36-3]
50336-56-6	"Present ([2105])" As Tetraisopropyl titanate [546-68-9]
30905-38-5	"Present (non-pyrophoric, [0817])" As Cadmium [7440-43-9]
69698-57-3	"Present ([0273])" As Polychlorinated dibenzofurans [136677-10-6]
23100-81-4	"Present ([2540])" As Thallium oxide (Tl2O) [1314-12-1]
73666-77-0	"Present ([2552])" As Chlorodifluoromethane [75-45-6]
33296-61-6	"Present (content >42% but <=100%, with inert solid <=57%, [0902]); Present (content <=42%, with inert solid >=58%, [0902])" As Peroxide, [1,3(or 1,4)-phenylenebis(1-methylethylidene)]bis[(1,1-dimethylethyl) [25155-25-3]
60649-57-2	"Present (with >=25% water, [2208]); Present (with >=25% Alcohol and <=12.6% Nitrogen, [2208]); Present (with >=25% Alcohol, [2208]); Present (with <=12.6% Nitrogen, [2208]); Present (unmodified, or plasticized, with <18% plasticizing substance, [2208]); Present (solution, with <=12.6% Nitrogen and <=55% Nitrocellulose, [2208]); Present (dry or wetted with <25% water or Alcohol, [2208])" As Nitroc
8014-92-4	"Present ([1618])" As Sodium metasilicate [6834-92-0]
80333-65-9	"Present ([0274])" As 1,1'-Biphenyl, chloro derivatives [1336-36-3]
1664-98-8	"Present (solution, [1173])" As Formaldehyde [50-00-0]
39393-36-7	"Present ([1726])" As Nonylphenol ethoxylates [9016-45-9]
82005-10-5	"Present ([2599])" As Pyridine, 4-ethyl- [536-75-4]
39448-57-2	"Present ([1494])" As Mercury chloride (Hg2Cl2) [10112-91-1]
6140-87-0	"Present (with free Sulphuric acid, [2130])" As Alkyl sulfonic acids [RR-02838-6]
15755-18-7	"Present (powder, [2121])" As Antimony [7440-36-0]
40581-93-9	"Present ([0272])" As Polychlorinated dibenzo-p-dioxins [136677-09-3]
60233-25-2	"Present ([0274])" As 1,1'-Biphenyl, chloro derivatives [1336-36-3]
24688-67-3	"Present ([1855])" As Benzenediazonium, 4-(dimethylamino)-, trichlorozincate(1-) [6087-56-5]
2096976-67-7	"Present ([1726])" As Nonylphenol ethoxylates [9016-45-9]
27177-05-5	"Present ([1726])" As Nonylphenol ethoxylates [9016-45-9]
28136-10-9	"Present ([1726])" As Nonylphenol ethoxylates [9016-45-9]
20008-07-5	"Present ([1394])" As 1-Chloro-2-propanol [127-00-4]
27176-97-2	"Present ([1726])" As Nonylphenol ethoxylates [9016-45-9]
29725-17-5	"Present ([0270])" As Superphosphoric acid [8017-16-1]
159172-35-7	"Present (stabilized, [1110])" As Butyl methacrylate [97-88-1]
78989-43-2	"Present ([2285])" As Nitric acid [7697-37-2]
66085-60-7	"Present ([2450])" As Sulfurous acid [7782-99-2]
77890-80-3	"Present (stabilized, [0489])" As Acrolein dimer [100-73-2]
56626-06-3	"Present ([1944])" As Arsenic acid (H3AsO4), copper salt (1:?) [10103-61-4]
37680-65-2	"Present ([0274])" As 1,1'-Biphenyl, chloro derivatives [1336-36-3]
1867-14-7	"Present ([1740])" As Tris(2,3-dibromopropyl) phosphate [126-72-7]
57755-20-1	"Present ([1714])" As Thioglycolic acid [68-11-1]
19928-35-9	"Present ([1075])" As Methomyl [16752-77-5]
27177-08-8	"Present ([1726])" As Nonylphenol ethoxylates [9016-45-9]
53178-20-4	"Present ([1447])" As Butane, 2-chloro- [78-86-4]
354-25-6	"Present ([1529])" As Chlorotetrafluoroethane [63938-10-3]
67539-62-2	"Present ([1065])" As 3-Butyn-2-ol, 2-methyl- [115-19-5]
192819-80-0	"Present ([2563])" As Carbon monoxide [630-08-0]
62470-54-6	"Present ([0272])" As Polychlorinated dibenzo-p-dioxins [136677-09-3]
854372-97-7	"Present ([2161])" As Vanadium pentoxide [1314-62-1]
78350-78-4	"Present (containing Isopropyl sec-butyl peroxydicarbonate <=52%, Di-sec-butyl peroxydicarbonate <=28%, and Diisopropyl peroxydicarbonate <=22%, [0857]); Present (containing Isopropyl sec-butyl peroxydicarbonate <=32%, Di-sec-butyl peroxydicarbonate >=15% but <=18%, and Diisopropyl peroxydicarbonate >=12% but <=15%, with type A thinner >=38%, [0857])" As Mixture of isopropyl sec-butyl peroxydicarb
25569-80-6	"Present ([0274])" As 1,1'-Biphenyl, chloro derivatives [1336-36-3]
20281-86-1	"Present ([1150])" As 2-Hexanol [626-93-7]
41411-62-5	"Present ([0274])" As 1,1'-Biphenyl, chloro derivatives [1336-36-3]
2216-34-4	"Present ([1728])" As Nonanes [RR-04090-4]
2437-79-8	"Present ([0274])" As 1,1'-Biphenyl, chloro derivatives [1336-36-3]
30676-83-6	"Present ([1726])" As Nonylphenol ethoxylates [9016-45-9]
70872-82-1	"Present ([0273])" As Polychlorinated dibenzofurans [136677-10-6]
577-71-9	"Present (dry or wetted with <15% water, [0592]); Present (solution, [0592])" As Dinitrophenols [25550-58-7]
337513-82-3	"Present ([2081])" As Benzene, 1,1'-oxybis-, tetrabromo derivative [40088-47-9];
161755-85-7	"Present ([1600])" As Propanenitrile, 2,2'-azobis[2-methyl- [78-67-1]
8007-57-6	"Present ([0002])" As Ammonia [7664-41-7]
16474-89-8	"Present ([0056])" As 1,2-Benzenediol [120-80-9]
50934-84-4	"Present ([1726])" As Nonylphenol ethoxylates [9016-45-9]
350009-05-1	"Present ([0771])" As Fluoroboric acid [16872-11-0]
64742-49-0	"Present ([1967])" As Petroleum [8002-05-9]
213750-04-0	"Present ([2106])" As Tetrapropylorthotitanate [3087-37-4]
69049-77-0	"Present ([0640])" As Chlorine dioxide [10049-04-4]
589-92-4	"Present ([1121])" As Methylcyclohexanones [1331-22-2]
792949-74-7	"Present ([0742])" As Silicate(2-), hexafluoro-, dipotassium [16871-90-2]
42617-17-4	"Present (with phlegmatizer, [0635])" As 1,3,5,7-Tetraazabicyclo[3.3.1]nonane, 3,7-dinitroso- [101-25-7]
45410-39-7	"Present ([0098])" As Pyridine [110-86-1]
22224-93-7	"Present ([1075])" As Methomyl [16752-77-5]
59109-69-2	"Present ([1341])" As Sulfur hexafluoride [2551-62-4]
65510-45-4	"Present ([0274])" As 1,1'-Biphenyl, chloro derivatives [1336-36-3]
7642-04-8	"Present ([2356])" As 2-Octene [111-67-1]
34588-40-4	"Present (This CAS number is listed in the source under the chemical name: 1,2,3,4-Tetrachloronaphthalene, [2053])" As Tetrachloronaphthalene [1335-88-2]
63653-66-7	"Present ([0391])" As Methyl parathion [298-00-0]
85941-57-7	"Present (wetted with >=20% water or Mixture of alcohol and water, [0218])" As Lead azide [13424-46-9]
878791-13-0	"Present ([2581])" As Sodium o-(ethylmercurithio)benzoate [54-64-8]
18497-13-7	"Present ([1441])" As Chloroplatinic acid [16941-12-1]
882523-85-5	"Present ([1599])" As Diazenedicarboxamide [123-77-3]
858831-93-3	"Present ([0933])" As Benzenemethanamine [100-46-9]
57414-01-4	"Present ([2455])" As Sodium bisulfite [7631-90-5]
794457-85-5	"Present (compressed or liquefied, [2561])" As Nitrous oxide [10024-97-2]
33857-28-2	"Present ([0272])" As Polychlorinated dibenzo-p-dioxins [136677-09-3]
37680-69-6	"Present ([0274])" As 1,1'-Biphenyl, chloro derivatives [1336-36-3]
64975-43-5	"Present ([1661])" As Sodium hydride [7646-69-7]
378782-05-9	"Present ([0835])" As Mercury [7439-97-6]
8003-45-0	"Present ([1355])" As Endosulfan [115-29-7]
8024-52-0	"Present ([0983])" As 1,8-Cineol [470-82-6]
51289-71-5	"Present ([1820])" As Paraldehyde [123-63-7]
243982-82-3	"Present ([2081])" As Benzene, 1,1'-oxybis-, tetrabromo derivative [40088-47-9];
66173-72-6	"Present ([2004])" As Thiram [137-26-8]
7791-20-0	"Present ([1473])" As Nickel(II) chloride [7718-54-9]
32958-56-8	"Present ([1803])" As Cyclohexanamine, 3,3,5-trimethyl- [15901-42-5]
68923-44-4	"Present ([1114])" As Isopentane [78-78-4]
16678-58-3	"Present ([0867])" As Barium peroxide [1304-29-6]
72026-64-3	"Present (with >=25% water, [2208]); Present (with >=25% Alcohol and <=12.6% Nitrogen, [2208]); Present (with >=25% Alcohol, [2208]); Present (with <=12.6% Nitrogen, [2208]); Present (unmodified, or plasticized, with <18% plasticizing substance, [2208]); Present (solution, with <=12.6% Nitrogen and <=55% Nitrocellulose, [2208]); Present (dry or wetted with <25% water or Alcohol, [2208])" As Nitroc
856615-63-9	"Present ([1872])" As Picric acid [88-89-1]
37205-87-1	"Present ([1726])" As Nonylphenol ethoxylates [9016-45-9]
362653-08-5	"Present ([2581])" As Sodium o-(ethylmercurithio)benzoate [54-64-8]
2242959-68-6	"Present ([1926])" As Gallium arsenide [1303-00-0]
183480-25-3	"Present ([2112])" As Beryllium carbonate [13106-47-3]
218304-36-0	"Present ([0276])" As Benzene, 1,1'-oxybis-, bromo derivatives [90193-67-2]
239084-98-1	"Present (compressed or liquefied, [2505])" As Argon [7440-37-1]
55465-93-5	"Present ([1571])" As Kerosine, petroleum [8008-20-6]
77342-19-9	"Present ([1271])" As Phosphoric acid, tris(methylphenyl) esters [1330-78-5]
52663-67-9	"Present ([0274])" As 1,1'-Biphenyl, chloro derivatives [1336-36-3]
29426-92-4	"Present ([1480]); Present (solution, [1480])" As Zinc chloride [7646-85-7]
186825-39-8	"Present ([2800])" As Phenol, 4-nonyl-, branched [84852-15-3]
33004-04-5	"Present ([1006])" As 1-Hexene [592-41-6]
83271-48-1	"Present ([1726])" As Nonylphenol ethoxylates [9016-45-9]
57117-41-6	"Present ([0273])" As Polychlorinated dibenzofurans [136677-10-6]
69103-65-7	"Present (with free Sulphuric acid, [2130])" As Aryl sulphonic acid [RR-14924-6]
378253-39-5	"Present ([0047])" As Barium [7440-39-3]
378253-49-7	"Present ([1221])" As Cesium [7440-46-2]
23100-72-3	"Present ([0178])" As Cadmium telluride (CdTe) [1306-25-8]
37281-50-8	"Present ([0643])" As Carbon dioxide and ethylene oxide mixtures [8070-50-6]
64741-70-4	"Present ([1114])" As Isopentane [78-78-4]
190856-87-2	"Present ([1726])" As Nonylphenol ethoxylates [9016-45-9]
57762-34-2	"Present ([1825])" As 1,1,2-Trichloro-1,2,2-trifluoroethane [76-13-1]
51609-19-9	"Present ([1726])" As Nonylphenol ethoxylates [9016-45-9]
16649-49-3	"Present ([2634])" As Acetic anhydride [108-24-7]
28519-24-6	"Present (hypertoxic chemical, [1677])" As Methyl mercury dicyandiamide [502-39-6]
59080-41-0	"Present ([0045])" As 1,1'-Biphenyl, ar,ar,ar,ar,ar',ar',ar',ar'-octabromo- [27858-07-7]
2845-03-6	"Present (content >80%, [2630]); Present (content >10% but <=80%, [2630])" As Acetic acid [64-19-7]
437701-78-5	"Present ([0276])" As Benzene, 1,1'-oxybis-, bromo derivatives [90193-67-2]
80341-19-1	"Present (powder, [1377])" As Aluminum [7429-90-5]
39227-61-7	"Present ([0272])" As Polychlorinated dibenzo-p-dioxins [136677-09-3]
7783-37-1	"Present ([0759])" As Sodium fluoride (Na(HF2)) [1333-83-1]
50853-47-9	"Present ([1017])" As Benzene, 1,3-diisocyanatomethyl- [26471-62-5]
185009-43-2	"Present ([2555])" As Chlorotrifluoromethane [75-72-9]
199384-58-2	"Present (solution, [0823])" As Chromic acid (H2CrO4) [7738-94-5]
70362-50-4	"Present ([0274])" As 1,1'-Biphenyl, chloro derivatives [1336-36-3]
70377-94-5	"Present ([0640])" As Chlorine dioxide [10049-04-4]
26590-31-8	"Present (with free Sulphuric acid, [2130])" As Aryl sulphonic acid [RR-14924-6]
39386-16-8	"Present (with >10% but <=10.7% available Oxygen, type A thinner >=48%, [0891]); Present (with <=10% available Oxygen, type A thinner >=55%, [0891]); Present (with <=8.2% available Oxygen, type A thinner >=60%, [0891])" As Methyl ethyl ketone peroxide [1338-23-4]
23089-32-9	"Present ([1604])" As .beta.-Pinene [127-91-3]
2332812-08-3	"Present ([1726])" As Nonylphenol ethoxylates [9016-45-9]
863982-24-5	"Present ([0758])" As Potassium fluoride (K(HF2)) [7789-29-9]
820986-03-6	"Present ([2298])" As Mercury(II) nitrate [10045-94-0]
39277-51-5	"Present ([1924])" As Arsenic [7440-38-2]
8007-40-7	"Present ([2715])" As Allyl isothiocyanate [57-06-7]
16047-08-8	"Present ([1874])" As Picric acid, sodium salt [3324-58-1]
74182-35-7	"Present ([1480]); Present (solution, [1480])" As Zinc chloride [7646-85-7]
56940-56-8	"Present ([0491])" As Benzenamine, 4,4'-dithiobis- [722-27-0]
19244-48-5	"Present (content >91% but <=100%, [0924]); Present (content <=42%, stable dispersion in water, [0924]); Present (content <=91%, [0924])" As Peroxydicarbonic acid, dicyclohexyl ester [1561-49-5]
20389-61-1	"Present (content >10%, hypertoxic chemical, [1353])" As Isodrin [465-73-6]
52217-02-4	"Present ([1635])" As Acetyl methyl carbinol [513-86-0]
15869-80-4	"Present ([1728])" As Nonanes [RR-04090-4]
521947-27-3	"Present ([2800])" As Phenol, 4-nonyl-, branched [84852-15-3]
8007-42-9	"Present ([1361])" As Lindane [58-89-9]
73912-61-5	"Present ([1823])" As Antimony sulfide [1345-04-6]
74472-49-4	"Present ([0274])" As 1,1'-Biphenyl, chloro derivatives [1336-36-3]
56558-16-8	"Present ([0274])" As 1,1'-Biphenyl, chloro derivatives [1336-36-3]
172928-47-1	"Present ([2161])" As Vanadium pentoxide [1314-62-1]
191665-41-5	"Present ([0771])" As Fluoroboric acid [16872-11-0]
502760-32-9	"Present ([0744])" As Ammonium fluoride [12125-01-8]
33836-97-4	"Present ([2301])" As Gallium(III) nitrate [13494-90-1]
8075-39-6	"Present (powder, wetted with >=25% water, [1218])" As Manganese [7439-96-5]
58318-13-1	"Present (in solution, content <=62%, with type A thinner >=19%, containing Methyl isobutyl ketone, [0917])" As Methyl isobutyl ketone peroxide [37206-20-5]
7789-12-0	"Present ([2820])" As Disodium dichromate [10588-01-9]
39456-80-9	"Present ([2004])" As Thiram [137-26-8]
879635-62-8	"Present ([1772])" As Boron trifluoride compound with methyl ether [353-42-4]
22374-57-8	"Present ([1371])" As Cyclododecane, hexabromo- [25637-99-4]
55720-41-7	"Present (This CAS number is listed in the source under the chemical name: 1,2,3,4-Tetrachloronaphthalene, [2053])" As Tetrachloronaphthalene [1335-88-2]
4979-73-1	"Present ([1485])" As Benzenediazonium, 2,5-diethoxy-4-(4-morpholinyl)-, trichlorozincate(1-) [26123-91-1]
22112-42-1	"Present ([1855])" As Benzenediazonium, 4-(dimethylamino)-, trichlorozincate(1-) [6087-56-5]
51065-07-7	"Present ([0304])" As 4,4'-Diamino-3,3'-dichlorodiphenylmethane [101-14-4]
7578-39-4	"Present ([2625])" As Ethyl ether [60-29-7]
4165-60-0	"Present ([2228])" As Nitrobenzene [98-95-3]
879681-01-3	"Present ([1296])" As Mercuric thiocyanate [592-85-8]
29492-85-1	"Present (powder, [1216])" As Hafnium [7440-58-6]
52399-93-6	"Present ([0557])" As 1,2-Dichloroethane [107-06-2]
2576469-81-1	"Present (stabilized, [0096])" As Styrene [100-42-5]
378253-16-8	"Present (compressed or liquefied, [1237])" As Krypton [7439-90-9]
32598-11-1	"Present ([0274])" As 1,1'-Biphenyl, chloro derivatives [1336-36-3]
721942-45-6	"Present ([2240])" As 3-Nitroanisole [555-03-3]
811-49-4	"Present ([2131])" As Lithium alkyls [RR-01350-3]
57854-37-2	"Present (powder, dry, [1223]); Present (powder, wetted with >=25% water, particle size <53 micron if produced by mechanical method, and particle size <840 micron if produced by chemical method, [1223])" As Titanium [7440-32-6]
50337-90-1	"Present (with phlegmatizer, [0635])" As 1,3,5,7-Tetraazabicyclo[3.3.1]nonane, 3,7-dinitroso- [101-25-7]
378253-44-2	"Present (non-pyrophoric, [0817])" As Cadmium [7440-43-9]
83704-25-0	"Present ([0273])" As Polychlorinated dibenzofurans [136677-10-6]
87185-24-8	"Present ([1893])" As Trinitronaphthalene [55810-17-8]
7705-13-7	"Present ([2826])" As D-Limonene [5989-27-5]
33247-19-7	"Present ([2304])" As Lanthanum nitrate [10099-59-9]
37248-62-7	"Present ([0790])" As Calcium alloys [RR-14674-7]
57916-07-1	"Present ([0200, 0201])" As Iodic acid (HIO3), potassium salt (2:1) [13455-24-8]
2207-04-7	"Present ([0451])" As 1,4-Dimethylcyclohexane [589-90-2]
63091-70-3	"Present ([2048])" As Tellurium tetrachloride [10026-07-0]
15905-81-4	"Present ([1318])" As Sulfuric acid, nickel(2+) salt (1:1) [7786-81-4]
26198-63-0	"Present ([0522])" As 1,2-Dichloropropane [78-87-5]
52152-71-3	"Present ([0187])" As Butane, 2-iodo- [513-48-4]
83704-45-4	"Present ([0273])" As Polychlorinated dibenzofurans [136677-10-6]
26543-97-5	"Present ([1725])" As Nonylphenols [25154-52-3];
74472-40-5	"Present ([0274])" As 1,1'-Biphenyl, chloro derivatives [1336-36-3]
160371-18-6	"Present (powder, amorphous, [0837])" As Silicon [7440-21-3]
652154-10-4	"Present ([1317])" As Strychnidin-10-one, 2,3-dimethoxy-, sulfate (2:1) [4845-99-2]
15768-95-3	"Present ([0860])" As Sodium peroxometaborate [7632-04-4]
426266-86-6	"Present ([2104])" As Ethanol, titanium(4+) salt [3087-36-3]
33379-31-6	"Present ([0307])" As 1,4-Benzenediamine, 2-methyl- [95-70-5]
337513-56-1	"Present ([0276])" As Benzene, 1,1'-oxybis-, bromo derivatives [90193-67-2]
183256-78-2	"Present ([1599])" As Diazenedicarboxamide [123-77-3]
37226-11-2	"Present ([0044])" As Toxaphene [8001-35-2]
2408592-97-0	"Present ([1726])" As Nonylphenol ethoxylates [9016-45-9]
378253-46-4	"Present (non-pyrophoric, [0817])" As Cadmium [7440-43-9]
56870-07-6	"Present ([2161])" As Vanadium pentoxide [1314-62-1]
37680-73-2	"Present ([0274])" As 1,1'-Biphenyl, chloro derivatives [1336-36-3]
17375-03-0	"Present (powder, amorphous, [0837])" As Silicon [7440-21-3]
28655-69-8	"Present (wetted with >=40% water or Mixture of alcohol and water, [0621])" As Diazodinitrophenol [4682-03-5]
80237-87-2	"Present (content >90% but <=100%, [0377]); Present (content >=52% but <=90%, with type A thinner >=10%, [0377]); Present (content <=52%, with type A thinner >=48%, [0377]); Present (content <=77%, [0377]); Present (paste, content <=47%, [0377])" As 2,5-Dimethyl-2,5-di(tert-butylperoxy)hexane [78-63-7]
65098-87-5	"Present ([1599])" As Diazenedicarboxamide [123-77-3]
184247-21-0	"Present (content >90% but <=100%, [0377]); Present (content >=52% but <=90%, with type A thinner >=10%, [0377]); Present (content <=52%, with type A thinner >=48%, [0377]); Present (content <=77%, [0377]); Present (paste, content <=47%, [0377])" As 2,5-Dimethyl-2,5-di(tert-butylperoxy)hexane [78-63-7]
42617-18-5	"Present (with phlegmatizer, [0635])" As 1,3,5,7-Tetraazabicyclo[3.3.1]nonane, 3,7-dinitroso- [101-25-7]
369657-03-4	"Present ([2809])" As 1-Naphthalenesulfonic acid, 6-diazo-5,6-dihydro-5-oxo-, sodium salt [2657-00-3]
2004-70-8	"Present (stabilized, [2171])" As 1,3-Pentadiene [504-60-9]
74552-83-3	"Present ([1864])" As 1,1,1-Trichloroethane [71-55-6]
218625-72-0	"Present (solution, content >8%, [0903])" As Hydrogen peroxide [7722-84-1]
275363-11-6	"Present ([0490])" As Dicyclopentadiene [77-73-6]
62488-19-1	"Present ([0307])" As 1,4-Benzenediamine, 2-methyl- [95-70-5]
858443-19-3	"Present ([1295])" As Thiocyanic acid, calcium salt [2092-16-2]
85404-21-3	"Present ([2759])" As n-Butylamine [109-73-9]
54230-22-7	"Present ([0274])" As 1,1'-Biphenyl, chloro derivatives [1336-36-3]
7783-34-8	"Present ([2298])" As Mercury(II) nitrate [10045-94-0]
446255-39-6	"Present ([0276])" As Benzene, 1,1'-oxybis-, bromo derivatives [90193-67-2]
7619-62-7	"Present (hypertoxic chemical, [2635])" As Acetic acid, mercury(2+) salt (2:1) [1600-27-7]
29604-34-0	"Present ([1480]); Present (solution, [1480])" As Zinc chloride [7646-85-7]
74472-52-9	"Present ([0274])" As 1,1'-Biphenyl, chloro derivatives [1336-36-3]
75496-03-6	"Present ([0447])" As N,N-Dimethylcyclohexylamine [98-94-2]
68928-99-4	"Present ([0112])" As 1,2-Diaminopropane [78-90-0]
44919-97-3	"Present ([1104])" As N,N-Dimethylaminoethyl methacrylate [2867-47-2]
83704-38-5	"Present ([0273])" As Polychlorinated dibenzofurans [136677-10-6]
38741-38-7	"Present ([1317])" As Strychnidin-10-one, 2,3-dimethoxy-, sulfate (2:1) [4845-99-2]
378253-15-7	"Present (compressed or liquefied, [1237])" As Krypton [7439-90-9]
40581-91-7	"Present ([0272])" As Polychlorinated dibenzo-p-dioxins [136677-09-3]
446254-23-5	"Present ([2081])" As Benzene, 1,1'-oxybis-, tetrabromo derivative [40088-47-9];
1646200-96-5	"Present (stabilized, [0096])" As Styrene [100-42-5]
70026-36-7	"Present ([0094])" As Benzyl cyanide [140-29-4]
33838-52-7	"Present ([2782])" As n-Heptane [142-82-5]
56558-17-9	"Present ([0274])" As 1,1'-Biphenyl, chloro derivatives [1336-36-3]
25047-67-0	"Present ([2131])" As Lithium alkyls [RR-01350-3]
19043-03-9	"Present ([1120])" As Methylcyclohexanols [25639-42-3]
7443-70-1	"Present ([1120])" As Methylcyclohexanols [25639-42-3]
30402-14-3	"Present ([0273])" As Polychlorinated dibenzofurans [136677-10-6]
50888-64-7	"Present ([2715])" As Allyl isothiocyanate [57-06-7]
83046-54-2	"Present ([1721])" As Ethanaminium, N,N,N-triethyl-, salt with 1,1,2,2,3,3,4,4,5,5,6,6,7,7,8,8,8-heptadecafluoro-1-octanesulfonic acid (1:1) [56773-42-3]
871-27-2	"Present ([2132])" As Aluminum alkyl hydrides [RR-01361-6]
186825-40-1	"Present ([2800])" As Phenol, 4-nonyl-, branched [84852-15-3]
856307-43-2	"Present (hypertoxic chemical, [1912])" As Arsenic trioxide [1327-53-3]
83704-42-1	"Present ([0273])" As Polychlorinated dibenzofurans [136677-10-6]
26140-46-5	"Present ([2699])" As Isobutyraldehyde [78-84-2]
78918-91-9	"Present ([1127])" As 3-Methylhexane [589-34-4]
60145-22-4	"Present ([0274])" As 1,1'-Biphenyl, chloro derivatives [1336-36-3]
161279-90-9	"Present ([0249])" As 2-Butoxyethanol [111-76-2]
1702279-08-0	"Present ([0331])" As Dibutyltin dilaurate [77-58-7]
39227-58-2	"Present ([0272])" As Polychlorinated dibenzo-p-dioxins [136677-09-3]
792952-75-1	"Present ([1455])" As Mercurate(1-), (4-carboxylatophenyl)chloro-, hydrogen [59-85-8]
72589-96-9	"Present ([1463])" As Cadmium chloride [10108-64-2]
83847-49-8	"Present ([1548])" As Chlorobromomethane [74-97-5]
80449-88-3	"Present (hypertoxic chemical, [2413])" As Brodifacoum [56073-10-0]
278600-28-5	"Present ([2112])" As Beryllium carbonate [13106-47-3]
44236-30-8	"Present ([0776])" As Borate(1-), tetrafluoro-, silver(1+) [14104-20-2]
56645-30-8	"Present ([1290])" As Sulfur [7704-34-9]
187601-75-8	"Present ([2105])" As Tetraisopropyl titanate [546-68-9]
171915-81-4	"Present ([1774])" As Boron trifluoride-diethyl etherate [109-63-7]
37871-00-4	"Present ([0272])" As Polychlorinated dibenzo-p-dioxins [136677-09-3]
8014-90-2	"Present (solution, [1649]); Present (anhydrous, [0189])" As Hydriodic acid [10034-85-2]
4386-88-3	"Present (hypertoxic chemical, [1735])" As [2,2',2''-Nitrilotri(ethanol)-N,O,O',O'']phenylmercury lactate [23319-66-6]
7790-15-0	"Present ([0757])" As Ammonium bifluoride [1341-49-7]
50985-24-5	"Present ([1017])" As Benzene, 1,3-diisocyanatomethyl- [26471-62-5]
37294-69-2	"Present (solution, [0271])" As Ammonium polysulfide [9080-17-5]
61798-70-7	"Present ([0274])" As 1,1'-Biphenyl, chloro derivatives [1336-36-3]
36563-47-0	"Present ([0276])" As Benzene, 1,1'-oxybis-, bromo derivatives [90193-67-2]
62138-52-7	"Present ([1431])" As 2-Chloropropionic acid [598-78-7]
72514-45-5	"Present ([1599])" As Diazenedicarboxamide [123-77-3]
17375-02-9	"Present (powder, wetted with >=25% water, [1218])" As Manganese [7439-96-5]
15751-77-6	"Present ([1215]); Present (powder, dry, [1215])" As Zirconium [7440-67-7]
67208-78-0	"Present ([1572])" As Magnesium [7439-95-4]
310882-94-1	"Present ([2105])" As Tetraisopropyl titanate [546-68-9]
20281-88-3	"Present ([1057])" As 2-Pentanol, 4-methyl- [108-11-2]
75635-31-3	"Present ([0947])" As Dicyclohexylammonium nitrite [3129-91-7]
298688-47-8	"Present (powder, [1377])" As Aluminum [7429-90-5]
79060-60-9	"Present ([0273])" As Polychlorinated dibenzofurans [136677-10-6]
83704-30-7	"Present ([0273])" As Polychlorinated dibenzofurans [136677-10-6]
407606-55-7	"Present ([0276])" As Benzene, 1,1'-oxybis-, bromo derivatives [90193-67-2]
33284-50-3	"Present ([0274])" As 1,1'-Biphenyl, chloro derivatives [1336-36-3]
15750-45-5	"Present ([2309])" As Magnesium nitrate [10377-60-3]
15743-56-3	"Present ([1215]); Present (powder, dry, [1215])" As Zirconium [7440-67-7]
60390-27-4	"Present ([0273])" As Polychlorinated dibenzofurans [136677-10-6]
71629-74-8	"Present (dry or wetted with <15% water, [0592]); Present (solution, [0592])" As Dinitrophenols [25550-58-7]
561306-17-0	"Present ([1804])" As 1,6-Hexanediamine, 2,2,4(or 2,4,4)-trimethyl- [25513-64-8]
181768-98-9	"Present ([0822])" As Lead chromate [7758-97-6]
20434-91-7	"Present (hypertoxic chemical, [1723])" As Trichloromethanesulphenyl chloride [594-42-3]
218-01-9	"Present ([1568])" As Pitch, coal tar, high-temperature [65996-93-2]
72901-37-2	"Present ([1614])" As Ammonium vanadate [7803-55-6]
617-97-0	"Present (with free Sulphuric acid, [2130])" As Toluenesulfonic acid, all isomers [25231-46-3]
446254-39-3	"Present ([2081])" As Benzene, 1,1'-oxybis-, tetrabromo derivative [40088-47-9];
7574-44-9	"Present (hypertoxic chemical, [0780])" As Fluoroacetic acid [144-49-0]
50954-17-1	"Present ([2188])" As Selenium [7782-49-2]
87701-64-2	"Present ([2662])" As Ethylene [74-85-1]
37291-67-1	"Present ([1726])" As Nonylphenol ethoxylates [9016-45-9]
856577-72-5	"Present ([0947])" As Dicyclohexylammonium nitrite [3129-91-7]
74618-51-2	"Present ([0771])" As Fluoroboric acid [16872-11-0]
27288-14-8	"Present ([1726])" As Nonylphenol ethoxylates [9016-45-9]
82291-28-9	"Present ([0272])" As Polychlorinated dibenzo-p-dioxins [136677-09-3]
72067-67-5	"Present ([1932]); Present ([1936], listed under Potassium arsenate)" As Potassium dihydrogen arsenate [7784-41-0]
56590-96-6	"Present ([1726])" As Nonylphenol ethoxylates [9016-45-9]
24290-40-2	"Present ([1850]); Present (solution, [1850])" As Iron trichloride [7705-08-0]
5308-71-4	"Present (dry or wetted with <15% water, [0596])" As Dinitrophenolates [RR-00263-1]
74446-43-8	"Present ([2625])" As Ethyl ether [60-29-7]
21059-09-6	"Present ([0382])" As Cycloheximide [66-81-9]
68194-05-8	"Present ([0274])" As 1,1'-Biphenyl, chloro derivatives [1336-36-3]
560088-71-3	"Present (stabilized, [1512])" As Allyl chlorocarbonate [2937-50-0]
82865-89-2	"Present ([1372])" As Hexabromobiphenyl [36355-01-8]
4264-99-7	"Present (stabilized, [2172])" As 1,4-Pentadiene [591-93-5]
82291-34-7	"Present ([0272])" As Polychlorinated dibenzo-p-dioxins [136677-09-3]
28553-80-2	"Present (with free Sulphuric acid, [2130])" As Alkyl sulfonic acids [RR-02838-6]
15816-87-2	"Present (suspended in kerosene, [1217])" As Lanthanum [7439-91-0]
1735-75-7	"Present ([0238])" As 1-Butene [106-98-9]
53192-27-1	"Present ([1373])" As Hexamethylene diisocyanate [822-06-0]
29371-14-0	"Present ([0304])" As 4,4'-Diamino-3,3'-dichlorodiphenylmethane [101-14-4]
39461-36-4	"Present ([0534])" As Sulfur dichloride [10545-99-0]
37189-23-4	"Present ([2204])" As Nitrostarch [9056-38-6]
286015-24-5	"Present ([1726])" As Nonylphenol ethoxylates [9016-45-9]
378784-03-3	"Present ([1220])" As Rubidium [7440-17-7]
56645-28-4	"Present ([0044])" As Toxaphene [8001-35-2]
83704-39-6	"Present ([0273])" As Polychlorinated dibenzofurans [136677-10-6]
56008-29-8	"Present (with free Sulphuric acid, [2130])" As Alkyl sulfonic acids [RR-02838-6]
55624-62-9	"Present ([1924])" As Arsenic [7440-38-2]
83704-41-0	"Present ([0273])" As Polychlorinated dibenzofurans [136677-10-6]
45650-15-5	"Present (solution, [2128])" As Cupriethylenediamine [13426-91-0]
53152-98-0	"Present ([1139])" As Piperidine, 3-methyl- [626-56-2]
31921-36-5	"Present ([1813])" As 2,2,4-Trimethylpentane [540-84-1]
20594-49-4	"Present ([1724])" As Mirex [2385-85-5]
8071-51-0	"Present (hypertoxic chemical, [1071])" As 4,6-Dinitro-o-cresol [534-52-1]
66525-84-6	"Present ([1726])" As Nonylphenol ethoxylates [9016-45-9]
67028-19-7	"Present ([0272])" As Polychlorinated dibenzo-p-dioxins [136677-09-3]
6659-58-1	"Present (with >=60% Lactose, Starch or Phosphates, [2732])" As Isosorbide dinitrate mixture [87-33-2]
71750-45-3	"Present (dry or wetted with <15% water, [0596])" As Dinitrophenolates [RR-00263-1]
65035-40-7	"Present ([1726])" As Nonylphenol ethoxylates [9016-45-9]
76621-12-0	"Present ([0273])" As Polychlorinated dibenzofurans [136677-10-6]
52907-24-1	"Present ([2589])" As Isofenphos [25311-71-1]
78-30-8	"Present ([1271])" As Phosphoric acid, tris(methylphenyl) esters [1330-78-5]
1735-17-7	"Present ([0953])" As Cyclohexane [110-82-7]
171977-44-9	"Present ([0276])" As Benzene, 1,1'-oxybis-, bromo derivatives [90193-67-2]
446255-50-1	"Present ([0276])" As Benzene, 1,1'-oxybis-, bromo derivatives [90193-67-2]
1633690-46-6	"Present ([2674])" As Silane, ethenyltriethoxy- [78-08-0]
22763-47-9	"Present ([2309])" As Magnesium nitrate [10377-60-3]
25897-48-7	"Present ([1361])" As Lindane [58-89-9]
8027-16-5	"Present ([1029])" As Cresol, all isomers [1319-77-3]
824958-44-3	"Present ([1373])" As Hexamethylene diisocyanate [822-06-0]
56449-78-6	"Present ([1724])" As Mirex [2385-85-5]
331717-44-3	"Present ([0810])" As Perchloric acid, silver(1+) salt [7783-93-9]
56571-67-6	"Present ([1534])" As Magnesium chlorate [10326-21-3]
76012-28-7	"Present ([1600])" As Propanenitrile, 2,2'-azobis[2-methyl- [78-67-1]
68194-08-1	"Present ([0274])" As 1,1'-Biphenyl, chloro derivatives [1336-36-3]
85404-18-8	"Present ([2572])" As Ethylenediamine [107-15-3]
184288-32-2	"Present ([0981])" As Ethylene oxide [75-21-8]
42939-70-8	"Present (anhydrous, [2550]); Present (solution, [2550])" As Methylamine [74-89-5]
62715-48-4	"Present ([1995])" As Aluminum resinate [61789-65-9]
33836-96-3	"Present ([2339])" As Indium nitrate [13770-61-1]
82911-58-8	"Present ([0273])" As Polychlorinated dibenzofurans [136677-10-6]
59204-10-3	"Present (hypertoxic chemical, [0155])" As Aziridine, 2-methyl- [75-55-8]
29871-12-3	"Present ([1931])" As Arsenic acid (H3AsO4), barium salt (2:3) [13477-04-8]
31472-83-0	"Present ([0274])" As 1,1'-Biphenyl, chloro derivatives [1336-36-3]
2247261-17-0	"Present (powder, [1377])" As Aluminum [7429-90-5]
6485-58-1	"Present ([0213])" As Iodoethane [75-03-6]
53549-90-9	"Present (powder, dry, [1223]); Present (powder, wetted with >=25% water, particle size <53 micron if produced by mechanical method, and particle size <840 micron if produced by chemical method, [1223])" As Titanium [7440-32-6]
4736-49-6	"Present ([1371])" As Cyclododecane, hexabromo- [25637-99-4]
854620-32-9	"Present ([1721])" As Ethanaminium, N,N,N-triethyl-, salt with 1,1,2,2,3,3,4,4,5,5,6,6,7,7,8,8,8-heptadecafluoro-1-octanesulfonic acid (1:1) [56773-42-3]
178459-70-6	"Present ([0039])" As Octafluorocyclobutane [115-25-3]
56481-76-6	"Present ([0055])" As p-Phenylenediamine [106-50-3]
71998-76-0	"Present ([0272])" As Polychlorinated dibenzo-p-dioxins [136677-09-3]
54018-92-7	"Present ([0636])" As Diethylenetriamine [111-40-0]
616-31-9	"Present ([2176])" As Amyl mercaptans [RR-01196-1]
37256-19-2	"Present ([2188])" As Selenium [7782-49-2]
67253-49-0	"Present ([2530])" As Styrene oxide [96-09-3]
33004-08-9	"Present ([0945])" As 1,4-Cyclohexadiene [628-41-1]
193487-08-0	"Present ([1908])" As Triethylenetetramine [112-24-3]
355120-85-3	"Present ([0494])" As Carbon disulfide [75-15-0]
19361-54-7	"Present ([2809])" As 1-Naphthalenesulfonic acid, 6-diazo-5,6-dihydro-5-oxo-, sodium salt [2657-00-3]
37280-80-1	"Present ([1726])" As Nonylphenol ethoxylates [9016-45-9]
183592-61-2	"Present (stabilized, [0223])" As 1,3-Butadiene [106-99-0]
195161-81-0	"Present (powder, dry, [1223]); Present (powder, wetted with >=25% water, particle size <53 micron if produced by mechanical method, and particle size <840 micron if produced by chemical method, [1223])" As Titanium [7440-32-6]
7488-31-5	"Present ([2131])" As Lithium alkyls [RR-01350-3]
496925-14-5	"Present ([0771])" As Fluoroboric acid [16872-11-0]
18497-67-1	"Present ([1850]); Present (solution, [1850])" As Iron trichloride [7705-08-0]
4906-87-0	"Present ([2563])" As Carbon monoxide [630-08-0]
54862-84-9	"Present ([1850]); Present (solution, [1850])" As Iron trichloride [7705-08-0]
378253-48-6	"Present ([1221])" As Cesium [7440-46-2]
65703-76-6	"Present ([2557])" As Chloroacetaldehyde [107-20-0]
740776-49-2	"Present ([2563])" As Carbon monoxide [630-08-0]
42559-34-2	"Present ([2027])" As Benzenediazonium, 2,5-diethoxy-4-(4-morpholinyl)-, tetrafluoroborate(1-) [4979-72-0]
71669-26-6	"Present ([0272])" As Polychlorinated dibenzo-p-dioxins [136677-09-3]
343314-28-3	"Present ([1869])" As Triallylamine [102-70-5]
207500-00-3	"Present ([0807])" As Lead perchlorate [13637-76-8]
24378-36-7	"Present (hypertoxic chemical, [2177])" As Pentaborane [19624-22-7]
186825-36-5	"Present ([1725])" As Nonylphenols [25154-52-3];
337513-55-0	"Present ([2081])" As Benzene, 1,1'-oxybis-, tetrabromo derivative [40088-47-9];
63705-05-5	"Present ([1290])" As Sulfur [7704-34-9]
77607-09-1	"Present ([1372])" As Hexabromobiphenyl [36355-01-8]
178861-94-4	"Present ([1804])" As 1,6-Hexanediamine, 2,2,4(or 2,4,4)-trimethyl- [25513-64-8]
30880-06-9	"Present ([2291])" As Nitric acid, bismuth(3+) salt [10361-44-1]
50933-80-7	"Present ([2006])" As Ziram [137-30-4]
53555-66-1	"Present ([0274])" As 1,1'-Biphenyl, chloro derivatives [1336-36-3]
182260-48-6	"Present (powder, dry, [1223]); Present (powder, wetted with >=25% water, particle size <53 micron if produced by mechanical method, and particle size <840 micron if produced by chemical method, [1223])" As Titanium [7440-32-6]
372-85-0	"Present ([1770])" As Boron trifluoride [7637-07-2]
769134-66-9	"Present (stabilized, [0143])" As Acrylonitrile [107-13-1]
8030-32-8	"Present ([2581])" As Sodium o-(ethylmercurithio)benzoate [54-64-8]
200191-88-4	"Present ([2062])" As Benzenediazonium, 2,5-dibutoxy-4-(4-morpholinyl)-, (T-4)-tetrachlorozincate(2-) (2:1) [14726-58-0]
55967-39-0	"Present ([2809])" As 1-Naphthalenesulfonic acid, 6-diazo-5,6-dihydro-5-oxo-, sodium salt [2657-00-3]
551-13-3	"Present (hypertoxic chemical, [1097])" As Nicotine [54-11-5]
19043-02-8	"Present ([1120])" As Methylcyclohexanols [25639-42-3]
27735-64-4	"Present ([2148])" As Sodium pentachlorophenate [131-52-2]
30017-05-1	"Present ([2065])" As Captafol [2425-06-1]
378784-91-9	"Present (compressed or liquefied, [2200])" As Xenon [7440-63-3]
266675-13-2	"Present (stabilized, [1109])" As Isobutyl methacrylate [97-86-9]
85446-17-9	"Present ([0276])" As Benzene, 1,1'-oxybis-, bromo derivatives [90193-67-2]
23065-35-2	"Present ([2581])" As Sodium o-(ethylmercurithio)benzoate [54-64-8]
15756-34-0	"Present (powder, [2121])" As Antimony [7440-36-0]
53318-72-2	"Present ([1227])" As Antimony potassium tartrate trihydrate [28300-74-5]
33004-06-7	"Present ([0954])" As Cyclohexene [110-83-8]
446254-41-7	"Present ([2081])" As Benzene, 1,1'-oxybis-, tetrabromo derivative [40088-47-9];
260792-08-3	"Present ([2294])" As Calcium nitrate [10124-37-5]
378750-86-8	"Present (powder, [1216])" As Hafnium [7440-58-6]
83704-26-1	"Present ([0273])" As Polychlorinated dibenzofurans [136677-10-6]
34465-46-8	"Present ([0272])" As Polychlorinated dibenzo-p-dioxins [136677-09-3]
2074-50-2	"Present ([0386])" As Paraquat ion [4685-14-7]
446254-30-4	"Present ([2081])" As Benzene, 1,1'-oxybis-, tetrabromo derivative [40088-47-9];
63090-47-1	"Present ([2195])" As Selenic acid [7783-08-6]
29446-15-9	"Present ([0272])" As Polychlorinated dibenzo-p-dioxins [136677-09-3]
33004-02-3	"Present ([0238])" As 1-Butene [106-98-9]
74296-32-5	"Present ([2762])" As n-Butylbenzene [104-51-8]
7791-14-2	"Present ([2542])" As Chromyl chloride [14977-61-8]
255877-15-7	"Present ([1227])" As Antimony potassium tartrate trihydrate [28300-74-5]
858829-10-4	"Present ([2061])" As Tetrachlorophthalic anhydride [117-08-8]
227453-69-2	"Present (solution, with >5% available Chlorine, [0166])" As Sodium hypochlorite [7681-52-9]
59141-20-7	"Present (paste, content <=32%, containing >=44% solvent, >=9% water, with inert solid >=11%, [0916]); Present (in solution, content <=42%, containing >=8% water, >=48% type A thinner, <=4.7% available Oxygen, [0916])" As Acetyl acetone peroxide [37187-22-7]
53637-13-1	"Present ([0043])" As Chlordane [57-74-9]
220713-31-5	"Present (stabilized, [0153])" As n-Butyl acrylate [141-32-2]
2701539-61-7	"Present (powder, [1377])" As Aluminum [7429-90-5]
45737-84-6	"Present ([0490])" As Dicyclopentadiene [77-73-6]
21995-14-2	"Present ([0100])" As 1H-Pyrrole [109-97-7]
20693-15-6	"Present ([2306])" As Lithium nitrate [7790-69-4]
82291-35-8	"Present ([0272])" As Polychlorinated dibenzo-p-dioxins [136677-09-3]
69698-59-5	"Present ([0273])" As Polychlorinated dibenzofurans [136677-10-6]
2162-98-3	"Present ([0253])" As Alkanes, C10-13, chloro [85535-84-8]
38724-98-0	"Present ([1992])" As tert-Octylamine [107-45-9]
60684-13-1	"Present ([1850]); Present (solution, [1850])" As Iron trichloride [7705-08-0]
52803-29-9	"Present (hypertoxic chemical, [1513])" As Ethyl chloroformate [541-41-3]
42617-03-8	"Present ([1726])" As Nonylphenol ethoxylates [9016-45-9]
304-61-0	"Present ([1227])" As Antimony potassium tartrate trihydrate [28300-74-5]
60348-60-9	"Present ([2158])" As Benzene, 1,1'-oxybis-, pentabromo derivative [32534-81-9];
77825-56-0	"Present ([0248])" As Ethyl (E)-crotonate [623-70-1]
1609158-91-9	"Present (solution, [1173])" As Formaldehyde [50-00-0]
15963-37-8	"Present ([1120])" As Methylcyclohexanols [25639-42-3]
8028-22-6	"Present ([2224])" As Roxarsone [121-19-7]
226225-59-8	"Present ([1726])" As Nonylphenol ethoxylates [9016-45-9]
2909-52-6	"Present ([1903])" As Bromoform [75-25-2]
17125-91-6	"Present ([2006])" As Ziram [137-30-4]
18879-37-3	"Present ([0047])" As Barium [7440-39-3]
302-17-0	"Present (stabilized, [1861])" As Chloral [75-87-6]
26027-38-3	"Present ([1726])" As Nonylphenol ethoxylates [9016-45-9]
62395-25-9	"Present ([2415])" As Trifluorobromomethane [75-63-8]
195161-85-4	"Present (dust, [2358]); Present (powder, [2358]); Present (ashes, [2358])" As Zinc [7440-66-6]
184963-09-5	"Present (stabilized, [1384])" As 2-Chloro-1,3-butadiene [126-99-8]
2247261-42-1	"Present (powder, [1377])" As Aluminum [7429-90-5]
5787-31-5	"Present ([2397])" As 2-Bromobutane [78-76-2]
74-99-7	"Present (stabilized. The source lists Propyne and allene mixtures with an incorrect CAS No. 59355-75-8, [0124])" As Propyne and allene mixtures [56960-91-9]
2207-01-4	"Present ([0449])" As 1,2-Dimethylcyclohexane [583-57-3]
591-23-1	"Present ([1120])" As Methylcyclohexanols [25639-42-3]
70786-97-9	"Present ([0744])" As Ammonium fluoride [12125-01-8]
39291-71-9	"Present ([0708])" As Bensulide [741-58-2]
598-30-1	"Present ([2131])" As Lithium alkyls [RR-01350-3]
66745-90-2	"Present (wetted with >=15% water, [0961]); Present (desensitized, [0961])" As Cyclotetramethylenetetranitramine [2691-41-0]
68194-14-9	"Present ([0274])" As 1,1'-Biphenyl, chloro derivatives [1336-36-3]
378782-08-2	"Present ([0835])" As Mercury [7439-97-6]
83704-55-6	"Present ([0273])" As Polychlorinated dibenzofurans [136677-10-6]
8026-09-3	"Present ([0358])" As Xylenes (o-, m-, p- isomers) [1330-20-7]
20214-07-7	"Present ([1238])" As Quinoline [91-22-5]
189084-59-1	"Present ([0276])" As Benzene, 1,1'-oxybis-, bromo derivatives [90193-67-2]
19214-61-0	"Present (anhydrous, [1339])" As Hexafluorophosphoric acid [16940-81-1]
5161-04-6	"Present ([0225])" As Butyltoluenes [27458-20-4]
56481-93-7	"Present ([1245])" As Biphenyl [92-52-4]
38444-76-7	"Present ([0274])" As 1,1'-Biphenyl, chloro derivatives [1336-36-3]
17638-48-1	"Present ([1473])" As Nickel(II) chloride [7718-54-9]
176680-01-6	"Present ([2105])" As Tetraisopropyl titanate [546-68-9]
753456-54-1	"Present ([2104])" As Ethanol, titanium(4+) salt [3087-36-3]
29528-97-0	"Present ([2476])" As Sodium selenite [10102-18-8]
54193-32-7	"Present (hypertoxic chemical, [0486])" As Brucine [357-57-3]
57465-28-8	"Present ([0274])" As 1,1'-Biphenyl, chloro derivatives [1336-36-3]
7547-66-2	"Present ([0518])" As Propanoic acid, 2-(2,4-dichlorophenoxy)- [120-36-5]
338-45-4	"Present (content >5%, hypertoxic chemical, [0367])" As Mevinphos [7786-34-7]
855347-23-8	"Present ([0983])" As 1,8-Cineol [470-82-6]
60525-54-4	"Present ([0641])" As Lead dioxide [1309-60-0]
39316-45-5	"Present ([1726])" As Nonylphenol ethoxylates [9016-45-9]
446254-18-8	"Present ([2081])" As Benzene, 1,1'-oxybis-, tetrabromo derivative [40088-47-9];
74472-37-0	"Present ([0274])" As 1,1'-Biphenyl, chloro derivatives [1336-36-3]
701915-53-9	"Present ([0911])" As Sodium percarbonate [15630-89-4]
23032-72-6	"Present ([2329])" As Ferric nitrate [10421-48-4]
493-02-7	"Present ([1960])" As Decahydronaphthalene [91-17-8]
53529-49-0	"Present ([1726])" As Nonylphenol ethoxylates [9016-45-9]
828264-64-8	"Present ([2161])" As Vanadium pentoxide [1314-62-1]
8028-52-2	"Present (content >80%, [2630]); Present (content >10% but <=80%, [2630])" As Acetic acid [64-19-7]
811467-59-1	"Present ([1776])" As Borate(1-), (acetato-O)trifluoro-, hydrogen, (T-4)- [7578-36-1]
72061-90-6	"Present ([0640])" As Chlorine dioxide [10049-04-4]
41318-75-6	"Present ([0276])" As Benzene, 1,1'-oxybis-, bromo derivatives [90193-67-2]
27860-83-9	"Present ([0775])" As Borate(1-), tetrafluoro-, zinc (2:1) [13826-88-5]
78-32-0	"Present ([1271])" As Phosphoric acid, tris(methylphenyl) esters [1330-78-5]
85404-20-2	"Present ([0098])" As Pyridine [110-86-1]
2155-30-8	"Present ([1638])" As Methyl lactate [547-64-8]
37317-41-2	"Present ([0274])" As 1,1'-Biphenyl, chloro derivatives [1336-36-3]
18413-17-7	"Present ([0409])" As Formetanate hydrochloride [23422-53-9]
8001-52-3	"Present ([0177])" As Digoxin [20830-75-5]
337913-53-8	"Present ([2142])" As Phosphorus pentasulfide [1314-80-3]
8011-67-4	"Present ([1847])" As Arsenous trichloride [7784-34-1]
446254-26-8	"Present ([2081])" As Benzene, 1,1'-oxybis-, tetrabromo derivative [40088-47-9];
19928-37-1	"Present ([1075])" As Methomyl [16752-77-5]
60476-27-9	"Present ([1726])" As Nonylphenol ethoxylates [9016-45-9]
70206-61-0	"Present (hypertoxic chemical, [0486])" As Brucine [357-57-3]
856565-65-6	"Present (hypertoxic chemical, [2163])" As Arsenic pentoxide [1303-28-2]
192510-78-4	"Present ([2062])" As Benzenediazonium, 2,5-dibutoxy-4-(4-morpholinyl)-, (T-4)-tetrachlorozincate(2-) (2:1) [14726-58-0]
82850-40-6	"Present ([2311])" As Sodium nitrate [7631-99-4]
162342-48-5	"Present ([2563])" As Carbon monoxide [630-08-0]
75198-38-8	"Present ([0273])" As Polychlorinated dibenzofurans [136677-10-6]
7443-55-2	"Present ([1120])" As Methylcyclohexanols [25639-42-3]
70648-20-3	"Present ([0273])" As Polychlorinated dibenzofurans [136677-10-6]
57608-45-4	"Present (wetted with >=15% water, [0957]); Present (desensitized, [0957])" As Cyclonite [121-82-4]
72901-42-9	"Present ([1614])" As Ammonium vanadate [7803-55-6]
5908-64-5	"Present ([2631])" As Barium acetate [543-80-6]
260561-26-0	"Present ([2104])" As Ethanol, titanium(4+) salt [3087-36-3]
503002-54-8	"Present (hypertoxic chemical, [0217])" As Sodium azide [26628-22-8]
64560-16-3	"Present ([0273])" As Polychlorinated dibenzofurans [136677-10-6]
56003-83-9	"Present ([0637])" As Nitrogen dioxide [10102-44-0]
337513-72-1	"Present ([0276])" As Benzene, 1,1'-oxybis-, bromo derivatives [90193-67-2]
18256-98-9	"Present ([2319])" As Lead nitrate [10099-74-8]
337513-54-9	"Present ([0276])" As Benzene, 1,1'-oxybis-, bromo derivatives [90193-67-2]
53025-84-6	"Present (with >=7% wax, [1011]); Present (wetted with >=25% water or desensitized with >=15% phlegmatizer, [1011])" As Pentaerythrite tetranitrate [78-11-5]
51930-04-2	"Present ([0276])" As Benzene, 1,1'-oxybis-, bromo derivatives [90193-67-2]
8018-06-2	"Present (content >20%, hypertoxic chemical, [0665])" As Chlorfenvinphos [470-90-6]
52663-71-5	"Present ([0274])" As 1,1'-Biphenyl, chloro derivatives [1336-36-3]
82306-65-8	"Present ([0272])" As Polychlorinated dibenzo-p-dioxins [136677-09-3]
81586-24-5	"Present ([0771])" As Fluoroboric acid [16872-11-0]
15757-94-5	"Present (suspended in kerosene, [1968]); Present (powder and scrap, [1968])" As Cerium [7440-45-1]
39635-31-9	"Present ([0274])" As 1,1'-Biphenyl, chloro derivatives [1336-36-3]
35065-29-3	"Present ([0274])" As 1,1'-Biphenyl, chloro derivatives [1336-36-3]
53555-64-9	"Present (This CAS number is listed in the source under the chemical name: 1,2,3,4-Tetrachloronaphthalene, [2053])" As Tetrachloronaphthalene [1335-88-2]
85404-22-4	"Present (aqueous solution, with 50-70% Ethylamine, [2565]); Present ([2565])" As Ethylamine [75-04-7]
8028-23-7	"Present ([2224])" As Roxarsone [121-19-7]
79568-78-8	"Present (content >90% but <=98%, with type A thinner <=10%, [0906]); Present (content <=90%, with type A thinner >=10%, [0906])" As Cumene hydroperoxide [80-15-9]
182321-38-6	"Present ([1262])" As Aluminum phosphide [20859-73-8]
67028-18-6	"Present ([0272])" As Polychlorinated dibenzo-p-dioxins [136677-09-3]
26979-73-7	"Present ([1342])" As Tungsten hexafluoride [7783-82-6]
34883-43-7	"Present ([0274])" As 1,1'-Biphenyl, chloro derivatives [1336-36-3]
27986-36-3	"Present ([1726])" As Nonylphenol ethoxylates [9016-45-9]
62203-24-1	"Present ([1125])" As Methanesulfonic acid [75-75-2]
3114-55-4	"Present ([1414])" As Chlorobenzene [108-90-7]
56320-44-6	"Present ([2108])" As Aluminum carbide (Al4C3) [1299-86-1]
67035-64-7	"Present ([1600])" As Propanenitrile, 2,2'-azobis[2-methyl- [78-67-1]
1867-09-0	"Present (hypertoxic chemical, [1549])" As Ethylene chlorohydrin [107-07-3]
59330-69-7	"Present ([1726])" As Nonylphenol ethoxylates [9016-45-9]
52504-19-5	"Present ([1726])" As Nonylphenol ethoxylates [9016-45-9]
39363-63-8	"Present (with >0.05% Maleic anhydride, [1252])" As Phthalic anhydride [85-44-9]
80347-34-8	"Present ([2667])" As 4-Vinylpyridine [100-43-6]
24478-74-8	"Present ([0273])" As Polychlorinated dibenzofurans [136677-10-6]
85605-18-1	"Present (with phlegmatizer, [0635])" As 1,3,5,7-Tetraazabicyclo[3.3.1]nonane, 3,7-dinitroso- [101-25-7]
37223-83-9	"Present (with >3% free acid, [1321])" As Lead sulfate [7446-14-2]
7283-42-3	"Present ([1714])" As Thioglycolic acid [68-11-1]
80879-60-3	"Present ([2450])" As Sulfurous acid [7782-99-2]
26264-02-8	"Present ([1726])" As Nonylphenol ethoxylates [9016-45-9]
8012-13-3	"Present (solution, [1283])" As Ammonium sulfide [12135-76-1]
37209-35-1	"Present (hypertoxic chemical, [1998])" As Isofluorophate [55-91-4]
666-52-4	"Present ([0137])" As Acetone [67-64-1]
8007-59-8	"Present (solution, with >5% available Chlorine, [0166])" As Sodium hypochlorite [7681-52-9]
87854-55-5	"Present ([2161])" As Vanadium pentoxide [1314-62-1]
438546-17-9	"Present ([0532])" As Dichlorosilane [4109-96-0]
3432-57-3	"Present (This CAS number is listed in the source under the chemical name: 1,2,3,4-Tetrachloronaphthalene, [2053])" As Tetrachloronaphthalene [1335-88-2]
54589-71-8	"Present ([0273])" As Polychlorinated dibenzofurans [136677-10-6]
557-12-0	"Present ([1691])" As Nickel potassium cyanide [14220-17-8]
19121-60-9	"Present ([0757])" As Ammonium bifluoride [1341-49-7]
1867-10-3	"Present ([1550])" As Chloroacetonitrile [107-14-2]
17404-66-9	"Present ([1725])" As Nonylphenols [25154-52-3];
378751-50-9	"Present (powder, [1216])" As Hafnium [7440-58-6]
86857-22-9	"Present (content >90% but <=100%, [0295]); Present (content >57% but <=90%, with type A thinner >=10%, [0295]); Present (content <=32%, with type A thinner >=26%, with type B thinner >=42%, [0295]); Present (content <=57%, with type A thinner >=43%, [0295]); Present (content <=57%, with inert solid >=43%, [0295]); Present (content <=77%, with type B thinner >=23%, [0295]); Present (content <=90%,
8068-81-3	"Present ([2788])" As Ethyl hexanoate [123-66-0]
210407-18-4	"Present ([2105])" As Tetraisopropyl titanate [546-68-9]
7642-10-6	"Present ([0834])" As Hept-3-ene [592-78-9]
189641-40-5	"Present (content <=100%, [0374])" As Hexaneperoxoic acid, 2-ethyl-, 1,1,4,4-tetramethyl-1,4-butanediyl ester [13052-09-0]
25215-19-4	"Present ([1315])" As Cobalt sulfate [10124-43-3]
237391-94-5	"Present (solution, [0823])" As Chromic acid (H2CrO4) [7738-94-5]
52037-46-4	"Present ([1866])" As Trichloroethylene [79-01-6]
590-67-0	"Present ([1120])" As Methylcyclohexanols [25639-42-3]
423724-63-4	"Present ([1477])" As Copper chloride (CuCl2) [7447-39-4]
63156-11-6	"Present ([1610])" As Trimethyl borate [121-43-7]
37230-99-2	"Present ([1726])" As Nonylphenol ethoxylates [9016-45-9]
761337-30-8	"Present ([2107])" As Calcium carbide [75-20-7]
59948-56-0	"Present ([1825])" As 1,1,2-Trichloro-1,2,2-trifluoroethane [76-13-1]
733733-47-6	"Present ([0098])" As Pyridine [110-86-1]
3074-76-8	"Present ([1728])" As Nonanes [RR-04090-4]
823271-95-0	"Present (stabilized, [1031])" As Isoprene [78-79-5]
874217-13-7	"Present (stabilized, [1105])" As Methyl methacrylate [80-62-6]
61789-95-5	"Present ([1967])" As Petroleum [8002-05-9]
60459-08-7	"Present ([1315])" As Cobalt sulfate [10124-43-3]
6912-85-2	"Present (hypertoxic chemical, [1097])" As Nicotine [54-11-5]
7790-84-3	"Present ([1313])" As Cadmium sulfate [10124-36-4]
29932-96-5	"Present ([2347])" As (1,1,3,3-Tetramethylbutyl)phenol (mixed isomers) [27193-28-8]
494798-31-1	"Present (compressed or liquefied, [0929])" As Helium [7440-59-7]
52663-75-9	"Present ([0274])" As 1,1'-Biphenyl, chloro derivatives [1336-36-3]
20427-11-6	"Present ([1684])" As Cobalt cyanide (Co(CN)2) [542-84-7]
7291-22-7	"Present ([0098])" As Pyridine [110-86-1]
446255-54-5	"Present ([0276])" As Benzene, 1,1'-oxybis-, bromo derivatives [90193-67-2]
34902-62-0	"Present ([1271])" As Phosphoric acid, tris(methylphenyl) esters [1330-78-5]
29754-21-0	"Present (stabilized, [0143])" As Acrylonitrile [107-13-1]
27177-03-3	"Present ([1726])" As Nonylphenol ethoxylates [9016-45-9]
83704-50-1	"Present ([0273])" As Polychlorinated dibenzofurans [136677-10-6]
69698-58-4	"Present ([0273])" As Polychlorinated dibenzofurans [136677-10-6]
18186-75-9	"Present ([1348])" As Silanamine, 1,1,1-trimethyl-N-(trimethylsilyl)- [999-97-3]
31649-91-9	"Present ([1610])" As Trimethyl borate [121-43-7]
446254-17-7	"Present ([0276])" As Benzene, 1,1'-oxybis-, bromo derivatives [90193-67-2]
378784-99-7	"Present (dust, [2358]); Present (powder, [2358]); Present (ashes, [2358])" As Zinc [7440-66-6]
848779-17-9	"Present (hypertoxic chemical, [2157])" As Iron, pentacarbonyl- [13463-40-6]
446254-38-2	"Present ([2081])" As Benzene, 1,1'-oxybis-, tetrabromo derivative [40088-47-9];
19448-61-4	"Present ([0126])" As Propanoic acid [79-09-4]
74487-85-7	"Present ([0274])" As 1,1'-Biphenyl, chloro derivatives [1336-36-3]
245657-50-5	"Present ([1372])" As Hexabromobiphenyl [36355-01-8]
8031-48-9	"Present ([0163]); Present ([1621], listed under Bleaching powder); Present (with >39% available Chlorine, [1622], listed under Bleaching powder concentrate)" As Calcium hypochlorite [7778-54-3]
719993-31-4	"Present (hypertoxic chemical, [0732])" As Fluorine [7782-41-4]
19166-97-3	"Present ([0799])" As Ammonium perchlorate [7790-98-9]
518050-49-2	"Present ([2105])" As Tetraisopropyl titanate [546-68-9]
36835-64-0	"Present ([0771])" As Fluoroboric acid [16872-11-0]
437701-79-6	"Present ([0276])" As Benzene, 1,1'-oxybis-, bromo derivatives [90193-67-2]
63908-52-1	"Present (stabilized, [0143])" As Acrylonitrile [107-13-1]
25587-94-4	"Present ([1682])" As Mercuric cyanide [592-04-1]
52683-07-5	"Present ([1726])" As Nonylphenol ethoxylates [9016-45-9]
3000-79-1	"Present ([1138])" As Piperidine, 2-methyl- [109-05-7]
51887-47-9	"Present ([0835])" As Mercury [7439-97-6]
378253-37-3	"Present ([0047])" As Barium [7440-39-3]
56549-34-9	"Present ([1375])" As 1,3,5,7-Tetraazatricyclo[3.3.1.1(3,7)]decane [100-97-0]
446254-20-2	"Present ([2081])" As Benzene, 1,1'-oxybis-, tetrabromo derivative [40088-47-9];
26979-67-9	"Present ([1342])" As Tungsten hexafluoride [7783-82-6]
69458-54-4	"Present ([1719])" As 1-Octanesulfonic acid, 1,1,2,2,3,3,4,4,5,5,6,6,7,7,8,8,8-heptadecafluoro-, potassium salt [2795-39-3]
52663-62-4	"Present ([0274])" As 1,1'-Biphenyl, chloro derivatives [1336-36-3]
71925-17-2	"Present ([0272])" As Polychlorinated dibenzo-p-dioxins [136677-09-3]
67382-92-7	"Present ([1175])" As Formic acid [64-18-6]
1595-04-6	"Present ([0225])" As Butyltoluenes [27458-20-4]
77536-67-5	"Present ([1963])" As Asbestos [1332-21-4]
62796-65-0	"Present ([0274])" As 1,1'-Biphenyl, chloro derivatives [1336-36-3]
15758-45-9	"Present ([2188])" As Selenium [7782-49-2]
162430-36-6	"Present ([0291])" As Diphenyl oxide 4,4'-disulfohydrazide [80-51-3]
50929-03-8	"Present ([2759])" As n-Butylamine [109-73-9]
441352-55-2	"Present ([1726])" As Nonylphenol ethoxylates [9016-45-9]
74472-53-0	"Present ([0274])" As 1,1'-Biphenyl, chloro derivatives [1336-36-3]
41464-42-0	"Present ([0274])" As 1,1'-Biphenyl, chloro derivatives [1336-36-3]
875538-26-4	"Present (hypertoxic chemical, [0481])" As Strychnine [57-24-9]
378784-59-9	"Present ([2103])" As Thallium [7440-28-0]
6994-04-3	"Present ([1355])" As Endosulfan [115-29-7]
52663-65-7	"Present ([0274])" As 1,1'-Biphenyl, chloro derivatives [1336-36-3]
725200-57-7	"Present ([1648])" As Hydrogen [1333-74-0]
27323-18-8	"Present ([0274])" As 1,1'-Biphenyl, chloro derivatives [1336-36-3]
802009-52-5	"Present ([0467])" As Piperazine, 1,4-dimethyl- [106-58-1]
4219-19-6	"Present (wetted with >=20% water or Mixture of alcohol and water, [1890])" As 1,3-Benzenediol, 2,4,6-trinitro-, lead salt [15245-44-0]
52438-14-9	"Present ([1804])" As Trimethylhexamethylenediamine [25620-58-0]
82291-38-1	"Present ([0272])" As Polychlorinated dibenzo-p-dioxins [136677-09-3]
65455-72-3	"Present ([1726])" As Nonylphenol ethoxylates [9016-45-9]
8014-94-6	"Present ([0639])" As Sulfur dioxide [7446-09-5]
77001-45-7	"Present ([1830])" As 2,4,5-Trichlorophenol [95-95-4]
87128-90-3	"Present ([1125])" As Methanesulfonic acid [75-75-2]
53800-53-6	"Present (wetted with >=15% water, [0957]); Present (desensitized, [0957])" As Cyclonite [121-82-4]
27340-43-8	"Present (hypertoxic chemical, [0849])" As Decaborane [17702-41-9]
37317-48-9	"Present (with >=25% water, [2208]); Present (with >=25% Alcohol and <=12.6% Nitrogen, [2208]); Present (with >=25% Alcohol, [2208]); Present (with <=12.6% Nitrogen, [2208]); Present (unmodified, or plasticized, with <18% plasticizing substance, [2208]); Present (solution, with <=12.6% Nitrogen and <=55% Nitrocellulose, [2208]); Present (dry or wetted with <25% water or Alcohol, [2208])" As Nitroc
615-65-6	"Present ([1501])" As Chlorotoluidines [53906-68-6]
61840-45-7	"Present ([2633])" As Phenylmercuric acetate [62-38-4]
418768-50-0	"Present ([2429])" As Bromoacetic acid [79-08-3]
38379-99-6	"Present ([0274])" As 1,1'-Biphenyl, chloro derivatives [1336-36-3]
32690-33-8	"Present (content <=52%, with inert solid >=48%, [2007]); Present (content >52% but <=100%, [2007])" As n-Butyl 4,4-bis(tert-butylperoxy)valerate [995-33-5]
8028-83-9	"Present ([0331])" As Dibutyltin dilaurate [77-58-7]
8026-94-6	"Present ([1029])" As Cresol, all isomers [1319-77-3]
7803-57-8	"Present (with <=64% Hydrazine, [2012])" As Hydrazine hydrate [10217-52-4];
16747-30-1	"Present ([1728])" As Nonanes [RR-04090-4]
509171-19-1	"Present ([1726])" As Nonylphenol ethoxylates [9016-45-9]
62301-32-0	"Present ([0098])" As Pyridine [110-86-1]
29543-81-5	"Present ([0270])" As Superphosphoric acid [8017-16-1]
72802-72-3	"Present ([0771])" As Fluoroboric acid [16872-11-0]
426824-51-3	"Present ([1355])" As Endosulfan [115-29-7]
2536-05-2	"Present ([0317])" As Benzene, 1,1'-methylenebis[isocyanato- [26447-40-5]
36826-26-3	"Present (compressed or liquefied, [1584])" As Neon [7440-01-9]
856824-71-0	"Present ([2235])" As p-Nitrophenol [100-02-7]
2196169-62-5	"Present ([2189])" As Cadmium selenide [1306-24-7]
53563-56-7	"Present ([0276])" As Benzene, 1,1'-oxybis-, bromo derivatives [90193-67-2]
21152-15-8	"Present (content >1%, hypertoxic chemical, [0042])" As Isobenzan [297-78-9]
8068-73-3	"Present (hypertoxic chemical, [1071])" As 4,6-Dinitro-o-cresol [534-52-1]
59217-76-4	"Present ([0760])" As Rubidium fluoride (RbF) [13446-74-7]
29817-79-6	"Present (compressed or liquefied, [0172])" As Nitrogen [7727-37-9]
52663-63-5	"Present ([0274])" As 1,1'-Biphenyl, chloro derivatives [1336-36-3]
81827-35-2	"Present (in solution, content <=37%, [1811])" As Ethaneperoxoic acid, phenoxy-, 1,1,3,3-tetramethylbutyl ester [59382-51-3]
446255-38-5	"Present ([0276])" As Benzene, 1,1'-oxybis-, bromo derivatives [90193-67-2]
38380-01-7	"Present ([0274])" As 1,1'-Biphenyl, chloro derivatives [1336-36-3]
1693-74-9	"Present ([2071])" As Tetrahydrofuran [109-99-9]
6144-29-2	"Present (stabilized, [2677])" As Diketene [674-82-8]
1632-89-9	"Present ([2627])" As Acetaldehyde [75-07-0]
56795-67-6	"Present (hypertoxic chemical, [2047])" As 2,3,7,8-Tetrachlorodibenzo-p-dioxin [1746-01-6]
3236-54-2	"Present ([1804])" As 1,6-Hexanediamine, 2,2,4(or 2,4,4)-trimethyl- [25513-64-8];
57117-40-5	"Present ([0273])" As Polychlorinated dibenzofurans [136677-10-6]
70424-70-3	"Present ([0274])" As 1,1'-Biphenyl, chloro derivatives [1336-36-3]
15978-33-3	"Present ([1375])" As 1,3,5,7-Tetraazatricyclo[3.3.1.1(3,7)]decane [100-97-0]
39390-77-7	"Present (hypertoxic chemical, [2144])" As Pentachlorophenol [87-86-5]
38444-81-4	"Present ([0274])" As 1,1'-Biphenyl, chloro derivatives [1336-36-3]
245654-31-3	"Present ([2105])" As Tetraisopropyl titanate [546-68-9]
158707-50-7	"Present ([1760])" As Tributyltin benzoate [4342-36-3]
51005-19-7	"Present ([2507], listed under Hydrochloric acid); Present (anhydrous, [1475])" As Hydrochloric acid [7647-01-0]
65337-13-5	"Present ([0232])" As 3-Butyn-2-ol [2028-63-9]
203812-34-4	"Present ([2161])" As Vanadium pentoxide [1314-62-1]
41464-46-4	"Present ([0274])" As 1,1'-Biphenyl, chloro derivatives [1336-36-3]
75882-09-6	"Present ([1726])" As Nonylphenol ethoxylates [9016-45-9]
464-45-9	"Present ([1232])" As Borneol [507-70-0]
82497-43-6	"Present ([2492])" As Sodium nitrite [7632-00-0]
74992-97-5	"Present ([0273])" As Polychlorinated dibenzofurans [136677-10-6]
52440-94-5	"Present ([1726])" As Nonylphenol ethoxylates [9016-45-9]
27942-27-4	"Present ([1726])" As Nonylphenol ethoxylates [9016-45-9]
79620-41-0	"Present ([1859])" As Trichlorofluoromethane [75-69-4]
59536-65-1	"Present ([1372])" As Hexabromobiphenyl [36355-01-8]
16747-33-4	"Present ([1728])" As Nonanes [RR-04090-4]
71215-63-9	"Present ([1017])" As Benzene, 1,3-diisocyanatomethyl- [26471-62-5]
37209-29-3	"Present (content >15%, hypertoxic chemical, [0679])" As Chlormephos [24934-91-6]
199281-20-4	"Present ([1572])" As Magnesium [7439-95-4]
52663-73-7	"Present ([0274])" As 1,1'-Biphenyl, chloro derivatives [1336-36-3]
37382-45-9	"Present ([2536])" As Sodium oxide (Na2O) [1313-59-3]
21395-82-4	"Present ([0975])" As (Z)-Cyclooctene [931-87-3]
63793-40-8	"Present ([2710])" As Isophorone diisocyanate [4098-71-9]
54841-72-4	"Present ([2622])" As Acetonitrile [75-05-8]
70648-24-7	"Present ([0273])" As Polychlorinated dibenzofurans [136677-10-6]
38605-30-0	"Present ([0253])" As Alkanes, C10-13, chloro [85535-84-8]
446254-35-9	"Present ([2081])" As Benzene, 1,1'-oxybis-, tetrabromo derivative [40088-47-9];
67562-39-4	"Present ([0273])" As Polychlorinated dibenzofurans [136677-10-6]
54182-73-9	"Present ([0399])" As Azinphos-methyl [86-50-0]
60145-20-2	"Present ([0274])" As 1,1'-Biphenyl, chloro derivatives [1336-36-3]
24917-15-5	"Present ([1608])" As Sodium borohydride [16940-66-2]
26683-69-2	"Present ([2103])" As Thallium [7440-28-0]
26914-33-0	"Present ([0274])" As 1,1'-Biphenyl, chloro derivatives [1336-36-3]
35658-65-2	"Present ([1463])" As Cadmium chloride [10108-64-2]
37203-75-1	"Present ([0226])" As Phosphoric acid, butyl ester [12788-93-1]
34214-82-9	"Present ([0253])" As Alkanes, C10-13, chloro [85535-84-8]
31169-63-8	"Present (with free Sulphuric acid, [2130])" As Alkyl sulfonic acids [RR-02838-6]
491846-65-2	"Present ([2247])" As Hydrazine, (4-nitrophenyl)- [100-16-3]
1620837-37-7	"Present ([1368])" As Benzene, 1,1'-oxybis-, hexabromo derivative [36483-60-0];
2130-41-8	"Present (stabilized, [2677])" As Diketene [674-82-8]
161279-65-8	"Present (powder, [0963])" As Naphthenic acids, cobalt salts [61789-51-3]
87110-01-8	"Present ([0799])" As Ammonium perchlorate [7790-98-9]
83857-41-4	"Present (content >0.5%, hypertoxic chemical, [0394])" As Monocrotophos [6923-22-4]
68525-58-6	"Present ([0525])" As 1,3-Dichloropropene [542-75-6]
724693-69-0	"Present ([2563])" As Carbon monoxide [630-08-0]
1818401-35-2	"Present (anhydrous, [1842]); Present (solution, [1842])" As Aluminum chloride [7446-70-0]
505027-72-5	"Present ([1171])" As Methanethiol [74-93-1]
449752-61-8	"Present ([1915])" As Triethylamine [121-44-8]
73575-55-0	"Present ([0274])" As 1,1'-Biphenyl, chloro derivatives [1336-36-3]
37309-13-0	"Present ([0725])" As Sodium ammonium vanadate [12055-09-3]
52470-25-4	"Present ([2300])" As Guanidine mononitrate [506-93-4]
67562-40-7	"Present ([0273])" As Polychlorinated dibenzofurans [136677-10-6]
75013-56-8	"Present ([0745])" As Barium fluoride [7787-32-8]
61279-73-0	"Present ([2537])" As Beryllium oxide [1304-56-9]
5409-83-6	"Present ([0273])" As Polychlorinated dibenzofurans [136677-10-6]
183135-74-2	"Present ([0771])" As Fluoroboric acid [16872-11-0]
71515-81-6	"Present ([2105])" As Tetraisopropyl titanate [546-68-9]
199330-98-8	"Present ([1087])" As Methylphenyldichlorosilane [149-74-6]
61279-75-2	"Present ([2537])" As Beryllium oxide [1304-56-9]
1595-11-5	"Present ([0225])" As Butyltoluenes [27458-20-4]
807306-74-7	"Present ([2563])" As Carbon monoxide [630-08-0]
28515-38-0	"Present ([0317])" As Benzene, 1,1'-methylenebis[isocyanato- [26447-40-5]
173201-80-4	"Present ([0488])" As Ethylene glycol dimethyl ether [110-71-4]
69365-72-6	"Present ([2301])" As Gallium(III) nitrate [13494-90-1]
16857-09-3	"Present ([2142])" As Phosphorus pentasulfide [1314-80-3]
701915-52-8	"Present ([0911])" As Sodium percarbonate [15630-89-4]
64568-18-9	"Present ([1293])" As Sodium hydrosulfide [16721-80-5]
2832056-54-7	"Present (powder, [1377])" As Aluminum [7429-90-5]
63525-90-6	"Present ([1373])" As Hexamethylene diisocyanate [822-06-0]
15756-32-8	"Present (powder, [2121])" As Antimony [7440-36-0]
36-35-1	"Present ([0177])" As Digoxin [20830-75-5]
441352-57-4	"Present ([1726])" As Nonylphenol ethoxylates [9016-45-9]
70876-64-1	"Present ([0759])" As Sodium fluoride (Na(HF2)) [1333-83-1]
59291-65-5	"Present ([0274])" As 1,1'-Biphenyl, chloro derivatives [1336-36-3]
82911-60-2	"Present ([0273])" As Polychlorinated dibenzofurans [136677-10-6]
64296-14-6	"Present ([1726])" As Nonylphenol ethoxylates [9016-45-9]
8022-90-0	"Present ([2010])" As Dipentene [138-86-3]
71669-23-3	"Present ([0272])" As Polychlorinated dibenzo-p-dioxins [136677-09-3]
77090-48-3	"Present ([0318])" As 4,4'-Methylenediphenyl diisocyanate [101-68-8]
222532-79-8	"Present ([0799])" As Ammonium perchlorate [7790-98-9]
74338-23-1	"Present ([0274])" As 1,1'-Biphenyl, chloro derivatives [1336-36-3]
60291-32-9	"Present ([1359])" As .alpha.-Hexachlorocyclohexane [319-84-6]
172908-18-8	"Present ([0771])" As Fluoroboric acid [16872-11-0]
226225-58-7	"Present ([1726])" As Nonylphenol ethoxylates [9016-45-9]
18623-82-0	"Present ([0758])" As Potassium fluoride (K(HF2)) [7789-29-9]
71669-24-4	"Present ([0272])" As Polychlorinated dibenzo-p-dioxins [136677-09-3]
51938-46-6	"Present (hypertoxic chemical, [1202])" As Saxitoxin [35523-89-8]
27177-01-1	"Present ([1726])" As Nonylphenol ethoxylates [9016-45-9]
15743-55-2	"Present (dust, [2358]); Present (powder, [2358]); Present (ashes, [2358])" As Zinc [7440-66-6]
79562-15-5	"Present (content >80%, [2630]); Present (content >10% but <=80%, [2630])" As Acetic acid [64-19-7]
865-49-6	"Present ([1852])" As Chloroform [67-66-3]
33857-26-0	"Present ([0272])" As Polychlorinated dibenzo-p-dioxins [136677-09-3]
20636-48-0	"Present ([1726])" As Nonylphenol ethoxylates [9016-45-9]
39001-02-0	"Present ([0273])" As Polychlorinated dibenzofurans [136677-10-6]
77546-17-9	"Present ([0640])" As Chlorine dioxide [10049-04-4]
168153-21-7	"Present ([0417])" As N,N-Dimethylaniline [121-69-7]
19122-79-3	"Present ([1286])" As Mercury sulfide (HgS) [1344-48-5]
68194-10-5	"Present ([0274])" As 1,1'-Biphenyl, chloro derivatives [1336-36-3]
83704-40-9	"Present ([0273])" As Polychlorinated dibenzofurans [136677-10-6]
37368-02-8	"Present ([2188])" As Selenium [7782-49-2]
6140-88-1	"Present (with free Sulphuric acid, [2130])" As Alkyl sulfonic acids [RR-02838-6]
57035-13-9	"Present ([1290])" As Sulfur [7704-34-9]
64560-14-1	"Present ([0273])" As Polychlorinated dibenzofurans [136677-10-6]
20427-84-3	"Present ([1726])" As Nonylphenol ethoxylates [9016-45-9]
29027-17-6	"Present ([1501])" As Chlorotoluidines [53906-68-6]
45361-50-0	"Present ([0100])" As 1H-Pyrrole [109-97-7]
811-98-3	"Present ([1022])" As Methyl alcohol [67-56-1]
58391-87-0	"Present ([2715])" As Allyl isothiocyanate [57-06-7]
33284-53-6	"Present ([0274])" As 1,1'-Biphenyl, chloro derivatives [1336-36-3]
16747-38-9	"Present ([1728])" As Nonanes [RR-04090-4]
161544-44-1	"Present ([0003])" As Isophorone diamine [2855-13-2]
2924823-56-1	"Present (powder, [1377])" As Aluminum [7429-90-5]
74893-78-0	"Present (dry or wetted with <10% water, [1873]); Present (with >=10% water, [1873])" As Ammonium picrate [131-74-8]
17974-04-8	"Present ([0382])" As Cycloheximide [66-81-9]
41903-57-5	"Present ([0272])" As Polychlorinated dibenzo-p-dioxins [136677-09-3]
88733-28-2	"Present (hypertoxic chemical, [0461])" As 1,1-Dimethylhydrazine [57-14-7]
17301-10-9	"Present (content 2-90%, hypertoxic chemical, [1351])" As Dieldrin [60-57-1]
82584-73-4	"Present ([2364])" As Epibromohydrin [3132-64-7]
73247-42-4	"Present ([1599])" As Diazenedicarboxamide [123-77-3]
65075-08-3	"Present ([0276])" As Benzene, 1,1'-oxybis-, bromo derivatives [90193-67-2]
83704-29-4	"Present ([0273])" As Polychlorinated dibenzofurans [136677-10-6]
172906-39-7	"Present ([1455])" As Mercurate(1-), (4-carboxylatophenyl)chloro-, hydrogen [59-85-8]
16729-61-6	"Present (suspended in kerosene, [1217])" As Lanthanum [7439-91-0]
623588-93-2	"Present ([1726])" As Nonylphenol ethoxylates [9016-45-9]
62169-44-2	"Present ([1726])" As Nonylphenol ethoxylates [9016-45-9]
2206-26-0	"Present ([2622])" As Acetonitrile [75-05-8]
7787-56-6	"Present ([1319])" As Beryllium sulfate [13510-49-1]
1943678-94-1	"Present ([1726])" As Nonylphenol ethoxylates [9016-45-9]
16178-66-8	"Present ([0934])" As Phenothiazin-5-ium, 3,7-diamino-, chloride [581-64-6]
62010-25-7	"Present ([0844])" As Lead silicate [11120-22-2]
18534-07-1	"Present ([2313])" As Nickel(II) nitrate [13138-45-9]
882528-56-5	"Present (compressed or liquefied, [0172])" As Nitrogen [7727-37-9]
83719-40-8	"Present ([0273])" As Polychlorinated dibenzofurans [136677-10-6]
822-13-9	"Present ([0253])" As Alkanes, C10-13, chloro [85535-84-8]
378782-04-8	"Present ([0835])" As Mercury [7439-97-6]
218599-63-4	"Present ([0038])" As Octafluoropropane [76-19-7]
15758-29-9	"Present ([1221])" As Cesium [7440-46-2]
68959-13-7	"Present ([2811])" As 1-Naphthalenesulfonyl chloride, 6-diazo-5,6-dihydro-5-oxo- [3770-97-6]
18235-46-6	"Present ([2103])" As Thallium [7440-28-0]
88001-94-9	"Present ([0318])" As 4,4'-Methylenediphenyl diisocyanate [101-68-8]
464-43-7	"Present ([1232])" As Borneol [507-70-0]
1809431-45-5	"Present ([1726])" As Nonylphenol ethoxylates [9016-45-9]
87788-31-6	"Present ([1773])" As Boron, (ethanamine)trifluoro-, (T-4)- [75-23-0]
83704-51-2	"Present ([0273])" As Polychlorinated dibenzofurans [136677-10-6]
62139-95-1	"Present ([0366])" As Dichlorvos [62-73-7]
53633-14-0	"Present ([0318])" As 4,4'-Methylenediphenyl diisocyanate [101-68-8]
547767-06-6	"Present ([0771])" As Fluoroboric acid [16872-11-0]
72516-02-0	"Present (powder, amorphous, [0837])" As Silicon [7440-21-3]
15755-33-6	"Present ([1924])" As Arsenic [7440-38-2]
52697-21-9	"Present ([0757])" As Ammonium bifluoride [1341-49-7]
71124-11-3	"Present ([1908])" As Triethylenetetramine [112-24-3]
29543-79-1	"Present ([0270])" As Superphosphoric acid [8017-16-1]
33960-08-6	"Present ([2298])" As Mercury(II) nitrate [10045-94-0]
54366-07-3	"Present ([0238])" As 1-Butene [106-98-9]
81775-94-2	"Present ([0291])" As Diphenyl oxide 4,4'-disulfohydrazide [80-51-3]
82785-55-5	"Present ([0055])" As p-Phenylenediamine [106-50-3]
624-29-3	"Present ([0451])" As 1,4-Dimethylcyclohexane [589-90-2]
35065-27-1	"Present ([0274])" As 1,1'-Biphenyl, chloro derivatives [1336-36-3]
378784-61-3	"Present ([2103])" As Thallium [7440-28-0]
40581-90-6	"Present ([0272])" As Polychlorinated dibenzo-p-dioxins [136677-09-3]
200863-18-9	"Present (in Acetic anhydride, solution, [0801]); Present (content 50-72%, [0798]); Present (content >72%, [0798]); Present (content <=50%, [0798])" As Perchloric acid [7601-90-3]
251301-35-6	"Present ([2746])" As Methane, trimethoxy- [149-73-5]
76560-29-7	"Present ([1716])" As 1-Octanesulfonic acid, 1,1,2,2,3,3,4,4,5,5,6,6,7,7,8,8,8-heptadecafluoro-, ammonium salt [29081-56-9]
2098815-17-7	"Present ([0755])" As Lead fluoride [7783-46-2]
2379331-66-3	"Present ([1823])" As Antimony sulfide [1345-04-6]
7443-52-9	"Present ([1120])" As Methylcyclohexanols [25639-42-3]
854644-96-5	"Present (hypertoxic chemical, [0481])" As Strychnine [57-24-9]
20684-88-2	"Present ([2117])" As Carbonyl sulfide [463-58-1]
71751-04-7	"Present ([1262])" As Aluminum phosphide [20859-73-8]
63241-54-3	"Present ([1571])" As Kerosine, petroleum [8008-20-6]
2216-32-2	"Present ([1728])" As Nonanes [RR-04090-4]
57117-33-6	"Present ([0273])" As Polychlorinated dibenzofurans [136677-10-6]
27425-77-0	"Present ([2301])" As Gallium(III) nitrate [13494-90-1]
625084-37-9	"Present ([0630])" As 1,2-Dibromoethane [106-93-4]
32598-12-2	"Present ([0274])" As 1,1'-Biphenyl, chloro derivatives [1336-36-3]
849676-64-8	"Present (content >90% but <=100%, [0295]); Present (content >57% but <=90%, with type A thinner >=10%, [0295]); Present (content <=32%, with type A thinner >=26%, with type B thinner >=42%, [0295]); Present (content <=57%, with type A thinner >=43%, [0295]); Present (content <=57%, with inert solid >=43%, [0295]); Present (content <=77%, with type B thinner >=23%, [0295]); Present (content <=90%,
65455-69-8	"Present ([1726])" As Nonylphenol ethoxylates [9016-45-9]
61913-12-0	"Present ([2065])" As Captafol [2425-06-1]
172672-50-3	"Present ([0291])" As Diphenyl oxide 4,4'-disulfohydrazide [80-51-3]
52340-46-2	"Present ([1383])" As 3-Chloro-1,2-dihydroxypropane [96-24-2]
77392-70-2	"Present ([2071])" As Tetrahydrofuran [109-99-9]
864719-97-1	"Present ([1346])" As Hexamethyldisiloxane [107-46-0]
266002-75-9	"Present ([0039])" As Octafluorocyclobutane [115-25-3]
8014-23-1	"Present ([1738])" As Thiophene [110-02-1]
7446-13-1	"Present (hypertoxic chemical, [2087])" As Osmium tetroxide [20816-12-0]
15963-35-6	"Present ([1120])" As Methylcyclohexanols [25639-42-3]
83712-44-1	"Present ([2443])" As 4,4'-Methylenedianiline [101-77-9]
33025-41-1	"Present ([0274])" As 1,1'-Biphenyl, chloro derivatives [1336-36-3]
77671-22-8	"Present (content >80%, [2630]); Present (content >10% but <=80%, [2630])" As Acetic acid [64-19-7]
86921-26-8	"Present (anhydrous, [1339])" As Hexafluorophosphoric acid [16940-81-1]
1719-06-8	"Present ([1224], listed under Refined anthracene); Present ([0168], listed under Crude anthracene)" As Anthracene [120-12-7]
74472-41-6	"Present ([0274])" As 1,1'-Biphenyl, chloro derivatives [1336-36-3]
32694-96-5	"Present ([1666])" As Barium hydroxide (Ba(OH)2) [17194-00-2]
37229-06-4	"Present ([1629])" As Heptachlor [76-44-8]
159474-76-7	"Present ([0152])" As 2-Propenoic acid, isooctyl ester [29590-42-9]
60828-60-6	"Present ([1385])" As Propylene chlorohydrin [78-89-7]
53896-26-7	"Present ([1003])" As Hexanoic acid [142-62-1]
82870-81-3	"Present ([2103])" As Thallium [7440-28-0]
66554-51-6	"Present ([2458]); Present (solution, containing >5% available Chlorine, [2458])" As Sodium chlorite [7758-19-2]
71665-99-1	"Present ([0272])" As Polychlorinated dibenzo-p-dioxins [136677-09-3]
73299-28-2	"Present ([1271])" As Phosphoric acid, tris(methylphenyl) esters [1330-78-5]
88357-62-4	"Present ([1373])" As Hexamethylene diisocyanate [822-06-0]
8013-52-3	"Present ([0107])" As Denatured alcohols [RR-00113-8]
26293-22-1	"Present ([1042])" As 4-Methylcyclohexene [591-47-9]
52697-24-2	"Present ([0003])" As Isophorone diamine [2855-13-2]
6131-24-4	"Present ([1127])" As 3-Methylhexane [589-34-4]
76582-77-9	"Present ([1804])" As 1,6-Hexanediamine, 2,2,4(or 2,4,4)-trimethyl- [25513-64-8]
37202-64-5	"Present (powder, [1377])" As Aluminum [7429-90-5]
2641128-84-7	"Present (non-pyrophoric, [2532])" As Cadmium oxide [1306-19-0]
3221-61-2	"Present ([1728])" As Nonanes [RR-04090-4]
259264-35-2	"Present ([2105])" As Tetraisopropyl titanate [546-68-9]
189195-39-9	"Present ([1872])" As Picric acid [88-89-1]
56042-25-2	"Present ([0365])" As Trichlorfon [52-68-6]
518051-66-6	"Present ([2327])" As Strontium nitrate [10042-76-9]
499583-31-2	"Present ([1868])" As Symclosene [87-90-1]
70648-22-5	"Present ([0273])" As Polychlorinated dibenzofurans [136677-10-6]
8013-13-6	"Present (solution, [1173])" As Formaldehyde [50-00-0]
16606-02-3	"Present ([0274])" As 1,1'-Biphenyl, chloro derivatives [1336-36-3]
16747-31-2	"Present ([1728])" As Nonanes [RR-04090-4]
70648-21-4	"Present ([0273])" As Polychlorinated dibenzofurans [136677-10-6]
15862-07-4	"Present ([0274])" As 1,1'-Biphenyl, chloro derivatives [1336-36-3]
80966-32-1	"Present ([1726])" As Nonylphenol ethoxylates [9016-45-9]
20249-21-2	"Present ([2297])" As Chromium(III) nitrate [13548-38-4]
74749-71-6	"Present ([1726])" As Nonylphenol ethoxylates [9016-45-9]
2676-33-7	"Present ([1639])" As Ethyl lactate [97-64-3]
4165-61-1	"Present ([0051])" As Aniline [62-53-3]
55838-69-2	"Present ([1726])" As Nonylphenol ethoxylates [9016-45-9]
37680-66-3	"Present ([0274])" As 1,1'-Biphenyl, chloro derivatives [1336-36-3]
23724-81-4	"Present ([2361]); Present (solution with >=3.5% Bromine, [2361])" As Bromine [7726-95-6]
161728-27-4	"Present (compressed or liquefied, [0172])" As Nitrogen [7727-37-9]
78246-05-6	"Present ([0637])" As Nitrogen dioxide [10102-44-0]
25429-29-2	"Present ([0274])" As 1,1'-Biphenyl, chloro derivatives [1336-36-3]
52737-96-9	"Present ([0291])" As Diphenyl oxide 4,4'-disulfohydrazide [80-51-3]
8013-47-6	"Present ([2633])" As Phenylmercuric acetate [62-38-4]
85898-88-0	"Present ([0306])" As 1,3-Benzenediamine, 4-methyl- [95-80-7]
8050-43-9	"Present ([1569])" As Coal tar [8007-45-2]
74472-39-2	"Present ([0274])" As 1,1'-Biphenyl, chloro derivatives [1336-36-3]
16760-37-5	"Present (hypertoxic chemical, [1097])" As Nicotine [54-11-5]
20281-90-7	"Present ([1066])" As 2-Methylpentan-3-ol [565-67-3]
78206-91-4	"Present (aqueous solution, with <=64% Hydrazine, [1225]); Present (anhydrous, with >64% Hydrazine, [2134])" As Hydrazine [302-01-2]
8047-59-4	"Present ([0789]); Present (powder, [0789])" As Calcium [7440-70-2]
25314-61-8	"Present (stabilized, [0144])" As Acrolein [107-02-8]
45164-10-1	"Present (with free Sulphuric acid, [2130])" As Alkyl sulfonic acids [RR-02838-6]
446254-22-4	"Present ([2081])" As Benzene, 1,1'-oxybis-, tetrabromo derivative [40088-47-9];
33513-42-7	"Present ([0460])" As N,N-Dimethylformamide [68-12-2]
378784-19-1	"Present ([2188])" As Selenium [7782-49-2]
50908-84-4	"Present ([2309])" As Magnesium nitrate [10377-60-3]
378784-17-9	"Present ([2188])" As Selenium [7782-49-2]
74296-11-0	"Present ([0640])" As Chlorine dioxide [10049-04-4]
38444-84-7	"Present ([0274])" As 1,1'-Biphenyl, chloro derivatives [1336-36-3]
33648-22-5	"Present (content 2-90%, hypertoxic chemical, [1351])" As Dieldrin [60-57-1]
50813-73-5	"Present ([1964])" As Naphtha [8030-30-6]
58802-15-6	"Present ([0273])" As Polychlorinated dibenzofurans [136677-10-6]
68194-09-2	"Present ([0274])" As 1,1'-Biphenyl, chloro derivatives [1336-36-3]
1809431-82-0	"Present ([1726])" As Nonylphenol ethoxylates [9016-45-9]
74191-18-7	"Present ([1269])" As Zinc phosphide (Zn3P2) [1314-84-7]
38869-73-7	"Present ([1535]); Present (solution, [1535])" As Sodium chlorate [7775-09-9]
172515-29-6	"Present ([0771])" As Fluoroboric acid [16872-11-0]
29986-20-7	"Present ([1904])" As Acetaldehyde, tribromo- [115-17-3]
3884-95-5	"Present ([2347])" As (1,1,3,3-Tetramethylbutyl)phenol (mixed isomers) [27193-28-8]
34713-94-5	"Present ([1035])" As 2-Methyl-1-butanol [137-32-6]
769126-92-3	"Present (stabilized, [0143])" As Acrylonitrile [107-13-1]
62229-21-4	"Present ([1726])" As Nonylphenol ethoxylates [9016-45-9]
37187-23-8	"Present ([1726])" As Nonylphenol ethoxylates [9016-45-9]
195460-17-4	"Present ([2037])" As Tetramethylammonium hydroxide [75-59-2]
189084-57-9	"Present ([2081])" As Benzene, 1,1'-oxybis-, tetrabromo derivative [40088-47-9];
52038-46-7	"Present ([1726])" As Nonylphenol ethoxylates [9016-45-9]
52663-69-1	"Present ([0274])" As 1,1'-Biphenyl, chloro derivatives [1336-36-3]
71281-71-5	"Present ([0343])" As 1,1-Difluoroethane [75-37-6]
182579-52-8	"Present ([2278])" As Nitrotriazolone [932-64-9]
182260-46-4	"Present ([1215]); Present (powder, dry, [1215])" As Zirconium [7440-67-7]
879636-47-2	"Present ([1024]); Present (Methyl alcohol solution, [1025])" As Sodium methylate [124-41-4]
3074-77-9	"Present ([1728])" As Nonanes [RR-04090-4]
77536-61-9	"Present ([2581])" As Sodium o-(ethylmercurithio)benzoate [54-64-8]
167076-44-0	"Present (hypertoxic chemical, [1266])" As Phosphine [7803-51-2]
18411-36-4	"Present (suspended in kerosene, [1219])" As Neodymium [7440-00-8]
74472-36-9	"Present ([0274])" As 1,1'-Biphenyl, chloro derivatives [1336-36-3]
216859-03-9	"Present ([2106])" As Tetrapropylorthotitanate [3087-37-4]
1628689-99-5	"Present (content >90% but <=100%, [0377]); Present (content >=52% but <=90%, with type A thinner >=10%, [0377]); Present (content <=52%, with type A thinner >=48%, [0377]); Present (content <=77%, [0377]); Present (paste, content <=47%, [0377])" As 2,5-Dimethyl-2,5-di(tert-butylperoxy)hexane [78-63-7]
62470-53-5	"Present ([0272])" As Polychlorinated dibenzo-p-dioxins [136677-09-3]
7790-35-4	"Present ([2160])" As Iodine oxide (I2O5) [12029-98-0]
182893-14-7	"Present ([2489])" As Nitrous acid, calcium salt [13780-06-8]
56532-05-9	"Present ([2294])" As Calcium nitrate [10124-37-5]
68194-16-1	"Present ([0274])" As 1,1'-Biphenyl, chloro derivatives [1336-36-3]
82865-91-6	"Present ([1372])" As Hexabromobiphenyl [36355-01-8]
16544-92-6	"Present ([1465])" As Cobalt chloride (CoCl2) [7646-79-9]
20828-18-6	"Present (hypertoxic chemical, [0217])" As Sodium azide [26628-22-8]
75344-65-9	"Present ([1455])" As Mercurate(1-), (4-carboxylatophenyl)chloro-, hydrogen [59-85-8]
2490500-45-1	"Present ([2189])" As Cadmium selenide [1306-24-7]
879648-13-2	"Present ([2569])" As Potassium ethanolate [917-58-8]
58449-80-2	"Present ([1600])" As Propanenitrile, 2,2'-azobis[2-methyl- [78-67-1]
8028-34-0	"Present (hypertoxic chemical, [2533])" As Mercury oxide (HgO) [21908-53-2]
16605-91-7	"Present ([0274])" As 1,1'-Biphenyl, chloro derivatives [1336-36-3]
31259-85-5	"Present ([1757])" As Borane, tributyl- [122-56-5]
32958-55-7	"Present ([1803])" As Cyclohexanamine, 3,3,5-trimethyl- [15901-42-5]
87993-82-6	"Present (hypertoxic chemical, [1328])" As Sulfuric acid, thallium(1+) salt (1:2) [7446-18-6]
68497-58-5	"Present ([0368])" As N,N-Dimethyl-1,3-propanediamine [109-55-7]
63704-81-4	"Present ([2687])" As Propachlor [1918-16-7]
255839-65-7	"Present ([2105])" As Tetraisopropyl titanate [546-68-9]
68194-07-0	"Present ([0274])" As 1,1'-Biphenyl, chloro derivatives [1336-36-3]
378784-28-2	"Present ([1222])" As Strontium [7440-24-6]
79048-36-5	"Present ([0814])" As Sodium permanganate [10101-50-5]
30298-04-5	"Present ([0805])" As Magnesium perchlorate [10034-81-8]
857370-42-4	"Present ([1872])" As Picric acid [88-89-1]
55462-97-0	"Present ([0991])" As Adiponitrile [111-69-3]
283157-58-4	"Present ([0163]); Present ([1621], listed under Bleaching powder); Present (with >39% available Chlorine, [1622], listed under Bleaching powder concentrate)" As Calcium hypochlorite [7778-54-3]
41464-48-6	"Present ([0274])" As 1,1'-Biphenyl, chloro derivatives [1336-36-3]
58200-68-3	"Present ([0272])" As Polychlorinated dibenzo-p-dioxins [136677-09-3]
55353-34-9	"Present ([2154])" As Pentachloronitrobenzene [82-68-8]
52737-71-0	"Present ([1599])" As Diazenedicarboxamide [123-77-3]
16123-82-3	"Present (content >77% but <=100%, [0853]); Present (content <=52%, stable dispersion in water (frozen), [0853]); Present (content <=62%, stable dispersion in water, [0853]); Present (content <=77%, with type B thinner >=23%, [0853])" As Peroxydicarbonic acid, bis(2-ethylhexyl) ester [16111-62-9]
863639-26-3	"Present ([2161])" As Vanadium pentoxide [1314-62-1]
2222122-62-3	"Present ([2190])" As Lead selenide [12069-00-0]
70362-41-3	"Present ([0274])" As 1,1'-Biphenyl, chloro derivatives [1336-36-3]
22554-27-4	"Present ([1121])" As Methylcyclohexanones [1331-22-2]
65003-85-2	"Present ([2450])" As Sulfurous acid [7782-99-2]
83710-07-0	"Present ([0273])" As Polychlorinated dibenzofurans [136677-10-6]
19701-15-6	"Present (hypertoxic chemical, [2635])" As Acetic acid, mercury(2+) salt (2:1) [1600-27-7]
30784-30-6	"Present ([1725])" As Nonylphenols [25154-52-3];
62140-56-1	"Present (in Acetic acid solution, [2402], listed under Hydrogen bromide); Present ([2401], listed under Hydrogen bromide); Present ([1665])" As Hydrobromic acid [10035-10-6]
2226341-09-7	"Present ([1934])" As Calcium arsenate [7778-44-1]
882507-89-3	"Present ([1599])" As Diazenedicarboxamide [123-77-3]
888030-71-5	"Present ([1926])" As Gallium arsenide [1303-00-0]
807261-60-5	"Present ([0640])" As Chlorine dioxide [10049-04-4]
41464-51-1	"Present ([0274])" As 1,1'-Biphenyl, chloro derivatives [1336-36-3]
61711-63-5	"Present ([2589])" As Isofenphos [25311-71-1]
20780-53-4	"Present ([2530])" As Styrene oxide [96-09-3]
2031250-39-0	"Present ([0318])" As 4,4'-Methylenediphenyl diisocyanate [101-68-8]
71908-57-1	"Present ([1317])" As Strychnidin-10-one, 2,3-dimethoxy-, sulfate (2:1) [4845-99-2]
7791-07-3	"Present ([0806])" As Sodium perchlorate [7601-89-0]
61279-74-1	"Present ([2537])" As Beryllium oxide [1304-56-9]
292135-47-8	"Present ([2294])" As Calcium nitrate [10124-37-5]
82041-23-4	"Present (stabilized, [2650])" As Vinyl acetate [108-05-4]
871937-41-6	"Present ([1816])" As Silane, ethoxytrimethyl- [1825-62-3]
301-03-1	"Present ([0170])" As Maneb [12427-38-2]
83636-47-9	"Present ([0273])" As Polychlorinated dibenzofurans [136677-10-6]
52683-56-4	"Present ([2760])" As Benomyl [17804-35-2]
29732-50-1	"Present ([2655])" As Isoamyl acetate [123-92-2]
20316-06-7	"Present ([0170])" As Maneb [12427-38-2]
58802-09-8	"Present ([0272])" As Polychlorinated dibenzo-p-dioxins [136677-09-3]
3268-87-9	"Present ([0272])" As Polychlorinated dibenzo-p-dioxins [136677-09-3]
65035-41-8	"Present ([1726])" As Nonylphenol ethoxylates [9016-45-9]
62744-41-6	"Present ([2347])" As (1,1,3,3-Tetramethylbutyl)phenol (mixed isomers) [27193-28-8]
2199-97-5	"Present ([0768])" As Benzene, 1-fluoro-4-methyl- [352-32-9]
62642-07-3	"Present ([1313])" As Cadmium sulfate [10124-36-4]
67843-74-7	"Present ([1391])" As Epichlorohydrin [106-89-8]
35-98-3	"Present ([0928])" As 6.beta.-Acetoxy-3.beta.(.beta.-D-glucopyranosyloxy)-8,14-dihydroxybufa-4,20,22-trienolide [507-60-8]
53657-16-2	"Present ([0478])" As N,N-Dimethylisopropanolamine [108-16-7]
53240-95-2	"Present (hypertoxic chemical, [1071])" As 4,6-Dinitro-o-cresol [534-52-1]
39316-73-9	"Present ([1726])" As Nonylphenol ethoxylates [9016-45-9]
8003-07-4	"Present ([0630])" As 1,2-Dibromoethane [106-93-4]
208990-07-2	"Present ([0002])" As Ammonia [7664-41-7]
19869-93-3	"Present ([2188])" As Selenium [7782-49-2]
15749-66-3	"Present ([0932])" As Phosphorus elemental [7723-14-0]
34166-38-6	"Present ([1726])" As Nonylphenol ethoxylates [9016-45-9]
29832-11-9	"Present ([0261])" As 4-Nonylphenol [104-40-5]
28020-74-8	"Present ([2811])" As 1-Naphthalenesulfonyl chloride, 6-diazo-5,6-dihydro-5-oxo- [3770-97-6]
203009-17-0	"Present ([0636])" As Diethylenetriamine [111-40-0]
28932-86-7	"Present ([0928])" As 6.beta.-Acetoxy-3.beta.(.beta.-D-glucopyranosyloxy)-8,14-dihydroxybufa-4,20,22-trienolide [507-60-8]
2437-95-8	"Present ([1603])" As .alpha.-Pinene [80-56-8]
8050-32-6	"Present ([2010])" As Dipentene [138-86-3]
385800-12-4	"Present ([1926])" As Gallium arsenide [1303-00-0]
6108-12-9	"Present ([1362])" As 1,2,3,4,5,6-Hexachlorocyclohexane [608-73-1]
59291-64-4	"Present ([0274])" As 1,1'-Biphenyl, chloro derivatives [1336-36-3]
525584-40-1	"Present (hypertoxic chemical, [0481])" As Strychnine [57-24-9]
2706608-32-2	"Present (stabilized, [0096])" As Styrene [100-42-5]
856062-06-1	"Present ([0254])" As Benzenesulfonic acid, 4-amino- [121-57-3]
46438-88-4	"Present ([0276])" As Benzene, 1,1'-oxybis-, bromo derivatives [90193-67-2]
378750-90-4	"Present (powder, [1216])" As Hafnium [7440-58-6]
198699-88-6	"Present ([2105])" As Tetraisopropyl titanate [546-68-9]
8006-88-0	"Present ([2100])" As Pine oil [8002-09-3]
32598-13-3	"Present ([0274])" As 1,1'-Biphenyl, chloro derivatives [1336-36-3]
68194-13-8	"Present ([0274])" As 1,1'-Biphenyl, chloro derivatives [1336-36-3]
50356-25-7	"Present ([0060]); Present (solution, [0060])" As Phenol [108-95-2]
25852-84-0	"Present ([0270])" As Superphosphoric acid [8017-16-1]
62497-63-6	"Present ([2530])" As Styrene oxide [96-09-3]
24347-12-4	"Present ([1221])" As Cesium [7440-46-2]
68194-17-2	"Present ([0274])" As 1,1'-Biphenyl, chloro derivatives [1336-36-3]
15878-77-0	"Present ([2318])" As Nitric acid, praseodymium(3+) salt (3:1) [10361-80-5]
85531-00-6	"Present ([0947])" As Dicyclohexylammonium nitrite [3129-91-7]
37341-05-2	"Present ([0981])" As Ethylene oxide [75-21-8]
410546-95-1	"Present ([1330])" As Vanadyl sulfate [27774-13-6]
38380-08-4	"Present ([0274])" As 1,1'-Biphenyl, chloro derivatives [1336-36-3]
62229-24-7	"Present ([1726])" As Nonylphenol ethoxylates [9016-45-9]
76162-35-1	"Present ([0562])" As Dichloroisocyanuric acid [2782-57-2]
761458-30-4	"Present ([1348])" As Silanamine, 1,1,1-trimethyl-N-(trimethylsilyl)- [999-97-3]
39357-85-2	"Present ([1849])" As Antimony trichloride [10025-91-9]
341972-31-4	"Present (hypertoxic chemical, [1693], listed under Hydrogen cyanide); Present (content <=20%, [1664]); Present (fumigant, [1664])" As Hydrocyanic acid [74-90-8]
83690-98-6	"Present ([0273])" As Polychlorinated dibenzofurans [136677-10-6]
378253-43-1	"Present ([2361]); Present (solution with >=3.5% Bromine, [2361])" As Bromine [7726-95-6]
35065-30-6	"Present ([0274])" As 1,1'-Biphenyl, chloro derivatives [1336-36-3]
845825-70-9	"Present ([0771])" As Fluoroboric acid [16872-11-0]
6903-63-5	"Present ([0276])" As Benzene, 1,1'-oxybis-, bromo derivatives [90193-67-2]
37330-19-1	"Present (hypertoxic chemical, [1236])" As Antimycin A [1397-94-0]
859039-00-2	"Present ([0636])" As Diethylenetriamine [111-40-0]
29543-80-4	"Present ([0270])" As Superphosphoric acid [8017-16-1]
16166-89-5	"Present ([0777])" As Beryllate(2-), tetrafluoro-, diammonium, (T-4)- [14874-86-3]
20654-88-0	"Present ([1770])" As Boron trifluoride [7637-07-2]
6099-90-7	"Present ([1208])" As 1,3,5-Benzenetriol [108-73-6]
38380-02-8	"Present ([0274])" As 1,1'-Biphenyl, chloro derivatives [1336-36-3]
40321-76-4	"Present ([0272])" As Polychlorinated dibenzo-p-dioxins [136677-09-3]
24011-90-3	"Present ([2300])" As Guanidine mononitrate [506-93-4]
53555-02-5	"Present ([0272])" As Polychlorinated dibenzo-p-dioxins [136677-09-3]
37342-16-8	"Present ([0051])" As Aniline [62-53-3]
1588489-56-8	"Present ([0318])" As 4,4'-Methylenediphenyl diisocyanate [101-68-8]
20395-57-7	"Present ([1809])" As Trimethylchlorosilane [75-77-4]
865-50-9	"Present ([0193])" As Iodomethane [74-88-4]
51028-73-0	"Present ([0565])" As Epinephrine [51-43-4]
166165-37-3	"Present ([2161])" As Vanadium pentoxide [1314-62-1]
1940140-03-3	"Present ([1934])" As Calcium arsenate [7778-44-1]
50-32-8	"Present ([1568])" As Pitch, coal tar, high-temperature [65996-93-2]
188665-55-6	"Present ([0255])" As Terephthaloyl dichloride [100-20-9]
57460-66-9	"Present ([0318])" As 4,4'-Methylenediphenyl diisocyanate [101-68-8]
19034-08-3	"Present ([0981])" As Ethylene oxide [75-21-8]
52663-74-8	"Present ([0274])" As 1,1'-Biphenyl, chloro derivatives [1336-36-3]
244173-55-5	"Present ([2105])" As Tetraisopropyl titanate [546-68-9]
606-35-9	"Present ([1878])" As Trinitroanisole [28653-16-9]
4894-61-5	"Present ([1395])" As 2-Butene, 1-chloro- [591-97-9]
192076-92-9	"Present ([0069])" As 2-Phenylphenol [90-43-7]
22356-80-5	"Present (with free Sulphuric acid, [2130])" As Aryl sulphonic acid [RR-14924-6]
8058-73-9	"Present (content >3%, hypertoxic chemical, [0658])" As Demeton [8065-48-3]
31890-20-7	"Present ([2340])" As Silver nitrate [7761-88-8]
4016-01-7	"Present (with free Sulphuric acid, [2130])" As Aryl sulphonic acid [RR-14924-6]
5970-29-6	"Present (desensitized, [2545])" As Mercuric oxycyanide [1335-31-5]
71998-73-7	"Present ([0273])" As Polychlorinated dibenzofurans [136677-10-6]
68603-66-7	"Present ([1231])" As Ethane, 1,2-dichloro-, polymer with ammonia [29320-38-5]
33213-65-9	"Present ([1355])" As Endosulfan [115-29-7]
1620837-35-5	"Present ([2158])" As Benzene, 1,1'-oxybis-, pentabromo derivative [32534-81-9];
31432-46-9	"Present (with >0.2% combustible substances, including any organic substance calculated as Carbon, to the exclusion of any other added substance, [2286]); Present (with <=0.2% combustible substances, [2286])" As Ammonium nitrate [6484-52-2]
82476-60-6	"Present ([0177])" As Digoxin [20830-75-5]
3814-93-5	"Present (stabilized, [0096])" As Styrene [100-42-5]
7789-02-8	"Present ([2297])" As Chromium(III) nitrate [13548-38-4]
70936-97-9	"Present ([2710])" As Isophorone diisocyanate [4098-71-9]
40563-56-2	"Present ([0197])" As Calcium iodate [7789-80-2]
58802-20-3	"Present ([0273])" As Polychlorinated dibenzofurans [136677-10-6]
45981-71-3	"Present ([0003])" As Isophorone diamine [2855-13-2]
22465-18-5	"Present ([1313])" As Cadmium sulfate [10124-36-4]
71998-72-6	"Present ([0273])" As Polychlorinated dibenzofurans [136677-10-6]
15798-64-8	"Present ([0245])" As Crotonaldehyde [4170-30-3]
191542-01-5	"Present ([2552])" As Chlorodifluoromethane [75-45-6]
205-99-2	"Present ([1568])" As Pitch, coal tar, high-temperature [65996-93-2]
76560-79-7	"Present ([0739])" As Zirconium potassium fluoride [16923-95-8]
513-49-5	"Present ([2801])" As sec-Butylamine [13952-84-6]
2893-83-6	"Present ([0199])" As Iodic acid (HIO3), potassium salt [7758-05-6]
329202-13-3	"Present ([1963])" As Asbestos [1332-21-4]
7784-13-6	"Present (anhydrous, [1842]); Present (solution, [1842])" As Aluminum chloride [7446-70-0]
70116-68-6	"Present ([1051])" As 3-Methyl-2-butanol [598-75-4]
39635-33-1	"Present ([0274])" As 1,1'-Biphenyl, chloro derivatives [1336-36-3]
20407-74-3	"Present ([0227])" As 2-Butanethiol [513-53-1]
8013-23-8	"Present (solution in Alcohol with <=10% Nitroglycerin, [2203]); Present (desensitized with >=40% non-volatile, water-insoluble phlegmatizer, [2202])" As Nitroglycerin [55-63-0]
36383-15-0	"Present ([2804])" As sec-Butylbenzene [135-98-8]
1735-76-8	"Present ([0239])" As 2-Butene [107-01-7]
82005-09-2	"Present ([1095])" As p-Picoline [108-89-4]
1637232-73-5	"Present ([0650])" As Diethylamine [109-89-7]
51974-74-4	"Present ([1909])" As Nitrogen trioxide [10544-73-7]
18811-72-8	"Present ([2809])" As 1-Naphthalenesulfonic acid, 6-diazo-5,6-dihydro-5-oxo-, sodium salt [2657-00-3]
2323620-11-5	"Present ([1726])" As Nonylphenol ethoxylates [9016-45-9]
327155-87-3	"Present ([0317])" As Benzene, 1,1'-methylenebis[isocyanato- [26447-40-5]
85404-24-6	"Present ([0019])" As Isopropylamine [75-31-0]
1619933-04-8	"Present ([1194])" As p-Anisidine [104-94-9]
39635-34-2	"Present ([0274])" As 1,1'-Biphenyl, chloro derivatives [1336-36-3]
28767-59-1	"Present ([1823])" As Antimony sulfide [1345-04-6]
75-70-7	"Present (hypertoxic chemical, [1723])" As Trichloromethanesulphenyl chloride [594-42-3]
26979-66-8	"Present ([1342])" As Tungsten hexafluoride [7783-82-6]
850203-00-8	"Present (compressed or liquefied, [2561])" As Nitrous oxide [10024-97-2]
195436-38-5	"Present (anhydrous, [1842]); Present (solution, [1842])" As Aluminum chloride [7446-70-0]
589-91-3	"Present ([1120])" As Methylcyclohexanols [25639-42-3]
40186-72-9	"Present ([0274])" As 1,1'-Biphenyl, chloro derivatives [1336-36-3]
70620-28-9	"Present ([0331])" As Dibutyltin dilaurate [77-58-7]
69887-11-2	"Present ([0045])" As 1,1'-Biphenyl, ar,ar,ar,ar,ar',ar',ar',ar'-octabromo- [27858-07-7]
39421-77-7	"Present ([1908])" As Triethylenetetramine [112-24-3]
66554-50-5	"Present (solution, content >8%, [0903])" As Hydrogen peroxide [7722-84-1]
7025-06-1	"Present ([0276])" As Benzene, 1,1'-oxybis-, bromo derivatives [90193-67-2]
55157-41-0	"Present ([0318])" As 4,4'-Methylenediphenyl diisocyanate [101-68-8]
61696-01-3	"Present ([1503])" As Silane, (chloromethyl)trimethyl- [2344-80-1]
185009-39-6	"Present ([0528])" As Dichlorodifluoromethane [75-71-8]
409325-03-7	"Present ([2142])" As Phosphorus pentasulfide [1314-80-3]
50938-65-3	"Present (compressed or liquefied, [1237])" As Krypton [7439-90-9]
446254-36-0	"Present ([2081])" As Benzene, 1,1'-oxybis-, tetrabromo derivative [40088-47-9];
64126-87-0	"Present ([0273])" As Polychlorinated dibenzofurans [136677-10-6]
58180-28-2	"Present ([2524])" As 1,3-Benzenediamine, dihydrochloride [541-69-5]
72847-44-0	"Present ([1726])" As Nonylphenol ethoxylates [9016-45-9]
8030-64-6	"Present ([0835])" As Mercury [7439-97-6]
35054-52-5	"Present ([2294])" As Calcium nitrate [10124-37-5]
70648-23-6	"Present ([0273])" As Polychlorinated dibenzofurans [136677-10-6]
2098834-39-8	"Present ([2164])" As Antimony oxide (Sb2O5) [1314-60-9]
252209-76-0	"Present ([2333])" As Zirconyl nitrate [13826-66-9]
57117-36-9	"Present ([0273])" As Polychlorinated dibenzofurans [136677-10-6]
41630-01-7	"Present (anhydrous, [1842]); Present (solution, [1842])" As Aluminum chloride [7446-70-0]
51806-61-2	"Present (powder, [0963])" As Naphthenic acids, cobalt salts [61789-51-3]
74349-48-7	"Present ([2016])" As Mitomycin-C [50-07-7]
8012-12-2	"Present ([2340])" As Silver nitrate [7761-88-8]
37340-67-3	"Present ([1773])" As Boron, (ethanamine)trifluoro-, (T-4)- [75-23-0]
17647-74-4	"Present ([0647])" As 1,4-Dioxane [123-91-1]
342905-92-4	"Present ([1772])" As Boron trifluoride compound with methyl ether [353-42-4]
342009-25-0	"Present ([0352])" As Dimethylcarbamoyl chloride [79-44-7]
77536-66-4	"Present ([1963])" As Asbestos [1332-21-4]
66252-28-6	"Present ([0637])" As Nitrogen dioxide [10102-44-0]
6923-20-2	"Present ([0524])" As 1-Propene, 1,2-dichloro- [563-54-2]
70424-68-9	"Present ([0274])" As 1,1'-Biphenyl, chloro derivatives [1336-36-3]
39282-95-6	"Present ([1962])" As Decabromobiphenyl [13654-09-6]
71536-23-7	"Present (powder, amorphous, [0837])" As Silicon [7440-21-3]
6129-23-3	"Present (hypertoxic chemical, [2635])" As Acetic acid, mercury(2+) salt (2:1) [1600-27-7]
182677-30-1	"Present ([1368])" As Benzene, 1,1'-oxybis-, hexabromo derivative [36483-60-0];
67181-74-2	"Present ([1269])" As Zinc phosphide (Zn3P2) [1314-84-7]
188612-23-9	"Present ([1726])" As Nonylphenol ethoxylates [9016-45-9]
53026-82-7	"Present ([0799])" As Ammonium perchlorate [7790-98-9]
337513-66-3	"Present ([0276])" As Benzene, 1,1'-oxybis-, bromo derivatives [90193-67-2]
8070-07-3	"Present ([2006])" As Ziram [137-30-4]
73575-53-8	"Present ([0274])" As 1,1'-Biphenyl, chloro derivatives [1336-36-3]
24378-38-9	"Present (hypertoxic chemical, [2177])" As Pentaborane [19624-22-7]
7361-37-7	"Present ([1832])" As Propanoic acid, 2-(2,4,5-trichlorophenoxy)- [93-72-1]
39739-42-9	"Present ([1553])" As Acetic acid, chloro-, anhydride [541-88-8]
43048-00-6	"Present ([0273])" As Polychlorinated dibenzofurans [136677-10-6]
74555-91-2	"Present (hypertoxic chemical, [1097])" As Nicotine [54-11-5]
15842-29-2	"Present ([2294])" As Calcium nitrate [10124-37-5]
38444-78-9	"Present ([0274])" As 1,1'-Biphenyl, chloro derivatives [1336-36-3]
65510-44-3	"Present ([0274])" As 1,1'-Biphenyl, chloro derivatives [1336-36-3]
51225-19-5	"Present ([0506])" As Benzenamine, 2,6-dichloro- [608-31-1]
73575-54-9	"Present ([0274])" As 1,1'-Biphenyl, chloro derivatives [1336-36-3]
193425-34-2	"Present ([0226])" As Phosphoric acid, butyl ester [12788-93-1]
50356-23-5	"Present ([0364])" As 3,5-Xylenol [108-68-9]
53712-43-9	"Present (content >77% but <=100%, [1981]); Present (content <=32%, with type A thinner >=68%, [1981]); Present (content <=42%, stable dispersion in water (frozen), [1981]); Present (content <=52%, stable dispersion in water, [1981]); Present (content <=77%, [1981]); Present (content <=71%, with type A thinner >=29%, [0863])" As tert-Butyl peroxyneodecanoate [26748-41-4]
158516-79-1	"Present ([0291])" As Diphenyl oxide 4,4'-disulfohydrazide [80-51-3]
65086-44-4	"Present ([0758])" As Potassium fluoride (K(HF2)) [7789-29-9]
50579-23-2	"Present (wetted with >=15% water, [0957]); Present (desensitized, [0957])" As Cyclonite [121-82-4]
73575-57-2	"Present ([0274])" As 1,1'-Biphenyl, chloro derivatives [1336-36-3]
74472-45-0	"Present ([0274])" As 1,1'-Biphenyl, chloro derivatives [1336-36-3]
56958-48-6	"Present ([0276])" As Benzene, 1,1'-oxybis-, bromo derivatives [90193-67-2]
37232-19-2	"Present (in solution, content <=62%, with type A thinner >=19%, containing Methyl isobutyl ketone, [0917])" As Methyl isobutyl ketone peroxide [37206-20-5]
31079-13-7	"Present ([1203])" As Potassium [7440-09-7]
71129-91-4	"Present (hypertoxic chemical, [2177])" As Pentaborane [19624-22-7]
253144-52-4	"Present ([2106])" As Tetrapropylorthotitanate [3087-37-4]
463-60-5	"Present ([2813])" As Diazomethane [334-88-3]
27419-20-1	"Present ([1024]); Present (Methyl alcohol solution, [1025])" As Sodium methylate [124-41-4]
84100-68-5	"Present (solution, [0271])" As Ammonium polysulfide [9080-17-5]
70424-69-0	"Present ([0274])" As 1,1'-Biphenyl, chloro derivatives [1336-36-3]
2051-61-8	"Present ([0274])" As 1,1'-Biphenyl, chloro derivatives [1336-36-3]
246848-29-3	"Present (with >=25% water, [2208]); Present (with >=25% Alcohol and <=12.6% Nitrogen, [2208]); Present (with >=25% Alcohol, [2208]); Present (with <=12.6% Nitrogen, [2208]); Present (unmodified, or plasticized, with <18% plasticizing substance, [2208]); Present (solution, with <=12.6% Nitrogen and <=55% Nitrocellulose, [2208]); Present (dry or wetted with <25% water or Alcohol, [2208])" As Nitroc
24965-87-5	"Present ([1121])" As Methylcyclohexanones [1331-22-2]
26979-72-6	"Present ([1342])" As Tungsten hexafluoride [7783-82-6]
1628788-89-5	"Present ([0757])" As Ammonium bifluoride [1341-49-7]
505093-57-2	"Present ([2105])" As Tetraisopropyl titanate [546-68-9]
29543-77-9	"Present ([0270])" As Superphosphoric acid [8017-16-1]
220713-32-6	"Present (stabilized, [1105])" As Methyl methacrylate [80-62-6]
77546-18-0	"Present ([0640])" As Chlorine dioxide [10049-04-4]
8003-33-6	"Present ([1029])" As Cresol, all isomers [1319-77-3]
37336-52-0	"Present ([1726])" As Nonylphenol ethoxylates [9016-45-9]
19417-15-3	"Present ([1480]); Present (solution, [1480])" As Zinc chloride [7646-85-7]
16835-99-7	"Present ([2813])" As Diazomethane [334-88-3]
2037-26-5	"Present ([1014])" As Toluene [108-88-3]
200889-05-0	"Present ([2004])" As Thiram [137-26-8]
35938-70-6	"Present ([2291])" As Nitric acid, bismuth(3+) salt [10361-44-1]
59778-57-3	"Present ([2162])" As Phosphorus pentoxide [1314-56-3]
53742-07-7	"Present ([0274])" As 1,1'-Biphenyl, chloro derivatives [1336-36-3]
59125-51-8	"Present ([0425])" As Benzyldimethylamine [103-83-3]
71669-25-5	"Present ([0272])" As Polychlorinated dibenzo-p-dioxins [136677-09-3]
18724-70-4	"Present ([1680]); Present ([1710], listed under Black cyanide)" As Calcium cyanide [592-01-8]
337513-53-8	"Present ([0276])" As Benzene, 1,1'-oxybis-, bromo derivatives [90193-67-2]
37243-55-3	"Present (solution, [0271])" As Ammonium polysulfide [9080-17-5]
89059-46-1	"Present ([0273])" As Polychlorinated dibenzofurans [136677-10-6]
2489-10-3	"Present ([0026])" As 3(2H)-Isoxazolone, 5-(aminomethyl)- [2763-96-4]
861998-94-9	"Present ([0911])" As Sodium percarbonate [15630-89-4]
194936-84-0	"Present ([2710])" As Isophorone diisocyanate [4098-71-9]
180395-80-6	"Present (solid, [1379]); Present (solution, [1379])" As Sodium aluminate (NaAlO2) [1302-42-7]
84049-08-1	"Present ([2072])" As 3-Cyclohexene-1-carboxaldehyde [100-50-5]
591-24-2	"Present ([1121])" As Methylcyclohexanones [1331-22-2]
205657-42-7	"Present ([0447])" As N,N-Dimethylcyclohexylamine [98-94-2]
2014335-16-9	"Present (powder, [1377])" As Aluminum [7429-90-5]
31169-62-7	"Present (with free Sulphuric acid, [2130])" As Alkyl sulfonic acids [RR-02838-6]
33979-03-2	"Present ([0274])" As 1,1'-Biphenyl, chloro derivatives [1336-36-3]
83704-48-7	"Present ([0273])" As Polychlorinated dibenzofurans [136677-10-6]
7440-02-0	"Present (dry, [1593])" As Nickel catalyst [RR-00376-9]
59029-57-1	"Present (content 2-90%, hypertoxic chemical, [1351])" As Dieldrin [60-57-1]
5436-43-1	"Present ([2081])" As Benzene, 1,1'-oxybis-, tetrabromo derivative [40088-47-9];
26915-78-6	"Present ([0636])" As Diethylenetriamine [111-40-0]
2050-67-1	"Present ([0274])" As 1,1'-Biphenyl, chloro derivatives [1336-36-3]
38444-93-8	"Present ([0274])" As 1,1'-Biphenyl, chloro derivatives [1336-36-3]
60044-26-0	"Present ([1372])" As Hexabromobiphenyl [36355-01-8]
193198-03-7	"Present (hypertoxic chemical, [0486])" As Brucine [357-57-3]
196320-91-9	"Present ([1281])" As Thioacetic acid [507-09-5]
69420-22-0	"Present ([1383])" As 3-Chloro-1,2-dihydroxypropane [96-24-2]
63798-88-9	"Present ([1726])" As Nonylphenol ethoxylates [9016-45-9]
8017-90-1	"Present ([1602])" As Piperazine [110-85-0]
75458-21-8	"Present ([0253])" As Alkanes, C10-13, chloro [85535-84-8]
879665-11-9	"Present ([0027])" As Ammonium carbamate [1111-78-0]
2084-18-6	"Present ([2176])" As Amyl mercaptans [RR-01196-1]
16685-55-5	"Present ([1924])" As Arsenic [7440-38-2]
38444-77-8	"Present ([0274])" As 1,1'-Biphenyl, chloro derivatives [1336-36-3]
191084-03-4	"Present (soaked in ether, [0074])" As Magnesium, bromophenyl- [100-58-3]
4050-45-7	"Present ([1007])" As 2-Hexene (mixed cis- and trans- isomers) [592-43-8]
36250-81-4	"Present ([1391])" As Epichlorohydrin [106-89-8]
62650-70-8	"Present (powder, dry, [1223]); Present (powder, wetted with >=25% water, particle size <53 micron if produced by mechanical method, and particle size <840 micron if produced by chemical method, [1223])" As Titanium [7440-32-6]
56172-57-7	"Present (solution, with >5% available Chlorine, [0166])" As Sodium hypochlorite [7681-52-9]
1979138-53-8	"Present ([1926])" As Gallium arsenide [1303-00-0]
74296-31-4	"Present ([2755])" As n-Propylbenzene [103-65-1]
679806-14-5	"Present ([2432])" As Ethyl bromoacetate [105-36-2]
52712-65-9	"Present (hypertoxic chemical, [2177])" As Pentaborane [19624-22-7]
1849-29-2	"Present ([1022])" As Methyl alcohol [67-56-1]
17913-80-3	"Present (compressed or liquefied, [2200])" As Xenon [7440-63-3]
24448-24-6	"Present (Ethyl alcohol solution, [2571]); Present ([2570])" As Ethanol, sodium salt [141-52-6]
446254-50-8	"Present ([2081])" As Benzene, 1,1'-oxybis-, tetrabromo derivative [40088-47-9];
2217-06-3	"Present ([1367])" As Benzene, 1,1'-thiobis-, hexanitro derivative [28930-30-5]
55673-89-7	"Present ([0273])" As Polychlorinated dibenzofurans [136677-10-6]
678970-15-5	"Present ([1371])" As Cyclododecane, hexabromo- [25637-99-4]
64560-17-4	"Present ([0273])" As Polychlorinated dibenzofurans [136677-10-6]
58802-19-0	"Present ([0273])" As Polychlorinated dibenzofurans [136677-10-6]
856770-63-3	"Present ([1455])" As Mercurate(1-), (4-carboxylatophenyl)chloro-, hydrogen [59-85-8]
8073-23-2	"Present ([1361])" As Lindane [58-89-9]
54841-71-3	"Present ([1022])" As Methyl alcohol [67-56-1]
68194-15-0	"Present ([0274])" As 1,1'-Biphenyl, chloro derivatives [1336-36-3]
38380-04-0	"Present ([0274])" As 1,1'-Biphenyl, chloro derivatives [1336-36-3]
66173-67-9	"Present (dry or wetted with <15% water, [0960])" As 1,3,5-Triazine, hexahydro-1,3,5-trinitro-, mixture with 2-methyl-1,3,5-trinitrobenzene [8065-53-0]
6999-00-4	"Present ([0098])" As Pyridine [110-86-1]
28788-42-3	"Present ([1960])" As Decahydronaphthalene [91-17-8]
15758-03-9	"Present ([1221])" As Cesium [7440-46-2]
366477-01-2	"Present ([2105])" As Tetraisopropyl titanate [546-68-9]
39400-80-1	"Present ([0043])" As Chlordane [57-74-9]
37349-32-9	"Present ([0056])" As 1,2-Benzenediol [120-80-9]
860310-58-3	"Present (content >90% but <=100%, [0377]); Present (content >=52% but <=90%, with type A thinner >=10%, [0377]); Present (content <=52%, with type A thinner >=48%, [0377]); Present (content <=77%, [0377]); Present (paste, content <=47%, [0377])" As 2,5-Dimethyl-2,5-di(tert-butylperoxy)hexane [78-63-7]
57447-81-1	"Present ([1618])" As Sodium metasilicate [6834-92-0]
74734-38-6	"Present ([2503])" As Nitrosyl chloride [2696-92-6]
562836-84-4	"Present (stabilized, [1103])" As Methacrylic acid [79-41-4]
184288-31-1	"Present ([1565])" As Maleic anhydride [108-31-6]
157973-63-2	"Present ([0347])" As Dicyclohexylamine [101-83-7]
33004-09-0	"Present ([0944])" As 1,3-Cyclohexadiene [592-57-4]
34304-82-0	"Present ([1473])" As Nickel(II) chloride [7718-54-9]
508191-95-5	"Present ([2226])" As Benzenamine, N,N-dimethyl-4-nitro- [100-23-2]
7782-45-8	"Present ([1290])" As Sulfur [7704-34-9]
340127-82-4	"Present (dry or wetted with <10% water, [1873]); Present (with >=10% water, [1873])" As Ammonium picrate [131-74-8]
33075-37-5	"Present ([1846])" As Ethyl aluminum sesquichloride [12075-68-2]
81235-32-7	"Present ([2170])" As 2,4-Pentanedione [123-54-6]
55702-46-0	"Present ([0274])" As 1,1'-Biphenyl, chloro derivatives [1336-36-3]
7451-91-4	"Present ([1296])" As Mercuric thiocyanate [592-85-8]
707542-87-8	"Present ([1772])" As Boron trifluoride compound with methyl ether [353-42-4]
56004-61-6	"Present ([0358])" As Xylenes (o-, m-, p- isomers) [1330-20-7];
52663-79-3	"Present ([0274])" As 1,1'-Biphenyl, chloro derivatives [1336-36-3]
61614-07-1	"Present ([1726])" As Nonylphenol ethoxylates [9016-45-9]
185009-29-4	"Present ([1784])" As Trifluoromethane [75-46-7]
57117-39-2	"Present ([0273])" As Polychlorinated dibenzofurans [136677-10-6]
15968-05-5	"Present ([0274])" As 1,1'-Biphenyl, chloro derivatives [1336-36-3]
178560-73-1	"Present ([2790])" As Phosphoric acid [7664-38-2]
59261-08-4	"Present ([1372])" As Hexabromobiphenyl [36355-01-8]
342401-47-2	"Present ([2142])" As Phosphorus pentasulfide [1314-80-3]
463311-95-7	"Present (stabilized, [1103])" As Methacrylic acid [79-41-4]
26185-68-2	"Present (soaked in ether, [0074])" As Magnesium, bromophenyl- [100-58-3]
418768-49-7	"Present ([2429])" As Bromoacetic acid [79-08-3]
188070-59-9	"Present (content >52% but <=100%, [0883]); Present (content <=52%, with inert solid >=48%, [0883])" As Dicumyl peroxide [80-43-3]
2758176-71-3	"Present (powder, [1377])" As Aluminum [7429-90-5]
60851-34-5	"Present ([0273])" As Polychlorinated dibenzofurans [136677-10-6]
72258-26-5	"Present ([1804])" As 1,6-Hexanediamine, 2,2,4(or 2,4,4)-trimethyl- [25513-64-8]
2974-92-7	"Present ([0274])" As 1,1'-Biphenyl, chloro derivatives [1336-36-3]
778548-56-4	"Present (compressed or liquefied, [0172])" As Nitrogen [7727-37-9]
6180-99-0	"Present ([1758])" As Tri-n-butyltin hydride [688-73-3]
2974-90-5	"Present ([0274])" As 1,1'-Biphenyl, chloro derivatives [1336-36-3]
860383-26-2	"Present ([0063])" As Sodium phenolate [139-02-6]
60586-80-3	"Present (with free Sulphuric acid, [2130])" As Alkyl sulfonic acids [RR-02838-6]
54985-54-5	"Present ([1726])" As Nonylphenol ethoxylates [9016-45-9]
8006-93-7	"Present ([1175])" As Formic acid [64-18-6]
1888-75-1	"Present ([2131])" As Lithium alkyls [RR-01350-3]
34985-89-2	"Present ([0200, 0201])" As Iodic acid (HIO3), potassium salt (2:1) [13455-24-8]
5892-11-5	"Present (hypertoxic chemical, [0486])" As Brucine [357-57-3]
35860-31-2	"Present ([1365])" As Hexanitrodiphenylamine [131-73-7]
16970-81-3	"Present (hypertoxic chemical, [2626])" As Diborane [19287-45-7]
16039-64-8	"Present ([1227])" As Antimony potassium tartrate trihydrate [28300-74-5]
211862-52-1	"Present (stabilized, [0145])" As Acrylic acid [79-10-7]
408306-55-8	"Present ([2105])" As Tetraisopropyl titanate [546-68-9]
855526-88-4	"Present (content <=100%, [0374])" As Hexaneperoxoic acid, 2-ethyl-, 1,1,4,4-tetramethyl-1,4-butanediyl ester [13052-09-0]
28522-17-0	"Present (compressed or liquefied, [1237])" As Krypton [7439-90-9]
856948-61-3	"Present ([1870])" As 1,3,5-Trinitrobenzene [99-35-4]
232277-88-2	"Present ([1804])" As 1,6-Hexanediamine, 2,2,4(or 2,4,4)-trimethyl- [25513-64-8]
378784-14-6	"Present ([1220])" As Rubidium [7440-17-7]
54841-74-6	"Present ([0647])" As 1,4-Dioxane [123-91-1]
77536-68-6	"Present ([1963])" As Asbestos [1332-21-4]
26445-73-8	"Present ([0409])" As Formetanate hydrochloride [23422-53-9]
8055-92-3	"Present ([1569])" As Coal tar [8007-45-2]
378782-03-7	"Present (powder, wetted with >=25% water, [1218])" As Manganese [7439-96-5]
352546-66-8	"Present ([0467])" As Piperazine, 1,4-dimethyl- [106-58-1]
51570-45-7	"Present (This CAS number is listed in the source under the chemical name: 1,2,3,4-Tetrachloronaphthalene, [2053])" As Tetrachloronaphthalene [1335-88-2]
52325-52-7	"Present ([1053])" As Methyl isopropyl ketone [563-80-4]
81774-20-1	"Present ([1599])" As Diazenedicarboxamide [123-77-3]
170904-51-5	"Present ([0912])" As Zinc peroxide [1314-22-3]
378253-47-5	"Present (suspended in kerosene, [1968]); Present (powder and scrap, [1968])" As Cerium [7440-45-1]
52277-26-6	"Present (with free Sulphuric acid, [2130])" As Aryl sulphonic acid [RR-14924-6]
20780-54-5	"Present ([2530])" As Styrene oxide [96-09-3]
27938-31-4	"Present ([1725])" As Nonylphenols [25154-52-3]
60581-61-5	"Present (solution, [0271])" As Ammonium polysulfide [9080-17-5]
15756-35-1	"Present (powder, [2121])" As Antimony [7440-36-0]
7022-92-6	"Present ([0051])" As Aniline [62-53-3]
28514-68-3	"Present ([0516])" As Silane, trichloro(dichlorophenyl)- [27137-85-5]
646-04-8	"Present ([2183])" As 2-Pentene [109-68-2]
7782-61-8	"Present ([2329])" As Ferric nitrate [10421-48-4]
55684-94-1	"Present ([0273])" As Polychlorinated dibenzofurans [136677-10-6]
309242-70-4	"Present ([2193])" As Zinc selenide (ZnSe) [1315-09-9]
37220-42-1	"Present (hypertoxic chemical, [2157])" As Iron, pentacarbonyl- [13463-40-6]
39289-28-6	"Present ([0551])" As Dichlorofluoromethane [75-43-4]
34848-09-4	"Present ([2542])" As Chromyl chloride [14977-61-8]
257888-99-6	"Present (powder, [1377])" As Aluminum [7429-90-5]
63918-97-8	"Present (wetted with >=20% water or Mixture of alcohol and water, [1890])" As 1,3-Benzenediol, 2,4,6-trinitro-, lead salt [15245-44-0]
8027-81-4	"Present ([1602])" As Piperazine [110-85-0]
2250318-40-0	"Present (powder, [1377])" As Aluminum [7429-90-5]
5222-46-8	"Present (wetted with >=15% water, [0961]); Present (desensitized, [0961])" As Cyclotetramethylenetetranitramine [2691-41-0]
67922-23-0	"Present (This CAS number is listed in the source under the chemical name: 1,2,3,4-Tetrachloronaphthalene, [2053])" As Tetrachloronaphthalene [1335-88-2]
58200-69-4	"Present ([0272])" As Polychlorinated dibenzo-p-dioxins [136677-09-3]
60145-21-3	"Present ([0274])" As 1,1'-Biphenyl, chloro derivatives [1336-36-3]
22322-71-0	"Present ([1457])" As Barium chloride (BaCl2) [10361-37-2]
28602-61-1	"Present ([2443])" As 4,4'-Methylenedianiline [101-77-9]
68194-04-7	"Present ([0274])" As 1,1'-Biphenyl, chloro derivatives [1336-36-3]
46310-07-0	"Present ([0309])" As Benzidine [92-87-5]
59217-72-0	"Present ([0761])" As Cesium fluoride (CsF) [13400-13-0]
18421-60-8	"Present ([2563])" As Carbon monoxide [630-08-0]
72514-48-8	"Present ([0291])" As Diphenyl oxide 4,4'-disulfohydrazide [80-51-3]
83704-27-2	"Present ([0273])" As Polychlorinated dibenzofurans [136677-10-6]
38444-88-1	"Present ([0274])" As 1,1'-Biphenyl, chloro derivatives [1336-36-3]
57117-32-5	"Present ([0273])" As Polychlorinated dibenzofurans [136677-10-6]
158750-30-2	"Present ([2710])" As Isophorone diisocyanate [4098-71-9]
1885-40-1	"Present ([0826])" As Heptanenitrile [629-08-3]
314057-78-8	"Present ([1720])" As 1-Octanesulfonic acid, 1,1,2,2,3,3,4,4,5,5,6,6,7,7,8,8,8-heptadecafluoro-, lithium salt [29457-72-5]
33004-05-6	"Present ([0970])" As Cyclopentene [142-29-0]
82911-59-9	"Present ([0273])" As Polychlorinated dibenzofurans [136677-10-6]
200577-85-1	"Present ([2161])" As Vanadium pentoxide [1314-62-1]
80210-09-9	"Present ([0396])" As Methidathion [950-37-8]
218625-70-8	"Present ([2285])" As Nitric acid [7697-37-2]
70362-49-1	"Present ([0274])" As 1,1'-Biphenyl, chloro derivatives [1336-36-3]
446254-16-6	"Present ([0276])" As Benzene, 1,1'-oxybis-, bromo derivatives [90193-67-2]
31153-30-7	"Present ([1368])" As Benzene, 1,1'-oxybis-, hexabromo derivative [36483-60-0];
204655-61-8	"Present (wetted with >=15% water, [0957]); Present (desensitized, [0957])" As Cyclonite [121-82-4]
58802-16-7	"Present ([0273])" As Polychlorinated dibenzofurans [136677-10-6]
55555-96-9	"Present ([0980])" As Oxirane, ethyl- [106-88-7]
159431-44-4	"Present ([0757])" As Ammonium bifluoride [1341-49-7]
47999-51-9	"Present (in Acetic anhydride, solution, [0801]); Present (content 50-72%, [0798]); Present (content >72%, [0798]); Present (content <=50%, [0798])" As Perchloric acid [7601-90-3]
7787-55-5	"Present ([2317])" As Beryllium nitrate [13597-99-4]
405108-60-3	"Present (dry or wetted with <10% water, [1873]); Present (with >=10% water, [1873])" As Ammonium picrate [131-74-8]
16529-92-3	"Present ([1909])" As Nitrogen trioxide [10544-73-7]
8050-70-2	"Present (with >=25% water, [2208]); Present (with >=25% Alcohol and <=12.6% Nitrogen, [2208]); Present (with >=25% Alcohol, [2208]); Present (with <=12.6% Nitrogen, [2208]); Present (unmodified, or plasticized, with <18% plasticizing substance, [2208]); Present (solution, with <=12.6% Nitrogen and <=55% Nitrocellulose, [2208]); Present (dry or wetted with <25% water or Alcohol, [2208])" As Nitroc
75627-02-0	"Present ([0273])" As Polychlorinated dibenzofurans [136677-10-6]
6594-85-0	"Present (wetted with >=20% water or Mixture of alcohol and water, [1890])" As 1,3-Benzenediol, 2,4,6-trinitro-, lead salt [15245-44-0]
57113-74-3	"Present ([2629])" As Acetylene [74-86-2]
33060-30-9	"Present ([2662])" As Ethylene [74-85-1]
56729-21-6	"Present ([0630])" As 1,2-Dibromoethane [106-93-4]
58114-73-1	"Present ([0480])" As Cacodylic acid [75-60-5]
59217-74-2	"Present ([0751])" As Potassium fluoride [7789-23-3]
8030-33-9	"Present ([2581])" As Sodium o-(ethylmercurithio)benzoate [54-64-8]
52663-60-2	"Present ([0274])" As 1,1'-Biphenyl, chloro derivatives [1336-36-3]
17252-77-6	"Present ([2799])" As Octane [111-65-9]
67375-30-8	"Present ([1705])" As Cypermethrin [52315-07-8]
15818-75-4	"Present ([0744])" As Ammonium fluoride [12125-01-8]
67112-29-2	"Present ([0754])" As Sodium fluoride [7681-49-4]
72918-21-9	"Present ([0273])" As Polychlorinated dibenzofurans [136677-10-6]
34202-69-2	"Present ([1333])" As Hexafluoroacetone [684-16-2]
53763-35-2	"Present ([1726])" As Nonylphenol ethoxylates [9016-45-9]
39357-40-9	"Present ([2760])" As Benomyl [17804-35-2]
555-08-8	"Present ([2010])" As Dipentene [138-86-3]
189084-61-5	"Present ([2081])" As Benzene, 1,1'-oxybis-, tetrabromo derivative [40088-47-9];
37370-29-9	"Present (content >51% but <=100%, with inert solid <=48%, [0874]); Present (content >35% but <=52%, with inert solid >=48%, [0874]); Present (content >=36% but <=42%, with type A thinner >=18%, water <=40%, [0874]); Present (content >=77% but <=94%, with water >=6%, [0874]); Present (content <=42%, stable dispersion in water, [0874]); Present (content <=62%, with inert solid >=28%, water >=10%, [
30917-36-3	"Present (content >5%, hypertoxic chemical, [0667])" As O,O-Diethyl O-2-pyrazinyl phosphorothioate [297-97-2]
25013-17-6	"Present ([1271])" As Phosphoric acid, tris(methylphenyl) esters [1330-78-5]
61840-55-9	"Present ([1726])" As Nonylphenol ethoxylates [9016-45-9]
35693-99-3	"Present ([0274])" As 1,1'-Biphenyl, chloro derivatives [1336-36-3]
176547-68-5	"Present ([0844])" As Silicic acid (H2SiO3), lead(2+) salt (1:1) [10099-76-0]
18433-42-6	"Present ([1338])" As Silicate(2-), hexafluoro-, zinc (1:1) [16871-71-9]
2376284-81-8	"Present ([2164])" As Antimony oxide (Sb2O5) [1314-60-9]
43094-80-0	"Present ([0269])" As Paraformaldehyde [30525-89-4]
50811-86-4	"Present ([2162])" As Phosphorus pentoxide [1314-56-3]
64366-72-9	"Present (content >90% but <=100%, [0377]); Present (content >=52% but <=90%, with type A thinner >=10%, [0377]); Present (content <=52%, with type A thinner >=48%, [0377]); Present (content <=77%, [0377]); Present (paste, content <=47%, [0377])" As 2,5-Dimethyl-2,5-di(tert-butylperoxy)hexane [78-63-7]
446254-48-4	"Present ([2081])" As Benzene, 1,1'-oxybis-, tetrabromo derivative [40088-47-9];
446255-43-2	"Present ([0276])" As Benzene, 1,1'-oxybis-, bromo derivatives [90193-67-2]
37332-21-1	"Present (with >10% but <=10.7% available Oxygen, type A thinner >=48%, [0891]); Present (with <=10% available Oxygen, type A thinner >=55%, [0891]); Present (with <=8.2% available Oxygen, type A thinner >=60%, [0891])" As Methyl ethyl ketone peroxide [1338-23-4]
27176-93-8	"Present ([1726])" As Nonylphenol ethoxylates [9016-45-9]
594839-00-6	"Present ([0330])" As Benzenamine, N,N-dibutyl- [613-29-6]
56481-94-8	"Present ([0309])" As Benzidine [92-87-5]
6108-11-8	"Present ([1362])" As 1,2,3,4,5,6-Hexachlorocyclohexane [608-73-1]
37244-98-7	"Present ([0860])" As Perboric acid, sodium salt [11138-47-9]
72516-01-9	"Present (powder, amorphous, [0837])" As Silicon [7440-21-3]
25596-52-5	"Present (hypertoxic chemical, [1688])" As Sodium cyanide [143-33-9]
162535-20-8	"Present (content >90% but <=100%, [0377]); Present (content >=52% but <=90%, with type A thinner >=10%, [0377]); Present (content <=52%, with type A thinner >=48%, [0377]); Present (content <=77%, [0377]); Present (paste, content <=47%, [0377])" As 2,5-Dimethyl-2,5-di(tert-butylperoxy)hexane [78-63-7]
67796-94-5	"Present (powder, dry, [1223]); Present (powder, wetted with >=25% water, particle size <53 micron if produced by mechanical method, and particle size <840 micron if produced by chemical method, [1223])" As Titanium [7440-32-6]
26282-95-1	"Present ([1227])" As Antimony potassium tartrate trihydrate [28300-74-5]
80006-43-5	"Present (anhydrous, [1842]); Present (solution, [1842])" As Aluminum chloride [7446-70-0]
218433-14-8	"Present ([1599])" As Diazenedicarboxamide [123-77-3]
204864-21-1	"Present ([1857])" As Vanadium oxytrichloride [7727-18-6]
31287-64-6	"Present ([0752])" As Lanthanum fluoride (LaF3) [13709-38-1]
8023-22-1	"Present ([0366])" As Dichlorvos [62-73-7]
54174-36-6	"Present ([1726])" As Nonylphenol ethoxylates [9016-45-9]
1825302-06-4	"Present ([1926])" As Gallium arsenide [1303-00-0]
8000-16-6	"Present (anhydrous, [2568])" As Ethyl alcohol [64-17-5]
72901-40-7	"Present ([1614])" As Ammonium vanadate [7803-55-6]
2984549-53-1	"Present ([0178])" As Cadmium telluride (CdTe) [1306-25-8]
24377-84-2	"Present ([2162])" As Phosphorus pentoxide [1314-56-3]
32057-09-3	"Present (solution, [1650], listed under Hydrofluoric acid); Present (anhydrous, [0756])" As Hydrogen fluoride [7664-39-3]
26601-64-9	"Present ([0274])" As 1,1'-Biphenyl, chloro derivatives [1336-36-3]
52514-44-0	"Present ([0726])" As Vanadate (VO43-), tripotassium, (T-4)- [14293-78-8]
446254-19-9	"Present ([2081])" As Benzene, 1,1'-oxybis-, tetrabromo derivative [40088-47-9];
58200-67-2	"Present ([0272])" As Polychlorinated dibenzo-p-dioxins [136677-09-3]
8046-70-6	"Present ([2298])" As Mercury(II) nitrate [10045-94-0]
1822864-97-0	"Present ([2333])" As Zirconyl nitrate [13826-66-9]
848779-18-0	"Present (hypertoxic chemical, [2118])" As Nickel carbonyl [13463-39-3]
38964-22-6	"Present ([0272])" As Polychlorinated dibenzo-p-dioxins [136677-09-3]
24934-60-9	"Present (solution, [0823])" As Chromic acid (H2CrO4) [7738-94-5]
70362-47-9	"Present ([0274])" As 1,1'-Biphenyl, chloro derivatives [1336-36-3]
8001-37-4	"Present ([0177])" As Digoxin [20830-75-5]
56449-52-6	"Present ([1290])" As Sulfur [7704-34-9]
5989-54-8	"Present ([2010])" As Dipentene [138-86-3]
15816-89-4	"Present (suspended in kerosene, [1217])" As Lanthanum [7439-91-0]
58712-00-8	"Present ([2609])" As 2-Ethylhexaldehyde [123-05-7]
35103-79-8	"Present ([1672]); Present (solution, [1672])" As Cesium hydroxide [21351-79-1]
53744-25-5	"Present ([2049])" As Vanadium tetrachloride [7632-51-1]
15758-27-7	"Present ([1221])" As Cesium [7440-46-2]
191362-21-7	"Present ([0222])" As Succinonitrile [110-61-2]
7698-05-7	"Present ([2507], listed under Hydrochloric acid); Present (anhydrous, [1475])" As Hydrochloric acid [7647-01-0]
60233-24-1	"Present ([0274])" As 1,1'-Biphenyl, chloro derivatives [1336-36-3]
57117-37-0	"Present ([0273])" As Polychlorinated dibenzofurans [136677-10-6]
4628-21-1	"Present ([1395])" As 2-Butene, 1-chloro- [591-97-9]
8067-60-5	"Present ([1846])" As Ethyl aluminum sesquichloride [12075-68-2]
51938-59-1	"Present ([1726])" As Nonylphenol ethoxylates [9016-45-9]
72906-42-4	"Present ([2162])" As Phosphorus pentoxide [1314-56-3]
204322-87-2	"Present ([0744])" As Ammonium fluoride [12125-01-8]
857777-38-9	"Present ([2161])" As Vanadium pentoxide [1314-62-1]
26970-82-1	"Present ([2476])" As Sodium selenite [10102-18-8]
28347-88-8	"Present ([0647])" As 1,4-Dioxane [123-91-1]
83704-28-3	"Present ([0273])" As Polychlorinated dibenzofurans [136677-10-6]
56227-20-4	"Present ([2492])" As Sodium nitrite [7632-00-0]
74472-38-1	"Present ([0274])" As 1,1'-Biphenyl, chloro derivatives [1336-36-3]
410090-11-8	"Present (anhydrous, [1339])" As Hexafluorophosphoric acid [16940-81-1]
70648-15-6	"Present ([0273])" As Polychlorinated dibenzofurans [136677-10-6]
5454-79-5	"Present ([1120])" As Methylcyclohexanols [25639-42-3]
71669-29-9	"Present ([0272])" As Polychlorinated dibenzo-p-dioxins [136677-09-3]
59080-40-9	"Present ([1372])" As Hexabromobiphenyl [36355-01-8]
68335-14-8	"Present (hypertoxic chemical, [0656])" As Fosthietan [21548-32-3]
66708-07-4	"Present ([2710])" As Isophorone diisocyanate [4098-71-9]
50647-14-8	"Present ([2476])" As Sodium selenite [10102-18-8]
33146-45-1	"Present ([0274])" As 1,1'-Biphenyl, chloro derivatives [1336-36-3]
16699-63-1	"Present ([2313])" As Nickel(II) nitrate [13138-45-9]
78887-71-5	"Present (content >80%, [2630]); Present (content >10% but <=80%, [2630])" As Acetic acid [64-19-7]
802862-59-5	"Present ([2285])" As Nitric acid [7697-37-2]
35040-03-0	"Present (dry or wetted with <15% water, [0596])" As Dinitrophenolates [RR-00263-1]
55963-79-6	"Present ([1361])" As Lindane [58-89-9]
35694-06-5	"Present ([0274])" As 1,1'-Biphenyl, chloro derivatives [1336-36-3]
6876-00-2	"Present ([0276])" As Benzene, 1,1'-oxybis-, bromo derivatives [90193-67-2]
88778-74-9	"Present ([2710])" As Isophorone diisocyanate [4098-71-9]
61233-09-8	"Present ([0867])" As Barium peroxide [1304-29-6]
53185-66-3	"Present ([2049])" As Vanadium tetrachloride [7632-51-1]
50938-66-4	"Present (compressed or liquefied, [2505])" As Argon [7440-37-1]
55949-15-0	"Present ([1846])" As Ethyl aluminum sesquichloride [12075-68-2]
37211-55-5	"Present ([0899])" As Urea peroxide [124-43-6]
52985-09-8	"Present ([0009])" As 4-Aminophenol [123-30-8]
52051-49-7	"Present ([1726])" As Nonylphenol ethoxylates [9016-45-9]
44209-72-5	"Present ([1125])" As Methanesulfonic acid [75-75-2]
71954-30-8	"Present ([0003])" As Isophorone diamine [2855-13-2]
64060-28-2	"Present (hypertoxic chemical, [0099])" As Pyriminil [53558-25-1]
213530-35-9	"Present ([1582])" As Sodium [7440-23-5]
79554-48-6	"Present (content <=72%, with type A thinner >=28%, [2690])" As Diisopropylbenzene hydroperoxide [26762-93-6]
88161-11-9	"Present (paste, content <=52%, [0870]); Present (Silicone oil paste, content <=52%, [0870]); Present (content <=77%, with >=23% water, [0870])" As 2,4-Dichlorobenzoyl peroxide [133-14-2]
2923573-54-8	"Present (powder, [1377])" As Aluminum [7429-90-5]
72847-45-1	"Present ([1726])" As Nonylphenol ethoxylates [9016-45-9]
74992-98-6	"Present ([0273])" As Polychlorinated dibenzofurans [136677-10-6]
581075-33-4	"Present ([2161])" As Vanadium pentoxide [1314-62-1]
15750-13-7	"Present (powder, [1216])" As Hafnium [7440-58-6]
24494-51-7	"Present (compressed or liquefied, [2505])" As Argon [7440-37-1]
39475-46-2	"Present ([1726])" As Nonylphenol ethoxylates [9016-45-9]
2247261-50-1	"Present (powder, [1377])" As Aluminum [7429-90-5]
55215-17-3	"Present ([0274])" As 1,1'-Biphenyl, chloro derivatives [1336-36-3]
55720-44-0	"Present ([0274])" As 1,1'-Biphenyl, chloro derivatives [1336-36-3]
55248-04-9	"Present ([0898])" As Sodium peroxide [1313-60-6]
158049-62-8	"Present (content >90% but <=100%, [0377]); Present (content >=52% but <=90%, with type A thinner >=10%, [0377]); Present (content <=52%, with type A thinner >=48%, [0377]); Present (content <=77%, [0377]); Present (paste, content <=47%, [0377])" As 2,5-Dimethyl-2,5-di(tert-butylperoxy)hexane [78-63-7]
7434-70-0	"Present (with free Sulphuric acid, [2130])" As Aryl sulphonic acid [RR-14924-6]
213334-39-5	"Present ([0689])" As N,N-Diethyl-p-toluidine [613-48-9]
186467-25-4	"Present (content >90% but <=100%, [0377]); Present (content >=52% but <=90%, with type A thinner >=10%, [0377]); Present (content <=52%, with type A thinner >=48%, [0377]); Present (content <=77%, [0377]); Present (paste, content <=47%, [0377])" As 2,5-Dimethyl-2,5-di(tert-butylperoxy)hexane [78-63-7]
70424-67-8	"Present ([0274])" As 1,1'-Biphenyl, chloro derivatives [1336-36-3]
554-07-4	"Present ([1699])" As Aurate(1-), bis(cyano-C)-, potassium [13967-50-5]
54548-48-0	"Present ([0430])" As 1,3-Dimethylbutylamine [108-09-8]
18961-45-0	"Present (hypertoxic chemical, [0155])" As Aziridine, 2-methyl- [75-55-8]
88386-25-8	"Present (with >=25% water, [2208]); Present (with >=25% Alcohol and <=12.6% Nitrogen, [2208]); Present (with >=25% Alcohol, [2208]); Present (with <=12.6% Nitrogen, [2208]); Present (unmodified, or plasticized, with <18% plasticizing substance, [2208]); Present (solution, with <=12.6% Nitrogen and <=55% Nitrocellulose, [2208]); Present (dry or wetted with <25% water or Alcohol, [2208])" As Nitroc
188626-79-1	"Present (with >=25% water, [2208]); Present (with >=25% Alcohol and <=12.6% Nitrogen, [2208]); Present (with >=25% Alcohol, [2208]); Present (with <=12.6% Nitrogen, [2208]); Present (unmodified, or plasticized, with <18% plasticizing substance, [2208]); Present (solution, with <=12.6% Nitrogen and <=55% Nitrocellulose, [2208]); Present (dry or wetted with <25% water or Alcohol, [2208])" As Nitroc
62494-85-3	"Present ([1599])" As Diazenedicarboxamide [123-77-3]
868272-85-9	"Present ([2512])" As 3,3'-Diaminobenzidine tetrahydrochloride [7411-49-6]
68194-11-6	"Present ([0274])" As 1,1'-Biphenyl, chloro derivatives [1336-36-3]
221272-72-6	"Present ([1599])" As Diazenedicarboxamide [123-77-3]
8031-33-2	"Present ([2782])" As n-Heptane [142-82-5]
1796558-39-8	"Present ([0742])" As Silicate(2-), hexafluoro-, dipotassium [16871-90-2]
16922-44-4	"Present ([1013])" As Gallium [7440-55-3]
378784-25-9	"Present ([1222])" As Strontium [7440-24-6]
583-60-8	"Present ([1121])" As Methylcyclohexanones [1331-22-2]
66-56-8	"Present (dry or wetted with <15% water, [0592]); Present (solution, [0592])" As Dinitrophenols [25550-58-7]
62494-62-6	"Present ([1599])" As Diazenedicarboxamide [123-77-3]
53303-76-7	"Present ([0636])" As Diethylenetriamine [111-40-0]
298-03-3	"Present (content >3%, hypertoxic chemical, [0658])" As Demeton [8065-48-3]
83704-46-5	"Present ([0273])" As Polychlorinated dibenzofurans [136677-10-6]
327185-09-1	"Present ([2081])" As Benzene, 1,1'-oxybis-, tetrabromo derivative [40088-47-9];
83704-36-3	"Present ([0273])" As Polychlorinated dibenzofurans [136677-10-6]
37210-94-9	"Present ([1726])" As Nonylphenol ethoxylates [9016-45-9]
586-11-8	"Present (dry or wetted with <15% water, [0592]); Present (solution, [0592])" As Dinitrophenols [25550-58-7]
8050-41-7	"Present ([1569])" As Coal tar [8007-45-2]
868236-23-1	"Present (content >42% but <=100%, with inert solid <=57%, [0902]); Present (content <=42%, with inert solid >=58%, [0902])" As Peroxide, [1,3(or 1,4)-phenylenebis(1-methylethylidene)]bis[(1,1-dimethylethyl) [25155-25-3]
53555-63-8	"Present (This CAS number is listed in the source under the chemical name: 1,2,3,4-Tetrachloronaphthalene, [2053])" As Tetrachloronaphthalene [1335-88-2]
39387-78-5	"Present ([0069])" As 2-Phenylphenol [90-43-7]
78006-92-5	"Present (stabilized, [1031])" As Isoprene [78-79-5]
2051-60-7	"Present ([0274])" As 1,1'-Biphenyl, chloro derivatives [1336-36-3]
39380-77-3	"Present ([1858])" As Phosphorus oxychloride [10025-87-3]
8031-40-1	"Present (powder, wetted with >=25% water, [1218])" As Manganese [7439-96-5]
38444-90-5	"Present ([0274])" As 1,1'-Biphenyl, chloro derivatives [1336-36-3]
36-06-6	"Present ([0250])" As Ouabain [630-60-4]
27942-26-3	"Present ([1726])" As Nonylphenol ethoxylates [9016-45-9]
202756-41-0	"Present ([0437])" As Dimethyldiethoxysilane [78-62-6]
57321-10-5	"Present ([1726])" As Nonylphenol ethoxylates [9016-45-9]
62185-71-1	"Present ([0528])" As Dichlorodifluoromethane [75-71-8]
190402-10-9	"Present ([1872])" As Picric acid [88-89-1]
2216-33-3	"Present ([1728])" As Nonanes [RR-04090-4]
18961-44-9	"Present (hypertoxic chemical, [0155])" As Aziridine, 2-methyl- [75-55-8]
82322-57-4	"Present (content >52% but <=100%, [0883]); Present (content <=52%, with inert solid >=48%, [0883])" As Dicumyl peroxide [80-43-3]
25495-81-2	"Present ([0003])" As Isophorone diamine [2855-13-2]
28519-04-2	"Present (with free Sulphuric acid, [2130])" As Aryl sulphonic acid [RR-14924-6]
54319-51-6	"Present (powder, dry, [1223]); Present (powder, wetted with >=25% water, particle size <53 micron if produced by mechanical method, and particle size <840 micron if produced by chemical method, [1223])" As Titanium [7440-32-6]
39445-43-7	"Present (solution, [1649]); Present (anhydrous, [0189])" As Hydriodic acid [10034-85-2]
66492-77-1	"Present (desensitized with >=25% non-volatile, water insoluble phlegmatizer, [0651])" As Diethyleneglycol dinitrate [693-21-0]
63462-65-7	"Present ([2301])" As Gallium(III) nitrate [13494-90-1]
263005-65-8	"Present (compressed or liquefied, [0172])" As Nitrogen [7727-37-9]
33423-92-6	"Present ([0272])" As Polychlorinated dibenzo-p-dioxins [136677-09-3]
8024-53-1	"Present ([0983])" As 1,8-Cineol [470-82-6]
31886-26-7	"Present (aqueous solution, with <=64% Hydrazine, [1225]); Present (anhydrous, with >64% Hydrazine, [2134])" As Hydrazine [302-01-2]
358-50-9	"Present ([0331])" As Dibutyltin dilaurate [77-58-7]
7668-65-7	"Present (dry or wetted with <15% water, [0596])" As Dinitrophenolates [RR-00263-1]
73833-76-8	"Present ([0826])" As Heptanenitrile [629-08-3]
18201-52-0	"Present ([1465])" As Cobalt chloride (CoCl2) [7646-79-9]
38998-75-3	"Present ([0273])" As Polychlorinated dibenzofurans [136677-10-6]
4558-12-7	"Present (anhydrous, [1796]); Present (solution, [1796])" As Trimethylamine [75-50-3]
64461-98-9	"Present ([0272])" As Polychlorinated dibenzo-p-dioxins [136677-09-3]
7790-78-5	"Present ([1463])" As Cadmium chloride [10108-64-2]
60052-92-8	"Present (stabilized, [0096])" As Styrene [100-42-5]
83704-22-7	"Present ([0273])" As Polychlorinated dibenzofurans [136677-10-6]
17097-13-1	"Present ([0759])" As Sodium fluoride (Na(HF2)) [1333-83-1]
298688-48-9	"Present ([1572])" As Magnesium [7439-95-4]
57534-13-1	"Present ([0058])" As 1,4-Benzenediol [123-31-9]
56030-56-9	"Present ([0274])" As 1,1'-Biphenyl, chloro derivatives [1336-36-3]
70648-16-7	"Present ([0273])" As Polychlorinated dibenzofurans [136677-10-6]
15816-88-3	"Present (suspended in kerosene, [1217])" As Lanthanum [7439-91-0]
190086-22-7	"Present ([1709])" As Cyanuric chloride [108-77-0]
457652-80-1	"Present ([0069])" As 2-Phenylphenol [90-43-7]
1595-16-0	"Present ([0225])" As Butyltoluenes [27458-20-4]
36575-03-8	"Present ([1341])" As Sulfur hexafluoride [2551-62-4]
378782-28-6	"Present (suspended in kerosene, [1219])" As Neodymium [7440-00-8]
59539-76-3	"Present ([1015])" As Toluene-2,4-diisocyanate [584-84-9]
58200-70-7	"Present ([0272])" As Polychlorinated dibenzo-p-dioxins [136677-09-3]
32863-15-3	"Present ([2492])" As Sodium nitrite [7632-00-0]
3039-00-7	"Present (content 2-90%, hypertoxic chemical, [1351])" As Dieldrin [60-57-1]
35694-08-7	"Present ([0274])" As 1,1'-Biphenyl, chloro derivatives [1336-36-3]
15749-81-2	"Present (suspended in kerosene, [1219])" As Neodymium [7440-00-8]
51938-25-1	"Present ([1726])" As Nonylphenol ethoxylates [9016-45-9]
171745-67-8	"Present ([0417])" As N,N-Dimethylaniline [121-69-7]
15765-86-3	"Present ([1220])" As Rubidium [7440-17-7]
75831-41-3	"Present ([2353])" As Hexanoic acid, 2-ethyl-, tin(2+) salt (2:1) [301-10-0]
52004-55-4	"Present ([0003])" As Isophorone diamine [2855-13-2]
1595-06-8	"Present ([0225])" As Butyltoluenes [27458-20-4]
337513-75-4	"Present ([0276])" As Benzene, 1,1'-oxybis-, bromo derivatives [90193-67-2]
8027-02-9	"Present ([0058])" As 1,4-Benzenediol [123-31-9]
56573-57-0	"Present ([2154])" As Pentachloronitrobenzene [82-68-8]
172227-74-6	"Present ([1915])" As Triethylamine [121-44-8]
347859-73-8	"Present ([2105])" As Tetraisopropyl titanate [546-68-9]
60062-19-3	"Present ([0161])" As Hypophosphorus acid [6303-21-5]
6080-56-4	"Present ([2641])" As Lead acetate [301-04-2]
80498-23-3	"Present ([1017])" As Benzene, 1,3-diisocyanatomethyl- [26471-62-5]
446255-42-1	"Present ([0276])" As Benzene, 1,1'-oxybis-, bromo derivatives [90193-67-2]
300564-30-1	"Present ([2105])" As Tetraisopropyl titanate [546-68-9]
218625-68-4	"Present ([2507], listed under Hydrochloric acid); Present (anhydrous, [1475])" As Hydrochloric acid [7647-01-0]
31300-71-7	"Present ([2006])" As Ziram [137-30-4]
186518-71-8	"Present ([2105])" As Tetraisopropyl titanate [546-68-9]
67355-37-7	"Present ([1699])" As Aurate(1-), bis(cyano-C)-, potassium [13967-50-5]
875820-94-3	"Present ([1728])" As Nonane [111-84-2]
50717-45-8	"Present ([1414])" As Chlorobenzene [108-90-7]
38380-05-1	"Present ([0274])" As 1,1'-Biphenyl, chloro derivatives [1336-36-3]
1946759-18-7	"Present (powder, [1377])" As Aluminum [7429-90-5]
50356-12-2	"Present ([0361])" As 2,5-Xylenol [95-87-4]
15832-40-3	"Present (powder, [1216])" As Hafnium [7440-58-6]
66052-95-7	"Present (hypertoxic chemical, [2413])" As Brodifacoum [56073-10-0]
52340-09-7	"Present (hypertoxic chemical, [0849])" As Decaborane [17702-41-9]
55215-18-4	"Present ([0274])" As 1,1'-Biphenyl, chloro derivatives [1336-36-3]
7758-17-0	"Present (solid, [1379]); Present (solution, [1379])" As Sodium aluminate (NaAlO2) [1302-42-7]
209859-96-1	"Present ([2347])" As (1,1,3,3-Tetramethylbutyl)phenol (mixed isomers) [27193-28-8]
39378-26-2	"Present ([2154])" As Pentachloronitrobenzene [82-68-8]
300408-51-9	"Present ([0038])" As Octafluoropropane [76-19-7]
62494-61-5	"Present ([1599])" As Diazenedicarboxamide [123-77-3]
30105-54-5	"Present ([2347])" As (1,1,3,3-Tetramethylbutyl)phenol (mixed isomers) [27193-28-8]
25321-34-0	"Present ([1017])" As Benzene, 1,3-diisocyanatomethyl- [26471-62-5]
70362-48-0	"Present ([0274])" As 1,1'-Biphenyl, chloro derivatives [1336-36-3]
29829-51-4	"Present ([1703])" As Silver cyanide [506-64-9]
201528-77-0	"Present ([0318])" As 4,4'-Methylenediphenyl diisocyanate [101-68-8]
21093-41-4	"Present ([2450])" As Sulfurous acid [7782-99-2]
UN1146	"Present ([0969])" As Cyclopentane [287-92-3]
UN2274	"Present ([0103])" As N-Ethyl-N-benzylaniline [92-59-1]
UN2509	"Present ([1325])" As Potassium hydrogen sulfate [7646-93-7]
UN2513	"Present ([2438])" As Bromoacetyl bromide [598-21-0]
951778-24-8	"Present (compressed or liquefied, [0172])" As Nitrogen [7727-37-9]
UN2403	"Present ([2652])" As Isopropenyl acetate [108-22-5]
UN1637	"Present ([1623])" As Mercury gluconate [63937-14-4]
NA2448	"Present ([1290])" As Sulfur [7704-34-9]
UN2956	"Present ([1971])" As Musk xylene [81-15-2]
92786-62-4	"Present ([0835])" As Mercury [7439-97-6]
UN1165	"Present ([0647])" As 1,4-Dioxane [123-91-1]
UN2338	"Present ([1780])" As Benzene, (trifluoromethyl)- [98-08-8]
UN2541	"Present ([2124])" As Terpinolene [586-62-9]
UN2011	"Present ([1264])" As Magnesium phosphide [12057-74-8]
UN2601	"Present ([0937])" As Cyclobutane [287-23-0]
UN2621	"Present ([1635])" As Acetyl methyl carbinol [513-86-0]
UN2276	"Present ([2608])" As 2-Ethylhexylamine [104-75-6]
9046-47-3	"Present (with >=25% water, [2208]); Present (with >=25% Alcohol and <=12.6% Nitrogen, [2208]); Present (with >=25% Alcohol, [2208]); Present (with <=12.6% Nitrogen, [2208]); Present (unmodified, or plasticized, with <18% plasticizing substance, [2208]); Present (solution, with <=12.6% Nitrogen and <=55% Nitrocellulose, [2208]); Present (dry or wetted with <25% water or Alcohol, [2208])" As Nitroc
UN1761	"Present (solution, [2128])" As Cupriethylenediamine [13426-91-0]
UN0076	"Present (dry or wetted with <15% water, [0592]); Present (solution, [0592])" As Dinitrophenols [25550-58-7]
UN2354	"Present ([1504])" As Chloromethyl ethyl ether [3188-13-4]
UN2298	"Present ([1124])" As Methylcyclopentane [96-37-7]
94274-21-2	"Present ([1507])" As Benzyl chloroformate [501-53-1]
UN2418	"Present ([2024])" As Sulfur tetrafluoride [7783-60-0]
92046-46-3	"Present ([1114])" As Isopentane [78-78-4]
UN3432	"Present ([0274])" As 1,1'-Biphenyl, chloro derivatives [1336-36-3]
959925-10-1	"Present ([1926])" As Gallium arsenide [1303-00-0]
UN2682	"Present ([1672]); Present (solution, [1672])" As Cesium hydroxide [21351-79-1]
UN1506	"Present ([1538])" As Strontium chlorate [7791-10-8]
UN1591	"Present ([0501])" As o-Dichlorobenzene [95-50-1]
UN1069	"Present ([2503])" As Nitrosyl chloride [2696-92-6]
UN2252	"Present ([0488])" As Ethylene glycol dimethyl ether [110-71-4]
UN2748	"Present ([1505])" As 2-Ethylhexyl chloroformate [24468-13-1]
UN0226	"Present (wetted with >=15% water, [0961]); Present (desensitized, [0961])" As Cyclotetramethylenetetranitramine [2691-41-0]
UN2071	"Present (with <=0.4% combustible substances, [2287]); Present (more liable to explode than Ammonium nitrate with >0.2% combustible substances, including any organic substance calculated as Carbon, to the exclusion of any other added substance, [2287])" As Ammonium nitrate fertilizers [RR-00142-3]
UN1919	"Present (stabilized, [0147])" As Methyl acrylate [96-33-3]
UN2249	"Present ([0293])" As Bis(chloromethyl) ether [542-88-1]
UN1112	"Present ([2343])" As n-Amyl nitrate [1002-16-0]
UN2466	"Present ([0159])" As Potassium superoxide [12030-88-5]
UN1164	"Present ([1172])" As Dimethyl sulfide [75-18-3]
UN3452	"Present ([0418])" As Xylidines [1300-73-8]
921-47-1	"Present ([1728])" As Nonanes [RR-04090-4]
UN1590	"Present ([0509])" As Dichloroaniline [27134-27-6]
UN2052	"Present ([2010])" As Dipentene [138-86-3]
UN1780	"Present ([0242])" As Fumaryl chloride [627-63-4]
UN1407	"Present ([1221])" As Cesium [7440-46-2]
UN2397	"Present ([1053])" As Methyl isopropyl ketone [563-80-4]
UN2947	"Present ([1559])" As Isopropyl chloroacetate [105-48-6]
UN2946	"Present ([0682])" As 1,4-Pentanediamine, N1,N1-diethyl- [140-80-7]
UN2259	"Present ([1908])" As Triethylenetetramine [112-24-3]
UN1622	"Present ([1937])" As Arsenic acid (H3AsO4), magnesium salt (1:?) [10103-50-1]
933050-99-8	"Present ([1726])" As Nonylphenol ethoxylates [9016-45-9]
UN3376	"Present ([2247])" As Hydrazine, (4-nitrophenyl)- [100-16-3]
UN2443	"Present ([1857])" As Vanadium oxytrichloride [7727-18-6]
902459-02-3	"Present ([1957])" As Hexadecanoyl chloride [112-67-4]
UN1616	"Present ([2641])" As Lead acetate [301-04-2]
UN1736	"Present ([0082])" As Benzoyl chloride [98-88-4]
891482-48-7	"Present ([0493])" As Titanium sulfide (TiS2) [12039-13-3]
UN1695	"Present ([2551])" As Chloroacetone [78-95-5]
928322-98-9	"Present (content >27% but <=67%, with type B thinner >=33%, [1982]); Present (content >67% but <=77%, with type A thinner >=23%, [1982]); Present (content <=27%, with type B thinner >=73%, [1982])" As tert-Butyl peroxypivalate [927-07-1]
UN2247	"Present ([2784])" As Decane [124-18-5]
92091-28-6	"Present ([0531])" As Bis(2-chloroethyl) ether [111-44-4]
92481-09-9	"Present ([2004])" As Thiram [137-26-8]
UN2673	"Present ([1393])" As 2-Amino-4-chlorophenol [95-85-2]
96958-96-2	"Present ([0771])" As Fluoroboric acid [16872-11-0]
UN2035	"Present ([1793])" As Ethane, 1,1,1-trifluoro- [420-46-2]
UN1832	"Present ([1302])" As Sulfuric acid [7664-93-9]
UN2191	"Present ([1331])" As Sulfuryl fluoride [2699-79-8]
UN2535	"Present ([1135])" As N-Methylmorpholine [109-02-4]
UN1131	"Present ([0494])" As Carbon disulfide [75-15-0]
UN2360	"Present ([0582])" As Diallyl ether [557-40-4]
UN1578	"Present ([1547])" As Chloronitrobenzenes [25167-93-5]
UN2683	"Present (solution, [1283])" As Ammonium sulfide [12135-76-1]
UN1911	"Present (hypertoxic chemical, [2626])" As Diborane [19287-45-7]
UN2803	"Present ([1013])" As Gallium [7440-55-3]
942505-36-4	"Present ([0045])" As 1,1'-Biphenyl, ar,ar,ar,ar,ar',ar',ar',ar'-octabromo- [27858-07-7]
UN1334	"Present ([1585])" As Naphthalene [91-20-3]
UN1470	"Present ([0807])" As Lead perchlorate [13637-76-8]
UN2710	"Present ([0831])" As Dipropyl ketone [123-19-3]
UN2362	"Present ([0556])" As 1,1-Dichloroethane [75-34-3]
UN2871	"Present (powder, [2121])" As Antimony [7440-36-0]
UN1396	"Present (powder, [1377])" As Aluminum [7429-90-5]
UN1847	"Present ([1287])" As Potassium sulfide [1312-73-8]
UN1562	"Present ([1924])" As Arsenic [7440-38-2]
UN1855	"Present ([0789]); Present (powder, [0789])" As Calcium [7440-70-2]
UN1711	"Present ([0418])" As Xylidines [1300-73-8]
957554-95-9	"Present (in Acetic anhydride, solution, [0801]); Present (content 50-72%, [0798]); Present (content >72%, [0798]); Present (content <=50%, [0798])" As Perchloric acid [7601-90-3]
UN1040	"Present ([0981])" As Ethylene oxide [75-21-8]
UN2295	"Present ([1554])" As Methyl chloroacetate [96-34-4]
UN2287	"Present ([2711])" As Isoheptene [68975-47-3]
UN2023	"Present ([1391])" As Epichlorohydrin [106-89-8]
RR-63434-4	"Present ([0107])" As Denatured alcohols [RR-00113-8]
UN1220	"Present ([2653])" As Isopropyl acetate [108-21-4]
UN1766	"Present ([0516])" As Silane, trichloro(dichlorophenyl)- [27137-85-5]
96958-28-0	"Present ([1726])" As Nonylphenol ethoxylates [9016-45-9]
UN1155	"Present ([2625])" As Ethyl ether [60-29-7]
UN1623	"Present ([1935])" As Mercuric arsenate [7784-37-4]
UN2022	"Present ([1029])" As Cresol, all isomers [1319-77-3]
UN2649	"Present ([0521])" As Bis(chloromethyl) ketone [534-07-6]
UN1472	"Present ([0895])" As Lithium peroxide [12031-80-0]
916431-34-0	"Present ([2086])" As Tetraethylenepentamine [112-57-2]
UN2205	"Present ([0991])" As Adiponitrile [111-69-3]
UN1767	"Present ([0691])" As Diethyldichlorosilane [1719-53-5]
95-74-9	"Present ([1501])" As Chlorotoluidines [53906-68-6]
UN2495	"Present ([2136])" As Iodine pentafluoride [7783-66-6]
UN1849	"Present ([1288])" As Sodium sulfide [1313-82-2]
91315-61-6	"Present ([1859])" As Trichlorofluoromethane [75-69-4]
UN1286	"Present ([2101])" As Rosin oil [8002-16-2]
98223-57-5	"Present ([1773])" As Boron, (ethanamine)trifluoro-, (T-4)- [75-23-0]
UN1674	"Present ([2633])" As Phenylmercuric acetate [62-38-4]
99910-17-5	"Present (content >15%, hypertoxic chemical, [0654])" As Phosfolan [947-02-4]
UN1817	"Present ([1460])" As Pyrosulfuryl chloride [7791-27-7]
UN2318	"Present ([1293])" As Sodium hydrosulfide [16721-80-5]
UN1702	"Present ([2063])" As 1,1,2,2-Tetrachloroethane [79-34-5]
UN1045	"Present (hypertoxic chemical, [0732])" As Fluorine [7782-41-4]
UN2358	"Present ([0973])" As 1,3,5,7-Cyclooctatetraene [629-20-9]
UN2661	"Present ([1357])" As Hexachloroacetone [116-16-5]
UN2934	"Present ([1436])" As Propanoic acid, 2-chloro-, 1-methylethyl ester [40058-87-5]
UN2073	"Present ([0002])" As Ammonia [7664-41-7]
UN2315	"Present ([0274])" As 1,1'-Biphenyl, chloro derivatives [1336-36-3]
UN2901	"Present ([1492])" As Bromine chloride [13863-41-7]
956465-01-3	"Present ([1172])" As Dimethyl sulfide [75-18-3]
9007-33-4	"Present ([0033])" As Ethanolamine [141-43-5]
UN2270	"Present (aqueous solution, with 50-70% Ethylamine, [2565]); Present ([2565])" As Ethylamine [75-04-7]
UN1698	"Present ([0313])" As Diphenylaminechloroarsine [578-94-9]
UN1888	"Present ([1852])" As Chloroform [67-66-3]
91000-35-0	"Present ([2800])" As Phenol, 4-nonyl-, branched [84852-15-3]
UN2226	"Present ([1851])" As .alpha.,.alpha.,.alpha.-Trichlorotoluene [98-07-7]
UN2628	"Present ([0782])" As Potassium fluoroacetate [23745-86-0]
UN3247	"Present ([0860])" As Sodium peroxometaborate [7632-04-4]
UN1816	"Present ([0119])" As Propyltrichlorosilane [141-57-1]
UN0147	"Present ([2276])" As Nitrourea [556-89-8]
UN1088	"Present ([0705])" As Acetal [105-57-7]
UN2375	"Present ([0701])" As Diethyl sulfide [352-93-2]
UN1723	"Present ([0179])" As Allyl iodide [556-56-9]
UN2074	"Present ([0154])" As Acrylamide [79-06-1]
UN1261	"Present ([2267])" As Nitromethane [75-52-5]
UN0407	"Present ([2096])" As Tetrazol-1-acetic acid [21732-17-2]
UN1612	"Present ([2041])" As Hexaethyl tetraphosphate and compressed gas mixtures [RR-02882-0]
UN2077	"Present ([1586])" As 1-Naphthylamine [134-32-7]
UN1444	"Present ([0851])" As Ammonium persulfate [7727-54-0]
UN1431	"Present ([1024]); Present (Methyl alcohol solution, [1025])" As Sodium methylate [124-41-4]
UN1809	"Present ([1841])" As Phosphorus trichloride [7719-12-2]
UN1145	"Present ([0953])" As Cyclohexane [110-82-7]
UN2743	"Present ([1517])" As Butyl chloroformate [592-34-7]
91829-63-9	"Present ([2455])" As Sodium bisulfite [7631-90-5]
UN1840	"Present ([1480]); Present (solution, [1480])" As Zinc chloride [7646-85-7]
UN1302	"Present (stabilized, [2672])" As Vinyl ethyl ether [109-92-2]
UN1714	"Present ([1269])" As Zinc phosphide (Zn3P2) [1314-84-7]
UN1839	"Present ([1862])" As Trichloroacetic acid [76-03-9]
RR-07072-4	"Present (dust, [2358]); Present (powder, [2358]); Present (ashes, [2358])" As Zinc [7440-66-6]
96957-64-1	"Present ([1726])" As Nonylphenol ethoxylates [9016-45-9]
UN2339	"Present ([2397])" As 2-Bromobutane [78-76-2]
UN0072	"Present (wetted with >=15% water, [0957]); Present (desensitized, [0957])" As Cyclonite [121-82-4]
946073-41-2	"Present ([1065])" As 3-Butyn-2-ol, 2-methyl- [115-19-5]
UN2388	"Present ([0738])" As Fluorotoluenes [25496-08-6]
98478-67-2	"Present ([1311])" As Dimethyl sulfate [77-78-1]
UN1884	"Present ([2529])" As Barium oxide [1304-28-5]
UN1062	"Present ([2411])" As Bromomethane [74-83-9]
UN1819	"Present (solid, [1379]); Present (solution, [1379])" As Sodium aluminate (NaAlO2) [1302-42-7]
UN1046	"Present (compressed or liquefied, [0929])" As Helium [7440-59-7]
UN2591	"Present (compressed or liquefied, [2200])" As Xenon [7440-63-3]
UN2707	"Present ([0435])" As Dimethyldioxane [25136-55-4]
UN2672	"Present ([0002])" As Ammonia [7664-41-7]
UN1001	"Present ([2629])" As Acetylene [74-86-2]
UN1625	"Present ([2298])" As Mercury(II) nitrate [10045-94-0]
UN2526	"Present ([1234])" As Furfurylamine [617-89-0]
UN0135	"Present (wetted with >=20% water or Mixture of alcohol and water, [1239])" As Mercury fulminate [628-86-4]
92114-96-0	"Present (wetted with >=20% water or Mixture of alcohol and water, [1239])" As Mercury fulminate [628-86-4]
UN1580	"Present (hypertoxic chemical, [1854])" As Chloropicrin [76-06-2]
UN2715	"Present ([1995])" As Aluminum resinate [61789-65-9]
UN1978	"Present ([0139])" As Propane [74-98-6]
UN2370	"Present ([1006])" As 1-Hexene [592-41-6]
96193-83-8	"Present ([2303])" As Potassium nitrate [7757-79-1]
UN2855	"Present ([1338])" As Silicate(2-), hexafluoro-, zinc (1:1) [16871-71-9]
UN1403	"Present (with >0.1% Calcium carbide, [1676])" As Calcium cyanamide [156-62-7]
UN2878	"Present (powder, dry, [1223]); Present (powder, wetted with >=25% water, particle size <53 micron if produced by mechanical method, and particle size <840 micron if produced by chemical method, [1223])" As Titanium [7440-32-6]
UN1296	"Present ([1915])" As Triethylamine [121-44-8]
UN0219	"Present ([1889])" As 2,4,6-Trinitroresorcinol [82-71-3]
95828-55-0	"Present ([0366])" As Dichlorvos [62-73-7]
915039-12-2	"Present ([0045])" As 1,1'-Biphenyl, ar,ar,ar,ar,ar',ar',ar',ar'-octabromo- [27858-07-7]
UN1491	"Present ([0894])" As Potassium peroxide [17014-71-0]
UN2607	"Present (stabilized, [0489])" As Acrolein dimer [100-73-2]
UN1810	"Present ([1858])" As Phosphorus oxychloride [10025-87-3]
UN2044	"Present ([0429])" As Neopentane [463-82-1]
UN2225	"Present ([0065])" As Benzenesulfonyl chloride [98-09-9]
UN3055	"Present ([0034])" As 2-(2-Aminoethoxy)ethanol [929-06-6]
UN1749	"Present ([1769])" As Chlorine trifluoride [7790-91-2]
UN2188	"Present (hypertoxic chemical, [1927])" As Arsine [7784-42-1]
UN1369	"Present ([2481])" As p-Nitrosodimethylaniline [138-89-6]
UN2664	"Present ([0629])" As Methylene bromide [74-95-3]
UN1214	"Present ([2694])" As Isobutylamine [78-81-9]
UN0218	"Present ([1881])" As 2,4,6-Trinitrophenetole [4732-14-3]
96231-61-7	"Present ([1726])" As Nonylphenol ethoxylates [9016-45-9]
UN2739	"Present ([0234])" As Butyric anhydride [106-31-0]
UN2622	"Present ([0976])" As Glycidylaldehyde [765-34-4]
UN2422	"Present ([0037])" As Octafluorobut-2-ene [360-89-4]
UN2269	"Present ([0305])" As 3,3'-Iminobis(propylamine) [56-18-8]
UN2210	"Present ([0170])" As Maneb [12427-38-2]
UN1163	"Present (hypertoxic chemical, [0461])" As 1,1-Dimethylhydrazine [57-14-7]
NA9202	"Present ([2563])" As Carbon monoxide [630-08-0]
UN1490	"Present ([0813])" As Potassium permanganate [7722-64-7]
UN1279	"Present ([0522])" As 1,2-Dichloropropane [78-87-5]
UN1508	"Present ([0808])" As Strontium perchlorate [13450-97-0]
UN2345	"Present ([2386])" As 1-Propyne, 3-bromo- [106-96-7]
UN1346	"Present (powder, amorphous, [0837])" As Silicon [7440-21-3]
UN1423	"Present ([1220])" As Rubidium [7440-17-7]
UN1892	"Present ([2605])" As Ethyl dichloroarsine [598-14-1]
UN2307	"Present ([2223])" As 3-Nitro-4-chlorobenzotrifluoride [121-17-5]
UN1245	"Present ([1059])" As 2-Pentanone, 4-methyl- [108-10-1]
UN2576	"Present ([2546])" As Phosphorus oxybromide [7789-59-5]
UN1722	"Present (stabilized, [1512])" As Allyl chlorocarbonate [2937-50-0]
952666-08-9	"Present ([1773])" As Boron, (ethanamine)trifluoro-, (T-4)- [75-23-0]
UN1485	"Present ([1533]); Present (solution, [1533])" As Potassium chlorate [3811-04-9]
UN1092	"Present (stabilized, [0144])" As Acrolein [107-02-8]
UN2650	"Present ([0497])" As 1,1-Dichloro-1-nitroethane [594-72-9]
UN2290	"Present ([2710])" As Isophorone diisocyanate [4098-71-9]
UN1435	"Present (dust, [2358]); Present (powder, [2358]); Present (ashes, [2358])" As Zinc [7440-66-6]
93951-73-6	"Present ([1418])" As 2-Chlorophenol [95-57-8]
95673-15-7	"Present ([2392])" As Propanoyl bromide, 2-bromo- [563-76-8]
96122-95-1	"Present ([1566])" As Morpholine [110-91-8]
UN1823	"Present ([1669]); Present (solution, content >=30%, [1669])" As Sodium hydroxide [1310-73-2]
UN2546	"Present (powder, dry, [1223]); Present (powder, wetted with >=25% water, particle size <53 micron if produced by mechanical method, and particle size <840 micron if produced by chemical method, [1223])" As Titanium [7440-32-6]
UN2965	"Present ([1772])" As Boron trifluoride compound with methyl ether [353-42-4]
UN3300	"Present ([0643])" As Carbon dioxide and ethylene oxide mixtures [8070-50-6]
UN2363	"Present ([2623])" As Ethyl mercaptan [75-08-1]
957554-49-3	"Present (anhydrous, [1339])" As Hexafluorophosphoric acid [16940-81-1]
UN2482	"Present ([2730])" As n-Propyl isocyanate [110-78-1]
99932-75-9	"Present ([0981])" As Ethylene oxide [75-21-8]
UN1156	"Present ([2181])" As Diethyl ketone [96-22-0]
UN3429	"Present ([1501])" As Chlorotoluidines [53906-68-6]
90030-95-8	"Present (wetted with >=40% water or Mixture of alcohol and water, [0621])" As Diazodinitrophenol [4682-03-5]
94538-01-9	"Present ([0273])" As Polychlorinated dibenzofurans [136677-10-6]
UN2373	"Present ([0704])" As Diethoxymethane [462-95-3]
UN1710	"Present ([1866])" As Trichloroethylene [79-01-6]
UN1689	"Present (hypertoxic chemical, [1688])" As Sodium cyanide [143-33-9]
UN1567	"Present (powder, [1613])" As Beryllium [7440-41-7]
UN1465	"Present ([2316])" As Nitric acid, didymium salt [134191-62-1]
UN0004	"Present (dry or wetted with <10% water, [1873]); Present (with >=10% water, [1873])" As Ammonium picrate [131-74-8]
UN1333	"Present (suspended in kerosene, [1968]); Present (powder and scrap, [1968])" As Cerium [7440-45-1]
UN2667	"Present ([0225])" As Butyltoluenes [27458-20-4]
UN2275	"Present ([2582])" As 1-Butanol, 2-ethyl- [97-95-0]
UN1775	"Present ([0771])" As Fluoroboric acid [16872-11-0]
UN1203	"Present ([1630])" As Gasoline, motor fuel [86290-81-5]
905982-64-1	"Present ([0178])" As Cadmium telluride (CdTe) [1306-25-8]
UN2213	"Present ([0269])" As Paraformaldehyde [30525-89-4]
UN1606	"Present ([1943])" As Arsenic acid, iron(3+) salt (1:1) [10102-49-5]
UN2194	"Present ([1343])" As Selenium hexafluoride [7783-79-1]
UN1125	"Present ([2759])" As n-Butylamine [109-73-9]
RR-12214-5	"Present ([0790])" As Calcium alloys [RR-14674-7]
UN1631	"Present ([0080])" As Mercuric benzoate [583-15-3]
RR-63190-3	"Present ([2176])" As Amyl mercaptans [RR-01196-1]
UN2409	"Present ([0131])" As Isopropyl propionate [637-78-5]
93085-22-4	"Present ([0640])" As Chlorine dioxide [10049-04-4]
UN2262	"Present ([0352])" As Dimethylcarbamoyl chloride [79-44-7]
RR-14368-0	Present ([0988])
RR-14655-4	Present ([2206])
RR-14668-9	Present ([1380])
RR-14670-3	Present ([1949])
RR-14674-7	Present ([0790])
RR-14696-3	Present ([2127])
RR-14698-5	Present (powder, [1969])
9002-91-9	Present ([1230])
895-85-2	Present (Silicone oil paste, content <=52%, [0289])
90-03-9	Present ([1454])
90-04-0	Present ([1192])
RR-14713-7	Present ([2819])
RR-14715-9	Present ([2314])
RR-14716-0	Present ([2326])
RR-14717-1	Present ([2325])
RR-14768-2	Present ([0664])
RR-14782-0	Present ([2359])
RR-14783-1	Present ([1631])
RR-14852-7	Present ([0605])
RR-14866-3	Present ([2146])
RR-14870-9	Present ([0278])
RR-14876-5	Present ([0351])
RR-14881-2	Present ([1948])
RR-14924-6	Present (with free Sulphuric acid, [2130])
RR-14926-8	Present ([0061])
RR-14935-9	Present ([0083])
RR-151480-3	Present (closed cup flash point <=60 ‹C, [1734])
RR-29433-7	Present ([1574])
RR-33896-5	Present ([1733])
RR-42516-1	Present ([1694])
RR-42524-1	Present ([1689])
RR-57030-9	Present ([1630])
RR-64293-3	Present ([1884])
RR-87523-0	Present ([2201])
UN2374	"Present ([0703])" As 3,3-Diethoxypropene [3054-95-3]
UN2740	"Present ([1516])" As Propyl chloroformate [109-61-5]
UN1752	"Present ([1563])" As Chloroacetyl chloride [79-04-9]
UN2474	"Present ([0543])" As Thiophosgene [463-71-8]
UN1495	"Present ([1535]); Present (solution, [1535])" As Sodium chlorate [7775-09-9]
UN1798	"Present ([2283])" As Nitrohydrochloric acid [8007-56-5]
UN2815	"Present ([0036])" As 1-(2-Aminoethyl)piperazine [140-31-8]
UN2441	"Present ([1848]); Present (solution, [1848]); Present (mixtures, [1848])" As Titanium trichloride [7705-07-9]
UN1453	"Present ([2457])" As Calcium chlorite [14674-72-7]
UN2612	"Present ([1100])" As Methyl propyl ether [557-17-5]
UN2281	"Present ([1373])" As Hexamethylene diisocyanate [822-06-0]
UN1449	"Present ([0867])" As Barium peroxide [1304-29-6]
UN2012	"Present ([1261])" As Potassium phosphide [20770-41-6]
95788-45-7	"Present ([2188])" As Selenium [7782-49-2]
UN2460	"Present ([1054])" As 2-Methyl-2-butene [513-35-9]
UN2491	"Present ([0033])" As Ethanolamine [141-43-5]
UN1504	"Present ([0898])" As Sodium peroxide [1313-60-6]
UN1238	"Present (hypertoxic chemical, [1509])" As Methyl chloroformate [79-22-1]
UN1445	"Present ([1531])" As Barium chlorate [13477-00-4]
UN1350	"Present ([1290])" As Sulfur [7704-34-9]
UN3078	"Present (suspended in kerosene, [1968]); Present (powder and scrap, [1968])" As Cerium [7440-45-1]
UN2589	"Present ([1557])" As Vinyl chloroacetate [2549-51-1]
UN2486	"Present ([2729])" As Isobutyl isocyanate [1873-29-6]
UN2343	"Present ([2426])" As 2-Bromopentane [107-81-3]
UN1272	"Present ([2100])" As Pine oil [8002-09-3]
925-94-0	"Present ([1175])" As Formic acid [64-18-6]
95255-40-6	"Present (with >0.2% combustible substances, including any organic substance calculated as Carbon, to the exclusion of any other added substance, [2286]); Present (with <=0.2% combustible substances, [2286])" As Ammonium nitrate [6484-52-2];
UN1082	"Present (stabilized, [1786])" As Chlorotrifluoroethylene [79-38-9]
910889-31-5	"Present ([1856])" As .alpha.-D-Glucofuranose, 1,2-O-(2,2,2-trichloroethylidene)-, (R)- [15879-93-3]
UN1276	"Present ([2656])" As n-Propyl acetate [109-60-4]
UN1486	"Present ([2303])" As Potassium nitrate [7757-79-1]
RR-131051-6	Present (containing Di-(3-methylbenzoyl) peroxide <=20%, Benzoyl (3-methylbenzoyl) peroxide <=18% and Dibenzoyl peroxide <=4%, with type B thinner >=58%, [0872])
RR-131068-5	Present (closed cup flash point <=60 ‹C. Liquids with flash point between 35-60 ‹C, are not deemed as flammable liquid when a negative result is obtained in continuous flammability test, and are not managed as flammable liquids, [2828])
RR-131070-9	Present (contains 1,1-Di(tert-butylperoxy)cyclohexane <=43%, and tert-Butyl 2-ethylperoxyhexanoate <=16%, with type A thinner >=41%, [0300])
RR-142811-1	Present ([1966])
RR-14297-2	Present ([1888])
RR-14301-1	Present ([2080])
RR-01755-0	Present (content <=77%, with type A thinner >=23%, [0375])
RR-01796-9	Present (content <=52%, with type A thinner >=48%, [1979])
RR-01800-8	Present (content <=52%, with type A thinner >=48%, [0285])
RR-02797-4	Present (wetted with >=15% water or desensitized with >=10% phlegmatizer, [0958])
RR-02838-6	Present (with free Sulphuric acid, [2130])
RR-02846-6	Present ([2564])
RR-02872-8	Present (content <=30% Ethylene oxide, [0982])
RR-02882-0	Present ([2041])
RR-02886-4	Present ([1663])
RR-02897-7	Present ([1520])
RR-02906-1	Present ([1228])
RR-02920-9	Present ([1887])
RR-02921-0	Present ([1886])
990-73-8	Present ([0092])
99-08-1	Present ([2265])
99-09-2	Present ([2230])
99-12-7	Present ([2214])
98-00-0	Present ([0730])
98-01-1	Present ([1235])
98-02-2	Present ([1276])
98-05-5	Present ([0089])
98-06-6	Present ([1972])
98-07-7	Present ([1851])
98-08-8	Present ([1780])
98-09-9	Present ([0065])
98-12-4	Present ([0949])
98-13-5	Present ([0073])
98-15-7	Present ([1526])
98-16-8	Present ([1783])
98-47-5	Present ([1209])
98-48-6	Present (solution, [0059])
98-50-0	Present ([0013])
98-54-4	Present ([1974])
98-56-6	Present ([1527])
98-58-8	Present ([2379])
98-59-9	Present ([0256])
98-72-6	Present ([2250])
98-74-8	Present ([2238])
98-82-8	Present ([2688])
98-83-9	Present ([0068])
98-85-1	Present ([1088])
98-87-3	Present ([0540])
98-88-4	Present ([0082])
98-94-2	Present ([0447])
98-95-3	Present ([2228])
95718-78-8	Present (content <=77%, with type A thinner >=23%, [1633]); Present (content <=52%, with type A thinner >=48%, [1633]); Present (content <=52%, stable dispersion in water, [1633])
97-72-3	Present ([2701])
97-85-8	Present ([2705])
97-86-9	Present (stabilized, [1109])
97-88-1	Present (stabilized, [1110])
97-93-8	Present ([1917])
97-94-9	Present ([1918])
97-95-0	Present ([2582])
97-96-1	Present ([2602])
97-97-2	Present ([0464])
95-75-0	Present ([0539])
95-76-1	Present ([0507])
95-77-2	Present ([0514])
95-78-3	Present ([0413])
95-79-4	Present ([1396])
95-80-7	Present ([0306])
95-73-8	Present ([0536])
99-33-2	Present ([0600])
99-35-4	Present ([1870])
99-51-4	Present ([2211])
99-52-5	Present ([2217])
99-54-7	Present ([0550])
99-57-0	Present ([2215])
99-63-8	Present ([1207])
99-65-0	Present ([0587])
99-73-0	Present ([2384])
99-87-6	Present ([1160])
99-89-8	Present ([0267])
99-98-9	Present ([0006])
99-99-0	Present ([2266])
992-98-3	Present ([1179])
993-00-0	Present ([1134])
995-33-5	Present (content <=52%, with inert solid >=48%, [2007]); Present (content >52% but <=100%, [2007])
99675-03-3	Present ([1078])
999-97-3	Present ([1348])
RR-00113-8	Present ([0107])
RR-00123-0	Present ([1211])
RR-00142-3	Present (with <=0.4% combustible substances, [2287]); Present (more liable to explode than Ammonium nitrate with >0.2% combustible substances, including any organic substance calculated as Carbon, to the exclusion of any other added substance, [2287])
RR-00161-6	Present ([0048])
RR-00166-1	Present ([0214])
RR-00167-2	Present ([0215])
RR-00216-4	Present ([1570])
RR-00263-1	Present (dry or wetted with <15% water, [0596])
RR-00297-1	Present (solution, with >35% free Ammonia, [0930])
RR-00376-9	Present (dry, [1593])
RR-01196-1	Present ([2176])
RR-01300-3	Present ([2412])
RR-01305-8	Present ([2277])
RR-01327-4	Present (with >=30% water, [1578])
RR-01337-6	Present ([1205])
RR-01350-3	Present ([2131])
RR-01361-6	Present ([2132])
RR-01751-6	Present ([0907]); Present (content <=100%, [1985])
RR-03955-4	Present ([0985])
RR-04090-4	Present ([1728])
RR-106290-4	Present (containing Isopropyl sec-butyl peroxydicarbonate <=52%, Di-sec-butyl peroxydicarbonate <=28%, and Diisopropyl peroxydicarbonate <=22%, [0857]); Present (containing Isopropyl sec-butyl peroxydicarbonate <=32%, Di-sec-butyl peroxydicarbonate >=15% but <=18%, and Diisopropyl peroxydicarbonate >=12% but <=15%, with type A thinner >=38%, [0857])
RR-108520-7	Present (contains Diethylene glycol bis(allyl carbonate) >=88% and Diisopropyl peroxydicarbonate <=12%, [0345])
RR-112173-9	Present ([1190])
RR-112179-5	Present ([1484])
RR-112180-8	Present ([1483])
RR-112181-9	Present ([1481])
RR-112183-1	Present ([1482])
RR-112201-6	Present (containing <=12% tert-Butyl 2-ethylperoxyhexanoate and <=14% 2,2-di(tert-Butylperoxy)butane, with type A thinner >=14% and inert solid >=60%, [1977]); Present (containing <=31% tert-Butyl 2-ethylperoxyhexanoate and <=36% 2,2-di(tert-Butylperoxy)butane, with type B thinner >=33%, [1977])
RR-11451-2	Present ([1214])
RR-131071-0	Present ([1323])
RR-131067-4	Present ([2360])
RR-12215-6	Present (pellet, turning or ribbon, with >50% Magnesium, [1573])
RR-130913-3	Present ([1630])
91-63-4	Present ([1129])
91-66-7	Present ([0687])
91-94-1	Present ([0542])
90-02-8	Present ([2013])
928-45-0	Present ([2342])
926-57-8	Present ([0499])
926-63-6	Present ([0426])
926-64-7	Present (hypertoxic chemical, [0410])
926-82-9	Present ([0445])
927-07-1	Present (content >27% but <=67%, with type B thinner >=33%, [1982]); Present (content >67% but <=77%, with type A thinner >=23%, [1982]); Present (content <=27%, with type B thinner >=73%, [1982])
922-28-1	Present ([0444])
922-61-2	Present ([1061])
92-52-4	Present ([1245])
92-59-1	Present ([0103])
92-67-1	Present ([0031])
917-58-8	Present ([2569])
91724-16-2	Present ([2464])
92-87-5	Present ([0309])
92-93-3	Present ([2269])
929-06-6	Present ([0034])
93-58-3	Present ([0081])
93-59-4	Present ([0900])
93-70-9	Present ([1562])
93-72-1	Present ([1832])
93-76-5	Present ([1833])
930-28-9	Present ([1467])
930-68-7	Present ([0955])
928-49-4	Present ([1002])
928-65-4	Present ([0997])
931-87-3	Present ([0975])
932-64-9	Present ([2278])
950-10-7	Present (content >5%, hypertoxic chemical, [0655])
950-35-6	Present (hypertoxic chemical, [0434])
950-37-8	Present ([0396])
944-22-9	Present (content >6%, hypertoxic chemical, [2593])
947-02-4	Present (content >15%, hypertoxic chemical, [0654])
94-17-7	Present (content <=77%, [0873]); Present (paste, content <=52%, [0873])
94-36-0	Present (content >51% but <=100%, with inert solid <=48%, [0874]); Present (content >35% but <=52%, with inert solid >=48%, [0874]); Present (content >=36% but <=42%, with type A thinner >=18%, water <=40%, [0874]); Present (content >=77% but <=94%, with water >=6%, [0874]); Present (content <=42%, stable dispersion in water, [0874]); Present (content <=62%, with inert solid >=28%, water >=10%, [0
94-70-2	Present ([2682])
937-14-4	Present (content >57% but <=86%, with inert solid >=14%, [1421]); Present (content <=57%, with inert solid <=3%, water >=40%, [1421]); Present (content <=77%, with inert solid >=6%, water >=17%, [1421])
937-40-6	Present ([1099])
95-03-4	Present ([1400])
95-06-7	Present ([0690])
95-46-5	Present ([2408])
95-47-6	Present ([0355])
95-48-7	Present ([1026])
95-49-8	Present ([1498])
95-50-1	Present ([0501])
95-51-2	Present ([1415])
95-52-3	Present ([0766])
95-53-4	Present ([1083])
95-54-5	Present ([0053])
95-55-6	Present ([0007])
95-56-7	Present ([2376])
95-57-8	Present ([1418])
95-63-6	Present ([1800])
95-64-7	Present ([0415])
95-65-8	Present ([0363])
95-68-1	Present ([0412])
95-70-5	Present ([0307])
95-82-9	Present ([0505])
95-85-2	Present ([1393])
95-87-4	Present ([0361])
95-92-1	Present ([2579])
95-93-2	Present ([2029])
95-94-3	Present ([2046])
95-95-4	Present ([1830])
96319-55-0	Present (content <=42%, with inert solid >=58%, [1983]); Present (content <=77%, with type A thinner >=23%, [1983])
97-00-7	Present ([1392])
97-02-9	Present ([0589])
97-52-9	Present ([2218])
97-62-1	Present ([2703])
97-63-2	Present (stabilized, [1108])
97-64-3	Present ([1639])
961-68-2	Present ([0604])
96-05-9	Present ([1107])
96-09-3	Present ([2530])
96-10-6	Present ([1462])
96-14-0	Present ([1155])
96-18-4	Present ([1834])
96-22-0	Present ([2181])
96-23-1	Present ([0498])
96-24-2	Present ([1383])
96-29-7	Present ([0237])
96-32-2	Present ([2430])
96-33-3	Present (stabilized, [0147])
96-34-4	Present ([1554])
96-37-7	Present ([1124])
96-41-3	Present ([0966])
96-47-9	Present ([1149])
96-80-0	Present ([0711])
96-91-3	Present ([0583])
96-96-8	Present (hypertoxic chemical, [2222])
9004-70-0	Present (with >=25% water, [2208]); Present (with >=25% Alcohol and <=12.6% Nitrogen, [2208]); Present (with >=25% Alcohol, [2208]); Present (with <=12.6% Nitrogen, [2208]); Present (unmodified, or plasticized, with <18% plasticizing substance, [2208]); Present (solution, with <=12.6% Nitrogen and <=55% Nitrocellulose, [2208]); Present (dry or wetted with <25% water or Alcohol, [2208])
9007-13-0	Present ([1993])
9016-45-9	Present ([1726])
90193-67-2	Present ([0276])
9008-34-8	Present ([1996])
9010-69-9	Present ([1997])
90-12-0	Present ([1136])
90-13-1	Present ([1472])
90-41-5	Present ([0030])
90-43-7	Present ([0069])
900-95-8	Present ([1746])
91270-74-5	Present ([1592])
91-08-7	Present ([1016])
91-17-8	Present ([1960])
91-20-3	Present ([1585])
91-22-5	Present ([1238])
91-23-6	Present ([2239])
9080-17-5	Present (solution, [0271])
91-57-6	Present ([1137])
91-59-8	Present ([1587])
91-62-3	Present ([1131])
9056-38-6	Present ([2204])
90640-80-5	Present (emulsifiable paste, [0279]); Present (emulsion, [0279])
UN1777	"Present ([0765])" As Fluorosulfonic acid [7789-21-1]
UN3453	"Present ([2790])" As Phosphoric acid [7664-38-2]
UN2799	"Present ([0087])" As Phenylphosphorus thiodichloride [3497-00-5]
UN2444	"Present ([2049])" As Vanadium tetrachloride [7632-51-1]
UN1108	"Present ([2182])" As 1-Pentene [109-67-1]
UN1974	"Present ([1450])" As Chlorodifluorobromomethane [353-59-3]
UN3023	"Present ([2030])" As tert-Octyl mercaptan [141-59-3]
UN1984	"Present ([1784])" As Trifluoromethane [75-46-7]
UN2031	"Present ([2285])" As Nitric acid [7697-37-2]
UN1804	"Present ([0073])" As Phenyltrichlorosilane [98-13-5]
UN2841	"Present ([0721])" As Di-n-amylamine [2050-92-2]
UN1957	"Present ([0176])" As Deuterium [7782-39-0]
94538-00-8	"Present ([0273])" As Polychlorinated dibenzofurans [136677-10-6]
UN1503	"Present ([0814])" As Sodium permanganate [10101-50-5]
UN2199	"Present (hypertoxic chemical, [1266])" As Phosphine [7803-51-2]
UN3155	"Present (hypertoxic chemical, [2144])" As Pentachlorophenol [87-86-5]
UN1193	"Present ([0236])" As Methyl ethyl ketone [78-93-3]
UN1348	"Present ([0613])" As Sodium dinitro-ortho-cresolate [2312-76-7]
UN2214	"Present (with >0.05% Maleic anhydride, [1252])" As Phthalic anhydride [85-44-9]
UN1171	"Present ([2575])" As 2-Ethoxyethanol [110-80-5]
UN2488	"Present ([2722])" As Cyclohexyl isocyanate [3173-53-3]
UN2456	"Present ([1439])" As 2-Chloropropene [557-98-2]
UN1801	"Present ([2348])" As Octyltrichlorosilane [5283-66-9]
95828-59-4	"Present ([1726])" As Nonylphenol ethoxylates [9016-45-9]
UN1541	"Present (hypertoxic chemical, [0138])" As Acetone cyanohydrin [75-86-5]
UN2357	"Present ([0942])" As Cyclohexylamine [108-91-8]
UN2335	"Present ([2619])" As Allyl ethyl ether [557-31-3]
UN1838	"Present ([2055])" As Titanium tetrachloride [7550-45-0]
90452-81-6	"Present ([1726])" As Nonylphenol ethoxylates [9016-45-9]
UN2437	"Present ([1087])" As Methylphenyldichlorosilane [149-74-6]
UN2317	"Present ([1702]); Present (solution, [1702])" As Cuprate(2-), tris(cyano-.kappa.C)-, sodium (1:2) [14264-31-4]
UN2470	"Present ([0094])" As Benzyl cyanide [140-29-4]
91913-71-2	"Present ([1909])" As Nitrogen trioxide [10544-73-7]
UN3409	"Present ([1547])" As Chloronitrobenzenes [25167-93-5]
UN1009	"Present ([2415])" As Trifluorobromomethane [75-63-8]
UN1493	"Present ([2340])" As Silver nitrate [7761-88-8]
UN2692	"Present ([1899])" As Boron tribromide [10294-33-4]
UN1063	"Present ([1519])" As Methyl chloride [74-87-3]
UN2308	"Present ([2486])" As Nitrosylsulfuric acid [7782-78-7]
UN1277	"Present ([0018])" As 1-Propanamine [107-10-8]
UN2730	"Present ([2241])" As 4-Nitroanisole [100-17-4]
UN2834	"Present ([1274])" As Phosphorous acid [P(OH)3] [10294-56-1]
UN1314	"Present ([1993])" As Calcium resinate [9007-13-0]
93365-28-7	"Present ([1804])" As 1,6-Hexanediamine, 2,2,4(or 2,4,4)-trimethyl- [25513-64-8]
99601-92-0	"Present ([1690])" As Nickel cyanide [557-19-7]
UN2714	"Present ([1997])" As Zinc resinate [9010-69-9]
UN2490	"Present ([0561])" As Bis(2-chloro-1-methylethyl) ether [108-60-1]
UN2197	"Present (solution, [1649]); Present (anhydrous, [0189])" As Hydriodic acid [10034-85-2]
UN1422	"Present ([1206])" As Potassium-sodium alloy [11135-81-2]
UN1868	"Present (hypertoxic chemical, [0849])" As Decaborane [17702-41-9]
900178-90-7	"Present ([0771])" As Fluoroboric acid [16872-11-0]
UN1064	"Present ([1171])" As Methanethiol [74-93-1]
UN1912	"Present ([1520])" As Methyl chloride and methylene chloride mixtures [RR-02897-7]
99601-93-1	"Present ([1690])" As Nickel cyanide [557-19-7]
UN2224	"Present ([0078])" As Benzonitrile [100-47-0]
UN2531	"Present (stabilized, [1103])" As Methacrylic acid [79-41-4]
UN2552	"Present ([1333])" As Hexafluoroacetone [684-16-2]
902459-01-2	"Present ([1961])" As Tetradecanoyl chloride [112-64-1]
UN1604	"Present ([2572])" As Ethylenediamine [107-15-3]
UN1295	"Present ([1838])" As Trichlorosilane [10025-78-2]
UN2451	"Present ([1767])" As Nitrogen trifluoride [7783-54-2]
UN1558	"Present ([1924])" As Arsenic [7440-38-2]
97301-98-9	"Present ([1441])" As Chloroplatinic acid [16941-12-1]
UN1513	"Present ([1541])" As Zinc chlorate [10361-95-2]
UN2203	"Present ([1030])" As Silane [7803-62-5]
UN2729	"Present ([1356])" As Hexachlorobenzene [118-74-1]
UN2218	"Present (stabilized, [0145])" As Acrylic acid [79-10-7]
UN1312	"Present ([1232])" As Borneol [507-70-0]
UN2557	"Present (with >=25% water, [2208]); Present (with >=25% Alcohol and <=12.6% Nitrogen, [2208]); Present (with >=25% Alcohol, [2208]); Present (with <=12.6% Nitrogen, [2208]); Present (unmodified, or plasticized, with <18% plasticizing substance, [2208]); Present (solution, with <=12.6% Nitrogen and <=55% Nitrocellulose, [2208]); Present (dry or wetted with <25% water or Alcohol, [2208])" As Nitroc
UN0143	"Present (solution in Alcohol with <=10% Nitroglycerin, [2203]); Present (desensitized with >=40% non-volatile, water-insoluble phlegmatizer, [2202])" As Nitroglycerin [55-63-0]
UN1013	"Present (compressed or liquefied, [0642])" As Carbon dioxide [124-38-9]
UN2812	"Present (solid, [1379]); Present (solution, [1379])" As Sodium aluminate (NaAlO2) [1302-42-7]
UN1352	"Present (powder, dry, [1223]); Present (powder, wetted with >=25% water, particle size <53 micron if produced by mechanical method, and particle size <840 micron if produced by chemical method, [1223])" As Titanium [7440-32-6]
93930-11-1	"Present ([0934])" As Phenothiazin-5-ium, 3,7-diamino-, chloride [581-64-6]
UN1559	"Present (hypertoxic chemical, [2163])" As Arsenic pentoxide [1303-28-2]
UN2406	"Present ([2704])" As Isopropyl isobutyrate [617-50-5]
UN0448	"Present ([1712])" As 2,5-Dihydro-5-thioxo-1H-tetrazol-1-acetic acid [57658-36-3]
UN2393	"Present ([1182])" As Isobutyl formate [542-55-2]
UN2870	"Present ([1607])" As Aluminum borohydride [16962-07-5]
UN1466	"Present ([2329])" As Ferric nitrate [10421-48-4]
UN2454	"Present ([0769])" As Methyl fluoride [593-53-3]
UN2830	"Present ([0846])" As Lithium ferrosilicon [64082-35-5]
UN2389	"Present ([0729])" As Furan [110-00-9]
UN1510	"Present (hypertoxic chemical, [2078])" As Tetranitromethane [509-14-8]
UN1016	"Present ([2563])" As Carbon monoxide [630-08-0]
UN1415	"Present ([1240])" As Lithium [7439-93-2]
UN1657	"Present ([2015])" As Nicotine salicylate [29790-52-1]
UN2745	"Present ([1510])" As Chloromethyl chloroformate [22128-62-7]
UN2516	"Present ([2084])" As Carbon tetrabromide [558-13-4]
UN0340	"Present (with >=25% water, [2208]); Present (with >=25% Alcohol and <=12.6% Nitrogen, [2208]); Present (with >=25% Alcohol, [2208]); Present (with <=12.6% Nitrogen, [2208]); Present (unmodified, or plasticized, with <18% plasticizing substance, [2208]); Present (solution, with <=12.6% Nitrogen and <=55% Nitrocellulose, [2208]); Present (dry or wetted with <25% water or Alcohol, [2208])" As Nitroc
UN1065	"Present (compressed or liquefied, [1584])" As Neon [7440-01-9]
UN1267	"Present ([1967])" As Petroleum [8002-05-9]
UN2053	"Present ([1057])" As 2-Pentanol, 4-methyl- [108-11-2]
89961-29-5	"Present ([1992])" As tert-Octylamine [107-45-9]
UN1982	"Present ([2026])" As Tetrafluoromethane [75-73-0]
UN2453	"Present ([0786])" As Ethyl fluoride [353-36-6]
UN1644	"Present ([2014])" As Mercury salicylate [5970-32-1]
UN1401	"Present ([0789]); Present (powder, [0789])" As Calcium [7440-70-2]
UN1942	"Present (with >0.2% combustible substances, including any organic substance calculated as Carbon, to the exclusion of any other added substance, [2286]); Present (with <=0.2% combustible substances, [2286])" As Ammonium nitrate [6484-52-2]
UN1049	"Present ([1648])" As Hydrogen [1333-74-0]
UN2863	"Present ([0725])" As Sodium ammonium vanadate [12055-09-3]
UN2624	"Present ([0840])" As Magnesium silicide [39404-03-0]
UN1246	"Present (stabilized, [1161])" As Methyl isopropenyl ketone [814-78-8]
UN1297	"Present (anhydrous, [1796]); Present (solution, [1796])" As Trimethylamine [75-50-3]
UN1569	"Present ([2389])" As 2-Propanone, 1-bromo- [598-31-2]
UN2820	"Present ([2771])" As Butanoic acid [107-92-6]
935701-76-1	"Present ([0036])" As 1-(2-Aminoethyl)piperazine [140-31-8]
UN2440	"Present ([2059])" As Stannic chloride, pentahydrate [10026-06-9];
UN2059	"Present (with >=25% water, [2208]); Present (with >=25% Alcohol and <=12.6% Nitrogen, [2208]); Present (with >=25% Alcohol, [2208]); Present (with <=12.6% Nitrogen, [2208]); Present (unmodified, or plasticized, with <18% plasticizing substance, [2208]); Present (solution, with <=12.6% Nitrogen and <=55% Nitrocellulose, [2208]); Present (dry or wetted with <25% water or Alcohol, [2208])" As Nitroc
UN1688	"Present ([0468])" As Sodium cacodylate [124-65-2]
UN1515	"Present ([0815])" As Zinc permanganate [23414-72-4]
UN1349	"Present ([0585])" As Sodium picramate [831-52-7]
94079-75-1	"Present ([2294])" As Calcium nitrate [10124-37-5]
UN1221	"Present ([0019])" As Isopropylamine [75-31-0]
UN0151	"Present (dry or wetted with <15% water, [1012])" As Pentolite [8066-33-9]
UN1715	"Present ([2634])" As Acetic anhydride [108-24-7]
UN2293	"Present ([1191])" As 4-Methoxy-4-methylpentan-2-one [107-70-0]
UN2465	"Present ([0562])" As Dichloroisocyanuric acid [2782-57-2]
UN2239	"Present ([1501])" As Chlorotoluidines [53906-68-6]
UN3022	"Present ([0980])" As Oxirane, ethyl- [106-88-7]
UN1494	"Present ([2421])" As Sodium bromate [7789-38-0]
UN2469	"Present ([2424])" As Zinc bromate [14519-07-4]
UN2604	"Present ([1774])" As Boron trifluoride-diethyl etherate [109-63-7]
UN1939	"Present ([2546])" As Phosphorus oxybromide [7789-59-5]
UN1194	"Present (solution, [2496]); Present ([2495])" As Ethyl nitrite [109-95-5]
UN2395	"Present ([2709])" As Isobutyrylchloride [79-30-1]
UN2015	"Present (solution, content >8%, [0903])" As Hydrogen peroxide [7722-84-1]
UN1784	"Present ([0997])" As Hexyltrichlorosilane [928-65-4]
UN1076	"Present (hypertoxic chemical, [2115])" As Phosgene [75-44-5]
UN2505	"Present ([0744])" As Ammonium fluoride [12125-01-8]
UN2798	"Present ([0533])" As Phenyl phosphorus dichloride [644-97-3]
UN1824	"Present ([1669]); Present (solution, content >=30%, [1669])" As Sodium hydroxide [1310-73-2]
UN2407	"Present ([1514])" As Isopropyl chloroformate [108-23-6]
UN1815	"Present ([0156])" As Propanoyl chloride [79-03-8]
UN3410	"Present ([1523])" As Benzenamine, 4-chloro-2-methyl-, hydrochloride [3165-93-3]
UN1067	"Present ([0637])" As Nitrogen dioxide [10102-44-0]
UN2937	"Present ([1088])" As .alpha.-Methylbenzyl alcohol [98-85-1]
9074-77-5	"Present (hypertoxic chemical, [0780])" As Fluoroacetic acid [144-49-0]
UN2560	"Present ([1056])" As 2-Methyl-2-pentanol [590-36-3]
UN2294	"Present ([1086])" As N-Methylaniline [100-61-8]
UN1038	"Present ([2662])" As Ethylene [74-85-1]
93615-68-0	"Present ([2037])" As Tetramethylammonium hydroxide [75-59-2]
UN1808	"Present ([1897])" As Phosphorus tribromide [7789-60-8]
UN1023	"Present ([1570])" As Coal gas [RR-00216-4]
UN1650	"Present ([1587])" As 2-Naphthylamine [91-59-8]
UN2493	"Present ([1376])" As Hexamethyleneimine [111-49-9]
UN1251	"Present (hypertoxic chemical, [0241])" As Methyl vinyl ketone [78-94-4]
UN2508	"Present ([2150])" As Molybdenum pentachloride [10241-05-1]
UN1783	"Present ([0990])" As Hexamethylenediamine [124-09-4]
UN1384	"Present ([1243])" As Sodium dithionite [7775-14-6]
UN2750	"Present ([0498])" As 1,3-Dichloro-2-propanol [96-23-1]
UN2936	"Present ([1711])" As 2-Thiolactic acid [79-42-5]
UN2075	"Present (stabilized, [1861])" As Chloral [75-87-6]
UN1275	"Present ([0122])" As Propionaldehyde [123-38-6]
UN2861	"Present ([0268])" As Ammonium trivanadium octaoxide [12207-63-5]
UN1413	"Present ([1606])" As Lithium borohydride [16949-15-8]
950196-00-6	"Present ([0744])" As Ammonium fluoride [12125-01-8]
UN3250	"Present ([1551])" As Chloroacetic acid [79-11-8]
91773-48-7	"Present ([1375])" As 1,3,5,7-Tetraazatricyclo[3.3.1.1(3,7)]decane [100-97-0]
UN1298	"Present ([1809])" As Trimethylchlorosilane [75-77-4]
9046-54-2	"Present (solution, [0271])" As Ammonium polysulfide [9080-17-5]
UN1488	"Present ([2491])" As Potassium nitrite [7758-09-0]
UN1432	"Present ([1265])" As Sodium phosphide [12058-85-4]
UN2034	"Present ([1663])" As Hydrogen and methane mixtures, compressed [RR-02886-4]
UN3253	"Present ([1618])" As Sodium metasilicate [6834-92-0]
UN1754	"Present ([1497])" As Chlorosulfonic acid [7790-94-5]
UN1764	"Present ([0553])" As Dichloroacetic acid [79-43-6]
UN1951	"Present (compressed or liquefied, [2505])" As Argon [7440-37-1]
UN2507	"Present ([1441])" As Chloroplatinic acid [16941-12-1]
92075-35-9	"Present ([1095])" As p-Picoline [108-89-4]
UN3105	"Present (with >10% but <=10.7% available Oxygen, type A thinner >=48%, [0891]); Present (with <=10% available Oxygen, type A thinner >=55%, [0891]); Present (with <=8.2% available Oxygen, type A thinner >=60%, [0891])" As Methyl ethyl ketone peroxide [1338-23-4]
UN1070	"Present (compressed or liquefied, [2561])" As Nitrous oxide [10024-97-2]
UN2432	"Present ([0687])" As N,N-Diethylaniline [91-66-7]
UN2642	"Present (hypertoxic chemical, [0780])" As Fluoroacetic acid [144-49-0]
UN1806	"Present ([2149])" As Phosphorus pentachloride [10026-13-8]
UN2785	"Present ([1280])" As 4-Thiapentanal [3268-49-3]
UN1727	"Present ([0757])" As Ammonium bifluoride [1341-49-7]
UN2416	"Present ([1610])" As Trimethyl borate [121-43-7]
UN1427	"Present ([1661])" As Sodium hydride [7646-69-7]
9009-12-5	"Present ([1391])" As Epichlorohydrin [106-89-8]
UN1683	"Present ([2469])" As Silver arsenite [7784-08-9]
UN2413	"Present ([2106])" As Tetrapropylorthotitanate [3087-37-4]
94340-28-0	"Present ([2105])" As Tetraisopropyl titanate [546-68-9]
UN2547	"Present ([0160])" As Sodium superoxide [12034-12-7]
UN2842	"Present ([2284])" As Nitroethane [79-24-3]
UN1230	"Present ([1022])" As Methyl alcohol [67-56-1]
UN2361	"Present ([0712])" As Diisobutylamine [110-96-3]
UN1551	"Present ([1227])" As Antimony potassium tartrate trihydrate [28300-74-5]
UN2849	"Present ([1386])" As 3-Chloro-1-propanol [627-30-5]
92619-43-7	"Present ([2664])" As 4-Vinylcyclohexene [100-40-3]
UN3242	"Present ([1599])" As Diazenedicarboxamide [123-77-3]
UN1745	"Present ([2140])" As Bromine pentafluoride [7789-30-2]
UN2879	"Present ([2544])" As Selenium oxychloride [7791-23-3]
UN2029	"Present (aqueous solution, with <=64% Hydrazine, [1225]); Present (anhydrous, with >64% Hydrazine, [2134])" As Hydrazine [302-01-2]
UN2577	"Present ([0097])" As Phenylacetyl chloride [103-80-0]
UN1234	"Present ([0484])" As Methylal [109-87-5]
UN1976	"Present ([0039])" As Octafluorocyclobutane [115-25-3]
UN1358	"Present ([1215]); Present (powder, dry, [1215])" As Zirconium [7440-67-7]
UN0129	"Present (wetted with >=20% water or Mixture of alcohol and water, [0218])" As Lead azide [13424-46-9]
959-98-8	"Present ([1355])" As Endosulfan [115-29-7]
UN2945	"Present ([1169])" As N-Methylbutylamine [110-68-9]
UN1162	"Present ([0436])" As Dimethyldichlorosilane [75-78-5]
UN3424	"Present ([0611])" As Ammonium dinitro-o-cresolate [2980-64-5]
UN2511	"Present ([1431])" As 2-Chloropropionic acid [598-78-7]
UN1712	"Present ([1945])" As Zinc arsenenate oxide (Zn5(AsO3)4O3) tetrahydrate [1303-39-5]
UN1805	"Present ([2790])" As Phosphoric acid [7664-38-2]
UN1436	"Present (dust, [2358]); Present (powder, [2358]); Present (ashes, [2358])" As Zinc [7440-66-6]
UN2984	"Present (solution, content >8%, [0903])" As Hydrogen peroxide [7722-84-1]
UN2420	"Present ([1333])" As Hexafluoroacetone [684-16-2]
95925-09-0	"Present (content <=52%, with inert solid >=48%, [2007]); Present (content >52% but <=100%, [2007])" As n-Butyl 4,4-bis(tert-butylperoxy)valerate [995-33-5]
UN1072	"Present (compressed or liquefied, [2528])" As Oxygen [7782-44-7]
UN1341	"Present ([1824])" As Phosphorus sesquisulfide [1314-85-8]
UN2725	"Present ([2313])" As Nickel(II) nitrate [13138-45-9]
917485-01-9	"Present ([2105])" As Tetraisopropyl titanate [546-68-9]
UN1654	"Present (hypertoxic chemical, [1097])" As Nicotine [54-11-5]
94570-83-9	"Present ([0273])" As Polychlorinated dibenzofurans [136677-10-6]
UN2617	"Present ([1120])" As Methylcyclohexanols [25639-42-3]
UN2067	"Present (with <=0.4% combustible substances, [2287]); Present (more liable to explode than Ammonium nitrate with >0.2% combustible substances, including any organic substance calculated as Carbon, to the exclusion of any other added substance, [2287])" As Ammonium nitrate fertilizers [RR-00142-3]
934750-46-6	"Present ([2161])" As Vanadium pentoxide [1314-62-1]
UN2434	"Present ([0325])" As Dibenzyldichlorosilane [18414-36-3]
UN1218	"Present (stabilized, [1031])" As Isoprene [78-79-5]
RR-58677-6	"Present (content <=72%, with type A thinner >=28%, [0889]); Present (content <=91%, with water >=9%, [0889]); Present (paste, content <=72%, [0889])" As Cyclohexanol, 1-[(1-hydroperoxycyclohexyl)dioxy]- [78-18-2]
UN2818	"Present (solution, [0271])" As Ammonium polysulfide [9080-17-5]
UN1548	"Present ([2521])" As Aniline hydrochloride [142-04-1]
UN1717	"Present ([2679])" As Acetyl chloride [75-36-5]
UN0114	"Present (wetted with >=30% water or Mixture of alcohol and water, [1579])" As 1-Tetrazene-1-carboximidic acid, 4-(aminoiminomethyl)-, 2-nitrosohydrazide [109-27-3]
UN1050	"Present ([2507], listed under Hydrochloric acid); Present (anhydrous, [1475])" As Hydrochloric acid [7647-01-0]
UN2390	"Present ([0187])" As Butane, 2-iodo- [513-48-4]
94538-02-0	"Present ([0273])" As Polychlorinated dibenzofurans [136677-10-6]
UN2684	"Present ([0652])" As 3-(Diethylamino)propylamine [104-78-9]
UN1813	"Present ([1667]); Present (solution, content >=30%, [1667])" As Potassium hydroxide [1310-58-3]
940949-96-2	"Present ([2089])" As Lead tetraoxide [1314-41-6]
UN3375	"Present (with <=0.4% combustible substances, [2287]); Present (more liable to explode than Ammonium nitrate with >0.2% combustible substances, including any organic substance calculated as Carbon, to the exclusion of any other added substance, [2287])" As Ammonium nitrate fertilizers [RR-00142-3]
UN2660	"Present ([2219])" As 2-Nitro-p-toluidine [89-62-3]
UN1052	"Present (solution, [1650], listed under Hydrofluoric acid); Present (anhydrous, [0756])" As Hydrogen fluoride [7664-39-3]
NA2212	"Present ([1963])" As Asbestos [1332-21-4]
UN2935	"Present ([1434])" As Ethyl-2-chloropropionate [535-13-7]
UN2677	"Present ([1671]); Present (solution, [1671])" As Rubidium hydroxide [1310-82-3]
P-97-0790	"Present ([1717])" As 1-Decanaminium, N-decyl-N,N-dimethyl-, salt with 1,1,2,2,3,3,4,4,5,5,6,6,7,7,8,8,8-heptadecafluoro-1-octanesulfonic acid (1:1) [251099-16-8]
UN0484	"Present (wetted with >=15% water, [0961]); Present (desensitized, [0961])" As Cyclotetramethylenetetranitramine [2691-41-0]
UN1330	"Present ([1996])" As Manganese resinate [9008-34-8]
90337-93-2	"Present (powder, amorphous, [0837])" As Silicon [7440-21-3]
UN1573	"Present ([1934])" As Calcium arsenate [7778-44-1]
UN1347	"Present (with >=30% water, [1875])" As Silver picrate [146-84-9]
UN2603	"Present ([0938])" As Cycloheptatriene [544-25-2]
UN1572	"Present ([0480])" As Cacodylic acid [75-60-5]
94274-22-3	"Present ([1514])" As Isopropyl chloroformate [108-23-6]
UN1442	"Present ([0799])" As Ammonium perchlorate [7790-98-9]
UN1699	"Present ([0319])" As Diphenylchloroarsine [712-48-1]
UN2615	"Present ([2600])" As Ethyl propyl ether [628-32-0]
934749-46-9	"Present (powder, [1377])" As Aluminum [7429-90-5]
UN1190	"Present ([1180])" As Ethyl formate [109-94-4]
UN1660	"Present ([2559])" As Nitrogen monoxide [10102-43-9]
UN1110	"Present ([0829])" As Methyl n-amyl ketone [110-43-0]
UN2459	"Present ([1039])" As 2-Methyl-1-butene [563-46-2]
UN2189	"Present ([0532])" As Dichlorosilane [4109-96-0]
UN2503	"Present ([2050])" As Zirconium chloride (ZrCl4), (T-4)- [10026-11-6]
UN1614	"Present (hypertoxic chemical, [1693], listed under Hydrogen cyanide); Present (content <=20%, [1664]); Present (fumigant, [1664])" As Hydrocyanic acid [74-90-8]
UN1983	"Present ([1390])" As 2-Chloro-1,1,1-trifluoroethane [75-88-7]
UN2337	"Present (hypertoxic chemical, [0071])" As Benzenethiol [108-98-5]
UN1498	"Present ([2311])" As Sodium nitrate [7631-99-4]
UN1439	"Present ([2815])" As Ammonium dichromate [7789-09-5]
UN1818	"Present ([2051])" As Silicon tetrachloride [10026-04-7]
UN2404	"Present (hypertoxic chemical, [0121])" As Propionitrile [107-12-0]
UN1835	"Present ([2037])" As Tetramethylammonium hydroxide [75-59-2]
RR-15876-9	"Present ([0790])" As Calcium alloys [RR-14674-7]
UN3403	"Present ([1205])" As Potassium, metal alloys [RR-01337-6]
UN2823	"Present ([0246])" As Crotonic acid [3724-65-0]
UN2614	"Present ([1156])" As Methallyl alcohol [513-42-8]
UN2266	"Present ([0426])" As Dimethylpropylamine [926-63-6]
UN1831	"Present ([1302])" As Sulfuric acid [7664-93-9];
UN2190	"Present (hypertoxic chemical, [0340])" As Oxygen difluoride [7783-41-7]
UN1305	"Present (stabilized, [2670])" As Vinyltrichlorosilane [75-94-5]
947-33-1	"Present (content >5%, hypertoxic chemical, [0655])" As Mephosfolan [950-10-7]
UN1160	"Present (anhydrous, [0354]); Present (solution, [0354])" As Dimethylamine [124-40-3]
UN1184	"Present ([0557])" As 1,2-Dichloroethane [107-06-2]
UN1081	"Present (stabilized, [2028])" As Tetrafluoroethylene [116-14-3]
UN3422	"Present ([0751])" As Potassium fluoride [7789-23-3]
UN2421	"Present ([1909])" As Nitrogen trioxide [10544-73-7]
UN2353	"Present ([2779])" As Butyryl chloride [141-75-3]
UN1448	"Present ([0811])" As Barium permanganate [7787-36-2]
UN2583	"Present (with free Sulphuric acid, [2130])" As Alkyl sulfonic acids [RR-02838-6]
UN2299	"Present ([0554])" As Methyl dichloroacetate [116-54-1]
UN1180	"Present ([2774])" As Ethyl butyrate [105-54-4]
UN2296	"Present ([1122])" As Methylcyclohexane [108-87-2]
UN1733	"Present ([1849])" As Antimony trichloride [10025-91-9]
UN3402	"Present ([1211])" As Alkaline earth metal amalgams [RR-00123-0]
UN2527	"Present (stabilized, [0151])" As Isobutyl acrylate [106-63-8]
UN1077	"Present ([0140])" As Propene [115-07-1]
UN2805	"Present ([1656])" As Lithium hydride [7580-67-8]
UN2943	"Present ([2073])" As Tetrahydrofurfurylamine [4795-29-3]
UN2572	"Present ([0084])" As Phenylhydrazine [100-63-0]
UN1959	"Present ([0344])" As Ethene, 1,1-difluoro- [75-38-7]
91672-41-2	"Present ([1725])" As Nonylphenols [25154-52-3]
89140-31-8	"Present ([0911])" As Sodium percarbonate [15630-89-4]
UN1274	"Present ([0110])" As n-Propanol [71-23-8]
93095-76-2	"Present ([1726])" As Nonylphenol ethoxylates [9016-45-9]
98391-07-2	"Present ([2006])" As Ziram [137-30-4]
UN1446	"Present ([2288])" As Barium nitrate [10022-31-8]
UN1642	"Present (desensitized, [2545])" As Mercuric oxycyanide [1335-31-5]
UN2452	"Present (stabilized, [0230])" As 1-Butyne [107-00-6]
UN1130	"Present ([2751])" As Camphor oil [8008-51-3]
UN2940	"Present ([1273])" As 9-Phosphabicyclo[4.2.1]nonane [13396-80-0]
UN1167	"Present (stabilized, [0702])" As Divinyl ether [109-93-3]
UN1223	"Present ([1571])" As Kerosine, petroleum [8008-20-6]
UN2195	"Present ([1340])" As Tellurium hexafluoride [7783-80-4]
UN2372	"Present ([2038])" As 1,2-Bis(dimethylamino)ethane [110-18-9]
UN1304	"Present (stabilized, [2697])" As Vinyl isobutyl ether [109-53-5]
UN1039	"Present ([1201])" As Methyl ethyl ether [540-67-0]
89830-27-3	"Present ([2455])" As Sodium bisulfite [7631-90-5]
95778-75-9	"Present ([2131])" As Lithium alkyls [RR-01350-3]
NA1987	"Present ([0107])" As Denatured alcohols [RR-00113-8]
UN1758	"Present ([2542])" As Chromyl chloride [14977-61-8]
UN2796	"Present ([1302])" As Sulfuric acid [7664-93-9];
UN1887	"Present ([1548])" As Chlorobromomethane [74-97-5]
UN2427	"Present ([1533]); Present (solution, [1533])" As Potassium chlorate [3811-04-9]
95912-44-0	"Present (in Acetic anhydride, solution, [0801]); Present (content 50-72%, [0798]); Present (content >72%, [0798]); Present (content <=50%, [0798])" As Perchloric acid [7601-90-3]
UN3369	"Present ([0613])" As Sodium dinitro-ortho-cresolate [2312-76-7]
UN0133	"Present (wetted with >=40% water or Mixture of alcohol and water, [0792])" As Mannitol hexanitrate [15825-70-4]
UN2676	"Present ([2122])" As Stibine [7803-52-3]
UN2211	"Present ([1228])" As Polymeric beads, expandable [RR-02906-1]
UN0341	"Present (with >=25% water, [2208]); Present (with >=25% Alcohol and <=12.6% Nitrogen, [2208]); Present (with >=25% Alcohol, [2208]); Present (with <=12.6% Nitrogen, [2208]); Present (unmodified, or plasticized, with <18% plasticizing substance, [2208]); Present (solution, with <=12.6% Nitrogen and <=55% Nitrocellulose, [2208]); Present (dry or wetted with <25% water or Alcohol, [2208])" As Nitroc
96607-26-0	"Present ([1909])" As Nitrogen trioxide [10544-73-7]
UN2215	"Present ([1565])" As Maleic anhydride [108-31-6]
UN3101	"Present (with >10% but <=10.7% available Oxygen, type A thinner >=48%, [0891]); Present (with <=10% available Oxygen, type A thinner >=55%, [0891]); Present (with <=8.2% available Oxygen, type A thinner >=60%, [0891])" As Methyl ethyl ketone peroxide [1338-23-4]
RR-158396-6	"Present ([1648])" As Hydrogen [1333-74-0]
UN1952	"Present ([0643])" As Carbon dioxide and ethylene oxide mixtures [8070-50-6]
9014-83-9	"Present (stabilized, [2028])" As Tetrafluoroethylene [116-14-3]
UN2405	"Present ([2775])" As Isopropyl butyrate [638-11-9]
UN1484	"Present ([2419])" As Potassium bromate [7758-01-2]
UN1555	"Present ([1901])" As Arsenic bromide [7784-33-0]
UN2400	"Present ([2736])" As Methyl isovalerate [556-24-1]
UN1730	"Present (hypertoxic chemical, [2153])" As Antimony pentachloride [7647-18-9]
90149-16-9	"Present (in Acetic anhydride, solution, [0801]); Present (content 50-72%, [0798]); Present (content >72%, [0798]); Present (content <=50%, [0798])" As Perchloric acid [7601-90-3]
UN3056	"Present ([2781])" As Heptanal [111-71-7]
97568-33-7	"Present ([0318])" As 4,4'-Methylenediphenyl diisocyanate [101-68-8]
UN2728	"Present ([2295])" As Nitric acid, zirconium(4+) salt [13746-89-9]
UN2581	"Present (anhydrous, [1842]); Present (solution, [1842])" As Aluminum chloride [7446-70-0]
UN3404	"Present ([1206])" As Potassium-sodium alloy [11135-81-2]
UN1250	"Present ([1144])" As Methyltrichlorosilane [75-79-6]
UN2853	"Present ([1336])" As Silicate(2-), hexafluoro-, magnesium (1:1) [16949-65-8]
UN1161	"Present ([2110])" As Dimethyl carbonate [616-38-6]
UN2056	"Present ([2071])" As Tetrahydrofuran [109-99-9]
UN1128	"Present ([1185])" As n-Butyl formate [592-84-7]
95327-98-3	"Present ([2826])" As D-Limonene [5989-27-5]
UN1492	"Present ([0852])" As Potassium persulfate [7727-21-1]
99108-56-2	"Present ([1566])" As Morpholine [110-91-8]
UN1643	"Present ([0188])" As Mercury(II) potassium iodide [7783-33-7]
UN1471	"Present ([0165])" As Lithium hypochlorite [13840-33-0]
UN1626	"Present ([1683])" As Mercuric potassium cyanide [591-89-9]
UN2582	"Present ([1850]); Present (solution, [1850])" As Iron trichloride [7705-08-0]
UN1035	"Present ([2661])" As Ethane [74-84-0]
UN2429	"Present ([1532]); Present (solution, [1532])" As Calcium chlorate [10137-74-3]
UN1841	"Present ([0032])" As Acetaldehyde ammonia [75-39-8]
UN1829	"Present (stabilized, [1914])" As Sulfur trioxide [7446-11-9]
UN1865	"Present ([2341])" As n-Propyl nitrate [627-13-4]
9042-65-3	"Present (with >10% but <=10.7% available Oxygen, type A thinner >=48%, [0891]); Present (with <=10% available Oxygen, type A thinner >=55%, [0891]); Present (with <=8.2% available Oxygen, type A thinner >=60%, [0891])" As Methyl ethyl ketone peroxide [1338-23-4]
UN2241	"Present ([0940])" As Cycloheptane [291-64-5]
UN2506	"Present ([1324])" As Ammonium hydrogen sulfate [7803-63-6]
UN2722	"Present ([2306])" As Lithium nitrate [7790-69-4]
UN1547	"Present ([0051])" As Aniline [62-53-3]
UN1456	"Present ([0812])" As Calcium permanganate [10118-76-0]
UN1381	"Present ([0932])" As Phosphorus elemental [7723-14-0]
UN1033	"Present ([0479])" As Dimethyl ether [115-10-6]
UN1303	"Present ([0558])" As 1,1-Dichloroethene [75-35-4]
UN2289	"Present ([0003])" As Isophorone diamine [2855-13-2]
951317-92-3	"Present ([2086])" As Tetraethylenepentamine [112-57-2]
UN2384	"Present ([2758])" As Dipropyl ether [111-43-3]
UN1229	"Present ([1069])" As Mesityl oxide [141-79-7]
UN3455	"Present ([1029])" As Cresol, all isomers [1319-77-3]
UN1905	"Present ([2195])" As Selenic acid [7783-08-6]
UN1282	"Present ([0098])" As Pyridine [110-86-1]
94765-75-0	"Present ([2826])" As D-Limonene [5989-27-5]
UN1906	"Present ([2744])" As Sludge acid [64742-24-1]
UN1318	"Present ([1994])" As Resin acids and Rosin acids, cobalt salts [68956-82-1]
UN0236	"Present ([0584])" As Zirconium picramate [63868-82-6]
UN2586	"Present (with free Sulphuric acid, [2130])" As Alkyl sulfonic acids [RR-02838-6]
89698-92-0	"Present ([1017])" As Benzene, 1,3-diisocyanatomethyl- [26471-62-5]
UN1473	"Present ([2420])" As Magnesium dibromate hexahydrate [7789-36-8]
UN2306	"Present ([2277])" As Nitrobenzotrifluorides [RR-01305-8]
UN2414	"Present ([1738])" As Thiophene [110-02-1]
UN2346	"Present ([0477])" As 2,3-Butanedione [431-03-8]
UN2192	"Present ([2752])" As Germanium tetrahydride [7782-65-2]
93703-48-1	"Present ([2081])" As Benzene, 1,1'-oxybis-, tetrabromo derivative [40088-47-9];
UN1507	"Present ([2327])" As Strontium nitrate [10042-76-9]
UN2368	"Present ([1603])" As .alpha.-Pinene [80-56-8]
UN1237	"Present ([2772])" As Methyl butyrate [623-42-7]
UN2659	"Present ([1555])" As Sodium chloroacetate [3926-62-3]
UN1662	"Present ([2228])" As Nitrobenzene [98-95-3]
UN2256	"Present ([0954])" As Cyclohexene [110-83-8]
UN1718	"Present ([0226])" As Phosphoric acid, butyl ester [12788-93-1]
UN2428	"Present ([1535]); Present (solution, [1535])" As Sodium chlorate [7775-09-9]
UN1514	"Present ([2331])" As Zinc nitrate [7779-88-6]
UN1814	"Present ([1667]); Present (solution, content >=30%, [1667])" As Potassium hydroxide [1310-58-3]
UN2606	"Present ([2783])" As Methyl silicate [681-84-5]
92045-49-3	"Present ([2740])" As Isooctane [26635-64-3]
UN1307	"Present ([0358])" As Xylenes (o-, m-, p- isomers) [1330-20-7]
UN1500	"Present ([2492])" As Sodium nitrite [7632-00-0]
UN3054	"Present ([0948])" As Cyclohexanethiol [1569-69-3]
UN2364	"Present ([2755])" As n-Propylbenzene [103-65-1]
UN1026	"Present ([1675])" As Cyanogen [460-19-5]
UN1941	"Present ([0628])" As Difluorodibromomethane [75-61-6]
92709-16-5	"Present ([1527])" As Benzene, 1-chloro-4-(trifluoromethyl)- [98-56-6]
UN1129	"Present ([2770])" As Butyraldehyde [123-72-8]
UN2751	"Present ([0695])" As Diethyl thiophosphoryl chloride [2524-04-1]
UN0213	"Present ([1878])" As Trinitroanisole [28653-16-9]
UN0393	"Present ([0959])" As Hexotonal [67713-16-0]
94896-77-2	"Present ([1970])" As tert-Butylamine [75-64-9]
UN1090	"Present ([0137])" As Acetone [67-64-1]
UN2480	"Present (hypertoxic chemical, [2723])" As Methyl isocyanate [624-83-9]
UN1114	"Present ([0049]); Present ([0167], listed under Crude benzene); Present ([2825], listed under Heavy benzene)" As Benzene [71-43-2]
UN1454	"Present ([2294])" As Calcium nitrate [10124-37-5]
UN1309	"Present (powder, [1377])" As Aluminum [7429-90-5]
89324-15-2	"Present ([0263])" As Phenol, 4-nitro-, sodium salt [824-78-2]
UN1773	"Present ([1850]); Present (solution, [1850])" As Iron trichloride [7705-08-0]
UN2579	"Present ([1602])" As Piperazine [110-85-0]
UN1834	"Present ([2543])" As Sulfuryl chloride [7791-25-5]
UN1958	"Present ([0545])" As 1,2-Dichlorotetrafluoroethane [76-14-2]
UN1338	"Present ([0932])" As Phosphorus elemental [7723-14-0]
UN2468	"Present ([1868])" As Symclosene [87-90-1]
UN1469	"Present ([2319])" As Lead nitrate [10099-74-8]
UN2045	"Present ([2699])" As Isobutyraldehyde [78-84-2]
RR-02975-4	"Present ([0107])" As Denatured alcohols [RR-00113-8]
UN1827	"Present (anhydrous, [2058])" As Stannane, tetrachloro- [7646-78-8]
UN1017	"Present (hypertoxic chemical, [1381])" As Chlorine [7782-50-5]
UN2502	"Present ([2185])" As Valeryl chloride [638-29-9]
93211-81-5	"Present ([0934])" As Phenothiazin-5-ium, 3,7-diamino-, chloride [581-64-6]
UN1902	"Present ([0715])" As Diisooctyl acid phosphate [27215-10-7]
UN2448	"Present ([1290])" As Sulfur [7704-34-9]
UN3270	"Present (with >=25% water, [2208]); Present (with >=25% Alcohol and <=12.6% Nitrogen, [2208]); Present (with >=25% Alcohol, [2208]); Present (with <=12.6% Nitrogen, [2208]); Present (unmodified, or plasticized, with <18% plasticizing substance, [2208]); Present (solution, with <=12.6% Nitrogen and <=55% Nitrocellulose, [2208]); Present (dry or wetted with <25% water or Alcohol, [2208])" As Nitroc
UN3431	"Present ([2277])" As Nitrobenzotrifluorides [RR-01305-8]
RR-42039-3	"Present (dust, [2358]); Present (powder, [2358]); Present (ashes, [2358])" As Zinc [7440-66-6]
98503-29-8	"Present ([1312])" As Diethyl sulfate [64-67-5]
UN2477	"Present ([1282])" As Methyl isothiocyanate [556-61-6]
UN2316	"Present ([1702]); Present (solution, [1702])" As Cuprate(2-), tris(cyano-.kappa.C)-, sodium (1:2) [14264-31-4]
UN2447	"Present ([0932])" As Phosphorus elemental [7723-14-0]
UN1894	"Present ([0072])" As Phenylmercuric hydroxide [100-57-2]
957761-35-2	"Present (compressed or liquefied, [0642])" As Carbon dioxide [124-38-9]
UN2258	"Present ([0112])" As 1,2-Diaminopropane [78-90-0]
UN2426	"Present (with >0.2% combustible substances, including any organic substance calculated as Carbon, to the exclusion of any other added substance, [2286]); Present (with <=0.2% combustible substances, [2286])" As Ammonium nitrate [6484-52-2]
UN2752	"Present ([0977])" As Oxirane, (ethoxymethyl)- [4016-11-9]
UN1402	"Present ([2107])" As Calcium carbide [75-20-7]
955955-53-0	"Present ([1372])" As Hexabromobiphenyl [36355-01-8]
UN2302	"Present ([1055])" As Methyl isoamyl ketone [110-12-3]
93951-69-0	"Present ([2742])" As Fluoranthene [206-44-0]
958635-42-2	"Present ([0713])" As Diisobutyl ketone [108-83-8]
UN2325	"Present ([1801])" As 1,3,5-Trimethylbenzene [108-67-8]
UN2674	"Present ([0743])" As Silicate(2-), hexafluoro-, disodium [16893-85-9]
98527-29-8	"Present ([1125])" As Methanesulfonic acid [75-75-2]
UN1593	"Present ([0541])" As Methylene chloride [75-09-2]
UN2300	"Present ([1073])" As 2-Methyl-5-ethylpyridine [104-90-5]
UN0224	"Present ([0216])" As Barium azide [18810-58-7]
99910-18-6	"Present (content >15%, hypertoxic chemical, [0654])" As Phosfolan [947-02-4]
UN1917	"Present (stabilized, [0150])" As Ethyl acrylate [140-88-5]
UN2227	"Present (stabilized, [1110])" As Butyl methacrylate [97-88-1]
UN1414	"Present ([1656])" As Lithium hydride [7580-67-8]
UN1790	"Present (solution, [1650], listed under Hydrofluoric acid); Present (anhydrous, [0756])" As Hydrogen fluoride [7664-39-3]
90481-04-2	"Present ([1725])" As Nonylphenols [25154-52-3]
UN1447	"Present ([0800])" As Barium perchlorate [13465-95-7]
UN2419	"Present ([1787])" As Bromotrifluoroethylene [598-73-2]
UN2412	"Present ([2075])" As Tetrahydrothiophene [110-01-0]
UN2501	"Present ([1739])" As Tris(1-aziridinyl)phosphine oxide [545-55-1]
UN1170	"Present (anhydrous, [2568])" As Ethyl alcohol [64-17-5]
UN1691	"Present ([2464])" As Strontium arsenite [91724-16-2]
UN3450	"Present ([0319])" As Diphenylchloroarsine [712-48-1]
UN1079	"Present ([0639])" As Sulfur dioxide [7446-09-5]
UN0216	"Present ([1891])" As Trinitro-m-cresol [602-99-3]
UN1426	"Present ([1608])" As Sodium borohydride [16940-66-2]
UN2244	"Present ([0966])" As Cyclopentanol [96-41-3]
UN1886	"Present ([0540])" As .alpha.,.alpha.-Dichlorotoluene [98-87-3]
UN2013	"Present ([1267])" As Strontium phosphide [12504-13-1]
UN2272	"Present ([2595])" As N-Ethylaniline [103-69-5]
UN2517	"Present ([1382])" As 1-Chloro-1,1-difluoroethane [75-68-3]
UN2655	"Present ([0742])" As Silicate(2-), hexafluoro-, dipotassium [16871-90-2]
RR-58678-7	"Present (content <=100%, [0280])" As Cyclohexanol, 1,1'-dioxybis- [2407-94-5]
UN2401	"Present ([1601])" As Piperidine [110-89-4]
UN1594	"Present ([1312])" As Diethyl sulfate [64-67-5]
97583-04-5	"Present ([2104])" As Ethanol, titanium(4+) salt [3087-36-3]
UN2643	"Present ([2430])" As Methyl bromoacetate [96-32-2]
UN1474	"Present ([2309])" As Magnesium nitrate [10377-60-3]
UN1977	"Present (compressed or liquefied, [0172])" As Nitrogen [7727-37-9]
UN2301	"Present ([1116])" As 2-Methylfuran [534-22-5]
UN1692	"Present (hypertoxic chemical, [0481])" As Strychnine [57-24-9]
UN1087	"Present (stabilized, [1158])" As Vinyl methyl ether [107-25-5]
NA1350	"Present ([1290])" As Sulfur [7704-34-9]
UN2004	"Present ([0310])" As Magnesium diamide [7803-54-5]
95998-58-6	"Present (in Acetic anhydride, solution, [0801]); Present (content 50-72%, [0798]); Present (content >72%, [0798]); Present (content <=50%, [0798])" As Perchloric acid [7601-90-3]
UN2554	"Present ([1398])" As 3-Chloro-2-methylpropene [563-47-3]
UN2297	"Present ([1121])" As Methylcyclohexanones [1331-22-2]
UN2377	"Present ([0487])" As 1,1-Dimethoxyethane [534-15-6]
UN1147	"Present ([1960])" As Decahydronaphthalene [91-17-8]
UN1202	"Present ([1674])" As Fuels, diesel [68334-30-5]
95210-41-6	"Present ([1600])" As Propanenitrile, 2,2'-azobis[2-methyl- [78-67-1]
UN0235	"Present ([0585])" As Sodium picramate [831-52-7]
UN2271	"Present ([2354])" As 3-Octanone [106-68-3]
UN2590	"Present ([1963])" As Asbestos [1332-21-4]
UN2243	"Present ([2636])" As Cyclohexyl acetate [622-45-7]
UN1624	"Present (hypertoxic chemical, [1464])" As Mercury chloride (HgCl2) [7487-94-7]
UN2032	"Present ([2285])" As Nitric acid [7697-37-2]
UN2277	"Present (stabilized, [1108])" As Ethyl methacrylate [97-63-2]
UN2442	"Present ([1867])" As Trichloroacetyl chloride [76-02-8]
98-67-9	"Present ([0062])" As Phenolsulphonic acid [1333-39-7]
UN2983	"Present (content <=30% Ethylene oxide, [0982])" As Ethylene oxide and propylene oxide mixture [RR-02872-8]
UN2485	"Present ([2731])" As n-Butyl isocyanate [111-36-4]
UN2578	"Present ([1911])" As Phosphorus trioxide [1314-24-5]
UN2657	"Present ([0495])" As Selenium sulfide (SeS2) [7488-56-4]
959699-83-3	"Present ([2790])" As Phosphoric acid [7664-38-2]
90452-29-2	"Present ([2559])" As Nitrogen monoxide [10102-43-9]
UN2835	"Present ([1659])" As Sodium aluminum hydride [13770-96-2]
UN2545	"Present (powder, [1216])" As Hafnium [7440-58-6]
UN2874	"Present ([0730])" As Furfuryl alcohol [98-00-0]
UN2689	"Present ([1383])" As 3-Chloro-1,2-dihydroxypropane [96-24-2]
95-81-8	"Present ([1501])" As Chlorotoluidines [53906-68-6]
UN1056	"Present (compressed or liquefied, [1237])" As Krypton [7439-90-9]
UN1922	"Present ([2069])" As Pyrrolidine [123-75-1]
UN1843	"Present ([0611])" As Ammonium dinitro-o-cresolate [2980-64-5]
UN3406	"Present ([0800])" As Barium perchlorate [13465-95-7]
UN1599	"Present (dry or wetted with <15% water, [0592]); Present (solution, [0592])" As Dinitrophenols [25550-58-7]
UN3475	"Present ([1630])" As Ethanol and gasoline mixture [RR-57030-9]
UN2496	"Present ([0127])" As Propionic anhydride [123-62-6]
UN1048	"Present (in Acetic acid solution, [2402], listed under Hydrogen bromide); Present ([2401], listed under Hydrogen bromide); Present ([1665])" As Hydrobromic acid [10035-10-6]
UN1858	"Present ([1335])" As Hexafluoropropylene [116-15-4]
UN3107	"Present (with >10% but <=10.7% available Oxygen, type A thinner >=48%, [0891]); Present (with <=10% available Oxygen, type A thinner >=55%, [0891]); Present (with <=8.2% available Oxygen, type A thinner >=60%, [0891])" As Methyl ethyl ketone peroxide [1338-23-4]
UN3436	"Present ([1333])" As Hexafluoroacetone [684-16-2]
UN2699	"Present ([1789])" As Trifluoroacetic acid [76-05-1]
UN2738	"Present ([2763])" As N-Butylaniline [1126-78-9]
UN1189	"Present ([1199])" As Ethanol, 2-methoxy-, acetate [110-49-6]
UN1328	"Present ([1375])" As 1,3,5,7-Tetraazatricyclo[3.3.1.1(3,7)]decane [100-97-0]
UN2232	"Present ([2557])" As Chloroacetaldehyde [107-20-0]
UN2534	"Present ([1134])" As Methylchlorosilane [993-00-0]
UN2385	"Present ([2703])" As Ethyl isobutyrate [97-62-1]
UN2487	"Present (hypertoxic chemical, [2718])" As Phenyl isocyanate [103-71-9]
UN2471	"Present (hypertoxic chemical, [2087])" As Osmium tetroxide [20816-12-0]
UN0077	"Present (dry or wetted with <15% water, [0596])" As Dinitrophenolates [RR-00263-1]
UN2719	"Present ([2417])" As Barium bromate [13967-90-3]
9021-03-8	"Present ([1726])" As Nonylphenol ethoxylates [9016-45-9]
UN2931	"Present ([1330])" As Vanadyl sulfate [27774-13-6]
UN3405	"Present ([1531])" As Barium chlorate [13477-00-4]
UN1781	"Present ([1956])" As Hexadecyltrichlorosilane [5894-60-0]
UN1670	"Present (hypertoxic chemical, [1723])" As Trichloromethanesulphenyl chloride [594-42-3]
UN1620	"Present ([1692])" As Lead(2+) cyanide [592-05-2]
UN1150	"Present ([0559])" As 1,2-Dichloroethylene [540-59-0]
UN3174	"Present ([0493])" As Titanium sulfide (TiS2) [12039-13-3]
UN2332	"Present ([2628])" As Acetaldehyde oxime [107-29-9]
UN1792	"Present ([2553])" As Iodine monochloride [7790-99-0]
UN2690	"Present ([2765])" As N-(n-Butyl)imidazole [4316-42-1]
952005-45-7	"Present ([2142])" As Phosphorus pentasulfide [1314-80-3]
UN2463	"Present ([1657])" As Aluminum hydride [7784-21-6]
UN1213	"Present ([2654])" As Isobutyl acetate [110-19-0]
UN2324	"Present ([1821])" As 1-Propene, 2-methyl-, trimer [7756-94-7]
UN1870	"Present ([1605])" As Potassium borohydride [13762-51-1]
UN1713	"Present ([1696])" As Zinc cyanide [557-21-1]
UN2668	"Present ([1550])" As Chloroacetonitrile [107-14-2]
UN1928	"Present (in Ethyl ether, [1157])" As Methylmagnesium bromide [75-16-1]
UN1800	"Present ([1950])" As Octadecyltrichlorosilane [112-04-9]
UN1022	"Present ([2555])" As Chlorotrifluoromethane [75-72-9]
942205-98-3	"Present ([1726])" As Nonylphenol ethoxylates [9016-45-9]
UN1802	"Present (in Acetic anhydride, solution, [0801]); Present (content 50-72%, [0798]); Present (content >72%, [0798]); Present (content <=50%, [0798])" As Perchloric acid [7601-90-3]
UN1292	"Present ([0845])" As Ethyl silicate [78-10-4]
959928-40-6	"Present ([2329])" As Ferric nitrate [10421-48-4]
UN1770	"Present ([0322])" As Diphenylmethyl bromide [776-74-9]
UN3442	"Present ([0509])" As Dichloroaniline [27134-27-6]
UN1041	"Present ([0643])" As Carbon dioxide and ethylene oxide mixtures [8070-50-6]
UN2585	"Present (with free Sulphuric acid, [2130])" As Alkyl sulfonic acids [RR-02838-6]
UN2257	"Present ([1203])" As Potassium [7440-09-7]
UN2533	"Present ([1863])" As Methyl trichloroacetate [598-99-2]
UN2565	"Present ([0347])" As Dicyclohexylamine [101-83-7]
UN1111	"Present ([2176])" As Amyl mercaptans [RR-01196-1]
UN1846	"Present ([2056])" As Tetrachloromethane [56-23-5]
UN1640	"Present ([2743])" As Mercury oleate [1191-80-6]
UN1395	"Present (powder, [0847])" As Aluminum ferrosilicon [12003-41-7]
UN1455	"Present ([0802])" As Calcium perchlorate [13477-36-6]
UN2880	"Present ([0163]); Present ([1621], listed under Bleaching powder); Present (with >39% available Chlorine, [1622], listed under Bleaching powder concentrate)" As Calcium hypochlorite [7778-54-3]
UN2288	"Present ([2712])" As Isohexene [27236-46-0]
89370-71-8	"Present (content <=43%, with >=5% water, >=35% Acetic acid, <=6% Hydrogen peroxide, containing stabilizer, [0926]); Present (content <=16%, with >=39% water, >=15% Acetic acid, <=24% Hydrogen peroxide, containing stabilizer, [0926])" As Peroxyacetic acid [79-21-0]
UN1005	"Present ([0002])" As Ammonia [7664-41-7]
UN1294	"Present ([1014])" As Toluene [108-88-3]
UN1586	"Present ([2467])" As Copper arsenite [10290-12-7]
UN2483	"Present ([2728])" As Isopropyl isocyanate [1795-48-8]
UN0074	"Present (wetted with >=40% water or Mixture of alcohol and water, [0621])" As Diazodinitrophenol [4682-03-5]
UN2027	"Present ([2462]); Present (aqueous solutions, [2462])" As Sodium arsenite [7784-46-5]
UN1144	"Present ([0231])" As 2-Butyne [503-17-3]
UN2279	"Present ([1350])" As Hexachlorobutadiene [87-68-3]
UN1134	"Present ([1414])" As Chlorobenzene [108-90-7]
UN1907	"Present (with >4% Sodium hydroxide, [1583])" As Soda lime [8006-28-8]
UN1565	"Present ([1678])" As Barium cyanide [542-62-1]
UN1135	"Present (hypertoxic chemical, [1549])" As Ethylene chlorohydrin [107-07-3]
913092-91-8	"Present ([0304])" As 4,4'-Diamino-3,3'-dichlorodiphenylmethane [101-14-4]
UN1768	"Present (anhydrous, [0342])" As Difluorophosphoric acid, anhydrous [13779-41-4]
UN2933	"Present ([1433])" As Methyl 2-chloropropionate [17639-93-9]
UN1457	"Present ([0888])" As Calcium peroxide (Ca(O2)) [1305-79-9]
UN2312	"Present ([0060]); Present (solution, [0060])" As Phenol [108-95-2]
UN2599	"Present ([1528])" As Chlorotrifluoromethane and trifluoromethane azeotropic mixture [50815-73-1]
UN0389	"Present ([1886])" As Trinitrotoluene mixtures containing trinitrobenzene and hexanitrostilbene [RR-02921-0]
UN1738	"Present ([1459])" As Benzyl chloride [100-44-7]
UN0234	"Present ([0613])" As Sodium dinitro-ortho-cresolate [2312-76-7]
UN2514	"Present ([2372])" As Bromobenzene [108-86-1]
UN2424	"Present ([0038])" As Octafluoropropane [76-19-7]
UN2948	"Present ([1783])" As Benzenamine, 3-(trifluoromethyl)- [98-16-8]
91-24-7	"Present (with free Sulphuric acid, [2130])" As Aryl sulphonic acid [RR-14924-6]
UN1195	"Present ([0130])" As Ethyl propionate [105-37-3]
UN1280	"Present ([0979])" As Propylene oxide [75-56-9]
RR-88853-9	"Present ([0276])" As Benzene, 1,1'-oxybis-, bromo derivatives [90193-67-2]
UN2248	"Present ([0718])" As Di-n-butylamine [111-92-2]
RR-88854-0	"Present ([0276])" As Benzene, 1,1'-oxybis-, bromo derivatives [90193-67-2]
UN2196	"Present ([1342])" As Tungsten hexafluoride [7783-82-6]
UN1931	"Present ([1244])" As Zinc hydrosulfite [7779-86-4]
UN2057	"Present ([1817])" As Tripropylene [13987-01-4]
UN1248	"Present ([0128])" As Methyl propionate [554-12-1]
UN2410	"Present ([2068])" As 1,2,3,6-Tetrahydropyridine [694-05-3]
UN1158	"Present ([0706])" As Diisopropylamine [108-18-9]
UN1803	"Present ([0062])" As Phenolsulphonic acid [1333-39-7]
UN1731	"Present (hypertoxic chemical, [2153])" As Antimony pentachloride [7647-18-9]
UN2656	"Present ([1238])" As Quinoline [91-22-5]
UN1891	"Present ([2435])" As Ethyl bromide [74-96-4]
UN1973	"Present ([1449])" As Ethane, chloropentafluoro-, mixture with chlorodifluoromethane [39432-81-0]
UN1595	"Present ([1311])" As Dimethyl sulfate [77-78-1]
UN1921	"Present (hypertoxic chemical, [0155])" As Aziridine, 2-methyl- [75-55-8]
UN1006	"Present (compressed or liquefied, [2505])" As Argon [7440-37-1]
UN2746	"Present ([1506])" As Phenyl chloroformate [1885-14-9]
UN2383	"Present ([0716])" As Dipropylamine [142-84-7]
9062-00-4	"Present (solution, [0271])" As Ammonium polysulfide [9080-17-5]
UN2054	"Present ([1566])" As Morpholine [110-91-8]
UN1680	"Present (hypertoxic chemical, [1686])" As Potassium cyanide [151-50-8]
UN1199	"Present ([1235])" As Furfural [98-01-1]
UN1545	"Present ([2715])" As Allyl isothiocyanate [57-06-7]
UN2378	"Present (hypertoxic chemical, [0410])" As Dimethylaminoacetonitrile [926-64-7]
UN2484	"Present ([2726])" As tert-Butyl isocyanate [1609-86-5]
UN1811	"Present ([0758])" As Potassium fluoride (K(HF2)) [7789-29-9]
RR-64106-5	"Present ([0435])" As Dimethyldioxane [25136-55-4]
917-54-4	"Present ([2131])" As Lithium alkyls [RR-01350-3]
UN2875	"Present ([0284])" As Hexachlorophene [70-30-4]
UN2839	"Present ([1640])" As Aldol [107-89-1]
UN1360	"Present ([1260])" As Calcium phosphide [1305-99-3]
91840-99-2	"Present ([0227])" As 2-Butanethiol [513-53-1]
UN1020	"Present ([2556])" As Chloropentafluoroethane [76-15-3]
UN2481	"Present ([2727])" As Ethyl isocyanate [109-90-0]
UN1247	"Present (stabilized, [1105])" As Methyl methacrylate [80-62-6]
UN1799	"Present ([1727])" As Nonyltrichlorosilane [5283-67-0]
UN2242	"Present ([0941])" As Cycloheptene [628-92-2]
UN1748	"Present ([0163]); Present ([1621], listed under Bleaching powder); Present (with >39% available Chlorine, [1622], listed under Bleaching powder concentrate)" As Calcium hypochlorite [7778-54-3]
UN1231	"Present ([2638])" As Methyl acetate [79-20-9]
UN1724	"Present (stabilized, [2186])" As Allyltrichlorosilane [107-37-9]
UN2009	"Present ([1215]); Present (powder, dry, [1215])" As Zirconium [7440-67-7]
98032-39-4	"Present ([1441])" As Chloroplatinic acid [16941-12-1]
UN3456	"Present ([2486])" As Nitrosylsulfuric acid [7782-78-7]
UN3408	"Present ([0807])" As Lead perchlorate [13637-76-8]
UN1475	"Present ([0805])" As Magnesium perchlorate [10034-81-8]
UN2851	"Present ([0577])" As Boron trifluoride dihydrate [13319-75-0]
UN2618	"Present (stabilized, [2668])" As Vinyltoluenes [25013-15-4]
9044-10-4	"Present (solution, [0823])" As Chromic acid (H2CrO4) [7738-94-5]
UN1428	"Present ([1582])" As Sodium [7440-23-5]
909342-54-7	"Present (with >=25% water, [2208]); Present (with >=25% Alcohol and <=12.6% Nitrogen, [2208]); Present (with >=25% Alcohol, [2208]); Present (with <=12.6% Nitrogen, [2208]); Present (unmodified, or plasticized, with <18% plasticizing substance, [2208]); Present (solution, with <=12.6% Nitrogen and <=55% Nitrocellulose, [2208]); Present (dry or wetted with <25% water or Alcohol, [2208])" As Nitroc
UN2809	"Present ([0835])" As Mercury [7439-97-6]
UN2208	"Present ([0163]); Present ([1621], listed under Bleaching powder); Present (with >39% available Chlorine, [1622], listed under Bleaching powder concentrate)" As Calcium hypochlorite [7778-54-3]
UN1686	"Present ([2462]); Present (aqueous solutions, [2462])" As Sodium arsenite [7784-46-5]
UN1060	"Present (stabilized. The source lists Propyne and allene mixtures with an incorrect CAS No. 59355-75-8, [0124])" As Propyne and allene mixtures [56960-91-9]
93261-83-7	"Present ([1372])" As Hexabromobiphenyl [36355-01-8]
UN1769	"Present ([0314])" As Diphenyldichlorosilane [80-10-4]
UN2396	"Present ([1102])" As Methacrylaldehyde [78-85-3]
927820-24-4	"Present ([2625])" As Ethyl ether [60-29-7]
UN2524	"Present ([2747])" As Triethyl orthoformate [122-51-0]
UN2797	"Present ([0215])" As Battery fluid, alkali [RR-00167-2]
UN1182	"Present (hypertoxic chemical, [1513])" As Ethyl chloroformate [541-41-3]
UN1326	"Present (powder, [1216])" As Hafnium [7440-58-6]
UN2558	"Present ([2364])" As Epibromohydrin [3132-64-7]
UN1104	"Present ([2659])" As n-Amyl acetate [628-63-7]
RR-19863-0	"Present ([0107])" As Denatured alcohols [RR-00113-8]
UN2198	"Present ([2137])" As Phosphorus pentafluoride [7647-19-0]
UN1177	"Present ([2649])" As Acetic acid, 2-ethylbutyl ester [10031-87-5]
UN1463	"Present (anhydrous, [1913])" As Chromium trioxide [1333-82-0]
UN1089	"Present ([2627])" As Acetaldehyde [75-07-0]
UN1410	"Present ([1658])" As Lithium aluminum hydride [16853-85-3]
UN1183	"Present ([2604])" As Ethyldichlorosilane [1789-58-8]
UN2705	"Present ([1063])" As 2-Penten-4-yn-1-ol, 3-methyl- [105-29-3]
893438-76-1	"Present (with >0.2% combustible substances, including any organic substance calculated as Carbon, to the exclusion of any other added substance, [2286]); Present (with <=0.2% combustible substances, [2286])" As Ammonium nitrate [6484-52-2]
UN1546	"Present ([1940])" As Ammonium arsenate [7784-44-3]
95974-93-9	"Present (content >42% but <=100%, with inert solid <=57%, [0902]); Present (content <=42%, with inert solid >=58%, [0902])" As Peroxide, [1,3(or 1,4)-phenylenebis(1-methylethylidene)]bis[(1,1-dimethylethyl) [25155-25-3]
UN1099	"Present ([2365])" As Allyl bromide [106-95-6]
UN2251	"Present ([0346])" As Bicyclo[2.2.1]hepta-2,5-diene [121-46-0]
UN2726	"Present ([2493])" As Nickel nitrite [17861-62-0]
UN0208	"Present ([1880])" As Tetryl [479-45-8]
UN1940	"Present ([1714])" As Thioglycolic acid [68-11-1]
UN1148	"Present ([1636])" As Diacetone alcohol [123-42-2]
9010-02-0	"Present (solution in Alcohol with <=10% Nitroglycerin, [2203]); Present (desensitized with >=40% non-volatile, water-insoluble phlegmatizer, [2202])" As Nitroglycerin [55-63-0]
96958-17-7	"Present ([1726])" As Nonylphenol ethoxylates [9016-45-9]
UN2584	"Present (with free Sulphuric acid, [2130])" As Alkyl sulfonic acids [RR-02838-6]
UN2323	"Present ([2449])" As Triethyl phosphite [122-52-1]
UN1418	"Present ([1572])" As Magnesium [7439-95-4]
UN2574	"Present ([1271])" As Phosphoric acid, tris(methylphenyl) esters [1330-78-5]
UN1709	"Present ([0306])" As 1,3-Benzenediamine, 4-methyl- [95-80-7]
UN3246	"Present (hypertoxic chemical, [1126])" As Methanesulfonyl chloride [124-63-0]
UN2869	"Present ([1848]); Present (solution, [1848]); Present (mixtures, [1848])" As Titanium trichloride [7705-07-9]
UN2411	"Present ([2767])" As n-Butanenitrile [109-74-0]
UN2457	"Present ([0433])" As 2,3-Dimethylbutane [79-29-8]
UN2528	"Present ([2705])" As Isobutyl isobutyrate [97-85-8]
UN3083	"Present ([0859])" As Perchloryl fluoride [7616-94-6]
UN1837	"Present (hypertoxic chemical, [1278])" As Thiophosphoryl chloride [3982-91-0]
UN3344	"Present (with >=7% wax, [1011]); Present (wetted with >=25% water or desensitized with >=15% phlegmatizer, [1011])" As Pentaerythrite tetranitrate [78-11-5]
UN1756	"Present ([0748])" As Chromic fluoride [7788-97-8]
UN2058	"Present ([2178])" As Valeraldehyde [110-62-3]
UN1018	"Present ([2552])" As Chlorodifluoromethane [75-45-6]
UN2329	"Present ([2448])" As Trimethyl phosphite [121-45-9]
UN2619	"Present ([0425])" As Benzyldimethylamine [103-83-3]
UN2806	"Present ([0173])" As Lithium nitride [26134-62-3]
UN1611	"Present ([2040])" As Hexaethyl tetraphosphate [757-58-4]
UN1763	"Present ([0949])" As Cyclohexyltrichlorosilane [98-12-4]
UN2611	"Present ([1385])" As Propylene chlorohydrin [78-89-7]
939426-00-3	"Present (anhydrous, [1339])" As Hexafluorophosphoric acid [16940-81-1]
91728-14-2	"Present (powder, [1377])" As Aluminum [7429-90-5]
UN3378	"Present ([0911])" As Sodium percarbonate [15630-89-4]
92355-34-5	"Present ([0835])" As Mercury [7439-97-6]
UN2648	"Present ([0622])" As 1,2-Dibromo-3-butanone [25109-57-3]
UN2859	"Present ([1614])" As Ammonium vanadate [7803-55-6]
UN1244	"Present (hypertoxic chemical, [1677])" As Methyl mercury dicyandiamide [502-39-6]
UN2644	"Present ([0193])" As Iodomethane [74-88-4]
92421-68-6	"Present ([1455])" As Mercurate(1-), (4-carboxylatophenyl)chloro-, hydrogen [59-85-8]
UN1080	"Present ([1341])" As Sulfur hexafluoride [2551-62-4]
960281-36-1	"Present (content <=100%, [1247]); Present (content <=42%, stable dispersion in water, [1247])" As Dicetyl peroxydicarbonate [26322-14-5]
UN1779	"Present ([1175])" As Formic acid [64-18-6]
UN2829	"Present ([1003])" As Hexanoic acid [142-62-1]
UN1154	"Present ([0650])" As Diethylamine [109-89-7]
UN3079	"Present (stabilized, [1101])" As Methacrylonitrile [126-98-7]
UN1898	"Present ([0192])" As Acetyl iodide [507-02-8]
UN2817	"Present ([0757])" As Ammonium bifluoride [1341-49-7]
UN1061	"Present (anhydrous, [2550]); Present (solution, [2550])" As Methylamine [74-89-5]
UN1192	"Present ([1639])" As Ethyl lactate [97-64-3]
UN1502	"Present ([0806])" As Sodium perchlorate [7601-89-0]
UN2749	"Present ([2035])" As Tetramethylsilane [75-76-3]
UN1648	"Present ([2622])" As Acetonitrile [75-05-8]
UN2438	"Present ([1815])" As Pivaloyl chloride [3282-30-2]
UN2273	"Present ([2594])" As 2-Ethylaniline [578-54-1]
99402-83-2	"Present ([1726])" As Nonylphenol ethoxylates [9016-45-9]
UN1737	"Present ([2398])" As Benzyl bromide [100-39-0]
UN2515	"Present ([1903])" As Bromoform [75-25-2]
UN2398	"Present ([1148])" As Methyl tert-butyl ether [1634-04-4]
UN2858	"Present ([1215]); Present (powder, dry, [1215])" As Zirconium [7440-67-7]
UN1100	"Present ([1440])" As 3-Chloropropene [107-05-1]
UN1264	"Present ([1820])" As Paraldehyde [123-63-7]
UN3444	"Present ([2506])" As Nicotine hydrochloride [2820-51-1]
UN1093	"Present (stabilized, [0143])" As Acrylonitrile [107-13-1]
UN0342	"Present (with >=25% water, [2208]); Present (with >=25% Alcohol and <=12.6% Nitrogen, [2208]); Present (with >=25% Alcohol, [2208]); Present (with <=12.6% Nitrogen, [2208]); Present (unmodified, or plasticized, with <18% plasticizing substance, [2208]); Present (solution, with <=12.6% Nitrogen and <=55% Nitrocellulose, [2208]); Present (dry or wetted with <25% water or Alcohol, [2208])" As Nitroc
953074-25-4	"Present ([1744])" As Silane, chlorotriphenyl- [76-86-8]
UN2876	"Present ([0057])" As 1,3-Benzenediol [108-46-3]
UN3428	"Present ([2717])" As 3-Chloro-4-methylphenyl isocyanate [28479-22-3]
UN0386	"Present ([1876])" As Benzenesulfonic acid, 2,4,6-trinitro- [2508-19-2]
UN2286	"Present ([2141])" As Pentamethylheptane [30586-18-6]
UN1278	"Present ([1437])" As 1-Chloropropane [540-54-5]
UN1159	"Present ([2692])" As Diisopropyl ether [108-20-3]
UN1916	"Present ([0531])" As Bis(2-chloroethyl) ether [111-44-4]
UN2014	"Present (solution, content >8%, [0903])" As Hydrogen peroxide [7722-84-1]
UN1920	"Present ([1728])" As Nonanes [RR-04090-4]
UN2386	"Present ([2614])" As 1-Ethylpiperidine [766-09-6]
UN2542	"Present (hypertoxic chemical, [1923])" As Tributylamine [102-82-9]
UN1787	"Present (solution, [1649]); Present (anhydrous, [0189])" As Hydriodic acid [10034-85-2]
936009-28-8	"Present (hypertoxic chemical, [0481])" As Strychnine [57-24-9]
UN2716	"Present ([0563])" As 1,4-Butynediol [110-65-6]
UN2222	"Present ([0079])" As Anisole [100-66-3]
UN1157	"Present ([0713])" As Diisobutyl ketone [108-83-8]
UN1337	"Present ([2204])" As Nitrostarch [9056-38-6]
UN2351	"Present ([2501])" As Butyl nitrite [544-16-1]
UN1788	"Present (in Acetic acid solution, [2402], listed under Hydrogen bromide); Present ([2401], listed under Hydrogen bromide); Present ([1665])" As Hydrobromic acid [10035-10-6]
UN1517	"Present ([0584])" As Zirconium picramate [63868-82-6]
UN0217	"Present ([1893])" As Trinitronaphthalene [55810-17-8]
92341-05-4	"Present ([0273])" As Polychlorinated dibenzofurans [136677-10-6]
UN1782	"Present (anhydrous, [1339])" As Hexafluorophosphoric acid [16940-81-1]
UN1505	"Present ([0858])" As Sodium persulfate [7775-27-1]
UN1684	"Present ([1703])" As Silver cyanide [506-64-9]
UN1859	"Present ([2023])" As Silicon tetrafluoride [7783-61-1]
UN2381	"Present ([0492])" As Dimethyl disulfide [624-92-0]
UN2356	"Present ([1438])" As 2-Chloropropane [75-29-6]
UN2464	"Present ([2317])" As Beryllium nitrate [13597-99-4]
UN1639	"Present ([0931])" As Mercurol [12002-19-6]
UN1301	"Present (stabilized, [2650])" As Vinyl acetate [108-05-4]
UN0075	"Present (desensitized with >=25% non-volatile, water insoluble phlegmatizer, [0651])" As Diethyleneglycol dinitrate [693-21-0]
UN2201	"Present (compressed or liquefied, [2561])" As Nitrous oxide [10024-97-2]
UN2399	"Present ([1141])" As 1-Methylpiperidine [626-67-5]
UN1336	"Present ([2263])" As 1-Nitroguanidine [556-88-7]
UN1571	"Present ([0216])" As Barium azide [18810-58-7]
UN1201	"Present ([2750])" As Fusel oil [8013-75-0]
UN1178	"Present ([2602])" As 2-Ethylbutyraldehyde [97-96-1]
UN1188	"Present ([2573])" As 2-Methoxyethanol [109-86-4]
UN2051	"Present ([0476])" As 2-(Dimethylamino)ethanol [108-01-0]
UN2382	"Present (hypertoxic chemical, [0462])" As 1,2-Dimethylhydrazine [540-73-8]
UN1585	"Present ([2681])" As Copper acetoarsenite [12002-03-8]
UN1055	"Present ([2708])" As Isobutylene [115-11-7]
UN2602	"Present (contains about 74% Dichlorodifluoromethane, [0529])" As Dichlorodifluoromethane and difluoroethane azeotropic mixture [56275-41-3]
UN1636	"Present ([1682])" As Mercuric cyanide [592-04-1]
UN1397	"Present ([1262])" As Aluminum phosphide [20859-73-8]
UN2989	"Present ([2446])" As Lead oxide phosphonate, hemihydrate [1344-40-7]
UN1789	"Present ([2507], listed under Hydrochloric acid); Present (anhydrous, [1475])" As Hydrochloric acid [7647-01-0]
UN2334	"Present (hypertoxic chemical, [0020])" As Allylamine [107-11-9]
UN2645	"Present ([2437])" As Phenacyl bromide [70-11-1]
NA9260	"Present (powder, [1377])" As Aluminum [7429-90-5]
UN1153	"Present ([2574])" As Ethylene glycol diethyl ether [629-14-1]
UN1173	"Present ([2651])" As Ethyl acetate [141-78-6]
UN2691	"Present ([2159])" As Phosphorus pentabromide [7789-69-7]
UN1243	"Present ([1177])" As Methyl formate [107-31-3]
UN1249	"Present ([2180])" As Methyl propyl ketone [107-87-9]
UN0222	"Present (with >0.2% combustible substances, including any organic substance calculated as Carbon, to the exclusion of any other added substance, [2286]); Present (with <=0.2% combustible substances, [2286])" As Ammonium nitrate [6484-52-2]
916081-50-0	"Present (solution, [1283])" As Ammonium sulfide [12135-76-1]
UN1233	"Present ([0431])" As 2-Pentanol, 4-methyl-, acetate [108-84-9]
UN2331	"Present ([1480]); Present (solution, [1480])" As Zinc chloride [7646-85-7]
UN2556	"Present (with >=25% water, [2208]); Present (with >=25% Alcohol and <=12.6% Nitrogen, [2208]); Present (with >=25% Alcohol, [2208]); Present (with <=12.6% Nitrogen, [2208]); Present (unmodified, or plasticized, with <18% plasticizing substance, [2208]); Present (solution, with <=12.6% Nitrogen and <=55% Nitrocellulose, [2208]); Present (dry or wetted with <25% water or Alcohol, [2208])" As Nitroc
RR-54368-0	"Present ([1315])" As Cobalt sulfate [10124-43-3]
95-69-2	"Present ([1501])" As Chlorotoluidines [53906-68-6]
926-56-7	"Present ([1151])" As Methylpentadiene [54363-49-4]
UN1509	"Present ([0910])" As Strontium peroxide [1314-18-7]
UN2681	"Present ([1672]); Present (solution, [1672])" As Cesium hydroxide [21351-79-1]
UN2033	"Present ([2535])" As Potassium oxide [12136-45-7]
UN2473	"Present ([0014])" As Sodium arsanilate [127-85-5]
98-46-4	"Present ([2277])" As Nitrobenzotrifluorides [RR-01305-8]
UN2475	"Present ([1840])" As Vanadium trichloride [7718-98-1]
920-36-5	"Present ([2131])" As Lithium alkyls [RR-01350-3]
UN1915	"Present ([0952])" As Cyclohexanone [108-94-1]
UN2333	"Present ([2645])" As Allyl acetate [591-87-7]
UN1991	"Present (stabilized, [1384])" As 2-Chloro-1,3-butadiene [126-99-8]
UN1725	"Present (anhydrous, [1898]); Present (solution, [1898])" As Aluminum bromide [7727-15-3]
UN1579	"Present ([1523])" As Benzenamine, 4-chloro-2-methyl-, hydrochloride [3165-93-3]
UN1860	"Present (stabilized, [0787])" As Vinyl fluoride [75-02-5]
UN2862	"Present ([2161])" As Vanadium pentoxide [1314-62-1]
UN1575	"Present ([1680]); Present ([1710], listed under Black cyanide)" As Calcium cyanide [592-01-8]
918666-97-4	"Present ([1193])" As m-Anisidine [536-90-3]
UN2380	"Present ([0437])" As Dimethyldiethoxysilane [78-62-6]
UN1451	"Present ([2321])" As Cesium nitrate [7789-18-6]
UN2439	"Present ([0759])" As Sodium fluoride (Na(HF2)) [1333-83-1]
950683-29-1	"Present ([2037])" As Tetramethylammonium hydroxide [75-59-2]
UN2950	"Present ([1572])" As Magnesium [7439-95-4]
96740-33-9	"Present ([0757])" As Ammonium bifluoride [1341-49-7]
UN1560	"Present ([1847])" As Arsenous trichloride [7784-34-1]
UN2555	"Present (with >=25% water, [2208]); Present (with >=25% Alcohol and <=12.6% Nitrogen, [2208]); Present (with >=25% Alcohol, [2208]); Present (with <=12.6% Nitrogen, [2208]); Present (unmodified, or plasticized, with <18% plasticizing substance, [2208]); Present (solution, with <=12.6% Nitrogen and <=55% Nitrocellulose, [2208]); Present (dry or wetted with <25% water or Alcohol, [2208])" As Nitroc
UN1647	"Present ([2412])" As Methyl bromide and ethylene dibromide mixture, liquid [RR-01300-3]
UN0113	"Present (with >=30% water, [1578])" As Guanyl nitrosoaminoguanylidene hydrazine, wetted [RR-01327-4]
UN2686	"Present ([0700])" As Diethylaminoethanol [100-37-8]
UN1918	"Present ([2688])" As Cumene [98-82-8]
UN2204	"Present ([2117])" As Carbonyl sulfide [463-58-1]
UN3252	"Present ([0341])" As Difluoromethane [75-10-5]
UN1086	"Present (stabilized, [1561])" As Vinyl chloride [75-01-4]
UN2320	"Present ([2086])" As Tetraethylenepentamine [112-57-2]
UN1678	"Present ([2461])" As Arsenious acid (H3AsO3), potassium salt (1:?) [10124-50-2]
UN1732	"Present ([2139])" As Antimony pentafluoride [7783-70-2]
UN1679	"Present ([1701])" As Potassium cuprocyanide [13682-73-0]
UN1726	"Present (anhydrous, [1842]); Present (solution, [1842])" As Aluminum chloride [7446-70-0]
955955-55-2	"Present ([1372])" As Hexabromobiphenyl [36355-01-8]
UN2721	"Present ([1540])" As Copper chlorate [26506-47-8]
UN2873	"Present ([0719])" As 2-N-Dibutylaminoethanol [102-81-8]
92341-04-3	"Present ([0273])" As Polychlorinated dibenzofurans [136677-10-6]
UN1744	"Present ([2361]); Present (solution with >=3.5% Bromine, [2361])" As Bromine [7726-95-6]
98-51-1	"Present ([0225])" As Butyltoluenes [27458-20-4]
UN1212	"Present ([1033])" As Isobutyl alcohol [78-83-1]
UN1066	"Present (compressed or liquefied, [0172])" As Nitrogen [7727-37-9]
UN1037	"Present ([1560])" As Ethyl chloride [75-00-3]
UN3317	"Present ([0583])" As 2-Amino-4,6-dinitrophenol [96-91-3]
UN2967	"Present ([0025])" As Sulfamic acid [5329-14-6]
UN1913	"Present (compressed or liquefied, [1584])" As Neon [7440-01-9]
UN2942	"Present ([1782])" As Benzenamine, 2-(trifluoromethyl)- [88-17-5]
UN2055	"Present (stabilized, [0096])" As Styrene [100-42-5]
UN1207	"Present ([2786])" As Hexaldehyde [66-25-1]
UN1179	"Present ([2621])" As Ethyl butyl ether [628-81-9]
UN1380	"Present (hypertoxic chemical, [2177])" As Pentaborane [19624-22-7]
UN1008	"Present ([1770])" As Boron trifluoride [7637-07-2]
UN2048	"Present ([0490])" As Dicyclopentadiene [77-73-6]
UN1889	"Present ([1697])" As Cyanogen bromide [506-68-3]
UN1716	"Present ([2406])" As Acetyl bromide [506-96-7]
UN1895	"Present ([2290])" As Phenylmercuric nitrate [55-68-5]
UN1807	"Present ([2162])" As Phosphorus pentoxide [1314-56-3]
UN1340	"Present ([2142])" As Phosphorus pentasulfide [1314-80-3]
UN2525	"Present ([2579])" As Ethanedioic acid, diethyl ester [95-92-1]
UN2723	"Present ([1534])" As Magnesium chlorate [10326-21-3]
UN1672	"Present ([0085])" As Phenylcarbylamine chloride [622-44-6]
UN1830	"Present ([1302])" As Sulfuric acid [7664-93-9]
UN1339	"Present ([1625])" As Phosphorus heptasulphide [12037-82-0]
UN2327	"Present ([1804])" As Trimethylhexamethylenediamine [25620-58-0]
90569-69-0	"Present ([0911])" As Sodium percarbonate [15630-89-4]
UN2949	"Present ([1293])" As Sodium hydrosulfide [16721-80-5]
UN3421	"Present ([0758])" As Potassium fluoride (K(HF2)) [7789-29-9]
UN0343	"Present (with >=25% water, [2208]); Present (with >=25% Alcohol and <=12.6% Nitrogen, [2208]); Present (with >=25% Alcohol, [2208]); Present (with <=12.6% Nitrogen, [2208]); Present (unmodified, or plasticized, with <18% plasticizing substance, [2208]); Present (solution, with <=12.6% Nitrogen and <=55% Nitrocellulose, [2208]); Present (dry or wetted with <25% water or Alcohol, [2208])" As Nitroc
UN1629	"Present (hypertoxic chemical, [2635])" As Acetic acid, mercury(2+) salt (2:1) [1600-27-7]
UN2240	"Present ([0818])" As Chromosulfuric acid [14489-25-9]
UN2245	"Present ([0968])" As Cyclopentanone [120-92-3]
UN2521	"Present (stabilized, [2677])" As Diketene [674-82-8]
UN2687	"Present ([0947])" As Dicyclohexylammonium nitrite [3129-91-7]
UN2394	"Present ([0132])" As Isobutyl propionate [540-42-1]
UN2359	"Present ([0579])" As Diallylamine [124-02-7]
99932-76-0	"Present (hypertoxic chemical, [2567]); Present (stabilized, hypertoxic chemical, [2567])" As Ethyleneimine [151-56-4]
UN2567	"Present ([2148])" As Sodium pentachlorophenate [131-52-2]
UN3057	"Present ([1794])" As Acetyl chloride, trifluoro- [354-32-5]
RR-191287-4	"Present ([1726])" As Nonylphenol ethoxylates [9016-45-9]
955955-54-1	"Present ([1372])" As Hexabromobiphenyl [36355-01-8]
UN1897	"Present ([2064])" As Tetrachloroethylene [127-18-4]
945614-06-2	"Present (content >52% but <=100%, [0883]); Present (content <=52%, with inert solid >=48%, [0883])" As Dicumyl peroxide [80-43-3]
UN1653	"Present ([1690])" As Nickel cyanide [557-19-7]
98-49-7	"Present (content <=72%, with type A thinner >=28%, [2690])" As Diisopropylbenzene hydroperoxide [26762-93-6]
UN1085	"Present (stabilized, [2436])" As Vinyl bromide [593-60-2]
UN2336	"Present ([1178])" As Allyl formate [1838-59-1]
UN1963	"Present (compressed or liquefied, [0929])" As Helium [7440-59-7]
UN1687	"Present (hypertoxic chemical, [0217])" As Sodium azide [26628-22-8]
NA1270	"Present ([1967])" As Petroleum [8002-05-9]
UN2647	"Present ([0115])" As Propanedinitrile [109-77-3]
UN2822	"Present ([1428])" As 2-Chloropyridine [109-09-1]
UN1741	"Present ([1844])" As Boron trichloride [10294-34-5]
UN1181	"Present ([1558])" As Ethyl chloroacetate [105-39-5]
UN0146	"Present ([2204])" As Nitrostarch [9056-38-6]
UN1313	"Present ([1993])" As Calcium resinate [9007-13-0]
9046-55-3	"Present (solution, [0271])" As Ammonium polysulfide [9080-17-5]
89488-60-8	"Present ([0597])" As Phenol, 2,4-dinitro-, sodium salt [1011-73-0]
UN1994	"Present (hypertoxic chemical, [2157])" As Iron, pentacarbonyl- [13463-40-6]
UN2341	"Present ([2371])" As 1-Bromo-3-methylbutane [107-82-4]
UN1746	"Present ([1779])" As Bromine trifluoride [7787-71-5]
UN1605	"Present ([0630])" As 1,2-Dibromoethane [106-93-4]
UN1400	"Present ([0047])" As Barium [7440-39-3]
918419-31-5	"Present ([2105])" As Tetraisopropyl titanate [546-68-9]
RR-191290-9	"Present ([1726])" As Nonylphenol ethoxylates [9016-45-9]
UN1219	"Present ([0111])" As Isopropyl alcohol [67-63-0]
95210-42-7	"Present ([1598])" As Cyclohexanecarbonitrile, 1,1'-azobis- [2094-98-6]
UN2616	"Present ([1612])" As Triisopropyl borate [5419-55-6]
UN2366	"Present ([2111])" As Diethyl carbonate [105-58-8]
UN1239	"Present (hypertoxic chemical, [1502])" As Chloromethyl methyl ether [107-30-2]
92785-38-1	"Present (in Acetic anhydride, solution, [0801]); Present (content 50-72%, [0798]); Present (content >72%, [0798]); Present (content <=50%, [0798])" As Perchloric acid [7601-90-3]
UN1970	"Present (compressed or liquefied, [1237])" As Krypton [7439-90-9]
UN1321	"Present (dry or wetted with <15% water, [0596])" As Dinitrophenolates [RR-00263-1]
97956-01-9	"Present (wetted with >=15% water, [0961]); Present (desensitized, [0961])" As Cyclotetramethylenetetranitramine [2691-41-0]
900786-57-4	"Present (hypertoxic chemical, [0481])" As Strychnine [57-24-9]
UN2741	"Present (with >22% available Chlorine, [0162])" As Barium hypochlorite [13477-10-6]
UN2193	"Present ([1344])" As Hexafluoroethane [76-16-4]
UN2036	"Present (compressed or liquefied, [2200])" As Xenon [7440-63-3]
UN1971	"Present ([1188])" As Methane [74-82-8]
UN1753	"Present ([1424])" As Chlorophenyltrichlorosilane [26571-79-9]
UN0483	"Present (wetted with >=15% water, [0957]); Present (desensitized, [0957])" As Cyclonite [121-82-4]
UN2720	"Present ([2297])" As Chromium(III) nitrate [13548-38-4]
UN2587	"Present ([0086])" As Quinone [106-51-4]
UN2350	"Present ([1170])" As Butyl methyl ether [628-28-4]
UN2651	"Present ([2443])" As 4,4'-Methylenedianiline [101-77-9]
UN2267	"Present (hypertoxic chemical, [0463])" As O,O-Dimethyl phosphorochloridothioate [2524-03-0]
NA9191	"Present ([0640])" As Chlorine dioxide [10049-04-4]
UN1392	"Present ([1211])" As Alkaline earth metal amalgams [RR-00123-0]
UN1027	"Present ([0936])" As Cyclopropane [75-19-4]
UN2850	"Present ([2039])" As Propylene tetramer [6842-15-5]
UN1869	"Present ([1572])" As Magnesium [7439-95-4]
89324-33-4	"Present ([0585])" As Sodium picramate [831-52-7]
UN2303	"Present ([0068])" As .alpha.-Methylstyrene [98-83-9]
UN2236	"Present ([2717])" As 3-Chloro-4-methylphenyl isocyanate [28479-22-3]
UN2605	"Present ([1200])" As Methoxymethyl isocyanate [6427-21-0]
UN3463	"Present ([0126])" As Propanoic acid [79-09-4]
957761-04-5	"Present (hypertoxic chemical, [2115])" As Phosgene [75-44-5]
UN1966	"Present ([1648])" As Hydrogen [1333-74-0]
99748-78-4	"Present ([1713])" As 2-Mercaptoethanol [60-24-2]
99676-02-5	"Present (with >10% but <=10.7% available Oxygen, type A thinner >=48%, [0891]); Present (with <=10% available Oxygen, type A thinner >=55%, [0891]); Present (with <=8.2% available Oxygen, type A thinner >=60%, [0891])" As Methyl ethyl ketone peroxide [1338-23-4]
UN3415	"Present ([0754])" As Sodium fluoride [7681-49-4]
UN1028	"Present ([0528])" As Dichlorodifluoromethane [75-71-8]
UN1299	"Present ([2098])" As Turpentine, oil [8006-64-2]
UN2001	"Present (powder, [0963])" As Naphthenic acids, cobalt salts [61789-51-3]
92483-38-0	"Present ([2584])" As 1-Naphthalenamine, N-ethyl- [118-44-5]
97124-07-7	"Present ([1290])" As Sulfur [7704-34-9]
UN0391	"Present (wetted with >=15% water or desensitized with >=10% phlegmatizer, [0958])" As RDX and HMX mixtures [RR-02797-4]
UN2840	"Present ([0229])" As Butyraldoxime [110-69-0]
UN2186	"Present ([2507], listed under Hydrochloric acid); Present (anhydrous, [1475])" As Hydrochloric acid [7647-01-0]
9067-50-9	"Present ([1726])" As Nonylphenol ethoxylates [9016-45-9]
95680-75-4	"Present ([2294])" As Calcium nitrate [10124-37-5]
UN2529	"Present ([2700])" As Isobutyric acid [79-31-2]
UN1185	"Present (hypertoxic chemical, [2567]); Present (stabilized, hypertoxic chemical, [2567])" As Ethyleneimine [151-56-4]
UN2678	"Present ([1671]); Present (solution, [1671])" As Rubidium hydroxide [1310-82-3]
UN1603	"Present ([2432])" As Ethyl bromoacetate [105-36-2]
UN2283	"Present (stabilized, [1109])" As Isobutyl methacrylate [97-86-9]
UN1757	"Present ([0748])" As Chromic fluoride [7788-97-8]
91538-84-0	"Present ([0273])" As Polychlorinated dibenzofurans [136677-10-6]
92341-06-5	"Present ([0273])" As Polychlorinated dibenzofurans [136677-10-6]
UN1242	"Present ([1115])" As Methyldichlorosilane [75-54-7]
UN0388	"Present ([1887])" As Trinitrotoluene and trinitrobenzene mixtures [RR-02920-9]
UN0282	"Present ([2263])" As 1-Nitroguanidine [556-88-7]
UN2008	"Present ([1215]); Present (powder, dry, [1215])" As Zirconium [7440-67-7]
UN2573	"Present ([1539])" As Thallium chlorate [13453-30-0]
UN1029	"Present ([0551])" As Dichlorofluoromethane [75-43-4]
UN2790	"Present (content >80%, [2630]); Present (content >10% but <=80%, [2630])" As Acetic acid [64-19-7]
UN1833	"Present ([2450])" As Sulfurous acid [7782-99-2]
UN1098	"Present (hypertoxic chemical, [0141])" As Allyl alcohol [107-18-6]
UN1570	"Present (hypertoxic chemical, [0486])" As Brucine [357-57-3]
UN1747	"Present ([0228])" As Butyltrichlorosilane [7521-80-4]
94700-17-1	"Present ([0636])" As Diethylenetriamine [111-40-0]
UN1553	"Present ([1929])" As Arsenic acid [7778-39-4]
UN2713	"Present ([0175])" As Acridine [260-94-6]
UN2670	"Present ([1709])" As Cyanuric chloride [108-77-0]
UN2744	"Present ([1508])" As Cyclobutyl chloroformate [81228-87-7]
UN2284	"Present ([2698])" As Isobutyronitrile [78-82-0]
UN2548	"Present (hypertoxic chemical, [2138])" As Chlorine pentafluoride [13637-63-3]
UN1320	"Present (dry or wetted with <15% water, [0592]); Present (solution, [0592])" As Dinitrophenols [25550-58-7]
UN1656	"Present ([2506])" As Nicotine hydrochloride [2820-51-1]
99531-82-5	"Present ([1726])" As Nonylphenol ethoxylates [9016-45-9]
UN1561	"Present (hypertoxic chemical, [1912])" As Arsenic trioxide [1327-53-3]
UN1739	"Present ([1507])" As Benzyl chloroformate [501-53-1]
UN1728	"Present ([2173])" As Amyltrichlorosilane [107-72-2]
UN1848	"Present ([0126])" As Propanoic acid [79-09-4]
UN1598	"Present (hypertoxic chemical, [1071])" As 4,6-Dinitro-o-cresol [534-52-1]
UN3472	"Present ([0246])" As Crotonic acid [3724-65-0]
UN2522	"Present ([1104])" As N,N-Dimethylaminoethyl methacrylate [2867-47-2]
UN1669	"Present ([2155])" As Pentachloroethane [76-01-7]
UN2352	"Present (stabilized, [2766])" As Butyl vinyl ether [111-34-2]
UN1550	"Present ([1736])" As Antimony lactate [58164-88-8]
97955-44-7	"Present ([1705])" As Cypermethrin [52315-07-8]
UN1126	"Present ([2396])" As 1-Bromobutane [109-65-9]
96231-36-6	"Present ([2575])" As 2-Ethoxyethanol [110-80-5]
UN2340	"Present ([2428])" As 2-Bromoethyl ethyl ether [592-55-2]
UN1512	"Present ([2494])" As Zinc ammonium nitrite [63885-01-8]
UN1175	"Present ([2566])" As Ethylbenzene [100-41-4]
UN0394	"Present ([1889])" As 2,4,6-Trinitroresorcinol [82-71-3]
UN2966	"Present ([1713])" As 2-Mercaptoethanol [60-24-2]
UN3342	"Present ([0985])" As Xanthates [RR-03955-4]
945715-84-4	"Present ([2726])" As tert-Butyl isocyanate [1609-86-5]
UN2079	"Present ([0636])" As Diethylenetriamine [111-40-0]
UN2864	"Present ([1615])" As Potassium metavanadate [13769-43-2]
UN2367	"Present ([1153])" As 2-Methylpentanal [123-15-9]
UN2838	"Present (stabilized, [2773])" As Vinyl butyrate [123-20-6]
UN1343	"Present ([1822])" As Phosphorus trisulfide [12165-69-4]
UN2310	"Present ([2170])" As 2,4-Pentanedione [123-54-6]
934-85-0	"Present (stabilized, [0096])" As Styrene [100-42-5]
916852-33-0	"Present ([0034])" As 2-(2-Aminoethoxy)ethanol [929-06-6]
UN3425	"Present ([2429])" As Bromoacetic acid [79-08-3]
UN1873	"Present (in Acetic anhydride, solution, [0801]); Present (content 50-72%, [0798]); Present (content >72%, [0798]); Present (content <=50%, [0798])" As Perchloric acid [7601-90-3]
UN3318	"Present ([0002])" As Ammonia [7664-41-7]
UN1630	"Present ([1456])" As Mercury ammonium chloride [10124-48-8]
UN1043	"Present (solution, with >35% free Ammonia, [0930])" As Fertilizer ammoniating solution [RR-00297-1]
UN2688	"Present ([1409])" As Propane, 1-bromo-3-chloro- [109-70-6]
UN1812	"Present ([0751])" As Potassium fluoride [7789-23-3]
UN2580	"Present (anhydrous, [1898]); Present (solution, [1898])" As Aluminum bromide [7727-15-3]
UN2219	"Present ([2187])" As Allyl glycidyl ether [106-92-3]
920-42-3	"Present ([1175])" As Formic acid [64-18-6]
UN1222	"Present ([2336])" As Isopropyl nitrate [1712-64-7]
RR-17718-4	"Present (non-pyrophoric, [0817])" As Cadmium [7440-43-9]
RR-191289-6	"Present ([1726])" As Nonylphenol ethoxylates [9016-45-9]
93037-13-9	"Present (compressed or liquefied, [0172])" As Nitrogen [7727-37-9]
UN2436	"Present ([1281])" As Thioacetic acid [507-09-5]
97707-96-5	"Present ([1599])" As Diazenedicarboxamide [123-77-3]
UN1411	"Present ([1658])" As Lithium aluminum hydride [16853-85-3]
UN2831	"Present ([1864])" As 1,1,1-Trichloroethane [71-55-6]
UN0402	"Present ([0799])" As Ammonium perchlorate [7790-98-9]
UN1452	"Present ([1532]); Present (solution, [1532])" As Calcium chlorate [10137-74-3]
UN2417	"Present ([2116])" As Carbonyl fluoride [353-50-4]
UN2561	"Present ([1040])" As 3-Methyl-1-butene [563-45-1]
925-93-9	"Present (anhydrous, [2568])" As Ethyl alcohol [64-17-5]
UN1872	"Present ([0641])" As Lead dioxide [1309-60-0]
93196-73-7	"Present ([2004])" As Thiram [137-26-8]
UN2610	"Present ([1869])" As Triallylamine [102-70-5]
UN2387	"Present ([0737])" As Fluorobenzene [462-06-6]
UN1420	"Present ([1205])" As Potassium, metal alloys [RR-01337-6]
UN1053	"Present ([1289])" As Hydrogen sulfide [7783-06-4]
UN2629	"Present (hypertoxic chemical, [0784])" As Sodium fluoroacetate [62-74-8]
UN2968	"Present ([0170])" As Maneb [12427-38-2]
92341-07-6	"Present ([0273])" As Polychlorinated dibenzofurans [136677-10-6]
UN1172	"Present ([2648])" As 2-Ethoxyethyl acetate [111-15-9]
UN1554	"Present ([1929])" As Arsenic acid [7778-39-4]
UN1308	"Present ([1215]); Present (powder, dry, [1215])" As Zirconium [7440-67-7]
UN2076	"Present ([1029])" As Cresol, all isomers [1319-77-3]
UN1385	"Present ([1288])" As Sodium sulfide [1313-82-2]
UN2202	"Present (anhydrous, [2191])" As Hydrogen selenide [7783-07-5]
UN2246	"Present ([0970])" As Cyclopentene [142-29-0]
UN1765	"Present ([0560])" As Dichloroacetyl chloride [79-36-7]
UN1073	"Present (compressed or liquefied, [2528])" As Oxygen [7782-44-7]
UN1511	"Present ([0899])" As Urea peroxide [124-43-6]
UN1011	"Present ([2778])" As Butane [106-97-8]
UN1496	"Present ([2458]); Present (solution, containing >5% available Chlorine, [2458])" As Sodium chlorite [7758-19-2]
UN1608	"Present ([1946])" As Arsenic acid, iron(2+) salt (2:3) [10102-50-8]
UN1166	"Present ([0646])" As 1,3-Dioxolane [646-06-0]
UN0406	"Present ([0633])" As Dinitrosobenzene [25550-55-4]
UN1382	"Present ([1287])" As Potassium sulfide [1312-73-8]
UN1323	"Present ([2126])" As Ferrocerium [69523-06-4]
UN2646	"Present (hypertoxic chemical, [1358])" As Hexachlorocyclopentadiene [77-47-4]
UN1196	"Present ([2616])" As Trichloroethylsilane [115-21-9]
98824-35-2	"Present ([0636])" As Diethylenetriamine [111-40-0]
UN2328	"Present ([1805])" As Trimethylhexamethylene diisocyanate [28679-16-5]
UN2844	"Present ([0843])" As Calcium manganese oxide silicate [12205-44-6]
91538-83-9	"Present ([0273])" As Polychlorinated dibenzofurans [136677-10-6]
UN1778	"Present ([0740])" As Fluorosilicic acid [16961-83-4]
UN2234	"Present ([1785])" As Chlorobenzotrifluorides [52181-51-8]
UN2200	"Present (stabilized, [0117])" As 1,2-Propadiene [463-49-0]
UN1143	"Present ([0245])" As Crotonaldehyde [4170-30-3]
UN1516	"Present ([0912])" As Zinc peroxide [1314-22-3]
UN1690	"Present ([0754])" As Sodium fluoride [7681-49-4]
960053-05-8	"Present ([1507])" As Benzyl chloroformate [501-53-1]
UN1771	"Present ([1954])" As Dodecyltrichlorosilane [4484-72-4]
UN1589	"Present (hypertoxic chemical, [1476])" As Cyanogen chloride [506-77-4]
UN1030	"Present ([0343])" As 1,1-Difluoroethane [75-37-6]
UN1969	"Present ([2707])" As Isobutane [75-28-5]
UN0385	"Present ([2232])" As 5-Nitrobenzotriazol [2338-12-7]
UN1489	"Present ([0803])" As Potassium perchlorate [7778-74-7]
UN1836	"Present ([1493])" As Thionyl chloride [7719-09-7]
UN2260	"Present ([1922])" As Tripropylamine [102-69-2]
UN2865	"Present ([1322])" As Hydroxylamine sulfate (2:1) [10039-54-0]
89513-75-7	"Present ([1774])" As Boron trifluoride-diethyl etherate [109-63-7]
UN1607	"Present ([2466])" As Iron(III)-o-arsenite, pentahydrate [63989-69-5]
UN1932	"Present ([1215]); Present (powder, dry, [1215])" As Zirconium [7440-67-7]
UN2626	"Present (solution, content <=10%, [1536])" As Chloric acid [7790-93-4]
UN2435	"Present ([2596])" As Ethylphenyldichlorosilane [1125-27-5]
90907-93-0	"Present ([2187])" As Allyl glycidyl ether [106-92-3]
UN1929	"Present ([1242])" As Potassium hydrosulfite [14293-73-3]
UN1885	"Present ([0309])" As Benzidine [92-87-5]
