0001	8008-60-4
0002	208990-07-2
0002	214478-05-4
0002	558443-52-0
0002	7664-41-7
0002	8007-57-6
0002	UN1005
0002	UN2073
0002	UN2672
0002	UN3318
0003	116723-72-9
0003	129050-51-7
0003	161544-44-1
0003	177646-11-6
0003	25495-81-2
0003	2855-13-2
0003	45981-71-3
0003	50858-71-4
0003	52004-55-4
0003	52697-24-2
0003	71954-29-5
0003	71954-30-8
0003	UN2289
0004	1031-47-6
0005	2079-00-7
0006	99-98-9
0007	95-55-6
0008	591-27-5
0009	123-30-8
0009	1309774-68-2
0009	52985-09-8
0010	2237-30-1
0011	2045-00-3
0012	2038-72-4
0013	125715-67-5
0013	98-50-0
0014	127-85-5
0014	UN2473
0015	102769-74-4
0015	29212-31-5
0015	45505-67-7
0015	504-29-0
0016	462-08-8
0017	504-24-5
0018	107-10-8
0018	42939-71-9
0018	UN1277
0019	75-31-0
0019	85404-24-6
0019	UN1221
0020	107-11-9
0020	1561105-23-4
0020	UN2334
0021	101-54-2
0021	12227-74-6
0022	2582-30-1
0023	23321-74-6
0024	12135-17-0
0024	7782-89-0
0025	1266250-83-2
0025	5329-14-6
0025	UN2967
0026	2489-10-3
0026	2763-96-4
0027	1111-78-0
0027	879665-11-9
0028	51-83-2
0029	580-17-6
0030	90-41-5
0031	92-67-1
0032	75-39-8
0032	UN1841
0033	141-43-5
0033	9007-33-4
0033	UN2491
0034	916852-33-0
0034	929-06-6
0034	UN3055
0035	1252662-61-5
0035	125888-87-1
0035	1269620-59-8
0035	1313584-68-7
0035	132103-60-7
0035	1336-21-6
0035	1398052-85-1
0035	16393-49-0
0035	178115-93-0
0036	140-31-8
0036	935701-76-1
0036	UN2815
0037	1516-64-9
0037	360-89-4
0037	UN2422
0038	218599-63-4
0038	300408-51-9
0038	76-19-7
0038	UN2424
0039	115-25-3
0039	178459-70-6
0039	266002-75-9
0039	UN1976
0040	382-21-8
0041	152-16-9
0042	21152-15-8
0042	297-78-9
0042	3212-31-5
0043	39400-80-1
0043	53637-13-1
0043	57-74-9
0044	12687-42-2
0044	12698-98-5
0044	12770-20-6
0044	37226-11-2
0044	56645-28-4
0044	8001-35-2
0044	8022-04-6
0045	119264-59-4
0045	119264-60-7
0045	119264-61-8
0045	1254976-38-9
0045	27858-07-7
0045	59080-41-0
0045	67889-00-3
0045	69278-61-1
0045	69887-11-2
0045	915039-12-2
0045	942505-36-4
0046	12185-10-3
0047	13981-41-4
0047	14378-25-7
0047	14798-08-4
0047	14914-75-1
0047	15229-36-4
0047	15741-25-0
0047	15741-29-4
0047	18879-37-3
0047	378253-37-3
0047	378253-38-4
0047	378253-39-5
0047	7440-39-3
0047	UN1400
0048	RR-00161-6
0049	1053658-43-7
0049	1076-43-3
0049	1173023-23-8
0049	174973-66-1
0049	54682-86-9
0049	71-43-2
0049	UN1114
0050	37317-26-3
0050	4547-70-0
0051	100849-37-4
0051	14545-23-4
0051	146997-94-6
0051	1533423-51-6
0051	1582784-51-7
0051	1619933-02-6
0051	18960-62-8
0051	37342-16-8
0051	4165-61-1
0051	62-53-3
0051	7022-92-6
0051	UN1547
0052	271-89-6
0053	95-54-5
0054	108-45-2
0054	1266121-34-9
0054	1274866-89-5
0055	106-50-3
0055	56481-76-6
0055	82785-55-5
0056	120-80-9
0056	16474-89-8
0056	16474-90-1
0056	19481-10-8
0056	37349-32-9
0057	108-46-3
0057	UN2876
0058	123-31-9
0058	57534-13-1
0058	8027-02-9
0059	98-48-6
0060	108-95-2
0060	108-95-2
0060	13127-88-3
0060	13127-88-3
0060	14534-23-7
0060	14534-23-7
0060	50356-25-7
0060	50356-25-7
0060	8002-07-1
0060	8002-07-1
0060	UN2312
0060	UN2312
0061	RR-14926-8
0062	1333-39-7
0062	25551-07-9
0062	31472-80-7
0062	585-38-6
0062	609-46-1
0062	790998-17-3
0062	98-67-9
0062	UN1803
0063	139-02-6
0063	860383-26-2
0064	80-17-1
0065	114415-79-1
0065	98-09-9
0065	UN2225
0066	768-56-9
0067	135-88-6
0067	52907-17-2
0067	84420-28-0
0068	98-83-9
0068	UN2303
0069	192076-92-9
0069	39387-78-5
0069	457652-80-1
0069	90-43-7
0070	1631-84-1
0071	108-98-5
0071	UN2337
0072	100-57-2
0072	UN1894
0073	155684-07-4
0073	155684-39-2
0073	98-13-5
0073	UN1804
0074	100-58-3
0074	191084-03-4
0074	26185-68-2
0075	824-72-6
0076	103-84-4
0076	15826-91-2
0077	22212-55-1
0078	100-47-0
0078	UN2224
0079	100-66-3
0079	2567-25-1
0079	UN2222
0080	583-15-3
0080	UN1631
0081	1082718-77-1
0081	93-58-3
0082	1258517-80-4
0082	98-88-4
0082	UN1736
0083	RR-14935-9
0084	100-63-0
0084	1057722-40-3
0084	UN2572
0085	622-44-6
0085	UN1672
0086	106-51-4
0086	UN2587
0087	3497-00-5
0087	UN2799
0088	696-28-6
0089	98-05-5
0090	159104-96-8
0090	89-32-7
0091	532-28-5
0091	613-88-7
0092	990-73-8
0093	1943-82-4
0094	140-29-4
0094	70026-36-7
0094	UN2470
0095	1401716-44-6
0095	536-74-3
0096	100-42-5
0096	1161074-30-1
0096	1193-80-2
0096	1198090-46-8
0096	1453489-93-4
0096	1646200-96-5
0096	19361-62-7
0096	2015955-51-6
0096	2351150-23-5
0096	2576469-81-1
0096	2706608-32-2
0096	3814-93-5
0096	60052-92-8
0096	79637-11-9
0096	934-85-0
0096	UN2055
0097	103-80-0
0097	UN2577
0098	110-86-1
0098	152758-95-7
0098	163392-20-9
0098	45410-39-7
0098	62301-32-0
0098	6999-00-4
0098	7291-22-7
0098	733733-47-6
0098	82005-06-9
0098	85404-19-9
0098	85404-20-2
0098	857961-06-9
0098	UN1282
0099	53558-25-1
0099	64060-28-2
0100	109-97-7
0100	1201695-24-0
0100	21995-14-2
0100	45361-50-0
0101	616-45-5
0102, 1489	21723-86-4
0103	92-59-1
0103	UN2274
0104	101-82-6
0105	2116-65-6
0106	100-53-8
0107	8013-52-3
0107	NA1987
0107	RR-00113-8
0107	RR-02975-4
0107	RR-19863-0
0107	RR-63434-4
0108	115-31-1
0108	55870-89-8
0108	8012-19-9
0109	371-86-8
0110	71-23-8
0110	UN1274
0111	67-63-0
0111	8013-70-5
0111	UN1219
0112	10424-38-1
0112	68928-99-4
0112	78-90-0
0112	UN2258
0113	109-76-2
0113	54018-94-9
0114	1569-02-4
0115	109-77-3
0115	144804-99-9
0115	UN2647
0116	2757-18-8
0117	463-49-0
0117	6688-91-1
0117	UN2200
0118	1663-67-8
0119	141-57-1
0119	UN1816
0120	107-34-6
0121	107-12-0
0121	UN2404
0122	123-38-6
0122	UN1275
0123	107-19-7
0124	56960-91-9
0124	74-99-7
0124	UN1060
0125	471-25-0
0126	1032826-44-0
0126	19448-61-4
0126	784139-72-6
0126	79-09-4
0126	UN1848
0126	UN3463
0127	123-62-6
0127	UN2496
0128	554-12-1
0128	UN1248
0129	2408-20-0
0130	105-37-3
0130	UN1195
0131	637-78-5
0131	UN2409
0132	540-42-1
0132	UN2394
0133	105-68-0
0134	590-01-2
0135	624-54-4
0136	591-34-4
0137	666-52-4
0137	67-64-1
0137	UN1090
0138	59182-86-4
0138	75-86-5
0138	UN1541
0139	74-98-6
0139	UN1978
0140	115-07-1
0140	33004-01-2
0140	676-63-1
0140	UN1077
0141	107-18-6
0141	UN1098
0142	870-23-5
0143	1006710-56-0
0143	107-13-1
0143	1197872-06-2
0143	1221168-60-0
0143	1309882-90-3
0143	29754-21-0
0143	63908-52-1
0143	769126-92-3
0143	769134-66-9
0143	UN1093
0144	107-02-8
0144	25314-61-8
0144	UN1092
0145	1265528-53-7
0145	1453489-99-0
0145	166941-59-9
0145	211862-52-1
0145	55927-87-2
0145	79-10-7
0145	UN2218
0146	5390-54-5
0147	102256-29-1
0147	1254182-69-8
0147	96-33-3
0147	UN1919
0148	2918-23-2
0149	1663-39-4
0149	782475-36-9
0150	140-88-5
0150	1441020-41-2
0150	UN1917
0151	106-63-8
0151	1401517-00-7
0151	UN2527
0152	159474-76-7
0152	29590-42-9
0153	126492-54-4
0153	141-32-2
0153	1453490-09-9
0153	220713-31-5
0154	1198293-68-3
0154	122775-19-3
0154	79-06-1
0154	UN2074
0155	18961-44-9
0155	18961-45-0
0155	59204-10-3
0155	75-55-8
0155	UN1921
0156	79-03-8
0156	UN1815
0157	24631-29-6
0158	3444-13-1
0159	12030-88-5
0159	UN2466
0160	12034-12-7
0160	UN2547
0161	60062-19-3
0161	6303-21-5
0162	13477-10-6
0162	UN2741
0163	104381-95-5
0163	129904-51-4
0163	1332-17-8
0163	283157-58-4
0163	56172-56-6
0163	7778-54-3
0163	8031-48-9
0163	UN1748
0163	UN2208
0163	UN2880
0164	7778-66-7
0164	8031-57-0
0165	13840-33-0
0165	142857-18-9
0165	UN1471
0166	10022-70-5
0166	102324-78-7
0166	227453-69-2
0166	56172-57-7
0166	7681-52-9
0166	8007-59-8
0167	1053658-43-7
0167	1076-43-3
0167	1173023-23-8
0167	174973-66-1
0167	54682-86-9
0167	71-43-2
0167	UN1114
0168	120-12-7
0168	1719-06-8
0169	56-36-0
0170	11004-49-2
0170	12125-33-6
0170	12427-38-2
0170	133317-06-3
0170	20316-06-7
0170	28355-56-8
0170	301-03-1
0170	UN2210
0170	UN2968
0171	1931-62-0
0171	1931-62-0
0171	1931-62-0
0171	1931-62-0
0172	1119449-41-0
0172	156457-45-3
0172	161728-27-4
0172	263005-65-8
0172	29817-79-6
0172	745765-07-5
0172	7727-37-9
0172	778548-56-4
0172	794449-54-0
0172	882528-56-5
0172	93037-13-9
0172	951778-24-8
0172	UN1066
0172	UN1977
0173	1253220-15-3
0173	26134-62-3
0173	UN2806
0174	12057-71-5
0175	260-94-6
0175	UN2713
0176	7782-39-0
0176	UN1957
0177	11000-95-6
0177	20830-75-5
0177	36-35-1
0177	39366-41-1
0177	8001-36-3
0177	8001-37-4
0177	8001-52-3
0177	82476-60-6
0178	1043877-50-4
0178	1224515-43-8
0178	1306-25-8
0178	1448522-72-2
0178	23100-72-3
0178	2984549-53-1
0178	905982-64-1
0179	556-56-9
0179	UN1723
0180	513-38-2
0181	558-17-8
0182	541-28-6
0183	540-38-5
0184	107-08-4
0185	75-30-9
0186	542-69-8
0187	513-48-4
0187	52152-71-3
0187	UN2390
0188	39377-58-7
0188	7783-33-7
0188	UN1643
0189	10034-85-2
0189	39445-43-7
0189	8014-90-2
0189	8052-26-4
0189	UN1787
0189	UN2197
0190	15385-57-6
0191	11089-41-1
0191	7790-30-9
0192	507-02-8
0192	UN1898
0193	147937-07-3
0193	1519044-66-6
0193	74-88-4
0193	865-50-9
0193	UN2644
0194	7782-68-5
0195	13446-09-8
0196	10567-69-8
0197	10031-32-0
0197	10031-33-1
0197	40563-56-2
0197	7789-80-2
0198	7790-81-0
0199	2893-83-6
0199	29183-64-0
0199	7758-05-6
0200, 0201	13455-24-8
0200, 0201	34985-89-2
0200, 0201	57916-07-1
0202	12593-78-1
0202	13765-03-2
0203	25659-29-4
0204	7681-55-2
0205	13453-60-6
0205	25659-31-8
0206	13470-01-4
0207	29515-61-5
0208	7790-37-6
0209	7783-97-3
0210	628-17-1
0211	51847-94-0
0211	64-69-7
0212	623-48-3
0213	6485-58-1
0213	75-03-6
0214	RR-00166-1
0214	UN2796
0215	RR-00167-2
0215	UN2797
0216	103059-92-3
0216	18810-58-7
0216	UN0224
0216	UN1571
0217	108592-00-3
0217	12136-89-9
0217	157302-08-4
0217	20828-18-6
0217	26628-22-8
0217	503002-54-8
0217	575502-02-2
0217	UN1687
0218	13424-46-9
0218	85941-57-7
0218	UN0129
0219	15892-23-6
0219	78-92-2
0220	2372-45-4
0221	110-60-1
0222	110-61-2
0222	191362-21-7
0223	106-99-0
0223	1213224-27-1
0223	130983-70-9
0223	183592-61-2
0224	1431867-18-3
0224	543-20-4
0225	1074-92-6
0225	1075-38-3
0225	1595-04-6
0225	1595-05-7
0225	1595-06-8
0225	1595-11-5
0225	1595-16-0
0225	1772-10-7
0225	26571-04-0
0225	27138-21-2
0225	27458-20-4
0225	36301-29-8
0225	5160-99-6
0225	5161-04-6
0225	98-51-1
0225	UN2667
0226	12788-93-1
0226	193425-34-2
0226	37203-75-1
0226	39336-01-1
0226	67167-51-5
0226	UN1718
0227	20407-74-3
0227	513-53-1
0227	52945-73-0
0227	91840-99-2
0228	7521-80-4
0228	UN1747
0229	110-69-0
0229	UN2840
0230	107-00-6
0230	UN2452
0231	503-17-3
0231	UN1144
0232	123362-54-9
0232	2028-63-9
0232	65337-13-5
0233	2051-78-7
0234	106-31-0
0234	86977-44-8
0234	UN2739
0235	540-18-1
0236	135311-02-3
0236	78-93-3
0236	UN1193
0237	105287-28-3
0237	96-29-7
0238	106-98-9
0238	1735-75-7
0238	33004-02-3
0238	54366-07-3
0239	107-01-7
0239	1735-76-8
0240	6117-91-5
0241	78-94-4
0241	UN1251
0242	627-63-4
0242	UN1780
0243	109-75-1
0244	4786-20-3
0245	123-73-9
0245	15798-64-8
0245	4170-30-3
0245	UN1143
0246	107-93-7
0246	15105-17-6
0246	3724-65-0
0246	503-64-0
0246	UN2823
0246	UN3472
0247	623-43-8
0248	623-70-1
0248	77825-56-0
0249	107461-82-5
0249	111-76-2
0249	161279-90-9
0250	11018-89-6
0250	36-06-6
0250	630-60-4
0251	11005-63-3
0252	2571-22-4
0253	1002-69-3
0253	102736-13-0
0253	112-52-7
0253	2162-98-3
0253	2350-11-0
0253	2473-03-2
0253	34214-82-9
0253	38605-30-0
0253	43090-85-3
0253	4325-51-3
0253	54059-75-5
0253	61539-83-1
0253	65950-04-1
0253	67282-23-9
0253	71011-12-6
0253	75458-21-8
0253	822-13-9
0253	85535-84-8
0254	121-57-3
0254	856062-06-1
0255	100-20-9
0255	106158-15-0
0255	108454-76-8
0255	188665-55-6
0256	98-59-9
0257	15191-25-0
0258	29025-67-0
0259	106-54-7
0260	39811-34-2
0260	39811-34-2
0261	104-40-5
0261	29832-11-9
0262	1124-31-8
0263	824-78-2
0263	89324-15-2
0264	138-42-1
0265	636-97-5
0266	100-12-9
0267	99-89-8
0268	12207-63-5
0268	UN2861
0269	104512-58-5
0269	104512-63-2
0269	104814-22-4
0269	1417997-02-4
0269	30525-89-4
0269	43094-80-0
0269	53026-80-5
0269	UN2213
0270	25852-84-0
0270	27359-92-8
0270	29543-77-9
0270	29543-78-0
0270	29543-79-1
0270	29543-80-4
0270	29543-81-5
0270	29543-82-6
0270	29543-83-7
0270	29725-17-5
0270	72007-34-2
0270	8017-16-1
0271	12135-77-2
0271	12259-92-6
0271	37243-55-3
0271	37294-69-2
0271	60581-61-5
0271	84100-68-5
0271	9046-54-2
0271	9046-55-3
0271	9062-00-4
0271	9080-17-5
0271	UN2818
0272	136677-09-3
0272	19408-74-3
0272	29446-15-9
0272	30746-58-8
0272	3268-87-9
0272	33423-92-6
0272	33857-26-0
0272	33857-28-2
0272	34465-46-8
0272	34816-53-0
0272	35822-46-9
0272	36088-22-9
0272	37871-00-4
0272	38178-38-0
0272	38964-22-6
0272	39227-28-6
0272	39227-58-2
0272	39227-61-7
0272	39227-62-8
0272	40321-76-4
0272	40581-90-6
0272	40581-91-7
0272	40581-93-9
0272	40581-94-0
0272	41903-57-5
0272	50585-39-2
0272	50585-46-1
0272	53555-02-5
0272	54536-17-3
0272	57653-85-7
0272	58200-66-1
0272	58200-67-2
0272	58200-68-3
0272	58200-69-4
0272	58200-70-7
0272	58802-08-7
0272	58802-09-8
0272	58802-51-0
0272	62470-53-5
0272	62470-54-6
0272	64461-98-9
0272	64501-00-4
0272	67028-17-5
0272	67028-18-6
0272	67028-19-7
0272	67323-56-2
0272	71665-99-1
0272	71669-23-3
0272	71669-24-4
0272	71669-25-5
0272	71669-26-6
0272	71669-27-7
0272	71669-28-8
0272	71669-29-9
0272	71925-15-0
0272	71925-16-1
0272	71925-17-2
0272	71998-76-0
0272	82291-28-9
0272	82291-34-7
0272	82291-35-8
0272	82291-36-9
0272	82291-37-0
0272	82291-38-1
0272	82306-65-8
0273	136677-10-6
0273	24478-72-6
0273	24478-73-7
0273	24478-74-8
0273	30402-14-3
0273	30402-15-4
0273	38998-75-3
0273	39001-02-0
0273	43047-99-0
0273	43048-00-6
0273	51207-31-9
0273	5409-83-6
0273	54589-71-8
0273	55673-89-7
0273	55684-94-1
0273	57117-32-5
0273	57117-33-6
0273	57117-34-7
0273	57117-35-8
0273	57117-36-9
0273	57117-37-0
0273	57117-38-1
0273	57117-39-2
0273	57117-40-5
0273	57117-41-6
0273	57117-42-7
0273	57117-43-8
0273	57117-44-9
0273	58802-14-5
0273	58802-15-6
0273	58802-16-7
0273	58802-17-8
0273	58802-18-9
0273	58802-19-0
0273	58802-20-3
0273	58802-21-4
0273	60390-27-4
0273	60851-34-5
0273	62615-08-1
0273	64126-85-8
0273	64126-86-9
0273	64126-87-0
0273	64560-13-0
0273	64560-14-1
0273	64560-15-2
0273	64560-16-3
0273	64560-17-4
0273	66794-59-0
0273	67517-48-0
0273	67562-39-4
0273	67562-40-7
0273	69433-00-7
0273	69698-57-3
0273	69698-58-4
0273	69698-59-5
0273	69698-60-8
0273	70648-13-4
0273	70648-14-5
0273	70648-15-6
0273	70648-16-7
0273	70648-18-9
0273	70648-19-0
0273	70648-20-3
0273	70648-21-4
0273	70648-22-5
0273	70648-23-6
0273	70648-24-7
0273	70648-25-8
0273	70648-26-9
0273	70872-82-1
0273	71998-72-6
0273	71998-73-7
0273	71998-74-8
0273	71998-75-9
0273	72918-21-9
0273	74918-40-4
0273	74992-97-5
0273	74992-98-6
0273	75198-38-8
0273	75627-02-0
0273	76621-12-0
0273	79060-60-9
0273	81638-37-1
0273	82911-58-8
0273	82911-59-9
0273	82911-60-2
0273	82911-61-3
0273	83636-47-9
0273	83690-98-6
0273	83704-21-6
0273	83704-22-7
0273	83704-23-8
0273	83704-24-9
0273	83704-25-0
0273	83704-26-1
0273	83704-27-2
0273	83704-28-3
0273	83704-29-4
0273	83704-30-7
0273	83704-31-8
0273	83704-32-9
0273	83704-33-0
0273	83704-34-1
0273	83704-35-2
0273	83704-36-3
0273	83704-37-4
0273	83704-38-5
0273	83704-39-6
0273	83704-40-9
0273	83704-41-0
0273	83704-42-1
0273	83704-43-2
0273	83704-44-3
0273	83704-45-4
0273	83704-46-5
0273	83704-47-6
0273	83704-48-7
0273	83704-49-8
0273	83704-50-1
0273	83704-51-2
0273	83704-52-3
0273	83704-53-4
0273	83704-54-5
0273	83704-55-6
0273	83710-07-0
0273	83719-40-8
0273	89059-46-1
0273	91538-83-9
0273	91538-84-0
0273	92341-04-3
0273	92341-05-4
0273	92341-06-5
0273	92341-07-6
0273	94538-00-8
0273	94538-01-9
0273	94538-02-0
0273	94570-83-9
0274	11096-82-5
0274	11097-69-1
0274	11100-14-4
0274	11104-28-2
0274	11141-16-5
0274	12672-29-6
0274	12674-11-2
0274	12737-87-0
0274	13029-08-8
0274	1336-36-3
0274	15862-07-4
0274	15968-05-5
0274	16605-91-7
0274	16606-02-3
0274	18259-05-7
0274	2050-67-1
0274	2050-68-2
0274	2051-24-3
0274	2051-60-7
0274	2051-61-8
0274	2136-99-4
0274	2437-79-8
0274	25323-68-6
0274	25429-29-2
0274	25512-42-9
0274	25569-80-6
0274	26601-64-9
0274	26914-33-0
0274	27323-18-8
0274	28655-71-2
0274	2974-90-5
0274	2974-92-7
0274	31472-83-0
0274	31508-00-6
0274	32598-10-0
0274	32598-11-1
0274	32598-12-2
0274	32598-13-3
0274	32598-14-4
0274	32690-93-0
0274	32774-16-6
0274	33025-41-1
0274	33091-17-7
0274	33146-45-1
0274	33284-50-3
0274	33284-52-5
0274	33284-53-6
0274	33284-54-7
0274	33979-03-2
0274	34883-39-1
0274	34883-41-5
0274	34883-43-7
0274	35065-27-1
0274	35065-28-2
0274	35065-29-3
0274	35065-30-6
0274	35693-92-6
0274	35693-99-3
0274	35694-04-3
0274	35694-06-5
0274	35694-08-7
0274	36559-22-5
0274	37317-41-2
0274	37324-23-5
0274	37353-63-2
0274	37680-65-2
0274	37680-66-3
0274	37680-68-5
0274	37680-69-6
0274	37680-73-2
0274	38379-99-6
0274	38380-01-7
0274	38380-02-8
0274	38380-03-9
0274	38380-04-0
0274	38380-05-1
0274	38380-07-3
0274	38380-08-4
0274	38411-22-2
0274	38411-25-5
0274	38444-73-4
0274	38444-76-7
0274	38444-77-8
0274	38444-78-9
0274	38444-81-4
0274	38444-84-7
0274	38444-85-8
0274	38444-86-9
0274	38444-87-0
0274	38444-88-1
0274	38444-90-5
0274	38444-93-8
0274	39485-83-1
0274	39635-31-9
0274	39635-32-0
0274	39635-33-1
0274	39635-34-2
0274	39635-35-3
0274	40186-70-7
0274	40186-71-8
0274	40186-72-9
0274	41411-61-4
0274	41411-62-5
0274	41411-63-6
0274	41411-64-7
0274	41464-39-5
0274	41464-40-8
0274	41464-41-9
0274	41464-42-0
0274	41464-43-1
0274	41464-46-4
0274	41464-47-5
0274	41464-48-6
0274	41464-49-7
0274	41464-51-1
0274	42740-50-1
0274	51908-16-8
0274	52663-58-8
0274	52663-59-9
0274	52663-60-2
0274	52663-61-3
0274	52663-62-4
0274	52663-63-5
0274	52663-64-6
0274	52663-65-7
0274	52663-66-8
0274	52663-67-9
0274	52663-68-0
0274	52663-69-1
0274	52663-70-4
0274	52663-71-5
0274	52663-72-6
0274	52663-73-7
0274	52663-74-8
0274	52663-75-9
0274	52663-76-0
0274	52663-77-1
0274	52663-78-2
0274	52663-79-3
0274	52704-70-8
0274	52712-04-6
0274	52712-05-7
0274	52744-13-5
0274	53469-21-9
0274	53555-66-1
0274	53742-07-7
0274	54230-22-7
0274	55215-17-3
0274	55215-18-4
0274	55312-69-1
0274	55702-45-9
0274	55702-46-0
0274	55712-37-3
0274	55720-44-0
0274	55722-26-4
0274	56030-56-9
0274	56558-16-8
0274	56558-17-9
0274	56558-18-0
0274	57465-28-8
0274	59291-64-4
0274	59291-65-5
0274	60145-20-2
0274	60145-21-3
0274	60145-22-4
0274	60145-23-5
0274	60233-24-1
0274	60233-25-2
0274	61798-70-7
0274	62796-65-0
0274	65510-44-3
0274	65510-45-4
0274	68194-04-7
0274	68194-05-8
0274	68194-06-9
0274	68194-07-0
0274	68194-08-1
0274	68194-09-2
0274	68194-10-5
0274	68194-11-6
0274	68194-12-7
0274	68194-13-8
0274	68194-14-9
0274	68194-15-0
0274	68194-16-1
0274	68194-17-2
0274	69782-90-7
0274	69782-91-8
0274	7012-37-5
0274	70362-41-3
0274	70362-45-7
0274	70362-46-8
0274	70362-47-9
0274	70362-48-0
0274	70362-49-1
0274	70362-50-4
0274	70424-67-8
0274	70424-68-9
0274	70424-69-0
0274	70424-70-3
0274	73575-52-7
0274	73575-53-8
0274	73575-54-9
0274	73575-55-0
0274	73575-56-1
0274	73575-57-2
0274	74338-23-1
0274	74338-24-2
0274	74472-33-6
0274	74472-34-7
0274	74472-35-8
0274	74472-36-9
0274	74472-37-0
0274	74472-38-1
0274	74472-39-2
0274	74472-40-5
0274	74472-41-6
0274	74472-42-7
0274	74472-43-8
0274	74472-44-9
0274	74472-45-0
0274	74472-46-1
0274	74472-47-2
0274	74472-48-3
0274	74472-49-4
0274	74472-50-7
0274	74472-51-8
0274	74472-52-9
0274	74472-53-0
0274	74487-85-7
0274	76842-07-4
0274	80333-65-9
0274	UN2315
0274	UN3432
0275	61788-33-8
0276	101-55-3
0276	103173-66-6
0276	113152-37-7
0276	113172-79-5
0276	115633-92-6
0276	1163-19-5
0276	116995-32-5
0276	116995-33-6
0276	117948-63-7
0276	117964-21-3
0276	1240017-47-3
0276	132405-96-0
0276	134206-43-2
0276	139598-16-6
0276	147217-71-8
0276	147217-72-9
0276	147217-73-0
0276	147217-74-1
0276	147217-75-2
0276	147217-76-3
0276	147217-77-4
0276	147217-78-5
0276	147217-79-6
0276	147217-80-9
0276	147217-81-0
0276	155999-95-4
0276	1620837-31-1
0276	1620837-33-3
0276	1620837-35-5
0276	1620837-37-7
0276	1620837-38-8
0276	171977-44-9
0276	182346-21-0
0276	182677-30-1
0276	189084-57-9
0276	189084-59-1
0276	189084-60-4
0276	189084-61-5
0276	189084-62-6
0276	189084-63-7
0276	189084-64-8
0276	189084-65-9
0276	189084-66-0
0276	189084-67-1
0276	2050-47-7
0276	218304-36-0
0276	243982-82-3
0276	31153-30-7
0276	32536-52-0
0276	327185-09-1
0276	337513-53-8
0276	337513-54-9
0276	337513-55-0
0276	337513-56-1
0276	337513-66-3
0276	337513-67-4
0276	337513-68-5
0276	337513-72-1
0276	337513-75-4
0276	337513-77-6
0276	337513-82-3
0276	35854-94-5
0276	36563-47-0
0276	366791-32-4
0276	407606-55-7
0276	407606-57-9
0276	41318-75-6
0276	437701-78-5
0276	437701-79-6
0276	446254-14-4
0276	446254-15-5
0276	446254-16-6
0276	446254-17-7
0276	446254-18-8
0276	446254-19-9
0276	446254-20-2
0276	446254-21-3
0276	446254-22-4
0276	446254-23-5
0276	446254-24-6
0276	446254-25-7
0276	446254-26-8
0276	446254-27-9
0276	446254-28-0
0276	446254-29-1
0276	446254-30-4
0276	446254-31-5
0276	446254-32-6
0276	446254-33-7
0276	446254-34-8
0276	446254-35-9
0276	446254-36-0
0276	446254-37-1
0276	446254-38-2
0276	446254-39-3
0276	446254-40-6
0276	446254-41-7
0276	446254-42-8
0276	446254-43-9
0276	446254-45-1
0276	446254-48-4
0276	446254-50-8
0276	446255-38-5
0276	446255-39-6
0276	446255-42-1
0276	446255-43-2
0276	446255-46-5
0276	446255-50-1
0276	446255-54-5
0276	446255-56-7
0276	46438-88-4
0276	49690-94-0
0276	51452-87-0
0276	51930-04-2
0276	53563-56-7
0276	5436-43-1
0276	56958-48-6
0276	60348-60-9
0276	63387-28-0
0276	63936-56-1
0276	65075-08-3
0276	67797-09-5
0276	6876-00-2
0276	6903-63-5
0276	7025-06-1
0276	82458-12-6
0276	83694-71-7
0276	85446-17-9
0276	90193-67-2
0276	93703-48-1
0276	RR-88853-9
0276	RR-88854-0
0277	83-32-9
0278	RR-14870-9
0279	90640-80-5
0279	90640-80-5
0280	2407-94-5
0280	RR-58678-7
0281	41935-39-1
0281	41935-39-1
0282	186354-95-0
0282	2238-07-5
0283	3034-79-5
0284	1195388-85-2
0284	139411-96-4
0284	70-30-4
0284	8054-98-6
0284	UN2875
0285	117663-11-3
0285	RR-01800-8
0286	1179814-34-6
0286	298-07-7
0287	3851-87-4
0287	3851-87-4
0287	3851-87-4
0287, 0919	3851-87-4
0288, 2001	1705-60-8
0288, 2001	1705-60-8
0289	895-85-2
0290	15520-11-3
0290	15520-11-3
0291	130256-60-9
0291	1309923-74-7
0291	1327562-35-5
0291	158516-79-1
0291	162430-36-6
0291	172672-50-3
0291	470676-56-3
0291	52737-96-9
0291	54578-37-9
0291	72514-48-8
0291	80-51-3
0291	81775-94-2
0291	88528-25-0
0292	36536-42-2
0293	542-88-1
0293	UN2249
0294	32315-10-9
0295	12701-77-8
0295	12701-77-8
0295	12701-77-8
0295	12701-77-8
0295	12701-77-8
0295	12701-77-8
0295	12701-77-8
0295	129510-85-6
0295	129510-85-6
0295	129510-85-6
0295	129510-85-6
0295	129510-85-6
0295	129510-85-6
0295	129510-85-6
0295	25061-02-3
0295	25061-02-3
0295	25061-02-3
0295	25061-02-3
0295	25061-02-3
0295	25061-02-3
0295	25061-02-3
0295	62534-34-3
0295	62534-34-3
0295	62534-34-3
0295	62534-34-3
0295	62534-34-3
0295	62534-34-3
0295	62534-34-3
0295	6731-36-8
0295	6731-36-8
0295	6731-36-8
0295	6731-36-8
0295	6731-36-8
0295	6731-36-8
0295	6731-36-8
0295	849676-64-8
0295	849676-64-8
0295	849676-64-8
0295	849676-64-8
0295	849676-64-8
0295	849676-64-8
0295	849676-64-8
0295	86857-22-9
0295	86857-22-9
0295	86857-22-9
0295	86857-22-9
0295	86857-22-9
0295	86857-22-9
0295	86857-22-9
0296	4262-61-7
0296	4262-61-7
0297	55794-20-2
0297	55794-20-2
0297	55794-20-2
0298	2167-23-9
0299	3006-86-8
0299	3006-86-8
0299	3006-86-8
0299	3006-86-8
0299	3006-86-8
0299	3006-86-8
0299	3006-86-8
0299	3006-86-8
0300	RR-131070-9
0301	134115-67-6
0301	134115-67-6
0301	134115-67-6
0301	2155-71-7
0301	2155-71-7
0301	2155-71-7
0302	67567-23-1
0303	118129-39-8
0303	13653-62-8
0304	101-14-4
0304	126699-69-2
0304	142661-36-7
0304	29371-14-0
0304	51065-07-7
0304	78642-65-6
0304	913092-91-8
0305	56-18-8
0305	UN2269
0306	12236-56-5
0306	85898-88-0
0306	95-80-7
0306	UN1709
0307	124688-01-3
0307	156031-30-0
0307	33379-31-6
0307	62488-19-1
0307	95-70-5
0308	823-40-5
0309	46310-07-0
0309	56481-94-8
0309	92-87-5
0309	UN1885
0310	7803-54-5
0310	UN2004
0311	1135443-74-1
0311	122-39-4
0312	587-84-8
0313	578-94-9
0313	UN1698
0314	155684-38-1
0314	80-10-4
0314	UN1769
0315	1666-13-3
0316	1337-09-3
0316	587-85-9
0317	12125-47-2
0317	156580-59-5
0317	2536-05-2
0317	26447-40-5
0317	28515-38-0
0317	327155-87-3
0317	5873-54-1
0317	65916-89-4
0318	101-68-8
0318	1211266-59-9
0318	1211316-64-1
0318	1220313-65-4
0318	1400594-70-8
0318	142690-07-1
0318	1533423-48-1
0318	153986-89-1
0318	1588489-56-8
0318	201528-77-0
0318	2031250-39-0
0318	2056146-02-0
0318	53633-14-0
0318	55157-41-0
0318	57460-66-9
0318	77090-48-3
0318	88001-94-9
0318	97568-33-7
0319	712-48-1
0319	UN1699
0319	UN3450
0320	555-54-4
0321	82-66-6
0322	776-74-9
0322	UN1770
0323	530-50-7
0324	122-66-7
0325	18414-36-3
0325	UN2434
0326	111-47-7
0327	6380-34-3
0328	7774-29-0
0329	103883-81-4
0329	75-11-6
0330	594839-00-6
0330	613-29-6
0331	1204812-53-2
0331	1245941-87-0
0331	125199-87-3
0331	1542381-47-4
0331	1702279-08-0
0331	1702279-15-9
0331	185915-28-0
0331	2056906-49-9
0331	211990-09-9
0331	358-50-9
0331	70620-28-9
0331	7428-79-7
0331	77-58-7
0331	8028-83-9
0332	683-18-1
0333	144377-64-0
0333	695165-22-1
0333	818-08-6
0334	78-34-2
0335	453-13-4
0336	367-11-3
0337	372-18-9
0338	540-36-3
0339	8065-71-2
0340	7783-41-7
0340	UN2190
0341	75-10-5
0341	UN3252
0342	13779-41-4
0342	UN1768
0343	71281-71-5
0343	75-37-6
0343	UN1030
0344	1272398-81-8
0344	75-38-7
0344	UN1959
0345	RR-108520-7
0346	121-46-0
0346	27236-36-8
0346	UN2251
0347	101-83-7
0347	111487-88-8
0347	111487-93-5
0347	111522-94-2
0347	157973-63-2
0347	856793-27-6
0347	UN2565
0348	26747-93-3
0349	1738-25-6
0350	52-85-7
0351	RR-14876-5
0352	342009-25-0
0352	79-44-7
0352	UN2262
0353	622-68-4
0354	124-40-3
0354	124-40-3
0354	2876-06-4
0354	2876-06-4
0354	UN1160
0354	UN1160
0355	56004-61-6
0355	95-47-6
0356	108-38-3
0357	106-42-3
0358	1330-20-7
0358	56004-61-6
0358	8026-09-3
0358	UN1307
0359	526-75-0
0360	105-67-9
0361	145929-31-3
0361	50356-12-2
0361	95-87-4
0362	1363408-62-1
0362	28449-96-9
0362	50356-22-4
0362	576-26-1
0363	95-65-8
0364	108-68-9
0364	50356-23-5
0365	37333-09-8
0365	50924-44-2
0365	52-68-6
0365	56042-25-2
0365	66758-31-4
0366	11095-17-3
0366	11096-21-2
0366	11111-31-2
0366	11126-72-0
0366	116788-91-1
0366	12772-40-6
0366	55819-32-4
0366	62-73-7
0366	62139-95-1
0366	62655-59-8
0366	8023-22-1
0366	8072-21-7
0366	8072-39-7
0366	8076-16-2
0366	95828-55-0
0367	243464-31-5
0367	298-01-1
0367	338-45-4
0367	7786-34-7
0368	109-55-7
0368	1190921-64-2
0368	68497-58-5
0369	766-15-4
0370	15176-21-3
0371	627-58-7
0372	764-13-6
0373	563-78-0
0374	13052-09-0
0374	189641-40-5
0374	855526-88-4
0375	RR-01755-0
0376, 0380	1068-27-5
0376, 0380	1068-27-5
0376, 0380	1068-27-5
0376, 0380	151768-59-1
0376, 0380	151768-59-1
0376, 0380	151768-59-1
0376, 0380	261178-83-0
0376, 0380	261178-83-0
0376, 0380	261178-83-0
0377	105521-59-3
0377	105521-59-3
0377	105521-59-3
0377	105521-59-3
0377	105521-59-3
0377	109603-45-4
0377	109603-45-4
0377	109603-45-4
0377	109603-45-4
0377	109603-45-4
0377	118093-18-8
0377	118093-18-8
0377	118093-18-8
0377	118093-18-8
0377	118093-18-8
0377	138427-60-8
0377	138427-60-8
0377	138427-60-8
0377	138427-60-8
0377	138427-60-8
0377	139352-38-8
0377	139352-38-8
0377	139352-38-8
0377	139352-38-8
0377	139352-38-8
0377	143637-29-0
0377	143637-29-0
0377	143637-29-0
0377	143637-29-0
0377	143637-29-0
0377	158049-62-8
0377	158049-62-8
0377	158049-62-8
0377	158049-62-8
0377	158049-62-8
0377	162535-20-8
0377	162535-20-8
0377	162535-20-8
0377	162535-20-8
0377	162535-20-8
0377	1628689-99-5
0377	1628689-99-5
0377	1628689-99-5
0377	1628689-99-5
0377	1628689-99-5
0377	180513-58-0
0377	180513-58-0
0377	180513-58-0
0377	180513-58-0
0377	180513-58-0
0377	184247-21-0
0377	184247-21-0
0377	184247-21-0
0377	184247-21-0
0377	184247-21-0
0377	186467-25-4
0377	186467-25-4
0377	186467-25-4
0377	186467-25-4
0377	186467-25-4
0377	64366-72-9
0377	64366-72-9
0377	64366-72-9
0377	64366-72-9
0377	64366-72-9
0377	78-63-7
0377	78-63-7
0377	78-63-7
0377	78-63-7
0377	78-63-7
0377	80237-87-2
0377	80237-87-2
0377	80237-87-2
0377	80237-87-2
0377	80237-87-2
0377	860310-58-3
0377	860310-58-3
0377	860310-58-3
0377	860310-58-3
0377	860310-58-3
0378	3025-88-5
0379	2618-77-1
0379	2618-77-1
0379	2618-77-1
0381	563-79-1
0382	17974-04-8
0382	21059-09-6
0382	4630-76-6
0382	6399-67-3
0382	66-81-9
0383	2738-18-3
0384	565-80-0
0385	3254-63-5
0386	116047-10-0
0386	1910-42-5
0386	2074-50-2
0386	4685-14-7
0387	119-93-7
0388	1085-98-9
0389	300-76-5
0389	53095-31-1
0390	55-38-9
0391	298-00-0
0391	37359-35-6
0391	63653-66-7
0392	7700-17-6
0393	141-66-2
0394	6923-22-4
0394	83857-41-4
0395	13171-21-6
0396	11114-31-1
0396	80210-09-9
0396	950-37-8
0397	2587-90-8
0398	640-15-3
0399	54182-73-9
0399	86-50-0
0400	1113-02-6
0401	144-41-2
0402	732-11-6
0403	2642-71-9
0404	11096-67-6
0404	11130-60-2
0404	121-75-5
0404	12737-19-8
0404	12767-62-3
0404	141263-96-9
0404	75513-83-6
0405	315-18-4
0405	39373-86-9
0406	2032-59-9
0407, 1491	135072-82-1
0408	1165-48-6
0409	18413-17-7
0409	22259-30-9
0409	23422-53-9
0409	26445-73-8
0410	926-64-7
0410	UN2378
0411	87-59-2
0412	95-68-1
0413	95-78-3
0414	1123533-24-3
0414	87-62-7
0415	95-64-7
0416	108-69-0
0417	121-69-7
0417	162744-63-0
0417	168153-21-7
0417	171745-67-8
0418	1300-73-8
0418	UN1711
0418	UN3452
0419	6613-44-1
0420	108-47-4
0421	589-93-5
0422	108-48-5
0423	583-58-4
0424	591-22-0
0425	103-83-3
0425	59125-51-8
0425	UN2619
0426	926-63-6
0426	UN2266
0427	3179-63-3
0428	598-98-1
0429	463-82-1
0429	UN2044
0430	108-09-8
0430	54548-48-0
0431	108-84-9
0431	155749-22-7
0431	UN1233
0432	75-83-2
0433	79-29-8
0433	UN2457
0434	950-35-6
0435	10138-17-7
0435	25136-55-4
0435	766-20-1
0435	872-98-0
0435	RR-64106-5
0435	UN2707
0436	75-78-5
0436	UN1162
0437	202756-41-0
0437	78-62-6
0437	UN2380
0438	625-86-5
0439	1071-26-7
0440	3074-71-3
0441	2213-23-2
0442	2216-30-0
0443	4032-86-4
0444	922-28-1
0445	926-82-9
0446	1068-19-5
0447	130254-81-8
0447	205657-42-7
0447	75496-03-6
0447	98-94-2
0448	590-66-9
0449	2207-01-4
0449	583-57-3
0449	6876-23-9
0450	2207-03-6
0450	591-21-9
0450	638-04-0
0451	2207-04-7
0451	589-90-2
0451	624-29-3
0452	1638-26-2
0453	2452-99-5
0454	2453-00-1
0455	590-73-8
0456	584-94-1
0457	589-43-5
0458	563-16-6
0459	583-48-2
0460	114057-15-7
0460	15175-63-0
0460	15175-77-6
0460	33513-42-7
0460	68-12-2
0461	57-14-7
0461	88733-28-2
0461	UN1163
0462	540-73-8
0462	UN2382
0463	2524-03-0
0463	UN2267
0464	97-97-2
0465	141-91-3
0466	2999-74-8
0467	106-58-1
0467	352546-66-8
0467	766445-14-1
0467	802009-52-5
0468	124-65-2
0468	6131-99-3
0468	63665-22-5
0468	UN1688
0469	32749-94-3
0470	590-35-2
0471	565-59-3
0472	108-08-7
0473	562-49-2
0474	5117-16-8
0475	544-97-8
0476	108-01-0
0476	116134-09-9
0476	156681-25-3
0476	UN2051
0477	151677-70-2
0477	431-03-8
0477	UN2346
0478	108-16-7
0478	53657-16-2
0479	115-10-6
0479	157621-61-9
0479	451449-67-5
0479	UN1033
0480	11126-73-1
0480	58114-73-1
0480	75-60-5
0480	8073-10-7
0480	UN1572
0481	101324-33-8
0481	1194719-36-2
0481	525584-40-1
0481	57-24-9
0481	6899-11-2
0481	854644-96-5
0481	875538-26-4
0481	900786-57-4
0481	936009-28-8
0481	UN1692
0482	1989-53-3
0483	77-76-9
0484	109-87-5
0484	UN1234
0485	119-90-4
0485	59777-10-5
0486	101324-32-7
0486	1087723-67-8
0486	1195340-33-0
0486	1195623-19-8
0486	145428-94-0
0486	193198-03-7
0486	357-57-3
0486	462651-43-0
0486	54193-32-7
0486	5892-11-5
0486	70206-61-0
0486	UN1570
0487	534-15-6
0487	UN2377
0488	110-71-4
0488	173201-80-4
0488	UN2252
0489	100-73-2
0489	102265-26-9
0489	77890-80-3
0489	UN2607
0490	107760-16-7
0490	275363-11-6
0490	45737-84-6
0490	54335-17-0
0490	77-73-6
0490	UN2048
0491	56940-56-8
0491	722-27-0
0492	624-92-0
0492	UN2381
0493	12039-13-3
0493	891482-48-7
0493	UN3174
0494	355120-85-3
0494	75-15-0
0494	UN1131
0495	12299-46-6
0495	7488-56-4
0495	UN2657
0496	117-80-6
0497	594-72-9
0497	UN2650
0498	148584-48-9
0498	96-23-1
0498	UN2750
0499	10075-38-4
0499	7415-31-8
0499	926-57-8
0500	110-57-6
0500	1476-11-5
0500	764-41-0
0501	95-50-1
0501	UN1591
0502	541-73-1
0503	608-27-5
0504	554-00-7
0505	95-82-9
0506	51225-19-5
0506	608-31-1
0507	95-76-1
0508	626-43-7
0509	27134-27-6
0509	UN1590
0509	UN3442
0510	576-24-9
0511	120-83-2
0512	583-78-8
0513	87-65-0
0514	95-77-2
0515	5836-73-7
0516	27137-85-5
0516	28514-68-3
0516	UN1766
0517	89-75-8
0518	120-36-5
0518	7547-66-2
0519	102-47-6
0520	513-88-2
0521	534-07-6
0521	UN2649
0522	26198-63-0
0522	78-87-5
0522	UN1279
0523	142-28-9
0524	563-54-2
0524	6923-20-2
0524	7069-38-7
0525	10061-01-5
0525	10061-02-6
0525	542-75-6
0525	68525-58-6
0525	8022-76-2
0526	78-88-6
0527	110-56-5
0528	1256919-17-1
0528	185009-39-6
0528	62185-71-1
0528	75-71-8
0528	UN1028
0529	56275-41-3
0529	UN2602
0530	623-46-1
0531	111-44-4
0531	92091-28-6
0531	UN1916
0532	4109-96-0
0532	438546-17-9
0532	UN2189
0533	644-97-3
0533	UN2798
0534	10545-99-0
0534	39461-36-4
0535	563-43-9
0535	845524-94-9
0536	95-73-8
0537	19398-61-9
0538	118-69-4
0539	95-75-0
0540	98-87-3
0540	UN1886
0541	1665-00-5
0541	75-09-2
0541	UN1593
0542	91-94-1
0543	463-71-8
0543	UN2474
0544	87-56-9
0545	76-14-2
0545	UN1958
0546	628-76-2
0547	3209-22-1
0548	611-06-3
0549	89-61-2
0550	99-54-7
0551	39289-28-6
0551	75-43-4
0551	UN1029
0552	3018-12-0
0553	42428-47-7
0553	79-43-6
0553	UN1764
0554	116-54-1
0554	UN2299
0555	535-15-9
0556	75-34-3
0556	UN2362
0557	107-06-2
0557	52399-93-6
0557	UN1184
0558	75-35-4
0558	UN1303
0559	156-59-2
0559	156-60-5
0559	540-59-0
0559	UN1150
0560	79-36-7
0560	UN1765
0561	108-60-1
0561	52438-91-2
0561	UN2490
0562	2782-57-2
0562	76162-35-1
0562	UN2465
0563	110-65-6
0563	UN2716
0564	128-91-6
0565	51-43-4
0565	51028-73-0
0566	111-42-2
0566	8033-73-6
0567	4733-50-0
0568	1563-66-2
0569	25512-65-6
0570	84-58-2
0571	53220-22-7
0571	53220-22-7
0572	80-12-6
0573	110-05-4
0573	110-05-4
0573	62534-71-8
0573	62534-71-8
0574	16580-06-6
0575	15667-10-4
0576	10508-09-5
0577	13319-75-0
0577	UN2851
0578	3138-42-9
0579	124-02-7
0579	1263263-74-6
0579	UN2359
0580	538-08-9
0581	132879-26-6
0581	592-88-1
0582	557-40-4
0582	UN2360
0583	96-91-3
0583	UN3317
0584	63868-82-6
0584	UN0236
0584	UN1517
0585	831-52-7
0585	89324-33-4
0585	UN0235
0585	UN1349
0586	528-29-0
0587	99-65-0
0588	100-25-4
0589	1309774-70-6
0589	97-02-9
0590	606-22-4
0591	618-87-1
0592	25550-58-7
0592	25550-58-7
0592	577-71-9
0592	577-71-9
0592	586-11-8
0592	586-11-8
0592	66-56-8
0592	66-56-8
0592	71629-74-8
0592	71629-74-8
0592	UN0076
0592	UN0076
0592	UN1320
0592	UN1320
0592	UN1599
0592	UN1599
0593	51-28-5
0594	329-71-5
0595	573-56-8
0596	1134-85-6
0596	14314-69-3
0596	32581-06-9
0596	35040-03-0
0596	5308-71-4
0596	6365-83-9
0596	71750-45-3
0596	7668-65-7
0596	RR-00263-1
0596	UN0077
0596	UN1321
0597	1011-73-0
0597	89488-60-8
0598	1656-44-6
0599	119-27-7
0600	99-33-2
0601	119-26-6
0602	6125-21-9
0603	595-49-3
0604	961-68-2
0605	RR-14852-7
0606	55510-04-8
0607	121-14-2
0608	606-20-2
0609	519-44-8
0610	38094-35-8
0611	2980-64-5
0611	UN1843
0611	UN3424
0612	5787-96-2
0613	2312-76-7
0613	UN0234
0613	UN1348
0613	UN3369
0614	25641-53-6
0615	610-57-1
0616	605-71-0
0617	602-38-0
0618	605-69-6
0619	101836-92-4
0619	887-79-6
0620	5405-53-8
0621	1238304-32-9
0621	28655-69-8
0621	4682-03-5
0621	7008-81-3
0621	90030-95-8
0621	UN0074
0622	25109-57-3
0622	UN2648
0623	1689-84-5
0624	583-53-9
0625	615-57-6
0626	3638-73-1
0627	120575-45-3
0627	78-75-1
0628	75-61-6
0628	UN1941
0629	74-95-3
0629	UN2664
0630	106-93-4
0630	22581-63-1
0630	56729-21-6
0630	625084-37-9
0630	8003-07-4
0630	UN1605
0631	109-64-8
0631	625084-38-0
0632	133-55-1
0633	105-12-4
0633	25550-55-4
0633	7259-71-4
0633	7617-57-4
0633	UN0406
0634	118-02-5
0635	101-25-7
0635	1234867-32-3
0635	42617-17-4
0635	42617-18-5
0635	50337-90-1
0635	52229-98-8
0635	85605-18-1
0636	1078151-43-5
0636	111-40-0
0636	203009-17-0
0636	26915-78-6
0636	419553-44-9
0636	53303-76-7
0636	54018-92-7
0636	59135-90-9
0636	73989-30-7
0636	8076-55-9
0636	859039-00-2
0636	94700-17-1
0636	98824-35-2
0636	UN2079
0637	10102-44-0
0637	119990-11-3
0637	127999-62-6
0637	56003-83-9
0637	66252-28-6
0637	78246-05-6
0637	UN1067
0638	298-18-0
0639	12396-99-5
0639	7446-09-5
0639	8014-94-6
0639	83008-56-4
0639	89125-89-3
0639	UN1079
0640	1002158-67-9
0640	10049-04-4
0640	1014743-76-0
0640	1018807-91-4
0640	1333-81-9
0640	1428979-52-5
0640	155808-17-6
0640	24518-47-6
0640	56310-06-6
0640	69049-77-0
0640	70134-37-1
0640	70377-94-5
0640	72061-90-6
0640	74296-11-0
0640	744149-53-9
0640	77546-17-9
0640	77546-18-0
0640	807261-60-5
0640	93085-22-4
0640	NA9191
0641	1309-60-0
0641	60525-54-4
0641	UN1872
0642	1053656-66-8
0642	1053659-60-1
0642	1202865-27-7
0642	124-38-9
0642	18923-20-1
0642	957761-35-2
0642	UN1013
0643	11116-34-0
0643	11130-46-4
0643	37281-50-8
0643	51837-98-0
0643	8070-50-6
0643	UN1041
0643	UN1952
0643	UN3300
0644	8063-77-2
0645	12397-00-1
0645	7446-08-4
0646	646-06-0
0646	UN1166
0647	123-91-1
0647	17647-74-4
0647	28347-88-8
0647	28347-91-3
0647	39449-24-6
0647	54841-74-6
0647	UN1165
0648	102388-58-9
0648	78-53-5
0649	100-35-6
0650	109-89-7
0650	1637232-73-5
0650	UN1154
0651	66492-77-1
0651	693-21-0
0651	UN0075
0652	104-78-9
0652	UN2684
0653	84-95-7
0654	947-02-4
0654	99910-17-5
0654	99910-18-6
0655	12643-22-0
0655	947-33-1
0655	950-10-7
0656	21548-32-3
0656	68335-14-8
0657	67329-01-5
0658	126-75-0
0658	298-03-3
0658	34624-53-8
0658	8000-97-3
0658	8058-73-9
0658	8065-48-3
0659	56-72-4
0660	299-45-6
0661	311-45-5
0662	110616-89-2
0662	11111-91-4
0662	56-38-2
0662	8057-70-3
0663	4824-78-6
0664	RR-14768-2
0665	18708-86-6
0665	18708-87-7
0665	470-90-6
0665	8018-06-2
0665	8067-67-2
0666	21923-23-9
0666	51052-59-6
0666	60238-56-4
0667	297-97-2
0667	30917-36-3
0668	13593-03-8
0668	37331-41-2
0668	54511-12-5
0669	2275-14-1
0670	10311-84-9
0671	2497-07-6
0672	298-04-4
0673	115-90-2
0674	786-19-6
0675	3270-86-8
0676	298-02-2
0677	2275-18-5
0678	3734-95-0
0679	24934-91-6
0679	37209-29-3
0680	13071-79-9
0681	2588-03-6
0682	140-80-7
0682	67459-49-8
0682	UN2946
0683	617-83-4
0684	135-01-3
0685	141-93-5
0686	105-05-5
0687	91-66-7
0687	UN2432
0688	15972-60-8
0689	213334-39-5
0689	613-48-9
0690	95-06-7
0691	1719-53-5
0691	UN1767
0692	627-44-1
0693	1615-80-1
0694	2728-04-3
0695	1081841-50-0
0695	2524-04-1
0695	UN2751
0696	557-18-6
0697	627-53-2
0698	13497-77-3
0698	557-20-0
0699	100-36-7
0700	100-37-8
0700	102802-00-6
0700	UN2686
0701	352-93-2
0701	UN2375
0702	109-93-3
0702	UN1167
0703	3054-95-3
0703	UN2374
0704	462-95-3
0704	UN2373
0705	105-57-7
0705	UN1088
0706	1051915-25-3
0706	108-18-9
0706	UN1158
0707	110-97-4
0707	1141787-00-9
0707	1335-54-2
0708	39291-71-9
0708	741-58-2
0709	107-56-2
0709	32474-89-8
0709	39384-04-8
0710	1200454-07-4
0710	7087-68-5
0711	96-80-0
0712	110-96-3
0712	UN2361
0713	108-83-8
0713	958635-42-2
0713	UN1157
0714	544-01-4
0715	27215-10-7
0715	30556-15-1
0715	UN1902
0716	142-84-7
0716	UN2383
0717	16066-38-9
0717	16066-38-9
0718	111-92-2
0718	UN2248
0719	102-81-8
0719	UN2873
0720	16215-49-9
0720	16215-49-9
0720	16215-49-9
0721	2050-92-2
0721	UN2841
0722	626-23-3
0723	17107-61-8
0723	8014-95-7
0723	UN1831
0724	52583-42-3
0725	12055-09-3
0725	37309-13-0
0725	UN2863
0726	12593-87-2
0726	14293-78-8
0726	15597-27-0
0726	52514-44-0
0727	1402-38-6
0728	1402-51-3
0728	1402-58-0
0728	50-76-0
0729	110-00-9
0729	UN2389
0730	1262335-14-7
0730	98-00-0
0730	UN2874
0731	527-69-5
0732	13981-56-1
0732	16984-48-8
0732	28077-97-6
0732	719993-31-4
0732	7782-41-4
0732	UN1045
0733	70-34-8
0734	348-54-9
0735	372-19-0
0736	371-40-4
0737	462-06-6
0737	UN2387
0738	25496-08-6
0738	UN2388
0739	12021-97-5
0739	1358567-57-3
0739	1449279-30-4
0739	16923-95-8
0739	76560-79-7
0740	1202864-64-9
0740	12672-67-2
0740	1309-45-1
0740	16961-83-4
0740	UN1778
0741	1309-32-6
0741	16919-19-0
0742	12655-98-0
0742	1309-97-3
0742	1320337-71-0
0742	16871-90-2
0742	1796558-39-8
0742	792949-74-7
0742	UN2655
0743	1202391-51-2
0743	12656-12-1
0743	1310-02-7
0743	1344-04-3
0743	1360896-72-5
0743	16893-85-9
0743	221174-64-7
0743	39413-34-8
0743	UN2674
0744	102089-31-6
0744	12125-01-8
0744	124633-37-0
0744	1256490-43-3
0744	133332-88-4
0744	153985-02-5
0744	15818-75-4
0744	16099-75-5
0744	161288-32-0
0744	178115-94-1
0744	204322-87-2
0744	215303-13-2
0744	357290-87-0
0744	502760-32-9
0744	70786-97-9
0744	950196-00-6
0744	UN2505
0745	75013-56-8
0745	7787-32-8
0746	15298-38-1
0746	7783-64-4
0747	7790-79-6
0748	7788-97-8
0748	UN1756
0748	UN1757
0749	7783-39-3
0750	10026-18-3
0751	13455-21-5
0751	165892-23-9
0751	59217-74-2
0751	7789-23-3
0751	UN1812
0751	UN3422
0752	12592-31-3
0752	13709-38-1
0752	31287-64-6
0752	37346-91-1
0753	14885-65-5
0753	17409-87-9
0753	7789-24-4
0754	39287-69-9
0754	59217-75-3
0754	67112-29-2
0754	7681-49-4
0754	UN1690
0754	UN3415
0755	106496-44-0
0755	1493800-25-1
0755	2098815-17-7
0755	7783-46-2
0756	32057-09-3
0756	326604-75-5
0756	7664-39-3
0756	UN1052
0756	UN1790
0757	120144-37-8
0757	1257076-06-4
0757	127026-25-9
0757	1341-49-7
0757	135446-53-6
0757	14055-61-9
0757	159431-44-4
0757	1628788-89-5
0757	16941-26-7
0757	19121-60-9
0757	52697-21-9
0757	7790-15-0
0757	96740-33-9
0757	UN1727
0757	UN2817
0758	1187680-46-1
0758	12020-82-5
0758	140406-37-7
0758	144705-55-5
0758	161403-69-6
0758	18623-82-0
0758	59111-23-8
0758	65086-44-4
0758	70876-63-0
0758	7789-29-9
0758	863982-24-5
0758	UN1811
0758	UN3421
0759	1333-83-1
0759	17097-13-1
0759	70876-64-1
0759	7783-37-1
0759	UN2439
0760	13446-74-7
0760	16422-67-6
0760	59217-76-4
0761	13400-13-0
0761	59217-72-0
0762	7789-19-7
0763	73640-07-0
0763	7783-49-5
0764	10026-17-2
0764	13817-37-3
0765	1086196-04-4
0765	7789-21-1
0765	UN1777
0766	95-52-3
0767	352-70-5
0768	2199-97-5
0768	352-32-9
0769	102801-15-0
0769	1519044-65-5
0769	593-53-3
0769	UN2454
0770	13537-32-1
0771	102931-96-4
0771	1056477-09-8
0771	1178564-64-1
0771	122141-73-5
0771	1262801-47-7
0771	127408-00-8
0771	1303-67-9
0771	133097-00-4
0771	133951-38-9
0771	13767-36-7
0771	140148-87-4
0771	1414852-51-9
0771	1631149-30-8
0771	16872-11-0
0771	172515-29-6
0771	172908-18-8
0771	183135-74-2
0771	191665-41-5
0771	350009-05-1
0771	36835-64-0
0771	496925-14-5
0771	547767-06-6
0771	65814-43-9
0771	67116-13-6
0771	72802-72-3
0771	74618-51-2
0771	81586-24-5
0771	845825-70-9
0771	900178-90-7
0771	96958-96-2
0771	UN1775
0772	36422-95-4
0773	14486-19-2
0773	41113-59-1
0774	13814-96-5
0774	13814-96-5
0774	35254-34-3
0774	35254-34-3
0775	10379-90-5
0775	13826-88-5
0775	14283-93-3
0775	15819-03-1
0775	19708-89-5
0775	27860-83-9
0776	14104-20-2
0776	1423809-66-8
0776	44236-30-8
0777	14874-86-3
0777	16166-89-5
0778	13871-27-7
0779	10028-20-3
0779	1167055-09-5
0779	12022-03-6
0779	12206-83-6
0779	16924-00-8
0780	144-49-0
0780	7574-44-9
0780	9074-77-5
0780	UN2642
0781	2343-36-4
0782	23745-86-0
0782	UN2628
0783	453-18-9
0784	62-74-8
0784	UN2629
0785	459-72-3
0786	353-36-6
0786	UN2453
0787	75-02-5
0787	UN1860
0788	640-19-7
0789	13966-05-7
0789	13966-05-7
0789	14092-95-6
0789	14092-95-6
0789	14391-99-2
0789	14391-99-2
0789	7440-70-2
0789	7440-70-2
0789	8047-59-4
0789	8047-59-4
0789	UN1401
0789	UN1401
0789	UN1855
0789	UN1855
0790	11091-65-9
0790	11125-27-2
0790	12042-65-8
0790	12043-47-9
0790	12049-73-9
0790	12133-32-3
0790	1305-84-6
0790	37248-62-7
0790	RR-12214-5
0790	RR-14674-7
0790	RR-15876-9
0791	13573-15-4
0792	130-39-2
0792	15825-70-4
0792	UN0133
0793	10450-60-9
0794	13446-11-2
0795	13718-58-6
0796	11128-53-3
0796	26139-25-3
0796	7790-21-8
0797	7790-28-5
0798	101200-37-7
0798	101200-37-7
0798	101200-37-7
0798	102278-63-7
0798	102278-63-7
0798	102278-63-7
0798	106644-01-3
0798	106644-01-3
0798	106644-01-3
0798	111341-24-3
0798	111341-24-3
0798	111341-24-3
0798	119630-46-5
0798	119630-46-5
0798	119630-46-5
0798	139339-89-2
0798	139339-89-2
0798	139339-89-2
0798	143171-41-9
0798	143171-41-9
0798	143171-41-9
0798	153389-31-2
0798	153389-31-2
0798	153389-31-2
0798	200863-18-9
0798	200863-18-9
0798	200863-18-9
0798	47999-51-9
0798	47999-51-9
0798	47999-51-9
0798	7601-90-3
0798	7601-90-3
0798	7601-90-3
0798	766444-83-1
0798	766444-83-1
0798	766444-83-1
0798	845752-15-0
0798	845752-15-0
0798	845752-15-0
0798	90149-16-9
0798	90149-16-9
0798	90149-16-9
0798	92785-38-1
0798	92785-38-1
0798	92785-38-1
0798	957554-95-9
0798	957554-95-9
0798	957554-95-9
0798	95912-44-0
0798	95912-44-0
0798	95912-44-0
0798	95998-58-6
0798	95998-58-6
0798	95998-58-6
0798	UN1802
0798	UN1802
0798	UN1802
0798	UN1873
0798	UN1873
0798	UN1873
0799	1124383-17-0
0799	13777-04-3
0799	19166-97-3
0799	222532-79-8
0799	28499-39-0
0799	53026-82-7
0799	642089-67-6
0799	7790-98-9
0799	87110-01-8
0799	UN0402
0799	UN1442
0800	10294-39-0
0800	13465-95-7
0800	156021-15-7
0800	UN1447
0800	UN3406
0801	101200-37-7
0801	102278-63-7
0801	106644-01-3
0801	111341-24-3
0801	119630-46-5
0801	139339-89-2
0801	143171-41-9
0801	153389-31-2
0801	200863-18-9
0801	47999-51-9
0801	7601-90-3
0801	766444-83-1
0801	845752-15-0
0801	90149-16-9
0801	92785-38-1
0801	957554-95-9
0801	95912-44-0
0801	95998-58-6
0801	UN1802
0801	UN1873
0802	13477-36-6
0802	UN1455
0803	7778-74-7
0803	UN1489
0804	13453-78-6
0804	14124-98-2
0804	69102-67-6
0804	7791-03-9
0804	885623-91-6
0805	10034-81-8
0805	1189671-44-0
0805	13446-19-0
0805	18716-62-6
0805	30298-04-5
0805	74913-43-2
0805	UN1475
0806	7601-89-0
0806	7791-07-3
0806	UN1502
0807	13453-62-8
0807	13637-76-8
0807	207500-00-3
0807	UN1470
0807	UN3408
0808	13450-97-0
0808	UN1508
0809	13520-69-9
0810	12587-98-3
0810	14242-05-8
0810	331717-44-3
0810	7783-93-9
0811	7787-36-2
0811	UN1448
0812	10118-76-0
0812	UN1456
0813	7722-64-7
0813	UN1490
0814	10101-50-5
0814	10102-36-0
0814	1236208-18-6
0814	79048-36-5
0814	UN1503
0815	23414-72-4
0815	UN1515
0816	7783-98-4
0817	14109-32-1
0817	14336-66-4
0817	14336-68-6
0817	14709-52-5
0817	15139-70-5
0817	30905-38-5
0817	378253-44-2
0817	378253-45-3
0817	378253-46-4
0817	7440-43-9
0817	RR-17718-4
0818	14489-25-9
0818	UN2240
0819	7789-00-6
0820	10034-82-9
0820	7775-11-3
0821	14216-88-7
0822	181768-98-9
0822	7758-97-6
0822	8049-64-7
0823	11115-74-5
0823	199384-58-2
0823	237391-94-5
0823	24934-60-9
0823	7738-94-5
0823	9044-10-4
0824	1189-85-1
0825	646-20-8
0826	1885-40-1
0826	629-08-3
0826	73833-76-8
0827	628-71-7
0828	111-14-8
0829	110-43-0
0829	UN1110
0830	106-35-4
0831	123-19-3
0831	UN2710
0832	592-76-7
0833	592-77-8
0834	14686-14-7
0834	592-78-9
0834	7642-10-6
0835	123720-03-6
0835	13981-51-6
0835	13982-78-0
0835	149038-91-5
0835	15064-97-8
0835	15116-82-2
0835	15756-15-7
0835	378782-04-8
0835	378782-05-9
0835	378782-08-2
0835	378782-18-4
0835	51887-47-9
0835	7439-97-6
0835	8030-64-6
0835	8031-27-4
0835	92355-34-5
0835	92786-62-4
0835	UN2809
0836	15271-41-7
0837	14276-49-4
0837	15092-72-5
0837	152284-21-4
0837	157383-37-4
0837	160371-18-6
0837	17375-03-0
0837	71536-23-7
0837	72516-01-9
0837	72516-02-0
0837	72516-03-1
0837	7440-21-3
0837	90337-93-2
0837	UN1346
0838	12013-56-8
0839	12013-55-7
0839	389805-88-3
0840	1313-07-1
0840	22831-39-6
0840	310402-17-6
0840	39404-03-0
0840	UN2624
0841	68848-64-6
0842	57485-31-1
0842	57485-31-1
0843	12205-44-6
0843	UN2844
0844	10099-76-0
0844	11120-22-2
0844	12627-67-7
0844	12673-46-0
0844	176547-68-5
0844	62010-25-7
0845	1239977-99-1
0845	1421840-08-5
0845	78-10-4
0845	827300-06-1
0845	UN1292
0846	64082-35-5
0846	UN2830
0847	12003-41-7
0847	UN1395
0848	111-19-3
0849	106996-53-6
0849	12707-29-8
0849	1304-02-5
0849	17702-41-9
0849	27340-43-8
0849	52340-09-7
0849	UN1868
0850	872-05-9
0851	398469-95-9
0851	7727-54-0
0851	UN1444
0852	1001387-46-7
0852	106015-10-5
0852	7727-21-1
0852	UN1492
0853	16111-62-9
0853	16111-62-9
0853	16111-62-9
0853	16111-62-9
0853	16123-82-3
0853	16123-82-3
0853	16123-82-3
0853	16123-82-3
0854	52373-74-7
0855	52238-68-3
0856	3313-92-6
0857	78350-78-4
0857	78350-78-4
0857	RR-106290-4
0857	RR-106290-4
0858	7775-27-1
0858	UN1505
0859	7616-94-6
0859	UN3083
0860	10332-33-9
0860	10486-00-7
0860	10486-00-7
0860	11130-13-5
0860	11138-47-9
0860	125022-34-6
0860	13517-20-9
0860	15120-21-5
0860	15768-95-3
0860	37244-98-7
0860	37280-76-5
0860	7632-04-4
0860	UN3247
0861	110972-57-1
0862	130097-36-8
0863	26748-41-4
0863	53712-43-9
0864	13122-18-4
0864	13122-18-4
0864	13122-18-4
0864	153302-08-0
0864	153302-08-0
0864	153302-08-0
0865	614-45-9
0865	614-45-9
0865	614-45-9
0866	23474-91-1
0867	1304-29-6
0867	16678-58-3
0867	55396-27-5
0867	61233-09-8
0867	UN1449
0868	4511-39-1
0869	3248-28-0
0870	133-14-2
0870	133-14-2
0870	133-14-2
0870	88161-11-9
0870	88161-11-9
0870	88161-11-9
0871	282727-82-6
0872	RR-131051-6
0873	1071717-87-7
0873	1071717-87-7
0873	94-17-7
0873	94-17-7
0874	117989-71-6
0874	117989-71-6
0874	117989-71-6
0874	117989-71-6
0874	117989-71-6
0874	117989-71-6
0874	117989-71-6
0874	117989-71-6
0874	117989-71-6
0874	117989-71-6
0874	117989-71-6
0874	132323-44-5
0874	132323-44-5
0874	132323-44-5
0874	132323-44-5
0874	132323-44-5
0874	132323-44-5
0874	132323-44-5
0874	132323-44-5
0874	132323-44-5
0874	132323-44-5
0874	132323-44-5
0874	143928-58-9
0874	143928-58-9
0874	143928-58-9
0874	143928-58-9
0874	143928-58-9
0874	143928-58-9
0874	143928-58-9
0874	143928-58-9
0874	143928-58-9
0874	143928-58-9
0874	143928-58-9
0874	37370-29-9
0874	37370-29-9
0874	37370-29-9
0874	37370-29-9
0874	37370-29-9
0874	37370-29-9
0874	37370-29-9
0874	37370-29-9
0874	37370-29-9
0874	37370-29-9
0874	37370-29-9
0874	94-36-0
0874	94-36-0
0874	94-36-0
0874	94-36-0
0874	94-36-0
0874	94-36-0
0874	94-36-0
0874	94-36-0
0874	94-36-0
0874	94-36-0
0874	94-36-0
0875	762-12-9
0876	123-23-9
0876	123-23-9
0876	1341-76-0
0876	1341-76-0
0877	2614-76-8
0878	52326-66-6
0879	2144-45-8
0880	14666-78-5
0881	105-64-6
0881	105-64-6
0881	105-64-6
0882	110-22-5
0883	188070-59-9
0883	188070-59-9
0883	209969-79-9
0883	209969-79-9
0883	246180-99-4
0883	246180-99-4
0883	478016-94-3
0883	478016-94-3
0883	80-43-3
0883	80-43-3
0883	82322-57-4
0883	82322-57-4
0883	88161-12-0
0883	88161-12-0
0883	945614-06-2
0883	945614-06-2
0884	3437-84-1
0884	3437-84-1
0885	105-74-8
0885	105-74-8
0886	762-13-0
0887	762-16-3
0888	12049-69-3
0888	1305-79-9
0888	55396-25-3
0888	61976-87-2
0888	UN1457
0889	78-18-2
0889	78-18-2
0889	78-18-2
0889	RR-58677-6
0889	RR-58677-6
0889	RR-58677-6
0890	11118-65-3
0891	1175509-65-5
0891	1175509-65-5
0891	1175509-65-5
0891	1338-23-4
0891	1338-23-4
0891	1338-23-4
0891	1403779-89-4
0891	1403779-89-4
0891	1403779-89-4
0891	37228-09-4
0891	37228-09-4
0891	37228-09-4
0891	37332-21-1
0891	37332-21-1
0891	37332-21-1
0891	37364-68-4
0891	37364-68-4
0891	37364-68-4
0891	39386-16-8
0891	39386-16-8
0891	39386-16-8
0891	50927-89-4
0891	50927-89-4
0891	50927-89-4
0891	9042-65-3
0891	9042-65-3
0891	9042-65-3
0891	99676-02-5
0891	99676-02-5
0891	99676-02-5
0891	UN3101
0891	UN3101
0891	UN3101
0891	UN3105
0891	UN3105
0891	UN3105
0891	UN3107
0891	UN3107
0891	UN3107
0892	182893-11-4
0893	28056-59-9
0894	17014-71-0
0894	UN1491
0895	12031-80-0
0895	55248-03-8
0895	UN1472
0896	15042-77-0
0897	1335-26-8
0898	1313-60-6
0898	55248-04-9
0898	UN1504
0899	12263-76-2
0899	124-43-6
0899	12772-89-3
0899	1360537-36-5
0899	37211-55-5
0899	UN1511
0900	93-59-4
0901	80-47-7
0902	121535-48-6
0902	121535-48-6
0902	123203-75-8
0902	123203-75-8
0902	153859-50-8
0902	153859-50-8
0902	166090-88-6
0902	166090-88-6
0902	2212-81-9
0902	2212-81-9
0902	25155-25-3
0902	25155-25-3
0902	2781-00-2
0902	2781-00-2
0902	33296-61-6
0902	33296-61-6
0902	38783-19-6
0902	38783-19-6
0902	53801-36-8
0902	53801-36-8
0902	868236-23-1
0902	868236-23-1
0902	95974-93-9
0902	95974-93-9
0903	218625-72-0
0903	37355-84-3
0903	66554-50-5
0903	7722-84-1
0903	8007-30-5
0903	UN2014
0903	UN2015
0903	UN2984
0904	75-91-2
0904	75-91-2
0904	75-91-2
0904	75-91-2
0905	771-29-9
0906	79568-78-8
0906	79568-78-8
0906	80-15-9
0906	80-15-9
0907	RR-01751-6
0908	3457-61-2
0908	3457-61-2
0909	54693-46-8
0910	1314-18-7
0910	UN1509
0911	1161851-82-6
0911	121525-84-6
0911	1226792-00-2
0911	15630-89-4
0911	205368-25-8
0911	701915-52-8
0911	701915-53-9
0911	81677-18-1
0911	82728-90-3
0911	861998-94-9
0911	89140-31-8
0911	90569-69-0
0911	UN3378
0912	1314-22-3
0912	170904-51-5
0912	UN1516
0913	26748-38-9
0913	26748-38-9
0914	228415-62-1
0915	644-31-5
0916	313989-52-5
0916	313989-52-5
0916	37187-22-7
0916	37187-22-7
0916	59141-20-7
0916	59141-20-7
0917	37206-20-5
0917	37232-19-2
0917	37307-66-7
0917	58318-13-1
0918	2388-12-7
0919	3851-87-4
0920	156858-77-4
0920	156858-77-4
0920	156858-77-4
0920	26748-47-0
0920	26748-47-0
0920	26748-47-0
0921	23383-59-7
0922	22288-41-1
0923	155420-96-5
0923	2372-21-6
0924	1561-49-5
0924	1561-49-5
0924	1561-49-5
0924	19244-48-5
0924	19244-48-5
0924	19244-48-5
0925	19910-65-7
0925	19910-65-7
0926	232259-02-8
0926	232259-02-8
0926	79-21-0
0926	79-21-0
0926	89370-71-8
0926	89370-71-8
0927	107-71-1
0927	107-71-1
0927	107-71-1
0928	11017-26-8
0928	1329-65-3
0928	28932-86-7
0928	35-98-3
0928	507-60-8
0929	494798-31-1
0929	7440-59-7
0929	UN1046
0929	UN1963
0930	RR-00297-1
0930	UN1043
0931	12002-19-6
0931	UN1639
0932	14596-37-3
0932	15749-66-3
0932	29879-37-6
0932	7723-14-0
0932	UN1338
0932	UN1381
0932	UN2447
0933	100-46-9
0933	857483-23-9
0933	858831-93-3
0934	16178-66-8
0934	50815-03-7
0934	581-64-6
0934	93211-81-5
0934	93930-11-1
0935	2516-33-8
0936	151821-32-8
0936	75-19-4
0936	UN1027
0937	287-23-0
0937	UN2601
0938	544-25-2
0938	UN2603
0939	502-42-1
0940	291-64-5
0940	UN2241
0941	628-92-2
0941	UN2242
0942	108-91-8
0942	143247-75-0
0942	1533423-50-5
0942	157973-60-9
0942	UN2357
0943	694-83-7
0944	33004-09-0
0944	592-57-4
0945	33004-08-9
0945	56481-79-9
0945	628-41-1
0946	7058-01-7
0947	108314-12-1
0947	123789-16-2
0947	12640-76-5
0947	3129-91-7
0947	75635-31-3
0947	85531-00-6
0947	856577-72-5
0947	UN2687
0948	1569-69-3
0948	UN3054
0949	98-12-4
0949	UN1763
0950	1678-98-4
0951	1678-93-9
0952	1006-03-7
0952	108-94-1
0952	UN1915
0953	110-82-7
0953	1735-17-7
0953	UN1145
0954	110-83-8
0954	33004-06-7
0954	UN2256
0955	930-68-7
0956	10137-69-6
0957	121-82-4
0957	121-82-4
0957	204655-61-8
0957	204655-61-8
0957	50579-23-2
0957	50579-23-2
0957	53800-53-6
0957	53800-53-6
0957	57608-45-4
0957	57608-45-4
0957	82030-42-0
0957	82030-42-0
0957	UN0072
0957	UN0072
0957	UN0483
0957	UN0483
0958	RR-02797-4
0958	UN0391
0959	67713-16-0
0959	UN0393
0960	12795-62-9
0960	66173-67-9
0960	8065-53-0
0961	121631-13-8
0961	121631-13-8
0961	141615-54-5
0961	141615-54-5
0961	2691-41-0
0961	2691-41-0
0961	5222-46-8
0961	5222-46-8
0961	66038-26-4
0961	66038-26-4
0961	66745-90-2
0961	66745-90-2
0961	97956-01-9
0961	97956-01-9
0961	UN0226
0961	UN0226
0961	UN0484
0961	UN0484
0962	124633-46-1
0962	57607-37-1
0963	161279-65-8
0963	51806-61-2
0963	61789-51-3
0963	UN2001
0964	12001-85-3
0965	1003-03-8
0966	96-41-3
0966	UN2244
0967	26912-33-4
0967	542-92-7
0968	120-92-3
0968	UN2245
0969	287-92-3
0969	UN1146
0970	142-29-0
0970	33004-05-6
0970	UN2246
0971	1700-10-3
0971	3806-59-5
0972	111-78-4
0972	1552-12-1
0973	629-20-9
0973	UN2358
0974	292-64-8
0975	21395-82-4
0975	931-87-3
0976	103729-45-9
0976	765-34-4
0976	UN2622
0977	4016-11-9
0977	UN2752
0978	122-60-1
0978	66527-93-3
0979	16033-71-9
0979	75-56-9
0979	UN1280
0980	106-88-7
0980	55555-96-9
0980	UN3022
0981	142175-32-4
0981	184288-32-2
0981	19034-08-3
0981	37341-05-2
0981	436859-78-8
0981	75-21-8
0981	99932-75-9
0981	UN1040
0982	RR-02872-8
0982	UN2983
0983	10458-11-4
0983	470-82-6
0983	8024-52-0
0983	8024-53-1
0983	855347-23-8
0984	63951-45-1
0985	RR-03955-4
0985	UN3342
0986	141-01-5
0986	871-44-3
0987	68606-38-2
0988	RR-14368-0
0989	19779-06-7
0990	124-09-4
0990	UN1783
0991	111-69-3
0991	55462-97-0
0991	UN2205
0992	592-48-3
0993	592-45-0
0994	41919-05-5
0994	592-42-7
0995	592-46-1
0996	111-50-2
0997	928-65-4
0997	UN1784
0998	628-73-9
0999	111-31-9
1000	693-02-7
1001	764-35-2
1002	928-49-4
1003	142-62-1
1003	53896-26-7
1003	UN2829
1004	591-78-6
1005	589-38-8
1006	153522-12-4
1006	33004-04-5
1006	592-41-6
1006	UN2370
1007	4050-45-7
1007	592-43-8
1007	7688-21-3
1008	10138-60-0
1009	109-49-9
1010	142-61-0
1011	103842-90-6
1011	103842-90-6
1011	108736-71-6
1011	108736-71-6
1011	53025-84-6
1011	53025-84-6
1011	78-11-5
1011	78-11-5
1011	UN3344
1011	UN3344
1012	8066-33-9
1012	UN0151
1013	13982-22-4
1013	14119-08-5
1013	14119-09-6
1013	14391-74-3
1013	15034-51-2
1013	15757-14-9
1013	16922-44-4
1013	7440-55-3
1013	UN2803
1014	1053657-77-4
1014	108-88-3
1014	1124-18-1
1014	1202864-97-8
1014	1603-99-2
1014	2037-26-5
1014	UN1294
1015	1260158-01-7
1015	1358624-38-0
1015	584-84-9
1015	59539-76-3
1015	856307-56-7
1015	86-91-9
1016	137091-34-0
1016	91-08-7
1017	104213-33-4
1017	110681-06-6
1017	1186289-23-5
1017	1204229-13-9
1017	1204746-08-6
1017	1211316-67-4
1017	1321-39-7
1017	1326716-94-2
1017	136154-22-8
1017	1421949-89-4
1017	1422250-41-6
1017	1422343-79-0
1017	1432062-26-4
1017	25321-34-0
1017	26471-62-5
1017	29033-29-2
1017	50853-47-9
1017	50985-24-5
1017	71215-63-9
1017	72214-34-7
1017	80498-23-3
1017	89698-92-0
1018	496-74-2
1019	137-06-4
1020	108-40-7
1021	106-45-6
1022	1173023-83-0
1022	14742-26-8
1022	1849-29-2
1022	54841-71-3
1022	67-56-1
1022	811-98-3
1022	UN1230
1023	865-33-8
1024	124-41-4
1024	1633026-84-2
1024	27419-20-1
1024	879636-47-2
1024	UN1431
1025	124-41-4
1025	1633026-84-2
1025	27419-20-1
1025	879636-47-2
1025	UN1431
1026	95-48-7
1027	108-39-4
1028	106-44-5
1029	116804-25-2
1029	1319-77-3
1029	52037-47-5
1029	8003-33-6
1029	8006-62-0
1029	8026-94-6
1029	8027-16-5
1029	UN2022
1029	UN2076
1029	UN3455
1030	7803-62-5
1030	UN2203
1031	78-79-5
1031	78006-92-5
1031	823271-95-0
1031	UN1218
1032	2439-01-2
1033	78-83-1
1033	UN1212
1034	513-44-0
1035	137-32-6
1035	34713-94-5
1036	123-51-3
1037	110549-12-7
1037	1878-18-8
1037	20089-07-0
1038	541-31-1
1039	563-46-2
1039	UN2459
1040	563-45-1
1040	UN2561
1041	65-30-5
1042	26293-22-1
1042	591-47-9
1043	693-89-0
1044	105-30-6
1044	17092-54-5
1045	104758-85-2
1045	25663-45-0
1045	77-75-8
1046	763-29-1
1047	760-20-3
1048	691-37-2
1049	75-65-0
1050	75-85-4
1051	1517-66-4
1051	1572-93-6
1051	598-75-4
1051	70116-68-6
1052	1679-09-0
1053	52325-52-7
1053	563-80-4
1053	UN2397
1054	513-35-9
1054	UN2460
1055	110-12-3
1055	UN2302
1056	590-36-3
1056	UN2560
1057	108-11-2
1057	20281-88-3
1057	40747-85-1
1057	72847-31-5
1057	UN2053
1058	565-61-7
1059	108-10-1
1059	1338234-91-5
1059	UN1245
1060	625-27-4
1061	922-61-2
1062	4461-48-7
1063	105-29-3
1063	UN2705
1064	1074-43-7
1065	115-19-5
1065	140705-79-9
1065	67539-62-2
1065	946073-41-2
1066	20281-90-7
1066	565-67-3
1067	77-74-7
1068	565-69-5
1069	141-79-7
1069	UN1229
1070	609-26-7
1071	37359-43-6
1071	53240-95-2
1071	534-52-1
1071	8068-73-3
1071	8071-51-0
1071	UN1598
1072	1074-55-1
1073	104-90-5
1073	UN2300
1074	120-71-8
1075	136511-07-4
1075	136799-44-5
1075	16752-77-5
1075	19928-35-9
1075	19928-37-1
1075	22224-93-7
1076	24353-61-5
1077	21609-90-5
1077	73270-49-2
1078	99675-03-3
1079	10265-92-6
1079	115182-35-9
1080	23135-22-0
1081	116-06-3
1082	39196-18-4
1083	95-53-4
1084	108-44-1
1085	106-49-0
1085	12221-03-3
1086	100-61-8
1086	UN2294
1087	149-74-6
1087	155684-41-6
1087	199330-98-8
1087	UN2437
1088	13323-81-4
1088	98-85-1
1088	UN2937
1089	529-19-1
1090	620-22-4
1091	104-85-8
1092	622-97-9
1093	109-06-8
1093	45505-34-8
1093	82005-07-0
1094	108-99-6
1094	82005-08-1
1095	108-89-4
1095	82005-09-2
1095	92075-35-9
1096	108-34-9
1097	13890-81-8
1097	13890-82-9
1097	16760-37-5
1097	54-11-5
1097	551-13-3
1097	6912-85-2
1097	74555-91-2
1097	UN1654
1098	89-92-9
1099	937-40-6
1100	557-17-5
1100	UN2612
1101	126-98-7
1101	UN3079
1102	78-85-3
1102	UN2396
1103	1338439-16-9
1103	463311-95-7
1103	562836-84-4
1103	79-41-4
1103	UN2531
1104	114975-29-0
1104	124942-19-4
1104	134946-66-0
1104	141303-14-2
1104	1453489-76-3
1104	1534343-35-5
1104	155280-46-9
1104	2867-47-2
1104	303040-91-7
1104	44919-97-3
1104	68224-31-7
1104	874217-11-5
1104	874217-12-6
1104	UN2522
1105	1196968-39-4
1105	1227277-87-3
1105	162221-54-7
1105	220713-32-6
1105	35233-69-3
1105	80-62-6
1105	874217-13-7
1105	UN1247
1106	36336-92-2
1107	96-05-9
1108	97-63-2
1108	UN2277
1109	266675-13-2
1109	97-86-9
1109	UN2283
1110	1151915-97-7
1110	1310566-97-2
1110	1343477-79-1
1110	159172-35-7
1110	55922-77-5
1110	97-88-1
1110	UN2227
1111	30685-43-9
1112	8065-36-9
1113	590-86-3
1114	1326305-74-1
1114	64741-70-4
1114	68923-44-4
1114	78-78-4
1114	92046-46-3
1115	75-54-7
1115	UN1242
1116	534-22-5
1116	UN2301
1117	592-27-8
1118	116502-43-3
1118	589-81-1
1119	589-53-7
1120	1331-23-3
1120	15963-35-6
1120	15963-37-8
1120	19043-02-8
1120	19043-03-9
1120	23068-71-5
1120	24965-90-0
1120	24965-92-2
1120	24965-94-4
1120	25639-42-3
1120	50538-78-8
1120	5454-79-5
1120	583-59-5
1120	589-91-3
1120	590-67-0
1120	591-23-1
1120	615-38-3
1120	624-32-8
1120	7443-52-9
1120	7443-55-2
1120	7443-70-1
1120	7731-28-4
1120	7731-29-5
1120	UN2617
1121	1331-22-2
1121	13368-65-5
1121	22554-27-4
1121	22554-29-6
1121	24965-87-5
1121	583-60-8
1121	589-92-4
1121	591-24-2
1121	UN2297
1122	108-87-2
1122	UN2296
1123	26519-91-5
1124	96-37-7
1124	UN2298
1125	1129867-34-0
1125	115449-98-4
1125	125756-91-4
1125	44209-64-5
1125	44209-72-5
1125	62203-24-1
1125	75-75-2
1125	87128-90-3
1125	98527-29-8
1126	124-63-0
1126	UN3246
1127	116502-45-5
1127	589-34-4
1127	6131-24-4
1127	78918-91-9
1128	60-34-4
1129	91-63-4
1130	491-35-0
1131	91-62-3
1132	612-60-2
1133	611-32-5
1134	993-00-0
1134	UN2534
1135	109-02-4
1135	205657-43-8
1135	UN2535
1136	90-12-0
1137	91-57-6
1138	109-05-7
1138	3000-79-1
1139	53152-98-0
1139	626-56-2
1140	626-58-4
1141	139252-84-9
1141	626-67-5
1141	UN2399
1142	122526-47-0
1142	31506-32-8
1143	616-44-4
1144	175446-71-6
1144	75-79-6
1144	UN1250
1145	2031-67-6
1146	20324-26-9
1147	75-97-8
1148	1634-04-4
1148	UN2398
1149	74069-67-3
1149	96-47-9
1150	20281-86-1
1150	626-93-7
1151	54363-49-4
1151	926-56-7
1152	542-54-1
1153	123-15-9
1153	53531-14-9
1153	69685-10-5
1153	82043-22-9
1153	UN2367
1154	107-83-5
1155	96-14-0
1156	513-42-8
1156	UN2614
1157	75-16-1
1157	UN1928
1158	107-25-5
1158	UN1087
1159	591-76-4
1160	99-87-6
1161	814-78-8
1161	UN1246
1162	1721-93-3
1163	1125-80-0
1164	1196-39-0
1165	62882-01-3
1166	42398-73-2
1167	54004-38-5
1168	62882-00-2
1169	110-68-9
1169	UN2945
1170	628-28-4
1170	UN2350
1171	505027-72-5
1171	63933-47-1
1171	74-93-1
1171	UN1064
1172	75-18-3
1172	956465-01-3
1172	UN1164
1173	1053659-79-2
1173	112068-71-0
1173	1156543-56-4
1173	1158237-02-5
1173	1227476-28-9
1173	1416946-65-0
1173	1609158-91-9
1173	1664-98-8
1173	50-00-0
1173	8005-38-7
1173	8006-07-3
1173	8013-13-6
1174	56960-31-7
1175	1016316-60-1
1175	64-18-6
1175	67382-92-7
1175	8006-93-7
1175	82069-14-5
1175	920-42-3
1175	925-94-0
1175	UN1779
1176	4351-54-6
1177	1053659-55-4
1177	107-31-3
1177	1173023-73-8
1177	UN1243
1178	1838-59-1
1178	UN2336
1179	992-98-3
1180	109-94-4
1180	UN1190
1181	625-55-8
1182	542-55-2
1182	UN2393
1183	110-45-2
1184	110-74-7
1185	592-84-7
1185	UN1128
1186	629-33-4
1187	638-49-3
1188	131452-56-7
1188	558-20-3
1188	74-82-8
1188	UN1971
1189	558-25-8
1190	RR-112173-9
1191	107-70-0
1191	UN2293
1192	90-04-0
1193	536-90-3
1193	918666-97-4
1194	104-94-9
1194	1619933-04-8
1195	100-07-2
1196	101-69-9
1196	1312763-39-5
1196	1350912-98-9
1196	197571-85-0
1197	4435-53-4
1198	6290-49-9
1199	110-49-6
1199	UN1189
1200	6427-21-0
1200	UN2605
1201	540-67-0
1201	UN1039
1202	11017-04-2
1202	35523-89-8
1202	51938-46-6
1202	55803-44-6
1203	13966-00-2
1203	14378-21-3
1203	14378-22-4
1203	14903-02-7
1203	15706-41-9
1203	31079-13-7
1203	7440-09-7
1203	UN2257
1204	37340-23-1
1205	12056-29-0
1205	RR-01337-6
1205	UN1420
1205	UN3403
1206	11135-81-2
1206	UN1422
1206	UN3404
1207	188665-61-4
1207	99-63-8
1208	108-73-6
1208	6099-90-7
1209	98-47-5
1210	618-45-1
1211	37237-15-3
1211	RR-00123-0
1211	UN1392
1211	UN3402
1212	1537199-53-3
1213	13453-15-1
1214	RR-11451-2
1215	13967-71-0
1215	13967-71-0
1215	13981-27-6
1215	13981-27-6
1215	141631-74-5
1215	141631-74-5
1215	141631-75-6
1215	141631-75-6
1215	141631-77-8
1215	141631-77-8
1215	14681-75-5
1215	14681-75-5
1215	14928-30-4
1215	14928-30-4
1215	15743-56-3
1215	15743-56-3
1215	15751-77-6
1215	15751-77-6
1215	182260-46-4
1215	182260-46-4
1215	7440-67-7
1215	7440-67-7
1215	UN1308
1215	UN1308
1215	UN1358
1215	UN1358
1215	UN1932
1215	UN1932
1215	UN2008
1215	UN2008
1215	UN2009
1215	UN2009
1215	UN2858
1215	UN2858
1216	14093-11-9
1216	14900-21-1
1216	14922-51-1
1216	15750-13-7
1216	15757-23-0
1216	15832-40-3
1216	29492-85-1
1216	29687-28-3
1216	378750-86-8
1216	378750-90-4
1216	378751-20-3
1216	378751-48-5
1216	378751-50-9
1216	412316-00-8
1216	7440-58-6
1216	UN1326
1216	UN2545
1217	110123-48-3
1217	13981-28-7
1217	14762-71-1
1217	14834-69-6
1217	15066-93-0
1217	15715-04-5
1217	15816-85-0
1217	15816-87-2
1217	15816-88-3
1217	15816-89-4
1217	16729-61-6
1217	7439-91-0
1217	881842-02-0
1218	13966-31-9
1218	14092-99-0
1218	14392-03-1
1218	14681-52-8
1218	14999-33-8
1218	17375-02-9
1218	195161-78-5
1218	378782-03-7
1218	39303-06-5
1218	7439-96-5
1218	8031-40-1
1218	8075-39-6
1219	14269-74-0
1219	14877-64-6
1219	15690-82-1
1219	15700-34-2
1219	15749-81-2
1219	18411-36-4
1219	22095-52-9
1219	378782-28-6
1219	7440-00-8
1220	13982-13-3
1220	14191-65-2
1220	14809-48-4
1220	14928-36-0
1220	14932-53-7
1220	15765-86-3
1220	17056-36-9
1220	18268-34-3
1220	378784-03-3
1220	378784-14-6
1220	7440-17-7
1220	UN1423
1221	10045-97-3
1221	13967-70-9
1221	14234-29-8
1221	14914-76-2
1221	15047-05-9
1221	15066-92-9
1221	15720-35-1
1221	15726-30-4
1221	15758-03-9
1221	15758-27-7
1221	15758-29-9
1221	24347-12-4
1221	378253-48-6
1221	378253-49-7
1221	7440-46-2
1221	UN1407
1222	10098-97-2
1222	13967-73-2
1222	14158-27-1
1222	14331-91-0
1222	14809-49-5
1222	14809-51-9
1222	14928-29-1
1222	15701-15-2
1222	378784-25-9
1222	378784-28-2
1222	7440-24-6
1223	14392-00-8
1223	14392-00-8
1223	15749-33-4
1223	15749-33-4
1223	182260-48-6
1223	182260-48-6
1223	195161-81-0
1223	195161-81-0
1223	53549-90-9
1223	53549-90-9
1223	54319-51-6
1223	54319-51-6
1223	57854-37-2
1223	57854-37-2
1223	62650-70-8
1223	62650-70-8
1223	67796-94-5
1223	67796-94-5
1223	7440-32-6
1223	7440-32-6
1223	UN1352
1223	UN1352
1223	UN2546
1223	UN2546
1223	UN2878
1223	UN2878
1224	120-12-7
1224	1719-06-8
1225	119775-10-9
1225	302-01-2
1225	31886-26-7
1225	75013-58-0
1225	7803-57-8
1225	78206-91-4
1225	UN2029
1226	65-31-6
1227	12125-10-9
1227	1332-41-8
1227	1332-43-0
1227	16039-64-8
1227	255877-15-7
1227	26282-95-1
1227	28300-74-5
1227	304-61-0
1227	53318-72-2
1227	6780-10-5
1227	8012-64-4
1227	UN1551
1228	RR-02906-1
1228	UN2211
1229	203574-04-3
1230	9002-91-9
1231	127189-98-4
1231	29320-38-5
1231	61763-35-7
1231	67167-14-0
1231	68603-66-7
1231	74893-00-8
1232	464-43-7
1232	464-45-9
1232	507-70-0
1232	6627-72-1
1232	778604-05-0
1232	UN1312
1233	565-00-4
1233	79-92-5
1234	1057722-37-8
1234	617-89-0
1234	UN2526
1235	98-01-1
1235	UN1199
1236	1397-94-0
1236	37330-19-1
1236	50858-98-5
1237	13983-27-2
1237	14809-68-8
1237	14983-72-3
1237	14995-61-0
1237	15478-11-2
1237	15678-91-8
1237	28522-15-8
1237	28522-17-0
1237	378253-15-7
1237	378253-16-8
1237	50938-65-3
1237	7439-90-9
1237	UN1056
1237	UN1970
1238	20214-07-7
1238	91-22-5
1238	UN2656
1239	20820-45-5
1239	42240-20-0
1239	628-86-4
1239	92114-96-0
1239	UN0135
1240	7439-93-2
1240	UN1415
1241	15512-36-4
1242	14293-73-3
1242	UN1929
1243	1340-77-8
1243	7775-14-6
1243	UN1384
1244	11085-35-1
1244	7779-86-4
1244	UN1931
1245	1135443-72-9
1245	1486-01-7
1245	56481-93-7
1245	72931-46-5
1245	92-52-4
1246	56073-07-5
1247	26322-14-5
1247	26322-14-5
1247	960281-36-1
1247	960281-36-1
1248	23255-69-8
1249	137-07-5
1250	50930-79-5
1251	84-69-5
1252	39363-63-8
1252	75935-32-9
1252	85-44-9
1252	UN2214
1253	88-95-9
1254	85-41-6
1255	133-59-5
1256	824-38-4
1257	80-82-0
1258	612-22-6
1259	88-69-7
1260	1202864-86-5
1260	1305-99-3
1260	UN1360
1261	20770-41-6
1261	UN2012
1262	1302-45-0
1262	182321-38-6
1262	20859-73-8
1262	71751-04-7
1262	8005-48-9
1262	UN1397
1263	134884-20-1
1264	12057-74-8
1264	UN2011
1265	12058-85-4
1265	UN1432
1266	167076-44-0
1266	7803-51-2
1266	UN2199
1267	12504-13-1
1267	UN2013
1268	25324-56-5
1269	1314-84-7
1269	39342-49-9
1269	67181-74-2
1269	74191-18-7
1269	UN1714
1270	2235-25-8
1271	1052691-24-3
1271	116082-38-3
1271	1259372-53-6
1271	1330-78-5
1271	136868-91-2
1271	25013-17-6
1271	34902-62-0
1271	563-04-2
1271	56499-45-7
1271	56573-10-5
1271	69234-04-4
1271	72016-32-1
1271	73299-28-2
1271	77342-17-7
1271	77342-18-8
1271	77342-19-9
1271	78-30-8
1271	78-32-0
1271	UN2574
1272	13453-41-3
1273	13396-80-0
1273	UN2940
1274	10294-56-1
1274	858711-57-6
1274	UN2834
1275	111-97-7
1276	98-02-2
1277	115-08-2
1278	3982-91-0
1278	UN1837
1279	1082068-75-4
1279	2941-64-2
1280	3268-49-3
1280	UN2785
1281	1356190-88-9
1281	196320-91-9
1281	507-09-5
1281	531524-45-5
1281	531524-48-8
1281	UN2436
1282	556-61-6
1282	UN2477
1283	12135-76-1
1283	15603-52-8
1283	19320-46-8
1283	8012-13-3
1283	916081-50-0
1283	UN2683
1284	1304-37-6
1284	21109-95-5
1285	106496-20-2
1285	1306-23-6
1285	1441148-55-5
1286	1344-48-5
1286	19122-79-3
1287	1312-73-8
1287	UN1382
1287	UN1847
1288	113584-74-0
1288	1313-82-2
1288	1313-84-4
1288	1447694-91-8
1288	27610-45-3
1288	UN1385
1288	UN1849
1289	11144-15-3
1289	7783-06-4
1289	UN1053
1290	12673-82-4
1290	12684-31-0
1290	12767-24-7
1290	15117-53-0
1290	56449-52-6
1290	56591-09-4
1290	56645-30-8
1290	57035-13-9
1290	63705-05-5
1290	7704-34-9
1290	7782-45-8
1290	8050-82-6
1290	81032-32-8
1290	97124-07-7
1290	NA1350
1290	NA2448
1290	UN1350
1290	UN2448
1291	1032826-45-1
1291	62-56-6
1292	12133-28-7
1293	111883-06-8
1293	1310-76-5
1293	16721-80-5
1293	64568-18-9
1293	UN2318
1293	UN2949
1294	3012-37-1
1295	14778-33-7
1295	2092-16-2
1295	858443-19-3
1296	1267499-88-6
1296	592-85-8
1296	7451-91-4
1296	879681-01-3
1297	20564-21-0
1298	14099-12-8
1299	556-64-9
1300	542-90-5
1301	625-59-2
1302	119540-51-1
1302	127529-01-5
1302	13813-19-9
1302	140623-70-7
1302	7664-93-9
1302	UN1830
1302	UN1831
1302	UN1832
1302	UN2796
1303	65321-67-7
1304	615-50-9
1304	62488-20-4
1305	32178-39-5
1306	531-86-2
1307	536-47-0
1308	542-16-5
1309	2545-79-1
1310	16245-77-5
1311	139443-72-4
1311	15199-43-6
1311	62086-97-9
1311	77-78-1
1311	98478-67-2
1311	UN1595
1312	182115-04-4
1312	64-67-5
1312	98503-29-8
1312	UN1594
1313	10124-36-4
1313	15244-35-6
1313	22465-18-5
1313	62642-07-3
1313	7790-84-3
1314	7783-35-9
1315	10026-24-1
1315	10124-43-3
1315	13455-34-0
1315	139939-65-4
1315	25215-19-4
1315	60459-08-7
1315	RR-54368-0
1316	541-70-8
1317	38741-38-7
1317	4845-99-2
1317	60583-39-3
1317	652154-10-4
1317	71908-57-1
1318	10101-97-0
1318	10101-98-1
1318	139939-67-6
1318	15905-81-4
1318	7786-81-4
1319	13510-49-1
1319	14215-00-0
1319	7787-56-6
1320	53684-48-3
1320	7787-54-4
1321	12673-93-7
1321	37223-83-9
1321	37224-42-3
1321	7446-14-2
1322	10039-54-0
1322	120893-78-9
1322	1257422-90-4
1322	UN2865
1323	RR-131071-0
1324	7803-63-6
1324	UN2506
1325	7646-93-7
1325	UN2509
1326	10034-88-5
1326	10034-88-5
1326	12262-56-5
1326	12262-56-5
1326	7681-38-1
1326	7681-38-1
1327	57-52-3
1328	14012-92-1
1328	37333-30-5
1328	7446-18-6
1328	87993-82-6
1329	7783-36-0
1330	102500-64-1
1330	102500-65-2
1330	102500-66-3
1330	102500-67-4
1330	102500-68-5
1330	102500-69-6
1330	102500-70-9
1330	102500-71-0
1330	102512-68-5
1330	102512-69-6
1330	102512-70-9
1330	102512-71-0
1330	102512-72-1
1330	12036-78-1
1330	12210-47-8
1330	12439-96-2
1330	1344-64-5
1330	13767-17-4
1330	13864-22-7
1330	27774-13-6
1330	3547-25-9
1330	410546-95-1
1330	UN2931
1331	2699-79-8
1331	UN2191
1332	303-04-8
1333	10057-27-9
1333	10543-95-0
1333	34202-69-2
1333	684-16-2
1333	UN2420
1333	UN2552
1333	UN3436
1334	13098-39-0
1335	116-15-4
1335	UN1858
1336	1344-27-0
1336	16949-65-8
1336	18972-56-0
1336	UN2853
1337	12737-08-5
1337	1304-13-8
1337	17125-80-3
1338	12741-08-1
1338	1332-78-1
1338	16871-71-9
1338	18433-42-6
1338	UN2855
1339	1079857-79-6
1339	114675-70-6
1339	118127-10-9
1339	16940-81-1
1339	180724-56-5
1339	19214-61-0
1339	410090-11-8
1339	59219-13-5
1339	72974-14-2
1339	86921-26-8
1339	939426-00-3
1339	957554-49-3
1339	UN1782
1340	7783-80-4
1340	UN2195
1341	2551-62-4
1341	29267-82-1
1341	36575-03-8
1341	59109-69-2
1341	UN1080
1342	26979-63-5
1342	26979-64-6
1342	26979-66-8
1342	26979-67-9
1342	26979-72-6
1342	26979-73-7
1342	7783-82-6
1342	UN2196
1343	7783-79-1
1343	UN2194
1344	185009-34-1
1344	76-16-4
1344	UN2193
1345	22397-33-7
1345	22397-33-7
1345	22397-33-7
1346	107-46-0
1346	1463472-97-0
1346	864719-97-1
1347	1450-14-2
1348	103737-28-6
1348	116638-29-0
1348	127290-38-4
1348	18186-75-9
1348	761458-30-4
1348	999-97-3
1349	1351357-43-1
1349	56-25-7
1350	87-68-3
1350	UN2279
1351	12622-75-2
1351	17301-10-9
1351	3039-00-7
1351	33648-22-5
1351	59029-57-1
1351	60-57-1
1352	72-20-8
1353	1195521-13-1
1353	20389-61-1
1353	26302-40-9
1353	465-73-6
1354	309-00-2
1355	115-29-7
1355	33213-65-9
1355	426824-51-3
1355	6994-04-3
1355	8003-45-0
1355	959-98-8
1356	1135443-45-6
1356	118-74-1
1356	UN2729
1357	116-16-5
1357	UN2661
1358	77-47-4
1358	UN2646
1359	20437-97-2
1359	319-84-6
1359	60291-32-9
1360	319-85-7
1361	25897-48-7
1361	53529-37-6
1361	55963-79-6
1361	58-89-9
1361	8007-42-9
1361	8073-23-2
1362	319-86-8
1362	608-73-1
1362	6108-10-7
1362	6108-11-8
1362	6108-12-9
1362	6108-13-0
1363	67-72-1
1364	20062-22-0
1365	131-73-7
1365	35860-31-2
1366	2844-92-0
1367	2217-06-3
1367	28930-30-5
1368	116995-33-6
1368	1620837-37-7
1368	182677-30-1
1368	31153-30-7
1368	35854-94-5
1368	36483-60-0
1369	68631-49-2
1370	207122-15-4
1371	1027045-74-4
1371	134237-50-6
1371	134237-51-7
1371	134237-52-8
1371	138257-17-7
1371	138257-18-8
1371	138257-19-9
1371	169102-57-2
1371	22374-57-8
1371	25637-99-4
1371	3194-55-6
1371	4736-49-6
1371	65701-47-5
1371	678970-15-5
1371	678970-16-6
1371	678970-17-7
1372	119264-50-5
1372	119264-51-6
1372	119264-52-7
1372	119264-53-8
1372	120991-47-1
1372	120991-48-2
1372	144978-87-0
1372	144978-88-1
1372	245657-50-5
1372	36355-01-8
1372	36402-15-0
1372	55066-76-7
1372	59080-40-9
1372	59261-08-4
1372	59536-65-1
1372	60044-26-0
1372	67888-98-6
1372	67888-99-7
1372	77607-09-1
1372	81381-52-4
1372	82865-89-2
1372	82865-90-5
1372	82865-91-6
1372	93261-83-7
1372	955955-53-0
1372	955955-54-1
1372	955955-55-2
1373	133394-59-9
1373	243121-01-9
1373	280144-19-6
1373	53192-27-1
1373	57350-77-3
1373	63525-90-6
1373	66368-96-5
1373	822-06-0
1373	824958-44-3
1373	88357-62-4
1373	UN2281
1374	2212-67-1
1375	100-97-0
1375	11103-67-6
1375	1556839-80-5
1375	15978-33-3
1375	56549-34-9
1375	74734-16-0
1375	91773-48-7
1375	UN1328
1376	111-49-9
1376	UN2493
1377	1107613-92-2
1377	1107614-02-7
1377	113962-66-6
1377	121630-48-6
1377	12766-45-9
1377	1374563-19-5
1377	1374563-22-0
1377	14682-66-7
1377	1621997-91-8
1377	1799386-26-7
1377	182260-45-3
1377	1826890-06-5
1377	185464-37-3
1377	1946759-18-7
1377	2014335-16-9
1377	2247261-17-0
1377	2247261-42-1
1377	2247261-50-1
1377	2250318-40-0
1377	2412445-90-8
1377	257888-99-6
1377	2701539-61-7
1377	2758176-71-3
1377	2826961-24-2
1377	2832056-54-7
1377	2923573-53-7
1377	2923573-54-8
1377	2923573-55-9
1377	2924823-56-1
1377	298688-47-8
1377	349608-51-1
1377	37202-64-5
1377	39302-71-1
1377	39332-62-2
1377	477951-22-7
1377	7429-90-5
1377	80341-19-1
1377	91728-14-2
1377	934749-46-9
1377	NA9260
1377	UN1309
1377	UN1396
1378	12635-29-9
1379	1228935-67-8
1379	1228935-67-8
1379	12393-50-9
1379	12393-50-9
1379	12598-12-8
1379	12598-12-8
1379	1302-42-7
1379	1302-42-7
1379	1424805-45-7
1379	1424805-45-7
1379	1424809-08-4
1379	1424809-08-4
1379	162264-71-3
1379	162264-71-3
1379	180395-80-6
1379	180395-80-6
1379	7758-17-0
1379	7758-17-0
1379	UN1819
1379	UN1819
1379	UN2812
1379	UN2812
1380	RR-14668-9
1381	13981-43-6
1381	14158-34-0
1381	15585-26-9
1381	7782-50-5
1381	UN1017
1382	65762-25-6
1382	75-68-3
1382	UN2517
1383	52340-46-2
1383	69420-22-0
1383	96-24-2
1383	UN2689
1384	126-99-8
1384	184963-09-5
1384	UN1991
1385	1253945-51-5
1385	60828-60-6
1385	78-89-7
1385	UN2611
1386	627-30-5
1386	UN2849
1387	563-52-0
1387	5967-58-8
1388	600-25-9
1389	3017-96-7
1390	75-88-7
1390	UN1983
1391	106-89-8
1391	109351-74-8
1391	13403-37-7
1391	36250-81-4
1391	51594-55-9
1391	67843-74-7
1391	9009-12-5
1391	UN2023
1392	97-00-7
1393	95-85-2
1393	UN2673
1394	127-00-4
1394	20008-07-5
1395	4628-21-1
1395	4894-61-5
1395	591-97-9
1396	95-79-4
1397	6164-98-3
1398	563-47-3
1398	UN2554
1399	594-36-5
1400	95-03-4
1401	89-63-4
1402	89-64-5
1403	52106-89-5
1404	89-59-8
1405	127054-38-0
1405	3017-95-6
1406	107-04-0
1407	59-50-7
1408	107-84-6
1409	109-70-6
1409	UN2688
1410	671-04-5
1411	535-89-7
1412	5345-54-0
1413	121-87-9
1414	108-90-7
1414	3114-55-4
1414	50717-45-8
1414	UN1134
1415	95-51-2
1416	108-42-9
1416	1083238-51-0
1417	106-47-8
1418	93951-73-6
1418	95-57-8
1419	108-43-0
1420	106-48-9
1421	937-14-4
1421	937-14-4
1421	937-14-4
1422	3691-35-8
1423	101-27-9
1424	26571-79-9
1424	UN1753
1425	609-65-4
1426	122-01-0
1426	1350454-33-9
1427	532-27-4
1428	109-09-1
1428	UN2822
1429	104-83-6
1430	542-76-7
1431	598-78-7
1431	62138-52-7
1431	UN2511
1432	107-94-8
1433	17639-93-9
1433	40705-03-1
1433	77287-29-7
1433	UN2933
1434	105309-19-1
1434	535-13-7
1434	UN2935
1435	623-71-2
1436	40058-87-5
1436	79435-04-4
1436	UN2934
1437	540-54-5
1437	UN1278
1438	75-29-6
1438	UN2356
1439	557-98-2
1439	UN2456
1440	107-05-1
1440	UN1100
1441	110972-89-9
1441	127521-16-8
1441	131620-42-3
1441	1335-29-1
1441	140889-50-5
1441	1431865-84-7
1441	143337-19-3
1441	148880-59-5
1441	16941-12-1
1441	18497-13-7
1441	26023-84-7
1441	60322-59-0
1441	60605-43-8
1441	70227-39-3
1441	97301-98-9
1441	98032-39-4
1441	UN2507
1442	814-49-3
1443	507-20-0
1444	513-36-0
1445	544-10-5
1446	109-69-3
1447	53178-20-4
1447	78-86-4
1448	12125-08-5
1449	39432-81-0
1449	UN1973
1450	11104-73-7
1450	353-59-3
1450	UN1974
1451	348-51-6
1452	625-98-9
1453	352-33-0
1454	90-03-9
1455	107296-30-0
1455	130973-93-2
1455	1356399-46-6
1455	136969-76-1
1455	139116-12-4
1455	1416052-38-4
1455	145757-52-4
1455	172906-39-7
1455	59-85-8
1455	75344-65-9
1455	77329-67-0
1455	792952-75-1
1455	856770-63-3
1455	92421-68-6
1456	10124-48-8
1456	134762-05-3
1456	UN1630
1457	10326-27-9
1457	10361-37-2
1457	22322-71-0
1458	100-56-1
1459	100-44-7
1459	UN1738
1460	7791-27-7
1460	UN1817
1461	15180-03-7
1462	12080-90-9
1462	96-10-6
1463	10108-64-2
1463	35658-65-2
1463	70206-08-5
1463	72589-96-9
1463	7790-78-5
1464	7487-94-7
1464	UN1624
1465	16544-92-6
1465	18201-52-0
1465	69098-14-2
1465	7646-79-9
1465	7791-13-1
1466	6101-15-1
1466	71-27-2
1467	930-28-9
1468	115-09-3
1469	123-88-6
1470	20582-71-2
1471	2051-62-9
1472	90-13-1
1473	17638-48-1
1473	34304-82-0
1473	69098-15-3
1473	7718-54-9
1473	7791-20-0
1474	13466-27-8
1474	7787-47-5
1475	113962-65-5
1475	218625-68-4
1475	51005-19-7
1475	61674-62-2
1475	7647-01-0
1475	7698-05-7
1475	UN1050
1475	UN1789
1475	UN2186
1476	506-77-4
1476	UN1589
1477	10125-13-0
1477	423724-63-4
1477	7447-39-4
1478	57-94-3
1478	6989-98-6
1479	10025-68-0
1480	1162648-93-2
1480	1162648-93-2
1480	19417-15-3
1480	19417-15-3
1480	29426-92-4
1480	29426-92-4
1480	29604-34-0
1480	29604-34-0
1480	53917-99-0
1480	53917-99-0
1480	74182-35-7
1480	74182-35-7
1480	7646-85-7
1480	7646-85-7
1480	UN1840
1480	UN1840
1480	UN2331
1480	UN2331
1481	RR-112181-9
1482	RR-112183-1
1483	RR-112180-8
1484	RR-112179-5
1485	109521-82-6
1485	26123-91-1
1485	4979-73-1
1485	50772-03-7
1486, 1644	105185-95-3
1487	15557-00-3
1488	4421-50-5
1490	33864-17-4
1492	13863-41-7
1492	UN2901
1493	7719-09-7
1493	UN1836
1494	10112-91-1
1494	39448-57-2
1495	7791-12-0
1496	107-27-7
1497	127529-03-7
1497	7790-94-5
1497	UN1754
1498	95-49-8
1499	108-41-8
1500	106-43-4
1501	29027-17-6
1501	53906-68-6
1501	615-65-6
1501	7149-75-9
1501	87-60-5
1501	87-63-8
1501	95-69-2
1501	95-74-9
1501	95-81-8
1501	UN2239
1501	UN3429
1502	107-30-2
1502	UN1239
1503	2344-80-1
1503	61696-01-3
1504	3188-13-4
1504	UN2354
1505	24468-13-1
1505	UN2748
1506	1404060-48-5
1506	180273-50-1
1506	1885-14-9
1506	UN2746
1507	501-53-1
1507	728010-31-9
1507	94274-21-2
1507	960053-05-8
1507	UN1739
1508	81228-87-7
1508	UN2744
1509	79-22-1
1509	UN1238
1510	22128-62-7
1510	UN2745
1511	503-38-8
1512	2937-50-0
1512	560088-71-3
1512	UN1722
1513	503842-49-7
1513	52803-29-9
1513	541-41-3
1513	UN1182
1514	108-23-6
1514	94274-22-3
1514	UN2407
1515	543-27-1
1516	109-61-5
1516	UN2740
1517	592-34-7
1517	UN2743
1518	17462-58-7
1518	56516-00-8
1519	1111-89-3
1519	1173018-35-3
1519	1474045-09-4
1519	1474045-10-7
1519	1474045-11-8
1519	16786-44-0
1519	74-87-3
1519	UN1063
1520	RR-02897-7
1520	UN1912
1521	608-26-4
1522	615-74-7
1523	3165-93-3
1523	UN1579
1523	UN3410
1524	19750-95-9
1525	88-16-4
1526	98-15-7
1527	92709-16-5
1527	98-56-6
1528	50815-73-1
1528	UN2599
1529	2837-89-0
1529	354-25-6
1529	63938-10-3
1530	10192-29-7
1531	10294-38-9
1531	13477-00-4
1531	UN1445
1531	UN3405
1532	10035-05-9
1532	10035-05-9
1532	10137-74-3
1532	10137-74-3
1532	UN1452
1532	UN1452
1532	UN2429
1532	UN2429
1533	3811-04-9
1533	3811-04-9
1533	UN1485
1533	UN1485
1533	UN2427
1533	UN2427
1534	10326-21-3
1534	136856-45-6
1534	36355-97-2
1534	56571-67-6
1534	UN2723
1535	11096-45-0
1535	11096-45-0
1535	38869-73-7
1535	38869-73-7
1535	38869-74-8
1535	38869-74-8
1535	7775-09-9
1535	7775-09-9
1535	UN1495
1535	UN1495
1535	UN2428
1535	UN2428
1536	7790-93-4
1536	UN2626
1537	13763-67-2
1538	7791-10-8
1538	UN1506
1539	13453-30-0
1539	UN2573
1540	14721-21-2
1540	26506-47-8
1540	UN2721
1541	10361-95-2
1541	UN1513
1542	7783-92-8
1543	29117-43-9
1543	29882-57-3
1543	543-59-9
1544	88-73-3
1545	121-73-3
1546	100-00-5
1547	25167-93-5
1547	UN1578
1547	UN3409
1548	74-97-5
1548	83847-49-8
1548	UN1887
1549	107-07-3
1549	1867-09-0
1549	UN1135
1550	107-14-2
1550	1867-10-3
1550	UN2668
1551	79-11-8
1551	UN3250
1552	590-02-3
1553	39739-42-9
1553	541-88-8
1554	96-34-4
1554	UN2295
1555	3926-62-3
1555	UN2659
1556	107-59-5
1557	2549-51-1
1557	UN2589
1558	105-39-5
1558	UN1181
1559	105-48-6
1559	UN2947
1560	75-00-3
1560	UN1037
1561	1187028-37-0
1561	75-01-4
1561	UN1086
1562	93-70-9
1563	1256778-77-4
1563	79-04-9
1563	UN1752
1564	3153-36-4
1565	108-31-6
1565	1190407-73-8
1565	1229972-04-6
1565	1380217-40-2
1565	184288-31-1
1565	UN2215
1566	110-91-8
1566	147366-31-2
1566	854893-20-2
1566	88542-81-8
1566	96122-95-1
1566	99108-56-2
1566	UN2054
1567	65996-83-0
1568	129-00-0
1568	205-99-2
1568	218-01-9
1568	50-32-8
1568	56-55-3
1568	65996-93-2
1569	8007-45-2
1569	8050-41-7
1569	8050-43-9
1569	8055-92-3
1570	RR-00216-4
1570	UN1023
1571	111941-10-7
1571	55465-93-5
1571	63241-54-3
1571	8008-20-6
1571	UN1223
1572	14147-08-1
1572	15092-71-4
1572	199281-20-4
1572	298688-48-9
1572	67208-78-0
1572	7439-95-4
1572	UN1418
1572	UN1869
1572	UN2950
1573	12032-44-9
1573	12048-46-3
1573	12057-75-9
1573	12133-32-3
1573	1313-04-8
1573	RR-12215-6
1574	RR-29433-7
1575	10294-64-1
1576	8000-25-7
1577	8049-20-5
1578	RR-01327-4
1578	UN0113
1579	109-27-3
1579	UN0114
1580	124-87-8
1581	8021-39-4
1582	13966-32-0
1582	13982-04-2
1582	184637-88-5
1582	213530-35-9
1582	351903-26-9
1582	7440-23-5
1582	UN1428
1583	8006-28-8
1583	UN1907
1584	12794-67-1
1584	36826-26-3
1584	71928-15-9
1584	7440-01-9
1584	UN1065
1584	UN1913
1585	1146-65-2
1585	72931-45-4
1585	91-20-3
1585	UN1334
1586	12262-09-8
1586	134-32-7
1586	UN2077
1587	91-59-8
1587	UN1650
1588	81-84-5
1589	14235-86-0
1590	86-88-4
1591	86-53-3
1592	91270-74-5
1593	7440-02-0
1593	RR-00376-9
1594	15545-97-8
1595	116584-22-6
1595	131445-37-9
1595	4419-11-8
1596	3879-07-0
1597	1129282-73-0
1597	13472-08-7
1598	2094-98-6
1598	95210-42-7
1599	1006730-14-8
1599	123-77-3
1599	131715-26-9
1599	183256-78-2
1599	218433-14-8
1599	221272-72-6
1599	52737-71-0
1599	62494-61-5
1599	62494-62-6
1599	62494-85-3
1599	65098-86-4
1599	65098-87-5
1599	72514-45-5
1599	73247-42-4
1599	73905-77-8
1599	81774-20-1
1599	882507-89-3
1599	882523-85-5
1599	89073-35-8
1599	97707-96-5
1599	UN3242
1600	161755-85-7
1600	39322-24-2
1600	58449-80-2
1600	67035-64-7
1600	76012-28-7
1600	78-67-1
1600	80748-81-8
1600	95210-41-6
1601	110-89-4
1601	UN2401
1602	110-85-0
1602	142-63-2
1602	8017-90-1
1602	8027-81-4
1602	81546-15-8
1602	854880-15-2
1602	861800-35-3
1602	UN2579
1603	2437-95-8
1603	80-56-8
1603	UN2368
1604	127-91-3
1604	23089-32-9
1605	1303-72-6
1605	13762-51-1
1605	UN1870
1606	1303-73-7
1606	1374667-27-2
1606	16949-15-8
1606	UN1413
1607	16962-07-5
1607	UN2870
1608	1303-74-8
1608	13034-02-1
1608	15681-89-7
1608	16940-66-2
1608	24917-15-5
1608	29158-40-5
1608	UN1426
1609	10043-35-3
1609	11113-50-1
1609	12795-04-9
1609	2253722-08-4
1609	30698-98-7
1610	121-43-7
1610	31649-91-9
1610	63156-11-6
1610	UN2416
1611	150-46-9
1611	32692-78-7
1612	5419-55-6
1612	UN2616
1613	13966-02-4
1613	14390-89-7
1613	7440-41-7
1613	UN1567
1614	1032826-40-6
1614	105659-35-6
1614	72901-37-2
1614	72901-38-3
1614	72901-40-7
1614	72901-41-8
1614	72901-42-9
1614	7803-55-6
1614	UN2859
1615	13769-43-2
1615	UN2864
1616	11128-53-3
1616	26139-25-3
1616	7790-21-8
1617	7790-28-5
1618	10213-79-3
1618	1033016-09-9
1618	1173151-60-4
1618	13517-24-3
1618	27121-04-6
1618	57447-81-1
1618	6834-92-0
1618	8014-92-4
1618	UN3253
1619	10102-53-1
1620	15120-17-9
1621	104381-95-5
1621	129904-51-4
1621	1332-17-8
1621	283157-58-4
1621	56172-56-6
1621	7778-54-3
1621	8031-48-9
1621	UN1748
1621	UN2208
1621	UN2880
1622	104381-95-5
1622	129904-51-4
1622	1332-17-8
1622	283157-58-4
1622	56172-56-6
1622	7778-54-3
1622	8031-48-9
1622	UN1748
1622	UN2208
1622	UN2880
1623	63937-14-4
1623	UN1637
1624	375-22-4
1625	12037-82-0
1625	UN1339
1626	113172-79-5
1626	116995-32-5
1626	117948-63-7
1626	139598-16-6
1626	1620837-38-8
1626	189084-67-1
1626	68928-80-3
1627	446255-22-7
1628	207122-16-5
1629	23720-59-4
1629	37229-06-4
1629	68961-31-9
1629	76-44-8
1630	86290-81-5
1630	RR-130913-3
1630	RR-57030-9
1630	UN1203
1630	UN3475
1631	7439-92-1
1631	RR-14783-1
1632	31876-38-7
1633	95718-78-8
1633	95718-78-8
1633	95718-78-8
1634	1421-68-7
1635	513-86-0
1635	52217-02-4
1635	UN2621
1636	123-42-2
1636	UN1148
1637	42492-95-5
1637	78-97-7
1638	2155-30-8
1638	547-64-8
1639	2676-33-7
1639	687-47-8
1639	7699-00-5
1639	97-64-3
1639	UN1192
1640	107-89-1
1640	115827-11-7
1640	UN2839
1641	1184-57-2
1642	107-16-4
1643	110-77-0
1645	80-55-7
1646	2315-02-8
1647	24448-09-7
1648	10028-17-8
1648	1333-74-0
1648	725200-57-7
1648	RR-158396-6
1648	UN1049
1648	UN1966
1649	10034-85-2
1649	39445-43-7
1649	8014-90-2
1649	8052-26-4
1649	UN1787
1649	UN2197
1650	32057-09-3
1650	326604-75-5
1650	7664-39-3
1650	UN1052
1650	UN1790
1651	28324-52-9
1651	28324-52-9
1652	13477-09-3
1653	57308-10-8
1653	7789-78-8
1654	7704-99-6
1655	7693-26-7
1656	13587-16-1
1656	7580-67-8
1656	UN1414
1656	UN2805
1657	7784-21-6
1657	UN2463
1658	1035696-44-6
1658	1097640-73-7
1658	1097640-76-0
1658	1302-30-3
1658	14128-54-2
1658	16853-85-3
1658	UN1410
1658	UN1411
1659	13770-96-2
1659	UN2835
1660	7693-27-8
1661	64975-43-5
1661	64975-44-6
1661	7646-69-7
1661	UN1427
1662	222638-82-6
1662	7704-98-5
1663	RR-02886-4
1663	UN2034
1664	191234-22-7
1664	191234-22-7
1664	3017-23-0
1664	3017-23-0
1664	341972-31-4
1664	341972-31-4
1664	74-90-8
1664	74-90-8
1664	UN1614
1664	UN1614
1665	10035-10-6
1665	62140-56-1
1665	UN1048
1665	UN1788
1666	12230-71-6
1666	1304-17-2
1666	17194-00-2
1666	22326-55-2
1666	32694-96-5
1667	1310-58-3
1667	1310-58-3
1667	29857-72-5
1667	29857-72-5
1667	71769-53-4
1667	71769-53-4
1667	UN1813
1667	UN1813
1667	UN1814
1667	UN1814
1668	1310-65-2
1668	1310-65-2
1668	1310-66-3
1668	1310-66-3
1669	12200-64-5
1669	12200-64-5
1669	1310-73-2
1669	1310-73-2
1669	14014-06-3
1669	14014-06-3
1669	8012-01-9
1669	8012-01-9
1669	UN1823
1669	UN1823
1669	UN1824
1669	UN1824
1670	1304-49-0
1670	13327-32-7
1671	1310-82-3
1671	1310-82-3
1671	UN2677
1671	UN2677
1671	UN2678
1671	UN2678
1672	1308-47-0
1672	1308-47-0
1672	21351-79-1
1672	21351-79-1
1672	35103-79-8
1672	35103-79-8
1672	UN2681
1672	UN2681
1672	UN2682
1672	UN2682
1673	17026-06-1
1674	68334-30-5
1674	68512-90-3
1674	UN1202
1675	460-19-5
1675	UN1026
1676	1015936-91-0
1676	1202864-94-5
1676	1203558-43-3
1676	156-62-7
1676	UN1403
1677	12542-90-4
1677	28519-24-6
1677	502-39-6
1677	UN1244
1678	542-62-1
1678	UN1565
1679	506-78-5
1680	18724-70-4
1680	592-01-8
1680	UN1575
1681	542-83-6
1682	1327160-06-4
1682	15313-18-5
1682	25587-94-4
1682	592-04-1
1682	UN1636
1683	591-89-9
1683	UN1626
1684	20427-11-6
1684	542-84-7
1685	14965-99-2
1686	133708-36-8
1686	151-50-8
1686	15745-74-1
1686	60195-52-0
1686	UN1680
1687	506-65-0
1688	13998-03-3
1688	143-33-9
1688	25596-52-5
1688	UN1689
1689	RR-42524-1
1690	557-19-7
1690	99601-92-0
1690	99601-93-1
1690	UN1653
1691	14220-17-8
1691	14323-41-2
1691	557-12-0
1692	592-05-2
1692	UN1620
1693	191234-22-7
1693	3017-23-0
1693	341972-31-4
1693	74-90-8
1693	UN1614
1694	RR-42516-1
1695	14763-77-0
1695	4367-08-2
1696	557-21-1
1696	UN1713
1697	506-68-3
1697	UN1889
1698	14263-59-3
1699	13967-50-5
1699	19663-17-3
1699	554-07-4
1699	67355-37-7
1700	13092-67-6
1700	544-92-3
1701	13682-73-0
1701	UN1679
1702	14264-31-4
1702	14264-31-4
1702	UN2316
1702	UN2316
1702	UN2317
1702	UN2317
1703	12351-98-3
1703	29829-51-4
1703	506-64-9
1703	UN1684
1704	2541-67-5
1704	506-61-6
1705	52315-07-8
1705	67375-30-8
1705	97955-44-7
1706	619-65-8
1707	372-09-8
1708	105-56-6
1709	108-77-0
1709	190086-22-7
1709	UN2670
1710	18724-70-4
1710	592-01-8
1710	UN1575
1711	71563-86-5
1711	79-42-5
1711	UN2936
1712	57658-36-3
1712	UN0448
1713	60-24-2
1713	99748-78-4
1713	UN2966
1714	57755-20-1
1714	68-11-1
1714	7283-42-3
1714	UN1940
1715	132324-11-9
1715	1763-23-1
1716	175895-38-2
1716	29081-56-9
1716	76560-29-7
1717	251099-16-8
1717	P-97-0790
1718	70225-14-8
1719	111274-79-4
1719	117925-64-1
1719	2795-39-3
1719	59112-13-9
1719	62010-27-9
1719	69458-54-4
1720	29457-72-5
1720	314057-78-8
1721	406215-31-4
1721	56773-42-3
1721	83046-54-2
1721	854620-32-9
1722	307-35-7
1723	20434-91-7
1723	344328-67-2
1723	594-42-3
1723	75-70-7
1723	UN1670
1724	12557-88-9
1724	12707-43-6
1724	12766-04-0
1724	20594-49-4
1724	2385-85-5
1724	56449-78-6
1725	11066-49-2
1725	1300-16-9
1725	1323-65-5
1725	136-83-4
1725	139-84-4
1725	142731-63-3
1725	17404-66-9
1725	186825-36-5
1725	25154-52-3
1725	256459-00-4
1725	26543-97-5
1725	27938-31-4
1725	30784-30-6
1725	52427-13-1
1725	68081-86-7
1725	87247-00-5
1725	90481-04-2
1725	91672-41-2
1726	102188-45-4
1726	103939-37-3
1726	104-35-8
1726	105269-88-3
1726	106152-98-1
1726	107231-62-9
1726	11098-16-1
1726	11103-60-9
1726	11107-93-0
1726	111623-62-2
1726	112509-36-1
1726	114101-89-2
1726	1163687-50-0
1726	116711-78-5
1726	1202388-20-2
1726	1202388-26-8
1726	123019-34-1
1726	123068-21-3
1726	124057-60-9
1726	127087-87-0
1726	12767-68-9
1726	12789-12-7
1726	12790-67-9
1726	137263-06-0
1726	139281-67-7
1726	141490-14-4
1726	142985-89-5
1726	143929-07-1
1726	14409-72-4
1726	167140-06-9
1726	172521-16-3
1726	1809431-45-5
1726	1809431-82-0
1726	188612-23-9
1726	190856-87-2
1726	1943678-94-1
1726	202936-22-9
1726	20427-84-3
1726	205577-03-3
1726	20636-48-0
1726	2091900-73-9
1726	2096976-67-7
1726	226225-58-7
1726	226225-59-8
1726	2323620-11-5
1726	2332812-08-3
1726	2408592-97-0
1726	25640-88-4
1726	26027-38-3
1726	26264-02-8
1726	26571-11-9
1726	27176-93-8
1726	27176-97-2
1726	27177-01-1
1726	27177-03-3
1726	27177-05-5
1726	27177-08-8
1726	27288-14-8
1726	27942-26-3
1726	27942-27-4
1726	27986-36-3
1726	28136-10-9
1726	286015-24-5
1726	286015-28-9
1726	29594-36-3
1726	30676-83-6
1726	32196-52-4
1726	34166-38-6
1726	37187-23-8
1726	37205-87-1
1726	37210-94-9
1726	37230-99-2
1726	37280-80-1
1726	37291-67-1
1726	37336-52-0
1726	376647-33-5
1726	39289-57-1
1726	39316-45-5
1726	39316-73-9
1726	39346-85-5
1726	39373-71-2
1726	39392-83-1
1726	39393-36-7
1726	39421-49-3
1726	39453-05-9
1726	39454-98-3
1726	39475-46-2
1726	42617-03-8
1726	441352-55-2
1726	441352-56-3
1726	441352-57-4
1726	441352-58-5
1726	441352-59-6
1726	50855-29-3
1726	509171-19-1
1726	50934-84-4
1726	51059-97-3
1726	51609-19-9
1726	51668-51-0
1726	51938-25-1
1726	51938-59-1
1726	51938-60-4
1726	52012-43-8
1726	52038-46-7
1726	52051-49-7
1726	52434-07-8
1726	52440-03-6
1726	52440-78-5
1726	52440-94-5
1726	52504-18-4
1726	52504-19-5
1726	52683-07-5
1726	53125-17-0
1726	53529-49-0
1726	53663-55-1
1726	53763-35-2
1726	53763-36-3
1726	54174-36-6
1726	54985-54-5
1726	55126-80-2
1726	55838-69-2
1726	56590-96-6
1726	57308-02-8
1726	57321-10-5
1726	57571-69-4
1726	59330-69-7
1726	60098-67-1
1726	60476-27-9
1726	61614-07-1
1726	61840-55-9
1726	62169-44-2
1726	62229-21-4
1726	62229-24-7
1726	62229-29-2
1726	623588-93-2
1726	63440-03-9
1726	63798-88-9
1726	64296-14-6
1726	64940-97-2
1726	65035-40-7
1726	65035-41-8
1726	65455-69-8
1726	65455-72-3
1726	65777-14-2
1726	66525-84-6
1726	67053-58-1
1726	68412-54-4
1726	72847-44-0
1726	72847-45-1
1726	7311-27-5
1726	74434-41-6
1726	74656-63-6
1726	74749-71-6
1726	75882-09-6
1726	76829-05-5
1726	77271-60-4
1726	80341-59-9
1726	80966-32-1
1726	81296-82-4
1726	83271-48-1
1726	874461-43-5
1726	9016-45-9
1726	9021-03-8
1726	90452-81-6
1726	9067-50-9
1726	93095-76-2
1726	933050-99-8
1726	942205-98-3
1726	95828-59-4
1726	96231-61-7
1726	96957-64-1
1726	96958-17-7
1726	96958-28-0
1726	99402-83-2
1726	99531-82-5
1726	RR-191287-4
1726	RR-191289-6
1726	RR-191290-9
1727	5283-67-0
1727	UN1799
1728	1067-20-5
1728	1068-87-7
1728	1069-53-0
1728	1070-87-7
1728	1072-05-5
1728	111-84-2
1728	1186-53-4
1728	15869-80-4
1728	16747-25-4
1728	16747-28-7
1728	16747-30-1
1728	16747-31-2
1728	16747-32-3
1728	16747-33-4
1728	16747-38-9
1728	16789-46-1
1728	2216-32-2
1728	2216-33-3
1728	2216-34-4
1728	3074-75-7
1728	3074-76-8
1728	3074-77-9
1728	3221-61-2
1728	34464-40-9
1728	7154-79-2
1728	875820-94-3
1728	921-47-1
1728	RR-04090-4
1728	UN1920
1729	124-11-8
1730	2216-38-8
1731	20063-92-7
1732	2198-23-4
1733	RR-33896-5
1734	RR-151480-3
1735	23319-66-6
1735	4386-88-3
1736	58164-88-8
1736	UN1550
1737	8016-36-2
1738	110-02-1
1738	8014-23-1
1738	UN2414
1739	545-55-1
1739	UN2501
1740	1228931-66-5
1740	126-72-7
1740	1867-14-7
1740	55962-48-6
1740	68112-30-1
1741	23701-62-4
1741	57-39-6
1742	41083-11-8
1743	112771-47-8
1743	1198579-87-1
1743	603-35-0
1743	630403-25-7
1744	155684-37-0
1744	76-86-8
1744	953074-25-4
1745	76-87-9
1746	900-95-8
1747	102-67-0
1747	13319-61-4
1748	2279-76-7
1749	7784-45-4
1750	13453-37-7
1751	64013-16-7
1752	2787-27-1
1752	75-47-8
1753	594-68-3
1754	1983-10-4
1755	1116-70-7
1756	1461-22-9
1757	122-56-5
1757	31259-85-5
1758	30115-44-7
1758	6180-99-0
1758	688-73-3
1759	78-48-8
1760	158707-50-7
1760	4342-36-3
1761	85409-17-2
1762	24124-25-2
1763	1353053-96-9
1763	56-35-9
1764	154194-72-6
1764	2155-70-6
1765	421-50-1
1766	7787-61-3
1767	7783-54-2
1767	UN2451
1768	7783-55-3
1769	7790-91-2
1769	UN1749
1770	109704-87-2
1770	155123-44-7
1770	20654-88-0
1770	372-85-0
1770	7637-07-2
1770	UN1008
1771	666-12-6
1772	121263-57-8
1772	139754-81-7
1772	19306-59-3
1772	342905-92-4
1772	353-42-4
1772	707542-87-8
1772	879635-62-8
1772	UN2965
1773	114492-02-3
1773	1262492-42-1
1773	1310384-51-0
1773	13423-86-4
1773	37340-67-3
1773	75-23-0
1773	83857-81-2
1773	856316-63-7
1773	87788-31-6
1773	952666-08-9
1773	98223-57-5
1774	109-63-7
1774	109704-88-3
1774	110622-74-7
1774	118648-53-6
1774	125391-69-7
1774	14480-05-8
1774	145459-43-4
1774	147102-03-2
1774	15688-21-8
1774	171915-81-4
1774	2167-26-2
1774	89513-75-7
1774	UN2604
1775	591-00-4
1776	163678-43-1
1776	753-53-7
1776	7578-36-1
1776	811467-59-1
1776	857171-67-6
1777	7784-35-2
1778	39357-86-3
1778	7783-56-4
1779	7787-71-5
1779	UN1746
1780	98-08-8
1780	UN2338
1781	69806-50-4
1782	88-17-5
1782	UN2942
1783	98-16-8
1783	UN2948
1784	185009-29-4
1784	75-46-7
1784	UN1984
1785	52181-51-8
1785	UN2234
1786	79-38-9
1786	UN1082
1787	598-73-2
1787	UN2419
1788	75-89-8
1788	77253-67-9
1789	599-00-8
1789	76-05-1
1789	UN2699
1790	407-25-0
1791	16712-29-1
1792	383-63-1
1793	420-46-2
1793	UN2035
1794	354-32-5
1794	UN3057
1795	13121-70-5
1796	4558-12-7
1796	4558-12-7
1796	75-50-3
1796	75-50-3
1796	UN1297
1796	UN1297
1797	107-39-1
1798	107-40-4
1799	526-73-8
1800	95-63-6
1801	108-67-8
1801	UN2325
1802	464-06-2
1803	15901-42-5
1803	32958-55-7
1803	32958-56-8
1804	105759-40-8
1804	112360-55-1
1804	125146-87-4
1804	130014-36-7
1804	161075-53-2
1804	178861-94-4
1804	232277-88-2
1804	25513-64-8
1804	25620-58-0
1804	3236-53-1
1804	3236-53-1
1804	3236-54-2
1804	3236-54-2
1804	52438-14-9
1804	561306-17-0
1804	72258-26-5
1804	76582-77-9
1804	87748-70-7
1804	93365-28-7
1804	UN2327
1805	28679-16-5
1805	UN2328
1806	16747-26-5
1807	3522-94-9
1808	26628-81-9
1808	75-24-1
1809	127290-36-2
1809	20395-57-7
1809	36642-33-8
1809	75-77-4
1809	UN1298
1810	593-90-8
1811	59382-51-3
1811	81827-35-2
1812	564-02-3
1813	31921-36-5
1813	540-84-1
1814	565-75-3
1815	3282-30-2
1815	UN2438
1816	1825-62-3
1816	871937-41-6
1817	13987-01-4
1817	UN2057
1818	110-88-3
1818	113783-48-5
1819	101-37-1
1820	123-63-7
1820	51289-71-5
1820	UN1264
1821	7756-94-7
1821	UN2324
1822	12165-69-4
1822	UN1343
1823	1317-86-8
1823	1345-04-6
1823	2379331-66-3
1823	28767-59-1
1823	64553-20-4
1823	73912-61-5
1824	1314-85-8
1824	UN1341
1825	39349-94-5
1825	56996-61-3
1825	57762-34-2
1825	59948-56-0
1825	76-13-1
1826	142888-86-6
1826	2431-50-7
1827	1081843-15-3
1827	50-29-3
1828	636-30-6
1829	634-93-5
1830	77001-45-7
1830	95-95-4
1831	88-06-2
1832	32795-97-4
1832	7361-37-7
1832	93-72-1
1833	93-76-5
1834	96-18-4
1835	87-61-6
1836	120-82-1
1837	108-70-3
1838	10025-78-2
1838	UN1295
1839	865-44-1
1840	7718-98-1
1840	UN2475
1841	7719-12-2
1841	UN1809
1842	10124-27-3
1842	10124-27-3
1842	1161430-81-4
1842	1161430-81-4
1842	125690-94-0
1842	125690-94-0
1842	1332483-60-9
1842	1332483-60-9
1842	1818401-35-2
1842	1818401-35-2
1842	195436-38-5
1842	195436-38-5
1842	255839-01-1
1842	255839-01-1
1842	41630-01-7
1842	41630-01-7
1842	7446-70-0
1842	7446-70-0
1842	7784-13-6
1842	7784-13-6
1842	80006-43-5
1842	80006-43-5
1842	UN1726
1842	UN1726
1842	UN2581
1842	UN2581
1843	13478-18-7
1844	10294-34-5
1844	31012-04-1
1844	UN1741
1845	12076-83-4
1845	12542-85-7
1845	15455-52-4
1846	12075-68-2
1846	132071-39-7
1846	22853-46-9
1846	33075-37-5
1846	55949-15-0
1846	8065-64-3
1846	8067-60-5
1847	7784-34-1
1847	8011-67-4
1847	UN1560
1848	7705-07-9
1848	7705-07-9
1848	7705-07-9
1848	UN2441
1848	UN2441
1848	UN2441
1848	UN2869
1848	UN2869
1848	UN2869
1849	10025-91-9
1849	12515-76-3
1849	39357-85-2
1849	59922-49-5
1849	8007-28-1
1849	UN1733
1850	10025-77-1
1850	10025-77-1
1850	121714-78-1
1850	121714-78-1
1850	12178-83-5
1850	12178-83-5
1850	130622-20-7
1850	130622-20-7
1850	18497-67-1
1850	18497-67-1
1850	24290-40-2
1850	24290-40-2
1850	54862-84-9
1850	54862-84-9
1850	58694-78-3
1850	58694-78-3
1850	60684-13-1
1850	60684-13-1
1850	64333-00-2
1850	64333-00-2
1850	7705-08-0
1850	7705-08-0
1850	UN1773
1850	UN1773
1850	UN2582
1850	UN2582
1851	98-07-7
1851	UN2226
1852	67-66-3
1852	8013-54-5
1852	865-49-6
1852	UN1888
1853	79-52-7
1854	76-06-2
1854	UN1580
1855	13533-17-0
1855	15667-48-8
1855	22112-42-1
1855	24688-67-3
1855	42493-39-0
1855	50768-81-5
1855	6087-56-5
1856	15879-93-3
1856	910889-31-5
1857	204864-21-1
1857	7727-18-6
1857	UN2443
1858	10025-87-3
1858	1258871-72-5
1858	39380-77-3
1858	UN1810
1859	62185-70-0
1859	75-69-4
1859	79620-41-0
1859	83589-40-6
1859	91315-61-6
1860	545-06-2
1861	302-17-0
1861	75-87-6
1861	UN2075
1862	76-03-9
1862	UN1839
1863	1081783-08-5
1863	598-99-2
1863	UN2533
1864	71-55-6
1864	74552-83-3
1864	UN2831
1865	79-00-5
1866	52037-46-4
1866	79-01-6
1866	UN1710
1867	76-02-8
1867	UN2442
1868	1062228-50-5
1868	499583-31-2
1868	87-90-1
1868	UN2468
1869	102-70-5
1869	343314-28-3
1869	44905-30-8
1869	UN2610
1870	856948-61-3
1870	99-35-4
1871	489-98-5
1872	189195-39-9
1872	190402-10-9
1872	29663-11-4
1872	856615-63-9
1872	856993-13-0
1872	857370-42-4
1872	88-89-1
1873	101671-90-3
1873	101671-90-3
1873	131-74-8
1873	131-74-8
1873	340127-82-4
1873	340127-82-4
1873	4041-41-2
1873	4041-41-2
1873	405108-60-3
1873	405108-60-3
1873	74893-78-0
1873	74893-78-0
1873	UN0004
1873	UN0004
1874	16047-08-8
1874	3324-58-1
1875	146-84-9
1875	UN1347
1876	2508-19-2
1876	37006-19-2
1876	85600-65-3
1876	UN0386
1877	5400-70-4
1878	28653-16-9
1878	606-35-9
1878	7539-25-5
1878	UN0213
1879	129-66-8
1880	479-45-8
1880	UN0208
1881	4732-14-3
1881	UN0218
1882	632-92-8
1883	118-96-7
1884	RR-64293-3
1885	54413-15-9
1886	RR-02921-0
1886	UN0389
1887	RR-02920-9
1887	UN0388
1888	RR-14297-2
1889	82-71-3
1889	UN0219
1889	UN0394
1890	15245-44-0
1890	4219-19-6
1890	59286-40-7
1890	63918-97-8
1890	6594-85-0
1891	602-99-3
1891	UN0216
1892	88-88-0
1893	2243-94-9
1893	2243-95-0
1893	2364-46-7
1893	55810-17-8
1893	87185-24-8
1893	UN0217
1894	129-79-3
1895	147-82-0
1896	7789-58-4
1897	7789-60-8
1897	UN1808
1898	7727-15-3
1898	7727-15-3
1898	UN1725
1898	UN1725
1898	UN2580
1898	UN2580
1899	10294-33-4
1899	5967-37-3
1899	UN2692
1900	12263-85-3
1901	7784-33-0
1901	UN1555
1902	7789-61-9
1903	2909-52-6
1903	75-25-2
1903	UN2515
1904	115-17-3
1904	29986-20-7
1905	75-96-7
1906	598-16-3
1907	51-18-3
1908	105093-20-7
1908	110670-33-2
1908	112-24-3
1908	1309612-46-1
1908	1404190-34-6
1908	14175-14-5
1908	150139-02-9
1908	193487-08-0
1908	39421-77-7
1908	71124-11-3
1908	801997-18-2
1908	UN2259
1909	10544-73-7
1909	16529-92-3
1909	51974-74-4
1909	91913-71-2
1909	96607-26-0
1909	UN2421
1910	1073145-50-2
1910	1314-34-7
1911	1314-24-5
1911	UN2578
1912	1327-53-3
1912	28380-38-3
1912	856307-43-2
1912	UN1561
1913	12324-05-9
1913	12324-08-2
1913	1333-82-0
1913	UN1463
1914	7446-11-9
1914	UN1829
1915	1200828-44-9
1915	121-44-8
1915	144514-14-7
1915	168277-99-4
1915	172227-74-6
1915	449752-61-8
1915	750564-56-8
1915	UN1296
1916	24748-23-0
1916	489466-64-0
1917	13482-15-0
1917	97-93-8
1918	97-94-9
1919	15606-95-8
1920	617-85-6
1921	100-99-2
1921	130565-62-7
1922	102-69-2
1922	112488-51-4
1922	UN2260
1923	102-82-9
1923	168153-19-3
1923	UN2542
1924	14304-78-0
1924	14687-61-7
1924	14809-44-0
1924	14809-45-1
1924	15422-59-0
1924	15575-20-9
1924	15755-33-6
1924	15755-35-8
1924	16685-55-5
1924	39277-51-5
1924	55624-62-9
1924	7440-38-2
1924	UN1558
1924	UN1562
1925	749262-24-6
1926	1018852-64-6
1926	106495-92-5
1926	1099648-86-8
1926	116443-03-9
1926	12254-95-4
1926	1303-00-0
1926	1434046-67-9
1926	1825302-06-4
1926	1979138-53-8
1926	2009382-57-2
1926	2242959-68-6
1926	2294935-60-5
1926	385800-12-4
1926	817163-73-8
1926	888030-71-5
1926	959925-10-1
1927	7784-42-1
1927	UN2188
1928	12006-40-5
1929	1327-52-2
1929	58076-82-7
1929	7774-41-6
1929	7778-39-4
1929	UN1553
1929	UN1554
1930	24719-13-9
1931	13477-04-8
1931	29871-12-3
1932	1263481-96-4
1932	1314087-58-5
1932	72067-67-5
1932	7784-41-0
1933	10103-60-3
1934	1333-25-1
1934	1450620-86-6
1934	1940140-03-3
1934	2226341-09-7
1934	7778-44-1
1934	UN1573
1935	7784-37-4
1935	UN1623
1936	1263481-96-4
1936	1314087-58-5
1936	72067-67-5
1936	7784-41-0
1937	10103-50-1
1937	1343-96-0
1937	UN1622
1938	13464-38-5
1938	13510-46-8
1939	10102-48-4
1939	7645-25-2
1939	7784-40-9
1940	7784-44-3
1940	UN1546
1941	10048-95-0
1941	1363218-52-3
1941	55957-14-7
1941	7778-43-0
1942	28980-47-4
1943	10102-49-5
1943	UN1606
1944	10103-61-4
1944	13478-34-7
1944	29871-13-4
1944	56626-06-3
1944	7778-41-8
1945	1303-39-5
1945	UN1712
1946	10102-50-8
1946	UN1608
1947	13510-44-6
1947	1535485-71-2
1948	RR-14881-2
1949	RR-14670-3
1950	112-04-9
1950	UN1800
1951	3906-22-7
1952	112-76-5
1953	112-55-0
1953	859759-62-9
1954	4484-72-4
1954	UN1771
1955	112-16-3
1956	5894-60-0
1956	UN1781
1957	112-67-4
1957	902459-02-3
1958	143-50-0
1959	45298-90-6
1960	28788-42-3
1960	493-01-6
1960	493-02-7
1960	91-17-8
1960	UN1147
1961	112-64-1
1961	902459-01-2
1962	13654-09-6
1962	39282-95-6
1963	12001-28-4
1963	12001-29-5
1963	12172-67-7
1963	12172-73-5
1963	12413-45-5
1963	132207-32-0
1963	132207-33-1
1963	1332-21-4
1963	13768-00-8
1963	329202-13-3
1963	77536-66-4
1963	77536-67-5
1963	77536-68-6
1963	77641-59-9
1963	NA2212
1963	UN2590
1964	116010-52-7
1964	121448-83-7
1964	1217187-52-4
1964	50813-73-5
1964	54847-97-1
1964	8030-30-6
1964	8030-31-7
1965	8031-06-9
1965	8032-32-4
1966	RR-142811-1
1967	61789-95-5
1967	64742-49-0
1967	8002-05-9
1967	NA1270
1967	UN1267
1968	110123-49-4
1968	110123-49-4
1968	13967-74-3
1968	13967-74-3
1968	13968-49-5
1968	13968-49-5
1968	13982-30-4
1968	13982-30-4
1968	14119-19-8
1968	14119-19-8
1968	14762-78-8
1968	14762-78-8
1968	15055-11-5
1968	15055-11-5
1968	15757-94-5
1968	15757-94-5
1968	196959-41-8
1968	196959-41-8
1968	378253-47-5
1968	378253-47-5
1968	7440-45-1
1968	7440-45-1
1968	UN1333
1968	UN1333
1968	UN3078
1968	UN3078
1969	RR-14698-5
1970	75-64-9
1970	94896-77-2
1971	81-15-2
1971	UN2956
1972	98-06-6
1973	88-18-6
1974	1334243-56-9
1974	98-54-4
1975	22313-62-8
1976	3006-82-4
1976	3006-82-4
1976	3006-82-4
1976	3006-82-4
1977	RR-112201-6
1977	RR-112201-6
1978	34443-12-4
1979	RR-01796-9
1980	2550-33-6
1981	26748-41-4
1981	26748-41-4
1981	26748-41-4
1981	26748-41-4
1981	26748-41-4
1981	53712-43-9
1981	53712-43-9
1981	53712-43-9
1981	53712-43-9
1981	53712-43-9
1982	927-07-1
1982	927-07-1
1982	927-07-1
1982	928322-98-9
1982	928322-98-9
1982	928322-98-9
1983	96319-55-0
1983	96319-55-0
1984	109-13-7
1984	109-13-7
1985	RR-01751-6
1986	3178-22-1
1987	75-66-1
1988	686-31-7
1989	3425-61-4
1990	29240-17-3
1991	68299-16-1
1992	107-45-9
1992	38724-98-0
1992	77658-17-4
1992	89961-29-5
1993	68153-41-3
1993	9007-13-0
1993	UN1313
1993	UN1314
1994	68956-82-1
1994	UN1318
1995	61789-65-9
1995	62715-48-4
1995	UN2715
1996	9008-34-8
1996	UN1330
1997	9010-69-9
1997	UN2714
1998	37209-35-1
1998	55-91-4
1999	51-75-2
2000	66-75-1
2002	510-15-6
2003	4104-14-7
2003	4157-35-1
2004	1135443-08-1
2004	12680-07-8
2004	12680-62-5
2004	137-26-8
2004	200889-05-0
2004	39456-80-9
2004	56645-31-9
2004	66173-72-6
2004	92481-09-9
2004	93196-73-7
2005	115-26-4
2006	1079126-29-6
2006	111922-61-3
2006	1135443-10-5
2006	12768-61-5
2006	12773-04-5
2006	137-30-4
2006	14459-91-7
2006	17125-91-6
2006	19488-81-4
2006	31300-71-7
2006	50933-80-7
2006	55870-88-7
2006	8059-74-3
2006	8070-07-3
2006	98391-07-2
2007	130530-56-2
2007	130530-56-2
2007	32690-33-8
2007	32690-33-8
2007	95925-09-0
2007	95925-09-0
2007	995-33-5
2007	995-33-5
2009	1941-79-3
2009	66280-55-5
2010	138-86-3
2010	555-08-8
2010	5989-54-8
2010	7705-14-8
2010	8022-90-0
2010	8050-32-6
2010	UN2052
2011	24279-91-2
2012	10217-52-4
2012	7803-57-8
2013	90-02-8
2014	5970-32-1
2014	UN1644
2015	29790-52-1
2015	UN1657
2016	144085-53-0
2016	50-07-7
2016	74349-48-7
2016	7481-68-7
2017	595-90-4
2018	7790-47-8
2019	107716-44-9
2019	151883-00-0
2019	2052-49-5
2020	14518-69-5
2020	713543-17-0
2021	1461-25-2
2022	10036-47-2
2022	12357-40-3
2023	7783-61-1
2023	UN1859
2024	7783-60-0
2024	UN2418
2025	7783-59-7
2026	1519044-53-1
2026	75-73-0
2026	UN1982
2027	42559-34-2
2027	4979-72-0
2028	116-14-3
2028	9014-83-9
2028	UN1081
2029	95-93-2
2030	126977-99-9
2030	141-59-3
2030	UN3023
2031	22288-43-3
2032	149270-29-1
2032	149270-29-1
2032	51240-95-0
2032	51240-95-0
2033	5809-08-5
2034	594-82-1
2035	75-76-3
2035	UN2749
2036	75-74-1
2037	10424-65-4
2037	104422-11-9
2037	105468-35-7
2037	117277-88-0
2037	123626-97-1
2037	1239135-84-2
2037	129653-91-4
2037	129654-61-1
2037	143549-79-5
2037	154636-59-6
2037	195460-17-4
2037	75-59-2
2037	78017-87-5
2037	93615-68-0
2037	950683-29-1
2037	UN1835
2038	110-18-9
2038	1258795-32-2
2038	UN2372
2039	6842-15-5
2039	UN2850
2040	757-58-4
2040	UN1611
2041	RR-02882-0
2041	UN1612
2042	58-90-2
2043	632-21-3
2044	634-66-2
2045	634-90-2
2046	95-94-3
2047	1746-01-6
2047	56795-67-6
2048	10026-07-0
2048	63044-22-4
2048	63044-25-7
2048	63044-26-8
2048	63044-42-8
2048	63091-70-3
2049	53185-66-3
2049	53744-25-5
2049	7632-51-1
2049	UN2444
2050	10026-11-6
2050	12331-30-5
2050	UN2503
2051	10026-04-7
2051	UN1818
2052	13451-08-6
2053	1335-88-2
2053	149864-78-8
2053	149864-79-9
2053	149864-80-2
2053	149864-81-3
2053	149864-82-4
2053	150224-15-0
2053	31604-28-1
2053	3432-57-3
2053	34588-40-4
2053	51570-45-7
2053	53555-63-8
2053	53555-64-9
2053	55720-41-7
2053	55720-42-8
2053	55720-43-9
2053	6529-87-9
2053	6733-54-6
2053	67922-21-8
2053	67922-22-9
2053	67922-23-0
2053	67922-24-1
2054	13463-30-4
2055	15612-71-2
2055	44246-22-2
2055	7550-45-0
2055	UN1838
2056	56-23-5
2056	UN1846
2057	10026-03-6
2058	7646-78-8
2058	UN1827
2058	UN2440
2059	10026-06-9
2059	UN2440
2060	10038-98-9
2061	117-08-8
2061	204975-24-6
2061	858829-10-4
2062	14726-58-0
2062	14952-45-5
2062	192510-78-4
2062	200191-88-4
2062	27617-80-7
2062	50982-02-0
2062	6059-54-7
2063	33685-54-0
2063	79-34-5
2063	UN1702
2064	127-18-4
2064	UN1897
2065	2425-06-1
2065	2939-80-2
2065	30017-05-1
2065	61913-12-0
2066	2217-41-6
2067	5836-29-3
2068	694-05-3
2068	UN2410
2069	123-75-1
2069	UN1922
2070	142-68-7
2071	109-99-9
2071	1693-74-9
2071	77392-70-2
2071	UN2056
2072	100-50-5
2072	84049-08-1
2073	13346-01-5
2073	4795-29-3
2073	UN2943
2074	2426-02-0
2075	110-01-0
2075	UN2412
2076	51778-96-2
2076	56875-27-5
2076	670-54-2
2077	3698-54-2
2078	509-14-8
2078	UN1510
2079	28995-89-3
2080	RR-14301-1
2081	103173-66-6
2081	115633-92-6
2081	1620837-33-3
2081	189084-57-9
2081	189084-61-5
2081	189084-62-6
2081	189084-63-7
2081	243982-82-3
2081	327185-09-1
2081	337513-55-0
2081	337513-68-5
2081	337513-77-6
2081	337513-82-3
2081	40088-47-9
2081	446254-18-8
2081	446254-19-9
2081	446254-20-2
2081	446254-21-3
2081	446254-22-4
2081	446254-23-5
2081	446254-24-6
2081	446254-25-7
2081	446254-26-8
2081	446254-27-9
2081	446254-28-0
2081	446254-29-1
2081	446254-30-4
2081	446254-31-5
2081	446254-32-6
2081	446254-33-7
2081	446254-34-8
2081	446254-35-9
2081	446254-36-0
2081	446254-37-1
2081	446254-38-2
2081	446254-39-3
2081	446254-40-6
2081	446254-41-7
2081	446254-42-8
2081	446254-43-9
2081	446254-45-1
2081	446254-48-4
2081	446254-50-8
2081	5436-43-1
2081	82458-12-6
2081	93703-48-1
2082	7789-65-3
2083	14456-69-0
2083	14526-18-2
2083	7789-67-5
2084	558-13-4
2084	UN2516
2085	79-27-6
2086	1061621-16-6
2086	107324-82-3
2086	112-57-2
2086	1151794-16-9
2086	115254-44-9
2086	675120-38-4
2086	778611-86-2
2086	916431-34-0
2086	951317-92-3
2086	UN2320
2087	12060-19-4
2087	20816-12-0
2087	7446-13-1
2087	UN2471
2088	10544-72-6
2088	1220110-47-3
2089	12684-34-3
2089	1314-41-6
2089	940949-96-2
2090	12676-93-6
2090	12738-47-5
2090	563-12-2
2091	3689-24-5
2091	8054-28-2
2092	107-49-3
2093	78-00-2
2094	588683-10-7
2094	77-98-5
2095	597-64-8
2096	21732-17-2
2096	UN0407
2097	8011-48-1
2098	8006-64-2
2098	8052-40-2
2098	UN1299
2099	1335-76-8
2100	61789-59-1
2100	8002-09-3
2100	8006-88-0
2100	UN1272
2101	8002-16-2
2101	UN1286
2102	57875-67-9
2103	113835-49-7
2103	13968-51-9
2103	14107-52-9
2103	15064-65-0
2103	15064-66-1
2103	15720-55-5
2103	15720-57-7
2103	15743-50-7
2103	18235-46-6
2103	26683-69-2
2103	378784-59-9
2103	378784-61-3
2103	623903-27-5
2103	7440-28-0
2103	82870-81-3
2104	104814-62-2
2104	1391846-91-5
2104	260561-26-0
2104	3087-36-3
2104	334497-44-8
2104	426266-86-6
2104	753456-54-1
2104	97583-04-5
2105	1004522-95-5
2105	1016644-08-8
2105	112797-74-7
2105	1149373-13-6
2105	118815-04-6
2105	119651-13-7
2105	1245903-59-6
2105	128796-34-9
2105	131530-94-4
2105	1352612-45-3
2105	147809-57-2
2105	167709-32-2
2105	176680-01-6
2105	186518-71-8
2105	187601-75-8
2105	195382-13-9
2105	198699-88-6
2105	210407-18-4
2105	216859-04-0
2105	244173-55-5
2105	245654-31-3
2105	255839-65-7
2105	259264-35-2
2105	300564-30-1
2105	310882-94-1
2105	347859-73-8
2105	3651-85-2
2105	366477-01-2
2105	408306-55-8
2105	50336-56-6
2105	505093-57-2
2105	518050-49-2
2105	546-68-9
2105	71515-81-6
2105	73264-97-8
2105	917485-01-9
2105	918419-31-5
2105	94340-28-0
2106	120551-51-1
2106	213750-04-0
2106	216859-03-9
2106	253144-52-4
2106	3087-37-4
2106	79494-49-8
2106	863596-37-6
2106	UN2413
2107	12192-35-7
2107	195068-68-9
2107	261780-86-3
2107	75-20-7
2107	761337-30-8
2107	UN1402
2108	1299-86-1
2108	56320-44-6
2109	623-96-1
2110	616-38-6
2110	UN1161
2111	105-58-8
2111	UN2366
2112	13106-47-3
2112	183480-25-3
2112	278600-28-5
2113	6533-73-9
2114	30714-78-4
2115	75-44-5
2115	957761-04-5
2115	UN1076
2116	353-50-4
2116	UN2417
2117	20684-88-2
2117	463-58-1
2117	UN2204
2118	12612-55-4
2118	13005-31-7
2118	13463-39-3
2118	14875-95-7
2118	36252-60-5
2118	42126-46-5
2118	71327-12-3
2118	848779-18-0
2119	1420-07-1
2120	83-26-1
2121	117011-47-9
2121	13968-50-8
2121	14234-35-6
2121	14331-88-5
2121	14374-79-9
2121	14391-68-5
2121	14683-10-4
2121	14914-68-2
2121	15755-18-7
2121	15755-27-8
2121	15756-29-3
2121	15756-32-8
2121	15756-34-0
2121	15756-35-1
2121	17620-10-9
2121	378253-02-2
2121	378253-03-3
2121	378253-07-7
2121	378253-08-8
2121	73063-67-9
2121	7440-36-0
2121	UN2871
2122	7803-52-3
2122	UN2676
2123	8006-14-2
2124	586-62-9
2124	69073-38-7
2124	UN2541
2125	63394-00-3
2126	69523-06-4
2126	UN1323
2127	RR-14696-3
2128	13426-91-0
2128	45650-15-5
2128	UN1761
2129	8006-99-3
2130	101-57-5
2130	101829-92-9
2130	104-15-4
2130	107514-80-7
2130	1133-17-1
2130	121-03-9
2130	121-65-3
2130	13595-73-8
2130	14159-48-9
2130	1510-16-3
2130	20283-21-0
2130	22356-80-5
2130	2386-47-2
2130	25231-46-3
2130	26590-31-8
2130	28519-04-2
2130	28553-80-2
2130	31169-62-7
2130	31169-63-8
2130	31233-80-4
2130	35452-30-3
2130	3944-72-7
2130	4016-01-7
2130	45164-10-1
2130	52277-26-6
2130	5284-66-2
2130	56008-29-8
2130	594-45-6
2130	60586-80-3
2130	6140-87-0
2130	6140-88-1
2130	617-97-0
2130	69103-65-7
2130	70788-37-3
2130	7134-04-5
2130	7314-37-6
2130	7434-70-0
2130	88-20-0
2130	88-20-0
2130	91-24-7
2130	RR-02838-6
2130	RR-14924-6
2130	UN2583
2130	UN2584
2130	UN2585
2130	UN2586
2131	109-72-8
2131	113339-22-3
2131	13067-81-7
2131	1888-75-1
2131	21369-64-2
2131	2417-93-8
2131	25047-67-0
2131	3314-49-6
2131	3525-31-3
2131	594-19-4
2131	598-30-1
2131	7412-67-1
2131	7488-31-5
2131	811-49-4
2131	917-54-4
2131	920-36-5
2131	95778-75-9
2131	RR-01350-3
2132	1191-15-7
2132	2036-15-9
2132	871-27-2
2132	RR-01361-6
2133	302-27-2
2134	119775-10-9
2134	302-01-2
2134	31886-26-7
2134	75013-58-0
2134	7803-57-8
2134	78206-91-4
2134	UN2029
2135	7787-62-4
2136	7783-66-6
2136	UN2495
2137	137038-30-3
2137	7647-19-0
2137	UN2198
2138	13637-63-3
2138	UN2548
2139	7783-70-2
2139	UN1732
2140	7789-30-2
2140	UN1745
2141	13475-82-6
2141	30586-18-6
2141	UN2286
2142	12066-62-5
2142	129680-27-9
2142	1314-80-3
2142	132620-99-6
2142	16857-09-3
2142	337913-53-8
2142	341007-60-1
2142	342401-47-2
2142	409325-03-7
2142	952005-45-7
2142	UN1340
2143	608-93-5
2144	101802-54-4
2144	1135443-67-2
2144	39390-77-7
2144	87-86-5
2144	UN3155
2145	1142-64-9
2146	RR-14866-3
2147	57117-31-4
2148	123333-54-0
2148	131-52-2
2148	27735-63-3
2148	27735-64-4
2148	UN2567
2149	10026-13-8
2149	UN1806
2150	10241-05-1
2150	UN2508
2151	10026-12-7
2152	7721-01-9
2153	12314-11-3
2153	7647-18-9
2153	UN1730
2153	UN1731
2154	1135443-48-9
2154	39378-26-2
2154	55353-34-9
2154	56573-57-0
2154	82-68-8
2155	76-01-7
2155	UN1669
2156	68133-87-9
2157	13463-40-6
2157	36823-35-5
2157	37220-42-1
2157	540770-45-4
2157	848779-17-9
2157	UN1994
2158	132405-96-0
2158	134206-43-2
2158	1620837-35-5
2158	182346-21-0
2158	189084-64-8
2158	189084-65-9
2158	189084-66-0
2158	32534-81-9
2158	366791-32-4
2158	60348-60-9
2159	7789-69-7
2159	UN2691
2160	12029-98-0
2160	7790-35-4
2161	12503-98-9
2161	1314-62-1
2161	1408062-28-1
2161	166165-37-3
2161	172928-47-1
2161	184892-22-6
2161	200577-85-1
2161	203812-34-4
2161	251927-12-5
2161	410546-90-6
2161	56870-07-6
2161	581075-33-4
2161	828264-64-8
2161	854372-97-7
2161	857777-38-9
2161	863639-26-3
2161	87854-55-5
2161	87854-56-6
2161	934750-46-6
2161	UN2862
2162	1314-56-3
2162	24377-84-2
2162	50811-86-4
2162	59778-57-3
2162	72906-42-4
2162	UN1807
2163	12044-50-7
2163	12355-85-0
2163	1303-28-2
2163	13843-65-7
2163	856565-65-6
2163	UN1559
2164	1128070-79-0
2164	1314-60-9
2164	2098834-39-8
2164	2376284-81-8
2165	71-41-0
2166	113244-42-1
2166	13403-73-1
2166	141459-01-0
2166	6032-29-7
2167	462-94-2
2168	544-13-8
2169	107950-89-0
2169	111-30-8
2169	1428979-54-7
2169	1497435-71-8
2169	37245-61-7
2169	79215-57-9
2170	123-54-6
2170	81235-32-7
2170	UN2310
2171	1574-41-0
2171	2004-70-8
2171	504-60-9
2172	39610-14-5
2172	4264-99-7
2172	591-93-5
2173	107-72-2
2173	UN1728
2174	110-59-8
2175	110-66-7
2176	1679-08-9
2176	20089-07-0
2176	2084-18-6
2176	2084-19-7
2176	616-31-9
2176	RR-01196-1
2176	RR-63190-3
2176	UN1111
2177	1303-97-5
2177	19624-22-7
2177	24378-36-7
2177	24378-37-8
2177	24378-38-9
2177	52712-65-9
2177	64442-81-5
2177	71129-91-4
2177	UN1380
2178	110-62-3
2178	UN2058
2179	627-19-0
2180	107-87-9
2180	UN1249
2181	96-22-0
2181	UN1156
2182	109-67-1
2182	33004-03-4
2182	UN1108
2183	109-68-2
2183	627-20-3
2183	646-04-8
2184	1629-58-9
2185	638-29-9
2185	UN2502
2186	107-37-9
2186	UN1724
2187	106-92-3
2187	112186-06-8
2187	90907-93-0
2187	UN2219
2188	11125-23-8
2188	11133-88-3
2188	12640-29-8
2188	12640-30-1
2188	12641-96-2
2188	12733-65-2
2188	14265-71-5
2188	14687-60-6
2188	15422-57-8
2188	15422-58-9
2188	15758-45-9
2188	19869-93-3
2188	37256-19-2
2188	37258-85-8
2188	37276-15-6
2188	37368-02-8
2188	378784-17-9
2188	378784-19-1
2188	50954-17-1
2188	51882-60-1
2188	7782-49-2
2188	95788-45-7
2189	1306-24-7
2189	1645316-98-8
2189	2196169-62-5
2189	2412416-26-1
2189	2490500-45-1
2189	309242-71-5
2189	695161-38-7
2190	106804-81-3
2190	12069-00-0
2190	1462878-70-1
2190	1879054-37-1
2190	1898210-10-0
2190	2068005-39-8
2190	2222122-62-3
2190	51682-74-7
2191	7783-07-5
2191	UN2202
2192	1214720-55-4
2192	1310-32-3
2193	1034144-42-7
2193	1258273-87-8
2193	1315-09-9
2193	1627498-60-5
2193	309242-70-4
2194	630-10-4
2195	141676-86-0
2195	63090-47-1
2195	7783-08-6
2195	UN1905
2196	7787-41-9
2197	7790-59-2
2198	10102-23-5
2198	13410-01-0
2199	10031-45-5
2199	15123-69-0
2199	877454-24-5
2200	13994-18-8
2200	13994-19-9
2200	14932-42-4
2200	14995-62-1
2200	15151-08-3
2200	15151-09-4
2200	15700-10-4
2200	15751-81-2
2200	17913-80-3
2200	378784-66-8
2200	378784-67-9
2200	378784-91-9
2200	378784-92-0
2200	7440-63-3
2200	UN2036
2200	UN2591
2201	RR-87523-0
2202	100292-13-5
2202	105469-31-6
2202	55-63-0
2202	80066-48-4
2202	8013-23-8
2202	9010-02-0
2202	UN0143
2203	100292-13-5
2203	105469-31-6
2203	55-63-0
2203	80066-48-4
2203	8013-23-8
2203	9010-02-0
2203	UN0143
2204	37189-23-4
2204	9056-38-6
2204	UN0146
2204	UN1337
2205	1116-54-7
2206	RR-14655-4
2207	51602-38-1
2208	124362-83-0
2208	124362-83-0
2208	124362-83-0
2208	124362-83-0
2208	124362-83-0
2208	124362-83-0
2208	124362-83-0
2208	1339-76-0
2208	1339-76-0
2208	1339-76-0
2208	1339-76-0
2208	1339-76-0
2208	1339-76-0
2208	1339-76-0
2208	152264-12-5
2208	152264-12-5
2208	152264-12-5
2208	152264-12-5
2208	152264-12-5
2208	152264-12-5
2208	152264-12-5
2208	188626-79-1
2208	188626-79-1
2208	188626-79-1
2208	188626-79-1
2208	188626-79-1
2208	188626-79-1
2208	188626-79-1
2208	246848-29-3
2208	246848-29-3
2208	246848-29-3
2208	246848-29-3
2208	246848-29-3
2208	246848-29-3
2208	246848-29-3
2208	353274-56-3
2208	353274-56-3
2208	353274-56-3
2208	353274-56-3
2208	353274-56-3
2208	353274-56-3
2208	353274-56-3
2208	37228-31-2
2208	37228-31-2
2208	37228-31-2
2208	37228-31-2
2208	37228-31-2
2208	37228-31-2
2208	37228-31-2
2208	37317-48-9
2208	37317-48-9
2208	37317-48-9
2208	37317-48-9
2208	37317-48-9
2208	37317-48-9
2208	37317-48-9
2208	50935-18-7
2208	50935-18-7
2208	50935-18-7
2208	50935-18-7
2208	50935-18-7
2208	50935-18-7
2208	50935-18-7
2208	60649-57-2
2208	60649-57-2
2208	60649-57-2
2208	60649-57-2
2208	60649-57-2
2208	60649-57-2
2208	60649-57-2
2208	72026-64-3
2208	72026-64-3
2208	72026-64-3
2208	72026-64-3
2208	72026-64-3
2208	72026-64-3
2208	72026-64-3
2208	72026-68-7
2208	72026-68-7
2208	72026-68-7
2208	72026-68-7
2208	72026-68-7
2208	72026-68-7
2208	72026-68-7
2208	8050-69-9
2208	8050-69-9
2208	8050-69-9
2208	8050-69-9
2208	8050-69-9
2208	8050-69-9
2208	8050-69-9
2208	8050-70-2
2208	8050-70-2
2208	8050-70-2
2208	8050-70-2
2208	8050-70-2
2208	8050-70-2
2208	8050-70-2
2208	88386-25-8
2208	88386-25-8
2208	88386-25-8
2208	88386-25-8
2208	88386-25-8
2208	88386-25-8
2208	88386-25-8
2208	9004-70-0
2208	9004-70-0
2208	9004-70-0
2208	9004-70-0
2208	9004-70-0
2208	9004-70-0
2208	9004-70-0
2208	9046-47-3
2208	9046-47-3
2208	9046-47-3
2208	9046-47-3
2208	9046-47-3
2208	9046-47-3
2208	9046-47-3
2208	909342-54-7
2208	909342-54-7
2208	909342-54-7
2208	909342-54-7
2208	909342-54-7
2208	909342-54-7
2208	909342-54-7
2208	UN0340
2208	UN0340
2208	UN0340
2208	UN0340
2208	UN0340
2208	UN0340
2208	UN0340
2208	UN0341
2208	UN0341
2208	UN0341
2208	UN0341
2208	UN0341
2208	UN0341
2208	UN0341
2208	UN0342
2208	UN0342
2208	UN0342
2208	UN0342
2208	UN0342
2208	UN0342
2208	UN0342
2208	UN0343
2208	UN0343
2208	UN0343
2208	UN0343
2208	UN0343
2208	UN0343
2208	UN0343
2208	UN2059
2208	UN2059
2208	UN2059
2208	UN2059
2208	UN2059
2208	UN2059
2208	UN2059
2208	UN2555
2208	UN2555
2208	UN2555
2208	UN2555
2208	UN2555
2208	UN2555
2208	UN2555
2208	UN2556
2208	UN2556
2208	UN2556
2208	UN2556
2208	UN2556
2208	UN2556
2208	UN2556
2208	UN2557
2208	UN2557
2208	UN2557
2208	UN2557
2208	UN2557
2208	UN2557
2208	UN2557
2208	UN3270
2208	UN3270
2208	UN3270
2208	UN3270
2208	UN3270
2208	UN3270
2208	UN3270
2209	8050-88-2
2209	8050-88-2
2210	83-41-0
2211	99-51-4
2212	81-20-9
2213	89-87-2
2214	99-12-7
2215	99-57-0
2216	121-88-0
2217	99-52-5
2218	97-52-9
2219	89-62-3
2219	UN2660
2220	119-32-4
2221	119-33-5
2222	96-96-8
2223	121-17-5
2223	UN2307
2224	121-19-7
2224	8028-22-6
2224	8028-23-7
2225	619-31-8
2226	100-23-2
2226	508191-95-5
2227	2216-15-1
2228	4165-60-0
2228	98-95-3
2228	UN1662
2229	88-74-4
2230	12262-63-4
2230	99-09-2
2231	100-01-6
2231	1309774-69-3
2232	2338-12-7
2232	UN0385
2233	88-75-5
2234	554-84-7
2235	100-02-7
2235	856824-67-4
2235	856824-71-0
2236	1694-92-4
2236	671195-23-6
2237	121-51-7
2238	1623050-71-4
2238	98-74-8
2239	35973-13-8
2239	91-23-6
2240	555-03-3
2240	721942-45-6
2241	100-17-4
2241	721942-42-3
2241	UN2730
2242	619-80-7
2243	610-14-0
2244	121-90-4
2245	122-04-3
2246	3034-19-3
2247	100-16-3
2247	491846-65-2
2247	491846-74-3
2247	UN3376
2248	1091626-85-5
2248	5410-29-7
2249	618-07-5
2250	98-72-6
2251	555-21-5
2252	610-67-3
2253	100-29-8
2254	2530-26-9
2255	104306-52-7
2255	108-03-2
2256	104306-46-9
2256	79-46-9
2257	609-73-4
2258	645-00-1
2259	636-98-6
2260	627-05-4
2261	600-24-8
2262	602-87-9
2263	556-88-7
2263	UN0282
2263	UN1336
2264	57158-05-1
2264	88-72-2
2265	99-08-1
2266	99-99-0
2267	104306-48-1
2267	13031-32-8
2267	75-52-5
2267	UN1261
2268	86-00-0
2269	92-93-3
2270	612-23-7
2271	619-23-8
2272	100-14-1
2273	1355-04-0
2273	561-20-6
2274	581-89-5
2275	86-57-7
2276	556-89-8
2276	UN0147
2277	384-22-5
2277	402-54-0
2277	98-46-4
2277	RR-01305-8
2277	UN2306
2277	UN3431
2278	127173-66-4
2278	132051-98-0
2278	137803-13-5
2278	143983-99-7
2278	182579-52-8
2278	42297-38-1
2278	932-64-9
2279	577-19-5
2280	585-79-5
2281	1425113-44-5
2281	586-78-7
2282	100-11-8
2283	8007-56-5
2283	UN1798
2284	79-24-3
2284	UN2842
2285	1053657-18-3
2285	218625-70-8
2285	7697-37-2
2285	78989-43-2
2285	802862-59-5
2285	UN2031
2285	UN2032
2286	1388628-04-3
2286	1388628-04-3
2286	31432-46-9
2286	31432-46-9
2286	6484-52-2
2286	6484-52-2
2286	893438-76-1
2286	893438-76-1
2286	95255-40-6
2286	95255-40-6
2286	UN0222
2286	UN0222
2286	UN1942
2286	UN1942
2286	UN2426
2286	UN2426
2287	95255-40-6
2287	95255-40-6
2287	RR-00142-3
2287	RR-00142-3
2287	UN2067
2287	UN2067
2287	UN2071
2287	UN2071
2287	UN3375
2287	UN3375
2288	10022-31-8
2288	UN1446
2289	542-15-4
2290	55-68-5
2290	UN1895
2291	10035-06-0
2291	10361-44-1
2291	1079440-70-2
2291	13536-44-2
2291	14550-88-0
2291	15008-64-7
2291	20394-23-4
2291	30880-06-9
2291	35938-70-6
2292	10031-49-9
2292	100641-13-2
2292	10143-38-1
2293	10031-51-3
2293	10168-80-6
2294	10124-37-5
2294	13477-34-4
2294	15842-29-2
2294	260792-08-3
2294	292135-47-8
2294	35054-52-5
2294	56532-05-9
2294	94079-75-1
2294	95680-75-4
2294	UN1454
2295	13746-89-9
2295	13773-58-5
2295	253779-60-1
2295	UN2728
2296	10022-68-1
2296	10325-94-7
2296	14177-24-3
2296	79990-52-6
2297	13548-38-4
2297	20249-21-2
2297	7789-02-8
2297	UN2720
2298	10045-94-0
2298	127026-24-8
2298	13465-31-1
2298	33960-08-6
2298	7783-34-8
2298	8046-70-6
2298	820986-03-6
2298	UN1625
2299	10026-22-9
2299	10141-05-6
2299	14690-59-6
2299	19154-72-4
2300	24011-90-3
2300	506-93-4
2300	52470-25-4
2300	6609-93-4
2301	13494-90-1
2301	27425-77-0
2301	33836-97-4
2301	39394-16-6
2301	63462-65-7
2301	69365-72-6
2302	22113-87-7
2303	7757-79-1
2303	96193-83-8
2303	UN1486
2304	100587-94-8
2304	10099-59-9
2304	10277-43-7
2304	253779-57-6
2304	33247-19-7
2305	10139-58-9
2306	13453-76-4
2306	20693-15-6
2306	7790-69-4
2306	UN2722
2307	100641-16-5
2307	10099-67-9
2308	7784-27-2
2309	10213-15-7
2309	10377-60-3
2309	13446-18-9
2309	15750-45-5
2309	22763-47-9
2309	50908-84-4
2309	UN1474
2310	20694-39-7
2311	15621-57-5
2311	7631-99-4
2311	82850-40-6
2311	862599-22-2
2311	87720-84-1
2311	UN1498
2312	124-47-0
2312	17687-37-5
2313	13138-45-9
2313	13478-00-7
2313	13778-29-5
2313	14216-75-2
2313	16456-84-1
2313	16699-63-1
2313	18534-07-1
2313	23232-50-0
2313	UN2725
2314	RR-14715-9
2315	16454-60-7
2316	134191-62-1
2316	UN1465
2317	13510-48-0
2317	13597-99-4
2317	7787-55-5
2317	UN2464
2318	10361-80-5
2318	14483-17-1
2318	15878-77-0
2319	10099-74-8
2319	18256-98-9
2319	UN1469
2320	13465-08-2
2321	7789-18-6
2321	UN1451
2322	13759-83-6
2323	10108-73-3
2323	10294-41-4
2323	35648-75-0
2323	85874-44-8
2324	16774-21-3
2325	RR-14717-1
2326	RR-14716-0
2327	10042-76-9
2327	13470-05-8
2327	518051-66-6
2327	UN1507
2328	10102-45-1
2329	10421-48-4
2329	1313195-45-7
2329	13476-08-9
2329	23032-72-6
2329	7782-61-8
2329	959928-40-6
2329	UN1466
2330	10031-43-3
2331	10196-18-6
2331	19154-63-3
2331	22842-96-2
2331	7779-88-6
2331	UN1514
2332	326494-11-5
2332	7782-86-7
2333	12337-16-5
2333	13826-66-9
2333	13862-18-5
2333	1428191-24-5
2333	14985-18-3
2333	1822864-97-0
2333	252209-76-0
2333	57993-76-7
2334	625-58-1
2335	13494-98-9
2336	1712-64-7
2336	UN1222
2337	543-87-3
2338	13768-67-7
2338	35725-34-9
2339	13465-14-0
2339	13770-61-1
2339	25954-72-7
2339	33836-96-3
2340	31890-20-7
2340	7761-88-8
2340	8012-12-2
2340	UN1493
2341	627-13-4
2341	UN1865
2342	928-45-0
2343	1002-16-0
2343	UN1112
2344	619-97-6
2345	629-40-3
2346	3710-30-3
2347	1322-69-6
2347	140-66-9
2347	209859-96-1
2347	27193-28-8
2347	29932-96-5
2347	30105-54-5
2347	3884-95-5
2347	62744-41-6
2348	5283-66-9
2348	UN1801
2349	629-05-0
2350	2809-67-8
2351	15232-76-5
2352	1402855-94-0
2352	1942-45-6
2353	301-10-0
2353	75831-41-3
2354	106-68-3
2354	UN2271
2355	111-66-0
2356	111-67-1
2356	13389-42-9
2356	7642-04-8
2357	111-64-8
2358	12793-53-2
2358	12793-53-2
2358	12793-53-2
2358	13982-23-5
2358	13982-23-5
2358	13982-23-5
2358	13982-39-3
2358	13982-39-3
2358	13982-39-3
2358	14833-23-9
2358	14833-23-9
2358	14833-23-9
2358	14833-26-2
2358	14833-26-2
2358	14833-26-2
2358	15743-55-2
2358	15743-55-2
2358	15743-55-2
2358	195161-85-4
2358	195161-85-4
2358	195161-85-4
2358	199281-21-5
2358	199281-21-5
2358	199281-21-5
2358	298688-49-0
2358	298688-49-0
2358	298688-49-0
2358	378784-99-7
2358	378784-99-7
2358	378784-99-7
2358	378785-07-0
2358	378785-07-0
2358	378785-07-0
2358	7440-66-6
2358	7440-66-6
2358	7440-66-6
2358	RR-07072-4
2358	RR-07072-4
2358	RR-07072-4
2358	RR-42039-3
2358	RR-42039-3
2358	RR-42039-3
2358	UN1435
2358	UN1435
2358	UN1435
2358	UN1436
2358	UN1436
2358	UN1436
2359	RR-14782-0
2360	RR-131067-4
2361	14331-90-9
2361	14331-90-9
2361	14391-61-8
2361	14391-61-8
2361	14686-69-2
2361	14686-69-2
2361	14687-62-8
2361	14687-62-8
2361	14809-47-3
2361	14809-47-3
2361	15720-26-0
2361	15720-26-0
2361	15765-38-5
2361	15765-38-5
2361	15765-39-6
2361	15765-39-6
2361	23724-81-4
2361	23724-81-4
2361	378253-42-0
2361	378253-42-0
2361	378253-43-1
2361	378253-43-1
2361	7726-95-6
2361	7726-95-6
2361	UN1744
2361	UN1744
2362	576-23-8
2363	583-71-1
2364	3132-64-7
2364	82584-73-4
2364	UN2558
2365	106-95-6
2365	UN1099
2366	584-48-5
2367	600-00-0
2368	78-77-3
2369	507-19-7
2370	60811-21-4
2371	107-82-4
2371	UN2341
2372	108-86-1
2372	UN2514
2373	615-36-1
2374	591-19-5
2375	106-40-1
2376	95-56-7
2377	591-20-8
2378	106-41-2
2379	98-58-8
2380	104-92-7
2381	7154-66-7
2382	1350454-34-0
2382	586-75-4
2383	5798-79-8
2384	99-73-0
2385	2417-90-5
2386	1009031-47-3
2386	106-96-7
2386	1187488-61-4
2386	UN2345
2387	10327-08-9
2387	598-72-1
2388	590-92-1
2389	598-31-2
2389	UN1569
2390	106-94-5
2391	75-26-3
2392	563-76-8
2392	95673-15-7
2393	7623-16-7
2394	137-43-9
2395	110-53-2
2396	109-65-9
2396	UN1126
2397	5787-31-5
2397	78-76-2
2397	UN2339
2398	100-39-0
2398	1401918-81-7
2398	UN1737
2399	598-22-1
2400	7789-47-1
2401	10035-10-6
2401	62140-56-1
2401	UN1048
2401	UN1788
2402	10035-10-6
2402	62140-56-1
2402	UN1048
2402	UN1788
2403	7789-52-8
2404	10031-18-2
2405	11086-18-3
2405	12330-85-7
2405	7789-40-4
2406	506-96-7
2406	UN1716
2407	111-25-1
2408	95-46-5
2409	591-17-3
2410	106-38-7
2411	1361252-19-8
2411	1519044-64-4
2411	74-83-9
2411	UN1062
2412	RR-01300-3
2412	UN1647
2413	56073-10-0
2413	66052-95-7
2413	80449-88-3
2414	28772-56-7
2415	1452383-17-3
2415	1519044-51-9
2415	62395-25-9
2415	75-63-8
2415	UN1009
2416	7789-31-3
2417	10326-26-8
2417	13967-90-3
2417	UN2719
2418	14518-94-6
2419	7758-01-2
2419	UN1484
2420	7789-36-8
2420	UN1473
2421	38869-75-9
2421	38869-76-0
2421	7789-38-0
2421	UN1494
2422	10031-21-7
2422	34018-28-5
2423	10022-52-3
2423	14519-18-7
2424	13517-27-6
2424	14519-07-4
2424	UN2469
2425	7783-89-3
2426	107-81-3
2426	130321-66-3
2426	UN2343
2427	1867-11-4
2427	540-51-2
2428	592-55-2
2428	UN2340
2429	418768-49-7
2429	418768-50-0
2429	79-08-3
2429	UN3425
2430	96-32-2
2430	UN2643
2431	5292-43-3
2432	105-36-2
2432	679806-14-5
2432	UN1603
2433	29921-57-1
2434	35223-80-4
2435	3675-63-6
2435	74-96-4
2435	UN1891
2436	593-60-2
2436	UN1085
2437	70-11-1
2437	UN2645
2438	598-21-0
2438	UN2513
2439	111-94-4
2440	86-74-8
2441	2597-93-5
2442	10102-20-2
2443	101-77-9
2443	120859-32-7
2443	136601-30-4
2443	148263-71-2
2443	28602-61-1
2443	83712-44-1
2443	UN2651
2444	1135443-40-1
2444	13598-36-2
2445	109-47-7
2445	1809-19-4
2446	12141-20-7
2446	1344-40-7
2446	UN2989
2447	101-02-0
2448	121-45-9
2448	UN2329
2449	122-52-1
2449	UN2323
2450	104927-19-7
2450	110883-84-6
2450	111910-53-3
2450	125289-32-9
2450	152463-65-5
2450	21093-41-4
2450	63921-72-2
2450	65003-85-2
2450	66085-60-7
2450	68720-49-0
2450	70074-94-1
2450	75481-08-2
2450	7782-99-2
2450	80879-60-3
2450	UN1833
2451	10192-30-0
2452	13780-03-5
2452	13846-18-9
2453	7773-03-7
2454	13774-25-9
2455	57414-01-4
2455	69098-86-8
2455	7631-90-5
2455	855924-73-1
2455	89830-27-3
2455	91829-63-9
2456	15457-98-4
2457	14674-72-7
2457	UN1453
2458	66554-51-6
2458	66554-51-6
2458	7758-19-2
2458	7758-19-2
2458	UN1496
2458	UN1496
2459	125687-68-5
2460	27152-57-4
2461	10124-50-2
2461	UN1678
2462	7784-46-5
2462	7784-46-5
2462	UN1686
2462	UN1686
2462	UN2027
2462	UN2027
2463	10031-13-7
2464	91724-16-2
2464	UN1691
2465	28980-48-5
2466	63989-69-5
2466	UN1607
2467	10290-12-7
2467	UN1586
2468	10326-24-6
2469	7784-08-9
2469	UN1683
2470	11140-60-6
2470	7783-00-8
2471	13718-59-7
2472	13780-18-2
2472	856616-83-6
2473	10431-47-7
2474	20960-77-4
2475	15593-61-0
2476	10102-18-8
2476	26970-82-1
2476	29528-97-0
2476	50647-14-8
2477	7782-82-3
2478	15586-47-7
2479	15168-20-4
2480	28041-84-1
2481	138-89-6
2481	UN1369
2482	120-22-9
2483	104-91-6
2484	86-30-6
2485	62-75-9
2486	26192-61-0
2486	7782-78-7
2486	UN2308
2486	UN3456
2487	13446-48-5
2488	1025479-00-8
2488	115216-77-8
2488	13465-94-6
2489	10031-34-2
2489	13780-06-8
2489	182893-14-7
2490	624-91-9
2491	7758-09-0
2491	UN1488
2492	32863-15-3
2492	56227-20-4
2492	7632-00-0
2492	82497-43-6
2492	82998-40-1
2492	UN1500
2493	17861-62-0
2493	UN2726
2494	63885-01-8
2494	UN1512
2495	109-95-5
2495	8013-58-9
2495	UN1194
2496	109-95-5
2496	8013-58-9
2496	UN1194
2497	541-42-4
2498	542-56-3
2499	110-46-3
2500	543-67-9
2501	544-16-1
2501	UN2351
2502	463-04-7
2503	2696-92-6
2503	74734-38-6
2503	UN1069
2504	142-59-6
2505	13473-05-7
2505	137736-93-7
2505	13994-71-3
2505	14163-25-8
2505	239084-98-1
2505	24494-51-7
2505	245503-61-1
2505	25729-41-3
2505	50938-66-4
2505	7440-37-1
2505	75714-55-5
2505	UN1006
2505	UN1951
2506	2820-51-1
2506	UN1656
2506	UN3444
2507	113962-65-5
2507	218625-68-4
2507	51005-19-7
2507	61674-62-2
2507	7647-01-0
2507	7698-05-7
2507	UN1050
2507	UN1789
2507	UN2186
2508	552-46-5
2509	1465-25-4
2510	51-19-4
2511	612-52-2
2512	125937-03-3
2512	623161-88-6
2512	7411-49-6
2512	868272-85-9
2513	612-82-8
2514	20325-40-0
2515	612-83-9
2516	141-85-5
2517	531-85-1
2518	16713-15-8
2519	51-78-5
2520	540-23-8
2521	1415719-73-1
2521	142-04-1
2521	UN1548
2522	27140-08-5
2523	615-28-1
2524	541-69-5
2524	58180-28-2
2525	624-18-0
2526	5786-96-9
2527	316-42-7
2528	1053656-93-1
2528	1338-93-8
2528	14797-70-7
2528	7782-44-7
2528	80217-98-7
2528	80937-33-3
2528	UN1072
2528	UN1073
2529	12231-51-5
2529	1269419-45-5
2529	1304-28-5
2529	UN1884
2530	20780-53-4
2530	20780-54-5
2530	62497-63-6
2530	67253-49-0
2530	96-09-3
2531	1656-48-0
2532	1306-19-0
2532	1436666-97-5
2532	2485700-58-9
2532	2641128-84-7
2533	1344-45-2
2533	21908-53-2
2533	8028-34-0
2534	137422-07-2
2534	26637-95-6
2534	28165-18-6
2534	286-20-4
2535	12136-45-7
2535	1242458-87-2
2535	1343-95-9
2535	37382-43-7
2535	UN2033
2536	1242458-86-1
2536	1313-59-3
2536	37382-45-9
2537	1304-56-9
2537	61279-73-0
2537	61279-74-1
2537	61279-75-2
2537	61279-76-3
2538	1314-32-5
2539	1312-01-2
2539	15829-53-5
2540	1314-12-1
2540	23100-81-4
2541	1302-04-1
2541	20667-12-3
2542	14977-61-8
2542	34848-09-4
2542	7791-14-2
2542	UN1758
2543	7791-25-5
2543	UN1834
2544	7791-23-3
2544	UN2879
2545	1335-31-5
2545	5970-29-6
2545	8011-93-6
2545	UN1642
2546	7789-59-5
2546	UN1939
2546	UN2576
2547	8007-24-7
2548	68476-85-7
2549	351-05-3
2550	119775-09-6
2550	119775-09-6
2550	1391413-98-1
2550	1391413-98-1
2550	42939-70-8
2550	42939-70-8
2550	74-89-5
2550	74-89-5
2550	85404-17-7
2550	85404-17-7
2550	UN1061
2550	UN1061
2551	78-95-5
2551	UN1695
2552	134191-96-1
2552	191542-01-5
2552	73666-77-0
2552	75-45-6
2552	UN1018
2553	7790-99-0
2553	UN1792
2554	10025-67-9
2555	1519044-52-0
2555	185009-43-2
2555	75-72-9
2555	UN1022
2556	12770-91-1
2556	76-15-3
2556	UN1020
2557	107-20-0
2557	65703-76-6
2557	UN2232
2558	7789-33-5
2559	10102-43-9
2559	51005-20-0
2559	51005-21-1
2559	53851-19-7
2559	90452-29-2
2559	UN1660
2560	63907-41-5
2561	10024-97-2
2561	126386-65-0
2561	129451-49-6
2561	130835-71-1
2561	147527-07-9
2561	175876-44-5
2561	794457-85-5
2561	847968-13-2
2561	850203-00-8
2561	UN1070
2561	UN2201
2562	12359-23-8
2562	1309-59-7
2562	1317-36-8
2563	153929-54-5
2563	155399-52-3
2563	162342-48-5
2563	167416-30-0
2563	18421-60-8
2563	192819-80-0
2563	201230-82-2
2563	4906-87-0
2563	630-08-0
2563	724693-69-0
2563	740776-49-2
2563	807306-74-7
2563	82063-46-5
2563	NA9202
2563	UN1016
2564	RR-02846-6
2565	43031-21-6
2565	43031-21-6
2565	75-04-7
2565	75-04-7
2565	85404-16-6
2565	85404-16-6
2565	85404-22-4
2565	85404-22-4
2565	UN2270
2565	UN2270
2566	100-41-4
2566	UN1175
2567	151-56-4
2567	151-56-4
2567	99932-76-0
2567	99932-76-0
2567	UN1185
2567	UN1185
2568	121182-78-3
2568	64-17-5
2568	8000-16-6
2568	8024-45-1
2568	925-93-9
2568	UN1170
2569	879648-13-2
2569	917-58-8
2570	141-52-6
2570	24448-24-6
2571	141-52-6
2571	24448-24-6
2572	107-15-3
2572	6780-13-8
2572	8030-24-8
2572	85404-18-8
2572	UN1604
2573	109-86-4
2573	UN1188
2574	629-14-1
2574	UN1153
2575	110-80-5
2575	96231-36-6
2575	UN1171
2576	109-59-1
2577	2050-60-4
2578	553-90-2
2579	95-92-1
2579	UN2525
2580	79-37-8
2581	11004-81-2
2581	113170-85-7
2581	130995-49-2
2581	2141-27-7
2581	23065-35-2
2581	25948-50-9
2581	362653-08-5
2581	54-64-8
2581	77536-61-9
2581	8030-32-8
2581	8030-33-9
2581	878791-13-0
2582	97-95-0
2582	UN2275
2583	760-21-4
2584	118-44-5
2584	92483-38-0
2585	34256-82-1
2586	1691-99-2
2587	22224-92-6
2588	2104-64-5
2589	117176-66-6
2589	25311-71-1
2589	52907-24-1
2589	61711-63-5
2590	327-98-0
2591	17109-49-8
2592	13194-48-4
2593	944-22-9
2594	578-54-1
2594	UN2273
2595	103-69-5
2595	UN2272
2596	1125-27-5
2596	UN2435
2597	100-71-0
2598	536-78-7
2599	536-75-4
2599	82005-10-5
2600	628-32-0
2600	UN2615
2601	17015-11-1
2601	623-37-0
2602	97-96-1
2602	UN1178
2603	622-57-1
2604	1789-58-8
2604	UN1183
2605	598-14-1
2605	UN1892
2606	1678-91-7
2607	1640-89-7
2608	104-75-6
2608	114272-35-4
2608	UN2276
2609	123-05-7
2609	58712-00-8
2610	619-99-8
2611	102-27-2
2612	104345-12-2
2612	15066-87-2
2612	540-82-9
2613	100-74-3
2614	138222-44-3
2614	766-09-6
2614	UN2386
2615	4151-50-2
2616	115-21-9
2616	UN1196
2617	1086266-62-7
2617	78-07-9
2618	617-78-7
2619	557-31-3
2619	UN2335
2620	5827-05-4
2621	628-81-9
2621	UN1179
2622	2206-26-0
2622	54841-72-4
2622	75-05-8
2622	UN1648
2623	75-08-1
2623	UN2363
2624	29973-13-5
2625	60-29-7
2625	74446-43-8
2625	7578-39-4
2625	927820-24-4
2625	UN1155
2626	1304-00-3
2626	133441-46-0
2626	16970-81-3
2626	19287-45-7
2626	19287-88-8
2626	849231-16-9
2626	UN1911
2627	1632-89-9
2627	75-07-0
2627	UN1089
2628	107-29-9
2628	UN2332
2629	57113-74-3
2629	74-86-2
2629	UN1001
2630	1053656-97-5
2630	1053656-97-5
2630	1186-52-3
2630	1186-52-3
2630	1563-79-7
2630	1563-79-7
2630	1563-80-0
2630	1563-80-0
2630	2845-03-6
2630	2845-03-6
2630	64-19-7
2630	64-19-7
2630	758-12-3
2630	758-12-3
2630	77671-22-8
2630	77671-22-8
2630	78887-71-5
2630	78887-71-5
2630	79562-15-5
2630	79562-15-5
2630	8028-52-2
2630	8028-52-2
2630	UN2790
2630	UN2790
2631	543-80-6
2631	5908-64-5
2632	542-14-3
2633	112415-59-5
2633	1337-06-0
2633	61840-45-7
2633	62-38-4
2633	64684-45-3
2633	8013-47-6
2633	UN1674
2634	108-24-7
2634	16649-49-3
2634	UN1715
2635	148333-06-6
2635	1600-27-7
2635	19701-15-6
2635	6129-23-3
2635	7619-62-7
2635	UN1629
2636	622-45-7
2636	UN2243
2637	12798-32-2
2637	151-38-2
2638	79-20-9
2638	UN1231
2639	122-46-3
2640	543-81-7
2641	301-04-2
2641	6080-56-4
2641	UN1616
2642	1118-14-5
2643	1907-13-7
2644	540-88-5
2645	591-87-7
2645	UN2333
2646	631-60-7
2647	563-68-8
2648	111-15-9
2648	UN1172
2649	10031-87-5
2649	UN1177
2650	106139-40-6
2650	108-05-4
2650	172702-77-1
2650	220713-36-0
2650	61891-42-7
2650	82041-23-4
2650	85306-26-9
2650	UN1301
2651	141-78-6
2651	UN1173
2652	108-22-5
2652	UN2403
2653	108-21-4
2653	UN1220
2654	110-19-0
2654	UN1213
2655	123-92-2
2655	29732-50-1
2656	109-60-4
2656	UN1276
2657	123-86-4
2658	142-92-7
2659	628-63-7
2659	UN1104
2660	105-46-4
2660	116698-48-7
2661	74-84-0
2661	UN1035
2662	33060-30-9
2662	74-85-1
2662	87701-64-2
2662	87701-65-3
2662	UN1038
2663	110-75-8
2664	100-40-3
2664	92619-43-7
2665	77-77-0
2666	100-69-6
2667	100-43-6
2667	80347-34-8
2668	100-80-1
2668	1202865-10-8
2668	1216569-45-7
2668	1321-45-5
2668	25013-15-4
2668	611-15-4
2668	UN2618
2669	1195-32-0
2670	127290-37-3
2670	75-94-5
2670	UN1305
2671	5628-99-9
2672	109-92-2
2672	UN1302
2673	24342-03-8
2674	1029220-79-8
2674	1633690-46-6
2674	78-08-0
2675	122-80-5
2676	3179-56-4
2676	3179-56-4
2677	2130-41-8
2677	6144-29-2
2677	674-82-8
2677	UN2521
2678	5543-56-6
2678	5543-57-7
2678	56573-89-8
2678	81-81-2
2679	1520-57-6
2679	19259-90-6
2679	75-36-5
2679	UN1717
2680	591-08-2
2681	11075-32-4
2681	12002-03-8
2681	1299-88-3
2681	UN1585
2682	94-70-2
2683	621-33-0
2684	156-43-4
2685	119-38-0
2686	2631-37-0
2686	31677-56-2
2686	4111-89-1
2687	1918-16-7
2687	63704-81-4
2688	98-82-8
2688	UN1918
2689	64-00-6
2690	26637-80-9
2690	26762-93-6
2690	79554-48-6
2690	80-24-0
2690	98-49-7
2691	75-33-2
2692	108-20-3
2692	UN1159
2693	78-80-8
2694	78-81-9
2694	UN1214
2695	538-93-2
2696	3788-32-7
2697	109-53-5
2697	UN1304
2698	78-82-0
2698	UN2284
2699	26140-46-5
2699	78-84-2
2699	UN2045
2700	79-31-2
2700	UN2529
2701	1366133-49-4
2701	97-72-3
2702	547-63-7
2703	97-62-1
2703	UN2385
2704	617-50-5
2704	UN2406
2705	97-85-8
2705	UN2528
2706	644-49-5
2707	100494-20-0
2707	1326305-81-0
2707	70357-15-2
2707	75-28-5
2707	UN1969
2708	115-11-7
2708	UN1055
2709	120126-85-4
2709	79-30-1
2709	UN2395
2710	101701-80-8
2710	102771-74-4
2710	105439-02-9
2710	110648-35-6
2710	111093-75-5
2710	1186289-22-4
2710	1199811-14-7
2710	1211316-62-9
2710	124961-52-0
2710	129212-17-5
2710	135454-41-0
2710	146282-59-9
2710	146665-38-5
2710	149579-36-2
2710	1548444-15-0
2710	158750-30-2
2710	194936-84-0
2710	26602-93-7
2710	4098-71-9
2710	50974-99-7
2710	52985-93-0
2710	63793-40-8
2710	66708-07-4
2710	70936-97-9
2710	74091-63-7
2710	74520-92-6
2710	88778-74-9
2710	UN2290
2711	68975-47-3
2711	UN2287
2712	27236-46-0
2712	UN2288
2713	551-06-4
2714	103-72-0
2715	107231-30-1
2715	50888-64-7
2715	50978-48-8
2715	57-06-7
2715	58391-87-0
2715	8007-40-7
2715	UN1545
2716	2999-46-4
2717	28479-22-3
2717	UN2236
2717	UN3428
2718	1025436-18-3
2718	103-71-9
2718	UN2487
2719	100-28-7
2720	2493-02-9
2721	102-36-3
2722	3173-53-3
2722	UN2488
2723	624-83-9
2723	UN2480
2724	329-01-1
2725	112-96-9
2725	156520-08-0
2726	1609-86-5
2726	44584-76-1
2726	945715-84-4
2726	UN2484
2727	1025436-17-2
2727	109-90-0
2727	UN2481
2728	1795-48-8
2728	UN2483
2729	1873-29-6
2729	UN2486
2730	110-78-1
2730	UN2482
2731	111-36-4
2731	UN2485
2732	54650-95-2
2732	6659-58-1
2732	87-33-2
2733	107-85-7
2734	19533-24-5
2735	625-28-5
2736	556-24-1
2736	UN2400
2737	108-64-5
2737	117442-70-3
2738	32665-23-9
2738	626-54-0
2739	108-12-3
2740	11070-05-6
2740	1281-99-8
2740	26635-64-3
2740	92045-49-3
2741	5026-76-6
2742	206-44-0
2742	93951-69-0
2743	1191-80-6
2743	UN1640
2744	64742-24-1
2744	UN1906
2745	115-80-0
2746	149-73-5
2746	251301-35-6
2747	122-51-0
2747	UN2524
2748	1445-45-0
2749	3090-36-6
2750	8013-75-0
2750	UN1201
2751	8008-51-3
2751	UN1130
2752	7782-65-2
2752	UN2192
2753	37203-43-3
2754	303-47-9
2755	103-65-1
2755	74296-31-4
2755	UN2364
2756	2040-96-2
2757	107-03-9
2758	111-43-3
2758	UN2384
2759	109-73-9
2759	42939-72-0
2759	50929-03-8
2759	85404-21-3
2759	UN1125
2760	1135441-25-6
2760	17804-35-2
2760	39357-40-9
2760	52683-56-4
2761	107569-51-7
2761	1154866-91-7
2761	220713-25-7
2761	42031-19-6
2761	71-36-3
2762	104-51-8
2762	74296-32-5
2763	1126-78-9
2763	UN2738
2764	2040-95-1
2765	4316-42-1
2765	UN2690
2766	111-34-2
2766	UN2352
2767	109-74-0
2767	UN2411
2768	109-79-5
2769	142-96-1
2770	123-72-8
2770	UN1129
2771	107-92-6
2771	UN2820
2772	623-42-7
2772	UN1237
2773	123-20-6
2773	UN2838
2774	105-54-4
2774	UN1180
2775	638-11-9
2775	UN2405
2776	105-66-8
2777	109-21-7
2778	106-97-8
2778	UN1011
2779	141-75-3
2779	UN2353
2780	111-68-2
2781	111-71-7
2781	UN3056
2782	142-82-5
2782	33838-52-7
2782	44607-13-8
2782	8031-33-2
2783	12547-31-8
2783	681-84-5
2783	UN2606
2784	124-18-5
2784	UN2247
2785	111-26-2
2785	85404-23-5
2786	66-25-1
2786	UN1207
2787	106-70-7
2788	123-66-0
2788	8068-81-3
2789	110-54-3
2789	8031-34-3
2790	1021417-41-3
2790	1053657-23-0
2790	178560-73-1
2790	28602-75-7
2790	7664-38-2
2790	959699-83-3
2790	UN1805
2790	UN3453
2791	110-58-7
2792	109-52-4
2792	12124-87-7
2793	624-24-8
2794	539-82-2
2795	141-06-0
2796	109-66-0
2796	8031-35-4
2797	124-12-9
2798	111-88-6
2799	111-65-9
2799	17252-77-6
2799	31372-91-5
2800	122961-18-6
2800	142731-63-3
2800	17404-66-9
2800	186825-36-5
2800	186825-39-8
2800	186825-40-1
2800	26543-97-5
2800	30784-30-6
2800	521947-27-3
2800	52427-13-1
2800	58865-77-3
2800	84852-15-3
2800	91000-35-0
2801	13250-12-9
2801	13952-84-6
2801	33966-50-6
2801	513-49-5
2802	485-31-4
2803	152212-20-9
2803	39403-80-0
2803	88-85-7
2804	135-98-8
2804	36383-15-0
2805	14691-87-3
2806	13940-38-0
2807	625-30-9
2807	63493-28-7
2808	17427-62-2
2808	64173-96-2
2809	17427-63-3
2809	18811-72-8
2809	19361-54-7
2809	2657-00-3
2809	369657-03-4
2809	55967-39-0
2810	114749-73-4
2810	23573-24-2
2810	36451-09-9
2811	1001756-09-7
2811	138860-89-6
2811	28020-74-8
2811	3770-97-6
2811	68959-13-7
2812	136-35-6
2813	16835-99-7
2813	334-88-3
2813	463-60-5
2813	62024-16-2
2814	623-73-4
2815	7789-09-5
2815	UN1439
2816	10031-16-0
2816	13477-01-5
2817	7778-50-9
2818	10022-48-7
2818	13843-81-7
2819	RR-14713-7
2820	1018900-84-9
2820	10588-01-9
2820	1088355-13-8
2820	12018-32-5
2820	1391351-00-0
2820	7789-12-0
2821	13530-67-1
2822	13675-47-3
2823	14018-95-2
2824	7784-02-3
2825	1053658-43-7
2825	1076-43-3
2825	1173023-23-8
2825	174973-66-1
2825	54682-86-9
2825	71-43-2
2825	UN1114
2826	1051930-86-9
2826	5989-27-5
2826	7705-13-7
2826	94765-75-0
2826	95327-98-3
2827	148-82-3
2827	8057-25-8
2828	RR-131068-5
