12412-94-1	"Present ([PC014])" As Lead compounds [RR-00630-4]
102-99-8	"Present ([PC008])" As Mercury compounds [RR-00138-7]
21180-26-7	"Present ([PC014])" As Lead compounds [RR-00630-4]
186825-36-5	"Present ([PC016])" As Nonylphenols [25154-52-3];
21908-53-2	"Present ([PC008])" As Mercury compounds [RR-00138-7]
14931-82-9	"Present ([PC014])" As Lead compounds [RR-00630-4]
1451592-07-6	"Present ([PC014])" As Lead compounds [RR-00630-4]
2533-82-6	"Present ([PC019])" As Arsenic compounds [RR-00625-7]
20039-37-6	"Present ([PC010])" As Chromium hexavalent compounds [RR-00026-0]
2042-50-4	"Present ([PC008])" As Mercury compounds [RR-00138-7]
102110-60-1	"Present ([PC014])" As Lead compounds [RR-00630-4]
107-28-8	"Present ([PC008])" As Mercury compounds [RR-00138-7]
15696-43-2	"Present ([PC014])" As Lead compounds [RR-00630-4]
16593-57-0	"Present ([PC007])" As Cadmium compounds [RR-00559-4]
10177-50-1	"Present ([PC014])" As Lead compounds [RR-00630-4]
13675-47-3	"Present ([PC010])" As Chromium hexavalent compounds [RR-00026-0]
12271-72-6	"Present ([PC019])" As Arsenic compounds [RR-00625-7]
139-84-4	"Present ([PC016])" As Nonylphenols [25154-52-3]
126857-68-9	"Present ([PC014])" As Lead compounds [RR-00630-4]
13478-14-3	"Present ([PC019])" As Arsenic compounds [RR-00625-7]
131599-74-1	"Present ([PC019])" As Arsenic compounds [RR-00625-7]
1537199-53-3	"Present ([PC008])" As Mercury compounds [RR-00138-7]
12006-10-9	"Present ([PC019])" As Arsenic compounds [RR-00625-7]
1072-35-1	"Present ([PC014])" As Lead compounds [RR-00630-4]
12255-80-0	"Present ([PC019])" As Arsenic compounds [RR-00625-7]
1665-00-5	"Present ([PC006])" As Methane, dichloro- [75-09-2]
135849-93-3	"Present ([PC014])" As Lead compounds [RR-00630-4]
1191-79-3	"Present ([PC007])" As Cadmium compounds [RR-00559-4]
15600-62-1	"Present ([PC007])" As Cadmium compounds [RR-00559-4]
16180-04-4	"Present ([PC014])" As Lead compounds [RR-00630-4]
127795-79-3	"Present ([PC019])" As Arsenic compounds [RR-00625-7]
102110-57-6	"Present ([PC008])" As Mercury compounds [RR-00138-7]
27288-14-8	"Present ([PC016])" As Nonylphenol, ethoxylated [9016-45-9]
103-27-5	"Present ([PC008])" As Mercury compounds [RR-00138-7]
303114-50-3	"Present ([PC007])" As Cadmium compounds [RR-00559-4]
29138-86-1	"Present ([PC008])" As Mercury compounds [RR-00138-7]
23319-66-6	"Present ([PC008])" As Mercury compounds [RR-00138-7]
1319-86-4	"Present ([PC008])" As Mercury compounds [RR-00138-7]
2215-16-9	"Present ([PC019])" As Arsenic compounds [RR-00625-7]
10325-94-7	"Present ([PC007])" As Cadmium compounds [RR-00559-4]
12002-19-6	"Present ([PC008])" As Mercury compounds [RR-00138-7]
12626-81-2	"Present ([PC014])" As Lead compounds [RR-00630-4]
33627-12-2	"Present ([PC014])" As Lead compounds [RR-00630-4]
12006-05-2	"Present ([PC019])" As Arsenic compounds [RR-00625-7]
20582-71-2	"Present ([PC008])" As Mercury compounds [RR-00138-7]
101319-72-6	"Present ([PC019])" As Arsenic compounds [RR-00625-7]
136-83-4	"Present ([PC016])" As Nonylphenols [25154-52-3]
120674-92-2	"Present ([PC008])" As Mercury compounds [RR-00138-7]
18532-58-6	"Present ([PC007])" As Cadmium compounds [RR-00559-4]
14674-83-0	"Present ([PC019])" As Arsenic compounds [RR-00625-7]
12013-69-3	"Present ([PC014])" As Lead compounds [RR-00630-4]
15521-60-5	"Present ([PC014])" As Lead compounds [RR-00630-4]
16986-83-7	"Present ([PC007])" As Cadmium compounds [RR-00559-4]
13510-72-0	"Present ([PC019])" As Arsenic compounds [RR-00625-7]
133927-17-0	"Present ([PC019])" As Arsenic compounds [RR-00625-7]
22541-54-4	"Present ([PC019])" As Arsenic compounds [RR-00625-7]
104339-46-0	"Present ([PC008])" As Mercury compounds [RR-00138-7]
30719-10-9	"Present ([PC014])" As Lead compounds [RR-00630-4]
10103-61-4	"Present ([PC019])" As Arsenic compounds [RR-00625-7]
124-08-3	"Present ([PC008])" As Mercury compounds [RR-00138-7]
286015-24-5	"Present ([PC016])" As Nonylphenol, ethoxylated [9016-45-9]
13266-07-4	"Present ([PC014])" As Lead compounds [RR-00630-4]
2408592-97-0	"Present ([PC016])" As Nonylphenol, ethoxylated [9016-45-9]
111776-55-7	"Present ([PC019])" As Arsenic compounds [RR-00625-7]
15375-94-7	"Present ([PC008])" As Mercury compounds [RR-00138-7]
34018-28-5	"Present ([PC014])" As Lead compounds [RR-00630-4]
304-90-5	"Present ([PC008])" As Mercury compounds [RR-00138-7]
127-85-5	"Present ([PC019])" As Arsenic compounds [RR-00625-7]
22750-54-5	"Present ([PC007])" As Cadmium compounds [RR-00559-4]
30366-55-3	"Present ([PC008])" As Mercury compounds [RR-00138-7]
13464-37-4	"Present ([PC019])" As Arsenic compounds [RR-00625-7]
21150-88-9	"Present ([PC007])" As Cadmium compounds [RR-00559-4]
101357-03-3	"Present ([PC007])" As Cadmium compounds [RR-00559-4]
2605-44-9	"Present ([PC007])" As Cadmium compounds [RR-00559-4]
2847-16-7	"Present ([PC007])" As Cadmium compounds [RR-00559-4]
107067-98-1	"Present ([PC019])" As Arsenic compounds [RR-00625-7]
29597-84-0	"Present ([PC014])" As Lead compounds [RR-00630-4]
111274-79-4	"Present ([PC015])" As Perfluorooctanesulfonic acid, potassium salt [2795-39-3]
35171-52-9	"Present ([PC019])" As Arsenic compounds [RR-00625-7]
10022-68-1	"Present ([PC007])" As Cadmium compounds [RR-00559-4]
100402-96-8	"Present ([PC014])" As Lead compounds [RR-00630-4]
13566-17-1	"Present ([PC014])" As Lead compounds [RR-00630-4]
167140-06-9	"Present ([PC016])" As Nonylphenol, ethoxylated [9016-45-9]
20890-10-2	"Present ([PC014])" As Lead compounds [RR-00630-4]
3124-01-4	"Present ([PC014])" As Lead compounds [RR-00630-4]
16105-06-9	"Present ([PC007])" As Cadmium compounds [RR-00559-4]
15139-70-5	"Present ([PC007])" As Cadmium [7440-43-9];
125634-26-6	"Present ([PC014])" As Lead compounds [RR-00630-4]
132-33-2	"Present ([PC019])" As Arsenic compounds [RR-00625-7]
125694-36-2	"Present ([PC019])" As Arsenic compounds [RR-00625-7]
110781-07-2	"Present ([PC019])" As Arsenic compounds [RR-00625-7]
16685-55-5	"Present ([PC019])" As Arsenic [7440-38-2];
1068-23-1	"Present ([PC014])" As Lead compounds [RR-00630-4]
139281-67-7	"Present ([PC016])" As Nonylphenol, ethoxylated [9016-45-9]
15422-59-0	"Present ([PC019])" As Arsenic [7440-38-2];
17329-48-5	"Present ([PC007])" As Cadmium compounds [RR-00559-4]
11103-60-9	"Present ([PC016])" As Nonylphenol, ethoxylated [9016-45-9]
142985-89-5	"Present ([PC016])" As Nonylphenol, ethoxylated [9016-45-9]
102110-30-5	"Present ([PC007])" As Cadmium compounds [RR-00559-4]
14518-94-6	"Present ([PC007])" As Cadmium compounds [RR-00559-4]
126999-21-1	"Present ([PC019])" As Arsenic compounds [RR-00625-7]
1664-98-8	"Present ([PC009])" As Formaldehyde [50-00-0]
2388-00-3	"Present ([PC014])" As Lead compounds [RR-00630-4]
15385-58-7	"Present ([PC008])" As Mercury compounds [RR-00138-7]
16565-94-9	"Present ([PC010])" As Chromium hexavalent compounds [RR-00026-0]
116473-38-2	"Present ([PC019])" As Arsenic compounds [RR-00625-7]
10361-02-1	"Present ([PC008])" As Mercury compounds [RR-00138-7]
28302-54-7	"Present ([PC007])" As Cadmium compounds [RR-00559-4]
19651-80-0	"Present ([PC014])" As Lead compounds [RR-00630-4]
122961-18-6	"Present ([PC016])" As 4-Nonylphenol, branched [84852-15-3]
111242-85-4	"Present ([PC019])" As Arsenic compounds [RR-00625-7]
156234-43-4	"Present ([PC008])" As Mercury compounds [RR-00138-7]
107498-96-4	"Present ([PC019])" As Arsenic compounds [RR-00625-7]
10175-28-7	"Present ([PC008])" As Mercury compounds [RR-00138-7]
30051-53-7	"Present ([PC014])" As Lead compounds [RR-00630-4]
13755-33-4	"Present ([PC007])" As Cadmium compounds [RR-00559-4]
12255-50-4	"Present ([PC019])" As Arsenic compounds [RR-00625-7]
125687-68-5	"Present ([PC019])" As Arsenic compounds [RR-00625-7]
13510-31-1	"Present ([PC019])" As Arsenic compounds [RR-00625-7]
24719-19-5	"Present ([PC019])" As Arsenic compounds [RR-00625-7]
2191-10-8	"Present ([PC007])" As Cadmium compounds [RR-00559-4]
1344-36-1	"Present ([PC014])" As Lead compounds [RR-00630-4]
180129-52-6	"Present ([PC014])" As Lead compounds [RR-00630-4]
15755-35-8	"Present ([PC019])" As Arsenic [7440-38-2];
112070-47-0	"Present ([PC019])" As Arsenic compounds [RR-00625-7]
11098-16-1	"Present ([PC016])" As Nonylphenol, ethoxylated [9016-45-9]
22450-90-4	"Present ([PC008])" As Mercury compounds [RR-00138-7]
29729-00-8	"Present ([PC014])" As Lead compounds [RR-00630-4]
14409-72-4	"Present ([PC016])" As Nonylphenol, ethoxylated [9016-45-9]
151-38-2	"Present ([PC008])" As Mercury compounds [RR-00138-7]
12029-23-1	"Present ([PC014])" As Lead compounds [RR-00630-4]
202936-22-9	"Present ([PC016])" As Nonylphenol, ethoxylated [9016-45-9]
143-36-2	"Present ([PC008])" As Mercury compounds [RR-00138-7]
2845-00-3	"Present ([PC008])" As Mercury compounds [RR-00138-7]
29871-10-1	"Present ([PC019])" As Arsenic compounds [RR-00625-7]
13510-46-8	"Present ([PC019])" As Arsenic compounds [RR-00625-7]
14687-61-7	"Present ([PC019])" As Arsenic [7440-38-2];
106-99-0	Present ([PC002])
108171-26-2	Present ([PC005])
1163-19-5	Present ([PC020])
120-82-1	Present ([PC001])
127-18-4	Present ([PC021])
1763-23-1	Present ([PC015])
134237-50-6	Present ([PC012])
134237-51-7	Present ([PC012])
134237-52-8	Present ([PC012])
29081-56-9	Present ([PC015])
29457-72-5	Present ([PC015])
3194-55-6	Present ([PC012])
307-35-7	Present ([PC015])
251099-16-8	Present ([PC015])
25154-52-3	Present ([PC016])
25637-99-4	Present ([PC012])
2795-39-3	Present ([PC015])
27417-40-9	Present ([PC004])
27152-57-4	"Present ([PC019])" As Arsenic compounds [RR-00625-7]
12268-84-7	"Present ([PC014])" As Lead compounds [RR-00630-4]
1762-26-1	"Present ([PC014])" As Lead compounds [RR-00630-4]
13453-62-8	"Present ([PC014])" As Lead compounds [RR-00630-4]
18897-36-4	"Present ([PC007])" As Cadmium compounds [RR-00559-4]
35498-15-8	"Present ([PC014])" As Lead compounds [RR-00630-4]
12006-12-1	"Present ([PC019])" As Arsenic compounds [RR-00625-7]
33724-17-3	"Present ([PC008])" As Mercury compounds [RR-00138-7]
13465-31-1	"Present ([PC008])" As Mercury compounds [RR-00138-7]
13701-66-1	"Present ([PC007])" As Cadmium compounds [RR-00559-4]
1067-14-7	"Present ([PC014])" As Lead compounds [RR-00630-4]
131500-00-0	"Present ([PC008])" As Mercury compounds [RR-00138-7];
31724-50-2	"Present ([PC008])" As Mercury compounds [RR-00138-7]
104325-08-8	"Present ([PC008])" As Mercury compounds [RR-00138-7]
28837-97-0	"Present ([PC019])" As Arsenic compounds [RR-00625-7]
116-49-4	"Present ([PC019])" As Arsenic compounds [RR-00625-7]
127620-35-3	"Present ([PC008])" As Mercury compounds [RR-00138-7]
11129-14-9	"Present ([PC007])" As Cadmium compounds [RR-00559-4]
12254-88-5	"Present ([PC019])" As Arsenic compounds [RR-00625-7]
112-52-7	"Present ([PC005])" As Alkanes, C10-13, chloro [85535-84-8]
130680-19-2	"Present ([PC014])" As Lead compounds [RR-00630-4]
19651-91-3	"Present ([PC007])" As Cadmium compounds [RR-00559-4]
3141-12-6	"Present ([PC019])" As Arsenic compounds [RR-00625-7]
127917-29-7	"Present ([PC014])" As Lead compounds [RR-00630-4]
10338-79-1	"Present ([PC008])" As Mercury compounds [RR-00138-7]
126-82-9	"Present ([PC019])" As Arsenic compounds [RR-00625-7]
1191-80-6	"Present ([PC008])" As Mercury compounds [RR-00138-7]
36211-44-6	"Present ([PC007])" As Cadmium compounds [RR-00559-4]
14450-60-3	"Present ([PC014])" As Lead compounds [RR-00630-4]
152923-45-0	"Present ([PC008])" As Mercury compounds [RR-00138-7]
144-21-8	"Present ([PC019])" As Arsenic compounds [RR-00625-7]
12005-89-9	"Present ([PC019])" As Arsenic compounds [RR-00625-7]
102516-61-0	"Present ([PC019])" As Arsenic compounds [RR-00625-7]
30623-04-2	"Present ([PC007])" As Cadmium compounds [RR-00559-4]
27685-51-4	"Present ([PC008])" As Mercury compounds [RR-00138-7]
1809431-45-5	"Present ([PC016])" As Nonylphenol, ethoxylated [9016-45-9]
23471-23-0	"Present ([PC008])" As Mercury compounds [RR-00138-7]
116739-98-1	"Present ([PC014])" As Lead compounds [RR-00630-4]
107793-15-7	"Present ([PC019])" As Arsenic compounds [RR-00625-7]
148-61-8	"Present ([PC008])" As Mercury compounds [RR-00138-7]
13446-72-5	"Present ([PC010])" As Chromium hexavalent compounds [RR-00026-0]
18917-82-3	"Present ([PC014])" As Lead compounds [RR-00630-4]
15773-52-1	"Present ([PC014])" As Lead compounds [RR-00630-4]
2162-98-3	"Present ([PC005])" As Alkanes, C10-13, chloro [85535-84-8]
12255-48-0	"Present ([PC019])" As Arsenic compounds [RR-00625-7]
1344-38-3	"Present ([PC014])" As Lead compounds [RR-00630-4]
16509-11-8	"Present ([PC008])" As Mercury compounds [RR-00138-7]
36465-76-6	"Present ([PC019])" As Arsenic compounds [RR-00625-7]
14445-91-1	"Present ([PC010])" As Chromium hexavalent compounds [RR-00026-0]
106097-60-3	"Present ([PC019])" As Arsenic compounds [RR-00625-7]
1327-52-2	"Present ([PC019])" As Arsenic compounds [RR-00625-7]
12403-82-6	"Present ([PC014])" As Lead compounds [RR-00630-4]
13437-80-4	"Present ([PC008])" As Mercury compounds [RR-00138-7]
1227908-26-0	"Present ([PC014])" As Lead compounds [RR-00630-4]
12626-36-7	"Present ([PC007])" As Cadmium compounds [RR-00559-4]
100656-55-1	"Present ([PC007])" As Cadmium compounds [RR-00559-4];
29977-13-7	"Present ([PC007])" As Cadmium compounds [RR-00559-4]
1308-09-4	"Present ([PC010])" As Chromium hexavalent compounds [RR-00026-0]
3076-91-3	"Present ([PC008])" As Mercury compounds [RR-00138-7]
1126-48-3	"Present ([PC008])" As Mercury compounds [RR-00138-7]
15195-00-3	"Present ([PC019])" As Arsenic compounds [RR-00625-7]
20534-94-5	"Present ([PC014])" As Lead compounds [RR-00630-4]
132295-57-9	"Present ([PC007])" As Cadmium compounds [RR-00559-4]
12059-89-1	"Present ([PC014])" As Lead compounds [RR-00630-4]
20648-91-3	"Present ([PC007])" As Cadmium compounds [RR-00559-4]
12137-74-5	"Present ([PC014])" As Lead compounds [RR-00630-4]
3570-80-7	"Present ([PC008])" As Mercury compounds [RR-00138-7]
12612-47-4	"Present ([PC014])" As Lead compounds [RR-00630-4]
13766-44-4	"Present ([PC008])" As Mercury compounds [RR-00138-7]
30363-28-1	"Present ([PC007])" As Cadmium compounds [RR-00559-4]
108821-73-4	"Present ([PC019])" As Arsenic compounds [RR-00625-7]
24558-49-4	"Present ([PC007])" As Cadmium compounds [RR-00559-4]
22739-14-6	"Present ([PC019])" As Arsenic compounds [RR-00625-7]
35745-11-0	"Present ([PC019])" As Arsenic compounds [RR-00625-7]
112285-95-7	"Present ([PC019])" As Arsenic compounds [RR-00625-7]
1314-91-6	"Present ([PC014])" As Lead compounds [RR-00630-4]
15122-58-4	"Present ([PC019])" As Arsenic compounds [RR-00625-7]
31632-68-5	"Present ([PC008])" As Mercury compounds [RR-00138-7]
28953-04-0	"Present ([PC008])" As Mercury compounds [RR-00138-7]
15755-33-6	"Present ([PC019])" As Arsenic [7440-38-2];
16056-34-1	"Present ([PC008])" As Mercury compounds [RR-00138-7]
32680-29-8	"Present ([PC019])" As Arsenic compounds [RR-00625-7]
1772-02-7	"Present ([PC019])" As Arsenic compounds [RR-00625-7]
113919-98-5	"Present ([PC019])" As Arsenic compounds [RR-00625-7]
14235-86-0	"Present ([PC008])" As Mercury compounds [RR-00138-7]
26571-11-9	"Present ([PC016])" As Nonylphenol, ethoxylated [9016-45-9]
132324-11-9	"Present ([PC015])" As Perfluorooctanesulfonic acid [1763-23-1]
12068-61-0	"Present ([PC019])" As Arsenic compounds [RR-00625-7]
31017-44-4	"Present ([PC007])" As Cadmium compounds [RR-00559-4]
100402-53-7	"Present ([PC007])" As Cadmium compounds [RR-00559-4]
15773-56-5	"Present ([PC014])" As Lead compounds [RR-00630-4]
27016-75-7	"Present ([PC019])" As Arsenic compounds [RR-00625-7]
13890-84-1	"Present ([PC007])" As Cadmium compounds [RR-00559-4]
14067-62-0	"Present ([PC007])" As Cadmium compounds [RR-00559-4]
10102-53-1	"Present ([PC019])" As Arsenic compounds [RR-00625-7]
2597-92-4	"Present ([PC008])" As Mercury compounds [RR-00138-7]
2440-34-8	"Present ([PC008])" As Mercury compounds [RR-00138-7]
101419-68-5	"Present ([PC014])" As Lead compounds [RR-00630-4]
23471-13-8	"Present ([PC008])" As Mercury compounds [RR-00138-7]
13510-44-6	"Present ([PC019])" As Arsenic compounds [RR-00625-7]
1303-33-9	"Present ([PC019])" As Arsenic compounds [RR-00625-7]
10099-74-8	"Present ([PC014])" As Lead compounds [RR-00630-4]
2777-37-9	"Present ([PC008])" As Mercury compounds [RR-00138-7]
1334-77-6	"Present ([PC008])" As Mercury compounds [RR-00138-7]
20636-48-0	"Present ([PC016])" As Nonylphenol, ethoxylated [9016-45-9]
133421-58-6	"Present ([PC008])" As Mercury compounds [RR-00138-7]
16509-22-1	"Present ([PC019])" As Arsenic compounds [RR-00625-7]
10294-52-7	"Present ([PC010])" As Chromium hexavalent compounds [RR-00026-0]
14949-59-8	"Present ([PC007])" As Cadmium compounds [RR-00559-4]
104335-53-7	"Present ([PC008])" As Mercury compounds [RR-00138-7]
22626-92-2	"Present ([PC019])" As Arsenic compounds [RR-00625-7]
26264-02-8	"Present ([PC016])" As Nonylphenol, ethoxylated [9016-45-9]
10326-28-0	"Present ([PC007])" As Cadmium compounds [RR-00559-4]
24423-68-5	"Present ([PC008])" As Mercury compounds [RR-00138-7]
119222-01-4	"Present ([PC007])" As Cadmium compounds [RR-00559-4]
16183-12-3	"Present ([PC014])" As Lead compounds [RR-00630-4]
14354-56-4	"Present ([PC008])" As Mercury compounds [RR-00138-7]
128226-81-3	"Present ([PC014])" As Lead compounds [RR-00630-4]
14060-38-9	"Present ([PC019])" As Arsenic compounds [RR-00625-7]
123517-46-4	"Present ([PC014])" As Lead compounds [RR-00630-4]
15586-38-6	"Present ([PC010])" As Chromium hexavalent compounds [RR-00026-0]
10476-87-6	"Present ([PC019])" As Arsenic compounds [RR-00625-7]
25640-88-4	"Present ([PC016])" As Nonylphenol, ethoxylated [9016-45-9]
12141-20-7	"Present ([PC014])" As Lead compounds [RR-00630-4]
103399-29-7	"Present ([PC008])" As Mercury compounds [RR-00138-7]
113128-07-7	"Present ([PC007])" As Cadmium compounds [RR-00559-4]
17549-30-3	"Present ([PC014])" As Lead compounds [RR-00630-4]
1668-00-4	"Present ([PC019])" As Arsenic compounds [RR-00625-7]
13847-17-1	"Present ([PC007])" As Cadmium compounds [RR-00559-4]
13004-83-6	"Present ([PC008])" As Mercury compounds [RR-00138-7]
12014-29-8	"Present ([PC007])" As Cadmium compounds [RR-00559-4]
1520-71-4	"Present ([PC014])" As Lead compounds [RR-00630-4]
1197-16-6	"Present ([PC019])" As Arsenic compounds [RR-00625-7]
18279-20-4	"Present ([PC014])" As Lead compounds [RR-00630-4]
119-96-0	"Present ([PC019])" As Arsenic compounds [RR-00625-7]
117912-89-7	"Present ([PC007])" As Cadmium compounds [RR-00559-4]
26579-33-9	"Present ([PC008])" As Mercury compounds [RR-00138-7]
114601-64-8	"Present ([PC014])" As Lead compounds [RR-00630-4]
27942-27-4	"Present ([PC016])" As Nonylphenol, ethoxylated [9016-45-9]
12685-29-9	"Present ([PC007])" As Cadmium compounds [RR-00559-4]
103458-15-7	"Present ([PC008])" As Mercury compounds [RR-00138-7]
116099-09-3	"Present ([PC019])" As Arsenic compounds [RR-00625-7]
1335-32-6	"Present ([PC014])" As Lead compounds [RR-00630-4]
14429-85-7	"Present ([PC007])" As Cadmium compounds [RR-00559-4]
207500-00-3	"Present ([PC014])" As Lead compounds [RR-00630-4]
15575-20-9	"Present ([PC019])" As Arsenic [7440-38-2];
29398-76-3	"Present ([PC007])" As Cadmium compounds [RR-00559-4]
120149-75-9	"Present ([PC019])" As Arsenic compounds [RR-00625-7]
101860-05-3	"Present ([PC019])" As Arsenic compounds [RR-00625-7]
130983-70-9	"Present ([PC002])" As 1,3-Butadiene [106-99-0]
13766-41-1	"Present ([PC008])" As Mercury compounds [RR-00138-7]
12044-50-7	"Present ([PC019])" As Arsenic compounds [RR-00625-7]
100402-65-1	"Present ([PC010])" As Chromium hexavalent compounds [RR-00026-0]
21480-65-9	"Present ([PC019])" As Arsenic compounds [RR-00625-7]
16037-50-6	"Present ([PC010])" As Chromium hexavalent compounds [RR-00026-0]
13517-17-4	"Present ([PC010])" As Chromium hexavalent compounds [RR-00026-0]
1201677-32-8	"Present ([PC020])" As Decabrominated diphenyl ether [1163-19-5]
26037-72-9	"Present ([PC008])" As Mercury compounds [RR-00138-7]
107103-01-5	"Present ([PC019])" As Arsenic compounds [RR-00625-7]
25666-92-6	"Present ([PC014])" As Lead compounds [RR-00630-4]
100656-56-2	"Present ([PC014])" As Lead compounds [RR-00630-4]
20383-42-0	"Present ([PC014])" As Lead compounds [RR-00630-4]
110832-28-5	"Present ([PC019])" As Arsenic compounds [RR-00625-7]
135742-32-4	"Present ([PC007])" As Cadmium compounds [RR-00559-4]
105269-88-3	"Present ([PC016])" As Nonylphenol, ethoxylated [9016-45-9]
34345-39-6	"Present ([PC007])" As Cadmium compounds [RR-00559-4]
30784-30-6	"Present ([PC016])" As Nonylphenols [25154-52-3];
120119-64-4	"Present ([PC014])" As Lead compounds [RR-00630-4]
26027-38-3	"Present ([PC016])" As Nonylphenol, ethoxylated [9016-45-9]
13477-23-1	"Present ([PC007])" As Cadmium compounds [RR-00559-4]
32196-52-4	"Present ([PC016])" As Nonylphenol, ethoxylated [9016-45-9]
14566-86-0	"Present ([PC007])" As Cadmium compounds [RR-00559-4]
15708-49-3	"Present ([PC014])" As Lead compounds [RR-00630-4]
2235-25-8	"Present ([PC008])" As Mercury compounds [RR-00138-7]
22330-18-3	"Present ([PC008])" As Mercury compounds [RR-00138-7]
124-65-2	"Present ([PC019])" As Arsenic compounds [RR-00625-7]
19262-93-2	"Present ([PC007])" As Cadmium compounds [RR-00559-4]
13453-15-1	"Present ([PC019])" As Arsenic compounds [RR-00625-7]
12612-21-4	"Present ([PC019])" As Arsenic compounds [RR-00625-7]
10124-50-2	"Present ([PC019])" As Arsenic compounds [RR-00625-7]
2440-42-8	"Present ([PC008])" As Mercury compounds [RR-00138-7]
31224-71-2	"Present ([PC008])" As Mercury compounds [RR-00138-7]
21082-50-8	"Present ([PC008])" As Mercury compounds [RR-00138-7]
21006-73-5	"Present ([PC019])" As Arsenic compounds [RR-00625-7]
12442-27-2	"Present ([PC007])" As Cadmium compounds [RR-00559-4]
20571-45-3	"Present ([PC007])" As Cadmium compounds [RR-00559-4]
17068-85-8	"Present ([PC019])" As Arsenic compounds [RR-00625-7]
1053659-79-2	"Present ([PC009])" As Formaldehyde [50-00-0]
12529-66-7	"Present ([PC008])" As Mercury compounds [RR-00138-7]
27177-03-3	"Present ([PC016])" As Nonylphenol, ethoxylated [9016-45-9]
12044-49-4	"Present ([PC019])" As Arsenic compounds [RR-00625-7]
1213224-27-1	"Present ([PC002])" As 1,3-Butadiene [106-99-0]
144-87-6	"Present ([PC019])" As Arsenic compounds [RR-00625-7]
12255-36-6	"Present ([PC019])" As Arsenic compounds [RR-00625-7]
1326-05-2	"Present ([PC014])" As Lead compounds [RR-00630-4]
13477-01-5	"Present ([PC010])" As Chromium hexavalent compounds [RR-00026-0]
13453-66-2	"Present ([PC014])" As Lead compounds [RR-00630-4]
22569-74-0	"Present ([PC014])" As Lead compounds [RR-00630-4]
10102-48-4	"Present ([PC019])" As Arsenic compounds [RR-00625-7];
112050-17-6	"Present ([PC019])" As Arsenic compounds [RR-00625-7]
12254-85-2	"Present ([PC019])" As Arsenic compounds [RR-00625-7]
14336-68-6	"Present ([PC007])" As Cadmium [7440-43-9];
138257-19-9	"Present ([PC012])" As Cyclododecane, hexabromo- [25637-99-4]
14986-72-2	"Present ([PC014])" As Lead compounds [RR-00630-4]
306-12-7	"Present ([PC019])" As Arsenic compounds [RR-00625-7]
12774-48-0	"Present ([PC019])" As Arsenic compounds [RR-00625-7]
15195-06-9	"Present ([PC019])" As Arsenic compounds [RR-00625-7]
34100-40-8	"Present ([PC007])" As Cadmium compounds [RR-00559-4]
18974-20-4	"Present ([PC007])" As Cadmium compounds [RR-00559-4]
1273-75-2	"Present ([PC008])" As Mercury compounds [RR-00138-7]
12185-56-7	"Present ([PC007])" As Cadmium compounds [RR-00559-4]
1303-00-0	"Present ([PC019])" As Arsenic compounds [RR-00625-7]
10099-76-0	"Present ([PC014])" As Lead compounds [RR-00630-4]
12417-99-1	"Present ([PC019])" As Arsenic compounds [RR-00625-7]
15829-53-5	"Present ([PC008])" As Mercury compounds [RR-00138-7]
14177-24-3	"Present ([PC007])" As Cadmium compounds [RR-00559-4]
114101-89-2	"Present ([PC016])" As Nonylphenol, ethoxylated [9016-45-9]
110602-77-2	"Present ([PC019])" As Arsenic compounds [RR-00625-7]
14215-29-3	"Present ([PC007])" As Cadmium compounds [RR-00559-4]
1156543-56-4	"Present ([PC009])" As Formaldehyde [50-00-0]
13222-52-1	"Present ([PC008])" As Mercury compounds [RR-00138-7]
13477-21-9	"Present ([PC007])" As Cadmium compounds [RR-00559-4]
14846-40-3	"Present ([PC014])" As Lead compounds [RR-00630-4]
12767-68-9	"Present ([PC016])" As Nonylphenol, ethoxylated [9016-45-9]
15845-52-0	"Present ([PC014])" As Lead compounds [RR-00630-4]
19719-72-3	"Present ([PC008])" As Mercury compounds [RR-00138-7]
25725-28-4	"Present ([PC014])" As Lead compounds [RR-00630-4]
1344-40-7	"Present ([PC014])" As Lead compounds [RR-00630-4]
13876-85-2	"Present ([PC008])" As Mercury compounds [RR-00138-7]
12505-67-8	"Present ([PC019])" As Arsenic compounds [RR-00625-7]
110781-08-3	"Present ([PC019])" As Arsenic compounds [RR-00625-7]
124826-86-4	"Present ([PC014])" As Lead compounds [RR-00630-4]
117912-91-1	"Present ([PC007])" As Cadmium compounds [RR-00559-4]
10336-66-0	"Present ([PC019])" As Arsenic compounds [RR-00625-7]
27938-31-4	"Present ([PC016])" As Nonylphenols [25154-52-3]
22441-45-8	"Present ([PC019])" As Arsenic compounds [RR-00625-7]
12397-66-9	"Present ([PC019])" As Arsenic compounds [RR-00625-7]
12001-20-6	"Present ([PC007])" As Cadmium compounds [RR-00559-4]
138-85-2	"Present ([PC008])" As Mercury compounds [RR-00138-7]
10471-46-2	"Present ([PC007])" As Cadmium compounds [RR-00559-4]
29594-36-3	"Present ([PC016])" As Nonylphenol, ethoxylated [9016-45-9]
3626-13-9	"Present ([PC008])" As Mercury compounds [RR-00138-7]
1332-10-1	"Present ([PC019])" As Arsenic compounds [RR-00625-7]
17404-66-9	"Present ([PC016])" As Nonylphenols [25154-52-3];
2350-11-0	"Present ([PC005])" As Alkanes, C10-13, chloro [85535-84-8]
117912-90-0	"Present ([PC007])" As Cadmium compounds [RR-00559-4]
128662-88-4	"Present ([PC019])" As Arsenic compounds [RR-00625-7]
17406-54-1	"Present ([PC014])" As Lead compounds [RR-00630-4]
22098-38-0	"Present ([PC008])" As Mercury compounds [RR-00138-7]
13355-00-5	"Present ([PC019])" As Arsenic compounds [RR-00625-7]
13477-70-8	"Present ([PC019])" As Arsenic compounds [RR-00625-7]
107284-23-1	"Present ([PC019])" As Arsenic compounds [RR-00625-7]
119801-45-5	"Present ([PC014])" As Lead compounds [RR-00630-4]
138257-17-7	"Present ([PC012])" As Cyclododecane, hexabromo- [25637-99-4]
102525-64-4	"Present ([PC019])" As Arsenic compounds [RR-00625-7]
13967-25-4	"Present ([PC008])" As Mercury compounds [RR-00138-7]
127279-03-2	"Present ([PC014])" As Lead compounds [RR-00630-4]
10403-65-3	"Present ([PC008])" As Mercury compounds [RR-00138-7]
14923-81-0	"Present ([PC007])" As Cadmium compounds [RR-00559-4]
1079390-64-9	"Present ([PC014])" As Lead compounds [RR-00630-4]
106603-47-8	"Present ([PC007])" As Cadmium compounds [RR-00559-4]
13972-68-4	"Present ([PC007])" As Cadmium compounds [RR-00559-4]
10102-50-8	"Present ([PC019])" As Arsenic compounds [RR-00625-7]
14486-19-2	"Present ([PC007])" As Cadmium compounds [RR-00559-4]
3547-38-4	"Present ([PC019])" As Arsenic compounds [RR-00625-7]
108350-80-7	"Present ([PC014])" As Lead compounds [RR-00630-4]
12006-40-5	"Present ([PC019])" As Arsenic compounds [RR-00625-7]
12014-33-4	"Present ([PC007])" As Cadmium compounds [RR-00559-4]
12740-44-2	"Present ([PC014])" As Lead compounds [RR-00630-4]
15064-97-8	"Present ([PC008])" As Mercury [7439-97-6]
103427-19-6	"Present ([PC014])" As Lead compounds [RR-00630-4]
114830-97-6	"Present ([PC014])" As Lead compounds [RR-00630-4]
18991-05-4	"Present ([PC007])" As Cadmium compounds [RR-00559-4]
12292-07-8	"Present ([PC007])" As Cadmium compounds [RR-00559-4]
2117-69-3	"Present ([PC014])" As Lead compounds [RR-00630-4]
12048-28-1	"Present ([PC014])" As Lead compounds [RR-00630-4]
10108-64-2	"Present ([PC007])" As Cadmium compounds [RR-00559-4]
14809-45-1	"Present ([PC019])" As Arsenic [7440-38-2];
12014-14-1	"Present ([PC007])" As Cadmium compounds [RR-00559-4]
102110-48-5	"Present ([PC019])" As Arsenic compounds [RR-00625-7];
12005-86-6	"Present ([PC019])" As Arsenic compounds [RR-00625-7]
13464-58-9	"Present ([PC019])" As Arsenic compounds [RR-00625-7]
13966-86-4	"Present ([PC007])" As Cadmium compounds [RR-00559-4]
226225-59-8	"Present ([PC016])" As Nonylphenol, ethoxylated [9016-45-9]
21459-27-8	"Present ([PC014])" As Lead compounds [RR-00630-4]
10101-57-2	"Present ([PC019])" As Arsenic compounds [RR-00625-7]
12185-64-7	"Present ([PC007])" As Cadmium compounds [RR-00559-4]
139522-22-8	"Present ([PC014])" As Lead compounds [RR-00630-4]
27575-47-9	"Present ([PC008])" As Mercury compounds [RR-00138-7]
27253-41-4	"Present ([PC014])" As Lead compounds [RR-00630-4]
13477-20-8	"Present ([PC007])" As Cadmium compounds [RR-00559-4]
14874-24-9	"Present ([PC007])" As Cadmium compounds [RR-00559-4]
12433-50-0	"Present ([PC010])" As Chromium hexavalent compounds [RR-00026-0]
1623456-05-2	"Present ([PC007])" As Cadmium compounds [RR-00559-4]
21774-13-0	"Present ([PC014])" As Lead compounds [RR-00630-4]
15194-98-6	"Present ([PC019])" As Arsenic compounds [RR-00625-7]
114756-91-1	"Present ([PC019])" As Arsenic compounds [RR-00625-7]
21041-95-2	"Present ([PC007])" As Cadmium compounds [RR-00559-4]
32593-99-0	"Present ([PC007])" As Cadmium compounds [RR-00559-4]
14783-59-6	"Present ([PC008])" As Mercury compounds [RR-00138-7]
12036-76-9	"Present ([PC014])" As Lead compounds [RR-00630-4]
13453-35-5	"Present ([PC010])" As Chromium hexavalent compounds [RR-00026-0]
1320-80-5	"Present ([PC008])" As Mercury compounds [RR-00138-7]
13981-51-6	"Present ([PC008])" As Mercury [7439-97-6];
2508-97-6	"Present ([PC010])" As Chromium hexavalent compounds [RR-00026-0];
10336-71-7	"Present ([PC019])" As Arsenic compounds [RR-00625-7]
12044-28-9	"Present ([PC019])" As Arsenic compounds [RR-00625-7]
10375-56-1	"Present ([PC008])" As Mercury compounds [RR-00138-7]
1327-53-3	"Present ([PC019])" As Arsenic compounds [RR-00625-7]
3444-13-1	"Present ([PC008])" As Mercury compounds [RR-00138-7]
19010-66-3	"Present ([PC014])" As Lead compounds [RR-00630-4]
14239-68-0	"Present ([PC007])" As Cadmium compounds [RR-00559-4]
14977-61-8	"Present ([PC010])" As Chromium hexavalent compounds [RR-00026-0]
26265-65-6	"Present ([PC014])" As Lead compounds [RR-00630-4]
35112-70-0	"Present ([PC014])" As Lead compounds [RR-00630-4]
12044-57-4	"Present ([PC019])" As Arsenic compounds [RR-00625-7]
140-45-4	"Present ([PC019])" As Arsenic compounds [RR-00625-7]
25987-03-5	"Present ([PC014])" As Lead compounds [RR-00630-4]
13530-68-2	"Present ([PC010])" As Chromium hexavalent compounds [RR-00026-0]
12055-37-7	"Present ([PC008])" As Mercury compounds [RR-00138-7]
136543-51-6	"Present ([PC007])" As Cadmium compounds [RR-00559-4]
1809431-82-0	"Present ([PC016])" As Nonylphenol, ethoxylated [9016-45-9]
14949-60-1	"Present ([PC007])" As Cadmium compounds [RR-00559-4]
35029-96-0	"Present ([PC014])" As Lead compounds [RR-00630-4]
10336-68-2	"Present ([PC019])" As Arsenic compounds [RR-00625-7]
100940-62-3	"Present ([PC008])" As Mercury compounds [RR-00138-7]
104698-09-1	"Present ([PC007])" As Cadmium compounds [RR-00559-4]
1303-18-0	"Present ([PC019])" As Arsenic compounds [RR-00625-7]
27176-93-8	"Present ([PC016])" As Nonylphenol, ethoxylated [9016-45-9]
35803-35-1	"Present ([PC007])" As Cadmium compounds [RR-00559-4]
106097-63-6	"Present ([PC019])" As Arsenic compounds [RR-00625-7]
2440-29-1	"Present ([PC008])" As Mercury compounds [RR-00138-7]
107992-66-5	"Present ([PC019])" As Arsenic compounds [RR-00625-7]
2440-40-6	"Present ([PC008])" As Mercury compounds [RR-00138-7]
19136-34-6	"Present ([PC014])" As Lead compounds [RR-00630-4]
12005-88-8	"Present ([PC019])" As Arsenic compounds [RR-00625-7]
102055-05-0	"Present ([PC019])" As Arsenic compounds [RR-00625-7]
21360-94-1	"Present ([PC007])" As Cadmium compounds [RR-00559-4]
10507-40-1	"Present ([PC008])" As Mercury compounds [RR-00138-7]
120148-08-5	"Present ([PC019])" As Arsenic compounds [RR-00625-7]
106194-88-1	"Present ([PC019])" As Arsenic compounds [RR-00625-7]
27476-27-3	"Present ([PC007])" As Cadmium compounds [RR-00559-4]
123551-50-8	"Present ([PC008])" As Mercury compounds [RR-00138-7]
32112-52-0	"Present ([PC014])" As Lead compounds [RR-00630-4]
26522-91-8	"Present ([PC008])" As Mercury compounds [RR-00138-7]
106699-17-6	"Present ([PC019])" As Arsenic compounds [RR-00625-7]
3198-04-7	"Present ([PC008])" As Mercury compounds [RR-00138-7]
142731-63-3	"Present ([PC016])" As Nonylphenols [25154-52-3];
109-62-6	"Present ([PC008])" As Mercury compounds [RR-00138-7]
12214-12-9	"Present ([PC007])" As Cadmium compounds [RR-00559-4]
2045-00-3	"Present ([PC019])" As Arsenic compounds [RR-00625-7]
12018-09-6	"Present ([PC010])" As Chromium hexavalent compounds [RR-00026-0]
301-04-2	"Present ([PC014])" As Lead compounds [RR-00630-4]
116666-25-2	"Present ([PC014])" As Lead compounds [RR-00630-4]
1184-57-2	"Present ([PC008])" As Mercury compounds [RR-00138-7]
12255-53-7	"Present ([PC019])" As Arsenic compounds [RR-00625-7]
13423-61-5	"Present ([PC010])" As Chromium hexavalent compounds [RR-00026-0]
102280-93-3	"Present ([PC008])" As Mercury compounds [RR-00138-7]
29871-13-4	"Present ([PC019])" As Arsenic compounds [RR-00625-7]
1344-45-2	"Present ([PC008])" As Mercury compounds [RR-00138-7]
1335-25-7	"Present ([PC014])" As Lead compounds [RR-00630-4]
104839-24-9	"Present ([PC014])" As Lead compounds [RR-00630-4]
14689-45-3	"Present ([PC007])" As Cadmium compounds [RR-00559-4]
100656-53-9	"Present ([PC014])" As Lead compounds [RR-00630-4]
3367-30-4	"Present ([PC008])" As Mercury compounds [RR-00138-7]
15906-71-5	"Present ([PC014])" As Lead compounds [RR-00630-4]
19528-55-3	"Present ([PC014])" As Lead compounds [RR-00630-4]
11083-41-3	"Present ([PC008])" As Mercury compounds [RR-00138-7]
1345-20-6	"Present ([PC019])" As Arsenic compounds [RR-00625-7]
16035-34-0	"Present ([PC014])" As Lead compounds [RR-00630-4]
106520-07-4	"Present ([PC007])" As Cadmium compounds [RR-00559-4]
14836-60-3	"Present ([PC008])" As Mercury compounds [RR-00138-7]
1306-24-7	"Present ([PC007])" As Cadmium compounds [RR-00559-4]
15120-17-9	"Present ([PC019])" As Arsenic compounds [RR-00625-7]
13462-94-7	"Present ([PC019])" As Arsenic compounds [RR-00625-7]
188612-23-9	"Present ([PC016])" As Nonylphenol, ethoxylated [9016-45-9]
10507-42-3	"Present ([PC008])" As Mercury compounds [RR-00138-7]
10507-41-2	"Present ([PC008])" As Mercury compounds [RR-00138-7]
1300-16-9	"Present ([PC016])" As Nonylphenols [25154-52-3]
125494-56-6	"Present ([PC014])" As Lead compounds [RR-00630-4]
29736-89-8	"Present ([PC007])" As Cadmium compounds [RR-00559-4]
12202-17-4	"Present ([PC014])" As Lead compounds [RR-00630-4]
10290-12-7	"Present ([PC019])" As Arsenic compounds [RR-00625-7]
15116-82-2	"Present ([PC008])" As Mercury [7439-97-6]
15385-57-6	"Present ([PC008])" As Mercury compounds [RR-00138-7]
123-88-6	"Present ([PC008])" As Mercury compounds [RR-00138-7]
105034-60-4	"Present ([PC007])" As Cadmium compounds [RR-00559-4]
13845-35-7	"Present ([PC014])" As Lead compounds [RR-00630-4]
10101-63-0	"Present ([PC014])" As Lead compounds [RR-00630-4]
15590-77-9	"Present ([PC014])" As Lead compounds [RR-00630-4]
12523-20-5	"Present ([PC019])" As Arsenic compounds [RR-00625-7]
35658-65-2	"Present ([PC007])" As Cadmium compounds [RR-00559-4]
25659-31-8	"Present ([PC014])" As Lead compounds [RR-00630-4]
190856-87-2	"Present ([PC016])" As Nonylphenol, ethoxylated [9016-45-9]
30905-38-5	"Present ([PC007])" As Cadmium [7440-43-9];
12275-07-9	"Present ([PC014])" As Lead compounds [RR-00630-4]
11066-49-2	"Present ([PC016])" As Nonylphenols [25154-52-3]
12068-90-5	"Present ([PC008])" As Mercury compounds [RR-00138-7]
12143-43-0	"Present ([PC014])" As Lead compounds [RR-00630-4]
102110-56-5	"Present ([PC019])" As Arsenic compounds [RR-00625-7]
12187-14-3	"Present ([PC007])" As Cadmium compounds [RR-00559-4]
14459-36-0	"Present ([PC008])" As Mercury compounds [RR-00138-7]
20564-21-0	"Present ([PC008])" As Mercury compounds [RR-00138-7]
132295-56-8	"Present ([PC007])" As Cadmium compounds [RR-00559-4]
15907-04-7	"Present ([PC014])" As Lead compounds [RR-00630-4]
14109-32-1	"Present ([PC007])" As Cadmium [7440-43-9];
13446-73-6	"Present ([PC010])" As Chromium hexavalent compounds [RR-00026-0]
13455-25-9	"Present ([PC010])" As Chromium hexavalent compounds [RR-00026-0]
10101-75-4	"Present ([PC010])" As Chromium hexavalent compounds [RR-00026-0]
10031-21-7	"Present ([PC014])" As Lead compounds [RR-00630-4]
10294-58-3	"Present ([PC014])" As Lead compounds [RR-00630-4]
35830-81-0	"Present ([PC014])" As Lead compounds [RR-00630-4]
127026-24-8	"Present ([PC008])" As Mercury compounds [RR-00138-7]
100468-44-8	"Present ([PC010])" As Chromium hexavalent compounds [RR-00026-0]
27177-08-8	"Present ([PC016])" As Nonylphenol, ethoxylated [9016-45-9]
110603-60-6	"Present ([PC019])" As Arsenic compounds [RR-00625-7]
14280-50-3	"Present ([PC014])" As Lead compounds [RR-00630-4]
15276-40-1	"Present ([PC007])" As Cadmium compounds [RR-00559-4]
17140-73-7	"Present ([PC008])" As Mercury compounds [RR-00138-7]
109882-46-4	"Present ([PC019])" As Arsenic compounds [RR-00625-7];
10378-48-0	"Present ([PC019])" As Arsenic compounds [RR-00625-7]
172521-16-3	"Present ([PC016])" As Nonylphenol, ethoxylated [9016-45-9]
261-57-4	"Present ([PC008])" As Mercury compounds [RR-00138-7]
15516-84-4	"Present ([PC014])" As Lead compounds [RR-00630-4]
13907-45-4	"Present ([PC010])" As Chromium hexavalent compounds [RR-00026-0]
122332-23-4	"Present ([PC014])" As Lead compounds [RR-00630-4]
14239-51-1	"Present ([PC008])" As Mercury compounds [RR-00138-7]
1191-18-0	"Present ([PC014])" As Lead compounds [RR-00630-4]
175695-12-2	"Present ([PC008])" As Mercury compounds [RR-00138-7]
15347-57-6	"Present ([PC014])" As Lead compounds [RR-00630-4]
108600-27-7	"Present ([PC019])" As Arsenic compounds [RR-00625-7]
10103-62-5	"Present ([PC019])" As Arsenic compounds [RR-00625-7]
33382-64-8	"Present ([PC019])" As Arsenic compounds [RR-00625-7]
12255-04-8	"Present ([PC019])" As Arsenic compounds [RR-00625-7]
12266-38-5	"Present ([PC014])" As Lead compounds [RR-00630-4]
122162-56-5	"Present ([PC014])" As Lead compounds [RR-00630-4]
33770-60-4	"Present ([PC008])" As Mercury compounds [RR-00138-7]
12680-48-7	"Present ([PC010])" As Chromium hexavalent compounds [RR-00026-0]
10326-24-6	"Present ([PC019])" As Arsenic compounds [RR-00625-7]
27360-58-3	"Present ([PC008])" As Mercury compounds [RR-00138-7]
13473-75-1	"Present ([PC010])" As Chromium hexavalent compounds [RR-00026-0]
12007-16-8	"Present ([PC010])" As Chromium hexavalent compounds [RR-00026-0]
100656-51-7	"Present ([PC014])" As Lead compounds [RR-00630-4]
1192411-43-0	"Present ([PC019])" As Arsenic compounds [RR-00625-7]
34295-32-4	"Present ([PC014])" As Lead compounds [RR-00630-4]
17974-95-7	"Present ([PC008])" As Mercury compounds [RR-00138-7]
12044-32-5	"Present ([PC019])" As Arsenic compounds [RR-00625-7]
106097-61-4	"Present ([PC019])" As Arsenic compounds [RR-00625-7]
111623-62-2	"Present ([PC016])" As Nonylphenol, ethoxylated [9016-45-9]
12255-11-7	"Present ([PC019])" As Arsenic compounds [RR-00625-7]
22537-48-0	"Present ([PC007])" As Cadmium compounds [RR-00559-4]
16996-51-3	"Present ([PC014])" As Lead compounds [RR-00630-4]
2587-81-7	"Present ([PC014])" As Lead compounds [RR-00630-4]
113722-57-9	"Present ([PC008])" As Mercury compounds [RR-00138-7]
3639-19-8	"Present ([PC019])" As Arsenic compounds [RR-00625-7]
12145-90-3	"Present ([PC008])" As Mercury compounds [RR-00138-7]
2440-45-1	"Present ([PC008])" As Mercury compounds [RR-00138-7]
115-09-3	"Present ([PC008])" As Mercury compounds [RR-00138-7]
108706-30-5	"Present ([PC007])" As Cadmium compounds [RR-00559-4]
12508-72-4	"Present ([PC008])" As Mercury compounds [RR-00138-7]
13530-65-9	"Present ([PC010])" As Chromium hexavalent compounds [RR-00026-0]
34493-01-1	"Present ([PC010])" As Chromium hexavalent compounds [RR-00026-0]
24613-89-6	"Present ([PC010])" As Chromium hexavalent compounds [RR-00026-0]
12684-19-4	"Present ([PC014])" As Lead compounds [RR-00630-4]
286015-28-9	"Present ([PC016])" As Nonylphenol, ethoxylated [9016-45-9]
22894-47-9	"Present ([PC008])" As Mercury compounds [RR-00138-7]
1202388-26-8	"Present ([PC016])" As Nonylphenol, ethoxylated [9016-45-9]
28752-80-9	"Present ([PC008])" As Mercury compounds [RR-00138-7]
12578-12-0	"Present ([PC014])" As Lead compounds [RR-00630-4]
12328-03-9	"Present ([PC008])" As Mercury compounds [RR-00138-7]
149038-91-5	"Present ([PC008])" As Mercury [7439-97-6]
113553-75-6	"Present ([PC019])" As Arsenic compounds [RR-00625-7]
14402-61-0	"Present ([PC014])" As Lead compounds [RR-00630-4]
13911-65-4	"Present ([PC019])" As Arsenic compounds [RR-00625-7]
12005-99-1	"Present ([PC019])" As Arsenic compounds [RR-00625-7]
110603-58-2	"Present ([PC019])" As Arsenic compounds [RR-00625-7]
115493-57-7	"Present ([PC019])" As Arsenic compounds [RR-00625-7]
1227476-28-9	"Present ([PC009])" As Formaldehyde [50-00-0]
12005-81-1	"Present ([PC019])" As Arsenic compounds [RR-00625-7]
156234-44-5	"Present ([PC008])" As Mercury compounds [RR-00138-7]
10080-72-5	"Present ([PC019])" As Arsenic compounds [RR-00625-7]
17976-43-1	"Present ([PC014])" As Lead compounds [RR-00630-4]
3021-39-4	"Present ([PC008])" As Mercury compounds [RR-00138-7]
13454-78-9	"Present ([PC010])" As Chromium hexavalent compounds [RR-00026-0]
32701-49-8	"Present ([PC008])" As Mercury compounds [RR-00138-7]
15773-55-4	"Present ([PC014])" As Lead compounds [RR-00630-4]
33992-49-3	"Present ([PC019])" As Arsenic compounds [RR-00625-7]
15708-29-9	"Present ([PC007])" As Cadmium compounds [RR-00559-4]
13814-96-5	"Present ([PC014])" As Lead compounds [RR-00630-4]
100656-54-0	"Present ([PC019])" As Arsenic compounds [RR-00625-7];
107793-14-6	"Present ([PC019])" As Arsenic compounds [RR-00625-7]
12044-25-6	"Present ([PC019])" As Arsenic compounds [RR-00625-7]
13637-76-8	"Present ([PC014])" As Lead compounds [RR-00630-4]
100482-34-6	"Present ([PC019])" As Arsenic compounds [RR-00625-7]
1327-31-7	"Present ([PC014])" As Lead compounds [RR-00630-4]
104907-96-2	"Present ([PC007])" As Cadmium compounds [RR-00559-4]
24579-90-6	"Present ([PC008])" As Mercury compounds [RR-00138-7]
12709-98-7	"Present ([PC014])" As Lead compounds [RR-00630-4]
17033-07-7	"Present ([PC007])" As Cadmium compounds [RR-00559-4]
104-35-8	"Present ([PC016])" As Nonylphenol, ethoxylated [9016-45-9]
25685-75-0	"Present ([PC007])" As Cadmium compounds [RR-00559-4]
108821-70-1	"Present ([PC019])" As Arsenic compounds [RR-00625-7]
1262279-30-0	"Present ([PC014])" As Lead compounds [RR-00630-4]
18832-83-2	"Present ([PC008])" As Mercury compounds [RR-00138-7]
1773514-66-1	"Present ([PC007])" As Cadmium compounds [RR-00559-4]
16035-39-5	"Present ([PC014])" As Lead compounds [RR-00630-4]
28041-77-2	"Present ([PC007])" As Cadmium compounds [RR-00559-4]
1068-61-7	"Present ([PC014])" As Lead compounds [RR-00630-4]
13477-04-8	"Present ([PC019])" As Arsenic compounds [RR-00625-7]
28038-18-8	"Present ([PC007])" As Cadmium compounds [RR-00559-4]
13477-17-3	"Present ([PC007])" As Cadmium compounds [RR-00559-4]
12406-51-8	"Present ([PC008])" As Mercury compounds [RR-00138-7]
14809-44-0	"Present ([PC019])" As Arsenic [7440-38-2];
10468-30-1	"Present ([PC007])" As Cadmium compounds [RR-00559-4]
307531-70-0	"Present ([PC007])" As Cadmium compounds [RR-00559-4]
14376-09-1	"Present ([PC008])" As Mercury compounds [RR-00138-7]
1163687-50-0	"Present ([PC016])" As Nonylphenol, ethoxylated [9016-45-9]
12014-28-7	"Present ([PC007])" As Cadmium compounds [RR-00559-4]
20917-34-4	"Present ([PC014])" As Lead compounds [RR-00630-4]
123068-21-3	"Present ([PC016])" As Nonylphenol, ethoxylated [9016-45-9]
19367-79-4	"Present ([PC008])" As Mercury compounds [RR-00138-7]
1303-36-2	"Present ([PC019])" As Arsenic compounds [RR-00625-7]
15282-88-9	"Present ([PC014])" As Lead compounds [RR-00630-4]
26552-50-1	"Present ([PC008])" As Mercury compounds [RR-00138-7]
27133-42-2	"Present ([PC010])" As Chromium hexavalent compounds [RR-00026-0]
1120-46-3	"Present ([PC014])" As Lead compounds [RR-00630-4]
106957-86-2	"Present ([PC019])" As Arsenic compounds [RR-00625-7]
12002-03-8	"Present ([PC019])" As Arsenic compounds [RR-00625-7]
14849-23-1	"Present ([PC019])" As Arsenic compounds [RR-00625-7]
108801-46-3	"Present ([PC019])" As Arsenic compounds [RR-00625-7]
13698-55-0	"Present ([PC014])" As Lead compounds [RR-00630-4]
100258-44-4	"Present ([PC019])" As Arsenic compounds [RR-00625-7]
18279-21-5	"Present ([PC014])" As Lead compounds [RR-00630-4]
22323-45-1	"Present ([PC010])" As Chromium hexavalent compounds [RR-00026-0];
1416946-65-0	"Present ([PC009])" As Formaldehyde [50-00-0]
106152-98-1	"Present ([PC016])" As Nonylphenol, ethoxylated [9016-45-9]
102613-50-3	"Present ([PC014])" As Lead compounds [RR-00630-4]
175895-38-2	"Present ([PC015])" As Ammonium perfluorooctanesulfonate [29081-56-9]
19010-65-2	"Present ([PC007])" As Cadmium compounds [RR-00559-4]
33960-08-6	"Present ([PC008])" As Mercury compounds [RR-00138-7]
13464-68-1	"Present ([PC019])" As Arsenic compounds [RR-00625-7]
1189-66-8	"Present ([PC008])" As Mercury compounds [RR-00138-7]
108424-14-2	"Present ([PC014])" As Lead compounds [RR-00630-4]
13231-90-8	"Present ([PC014])" As Lead compounds [RR-00630-4]
28980-48-5	"Present ([PC019])" As Arsenic compounds [RR-00625-7]
28980-47-4	"Present ([PC019])" As Arsenic compounds [RR-00625-7]
10338-77-9	"Present ([PC008])" As Mercury compounds [RR-00138-7]
113229-01-9	"Present ([PC019])" As Arsenic compounds [RR-00625-7]
17010-21-8	"Present ([PC007])" As Cadmium compounds [RR-00559-4]
13464-39-6	"Present ([PC019])" As Arsenic compounds [RR-00625-7]
29870-72-2	"Present ([PC008])" As Mercury compounds [RR-00138-7];
172589-69-4	"Present ([PC014])" As Lead compounds [RR-00630-4]
116391-72-1	"Present ([PC007])" As Cadmium compounds [RR-00559-4]
1003-26-5	"Present ([PC008])" As Mercury compounds [RR-00138-7]
34410-88-3	"Present ([PC007])" As Cadmium compounds [RR-00559-4]
18608-34-9	"Present ([PC014])" As Lead compounds [RR-00630-4]
103332-13-4	"Present ([PC008])" As Mercury compounds [RR-00138-7]
2101242-86-6	"Present ([PC014])" As Lead compounds [RR-00630-4]
14709-52-5	"Present ([PC007])" As Cadmium [7440-43-9];
12333-97-0	"Present ([PC014])" As Lead compounds [RR-00630-4]
10103-60-3	"Present ([PC019])" As Arsenic compounds [RR-00625-7]
129618-34-4	"Present ([PC019])" As Arsenic compounds [RR-00625-7];
10415-75-5	"Present ([PC008])" As Mercury compounds [RR-00138-7]
1017-74-9	"Present ([PC008])" As Mercury compounds [RR-00138-7]
155-85-1	"Present ([PC008])" As Mercury compounds [RR-00138-7]
15773-47-4	"Present ([PC014])" As Lead compounds [RR-00630-4]
32787-44-3	"Present ([PC008])" As Mercury compounds [RR-00138-7]
10476-82-1	"Present ([PC019])" As Arsenic compounds [RR-00625-7]
12412-92-9	"Present ([PC014])" As Lead compounds [RR-00630-4]
12006-09-6	"Present ([PC019])" As Arsenic compounds [RR-00625-7]
136596-82-2	"Present ([PC014])" As Lead compounds [RR-00630-4]
15756-15-7	"Present ([PC008])" As Mercury [7439-97-6]
28136-10-9	"Present ([PC016])" As Nonylphenol, ethoxylated [9016-45-9]
1319-46-6	"Present ([PC014])" As Lead compounds [RR-00630-4]
116565-73-2	"Present ([PC010])" As Chromium hexavalent compounds [RR-00026-0];
10214-39-8	"Present ([PC014])" As Lead compounds [RR-00630-4]
13832-25-2	"Present ([PC007])" As Cadmium compounds [RR-00559-4]
2163-77-1	"Present ([PC019])" As Arsenic compounds [RR-00625-7]
10031-16-0	"Present ([PC010])" As Chromium hexavalent compounds [RR-00026-0]
26535-94-4	"Present ([PC008])" As Mercury compounds [RR-00138-7]
100-57-2	"Present ([PC008])" As Mercury compounds [RR-00138-7]
121-19-7	"Present ([PC019])" As Arsenic compounds [RR-00625-7]
16996-40-0	"Present ([PC014])" As Lead compounds [RR-00630-4]
304656-34-6	"Present ([PC008])" As Mercury compounds [RR-00138-7]
12279-90-2	"Present ([PC019])" As Arsenic compounds [RR-00625-7]
141754-61-2	"Present ([PC014])" As Lead compounds [RR-00630-4]
34214-82-9	"Present ([PC005])" As Alkanes, C10-13, chloro [85535-84-8]
102188-45-4	"Present ([PC016])" As Nonylphenol, ethoxylated [9016-45-9]
14307-35-8	"Present ([PC010])" As Chromium hexavalent compounds [RR-00026-0]
13478-50-7	"Present ([PC014])" As Lead compounds [RR-00630-4]
32407-99-1	"Present ([PC008])" As Mercury compounds [RR-00138-7]
141-51-5	"Present ([PC008])" As Mercury compounds [RR-00138-7]
102110-49-6	"Present ([PC014])" As Lead compounds [RR-00630-4]
12044-22-3	"Present ([PC019])" As Arsenic compounds [RR-00625-7]
10112-91-1	"Present ([PC008])" As Mercury compounds [RR-00138-7]
3367-28-0	"Present ([PC008])" As Mercury compounds [RR-00138-7]
2949-11-3	"Present ([PC008])" As Mercury compounds [RR-00138-7]
21519-20-0	"Present ([PC014])" As Lead compounds [RR-00630-4]
1146-65-2	"Present ([PC013])" As Naphthalene [91-20-3]
2445-07-0	"Present ([PC019])" As Arsenic compounds [RR-00625-7]
101672-18-8	"Present ([PC008])" As Mercury compounds [RR-00138-7]
106495-95-8	"Present ([PC019])" As Arsenic compounds [RR-00625-7]
10022-48-7	"Present ([PC010])" As Chromium hexavalent compounds [RR-00026-0]
1303-34-0	"Present ([PC019])" As Arsenic compounds [RR-00625-7]
21109-99-9	"Present ([PC008])" As Mercury compounds [RR-00138-7]
31215-94-8	"Present ([PC007])" As Cadmium compounds [RR-00559-4]
10060-09-0	"Present ([PC007])" As Cadmium compounds [RR-00559-4]
2332812-08-3	"Present ([PC016])" As Nonylphenol, ethoxylated [9016-45-9]
106604-55-1	"Present ([PC019])" As Arsenic compounds [RR-00625-7]
13779-93-6	"Present ([PC014])" As Lead compounds [RR-00630-4]
15306-30-6	"Present ([PC014])" As Lead compounds [RR-00630-4]
12036-93-0	"Present ([PC014])" As Lead compounds [RR-00630-4]
314057-78-8	"Present ([PC015])" As Perfluorooctanesulfonic acid, lithium salt [29457-72-5]
139-93-5	"Present ([PC019])" As Arsenic compounds [RR-00625-7]
10034-82-9	"Present ([PC010])" As Chromium hexavalent compounds [RR-00026-0]
113515-10-9	"Present ([PC019])" As Arsenic compounds [RR-00625-7]
124057-60-9	"Present ([PC016])" As Nonylphenol, ethoxylated [9016-45-9]
18454-12-1	"Present ([PC010])" As Chromium hexavalent compounds [RR-00026-0];
10102-49-5	"Present ([PC019])" As Arsenic compounds [RR-00625-7]
10507-38-7	"Present ([PC008])" As Mercury compounds [RR-00138-7]
12065-90-6	"Present ([PC014])" As Lead compounds [RR-00630-4]
2420-97-5	"Present ([PC007])" As Cadmium compounds [RR-00559-4]
3294-60-8	"Present ([PC008])" As Mercury compounds [RR-00138-7]
10451-12-4	"Present ([PC008])" As Mercury compounds [RR-00138-7]
17570-76-2	"Present ([PC014])" As Lead compounds [RR-00630-4]
14990-20-6	"Present ([PC008])" As Mercury compounds [RR-00138-7]
34303-23-6	"Present ([PC007])" As Cadmium compounds [RR-00559-4]
25808-74-6	"Present ([PC014])" As Lead compounds [RR-00630-4]
120149-76-0	"Present ([PC019])" As Arsenic compounds [RR-00625-7]
27236-65-3	"Present ([PC008])" As Mercury compounds [RR-00138-7]
12194-11-5	"Present ([PC008])" As Mercury compounds [RR-00138-7]
133315-99-8	"Present ([PC014])" As Lead compounds [RR-00630-4]
14024-75-0	"Present ([PC008])" As Mercury compounds [RR-00138-7]
14525-25-8	"Present ([PC019])" As Arsenic compounds [RR-00625-7]
20427-84-3	"Present ([PC016])" As Nonylphenol, ethoxylated [9016-45-9]
26545-49-3	"Present ([PC008])" As Mercury compounds [RR-00138-7]
33445-15-7	"Present ([PC008])" As Mercury compounds [RR-00138-7]
12139-23-0	"Present ([PC007])" As Cadmium compounds [RR-00559-4]
12005-75-3	"Present ([PC019])" As Arsenic compounds [RR-00625-7]
12069-00-0	"Present ([PC014])" As Lead compounds [RR-00630-4]
15337-60-7	"Present ([PC007])" As Cadmium compounds [RR-00559-4]
22374-57-8	"Present ([PC012])" As Cyclododecane, hexabromo- [25637-99-4]
102047-25-6	"Present ([PC014])" As Lead compounds [RR-00630-4]
3367-31-5	"Present ([PC008])" As Mercury compounds [RR-00138-7]
12608-25-2	"Present ([PC014])" As Lead compounds [RR-00630-4]
2896-10-8	"Present ([PC019])" As Arsenic compounds [RR-00625-7]
13462-91-4	"Present ([PC019])" As Arsenic compounds [RR-00625-7]
35837-70-8	"Present ([PC014])" As Lead compounds [RR-00630-4]
3477-28-9	"Present ([PC008])" As Mercury compounds [RR-00138-7]
1189-85-1	"Present ([PC010])" As Chromium hexavalent compounds [RR-00026-0]
123334-18-9	"Present ([PC019])" As Arsenic compounds [RR-00625-7]
131599-76-3	"Present ([PC019])" As Arsenic compounds [RR-00625-7]
15851-47-5	"Present ([PC014])" As Lead compounds [RR-00630-4]
104-59-6	"Present ([PC008])" As Mercury compounds [RR-00138-7]
1926976-90-0	"Present ([PC007])" As Cadmium compounds [RR-00559-4]
105260-39-7	"Present ([PC008])" As Mercury compounds [RR-00138-7]
13465-34-4	"Present ([PC010])" As Chromium hexavalent compounds [RR-00026-0];
2420-98-6	"Present ([PC007])" As Cadmium compounds [RR-00559-4]
10163-13-0	"Present ([PC007])" As Cadmium compounds [RR-00559-4]
15843-48-8	"Present ([PC014])" As Lead compounds [RR-00630-4]
101357-00-0	"Present ([PC007])" As Cadmium compounds [RR-00559-4]
27176-97-2	"Present ([PC016])" As Nonylphenol, ethoxylated [9016-45-9]
16056-72-7	"Present ([PC007])" As Cadmium compounds [RR-00559-4]
103939-37-3	"Present ([PC016])" As Nonylphenol, ethoxylated [9016-45-9]
106160-94-5	"Present ([PC014])" As Lead compounds [RR-00630-4]
15630-39-4	"Present ([PC007])" As Cadmium compounds [RR-00559-4]
24806-32-4	"Present ([PC008])" As Mercury compounds [RR-00138-7]
24824-71-3	"Present ([PC014])" As Lead compounds [RR-00630-4]
110781-06-1	"Present ([PC019])" As Arsenic compounds [RR-00625-7]
1077-98-1	"Present ([PC008])" As Mercury compounds [RR-00138-7]
17729-30-5	"Present ([PC019])" As Arsenic compounds [RR-00625-7]
12255-39-9	"Present ([PC019])" As Arsenic compounds [RR-00625-7]
101357-04-4	"Present ([PC007])" As Cadmium compounds [RR-00559-4]
30676-83-6	"Present ([PC016])" As Nonylphenol, ethoxylated [9016-45-9]
20632-18-2	"Present ([PC008])" As Mercury compounds [RR-00138-7]
12255-08-2	"Present ([PC019])" As Arsenic compounds [RR-00625-7]
14018-95-2	"Present ([PC010])" As Chromium hexavalent compounds [RR-00026-0]
13843-81-7	"Present ([PC010])" As Chromium hexavalent compounds [RR-00026-0]
12656-57-4	"Present ([PC007])" As Cadmium compounds [RR-00559-4]
12005-70-8	"Present ([PC019])" As Arsenic compounds [RR-00625-7]
12044-16-5	"Present ([PC019])" As Arsenic compounds [RR-00625-7]
27496-91-9	"Present ([PC014])" As Lead compounds [RR-00630-4]
13464-43-2	"Present ([PC019])" As Arsenic compounds [RR-00625-7];
13510-91-3	"Present ([PC014])" As Lead compounds [RR-00630-4]
100656-49-3	"Present ([PC014])" As Lead compounds [RR-00630-4]
10099-79-3	"Present ([PC014])" As Lead compounds [RR-00630-4]
33940-95-3	"Present ([PC014])" As Lead compounds [RR-00630-4]
10271-66-6	"Present ([PC008])" As Mercury compounds [RR-00138-7]
13982-78-0	"Present ([PC008])" As Mercury [7439-97-6];
13464-92-1	"Present ([PC007])" As Cadmium compounds [RR-00559-4]
125328-49-6	"Present ([PC014])" As Lead compounds [RR-00630-4]
186825-40-1	"Present ([PC016])" As 4-Nonylphenol, branched [84852-15-3]
1323-65-5	"Present ([PC016])" As Nonylphenols [25154-52-3]
116565-74-3	"Present ([PC010])" As Chromium hexavalent compounds [RR-00026-0];
12377-69-4	"Present ([PC014])" As Lead compounds [RR-00630-4]
139522-21-7	"Present ([PC014])" As Lead compounds [RR-00630-4]
15773-53-2	"Present ([PC014])" As Lead compounds [RR-00630-4]
133350-45-5	"Present ([PC008])" As Mercury compounds [RR-00138-7]
22438-69-3	"Present ([PC014])" As Lead compounds [RR-00630-4]
1310-03-8	"Present ([PC014])" As Lead compounds [RR-00630-4]
14644-70-3	"Present ([PC019])" As Arsenic compounds [RR-00625-7]
2587-82-8	"Present ([PC014])" As Lead compounds [RR-00630-4]
18467-88-4	"Present ([PC008])" As Mercury compounds [RR-00138-7]
123019-34-1	"Present ([PC016])" As Nonylphenol, ethoxylated [9016-45-9]
12653-71-3	"Present ([PC008])" As Mercury compounds [RR-00138-7]
23525-22-6	"Present ([PC019])" As Arsenic compounds [RR-00625-7]
27986-36-3	"Present ([PC016])" As Nonylphenol, ethoxylated [9016-45-9]
12044-65-4	"Present ([PC019])" As Arsenic compounds [RR-00625-7]
136543-49-2	"Present ([PC007])" As Cadmium compounds [RR-00559-4]
13367-92-5	"Present ([PC019])" As Arsenic compounds [RR-00625-7]
13702-38-0	"Present ([PC019])" As Arsenic compounds [RR-00625-7]
12044-30-3	"Present ([PC019])" As Arsenic compounds [RR-00625-7]
12789-12-7	"Present ([PC016])" As Nonylphenol, ethoxylated [9016-45-9]
112509-36-1	"Present ([PC016])" As Nonylphenol, ethoxylated [9016-45-9]
129-16-8	"Present ([PC008])" As Mercury compounds [RR-00138-7]
2473-03-2	"Present ([PC005])" As Alkanes, C10-13, chloro [85535-84-8]
108821-71-2	"Present ([PC019])" As Arsenic compounds [RR-00625-7]
1317-36-8	"Present ([PC014])" As Lead compounds [RR-00630-4]
10124-48-8	"Present ([PC008])" As Mercury compounds [RR-00138-7]
20492-50-6	"Present ([PC010])" As Chromium hexavalent compounds [RR-00026-0]
178959-28-9	"Present ([PC008])" As Mercury compounds [RR-00138-7]
24345-60-6	"Present ([PC007])" As Cadmium compounds [RR-00559-4]
13453-57-1	"Present ([PC014])" As Lead compounds [RR-00630-4]
22831-42-1	"Present ([PC019])" As Arsenic compounds [RR-00625-7]
12626-31-2	"Present ([PC019])" As Arsenic compounds [RR-00625-7]
100929-97-3	"Present ([PC014])" As Lead compounds [RR-00630-4]
10124-36-4	"Present ([PC007])" As Cadmium compounds [RR-00559-4]
26264-48-2	"Present ([PC007])" As Cadmium compounds [RR-00559-4]
111419-46-6	"Present ([PC019])" As Arsenic compounds [RR-00625-7]
23621-79-6	"Present ([PC014])" As Lead compounds [RR-00630-4]
13760-37-7	"Present ([PC007])" As Cadmium compounds [RR-00559-4]
27569-09-1	"Present ([PC019])" As Arsenic compounds [RR-00625-7]
1303-28-2	"Present ([PC019])" As Arsenic compounds [RR-00625-7]
14973-92-3	"Present ([PC019])" As Arsenic compounds [RR-00625-7]
102110-24-7	"Present ([PC014])" As Lead compounds [RR-00630-4]
12017-86-6	"Present ([PC010])" As Chromium hexavalent compounds [RR-00026-0];
27228-67-7	"Present ([PC008])" As Mercury compounds [RR-00138-7]
12005-96-8	"Present ([PC019])" As Arsenic compounds [RR-00625-7]
16038-76-9	"Present ([PC014])" As Lead compounds [RR-00630-4]
1306-19-0	"Present ([PC007])" As Cadmium compounds [RR-00559-4]
15187-16-3	"Present ([PC014])" As Lead compounds [RR-00630-4]
2587-84-0	"Present ([PC014])" As Lead compounds [RR-00630-4]
119354-96-0	"Present ([PC019])" As Arsenic compounds [RR-00625-7]
101012-89-9	"Present ([PC007])" As Cadmium compounds [RR-00559-4]
16056-37-4	"Present ([PC008])" As Mercury compounds [RR-00138-7]
102110-62-3	"Present ([PC019])" As Arsenic compounds [RR-00625-7];
13302-14-2	"Present ([PC014])" As Lead compounds [RR-00630-4]
125687-98-1	"Present ([PC007])" As Cadmium compounds [RR-00559-4]
31119-53-6	"Present ([PC007])" As Cadmium compounds [RR-00559-4]
107251-67-2	"Present ([PC019])" As Arsenic compounds [RR-00625-7]
18918-06-4	"Present ([PC008])" As Mercury compounds [RR-00138-7]
107121-52-8	"Present ([PC019])" As Arsenic compounds [RR-00625-7]
29053-02-9	"Present ([PC008])" As Mercury compounds [RR-00138-7]
1192-89-8	"Present ([PC008])" As Mercury compounds [RR-00138-7]
10045-94-0	"Present ([PC008])" As Mercury compounds [RR-00138-7]
116086-43-2	"Present ([PC007])" As Cadmium compounds [RR-00559-4]
12005-92-4	"Present ([PC019])" As Arsenic compounds [RR-00625-7]
12795-30-1	"Present ([PC019])" As Arsenic compounds [RR-00625-7]
15347-55-4	"Present ([PC014])" As Lead compounds [RR-00630-4]
22967-92-6	"Present ([PC008])" As Mercury compounds [RR-00138-7]
12256-33-6	"Present ([PC019])" As Arsenic compounds [RR-00625-7]
18279-19-1	"Present ([PC014])" As Lead compounds [RR-00630-4]
2091900-73-9	"Present ([PC016])" As Nonylphenol, ethoxylated [9016-45-9]
11107-93-0	"Present ([PC016])" As Nonylphenol, ethoxylated [9016-45-9]
10294-47-0	"Present ([PC014])" As Lead compounds [RR-00630-4]
18540-29-9	"Present ([PC010])" As Chromium hexavalent compounds [RR-00026-0]
12356-42-2	"Present ([PC014])" As Lead compounds [RR-00630-4]
11112-63-3	"Present ([PC007])" As Cadmium compounds [RR-00559-4]
15384-08-4	"Present ([PC008])" As Mercury compounds [RR-00138-7]
107-34-6	"Present ([PC019])" As Arsenic compounds [RR-00625-7]
104114-64-9	"Present ([PC008])" As Mercury compounds [RR-00138-7]
19122-79-3	"Present ([PC008])" As Mercury compounds [RR-00138-7]
201742-34-9	"Present ([PC014])" As Lead compounds [RR-00630-4]
141490-14-4	"Present ([PC016])" As Nonylphenol, ethoxylated [9016-45-9]
108821-74-5	"Present ([PC019])" As Arsenic compounds [RR-00625-7]
13094-04-7	"Present ([PC014])" As Lead compounds [RR-00630-4]
12044-52-9	"Present ([PC019])" As Arsenic compounds [RR-00625-7]
10048-95-0	"Present ([PC019])" As Arsenic compounds [RR-00625-7]
1306-25-8	"Present ([PC007])" As Cadmium compounds [RR-00559-4]
107762-95-8	"Present ([PC019])" As Arsenic compounds [RR-00625-7]
23483-74-1	"Present ([PC008])" As Mercury compounds [RR-00138-7]
27526-45-0	"Present ([PC019])" As Arsenic compounds [RR-00625-7]
16102-92-4	"Present ([PC019])" As Arsenic compounds [RR-00625-7]
125471-97-8	"Present ([PC014])" As Lead compounds [RR-00630-4]
12034-30-9	"Present ([PC014])" As Lead compounds [RR-00630-4]
1335-31-5	"Present ([PC008])" As Mercury compounds [RR-00138-7]
104-60-9	"Present ([PC008])" As Mercury compounds [RR-00138-7]
30621-31-9	"Present ([PC019])" As Arsenic compounds [RR-00625-7]
3367-29-1	"Present ([PC008])" As Mercury compounds [RR-00138-7]
11113-70-5	"Present ([PC014])" As Lead compounds [RR-00630-4]
21319-43-7	"Present ([PC014])" As Lead compounds [RR-00630-4]
108706-31-6	"Present ([PC007])" As Cadmium compounds [RR-00559-4]
15785-93-0	"Present ([PC008])" As Mercury compounds [RR-00138-7]
10284-49-8	"Present ([PC008])" As Mercury compounds [RR-00138-7]
12777-38-7	"Present ([PC019])" As Arsenic compounds [RR-00625-7]
10217-65-9	"Present ([PC008])" As Mercury compounds [RR-00138-7]
164170-84-7	"Present ([PC019])" As Arsenic compounds [RR-00625-7]
30304-32-6	"Present ([PC007])" As Cadmium compounds [RR-00559-4]
12044-31-4	"Present ([PC019])" As Arsenic compounds [RR-00625-7]
100022-25-1	"Present ([PC008])" As Mercury compounds [RR-00138-7]
12372-45-1	"Present ([PC014])" As Lead compounds [RR-00630-4]
106129-90-2	"Present ([PC019])" As Arsenic compounds [RR-00625-7]
28038-25-7	"Present ([PC007])" As Cadmium compounds [RR-00559-4]
111242-84-3	"Present ([PC019])" As Arsenic compounds [RR-00625-7]
113919-97-4	"Present ([PC019])" As Arsenic compounds [RR-00625-7]
1311-11-1	"Present ([PC014])" As Lead compounds [RR-00630-4]
27942-26-3	"Present ([PC016])" As Nonylphenol, ethoxylated [9016-45-9]
13294-23-0	"Present ([PC008])" As Mercury compounds [RR-00138-7]
12034-88-7	"Present ([PC014])" As Lead compounds [RR-00630-4]
11120-22-2	"Present ([PC014])" As Lead compounds [RR-00630-4]
103730-90-1	"Present ([PC014])" As Lead compounds [RR-00630-4]
20936-32-7	"Present ([PC014])" As Lead compounds [RR-00630-4]
3294-57-3	"Present ([PC008])" As Mercury compounds [RR-00138-7]
1158237-02-5	"Present ([PC009])" As Formaldehyde [50-00-0]
12157-94-7	"Present ([PC014])" As Lead compounds [RR-00630-4]
183592-61-2	"Present ([PC002])" As 1,3-Butadiene [106-99-0]
2597-97-9	"Present ([PC008])" As Mercury compounds [RR-00138-7]
12310-22-4	"Present ([PC019])" As Arsenic compounds [RR-00625-7]
11110-52-4	"Present ([PC008])" As Mercury compounds [RR-00138-7]
102110-36-1	"Present ([PC014])" As Lead compounds [RR-00630-4]
2323620-11-5	"Present ([PC016])" As Nonylphenol, ethoxylated [9016-45-9]
21600-78-2	"Present ([PC014])" As Lead compounds [RR-00630-4]
13510-96-8	"Present ([PC014])" As Lead compounds [RR-00630-4]
1309-60-0	"Present ([PC014])" As Lead compounds [RR-00630-4]
26114-17-0	"Present ([PC008])" As Mercury compounds [RR-00138-7]
3026-22-0	"Present ([PC007])" As Cadmium compounds [RR-00559-4]
10217-67-1	"Present ([PC008])" As Mercury compounds [RR-00138-7]
13703-85-0	"Present ([PC014])" As Lead compounds [RR-00630-4]
13466-06-3	"Present ([PC019])" As Arsenic compounds [RR-00625-7]
20539-85-9	"Present ([PC008])" As Mercury compounds [RR-00138-7]
26299-14-9	"Present ([PC010])" As Chromium hexavalent compounds [RR-00026-0]
107067-99-2	"Present ([PC019])" As Arsenic compounds [RR-00625-7]
31065-88-0	"Present ([PC008])" As Mercury compounds [RR-00138-7]
102110-66-7	"Present ([PC008])" As Mercury compounds [RR-00138-7]
12005-94-6	"Present ([PC019])" As Arsenic compounds [RR-00625-7]
20203-47-8	"Present ([PC010])" As Chromium hexavalent compounds [RR-00026-0]
14466-01-4	"Present ([PC014])" As Lead compounds [RR-00630-4]
2408-86-8	"Present ([PC007])" As Cadmium compounds [RR-00559-4]
12790-67-9	"Present ([PC016])" As Nonylphenol, ethoxylated [9016-45-9]
122582-67-6	"Present ([PC008])" As Mercury compounds [RR-00138-7]
104-40-5	"Present ([PC016])" As Nonylphenols [25154-52-3]
14304-78-0	"Present ([PC019])" As Arsenic [7440-38-2];
1303-11-3	"Present ([PC019])" As Arsenic compounds [RR-00625-7]
1071-39-2	"Present ([PC008])" As Mercury compounds [RR-00138-7]
20403-42-3	"Present ([PC014])" As Lead compounds [RR-00630-4]
33972-75-7	"Present ([PC019])" As Arsenic compounds [RR-00625-7]
10588-01-9	"Present ([PC010])" As Chromium hexavalent compounds [RR-00026-0]
2923-15-1	"Present ([PC008])" As Mercury compounds [RR-00138-7]
27177-01-1	"Present ([PC016])" As Nonylphenol, ethoxylated [9016-45-9]
12060-00-3	"Present ([PC014])" As Lead compounds [RR-00630-4]
13814-59-0	"Present ([PC007])" As Cadmium compounds [RR-00559-4]
13278-80-3	"Present ([PC008])" As Mercury compounds [RR-00138-7]
20738-78-7	"Present ([PC008])" As Mercury compounds [RR-00138-7]
23774-70-1	"Present ([PC012])" As 1,2,5,6,9,10-Hexabromocyclododecane [3194-55-6]
14402-75-6	"Present ([PC007])" As Cadmium compounds [RR-00559-4]
2279-64-3	"Present ([PC008])" As Mercury compounds [RR-00138-7]
14184-47-5	"Present ([PC007])" As Cadmium compounds [RR-00559-4]
172777-22-9	"Present ([PC014])" As Lead compounds [RR-00630-4]
24719-13-9	"Present ([PC019])" As Arsenic compounds [RR-00625-7]
128976-28-3	"Present ([PC014])" As Lead compounds [RR-00630-4]
24343-41-7	"Present ([PC019])" As Arsenic compounds [RR-00625-7]
13424-46-9	"Present ([PC014])" As Lead compounds [RR-00630-4]
16039-55-7	"Present ([PC007])" As Cadmium compounds [RR-00559-4]
27923-60-0	"Present ([PC014])" As Lead compounds [RR-00630-4]
22904-40-1	"Present ([PC014])" As Lead compounds [RR-00630-4]
25510-11-6	"Present ([PC014])" As Lead compounds [RR-00630-4]
1758-48-1	"Present ([PC019])" As Arsenic compounds [RR-00625-7]
1520-78-1	"Present ([PC014])" As Lead compounds [RR-00630-4]
2321-53-1	"Present ([PC019])" As Arsenic compounds [RR-00625-7]
35296-72-1	"Present ([PC014])" As Lead compounds [RR-00630-4]
106168-40-5	"Present ([PC008])" As Mercury compounds [RR-00138-7]
107231-62-9	"Present ([PC016])" As Nonylphenol, ethoxylated [9016-45-9]
15739-80-7	"Present ([PC014])" As Lead compounds [RR-00630-4]
107793-16-8	"Present ([PC019])" As Arsenic compounds [RR-00625-7]
1142-64-9	"Present ([PC008])" As Mercury compounds [RR-00138-7]
12044-54-1	"Present ([PC019])" As Arsenic compounds [RR-00625-7]
106070-25-1	"Present ([PC019])" As Arsenic compounds [RR-00625-7]
34166-38-6	"Present ([PC016])" As Nonylphenol, ethoxylated [9016-45-9]
13464-44-3	"Present ([PC019])" As Arsenic compounds [RR-00625-7]
146504-31-6	"Present ([PC019])" As Arsenic compounds [RR-00625-7]
12205-72-0	"Present ([PC014])" As Lead compounds [RR-00630-4]
23878-46-8	"Present ([PC019])" As Arsenic compounds [RR-00625-7]
18211-85-3	"Present ([PC008])" As Mercury compounds [RR-00138-7]
199876-46-5	"Present ([PC014])" As Lead compounds [RR-00630-4]
13465-33-3	"Present ([PC008])" As Mercury compounds [RR-00138-7]
12433-14-6	"Present ([PC010])" As Chromium hexavalent compounds [RR-00026-0]
20883-32-3	"Present ([PC008])" As Mercury compounds [RR-00138-7]
107-26-6	"Present ([PC008])" As Mercury compounds [RR-00138-7]
101836-84-4	"Present ([PC019])" As Arsenic compounds [RR-00625-7]
19447-62-2	"Present ([PC008])" As Mercury compounds [RR-00138-7]
13464-31-8	"Present ([PC019])" As Arsenic compounds [RR-00625-7]
1762-27-2	"Present ([PC014])" As Lead compounds [RR-00630-4]
145538-74-5	"Present ([PC020])" As Decabrominated diphenyl ether [1163-19-5]
13778-36-4	"Present ([PC014])" As Lead compounds [RR-00630-4]
20837-86-9	"Present ([PC014])" As Lead compounds [RR-00630-4]
14066-61-6	"Present ([PC008])" As Mercury compounds [RR-00138-7]
13767-78-7	"Present ([PC014])" As Lead compounds [RR-00630-4]
2597-93-5	"Present ([PC008])" As Mercury compounds [RR-00138-7]
108424-60-8	"Present ([PC019])" As Arsenic compounds [RR-00625-7]
13864-38-5	"Present ([PC008])" As Mercury compounds [RR-00138-7]
15415-64-2	"Present ([PC008])" As Mercury compounds [RR-00138-7]
1344-37-2	"Present ([PC010])" As Chromium hexavalent compounds [RR-00026-0];
121054-00-0	"Present ([PC014])" As Lead compounds [RR-00630-4]
1153-05-5	"Present ([PC019])" As Arsenic compounds [RR-00625-7]
27016-73-5	"Present ([PC019])" As Arsenic compounds [RR-00625-7]
18532-52-0	"Present ([PC007])" As Cadmium compounds [RR-00559-4]
12397-06-7	"Present ([PC014])" As Lead compounds [RR-00630-4]
100995-81-1	"Present ([PC019])" As Arsenic compounds [RR-00625-7]
12006-08-5	"Present ([PC019])" As Arsenic compounds [RR-00625-7]
10338-78-0	"Present ([PC008])" As Mercury compounds [RR-00138-7]
1202388-20-2	"Present ([PC016])" As Nonylphenol, ethoxylated [9016-45-9]
10294-53-8	"Present ([PC010])" As Chromium hexavalent compounds [RR-00026-0]
12214-45-8	"Present ([PC014])" As Lead compounds [RR-00630-4]
1153-06-6	"Present ([PC014])" As Lead compounds [RR-00630-4]
10190-55-3	"Present ([PC014])" As Lead compounds [RR-00630-4]
15804-54-3	"Present ([PC014])" As Lead compounds [RR-00630-4]
101013-06-3	"Present ([PC014])" As Lead compounds [RR-00630-4]
10284-48-7	"Present ([PC008])" As Mercury compounds [RR-00138-7]
14648-48-7	"Present ([PC014])" As Lead compounds [RR-00630-4]
1043-49-8	"Present ([PC008])" As Mercury compounds [RR-00138-7]
138257-18-8	"Present ([PC012])" As Cyclododecane, hexabromo- [25637-99-4]
12044-21-2	"Present ([PC019])" As Arsenic compounds [RR-00625-7]
116920-59-3	"Present ([PC007])" As Cadmium compounds [RR-00559-4]
226225-58-7	"Present ([PC016])" As Nonylphenol, ethoxylated [9016-45-9]
14570-16-2	"Present ([PC014])" As Lead compounds [RR-00630-4]
18917-83-4	"Present ([PC008])" As Mercury compounds [RR-00138-7]
124-01-6	"Present ([PC008])" As Mercury compounds [RR-00138-7]
1762-28-3	"Present ([PC014])" As Lead compounds [RR-00630-4]
10341-89-6	"Present ([PC008])" As Mercury compounds [RR-00138-7]
10284-47-6	"Present ([PC008])" As Mercury compounds [RR-00138-7]
35229-41-5	"Present ([PC014])" As Lead compounds [RR-00630-4]
2654-47-9	"Present ([PC008])" As Mercury compounds [RR-00138-7]
14010-06-1	"Present ([PC007])" As Cadmium compounds [RR-00559-4]
13530-67-1	"Present ([PC010])" As Chromium hexavalent compounds [RR-00026-0]
116711-78-5	"Present ([PC016])" As Nonylphenol, ethoxylated [9016-45-9]
108855-43-2	"Present ([PC019])" As Arsenic compounds [RR-00625-7]
14032-92-9	"Present ([PC008])" As Mercury compounds [RR-00138-7]
12005-69-5	"Present ([PC019])" As Arsenic compounds [RR-00625-7]
12213-70-6	"Present ([PC007])" As Cadmium compounds [RR-00559-4]
22465-18-5	"Present ([PC007])" As Cadmium compounds [RR-00559-4]
3249-60-3	"Present ([PC014])" As Lead compounds [RR-00630-4]
1609158-91-9	"Present ([PC009])" As Formaldehyde [50-00-0]
108855-42-1	"Present ([PC019])" As Arsenic compounds [RR-00625-7]
13302-00-6	"Present ([PC008])" As Mercury compounds [RR-00138-7]
24952-65-6	"Present ([PC014])" As Lead compounds [RR-00630-4]
13765-19-0	"Present ([PC010])" As Chromium hexavalent compounds [RR-00026-0]
116065-96-4	"Present ([PC019])" As Arsenic compounds [RR-00625-7]
133988-90-6	"Present ([PC014])" As Lead compounds [RR-00630-4]
13464-38-5	"Present ([PC019])" As Arsenic compounds [RR-00625-7]
29935-35-1	"Present ([PC019])" As Arsenic compounds [RR-00625-7]
23587-90-8	"Present ([PC008])" As Mercury compounds [RR-00138-7]
116854-17-2	"Present ([PC007])" As Cadmium compounds [RR-00559-4]
19528-48-4	"Present ([PC008])" As Mercury compounds [RR-00138-7]
205577-03-3	"Present ([PC016])" As Nonylphenol, ethoxylated [9016-45-9]
101654-43-7	"Present ([PC008])" As Mercury compounds [RR-00138-7]
10060-08-9	"Present ([PC010])" As Chromium hexavalent compounds [RR-00026-0]
20601-83-6	"Present ([PC008])" As Mercury compounds [RR-00138-7]
175448-53-0	"Present ([PC014])" As Lead compounds [RR-00630-4]
1083-82-5	"Present ([PC014])" As Lead compounds [RR-00630-4]
17522-78-0	"Present ([PC019])" As Arsenic compounds [RR-00625-7]
2597-95-7	"Present ([PC008])" As Mercury compounds [RR-00138-7]
1306-23-6	"Present ([PC007])" As Cadmium compounds [RR-00559-4]
12344-68-2	"Present ([PC019])" As Arsenic compounds [RR-00625-7]
32382-27-7	"Present ([PC008])" As Mercury compounds [RR-00138-7]
143197-63-1	"Present ([PC008])" As Mercury compounds [RR-00138-7]
21840-08-4	"Present ([PC019])" As Arsenic compounds [RR-00625-7]
13427-42-4	"Present ([PC014])" As Lead compounds [RR-00630-4]
28086-13-7	"Present ([PC008])" As Mercury compounds [RR-00138-7]
13601-63-3	"Present ([PC007])" As Cadmium compounds [RR-00559-4]
1310-88-9	"Present ([PC008])" As Mercury compounds [RR-00138-7]
117925-64-1	"Present ([PC015])" As Perfluorooctanesulfonic acid, potassium salt [2795-39-3]
106496-20-2	"Present ([PC007])" As Cadmium compounds [RR-00559-4]
12006-15-4	"Present ([PC007])" As Cadmium compounds [RR-00559-4];
2117-39-7	"Present ([PC008])" As Mercury compounds [RR-00138-7]
10031-22-8	"Present ([PC014])" As Lead compounds [RR-00630-4]
12005-82-2	"Present ([PC019])" As Arsenic compounds [RR-00625-7]
15245-44-0	"Present ([PC014])" As Lead compounds [RR-00630-4]
1067-32-9	"Present ([PC007])" As Cadmium compounds [RR-00559-4]
10031-18-2	"Present ([PC008])" As Mercury compounds [RR-00138-7]
15773-48-5	"Present ([PC014])" As Lead compounds [RR-00630-4]
101043-98-5	"Present ([PC008])" As Mercury compounds [RR-00138-7]
16450-50-3	"Present ([PC014])" As Lead compounds [RR-00630-4]
15743-19-8	"Present ([PC007])" As Cadmium compounds [RR-00559-4]
1920-90-7	"Present ([PC014])" As Lead compounds [RR-00630-4]
113920-24-4	"Present ([PC019])" As Arsenic compounds [RR-00625-7]
29473-77-6	"Present ([PC014])" As Lead compounds [RR-00630-4]
12400-33-8	"Present ([PC007])" As Cadmium compounds [RR-00559-4]
186825-39-8	"Present ([PC016])" As 4-Nonylphenol, branched [84852-15-3]
15516-76-4	"Present ([PC008])" As Mercury compounds [RR-00138-7]
13464-33-0	"Present ([PC019])" As Arsenic compounds [RR-00625-7]
2865-70-5	"Present ([PC019])" As Arsenic compounds [RR-00625-7]
11119-70-3	"Present ([PC014])" As Lead compounds [RR-00630-4]
10031-13-7	"Present ([PC019])" As Arsenic compounds [RR-00625-7];
25721-38-4	"Present ([PC014])" As Lead compounds [RR-00630-4]
13246-32-7	"Present ([PC019])" As Arsenic compounds [RR-00625-7]
101356-99-4	"Present ([PC007])" As Cadmium compounds [RR-00559-4]
21328-74-5	"Present ([PC007])" As Cadmium compounds [RR-00559-4]
101357-02-2	"Present ([PC007])" As Cadmium compounds [RR-00559-4]
13510-94-6	"Present ([PC019])" As Arsenic compounds [RR-00625-7];
22723-52-0	"Present ([PC014])" As Lead compounds [RR-00630-4]
12380-95-9	"Present ([PC007])" As Cadmium compounds [RR-00559-4]
10192-55-9	"Present ([PC008])" As Mercury compounds [RR-00138-7]
15244-35-6	"Present ([PC007])" As Cadmium compounds [RR-00559-4]
21450-81-7	"Present ([PC008])" As Mercury compounds [RR-00138-7]
3599-28-8	"Present ([PC019])" As Arsenic compounds [RR-00625-7]
12435-47-1	"Present ([PC014])" As Lead compounds [RR-00630-4]
143929-07-1	"Present ([PC016])" As Nonylphenol, ethoxylated [9016-45-9]
3586-60-5	"Present ([PC019])" As Arsenic compounds [RR-00625-7]
14721-18-7	"Present ([PC010])" As Chromium hexavalent compounds [RR-00026-0]
132003-12-4	"Present ([PC014])" As Lead compounds [RR-00630-4]
15851-44-2	"Present ([PC007])" As Cadmium compounds [RR-00559-4]
1162-06-7	"Present ([PC014])" As Lead compounds [RR-00630-4]
12044-55-2	"Present ([PC019])" As Arsenic compounds [RR-00625-7]
118340-36-6	"Present ([PC019])" As Arsenic compounds [RR-00625-7]
23582-06-1	"Present ([PC019])" As Arsenic compounds [RR-00625-7]
19010-79-8	"Present ([PC007])" As Cadmium compounds [RR-00559-4]
106804-40-4	"Present ([PC019])" As Arsenic compounds [RR-00625-7]
10382-41-9	"Present ([PC014])" As Lead compounds [RR-00630-4]
102184-95-2	"Present ([PC007])" As Cadmium compounds [RR-00559-4]
33020-34-7	"Present ([PC008])" As Mercury compounds [RR-00138-7]
1785-43-9	"Present ([PC008])" As Mercury compounds [RR-00138-7]
3249-61-4	"Present ([PC014])" As Lead compounds [RR-00630-4]
12135-36-3	"Present ([PC014])" As Lead compounds [RR-00630-4]
10217-68-2	"Present ([PC008])" As Mercury compounds [RR-00138-7]
27605-30-7	"Present ([PC008])" As Mercury compounds [RR-00138-7]
2096976-67-7	"Present ([PC016])" As Nonylphenol, ethoxylated [9016-45-9]
106104-30-7	"Present ([PC019])" As Arsenic compounds [RR-00625-7]
2163-80-6	"Present ([PC019])" As Arsenic compounds [RR-00625-7]
124-82-3	"Present ([PC008])" As Mercury compounds [RR-00138-7]
12256-04-1	"Present ([PC019])" As Arsenic compounds [RR-00625-7]
20223-84-1	"Present ([PC008])" As Mercury compounds [RR-00138-7]
13465-37-7	"Present ([PC008])" As Mercury compounds [RR-00138-7]
12136-15-1	"Present ([PC008])" As Mercury compounds [RR-00138-7]
12044-20-1	"Present ([PC019])" As Arsenic compounds [RR-00625-7]
2701-61-3	"Present ([PC008])" As Mercury compounds [RR-00138-7]
107477-77-0	"Present ([PC019])" As Arsenic compounds [RR-00625-7]
101012-92-4	"Present ([PC014])" As Lead compounds [RR-00630-4]
1314-41-6	"Present ([PC014])" As Lead compounds [RR-00630-4]
1336-57-8	"Present ([PC008])" As Mercury compounds [RR-00138-7]
1303-32-8	"Present ([PC019])" As Arsenic compounds [RR-00625-7]
13170-76-8	"Present ([PC008])" As Mercury compounds [RR-00138-7]
130596-72-4	"Present ([PC014])" As Lead compounds [RR-00630-4]
10080-39-4	"Present ([PC008])" As Mercury compounds [RR-00138-7]
113919-96-3	"Present ([PC019])" As Arsenic compounds [RR-00625-7]
13462-93-6	"Present ([PC019])" As Arsenic compounds [RR-00625-7]
13464-42-1	"Present ([PC019])" As Arsenic compounds [RR-00625-7]
14017-36-8	"Present ([PC007])" As Cadmium compounds [RR-00559-4]
100641-27-8	"Present ([PC019])" As Arsenic compounds [RR-00625-7]
1499-33-8	"Present ([PC019])" As Arsenic compounds [RR-00625-7]
21093-83-4	"Present ([PC019])" As Arsenic compounds [RR-00625-7]
100-56-1	"Present ([PC008])" As Mercury compounds [RR-00138-7]
12676-62-9	"Present ([PC014])" As Lead compounds [RR-00630-4]
101357-01-1	"Present ([PC007])" As Cadmium compounds [RR-00559-4]
108801-47-4	"Present ([PC019])" As Arsenic compounds [RR-00625-7]
32775-46-5	"Present ([PC019])" As Arsenic compounds [RR-00625-7]
122-64-5	"Present ([PC008])" As Mercury compounds [RR-00138-7]
153679-91-5	"Present ([PC014])" As Lead compounds [RR-00630-4]
13444-75-2	"Present ([PC008])" As Mercury compounds [RR-00138-7]
16751-55-6	"Present ([PC008])" As Mercury compounds [RR-00138-7]
1027045-74-4	"Present ([PC012])" As Cyclododecane, hexabromo- [25637-99-4]
1333-82-0	"Present ([PC010])" As Chromium hexavalent compounds [RR-00026-0]
122466-83-5	"Present ([PC014])" As Lead compounds [RR-00630-4]
3076-54-8	"Present ([PC014])" As Lead compounds [RR-00630-4]
102430-06-8	"Present ([PC019])" As Arsenic compounds [RR-00625-7]
106804-39-1	"Present ([PC019])" As Arsenic compounds [RR-00625-7]
24579-91-7	"Present ([PC008])" As Mercury compounds [RR-00138-7]
109945-70-2	"Present ([PC020])" As Decabrominated diphenyl ether [1163-19-5]
14520-70-8	"Present ([PC007])" As Cadmium compounds [RR-00559-4]
12044-79-0	"Present ([PC019])" As Arsenic compounds [RR-00625-7]
15887-88-4	"Present ([PC014])" As Lead compounds [RR-00630-4]
3294-58-4	"Present ([PC008])" As Mercury compounds [RR-00138-7]
12414-94-7	"Present ([PC019])" As Arsenic compounds [RR-00625-7]
12006-21-2	"Present ([PC019])" As Arsenic compounds [RR-00625-7]
1632-89-9	"Present ([PC022])" As Acetaldehyde [75-07-0]
107251-68-3	"Present ([PC019])" As Arsenic compounds [RR-00625-7]
107121-53-9	"Present ([PC019])" As Arsenic compounds [RR-00625-7]
121-59-5	"Present ([PC019])" As Arsenic compounds [RR-00625-7]
124222-18-0	"Present ([PC014])" As Lead compounds [RR-00630-4]
13477-22-0	"Present ([PC007])" As Cadmium compounds [RR-00559-4]
1303-39-5	"Present ([PC019])" As Arsenic compounds [RR-00625-7]
12036-31-6	"Present ([PC014])" As Lead compounds [RR-00630-4]
133350-44-4	"Present ([PC008])" As Mercury compounds [RR-00138-7]
1303-13-5	"Present ([PC019])" As Arsenic compounds [RR-00625-7]
16142-89-5	"Present ([PC019])" As Arsenic compounds [RR-00625-7]
15748-73-9	"Present ([PC014])" As Lead compounds [RR-00630-4]
104325-07-7	"Present ([PC008])" As Mercury compounds [RR-00138-7]
13257-51-7	"Present ([PC008])" As Mercury compounds [RR-00138-7]
1600-27-7	"Present ([PC008])" As Mercury compounds [RR-00138-7]
17048-37-2	"Present ([PC008])" As Mercury compounds [RR-00138-7]
19423-89-3	"Present ([PC014])" As Lead compounds [RR-00630-4]
100822-74-0	"Present ([PC014])" As Lead compounds [RR-00630-4]
16331-85-4	"Present ([PC019])" As Arsenic compounds [RR-00625-7]
12139-22-9	"Present ([PC007])" As Cadmium compounds [RR-00559-4]
12255-10-6	"Present ([PC019])" As Arsenic compounds [RR-00625-7]
109877-61-4	"Present ([PC019])" As Arsenic compounds [RR-00625-7]
10103-50-1	"Present ([PC019])" As Arsenic compounds [RR-00625-7]
14216-88-7	"Present ([PC010])" As Chromium hexavalent compounds [RR-00026-0]
3367-32-6	"Present ([PC008])" As Mercury compounds [RR-00138-7]
101012-94-6	"Present ([PC007])" As Cadmium compounds [RR-00559-4]
109707-90-6	"Present ([PC014])" As Lead compounds [RR-00630-4]
13406-89-8	"Present ([PC014])" As Lead compounds [RR-00630-4]
108-07-6	"Present ([PC008])" As Mercury compounds [RR-00138-7]
1336-96-5	"Present ([PC008])" As Mercury compounds [RR-00138-7]
14336-66-4	"Present ([PC007])" As Cadmium [7440-43-9];
108821-75-6	"Present ([PC019])" As Arsenic compounds [RR-00625-7]
19783-14-3	"Present ([PC014])" As Lead compounds [RR-00630-4]
27177-05-5	"Present ([PC016])" As Nonylphenol, ethoxylated [9016-45-9]
1002-69-3	"Present ([PC005])" As Alkanes, C10-13, chloro [85535-84-8]
1344-48-5	"Present ([PC008])" As Mercury compounds [RR-00138-7]
137263-06-0	"Present ([PC016])" As Nonylphenol, ethoxylated [9016-45-9]
13453-65-1	"Present ([PC014])" As Lead compounds [RR-00630-4]
133-58-4	"Present ([PC008])" As Mercury compounds [RR-00138-7]
10299-45-3	"Present ([PC008])" As Mercury compounds [RR-00138-7]
13779-98-1	"Present ([PC014])" As Lead compounds [RR-00630-4]
18918-17-7	"Present ([PC008])" As Mercury compounds [RR-00138-7]
12656-85-8	"Present ([PC010])" As Chromium hexavalent compounds [RR-00026-0];
1776-70-1	"Present ([PC019])" As Arsenic compounds [RR-00625-7]
110687-64-4	"Present ([PC019])" As Arsenic compounds [RR-00625-7]
27253-28-7	"Present ([PC014])" As Lead compounds [RR-00630-4]
136543-50-5	"Present ([PC007])" As Cadmium compounds [RR-00559-4]
1314-87-0	"Present ([PC014])" As Lead compounds [RR-00630-4]
27133-66-0	"Present ([PC010])" As Chromium hexavalent compounds [RR-00026-0]
13463-30-4	"Present ([PC014])" As Lead compounds [RR-00630-4]
11063-58-4	"Present ([PC014])" As Lead compounds [RR-00630-4]
129-99-7	"Present ([PC008])" As Mercury compounds [RR-00138-7]
14720-53-7	"Present ([PC014])" As Lead compounds [RR-00630-4]
14765-72-1	"Present ([PC019])" As Arsenic compounds [RR-00625-7]
141-00-4	"Present ([PC007])" As Cadmium compounds [RR-00559-4]
108424-61-9	"Present ([PC019])" As Arsenic compounds [RR-00625-7]
11091-69-3	"Present ([PC007])" As Cadmium compounds [RR-00559-4]
113876-86-1	"Present ([PC019])" As Arsenic compounds [RR-00625-7]
10196-67-5	"Present ([PC007])" As Cadmium compounds [RR-00559-4]
1314-27-8	"Present ([PC014])" As Lead compounds [RR-00630-4]
10294-40-3	"Present ([PC010])" As Chromium hexavalent compounds [RR-00026-0]
14024-55-6	"Present ([PC008])" As Mercury compounds [RR-00138-7]
102110-61-2	"Present ([PC008])" As Mercury compounds [RR-00138-7];
10403-66-4	"Present ([PC008])" As Mercury compounds [RR-00138-7]
102736-13-0	"Present ([PC005])" As Alkanes, C10-13, chloro [85535-84-8]
100311-01-1	"Present ([PC019])" As Arsenic compounds [RR-00625-7]
14312-00-6	"Present ([PC010])" As Chromium hexavalent compounds [RR-00026-0];
110687-39-3	"Present ([PC014])" As Lead compounds [RR-00630-4]
10048-99-4	"Present ([PC008])" As Mercury compounds [RR-00138-7]
12065-68-8	"Present ([PC014])" As Lead compounds [RR-00630-4]
121072-42-2	"Present ([PC014])" As Lead compounds [RR-00630-4]
100403-63-2	"Present ([PC008])" As Mercury compounds [RR-00138-7]
16128-42-0	"Present ([PC014])" As Lead compounds [RR-00630-4]
101012-93-5	"Present ([PC007])" As Cadmium compounds [RR-00559-4]
113959-74-3	"Present ([PC019])" As Arsenic compounds [RR-00625-7]
26543-97-5	"Present ([PC016])" As Nonylphenols [25154-52-3];
1303-22-6	"Present ([PC019])" As Arsenic compounds [RR-00625-7]
1300-78-3	"Present ([PC008])" As Mercury compounds [RR-00138-7]
13932-02-0	"Present ([PC008])" As Mercury compounds [RR-00138-7]
23582-05-0	"Present ([PC019])" As Arsenic compounds [RR-00625-7]
117746-50-6	"Present ([PC019])" As Arsenic compounds [RR-00625-7]
15682-87-8	"Present ([PC007])" As Cadmium compounds [RR-00559-4]
14307-33-6	"Present ([PC010])" As Chromium hexavalent compounds [RR-00026-0]
13478-34-7	"Present ([PC019])" As Arsenic compounds [RR-00625-7]
14215-33-9	"Present ([PC008])" As Mercury compounds [RR-00138-7]
22750-53-4	"Present ([PC007])" As Cadmium compounds [RR-00559-4]
301-08-6	"Present ([PC014])" As Lead compounds [RR-00630-4]
169102-57-2	"Present ([PC012])" As Cyclododecane, hexabromo- [25637-99-4]
13814-62-5	"Present ([PC007])" As Cadmium compounds [RR-00559-4]
13548-42-0	"Present ([PC010])" As Chromium hexavalent compounds [RR-00026-0]
30873-69-9	"Present ([PC014])" As Lead compounds [RR-00630-4]
12255-09-3	"Present ([PC019])" As Arsenic compounds [RR-00625-7]
28267-01-8	"Present ([PC014])" As Lead compounds [RR-00630-4]
1773514-92-3	"Present ([PC007])" As Cadmium compounds [RR-00559-4]
12737-98-3	"Present ([PC014])" As Lead compounds [RR-00630-4]
108424-15-3	"Present ([PC014])" As Lead compounds [RR-00630-4]
102-98-7	"Present ([PC008])" As Mercury compounds [RR-00138-7]
140-20-5	"Present ([PC008])" As Mercury compounds [RR-00138-7]
12774-29-7	"Present ([PC014])" As Lead compounds [RR-00630-4]
18906-50-8	"Present ([PC010])" As Chromium hexavalent compounds [RR-00026-0]
12765-51-4	"Present ([PC014])" As Lead compounds [RR-00630-4]
107-27-7	"Present ([PC008])" As Mercury compounds [RR-00138-7]
1345-09-1	"Present ([PC008])" As Mercury compounds [RR-00138-7];
1624-02-8	"Present ([PC010])" As Chromium hexavalent compounds [RR-00026-0]
15852-14-9	"Present ([PC007])" As Cadmium compounds [RR-00559-4]
21892-63-7	"Present ([PC019])" As Arsenic compounds [RR-00625-7]
14099-12-8	"Present ([PC008])" As Mercury compounds [RR-00138-7]
17029-22-0	"Present ([PC019])" As Arsenic compounds [RR-00625-7]
14104-85-9	"Present ([PC010])" As Chromium hexavalent compounds [RR-00026-0]
17774-09-3	"Present ([PC008])" As Mercury compounds [RR-00138-7]
114755-61-2	"Present ([PC019])" As Arsenic compounds [RR-00625-7]
256459-00-4	"Present ([PC016])" As Nonylphenols [25154-52-3]
102110-26-9	"Present ([PC014])" As Lead compounds [RR-00630-4]
12344-40-0	"Present ([PC008])" As Mercury compounds [RR-00138-7]
10366-02-6	"Present ([PC008])" As Mercury compounds [RR-00138-7]
11103-86-9	"Present ([PC010])" As Chromium hexavalent compounds [RR-00026-0]
13510-89-9	"Present ([PC014])" As Lead compounds [RR-00630-4]
1262279-31-1	"Present ([PC014])" As Lead compounds [RR-00630-4]
12060-01-4	"Present ([PC014])" As Lead compounds [RR-00630-4]
15682-88-9	"Present ([PC008])" As Mercury compounds [RR-00138-7]
12006-06-3	"Present ([PC019])" As Arsenic compounds [RR-00625-7]
13826-65-8	"Present ([PC014])" As Lead compounds [RR-00630-4]
1312-03-4	"Present ([PC008])" As Mercury compounds [RR-00138-7]
20720-76-7	"Present ([PC008])" As Mercury compounds [RR-00138-7]
13845-31-3	"Present ([PC014])" As Lead compounds [RR-00630-4]
12298-67-8	"Present ([PC008])" As Mercury compounds [RR-00138-7]
16040-38-3	"Present ([PC014])" As Lead compounds [RR-00630-4]
33631-63-9	"Present ([PC008])" As Mercury compounds [RR-00138-7]
26719-07-3	"Present ([PC008])" As Mercury compounds [RR-00138-7]
10136-69-3	"Present ([PC008])" As Mercury compounds [RR-00138-7]
11116-83-9	"Present ([PC014])" As Lead compounds [RR-00630-4]
13701-91-2	"Present ([PC014])" As Lead compounds [RR-00630-4]
13931-84-5	"Present ([PC014])" As Lead compounds [RR-00630-4]
102423-87-0	"Present ([PC014])" As Lead compounds [RR-00630-4]
12044-42-7	"Present ([PC019])" As Arsenic compounds [RR-00625-7]
103369-15-9	"Present ([PC008])" As Mercury compounds [RR-00138-7]
2223-93-0	"Present ([PC007])" As Cadmium compounds [RR-00559-4]
185395-33-9	"Present ([PC019])" As Arsenic compounds [RR-00625-7]
127087-87-0	"Present ([PC016])" As Nonylphenol, ethoxylated [9016-45-9]
13464-35-2	"Present ([PC019])" As Arsenic compounds [RR-00625-7]
11115-74-5	"Present ([PC010])" As Chromium hexavalent compounds [RR-00026-0]
108424-16-4	"Present ([PC014])" As Lead compounds [RR-00630-4]
112068-71-0	"Present ([PC009])" As Formaldehyde [50-00-0]
3440-75-3	"Present ([PC014])" As Lead compounds [RR-00630-4]
1943678-94-1	"Present ([PC016])" As Nonylphenol, ethoxylated [9016-45-9]
12005-95-7	"Present ([PC019])" As Arsenic compounds [RR-00625-7]
124-58-3	"Present ([PC019])" As Arsenic compounds [RR-00625-7]
12687-78-4	"Present ([PC014])" As Lead compounds [RR-00630-4]
20403-41-2	"Present ([PC014])" As Lead compounds [RR-00630-4]
13477-19-5	"Present ([PC007])" As Cadmium compounds [RR-00559-4]
114824-20-3	"Present ([PC019])" As Arsenic compounds [RR-00625-7]
108821-72-3	"Present ([PC019])" As Arsenic compounds [RR-00625-7]
12023-90-4	"Present ([PC014])" As Lead compounds [RR-00630-4]
102110-21-4	"Present ([PC019])" As Arsenic compounds [RR-00625-7]
1344-74-7	"Present ([PC010])" As Chromium hexavalent compounds [RR-00026-0]
13464-28-3	"Present ([PC008])" As Mercury compounds [RR-00138-7]
13732-17-7	"Present ([PC014])" As Lead compounds [RR-00630-4]
15606-95-8	"Present ([PC019])" As Arsenic compounds [RR-00625-7]
35823-05-3	"Present ([PC008])" As Mercury compounds [RR-00138-7]
21259-76-7	"Present ([PC008])" As Mercury compounds [RR-00138-7]
28752-79-6	"Present ([PC008])" As Mercury compounds [RR-00138-7]
1303-37-3	"Present ([PC019])" As Arsenic compounds [RR-00625-7]
102110-40-7	"Present ([PC008])" As Mercury compounds [RR-00138-7]
106496-45-1	"Present ([PC014])" As Lead compounds [RR-00630-4]
123720-03-6	"Present ([PC008])" As Mercury [7439-97-6]
7789-06-2	"Present ([PC010])" As Chromium hexavalent compounds [RR-00026-0]
94022-47-6	"Present ([PC008])" As Mercury compounds [RR-00138-7]
62702-52-7	"Present ([PC019])" As Arsenic compounds [RR-00625-7]
50288-23-8	"Present ([PC019])" As Arsenic compounds [RR-00625-7]
98-05-5	"Present ([PC019])" As Arsenic compounds [RR-00625-7]
90388-10-6	"Present ([PC014])" As Lead compounds [RR-00630-4]
94266-32-7	"Present ([PC014])" As Lead compounds [RR-00630-4]
7784-44-3	"Present ([PC019])" As Arsenic compounds [RR-00625-7]
52440-03-6	"Present ([PC016])" As Nonylphenol, ethoxylated [9016-45-9]
67711-91-5	"Present ([PC014])" As Lead compounds [RR-00630-4]
68604-56-8	"Present ([PC014])" As Lead compounds [RR-00630-4]
43135-86-0	"Present ([PC014])" As Lead compounds [RR-00630-4]
52051-49-7	"Present ([PC016])" As Nonylphenol, ethoxylated [9016-45-9]
67711-96-0	"Present ([PC019])" As Arsenic compounds [RR-00625-7];
71231-59-9	"Present ([PC007])" As Cadmium compounds [RR-00559-4]
63905-89-5	"Present ([PC008])" As Mercury compounds [RR-00138-7]
98072-44-7	"Present ([PC014])" As Lead compounds [RR-00630-4]
749262-24-6	"Present ([PC008])" As Mercury compounds [RR-00138-7];
69029-81-8	"Present ([PC007])" As Cadmium compounds [RR-00559-4];
91671-83-9	"Present ([PC014])" As Lead compounds [RR-00630-4]
RR-191287-4	"Present ([PC016])" As Nonylphenol, ethoxylated [9016-45-9]
7783-32-6	"Present ([PC008])" As Mercury compounds [RR-00138-7]
5964-24-9	"Present ([PC008])" As Mercury compounds [RR-00138-7]
RR-00801-5	"Present ([PC019])" As Arsenic compounds [RR-00625-7]
RR-12396-6	"Present ([PC019])" As Arsenic compounds [RR-00625-7]
61951-96-0	"Present ([PC007])" As Cadmium compounds [RR-00559-4]
54059-75-5	"Present ([PC005])" As Alkanes, C10-13, chloro [85535-84-8]
7784-45-4	"Present ([PC019])" As Arsenic compounds [RR-00625-7]
5785-43-3	"Present ([PC019])" As Arsenic compounds [RR-00625-7]
68877-00-9	"Present ([PC007])" As Cadmium compounds [RR-00559-4]
7784-37-4	"Present ([PC008])" As Mercury compounds [RR-00138-7];
64049-24-7	"Present ([PC019])" As Arsenic compounds [RR-00625-7]
93965-24-3	"Present ([PC007])" As Cadmium compounds [RR-00559-4]
64504-12-7	"Present ([PC014])" As Lead compounds [RR-00630-4]
85117-20-0	"Present ([PC010])" As Chromium hexavalent compounds [RR-00026-0];
RR-01858-6	"Present ([PC008])" As Mercury compounds [RR-00138-7]
55728-51-3	"Present ([PC008])" As Mercury compounds [RR-00138-7]
7784-35-2	"Present ([PC019])" As Arsenic compounds [RR-00625-7]
90459-88-4	"Present ([PC014])" As Lead compounds [RR-00630-4]
84929-96-4	"Present ([PC014])" As Lead compounds [RR-00630-4]
53125-17-0	"Present ([PC016])" As Nonylphenol, ethoxylated [9016-45-9]
94854-78-1	"Present ([PC019])" As Arsenic compounds [RR-00625-7]
64048-05-1	"Present ([PC008])" As Mercury compounds [RR-00138-7]
68784-10-1	"Present ([PC007])" As Cadmium compounds [RR-00559-4]
69029-69-2	"Present ([PC007])" As Cadmium compounds [RR-00559-4];
68201-97-8	"Present ([PC008])" As Mercury compounds [RR-00138-7]
68585-90-0	"Present ([PC014])" As Lead compounds [RR-00630-4]
68586-21-0	"Present ([PC014])" As Lead compounds [RR-00630-4]
69029-72-7	"Present ([PC014])" As Lead compounds [RR-00630-4]
68953-39-9	"Present ([PC007])" As Cadmium compounds [RR-00559-4]
64049-10-1	"Present ([PC019])" As Arsenic compounds [RR-00625-7]
RR-42187-4	"Present ([PC007])" As Cadmium compounds [RR-00559-4];
94551-80-1	"Present ([PC007])" As Cadmium compounds [RR-00559-4]
93763-87-2	"Present ([PC014])" As Lead compounds [RR-00630-4]
68131-60-2	"Present ([PC014])" As Lead compounds [RR-00630-4]
444279-15-6	"Present ([PC014])" As Lead compounds [RR-00630-4]
94246-86-3	"Present ([PC014])" As Lead compounds [RR-00630-4]
91697-35-7	"Present ([PC007])" As Cadmium compounds [RR-00559-4]
588-66-9	"Present ([PC008])" As Mercury compounds [RR-00138-7]
68139-27-5	"Present ([PC014])" As Lead compounds [RR-00630-4]
70995-63-0	"Present ([PC014])" As Lead compounds [RR-00630-4]
90342-24-8	"Present ([PC014])" As Lead compounds [RR-00630-4]
RR-42759-8	"Present ([PC014])" As Lead compounds [RR-00630-4]
70084-67-2	"Present ([PC014])" As Lead compounds [RR-00630-4]
RR-120898-6	"Present ([PC014])" As Lead compounds [RR-00630-4]
441352-56-3	"Present ([PC016])" As Nonylphenol, ethoxylated [9016-45-9]
37020-93-2	"Present ([PC008])" As Mercury compounds [RR-00138-7]
77271-60-4	"Present ([PC016])" As Nonylphenol, ethoxylated [9016-45-9]
52037-46-4	"Present ([PC018])" As Trichloroethylene [79-01-6]
68515-80-0	"Present ([PC014])" As Lead compounds [RR-00630-4]
90342-56-6	"Present ([PC014])" As Lead compounds [RR-00630-4]
509171-19-1	"Present ([PC016])" As Nonylphenol, ethoxylated [9016-45-9]
62229-29-2	"Present ([PC016])" As Nonylphenol, ethoxylated [9016-45-9]
94277-53-9	"Present ([PC008])" As Mercury compounds [RR-00138-7]
538-04-5	"Present ([PC008])" As Mercury compounds [RR-00138-7]
593-89-5	"Present ([PC019])" As Arsenic compounds [RR-00625-7]
4808-24-6	"Present ([PC019])" As Arsenic compounds [RR-00625-7]
UN1593	"Present ([PC006])" As Methane, dichloro- [75-09-2]
66860-79-5	"Present ([PC010])" As Chromium hexavalent compounds [RR-00026-0]
74178-35-1	"Present ([PC007])" As Cadmium compounds [RR-00559-4]
69029-84-1	"Present ([PC014])" As Lead compounds [RR-00630-4]
51325-28-1	"Present ([PC014])" As Lead compounds [RR-00630-4]
7790-84-3	"Present ([PC007])" As Cadmium compounds [RR-00559-4]
80879-64-7	"Present ([PC019])" As Arsenic compounds [RR-00625-7]
5224-23-7	"Present ([PC014])" As Lead compounds [RR-00630-4]
97209-13-7	"Present ([PC008])" As Mercury compounds [RR-00138-7]
60168-33-4	"Present ([PC019])" As Arsenic compounds [RR-00625-7]
98-50-0	"Present ([PC019])" As Arsenic compounds [RR-00625-7]
83877-96-7	"Present ([PC019])" As Arsenic compounds [RR-00625-7]
RR-19231-4	"Present ([PC014])" As Lead compounds [RR-00630-4]
92202-10-3	"Present ([PC010])" As Chromium hexavalent compounds [RR-00026-0]
RR-02632-4	"Present ([PC014])" As Lead compounds [RR-00630-4]
91081-69-5	"Present ([PC008])" As Mercury compounds [RR-00138-7]
RR-00361-2	"Present ([PC008])" As Mercury compounds [RR-00138-7]
816-68-2	"Present ([PC014])" As Lead compounds [RR-00630-4]
RR-12718-4	"Present ([PC014])" As Lead compounds [RR-00630-4]
7783-35-9	"Present ([PC008])" As Mercury compounds [RR-00138-7]
53282-60-3	"Present ([PC008])" As Mercury compounds [RR-00138-7]
RR-58786-0	"Present ([PC019])" As Arsenic compounds [RR-00625-7]
90342-19-1	"Present ([PC007])" As Cadmium compounds [RR-00559-4]
7544-40-3	"Present ([PC007])" As Cadmium compounds [RR-00559-4]
94232-40-3	"Present ([PC014])" As Lead compounds [RR-00630-4]
90481-04-2	"Present ([PC016])" As Nonylphenols [25154-52-3]
73941-35-2	"Present ([PC007])" As Cadmium compounds [RR-00559-4]
84066-98-8	"Present ([PC014])" As Lead compounds [RR-00630-4]
69090-73-9	"Present ([PC014])" As Lead compounds [RR-00630-4]
RR-50268-1	"Present ([PC014])" As Lead compounds [RR-00630-4]
RR-58667-4	"Present ([PC014])" As Lead compounds [RR-00630-4]
RR-113715-1	"Present ([PC014])" As Lead compounds [RR-00630-4]
96958-17-7	"Present ([PC016])" As Nonylphenol, ethoxylated [9016-45-9]
91000-35-0	"Present ([PC016])" As 4-Nonylphenol, branched [84852-15-3]
40334-69-8	"Present ([PC019])" As Arsenic compounds [RR-00625-7]
84878-51-3	"Present ([PC007])" As Cadmium compounds [RR-00559-4]
6080-56-4	"Present ([PC014])" As Lead compounds [RR-00630-4]
61789-50-2	"Present ([PC014])" As Lead compounds [RR-00630-4]
61462-16-6	"Present ([PC019])" As Arsenic compounds [RR-00625-7]
7778-43-0	"Present ([PC019])" As Arsenic compounds [RR-00625-7]
63400-07-7	"Present ([PC014])" As Lead compounds [RR-00630-4]
54985-54-5	"Present ([PC016])" As Nonylphenol, ethoxylated [9016-45-9]
62-37-3	"Present ([PC008])" As Mercury compounds [RR-00138-7]
90268-66-9	"Present ([PC014])" As Lead compounds [RR-00630-4]
69227-11-8	"Present ([PC014])" As Lead compounds [RR-00630-4]
7756-49-2	"Present ([PC008])" As Mercury compounds [RR-00138-7]
RR-07194-3	"Present ([PC019])" As Arsenic compounds [RR-00625-7];
62169-44-2	"Present ([PC016])" As Nonylphenol, ethoxylated [9016-45-9]
71130-51-3	"Present ([PC019])" As Arsenic compounds [RR-00625-7]
RR-12722-0	"Present ([PC014])" As Lead compounds [RR-00630-4]
3937-40-4	"Present ([PC019])" As Arsenic compounds [RR-00625-7]
38605-30-0	"Present ([PC005])" As Alkanes, C10-13, chloro [85535-84-8]
49540-00-3	"Present ([PC008])" As Mercury compounds [RR-00138-7]
38386-25-3	"Present ([PC007])" As Cadmium compounds [RR-00559-4]
67053-58-1	"Present ([PC016])" As Nonylphenol, ethoxylated [9016-45-9]
68478-53-5	"Present ([PC007])" As Cadmium compounds [RR-00559-4]
RR-02096-2	"Present ([PC010])" As Chromium hexavalent compounds [RR-00026-0]
51312-24-4	"Present ([PC008])" As Mercury compounds [RR-00138-7]
84195-51-7	"Present ([PC014])" As Lead compounds [RR-00630-4]
6217-24-9	"Present ([PC019])" As Arsenic compounds [RR-00625-7]
51899-02-6	"Present ([PC010])" As Chromium hexavalent compounds [RR-00026-0];
68610-17-3	"Present ([PC014])" As Lead compounds [RR-00630-4]
4387-13-7	"Present ([PC008])" As Mercury compounds [RR-00138-7]
54359-92-1	"Present ([PC008])" As Mercury compounds [RR-00138-7]
39377-56-5	"Present ([PC014])" As Lead compounds [RR-00630-4]
93925-27-0	"Present ([PC014])" As Lead compounds [RR-00630-4]
62638-02-2	"Present ([PC008])" As Mercury compounds [RR-00138-7]
65035-40-7	"Present ([PC016])" As Nonylphenol, ethoxylated [9016-45-9]
629-35-6	"Present ([PC008])" As Mercury compounds [RR-00138-7]
68131-58-8	"Present ([PC007])" As Cadmium compounds [RR-00559-4]
6634-88-4	"Present ([PC019])" As Arsenic compounds [RR-00625-7]
36563-89-0	"Present ([PC010])" As Chromium hexavalent compounds [RR-00026-0]
471-35-2	"Present ([PC019])" As Arsenic compounds [RR-00625-7]
RR-64385-6	"Present ([PC007])" As Cadmium compounds [RR-00559-4]
625080-35-5	"Present ([PC014])" As Lead compounds [RR-00630-4]
68901-12-2	"Present ([PC014])" As Lead compounds [RR-00630-4]
RR-145946-7	"Present ([PC008])" As Mercury compounds [RR-00138-7]
84878-48-8	"Present ([PC007])" As Cadmium compounds [RR-00559-4]
61789-34-2	"Present ([PC007])" As Cadmium compounds [RR-00559-4]
37340-23-1	"Present ([PC008])" As Mercury compounds [RR-00138-7]
4736-49-6	"Present ([PC012])" As Cyclododecane, hexabromo- [25637-99-4]
39399-60-5	"Present ([PC019])" As Arsenic compounds [RR-00625-7]
94015-57-3	"Present ([PC014])" As Lead compounds [RR-00630-4]
8006-07-3	"Present ([PC009])" As Formaldehyde [50-00-0]
63468-53-1	"Present ([PC008])" As Mercury compounds [RR-00138-7]
7783-39-3	"Present ([PC008])" As Mercury compounds [RR-00138-7]
506-83-2	"Present ([PC008])" As Mercury compounds [RR-00138-7]
3810-81-9	"Present ([PC008])" As Mercury compounds [RR-00138-7]
RR-58673-2	"Present ([PC008])" As Mercury compounds [RR-00138-7]
RR-02247-9	"Present ([PC010])" As Chromium hexavalent compounds [RR-00026-0];
8028-73-7	"Present ([PC019])" As Arsenic compounds [RR-00625-7]
98246-91-4	"Present ([PC019])" As Arsenic compounds [RR-00625-7];
81-15-2	Present ([PC003])
79-01-6	Present ([PC018])
77-47-4	Present ([PC011])
75-09-2	Present ([PC006])
84852-15-3	Present ([PC016])
85535-84-8	Present ([PC005])
85536-22-7	Present ([PC005])
85681-73-8	Present ([PC005])
9016-45-9	Present ([PC016])
75-07-0	Present ([PC022])
68920-70-7	Present ([PC005])
71011-12-6	Present ([PC005])
7439-97-6	Present ([PC008])
7440-38-2	Present ([PC019])
7440-43-9	Present ([PC007])
70225-14-8	Present ([PC015])
50-00-0	Present ([PC009])
56773-42-3	Present ([PC015])
67-66-3	Present ([PC017])
RR-00138-7	Present ([PC008])
RR-00026-0	Present ([PC010])
RR-00559-4	Present ([PC007])
RR-00625-7	Present ([PC019])
RR-00630-4	Present ([PC014])
91-20-3	Present ([PC013])
63868-98-4	"Present ([PC008])" As Mercury compounds [RR-00138-7]
56189-09-4	"Present ([PC014])" As Lead compounds [RR-00630-4]
52504-18-4	"Present ([PC016])" As Nonylphenol, ethoxylated [9016-45-9]
6966-64-9	"Present ([PC019])" As Arsenic compounds [RR-00625-7]
64048-96-0	"Present ([PC019])" As Arsenic compounds [RR-00625-7]
62229-24-7	"Present ([PC016])" As Nonylphenol, ethoxylated [9016-45-9]
68876-84-6	"Present ([PC007])" As Cadmium compounds [RR-00559-4]
631-60-7	"Present ([PC008])" As Mercury compounds [RR-00138-7]
692-95-5	"Present ([PC019])" As Arsenic compounds [RR-00625-7]
68584-42-9	"Present ([PC007])" As Cadmium compounds [RR-00559-4]
50825-29-1	"Present ([PC014])" As Lead compounds [RR-00630-4]
7783-46-2	"Present ([PC014])" As Lead compounds [RR-00630-4]
93894-10-1	"Present ([PC007])" As Cadmium compounds [RR-00559-4]
37226-49-6	"Present ([PC019])" As Arsenic compounds [RR-00625-7]
63568-30-9	"Present ([PC014])" As Lead compounds [RR-00630-4]
90193-83-2	"Present ([PC014])" As Lead compounds [RR-00630-4]
68859-25-6	"Present ([PC007])" As Cadmium compounds [RR-00559-4]
5185-84-2	"Present ([PC008])" As Mercury compounds [RR-00138-7]
61461-40-3	"Present ([PC014])" As Lead compounds [RR-00630-4]
53010-52-9	"Present ([PC008])" As Mercury compounds [RR-00138-7]
90294-61-4	"Present ([PC010])" As Chromium hexavalent compounds [RR-00026-0]
84929-97-5	"Present ([PC014])" As Lead compounds [RR-00630-4]
49707-39-3	"Present ([PC007])" As Cadmium compounds [RR-00559-4]
68214-25-5	"Present ([PC007])" As Cadmium compounds [RR-00559-4]
93894-49-6	"Present ([PC014])" As Lead compounds [RR-00630-4]
85994-31-6	"Present ([PC007])" As Cadmium compounds [RR-00559-4]
RR-42082-6	"Present ([PC008])" As Mercury compounds [RR-00138-7]
RR-17668-1	"Present ([PC019])" As Arsenic compounds [RR-00625-7]
60909-47-9	"Present ([PC019])" As Arsenic compounds [RR-00625-7]
53404-69-6	"Present ([PC008])" As Mercury compounds [RR-00138-7]
UN1334	"Present ([PC013])" As Naphthalene [91-20-3]
5814-20-0	"Present ([PC019])" As Arsenic compounds [RR-00625-7]
67939-62-2	"Present ([PC007])" As Cadmium compounds [RR-00559-4]
69029-68-1	"Present ([PC014])" As Lead compounds [RR-00630-4]
62149-56-8	"Present ([PC007])" As Cadmium compounds [RR-00559-4]
65381-02-4	"Present ([PC008])" As Mercury compounds [RR-00138-7]
62337-00-2	"Present ([PC019])" As Arsenic compounds [RR-00625-7]
59157-64-1	"Present ([PC010])" As Chromium hexavalent compounds [RR-00026-0]
68152-99-8	"Present ([PC014])" As Lead compounds [RR-00630-4]
41141-89-3	"Present ([PC014])" As Lead compounds [RR-00630-4]
855954-34-6	"Present ([PC019])" As Arsenic compounds [RR-00625-7]
7778-41-8	"Present ([PC019])" As Arsenic compounds [RR-00625-7]
53663-14-2	"Present ([PC008])" As Mercury compounds [RR-00138-7]
520-10-5	"Present ([PC019])" As Arsenic compounds [RR-00625-7]
94481-58-0	"Present ([PC014])" As Lead compounds [RR-00630-4]
584-18-9	"Present ([PC008])" As Mercury compounds [RR-00138-7]
64049-23-6	"Present ([PC019])" As Arsenic compounds [RR-00625-7]
75458-21-8	"Present ([PC005])" As Alkanes, C10-13, chloro [85535-84-8]
69029-46-5	"Present ([PC014])" As Lead compounds [RR-00630-4]
4476-04-4	"Present ([PC007])" As Cadmium compounds [RR-00559-4]
7784-46-5	"Present ([PC019])" As Arsenic compounds [RR-00625-7]
86859-92-9	"Present ([PC019])" As Arsenic compounds [RR-00625-7]
68583-44-8	"Present ([PC007])" As Cadmium compounds [RR-00559-4]
69012-57-3	"Present ([PC007])" As Cadmium compounds [RR-00559-4];
441352-59-6	"Present ([PC016])" As Nonylphenol, ethoxylated [9016-45-9]
86-36-2	"Present ([PC008])" As Mercury compounds [RR-00138-7]
63951-06-4	"Present ([PC008])" As Mercury compounds [RR-00138-7]
618-82-6	"Present ([PC019])" As Arsenic compounds [RR-00625-7]
592-05-2	"Present ([PC014])" As Lead compounds [RR-00630-4]
70268-38-1	"Present ([PC014])" As Lead compounds [RR-00630-4]
93095-76-2	"Present ([PC016])" As Nonylphenol, ethoxylated [9016-45-9]
515-76-4	"Present ([PC019])" As Arsenic compounds [RR-00625-7]
99035-51-5	"Present ([PC019])" As Arsenic compounds [RR-00625-7]
592-63-2	"Present ([PC008])" As Mercury compounds [RR-00138-7]
RR-58670-9	"Present ([PC014])" As Lead compounds [RR-00630-4]
854620-32-9	"Present ([PC015])" As Tetraethylammonium perfluorooctanesulfonate [56773-42-3]
RR-01917-0	"Present ([PC014])" As Lead compounds [RR-00630-4]
7681-83-6	"Present ([PC019])" As Arsenic compounds [RR-00625-7]
RR-03689-5	"Present ([PC019])" As Arsenic compounds [RR-00625-7]
82151-04-0	"Present ([PC008])" As Mercury compounds [RR-00138-7]
50729-74-3	"Present ([PC014])" As Lead compounds [RR-00630-4]
61219-26-9	"Present ([PC019])" As Arsenic compounds [RR-00625-7]
692-42-2	"Present ([PC019])" As Arsenic compounds [RR-00625-7]
39346-85-5	"Present ([PC016])" As Nonylphenol, ethoxylated [9016-45-9]
5410-29-7	"Present ([PC019])" As Arsenic compounds [RR-00625-7]
68512-50-5	"Present ([PC007])" As Cadmium compounds [RR-00559-4]
6477-64-1	"Present ([PC014])" As Lead compounds [RR-00630-4]
84852-34-6	"Present ([PC014])" As Lead compounds [RR-00630-4]
83711-46-0	"Present ([PC014])" As Lead compounds [RR-00630-4]
63868-93-9	"Present ([PC008])" As Mercury compounds [RR-00138-7]
486-67-9	"Present ([PC008])" As Mercury compounds [RR-00138-7]
68409-82-5	"Present ([PC007])" As Cadmium compounds [RR-00559-4]
97808-88-3	"Present ([PC014])" As Lead compounds [RR-00630-4]
90218-85-2	"Present ([PC007])" As Cadmium compounds [RR-00559-4]
P-91-1278	"Present ([PC019])" As Arsenic compounds [RR-00625-7]
51668-51-0	"Present ([PC016])" As Nonylphenol, ethoxylated [9016-45-9]
71684-29-2	"Present ([PC014])" As Lead compounds [RR-00630-4]
63990-59-0	"Present ([PC008])" As Mercury compounds [RR-00138-7]
7783-36-0	"Present ([PC008])" As Mercury compounds [RR-00138-7]
7758-95-4	"Present ([PC014])" As Lead compounds [RR-00630-4]
7546-30-7	"Present ([PC008])" As Mercury compounds [RR-00138-7]
RR-209165-8	"Present ([PC019])" As Arsenic compounds [RR-00625-7]
7319-86-0	"Present ([PC014])" As Lead compounds [RR-00630-4]
86202-43-9	"Present ([PC014])" As Lead compounds [RR-00630-4]
623588-93-2	"Present ([PC016])" As Nonylphenol, ethoxylated [9016-45-9]
UN1562	"Present ([PC019])" As Arsenic [7440-38-2]
76835-98-8	"Present ([PC014])" As Lead compounds [RR-00630-4]
90583-07-6	"Present ([PC014])" As Lead compounds [RR-00630-4]
43090-85-3	"Present ([PC005])" As Alkanes, C10-13, chloro [85535-84-8]
56240-93-8	"Present ([PC014])" As Lead compounds [RR-00630-4]
539-43-5	"Present ([PC008])" As Mercury compounds [RR-00138-7]
90459-51-1	"Present ([PC014])" As Lead compounds [RR-00630-4]
RR-50427-8	"Present ([PC014])" As Lead compounds [RR-00630-4]
7446-10-8	"Present ([PC014])" As Lead compounds [RR-00630-4]
53529-09-2	"Present ([PC014])" As Lead compounds [RR-00630-4]
95892-12-9	"Present ([PC007])" As Cadmium compounds [RR-00559-4]
68603-83-8	"Present ([PC014])" As Lead compounds [RR-00630-4]
67251-38-1	"Present ([PC019])" As Arsenic compounds [RR-00625-7]
92704-15-9	"Present ([PC007])" As Cadmium compounds [RR-00559-4]
65701-47-5	"Present ([PC012])" As Cyclododecane, hexabromo- [25637-99-4]
94246-92-1	"Present ([PC014])" As Lead compounds [RR-00630-4]
7631-89-2	"Present ([PC019])" As Arsenic compounds [RR-00625-7]
53092-86-7	"Present ([PC014])" As Lead compounds [RR-00630-4]
72469-41-1	"Present ([PC014])" As Lead compounds [RR-00630-4]
68584-41-8	"Present ([PC007])" As Cadmium compounds [RR-00559-4]
RR-00104-7	"Present ([PC019])" As Arsenic compounds [RR-00625-7]
90-03-9	"Present ([PC008])" As Mercury compounds [RR-00138-7]
55060-82-7	"Present ([PC007])" As Cadmium compounds [RR-00559-4]
69012-20-0	"Present ([PC019])" As Arsenic compounds [RR-00625-7];
62613-15-4	"Present ([PC019])" As Arsenic compounds [RR-00625-7]
90431-37-1	"Present ([PC014])" As Lead compounds [RR-00630-4]
63653-42-9	"Present ([PC014])" As Lead compounds [RR-00630-4]
61129-40-6	"Present ([PC007])" As Cadmium compounds [RR-00559-4]
37187-23-8	"Present ([PC016])" As Nonylphenol, ethoxylated [9016-45-9]
RR-14783-1	"Present ([PC014])" As Lead compounds [RR-00630-4]
64082-39-9	"Present ([PC008])" As Mercury compounds [RR-00138-7]
39316-45-5	"Present ([PC016])" As Nonylphenol, ethoxylated [9016-45-9]
64049-25-8	"Present ([PC019])" As Arsenic compounds [RR-00625-7]
92062-13-0	"Present ([PC008])" As Mercury compounds [RR-00138-7];
5902-95-4	"Present ([PC019])" As Arsenic compounds [RR-00625-7]
69029-89-6	"Present ([PC007])" As Cadmium compounds [RR-00559-4];
42579-89-5	"Present ([PC014])" As Lead compounds [RR-00630-4]
90411-62-4	"Present ([PC007])" As Cadmium compounds [RR-00559-4]
52440-78-5	"Present ([PC016])" As Nonylphenol, ethoxylated [9016-45-9]
72968-34-4	"Present ([PC007])" As Cadmium compounds [RR-00559-4]
69029-50-1	"Present ([PC014])" As Lead compounds [RR-00630-4]
RR-11170-6	"Present ([PC014])" As Lead compounds [RR-00630-4]
598-63-0	"Present ([PC014])" As Lead compounds [RR-00630-4]
98-14-6	"Present ([PC019])" As Arsenic compounds [RR-00625-7]
90459-28-2	"Present ([PC014])" As Lead compounds [RR-00630-4]
64048-99-3	"Present ([PC019])" As Arsenic compounds [RR-00625-7]
99531-82-5	"Present ([PC016])" As Nonylphenol, ethoxylated [9016-45-9]
79915-09-6	"Present ([PC014])" As Lead compounds [RR-00630-4]
95860-12-1	"Present ([PC014])" As Lead compounds [RR-00630-4]
7775-11-3	"Present ([PC010])" As Chromium hexavalent compounds [RR-00026-0]
74356-14-2	"Present ([PC014])" As Lead compounds [RR-00630-4]
76871-65-3	"Present ([PC019])" As Arsenic compounds [RR-00625-7]
64058-74-8	"Present ([PC008])" As Mercury compounds [RR-00138-7]
814-93-7	"Present ([PC014])" As Lead compounds [RR-00630-4]
RR-50428-9	"Present ([PC014])" As Lead compounds [RR-00630-4]
53466-66-3	"Present ([PC014])" As Lead compounds [RR-00630-4]
71243-75-9	"Present ([PC007])" As Cadmium compounds [RR-00559-4]
81296-82-4	"Present ([PC016])" As Nonylphenol, ethoxylated [9016-45-9]
RR-01200-0	"Present ([PC019])" As Arsenic compounds [RR-00625-7]
RR-06762-9	"Present ([PC019])" As Arsenic compounds [RR-00625-7]
819-73-8	"Present ([PC014])" As Lead compounds [RR-00630-4]
6012-84-6	"Present ([PC008])" As Mercury compounds [RR-00138-7]
74434-41-6	"Present ([PC016])" As Nonylphenol, ethoxylated [9016-45-9]
554-72-3	"Present ([PC019])" As Arsenic compounds [RR-00625-7]
7774-41-6	"Present ([PC019])" As Arsenic compounds [RR-00625-7]
7784-03-4	"Present ([PC008])" As Mercury compounds [RR-00138-7]
65119-94-0	"Present ([PC014])" As Lead compounds [RR-00630-4]
60189-99-3	"Present ([PC019])" As Arsenic compounds [RR-00625-7]
92203-02-6	"Present ([PC010])" As Chromium hexavalent compounds [RR-00026-0]
61614-07-1	"Present ([PC016])" As Nonylphenol, ethoxylated [9016-45-9]
93981-67-0	"Present ([PC014])" As Lead compounds [RR-00630-4]
RR-01513-4	"Present ([PC019])" As Arsenic compounds [RR-00625-7]
57900-42-2	"Present ([PC019])" As Arsenic compounds [RR-00625-7]
457-60-3	"Present ([PC019])" As Arsenic compounds [RR-00625-7]
67711-94-8	"Present ([PC014])" As Lead compounds [RR-00630-4]
43629-00-1	"Present ([PC014])" As Lead compounds [RR-00630-4]
87903-39-7	"Present ([PC014])" As Lead compounds [RR-00630-4]
7783-34-8	"Present ([PC008])" As Mercury compounds [RR-00138-7]
80341-59-9	"Present ([PC016])" As Nonylphenol, ethoxylated [9016-45-9]
617-75-4	"Present ([PC019])" As Arsenic compounds [RR-00625-7]
65113-28-2	"Present ([PC019])" As Arsenic compounds [RR-00625-7]
69029-57-8	"Present ([PC014])" As Lead compounds [RR-00630-4]
RR-10387-7	"Present ([PC019])" As Arsenic compounds [RR-00625-7]
69012-26-6	"Present ([PC014])" As Lead compounds [RR-00630-4]
59400-80-5	"Present ([PC019])" As Arsenic compounds [RR-00625-7]
70333-07-2	"Present ([PC019])" As Arsenic compounds [RR-00625-7]
5428-90-0	"Present ([PC008])" As Mercury compounds [RR-00138-7]
942205-98-3	"Present ([PC016])" As Nonylphenol, ethoxylated [9016-45-9]
7783-33-7	"Present ([PC008])" As Mercury compounds [RR-00138-7]
6283-24-5	"Present ([PC008])" As Mercury compounds [RR-00138-7]
65229-22-3	"Present ([PC014])" As Lead compounds [RR-00630-4]
58865-77-3	"Present ([PC016])" As 4-Nonylphenol, branched [84852-15-3]
654054-66-7	"Present ([PC007])" As Cadmium compounds [RR-00559-4]
92704-19-3	"Present ([PC007])" As Cadmium compounds [RR-00559-4]
RR-13297-8	"Present ([PC019])" As Arsenic compounds [RR-00625-7]
73105-55-2	"Present ([PC014])" As Lead compounds [RR-00630-4]
RR-00586-7	"Present ([PC019])" As Arsenic compounds [RR-00625-7]
68512-51-6	"Present ([PC007])" As Cadmium compounds [RR-00559-4]
RR-14866-3	"Present ([PC008])" As Mercury compounds [RR-00138-7]
68987-33-7	"Present ([PC014])" As Lead compounds [RR-00630-4]
RR-47159-0	"Present ([PC014])" As Lead compounds [RR-00630-4]
6928-68-3	"Present ([PC014])" As Lead compounds [RR-00630-4]
7778-44-1	"Present ([PC019])" As Arsenic compounds [RR-00625-7]
51317-24-9	"Present ([PC014])" As Lead compounds [RR-00630-4]
84878-36-4	"Present ([PC007])" As Cadmium compounds [RR-00559-4]
7784-38-5	"Present ([PC019])" As Arsenic compounds [RR-00625-7]
6148-48-7	"Present ([PC014])" As Lead compounds [RR-00630-4]
93966-74-6	"Present ([PC014])" As Lead compounds [RR-00630-4]
37320-91-5	"Present ([PC008])" As Mercury compounds [RR-00138-7]
52609-46-8	"Present ([PC014])" As Lead compounds [RR-00630-4]
79990-52-6	"Present ([PC007])" As Cadmium compounds [RR-00559-4]
8012-34-8	"Present ([PC008])" As Mercury compounds [RR-00138-7]
598-14-1	"Present ([PC019])" As Arsenic compounds [RR-00625-7]
59707-49-2	"Present ([PC014])" As Lead compounds [RR-00630-4]
68411-33-6	"Present ([PC014])" As Lead compounds [RR-00630-4]
58572-21-7	"Present ([PC014])" As Lead compounds [RR-00630-4]
61790-14-5	"Present ([PC014])" As Lead compounds [RR-00630-4]
64049-16-7	"Present ([PC019])" As Arsenic compounds [RR-00625-7]
94232-45-8	"Present ([PC010])" As Chromium hexavalent compounds [RR-00026-0]
RR-53129-3	"Present ([PC010])" As Chromium hexavalent compounds [RR-00026-0]
531-76-0	"Present ([PC008])" As Mercury compounds [RR-00138-7]
72847-44-0	"Present ([PC016])" As Nonylphenol, ethoxylated [9016-45-9]
618-22-4	"Present ([PC019])" As Arsenic compounds [RR-00625-7]
91724-16-2	"Present ([PC019])" As Arsenic compounds [RR-00625-7]
7495-93-4	"Present ([PC007])" As Cadmium compounds [RR-00559-4]
494-79-1	"Present ([PC019])" As Arsenic compounds [RR-00625-7]
584-43-0	"Present ([PC008])" As Mercury compounds [RR-00138-7]
RR-42236-6	"Present ([PC019])" As Arsenic compounds [RR-00625-7]
90583-65-6	"Present ([PC014])" As Lead compounds [RR-00630-4]
87835-32-3	"Present ([PC014])" As Lead compounds [RR-00630-4]
85117-02-8	"Present ([PC007])" As Cadmium compounds [RR-00559-4];
94551-60-7	"Present ([PC014])" As Lead compounds [RR-00630-4]
69029-77-2	"Present ([PC007])" As Cadmium compounds [RR-00559-4]
7758-97-6	"Present ([PC010])" As Chromium hexavalent compounds [RR-00026-0];
98106-56-0	"Present ([PC019])" As Arsenic compounds [RR-00625-7]
53007-72-0	"Present ([PC008])" As Mercury compounds [RR-00138-7]
7784-02-3	"Present ([PC010])" As Chromium hexavalent compounds [RR-00026-0]
97660-63-4	"Present ([PC010])" As Chromium hexavalent compounds [RR-00026-0]
492-18-2	"Present ([PC008])" As Mercury compounds [RR-00138-7]
54277-95-1	"Present ([PC008])" As Mercury compounds [RR-00138-7]
68155-47-5	"Present ([PC014])" As Lead compounds [RR-00630-4]
64058-72-6	"Present ([PC008])" As Mercury compounds [RR-00138-7]
71130-50-2	"Present ([PC019])" As Arsenic compounds [RR-00625-7]
64048-06-2	"Present ([PC008])" As Mercury compounds [RR-00138-7]
73928-17-3	"Present ([PC014])" As Lead compounds [RR-00630-4]
93821-72-8	"Present ([PC014])" As Lead compounds [RR-00630-4]
57571-69-4	"Present ([PC016])" As Nonylphenol, ethoxylated [9016-45-9]
RR-17718-4	"Present ([PC007])" As Cadmium [7440-43-9];
6618-03-7	"Present ([PC014])" As Lead compounds [RR-00630-4]
811-54-1	"Present ([PC014])" As Lead compounds [RR-00630-4]
91053-47-3	"Present ([PC007])" As Cadmium compounds [RR-00559-4];
72869-63-7	"Present ([PC007])" As Cadmium compounds [RR-00559-4]
91002-20-9	"Present ([PC014])" As Lead compounds [RR-00630-4]
85305-08-4	"Present ([PC014])" As Lead compounds [RR-00630-4]
64049-09-8	"Present ([PC019])" As Arsenic compounds [RR-00625-7]
645-99-8	"Present ([PC008])" As Mercury compounds [RR-00138-7]
RR-12442-5	"Present ([PC019])" As Arsenic compounds [RR-00625-7]
64973-06-4	"Present ([PC019])" As Arsenic compounds [RR-00625-7]
41996-37-6	"Present ([PC019])" As Arsenic compounds [RR-00625-7]
94551-74-3	"Present ([PC014])" As Lead compounds [RR-00630-4]
90431-42-8	"Present ([PC014])" As Lead compounds [RR-00630-4]
90431-27-9	"Present ([PC014])" As Lead compounds [RR-00630-4]
678970-16-6	"Present ([PC012])" As Cyclododecane, hexabromo- [25637-99-4]
4390-97-0	"Present ([PC007])" As Cadmium compounds [RR-00559-4]
RR-56357-5	"Present ([PC008])" As Mercury compounds [RR-00138-7]
68479-13-0	"Present ([PC007])" As Cadmium compounds [RR-00559-4]
69012-44-8	"Present ([PC007])" As Cadmium compounds [RR-00559-4]
64049-06-5	"Present ([PC019])" As Arsenic compounds [RR-00625-7]
7782-66-3	"Present ([PC008])" As Mercury compounds [RR-00138-7]
53807-64-0	"Present ([PC014])" As Lead compounds [RR-00630-4]
72845-34-2	"Present ([PC019])" As Arsenic compounds [RR-00625-7]
64049-14-5	"Present ([PC019])" As Arsenic compounds [RR-00625-7]
64049-05-4	"Present ([PC019])" As Arsenic compounds [RR-00625-7]
68441-39-4	"Present ([PC007])" As Cadmium compounds [RR-00559-4]
69029-61-4	"Present ([PC014])" As Lead compounds [RR-00630-4]
69103-03-3	"Present ([PC014])" As Lead compounds [RR-00630-4]
7784-33-0	"Present ([PC019])" As Arsenic compounds [RR-00625-7]
59112-13-9	"Present ([PC015])" As Perfluorooctanesulfonic acid, potassium salt [2795-39-3]
52427-13-1	"Present ([PC016])" As Nonylphenols [25154-52-3];
63869-02-3	"Present ([PC008])" As Mercury compounds [RR-00138-7]
56729-51-2	"Present ([PC019])" As Arsenic compounds [RR-00625-7]
37131-86-5	"Present ([PC007])" As Cadmium compounds [RR-00559-4]
RR-14736-4	"Present ([PC019])" As Arsenic compounds [RR-00625-7]
41556-46-1	"Present ([PC014])" As Lead compounds [RR-00630-4]
69011-66-1	"Present ([PC007])" As Cadmium compounds [RR-00559-4]
84837-22-9	"Present ([PC014])" As Lead compounds [RR-00630-4]
7789-47-1	"Present ([PC008])" As Mercury compounds [RR-00138-7]
84929-94-2	"Present ([PC014])" As Lead compounds [RR-00630-4]
39833-87-9	"Present ([PC008])" As Mercury compounds [RR-00138-7]
63868-95-1	"Present ([PC008])" As Mercury compounds [RR-00138-7]
627-44-1	"Present ([PC008])" As Mercury compounds [RR-00138-7]
69029-63-6	"Present ([PC007])" As Cadmium compounds [RR-00559-4];
51622-02-7	"Present ([PC008])" As Mercury compounds [RR-00138-7]
94349-78-7	"Present ([PC014])" As Lead compounds [RR-00630-4]
RR-00732-9	"Present ([PC019])" As Arsenic compounds [RR-00625-7]
65950-04-1	"Present ([PC005])" As Alkanes, C10-13, chloro [85535-84-8]
69029-96-5	"Present ([PC007])" As Cadmium compounds [RR-00559-4];
76829-05-5	"Present ([PC016])" As Nonylphenol, ethoxylated [9016-45-9]
84282-36-0	"Present ([PC019])" As Arsenic compounds [RR-00625-7]
69029-60-3	"Present ([PC014])" As Lead compounds [RR-00630-4]
84776-01-2	"Present ([PC019])" As Arsenic compounds [RR-00625-7]
RR-12618-1	"Present ([PC019])" As Arsenic compounds [RR-00625-7]
69029-65-8	"Present ([PC014])" As Lead compounds [RR-00630-4]
5902-79-4	"Present ([PC008])" As Mercury compounds [RR-00138-7]
76835-97-7	"Present ([PC007])" As Cadmium compounds [RR-00559-4]
73491-34-6	"Present ([PC008])" As Mercury compounds [RR-00138-7]
94492-43-0	"Present ([PC014])" As Lead compounds [RR-00630-4]
RR-43733-2	"Present ([PC014])" As Lead compounds [RR-00630-4]
67536-44-1	"Present ([PC008])" As Mercury compounds [RR-00138-7]
68092-45-5	"Present ([PC007])" As Cadmium compounds [RR-00559-4]
84776-53-4	"Present ([PC014])" As Lead compounds [RR-00630-4]
68990-75-0	"Present ([PC014])" As Lead compounds [RR-00630-4]
51609-19-9	"Present ([PC016])" As Nonylphenol, ethoxylated [9016-45-9]
65455-72-3	"Present ([PC016])" As Nonylphenol, ethoxylated [9016-45-9]
5902-76-1	"Present ([PC008])" As Mercury compounds [RR-00138-7]
7717-46-6	"Present ([PC014])" As Lead compounds [RR-00630-4]
378782-18-4	"Present ([PC008])" As Mercury [7439-97-6]
94278-22-5	"Present ([PC019])" As Arsenic compounds [RR-00625-7]
67465-41-2	"Present ([PC008])" As Mercury compounds [RR-00138-7]
71411-66-0	"Present ([PC007])" As Cadmium compounds [RR-00559-4]
51938-59-1	"Present ([PC016])" As Nonylphenol, ethoxylated [9016-45-9]
69012-21-1	"Present ([PC007])" As Cadmium compounds [RR-00559-4]
UN1089	"Present ([PC022])" As Acetaldehyde [75-07-0]
5440-04-0	"Present ([PC019])" As Arsenic compounds [RR-00625-7]
686-61-3	"Present ([PC019])" As Arsenic compounds [RR-00625-7]
692-23-9	"Present ([PC019])" As Arsenic compounds [RR-00625-7]
55392-76-2	"Present ([PC010])" As Chromium hexavalent compounds [RR-00026-0]
RR-12622-7	"Present ([PC019])" As Arsenic compounds [RR-00625-7]
4964-14-1	"Present ([PC019])" As Arsenic compounds [RR-00625-7]
76871-66-4	"Present ([PC007])" As Cadmium compounds [RR-00559-4]
85292-77-9	"Present ([PC014])" As Lead compounds [RR-00630-4]
54129-03-2	"Present ([PC008])" As Mercury compounds [RR-00138-7]
79849-02-8	"Present ([PC014])" As Lead compounds [RR-00630-4]
578-94-9	"Present ([PC019])" As Arsenic compounds [RR-00625-7]
593-52-2	"Present ([PC019])" As Arsenic compounds [RR-00625-7]
85586-15-8	"Present ([PC007])" As Cadmium compounds [RR-00559-4]
RR-01915-8	"Present ([PC007])" As Cadmium compounds [RR-00559-4]
7058-55-1	"Present ([PC007])" As Cadmium compounds [RR-00559-4]
RR-19918-8	"Present ([PC010])" As Chromium hexavalent compounds [RR-00026-0]
67711-92-6	"Present ([PC014])" As Lead compounds [RR-00630-4]
69029-83-0	"Present ([PC014])" As Lead compounds [RR-00630-4]
64046-96-4	"Present ([PC019])" As Arsenic compounds [RR-00625-7]
542-83-6	"Present ([PC007])" As Cadmium compounds [RR-00559-4]
91053-48-4	"Present ([PC019])" As Arsenic compounds [RR-00625-7]
70513-89-2	"Present ([PC014])" As Lead compounds [RR-00630-4]
96690-46-9	"Present ([PC014])" As Lead compounds [RR-00630-4]
94276-88-7	"Present ([PC008])" As Mercury compounds [RR-00138-7]
55700-14-6	"Present ([PC007])" As Cadmium compounds [RR-00559-4]
64070-83-3	"Present ([PC019])" As Arsenic compounds [RR-00625-7]
51059-97-3	"Present ([PC016])" As Nonylphenol, ethoxylated [9016-45-9]
85392-78-5	"Present ([PC014])" As Lead compounds [RR-00630-4]
59330-69-7	"Present ([PC016])" As Nonylphenol, ethoxylated [9016-45-9]
546-67-8	"Present ([PC014])" As Lead compounds [RR-00630-4]
873-54-1	"Present ([PC014])" As Lead compounds [RR-00630-4]
56724-82-4	"Present ([PC008])" As Mercury compounds [RR-00138-7]
63217-33-4	"Present ([PC019])" As Arsenic compounds [RR-00625-7]
69029-52-3	"Present ([PC014])" As Lead compounds [RR-00630-4]
RR-31155-7	"Present ([PC014])" As Lead compounds [RR-00630-4]
75-74-1	"Present ([PC014])" As Lead compounds [RR-00630-4]
7784-01-2	"Present ([PC010])" As Chromium hexavalent compounds [RR-00026-0]
94138-87-1	"Present ([PC019])" As Arsenic compounds [RR-00625-7]
3687-31-8	"Present ([PC019])" As Arsenic compounds [RR-00625-7];
531-72-6	"Present ([PC019])" As Arsenic compounds [RR-00625-7]
90431-28-0	"Present ([PC014])" As Lead compounds [RR-00630-4]
84029-43-6	"Present ([PC008])" As Mercury compounds [RR-00138-7]
92044-89-8	"Present ([PC014])" As Lead compounds [RR-00630-4]
7778-39-4	"Present ([PC019])" As Arsenic compounds [RR-00625-7]
68409-79-0	"Present ([PC014])" As Lead compounds [RR-00630-4]
91053-46-2	"Present ([PC007])" As Cadmium compounds [RR-00559-4];
64491-92-5	"Present ([PC008])" As Mercury compounds [RR-00138-7]
78690-68-3	"Present ([PC014])" As Lead compounds [RR-00630-4]
UN2809	"Present ([PC008])" As Mercury [7439-97-6]
69029-80-7	"Present ([PC014])" As Lead compounds [RR-00630-4]
63916-98-3	"Present ([PC014])" As Lead compounds [RR-00630-4]
90431-14-4	"Present ([PC014])" As Lead compounds [RR-00630-4]
90431-35-9	"Present ([PC014])" As Lead compounds [RR-00630-4]
37194-88-0	"Present ([PC014])" As Lead compounds [RR-00630-4]
5822-97-9	"Present ([PC008])" As Mercury compounds [RR-00138-7]
60646-36-8	"Present ([PC019])" As Arsenic compounds [RR-00625-7]
92200-97-0	"Present ([PC008])" As Mercury compounds [RR-00138-7]
56320-22-0	"Present ([PC019])" As Arsenic compounds [RR-00625-7]
84215-47-4	"Present ([PC019])" As Arsenic compounds [RR-00625-7]
72044-13-4	"Present ([PC008])" As Mercury compounds [RR-00138-7]
593-74-8	"Present ([PC008])" As Mercury compounds [RR-00138-7]
437-15-0	"Present ([PC019])" As Arsenic compounds [RR-00625-7]
97675-41-7	"Present ([PC014])" As Lead compounds [RR-00630-4]
67465-43-4	"Present ([PC008])" As Mercury compounds [RR-00138-7]
8003-05-2	"Present ([PC008])" As Mercury compounds [RR-00138-7]
57321-10-5	"Present ([PC016])" As Nonylphenol, ethoxylated [9016-45-9]
RR-50131-5	"Present ([PC014])" As Lead compounds [RR-00630-4]
7790-78-5	"Present ([PC007])" As Cadmium compounds [RR-00559-4]
39386-06-6	"Present ([PC014])" As Lead compounds [RR-00630-4]
7789-42-6	"Present ([PC007])" As Cadmium compounds [RR-00559-4]
68555-07-7	"Present ([PC014])" As Lead compounds [RR-00630-4]
75790-73-7	"Present ([PC014])" As Lead compounds [RR-00630-4]
93894-09-8	"Present ([PC007])" As Cadmium compounds [RR-00559-4]
40661-97-0	"Present ([PC008])" As Mercury compounds [RR-00138-7]
90452-81-6	"Present ([PC016])" As Nonylphenol, ethoxylated [9016-45-9]
84776-54-5	"Present ([PC014])" As Lead compounds [RR-00630-4]
64049-12-3	"Present ([PC019])" As Arsenic compounds [RR-00625-7]
63937-14-4	"Present ([PC008])" As Mercury compounds [RR-00138-7]
8013-13-6	"Present ([PC009])" As Formaldehyde [50-00-0]
83896-77-9	"Present ([PC014])" As Lead compounds [RR-00630-4]
69029-70-5	"Present ([PC007])" As Cadmium compounds [RR-00559-4];
69029-71-6	"Present ([PC014])" As Lead compounds [RR-00630-4]
91031-62-8	"Present ([PC014])" As Lead compounds [RR-00630-4]
7446-15-3	"Present ([PC014])" As Lead compounds [RR-00630-4]
7620-30-6	"Present ([PC008])" As Mercury compounds [RR-00138-7]
61788-54-3	"Present ([PC014])" As Lead compounds [RR-00630-4]
676-71-1	"Present ([PC019])" As Arsenic compounds [RR-00625-7]
5112-16-3	"Present ([PC007])" As Cadmium compounds [RR-00559-4]
378782-08-2	"Present ([PC008])" As Mercury [7439-97-6]
39412-44-7	"Present ([PC014])" As Lead compounds [RR-00630-4]
75578-75-5	"Present ([PC010])" As Chromium hexavalent compounds [RR-00026-0]
61204-26-0	"Present ([PC010])" As Chromium hexavalent compounds [RR-00026-0]
52795-88-7	"Present ([PC008])" As Mercury compounds [RR-00138-7]
94551-71-0	"Present ([PC014])" As Lead compounds [RR-00630-4]
68784-53-2	"Present ([PC014])" As Lead compounds [RR-00630-4]
70514-05-5	"Present ([PC014])" As Lead compounds [RR-00630-4]
90431-30-4	"Present ([PC014])" As Lead compounds [RR-00630-4]
64714-49-4	"Present ([PC008])" As Mercury compounds [RR-00138-7]
89054-03-5	"Present ([PC014])" As Lead compounds [RR-00630-4]
69011-67-2	"Present ([PC007])" As Cadmium compounds [RR-00559-4]
RR-10389-9	"Present ([PC007])" As Cadmium compounds [RR-00559-4]
68784-55-4	"Present ([PC007])" As Cadmium compounds [RR-00559-4]
36931-18-7	"Present ([PC007])" As Cadmium compounds [RR-00559-4]
68954-18-7	"Present ([PC007])" As Cadmium compounds [RR-00559-4]
88685-10-3	"Present ([PC014])" As Lead compounds [RR-00630-4]
538-03-4	"Present ([PC019])" As Arsenic compounds [RR-00625-7]
54-64-8	"Present ([PC008])" As Mercury compounds [RR-00138-7]
5722-59-8	"Present ([PC008])" As Mercury compounds [RR-00138-7]
8012-54-2	"Present ([PC019])" As Arsenic compounds [RR-00625-7]
78331-48-3	"Present ([PC019])" As Arsenic compounds [RR-00625-7]
RR-93912-8	"Present ([PC007])" As Cadmium compounds [RR-00559-4]
93686-40-9	"Present ([PC007])" As Cadmium compounds [RR-00559-4]
94276-38-7	"Present ([PC008])" As Mercury compounds [RR-00138-7]
52081-02-4	"Present ([PC019])" As Arsenic compounds [RR-00625-7]
94551-66-3	"Present ([PC019])" As Arsenic compounds [RR-00625-7];
50648-02-7	"Present ([PC007])" As Cadmium compounds [RR-00559-4]
683-43-2	"Present ([PC019])" As Arsenic compounds [RR-00625-7]
917-76-0	"Present ([PC019])" As Arsenic compounds [RR-00625-7]
94070-92-5	"Present ([PC008])" As Mercury compounds [RR-00138-7]
50319-14-7	"Present ([PC014])" As Lead compounds [RR-00630-4]
67282-23-9	"Present ([PC005])" As Alkanes, C10-13, chloro [85535-84-8]
63400-08-8	"Present ([PC014])" As Lead compounds [RR-00630-4]
441352-57-4	"Present ([PC016])" As Nonylphenol, ethoxylated [9016-45-9]
498-73-7	"Present ([PC008])" As Mercury compounds [RR-00138-7]
96690-54-9	"Present ([PC010])" As Chromium hexavalent compounds [RR-00026-0]
68424-76-0	"Present ([PC014])" As Lead compounds [RR-00630-4]
53846-34-7	"Present ([PC007])" As Cadmium compounds [RR-00559-4]
64771-59-1	"Present ([PC008])" As Mercury compounds [RR-00138-7]
85949-61-7	"Present ([PC019])" As Arsenic compounds [RR-00625-7]
6901-79-7	"Present ([PC014])" As Lead compounds [RR-00630-4]
8012-00-8	"Present ([PC014])" As Lead compounds [RR-00630-4]
85682-01-5	"Present ([PC014])" As Lead compounds [RR-00630-4]
900-77-6	"Present ([PC019])" As Arsenic compounds [RR-00625-7]
RR-191289-6	"Present ([PC016])" As Nonylphenol, ethoxylated [9016-45-9]
99749-31-2	"Present ([PC014])" As Lead compounds [RR-00630-4]
85688-00-2	"Present ([PC007])" As Cadmium compounds [RR-00559-4]
RR-00154-7	"Present ([PC019])" As Arsenic compounds [RR-00625-7]
94246-93-2	"Present ([PC014])" As Lead compounds [RR-00630-4]
90388-09-3	"Present ([PC014])" As Lead compounds [RR-00630-4]
67711-86-8	"Present ([PC014])" As Lead compounds [RR-00630-4]
97926-57-3	"Present ([PC014])" As Lead compounds [RR-00630-4]
RR-45494-4	"Present ([PC014])" As Lead compounds [RR-00630-4]
93894-08-7	"Present ([PC007])" As Cadmium compounds [RR-00559-4]
RR-43765-0	"Present ([PC014])" As Lead compounds [RR-00630-4]
37280-80-1	"Present ([PC016])" As Nonylphenol, ethoxylated [9016-45-9]
52504-19-5	"Present ([PC016])" As Nonylphenol, ethoxylated [9016-45-9]
68515-77-5	"Present ([PC014])" As Lead compounds [RR-00630-4]
543-90-8	"Present ([PC007])" As Cadmium compounds [RR-00559-4]
92786-62-4	"Present ([PC008])" As Mercury [7439-97-6]
71599-06-9	"Present ([PC007])" As Cadmium compounds [RR-00559-4]
64049-11-2	"Present ([PC019])" As Arsenic compounds [RR-00625-7]
91083-54-4	"Present ([PC014])" As Lead compounds [RR-00630-4]
71686-03-8	"Present ([PC014])" As Lead compounds [RR-00630-4]
73926-87-1	"Present ([PC008])" As Mercury compounds [RR-00138-7]
63468-73-5	"Present ([PC019])" As Arsenic compounds [RR-00625-7]
39345-91-0	"Present ([PC014])" As Lead compounds [RR-00630-4]
5980-86-9	"Present ([PC008])" As Mercury compounds [RR-00138-7]
64046-75-9	"Present ([PC019])" As Arsenic compounds [RR-00625-7]
7774-29-0	"Present ([PC008])" As Mercury compounds [RR-00138-7]
94-43-9	"Present ([PC008])" As Mercury compounds [RR-00138-7]
97-44-9	"Present ([PC019])" As Arsenic compounds [RR-00625-7]
3772-44-9	"Present ([PC019])" As Arsenic compounds [RR-00625-7]
62-38-4	"Present ([PC008])" As Mercury compounds [RR-00138-7]
88442-64-2	"Present ([PC019])" As Arsenic compounds [RR-00625-7]
71720-55-3	"Present ([PC008])" As Mercury compounds [RR-00138-7]
63869-07-8	"Present ([PC008])" As Mercury compounds [RR-00138-7]
55-68-5	"Present ([PC008])" As Mercury compounds [RR-00138-7]
99328-54-8	"Present ([PC014])" As Lead compounds [RR-00630-4]
94551-97-0	"Present ([PC014])" As Lead compounds [RR-00630-4]
7782-86-7	"Present ([PC008])" As Mercury compounds [RR-00138-7]
926-53-4	"Present ([PC019])" As Arsenic compounds [RR-00625-7]
93966-37-1	"Present ([PC014])" As Lead compounds [RR-00630-4]
814-82-4	"Present ([PC008])" As Mercury compounds [RR-00138-7]
67465-44-5	"Present ([PC008])" As Mercury compounds [RR-00138-7]
502-39-6	"Present ([PC008])" As Mercury compounds [RR-00138-7]
53404-12-9	"Present ([PC019])" As Arsenic compounds [RR-00625-7];
865-38-3	"Present ([PC007])" As Cadmium compounds [RR-00559-4]
94275-93-1	"Present ([PC007])" As Cadmium compounds [RR-00559-4]
67674-14-0	"Present ([PC014])" As Lead compounds [RR-00630-4]
7616-83-3	"Present ([PC008])" As Mercury compounds [RR-00138-7]
4696-59-7	"Present ([PC007])" As Cadmium compounds [RR-00559-4]
5955-19-1	"Present ([PC008])" As Mercury compounds [RR-00138-7]
65996-76-1	"Present ([PC014])" As Lead compounds [RR-00630-4]
70514-37-3	"Present ([PC014])" As Lead compounds [RR-00630-4]
49663-84-5	"Present ([PC010])" As Chromium hexavalent compounds [RR-00026-0]
61840-55-9	"Present ([PC016])" As Nonylphenol, ethoxylated [9016-45-9]
68952-91-0	"Present ([PC014])" As Lead compounds [RR-00630-4]
68555-05-5	"Present ([PC014])" As Lead compounds [RR-00630-4]
39316-73-9	"Present ([PC016])" As Nonylphenol, ethoxylated [9016-45-9]
69012-63-1	"Present ([PC007])" As Cadmium compounds [RR-00559-4];
RR-12719-5	"Present ([PC014])" As Lead compounds [RR-00630-4]
93858-23-2	"Present ([PC014])" As Lead compounds [RR-00630-4]
57673-50-4	"Present ([PC019])" As Arsenic compounds [RR-00625-7]
56240-91-6	"Present ([PC014])" As Lead compounds [RR-00630-4]
68131-59-9	"Present ([PC007])" As Cadmium compounds [RR-00559-4]
71861-27-3	"Present ([PC007])" As Cadmium compounds [RR-00559-4]
85865-91-4	"Present ([PC014])" As Lead compounds [RR-00630-4]
93820-20-3	"Present ([PC008])" As Mercury compounds [RR-00138-7]
603-32-7	"Present ([PC019])" As Arsenic compounds [RR-00625-7]
52847-85-5	"Present ([PC014])" As Lead compounds [RR-00630-4]
84067-00-5	"Present ([PC014])" As Lead compounds [RR-00630-4]
54295-90-8	"Present ([PC008])" As Mercury compounds [RR-00138-7]
56660-19-6	"Present ([PC010])" As Chromium hexavalent compounds [RR-00026-0]
96958-28-0	"Present ([PC016])" As Nonylphenol, ethoxylated [9016-45-9]
50354-80-8	"Present ([PC014])" As Lead compounds [RR-00630-4]
593-58-8	"Present ([PC019])" As Arsenic compounds [RR-00625-7]
90459-26-0	"Present ([PC014])" As Lead compounds [RR-00630-4]
RR-21008-2	"Present ([PC014])" As Lead compounds [RR-00630-4]
RR-01275-9	"Present ([PC019])" As Arsenic compounds [RR-00625-7]
UN1558	"Present ([PC019])" As Arsenic [7440-38-2]
67226-86-2	"Present ([PC019])" As Arsenic compounds [RR-00625-7]
69012-71-1	"Present ([PC014])" As Lead compounds [RR-00630-4]
99328-50-4	"Present ([PC010])" As Chromium hexavalent compounds [RR-00026-0]
77289-75-9	"Present ([PC007])" As Cadmium compounds [RR-00559-4]
62229-21-4	"Present ([PC016])" As Nonylphenol, ethoxylated [9016-45-9]
55126-80-2	"Present ([PC016])" As Nonylphenol, ethoxylated [9016-45-9]
7784-08-9	"Present ([PC019])" As Arsenic compounds [RR-00625-7]
6150-94-3	"Present ([PC008])" As Mercury compounds [RR-00138-7]
RR-14263-2	"Present ([PC019])" As Arsenic compounds [RR-00625-7]
93858-24-3	"Present ([PC014])" As Lead compounds [RR-00630-4]
51821-32-0	"Present ([PC008])" As Mercury compounds [RR-00138-7]
64049-17-8	"Present ([PC019])" As Arsenic compounds [RR-00625-7]
91187-55-2	"Present ([PC014])" As Lead compounds [RR-00630-4]
38232-63-2	"Present ([PC008])" As Mercury compounds [RR-00138-7]
712-48-1	"Present ([PC019])" As Arsenic compounds [RR-00625-7]
65455-69-8	"Present ([PC016])" As Nonylphenol, ethoxylated [9016-45-9]
867-47-0	"Present ([PC014])" As Lead compounds [RR-00630-4]
557-89-1	"Present ([PC019])" As Arsenic compounds [RR-00625-7]
53669-45-7	"Present ([PC019])" As Arsenic compounds [RR-00625-7]
8031-27-4	"Present ([PC008])" As Mercury [7439-97-6]
7790-80-9	"Present ([PC007])" As Cadmium compounds [RR-00559-4]
9021-03-8	"Present ([PC016])" As Nonylphenol, ethoxylated [9016-45-9]
84776-00-1	"Present ([PC014])" As Lead compounds [RR-00630-4]
83689-82-1	"Present ([PC014])" As Lead compounds [RR-00630-4]
71630-92-7	"Present ([PC014])" As Lead compounds [RR-00630-4]
69012-22-2	"Present ([PC014])" As Lead compounds [RR-00630-4]
68130-19-8	"Present ([PC014])" As Lead compounds [RR-00630-4]
72780-86-0	"Present ([PC008])" As Mercury compounds [RR-00138-7]
97791-83-8	"Present ([PC019])" As Arsenic compounds [RR-00625-7]
UN1710	"Present ([PC018])" As Trichloroethylene [79-01-6]
69012-51-7	"Present ([PC007])" As Cadmium compounds [RR-00559-4];
69012-72-2	"Present ([PC014])" As Lead compounds [RR-00630-4]
53663-55-1	"Present ([PC016])" As Nonylphenol, ethoxylated [9016-45-9]
73513-17-4	"Present ([PC008])" As Mercury compounds [RR-00138-7]
64697-78-5	"Present ([PC008])" As Mercury compounds [RR-00138-7]
69029-88-5	"Present ([PC019])" As Arsenic compounds [RR-00625-7];
70879-91-3	"Present ([PC014])" As Lead compounds [RR-00630-4]
RR-54612-3	"Present ([PC014])" As Lead compounds [RR-00630-4]
RR-00569-6	"Present ([PC008])" As Mercury compounds [RR-00138-7]
P-82-0043	"Present ([PC014])" As Lead compounds [RR-00630-4]
73826-06-9	"Present ([PC014])" As Lead compounds [RR-00630-4]
90341-42-7	"Present ([PC010])" As Chromium hexavalent compounds [RR-00026-0]
53404-47-0	"Present ([PC019])" As Arsenic compounds [RR-00625-7]
378782-04-8	"Present ([PC008])" As Mercury [7439-97-6]
69011-60-5	"Present ([PC019])" As Arsenic compounds [RR-00625-7];
64049-22-5	"Present ([PC019])" As Arsenic compounds [RR-00625-7]
81412-57-9	"Present ([PC014])" As Lead compounds [RR-00630-4]
5857-39-6	"Present ([PC008])" As Mercury compounds [RR-00138-7]
7428-48-0	"Present ([PC014])" As Lead compounds [RR-00630-4]
91672-41-2	"Present ([PC016])" As Nonylphenols [25154-52-3]
69029-58-9	"Present ([PC014])" As Lead compounds [RR-00630-4]
58405-97-3	"Present ([PC014])" As Lead compounds [RR-00630-4]
7446-27-7	"Present ([PC014])" As Lead compounds [RR-00630-4]
RR-00065-7	"Present ([PC019])" As Arsenic compounds [RR-00625-7]
68605-98-1	"Present ([PC014])" As Lead compounds [RR-00630-4]
79803-79-5	"Present ([PC014])" As Lead compounds [RR-00630-4]
378253-45-3	"Present ([PC007])" As Cadmium [7440-43-9];
54428-47-6	"Present ([PC008])" As Mercury compounds [RR-00138-7]
RR-41296-4	"Present ([PC007])" As Cadmium compounds [RR-00559-4];
507-28-8	"Present ([PC019])" As Arsenic compounds [RR-00625-7]
525-30-4	"Present ([PC008])" As Mercury compounds [RR-00138-7]
7783-30-4	"Present ([PC008])" As Mercury compounds [RR-00138-7]
37230-99-2	"Present ([PC016])" As Nonylphenol, ethoxylated [9016-45-9]
90431-39-3	"Present ([PC014])" As Lead compounds [RR-00630-4]
37291-67-1	"Present ([PC016])" As Nonylphenol, ethoxylated [9016-45-9]
7784-36-3	"Present ([PC019])" As Arsenic compounds [RR-00625-7]
68901-11-1	"Present ([PC014])" As Lead compounds [RR-00630-4]
94246-91-0	"Present ([PC014])" As Lead compounds [RR-00630-4]
60098-67-1	"Present ([PC016])" As Nonylphenol, ethoxylated [9016-45-9]
6795-81-9	"Present ([PC008])" As Mercury compounds [RR-00138-7]
70321-55-0	"Present ([PC014])" As Lead compounds [RR-00630-4]
688-97-1	"Present ([PC019])" As Arsenic compounds [RR-00625-7]
95828-59-4	"Present ([PC016])" As Nonylphenol, ethoxylated [9016-45-9]
93894-64-5	"Present ([PC014])" As Lead compounds [RR-00630-4]
512-26-5	"Present ([PC014])" As Lead compounds [RR-00630-4]
84973-20-6	"Present ([PC008])" As Mercury compounds [RR-00138-7]
7548-26-7	"Present ([PC008])" As Mercury compounds [RR-00138-7]
96231-61-7	"Present ([PC016])" As Nonylphenol, ethoxylated [9016-45-9]
61792-06-1	"Present ([PC008])" As Mercury compounds [RR-00138-7]
68553-63-9	"Present ([PC014])" As Lead compounds [RR-00630-4]
67711-98-2	"Present ([PC014])" As Lead compounds [RR-00630-4]
RR-56254-9	"Present ([PC007])" As Cadmium compounds [RR-00559-4]
94551-87-8	"Present ([PC019])" As Arsenic compounds [RR-00625-7];
RR-90336-6	"Present ([PC014])" As Lead compounds [RR-00630-4]
945-48-2	"Present ([PC019])" As Arsenic compounds [RR-00625-7]
73926-89-3	"Present ([PC008])" As Mercury compounds [RR-00138-7]
94551-73-2	"Present ([PC014])" As Lead compounds [RR-00630-4]
5892-48-8	"Present ([PC019])" As Arsenic compounds [RR-00625-7]
7645-25-2	"Present ([PC019])" As Arsenic compounds [RR-00625-7];
97953-08-7	"Present ([PC014])" As Lead compounds [RR-00630-4]
92355-34-5	"Present ([PC008])" As Mercury [7439-97-6]
93165-26-5	"Present ([PC014])" As Lead compounds [RR-00630-4]
534-33-8	"Present ([PC019])" As Arsenic compounds [RR-00625-7]
98219-71-7	"Present ([PC014])" As Lead compounds [RR-00630-4]
68412-54-4	"Present ([PC016])" As Nonylphenol, ethoxylated [9016-45-9]
53763-36-3	"Present ([PC016])" As Nonylphenol, ethoxylated [9016-45-9]
64049-27-0	"Present ([PC008])" As Mercury compounds [RR-00138-7]
51868-24-7	"Present ([PC014])" As Lead compounds [RR-00630-4]
52012-43-8	"Present ([PC016])" As Nonylphenol, ethoxylated [9016-45-9]
62229-08-7	"Present ([PC014])" As Lead compounds [RR-00630-4]
RR-01292-0	"Present ([PC019])" As Arsenic compounds [RR-00625-7];
90459-25-9	"Present ([PC014])" As Lead compounds [RR-00630-4]
39454-98-3	"Present ([PC016])" As Nonylphenol, ethoxylated [9016-45-9]
84-70-8	"Present ([PC008])" As Mercury compounds [RR-00138-7]
65121-94-0	"Present ([PC014])" As Lead compounds [RR-00630-4]
90431-44-0	"Present ([PC014])" As Lead compounds [RR-00630-4]
5416-74-0	"Present ([PC008])" As Mercury compounds [RR-00138-7]
RR-53130-6	"Present ([PC010])" As Chromium hexavalent compounds [RR-00026-0]
73928-11-7	"Present ([PC008])" As Mercury compounds [RR-00138-7]
39392-83-1	"Present ([PC016])" As Nonylphenol, ethoxylated [9016-45-9]
67465-42-3	"Present ([PC008])" As Mercury compounds [RR-00138-7]
420-24-6	"Present ([PC019])" As Arsenic compounds [RR-00625-7]
5968-84-3	"Present ([PC019])" As Arsenic compounds [RR-00625-7]
90431-26-8	"Present ([PC014])" As Lead compounds [RR-00630-4]
6427-86-7	"Present ([PC007])" As Cadmium compounds [RR-00559-4]
85561-29-1	"Present ([PC019])" As Arsenic compounds [RR-00625-7]
973-17-1	"Present ([PC008])" As Mercury compounds [RR-00138-7]
85865-92-5	"Present ([PC014])" As Lead compounds [RR-00630-4]
73928-23-1	"Present ([PC014])" As Lead compounds [RR-00630-4]
628-85-3	"Present ([PC008])" As Mercury compounds [RR-00138-7]
68583-45-9	"Present ([PC007])" As Cadmium compounds [RR-00559-4]
69012-78-8	"Present ([PC014])" As Lead compounds [RR-00630-4]
86859-93-0	"Present ([PC019])" As Arsenic compounds [RR-00625-7]
89521-44-8	"Present ([PC008])" As Mercury compounds [RR-00138-7]
52434-07-8	"Present ([PC016])" As Nonylphenol, ethoxylated [9016-45-9]
68604-05-7	"Present ([PC014])" As Lead compounds [RR-00630-4]
378253-46-4	"Present ([PC007])" As Cadmium [7440-43-9];
69029-73-8	"Present ([PC014])" As Lead compounds [RR-00630-4]
822-65-1	"Present ([PC019])" As Arsenic compounds [RR-00625-7]
63399-94-0	"Present ([PC014])" As Lead compounds [RR-00630-4]
92045-67-5	"Present ([PC014])" As Lead compounds [RR-00630-4]
60953-19-7	"Present ([PC019])" As Arsenic compounds [RR-00625-7]
93821-47-7	"Present ([PC014])" As Lead compounds [RR-00630-4]
RR-12634-1	"Present ([PC014])" As Lead compounds [RR-00630-4]
72589-96-9	"Present ([PC007])" As Cadmium compounds [RR-00559-4]
91671-84-0	"Present ([PC014])" As Lead compounds [RR-00630-4]
94551-86-7	"Present ([PC014])" As Lead compounds [RR-00630-4]
4464-23-7	"Present ([PC007])" As Cadmium compounds [RR-00559-4]
RR-123234-4	"Present ([PC014])" As Lead compounds [RR-00630-4]
63868-96-2	"Present ([PC008])" As Mercury compounds [RR-00138-7]
RR-50499-4	"Present ([PC014])" As Lead compounds [RR-00630-4]
68411-07-4	"Present ([PC014])" As Lead compounds [RR-00630-4]
67989-93-9	"Present ([PC007])" As Cadmium compounds [RR-00559-4]
53404-68-5	"Present ([PC008])" As Mercury compounds [RR-00138-7]
70084-75-2	"Present ([PC007])" As Cadmium compounds [RR-00559-4]
37382-15-3	"Present ([PC019])" As Arsenic compounds [RR-00625-7]
68951-38-2	"Present ([PC019])" As Arsenic compounds [RR-00625-7]
59-85-8	"Present ([PC008])" As Mercury compounds [RR-00138-7]
67712-00-9	"Present ([PC019])" As Arsenic compounds [RR-00625-7]
RR-01791-4	"Present ([PC010])" As Chromium hexavalent compounds [RR-00026-0]
73156-86-2	"Present ([PC019])" As Arsenic compounds [RR-00625-7]
60154-16-7	"Present ([PC019])" As Arsenic compounds [RR-00625-7]
94551-64-1	"Present ([PC014])" As Lead compounds [RR-00630-4]
72379-35-2	"Present ([PC008])" As Mercury compounds [RR-00138-7]
93965-30-1	"Present ([PC007])" As Cadmium compounds [RR-00559-4]
3688-11-7	"Present ([PC008])" As Mercury compounds [RR-00138-7]
780-24-5	"Present ([PC008])" As Mercury compounds [RR-00138-7]
620-27-9	"Present ([PC019])" As Arsenic compounds [RR-00625-7]
93820-02-1	"Present ([PC007])" As Cadmium compounds [RR-00559-4]
99402-83-2	"Present ([PC016])" As Nonylphenol, ethoxylated [9016-45-9]
76560-29-7	"Present ([PC015])" As Ammonium perfluorooctanesulfonate [29081-56-9]
5903-10-6	"Present ([PC008])" As Mercury compounds [RR-00138-7]
69029-51-2	"Present ([PC019])" As Arsenic compounds [RR-00625-7];
RR-01294-2	"Present ([PC008])" As Mercury compounds [RR-00138-7]
63907-33-5	"Present ([PC008])" As Mercury compounds [RR-00138-7]
68833-55-6	"Present ([PC008])" As Mercury compounds [RR-00138-7]
41453-50-3	"Present ([PC014])" As Lead compounds [RR-00630-4]
71753-04-3	"Present ([PC014])" As Lead compounds [RR-00630-4]
63549-47-3	"Present ([PC008])" As Mercury compounds [RR-00138-7]
65121-76-8	"Present ([PC014])" As Lead compounds [RR-00630-4]
RR-02086-0	"Present ([PC019])" As Arsenic compounds [RR-00625-7]
56240-92-7	"Present ([PC014])" As Lead compounds [RR-00630-4]
7789-12-0	"Present ([PC010])" As Chromium hexavalent compounds [RR-00026-0]
58274-53-6	"Present ([PC014])" As Lead compounds [RR-00630-4]
RR-40980-3	"Present ([PC014])" As Lead compounds [RR-00630-4]
71799-66-1	"Present ([PC014])" As Lead compounds [RR-00630-4]
68081-86-7	"Present ([PC016])" As Nonylphenols [25154-52-3]
75-60-5	"Present ([PC019])" As Arsenic compounds [RR-00625-7]
549-59-7	"Present ([PC019])" As Arsenic compounds [RR-00625-7]
RR-00035-1	"Present ([PC019])" As Arsenic compounds [RR-00625-7]
69121-20-6	"Present ([PC007])" As Cadmium compounds [RR-00559-4]
61993-29-1	"Present ([PC014])" As Lead compounds [RR-00630-4]
RR-06942-1	"Present ([PC007])" As Cadmium compounds [RR-00559-4]
6937-66-2	"Present ([PC008])" As Mercury compounds [RR-00138-7]
94854-80-5	"Present ([PC019])" As Arsenic compounds [RR-00625-7]
RR-04547-6	"Present ([PC008])" As Mercury compounds [RR-00138-7]
62637-99-4	"Present ([PC014])" As Lead compounds [RR-00630-4]
39475-46-2	"Present ([PC016])" As Nonylphenol, ethoxylated [9016-45-9]
69029-64-7	"Present ([PC014])" As Lead compounds [RR-00630-4]
90431-34-8	"Present ([PC014])" As Lead compounds [RR-00630-4]
RR-43729-6	"Present ([PC019])" As Arsenic compounds [RR-00625-7];
63869-08-9	"Present ([PC008])" As Mercury compounds [RR-00138-7]
67711-99-3	"Present ([PC014])" As Lead compounds [RR-00630-4]
85958-86-7	"Present ([PC007])" As Cadmium compounds [RR-00559-4]
62374-53-2	"Present ([PC008])" As Mercury compounds [RR-00138-7]
69029-62-5	"Present ([PC014])" As Lead compounds [RR-00630-4]
69029-87-4	"Present ([PC014])" As Lead compounds [RR-00630-4]
6585-53-1	"Present ([PC019])" As Arsenic compounds [RR-00625-7]
5857-38-5	"Present ([PC008])" As Mercury compounds [RR-00138-7]
371-76-6	"Present ([PC008])" As Mercury compounds [RR-00138-7]
66827-74-5	"Present ([PC008])" As Mercury compounds [RR-00138-7]
69103-04-4	"Present ([PC014])" As Lead compounds [RR-00630-4]
5326-00-1	"Present ([PC008])" As Mercury compounds [RR-00138-7]
RR-15431-4	"Present ([PC014])" As Lead compounds [RR-00630-4]
50934-84-4	"Present ([PC016])" As Nonylphenol, ethoxylated [9016-45-9]
3969-54-8	"Present ([PC019])" As Arsenic compounds [RR-00625-7]
51404-69-4	"Present ([PC014])" As Lead compounds [RR-00630-4]
RR-42183-0	"Present ([PC007])" As Cadmium compounds [RR-00559-4];
676-75-5	"Present ([PC019])" As Arsenic compounds [RR-00625-7]
RR-00004-4	"Present ([PC008])" As Mercury compounds [RR-00138-7]
49784-42-1	"Present ([PC007])" As Cadmium compounds [RR-00559-4]
79357-62-3	"Present ([PC014])" As Lead compounds [RR-00630-4]
56590-96-6	"Present ([PC016])" As Nonylphenol, ethoxylated [9016-45-9]
37337-11-4	"Present ([PC019])" As Arsenic compounds [RR-00625-7]
68611-46-1	"Present ([PC019])" As Arsenic compounds [RR-00625-7]
37237-15-3	"Present ([PC008])" As Mercury compounds [RR-00138-7]
61867-68-3	"Present ([PC014])" As Lead compounds [RR-00630-4]
815-84-9	"Present ([PC014])" As Lead compounds [RR-00630-4]
94313-58-3	"Present ([PC019])" As Arsenic compounds [RR-00625-7]
52652-59-2	"Present ([PC014])" As Lead compounds [RR-00630-4]
55838-69-2	"Present ([PC016])" As Nonylphenol, ethoxylated [9016-45-9]
69029-66-9	"Present ([PC014])" As Lead compounds [RR-00630-4]
84776-36-3	"Present ([PC014])" As Lead compounds [RR-00630-4]
76871-63-1	"Present ([PC019])" As Arsenic compounds [RR-00625-7]
72275-93-5	"Present ([PC007])" As Cadmium compounds [RR-00559-4]
38517-19-0	"Present ([PC007])" As Cadmium compounds [RR-00559-4]
75882-09-6	"Present ([PC016])" As Nonylphenol, ethoxylated [9016-45-9]
7782-77-6	"Present ([PC008])" As Mercury compounds [RR-00138-7]
6107-83-1	"Present ([PC014])" As Lead compounds [RR-00630-4]
52683-07-5	"Present ([PC016])" As Nonylphenol, ethoxylated [9016-45-9]
UN2646	"Present ([PC011])" As Hexachloro-1,3-cyclopentadiene [77-47-4]
696-28-6	"Present ([PC019])" As Arsenic compounds [RR-00625-7]
64697-74-1	"Present ([PC008])" As Mercury compounds [RR-00138-7]
4262-43-5	"Present ([PC019])" As Arsenic compounds [RR-00625-7]
63957-41-5	"Present ([PC019])" As Arsenic compounds [RR-00625-7]
RR-01342-3	"Present ([PC008])" As Mercury compounds [RR-00138-7]
814-88-0	"Present ([PC007])" As Cadmium compounds [RR-00559-4]
69190-99-4	"Present ([PC007])" As Cadmium compounds [RR-00559-4]
9008-26-8	"Present ([PC014])" As Lead compounds [RR-00630-4]
68187-37-1	"Present ([PC014])" As Lead compounds [RR-00630-4]
64047-01-4	"Present ([PC019])" As Arsenic compounds [RR-00625-7]
93080-00-3	"Present ([PC019])" As Arsenic compounds [RR-00625-7]
5421-48-7	"Present ([PC008])" As Mercury compounds [RR-00138-7]
95046-49-4	"Present ([PC014])" As Lead compounds [RR-00630-4]
78-00-2	"Present ([PC014])" As Lead compounds [RR-00630-4]
69029-95-4	"Present ([PC007])" As Cadmium compounds [RR-00559-4];
97952-39-1	"Present ([PC014])" As Lead compounds [RR-00630-4]
69029-48-7	"Present ([PC007])" As Cadmium compounds [RR-00559-4];
58076-82-7	"Present ([PC019])" As Arsenic compounds [RR-00625-7]
8005-38-7	"Present ([PC009])" As Formaldehyde [50-00-0]
5743-04-4	"Present ([PC007])" As Cadmium compounds [RR-00559-4]
RR-11152-4	"Present ([PC007])" As Cadmium compounds [RR-00559-4]
63989-69-5	"Present ([PC019])" As Arsenic compounds [RR-00625-7]
RR-12446-9	"Present ([PC019])" As Arsenic compounds [RR-00625-7]
69029-92-1	"Present ([PC007])" As Cadmium compounds [RR-00559-4];
93983-65-4	"Present ([PC007])" As Cadmium compounds [RR-00559-4]
85237-42-9	"Present ([PC019])" As Arsenic compounds [RR-00625-7]
68957-75-5	"Present ([PC019])" As Arsenic compounds [RR-00625-7]
56764-40-0	"Present ([PC014])" As Lead compounds [RR-00630-4]
68583-43-7	"Present ([PC007])" As Cadmium compounds [RR-00559-4]
68966-97-2	"Present ([PC007])" As Cadmium compounds [RR-00559-4]
89054-01-3	"Present ([PC019])" As Arsenic compounds [RR-00625-7]
RR-13035-8	"Present ([PC014])" As Lead compounds [RR-00630-4]
RR-04677-5	"Present ([PC008])" As Mercury compounds [RR-00138-7]
96471-22-6	"Present ([PC014])" As Lead compounds [RR-00630-4]
66525-84-6	"Present ([PC016])" As Nonylphenol, ethoxylated [9016-45-9]
72847-45-1	"Present ([PC016])" As Nonylphenol, ethoxylated [9016-45-9]
84929-95-3	"Present ([PC014])" As Lead compounds [RR-00630-4]
590-34-1	"Present ([PC019])" As Arsenic compounds [RR-00625-7]
RR-01021-9	"Present ([PC014])" As Lead compounds [RR-00630-4]
RR-11148-8	"Present ([PC019])" As Arsenic compounds [RR-00625-7]
92704-24-0	"Present ([PC007])" As Cadmium compounds [RR-00559-4]
69029-86-3	"Present ([PC014])" As Lead compounds [RR-00630-4]
94247-16-2	"Present ([PC007])" As Cadmium compounds [RR-00559-4]
94232-26-5	"Present ([PC019])" As Arsenic compounds [RR-00625-7]
89067-81-2	"Present ([PC019])" As Arsenic compounds [RR-00625-7]
52732-72-6	"Present ([PC014])" As Lead compounds [RR-00630-4]
RR-00733-0	"Present ([PC019])" As Arsenic compounds [RR-00625-7]
70206-08-5	"Present ([PC007])" As Cadmium compounds [RR-00559-4]
94551-79-8	"Present ([PC007])" As Cadmium compounds [RR-00559-4];
63869-00-1	"Present ([PC008])" As Mercury compounds [RR-00138-7]
RR-42180-7	"Present ([PC007])" As Cadmium compounds [RR-00559-4];
543-63-5	"Present ([PC008])" As Mercury compounds [RR-00138-7]
69011-59-2	"Present ([PC019])" As Arsenic compounds [RR-00625-7];
517-16-8	"Present ([PC008])" As Mercury compounds [RR-00138-7]
64296-14-6	"Present ([PC016])" As Nonylphenol, ethoxylated [9016-45-9]
8017-88-7	"Present ([PC008])" As Mercury compounds [RR-00138-7]
51595-71-2	"Present ([PC008])" As Mercury compounds [RR-00138-7]
7790-81-0	"Present ([PC007])" As Cadmium compounds [RR-00559-4]
37210-94-9	"Present ([PC016])" As Nonylphenol, ethoxylated [9016-45-9]
92200-92-5	"Present ([PC014])" As Lead compounds [RR-00630-4]
UN2956	"Present ([PC003])" As 5-tert-Butyl-2,4,6-trinitro-m-xylene [81-15-2]
37337-13-6	"Present ([PC019])" As Arsenic compounds [RR-00625-7]
39390-00-6	"Present ([PC014])" As Lead compounds [RR-00630-4]
57218-73-2	"Present ([PC014])" As Lead compounds [RR-00630-4]
7784-34-1	"Present ([PC019])" As Arsenic compounds [RR-00625-7]
69012-70-0	"Present ([PC014])" As Lead compounds [RR-00630-4]
90459-52-2	"Present ([PC014])" As Lead compounds [RR-00630-4]
99587-10-7	"Present ([PC007])" As Cadmium compounds [RR-00559-4]
5806-89-3	"Present ([PC019])" As Arsenic compounds [RR-00625-7]
94238-21-8	"Present ([PC008])" As Mercury compounds [RR-00138-7]
91671-82-8	"Present ([PC014])" As Lead compounds [RR-00630-4]
85764-81-4	"Present ([PC014])" As Lead compounds [RR-00630-4]
39289-57-1	"Present ([PC016])" As Nonylphenol, ethoxylated [9016-45-9]
72828-62-7	"Present ([PC007])" As Cadmium compounds [RR-00559-4]
69029-85-2	"Present ([PC014])" As Lead compounds [RR-00630-4]
4167-05-9	"Present ([PC007])" As Cadmium compounds [RR-00559-4]
90431-40-6	"Present ([PC014])" As Lead compounds [RR-00630-4]
4656-04-6	"Present ([PC008])" As Mercury compounds [RR-00138-7]
RR-15850-9	"Present ([PC008])" As Mercury compounds [RR-00138-7]
90388-15-1	"Present ([PC014])" As Lead compounds [RR-00630-4]
6018-31-1	"Present ([PC019])" As Arsenic compounds [RR-00625-7]
90194-35-7	"Present ([PC007])" As Cadmium compounds [RR-00559-4]
7681-34-7	"Present ([PC008])" As Mercury compounds [RR-00138-7]
RR-191290-9	"Present ([PC016])" As Nonylphenol, ethoxylated [9016-45-9]
54174-36-6	"Present ([PC016])" As Nonylphenol, ethoxylated [9016-45-9]
95892-13-0	"Present ([PC014])" As Lead compounds [RR-00630-4]
49784-44-3	"Present ([PC007])" As Cadmium compounds [RR-00559-4]
67466-58-4	"Present ([PC008])" As Mercury compounds [RR-00138-7]
69011-86-5	"Present ([PC014])" As Lead compounds [RR-00630-4]
506-82-1	"Present ([PC007])" As Cadmium compounds [RR-00559-4]
RR-00070-4	"Present ([PC010])" As Chromium hexavalent compounds [RR-00026-0]
84696-56-0	"Present ([PC007])" As Cadmium compounds [RR-00559-4]
678970-17-7	"Present ([PC012])" As Cyclododecane, hexabromo- [25637-99-4]
51938-60-4	"Present ([PC016])" As Nonylphenol, ethoxylated [9016-45-9]
63918-97-8	"Present ([PC014])" As Lead compounds [RR-00630-4]
68784-74-7	"Present ([PC014])" As Lead compounds [RR-00630-4]
RR-87612-0	"Present ([PC008])" As Mercury compounds [RR-00138-7]
36568-91-9	"Present ([PC008])" As Mercury compounds [RR-00138-7]
84961-75-1	"Present ([PC014])" As Lead compounds [RR-00630-4]
69029-91-0	"Present ([PC007])" As Cadmium compounds [RR-00559-4];
58570-91-5	"Present ([PC008])" As Mercury compounds [RR-00138-7]
54554-36-8	"Present ([PC014])" As Lead compounds [RR-00630-4]
94551-62-9	"Present ([PC014])" As Lead compounds [RR-00630-4]
421-09-0	"Present ([PC008])" As Mercury compounds [RR-00138-7]
829-83-4	"Present ([PC019])" As Arsenic compounds [RR-00625-7]
69029-79-4	"Present ([PC014])" As Lead compounds [RR-00630-4]
591-89-9	"Present ([PC008])" As Mercury compounds [RR-00138-7]
RR-115560-8	"Present ([PC014])" As Lead compounds [RR-00630-4]
63325-16-6	"Present ([PC008])" As Mercury compounds [RR-00138-7]
94266-31-6	"Present ([PC014])" As Lead compounds [RR-00630-4]
RR-56263-0	"Present ([PC008])" As Mercury compounds [RR-00138-7]
63951-09-7	"Present ([PC008])" As Mercury compounds [RR-00138-7]
7790-79-6	"Present ([PC007])" As Cadmium compounds [RR-00559-4]
64048-88-0	"Present ([PC019])" As Arsenic compounds [RR-00625-7]
94275-94-2	"Present ([PC007])" As Cadmium compounds [RR-00559-4]
64025-06-5	"Present ([PC008])" As Mercury compounds [RR-00138-7]
RR-14283-6	"Present ([PC007])" As Cadmium compounds [RR-00559-4]
535-55-7	"Present ([PC008])" As Mercury compounds [RR-00138-7]
UN2291	"Present ([PC014])" As Lead compounds [RR-00630-4]
39310-41-3	"Present ([PC019])" As Arsenic compounds [RR-00625-7]
64048-89-1	"Present ([PC019])" As Arsenic compounds [RR-00625-7]
84195-61-9	"Present ([PC019])" As Arsenic compounds [RR-00625-7];
62642-07-3	"Present ([PC007])" As Cadmium compounds [RR-00559-4]
63869-04-5	"Present ([PC008])" As Mercury compounds [RR-00138-7]
90431-38-2	"Present ([PC014])" As Lead compounds [RR-00630-4]
4386-35-0	"Present ([PC008])" As Mercury compounds [RR-00138-7]
52337-73-2	"Present ([PC014])" As Lead compounds [RR-00630-4]
592-85-8	"Present ([PC008])" As Mercury compounds [RR-00138-7]
84583-61-9	"Present ([PC014])" As Lead compounds [RR-00630-4]
65035-41-8	"Present ([PC016])" As Nonylphenol, ethoxylated [9016-45-9]
80966-32-1	"Present ([PC016])" As Nonylphenol, ethoxylated [9016-45-9]
94551-72-1	"Present ([PC014])" As Lead compounds [RR-00630-4]
72586-00-6	"Present ([PC014])" As Lead compounds [RR-00630-4]
6336-12-5	"Present ([PC008])" As Mercury compounds [RR-00138-7]
61539-83-1	"Present ([PC005])" As Alkanes, C10-13, chloro [85535-84-8]
52740-16-6	"Present ([PC019])" As Arsenic compounds [RR-00625-7]
67711-93-7	"Present ([PC014])" As Lead compounds [RR-00630-4]
RR-01638-6	"Present ([PC007])" As Cadmium compounds [RR-00559-4]
7789-00-6	"Present ([PC010])" As Chromium hexavalent compounds [RR-00026-0]
7056-83-9	"Present ([PC014])" As Lead compounds [RR-00630-4]
7442-13-9	"Present ([PC014])" As Lead compounds [RR-00630-4]
RR-60222-2	"Present ([PC014])" As Lead compounds [RR-00630-4]
60580-60-1	"Present ([PC014])" As Lead compounds [RR-00630-4]
94552-00-8	"Present ([PC014])" As Lead compounds [RR-00630-4]
RR-42176-1	"Present ([PC019])" As Arsenic compounds [RR-00625-7]
63869-06-7	"Present ([PC008])" As Mercury compounds [RR-00138-7]
93840-04-1	"Present ([PC014])" As Lead compounds [RR-00630-4]
8069-64-5	"Present ([PC008])" As Mercury compounds [RR-00138-7]
7788-98-9	"Present ([PC010])" As Chromium hexavalent compounds [RR-00026-0]
93894-48-5	"Present ([PC014])" As Lead compounds [RR-00630-4]
P-97-0790	"Present ([PC015])" As Didecyldimethylammonium perfluorooctanesulfonate [251099-16-8]
94246-84-1	"Present ([PC014])" As Lead compounds [RR-00630-4]
60251-56-1	"Present ([PC014])" As Lead compounds [RR-00630-4]
72931-45-4	"Present ([PC013])" As Naphthalene [91-20-3]
7786-36-9	"Present ([PC019])" As Arsenic compounds [RR-00625-7]
76899-34-8	"Present ([PC010])" As Chromium hexavalent compounds [RR-00026-0]
68855-80-1	"Present ([PC007])" As Cadmium compounds [RR-00559-4]
42558-73-6	"Present ([PC014])" As Lead compounds [RR-00630-4]
71436-99-2	"Present ([PC007])" As Cadmium compounds [RR-00559-4]
65127-78-8	"Present ([PC014])" As Lead compounds [RR-00630-4]
84304-15-4	"Present ([PC019])" As Arsenic compounds [RR-00625-7]
95046-44-9	"Present ([PC014])" As Lead compounds [RR-00630-4]
RR-89890-8	"Present ([PC014])" As Lead compounds [RR-00630-4]
RR-50263-6	"Present ([PC014])" As Lead compounds [RR-00630-4]
3688-92-4	"Present ([PC019])" As Arsenic compounds [RR-00625-7]
461-40-5	"Present ([PC008])" As Mercury compounds [RR-00138-7]
94551-70-9	"Present ([PC007])" As Cadmium compounds [RR-00559-4];
63440-03-9	"Present ([PC016])" As Nonylphenol, ethoxylated [9016-45-9]
5072-98-0	"Present ([PC014])" As Lead compounds [RR-00630-4]
68876-90-4	"Present ([PC007])" As Cadmium compounds [RR-00559-4]
5834-81-1	"Present ([PC008])" As Mercury compounds [RR-00138-7]
92128-37-5	"Present ([PC007])" As Cadmium compounds [RR-00559-4];
676-70-0	"Present ([PC019])" As Arsenic compounds [RR-00625-7]
40138-90-7	"Present ([PC008])" As Mercury compounds [RR-00138-7]
85392-77-4	"Present ([PC014])" As Lead compounds [RR-00630-4]
513-78-0	"Present ([PC007])" As Cadmium compounds [RR-00559-4]
63400-09-9	"Present ([PC007])" As Cadmium compounds [RR-00559-4]
65997-18-4	"Present ([PC007])" As Cadmium compounds [RR-00559-4];
51887-47-9	"Present ([PC008])" As Mercury [7439-97-6]
69012-43-7	"Present ([PC014])" As Lead compounds [RR-00630-4]
64940-97-2	"Present ([PC016])" As Nonylphenol, ethoxylated [9016-45-9]
69637-83-8	"Present ([PC014])" As Lead compounds [RR-00630-4]
507-27-7	"Present ([PC019])" As Arsenic compounds [RR-00625-7]
90431-43-9	"Present ([PC014])" As Lead compounds [RR-00630-4]
RR-02574-1	"Present ([PC014])" As Lead compounds [RR-00630-4]
4431-24-7	"Present ([PC019])" As Arsenic compounds [RR-00625-7]
RR-11171-7	"Present ([PC014])" As Lead compounds [RR-00630-4]
558-31-6	"Present ([PC019])" As Arsenic compounds [RR-00625-7]
69011-70-7	"Present ([PC007])" As Cadmium compounds [RR-00559-4];
62010-27-9	"Present ([PC015])" As Perfluorooctanesulfonic acid, potassium salt [2795-39-3]
RR-88264-4	"Present ([PC014])" As Lead compounds [RR-00630-4]
376647-33-5	"Present ([PC016])" As Nonylphenol, ethoxylated [9016-45-9]
68954-05-2	"Present ([PC014])" As Lead compounds [RR-00630-4]
70727-02-5	"Present ([PC014])" As Lead compounds [RR-00630-4]
93367-04-5	"Present ([PC007])" As Cadmium compounds [RR-00559-4]
587-85-9	"Present ([PC008])" As Mercury compounds [RR-00138-7]
90431-41-7	"Present ([PC014])" As Lead compounds [RR-00630-4]
76925-97-8	"Present ([PC014])" As Lead compounds [RR-00630-4]
98-72-6	"Present ([PC019])" As Arsenic compounds [RR-00625-7]
94246-87-4	"Present ([PC014])" As Lead compounds [RR-00630-4]
93965-29-8	"Present ([PC014])" As Lead compounds [RR-00630-4]
36501-84-5	"Present ([PC014])" As Lead compounds [RR-00630-4]
678970-15-5	"Present ([PC012])" As Cyclododecane, hexabromo- [25637-99-4]
84066-99-9	"Present ([PC014])" As Lead compounds [RR-00630-4]
865-49-6	"Present ([PC017])" As Chloroform [67-66-3]
90604-89-0	"Present ([PC007])" As Cadmium compounds [RR-00559-4]
RR-43827-7	"Present ([PC019])" As Arsenic compounds [RR-00625-7]
51938-25-1	"Present ([PC016])" As Nonylphenol, ethoxylated [9016-45-9]
7789-01-7	"Present ([PC010])" As Chromium hexavalent compounds [RR-00026-0]
68406-65-5	"Present ([PC010])" As Chromium hexavalent compounds [RR-00026-0]
RR-55401-8	"Present ([PC019])" As Arsenic compounds [RR-00625-7]
91053-49-5	"Present ([PC014])" As Lead compounds [RR-00630-4]
38787-87-0	"Present ([PC014])" As Lead compounds [RR-00630-4]
RR-42199-8	"Present ([PC014])" As Lead compounds [RR-00630-4]
592-87-0	"Present ([PC014])" As Lead compounds [RR-00630-4]
814-70-0	"Present ([PC014])" As Lead compounds [RR-00630-4]
61788-53-2	"Present ([PC014])" As Lead compounds [RR-00630-4]
68512-49-2	"Present ([PC007])" As Cadmium compounds [RR-00559-4]
441352-55-2	"Present ([PC016])" As Nonylphenol, ethoxylated [9016-45-9]
54481-45-7	"Present ([PC008])" As Mercury compounds [RR-00138-7]
53408-91-6	"Present ([PC008])" As Mercury compounds [RR-00138-7]
84144-92-3	"Present ([PC014])" As Lead compounds [RR-00630-4]
RR-13216-1	"Present ([PC007])" As Cadmium compounds [RR-00559-4]
83711-45-9	"Present ([PC014])" As Lead compounds [RR-00630-4]
7487-94-7	"Present ([PC008])" As Mercury compounds [RR-00138-7]
68876-99-3	"Present ([PC007])" As Cadmium compounds [RR-00559-4]
83271-48-1	"Present ([PC016])" As Nonylphenol, ethoxylated [9016-45-9]
82800-11-1	"Present ([PC014])" As Lead compounds [RR-00630-4]
52038-46-7	"Present ([PC016])" As Nonylphenol, ethoxylated [9016-45-9]
63869-01-2	"Present ([PC008])" As Mercury compounds [RR-00138-7]
69029-90-9	"Present ([PC007])" As Cadmium compounds [RR-00559-4];
73926-88-2	"Present ([PC008])" As Mercury compounds [RR-00138-7]
64048-07-3	"Present ([PC008])" As Mercury compounds [RR-00138-7]
38455-77-5	"Present ([PC010])" As Chromium hexavalent compounds [RR-00026-0]
78571-20-7	"Present ([PC008])" As Mercury compounds [RR-00138-7]
90604-90-3	"Present ([PC007])" As Cadmium compounds [RR-00559-4]
90431-36-0	"Present ([PC014])" As Lead compounds [RR-00630-4]
65151-08-8	"Present ([PC014])" As Lead compounds [RR-00630-4]
68891-87-2	"Present ([PC007])" As Cadmium compounds [RR-00559-4];
RR-128514-9	"Present ([PC014])" As Lead compounds [RR-00630-4]
589-65-1	"Present ([PC008])" As Mercury compounds [RR-00138-7]
RR-01620-6	"Present ([PC010])" As Chromium hexavalent compounds [RR-00026-0]
5434-72-0	"Present ([PC014])" As Lead compounds [RR-00630-4]
90431-32-6	"Present ([PC014])" As Lead compounds [RR-00630-4]
70514-23-7	"Present ([PC008])" As Mercury compounds [RR-00138-7]
67906-19-8	"Present ([PC007])" As Cadmium compounds [RR-00559-4]
74656-63-6	"Present ([PC016])" As Nonylphenol, ethoxylated [9016-45-9]
441352-58-5	"Present ([PC016])" As Nonylphenol, ethoxylated [9016-45-9]
80925-03-7	"Present ([PC019])" As Arsenic compounds [RR-00625-7]
85561-28-0	"Present ([PC019])" As Arsenic compounds [RR-00625-7]
84057-85-2	"Present ([PC019])" As Arsenic compounds [RR-00625-7]
855886-94-1	"Present ([PC019])" As Arsenic compounds [RR-00625-7]
72066-32-1	"Present ([PC008])" As Mercury compounds [RR-00138-7]
69012-67-5	"Present ([PC007])" As Cadmium compounds [RR-00559-4];
RR-02536-5	"Present ([PC008])" As Mercury compounds [RR-00138-7]
UN1888	"Present ([PC017])" As Chloroform [67-66-3]
6131-99-3	"Present ([PC019])" As Arsenic compounds [RR-00625-7]
7784-41-0	"Present ([PC019])" As Arsenic compounds [RR-00625-7]
7784-40-9	"Present ([PC019])" As Arsenic compounds [RR-00625-7];
52337-78-7	"Present ([PC007])" As Cadmium compounds [RR-00559-4]
5806-84-8	"Present ([PC019])" As Arsenic compounds [RR-00625-7]
56982-42-4	"Present ([PC007])" As Cadmium compounds [RR-00559-4]
RR-42178-3	"Present ([PC007])" As Cadmium compounds [RR-00559-4];
41547-50-6	"Present ([PC014])" As Lead compounds [RR-00630-4]
82980-40-3	"Present ([PC008])" As Mercury compounds [RR-00138-7]
39297-19-3	"Present ([PC010])" As Chromium hexavalent compounds [RR-00026-0]
84304-16-5	"Present ([PC019])" As Arsenic compounds [RR-00625-7]
50855-29-3	"Present ([PC016])" As Nonylphenol, ethoxylated [9016-45-9]
64475-90-7	"Present ([PC019])" As Arsenic compounds [RR-00625-7]
64697-76-3	"Present ([PC008])" As Mercury compounds [RR-00138-7]
68784-59-8	"Present ([PC014])" As Lead compounds [RR-00630-4]
63868-94-0	"Present ([PC008])" As Mercury compounds [RR-00138-7]
RR-44401-9	"Present ([PC014])" As Lead compounds [RR-00630-4]
92278-94-9	"Present ([PC019])" As Arsenic compounds [RR-00625-7]
5954-14-3	"Present ([PC008])" As Mercury compounds [RR-00138-7]
RR-12534-8	"Present ([PC014])" As Lead compounds [RR-00630-4]
6101-00-4	"Present ([PC019])" As Arsenic compounds [RR-00625-7]
RR-10388-8	"Present ([PC019])" As Arsenic compounds [RR-00625-7]
90552-19-5	"Present ([PC014])" As Lead compounds [RR-00630-4]
8066-44-2	"Present ([PC019])" As Arsenic compounds [RR-00625-7]
91697-36-8	"Present ([PC014])" As Lead compounds [RR-00630-4]
39373-71-2	"Present ([PC016])" As Nonylphenol, ethoxylated [9016-45-9]
8013-54-5	"Present ([PC017])" As Chloroform [67-66-3]
74278-22-1	"Present ([PC007])" As Cadmium compounds [RR-00559-4]
RR-41297-5	"Present ([PC014])" As Lead compounds [RR-00630-4]
6273-99-0	"Present ([PC008])" As Mercury compounds [RR-00138-7]
91078-81-8	"Present ([PC014])" As Lead compounds [RR-00630-4]
64049-28-1	"Present ([PC008])" As Mercury compounds [RR-00138-7]
7790-82-1	"Present ([PC007])" As Cadmium compounds [RR-00559-4]
60476-27-9	"Present ([PC016])" As Nonylphenol, ethoxylated [9016-45-9]
RR-42793-0	"Present ([PC019])" As Arsenic compounds [RR-00625-7]
UN1897	"Present ([PC021])" As Tetrachloroethylene [127-18-4]
5711-19-3	"Present ([PC014])" As Lead compounds [RR-00630-4]
73399-71-0	"Present ([PC008])" As Mercury compounds [RR-00138-7]
68877-01-0	"Present ([PC007])" As Cadmium compounds [RR-00559-4]
83711-47-1	"Present ([PC014])" As Lead compounds [RR-00630-4]
37235-82-8	"Present ([PC010])" As Chromium hexavalent compounds [RR-00026-0]
64048-90-4	"Present ([PC019])" As Arsenic compounds [RR-00625-7]
39393-36-7	"Present ([PC016])" As Nonylphenol, ethoxylated [9016-45-9]
RR-00717-0	"Present ([PC019])" As Arsenic compounds [RR-00625-7]
68784-76-9	"Present ([PC019])" As Arsenic compounds [RR-00625-7];
66019-20-3	"Present ([PC019])" As Arsenic compounds [RR-00625-7]
RR-00005-5	"Present ([PC008])" As Mercury compounds [RR-00138-7]
68784-75-8	"Present ([PC014])" As Lead compounds [RR-00630-4]
94481-62-6	"Present ([PC008])" As Mercury compounds [RR-00138-7]
585-54-6	"Present ([PC019])" As Arsenic compounds [RR-00625-7]
RR-07764-5	"Present ([PC014])" As Lead compounds [RR-00630-4]
68332-81-0	"Present ([PC007])" As Cadmium compounds [RR-00559-4];
84878-37-5	"Present ([PC007])" As Cadmium compounds [RR-00559-4]
691-88-3	"Present ([PC008])" As Mercury compounds [RR-00138-7]
4519-32-8	"Present ([PC019])" As Arsenic compounds [RR-00625-7]
64048-08-4	"Present ([PC008])" As Mercury compounds [RR-00138-7]
83588-58-3	"Present ([PC010])" As Chromium hexavalent compounds [RR-00026-0]
52440-94-5	"Present ([PC016])" As Nonylphenol, ethoxylated [9016-45-9]
94246-85-2	"Present ([PC014])" As Lead compounds [RR-00630-4]
53763-35-2	"Present ([PC016])" As Nonylphenol, ethoxylated [9016-45-9]
7789-10-8	"Present ([PC010])" As Chromium hexavalent compounds [RR-00026-0];
825-91-2	"Present ([PC014])" As Lead compounds [RR-00630-4]
96906-16-0	"Present ([PC008])" As Mercury compounds [RR-00138-7]
RR-04020-0	"Present ([PC019])" As Arsenic compounds [RR-00625-7]
68515-76-4	"Present ([PC014])" As Lead compounds [RR-00630-4]
RR-12723-1	"Present ([PC014])" As Lead compounds [RR-00630-4]
91783-10-7	"Present ([PC014])" As Lead compounds [RR-00630-4]
85049-42-9	"Present ([PC014])" As Lead compounds [RR-00630-4]
99749-34-5	"Present ([PC007])" As Cadmium compounds [RR-00559-4]
64049-08-7	"Present ([PC019])" As Arsenic compounds [RR-00625-7]
6270-99-1	"Present ([PC008])" As Mercury compounds [RR-00138-7]
84953-43-5	"Present ([PC007])" As Cadmium compounds [RR-00559-4]
39277-51-5	"Present ([PC019])" As Arsenic [7440-38-2]
RR-00538-9	"Present ([PC014])" As Lead compounds [RR-00630-4]
58-36-6	"Present ([PC019])" As Arsenic compounds [RR-00625-7]
4656-80-8	"Present ([PC019])" As Arsenic compounds [RR-00625-7]
62865-26-3	"Present ([PC007])" As Cadmium compounds [RR-00559-4]
RR-11151-3	"Present ([PC007])" As Cadmium compounds [RR-00559-4]
57363-77-6	"Present ([PC008])" As Mercury compounds [RR-00138-7]
84394-98-9	"Present ([PC014])" As Lead compounds [RR-00630-4]
RR-00132-1	"Present ([PC019])" As Arsenic compounds [RR-00625-7];
91082-69-8	"Present ([PC008])" As Mercury compounds [RR-00138-7]
87247-00-5	"Present ([PC016])" As Nonylphenols [25154-52-3]
69029-74-9	"Present ([PC014])" As Lead compounds [RR-00630-4]
76093-98-6	"Present ([PC007])" As Cadmium compounds [RR-00559-4];
37240-96-3	"Present ([PC014])" As Lead compounds [RR-00630-4]
53404-67-4	"Present ([PC008])" As Mercury compounds [RR-00138-7]
90584-88-6	"Present ([PC008])" As Mercury compounds [RR-00138-7]
69029-47-6	"Present ([PC014])" As Lead compounds [RR-00630-4]
79490-00-9	"Present ([PC007])" As Cadmium compounds [RR-00559-4]
RR-01913-6	"Present ([PC019])" As Arsenic compounds [RR-00625-7]
92257-06-2	"Present ([PC007])" As Cadmium compounds [RR-00559-4]
7311-27-5	"Present ([PC016])" As Nonylphenol, ethoxylated [9016-45-9]
37364-06-0	"Present ([PC007])" As Cadmium compounds [RR-00559-4]
69012-60-8	"Present ([PC014])" As Lead compounds [RR-00630-4]
RR-12626-1	"Present ([PC019])" As Arsenic compounds [RR-00625-7]
42617-03-8	"Present ([PC016])" As Nonylphenol, ethoxylated [9016-45-9]
762-55-0	"Present ([PC008])" As Mercury compounds [RR-00138-7]
59223-35-7	"Present ([PC007])" As Cadmium compounds [RR-00559-4]
50922-29-7	"Present ([PC010])" As Chromium hexavalent compounds [RR-00026-0]
592-04-1	"Present ([PC008])" As Mercury compounds [RR-00138-7]
93215-61-3	"Present ([PC014])" As Lead compounds [RR-00630-4]
72869-26-2	"Present ([PC007])" As Cadmium compounds [RR-00559-4]
51222-60-7	"Present ([PC007])" As Cadmium compounds [RR-00559-4]
90583-37-2	"Present ([PC014])" As Lead compounds [RR-00630-4]
61788-52-1	"Present ([PC014])" As Lead compounds [RR-00630-4]
69029-49-8	"Present ([PC007])" As Cadmium compounds [RR-00559-4];
68411-78-9	"Present ([PC014])" As Lead compounds [RR-00630-4]
93841-79-3	"Present ([PC019])" As Arsenic compounds [RR-00625-7]
RR-46599-6	"Present ([PC019])" As Arsenic compounds [RR-00625-7]
933050-99-8	"Present ([PC016])" As Nonylphenol, ethoxylated [9016-45-9]
94113-53-8	"Present ([PC019])" As Arsenic compounds [RR-00625-7]
39453-05-9	"Present ([PC016])" As Nonylphenol, ethoxylated [9016-45-9]
74749-71-6	"Present ([PC016])" As Nonylphenol, ethoxylated [9016-45-9]
69029-53-4	"Present ([PC014])" As Lead compounds [RR-00630-4]
91031-60-6	"Present ([PC014])" As Lead compounds [RR-00630-4]
84195-60-8	"Present ([PC014])" As Lead compounds [RR-00630-4]
68876-98-2	"Present ([PC007])" As Cadmium compounds [RR-00559-4]
RR-07193-2	"Present ([PC008])" As Mercury compounds [RR-00138-7]
683-45-4	"Present ([PC019])" As Arsenic compounds [RR-00625-7]
6838-85-3	"Present ([PC014])" As Lead compounds [RR-00630-4]
56572-83-9	"Present ([PC014])" As Lead compounds [RR-00630-4]
92704-12-6	"Present ([PC007])" As Cadmium compounds [RR-00559-4]
76407-89-1	"Present ([PC019])" As Arsenic compounds [RR-00625-7]
595-89-1	"Present ([PC014])" As Lead compounds [RR-00630-4]
90431-31-5	"Present ([PC014])" As Lead compounds [RR-00630-4]
91053-44-0	"Present ([PC007])" As Cadmium compounds [RR-00559-4]
90529-78-5	"Present ([PC007])" As Cadmium compounds [RR-00559-4]
RR-42805-7	"Present ([PC007])" As Cadmium compounds [RR-00559-4]
69029-56-7	"Present ([PC014])" As Lead compounds [RR-00630-4]
RR-19628-1	"Present ([PC019])" As Arsenic compounds [RR-00625-7]
623-07-4	"Present ([PC008])" As Mercury compounds [RR-00138-7]
55425-74-6	"Present ([PC007])" As Cadmium compounds [RR-00559-4]
41234-07-5	"Present ([PC014])" As Lead compounds [RR-00630-4]
63916-96-1	"Present ([PC014])" As Lead compounds [RR-00630-4]
97889-90-2	"Present ([PC014])" As Lead compounds [RR-00630-4]
60064-28-0	"Present ([PC008])" As Mercury compounds [RR-00138-7]
92797-28-9	"Present ([PC007])" As Cadmium compounds [RR-00559-4]
7784-42-1	"Present ([PC019])" As Arsenic compounds [RR-00625-7]
52080-60-1	"Present ([PC014])" As Lead compounds [RR-00630-4]
85536-79-4	"Present ([PC014])" As Lead compounds [RR-00630-4]
RR-194036-9	"Present ([PC008])" As Mercury compounds [RR-00138-7]
8030-64-6	"Present ([PC008])" As Mercury [7439-97-6]
91722-12-2	"Present ([PC008])" As Mercury compounds [RR-00138-7]
68603-93-0	"Present ([PC014])" As Lead compounds [RR-00630-4]
406215-31-4	"Present ([PC015])" As Tetraethylammonium perfluorooctanesulfonate [56773-42-3]
62042-25-5	"Present ([PC014])" As Lead compounds [RR-00630-4]
80994-87-2	"Present ([PC008])" As Mercury compounds [RR-00138-7]
41189-36-0	"Present ([PC010])" As Chromium hexavalent compounds [RR-00026-0]
537-64-4	"Present ([PC008])" As Mercury compounds [RR-00138-7]
84215-48-5	"Present ([PC019])" As Arsenic compounds [RR-00625-7]
69011-07-0	"Present ([PC010])" As Chromium hexavalent compounds [RR-00026-0];
79915-08-5	"Present ([PC014])" As Lead compounds [RR-00630-4]
92257-11-9	"Present ([PC007])" As Cadmium compounds [RR-00559-4];
RR-00025-9	"Present ([PC010])" As Chromium hexavalent compounds [RR-00026-0]
37336-52-0	"Present ([PC016])" As Nonylphenol, ethoxylated [9016-45-9]
65777-14-2	"Present ([PC016])" As Nonylphenol, ethoxylated [9016-45-9]
94551-99-2	"Present ([PC014])" As Lead compounds [RR-00630-4]
6379-37-9	"Present ([PC019])" As Arsenic compounds [RR-00625-7]
52231-92-2	"Present ([PC014])" As Lead compounds [RR-00630-4]
592-02-9	"Present ([PC007])" As Cadmium compounds [RR-00559-4]
90268-59-0	"Present ([PC014])" As Lead compounds [RR-00630-4]
RR-10012-9	"Present ([PC019])" As Arsenic compounds [RR-00625-7]
541-25-3	"Present ([PC019])" As Arsenic compounds [RR-00625-7]
94006-20-9	"Present ([PC014])" As Lead compounds [RR-00630-4]
7488-51-9	"Present ([PC014])" As Lead compounds [RR-00630-4]
378782-05-9	"Present ([PC008])" As Mercury [7439-97-6]
56450-43-2	"Present ([PC019])" As Arsenic compounds [RR-00625-7]
RR-30195-1	"Present ([PC014])" As Lead compounds [RR-00630-4]
63869-03-4	"Present ([PC008])" As Mercury compounds [RR-00138-7]
60345-95-1	"Present ([PC008])" As Mercury compounds [RR-00138-7]
RR-04210-4	"Present ([PC014])" As Lead compounds [RR-00630-4]
64048-98-2	"Present ([PC019])" As Arsenic compounds [RR-00625-7]
5425-62-7	"Present ([PC019])" As Arsenic compounds [RR-00625-7]
93882-20-3	"Present ([PC008])" As Mercury compounds [RR-00138-7]
69012-65-3	"Present ([PC014])" As Lead compounds [RR-00630-4]
69011-54-7	"Present ([PC014])" As Lead compounds [RR-00630-4]
89759-80-8	"Present ([PC007])" As Cadmium compounds [RR-00559-4]
58339-34-7	"Present ([PC007])" As Cadmium compounds [RR-00559-4]
64046-74-8	"Present ([PC019])" As Arsenic compounds [RR-00625-7]
63869-05-6	"Present ([PC008])" As Mercury compounds [RR-00138-7]
583-15-3	"Present ([PC008])" As Mercury compounds [RR-00138-7]
6306-96-3	"Present ([PC019])" As Arsenic compounds [RR-00625-7]
37205-87-1	"Present ([PC016])" As Nonylphenol, ethoxylated [9016-45-9]
RR-42177-2	"Present ([PC007])" As Cadmium compounds [RR-00559-4]
68937-05-3	"Present ([PC014])" As Lead compounds [RR-00630-4]
86-85-1	"Present ([PC008])" As Mercury compounds [RR-00138-7]
69507-43-3	"Present ([PC019])" As Arsenic compounds [RR-00625-7]
622-68-4	"Present ([PC019])" As Arsenic compounds [RR-00625-7]
521947-27-3	"Present ([PC016])" As 4-Nonylphenol, branched [84852-15-3]
RR-145869-1	"Present ([PC007])" As Cadmium compounds [RR-00559-4]
90431-33-7	"Present ([PC014])" As Lead compounds [RR-00630-4]
92203-03-7	"Present ([PC010])" As Chromium hexavalent compounds [RR-00026-0]
616-99-9	"Present ([PC008])" As Mercury compounds [RR-00138-7]
4325-51-3	"Present ([PC005])" As Alkanes, C10-13, chloro [85535-84-8]
55588-51-7	"Present ([PC019])" As Arsenic compounds [RR-00625-7]
94232-49-2	"Present ([PC007])" As Cadmium compounds [RR-00559-4]
RR-12535-9	"Present ([PC014])" As Lead compounds [RR-00630-4]
52126-83-7	"Present ([PC019])" As Arsenic compounds [RR-00625-7]
RR-58785-9	"Present ([PC019])" As Arsenic compounds [RR-00625-7]
51105-45-4	"Present ([PC014])" As Lead compounds [RR-00630-4]
91031-61-7	"Present ([PC014])" As Lead compounds [RR-00630-4]
3861-75-4	"Present ([PC019])" As Arsenic compounds [RR-00625-7]
73688-85-4	"Present ([PC019])" As Arsenic compounds [RR-00625-7]
63798-88-9	"Present ([PC016])" As Nonylphenol, ethoxylated [9016-45-9]
83588-59-4	"Present ([PC010])" As Chromium hexavalent compounds [RR-00026-0]
69029-97-6	"Present ([PC019])" As Arsenic compounds [RR-00625-7];
83046-54-2	"Present ([PC015])" As Tetraethylammonium perfluorooctanesulfonate [56773-42-3]
6380-34-3	"Present ([PC019])" As Arsenic compounds [RR-00625-7]
93821-70-6	"Present ([PC014])" As Lead compounds [RR-00630-4]
68553-17-3	"Present ([PC014])" As Lead compounds [RR-00630-4]
69458-54-4	"Present ([PC015])" As Perfluorooctanesulfonic acid, potassium salt [2795-39-3]
53513-80-7	"Present ([PC014])" As Lead compounds [RR-00630-4]
51331-05-6	"Present ([PC014])" As Lead compounds [RR-00630-4]
94552-05-3	"Present ([PC014])" As Lead compounds [RR-00630-4]
5970-32-1	"Present ([PC008])" As Mercury compounds [RR-00138-7]
68956-49-0	"Present ([PC014])" As Lead compounds [RR-00630-4]
69012-56-2	"Present ([PC014])" As Lead compounds [RR-00630-4]
9067-50-9	"Present ([PC016])" As Nonylphenol, ethoxylated [9016-45-9]
68784-58-7	"Present ([PC007])" As Cadmium compounds [RR-00559-4]
55624-62-9	"Present ([PC019])" As Arsenic [7440-38-2]
39297-24-0	"Present ([PC019])" As Arsenic compounds [RR-00625-7]
73399-68-5	"Present ([PC008])" As Mercury compounds [RR-00138-7]
50641-75-3	"Present ([PC019])" As Arsenic compounds [RR-00625-7]
67465-39-8	"Present ([PC008])" As Mercury compounds [RR-00138-7]
RR-11147-7	"Present ([PC019])" As Arsenic compounds [RR-00625-7]
40334-70-1	"Present ([PC019])" As Arsenic compounds [RR-00625-7]
68442-95-5	"Present ([PC014])" As Lead compounds [RR-00630-4]
5857-37-4	"Present ([PC008])" As Mercury compounds [RR-00138-7]
63382-64-9	"Present ([PC008])" As Mercury compounds [RR-00138-7]
72437-77-5	"Present ([PC014])" As Lead compounds [RR-00630-4]
94246-90-9	"Present ([PC014])" As Lead compounds [RR-00630-4]
93839-98-6	"Present ([PC014])" As Lead compounds [RR-00630-4]
87835-30-1	"Present ([PC007])" As Cadmium compounds [RR-00559-4]
72172-64-6	"Present ([PC007])" As Cadmium compounds [RR-00559-4]
69029-78-3	"Present ([PC007])" As Cadmium compounds [RR-00559-4];
69029-55-6	"Present ([PC014])" As Lead compounds [RR-00630-4]
93858-50-5	"Present ([PC007])" As Cadmium compounds [RR-00559-4]
53404-70-9	"Present ([PC008])" As Mercury compounds [RR-00138-7]
64697-77-4	"Present ([PC008])" As Mercury compounds [RR-00138-7]
5131-56-6	"Present ([PC008])" As Mercury compounds [RR-00138-7]
RR-04012-0	"Present ([PC007])" As Cadmium compounds [RR-00559-4]
8048-07-5	"Present ([PC007])" As Cadmium compounds [RR-00559-4]
UN2570	"Present ([PC007])" As Cadmium compounds [RR-00559-4]
6107-93-3	"Present ([PC014])" As Lead compounds [RR-00630-4]
75513-04-1	"Present ([PC008])" As Mercury compounds [RR-00138-7]
69029-67-0	"Present ([PC019])" As Arsenic compounds [RR-00625-7];
57142-78-6	"Present ([PC014])" As Lead compounds [RR-00630-4]
593-88-4	"Present ([PC019])" As Arsenic compounds [RR-00625-7]
7783-59-7	"Present ([PC014])" As Lead compounds [RR-00630-4]
64049-15-6	"Present ([PC019])" As Arsenic compounds [RR-00625-7]
7778-50-9	"Present ([PC010])" As Chromium hexavalent compounds [RR-00026-0]
91388-81-7	"Present ([PC014])" As Lead compounds [RR-00630-4]
93966-38-2	"Present ([PC014])" As Lead compounds [RR-00630-4]
93892-65-0	"Present ([PC014])" As Lead compounds [RR-00630-4]
97488-85-2	"Present ([PC014])" As Lead compounds [RR-00630-4]
68956-81-0	"Present ([PC007])" As Cadmium compounds [RR-00559-4]
68309-98-8	"Present ([PC007])" As Cadmium compounds [RR-00559-4]
99148-51-3	"Present ([PC010])" As Chromium hexavalent compounds [RR-00026-0]
RR-14098-7	"Present ([PC014])" As Lead compounds [RR-00630-4]
7759-01-5	"Present ([PC014])" As Lead compounds [RR-00630-4]
7446-14-2	"Present ([PC014])" As Lead compounds [RR-00630-4]
57308-02-8	"Present ([PC016])" As Nonylphenol, ethoxylated [9016-45-9]
RR-87533-2	"Present ([PC014])" As Lead compounds [RR-00630-4]
53529-49-0	"Present ([PC016])" As Nonylphenol, ethoxylated [9016-45-9]
97404-76-7	"Present ([PC019])" As Arsenic compounds [RR-00625-7]
7790-85-4	"Present ([PC007])" As Cadmium compounds [RR-00559-4]
93894-07-6	"Present ([PC007])" As Cadmium compounds [RR-00559-4]
69011-06-9	"Present ([PC014])" As Lead compounds [RR-00630-4]
823-04-1	"Present ([PC008])" As Mercury compounds [RR-00138-7]
637-03-6	"Present ([PC019])" As Arsenic compounds [RR-00625-7]
53096-04-1	"Present ([PC014])" As Lead compounds [RR-00630-4]
90431-21-3	"Present ([PC014])" As Lead compounds [RR-00630-4]
503-80-0	"Present ([PC019])" As Arsenic compounds [RR-00625-7]
69029-93-2	"Present ([PC014])" As Lead compounds [RR-00630-4]
RR-42906-1	"Present ([PC019])" As Arsenic compounds [RR-00625-7]
82005-78-5	"Present ([PC019])" As Arsenic compounds [RR-00625-7]
RR-01997-6	"Present ([PC014])" As Lead compounds [RR-00630-4]
37297-87-3	"Present ([PC008])" As Mercury compounds [RR-00138-7]
94070-93-6	"Present ([PC008])" As Mercury compounds [RR-00138-7]
4665-55-8	"Present ([PC008])" As Mercury compounds [RR-00138-7]
69011-69-4	"Present ([PC007])" As Cadmium compounds [RR-00559-4]
628-86-4	"Present ([PC008])" As Mercury compounds [RR-00138-7]
7738-94-5	"Present ([PC010])" As Chromium hexavalent compounds [RR-00026-0]
7789-09-5	"Present ([PC010])" As Chromium hexavalent compounds [RR-00026-0]
94551-78-7	"Present ([PC014])" As Lead compounds [RR-00630-4]
378253-44-2	"Present ([PC007])" As Cadmium [7440-43-9];
7568-37-8	"Present ([PC007])" As Cadmium compounds [RR-00559-4]
97259-82-0	"Present ([PC007])" As Cadmium compounds [RR-00559-4]
37300-23-5	"Present ([PC010])" As Chromium hexavalent compounds [RR-00026-0]
39421-49-3	"Present ([PC016])" As Nonylphenol, ethoxylated [9016-45-9]
65453-05-6	"Present ([PC019])" As Arsenic compounds [RR-00625-7]
68989-89-9	"Present ([PC014])" As Lead compounds [RR-00630-4]
7790-83-2	"Present ([PC007])" As Cadmium compounds [RR-00559-4]
68892-01-3	"Present ([PC019])" As Arsenic compounds [RR-00625-7]
64697-75-2	"Present ([PC008])" As Mercury compounds [RR-00138-7]
96957-64-1	"Present ([PC016])" As Nonylphenol, ethoxylated [9016-45-9]
73548-15-9	"Present ([PC008])" As Mercury compounds [RR-00138-7]
73003-83-5	"Present ([PC019])" As Arsenic compounds [RR-00625-7]
822-13-9	"Present ([PC005])" As Alkanes, C10-13, chloro [85535-84-8]
874461-43-5	"Present ([PC016])" As Nonylphenol, ethoxylated [9016-45-9]
55939-60-1	"Present ([PC008])" As Mercury compounds [RR-00138-7]
73928-12-8	"Present ([PC008])" As Mercury compounds [RR-00138-7]
68187-56-4	"Present ([PC010])" As Chromium hexavalent compounds [RR-00026-0]
62909-81-3	"Present ([PC008])" As Mercury compounds [RR-00138-7]
69029-45-4	"Present ([PC019])" As Arsenic compounds [RR-00625-7];
62451-77-8	"Present ([PC014])" As Lead compounds [RR-00630-4]
63217-32-3	"Present ([PC019])" As Arsenic compounds [RR-00625-7]
82696-30-8	"Present ([PC014])" As Lead compounds [RR-00630-4]
85906-44-1	"Present ([PC019])" As Arsenic compounds [RR-00625-7]
68784-60-1	"Present ([PC010])" As Chromium hexavalent compounds [RR-00026-0]
68132-23-0	"Present ([PC014])" As Lead compounds [RR-00630-4]
64681-08-9	"Present ([PC007])" As Cadmium compounds [RR-00559-4]
