100-80-1	100-80-1
100-88-9	100-88-9
100-88-9	45951-45-9
10022-70-5	10022-70-5
10025-73-7	10025-73-7
10025-73-7	10060-12-5
10048-32-5	10048-32-5
101-21-3	101-21-3
101-21-3	11097-02-2
101-25-7	101-25-7
101-25-7	1234867-32-3
101-25-7	42617-17-4
101-25-7	42617-18-5
101-25-7	50337-90-1
101-25-7	52229-98-8
101-25-7	85605-18-1
101-68-8	101-68-8
101-68-8	1211266-59-9
101-68-8	1211316-64-1
101-68-8	1220313-65-4
101-68-8	1400594-70-8
101-68-8	142690-07-1
101-68-8	1533423-48-1
101-68-8	153986-89-1
101-68-8	1588489-56-8
101-68-8	201528-77-0
101-68-8	2031250-39-0
101-68-8	2056146-02-0
101-68-8	53633-14-0
101-68-8	55157-41-0
101-68-8	57460-66-9
101-68-8	77090-48-3
101-68-8	88001-94-9
101-68-8	97568-33-7
10101-53-8	10031-37-5
10101-53-8	10101-53-8
10101-53-8	15244-38-9
10101-53-8	39378-25-1
10141-00-1	10141-00-1
10141-00-1	14766-82-6
10141-00-1	7788-99-0
10141-00-1	81827-72-7
10141-00-1	81827-73-8
10163-15-2	10163-15-2
102-50-1	102-50-1
102-71-6	102-71-6
102-71-6	105655-27-4
102-71-6	126068-67-5
102-71-6	36549-53-8
102-71-6	36549-54-9
102-71-6	36549-55-0
102-71-6	36659-79-7
102-71-6	464917-26-8
103-03-7	103-03-7
103-23-1	103-23-1
103-23-1	39393-67-4
103-23-1	63637-48-9
103-23-1	70147-21-6
103-33-3	103-33-3
103-33-3	1080-16-6
103-33-3	17082-12-1
103-90-2	103-90-2
103-90-2	22-82-2
103-90-2	719293-04-6
103-90-2	8055-08-1
10380-28-6	10380-28-6
10380-28-6	1135443-76-3
10380-28-6	132-71-8
10380-28-6	29713-19-7
10380-28-6	37220-44-3
10380-28-6	37233-52-6
10380-28-6	47110-30-5
104-94-9	104-94-9
104-94-9	1619933-04-8
105-11-3	105-11-3
105-55-5	105-55-5
105-55-5	27598-95-4
105-60-2	105-60-2
105-60-2	117955-36-9
105-60-2	168214-28-6
105-60-2	2953-03-9
105-60-2	32838-21-4
105-60-2	32838-23-6
105-60-2	34876-18-1
105-74-8	105-74-8
10599-90-3	10599-90-3
10599-90-3	1428979-51-4
106-42-3	106-42-3
106-50-3	106-50-3
106-50-3	56481-76-6
106-50-3	82785-55-5
106-51-4	106-51-4
106-51-4	UN2587
1066-30-4	1066-30-4
1066-30-4	25013-82-5
107-05-1	107-05-1
107-05-1	UN1100
107-14-2	107-14-2
107-14-2	1867-10-3
107-14-2	UN2668
1072-52-2	1072-52-2
108-20-3	108-20-3
108-20-3	UN1159
108-30-5	108-30-5
108-30-5	1123596-58-6
108-38-3	108-38-3
108-45-2	108-45-2
108-45-2	1266121-34-9
108-45-2	1274866-89-5
108-46-3	108-46-3
108-46-3	UN2876
108-60-1	108-60-1
108-60-1	52438-91-2
108-60-1	UN2490
108-88-3	1053657-77-4
108-88-3	108-88-3
108-88-3	1124-18-1
108-88-3	1202864-97-8
108-88-3	1603-99-2
108-88-3	2037-26-5
108-88-3	UN1294
108-91-8	108-91-8
108-91-8	143247-75-0
108-91-8	1533423-50-5
108-91-8	157973-60-9
108-91-8	UN2357
108-94-1	1006-03-7
108-94-1	108-94-1
108-94-1	UN1915
108-95-2	108-95-2
108-95-2	13127-88-3
108-95-2	14534-23-7
108-95-2	50356-25-7
108-95-2	8002-07-1
108-95-2	UN2312
108-99-6	108-99-6
108-99-6	82005-08-1
110-57-6	110-57-6
110-91-8	110-91-8
110-91-8	147366-31-2
110-91-8	854893-20-2
110-91-8	88542-81-8
110-91-8	96122-95-1
110-91-8	99108-56-2
110-91-8	UN2054
11032-49-8	11032-49-8
111-44-4	111-44-4
111-44-4	92091-28-6
111-44-4	UN1916
111-76-2	107461-82-5
111-76-2	111-76-2
111-76-2	161279-90-9
11104-38-4	11104-38-4
11114-46-8	11114-46-8
111189-32-3	111189-32-3
112926-00-8	112926-00-8
112926-00-8	112945-53-6
112945-52-5	112945-52-5
1133-64-8	1133-64-8
1143-38-0	1143-38-0
1143-38-0	480-22-8
115-07-1	115-07-1
115-07-1	33004-01-2
115-07-1	676-63-1
115-07-1	UN1077
115-32-2	115-32-2
115-32-2	55599-54-7
115-96-8	115-96-8
115-96-8	21343-84-0
116-06-3	116-06-3
1163-19-5	109945-70-2
1163-19-5	1163-19-5
1163-19-5	1201677-32-8
1163-19-5	145538-74-5
117-39-5	117-39-5
117-39-5	6151-25-3
117-39-5	73123-10-1
117-39-5	74893-81-5
117-79-3	117-79-3
118-92-3	118-92-3
118-92-3	80206-34-4
118-96-7	118-96-7
118399-22-7	118399-22-7
119-34-6	119-34-6
120-58-1	120-58-1
120-58-1	191281-03-5
12001-79-5	12001-79-5
12018-18-7	12018-18-7
121-66-4	121-66-4
121-66-4	8017-93-4
121-66-4	8023-00-5
121-69-7	121-69-7
121-69-7	162744-63-0
121-69-7	168153-21-7
121-69-7	171745-67-8
121-73-3	121-73-3
121-88-0	121-88-0
12122-67-7	12122-67-7
12122-67-7	12673-65-3
12122-67-7	1360-39-0
12122-67-7	14039-25-9
12122-67-7	142-14-3
12122-67-7	14242-12-7
12122-67-7	14460-17-4
12122-67-7	20316-44-3
12122-67-7	21512-95-8
12122-67-7	39357-09-0
12122-67-7	70066-35-2
12122-67-7	84653-18-9
12173-10-3	12173-10-3
12173-98-7	11089-71-7
12173-98-7	12173-98-7
12173-98-7	58450-09-2
12174-11-7	12174-11-7
12174-11-7	12174-28-6
12174-11-7	1337-76-4
12174-11-7	137546-91-9
12174-11-7	37189-50-7
12174-11-7	61180-55-0
12174-11-7	64418-16-2
12174-11-7	71396-54-8
12174-18-4	12174-18-4
12192-57-3	12192-57-3
122-34-9	11141-20-1
122-34-9	119603-94-0
122-34-9	122-34-9
122-34-9	12764-71-5
122-34-9	39291-64-0
122-42-9	122-42-9
122320-73-4	122320-73-4
12271-42-0	12271-42-0
123-31-9	123-31-9
123-31-9	57534-13-1
123-31-9	8027-02-9
123-33-1	10071-13-3
123-33-1	123-33-1
123-33-1	220787-04-2
123-33-1	48100-18-1
123-33-1	5425-79-6
123-33-1	66988-32-7
123-33-1	92335-53-0
123-73-9	123-73-9
12336-95-7	12336-95-7
12336-95-7	39380-78-4
12336-95-7	72993-54-5
12394-14-8	12394-14-8
124-48-1	124-48-1
124-48-1	93951-99-6
124-64-1	124-64-1
124-64-1	2245-60-5
12427-38-2	11004-49-2
12427-38-2	12125-33-6
12427-38-2	12427-38-2
12427-38-2	133317-06-3
12427-38-2	20316-06-7
12427-38-2	28355-56-8
12427-38-2	301-03-1
12427-38-2	UN2210
12427-38-2	UN2968
12445-20-4	12445-20-4
125612-26-2	125612-26-2
12629-02-6	12629-02-6
12663-46-6	12663-46-6
127-07-1	127-07-1
127-69-5	127-69-5
127-69-5	207522-06-3
128-37-0	102962-45-8
128-37-0	128-37-0
128-37-0	1394965-02-6
128-37-0	1456709-94-6
128-37-0	1847425-90-4
128-37-0	2055662-96-7
128-37-0	259752-53-9
128-37-0	290348-23-1
128-37-0	338986-13-3
128-37-0	36631-28-4
128-37-0	42615-30-5
128-37-0	50356-19-9
128-37-0	50641-99-1
128-37-0	52683-46-2
128-37-0	53571-70-3
128-37-0	58500-82-6
128-37-0	83047-16-9
128-37-0	97123-41-6
128-44-9	128-44-9
128-44-9	38279-26-4
128-44-9	6155-57-3
128-44-9	82385-42-0
128-66-5	115685-46-6
128-66-5	12772-52-0
128-66-5	128-66-5
128-66-5	39280-74-5
128-66-5	662165-69-7
129-00-0	129-00-0
129-00-0	76165-23-6
129-17-9	129-17-9
129-17-9	220750-19-6
129-17-9	66554-69-6
129-17-9	81604-53-7
129-17-9	856315-34-9
129-20-4	129-20-4
129-20-4	7081-38-1
130-37-0	130-37-0
130-37-0	1609539-69-6
130-37-0	8012-53-1
130-37-0	8017-97-8
130-37-0	8028-24-8
130-37-0	8053-08-5
13007-92-6	13007-92-6
13007-92-6	13930-94-4
13007-92-6	51053-45-3
13007-92-6	848779-19-1
13045-94-8	13045-94-8
1308-06-1	1308-06-1
1308-06-1	1481694-62-5
1308-14-1	1308-14-1
1308-31-2	1308-31-2
1308-38-9	1093852-36-8
1308-38-9	12182-82-0
1308-38-9	1229022-62-1
1308-38-9	12689-83-7
1308-38-9	1308-38-9
1308-38-9	144855-63-0
1308-38-9	1610419-57-2
1308-38-9	164057-73-2
1308-38-9	165589-75-3
1308-38-9	185464-26-0
1308-38-9	196696-68-1
1308-38-9	294202-64-5
1308-38-9	499126-69-1
1308-38-9	960246-23-5
1309-37-1	110736-41-9
1309-37-1	1115688-11-3
1309-37-1	1146982-11-7
1309-37-1	118277-31-9
1309-37-1	12000-93-0
1309-37-1	12002-17-4
1309-37-1	1210992-56-5
1309-37-1	12227-87-1
1309-37-1	12259-21-1
1309-37-1	129131-59-5
1309-37-1	1309-37-1
1309-37-1	131874-41-4
1309-37-1	1343-09-5
1309-37-1	135507-53-8
1309-37-1	1382787-02-1
1309-37-1	1397708-80-3
1309-37-1	1430053-95-4
1309-37-1	147229-90-1
1309-37-1	147229-91-2
1309-37-1	160186-10-7
1309-37-1	177715-24-1
1309-37-1	185464-44-2
1309-37-1	188357-78-0
1309-37-1	220787-06-4
1309-37-1	253310-52-0
1309-37-1	448923-71-5
1309-37-1	60880-86-6
1309-37-1	65455-44-9
1309-37-1	65637-71-0
1309-37-1	741267-31-2
1309-37-1	8011-97-0
1309-37-1	8049-50-1
1309-37-1	88528-26-1
1309-37-1	90452-21-4
131-13-5	131-13-5
131-79-3	131-79-3
1317-42-6	1317-42-6
1317-60-8	1317-60-8
1317-86-8	1317-86-8
1318-02-1	100215-47-2
1318-02-1	128280-69-3
1318-02-1	1318-02-1
1318-02-1	137699-71-9
1318-02-1	144046-74-2
1318-02-1	151821-43-1
1318-02-1	180616-09-5
1318-02-1	180616-10-8
1318-02-1	180616-11-9
1318-02-1	211990-23-7
1318-02-1	37305-72-9
1318-02-1	50809-51-3
1318-02-1	52349-29-8
1318-02-1	53025-48-2
1318-02-1	53060-43-8
1318-02-1	53569-61-2
1318-02-1	53789-62-1
1318-02-1	54693-40-2
1318-02-1	54824-24-7
1318-02-1	56747-83-2
1318-02-1	61710-45-0
1318-02-1	75216-11-4
1318-02-1	76774-74-8
1318-02-1	85117-23-3
1318-02-1	85117-24-4
1318-02-1	88813-85-8
1318-02-1	91082-97-2
1318-02-1	91082-98-3
132-65-0	132-65-0
1321-12-6	1321-12-6
1321-12-6	88-72-2
1321-12-6	UN1664
1321-12-6	UN3446
13292-46-1	13292-46-1
133-06-2	120528-25-8
133-06-2	1321-42-2
133-06-2	133-06-2
133-06-2	37335-15-2
1330-20-7	1330-20-7
1330-20-7	56004-61-6
1330-20-7	8026-09-3
1330-20-7	UN1307
1335-32-6	1335-32-6
1338-16-5	1338-16-5
134-32-7	12262-09-8
134-32-7	134-32-7
134-32-7	UN2077
1345-04-6	1345-04-6
1345-04-6	2379331-66-3
1345-04-6	28767-59-1
1345-04-6	64553-20-4
1345-04-6	73912-61-5
13483-18-6	13483-18-6
135-88-6	135-88-6
135-88-6	52907-17-2
135-88-6	84420-28-0
13537-21-8	13537-21-8
13548-38-4	13548-38-4
13548-38-4	20249-21-2
13548-38-4	7789-02-8
13548-38-4	UN2720
136677-09-3	136677-09-3
136677-09-3	1746-01-6
136677-09-3	29446-15-9
136677-09-3	30746-58-8
136677-09-3	33423-92-6
136677-09-3	33857-28-2
136677-09-3	34465-46-8
136677-09-3	34816-53-0
136677-09-3	36088-22-9
136677-09-3	37871-00-4
136677-09-3	38178-38-0
136677-09-3	38964-22-6
136677-09-3	39227-58-2
136677-09-3	39227-61-7
136677-09-3	39227-62-8
136677-09-3	40581-90-6
136677-09-3	40581-91-7
136677-09-3	40581-93-9
136677-09-3	40581-94-0
136677-09-3	41903-57-5
136677-09-3	50585-39-2
136677-09-3	50585-46-1
136677-09-3	53555-02-5
136677-09-3	54536-17-3
136677-09-3	58200-66-1
136677-09-3	58200-67-2
136677-09-3	58200-68-3
136677-09-3	58200-69-4
136677-09-3	58200-70-7
136677-09-3	58802-08-7
136677-09-3	58802-09-8
136677-09-3	58802-51-0
136677-09-3	62470-53-5
136677-09-3	62470-54-6
136677-09-3	64461-98-9
136677-09-3	64501-00-4
136677-09-3	67028-17-5
136677-09-3	67028-18-6
136677-09-3	67028-19-7
136677-09-3	67323-56-2
136677-09-3	71665-99-1
136677-09-3	71669-23-3
136677-09-3	71669-24-4
136677-09-3	71669-25-5
136677-09-3	71669-26-6
136677-09-3	71669-27-7
136677-09-3	71669-28-8
136677-09-3	71669-29-9
136677-09-3	71925-15-0
136677-09-3	71925-16-1
136677-09-3	71925-17-2
136677-09-3	71998-76-0
136677-09-3	82291-28-9
136677-09-3	82291-34-7
136677-09-3	82291-35-8
136677-09-3	82291-36-9
136677-09-3	82291-37-0
136677-09-3	82291-38-1
136677-09-3	82306-65-8
136677-10-6	136677-10-6
136677-10-6	24478-72-6
136677-10-6	24478-73-7
136677-10-6	24478-74-8
136677-10-6	30402-14-3
136677-10-6	30402-15-4
136677-10-6	38998-75-3
136677-10-6	43047-99-0
136677-10-6	43048-00-6
136677-10-6	5409-83-6
136677-10-6	54589-71-8
136677-10-6	55684-94-1
136677-10-6	57117-31-4
136677-10-6	57117-32-5
136677-10-6	57117-33-6
136677-10-6	57117-34-7
136677-10-6	57117-35-8
136677-10-6	57117-36-9
136677-10-6	57117-37-0
136677-10-6	57117-38-1
136677-10-6	57117-39-2
136677-10-6	57117-40-5
136677-10-6	57117-42-7
136677-10-6	57117-43-8
136677-10-6	58802-14-5
136677-10-6	58802-15-6
136677-10-6	58802-16-7
136677-10-6	58802-17-8
136677-10-6	58802-18-9
136677-10-6	58802-19-0
136677-10-6	58802-20-3
136677-10-6	58802-21-4
136677-10-6	60390-27-4
136677-10-6	62615-08-1
136677-10-6	64126-85-8
136677-10-6	64126-86-9
136677-10-6	64126-87-0
136677-10-6	64560-13-0
136677-10-6	64560-14-1
136677-10-6	64560-15-2
136677-10-6	64560-16-3
136677-10-6	64560-17-4
136677-10-6	66794-59-0
136677-10-6	67517-48-0
136677-10-6	67562-40-7
136677-10-6	69433-00-7
136677-10-6	69698-57-3
136677-10-6	69698-58-4
136677-10-6	69698-59-5
136677-10-6	69698-60-8
136677-10-6	70648-13-4
136677-10-6	70648-14-5
136677-10-6	70648-15-6
136677-10-6	70648-16-7
136677-10-6	70648-18-9
136677-10-6	70648-19-0
136677-10-6	70648-20-3
136677-10-6	70648-21-4
136677-10-6	70648-22-5
136677-10-6	70648-23-6
136677-10-6	70648-24-7
136677-10-6	70648-25-8
136677-10-6	70872-82-1
136677-10-6	71998-72-6
136677-10-6	71998-73-7
136677-10-6	71998-74-8
136677-10-6	71998-75-9
136677-10-6	74918-40-4
136677-10-6	74992-97-5
136677-10-6	74992-98-6
136677-10-6	75198-38-8
136677-10-6	75627-02-0
136677-10-6	76621-12-0
136677-10-6	79060-60-9
136677-10-6	81638-37-1
136677-10-6	82911-58-8
136677-10-6	82911-59-9
136677-10-6	82911-60-2
136677-10-6	82911-61-3
136677-10-6	83636-47-9
136677-10-6	83690-98-6
136677-10-6	83704-21-6
136677-10-6	83704-22-7
136677-10-6	83704-23-8
136677-10-6	83704-24-9
136677-10-6	83704-25-0
136677-10-6	83704-26-1
136677-10-6	83704-27-2
136677-10-6	83704-28-3
136677-10-6	83704-29-4
136677-10-6	83704-30-7
136677-10-6	83704-31-8
136677-10-6	83704-32-9
136677-10-6	83704-33-0
136677-10-6	83704-34-1
136677-10-6	83704-35-2
136677-10-6	83704-36-3
136677-10-6	83704-37-4
136677-10-6	83704-38-5
136677-10-6	83704-39-6
136677-10-6	83704-40-9
136677-10-6	83704-41-0
136677-10-6	83704-42-1
136677-10-6	83704-43-2
136677-10-6	83704-44-3
136677-10-6	83704-45-4
136677-10-6	83704-46-5
136677-10-6	83704-47-6
136677-10-6	83704-48-7
136677-10-6	83704-49-8
136677-10-6	83704-50-1
136677-10-6	83704-51-2
136677-10-6	83704-52-3
136677-10-6	83704-53-4
136677-10-6	83704-54-5
136677-10-6	83704-55-6
136677-10-6	83710-07-0
136677-10-6	83719-40-8
136677-10-6	89059-46-1
136677-10-6	91538-83-9
136677-10-6	91538-84-0
136677-10-6	92341-04-3
136677-10-6	92341-05-4
136677-10-6	92341-06-5
136677-10-6	92341-07-6
136677-10-6	94538-00-8
136677-10-6	94538-01-9
136677-10-6	94538-02-0
136677-10-6	94570-83-9
137-17-7	137-17-7
137-26-8	1135443-08-1
137-26-8	12680-07-8
137-26-8	12680-62-5
137-26-8	137-26-8
137-26-8	200889-05-0
137-26-8	39456-80-9
137-26-8	56645-31-9
137-26-8	66173-72-6
137-26-8	92481-09-9
137-26-8	93196-73-7
137-30-4	1079126-29-6
137-30-4	111922-61-3
137-30-4	1135443-10-5
137-30-4	12768-61-5
137-30-4	12773-04-5
137-30-4	137-30-4
137-30-4	14459-91-7
137-30-4	17125-91-6
137-30-4	19488-81-4
137-30-4	31300-71-7
137-30-4	50933-80-7
137-30-4	55870-88-7
137-30-4	8059-74-3
137-30-4	8070-07-3
137-30-4	98391-07-2
138-59-0	138-59-0
13840-33-0	13840-33-0
13840-33-0	142857-18-9
13840-33-0	UN1471
139-05-9	139-05-9
139-05-9	53170-91-5
139-05-9	61373-78-2
139-06-0	1259371-75-9
139-06-0	139-06-0
139-06-0	201280-50-4
139-94-6	139-94-6
13983-17-0	10101-39-0
13983-17-0	13983-17-0
13983-17-0	57657-07-5
13983-17-0	9056-30-8
140-11-4	140-11-4
140-56-7	140-56-7
1401-55-4	1041198-33-7
1401-55-4	1041198-44-0
1401-55-4	1401-55-4
1401-55-4	61790-06-5
1401-55-4	67167-65-1
1401-55-4	73891-88-0
1401-55-4	93615-37-3
141-32-2	126492-54-4
141-32-2	141-32-2
141-32-2	1453490-09-9
141-32-2	220713-31-5
141-37-7	141-37-7
143-67-9	143-67-9
144-34-3	11140-61-7
144-34-3	144-34-3
14426-28-9	14426-28-9
14484-64-1	1135443-06-9
14484-64-1	13494-27-4
14484-64-1	14484-64-1
14484-64-1	301-05-3
14484-64-1	64070-92-4
14542-23-5	14542-23-5
14542-23-5	7789-75-5
148-18-5	1086257-94-4
148-18-5	1240386-50-8
148-18-5	143189-63-3
148-18-5	148-18-5
148-18-5	149099-81-0
148-18-5	19622-06-1
148-18-5	20624-25-3
148-24-3	123574-67-4
148-24-3	148-24-3
148-24-3	24804-14-6
149-29-1	149-29-1
150-13-0	150-13-0
150-13-0	8014-65-1
150-68-5	150-68-5
150-69-6	150-69-6
15086-94-9	1043892-09-6
15086-94-9	113601-31-3
15086-94-9	15086-94-9
15086-94-9	152-75-0
15086-94-9	19052-67-6
15086-94-9	30495-79-5
15086-94-9	342043-92-9
15086-94-9	477-63-4
15086-94-9	722454-16-2
15086-94-9	732983-53-8
15086-94-9	859629-60-0
15501-74-3	15501-74-3
15503-86-3	15503-86-3
156-10-5	156-10-5
156-51-4	156-51-4
15652-65-0	15652-65-0
15721-02-5	15721-02-5
15798-64-8	15798-64-8
1582-09-8	1582-09-8
1582-09-8	39300-53-3
1582-09-8	52627-52-8
1582-09-8	61373-95-3
1582-09-8	71281-30-6
1582-09-8	75635-23-3
1600-27-7	148333-06-6
1600-27-7	1600-27-7
1600-27-7	19701-15-6
1600-27-7	6129-23-3
1600-27-7	7619-62-7
1600-27-7	UN1629
16568-02-8	16568-02-8
16731-55-8	16731-55-8
16731-55-8	4429-42-9
1675-54-3	1018476-17-9
1675-54-3	116161-20-7
1675-54-3	1226906-55-3
1675-54-3	1253646-32-0
1675-54-3	1416960-74-1
1675-54-3	1608493-63-5
1675-54-3	1645304-11-5
1675-54-3	1675-54-3
1675-54-3	170962-54-6
1675-54-3	1826890-03-2
1675-54-3	1826890-16-7
1675-54-3	220756-60-5
1675-54-3	47424-12-4
1675-54-3	64339-51-1
1675-54-3	85101-00-4
1689-82-3	1689-82-3
16893-85-9	1202391-51-2
16893-85-9	12656-12-1
16893-85-9	1310-02-7
16893-85-9	1344-04-3
16893-85-9	1360896-72-5
16893-85-9	16893-85-9
16893-85-9	221174-64-7
16893-85-9	39413-34-8
16893-85-9	UN2674
16961-83-4	1202864-64-9
16961-83-4	12672-67-2
16961-83-4	1309-45-1
16961-83-4	16961-83-4
16961-83-4	UN1778
1705-85-7	1705-85-7
1706-01-0	1706-01-0
17140-81-7	17140-81-7
17372-87-1	122199-14-8
17372-87-1	12777-83-2
17372-87-1	1340-15-4
17372-87-1	17372-87-1
17372-87-1	198831-98-0
17372-87-1	37361-24-3
17372-87-1	528838-89-3
17372-87-1	548-26-5
17372-87-1	56588-87-5
17372-87-1	658700-91-5
17372-87-1	84932-33-2
17372-87-1	95917-83-2
17924-92-4	17924-92-4
17924-92-4	18695-28-8
1811-28-5	1811-28-5
1811-28-5	2058-34-6
18307-23-8	18307-23-8
191-07-1	191-07-1
191-24-2	191-24-2
191-26-4	191-26-4
1912-24-9	11121-31-6
1912-24-9	12040-45-8
1912-24-9	12797-72-7
1912-24-9	1912-24-9
1912-24-9	39400-72-1
1912-24-9	69771-31-9
1912-24-9	93616-39-8
1918-02-1	1918-02-1
192-47-2	192-47-2
192-51-8	192-51-8
192-65-4	192-65-4
192-97-2	192-97-2
193-09-9	193-09-9
1936-15-8	1936-15-8
1936-15-8	53988-80-0
19408-74-3	19408-74-3
1954-28-5	1954-28-5
196-78-1	196-78-1
198-55-0	198-55-0
198-55-0	733006-66-1
198-55-0	77392-71-3
1981-58-4	1981-58-4
20073-24-9	20073-24-9
202-94-8	202-94-8
202-98-2	202-98-2
20265-97-8	20265-97-8
20268-51-3	20268-51-3
203-12-3	203-12-3
203-20-3	203-20-3
203-33-8	203-33-8
205-12-9	205-12-9
20589-63-3	20589-63-3
206-44-0	206-44-0
206-44-0	93951-69-0
2068-78-2	2068-78-2
207-83-0	207-83-0
20941-65-5	105425-53-4
20941-65-5	107129-43-1
20941-65-5	109973-85-5
20941-65-5	116836-04-5
20941-65-5	12367-49-6
20941-65-5	20941-65-5
20941-65-5	30145-38-1
20941-65-5	35745-75-6
20941-65-5	84135-96-6
211-91-6	211-91-6
21259-20-1	21259-20-1
213-46-7	213-46-7
214-17-5	214-17-5
21436-96-4	21436-96-4
21436-97-5	21436-97-5
215-58-7	215-58-7
2164-17-2	2164-17-2
2168-68-5	2168-68-5
217-59-4	217-59-4
21884-44-6	21884-44-6
21908-53-2	1344-45-2
21908-53-2	21908-53-2
21908-53-2	8028-34-0
22031-17-0	22031-17-0
22349-59-3	22349-59-3
224-41-9	224-41-9
2243-62-1	2243-62-1
22464-76-2	22464-76-2
225-11-6	225-11-6
225-51-4	225-51-4
22571-95-5	22571-95-5
22966-79-6	22966-79-6
22975-76-4	22975-76-4
2303-16-4	2303-16-4
2318-18-5	2318-18-5
23255-69-8	23255-69-8
23255-93-8	23255-93-8
23282-20-4	23282-20-4
2353-45-9	13083-10-8
2353-45-9	2353-45-9
23537-16-8	23537-16-8
23537-16-8	2530-37-2
23746-34-1	23746-34-1
238-84-6	238-84-6
2386-90-5	2386-90-5
2386-90-5	4186-37-2
2386-90-5	4186-38-3
239-35-0	239-35-0
2425-85-6	12238-48-1
2425-85-6	12240-01-6
2425-85-6	12240-02-7
2425-85-6	2425-85-6
2425-85-6	39310-30-0
2425-85-6	78690-69-4
243-17-4	243-17-4
2432-99-7	2432-99-7
2437-29-8	2437-29-8
2443-39-2	2443-39-2
2443-39-2	52275-14-6
24938-64-5	24938-64-5
25013-15-4	1202865-10-8
25013-15-4	1216569-45-7
25013-15-4	1321-45-5
25013-15-4	25013-15-4
25013-15-4	UN2618
25035-37-4	25035-37-4
25038-54-4	100358-60-9
25038-54-4	100630-72-6
25038-54-4	101040-78-2
25038-54-4	101802-49-7
25038-54-4	102087-80-9
25038-54-4	104382-12-9
25038-54-4	104625-30-1
25038-54-4	104841-38-5
25038-54-4	106282-84-2
25038-54-4	106282-95-5
25038-54-4	110494-25-2
25038-54-4	11099-94-8
25038-54-4	11111-62-9
25038-54-4	11111-63-0
25038-54-4	11132-75-5
25038-54-4	122636-27-5
25038-54-4	126902-77-0
25038-54-4	134376-77-5
25038-54-4	136626-11-4
25038-54-4	137262-47-6
25038-54-4	142902-06-5
25038-54-4	142902-07-6
25038-54-4	142986-06-9
25038-54-4	146090-66-6
25038-54-4	151821-11-3
25038-54-4	156858-82-1
25038-54-4	158707-65-4
25038-54-4	162535-01-5
25038-54-4	165245-55-6
25038-54-4	168214-29-7
25038-54-4	170137-46-9
25038-54-4	173833-13-1
25038-54-4	177729-55-4
25038-54-4	183076-03-1
25038-54-4	183868-90-8
25038-54-4	194554-38-6
25038-54-4	202075-85-2
25038-54-4	211565-20-7
25038-54-4	212134-17-3
25038-54-4	25038-54-4
25038-54-4	253199-32-5
25038-54-4	26617-19-6
25038-54-4	275800-61-8
25038-54-4	28156-01-6
25038-54-4	296244-12-7
25038-54-4	327023-31-4
25038-54-4	37229-27-9
25038-54-4	37340-00-4
25038-54-4	37340-27-5
25038-54-4	39291-17-3
25038-54-4	39373-66-5
25038-54-4	39373-85-8
25038-54-4	50809-29-5
25038-54-4	50922-44-6
25038-54-4	50934-80-0
25038-54-4	51022-83-4
25038-54-4	51273-92-8
25038-54-4	51281-45-9
25038-54-4	51374-42-6
25038-54-4	51910-34-0
25038-54-4	53529-15-0
25038-54-4	54242-04-5
25038-54-4	54242-05-6
25038-54-4	54242-06-7
25038-54-4	54242-07-8
25038-54-4	54242-08-9
25038-54-4	54242-09-0
25038-54-4	54650-52-1
25038-54-4	56257-61-5
25038-54-4	58391-58-5
25038-54-4	58516-11-3
25038-54-4	59678-60-3
25038-54-4	60156-66-3
25038-54-4	60408-11-9
25038-54-4	60408-12-0
25038-54-4	61287-61-4
25038-54-4	61585-19-1
25038-54-4	62046-56-4
25038-54-4	62494-03-5
25038-54-4	63310-21-4
25038-54-4	67016-36-8
25038-54-4	67255-49-6
25038-54-4	68856-73-5
25038-54-4	69523-39-3
25038-54-4	69553-12-4
25038-54-4	69553-13-5
25038-54-4	69553-14-6
25038-54-4	70431-27-5
25038-54-4	70431-28-6
25038-54-4	72994-38-8
25038-54-4	74239-08-0
25038-54-4	74695-72-0
25038-54-4	75285-01-7
25038-54-4	78449-46-4
25038-54-4	81628-13-9
25038-54-4	82601-29-4
25038-54-4	87609-54-9
25038-54-4	88233-03-8
25038-54-4	88233-08-3
25038-54-4	88651-10-9
25038-54-4	88652-06-6
25038-54-4	9011-41-0
25038-54-4	9011-56-7
25038-54-4	9012-24-2
25038-54-4	9012-86-6
25038-54-4	9037-05-2
25038-54-4	9044-67-1
25038-54-4	9050-92-4
25038-54-4	9051-07-4
25038-54-4	9051-10-9
25038-54-4	9081-61-2
25038-54-4	9084-77-9
25038-54-4	936620-20-1
25038-54-4	936620-22-3
25038-54-4	94336-21-7
25151-36-4	25151-36-4
25167-93-5	100-00-5
25167-93-5	25167-93-5
25167-93-5	88-73-3
25167-93-5	UN1578
25167-93-5	UN3409
25732-74-5	25732-74-5
25812-30-0	25812-30-0
26125-61-1	26125-61-1
262-12-4	262-12-4
26308-28-1	26308-28-1
26447-40-5	12125-47-2
26447-40-5	156580-59-5
26447-40-5	2536-05-2
26447-40-5	26447-40-5
26447-40-5	28515-38-0
26447-40-5	327155-87-3
26447-40-5	5873-54-1
26447-40-5	65916-89-4
2650-18-2	1334-07-2
2650-18-2	2650-18-2
2650-18-2	29519-65-1
2650-18-2	37307-55-4
2650-18-2	37307-56-5
2650-18-2	37307-78-1
2650-18-2	511534-54-6
2650-18-2	51609-24-6
2650-18-2	55819-29-9
2650-18-2	86924-52-9
2650-18-2	99149-43-6
26782-43-4	26782-43-4
2757-90-6	2757-90-6
2783-94-0	12707-27-6
2783-94-0	1342-61-6
2783-94-0	2783-94-0
2832-40-8	12227-01-9
2832-40-8	12238-70-9
2832-40-8	2832-40-8
2832-40-8	66057-65-6
2835-39-4	2835-39-4
2871-01-4	2871-01-4
29069-24-7	29069-24-7
29291-35-8	29291-35-8
2955-38-6	152477-89-9
2955-38-6	2955-38-6
298-00-0	298-00-0
298-00-0	37359-35-6
298-00-0	63653-66-7
29975-16-4	29975-16-4
301-04-2	301-04-2
301-04-2	UN1616
3018-12-0	3018-12-0
30310-80-6	30310-80-6
304-20-1	1202866-95-2
304-20-1	304-20-1
304-20-1	40671-54-3
308068-56-6	308068-56-6
308068-56-6	RR-114192-0
308068-56-6	RR-120814-6
308068-56-6	RR-128284-4
308068-56-6	RR-142912-5
308068-56-6	RR-190091-0
3105-97-3	3105-97-3
3118-97-6	3118-97-6
314-13-6	179472-53-8
314-13-6	314-13-6
315-18-4	315-18-4
315-18-4	39373-86-9
3173-72-6	3173-72-6
3268-87-9	3268-87-9
33229-34-4	33229-34-4
334-88-3	16835-99-7
334-88-3	334-88-3
334-88-3	463-60-5
334-88-3	62024-16-2
3351-28-8	3351-28-8
3351-30-2	3351-30-2
3351-31-3	3351-31-3
3351-32-4	3351-32-4
33543-31-6	33543-31-6
33857-26-0	33857-26-0
3567-69-9	161628-33-7
3567-69-9	337505-21-2
3567-69-9	3567-69-9
3567-69-9	65721-85-9
35822-46-9	35822-46-9
37620-20-5	37620-20-5
3778-73-2	3778-73-2
3844-45-9	1314116-65-8
3844-45-9	145087-80-5
3844-45-9	3844-45-9
3844-45-9	511534-53-5
3844-45-9	70992-30-2
3844-45-9	73319-02-5
3844-45-9	82526-32-7
3844-45-9	83155-13-9
38571-73-2	38571-73-2
39001-02-0	39001-02-0
3902-71-4	3902-71-4
39227-28-6	39227-28-6
39686-78-7	39686-78-7
39734-92-4	39734-92-4
40321-76-4	40321-76-4
4063-41-6	4063-41-6
40762-15-0	40762-15-0
420-12-2	420-12-2
439-14-5	11100-37-1
439-14-5	439-14-5
439-14-5	53320-84-6
4548-53-2	4548-53-2
4657-93-6	4657-93-6
4680-78-8	260057-95-2
4680-78-8	4680-78-8
480-54-6	480-54-6
480-81-9	480-81-9
481-85-6	481-85-6
492-17-1	492-17-1
493-52-7	493-52-7
494-38-2	494-38-2
49658-21-1	49658-21-1
50-33-9	4297-92-1
50-33-9	50-33-9
50-41-9	50-41-9
50-44-2	50-44-2
50-55-5	1407-38-1
50-55-5	141099-49-2
50-55-5	50-55-5
50-55-5	8048-25-7
50-55-5	873409-80-4
50-76-0	1402-51-3
50-76-0	1402-58-0
50-76-0	50-76-0
501-30-4	123712-78-7
501-30-4	501-30-4
51-02-5	51-02-5
51-03-6	12750-92-4
51-03-6	51-03-6
51-18-3	51-18-3
51-21-8	1004-03-1
51-21-8	4921-97-5
51-21-8	51-21-8
51-21-8	79108-01-3
51-71-8	51-71-8
510-15-6	510-15-6
51207-31-9	51207-31-9
5131-60-2	5131-60-2
5141-20-8	4857-83-4
5141-20-8	5141-20-8
51481-10-8	51481-10-8
51481-61-9	51481-61-9
5160-02-1	12237-52-4
5160-02-1	12238-39-0
5160-02-1	12238-41-4
5160-02-1	12238-43-6
5160-02-1	24777-23-9
5160-02-1	5160-02-1
5160-02-1	52627-68-6
5160-02-1	68894-03-1
51630-58-1	131641-62-8
51630-58-1	51630-58-1
51786-53-9	51786-53-9
518-75-2	518-75-2
51877-74-8	51877-74-8
52-01-7	1050678-93-7
52-01-7	1436392-20-9
52-01-7	496916-40-6
52-01-7	52-01-7
52-46-0	52-46-0
52-68-6	37333-09-8
52-68-6	50924-44-2
52-68-6	52-68-6
52-68-6	56042-25-2
52-68-6	66758-31-4
520-18-3	520-18-3
52221-67-7	52221-67-7
52221-67-7	55818-97-8
523-44-4	523-44-4
523-44-4	67621-51-6
523-44-4	67621-59-4
523-50-2	523-50-2
52341-32-9	52341-32-9
52341-33-0	52341-33-0
52645-53-1	52645-53-1
52645-53-1	57608-04-5
52645-53-1	60018-94-2
52645-53-1	63364-00-1
52645-53-1	75497-64-2
52645-53-1	93388-66-0
52918-63-5	52918-63-5
52918-63-5	55700-96-4
52918-63-5	62229-77-0
53-03-2	53-03-2
53-03-2	68-59-7
53053-57-9	53053-57-9
5307-14-2	29467-01-4
5307-14-2	5307-14-2
531-73-7	531-73-7
532-82-1	532-82-1
53211-22-6	53211-22-6
536-33-4	536-33-4
5385-75-1	5385-75-1
54-05-7	54-05-7
54-05-7	56598-66-4
54-31-9	54-31-9
54-85-3	37271-10-6
54-85-3	41466-07-3
54-85-3	54-85-3
54-85-3	62229-51-0
54-85-3	7640-37-1
54-87-5	54-87-5
541-69-5	541-69-5
541-69-5	58180-28-2
541-73-1	541-73-1
542-78-9	542-78-9
5431-33-4	5431-33-4
545-06-2	545-06-2
545-55-1	545-55-1
545-55-1	UN2501
5456-28-0	5456-28-0
54774-45-7	54774-45-7
54774-46-8	54774-46-8
54774-47-9	54774-47-9
551-74-6	551-74-6
55248-17-4	55248-17-4
55557-01-2	55557-01-2
55557-02-3	55557-02-3
55566-30-8	1497435-72-9
55566-30-8	55566-30-8
55566-30-8	58591-11-0
55566-30-8	65257-04-7
55673-89-7	55673-89-7
55818-96-7	55818-96-7
56-25-7	1351357-43-1
56-25-7	56-25-7
562-10-7	562-10-7
563-41-7	18396-65-1
563-41-7	563-41-7
56894-91-8	56894-91-8
569-64-2	55172-50-4
569-64-2	569-64-2
57-06-7	107231-30-1
57-06-7	50888-64-7
57-06-7	50978-48-8
57-06-7	57-06-7
57-06-7	58391-87-0
57-06-7	8007-40-7
57-06-7	UN1545
57-39-6	23701-62-4
57-39-6	57-39-6
57-68-1	57-68-1
57-88-5	2016865-06-6
57-88-5	209124-38-9
57-88-5	218965-24-3
57-88-5	2363129-31-9
57-88-5	262418-13-3
57-88-5	2760344-17-8
57-88-5	2761910-55-6
57-88-5	378185-03-6
57-88-5	57-88-5
57-88-5	676322-57-9
57-88-5	732297-95-9
57-88-5	793670-51-6
57-88-5	80356-14-5
57-88-5	80356-33-8
57-88-5	849593-11-9
57-88-5	856708-55-9
57117-41-6	57117-41-6
57117-44-9	57117-44-9
573-20-6	573-20-6
576-68-1	576-68-1
57653-85-7	57653-85-7
58-08-2	5743-12-4
58-08-2	58-08-2
58-08-2	71701-02-5
58-08-2	95789-13-2
58-14-0	58-14-0
58-27-5	478171-80-1
58-27-5	58-27-5
58-55-9	111079-49-3
58-55-9	46157-00-0
58-55-9	56645-32-0
58-55-9	58-55-9
58-55-9	5967-84-0
58-55-9	75448-53-2
581-89-5	581-89-5
59-05-2	1082707-84-3
59-05-2	133073-73-1
59-05-2	59-05-2
59-87-0	59-87-0
59-87-0	60051-85-6
59-87-0	8027-71-2
59277-89-3	59277-89-3
593-70-4	593-70-4
5940-69-2	5940-69-2
598-55-0	598-55-0
59820-43-8	59820-43-8
5989-27-5	1051930-86-9
5989-27-5	5989-27-5
5989-27-5	7705-13-7
5989-27-5	94765-75-0
5989-27-5	95327-98-3
60-56-0	4708-61-6
60-56-0	60-56-0
60-56-0	85916-84-3
60102-37-6	60102-37-6
602-60-8	602-60-8
603-48-5	11098-97-8
603-48-5	161051-62-3
603-48-5	603-48-5
60676-86-0	119573-97-6
60676-86-0	221007-06-3
60676-86-0	37224-34-3
60676-86-0	37224-35-4
60676-86-0	3724-35-4
60676-86-0	55126-05-1
60676-86-0	60676-86-0
60676-86-0	942229-17-6
6080-56-4	6080-56-4
60851-34-5	60851-34-5
609-20-1	609-20-1
61-82-5	1057722-43-6
61-82-5	11121-00-9
61-82-5	151517-46-3
61-82-5	155-25-9
61-82-5	16681-74-6
61-82-5	29212-82-6
61-82-5	30922-30-6
61-82-5	6051-75-8
61-82-5	61-82-5
61-82-5	63598-72-1
61-82-5	64598-23-8
61027-84-7	61027-84-7
611-15-4	611-15-4
6147-37-1	6147-37-1
6164-98-3	6164-98-3
61790-14-5	146104-54-3
61790-14-5	2098001-96-6
61790-14-5	61790-14-5
61790-53-2	11139-66-5
61790-53-2	12623-98-2
61790-53-2	12750-99-1
61790-53-2	179530-11-1
61790-53-2	192230-56-1
61790-53-2	29847-98-1
61790-53-2	37264-95-2
61790-53-2	37328-66-8
61790-53-2	37337-67-0
61790-53-2	39421-62-0
61790-53-2	39455-02-2
61790-53-2	50814-24-9
61790-53-2	51109-72-9
61790-53-2	53571-43-0
61790-53-2	54511-18-1
61790-53-2	54990-61-3
61790-53-2	54990-62-4
61790-53-2	55839-10-6
61790-53-2	56748-40-4
61790-53-2	57126-63-3
61790-53-2	57692-84-9
61790-53-2	61790-53-2
61790-53-2	61970-41-0
61790-53-2	64060-29-3
61790-53-2	67016-73-3
61790-53-2	67417-47-4
61790-53-2	68368-75-2
61790-53-2	68445-07-8
61790-53-2	693252-59-4
61790-53-2	695179-75-0
61790-53-2	70225-81-9
61790-53-2	73158-38-0
61790-53-2	77108-41-9
61790-53-2	81988-94-5
618-85-9	618-85-9
61949-76-6	61949-76-6
61949-77-7	61949-77-7
62-38-4	112415-59-5
62-38-4	1337-06-0
62-38-4	61840-45-7
62-38-4	62-38-4
62-38-4	64684-45-3
62-38-4	8013-47-6
62-38-4	UN1674
62-56-6	1032826-45-1
62-56-6	62-56-6
622-97-9	622-97-9
624-18-0	624-18-0
62588-94-7	62588-94-7
627-12-3	627-12-3
63-25-2	11095-11-7
63-25-2	11130-47-5
63-25-2	1392204-77-1
63-25-2	51274-03-4
63-25-2	52001-89-5
63-25-2	63-25-2
63041-90-7	63041-90-7
6334-11-8	6334-11-8
6368-72-5	6368-72-5
6369-59-1	140697-63-8
6369-59-1	615-50-9
6369-59-1	6369-59-1
6369-59-1	81892-73-1
637-07-0	637-07-0
6373-74-6	6373-74-6
6373-74-6	74968-36-8
63800-37-3	12639-43-9
63800-37-3	1319-21-7
63800-37-3	479683-52-8
63800-37-3	53664-61-2
63800-37-3	61045-54-3
63800-37-3	61180-58-3
63800-37-3	63800-37-3
63800-37-3	64418-10-6
63800-37-3	69423-69-4
63800-37-3	83271-15-2
64091-90-3	64091-90-3
64093-79-4	64093-79-4
641-48-5	641-48-5
64131-03-9	64131-03-9
6416-57-5	6416-57-5
64363-96-8	64363-96-8
64436-13-1	64436-13-1
6485-34-3	17105-05-4
6485-34-3	6381-91-5
6485-34-3	6485-34-3
66230-04-4	66230-04-4
66230-04-4	72650-28-3
66267-77-4	66267-77-4
66732-10-3	66732-10-3
66733-09-3	66733-09-3
67-20-9	67-20-9
67-45-8	67-45-8
67-45-8	8023-25-4
67-45-8	8027-73-4
67-63-0	67-63-0
67-63-0	8013-70-5
67-63-0	UN1219
6700-42-1	6700-42-1
67240-23-7	67240-23-7
67562-39-4	67562-39-4
68-76-8	68-76-8
68-76-8	8059-32-3
68652-75-5	68652-75-5
6870-67-3	6870-67-3
68855-54-9	68855-54-9
68916-96-1	68916-96-1
68989-22-0	68989-22-0
68989-23-1	68989-23-1
69-52-3	69-52-3
69-53-4	33604-21-6
69-53-4	37234-64-3
69-53-4	47355-94-2
69-53-4	50584-05-9
69-53-4	69-53-4
69-53-4	800-79-3
69-53-4	8056-87-9
69-53-4	96707-69-6
69-53-4	98520-55-9
69248-12-0	69248-12-0
69655-05-6	69655-05-6
69657-51-8	69657-51-8
70-30-4	1195388-85-2
70-30-4	139411-96-4
70-30-4	70-30-4
70-30-4	8054-98-6
70-30-4	UN2875
70648-26-9	70648-26-9
7099-43-6	7099-43-6
71267-22-6	71267-22-6
71631-40-8	71631-40-8
7177-48-2	7177-48-2
72-20-8	72-20-8
72-43-5	72-43-5
7220-79-3	7220-79-3
723-46-6	129378-89-8
723-46-6	723-46-6
72918-21-9	72918-21-9
73082-49-2	73082-49-2
73083-23-5	73083-23-5
73459-03-7	73459-03-7
74-83-9	1361252-19-8
74-83-9	1519044-64-4
74-83-9	74-83-9
74-83-9	UN1062
74-85-1	33060-30-9
74-85-1	74-85-1
74-85-1	87701-64-2
74-85-1	87701-65-3
74-85-1	UN1038
74-87-3	1111-89-3
74-87-3	1173018-35-3
74-87-3	1474045-09-4
74-87-3	1474045-10-7
74-87-3	1474045-11-8
74-87-3	16786-44-0
74-87-3	74-87-3
74-87-3	UN1063
74-88-4	147937-07-3
74-88-4	1519044-66-6
74-88-4	74-88-4
74-88-4	865-50-9
74-88-4	UN2644
74-96-4	3675-63-6
74-96-4	74-96-4
74-96-4	UN1891
7439-97-6	123720-03-6
7439-97-6	13981-51-6
7439-97-6	13982-78-0
7439-97-6	149038-91-5
7439-97-6	15064-97-8
7439-97-6	15116-82-2
7439-97-6	15756-15-7
7439-97-6	378782-04-8
7439-97-6	378782-05-9
7439-97-6	378782-08-2
7439-97-6	378782-18-4
7439-97-6	51887-47-9
7439-97-6	7439-97-6
7439-97-6	8030-64-6
7439-97-6	8031-27-4
7439-97-6	92355-34-5
7439-97-6	92786-62-4
7439-97-6	UN2809
7440-47-3	14392-02-0
7440-47-3	14833-09-1
7440-47-3	15758-14-2
7440-47-3	188785-87-7
7440-47-3	195161-82-1
7440-47-3	7440-47-3
7446-09-5	12396-99-5
7446-09-5	7446-09-5
7446-09-5	8014-94-6
7446-09-5	83008-56-4
7446-09-5	89125-89-3
7446-09-5	UN1079
7460-84-6	7460-84-6
7487-94-7	7487-94-7
7487-94-7	UN1624
75-00-3	75-00-3
75-00-3	UN1037
75-25-2	2909-52-6
75-25-2	75-25-2
75-25-2	UN2515
75-38-7	1272398-81-8
75-38-7	75-38-7
75-38-7	UN1959
75-45-6	134191-96-1
75-45-6	191542-01-5
75-45-6	73666-77-0
75-45-6	75-45-6
75-45-6	UN1018
75-65-0	75-65-0
75-74-1	75-74-1
75-88-7	75-88-7
75-88-7	UN1983
75019-90-8	75019-90-8
7519-36-0	7519-36-0
7572-29-4	7572-29-4
7580-37-2	7580-37-2
76-01-7	76-01-7
76-01-7	UN1669
7631-86-9	1004994-79-9
7631-86-9	1006727-26-9
7631-86-9	1007355-41-0
7631-86-9	102381-58-8
7631-86-9	1065194-86-6
7631-86-9	107497-59-6
7631-86-9	108727-71-5
7631-86-9	11139-72-3
7631-86-9	11139-73-4
7631-86-9	113384-41-1
7631-86-9	1151767-34-8
7631-86-9	1206890-01-8
7631-86-9	12125-13-2
7631-86-9	122985-48-2
7631-86-9	125623-17-8
7631-86-9	1259281-12-3
7631-86-9	1262535-72-7
7631-86-9	126879-14-9
7631-86-9	126879-30-9
7631-86-9	126879-49-0
7631-86-9	12737-36-9
7631-86-9	12753-63-8
7631-86-9	12765-74-1
7631-86-9	127689-16-1
7631-86-9	12774-28-6
7631-86-9	127831-27-0
7631-86-9	1340-09-6
7631-86-9	1354383-62-2
7631-86-9	136303-13-4
7631-86-9	1364664-19-6
7631-86-9	1365618-91-2
7631-86-9	1367454-14-5
7631-86-9	136881-80-6
7631-86-9	137263-03-7
7631-86-9	1373553-98-0
7631-86-9	1377807-27-6
7631-86-9	1384115-98-3
7631-86-9	138860-82-9
7631-86-9	139074-73-0
7631-86-9	1396528-08-7
7631-86-9	1431704-97-0
7631-86-9	1431704-98-1
7631-86-9	1431705-01-9
7631-86-9	145537-54-8
7631-86-9	145686-91-5
7631-86-9	145808-77-1
7631-86-9	146585-72-0
7631-86-9	1474086-62-8
7631-86-9	149779-02-2
7631-86-9	150633-20-8
7631-86-9	152206-35-4
7631-86-9	152787-33-2
7631-86-9	155552-25-3
7631-86-9	155575-05-6
7631-86-9	1675960-65-2
7631-86-9	1678497-74-9
7631-86-9	171264-18-9
7631-86-9	172306-09-1
7631-86-9	173299-41-7
7631-86-9	173358-69-5
7631-86-9	179046-03-8
7631-86-9	179733-77-8
7631-86-9	1819971-25-9
7631-86-9	1844839-43-5
7631-86-9	184654-53-3
7631-86-9	1848955-43-0
7631-86-9	185461-90-9
7631-86-9	188357-77-9
7631-86-9	191289-29-9
7631-86-9	1933499-98-9
7631-86-9	194944-70-2
7631-86-9	203526-86-7
7631-86-9	2067262-90-0
7631-86-9	206770-31-2
7631-86-9	207868-97-1
7631-86-9	2095803-93-1
7631-86-9	2098352-97-5
7631-86-9	2098352-98-6
7631-86-9	2098352-99-7
7631-86-9	2098354-30-2
7631-86-9	2135813-99-7
7631-86-9	2148930-88-3
7631-86-9	2170638-70-5
7631-86-9	2174974-17-3
7631-86-9	2174974-56-0
7631-86-9	217643-58-8
7631-86-9	2215023-93-9
7631-86-9	2215943-42-1
7631-86-9	2226478-11-9
7631-86-9	2300155-82-0
7631-86-9	231629-15-5
7631-86-9	2409669-48-1
7631-86-9	2412595-05-0
7631-86-9	2412795-58-3
7631-86-9	2413104-54-6
7631-86-9	2435623-01-9
7631-86-9	2454600-76-9
7631-86-9	247900-77-2
7631-86-9	250579-70-5
7631-86-9	250579-78-3
7631-86-9	264907-28-0
7631-86-9	2699030-77-6
7631-86-9	2756971-14-7
7631-86-9	2883522-94-7
7631-86-9	2940870-12-0
7631-86-9	2952810-94-3
7631-86-9	330152-64-2
7631-86-9	341028-71-5
7631-86-9	368432-40-0
7631-86-9	37220-24-9
7631-86-9	37241-25-1
7631-86-9	37334-65-9
7631-86-9	37340-45-7
7631-86-9	37380-93-1
7631-86-9	39336-66-8
7631-86-9	39372-58-2
7631-86-9	39409-25-1
7631-86-9	39443-40-8
7631-86-9	39456-81-0
7631-86-9	402735-49-3
7631-86-9	402828-37-9
7631-86-9	402828-39-1
7631-86-9	402828-40-4
7631-86-9	50813-13-3
7631-86-9	50926-93-7
7631-86-9	50935-83-6
7631-86-9	51542-57-5
7631-86-9	51542-58-6
7631-86-9	52350-43-3
7631-86-9	53468-64-7
7631-86-9	55599-33-2
7631-86-9	56645-27-3
7631-86-9	56731-06-7
7631-86-9	573986-27-3
7631-86-9	574743-92-3
7631-86-9	60572-11-4
7631-86-9	61673-46-9
7631-86-9	62655-73-6
7631-86-9	636575-18-3
7631-86-9	67167-16-2
7631-86-9	70536-23-1
7631-86-9	70536-61-7
7631-86-9	70563-35-8
7631-86-9	736175-62-5
7631-86-9	761458-29-1
7631-86-9	7631-86-9
7631-86-9	781662-69-9
7631-86-9	78207-17-7
7631-86-9	83589-56-4
7631-86-9	83652-92-0
7631-86-9	865611-44-5
7631-86-9	871110-01-9
7631-86-9	87501-59-5
7631-86-9	89493-21-0
7631-86-9	895163-77-6
7631-86-9	900794-70-9
7631-86-9	9049-77-8
7631-86-9	910556-60-4
7631-86-9	916674-46-9
7631-86-9	942129-91-1
7631-86-9	97343-62-9
7631-86-9	97709-14-3
7631-86-9	98226-40-5
7631-86-9	98253-25-9
7631-90-5	57414-01-4
7631-90-5	69098-86-8
7631-90-5	7631-90-5
7631-90-5	855924-73-1
7631-90-5	89830-27-3
7631-90-5	91829-63-9
7647-01-0	113962-65-5
7647-01-0	218625-68-4
7647-01-0	51005-19-7
7647-01-0	61674-62-2
7647-01-0	7647-01-0
7647-01-0	7698-05-7
7647-01-0	UN1050
7647-01-0	UN1789
7647-01-0	UN2186
7681-49-4	39287-69-9
7681-49-4	59217-75-3
7681-49-4	67112-29-2
7681-49-4	7681-49-4
7681-49-4	UN1690
7681-49-4	UN3415
7681-52-9	102324-78-7
7681-52-9	227453-69-2
7681-52-9	56172-57-7
7681-52-9	7681-52-9
7681-52-9	8007-59-8
7681-57-4	15771-29-6
7681-57-4	7681-57-4
7681-57-4	7757-74-6
7722-84-1	218625-72-0
7722-84-1	37355-84-3
7722-84-1	66554-50-5
7722-84-1	7722-84-1
7722-84-1	8007-30-5
7722-84-1	UN2014
7722-84-1	UN2015
7722-84-1	UN2984
7757-83-7	10102-15-5
7757-83-7	68135-69-3
7757-83-7	7757-83-7
7758-19-2	66554-51-6
7758-19-2	7758-19-2
7758-19-2	UN1496
7778-54-3	104381-95-5
7778-54-3	129904-51-4
7778-54-3	1332-17-8
7778-54-3	283157-58-4
7778-54-3	56172-56-6
7778-54-3	7778-54-3
7778-54-3	8031-48-9
7778-54-3	UN1748
7778-54-3	UN2208
7778-54-3	UN2880
7778-66-7	7778-66-7
7778-66-7	8031-57-0
7782-49-2	11125-23-8
7782-49-2	11133-88-3
7782-49-2	12640-29-8
7782-49-2	12640-30-1
7782-49-2	12641-96-2
7782-49-2	12733-65-2
7782-49-2	14265-71-5
7782-49-2	14687-60-6
7782-49-2	15422-57-8
7782-49-2	15422-58-9
7782-49-2	15758-45-9
7782-49-2	19869-93-3
7782-49-2	37256-19-2
7782-49-2	37258-85-8
7782-49-2	37276-15-6
7782-49-2	37368-02-8
7782-49-2	378784-17-9
7782-49-2	378784-19-1
7782-49-2	50954-17-1
7782-49-2	51882-60-1
7782-49-2	7782-49-2
7782-49-2	95788-45-7
7783-47-3	12324-56-0
7783-47-3	12324-60-6
7783-47-3	7783-47-3
7789-04-0	13475-98-4
7789-04-0	7789-04-0
78-00-2	78-00-2
78-98-8	78-98-8
789-07-1	789-07-1
79-00-5	79-00-5
79-10-7	1265528-53-7
79-10-7	1453489-99-0
79-10-7	166941-59-9
79-10-7	211862-52-1
79-10-7	55927-87-2
79-10-7	79-10-7
79-10-7	UN2218
794-93-4	794-93-4
79481-21-3	79481-21-3
79481-22-4	79481-22-4
79982-98-2	79982-98-2
80-08-0	1246638-15-2
80-08-0	80-08-0
80-62-6	1196968-39-4
80-62-6	1227277-87-3
80-62-6	162221-54-7
80-62-6	220713-32-6
80-62-6	35233-69-3
80-62-6	80-62-6
80-62-6	874217-13-7
80-62-6	UN1247
800-24-8	800-24-8
8001-50-1	8001-50-1
8002-05-9	61789-95-5
8002-05-9	64742-49-0
8002-05-9	8002-05-9
8002-05-9	NA1270
8002-05-9	UN1267
8018-07-3	8018-07-3
804-36-4	804-36-4
8047-67-4	8047-67-4
81-07-2	126987-83-5
81-07-2	474-91-9
81-07-2	61255-27-4
81-07-2	81-07-2
81-07-2	890126-34-8
81-15-2	81-15-2
81-15-2	UN2956
81-88-9	1023342-65-5
81-88-9	1051370-49-0
81-88-9	105480-59-9
81-88-9	11111-29-8
81-88-9	1236042-79-7
81-88-9	1394971-11-9
81-88-9	248928-56-5
81-88-9	3521-79-7
81-88-9	408346-58-7
81-88-9	412909-17-2
81-88-9	433215-26-0
81-88-9	53664-59-8
81-88-9	539821-35-7
81-88-9	69319-23-9
81-88-9	81-88-9
81-88-9	850856-47-2
81-88-9	859039-47-7
81-88-9	86513-49-7
81-88-9	86893-15-4
81-88-9	875572-56-8
81-88-9	918962-66-0
81-88-9	925914-34-7
81-88-9	956491-27-3
81-88-9	96119-80-1
82-28-0	82-28-0
82-68-8	1135443-48-9
82-68-8	39378-26-2
82-68-8	55353-34-9
82-68-8	56573-57-0
82-68-8	82-68-8
82413-20-5	82413-20-5
828-00-2	37235-59-9
828-00-2	828-00-2
83-32-9	83-32-9
83-63-6	83-63-6
83-66-9	83-66-9
83-67-0	83-67-0
832-69-9	832-69-9
83463-62-1	83463-62-1
84-80-0	10485-69-5
84-80-0	15973-57-6
84-80-0	50926-17-5
84-80-0	84-80-0
842-07-9	104407-03-6
842-07-9	842-07-9
84237-39-8	84237-39-8
846-50-4	846-50-4
84650-16-8	84650-16-8
85-01-8	85-01-8
85-68-7	85-68-7
85-68-7	93951-88-3
85-83-6	104270-03-3
85-83-6	12000-52-1
85-83-6	208266-18-6
85-83-6	8023-29-8
85-83-6	85-83-6
85-83-6	86702-99-0
85-83-6	96510-86-0
85-84-7	167973-57-1
85-84-7	85-84-7
85-86-9	85-86-9
85502-23-4	85502-23-4
85878-62-2	85878-62-2
85878-63-3	85878-63-3
86-30-6	86-30-6
86-54-4	86-54-4
86-57-7	86-57-7
86-73-7	84987-80-4
86-73-7	86-73-7
86-88-4	86-88-4
863-61-6	863-61-6
87-29-6	87-29-6
87-68-3	87-68-3
87-68-3	UN2279
87625-62-5	87625-62-5
88-05-1	88-05-1
88-12-0	1229193-78-5
88-12-0	153631-60-8
88-12-0	88-12-0
88-12-0	94800-10-9
892-21-7	892-21-7
89778-26-7	89778-26-7
89778-27-8	89778-27-8
90-43-7	192076-92-9
90-43-7	39387-78-5
90-43-7	457652-80-1
90-43-7	90-43-7
90-65-3	90-65-3
9000-07-1	773852-40-7
9000-07-1	78005-48-8
9000-07-1	8040-42-4
9000-07-1	9000-07-1
9000-07-1	9000-13-9
9000-07-1	9000-27-5
9002-84-0	1059111-04-4
9002-84-0	107497-84-7
9002-84-0	1078068-41-3
9002-84-0	11100-52-0
9002-84-0	11100-53-1
9002-84-0	11100-55-3
9002-84-0	113796-63-7
9002-84-0	113796-64-8
9002-84-0	1150643-75-6
9002-84-0	1173720-21-2
9002-84-0	1189099-92-0
9002-84-0	120250-48-8
9002-84-0	122303-61-1
9002-84-0	1229246-38-1
9002-84-0	124364-97-2
9002-84-0	1262885-35-7
9002-84-0	12645-33-9
9002-84-0	127464-21-5
9002-84-0	1303611-88-2
9002-84-0	1314359-49-3
9002-84-0	132324-77-7
9002-84-0	137263-78-6
9002-84-0	137263-79-7
9002-84-0	137263-80-0
9002-84-0	137263-81-1
9002-84-0	137263-82-2
9002-84-0	139074-77-4
9002-84-0	1393846-38-2
9002-84-0	1411963-31-9
9002-84-0	142106-41-0
9002-84-0	144855-59-4
9002-84-0	147172-51-8
9002-84-0	151638-47-0
9002-84-0	151638-48-1
9002-84-0	1555631-27-0
9002-84-0	162874-32-0
9002-84-0	1672661-42-5
9002-84-0	173432-12-7
9002-84-0	173524-85-1
9002-84-0	173940-57-3
9002-84-0	177645-76-0
9002-84-0	1799711-33-3
9002-84-0	179987-17-8
9002-84-0	1811504-87-6
9002-84-0	1812171-16-6
9002-84-0	186048-63-5
9002-84-0	186048-70-4
9002-84-0	186048-71-5
9002-84-0	1903777-94-5
9002-84-0	198228-60-3
9002-84-0	2006326-48-1
9002-84-0	200888-96-6
9002-84-0	202936-18-3
9002-84-0	203210-56-4
9002-84-0	2060526-63-6
9002-84-0	2081847-41-6
9002-84-0	210637-31-3
9002-84-0	2136579-25-2
9002-84-0	2138871-27-7
9002-84-0	2252447-31-5
9002-84-0	2313532-70-4
9002-84-0	2388978-93-4
9002-84-0	271586-43-7
9002-84-0	335595-23-8
9002-84-0	361532-11-8
9002-84-0	37206-29-4
9002-84-0	37265-32-0
9002-84-0	37270-95-4
9002-84-0	37291-53-5
9002-84-0	37339-24-5
9002-84-0	39403-91-3
9002-84-0	39403-92-4
9002-84-0	438466-29-6
9002-84-0	438467-03-9
9002-84-0	50642-31-4
9002-84-0	50642-88-1
9002-84-0	52357-72-9
9002-84-0	52627-41-5
9002-84-0	52683-01-9
9002-84-0	53168-59-5
9002-84-0	54847-86-8
9002-84-0	55069-26-6
9002-84-0	55963-20-7
9002-84-0	56996-58-8
9002-84-0	57459-97-9
9002-84-0	59217-42-4
9002-84-0	60328-53-2
9002-84-0	61036-97-3
9002-84-0	61229-64-9
9002-84-0	62395-27-1
9002-84-0	62863-04-1
9002-84-0	62887-20-1
9002-84-0	654065-49-3
9002-84-0	66174-04-7
9002-84-0	66594-21-6
9002-84-0	67167-43-5
9002-84-0	689286-00-8
9002-84-0	69458-69-1
9002-84-0	70535-62-5
9002-84-0	70694-56-3
9002-84-0	73145-10-5
9002-84-0	753010-13-8
9002-84-0	75789-23-0
9002-84-0	75798-09-3
9002-84-0	777084-73-8
9002-84-0	79818-40-9
9002-84-0	808142-15-6
9002-84-0	82458-15-9
9002-84-0	82785-14-6
9002-84-0	83138-91-4
9002-84-0	83383-03-3
9002-84-0	849624-85-7
9002-84-0	849683-53-0
9002-84-0	85497-65-0
9002-84-0	86473-61-2
9002-84-0	865852-56-8
9002-84-0	866598-48-3
9002-84-0	868155-93-5
9002-84-0	86923-87-7
9002-84-0	9002-84-0
9002-84-0	9042-03-9
9002-84-0	9083-60-7
9002-84-0	9083-96-9
9002-84-0	9084-02-0
9002-84-0	90881-59-7
9002-84-0	911051-23-5
9002-84-0	91316-43-7
9002-84-0	92047-28-4
9002-84-0	958295-88-0
9002-84-0	99550-18-2
9002-84-0	99775-10-7
9002-86-2	11097-91-9
9002-86-2	11111-94-7
9002-86-2	11119-27-0
9002-86-2	1151920-49-8
9002-86-2	117079-84-2
9002-86-2	1202645-33-7
9002-86-2	1202745-98-9
9002-86-2	121870-60-8
9002-86-2	124149-62-8
9002-86-2	1353669-85-8
9002-86-2	139074-74-1
9002-86-2	142804-84-0
9002-86-2	148880-09-5
9002-86-2	155422-17-6
9002-86-2	1606984-26-2
9002-86-2	161051-90-7
9002-86-2	161279-96-5
9002-86-2	1646340-94-4
9002-86-2	172929-21-4
9002-86-2	172929-22-5
9002-86-2	187247-43-4
9002-86-2	202218-76-6
9002-86-2	203460-55-3
9002-86-2	206072-56-2
9002-86-2	2098622-75-2
9002-86-2	2137864-40-3
9002-86-2	220323-68-2
9002-86-2	221007-07-4
9002-86-2	221007-08-5
9002-86-2	2227301-88-2
9002-86-2	2230296-03-2
9002-86-2	2241229-70-7
9002-86-2	2247465-39-8
9002-86-2	2268803-75-2
9002-86-2	226986-75-0
9002-86-2	237753-45-6
9002-86-2	2409455-48-5
9002-86-2	25038-46-4
9002-86-2	37349-64-7
9002-86-2	37357-61-2
9002-86-2	39287-89-3
9002-86-2	39296-17-8
9002-86-2	39387-43-4
9002-86-2	39389-56-5
9002-86-2	39393-59-4
9002-86-2	397864-64-1
9002-86-2	50642-89-2
9002-86-2	50935-77-8
9002-86-2	51281-46-0
9002-86-2	51540-75-1
9002-86-2	51569-45-0
9002-86-2	53029-14-4
9002-86-2	53112-41-7
9002-86-2	54328-27-7
9002-86-2	54328-28-8
9002-86-2	55465-75-3
9002-86-2	59678-57-8
9002-86-2	59740-40-8
9002-86-2	59740-42-0
9002-86-2	60281-99-4
9002-86-2	62132-30-3
9002-86-2	62931-08-2
9002-86-2	63440-29-9
9002-86-2	66988-60-1
9002-86-2	68441-74-7
9002-86-2	68858-77-5
9002-86-2	72751-14-5
9002-86-2	74192-23-7
9002-86-2	74504-79-3
9002-86-2	76012-29-8
9002-86-2	79103-67-6
9002-86-2	80044-12-8
9002-86-2	8063-94-3
9002-86-2	819078-47-2
9002-86-2	870765-35-8
9002-86-2	9002-86-2
9002-86-2	9006-09-1
9002-86-2	9036-81-1
9002-86-2	9041-55-8
9002-86-2	9043-47-4
9002-86-2	9043-48-5
9002-86-2	90452-37-2
9002-86-2	9072-17-7
9002-86-2	9072-39-3
9002-86-2	93050-82-9
9002-86-2	944150-61-2
9002-86-2	94928-20-8
9002-86-2	96353-76-3
9002-86-2	96726-77-1
9002-86-2	97123-54-1
9002-86-2	97343-78-7
9002-86-2	98865-43-1
9002-88-4	1010857-01-8
9002-88-4	101484-63-3
9002-88-4	101484-75-7
9002-88-4	101484-82-6
9002-88-4	1021428-03-4
9002-88-4	102257-43-2
9002-88-4	103843-11-4
9002-88-4	106705-26-4
9002-88-4	110736-46-4
9002-88-4	11098-28-5
9002-88-4	11119-24-7
9002-88-4	11119-25-8
9002-88-4	112041-35-7
9002-88-4	112821-11-1
9002-88-4	112821-13-3
9002-88-4	113690-26-9
9002-88-4	1137119-09-5
9002-88-4	114013-55-7
9002-88-4	114451-17-1
9002-88-4	114471-09-9
9002-88-4	1187527-29-2
9002-88-4	1208346-83-1
9002-88-4	121761-95-3
9002-88-4	1227178-23-5
9002-88-4	1228118-98-6
9002-88-4	1256781-57-3
9002-88-4	126040-16-2
9002-88-4	126040-17-3
9002-88-4	126040-38-8
9002-88-4	1263217-10-2
9002-88-4	126879-40-1
9002-88-4	12728-29-9
9002-88-4	1281939-84-1
9002-88-4	131461-84-2
9002-88-4	131461-85-3
9002-88-4	1365657-57-3
9002-88-4	1365657-58-4
9002-88-4	136958-80-0
9002-88-4	1383916-56-0
9002-88-4	1393813-70-1
9002-88-4	1429741-58-1
9002-88-4	142985-61-3
9002-88-4	150632-74-9
9002-88-4	151595-17-4
9002-88-4	153302-16-0
9002-88-4	1537190-23-0
9002-88-4	156799-29-0
9002-88-4	1569266-52-9
9002-88-4	1588411-00-0
9002-88-4	159251-50-0
9002-88-4	160612-77-1
9002-88-4	161051-67-8
9002-88-4	1612170-34-9
9002-88-4	1628187-24-5
9002-88-4	1628187-35-8
9002-88-4	162874-91-1
9002-88-4	163751-84-6
9002-88-4	172451-63-7
9002-88-4	174594-04-8
9002-88-4	176365-96-1
9002-88-4	177529-72-5
9002-88-4	177771-90-3
9002-88-4	177893-37-7
9002-88-4	183076-46-2
9002-88-4	184182-05-6
9002-88-4	187175-95-7
9002-88-4	187619-93-8
9002-88-4	189120-95-4
9002-88-4	191490-32-1
9002-88-4	199128-49-9
9002-88-4	201948-42-7
9002-88-4	202876-24-2
9002-88-4	208196-83-2
9002-88-4	211174-40-2
9002-88-4	211866-91-0
9002-88-4	211866-97-6
9002-88-4	212134-14-0
9002-88-4	213018-57-6
9002-88-4	214692-40-7
9002-88-4	220674-43-1
9002-88-4	252039-68-2
9002-88-4	253608-55-8
9002-88-4	263163-59-3
9002-88-4	265646-93-3
9002-88-4	273402-64-5
9002-88-4	286388-87-2
9002-88-4	287718-91-6
9002-88-4	303981-04-6
9002-88-4	339991-93-4
9002-88-4	345581-20-6
9002-88-4	362051-28-3
9002-88-4	37310-97-7
9002-88-4	37331-40-1
9002-88-4	37349-69-2
9002-88-4	37353-94-9
9002-88-4	391249-80-2
9002-88-4	39307-01-2
9002-88-4	39421-91-5
9002-88-4	438467-21-1
9002-88-4	500354-84-7
9002-88-4	51274-11-4
9002-88-4	51329-76-1
9002-88-4	51329-83-0
9002-88-4	52434-22-7
9002-88-4	53238-84-9
9002-88-4	53568-47-1
9002-88-4	53850-97-8
9002-88-4	558440-23-6
9002-88-4	56833-20-6
9002-88-4	57158-09-5
9002-88-4	583878-74-4
9002-88-4	58391-66-5
9002-88-4	592532-81-5
9002-88-4	602330-97-2
9002-88-4	602330-99-4
9002-88-4	61614-28-6
9002-88-4	62449-67-6
9002-88-4	63100-66-3
9002-88-4	64296-52-2
9002-88-4	658081-90-4
9002-88-4	662139-05-1
9002-88-4	66797-04-4
9002-88-4	66829-22-9
9002-88-4	67383-00-0
9002-88-4	67462-86-6
9002-88-4	70431-24-2
9002-88-4	71212-21-0
9002-88-4	73247-15-1
9002-88-4	73730-00-4
9002-88-4	73989-65-8
9002-88-4	74238-84-9
9002-88-4	74238-85-0
9002-88-4	74238-87-2
9002-88-4	74812-17-2
9002-88-4	79806-01-2
9002-88-4	79818-93-2
9002-88-4	81544-07-2
9002-88-4	81604-67-3
9002-88-4	851974-59-9
9002-88-4	851974-60-2
9002-88-4	852465-21-5
9002-88-4	853066-79-2
9002-88-4	86089-97-6
9002-88-4	86168-38-9
9002-88-4	862280-24-8
9002-88-4	863603-97-8
9002-88-4	866927-47-1
9002-88-4	87521-12-8
9002-88-4	881176-34-7
9002-88-4	895130-83-3
9002-88-4	9002-88-4
9002-88-4	9041-32-1
9002-88-4	9082-15-9
9002-88-4	910450-27-0
9002-88-4	91449-15-9
9002-88-4	91728-25-5
9002-88-4	917487-03-7
9002-88-4	922501-36-8
9002-88-4	940910-77-0
9002-88-4	945217-09-4
9002-88-4	95327-26-7
9002-88-4	95918-19-7
9002-88-4	95918-26-6
9002-89-5	106442-33-5
9002-89-5	110736-47-5
9002-89-5	1159795-77-3
9002-89-5	118168-83-5
9002-89-5	1221137-85-4
9002-89-5	1251055-03-4
9002-89-5	1360538-16-4
9002-89-5	1360617-28-2
9002-89-5	1379820-54-8
9002-89-5	1391975-95-3
9002-89-5	1417904-88-1
9002-89-5	1422717-36-9
9002-89-5	147827-36-9
9002-89-5	151439-02-0
9002-89-5	152987-51-4
9002-89-5	153569-70-1
9002-89-5	155421-52-6
9002-89-5	1613402-31-5
9002-89-5	162261-31-6
9002-89-5	172452-03-8
9002-89-5	176742-14-6
9002-89-5	25038-51-1
9002-89-5	353276-42-3
9002-89-5	372077-13-9
9002-89-5	39320-29-1
9002-89-5	416899-99-5
9002-89-5	53241-16-0
9002-89-5	551960-18-0
9002-89-5	58740-50-4
9002-89-5	61584-38-1
9002-89-5	73298-53-0
9002-89-5	75923-48-7
9002-89-5	82428-08-8
9002-89-5	860310-93-6
9002-89-5	875587-23-8
9002-89-5	9002-89-5
9002-89-5	9014-14-6
9002-89-5	9050-53-7
9002-89-5	9066-05-1
9002-89-5	98002-48-3
9003-01-4	101360-15-0
9003-01-4	104625-85-6
9003-01-4	104922-39-6
9003-01-4	105913-47-1
9003-01-4	11132-69-7
9003-01-4	118168-84-6
9003-01-4	1243262-39-6
9003-01-4	125857-68-3
9003-01-4	125857-69-4
9003-01-4	131094-47-8
9003-01-4	1356242-46-0
9003-01-4	1422717-48-3
9003-01-4	1454600-56-6
9003-01-4	1465827-28-4
9003-01-4	1621008-43-2
9003-01-4	1621388-50-8
9003-01-4	1621388-51-9
9003-01-4	165724-08-3
9003-01-4	1663486-92-7
9003-01-4	168564-56-5
9003-01-4	169799-28-4
9003-01-4	170473-89-9
9003-01-4	174594-09-3
9003-01-4	1802847-92-2
9003-01-4	1854105-15-9
9003-01-4	2015227-48-0
9003-01-4	2055985-44-7
9003-01-4	2080340-46-9
9003-01-4	2169901-86-2
9003-01-4	223508-97-2
9003-01-4	2241078-05-5
9003-01-4	230287-43-1
9003-01-4	2650494-19-0
9003-01-4	2946725-66-0
9003-01-4	37241-23-9
9003-01-4	39341-22-5
9003-01-4	471251-42-0
9003-01-4	51142-25-7
9003-01-4	54578-44-8
9003-01-4	54990-82-8
9003-01-4	55492-72-3
9003-01-4	56747-65-0
9003-01-4	59233-19-1
9003-01-4	597551-81-0
9003-01-4	65742-16-7
9003-01-4	71767-27-6
9003-01-4	71767-28-7
9003-01-4	746620-96-2
9003-01-4	746620-98-4
9003-01-4	81031-52-9
9003-01-4	82446-45-5
9003-01-4	82446-46-6
9003-01-4	87913-02-8
9003-01-4	88650-89-9
9003-01-4	9003-01-4
9003-01-4	925683-30-3
9003-07-0	1007233-35-3
9003-07-0	104625-25-4
9003-07-0	107001-49-0
9003-07-0	1072914-17-0
9003-07-0	1084698-59-8
9003-07-0	109281-32-5
9003-07-0	112024-68-7
9003-07-0	112327-42-1
9003-07-0	112821-10-0
9003-07-0	1161009-62-6
9003-07-0	1170942-23-0
9003-07-0	1187015-71-9
9003-07-0	122933-37-3
9003-07-0	123243-04-9
9003-07-0	1292821-55-6
9003-07-0	131801-18-8
9003-07-0	132823-57-5
9003-07-0	133757-66-1
9003-07-0	1365635-76-2
9003-07-0	1365657-50-6
9003-07-0	1369482-55-2
9003-07-0	139465-75-1
9003-07-0	1428902-81-1
9003-07-0	1429741-59-2
9003-07-0	143710-36-5
9003-07-0	144855-91-4
9003-07-0	1449076-61-2
9003-07-0	148464-77-1
9003-07-0	150261-04-4
9003-07-0	156680-70-5
9003-07-0	159074-97-2
9003-07-0	1610944-39-2
9003-07-0	162731-35-3
9003-07-0	169741-70-2
9003-07-0	170346-99-3
9003-07-0	171903-39-2
9003-07-0	178535-67-6
9003-07-0	181232-12-2
9003-07-0	182876-31-9
9003-07-0	186777-48-0
9003-07-0	201873-76-9
9003-07-0	215369-91-8
9003-07-0	220286-70-4
9003-07-0	221350-75-0
9003-07-0	223461-98-1
9003-07-0	262610-59-3
9003-07-0	268745-65-9
9003-07-0	286465-97-2
9003-07-0	301161-99-9
9003-07-0	313378-44-8
9003-07-0	313471-92-0
9003-07-0	343259-03-0
9003-07-0	349655-63-6
9003-07-0	368887-79-0
9003-07-0	37329-03-6
9003-07-0	37370-57-3
9003-07-0	391599-57-8
9003-07-0	399509-34-3
9003-07-0	425369-26-2
9003-07-0	439608-93-2
9003-07-0	457057-49-7
9003-07-0	52440-18-3
9003-07-0	52622-64-7
9003-07-0	53664-32-7
9003-07-0	582300-70-7
9003-07-0	58318-95-9
9003-07-0	60440-68-8
9003-07-0	73989-50-1
9003-07-0	76560-78-6
9003-07-0	796853-32-2
9003-07-0	848784-13-4
9003-07-0	868670-76-2
9003-07-0	875121-17-8
9003-07-0	883306-97-6
9003-07-0	890309-25-8
9003-07-0	9003-07-0
9003-07-0	9044-59-1
9003-07-0	928298-83-3
9003-07-0	929710-90-7
9003-07-0	95751-29-4
9003-07-0	958447-30-8
9003-20-7	103812-91-5
9003-20-7	106009-15-8
9003-20-7	11099-75-5
9003-20-7	1135150-58-1
9003-20-7	1135150-59-2
9003-20-7	1135150-60-5
9003-20-7	1135150-61-6
9003-20-7	1135150-62-7
9003-20-7	116243-76-6
9003-20-7	1173827-51-4
9003-20-7	1184954-57-1
9003-20-7	1191233-32-5
9003-20-7	1238471-98-1
9003-20-7	127830-22-2
9003-20-7	155197-47-0
9003-20-7	1600526-19-9
9003-20-7	1616527-24-2
9003-20-7	1616527-25-3
9003-20-7	1622207-48-0
9003-20-7	173245-41-5
9003-20-7	175206-08-3
9003-20-7	180721-30-6
9003-20-7	210353-82-5
9003-20-7	218461-48-4
9003-20-7	248603-24-9
9003-20-7	25038-43-1
9003-20-7	39444-28-5
9003-20-7	41357-69-1
9003-20-7	41357-70-4
9003-20-7	54692-80-7
9003-20-7	57572-41-5
9003-20-7	57572-51-7
9003-20-7	57829-12-6
9003-20-7	613246-78-9
9003-20-7	63241-67-8
9003-20-7	63241-68-9
9003-20-7	64735-02-0
9003-20-7	64735-03-1
9003-20-7	66677-07-4
9003-20-7	67352-03-8
9003-20-7	70726-55-5
9003-20-7	75882-46-1
9003-20-7	76057-08-4
9003-20-7	77752-01-3
9003-20-7	79921-54-3
9003-20-7	80208-80-6
9003-20-7	80892-48-4
9003-20-7	81833-95-6
9003-20-7	82458-08-0
9003-20-7	84503-50-4
9003-20-7	864843-65-2
9003-20-7	86904-50-9
9003-20-7	9003-20-7
9003-20-7	9076-38-4
9003-20-7	91932-38-6
9003-20-7	93196-02-2
9003-20-7	934696-06-7
9003-22-9	100631-32-1
9003-22-9	1045707-98-9
9003-22-9	110737-43-4
9003-22-9	111643-91-5
9003-22-9	1124344-50-8
9003-22-9	113440-63-4
9003-22-9	121382-24-9
9003-22-9	130123-74-9
9003-22-9	131594-89-3
9003-22-9	134092-22-1
9003-22-9	139440-61-2
9003-22-9	159814-09-2
9003-22-9	166433-32-5
9003-22-9	290312-88-8
9003-22-9	34149-92-3
9003-22-9	39310-27-5
9003-22-9	39433-77-7
9003-22-9	51990-45-5
9003-22-9	54328-26-6
9003-22-9	54992-20-0
9003-22-9	61037-03-4
9003-22-9	672314-93-1
9003-22-9	680190-46-9
9003-22-9	69597-97-3
9003-22-9	75536-81-1
9003-22-9	79030-15-2
9003-22-9	80342-01-4
9003-22-9	81544-85-6
9003-22-9	82030-19-1
9003-22-9	82030-35-1
9003-22-9	82030-95-3
9003-22-9	9003-22-9
9003-22-9	9066-95-9
9003-22-9	92680-82-5
9003-22-9	94766-13-9
9003-39-8	111214-46-1
9003-39-8	116404-61-6
9003-39-8	1173909-53-9
9003-39-8	121414-75-3
9003-39-8	1229193-79-6
9003-39-8	1234714-82-9
9003-39-8	1310675-91-2
9003-39-8	132778-04-2
9003-39-8	132778-05-3
9003-39-8	132834-20-9
9003-39-8	1337987-71-9
9003-39-8	1394151-52-0
9003-39-8	1431958-26-7
9003-39-8	153631-61-9
9003-39-8	170473-90-2
9003-39-8	29386-94-5
9003-39-8	41724-41-8
9003-39-8	496908-06-6
9003-39-8	53026-73-6
9003-39-8	53026-74-7
9003-39-8	53200-27-4
9003-39-8	61932-72-7
9003-39-8	65931-56-8
9003-39-8	730985-60-1
9003-39-8	862983-74-2
9003-39-8	9003-39-8
9003-39-8	9015-62-7
9003-39-8	9080-59-5
9003-53-6	105270-05-1
9003-53-6	1083095-63-9
9003-53-6	110866-50-7
9003-53-6	11120-46-0
9003-53-6	1160710-79-1
9003-53-6	1187742-34-2
9003-53-6	1191987-17-3
9003-53-6	120037-99-2
9003-53-6	120534-26-1
9003-53-6	1227265-55-5
9003-53-6	124229-31-8
9003-53-6	124229-48-7
9003-53-6	12627-11-1
9003-53-6	1263545-74-9
9003-53-6	130243-06-0
9003-53-6	131495-39-1
9003-53-6	132827-43-1
9003-53-6	137262-45-4
9003-53-6	1397706-69-2
9003-53-6	1415127-06-8
9003-53-6	1415263-61-4
9003-53-6	1430218-84-0
9003-53-6	144637-93-4
9003-53-6	1462855-56-6
9003-53-6	149212-19-1
9003-53-6	155197-45-8
9003-53-6	157243-21-5
9003-53-6	157929-02-7
9003-53-6	1609008-94-7
9003-53-6	161776-45-0
9003-53-6	1623021-11-3
9003-53-6	1633667-53-4
9003-53-6	171022-02-9
9003-53-6	171022-09-6
9003-53-6	172641-48-4
9003-53-6	172867-64-0
9003-53-6	219782-52-2
9003-53-6	25038-60-2
9003-53-6	260975-79-9
9003-53-6	359762-95-1
9003-53-6	360046-70-4
9003-53-6	373601-20-8
9003-53-6	39470-87-6
9003-53-6	40494-15-3
9003-53-6	441772-62-9
9003-53-6	471865-10-8
9003-53-6	487021-46-5
9003-53-6	51609-83-7
9003-53-6	51609-87-1
9003-53-6	52932-49-7
9003-53-6	53112-49-5
9003-53-6	53986-84-8
9003-53-6	54578-24-4
9003-53-6	54596-41-7
9003-53-6	55128-06-8
9003-53-6	55465-00-4
9003-53-6	56451-72-0
9003-53-6	56748-62-0
9003-53-6	57657-06-4
9003-53-6	58033-91-3
9003-53-6	60120-16-3
9003-53-6	60328-46-3
9003-53-6	60880-98-0
9003-53-6	61584-89-2
9003-53-6	61584-90-5
9003-53-6	63849-49-0
9003-53-6	644984-36-1
9003-53-6	666836-48-2
9003-53-6	726192-11-6
9003-53-6	730985-59-8
9003-53-6	78354-47-9
9003-53-6	81834-12-0
9003-53-6	851588-70-0
9003-53-6	852837-17-3
9003-53-6	86090-91-7
9003-53-6	9003-53-6
9003-53-6	9044-64-8
9003-53-6	9055-91-8
9003-53-6	98444-30-5
9003-54-7	113007-57-1
9003-54-7	1201851-68-4
9003-54-7	125805-90-5
9003-54-7	12751-50-7
9003-54-7	151165-11-6
9003-54-7	199128-35-3
9003-54-7	287390-66-3
9003-54-7	37345-40-7
9003-54-7	52434-27-2
9003-54-7	578006-95-8
9003-54-7	74238-90-7
9003-54-7	75977-95-6
9003-54-7	9003-54-7
9003-54-7	94362-74-0
9003-55-8	103018-34-4
9003-55-8	110563-51-4
9003-55-8	123584-62-3
9003-55-8	123997-48-8
9003-55-8	1282615-71-7
9003-55-8	1282615-74-0
9003-55-8	148388-44-7
9003-55-8	151030-85-2
9003-55-8	155123-82-3
9003-55-8	160338-90-9
9003-55-8	1625669-24-0
9003-55-8	1625672-32-3
9003-55-8	198352-23-7
9003-55-8	252031-61-1
9003-55-8	325787-03-9
9003-55-8	39470-75-2
9003-55-8	51568-96-8
9003-55-8	51568-97-9
9003-55-8	515844-57-2
9003-55-8	53124-27-9
9003-55-8	56422-11-8
9003-55-8	57829-19-3
9003-55-8	60327-98-2
9003-55-8	80236-62-0
9003-55-8	80236-63-1
9003-55-8	80236-64-2
9003-55-8	80236-65-3
9003-55-8	81406-92-0
9003-55-8	82028-80-6
9003-55-8	850728-14-2
9003-55-8	85947-40-6
9003-55-8	876407-67-9
9003-55-8	876407-98-6
9003-55-8	87915-64-8
9003-55-8	89771-18-6
9003-55-8	9003-55-8
9003-55-8	910218-20-1
9003-55-8	91261-65-3
9003-56-9	101484-40-6
9003-56-9	1186292-82-9
9003-56-9	1468403-04-4
9003-56-9	166091-25-4
9003-56-9	179865-29-3
9003-56-9	179865-39-5
9003-56-9	288860-11-7
9003-56-9	37229-19-9
9003-56-9	37331-48-9
9003-56-9	39291-19-5
9003-56-9	39306-83-7
9003-56-9	52433-83-7
9003-56-9	52434-26-1
9003-56-9	52434-32-9
9003-56-9	52682-91-4
9003-56-9	52907-26-3
9003-56-9	53637-30-2
9003-56-9	73990-12-2
9003-56-9	74238-96-3
9003-56-9	74238-98-5
9003-56-9	82346-94-9
9003-56-9	874948-21-7
9003-56-9	884843-12-3
9003-56-9	884905-25-3
9003-56-9	9003-56-9
9003-56-9	96827-60-0
9003-56-9	97048-04-9
9004-51-7	9004-51-7
9009-54-5	9009-54-5
9010-98-4	129541-83-9
9010-98-4	2055836-56-9
9010-98-4	28430-71-9
9010-98-4	9010-98-4
9011-06-7	109321-18-8
9011-06-7	1202864-68-3
9011-06-7	1217061-58-9
9011-06-7	170618-05-0
9011-06-7	37353-78-9
9011-06-7	39289-33-3
9011-06-7	460985-89-1
9011-06-7	52218-82-3
9011-06-7	58543-30-9
9011-06-7	59218-09-6
9011-06-7	61489-68-7
9011-06-7	77272-44-7
9011-06-7	9006-07-9
9011-06-7	9011-06-7
9011-06-7	96511-18-1
9011-14-7	103220-63-9
9011-14-7	1044505-99-8
9011-14-7	1045710-27-7
9011-14-7	105417-82-1
9011-14-7	1059626-94-6
9011-14-7	106008-78-0
9011-14-7	106440-59-9
9011-14-7	1093414-48-2
9011-14-7	110617-09-9
9011-14-7	110866-51-8
9011-14-7	113041-33-1
9011-14-7	113096-36-9
9011-14-7	113284-86-9
9011-14-7	114512-63-9
9011-14-7	114558-18-8
9011-14-7	115165-76-9
9011-14-7	115190-04-0
9011-14-7	115252-35-2
9011-14-7	116189-91-4
9011-14-7	1182269-95-9
9011-14-7	1204590-23-7
9011-14-7	122463-54-1
9011-14-7	122525-41-1
9011-14-7	123611-48-3
9011-14-7	123897-62-1
9011-14-7	124181-99-3
9011-14-7	1256366-04-7
9011-14-7	126482-57-3
9011-14-7	127120-26-7
9011-14-7	128151-87-1
9011-14-7	128417-83-4
9011-14-7	1292307-41-5
9011-14-7	130123-99-8
9011-14-7	130243-03-7
9011-14-7	1307225-98-4
9011-14-7	131463-02-0
9011-14-7	131831-56-6
9011-14-7	132694-62-3
9011-14-7	1337906-00-9
9011-14-7	134490-64-5
9011-14-7	1346137-15-2
9011-14-7	1350742-95-8
9011-14-7	1354782-14-1
9011-14-7	1365259-75-1
9011-14-7	137012-63-6
9011-14-7	138185-30-5
9011-14-7	138186-02-4
9011-14-7	141911-57-1
9011-14-7	1425464-38-5
9011-14-7	143476-91-9
9011-14-7	144747-15-9
9011-14-7	1459224-03-3
9011-14-7	146909-33-3
9011-14-7	148092-40-4
9011-14-7	1542146-23-5
9011-14-7	155123-40-3
9011-14-7	155197-46-9
9011-14-7	155421-39-9
9011-14-7	157090-38-5
9011-14-7	158319-04-1
9011-14-7	160170-94-5
9011-14-7	161740-99-4
9011-14-7	161755-86-8
9011-14-7	161776-43-8
9011-14-7	1622251-29-9
9011-14-7	170905-97-2
9011-14-7	170906-20-4
9011-14-7	171022-07-4
9011-14-7	171040-50-9
9011-14-7	171970-80-2
9011-14-7	176366-03-3
9011-14-7	179530-26-8
9011-14-7	183131-10-4
9011-14-7	183325-79-3
9011-14-7	189021-27-0
9011-14-7	191551-10-7
9011-14-7	192464-91-8
9011-14-7	195009-31-5
9011-14-7	196623-67-3
9011-14-7	198292-76-1
9011-14-7	201948-33-6
9011-14-7	202289-62-1
9011-14-7	203526-74-3
9011-14-7	203665-52-5
9011-14-7	205599-74-2
9011-14-7	210823-97-5
9011-14-7	212624-68-5
9011-14-7	220286-91-9
9011-14-7	225105-96-4
9011-14-7	245346-80-9
9011-14-7	25038-55-5
9011-14-7	263719-36-4
9011-14-7	281223-34-5
9011-14-7	288264-32-4
9011-14-7	292865-40-8
9011-14-7	292865-41-9
9011-14-7	296786-06-6
9011-14-7	302571-62-6
9011-14-7	303190-69-4
9011-14-7	304916-25-4
9011-14-7	304916-26-5
9011-14-7	304916-28-7
9011-14-7	308276-89-3
9011-14-7	331443-38-0
9011-14-7	37206-27-2
9011-14-7	37243-53-1
9011-14-7	37260-20-1
9011-14-7	37317-20-7
9011-14-7	37329-99-0
9011-14-7	37348-71-3
9011-14-7	37383-74-7
9011-14-7	39307-02-3
9011-14-7	39307-03-4
9011-14-7	39316-50-2
9011-14-7	39404-54-1
9011-14-7	41354-82-9
9011-14-7	41354-83-0
9011-14-7	41354-84-1
9011-14-7	416900-03-3
9011-14-7	42617-05-0
9011-14-7	429685-09-6
9011-14-7	444904-47-6
9011-14-7	446263-19-0
9011-14-7	478957-91-4
9011-14-7	483278-40-6
9011-14-7	487021-45-4
9011-14-7	487021-47-6
9011-14-7	487021-48-7
9011-14-7	501120-97-4
9011-14-7	501645-98-3
9011-14-7	51004-99-0
9011-14-7	52051-98-6
9011-14-7	52254-09-8
9011-14-7	53148-92-8
9011-14-7	53637-32-4
9011-14-7	53663-63-1
9011-14-7	53988-85-5
9011-14-7	54018-50-7
9011-14-7	54242-52-3
9011-14-7	55802-92-1
9011-14-7	55819-46-0
9011-14-7	57455-95-5
9011-14-7	57460-14-7
9011-14-7	57608-32-9
9011-14-7	57829-16-0
9011-14-7	57881-75-1
9011-14-7	58057-15-1
9011-14-7	58968-50-6
9011-14-7	58968-51-7
9011-14-7	59355-82-7
9011-14-7	59519-93-6
9011-14-7	61642-69-1
9011-14-7	61642-70-4
9011-14-7	627538-96-9
9011-14-7	63454-83-1
9011-14-7	67167-42-4
9011-14-7	682813-36-1
9011-14-7	69071-17-6
9011-14-7	70226-46-9
9011-14-7	70816-47-6
9011-14-7	72270-10-1
9011-14-7	72394-21-9
9011-14-7	72626-03-0
9011-14-7	73019-88-2
9011-14-7	74239-45-5
9011-14-7	74871-03-7
9011-14-7	75831-68-4
9011-14-7	76559-66-5
9011-14-7	77751-16-7
9011-14-7	78206-73-2
9011-14-7	78207-23-5
9011-14-7	78590-85-9
9011-14-7	80209-57-0
9011-14-7	80619-68-7
9011-14-7	83764-37-8
9011-14-7	86438-94-0
9011-14-7	864969-70-0
9011-14-7	865348-93-2
9011-14-7	869186-75-4
9011-14-7	871813-56-8
9011-14-7	87210-32-0
9011-14-7	88528-61-4
9011-14-7	887401-03-8
9011-14-7	88813-80-3
9011-14-7	888615-56-3
9011-14-7	890935-36-1
9011-14-7	890935-37-2
9011-14-7	90092-82-3
9011-14-7	9011-14-7
9011-14-7	9011-73-8
9011-14-7	90248-99-0
9011-14-7	9063-48-3
9011-14-7	94469-08-6
9011-14-7	948029-82-1
9011-14-7	948310-79-0
9011-14-7	952661-37-9
9011-14-7	95567-24-1
9011-14-7	958641-20-8
9011-14-7	95918-30-2
9011-14-7	96420-95-0
9011-14-7	98825-30-0
9011-14-7	99550-36-4
9016-87-9	101840-81-7
9016-87-9	103106-61-2
9016-87-9	103812-90-4
9016-87-9	107231-85-6
9016-87-9	108021-94-9
9016-87-9	111310-30-6
9016-87-9	116439-26-0
9016-87-9	120528-46-3
9016-87-9	120797-37-7
9016-87-9	1228530-76-4
9016-87-9	1262791-71-8
9016-87-9	126903-38-6
9016-87-9	129406-02-6
9016-87-9	133686-81-4
9016-87-9	1342796-19-3
9016-87-9	1352205-75-4
9016-87-9	137397-93-4
9016-87-9	138069-64-4
9016-87-9	141255-78-9
9016-87-9	1422250-40-5
9016-87-9	143476-94-2
9016-87-9	147445-25-8
9016-87-9	153190-02-4
9016-87-9	154102-11-1
9016-87-9	154609-09-3
9016-87-9	154766-26-4
9016-87-9	160477-36-1
9016-87-9	162355-20-6
9016-87-9	162628-81-1
9016-87-9	172826-96-9
9016-87-9	178464-28-3
9016-87-9	183563-24-8
9016-87-9	184539-09-1
9016-87-9	203743-04-8
9016-87-9	203944-48-3
9016-87-9	208196-65-0
9016-87-9	209252-36-8
9016-87-9	211991-83-2
9016-87-9	212569-27-2
9016-87-9	219753-20-5
9016-87-9	283603-33-8
9016-87-9	300852-58-8
9016-87-9	315680-13-8
9016-87-9	37291-69-3
9016-87-9	37370-30-2
9016-87-9	379692-85-0
9016-87-9	39278-75-6
9016-87-9	478809-08-4
9016-87-9	484655-09-6
9016-87-9	50814-42-1
9016-87-9	51059-16-6
9016-87-9	51810-20-9
9016-87-9	54018-19-8
9016-87-9	56273-49-5
9016-87-9	59392-73-3
9016-87-9	612824-05-2
9016-87-9	61642-52-2
9016-87-9	66174-31-0
9016-87-9	667447-28-1
9016-87-9	69345-95-5
9016-87-9	71061-20-6
9016-87-9	74315-87-0
9016-87-9	75026-14-1
9016-87-9	76600-86-7
9016-87-9	81031-80-3
9016-87-9	81406-01-1
9016-87-9	83271-42-5
9016-87-9	83271-43-6
9016-87-9	83512-90-7
9016-87-9	85497-20-7
9016-87-9	86473-20-3
9016-87-9	87139-88-6
9016-87-9	87347-64-6
9016-87-9	875453-93-3
9016-87-9	88385-52-8
9016-87-9	88651-68-7
9016-87-9	9016-87-9
9016-87-9	912469-29-5
9016-87-9	913174-25-1
9016-87-9	94469-81-5
9016-87-9	96595-70-9
9016-87-9	97397-19-8
90370-29-9	90370-29-9
91-64-5	91-64-5
91-93-0	91-93-0
911-45-5	15690-55-8
911-45-5	15690-57-0
911-45-5	911-45-5
915-67-3	11139-84-7
915-67-3	12000-49-6
915-67-3	23307-89-3
915-67-3	915-67-3
92-62-6	92-62-6
92-93-3	92-93-3
94-36-0	117989-71-6
94-36-0	132323-44-5
94-36-0	143928-58-9
94-36-0	37370-29-9
94-36-0	94-36-0
95-47-6	56004-61-6
95-47-6	95-47-6
95-50-1	95-50-1
95-50-1	UN1591
95-68-1	95-68-1
95-70-5	124688-01-3
95-70-5	156031-30-0
95-70-5	33379-31-6
95-70-5	62488-19-1
95-70-5	95-70-5
95-78-3	95-78-3
95-79-4	95-79-4
952-23-8	952-23-8
96-45-7	12261-94-8
96-45-7	26856-29-1
96-45-7	71836-04-9
96-45-7	875479-38-2
96-45-7	90613-75-5
96-45-7	96-45-7
96-45-7	96-46-8
96-48-0	100469-58-7
96-48-0	187997-16-6
96-48-0	96-48-0
97-53-0	97-53-0
97-77-8	11078-22-1
97-77-8	155-01-1
97-77-8	97-77-8
97752-20-0	97752-20-0
98-01-1	98-01-1
98-01-1	UN1199
98-88-4	1258517-80-4
98-88-4	98-88-4
98-88-4	UN1736
989-38-8	1021498-98-5
989-38-8	102395-11-9
989-38-8	1173373-14-2
989-38-8	1228661-69-5
989-38-8	126371-14-0
989-38-8	136590-25-5
989-38-8	160336-35-6
989-38-8	162887-53-8
989-38-8	201799-71-5
989-38-8	226555-16-4
989-38-8	232598-90-2
989-38-8	23479-08-5
989-38-8	37317-74-1
989-38-8	539820-31-0
989-38-8	66796-55-2
989-38-8	79818-96-5
989-38-8	82853-32-5
989-38-8	88491-15-0
989-38-8	989-38-8
99-08-1	99-08-1
99-55-8	99-55-8
99-56-9	99-56-9
99-57-0	99-57-0
99-59-2	52756-54-4
99-59-2	99-59-2
99-80-9	99-80-9
99-99-0	99-99-0
994-05-8	994-05-8
RR-00015-7	RR-00015-7
RR-00177-4	10192-30-0
RR-00177-4	13766-41-1
RR-00177-4	13774-25-9
RR-00177-4	13780-03-5
RR-00177-4	15181-46-1
RR-00177-4	15457-98-4
RR-00177-4	7773-03-7
RR-00177-4	RR-00177-4
RR-00177-4	UN2693
RR-00316-7	RR-00316-7
RR-00341-8	RR-00341-8
RR-00341-8	UN1210
RR-00569-6	10031-18-2
RR-00569-6	10045-94-0
RR-00569-6	10048-99-4
RR-00569-6	10112-91-1
RR-00569-6	10124-48-8
RR-00569-6	101672-18-8
RR-00569-6	10415-75-5
RR-00569-6	10451-12-4
RR-00569-6	11083-41-3
RR-00569-6	11110-52-4
RR-00569-6	12055-37-7
RR-00569-6	12068-90-5
RR-00569-6	12136-15-1
RR-00569-6	12298-67-8
RR-00569-6	12344-40-0
RR-00569-6	12508-72-4
RR-00569-6	12653-71-3
RR-00569-6	127026-24-8
RR-00569-6	1310-88-9
RR-00569-6	1312-03-4
RR-00569-6	1335-31-5
RR-00569-6	13437-80-4
RR-00569-6	1344-45-2
RR-00569-6	1344-48-5
RR-00569-6	13444-75-2
RR-00569-6	1345-09-1
RR-00569-6	13464-28-3
RR-00569-6	13465-31-1
RR-00569-6	13465-33-3
RR-00569-6	13465-34-4
RR-00569-6	13465-37-7
RR-00569-6	13766-41-1
RR-00569-6	13766-44-4
RR-00569-6	13876-85-2
RR-00569-6	13932-02-0
RR-00569-6	13967-25-4
RR-00569-6	13981-51-6
RR-00569-6	13982-78-0
RR-00569-6	14099-12-8
RR-00569-6	14215-33-9
RR-00569-6	143197-63-1
RR-00569-6	14376-09-1
RR-00569-6	14459-36-0
RR-00569-6	14836-60-3
RR-00569-6	14990-20-6
RR-00569-6	152923-45-0
RR-00569-6	1537199-53-3
RR-00569-6	15384-08-4
RR-00569-6	15385-57-6
RR-00569-6	15385-58-7
RR-00569-6	156234-43-4
RR-00569-6	156234-44-5
RR-00569-6	15682-88-9
RR-00569-6	15829-53-5
RR-00569-6	175695-12-2
RR-00569-6	19122-79-3
RR-00569-6	20564-21-0
RR-00569-6	20582-71-2
RR-00569-6	20601-83-6
RR-00569-6	20720-76-7
RR-00569-6	22323-45-1
RR-00569-6	22330-18-3
RR-00569-6	26522-91-8
RR-00569-6	26579-33-9
RR-00569-6	27228-67-7
RR-00569-6	27575-47-9
RR-00569-6	27685-51-4
RR-00569-6	29870-72-2
RR-00569-6	304656-34-6
RR-00569-6	31065-88-0
RR-00569-6	33445-15-7
RR-00569-6	33960-08-6
RR-00569-6	37020-93-2
RR-00569-6	37237-15-3
RR-00569-6	37320-91-5
RR-00569-6	37340-23-1
RR-00569-6	38232-63-2
RR-00569-6	51312-24-4
RR-00569-6	51595-71-2
RR-00569-6	53007-72-0
RR-00569-6	54428-47-6
RR-00569-6	57363-77-6
RR-00569-6	58570-91-5
RR-00569-6	591-89-9
RR-00569-6	592-04-1
RR-00569-6	592-85-8
RR-00569-6	628-86-4
RR-00569-6	72780-86-0
RR-00569-6	73513-17-4
RR-00569-6	749262-24-6
RR-00569-6	7546-30-7
RR-00569-6	7616-83-3
RR-00569-6	7774-29-0
RR-00569-6	7782-66-3
RR-00569-6	7782-77-6
RR-00569-6	7782-86-7
RR-00569-6	7783-30-4
RR-00569-6	7783-32-6
RR-00569-6	7783-33-7
RR-00569-6	7783-34-8
RR-00569-6	7783-35-9
RR-00569-6	7783-36-0
RR-00569-6	7783-39-3
RR-00569-6	7784-03-4
RR-00569-6	7784-37-4
RR-00569-6	7789-10-8
RR-00569-6	7789-47-1
RR-00569-6	82151-04-0
RR-00569-6	82980-40-3
RR-00569-6	92200-97-0
RR-00569-6	94022-47-6
RR-00569-6	94238-21-8
RR-00569-6	96906-16-0
RR-00569-6	RR-00569-6
RR-00569-6	RR-04677-5
RR-00569-6	RR-145946-7
RR-00569-6	RR-42082-6
RR-00569-6	RR-56263-0
RR-00569-6	RR-56357-5
RR-00569-6	RR-58673-2
RR-00569-6	RR-87612-0
RR-00599-2	10022-50-1
RR-00599-2	10026-17-2
RR-00599-2	10026-18-3
RR-00599-2	10028-18-9
RR-00599-2	10036-47-2
RR-00599-2	10049-10-2
RR-00599-2	10049-12-4
RR-00599-2	10049-14-6
RR-00599-2	10049-16-8
RR-00599-2	10060-10-3
RR-00599-2	11113-63-6
RR-00599-2	11128-24-8
RR-00599-2	12021-67-9
RR-00599-2	12062-24-7
RR-00599-2	12125-01-8
RR-00599-2	12159-92-1
RR-00599-2	12323-05-6
RR-00599-2	13036-75-4
RR-00599-2	1309-32-6
RR-00599-2	1331-71-1
RR-00599-2	1333-83-1
RR-00599-2	13400-13-0
RR-00599-2	1341-49-7
RR-00599-2	13444-96-7
RR-00599-2	13446-74-7
RR-00599-2	13465-66-2
RR-00599-2	13470-08-1
RR-00599-2	13478-20-1
RR-00599-2	13536-84-0
RR-00599-2	13569-27-2
RR-00599-2	13596-12-8
RR-00599-2	13597-25-6
RR-00599-2	13597-30-3
RR-00599-2	13597-96-1
RR-00599-2	13637-63-3
RR-00599-2	13637-84-8
RR-00599-2	13693-05-5
RR-00599-2	13709-36-9
RR-00599-2	13709-38-1
RR-00599-2	13709-42-7
RR-00599-2	13709-49-4
RR-00599-2	13709-59-6
RR-00599-2	13718-55-3
RR-00599-2	13755-29-8
RR-00599-2	13768-60-0
RR-00599-2	13775-07-0
RR-00599-2	13780-57-9
RR-00599-2	13814-96-5
RR-00599-2	13814-98-7
RR-00599-2	13826-83-0
RR-00599-2	13826-88-5
RR-00599-2	13827-26-4
RR-00599-2	13862-62-9
RR-00599-2	13966-70-6
RR-00599-2	13967-25-4
RR-00599-2	14075-53-7
RR-00599-2	14104-20-2
RR-00599-2	14283-07-9
RR-00599-2	14484-69-6
RR-00599-2	14708-13-5
RR-00599-2	14953-28-7
RR-00599-2	15096-52-3
RR-00599-2	15098-87-0
RR-00599-2	16919-19-0
RR-00599-2	16949-65-8
RR-00599-2	16984-48-8
RR-00599-2	17010-21-8
RR-00599-2	17125-80-3
RR-00599-2	19181-26-1
RR-00599-2	21669-04-5
RR-00599-2	2551-62-4
RR-00599-2	25808-75-7
RR-00599-2	51142-88-2
RR-00599-2	53143-08-1
RR-00599-2	675-14-9
RR-00599-2	68442-96-6
RR-00599-2	7758-88-5
RR-00599-2	7783-40-6
RR-00599-2	7783-48-4
RR-00599-2	7783-58-6
RR-00599-2	7784-18-1
RR-00599-2	7784-36-3
RR-00599-2	7787-32-8
RR-00599-2	7787-49-7
RR-00599-2	7789-23-3
RR-00599-2	7789-24-4
RR-00599-2	7789-75-5
RR-00599-2	RR-00599-2
RR-00599-2	RR-14161-7
RR-00599-2	RR-33751-9
RR-00599-2	RR-56386-0
RR-00612-2	10025-68-0
RR-00612-2	10026-03-6
RR-00612-2	10026-21-8
RR-00612-2	10026-23-0
RR-00612-2	10031-45-5
RR-00612-2	10039-31-3
RR-00612-2	100403-63-2
RR-00612-2	10060-09-0
RR-00612-2	10101-96-9
RR-00612-2	10101-99-2
RR-00612-2	10102-12-2
RR-00612-2	10102-18-8
RR-00612-2	10102-23-5
RR-00612-2	10112-94-4
RR-00612-2	101357-00-0
RR-00612-2	101357-01-1
RR-00612-2	101357-02-2
RR-00612-2	101357-03-3
RR-00612-2	101357-04-4
RR-00612-2	10161-84-9
RR-00612-2	101672-11-1
RR-00612-2	102110-61-2
RR-00612-2	10214-40-1
RR-00612-2	10236-58-5
RR-00612-2	10294-32-3
RR-00612-2	10326-29-1
RR-00612-2	10431-47-7
RR-00612-2	10486-58-5
RR-00612-2	1049-38-3
RR-00612-2	10504-99-1
RR-00612-2	105257-50-9
RR-00612-2	107068-76-8
RR-00612-2	108424-99-3
RR-00612-2	108425-00-9
RR-00612-2	1092379-04-8
RR-00612-2	109339-79-9
RR-00612-2	109339-80-2
RR-00612-2	110620-89-8
RR-00612-2	110720-61-1
RR-00612-2	110781-18-5
RR-00612-2	110781-19-6
RR-00612-2	110987-60-5
RR-00612-2	11112-63-3
RR-00612-2	11115-99-4
RR-00612-2	111369-71-2
RR-00612-2	111369-72-3
RR-00612-2	111568-26-4
RR-00612-2	112073-63-9
RR-00612-2	112099-83-9
RR-00612-2	112131-82-5
RR-00612-2	112131-87-0
RR-00612-2	112285-95-7
RR-00612-2	1123-91-7
RR-00612-2	112965-42-1
RR-00612-2	1132-39-4
RR-00612-2	113229-01-9
RR-00612-2	113329-64-9
RR-00612-2	113553-55-2
RR-00612-2	115233-24-4
RR-00612-2	115493-57-7
RR-00612-2	116065-96-4
RR-00612-2	116099-09-3
RR-00612-2	116473-38-2
RR-00612-2	116812-56-7
RR-00612-2	117449-21-5
RR-00612-2	117449-22-6
RR-00612-2	118340-36-6
RR-00612-2	118478-84-5
RR-00612-2	1187-56-0
RR-00612-2	1189246-68-1
RR-00612-2	12002-67-4
RR-00612-2	12002-86-7
RR-00612-2	12014-94-7
RR-00612-2	120148-08-5
RR-00612-2	120149-75-9
RR-00612-2	120149-76-0
RR-00612-2	12018-83-6
RR-00612-2	12018-95-0
RR-00612-2	12020-04-1
RR-00612-2	12020-38-1
RR-00612-2	12020-66-5
RR-00612-2	12024-11-2
RR-00612-2	12024-24-7
RR-00612-2	12024-90-7
RR-00612-2	12029-87-7
RR-00612-2	12031-51-5
RR-00612-2	12033-59-9
RR-00612-2	12034-77-4
RR-00612-2	12035-33-5
RR-00612-2	12036-87-2
RR-00612-2	12038-08-3
RR-00612-2	12038-64-1
RR-00612-2	12039-51-9
RR-00612-2	12039-52-0
RR-00612-2	12039-53-1
RR-00612-2	12039-54-2
RR-00612-2	12039-55-3
RR-00612-2	12053-13-3
RR-00612-2	12054-10-3
RR-00612-2	12056-07-4
RR-00612-2	12058-18-3
RR-00612-2	12065-10-0
RR-00612-2	12065-11-1
RR-00612-2	12067-45-7
RR-00612-2	12067-46-8
RR-00612-2	12068-69-8
RR-00612-2	12068-80-3
RR-00612-2	12069-00-0
RR-00612-2	12136-60-6
RR-00612-2	12137-13-2
RR-00612-2	12137-76-7
RR-00612-2	12138-21-5
RR-00612-2	12162-21-9
RR-00612-2	12162-60-6
RR-00612-2	12163-21-2
RR-00612-2	12166-43-7
RR-00612-2	12166-47-1
RR-00612-2	12201-85-3
RR-00612-2	12213-70-6
RR-00612-2	12214-12-9
RR-00612-2	122163-00-2
RR-00612-2	12232-25-6
RR-00612-2	122572-70-7
RR-00612-2	122572-71-8
RR-00612-2	12299-33-1
RR-00612-2	12299-34-2
RR-00612-2	12299-51-3
RR-00612-2	12299-98-8
RR-00612-2	123517-16-8
RR-00612-2	123517-41-9
RR-00612-2	12397-16-9
RR-00612-2	12400-33-8
RR-00612-2	124205-86-3
RR-00612-2	12626-31-2
RR-00612-2	12626-36-7
RR-00612-2	12640-89-0
RR-00612-2	126424-27-9
RR-00612-2	126424-28-0
RR-00612-2	126424-29-1
RR-00612-2	126424-33-7
RR-00612-2	12656-57-4
RR-00612-2	127242-58-4
RR-00612-2	127276-99-7
RR-00612-2	127277-00-3
RR-00612-2	129618-34-4
RR-00612-2	130110-53-1
RR-00612-2	130110-54-2
RR-00612-2	1302-09-6
RR-00612-2	1302-82-5
RR-00612-2	1303-36-2
RR-00612-2	1303-37-3
RR-00612-2	1303-62-4
RR-00612-2	1304-39-8
RR-00612-2	1305-84-6
RR-00612-2	1306-24-7
RR-00612-2	1307-99-9
RR-00612-2	1310-32-3
RR-00612-2	1312-74-9
RR-00612-2	1313-04-8
RR-00612-2	1313-22-0
RR-00612-2	1313-85-5
RR-00612-2	1314-05-2
RR-00612-2	1315-05-5
RR-00612-2	1315-06-6
RR-00612-2	1315-07-7
RR-00612-2	1315-09-9
RR-00612-2	1317-41-5
RR-00612-2	133333-94-5
RR-00612-2	13410-01-0
RR-00612-2	13465-66-2
RR-00612-2	13597-46-1
RR-00612-2	13597-54-1
RR-00612-2	136-92-5
RR-00612-2	13718-59-7
RR-00612-2	13768-86-0
RR-00612-2	13780-18-2
RR-00612-2	13814-59-0
RR-00612-2	13814-62-5
RR-00612-2	14013-56-0
RR-00612-2	14019-91-1
RR-00612-2	14124-68-6
RR-00612-2	14265-71-5
RR-00612-2	144507-49-3
RR-00612-2	1449-68-9
RR-00612-2	14590-19-3
RR-00612-2	14590-38-6
RR-00612-2	1464-42-2
RR-00612-2	1464-43-3
RR-00612-2	14687-60-6
RR-00612-2	146922-05-6
RR-00612-2	14696-77-6
RR-00612-2	1482-82-2
RR-00612-2	14902-95-5
RR-00612-2	14986-91-5
RR-00612-2	15025-89-5
RR-00612-2	15060-62-5
RR-00612-2	15123-69-0
RR-00612-2	15123-92-9
RR-00612-2	15123-97-4
RR-00612-2	15168-20-4
RR-00612-2	15422-57-8
RR-00612-2	15422-58-9
RR-00612-2	15498-87-0
RR-00612-2	15572-25-5
RR-00612-2	15586-47-7
RR-00612-2	15593-51-8
RR-00612-2	15593-52-9
RR-00612-2	15593-61-0
RR-00612-2	15615-72-2
RR-00612-2	15702-34-8
RR-00612-2	15758-45-9
RR-00612-2	15855-80-8
RR-00612-2	1603-84-5
RR-00612-2	16142-89-5
RR-00612-2	1623456-05-2
RR-00612-2	1666-13-3
RR-00612-2	17508-29-1
RR-00612-2	1755-36-8
RR-00612-2	17697-12-0
RR-00612-2	17852-69-6
RR-00612-2	18312-66-8
RR-00612-2	18987-38-7
RR-00612-2	19188-18-2
RR-00612-2	19632-73-6
RR-00612-2	19869-93-3
RR-00612-2	20405-64-5
RR-00612-2	20541-49-5
RR-00612-2	20601-83-6
RR-00612-2	20960-77-4
RR-00612-2	21198-79-8
RR-00612-2	21559-14-8
RR-00612-2	2179-79-5
RR-00612-2	22541-55-5
RR-00612-2	24493-83-2
RR-00612-2	24493-84-3
RR-00612-2	24495-43-0
RR-00612-2	24495-59-8
RR-00612-2	24687-31-8
RR-00612-2	24687-35-2
RR-00612-2	25425-97-2
RR-00612-2	25468-09-1
RR-00612-2	2574-71-2
RR-00612-2	2578-28-1
RR-00612-2	25930-79-4
RR-00612-2	26046-90-2
RR-00612-2	26271-85-2
RR-00612-2	2697-61-2
RR-00612-2	26970-82-1
RR-00612-2	272-30-0
RR-00612-2	273-15-4
RR-00612-2	2777-58-4
RR-00612-2	2786-43-8
RR-00612-2	2818-88-4
RR-00612-2	2818-89-5
RR-00612-2	2870-37-3
RR-00612-2	2870-38-4
RR-00612-2	288-05-1
RR-00612-2	2897-21-4
RR-00612-2	29411-74-3
RR-00612-2	2946-15-8
RR-00612-2	2946-17-0
RR-00612-2	2946-20-5
RR-00612-2	29621-88-3
RR-00612-2	29680-54-4
RR-00612-2	31052-43-4
RR-00612-2	31052-46-7
RR-00612-2	3211-76-5
RR-00612-2	32835-25-9
RR-00612-2	32835-32-8
RR-00612-2	33144-86-4
RR-00612-2	33609-19-7
RR-00612-2	3425-46-5
RR-00612-2	34276-89-6
RR-00612-2	34837-55-3
RR-00612-2	35350-43-7
RR-00612-2	35498-95-4
RR-00612-2	36297-89-9
RR-00612-2	37359-15-2
RR-00612-2	37773-02-7
RR-00612-2	38650-20-3
RR-00612-2	3878-44-2
RR-00612-2	39712-38-4
RR-00612-2	39981-05-0
RR-00612-2	40093-99-0
RR-00612-2	41262-21-9
RR-00612-2	42423-89-2
RR-00612-2	42905-02-2
RR-00612-2	4671-93-6
RR-00612-2	4730-83-0
RR-00612-2	50378-83-1
RR-00612-2	506-80-9
RR-00612-2	50829-23-7
RR-00612-2	50926-12-0
RR-00612-2	5117-16-8
RR-00612-2	5117-17-9
RR-00612-2	51694-22-5
RR-00612-2	51799-69-0
RR-00612-2	52513-84-5
RR-00612-2	52685-95-7
RR-00612-2	5270-30-4
RR-00612-2	55259-49-9
RR-00612-2	5533-46-0
RR-00612-2	55425-27-9
RR-00612-2	55811-25-1
RR-00612-2	56051-04-8
RR-00612-2	56051-08-2
RR-00612-2	56093-45-9
RR-00612-2	56253-60-2
RR-00612-2	5707-04-0
RR-00612-2	57673-50-4
RR-00612-2	57897-99-1
RR-00612-2	58127-88-1
RR-00612-2	5819-01-2
RR-00612-2	58339-34-7
RR-00612-2	593-79-3
RR-00612-2	59918-84-2
RR-00612-2	60763-24-8
RR-00612-2	60860-63-1
RR-00612-2	60940-34-3
RR-00612-2	62042-25-5
RR-00612-2	627-53-2
RR-00612-2	628-39-7
RR-00612-2	630-10-4
RR-00612-2	63149-25-7
RR-00612-2	63795-61-9
RR-00612-2	63815-64-5
RR-00612-2	63815-75-8
RR-00612-2	63815-76-9
RR-00612-2	63815-80-5
RR-00612-2	63815-98-5
RR-00612-2	63816-07-9
RR-00612-2	63816-14-8
RR-00612-2	63816-15-9
RR-00612-2	63816-16-0
RR-00612-2	63816-17-1
RR-00612-2	63870-44-0
RR-00612-2	63870-48-4
RR-00612-2	63906-49-0
RR-00612-2	63906-50-3
RR-00612-2	63907-45-9
RR-00612-2	63981-20-4
RR-00612-2	63981-21-5
RR-00612-2	64046-00-0
RR-00612-2	645-96-5
RR-00612-2	65294-08-8
RR-00612-2	66142-22-1
RR-00612-2	66455-76-3
RR-00612-2	67014-91-9
RR-00612-2	67465-26-3
RR-00612-2	67711-96-0
RR-00612-2	67711-97-1
RR-00612-2	67711-98-2
RR-00612-2	67711-99-3
RR-00612-2	67712-00-9
RR-00612-2	67800-88-8
RR-00612-2	68413-87-6
RR-00612-2	68443-89-0
RR-00612-2	68516-47-2
RR-00612-2	68541-88-8
RR-00612-2	68555-40-8
RR-00612-2	68611-66-5
RR-00612-2	68758-81-6
RR-00612-2	69012-41-5
RR-00612-2	69029-55-6
RR-00612-2	69029-88-5
RR-00612-2	6996-92-5
RR-00612-2	70134-26-8
RR-00612-2	70679-43-5
RR-00612-2	70714-63-5
RR-00612-2	70867-60-6
RR-00612-2	70942-37-9
RR-00612-2	7101-31-7
RR-00612-2	71243-75-9
RR-00612-2	72491-44-2
RR-00612-2	72828-62-7
RR-00612-2	7310-87-4
RR-00612-2	73506-32-8
RR-00612-2	7370-58-3
RR-00612-2	74037-18-6
RR-00612-2	7446-08-4
RR-00612-2	7446-15-3
RR-00612-2	7446-17-5
RR-00612-2	7446-21-1
RR-00612-2	7446-22-2
RR-00612-2	7446-34-6
RR-00612-2	7488-51-9
RR-00612-2	7488-56-4
RR-00612-2	75926-26-0
RR-00612-2	76213-48-4
RR-00612-2	7782-82-3
RR-00612-2	7783-00-8
RR-00612-2	7783-07-5
RR-00612-2	7783-08-6
RR-00612-2	7783-19-9
RR-00612-2	7783-21-3
RR-00612-2	7783-43-9
RR-00612-2	7783-79-1
RR-00612-2	7784-05-6
RR-00612-2	7784-07-8
RR-00612-2	7787-41-9
RR-00612-2	7789-51-7
RR-00612-2	7789-52-8
RR-00612-2	7789-65-3
RR-00612-2	7790-59-2
RR-00612-2	7791-23-3
RR-00612-2	83783-61-3
RR-00612-2	84255-09-4
RR-00612-2	85050-02-8
RR-00612-2	85050-03-9
RR-00612-2	85539-83-9
RR-00612-2	873660-49-2
RR-00612-2	879546-05-1
RR-00612-2	88608-76-8
RR-00612-2	89703-05-9
RR-00612-2	90218-42-1
RR-00612-2	90466-79-8
RR-00612-2	909-64-8
RR-00612-2	920-25-2
RR-00612-2	92062-13-0
RR-00612-2	92128-37-5
RR-00612-2	92484-66-7
RR-00612-2	93838-99-4
RR-00612-2	93839-00-0
RR-00612-2	93857-70-6
RR-00612-2	93857-89-7
RR-00612-2	93964-28-4
RR-00612-2	94158-30-2
RR-00612-2	94166-38-8
RR-00612-2	94166-40-2
RR-00612-2	94213-13-5
RR-00612-2	97507-71-6
RR-00612-2	98191-69-6
RR-00612-2	988-93-2
RR-00612-2	99811-54-8
RR-00612-2	RR-00485-3
RR-00612-2	RR-00612-2
RR-00612-2	RR-01919-2
RR-00612-2	RR-04026-6
RR-00612-2	RR-04552-3
RR-00612-2	RR-14741-1
RR-00612-2	RR-14872-1
RR-00612-2	RR-34608-7
RR-00612-2	RR-34653-2
RR-00612-2	RR-35224-9
RR-00612-2	RR-35401-8
RR-00612-2	RR-35957-9
RR-00612-2	RR-36767-9
RR-00612-2	RR-37334-2
RR-00612-2	RR-37537-1
RR-00612-2	RR-38927-5
RR-00612-2	RR-42178-3
RR-00612-2	RR-42851-3
RR-00612-2	RR-43729-6
RR-00612-2	RR-43833-5
RR-00612-2	RR-45490-0
RR-00612-2	RR-46259-9
RR-00612-2	RR-46260-2
RR-00612-2	RR-46261-3
RR-00612-2	RR-56256-1
RR-00612-2	UN2630
RR-00813-9	RR-00813-9
RR-01023-1	RR-01023-1
RR-01025-3	7757-85-9
RR-01025-3	7758-04-5
RR-01025-3	RR-01025-3
RR-01201-1	RR-01201-1
RR-01202-2	RR-01202-2
RR-01524-7	RR-01524-7
RR-01525-8	10024-97-2
RR-01525-8	109-93-3
RR-01525-8	13838-16-9
RR-01525-8	151-67-7
RR-01525-8	26675-46-7
RR-01525-8	406-90-6
RR-01525-8	60-29-7
RR-01525-8	67-66-3
RR-01525-8	75-19-4
RR-01525-8	76-38-0
RR-01525-8	79-01-6
RR-01525-8	RR-01525-8
RR-01537-2	RR-01537-2
RR-01539-4	553-30-0
RR-01539-4	RR-01539-4
RR-01545-2	65997-17-3
RR-01545-2	RR-01545-2
RR-01546-3	RR-01546-3
RR-01547-4	10233-03-1
RR-01547-4	13477-10-6
RR-01547-4	283157-58-4
RR-01547-4	RR-01547-4
RR-01547-4	RR-12387-5
RR-01548-5	RR-01548-5
RR-01549-6	RR-01549-6
RR-01551-0	32736-64-4
RR-01551-0	RR-01551-0
RR-01552-1	10102-15-5
RR-01552-1	10117-38-1
RR-01552-1	10196-04-0
RR-01552-1	10257-55-3
RR-01552-1	13451-02-0
RR-01552-1	13453-87-7
RR-01552-1	13477-23-1
RR-01552-1	13568-71-3
RR-01552-1	13597-44-9
RR-01552-1	19153-98-1
RR-01552-1	19153-99-2
RR-01552-1	202581-61-1
RR-01552-1	28600-35-3
RR-01552-1	28600-36-4
RR-01552-1	35788-00-2
RR-01552-1	67859-68-1
RR-01552-1	67859-69-2
RR-01552-1	67859-70-5
RR-01552-1	68310-13-4
RR-01552-1	71662-32-3
RR-01552-1	7446-10-8
RR-01552-1	7757-88-2
RR-01552-1	7757-95-1
RR-01552-1	7787-39-5
RR-01552-1	RR-01552-1
RR-01552-1	RR-03684-0
RR-01701-6	RR-01701-6
RR-01703-8	RR-01703-8
RR-01704-9	RR-01704-9
RR-02509-2	RR-02509-2
RR-02510-5	RR-02510-5
RR-02511-6	RR-02511-6
RR-02512-7	RR-02512-7
RR-02632-4	10177-50-1
RR-02632-4	102613-50-3
RR-02632-4	103427-19-6
RR-02632-4	103730-90-1
RR-02632-4	10382-41-9
RR-02632-4	104839-24-9
RR-02632-4	1067-14-7
RR-02632-4	1068-23-1
RR-02632-4	1068-61-7
RR-02632-4	1072-35-1
RR-02632-4	1079390-64-9
RR-02632-4	1083-82-5
RR-02632-4	109707-90-6
RR-02632-4	11063-58-4
RR-02632-4	1120-46-3
RR-02632-4	114601-64-8
RR-02632-4	1153-06-6
RR-02632-4	1162-06-7
RR-02632-4	1191-18-0
RR-02632-4	122332-23-4
RR-02632-4	12275-07-9
RR-02632-4	12403-82-6
RR-02632-4	125328-49-6
RR-02632-4	125471-97-8
RR-02632-4	125494-56-6
RR-02632-4	12578-12-0
RR-02632-4	130596-72-4
RR-02632-4	13094-04-7
RR-02632-4	13231-90-8
RR-02632-4	1326-05-2
RR-02632-4	13266-07-4
RR-02632-4	133988-90-6
RR-02632-4	13406-89-8
RR-02632-4	13698-55-0
RR-02632-4	139522-21-7
RR-02632-4	139522-22-8
RR-02632-4	14450-60-3
RR-02632-4	14466-01-4
RR-02632-4	14570-16-2
RR-02632-4	14846-40-3
RR-02632-4	15187-16-3
RR-02632-4	1520-78-1
RR-02632-4	15245-44-0
RR-02632-4	15282-88-9
RR-02632-4	15306-30-6
RR-02632-4	15347-55-4
RR-02632-4	15347-57-6
RR-02632-4	15516-84-4
RR-02632-4	15590-77-9
RR-02632-4	15696-43-2
RR-02632-4	15708-49-3
RR-02632-4	15748-73-9
RR-02632-4	15773-47-4
RR-02632-4	15773-48-5
RR-02632-4	15773-52-1
RR-02632-4	15773-53-2
RR-02632-4	15773-55-4
RR-02632-4	15773-56-5
RR-02632-4	15907-04-7
RR-02632-4	16183-12-3
RR-02632-4	16996-40-0
RR-02632-4	16996-51-3
RR-02632-4	172589-69-4
RR-02632-4	172777-22-9
RR-02632-4	17406-54-1
RR-02632-4	17549-30-3
RR-02632-4	17570-76-2
RR-02632-4	1762-26-1
RR-02632-4	1762-27-2
RR-02632-4	1762-28-3
RR-02632-4	17976-43-1
RR-02632-4	180129-52-6
RR-02632-4	18279-19-1
RR-02632-4	18279-20-4
RR-02632-4	18279-21-5
RR-02632-4	18608-34-9
RR-02632-4	18917-82-3
RR-02632-4	19010-66-3
RR-02632-4	19136-34-6
RR-02632-4	1920-90-7
RR-02632-4	19528-55-3
RR-02632-4	19651-80-0
RR-02632-4	20383-42-0
RR-02632-4	20403-41-2
RR-02632-4	20403-42-3
RR-02632-4	20534-94-5
RR-02632-4	20917-34-4
RR-02632-4	20936-32-7
RR-02632-4	2101242-86-6
RR-02632-4	2117-69-3
RR-02632-4	21180-26-7
RR-02632-4	21319-43-7
RR-02632-4	21459-27-8
RR-02632-4	21519-20-0
RR-02632-4	21600-78-2
RR-02632-4	21774-13-0
RR-02632-4	22723-52-0
RR-02632-4	22904-40-1
RR-02632-4	23621-79-6
RR-02632-4	2388-00-3
RR-02632-4	24952-65-6
RR-02632-4	25721-38-4
RR-02632-4	2587-81-7
RR-02632-4	2587-82-8
RR-02632-4	2587-84-0
RR-02632-4	25987-03-5
RR-02632-4	27253-28-7
RR-02632-4	27253-41-4
RR-02632-4	29473-77-6
RR-02632-4	29597-84-0
RR-02632-4	30051-53-7
RR-02632-4	301-08-6
RR-02632-4	3124-01-4
RR-02632-4	32112-52-0
RR-02632-4	3249-60-3
RR-02632-4	3249-61-4
RR-02632-4	33627-12-2
RR-02632-4	34295-32-4
RR-02632-4	3440-75-3
RR-02632-4	35029-96-0
RR-02632-4	35837-70-8
RR-02632-4	36501-84-5
RR-02632-4	38787-87-0
RR-02632-4	41234-07-5
RR-02632-4	41453-50-3
RR-02632-4	41556-46-1
RR-02632-4	42558-73-6
RR-02632-4	50319-14-7
RR-02632-4	50825-29-1
RR-02632-4	51105-45-4
RR-02632-4	512-26-5
RR-02632-4	51317-24-9
RR-02632-4	51325-28-1
RR-02632-4	51331-05-6
RR-02632-4	51404-69-4
RR-02632-4	51868-24-7
RR-02632-4	52080-60-1
RR-02632-4	52337-73-2
RR-02632-4	52609-46-8
RR-02632-4	52652-59-2
RR-02632-4	52847-85-5
RR-02632-4	5434-72-0
RR-02632-4	54554-36-8
RR-02632-4	546-67-8
RR-02632-4	56189-09-4
RR-02632-4	56764-40-0
RR-02632-4	5711-19-3
RR-02632-4	57142-78-6
RR-02632-4	58274-53-6
RR-02632-4	58405-97-3
RR-02632-4	595-89-1
RR-02632-4	60251-56-1
RR-02632-4	60580-60-1
RR-02632-4	6107-83-1
RR-02632-4	6107-93-3
RR-02632-4	6148-48-7
RR-02632-4	61788-52-1
RR-02632-4	61788-53-2
RR-02632-4	61788-54-3
RR-02632-4	61789-50-2
RR-02632-4	61867-68-3
RR-02632-4	61993-29-1
RR-02632-4	62451-77-8
RR-02632-4	62637-99-4
RR-02632-4	63399-94-0
RR-02632-4	63400-07-7
RR-02632-4	63400-08-8
RR-02632-4	63568-30-9
RR-02632-4	63918-97-8
RR-02632-4	64504-12-7
RR-02632-4	6477-64-1
RR-02632-4	65119-94-0
RR-02632-4	65121-76-8
RR-02632-4	65121-94-0
RR-02632-4	65127-78-8
RR-02632-4	65151-08-8
RR-02632-4	6618-03-7
RR-02632-4	67674-14-0
RR-02632-4	68131-60-2
RR-02632-4	68132-23-0
RR-02632-4	68139-27-5
RR-02632-4	68152-99-8
RR-02632-4	68155-47-5
RR-02632-4	68187-37-1
RR-02632-4	6838-85-3
RR-02632-4	68409-79-0
RR-02632-4	68411-07-4
RR-02632-4	68411-33-6
RR-02632-4	68424-76-0
RR-02632-4	68442-95-5
RR-02632-4	68515-76-4
RR-02632-4	68515-77-5
RR-02632-4	68515-80-0
RR-02632-4	68553-17-3
RR-02632-4	68553-63-9
RR-02632-4	68586-21-0
RR-02632-4	68603-83-8
RR-02632-4	68603-93-0
RR-02632-4	68604-05-7
RR-02632-4	68604-56-8
RR-02632-4	68605-98-1
RR-02632-4	68610-17-3
RR-02632-4	68784-59-8
RR-02632-4	68901-11-1
RR-02632-4	68901-12-2
RR-02632-4	68937-05-3
RR-02632-4	68952-91-0
RR-02632-4	68954-05-2
RR-02632-4	68956-49-0
RR-02632-4	68989-89-9
RR-02632-4	68990-75-0
RR-02632-4	69011-06-9
RR-02632-4	69090-73-9
RR-02632-4	69103-03-3
RR-02632-4	69103-04-4
RR-02632-4	6928-68-3
RR-02632-4	70084-67-2
RR-02632-4	70268-38-1
RR-02632-4	70321-55-0
RR-02632-4	70513-89-2
RR-02632-4	7056-83-9
RR-02632-4	70727-02-5
RR-02632-4	70879-91-3
RR-02632-4	70995-63-0
RR-02632-4	71684-29-2
RR-02632-4	71686-03-8
RR-02632-4	71753-04-3
RR-02632-4	72437-77-5
RR-02632-4	72586-00-6
RR-02632-4	73105-55-2
RR-02632-4	7319-86-0
RR-02632-4	7428-48-0
RR-02632-4	74356-14-2
RR-02632-4	7442-13-9
RR-02632-4	75790-73-7
RR-02632-4	76925-97-8
RR-02632-4	79357-62-3
RR-02632-4	79803-79-5
RR-02632-4	79849-02-8
RR-02632-4	79915-08-5
RR-02632-4	79915-09-6
RR-02632-4	811-54-1
RR-02632-4	814-70-0
RR-02632-4	814-93-7
RR-02632-4	81412-57-9
RR-02632-4	815-84-9
RR-02632-4	816-68-2
RR-02632-4	819-73-8
RR-02632-4	82696-30-8
RR-02632-4	83711-45-9
RR-02632-4	83711-46-0
RR-02632-4	83711-47-1
RR-02632-4	83896-77-9
RR-02632-4	84066-98-8
RR-02632-4	84066-99-9
RR-02632-4	84067-00-5
RR-02632-4	84394-98-9
RR-02632-4	84776-36-3
RR-02632-4	84776-53-4
RR-02632-4	84776-54-5
RR-02632-4	84837-22-9
RR-02632-4	84852-34-6
RR-02632-4	84929-94-2
RR-02632-4	84929-95-3
RR-02632-4	84929-96-4
RR-02632-4	84929-97-5
RR-02632-4	84961-75-1
RR-02632-4	85049-42-9
RR-02632-4	85292-77-9
RR-02632-4	85392-77-4
RR-02632-4	85392-78-5
RR-02632-4	85682-01-5
RR-02632-4	85865-91-4
RR-02632-4	85865-92-5
RR-02632-4	86202-43-9
RR-02632-4	867-47-0
RR-02632-4	873-54-1
RR-02632-4	87835-32-3
RR-02632-4	87903-39-7
RR-02632-4	88685-10-3
RR-02632-4	9008-26-8
RR-02632-4	90193-83-2
RR-02632-4	90268-59-0
RR-02632-4	90268-66-9
RR-02632-4	90342-24-8
RR-02632-4	90342-56-6
RR-02632-4	90388-09-3
RR-02632-4	90388-10-6
RR-02632-4	90388-15-1
RR-02632-4	90431-14-4
RR-02632-4	90431-21-3
RR-02632-4	90431-26-8
RR-02632-4	90431-27-9
RR-02632-4	90431-28-0
RR-02632-4	90431-30-4
RR-02632-4	90431-31-5
RR-02632-4	90431-32-6
RR-02632-4	90431-33-7
RR-02632-4	90431-34-8
RR-02632-4	90431-35-9
RR-02632-4	90431-36-0
RR-02632-4	90431-37-1
RR-02632-4	90431-38-2
RR-02632-4	90431-39-3
RR-02632-4	90431-40-6
RR-02632-4	90431-41-7
RR-02632-4	90431-42-8
RR-02632-4	90431-43-9
RR-02632-4	90431-44-0
RR-02632-4	90459-25-9
RR-02632-4	90459-26-0
RR-02632-4	90459-28-2
RR-02632-4	90459-51-1
RR-02632-4	90459-52-2
RR-02632-4	90459-88-4
RR-02632-4	90552-19-5
RR-02632-4	90583-65-6
RR-02632-4	91002-20-9
RR-02632-4	91031-60-6
RR-02632-4	91031-61-7
RR-02632-4	91031-62-8
RR-02632-4	91078-81-8
RR-02632-4	91187-55-2
RR-02632-4	91671-82-8
RR-02632-4	91671-83-9
RR-02632-4	91671-84-0
RR-02632-4	91697-36-8
RR-02632-4	91783-10-7
RR-02632-4	92044-89-8
RR-02632-4	92045-67-5
RR-02632-4	92200-92-5
RR-02632-4	93165-26-5
RR-02632-4	93839-98-6
RR-02632-4	93840-04-1
RR-02632-4	93858-23-2
RR-02632-4	93858-24-3
RR-02632-4	93892-65-0
RR-02632-4	93894-48-5
RR-02632-4	93894-49-6
RR-02632-4	93894-64-5
RR-02632-4	93925-27-0
RR-02632-4	93965-29-8
RR-02632-4	93966-37-1
RR-02632-4	93966-38-2
RR-02632-4	93966-74-6
RR-02632-4	93981-67-0
RR-02632-4	94006-20-9
RR-02632-4	94015-57-3
RR-02632-4	94232-40-3
RR-02632-4	94246-84-1
RR-02632-4	94246-85-2
RR-02632-4	94246-86-3
RR-02632-4	94246-87-4
RR-02632-4	94246-90-9
RR-02632-4	94246-91-0
RR-02632-4	94246-92-1
RR-02632-4	94246-93-2
RR-02632-4	94266-31-6
RR-02632-4	94266-32-7
RR-02632-4	94349-78-7
RR-02632-4	94481-58-0
RR-02632-4	95860-12-1
RR-02632-4	95892-13-0
RR-02632-4	96471-22-6
RR-02632-4	97952-39-1
RR-02632-4	P-82-0043
RR-02632-4	RR-01917-0
RR-02632-4	RR-02574-1
RR-02632-4	RR-02632-4
RR-02632-4	RR-04210-4
RR-02632-4	RR-13035-8
RR-02632-4	RR-43765-0
RR-03631-7	RR-03631-7
RR-03632-8	RR-03632-8
RR-03633-9	RR-03633-9
RR-03634-0	RR-03634-0
RR-03635-1	RR-03635-1
RR-03636-2	68476-30-2
RR-03636-2	68476-34-6
RR-03636-2	RR-03636-2
RR-03637-3	68476-30-2
RR-03637-3	70892-10-3
RR-03637-3	8008-20-6
RR-03637-3	RR-03637-3
RR-03638-4	RR-03638-4
RR-03889-1	10022-47-6
RR-03889-1	100231-60-5
RR-03889-1	10031-25-1
RR-03889-1	10031-37-5
RR-03889-1	10060-12-5
RR-03889-1	10127-05-6
RR-03889-1	10127-27-2
RR-03889-1	101607-36-7
RR-03889-1	10170-68-0
RR-03889-1	101836-91-3
RR-03889-1	102322-77-0
RR-03889-1	10241-21-1
RR-03889-1	10241-27-7
RR-03889-1	102496-08-2
RR-03889-1	102506-12-7
RR-03889-1	102561-72-8
RR-03889-1	102561-73-9
RR-03889-1	102782-47-8
RR-03889-1	102782-48-9
RR-03889-1	102782-49-0
RR-03889-1	102782-50-3
RR-03889-1	103241-63-0
RR-03889-1	10343-55-2
RR-03889-1	10343-58-5
RR-03889-1	103458-48-6
RR-03889-1	103651-07-6
RR-03889-1	103651-08-7
RR-03889-1	103671-34-7
RR-03889-1	10380-30-0
RR-03889-1	103819-10-9
RR-03889-1	104105-46-6
RR-03889-1	104791-17-5
RR-03889-1	104791-31-3
RR-03889-1	104815-52-3
RR-03889-1	106084-79-1
RR-03889-1	106168-42-7
RR-03889-1	106866-56-2
RR-03889-1	109125-50-0
RR-03889-1	109125-51-1
RR-03889-1	109125-62-4
RR-03889-1	110375-89-8
RR-03889-1	110375-90-1
RR-03889-1	110532-38-2
RR-03889-1	110553-28-1
RR-03889-1	11118-57-3
RR-03889-1	112764-80-4
RR-03889-1	112764-81-5
RR-03889-1	112764-82-6
RR-03889-1	113163-33-0
RR-03889-1	114886-92-9
RR-03889-1	114886-93-0
RR-03889-1	114886-94-1
RR-03889-1	114886-95-2
RR-03889-1	114886-96-3
RR-03889-1	114886-97-4
RR-03889-1	114886-98-5
RR-03889-1	114886-99-6
RR-03889-1	114887-00-2
RR-03889-1	114887-04-6
RR-03889-1	114959-47-6
RR-03889-1	115341-05-4
RR-03889-1	115465-57-1
RR-03889-1	116032-59-8
RR-03889-1	117527-94-3
RR-03889-1	118460-97-2
RR-03889-1	118496-41-6
RR-03889-1	118556-91-5
RR-03889-1	118685-18-0
RR-03889-1	118685-19-1
RR-03889-1	118685-33-9
RR-03889-1	118716-61-3
RR-03889-1	118716-62-4
RR-03889-1	118870-19-2
RR-03889-1	119535-63-6
RR-03889-1	119654-54-5
RR-03889-1	12006-79-0
RR-03889-1	12013-31-9
RR-03889-1	12016-69-2
RR-03889-1	12017-79-7
RR-03889-1	12017-94-6
RR-03889-1	12018-22-3
RR-03889-1	120418-78-2
RR-03889-1	120418-79-3
RR-03889-1	120418-80-6
RR-03889-1	120418-81-7
RR-03889-1	120522-64-7
RR-03889-1	120522-66-9
RR-03889-1	12053-18-8
RR-03889-1	12053-39-3
RR-03889-1	120573-95-7
RR-03889-1	120574-56-3
RR-03889-1	12068-77-8
RR-03889-1	12218-94-9
RR-03889-1	12218-95-0
RR-03889-1	12225-64-8
RR-03889-1	12226-00-5
RR-03889-1	12237-22-8
RR-03889-1	12392-64-2
RR-03889-1	125378-90-7
RR-03889-1	125378-92-9
RR-03889-1	125378-93-0
RR-03889-1	125378-94-1
RR-03889-1	125378-95-2
RR-03889-1	12709-98-7
RR-03889-1	12737-27-8
RR-03889-1	127851-78-9
RR-03889-1	129984-38-9
RR-03889-1	129984-39-0
RR-03889-1	13011-65-9
RR-03889-1	130701-55-2
RR-03889-1	13221-10-8
RR-03889-1	132435-13-3
RR-03889-1	132435-14-4
RR-03889-1	132539-03-8
RR-03889-1	132539-05-0
RR-03889-1	133556-24-8
RR-03889-1	1336-14-7
RR-03889-1	13463-42-8
RR-03889-1	13475-98-4
RR-03889-1	13548-43-1
RR-03889-1	13569-75-0
RR-03889-1	13573-16-5
RR-03889-1	13573-17-6
RR-03889-1	13601-11-1
RR-03889-1	139460-45-0
RR-03889-1	140835-91-2
RR-03889-1	14282-33-8
RR-03889-1	143065-90-1
RR-03889-1	14639-25-9
RR-03889-1	149564-65-8
RR-03889-1	149564-66-9
RR-03889-1	149626-00-6
RR-03889-1	15005-90-0
RR-03889-1	15096-41-0
RR-03889-1	154857-50-8
RR-03889-1	15713-60-7
RR-03889-1	158086-59-0
RR-03889-1	159574-72-8
RR-03889-1	16065-83-1
RR-03889-1	160673-88-1
RR-03889-1	160867-07-2
RR-03889-1	160869-74-9
RR-03889-1	160901-47-3
RR-03889-1	16091-77-3
RR-03889-1	16923-74-3
RR-03889-1	17099-80-8
RR-03889-1	171966-37-3
RR-03889-1	171966-38-4
RR-03889-1	171966-39-5
RR-03889-1	171966-40-8
RR-03889-1	171966-42-0
RR-03889-1	171966-43-1
RR-03889-1	171966-44-2
RR-03889-1	171966-45-3
RR-03889-1	172018-28-9
RR-03889-1	172343-57-6
RR-03889-1	172343-59-8
RR-03889-1	172343-60-1
RR-03889-1	172343-61-2
RR-03889-1	172777-20-7
RR-03889-1	172777-25-2
RR-03889-1	172825-43-3
RR-03889-1	172928-54-0
RR-03889-1	172928-56-2
RR-03889-1	178452-71-6
RR-03889-1	178452-72-7
RR-03889-1	18324-39-5
RR-03889-1	184719-87-7
RR-03889-1	18987-99-0
RR-03889-1	190525-00-9
RR-03889-1	19154-29-1
RR-03889-1	19154-30-4
RR-03889-1	19154-31-5
RR-03889-1	192662-33-2
RR-03889-1	19441-09-9
RR-03889-1	19583-99-4
RR-03889-1	19717-98-7
RR-03889-1	21180-84-7
RR-03889-1	212716-69-3
RR-03889-1	212716-70-6
RR-03889-1	21679-31-2
RR-03889-1	219539-04-5
RR-03889-1	22967-36-8
RR-03889-1	24094-93-7
RR-03889-1	24256-56-2
RR-03889-1	24305-97-3
RR-03889-1	24613-89-6
RR-03889-1	25718-61-0
RR-03889-1	27096-04-4
RR-03889-1	27115-36-2
RR-03889-1	27425-58-7
RR-03889-1	27425-60-1
RR-03889-1	27519-39-7
RR-03889-1	27850-15-3
RR-03889-1	28155-72-8
RR-03889-1	29632-23-3
RR-03889-1	29890-29-7
RR-03889-1	30112-70-0
RR-03889-1	30785-74-1
RR-03889-1	31087-39-5
RR-03889-1	31714-55-3
RR-03889-1	32517-36-5
RR-03889-1	327177-98-0
RR-03889-1	32732-14-2
RR-03889-1	33270-70-1
RR-03889-1	3444-17-5
RR-03889-1	346693-15-0
RR-03889-1	346693-16-1
RR-03889-1	346709-18-0
RR-03889-1	346709-19-1
RR-03889-1	346709-20-4
RR-03889-1	36221-65-5
RR-03889-1	371973-51-2
RR-03889-1	38833-00-0
RR-03889-1	39002-49-8
RR-03889-1	39275-63-3
RR-03889-1	39322-04-8
RR-03889-1	39609-25-1
RR-03889-1	41741-86-0
RR-03889-1	42208-99-1
RR-03889-1	50497-83-1
RR-03889-1	50497-85-3
RR-03889-1	50525-58-1
RR-03889-1	51147-75-2
RR-03889-1	51472-11-8
RR-03889-1	51888-17-6
RR-03889-1	52256-37-8
RR-03889-1	52256-39-0
RR-03889-1	52256-40-3
RR-03889-1	52277-71-1
RR-03889-1	52277-74-4
RR-03889-1	52587-68-5
RR-03889-1	52677-44-8
RR-03889-1	52677-57-3
RR-03889-1	52953-39-6
RR-03889-1	52953-41-0
RR-03889-1	52953-42-1
RR-03889-1	53036-44-5
RR-03889-1	53036-47-8
RR-03889-1	53295-04-8
RR-03889-1	53529-09-2
RR-03889-1	54306-63-7
RR-03889-1	55039-14-0
RR-03889-1	55136-34-0
RR-03889-1	55613-78-0
RR-03889-1	55657-54-0
RR-03889-1	55809-98-8
RR-03889-1	5601-29-6
RR-03889-1	5610-64-0
RR-03889-1	56237-72-0
RR-03889-1	56466-00-3
RR-03889-1	56819-40-0
RR-03889-1	57033-98-4
RR-03889-1	57108-69-7
RR-03889-1	57206-81-2
RR-03889-1	57206-83-4
RR-03889-1	57674-14-3
RR-03889-1	57693-14-8
RR-03889-1	59178-46-0
RR-03889-1	59307-44-7
RR-03889-1	59307-46-9
RR-03889-1	59307-49-2
RR-03889-1	59335-19-2
RR-03889-1	59335-21-6
RR-03889-1	59518-88-6
RR-03889-1	61275-47-6
RR-03889-1	61623-21-0
RR-03889-1	61916-41-4
RR-03889-1	61916-42-5
RR-03889-1	61931-53-1
RR-03889-1	62524-44-1
RR-03889-1	63231-86-7
RR-03889-1	63388-88-5
RR-03889-1	6370-08-7
RR-03889-1	6370-09-8
RR-03889-1	6370-12-3
RR-03889-1	6370-14-5
RR-03889-1	6370-15-6
RR-03889-1	63872-05-9
RR-03889-1	63910-74-7
RR-03889-1	63982-58-1
RR-03889-1	6408-02-2
RR-03889-1	6408-05-5
RR-03889-1	6408-06-6
RR-03889-1	6408-19-1
RR-03889-1	6408-22-6
RR-03889-1	6408-26-0
RR-03889-1	6408-29-3
RR-03889-1	6408-31-7
RR-03889-1	6408-34-0
RR-03889-1	64452-96-6
RR-03889-1	6449-00-9
RR-03889-1	64560-69-6
RR-03889-1	64560-71-0
RR-03889-1	64611-70-7
RR-03889-1	64611-72-9
RR-03889-1	64611-73-0
RR-03889-1	6505-91-5
RR-03889-1	65277-39-6
RR-03889-1	65629-44-9
RR-03889-1	65664-27-9
RR-03889-1	65718-42-5
RR-03889-1	66006-52-8
RR-03889-1	66010-29-5
RR-03889-1	66142-95-8
RR-03889-1	6656-00-4
RR-03889-1	6656-01-5
RR-03889-1	6656-02-6
RR-03889-1	67109-27-7
RR-03889-1	6717-29-9
RR-03889-1	67352-35-6
RR-03889-1	67352-37-8
RR-03889-1	67800-97-9
RR-03889-1	67800-98-0
RR-03889-1	67893-10-1
RR-03889-1	67924-22-5
RR-03889-1	67939-06-4
RR-03889-1	67989-83-7
RR-03889-1	68039-62-3
RR-03889-1	68039-63-4
RR-03889-1	68039-65-6
RR-03889-1	68132-92-3
RR-03889-1	68133-82-4
RR-03889-1	68141-02-6
RR-03889-1	68155-48-6
RR-03889-1	68186-88-9
RR-03889-1	68186-90-3
RR-03889-1	68186-91-4
RR-03889-1	68186-92-5
RR-03889-1	68186-96-9
RR-03889-1	68186-97-0
RR-03889-1	68187-09-7
RR-03889-1	68187-11-1
RR-03889-1	68187-12-2
RR-03889-1	68187-27-9
RR-03889-1	68187-49-5
RR-03889-1	68187-53-1
RR-03889-1	68201-65-0
RR-03889-1	68201-73-0
RR-03889-1	68201-74-1
RR-03889-1	68214-26-6
RR-03889-1	68214-27-7
RR-03889-1	68227-17-8
RR-03889-1	68239-51-0
RR-03889-1	68239-52-1
RR-03889-1	68334-57-6
RR-03889-1	68368-55-8
RR-03889-1	68368-56-9
RR-03889-1	68448-46-4
RR-03889-1	68479-94-7
RR-03889-1	68479-95-8
RR-03889-1	68516-25-6
RR-03889-1	68541-69-5
RR-03889-1	68541-70-8
RR-03889-1	68541-71-9
RR-03889-1	68553-01-5
RR-03889-1	68555-06-6
RR-03889-1	68556-27-4
RR-03889-1	685853-81-0
RR-03889-1	68610-93-5
RR-03889-1	68611-42-7
RR-03889-1	68833-89-6
RR-03889-1	68833-90-9
RR-03889-1	68900-70-9
RR-03889-1	68900-71-0
RR-03889-1	68909-79-5
RR-03889-1	68912-09-4
RR-03889-1	68912-10-7
RR-03889-1	68912-11-8
RR-03889-1	68922-28-1
RR-03889-1	68958-93-0
RR-03889-1	68958-96-3
RR-03889-1	68966-87-0
RR-03889-1	68966-88-1
RR-03889-1	68966-92-7
RR-03889-1	68966-94-9
RR-03889-1	68966-99-4
RR-03889-1	69373-03-1
RR-03889-1	69882-08-2
RR-03889-1	69943-64-2
RR-03889-1	69943-65-3
RR-03889-1	69943-66-4
RR-03889-1	69997-91-7
RR-03889-1	70029-25-3
RR-03889-1	70179-70-3
RR-03889-1	70198-31-1
RR-03889-1	70209-86-8
RR-03889-1	70209-87-9
RR-03889-1	70236-40-7
RR-03889-1	70236-42-9
RR-03889-1	70236-55-4
RR-03889-1	70236-56-5
RR-03889-1	70236-57-6
RR-03889-1	70236-60-1
RR-03889-1	70236-61-2
RR-03889-1	70236-62-3
RR-03889-1	70247-75-5
RR-03889-1	70247-77-7
RR-03889-1	70281-39-9
RR-03889-1	70281-41-3
RR-03889-1	70288-95-8
RR-03889-1	70529-04-3
RR-03889-1	70703-37-6
RR-03889-1	70776-54-4
RR-03889-1	70776-97-5
RR-03889-1	70788-62-4
RR-03889-1	70788-63-5
RR-03889-1	70815-17-7
RR-03889-1	70833-33-9
RR-03889-1	70833-36-2
RR-03889-1	70851-41-1
RR-03889-1	70880-00-1
RR-03889-1	70880-01-2
RR-03889-1	70880-02-3
RR-03889-1	70892-94-3
RR-03889-1	70900-26-4
RR-03889-1	70942-15-3
RR-03889-1	71032-93-4
RR-03889-1	71076-98-7
RR-03889-1	71205-50-0
RR-03889-1	71343-04-9
RR-03889-1	71361-25-6
RR-03889-1	71550-00-0
RR-03889-1	71566-29-5
RR-03889-1	71566-31-9
RR-03889-1	71598-27-1
RR-03889-1	71598-32-8
RR-03889-1	71598-33-9
RR-03889-1	71598-34-0
RR-03889-1	71598-35-1
RR-03889-1	71631-15-7
RR-03889-1	71648-65-2
RR-03889-1	71701-12-7
RR-03889-1	71701-13-8
RR-03889-1	71701-15-0
RR-03889-1	71701-16-1
RR-03889-1	71735-55-2
RR-03889-1	71735-58-5
RR-03889-1	71750-83-9
RR-03889-1	71767-18-5
RR-03889-1	71839-77-5
RR-03889-1	71839-79-7
RR-03889-1	71839-80-0
RR-03889-1	71839-81-1
RR-03889-1	71839-83-3
RR-03889-1	71839-85-5
RR-03889-1	71839-90-2
RR-03889-1	71839-91-3
RR-03889-1	71889-21-9
RR-03889-1	71902-28-8
RR-03889-1	72017-66-4
RR-03889-1	72139-07-2
RR-03889-1	72259-07-5
RR-03889-1	72259-15-5
RR-03889-1	72259-16-6
RR-03889-1	72275-69-5
RR-03889-1	72379-38-5
RR-03889-1	72379-39-6
RR-03889-1	72403-65-7
RR-03889-1	72403-66-8
RR-03889-1	72429-11-9
RR-03889-1	72429-12-0
RR-03889-1	72453-60-2
RR-03889-1	72467-46-0
RR-03889-1	72479-29-9
RR-03889-1	72479-31-3
RR-03889-1	72479-91-5
RR-03889-1	72479-92-6
RR-03889-1	72479-93-7
RR-03889-1	72479-94-8
RR-03889-1	72496-90-3
RR-03889-1	72509-81-0
RR-03889-1	72574-52-8
RR-03889-1	72709-84-3
RR-03889-1	72765-46-9
RR-03889-1	72765-47-0
RR-03889-1	72796-98-6
RR-03889-1	72796-99-7
RR-03889-1	72797-00-3
RR-03889-1	72797-01-4
RR-03889-1	72797-02-5
RR-03889-1	72797-03-6
RR-03889-1	72797-04-7
RR-03889-1	72797-05-8
RR-03889-1	72797-06-9
RR-03889-1	72797-07-0
RR-03889-1	72797-10-5
RR-03889-1	72797-11-6
RR-03889-1	72797-12-7
RR-03889-1	72797-13-8
RR-03889-1	72812-20-5
RR-03889-1	72812-21-6
RR-03889-1	72812-22-7
RR-03889-1	72812-23-8
RR-03889-1	72812-24-9
RR-03889-1	72812-25-0
RR-03889-1	72812-26-1
RR-03889-1	72812-27-2
RR-03889-1	72812-28-3
RR-03889-1	72812-29-4
RR-03889-1	72812-30-7
RR-03889-1	72812-31-8
RR-03889-1	72812-32-9
RR-03889-1	72812-33-0
RR-03889-1	72812-34-1
RR-03889-1	72812-35-2
RR-03889-1	72812-36-3
RR-03889-1	72812-37-4
RR-03889-1	72812-38-5
RR-03889-1	72829-08-4
RR-03889-1	72829-32-4
RR-03889-1	72829-34-6
RR-03889-1	72845-51-3
RR-03889-1	72845-52-4
RR-03889-1	72845-53-5
RR-03889-1	72845-54-6
RR-03889-1	72845-55-7
RR-03889-1	72845-56-8
RR-03889-1	72845-57-9
RR-03889-1	72845-58-0
RR-03889-1	72845-59-1
RR-03889-1	72845-60-4
RR-03889-1	72845-61-5
RR-03889-1	72845-62-6
RR-03889-1	72845-64-8
RR-03889-1	72845-65-9
RR-03889-1	72845-66-0
RR-03889-1	72845-67-1
RR-03889-1	72845-68-2
RR-03889-1	72845-69-3
RR-03889-1	72845-70-6
RR-03889-1	72845-72-8
RR-03889-1	72845-73-9
RR-03889-1	72845-74-0
RR-03889-1	72845-75-1
RR-03889-1	72846-03-8
RR-03889-1	72846-04-9
RR-03889-1	72854-28-5
RR-03889-1	72854-29-6
RR-03889-1	72854-30-9
RR-03889-1	72854-31-0
RR-03889-1	72854-32-1
RR-03889-1	72854-34-3
RR-03889-1	72854-35-4
RR-03889-1	72869-40-0
RR-03889-1	72869-41-1
RR-03889-1	72869-42-2
RR-03889-1	72869-43-3
RR-03889-1	72869-44-4
RR-03889-1	72869-45-5
RR-03889-1	72869-46-6
RR-03889-1	72869-47-7
RR-03889-1	72869-48-8
RR-03889-1	72869-49-9
RR-03889-1	72869-50-2
RR-03889-1	72869-51-3
RR-03889-1	72869-52-4
RR-03889-1	72869-53-5
RR-03889-1	72869-54-6
RR-03889-1	72869-55-7
RR-03889-1	72869-56-8
RR-03889-1	72869-57-9
RR-03889-1	72869-58-0
RR-03889-1	72869-59-1
RR-03889-1	72869-60-4
RR-03889-1	72869-61-5
RR-03889-1	72869-85-3
RR-03889-1	72906-58-2
RR-03889-1	72906-60-6
RR-03889-1	72928-72-4
RR-03889-1	72928-74-6
RR-03889-1	72928-75-7
RR-03889-1	72928-78-0
RR-03889-1	72928-79-1
RR-03889-1	72928-80-4
RR-03889-1	72928-81-5
RR-03889-1	72928-82-6
RR-03889-1	72928-83-7
RR-03889-1	72928-84-8
RR-03889-1	72928-85-9
RR-03889-1	72928-86-0
RR-03889-1	72928-87-1
RR-03889-1	72928-88-2
RR-03889-1	72928-89-3
RR-03889-1	72928-90-6
RR-03889-1	72939-56-1
RR-03889-1	72939-57-2
RR-03889-1	72939-58-3
RR-03889-1	72968-16-2
RR-03889-1	72986-48-2
RR-03889-1	72986-63-1
RR-03889-1	72986-64-2
RR-03889-1	72986-65-3
RR-03889-1	72986-66-4
RR-03889-1	72986-67-5
RR-03889-1	72986-68-6
RR-03889-1	72986-69-7
RR-03889-1	72986-70-0
RR-03889-1	72986-71-1
RR-03889-1	72986-72-2
RR-03889-1	72986-73-3
RR-03889-1	72986-74-4
RR-03889-1	72986-75-5
RR-03889-1	72986-77-7
RR-03889-1	72986-78-8
RR-03889-1	72986-79-9
RR-03889-1	72986-81-3
RR-03889-1	72986-84-6
RR-03889-1	72986-85-7
RR-03889-1	72986-86-8
RR-03889-1	72986-87-9
RR-03889-1	72986-88-0
RR-03889-1	72986-89-1
RR-03889-1	72986-91-5
RR-03889-1	72986-92-6
RR-03889-1	72986-93-7
RR-03889-1	72986-94-8
RR-03889-1	72986-95-9
RR-03889-1	72986-96-0
RR-03889-1	72986-97-1
RR-03889-1	72986-98-2
RR-03889-1	72986-99-3
RR-03889-1	72987-00-9
RR-03889-1	72987-01-0
RR-03889-1	72987-02-1
RR-03889-1	72987-03-2
RR-03889-1	72987-04-3
RR-03889-1	72987-05-4
RR-03889-1	72987-08-7
RR-03889-1	72987-09-8
RR-03889-1	72987-11-2
RR-03889-1	72987-12-3
RR-03889-1	72987-13-4
RR-03889-1	72987-15-6
RR-03889-1	73003-22-2
RR-03889-1	73003-25-5
RR-03889-1	73003-26-6
RR-03889-1	73003-27-7
RR-03889-1	73003-29-9
RR-03889-1	73003-30-2
RR-03889-1	73003-31-3
RR-03889-1	73003-32-4
RR-03889-1	73003-33-5
RR-03889-1	73003-34-6
RR-03889-1	73003-92-6
RR-03889-1	73003-93-7
RR-03889-1	73003-94-8
RR-03889-1	73003-95-9
RR-03889-1	73003-96-0
RR-03889-1	73003-97-1
RR-03889-1	73003-98-2
RR-03889-1	73018-70-9
RR-03889-1	73018-71-0
RR-03889-1	73018-72-1
RR-03889-1	73018-73-2
RR-03889-1	73018-74-3
RR-03889-1	73018-75-4
RR-03889-1	73018-76-5
RR-03889-1	73018-77-6
RR-03889-1	73018-78-7
RR-03889-1	73018-79-8
RR-03889-1	73018-85-6
RR-03889-1	73018-86-7
RR-03889-1	73038-31-0
RR-03889-1	73049-38-4
RR-03889-1	73195-16-1
RR-03889-1	73275-56-6
RR-03889-1	73275-57-7
RR-03889-1	73287-39-5
RR-03889-1	73287-40-8
RR-03889-1	73287-41-9
RR-03889-1	73287-43-1
RR-03889-1	73287-44-2
RR-03889-1	73287-45-3
RR-03889-1	73287-46-4
RR-03889-1	73297-00-4
RR-03889-1	73297-01-5
RR-03889-1	73297-11-7
RR-03889-1	73297-12-8
RR-03889-1	73297-13-9
RR-03889-1	73297-15-1
RR-03889-1	73297-20-8
RR-03889-1	73324-04-6
RR-03889-1	73324-05-7
RR-03889-1	73324-06-8
RR-03889-1	73334-12-0
RR-03889-1	73347-81-6
RR-03889-1	73360-60-8
RR-03889-1	73360-61-9
RR-03889-1	73360-62-0
RR-03889-1	73360-63-1
RR-03889-1	73360-64-2
RR-03889-1	73360-65-3
RR-03889-1	73378-61-7
RR-03889-1	73398-67-1
RR-03889-1	73398-68-2
RR-03889-1	73507-06-9
RR-03889-1	73507-08-1
RR-03889-1	73507-09-2
RR-03889-1	73507-10-5
RR-03889-1	73507-13-8
RR-03889-1	73507-15-0
RR-03889-1	73507-16-1
RR-03889-1	73507-17-2
RR-03889-1	73507-18-3
RR-03889-1	73507-25-2
RR-03889-1	73507-64-9
RR-03889-1	73507-65-0
RR-03889-1	73507-68-3
RR-03889-1	73507-69-4
RR-03889-1	73507-72-9
RR-03889-1	73513-78-7
RR-03889-1	73513-79-8
RR-03889-1	73513-80-1
RR-03889-1	73514-04-2
RR-03889-1	73559-51-0
RR-03889-1	73559-52-1
RR-03889-1	74051-91-5
RR-03889-1	74063-47-1
RR-03889-1	74082-16-9
RR-03889-1	74196-15-9
RR-03889-1	74196-16-0
RR-03889-1	74196-17-1
RR-03889-1	74354-92-0
RR-03889-1	74411-37-3
RR-03889-1	74411-39-5
RR-03889-1	74421-71-9
RR-03889-1	74665-01-3
RR-03889-1	74920-95-9
RR-03889-1	75150-09-3
RR-03889-1	75199-03-0
RR-03889-1	75199-04-1
RR-03889-1	75199-05-2
RR-03889-1	75199-06-3
RR-03889-1	75199-07-4
RR-03889-1	75199-08-5
RR-03889-1	75214-56-1
RR-03889-1	75214-57-2
RR-03889-1	75214-58-3
RR-03889-1	75214-65-2
RR-03889-1	75214-68-5
RR-03889-1	75214-69-6
RR-03889-1	75214-70-9
RR-03889-1	75234-41-2
RR-03889-1	75268-74-5
RR-03889-1	75268-75-6
RR-03889-1	75268-76-7
RR-03889-1	75268-78-9
RR-03889-1	75660-32-1
RR-03889-1	75718-03-5
RR-03889-1	75920-34-2
RR-03889-1	77242-26-3
RR-03889-1	77496-01-6
RR-03889-1	7788-97-8
RR-03889-1	7788-99-0
RR-03889-1	7789-02-8
RR-03889-1	78592-92-4
RR-03889-1	79135-15-2
RR-03889-1	79371-81-6
RR-03889-1	79502-95-7
RR-03889-1	79665-38-6
RR-03889-1	79682-34-1
RR-03889-1	79828-43-6
RR-03889-1	79828-44-7
RR-03889-1	79978-83-9
RR-03889-1	80440-73-9
RR-03889-1	80476-37-5
RR-03889-1	80997-91-7
RR-03889-1	80997-92-8
RR-03889-1	80997-93-9
RR-03889-1	80997-94-0
RR-03889-1	80997-95-1
RR-03889-1	81013-01-6
RR-03889-1	81361-04-8
RR-03889-1	81361-05-9
RR-03889-1	81361-06-0
RR-03889-1	81372-34-1
RR-03889-1	81457-66-1
RR-03889-1	81642-71-9
RR-03889-1	82338-75-8
RR-03889-1	82338-77-0
RR-03889-1	82338-78-1
RR-03889-1	82457-11-2
RR-03889-1	82457-13-4
RR-03889-1	82933-88-8
RR-03889-1	82933-90-2
RR-03889-1	83027-56-9
RR-03889-1	83027-57-0
RR-03889-1	83027-58-1
RR-03889-1	83232-44-4
RR-03889-1	83232-45-5
RR-03889-1	83232-46-6
RR-03889-1	83232-47-7
RR-03889-1	83232-48-8
RR-03889-1	83232-49-9
RR-03889-1	83232-50-2
RR-03889-1	83232-51-3
RR-03889-1	83249-26-7
RR-03889-1	83249-27-8
RR-03889-1	83249-62-1
RR-03889-1	83249-63-2
RR-03889-1	83249-64-3
RR-03889-1	83249-65-4
RR-03889-1	83249-66-5
RR-03889-1	83249-67-6
RR-03889-1	83562-94-1
RR-03889-1	83732-89-2
RR-03889-1	83732-90-5
RR-03889-1	83732-91-6
RR-03889-1	83732-92-7
RR-03889-1	83732-93-8
RR-03889-1	83732-94-9
RR-03889-1	83732-95-0
RR-03889-1	83732-96-1
RR-03889-1	83732-97-2
RR-03889-1	83732-98-3
RR-03889-1	83733-00-0
RR-03889-1	83733-01-1
RR-03889-1	83733-04-4
RR-03889-1	83733-05-5
RR-03889-1	83733-06-6
RR-03889-1	83733-07-7
RR-03889-1	83733-08-8
RR-03889-1	83733-09-9
RR-03889-1	83733-10-2
RR-03889-1	83733-12-4
RR-03889-1	83733-14-6
RR-03889-1	83733-15-7
RR-03889-1	83733-16-8
RR-03889-1	83733-17-9
RR-03889-1	83733-18-0
RR-03889-1	83733-19-1
RR-03889-1	83733-20-4
RR-03889-1	83733-21-5
RR-03889-1	83733-23-7
RR-03889-1	83733-24-8
RR-03889-1	83748-22-5
RR-03889-1	83748-23-6
RR-03889-1	83803-64-9
RR-03889-1	83803-66-1
RR-03889-1	83803-68-3
RR-03889-1	83804-09-5
RR-03889-1	83804-10-8
RR-03889-1	83804-11-9
RR-03889-1	83804-12-0
RR-03889-1	83804-13-1
RR-03889-1	83804-14-2
RR-03889-1	83804-15-3
RR-03889-1	83804-16-4
RR-03889-1	83817-77-0
RR-03889-1	83833-37-8
RR-03889-1	83863-35-8
RR-03889-1	83863-36-9
RR-03889-1	83863-37-0
RR-03889-1	83863-38-1
RR-03889-1	83949-51-3
RR-03889-1	83949-53-5
RR-03889-1	83949-54-6
RR-03889-1	83949-55-7
RR-03889-1	83949-56-8
RR-03889-1	83949-59-1
RR-03889-1	83949-60-4
RR-03889-1	83949-61-5
RR-03889-1	83984-90-1
RR-03889-1	84030-54-6
RR-03889-1	84030-55-7
RR-03889-1	84030-57-9
RR-03889-1	84030-63-7
RR-03889-1	84057-74-9
RR-03889-1	84074-46-4
RR-03889-1	84082-98-4
RR-03889-1	84082-99-5
RR-03889-1	84099-97-8
RR-03889-1	84145-95-9
RR-03889-1	84179-66-8
RR-03889-1	84195-80-2
RR-03889-1	84195-81-3
RR-03889-1	84195-82-4
RR-03889-1	84195-83-5
RR-03889-1	84195-84-6
RR-03889-1	84195-87-9
RR-03889-1	84195-88-0
RR-03889-1	84195-89-1
RR-03889-1	84195-90-4
RR-03889-1	84195-91-5
RR-03889-1	84195-92-6
RR-03889-1	84204-63-7
RR-03889-1	84215-37-2
RR-03889-1	84215-38-3
RR-03889-1	84215-39-4
RR-03889-1	84215-40-7
RR-03889-1	84215-41-8
RR-03889-1	84434-74-2
RR-03889-1	84682-43-9
RR-03889-1	84682-44-0
RR-03889-1	84682-45-1
RR-03889-1	84682-46-2
RR-03889-1	84777-12-8
RR-03889-1	84777-13-9
RR-03889-1	84777-14-0
RR-03889-1	84777-15-1
RR-03889-1	84777-16-2
RR-03889-1	84777-17-3
RR-03889-1	84777-18-4
RR-03889-1	84777-19-5
RR-03889-1	84777-20-8
RR-03889-1	84777-21-9
RR-03889-1	84777-22-0
RR-03889-1	84777-23-1
RR-03889-1	84777-70-8
RR-03889-1	84777-72-0
RR-03889-1	84812-61-3
RR-03889-1	84812-63-5
RR-03889-1	84878-20-6
RR-03889-1	84878-21-7
RR-03889-1	84896-45-7
RR-03889-1	84961-40-0
RR-03889-1	84961-41-1
RR-03889-1	84961-84-2
RR-03889-1	84961-85-3
RR-03889-1	84961-86-4
RR-03889-1	84962-27-6
RR-03889-1	84962-28-7
RR-03889-1	84962-32-3
RR-03889-1	84989-19-5
RR-03889-1	84989-20-8
RR-03889-1	84989-21-9
RR-03889-1	84989-22-0
RR-03889-1	84989-24-2
RR-03889-1	84989-25-3
RR-03889-1	84989-26-4
RR-03889-1	84989-27-5
RR-03889-1	84989-45-7
RR-03889-1	85005-53-4
RR-03889-1	85029-57-8
RR-03889-1	85029-58-9
RR-03889-1	85029-59-0
RR-03889-1	85049-61-2
RR-03889-1	85049-62-3
RR-03889-1	85049-63-4
RR-03889-1	85049-64-5
RR-03889-1	85049-65-6
RR-03889-1	85049-66-7
RR-03889-1	85049-67-8
RR-03889-1	85049-68-9
RR-03889-1	85049-69-0
RR-03889-1	85049-70-3
RR-03889-1	85049-71-4
RR-03889-1	85068-39-9
RR-03889-1	85085-79-6
RR-03889-1	85085-81-0
RR-03889-1	85099-42-9
RR-03889-1	85099-44-1
RR-03889-1	85116-65-0
RR-03889-1	85116-66-1
RR-03889-1	85117-52-8
RR-03889-1	85117-53-9
RR-03889-1	85118-16-7
RR-03889-1	85118-17-8
RR-03889-1	85118-18-9
RR-03889-1	85118-20-3
RR-03889-1	85136-44-3
RR-03889-1	85168-72-5
RR-03889-1	85186-12-5
RR-03889-1	85186-13-6
RR-03889-1	85186-63-6
RR-03889-1	85186-64-7
RR-03889-1	85186-66-9
RR-03889-1	85186-67-0
RR-03889-1	85186-69-2
RR-03889-1	85252-26-2
RR-03889-1	85305-02-8
RR-03889-1	85392-61-6
RR-03889-1	85392-63-8
RR-03889-1	85407-92-7
RR-03889-1	85407-93-8
RR-03889-1	85408-46-4
RR-03889-1	85443-53-4
RR-03889-1	85443-55-6
RR-03889-1	85443-57-8
RR-03889-1	85443-59-0
RR-03889-1	85443-60-3
RR-03889-1	85443-61-4
RR-03889-1	85443-62-5
RR-03889-1	85443-63-6
RR-03889-1	85443-64-7
RR-03889-1	85443-67-0
RR-03889-1	85443-68-1
RR-03889-1	85443-70-5
RR-03889-1	85452-86-4
RR-03889-1	85455-32-9
RR-03889-1	85455-34-1
RR-03889-1	85480-62-2
RR-03889-1	85480-63-3
RR-03889-1	85480-64-4
RR-03889-1	85480-65-5
RR-03889-1	85507-82-0
RR-03889-1	85536-24-9
RR-03889-1	85631-45-4
RR-03889-1	85631-46-5
RR-03889-1	85631-47-6
RR-03889-1	85650-72-2
RR-03889-1	85650-73-3
RR-03889-1	85737-08-2
RR-03889-1	85737-12-8
RR-03889-1	85828-73-5
RR-03889-1	85828-74-6
RR-03889-1	85828-75-7
RR-03889-1	85828-76-8
RR-03889-1	85828-85-9
RR-03889-1	85828-86-0
RR-03889-1	85865-83-4
RR-03889-1	85865-88-9
RR-03889-1	85865-89-0
RR-03889-1	85940-15-4
RR-03889-1	85958-81-2
RR-03889-1	85958-82-3
RR-03889-1	85958-83-4
RR-03889-1	85958-84-5
RR-03889-1	85958-85-6
RR-03889-1	85958-90-3
RR-03889-1	85959-72-4
RR-03889-1	85959-74-6
RR-03889-1	85959-76-8
RR-03889-1	85959-80-4
RR-03889-1	85959-84-8
RR-03889-1	86242-89-9
RR-03889-1	86242-90-2
RR-03889-1	86262-20-6
RR-03889-1	86437-46-9
RR-03889-1	88031-28-1
RR-03889-1	88330-20-5
RR-03889-1	88377-66-6
RR-03889-1	89899-24-1
RR-03889-1	89899-25-2
RR-03889-1	89923-63-7
RR-03889-1	90241-26-2
RR-03889-1	90294-35-2
RR-03889-1	90294-36-3
RR-03889-1	90294-37-4
RR-03889-1	90294-38-5
RR-03889-1	90294-39-6
RR-03889-1	90294-40-9
RR-03889-1	90294-41-0
RR-03889-1	90294-42-1
RR-03889-1	90294-43-2
RR-03889-1	90294-44-3
RR-03889-1	90294-45-4
RR-03889-1	90294-46-5
RR-03889-1	90294-47-6
RR-03889-1	90294-48-7
RR-03889-1	90294-49-8
RR-03889-1	90294-50-1
RR-03889-1	90294-51-2
RR-03889-1	90294-52-3
RR-03889-1	90294-53-4
RR-03889-1	90294-54-5
RR-03889-1	90294-55-6
RR-03889-1	90294-56-7
RR-03889-1	90294-57-8
RR-03889-1	90294-58-9
RR-03889-1	90294-59-0
RR-03889-1	90294-60-3
RR-03889-1	90677-69-3
RR-03889-1	90677-70-6
RR-03889-1	91144-27-3
RR-03889-1	91144-28-4
RR-03889-1	91159-19-2
RR-03889-1	91672-56-9
RR-03889-1	91672-57-0
RR-03889-1	91672-58-1
RR-03889-1	91672-59-2
RR-03889-1	91672-60-5
RR-03889-1	91672-61-6
RR-03889-1	91672-62-7
RR-03889-1	91672-63-8
RR-03889-1	91672-64-9
RR-03889-1	91745-37-8
RR-03889-1	91992-99-3
RR-03889-1	92388-81-3
RR-03889-1	93293-65-3
RR-03889-1	93572-59-9
RR-03889-1	93572-86-2
RR-03889-1	93572-87-3
RR-03889-1	93573-23-0
RR-03889-1	93606-19-0
RR-03889-1	93606-20-3
RR-03889-1	93693-29-9
RR-03889-1	93693-30-2
RR-03889-1	93776-32-0
RR-03889-1	93776-33-1
RR-03889-1	93776-35-3
RR-03889-1	93776-37-5
RR-03889-1	93783-53-0
RR-03889-1	93783-57-4
RR-03889-1	93783-61-0
RR-03889-1	93783-62-1
RR-03889-1	93783-63-2
RR-03889-1	93783-71-2
RR-03889-1	93783-72-3
RR-03889-1	93820-13-4
RR-03889-1	93820-14-5
RR-03889-1	93820-16-7
RR-03889-1	93820-70-3
RR-03889-1	93820-71-4
RR-03889-1	93820-72-5
RR-03889-1	93839-66-8
RR-03889-1	93839-67-9
RR-03889-1	93843-04-0
RR-03889-1	93891-79-3
RR-03889-1	93893-29-9
RR-03889-1	93940-24-0
RR-03889-1	93940-27-3
RR-03889-1	93940-42-2
RR-03889-1	93940-68-2
RR-03889-1	93941-95-8
RR-03889-1	93941-96-9
RR-03889-1	93952-24-0
RR-03889-1	93962-87-9
RR-03889-1	93962-90-4
RR-03889-1	93964-92-2
RR-03889-1	93964-93-3
RR-03889-1	93964-94-4
RR-03889-1	94016-43-0
RR-03889-1	94021-50-8
RR-03889-1	94021-52-0
RR-03889-1	94021-55-3
RR-03889-1	94021-56-4
RR-03889-1	94232-93-6
RR-03889-1	94232-94-7
RR-03889-1	94232-95-8
RR-03889-1	94232-96-9
RR-03889-1	94232-98-1
RR-03889-1	94233-12-2
RR-03889-1	94233-13-3
RR-03889-1	94233-14-4
RR-03889-1	94233-15-5
RR-03889-1	94233-16-6
RR-03889-1	94233-17-7
RR-03889-1	94246-67-0
RR-03889-1	94247-65-1
RR-03889-1	94276-21-8
RR-03889-1	94276-22-9
RR-03889-1	94276-24-1
RR-03889-1	94276-26-3
RR-03889-1	94276-27-4
RR-03889-1	94276-28-5
RR-03889-1	94276-29-6
RR-03889-1	94276-30-9
RR-03889-1	94276-31-0
RR-03889-1	94276-32-1
RR-03889-1	94276-33-2
RR-03889-1	94276-35-4
RR-03889-1	94276-36-5
RR-03889-1	94276-64-9
RR-03889-1	94276-65-0
RR-03889-1	94276-66-1
RR-03889-1	94276-67-2
RR-03889-1	94276-69-4
RR-03889-1	94276-70-7
RR-03889-1	94276-80-9
RR-03889-1	94276-81-0
RR-03889-1	94277-59-5
RR-03889-1	94277-60-8
RR-03889-1	94277-61-9
RR-03889-1	94277-62-0
RR-03889-1	94277-63-1
RR-03889-1	94277-67-5
RR-03889-1	94277-68-6
RR-03889-1	94277-69-7
RR-03889-1	94277-74-4
RR-03889-1	94292-05-4
RR-03889-1	94292-06-5
RR-03889-1	94292-08-7
RR-03889-1	94551-58-3
RR-03889-1	94552-19-9
RR-03889-1	94933-05-8
RR-03889-1	94979-18-7
RR-03889-1	94979-19-8
RR-03889-1	95008-81-4
RR-03889-1	95193-71-8
RR-03889-1	95873-75-9
RR-03889-1	95892-09-4
RR-03889-1	95892-10-7
RR-03889-1	95892-11-8
RR-03889-1	96293-54-8
RR-03889-1	96395-62-9
RR-03889-1	96508-11-1
RR-03889-1	96508-12-2
RR-03889-1	97158-56-0
RR-03889-1	97171-70-5
RR-03889-1	97298-47-0
RR-03889-1	97338-20-0
RR-03889-1	97338-21-1
RR-03889-1	97338-22-2
RR-03889-1	97338-25-5
RR-03889-1	97338-26-6
RR-03889-1	97392-82-0
RR-03889-1	97403-81-1
RR-03889-1	97416-91-6
RR-03889-1	97416-93-8
RR-03889-1	97416-94-9
RR-03889-1	97467-62-4
RR-03889-1	97467-63-5
RR-03889-1	97659-24-0
RR-03889-1	97692-41-6
RR-03889-1	97862-14-1
RR-03889-1	97862-65-2
RR-03889-1	98171-55-2
RR-03889-1	98171-56-3
RR-03889-1	98171-57-4
RR-03889-1	98171-58-5
RR-03889-1	98171-59-6
RR-03889-1	98171-60-9
RR-03889-1	98690-34-7
RR-03889-1	98903-88-9
RR-03889-1	99148-50-2
RR-03889-1	99148-51-3
RR-03889-1	RR-03889-1
RR-03889-1	RR-145634-4
RR-03889-1	RR-152293-6
RR-03889-1	RR-16884-3
RR-03889-1	RR-24450-8
RR-03889-1	RR-42523-0
RR-03889-1	RR-45029-3
RR-03889-1	RR-55510-2
RR-04063-1	RR-04063-1
RR-04064-2	10332-51-1
RR-04064-2	6155-57-3
RR-04064-2	6381-61-9
RR-04064-2	6381-91-5
RR-04064-2	RR-04064-2
RR-04065-3	RR-04065-3
RR-04126-9	RR-04126-9
RR-04127-0	RR-04127-0
RR-04128-1	RR-04128-1
RR-10392-4	RR-10392-4
RR-10393-5	RR-10393-5
RR-10394-6	RR-10394-6
RR-146126-3	RR-146126-3
RR-146127-4	RR-146127-4
RR-16472-7	10026-17-2
RR-16472-7	10026-20-7
RR-16472-7	10026-22-9
RR-16472-7	10026-24-1
RR-16472-7	10124-43-3
RR-16472-7	10141-05-6
RR-16472-7	114950-15-1
RR-16472-7	117091-68-6
RR-16472-7	12016-69-2
RR-16472-7	12263-08-0
RR-16472-7	123334-29-2
RR-16472-7	12427-42-8
RR-16472-7	125552-50-3
RR-16472-7	128409-73-4
RR-16472-7	130391-06-9
RR-16472-7	1307-96-6
RR-16472-7	13078-49-4
RR-16472-7	1333-88-6
RR-16472-7	1345-19-3
RR-16472-7	13455-25-9
RR-16472-7	13455-31-7
RR-16472-7	13455-33-9
RR-16472-7	13455-34-0
RR-16472-7	13455-36-2
RR-16472-7	13478-33-6
RR-16472-7	13586-38-4
RR-16472-7	13596-21-9
RR-16472-7	13596-22-0
RR-16472-7	13596-46-8
RR-16472-7	136-52-7
RR-16472-7	13701-68-3
RR-16472-7	137506-60-6
RR-16472-7	13762-14-6
RR-16472-7	13817-37-3
RR-16472-7	13821-10-8
RR-16472-7	13859-51-3
RR-16472-7	13869-30-2
RR-16472-7	14017-41-5
RR-16472-7	14024-48-7
RR-16472-7	14025-10-6
RR-16472-7	14033-48-8
RR-16472-7	14123-08-1
RR-16472-7	14126-32-0
RR-16472-7	14128-95-1
RR-16472-7	14167-18-1
RR-16472-7	14172-90-8
RR-16472-7	14217-00-6
RR-16472-7	14285-59-7
RR-16472-7	14355-30-7
RR-16472-7	14405-50-6
RR-16472-7	14564-70-6
RR-16472-7	14582-18-4
RR-16472-7	14590-13-7
RR-16472-7	14590-19-3
RR-16472-7	14591-57-2
RR-16472-7	14640-56-3
RR-16472-7	14690-59-6
RR-16472-7	14732-58-2
RR-16472-7	14931-83-0
RR-16472-7	14960-16-8
RR-16472-7	15137-09-4
RR-16472-7	15238-00-3
RR-16472-7	15520-31-7
RR-16472-7	1560-69-6
RR-16472-7	15684-35-2
RR-16472-7	1588-79-0
RR-16472-7	15974-34-2
RR-16472-7	16039-54-6
RR-16472-7	16092-38-9
RR-16472-7	16544-92-6
RR-16472-7	16972-55-7
RR-16472-7	171200-71-8
RR-16472-7	176763-62-5
RR-16472-7	17786-31-1
RR-16472-7	18201-52-0
RR-16472-7	182496-55-5
RR-16472-7	18285-21-7
RR-16472-7	18718-10-0
RR-16472-7	18727-04-3
RR-16472-7	188264-84-8
RR-16472-7	189279-89-8
RR-16472-7	19052-32-5
RR-16472-7	19192-71-3
RR-16472-7	19224-80-7
RR-16472-7	19330-29-1
RR-16472-7	19648-83-0
RR-16472-7	20427-11-6
RR-16472-7	206986-92-7
RR-16472-7	207124-67-2
RR-16472-7	207124-68-3
RR-16472-7	207124-69-4
RR-16472-7	21041-93-0
RR-16472-7	212250-92-5
RR-16472-7	22088-57-9
RR-16472-7	23209-26-9
RR-16472-7	24212-54-2
RR-16472-7	24704-41-4
RR-16472-7	24719-19-5
RR-16472-7	24828-46-4
RR-16472-7	25215-19-4
RR-16472-7	259259-80-8
RR-16472-7	25971-15-7
RR-16472-7	26490-63-1
RR-16472-7	26603-20-3
RR-16472-7	27685-51-4
RR-16472-7	28029-53-0
RR-16472-7	28038-39-3
RR-16472-7	28903-71-1
RR-16472-7	29383-29-7
RR-16472-7	29871-10-1
RR-16472-7	29904-98-1
RR-16472-7	29977-10-4
RR-16472-7	3017-60-5
RR-16472-7	30638-08-5
RR-16472-7	32441-17-1
RR-16472-7	3252-99-1
RR-16472-7	3267-76-3
RR-16472-7	3317-67-7
RR-16472-7	361346-80-7
RR-16472-7	36217-04-6
RR-16472-7	36499-65-7
RR-16472-7	37981-00-3
RR-16472-7	38233-75-9
RR-16472-7	38582-17-1
RR-16472-7	40621-10-1
RR-16472-7	41122-85-4
RR-16472-7	49651-10-7
RR-16472-7	49676-83-7
RR-16472-7	50696-78-1
RR-16472-7	51084-32-3
RR-16472-7	513-79-1
RR-16472-7	51839-24-8
RR-16472-7	52270-44-7
RR-16472-7	52729-67-6
RR-16472-7	53108-49-9
RR-16472-7	53108-50-2
RR-16472-7	53927-86-9
RR-16472-7	542-84-7
RR-16472-7	544-18-3
RR-16472-7	54846-43-4
RR-16472-7	57454-67-8
RR-16472-7	58197-53-8
RR-16472-7	5965-38-8
RR-16472-7	60109-88-8
RR-16472-7	60406-95-3
RR-16472-7	60459-08-7
RR-16472-7	61045-13-4
RR-16472-7	6147-53-1
RR-16472-7	62207-76-5
RR-16472-7	6255-07-8
RR-16472-7	62782-24-5
RR-16472-7	63287-28-5
RR-16472-7	63588-34-1
RR-16472-7	63597-33-1
RR-16472-7	63640-17-5
RR-16472-7	6401-84-9
RR-16472-7	6424-15-3
RR-16472-7	6667-75-0
RR-16472-7	67292-36-8
RR-16472-7	67801-57-4
RR-16472-7	67875-38-1
RR-16472-7	67906-18-7
RR-16472-7	67906-22-3
RR-16472-7	67906-23-4
RR-16472-7	67924-23-6
RR-16472-7	67952-53-8
RR-16472-7	67968-64-3
RR-16472-7	67968-65-4
RR-16472-7	67968-66-5
RR-16472-7	67969-67-9
RR-16472-7	68000-01-1
RR-16472-7	68025-39-8
RR-16472-7	68123-03-5
RR-16472-7	68133-85-7
RR-16472-7	68189-40-2
RR-16472-7	68201-98-9
RR-16472-7	68213-72-9
RR-16472-7	68239-55-4
RR-16472-7	68239-56-5
RR-16472-7	68239-57-6
RR-16472-7	68409-81-4
RR-16472-7	68475-45-6
RR-16472-7	6856-47-9
RR-16472-7	68584-96-3
RR-16472-7	68811-50-7
RR-16472-7	68958-90-7
RR-16472-7	69098-14-2
RR-16472-7	69140-59-6
RR-16472-7	69140-60-9
RR-16472-7	69178-34-3
RR-16472-7	69198-43-2
RR-16472-7	69934-86-7
RR-16472-7	70529-03-2
RR-16472-7	70833-34-0
RR-16472-7	70851-34-2
RR-16472-7	71-48-7
RR-16472-7	71060-75-8
RR-16472-7	71957-08-9
RR-16472-7	72208-07-2
RR-16472-7	72253-09-9
RR-16472-7	72829-33-5
RR-16472-7	74427-91-1
RR-16472-7	74665-01-3
RR-16472-7	75027-71-3
RR-16472-7	75364-04-4
RR-16472-7	75522-91-7
RR-16472-7	75557-21-0
RR-16472-7	7646-79-9
RR-16472-7	7789-43-7
RR-16472-7	7791-13-1
RR-16472-7	79215-59-1
RR-16472-7	80290-99-9
RR-16472-7	80546-49-2
RR-16472-7	814-89-1
RR-16472-7	83863-97-2
RR-16472-7	83863-98-3
RR-16472-7	83970-30-3
RR-16472-7	84030-59-1
RR-16472-7	84195-99-3
RR-16472-7	84215-43-0
RR-16472-7	84255-51-6
RR-16472-7	84255-52-7
RR-16472-7	84255-53-8
RR-16472-7	85006-35-5
RR-16472-7	85017-77-2
RR-16472-7	85049-49-6
RR-16472-7	85187-42-4
RR-16472-7	85959-78-0
RR-16472-7	85994-37-2
RR-16472-7	866-81-9
RR-16472-7	90342-30-6
RR-16472-7	91672-77-4
RR-16472-7	91672-80-9
RR-16472-7	92257-08-4
RR-16472-7	92258-02-1
RR-16472-7	93028-48-9
RR-16472-7	93165-90-3
RR-16472-7	932-69-4
RR-16472-7	93601-32-2
RR-16472-7	93686-41-0
RR-16472-7	93776-58-0
RR-16472-7	93805-27-7
RR-16472-7	93918-17-3
RR-16472-7	93918-18-4
RR-16472-7	93940-96-6
RR-16472-7	93965-34-5
RR-16472-7	94021-58-6
RR-16472-7	94086-50-7
RR-16472-7	94232-44-7
RR-16472-7	94232-84-5
RR-16472-7	94232-89-0
RR-16472-7	94233-08-6
RR-16472-7	94233-10-0
RR-16472-7	94266-16-7
RR-16472-7	94277-78-8
RR-16472-7	94333-37-6
RR-16472-7	94979-20-1
RR-16472-7	95873-73-7
RR-16472-7	99624-18-7
RR-16472-7	RR-09913-8
RR-16472-7	RR-16472-7
RR-16472-7	RR-16473-8
RR-16472-7	RR-17722-0
RR-16472-7	RR-54368-0
RR-16472-7	RR-62883-1
RR-192911-9	10049-22-6
RR-192911-9	1314-60-9
RR-192911-9	1315-04-4
RR-192911-9	14090-94-9
RR-192911-9	14459-54-2
RR-192911-9	16894-69-2
RR-192911-9	57997-56-5
RR-192911-9	5835-64-3
RR-192911-9	7647-18-9
RR-192911-9	7783-70-2
RR-192911-9	RR-192911-9
RR-29427-9	RR-29427-9
RR-42457-7	RR-42457-7
RR-53123-7	RR-53123-7
RR-57110-8	RR-57110-8
RR-57111-9	RR-57111-9
RR-57176-6	RR-57176-6
RR-57646-5	8012-95-1
RR-57646-5	RR-57646-5
RR-64365-2	RR-64365-2
RR-86328-5	RR-86328-5
a	345623-48-5
c	345623-49-6
