1-001	1000-90-4
1-001	100063-54-5
1-001	10025-64-6
1-001	100308-01-8
1-001	100308-02-9
1-001	100308-04-1
1-001	100308-08-5
1-001	100403-63-2
1-001	1005291-42-8
1-001	100576-21-4
1-001	1006-49-1
1-001	100656-51-7
1-001	100656-52-8
1-001	100684-41-1
1-001	100756-24-9
1-001	1009110-56-8
1-001	100995-77-5
1-001	100995-80-0
1-001	10101-38-9
1-001	101012-86-6
1-001	10102-02-0
1-001	101032-99-9
1-001	1010820-65-1
1-001	1012066-46-4
1-001	10127-02-3
1-001	101356-95-0
1-001	101356-96-1
1-001	101356-97-2
1-001	101356-98-3
1-001	101357-06-6
1-001	101362-28-1
1-001	10138-94-0
1-001	10139-47-6
1-001	101747-77-7
1-001	10175-95-8
1-001	10192-46-8
1-001	1019205-65-2
1-001	10196-18-6
1-001	102110-30-5
1-001	102110-38-3
1-001	102110-46-3
1-001	102110-50-9
1-001	102110-70-3
1-001	1021487-49-9
1-001	102423-87-0
1-001	102819-71-6
1-001	102868-96-2
1-001	1034144-42-7
1-001	1035159-71-7
1-001	10361-95-2
1-001	103781-96-0
1-001	10379-90-5
1-001	104037-73-2
1-001	104037-84-5
1-001	104089-17-0
1-001	1041319-67-8
1-001	104193-72-8
1-001	10431-73-9
1-001	104369-05-3
1-001	10448-39-2
1-001	1046462-24-1
1-001	10476-83-2
1-001	104813-24-3
1-001	1050595-78-2
1-001	1050595-82-8
1-001	105185-95-3
1-001	105188-66-7
1-001	105280-44-2
1-001	105417-08-1
1-001	1056032-56-4
1-001	106070-27-3
1-001	106389-75-7
1-001	106682-14-8
1-001	107227-89-4
1-001	107370-15-0
1-001	107452-09-5
1-001	107667-60-7
1-001	1078-58-6
1-001	107812-05-5
1-001	1079126-29-6
1-001	1079350-91-6
1-001	1079737-05-5
1-001	108043-20-5
1-001	109118-59-4
1-001	109118-60-7
1-001	1096078-72-6
1-001	109657-86-5
1-001	1096711-61-3
1-001	109702-19-4
1-001	109885-98-5
1-001	109961-43-5
1-001	110102-14-2
1-001	110300-80-6
1-001	11059-65-7
1-001	11075-07-3
1-001	110772-86-6
1-001	11082-38-5
1-001	11085-35-1
1-001	11103-86-9
1-001	111062-34-1
1-001	11114-42-4
1-001	11126-29-7
1-001	111283-61-5
1-001	11129-14-9
1-001	11129-48-9
1-001	111420-45-2
1-001	1119-90-0
1-001	111922-61-3
1-001	112074-70-1
1-001	112074-71-2
1-001	112099-45-3
1-001	112360-63-1
1-001	112456-87-8
1-001	112742-90-2
1-001	112901-80-1
1-001	112983-87-6
1-001	113036-91-2
1-001	113042-36-7
1-001	113329-02-5
1-001	1135443-10-5
1-001	113706-15-3
1-001	113894-90-9
1-001	114060-65-0
1-001	114189-87-6
1-001	114535-84-1
1-001	115028-55-2
1-001	115320-63-3
1-001	1158650-40-8
1-001	116007-00-2
1-001	116088-00-7
1-001	116094-82-7
1-001	1162648-93-2
1-001	116295-84-2
1-001	116907-57-4
1-001	117-97-5
1-001	117660-41-0
1-001	117945-33-2
1-001	1184-55-0
1-001	118480-78-7
1-001	118516-12-4
1-001	118832-84-1
1-001	119130-84-6
1-001	1192-70-7
1-001	119219-12-4
1-001	1192423-33-8
1-001	1192843-75-6
1-001	119316-00-6
1-001	119316-04-0
1-001	119316-05-1
1-001	119316-15-3
1-001	119633-35-1
1-001	119633-44-2
1-001	1197186-61-0
1-001	119758-00-8
1-001	119793-38-3
1-001	119884-25-2
1-001	1199553-62-2
1-001	12001-20-6
1-001	12001-34-2
1-001	12001-85-3
1-001	12006-40-5
1-001	120092-57-1
1-001	12011-79-9
1-001	12018-19-8
1-001	12019-27-1
1-001	120220-24-8
1-001	12027-96-2
1-001	120313-04-4
1-001	12032-47-2
1-001	12034-31-0
1-001	12036-37-2
1-001	12036-43-0
1-001	12036-69-0
1-001	12037-09-1
1-001	12037-79-5
1-001	12039-35-9
1-001	12044-55-2
1-001	120575-55-5
1-001	12060-17-2
1-001	12063-19-3
1-001	12068-16-5
1-001	12068-53-0
1-001	12071-83-9
1-001	120973-15-1
1-001	121110-62-1
1-001	121110-63-2
1-001	121110-64-3
1-001	121110-65-4
1-001	121110-66-5
1-001	121158-59-6
1-001	12122-17-7
1-001	12122-67-7
1-001	121271-14-5
1-001	12129-82-7
1-001	12135-38-5
1-001	12141-50-3
1-001	12142-31-3
1-001	12151-23-4
1-001	12167-79-2
1-001	12179-14-5
1-001	12179-29-2
1-001	12182-56-8
1-001	12183-81-2
1-001	12196-21-3
1-001	12201-66-0
1-001	122012-52-6
1-001	1225184-29-1
1-001	1227055-55-1
1-001	12271-71-5
1-001	12273-72-2
1-001	123213-01-4
1-001	123334-05-4
1-001	123346-39-4
1-001	123368-92-3
1-001	123384-83-8
1-001	123615-79-2
1-001	123616-02-4
1-001	123633-91-0
1-001	123713-29-1
1-001	12389-19-4
1-001	12402-34-5
1-001	12433-50-0
1-001	12442-27-2
1-001	1244403-50-6
1-001	124578-08-1
1-001	1246279-02-6
1-001	124751-08-2
1-001	125025-79-8
1-001	12519-36-7
1-001	12527-08-1
1-001	12530-26-6
1-001	125328-51-0
1-001	12534-29-1
1-001	12536-65-1
1-001	12539-71-8
1-001	125408-54-0
1-001	125467-29-0
1-001	125494-54-4
1-001	125494-58-8
1-001	125612-27-3
1-001	125612-34-2
1-001	12562-66-2
1-001	12564-44-2
1-001	12564-65-7
1-001	125643-40-5
1-001	12565-63-8
1-001	1258273-87-8
1-001	126-32-9
1-001	1260237-20-4
1-001	126187-18-6
1-001	12651-25-1
1-001	12656-69-8
1-001	126657-25-8
1-001	12673-65-3
1-001	126755-09-7
1-001	1269814-32-5
1-001	127-82-2
1-001	12705-38-3
1-001	1271172-98-5
1-001	12741-07-0
1-001	12741-08-1
1-001	1276111-55-7
1-001	12768-61-5
1-001	12771-60-7
1-001	12773-04-5
1-001	12793-53-2
1-001	128419-19-2
1-001	128514-83-0
1-001	128607-28-3
1-001	128704-79-0
1-001	1289-66-3
1-001	128975-01-9
1-001	129249-24-7
1-001	129618-34-4
1-001	129756-32-7
1-001	129770-96-3
1-001	129870-97-9
1-001	129893-17-0
1-001	1300-26-1
1-001	13014-44-3
1-001	130328-20-0
1-001	13040-17-0
1-001	13040-19-2
1-001	1308-13-0
1-001	1310329-17-9
1-001	1313-49-1
1-001	131315-46-3
1-001	1314-13-2
1-001	1314-22-3
1-001	1314-84-7
1-001	1314-98-3
1-001	1314527-00-8
1-001	131461-87-5
1-001	1315-09-9
1-001	1315-11-3
1-001	1315501-86-0
1-001	131853-00-4
1-001	13189-00-9
1-001	13192-38-6
1-001	13192-40-0
1-001	1320-68-9
1-001	1320-85-0
1-001	132237-83-3
1-001	1323439-04-8
1-001	1328-67-2
1-001	13282-37-6
1-001	132822-49-2
1-001	1328870-15-0
1-001	133073-29-7
1-001	13308-58-2
1-001	1331731-79-3
1-001	1332-07-6
1-001	1332-78-1
1-001	1333-33-1
1-001	1336-14-7
1-001	133628-63-4
1-001	1337-79-7
1-001	1337-92-4
1-001	133888-46-7
1-001	134092-23-2
1-001	13438-45-4
1-001	1344-74-7
1-001	134459-11-3
1-001	1345-05-7
1-001	134586-52-0
1-001	13463-41-7
1-001	13464-33-0
1-001	13464-44-3
1-001	134759-17-4
1-001	134759-18-5
1-001	13497-77-3
1-001	13497-84-2
1-001	135072-82-1
1-001	13517-27-6
1-001	1352121-28-8
1-001	13530-65-9
1-001	13532-96-2
1-001	13533-17-0
1-001	1353745-31-9
1-001	13550-22-6
1-001	13560-77-5
1-001	13566-15-9
1-001	13597-44-9
1-001	13597-46-1
1-001	13597-54-1
1-001	13597-56-3
1-001	13597-65-4
1-001	13598-37-3
1-001	136-22-1
1-001	136-23-2
1-001	136-24-3
1-001	136-53-8
1-001	136-94-7
1-001	1360-39-0
1-001	1363177-45-0
1-001	13637-61-1
1-001	137-30-4
1-001	137001-93-5
1-001	137427-50-0
1-001	1374645-21-2
1-001	137545-59-6
1-001	13765-93-0
1-001	13767-32-3
1-001	13770-90-6
1-001	137904-18-8
1-001	138-54-5
1-001	13814-85-2
1-001	13814-87-4
1-001	13826-55-6
1-001	13826-88-5
1-001	138265-88-0
1-001	13827-02-6
1-001	1383931-70-1
1-001	13847-22-8
1-001	13878-54-1
1-001	13932-17-7
1-001	1395893-87-4
1-001	139682-59-0
1-001	13978-85-3
1-001	13982-23-5
1-001	13982-39-3
1-001	13986-18-0
1-001	13986-21-5
1-001	13986-24-8
1-001	139939-71-2
1-001	14010-58-3
1-001	14014-79-0
1-001	14018-95-2
1-001	14024-63-6
1-001	14025-21-9
1-001	1403589-50-3
1-001	14039-25-9
1-001	1404365-15-6
1-001	140471-99-4
1-001	1405-89-6
1-001	14074-80-7
1-001	141-61-7
1-001	1415015-81-4
1-001	141614-18-8
1-001	1416549-90-0
1-001	1419872-41-5
1-001	142-14-3
1-001	142002-06-0
1-001	142044-50-6
1-001	14239-23-7
1-001	14239-24-8
1-001	14239-75-9
1-001	14242-12-7
1-001	14244-40-7
1-001	14244-62-3
1-001	142605-01-4
1-001	14263-15-1
1-001	14263-89-9
1-001	14263-90-2
1-001	14263-91-3
1-001	14263-92-4
1-001	14263-93-5
1-001	14263-94-6
1-001	14269-55-7
1-001	14281-83-5
1-001	14283-93-3
1-001	1430716-13-4
1-001	14320-04-8
1-001	14324-55-1
1-001	14332-59-3
1-001	14332-60-6
1-001	1434578-69-4
1-001	143477-34-3
1-001	1435443-98-3
1-001	14376-32-0
1-001	14459-91-7
1-001	14460-17-4
1-001	14460-21-0
1-001	14476-25-6
1-001	14488-60-9
1-001	1449007-65-1
1-001	14516-34-8
1-001	14519-07-4
1-001	14548-63-1
1-001	14548-64-2
1-001	14634-93-6
1-001	14639-48-6
1-001	14639-97-5
1-001	14639-98-6
1-001	14643-87-9
1-001	146659-78-1
1-001	14675-41-3
1-001	14689-29-3
1-001	1469984-11-9
1-001	14709-62-7
1-001	14720-55-9
1-001	14726-28-4
1-001	14726-29-5
1-001	14726-36-4
1-001	14726-58-0
1-001	147262-06-4
1-001	147360-85-8
1-001	147360-90-5
1-001	147360-92-7
1-001	147390-38-3
1-001	14751-97-4
1-001	14778-24-6
1-001	14826-66-5
1-001	14833-23-9
1-001	14833-26-2
1-001	14883-46-6
1-001	149144-82-1
1-001	149264-32-4
1-001	149294-96-2
1-001	14952-45-5
1-001	14970-39-9
1-001	14970-40-2
1-001	149749-63-3
1-001	14992-20-2
1-001	149922-80-5
1-001	150-88-9
1-001	150361-06-1
1-001	15060-64-7
1-001	151728-40-4
1-001	1520097-11-3
1-001	15201-05-5
1-001	152695-46-0
1-001	15280-31-6
1-001	15320-55-5
1-001	153225-43-5
1-001	153296-77-6
1-001	15333-24-1
1-001	15337-18-5
1-001	15348-66-0
1-001	153519-45-0
1-001	153549-06-5
1-001	153890-21-2
1-001	15442-64-5
1-001	15454-75-8
1-001	15457-98-4
1-001	15465-13-1
1-001	155-04-4
1-001	155240-18-9
1-001	15557-00-3
1-001	1555944-40-5
1-001	155737-58-9
1-001	15582-78-2
1-001	15631-71-7
1-001	15636-56-3
1-001	15663-61-3
1-001	15667-48-8
1-001	15671-21-3
1-001	15686-64-3
1-001	15739-11-4
1-001	15743-55-2
1-001	158061-51-9
1-001	15819-03-1
1-001	15827-10-8
1-001	158523-05-8
1-001	15874-15-4
1-001	159251-13-5
1-001	15928-94-6
1-001	15974-07-9
1-001	16039-53-5
1-001	16045-72-0
1-001	160611-30-3
1-001	16079-37-1
1-001	160901-14-4
1-001	160901-15-5
1-001	160901-16-6
1-001	16103-04-1
1-001	1613512-66-5
1-001	1621460-93-2
1-001	162400-43-3
1-001	162410-92-6
1-001	16243-87-1
1-001	16260-27-8
1-001	162630-63-9
1-001	1627498-60-5
1-001	16283-36-6
1-001	1629869-94-8
1-001	163149-26-6
1-001	16389-86-9
1-001	1639052-09-7
1-001	1641546-65-7
1-001	164250-66-2
1-001	16495-62-8
1-001	16509-79-8
1-001	16527-81-4
1-001	16529-10-5
1-001	16529-65-0
1-001	1662679-23-3
1-001	16635-24-8
1-001	16636-96-7
1-001	16700-94-0
1-001	16700-95-1
1-001	16700-97-3
1-001	16720-39-1
1-001	16742-82-8
1-001	16754-68-0
1-001	16782-00-6
1-001	16809-23-7
1-001	16824-81-0
1-001	16871-71-9
1-001	169314-88-9
1-001	170720-48-6
1-001	170904-51-5
1-001	17125-91-6
1-001	171424-48-9
1-001	17157-03-8
1-001	171870-07-8
1-001	171870-09-0
1-001	17192-79-9
1-001	17192-80-2
1-001	17200-49-6
1-001	172343-50-9
1-001	172520-08-0
1-001	17409-47-1
1-001	17409-52-8
1-001	175448-53-0
1-001	175449-32-8
1-001	175990-72-4
1-001	17652-47-0
1-001	1799390-27-4
1-001	1800376-54-8
1-001	181828-08-0
1-001	1834590-43-0
1-001	18347-39-2
1-001	18352-86-8
1-001	18428-70-1
1-001	18433-42-6
1-001	18445-58-4
1-001	184785-37-3
1-001	18534-08-2
1-001	185461-95-4
1-001	185529-26-4
1-001	185765-53-1
1-001	18583-10-3
1-001	18622-28-1
1-001	18623-80-8
1-001	186322-74-7
1-001	18652-49-8
1-001	187285-08-1
1-001	18918-13-3
1-001	18957-59-0
1-001	18974-19-1
1-001	18984-32-2
1-001	190208-14-1
1-001	1905406-04-3
1-001	19154-63-3
1-001	19163-92-9
1-001	191744-27-1
1-001	19210-06-1
1-001	192458-89-2
1-001	192510-78-4
1-001	19262-92-1
1-001	1928718-93-7
1-001	192888-54-3
1-001	192888-65-6
1-001	19333-07-4
1-001	193829-82-2
1-001	19417-15-3
1-001	19488-81-4
1-001	1949-15-1
1-001	19497-61-1
1-001	195161-85-4
1-001	19708-89-5
1-001	199281-21-5
1-001	200191-88-4
1-001	200440-61-5
1-001	20203-03-6
1-001	20252-93-1
1-001	203120-69-8
1-001	20316-44-3
1-001	20427-58-1
1-001	20431-17-8
1-001	20539-12-2
1-001	20596-91-2
1-001	20609-60-3
1-001	20654-08-4
1-001	20654-98-2
1-001	20712-47-4
1-001	20779-08-2
1-001	20812-29-7
1-001	2082751-40-2
1-001	208398-70-3
1-001	209065-88-3
1-001	2111100-94-6
1-001	21301-35-9
1-001	21351-91-7
1-001	21351-92-8
1-001	21499-03-6
1-001	21512-95-8
1-001	215125-07-8
1-001	21723-86-4
1-001	220354-60-9
1-001	220795-20-0
1-001	22088-19-3
1-001	22112-42-1
1-001	2215-35-2
1-001	2227630-58-0
1-001	22323-45-1
1-001	22374-99-8
1-001	22397-58-6
1-001	22405-83-0
1-001	22484-64-6
1-001	2251116-56-8
1-001	2257421-96-6
1-001	22677-91-4
1-001	226883-65-4
1-001	227619-99-0
1-001	22763-46-8
1-001	2280-85-5
1-001	22842-96-2
1-001	22992-10-5
1-001	23292-93-5
1-001	23406-33-9
1-001	23408-72-2
1-001	23409-02-1
1-001	23414-72-4
1-001	235083-88-2
1-001	23603-98-7
1-001	23759-24-2
1-001	2377780-57-7
1-001	24012-08-6
1-001	24304-54-9
1-001	24308-84-7
1-001	24345-02-6
1-001	24359-04-4
1-001	2444-73-7
1-001	24468-28-8
1-001	244778-79-8
1-001	2452-01-9
1-001	2455522-12-8
1-001	24606-42-6
1-001	24624-45-1
1-001	24640-76-4
1-001	24645-45-2
1-001	24688-67-3
1-001	24740-23-6
1-001	24846-92-2
1-001	24858-54-6
1-001	24887-06-7
1-001	248939-45-9
1-001	25070-22-8
1-001	25103-54-2
1-001	2530009-82-4
1-001	25534-93-4
1-001	25537-17-1
1-001	256388-68-8
1-001	2567725-07-7
1-001	2573-69-5
1-001	25807-71-0
1-001	2582-04-9
1-001	25916-47-6
1-001	2606843-55-2
1-001	26123-91-1
1-001	26264-49-3
1-001	26293-79-8
1-001	26293-80-1
1-001	263842-41-7
1-001	26399-71-3
1-001	26511-01-3
1-001	26566-95-0
1-001	26655-44-7
1-001	266692-38-0
1-001	26850-69-1
1-001	2704650-42-8
1-001	27253-29-8
1-001	27569-10-4
1-001	27617-80-7
1-001	27677-26-5
1-001	27778-30-9
1-001	27836-01-7
1-001	27860-83-9
1-001	27985-91-7
1-001	28016-00-4
1-001	28037-77-6
1-001	28038-30-4
1-001	28041-67-0
1-001	28208-80-2
1-001	284685-45-6
1-001	2847-05-4
1-001	28516-43-0
1-001	28573-66-2
1-001	28629-66-5
1-001	28678-15-1
1-001	28700-25-6
1-001	28716-15-6
1-001	2880-85-5
1-001	2892133-77-4
1-001	2917-32-0
1-001	292140-29-5
1-001	2929-95-5
1-001	29426-92-4
1-001	29507-58-2
1-001	29520-57-8
1-001	29604-34-0
1-001	29726-21-4
1-001	298688-49-0
1-001	2991267-30-0
1-001	30004-57-0
1-001	3024920-49-5
1-001	3029439-38-8
1-001	3030-80-6
1-001	30304-30-4
1-001	303114-50-3
1-001	3031841-72-9
1-001	30429-79-9
1-001	30443-47-1
1-001	30773-34-3
1-001	30773-48-9
1-001	30848-25-0
1-001	309242-70-4
1-001	309919-97-9
1-001	31089-48-2
1-001	31166-17-3
1-001	31246-29-4
1-001	31300-71-7
1-001	31354-67-3
1-001	3138-01-0
1-001	3142-46-9
1-001	31530-30-0
1-001	31605-03-5
1-001	3161-59-9
1-001	318995-78-7
1-001	32335-42-5
1-001	32391-13-2
1-001	32457-96-8
1-001	32517-55-8
1-001	32573-57-2
1-001	32733-02-1
1-001	3317-47-3
1-001	33273-26-6
1-001	33331-65-6
1-001	33363-00-7
1-001	33516-09-5
1-001	33520-38-6
1-001	33636-59-8
1-001	33678-73-8
1-001	33684-80-9
1-001	33864-12-9
1-001	33864-17-4
1-001	33959-50-1
1-001	34001-72-4
1-001	34054-23-4
1-001	34335-10-9
1-001	34370-35-9
1-001	34417-25-9
1-001	3446-35-3
1-001	348137-48-4
1-001	3486-35-9
1-001	34901-30-9
1-001	34992-53-5
1-001	35430-20-7
1-001	35674-68-1
1-001	35884-05-0
1-001	3590-23-6
1-001	36011-55-9
1-001	36058-55-6
1-001	36148-59-1
1-001	36190-62-2
1-001	36393-20-1
1-001	364776-91-0
1-001	36505-86-9
1-001	36530-23-1
1-001	36729-46-1
1-001	37187-67-0
1-001	37221-82-2
1-001	37224-32-1
1-001	37224-56-9
1-001	37300-23-5
1-001	37341-47-2
1-001	37356-08-4
1-001	37368-62-0
1-001	375845-00-4
1-001	37809-34-0
1-001	378784-99-7
1-001	378785-07-0
1-001	37953-03-0
1-001	380221-54-5
1-001	3851-22-7
1-001	38578-72-2
1-001	38582-18-2
1-001	3865-77-8
1-001	38656-51-8
1-001	38656-58-5
1-001	38714-47-5
1-001	38845-47-5
1-001	38845-49-7
1-001	39298-00-5
1-001	39322-07-1
1-001	39342-49-9
1-001	39357-09-0
1-001	39412-61-8
1-001	39456-86-5
1-001	395638-82-1
1-001	39599-16-1
1-001	401795-19-5
1-001	40214-27-5
1-001	40816-51-1
1-001	40861-29-8
1-001	41114-59-4
1-001	41279-77-0
1-001	42405-40-3
1-001	42493-39-0
1-001	4255-07-6
1-001	4259-15-8
1-001	42590-53-4
1-001	428828-41-5
1-001	42912-79-8
1-001	4406-02-4
1-001	4421-50-5
1-001	4468-02-4
1-001	449796-20-7
1-001	452069-73-7
1-001	4545-30-6
1-001	4563-55-7
1-001	4563-56-8
1-001	460739-39-3
1-001	460739-64-4
1-001	4615-25-2
1-001	4615-31-0
1-001	479347-96-1
1-001	4906-99-4
1-001	49793-39-7
1-001	4980-54-5
1-001	4991-47-3
1-001	501953-51-1
1-001	503298-89-3
1-001	504396-40-1
1-001	5045-91-0
1-001	5059-60-9
1-001	50768-81-5
1-001	50829-49-7
1-001	50905-71-0
1-001	50922-29-7
1-001	50933-80-7
1-001	50938-04-0
1-001	50960-09-3
1-001	50982-02-0
1-001	51148-10-8
1-001	51351-67-8
1-001	51406-57-6
1-001	5149-85-9
1-001	51572-10-2
1-001	51572-12-4
1-001	51572-13-5
1-001	51572-16-8
1-001	51716-96-2
1-001	51731-04-5
1-001	51733-03-0
1-001	51810-70-9
1-001	51839-25-9
1-001	51914-60-4
1-001	51990-17-1
1-001	52005-71-7
1-001	52014-39-8
1-001	52108-54-0
1-001	52233-09-7
1-001	52487-10-2
1-001	52488-90-1
1-001	52543-24-5
1-001	52572-38-0
1-001	52585-16-7
1-001	52590-79-1
1-001	52593-56-3
1-001	5261-20-1
1-001	52623-80-0
1-001	52628-25-8
1-001	5263-02-5
1-001	52638-78-5
1-001	52653-36-8
1-001	52669-69-9
1-001	52723-61-2
1-001	52724-30-8
1-001	52725-28-7
1-001	52769-39-8
1-001	53113-57-8
1-001	53350-83-7
1-001	53404-92-5
1-001	53423-98-6
1-001	53423-99-7
1-001	53571-63-4
1-001	53710-65-9
1-001	53770-51-7
1-001	53770-52-8
1-001	53801-63-1
1-001	53807-65-1
1-001	53809-63-5
1-001	53917-99-0
1-001	53988-06-0
1-001	54010-75-2
1-001	5410-93-5
1-001	54261-67-5
1-001	54262-78-1
1-001	54290-64-1
1-001	54389-17-2
1-001	54398-39-9
1-001	54398-40-2
1-001	544-97-8
1-001	54427-17-7
1-001	54502-98-6
1-001	546-46-3
1-001	5464-59-5
1-001	54684-91-2
1-001	547-41-1
1-001	547-68-2
1-001	54842-08-9
1-001	548491-80-1
1-001	5486-84-0
1-001	54874-20-3
1-001	55072-57-6
1-001	551-64-4
1-001	55172-61-7
1-001	55204-38-1
1-001	553-72-0
1-001	55448-21-0
1-001	555-91-9
1-001	55518-81-5
1-001	55554-35-3
1-001	556-38-7
1-001	55620-89-8
1-001	557-05-1
1-001	557-06-2
1-001	557-07-3
1-001	557-08-4
1-001	557-09-5
1-001	557-13-1
1-001	557-20-0
1-001	557-21-1
1-001	557-28-8
1-001	557-34-6
1-001	557-41-5
1-001	557-42-6
1-001	55799-16-1
1-001	55870-88-7
1-001	56315-29-8
1-001	56329-30-7
1-001	56329-42-1
1-001	56378-59-7
1-001	56507-10-9
1-001	56592-00-8
1-001	56762-17-5
1-001	56803-46-4
1-001	56902-79-5
1-001	57206-86-7
1-001	57572-56-2
1-001	577750-32-4
1-001	57790-30-4
1-001	57866-49-6
1-001	57884-22-7
1-001	58270-08-9
1-001	58319-32-7
1-001	58392-52-2
1-001	58968-26-6
1-001	59143-60-1
1-001	59330-52-8
1-001	59597-61-4
1-001	5970-45-6
1-001	5970-47-8
1-001	5970-61-6
1-001	59766-35-7
1-001	59786-91-3
1-001	59963-29-0
1-001	60109-87-7
1-001	6014-68-2
1-001	6023-29-6
1-001	6023-44-5
1-001	60240-47-3
1-001	60388-02-5
1-001	60430-04-8
1-001	60580-61-2
1-001	6059-54-7
1-001	60797-58-2
1-001	60869-68-3
1-001	60869-69-4
1-001	60869-70-7
1-001	6087-53-2
1-001	6087-54-3
1-001	6087-56-5
1-001	6087-58-7
1-001	6099-64-5
1-001	61075-86-3
1-001	6130-01-4
1-001	613661-28-2
1-001	6155-68-6
1-001	61583-60-6
1-001	61617-00-3
1-001	61745-56-0
1-001	61745-58-2
1-001	61745-59-3
1-001	61745-60-6
1-001	61745-61-7
1-001	61790-11-2
1-001	61790-51-0
1-001	61843-71-8
1-001	61919-18-4
1-001	61966-14-1
1-001	62008-21-3
1-001	6217-19-2
1-001	62179-10-6
1-001	62180-77-2
1-001	6228-53-1
1-001	62292-61-9
1-001	6248-51-7
1-001	62708-52-5
1-001	62712-14-5
1-001	62713-28-4
1-001	62744-23-4
1-001	62778-15-8
1-001	628-91-1
1-001	62865-26-3
1-001	63020-43-9
1-001	63028-77-3
1-001	63179-81-7
1-001	63224-47-5
1-001	63322-78-1
1-001	63400-11-3
1-001	63400-12-4
1-001	63451-47-8
1-001	63589-47-9
1-001	63589-49-1
1-001	63665-25-8
1-001	6372-69-6
1-001	63885-01-8
1-001	63904-83-6
1-001	64071-86-9
1-001	64130-95-6
1-001	64191-07-7
1-001	64191-09-9
1-001	64191-10-2
1-001	64191-11-3
1-001	64282-98-0
1-001	64334-34-5
1-001	64440-88-6
1-001	64476-52-4
1-001	64539-51-1
1-001	64611-91-2
1-001	64641-37-8
1-001	64861-37-6
1-001	65045-85-4
1-001	65045-87-6
1-001	65046-95-9
1-001	65072-22-2
1-001	651053-04-2
1-001	65121-93-9
1-001	65138-69-4
1-001	65150-98-3
1-001	65208-22-2
1-001	65229-17-6
1-001	65232-85-1
1-001	6586-04-5
1-001	6586-05-6
1-001	658697-52-0
1-001	65996-76-1
1-001	65997-18-4
1-001	66019-04-3
1-001	66104-82-3
1-001	66231-41-2
1-001	66319-63-9
1-001	66402-68-4
1-001	66523-56-6
1-001	66711-64-6
1-001	66728-35-6
1-001	67181-74-2
1-001	6722-15-2
1-001	67290-46-4
1-001	67627-66-1
1-001	67690-94-2
1-001	67701-12-6
1-001	67701-13-7
1-001	67711-91-5
1-001	67711-93-7
1-001	67762-34-9
1-001	67762-54-3
1-001	67763-26-2
1-001	67785-34-6
1-001	67801-08-5
1-001	67828-49-3
1-001	67828-54-0
1-001	67828-56-2
1-001	67828-65-3
1-001	67845-84-5
1-001	67845-85-6
1-001	67846-03-1
1-001	67859-43-2
1-001	67859-51-2
1-001	67874-40-2
1-001	67906-13-2
1-001	67953-75-7
1-001	6798-76-1
1-001	67989-87-1
1-001	67990-48-1
1-001	67990-51-6
1-001	68015-78-1
1-001	68025-23-0
1-001	68025-24-1
1-001	68025-25-2
1-001	68025-26-3
1-001	68025-44-5
1-001	68025-46-7
1-001	68025-48-9
1-001	68039-22-5
1-001	68052-05-1
1-001	68072-36-6
1-001	68083-98-7
1-001	68092-46-6
1-001	68107-75-5
1-001	68110-21-4
1-001	681181-25-9
1-001	68131-53-3
1-001	68131-61-3
1-001	68134-01-0
1-001	68155-74-8
1-001	68186-35-6
1-001	68186-85-6
1-001	68186-87-8
1-001	68186-88-9
1-001	68187-51-9
1-001	68188-23-8
1-001	68189-16-2
1-001	68201-65-0
1-001	68213-77-4
1-001	68332-81-0
1-001	68334-35-0
1-001	68348-77-6
1-001	68365-98-0
1-001	68399-76-8
1-001	68400-18-0
1-001	68400-20-4
1-001	68410-26-4
1-001	68412-58-8
1-001	68412-74-8
1-001	68413-49-0
1-001	68413-58-1
1-001	68413-59-2
1-001	68413-62-7
1-001	68413-63-8
1-001	68413-64-9
1-001	68413-74-1
1-001	68424-42-0
1-001	68425-00-3
1-001	68425-02-5
1-001	68440-10-8
1-001	68440-18-6
1-001	68440-34-6
1-001	68441-06-5
1-001	68442-22-8
1-001	68449-38-7
1-001	68457-08-9
1-001	68457-79-4
1-001	68458-61-7
1-001	68459-53-0
1-001	68475-48-9
1-001	68478-82-0
1-001	68512-23-2
1-001	68512-24-3
1-001	68512-43-6
1-001	68512-49-2
1-001	68512-51-6
1-001	68512-85-6
1-001	68516-03-0
1-001	68540-75-0
1-001	68540-76-1
1-001	68540-77-2
1-001	68540-78-3
1-001	68540-80-7
1-001	68540-81-8
1-001	68540-82-9
1-001	68540-83-0
1-001	68540-84-1
1-001	68540-96-5
1-001	68551-44-0
1-001	68551-70-2
1-001	68555-07-7
1-001	68568-56-9
1-001	68583-43-7
1-001	68583-45-9
1-001	68584-30-5
1-001	68584-41-8
1-001	68585-89-7
1-001	68585-90-0
1-001	68604-05-7
1-001	68606-47-3
1-001	68607-18-1
1-001	68607-33-0
1-001	68607-34-1
1-001	68607-54-5
1-001	68611-68-7
1-001	68611-69-8
1-001	68611-70-1
1-001	68611-71-2
1-001	68611-72-3
1-001	68647-40-5
1-001	68648-43-1
1-001	68649-15-0
1-001	68649-42-3
1-001	68705-59-9
1-001	68784-31-6
1-001	68784-34-9
1-001	68784-42-9
1-001	68784-43-0
1-001	68785-06-8
1-001	68813-94-5
1-001	68855-28-7
1-001	68867-67-4
1-001	68891-56-5
1-001	68901-30-4
1-001	68901-33-7
1-001	68909-25-1
1-001	68909-93-3
1-001	68910-44-1
1-001	68918-69-4
1-001	68928-32-5
1-001	68936-17-4
1-001	68938-09-0
1-001	68951-37-1
1-001	68951-40-6
1-001	68952-62-5
1-001	68952-87-4
1-001	68953-40-2
1-001	68975-85-9
1-001	68987-52-0
1-001	68988-17-0
1-001	68988-45-4
1-001	68988-46-5
1-001	68988-62-5
1-001	68989-04-8
1-001	68989-17-3
1-001	68989-18-4
1-001	68989-93-5
1-001	69011-50-3
1-001	69011-54-7
1-001	69011-70-7
1-001	69011-73-0
1-001	69011-86-5
1-001	69011-87-6
1-001	69012-22-2
1-001	69012-24-4
1-001	69012-26-6
1-001	69012-36-8
1-001	69012-43-7
1-001	69012-44-8
1-001	69012-47-1
1-001	69012-48-2
1-001	69012-51-7
1-001	69012-56-2
1-001	69012-57-3
1-001	69012-58-4
1-001	69012-63-1
1-001	69012-65-3
1-001	69012-67-5
1-001	69012-69-7
1-001	69012-70-0
1-001	69012-71-1
1-001	69012-72-2
1-001	69012-73-3
1-001	69012-78-8
1-001	69012-79-9
1-001	69012-86-8
1-001	69013-14-5
1-001	69029-53-4
1-001	69029-57-8
1-001	69029-60-3
1-001	69029-63-6
1-001	69029-82-9
1-001	69029-83-0
1-001	69155-33-5
1-001	69278-92-8
1-001	69782-61-2
1-001	69852-41-1
1-001	69868-11-7
1-001	69898-25-5
1-001	6990-43-8
1-001	69980-73-0
1-001	69991-60-2
1-001	69991-76-0
1-001	70020-71-2
1-001	70066-35-2
1-001	70132-03-5
1-001	70136-72-0
1-001	70236-45-2
1-001	70236-46-3
1-001	70236-48-5
1-001	70247-80-2
1-001	70248-04-3
1-001	70248-05-4
1-001	70248-06-5
1-001	70248-20-3
1-001	70248-21-4
1-001	70248-43-0
1-001	70321-77-6
1-001	70353-88-7
1-001	70353-89-8
1-001	70507-67-4
1-001	70528-99-3
1-001	7057-56-9
1-001	7057-57-0
1-001	7059-15-6
1-001	7059-16-7
1-001	70660-52-5
1-001	70811-10-8
1-001	7084-33-5
1-001	70873-13-1
1-001	70875-96-6
1-001	70879-76-4
1-001	70984-14-4
1-001	71033-14-2
1-001	71050-58-3
1-001	71077-18-4
1-001	71077-22-0
1-001	71077-23-1
1-001	7114-03-6
1-001	71230-74-5
1-001	71412-15-2
1-001	714217-01-3
1-001	71436-92-5
1-001	71501-23-0
1-001	71501-24-1
1-001	71566-23-9
1-001	71566-36-4
1-001	71566-37-5
1-001	71566-38-6
1-001	71566-40-0
1-001	71598-31-7
1-001	71615-25-3
1-001	71630-92-7
1-001	71672-78-1
1-001	71750-83-9
1-001	71786-62-4
1-001	71799-66-1
1-001	71799-68-3
1-001	71820-31-0
1-001	71850-68-5
1-001	71880-68-7
1-001	71888-60-3
1-001	72022-68-5
1-001	72076-44-9
1-001	72102-51-3
1-001	72102-53-5
1-001	72139-05-0
1-001	7214-08-6
1-001	72162-08-4
1-001	72162-45-9
1-001	72207-83-1
1-001	72208-01-6
1-001	72208-33-4
1-001	72245-63-7
1-001	72264-81-4
1-001	72333-14-3
1-001	72379-36-3
1-001	72379-37-4
1-001	72384-30-6
1-001	72384-32-8
1-001	72535-55-8
1-001	7258-22-2
1-001	7278-04-8
1-001	7282-28-2
1-001	7282-31-7
1-001	72828-21-8
1-001	72854-38-7
1-001	72906-57-1
1-001	73008-55-6
1-001	73008-73-8
1-001	73018-81-2
1-001	73138-31-5
1-001	73138-49-5
1-001	73384-95-9
1-001	73398-25-1
1-001	73398-89-7
1-001	73507-57-0
1-001	73513-47-0
1-001	73545-12-7
1-001	73598-93-3
1-001	73640-07-0
1-001	73772-31-3
1-001	74173-38-9
1-001	74182-35-7
1-001	74191-18-7
1-001	74230-03-8
1-001	74261-71-5
1-001	74362-67-7
1-001	7440-66-6
1-001	7446-19-7
1-001	7446-20-0
1-001	7446-24-4
1-001	7446-26-6
1-001	74499-28-8
1-001	745830-57-3
1-001	7459-67-8
1-001	74664-33-8
1-001	74744-63-1
1-001	7488-52-0
1-001	7495-94-5
1-001	75535-28-3
1-001	756900-75-1
1-001	75701-74-5
1-001	7640-78-0
1-001	7645-18-3
1-001	7646-85-7
1-001	768390-32-5
1-001	76940-61-9
1-001	7699-45-8
1-001	77016-96-7
1-001	77194-15-1
1-001	77228-92-3
1-001	7733-02-0
1-001	77739-72-1
1-001	7779-86-4
1-001	7779-88-6
1-001	7779-90-0
1-001	7783-24-6
1-001	7783-49-5
1-001	7784-32-9
1-001	7790-37-6
1-001	7790-65-0
1-001	79448-62-7
1-001	79916-73-7
1-001	79949-37-4
1-001	8004-24-8
1-001	8006-22-2
1-001	8006-32-4
1-001	8011-65-2
1-001	8011-84-5
1-001	8011-87-8
1-001	8028-87-3
1-001	8047-36-7
1-001	8047-69-6
1-001	8048-07-5
1-001	8049-11-4
1-001	8049-62-5
1-001	8050-42-8
1-001	8051-03-4
1-001	8059-74-3
1-001	8064-36-6
1-001	8064-42-4
1-001	8065-67-6
1-001	8066-21-5
1-001	8066-44-2
1-001	8070-07-3
1-001	8072-27-3
1-001	80780-38-7
1-001	80867-26-1
1-001	81029-05-2
1-001	81907-32-6
1-001	81921-77-9
1-001	81969-07-5
1-001	82010-74-0
1-001	82139-35-3
1-001	82608-79-5
1-001	82992-97-0
1-001	83514-03-8
1-001	83711-51-7
1-001	83711-52-8
1-001	83711-53-9
1-001	83846-51-9
1-001	83930-04-5
1-001	83930-06-7
1-001	83984-92-3
1-001	84000-94-2
1-001	84012-52-2
1-001	84030-27-3
1-001	84057-69-2
1-001	84057-75-0
1-001	84057-77-2
1-001	84067-10-7
1-001	84067-11-8
1-001	84070-12-2
1-001	84082-85-9
1-001	84082-86-0
1-001	84082-93-9
1-001	84082-94-0
1-001	84129-20-4
1-001	84195-93-7
1-001	84195-94-8
1-001	84215-42-9
1-001	84215-44-1
1-001	84215-45-2
1-001	84281-94-7
1-001	84281-95-8
1-001	84281-96-9
1-001	84281-97-0
1-001	84282-26-8
1-001	84282-31-5
1-001	84304-17-6
1-001	84367-85-1
1-001	84370-79-6
1-001	84418-50-8
1-001	84418-62-2
1-001	84418-64-4
1-001	84418-65-5
1-001	84418-68-8
1-001	84418-73-5
1-001	84418-74-6
1-001	84418-75-7
1-001	84418-76-8
1-001	84418-77-9
1-001	84418-78-0
1-001	84418-79-1
1-001	84418-80-4
1-001	84418-81-5
1-001	84418-82-6
1-001	84418-83-7
1-001	84418-84-8
1-001	84418-85-9
1-001	84432-23-5
1-001	84434-03-7
1-001	84434-50-4
1-001	84434-73-1
1-001	84455-44-7
1-001	84540-77-2
1-001	845645-77-4
1-001	84583-61-9
1-001	84604-96-6
1-001	84605-29-8
1-001	84633-94-3
1-001	84642-69-3
1-001	84653-18-9
1-001	84682-03-1
1-001	847050-25-3
1-001	84776-22-7
1-001	84776-57-8
1-001	847870-16-0
1-001	847870-29-5
1-001	84812-59-9
1-001	84878-13-7
1-001	84878-14-8
1-001	84878-49-9
1-001	84929-99-7
1-001	84961-79-5
1-001	84963-02-0
1-001	84989-52-6
1-001	84989-56-0
1-001	85005-19-2
1-001	85005-89-6
1-001	85029-75-0
1-001	85068-41-3
1-001	85114-37-0
1-001	85116-70-7
1-001	85117-15-3
1-001	85137-07-1
1-001	85186-39-6
1-001	85186-48-7
1-001	85203-81-2
1-001	85204-02-0
1-001	85204-03-1
1-001	85204-04-2
1-001	85204-05-3
1-001	85204-06-4
1-001	85237-43-0
1-001	85237-44-1
1-001	85237-45-2
1-001	85237-46-3
1-001	85237-48-5
1-001	85252-22-8
1-001	85298-60-8
1-001	85305-07-3
1-001	85338-38-1
1-001	85392-67-2
1-001	85392-69-4
1-001	85392-70-7
1-001	85392-71-8
1-001	85392-73-0
1-001	85408-75-9
1-001	85455-55-6
1-001	85480-88-2
1-001	85536-73-8
1-001	85566-43-4
1-001	85567-53-9
1-001	85567-54-0
1-001	85567-55-1
1-001	85702-50-7
1-001	85702-51-8
1-001	85702-72-3
1-001	85736-53-4
1-001	85750-33-0
1-001	85750-36-3
1-001	85763-59-3
1-001	85763-74-2
1-001	85763-75-3
1-001	85940-28-9
1-001	85959-70-2
1-001	86968-27-6
1-001	871114-28-2
1-001	871483-10-2
1-001	87189-25-1
1-001	873788-00-2
1-001	87502-49-6
1-001	87835-25-4
1-001	87855-89-8
1-001	87855-90-1
1-001	87855-94-5
1-001	880359-14-8
1-001	880359-15-9
1-001	88103-06-4
1-001	882315-44-8
1-001	88683-23-2
1-001	89946-76-9
1-001	90053-13-7
1-001	9006-42-2
1-001	9010-69-9
1-001	9010-71-3
1-001	9016-72-2
1-001	9019-49-2
1-001	90194-46-0
1-001	90218-86-3
1-001	90268-03-4
1-001	90268-94-3
1-001	90342-29-3
1-001	90359-70-9
1-001	90366-58-8
1-001	90388-12-8
1-001	90459-27-1
1-001	90459-29-3
1-001	90480-27-6
1-001	90480-58-3
1-001	90506-99-3
1-001	90507-00-9
1-001	90507-01-0
1-001	90507-02-1
1-001	90507-04-3
1-001	90507-05-4
1-001	90507-07-6
1-001	90529-81-0
1-001	905572-85-2
1-001	90583-69-0
1-001	90604-63-0
1-001	90604-65-2
1-001	90604-66-3
1-001	90604-67-4
1-001	90604-68-5
1-001	90604-69-6
1-001	90604-70-9
1-001	90604-71-0
1-001	90604-89-0
1-001	9079-63-4
1-001	90959-87-8
1-001	91050-99-6
1-001	91051-00-2
1-001	91051-01-3
1-001	91053-44-0
1-001	91053-46-2
1-001	91053-47-3
1-001	91053-48-4
1-001	91053-49-5
1-001	91079-65-1
1-001	91079-71-9
1-001	91081-18-4
1-001	91081-26-4
1-001	91081-68-4
1-001	91081-72-0
1-001	91081-73-1
1-001	91081-74-2
1-001	91081-75-3
1-001	911421-71-1
1-001	91315-44-5
1-001	91648-09-8
1-001	91648-10-1
1-001	91648-12-3
1-001	91648-76-9
1-001	91648-77-0
1-001	91648-78-1
1-001	91648-79-2
1-001	91648-80-5
1-001	91671-51-1
1-001	91672-35-4
1-001	91672-43-4
1-001	91771-75-4
1-001	91783-09-4
1-001	92044-84-3
1-001	92062-08-3
1-001	92062-13-0
1-001	92113-54-7
1-001	92128-37-5
1-001	92201-08-6
1-001	92201-09-7
1-001	92257-09-5
1-001	92379-51-6
1-001	923954-49-8
1-001	92456-98-9
1-001	92481-10-2
1-001	92526-25-5
1-001	93028-34-3
1-001	93028-35-4
1-001	93028-41-2
1-001	93028-47-8
1-001	93094-94-1
1-001	93348-67-5
1-001	93357-17-6
1-001	93384-92-0
1-001	93686-42-1
1-001	93686-46-5
1-001	93686-58-9
1-001	93763-72-5
1-001	93763-87-2
1-001	93763-98-5
1-001	93776-65-9
1-001	93776-66-0
1-001	93776-72-8
1-001	93776-74-0
1-001	937784-13-9
1-001	93783-69-8
1-001	93783-70-1
1-001	93819-94-4
1-001	93821-47-7
1-001	93821-70-6
1-001	93821-72-8
1-001	93839-68-0
1-001	93858-70-9
1-001	93917-82-9
1-001	93917-91-0
1-001	93918-20-8
1-001	93918-21-9
1-001	93918-29-7
1-001	93918-77-5
1-001	93919-40-5
1-001	93919-59-6
1-001	93925-21-4
1-001	93925-30-5
1-001	93940-22-8
1-001	93941-83-4
1-001	93965-32-3
1-001	93981-07-8
1-001	93981-20-5
1-001	93981-48-7
1-001	93981-65-8
1-001	93981-66-9
1-001	93981-70-5
1-001	93983-72-3
1-001	94020-82-3
1-001	94022-09-0
1-001	94022-54-5
1-001	94022-84-1
1-001	94022-85-2
1-001	94023-60-6
1-001	94023-61-7
1-001	94031-15-9
1-001	94031-33-1
1-001	94086-49-4
1-001	94086-54-1
1-001	94095-48-4
1-001	942266-56-0
1-001	942266-57-1
1-001	94230-86-1
1-001	94232-41-4
1-001	94232-64-1
1-001	94233-04-2
1-001	94233-06-4
1-001	94246-66-9
1-001	94246-96-5
1-001	94246-97-6
1-001	94246-98-7
1-001	94275-92-0
1-001	94275-95-3
1-001	94276-82-1
1-001	94276-90-1
1-001	94276-93-4
1-001	94277-66-4
1-001	94292-04-3
1-001	94314-02-0
1-001	94314-04-2
1-001	943428-71-5
1-001	94386-14-8
1-001	94551-60-7
1-001	94551-61-8
1-001	94551-62-9
1-001	94551-64-1
1-001	94551-66-3
1-001	94551-70-9
1-001	94551-73-2
1-001	94551-79-8
1-001	94551-80-1
1-001	94551-86-7
1-001	94551-97-0
1-001	94552-00-8
1-001	94552-05-3
1-001	94552-06-4
1-001	94786-86-4
1-001	950582-77-1
1-001	950582-83-9
1-001	95465-93-3
1-001	96152-41-9
1-001	96152-60-2
1-001	96380-91-5
1-001	96471-16-8
1-001	96690-36-7
1-001	96774-55-9
1-001	97158-32-2
1-001	97358-84-4
1-001	97392-99-9
1-001	97434-87-2
1-001	97467-81-7
1-001	97660-66-7
1-001	97660-67-8
1-001	97675-41-7
1-001	97721-99-8
1-001	97862-22-1
1-001	97926-03-9
1-001	97931-32-3
1-001	98073-07-5
1-001	98171-71-2
1-001	98171-75-6
1-001	98171-76-7
1-001	98266-98-9
1-001	98391-07-2
1-001	98721-47-2
1-001	99123-37-2
1-001	99629-34-2
1-001	P-80-0032
1-001	P-81-0299
1-001	P-83-0128
1-001	P-83-0260
1-001	P-83-0555
1-001	P-83-0866
1-001	P-84-0245
1-001	P-84-0246
1-001	P-84-0247
1-001	P-84-0248
1-001	P-85-0565
1-001	P-85-0736
1-001	P-86-0340
1-001	P-87-0382
1-001	P-88-1001
1-001	P-88-1050
1-001	P-88-1103
1-001	P-88-2290
1-001	P-90-0470
1-001	P-90-1283
1-001	P-91-0121
1-001	P-91-1221
1-001	P-91-1222
1-001	P-91-1223
1-001	P-91-1224
1-001	P-92-0525
1-001	P-92-0720
1-001	P-94-0964
1-001	P-94-0966
1-001	P-94-0968
1-001	P-94-0969
1-001	RR-00578-7
1-001	RR-02096-2
1-001	RR-02247-9
1-001	RR-03835-7
1-001	RR-04199-6
1-001	RR-04454-2
1-001	RR-06778-7
1-001	RR-06784-5
1-001	RR-06812-2
1-001	RR-06813-3
1-001	RR-07072-4
1-001	RR-07325-6
1-001	RR-07954-9
1-001	RR-08212-2
1-001	RR-08443-5
1-001	RR-08493-5
1-001	RR-08616-8
1-001	RR-08626-0
1-001	RR-08759-2
1-001	RR-08925-8
1-001	RR-09055-1
1-001	RR-09280-8
1-001	RR-09407-5
1-001	RR-09680-0
1-001	RR-09681-1
1-001	RR-14255-2
1-001	RR-19348-6
1-001	RR-24046-0
1-001	RR-24053-9
1-001	RR-24193-0
1-001	RR-24273-9
1-001	RR-24280-8
1-001	RR-24287-5
1-001	RR-24356-1
1-001	RR-24748-3
1-001	RR-30345-7
1-001	RR-30435-8
1-001	RR-30490-5
1-001	RR-30502-2
1-001	RR-31614-3
1-001	RR-31619-8
1-001	RR-31993-7
1-001	RR-32210-1
1-001	RR-32671-6
1-001	RR-32823-4
1-001	RR-40755-6
1-001	RR-40756-7
1-001	RR-40757-8
1-001	RR-41449-3
1-001	RR-41451-7
1-001	RR-42039-3
1-001	RR-55399-1
1-001	RR-63328-3
1-001	UN1435
1-001	UN1436
1-001	UN1512
1-001	UN1513
1-001	UN1514
1-001	UN1515
1-001	UN1516
1-001	UN1713
1-001	UN1714
1-001	UN1840
1-001	UN1931
1-001	UN2331
1-001	UN2469
1-001	UN2714
1-001	UN2855
1-001	Y-88-0106
1-002	1198293-68-3
1-002	122775-19-3
1-002	79-06-1
1-002	UN2074
1-003	140-88-5
1-003	1441020-41-2
1-003	UN1917
1-004	139642-59-4
1-004	77210-89-0
1-004	818-61-1
1-005	102256-29-1
1-005	1254182-69-8
1-005	96-33-3
1-005	UN1919
1-007	107-02-8
1-007	25314-61-8
1-007	UN1092
1-009	1722-09-4
1-009	2206-26-0
1-009	54841-72-4
1-009	62663-01-8
1-009	75-05-8
1-009	UN1648
1-010	90-04-0
1-011	100849-37-4
1-011	14545-23-4
1-011	146997-94-6
1-011	1533423-51-6
1-011	1582784-51-7
1-011	1619933-02-6
1-011	18960-62-8
1-011	37342-16-8
1-011	4165-61-1
1-011	62-53-3
1-011	7022-92-6
1-011	UN1547
1-012	1057722-43-6
1-012	11121-00-9
1-012	151517-46-3
1-012	155-25-9
1-012	16681-74-6
1-012	29212-82-6
1-012	30922-30-6
1-012	6051-75-8
1-012	61-82-5
1-012	63598-72-1
1-012	64598-23-8
1-013	106-92-3
1-013	112186-06-8
1-013	90907-93-0
1-013	95043-55-3
1-013	95043-56-4
1-013	UN2219
1-014	100011-37-8
1-014	10025-91-9
1-014	10042-99-6
1-014	10049-22-6
1-014	100656-54-0
1-014	100817-46-7
1-014	10090-54-7
1-014	10101-91-4
1-014	101200-57-1
1-014	101200-58-2
1-014	101200-60-6
1-014	101200-61-7
1-014	101227-27-4
1-014	101294-99-9
1-014	101500-43-0
1-014	101519-68-0
1-014	101794-79-0
1-014	102110-39-4
1-014	102110-40-7
1-014	102110-44-1
1-014	102110-60-1
1-014	102129-38-4
1-014	102262-17-9
1-014	102770-31-0
1-014	102770-34-3
1-014	10433-06-4
1-014	104812-37-5
1-014	10521-30-9
1-014	106160-94-5
1-014	106175-35-3
1-014	106436-67-3
1-014	1078716-00-3
1-014	1079803-62-5
1-014	109037-75-4
1-014	109603-33-0
1-014	110093-36-2
1-014	110464-12-5
1-014	11062-30-9
1-014	110687-68-8
1-014	11071-15-1
1-014	11083-22-0
1-014	11089-58-0
1-014	11098-88-7
1-014	111058-26-5
1-014	11112-10-0
1-014	11115-68-7
1-014	11138-63-9
1-014	11142-43-1
1-014	111906-29-7
1-014	1128070-79-0
1-014	114760-49-5
1-014	117011-47-9
1-014	118574-16-6
1-014	12001-86-4
1-014	12014-29-8
1-014	12014-33-4
1-014	12018-07-4
1-014	12018-68-7
1-014	12019-92-0
1-014	12020-24-5
1-014	12022-92-3
1-014	12022-93-4
1-014	12024-80-5
1-014	12029-86-6
1-014	12031-08-2
1-014	12032-10-9
1-014	12032-82-5
1-014	12032-97-2
1-014	12034-75-2
1-014	12035-01-7
1-014	12035-23-3
1-014	12035-52-8
1-014	12035-53-9
1-014	12036-46-3
1-014	12037-90-0
1-014	12038-22-1
1-014	12038-62-9
1-014	12038-99-2
1-014	12039-31-5
1-014	12039-33-7
1-014	12039-34-8
1-014	12039-35-9
1-014	12039-36-0
1-014	12039-37-1
1-014	12039-38-2
1-014	12039-39-3
1-014	12039-40-6
1-014	12039-41-7
1-014	12039-42-8
1-014	12044-88-1
1-014	12050-65-6
1-014	12050-79-2
1-014	12050-87-2
1-014	12052-42-5
1-014	12052-43-6
1-014	12053-12-2
1-014	12054-21-6
1-014	12054-25-0
1-014	12055-65-1
1-014	12056-11-0
1-014	12056-59-6
1-014	12057-10-2
1-014	12057-30-6
1-014	12057-75-9
1-014	12058-86-5
1-014	12064-03-8
1-014	12064-72-1
1-014	12066-81-8
1-014	12066-88-5
1-014	12067-17-3
1-014	12067-31-1
1-014	12067-35-5
1-014	12067-37-7
1-014	12067-38-8
1-014	12106-31-9
1-014	12107-12-9
1-014	12110-39-3
1-014	121239-75-6
1-014	12125-10-9
1-014	12125-61-0
1-014	12142-69-7
1-014	12157-70-9
1-014	12160-22-4
1-014	12165-47-8
1-014	12166-11-9
1-014	12166-36-8
1-014	12166-38-0
1-014	12166-39-1
1-014	12182-69-3
1-014	12186-97-9
1-014	12187-20-1
1-014	12187-84-7
1-014	12196-60-0
1-014	12208-13-8
1-014	12210-98-9
1-014	12227-91-7
1-014	12255-36-6
1-014	12263-39-7
1-014	12266-38-5
1-014	12274-42-9
1-014	12281-27-5
1-014	12286-37-2
1-014	12294-12-1
1-014	12299-73-9
1-014	12314-11-3
1-014	12323-20-5
1-014	12323-25-0
1-014	12323-26-1
1-014	12323-32-9
1-014	12325-74-5
1-014	12325-75-6
1-014	12333-35-6
1-014	12333-57-2
1-014	12339-09-2
1-014	12339-41-2
1-014	12339-97-8
1-014	12340-34-0
1-014	123402-86-8
1-014	12345-15-2
1-014	12346-31-5
1-014	12359-48-7
1-014	12361-66-9
1-014	12372-51-9
1-014	12412-52-1
1-014	12423-58-4
1-014	12431-81-1
1-014	12434-10-5
1-014	12437-29-5
1-014	12440-49-2
1-014	12440-52-7
1-014	124740-41-6
1-014	12503-49-0
1-014	12504-54-0
1-014	12504-55-1
1-014	125054-46-8
1-014	125054-47-9
1-014	12507-68-5
1-014	12510-28-0
1-014	12515-76-3
1-014	12535-04-5
1-014	1253906-76-1
1-014	12550-17-3
1-014	125662-42-2
1-014	125662-57-9
1-014	12594-53-5
1-014	12597-17-0
1-014	12627-52-0
1-014	126506-93-2
1-014	12655-04-8
1-014	12655-06-0
1-014	12656-50-7
1-014	1266534-73-9
1-014	12673-86-8
1-014	126803-19-8
1-014	127153-81-5
1-014	127320-89-2
1-014	12737-02-9
1-014	127386-54-3
1-014	12780-90-4
1-014	127831-09-8
1-014	12784-26-8
1-014	12786-74-2
1-014	12786-81-1
1-014	12786-82-2
1-014	128221-48-7
1-014	129003-31-2
1-014	129680-26-8
1-014	1300-14-7
1-014	1302-47-2
1-014	13059-67-1
1-014	1309-64-4
1-014	1312-41-0
1-014	1314-60-9
1-014	1315-04-4
1-014	1315-05-5
1-014	1317-86-8
1-014	1317-98-2
1-014	1320-57-6
1-014	1327-33-9
1-014	1327-50-0
1-014	132826-46-1
1-014	133-51-7
1-014	133152-67-7
1-014	1332-41-8
1-014	1332-43-0
1-014	1332-51-0
1-014	1332-81-6
1-014	1333-30-8
1-014	1333-78-4
1-014	133915-53-4
1-014	133915-54-5
1-014	134164-24-2
1-014	13433-92-6
1-014	1344-34-9
1-014	1345-04-6
1-014	13510-89-9
1-014	135691-31-5
1-014	135929-41-8
1-014	136472-10-1
1-014	137002-11-0
1-014	1370442-66-2
1-014	137083-27-3
1-014	13776-84-6
1-014	137822-00-5
1-014	137853-10-2
1-014	138-31-8
1-014	13816-38-1
1-014	13890-80-7
1-014	139301-16-9
1-014	13968-50-8
1-014	14090-94-9
1-014	14104-34-8
1-014	141067-75-6
1-014	14119-16-5
1-014	14129-12-5
1-014	141651-31-2
1-014	141733-48-4
1-014	14176-81-9
1-014	142164-48-5
1-014	142164-53-2
1-014	142164-57-6
1-014	142300-77-4
1-014	14234-35-6
1-014	14265-72-6
1-014	14284-27-6
1-014	14331-88-5
1-014	14374-79-9
1-014	14391-67-4
1-014	14391-68-5
1-014	14459-54-2
1-014	14459-60-0
1-014	14486-20-5
1-014	145076-33-1
1-014	14683-10-4
1-014	14693-02-8
1-014	14700-09-5
1-014	148054-44-8
1-014	148709-58-4
1-014	148709-59-5
1-014	14913-58-7
1-014	14914-68-2
1-014	14939-42-5
1-014	14972-90-8
1-014	15120-50-0
1-014	151227-85-9
1-014	15123-77-0
1-014	15273-81-1
1-014	152761-81-4
1-014	1538-59-6
1-014	1538-62-1
1-014	15432-85-6
1-014	154396-41-5
1-014	154718-31-7
1-014	15489-16-4
1-014	15513-75-4
1-014	155916-06-6
1-014	15593-74-5
1-014	15593-75-6
1-014	15600-71-2
1-014	156989-66-1
1-014	157368-22-4
1-014	15755-18-7
1-014	15755-27-8
1-014	15756-29-3
1-014	15756-32-8
1-014	15756-34-0
1-014	15756-35-1
1-014	1586-91-0
1-014	15874-48-3
1-014	15874-49-4
1-014	15874-50-7
1-014	15874-51-8
1-014	15874-52-9
1-014	15890-25-2
1-014	159120-95-3
1-014	15991-76-1
1-014	160125-91-7
1-014	16039-64-8
1-014	16210-51-8
1-014	16450-50-3
1-014	16455-98-4
1-014	164578-04-5
1-014	164846-99-5
1-014	16521-45-2
1-014	167468-11-3
1-014	167468-13-5
1-014	16756-81-3
1-014	16756-85-7
1-014	16823-94-2
1-014	16871-80-0
1-014	16893-92-8
1-014	16894-69-2
1-014	16905-79-6
1-014	16921-90-7
1-014	16923-35-6
1-014	16925-25-0
1-014	16941-06-3
1-014	16949-12-5
1-014	16950-06-4
1-014	17156-77-3
1-014	17220-70-1
1-014	175889-79-9
1-014	17620-10-9
1-014	17856-92-7
1-014	17857-44-2
1-014	178989-93-0
1-014	17901-09-6
1-014	180795-32-8
1-014	181429-63-0
1-014	18380-68-2
1-014	18424-17-4
1-014	1843-42-1
1-014	186419-12-5
1-014	18770-47-3
1-014	189154-86-7
1-014	19033-63-7
1-014	19073-66-6
1-014	194549-90-1
1-014	19638-16-5
1-014	19708-47-5
1-014	1986-66-9
1-014	20328-96-5
1-014	20346-77-4
1-014	20720-76-7
1-014	2098834-39-8
1-014	212793-41-4
1-014	21432-78-0
1-014	21450-52-2
1-014	2155-73-9
1-014	2155-74-0
1-014	2155-75-1
1-014	2155-81-9
1-014	2185-78-6
1-014	219717-42-7
1-014	220970-29-6
1-014	22537-51-5
1-014	22877-95-8
1-014	23099-82-3
1-014	23325-09-9
1-014	23362-09-6
1-014	23601-23-2
1-014	23713-48-6
1-014	2376284-81-8
1-014	2379331-66-3
1-014	23854-38-8
1-014	23940-36-5
1-014	2400970-89-8
1-014	240141-93-9
1-014	24626-20-8
1-014	24931-44-0
1-014	24964-91-8
1-014	25152-52-7
1-014	25285-72-7
1-014	255877-15-7
1-014	25751-57-9
1-014	25889-81-0
1-014	26042-64-8
1-014	260548-84-3
1-014	26209-91-6
1-014	26282-95-1
1-014	2629-47-2
1-014	264921-16-6
1-014	26810-97-9
1-014	26864-36-8
1-014	27253-22-1
1-014	27279-76-1
1-014	27288-44-4
1-014	28300-74-5
1-014	28767-59-1
1-014	288094-79-1
1-014	289483-12-1
1-014	28980-47-4
1-014	28980-48-5
1-014	28980-49-6
1-014	29095-38-3
1-014	29638-69-5
1-014	29664-84-4
1-014	29671-18-9
1-014	29736-75-2
1-014	30004-57-0
1-014	304-61-0
1-014	30470-68-9
1-014	30470-69-0
1-014	305-97-5
1-014	3064-61-7
1-014	30718-75-3
1-014	309263-22-7
1-014	30927-36-7
1-014	30952-14-8
1-014	31219-54-2
1-014	312308-62-6
1-014	31589-39-6
1-014	32257-11-7
1-014	32465-49-9
1-014	32516-50-0
1-014	3264-67-3
1-014	328-55-2
1-014	334490-51-6
1-014	33908-66-6
1-014	33910-86-0
1-014	33992-50-6
1-014	342043-86-1
1-014	34237-34-8
1-014	34521-09-0
1-014	34755-53-8
1-014	35724-06-2
1-014	360068-30-0
1-014	36121-95-6
1-014	3643-76-3
1-014	36971-66-1
1-014	37035-60-2
1-014	37204-11-8
1-014	37215-27-3
1-014	37223-55-5
1-014	37233-00-4
1-014	37256-15-8
1-014	37256-16-9
1-014	37257-75-3
1-014	37308-30-8
1-014	37367-15-0
1-014	37367-17-2
1-014	37367-80-9
1-014	378253-02-2
1-014	378253-03-3
1-014	378253-07-7
1-014	378253-08-8
1-014	38057-02-2
1-014	38600-48-5
1-014	38668-35-8
1-014	38897-60-8
1-014	39290-81-8
1-014	39294-08-1
1-014	39349-74-1
1-014	39356-80-4
1-014	39357-02-3
1-014	39357-85-2
1-014	39357-86-3
1-014	39412-44-7
1-014	39427-02-6
1-014	39466-73-4
1-014	3958-19-8
1-014	40718-46-5
1-014	4126-81-2
1-014	41422-43-9
1-014	41422-59-7
1-014	41494-34-2
1-014	41494-35-3
1-014	42427-72-5
1-014	42611-90-5
1-014	4263-38-1
1-014	42718-81-0
1-014	4292-34-6
1-014	4379-83-3
1-014	4379-85-5
1-014	44628-70-8
1-014	472969-22-5
1-014	4756-75-6
1-014	4933-27-1
1-014	5035-52-9
1-014	5035-58-5
1-014	50789-88-3
1-014	50814-97-6
1-014	509121-40-8
1-014	51138-28-4
1-014	51311-89-8
1-014	51312-15-3
1-014	51429-91-5
1-014	51716-92-8
1-014	51787-30-5
1-014	51845-73-9
1-014	51900-05-1
1-014	52037-42-0
1-014	52503-06-7
1-014	526-50-1
1-014	52933-74-1
1-014	52933-75-2
1-014	53028-50-5
1-014	53120-23-3
1-014	53262-48-9
1-014	53318-72-2
1-014	535-46-6
1-014	53856-17-0
1-014	539-54-8
1-014	5395-43-7
1-014	54075-76-2
1-014	545386-98-9
1-014	54576-53-3
1-014	54764-32-8
1-014	54847-25-5
1-014	5496-71-9
1-014	554-76-7
1-014	55467-74-8
1-014	55576-04-0
1-014	55576-05-1
1-014	5609-80-3
1-014	5613-68-3
1-014	5613-69-4
1-014	56668-68-9
1-014	5702-61-4
1-014	57741-04-5
1-014	57762-28-4
1-014	57840-38-7
1-014	57898-46-1
1-014	57997-56-5
1-014	58164-88-8
1-014	5835-64-3
1-014	58428-34-5
1-014	58814-38-3
1-014	59372-48-4
1-014	594-10-5
1-014	594-31-0
1-014	5965-33-3
1-014	59778-51-7
1-014	59872-00-3
1-014	59922-49-5
1-014	60001-03-8
1-014	603-36-1
1-014	61142-81-2
1-014	61288-66-2
1-014	61349-45-9
1-014	61349-47-1
1-014	61358-23-4
1-014	61642-33-9
1-014	6169-12-6
1-014	617-85-6
1-014	61869-49-6
1-014	62010-30-4
1-014	62010-31-5
1-014	62339-51-9
1-014	62712-21-4
1-014	62851-41-6
1-014	6295-12-1
1-014	63172-17-8
1-014	63439-16-7
1-014	63513-30-4
1-014	63938-93-2
1-014	63994-33-2
1-014	64011-26-3
1-014	64011-35-4
1-014	64011-36-5
1-014	64013-14-5
1-014	64013-16-7
1-014	64024-08-4
1-014	64046-93-1
1-014	64070-10-6
1-014	64070-11-7
1-014	64070-12-8
1-014	64070-14-0
1-014	64093-53-4
1-014	64296-67-9
1-014	64417-77-2
1-014	64475-90-7
1-014	64553-20-4
1-014	64604-85-9
1-014	64885-57-0
1-014	6533-78-4
1-014	6535-15-5
1-014	6543-62-0
1-014	65722-68-1
1-014	65997-18-4
1-014	66103-03-5
1-014	66469-53-2
1-014	666263-51-0
1-014	667463-25-4
1-014	66922-79-0
1-014	67251-37-0
1-014	67251-40-5
1-014	67296-48-4
1-014	67711-96-0
1-014	67711-98-2
1-014	67711-99-3
1-014	6780-10-5
1-014	68083-87-4
1-014	68186-90-3
1-014	68187-54-2
1-014	68189-16-2
1-014	68332-69-4
1-014	68411-49-4
1-014	687-81-0
1-014	68784-55-4
1-014	68784-78-1
1-014	68794-85-4
1-014	688013-91-4
1-014	68921-97-1
1-014	68933-55-1
1-014	68937-04-2
1-014	68937-20-2
1-014	68951-38-2
1-014	68953-72-0
1-014	68954-54-1
1-014	68956-96-7
1-014	68957-23-3
1-014	68989-19-5
1-014	69011-08-1
1-014	69011-59-2
1-014	69011-60-5
1-014	69012-20-0
1-014	69012-72-2
1-014	69029-45-4
1-014	69029-50-1
1-014	69029-51-2
1-014	69029-53-4
1-014	69029-58-9
1-014	69029-87-4
1-014	6923-52-0
1-014	6939-83-9
1-014	694503-46-3
1-014	69459-69-4
1-014	69545-71-7
1-014	69600-03-9
1-014	69892-82-6
1-014	69991-68-0
1-014	7010-38-0
1-014	70225-54-6
1-014	70247-82-4
1-014	70495-28-2
1-014	70514-71-5
1-014	7065-22-7
1-014	70969-69-6
1-014	71077-18-4
1-014	71119-45-4
1-014	71119-49-8
1-014	71215-72-0
1-014	71449-78-0
1-014	71463-61-1
1-014	71566-48-8
1-014	71747-80-3
1-014	71786-70-4
1-014	71850-71-0
1-014	71850-72-1
1-014	71850-86-7
1-014	71850-87-8
1-014	71850-88-9
1-014	71949-30-9
1-014	72017-60-8
1-014	72121-43-8
1-014	72166-93-9
1-014	72479-88-0
1-014	72924-94-8
1-014	72926-13-7
1-014	73063-67-9
1-014	73071-00-8
1-014	73482-18-5
1-014	73508-21-1
1-014	73892-02-1
1-014	73912-61-5
1-014	74038-45-2
1-014	74365-27-8
1-014	7440-36-0
1-014	7446-32-4
1-014	7578-07-6
1-014	7647-18-9
1-014	76543-23-2
1-014	77114-79-5
1-014	77824-42-1
1-014	77824-44-3
1-014	7783-56-4
1-014	7783-70-2
1-014	7789-61-9
1-014	7790-44-5
1-014	7791-08-4
1-014	7791-16-4
1-014	7803-52-3
1-014	8007-18-9
1-014	8007-28-1
1-014	8011-72-1
1-014	8011-73-2
1-014	8012-00-8
1-014	8012-64-4
1-014	80640-84-2
1-014	81776-61-6
1-014	81924-93-8
1-014	82916-74-3
1-014	84184-48-5
1-014	84195-60-8
1-014	84238-43-7
1-014	84314-10-3
1-014	84776-00-1
1-014	84777-04-8
1-014	84929-82-8
1-014	84949-18-8
1-014	85307-36-4
1-014	85712-57-8
1-014	861660-84-6
1-014	86189-54-0
1-014	86221-76-3
1-014	86831-40-5
1-014	875817-23-5
1-014	87709-41-9
1-014	87856-03-9
1-014	88966-67-0
1-014	89452-37-9
1-014	896-29-7
1-014	89899-81-0
1-014	90170-79-9
1-014	90177-43-8
1-014	90552-50-4
1-014	91051-98-8
1-014	92089-68-4
1-014	92128-37-5
1-014	92200-97-0
1-014	92202-25-0
1-014	926280-53-7
1-014	92687-27-9
1-014	92687-28-0
1-014	92687-31-5
1-014	92731-36-7
1-014	930120-90-4
1-014	93091-03-3
1-014	93776-64-8
1-014	93840-05-2
1-014	93840-06-3
1-014	93840-07-4
1-014	93844-22-5
1-014	94228-51-0
1-014	94442-00-9
1-014	94551-66-3
1-014	94551-87-8
1-014	94551-97-0
1-014	94825-20-4
1-014	95046-49-4
1-014	95193-93-4
1-014	95722-64-8
1-014	96195-78-7
1-014	96342-74-4
1-014	97048-22-1
1-014	97048-23-2
1-014	97763-70-7
1-014	98002-59-6
1-014	98246-91-4
1-014	98517-01-2
1-014	P-93-0606
1-014	P-94-0464
1-014	P-95-0677
1-014	P-95-0724
1-014	RR-00554-9
1-014	RR-00585-6
1-014	RR-00675-7
1-014	RR-01639-7
1-014	RR-11146-6
1-014	RR-145866-8
1-014	RR-192911-9
1-014	RR-192912-0
1-014	RR-24352-7
1-014	RR-29525-0
1-014	RR-29526-1
1-014	RR-31090-7
1-014	RR-32772-0
1-014	RR-33682-3
1-014	RR-41418-6
1-014	RR-42178-3
1-014	RR-43729-6
1-014	RR-45492-2
1-014	RR-66993-2
1-014	RR-66994-3
1-014	RR-66996-5
1-014	RR-93835-2
1-014	UN1550
1-014	UN1551
1-014	UN1730
1-014	UN1731
1-014	UN1732
1-014	UN1733
1-014	UN2676
1-014	UN2871
1-015	101701-80-8
1-015	102771-74-4
1-015	105439-02-9
1-015	110648-35-6
1-015	111093-75-5
1-015	1186289-22-4
1-015	1199811-14-7
1-015	1211316-62-9
1-015	124961-52-0
1-015	129212-17-5
1-015	135454-41-0
1-015	146282-59-9
1-015	146665-38-5
1-015	149579-36-2
1-015	1548444-15-0
1-015	158750-30-2
1-015	194936-84-0
1-015	26602-93-7
1-015	4098-71-9
1-015	50974-99-7
1-015	52985-93-0
1-015	63793-40-8
1-015	66708-07-4
1-015	70936-97-9
1-015	74091-63-7
1-015	74520-92-6
1-015	88778-74-9
1-015	UN2290
1-016	26140-46-5
1-016	78-84-2
1-016	UN2045
1-017	78-79-5
1-017	78006-92-5
1-017	823271-95-0
1-017	UN1218
1-018	137885-53-1
1-018	1429425-26-2
1-018	146479-75-6
1-018	27360-89-0
1-018	28106-82-3
1-018	37808-08-5
1-018	80-05-7
1-019	22224-92-6
1-020	98-83-9
1-020	UN2303
1-021	10025-82-8
1-021	100656-55-1
1-021	1018852-65-7
1-021	102091-56-5
1-021	106070-25-1
1-021	106605-50-9
1-021	107102-51-2
1-021	110642-14-3
1-021	115950-55-5
1-021	12010-46-7
1-021	12010-47-8
1-021	12018-94-9
1-021	12018-95-0
1-021	12018-96-1
1-021	12030-05-6
1-021	12030-14-7
1-021	12030-22-7
1-021	12030-24-9
1-021	120441-92-1
1-021	12056-07-4
1-021	12125-53-0
1-021	12136-26-4
1-021	12148-78-6
1-021	12167-90-7
1-021	12396-27-9
1-021	12398-10-6
1-021	1239902-45-4
1-021	12600-43-0
1-021	12672-70-7
1-021	12672-71-8
1-021	1303-11-3
1-021	1312-41-0
1-021	1312-43-2
1-021	1312-45-4
1-021	1315508-87-2
1-021	1338813-59-4
1-021	134131-31-0
1-021	13464-82-9
1-021	13465-09-3
1-021	13465-10-6
1-021	13465-11-7
1-021	13465-14-0
1-021	135060-96-7
1-021	135060-97-8
1-021	135060-98-9
1-021	13510-35-5
1-021	1352828-70-6
1-021	13529-74-3
1-021	1370553-14-2
1-021	13770-61-1
1-021	13779-78-7
1-021	13966-94-4
1-021	139767-61-6
1-021	14133-75-6
1-021	14166-78-0
1-021	14191-71-0
1-021	14280-53-6
1-021	14391-66-3
1-021	143983-91-9
1-021	14405-45-9
1-021	144972-86-1
1-021	14693-82-4
1-021	14833-35-3
1-021	14885-78-0
1-021	14914-66-0
1-021	15078-72-5
1-021	15676-66-1
1-021	15750-15-9
1-021	1672739-33-1
1-021	16731-79-6
1-021	19567-64-7
1-021	20471-73-2
1-021	20661-21-6
1-021	20694-56-8
1-021	22398-80-7
1-021	22519-64-8
1-021	244274-11-1
1-021	247177-47-5
1-021	25114-58-3
1-021	25617-98-5
1-021	25954-72-7
1-021	26209-91-6
1-021	27765-48-6
1-021	3015-98-3
1-021	30734-38-4
1-021	32365-64-3
1-021	33836-96-3
1-021	3385-78-2
1-021	37257-75-3
1-021	37362-82-6
1-021	378253-33-9
1-021	378253-34-0
1-021	378759-60-5
1-021	378759-66-1
1-021	378759-77-4
1-021	378762-18-6
1-021	378789-47-0
1-021	40399-07-3
1-021	4194-69-8
1-021	50800-85-6
1-021	50814-97-6
1-021	50926-11-9
1-021	51341-34-5
1-021	52350-34-2
1-021	55326-87-9
1-021	56668-68-9
1-021	57344-73-7
1-021	59392-50-6
1-021	60459-04-3
1-021	60662-14-8
1-021	60815-94-3
1-021	62763-56-8
1-021	66027-93-8
1-021	66027-94-9
1-021	66525-54-0
1-021	67816-06-2
1-021	67906-11-0
1-021	68310-35-0
1-021	68611-66-5
1-021	69011-67-2
1-021	69029-48-7
1-021	69029-49-8
1-021	69029-56-7
1-021	69029-64-7
1-021	69029-69-2
1-021	69029-90-9
1-021	69029-92-1
1-021	69375-27-5
1-021	71011-07-9
1-021	71243-84-0
1-021	71630-92-7
1-021	71747-80-3
1-021	7440-74-6
1-021	76129-48-1
1-021	7783-52-0
1-021	817163-79-4
1-021	84012-59-9
1-021	85117-02-8
1-021	85307-36-4
1-021	87224-89-3
1-021	87224-90-6
1-021	90412-06-9
1-021	91078-80-7
1-021	91771-29-8
1-021	92274-82-3
1-021	923-34-2
1-021	94113-54-9
1-021	94233-20-2
1-021	94236-82-5
1-021	94236-83-6
1-021	94265-92-6
1-021	945764-31-8
1-021	RR-00600-8
1-021	RR-04097-1
1-021	RR-145905-8
1-022	193-39-5
1-022	348085-46-1
1-023	149-57-5
1-023	202054-39-5
1-023	83829-68-9
1-024	100-41-4
1-024	UN1175
1-025	151-56-4
1-025	99932-76-0
1-025	UN1185
1-026	111-15-9
1-026	UN1172
1-027	107-15-3
1-027	6780-13-8
1-027	8030-24-8
1-027	85404-18-8
1-027	UN1604
1-028	13440-78-3
1-028	1586747-13-8
1-028	161122-33-4
1-028	20539-27-9
1-028	26627-46-3
1-028	30485-87-1
1-028	30485-88-2
1-028	30485-90-6
1-028	32757-10-1
1-028	402925-67-1
1-028	60-00-4
1-028	675141-16-9
1-028	94108-75-5
1-029	110-80-5
1-029	96231-36-6
1-029	UN1171
1-030	106-89-8
1-030	109351-74-8
1-030	13403-37-7
1-030	36250-81-4
1-030	51594-55-9
1-030	67843-74-7
1-030	9009-12-5
1-030	UN2023
1-031	106-88-7
1-031	55555-96-9
1-031	UN3022
1-032	556-52-5
1-032	61915-27-3
1-032	98913-54-3
1-033	122-60-1
1-033	66527-93-3
1-034	107-05-1
1-034	UN1100
1-035	10025-77-1
1-035	121714-78-1
1-035	12178-83-5
1-035	130622-20-7
1-035	18497-67-1
1-035	24290-40-2
1-035	54862-84-9
1-035	58694-78-3
1-035	60684-13-1
1-035	64333-00-2
1-035	7705-08-0
1-035	UN1773
1-035	UN2582
1-036	1002-69-3
1-036	102736-13-0
1-036	104492-02-6
1-036	104948-36-9
1-036	108137-02-6
1-036	108171-26-2
1-036	108688-63-7
1-036	109319-61-1
1-036	11098-33-2
1-036	11104-09-9
1-036	11118-59-5
1-036	11129-83-2
1-036	112-52-7
1-036	12224-95-2
1-036	12240-11-8
1-036	12619-69-1
1-036	12633-77-1
1-036	127546-06-9
1-036	128281-89-0
1-036	1328-53-6
1-036	188265-19-2
1-036	18993-26-5
1-036	194554-64-8
1-036	2162-98-3
1-036	219697-10-6
1-036	219697-11-7
1-036	221174-07-8
1-036	2350-11-0
1-036	2473-03-2
1-036	276673-33-7
1-036	34214-82-9
1-036	36312-81-9
1-036	37187-40-9
1-036	37340-12-8
1-036	38605-30-0
1-036	3922-24-5
1-036	3922-26-7
1-036	3922-36-9
1-036	39279-65-7
1-036	39362-52-2
1-036	39380-65-9
1-036	39406-09-2
1-036	39444-36-5
1-036	43090-85-3
1-036	4325-51-3
1-036	50642-99-4
1-036	50646-90-7
1-036	51059-93-9
1-036	51653-13-5
1-036	51990-12-6
1-036	52276-52-5
1-036	52499-70-4
1-036	52555-47-2
1-036	52622-66-9
1-036	52677-73-3
1-036	52677-74-4
1-036	52677-75-5
1-036	53028-59-4
1-036	53028-60-7
1-036	53200-35-4
1-036	53572-39-7
1-036	54059-75-5
1-036	54577-71-8
1-036	55353-50-9
1-036	56509-64-9
1-036	56730-95-1
1-036	58516-52-2
1-036	601523-20-0
1-036	601523-25-5
1-036	60202-64-4
1-036	61539-83-1
1-036	61788-76-9
1-036	62016-82-4
1-036	63449-39-8
1-036	64333-62-6
1-036	65950-04-1
1-036	66746-35-8
1-036	67053-86-5
1-036	67282-23-9
1-036	68920-70-7
1-036	69430-53-1
1-036	71011-12-6
1-036	72779-62-5
1-036	73560-40-4
1-036	75458-21-8
1-036	8029-39-8
1-036	81180-93-0
1-036	822-13-9
1-036	84082-38-2
1-036	85256-45-7
1-036	85535-84-8
1-036	85535-85-9
1-036	85535-86-0
1-036	85681-73-8
1-036	900167-11-5
1-036	90651-64-2
1-036	914378-31-7
1-036	97380-88-6
1-036	RR-126133-2
1-038	100-44-7
1-038	UN1738
1-040	111-87-5
1-040	220713-26-8
1-040	286012-97-3
1-041	120-80-9
1-041	16474-89-8
1-041	16474-90-1
1-041	19481-10-8
1-041	37349-32-9
1-042	105-60-2
1-042	117955-36-9
1-042	168214-28-6
1-042	2953-03-9
1-042	32838-21-4
1-042	32838-23-6
1-042	34876-18-1
1-043	106-42-3
1-043	108-38-3
1-043	1330-20-7
1-043	56004-61-6
1-043	8026-09-3
1-043	95-47-6
1-043	UN1307
1-044	20214-07-7
1-044	91-22-5
1-044	UN2656
1-045	100085-00-5
1-045	100085-69-6
1-045	100335-18-0
1-045	100335-19-1
1-045	100402-50-4
1-045	100438-90-2
1-045	100656-52-8
1-045	100683-95-2
1-045	100684-43-3
1-045	100684-47-7
1-045	100684-48-8
1-045	100684-55-7
1-045	100684-56-8
1-045	100684-57-9
1-045	100684-60-4
1-045	100684-61-5
1-045	100995-79-7
1-045	101357-29-3
1-045	102110-50-9
1-045	102110-56-5
1-045	102110-57-6
1-045	10294-26-5
1-045	10357-62-7
1-045	1042667-92-4
1-045	105285-26-5
1-045	105883-46-3
1-045	11078-33-4
1-045	11113-87-4
1-045	112714-62-2
1-045	1147709-34-9
1-045	1167997-68-3
1-045	119617-22-0
1-045	12002-67-4
1-045	12002-82-3
1-045	12002-99-2
1-045	12003-00-8
1-045	12005-82-2
1-045	12041-40-6
1-045	12041-42-8
1-045	121918-00-1
1-045	12249-45-5
1-045	12249-54-6
1-045	12249-68-2
1-045	12267-44-6
1-045	12309-96-5
1-045	12351-98-3
1-045	123627-30-5
1-045	12376-95-3
1-045	124222-18-0
1-045	124417-95-4
1-045	124561-52-0
1-045	12513-18-7
1-045	125390-10-5
1-045	12553-68-3
1-045	12587-98-3
1-045	12597-76-1
1-045	126-45-4
1-045	126257-89-4
1-045	12653-91-7
1-045	12673-77-7
1-045	126820-94-8
1-045	126820-96-0
1-045	126820-97-1
1-045	127694-63-7
1-045	127814-43-1
1-045	127922-21-8
1-045	128196-69-0
1-045	128196-70-3
1-045	129618-37-7
1-045	1301-96-8
1-045	1302-01-8
1-045	1302-04-1
1-045	1302-08-5
1-045	1302-09-6
1-045	130328-18-6
1-045	130328-19-7
1-045	130328-20-0
1-045	13086-63-0
1-045	13092-75-6
1-045	131163-33-2
1-045	13126-70-0
1-045	131642-49-4
1-045	134131-32-1
1-045	134131-33-2
1-045	134325-12-5
1-045	134349-81-8
1-045	13465-88-8
1-045	13465-93-5
1-045	13465-96-8
1-045	13465-97-9
1-045	13465-98-0
1-045	13497-94-4
1-045	13510-44-6
1-045	13863-88-2
1-045	14038-75-6
1-045	14104-20-2
1-045	14125-27-0
1-045	1423809-66-8
1-045	14242-05-8
1-045	14325-99-6
1-045	14331-86-3
1-045	14333-39-2
1-045	14376-43-3
1-045	14391-65-2
1-045	14391-76-5
1-045	146-84-9
1-045	146925-85-1
1-045	1470-61-7
1-045	14701-21-4
1-045	14833-32-0
1-045	148630-66-4
1-045	14928-14-4
1-045	14967-69-2
1-045	150361-06-1
1-045	15116-79-7
1-045	1535485-71-2
1-045	154339-84-1
1-045	15521-50-3
1-045	15525-64-1
1-045	155645-89-9
1-045	155925-27-2
1-045	15634-29-4
1-045	15760-04-0
1-045	15760-07-3
1-045	15768-18-0
1-045	16027-55-7
1-045	160935-28-4
1-045	16205-01-9
1-045	1632046-27-5
1-045	1648747-58-3
1-045	1648747-59-4
1-045	165461-74-5
1-045	16631-02-0
1-045	16836-95-6
1-045	16920-45-9
1-045	1701-93-5
1-045	172826-34-5
1-045	172850-11-2
1-045	173423-45-5
1-045	177279-28-6
1-045	18268-45-6
1-045	18444-31-0
1-045	188916-45-2
1-045	188916-46-3
1-045	189114-61-2
1-045	19025-97-9
1-045	19287-89-9
1-045	195385-97-8
1-045	195386-00-6
1-045	195386-03-9
1-045	195386-08-4
1-045	20389-38-2
1-045	204594-09-2
1-045	20467-93-0
1-045	20667-12-3
1-045	206986-90-5
1-045	20963-87-5
1-045	21430-69-3
1-045	21548-73-2
1-045	22137-89-9
1-045	22199-08-2
1-045	22257-44-9
1-045	22350-95-4
1-045	22842-84-8
1-045	22855-70-5
1-045	23149-52-2
1-045	23606-32-8
1-045	2386-52-9
1-045	24687-57-8
1-045	2489-05-6
1-045	24927-67-1
1-045	2541-67-5
1-045	25455-73-6
1-045	25822-21-3
1-045	25931-86-6
1-045	26042-63-7
1-045	26077-31-6
1-045	26088-37-9
1-045	265647-11-8
1-045	2923-14-0
1-045	2923-28-6
1-045	2966-50-9
1-045	29829-51-4
1-045	308062-97-7
1-045	31517-19-8
1-045	31890-20-7
1-045	326478-55-1
1-045	3315-16-0
1-045	331717-44-3
1-045	335-93-3
1-045	34445-07-3
1-045	3507-99-1
1-045	3508-01-8
1-045	36701-38-9
1-045	37271-93-5
1-045	37318-74-4
1-045	378784-20-4
1-045	378784-21-5
1-045	378784-22-6
1-045	378784-23-7
1-045	378784-24-8
1-045	3794-64-7
1-045	383-88-0
1-045	38351-46-1
1-045	38892-25-0
1-045	42572-30-5
1-045	42613-24-1
1-045	42867-30-1
1-045	42879-93-6
1-045	43126-83-6
1-045	44236-30-8
1-045	454467-21-1
1-045	506-61-6
1-045	506-64-9
1-045	50746-17-3
1-045	509-09-1
1-045	51501-69-0
1-045	532-31-0
1-045	533-51-7
1-045	53370-43-7
1-045	534-16-7
1-045	53404-00-5
1-045	54388-56-6
1-045	5489-14-5
1-045	55047-82-0
1-045	5610-59-3
1-045	563-63-3
1-045	5651-26-3
1-045	57542-56-0
1-045	60347-66-2
1-045	60763-16-8
1-045	61022-89-7
1-045	62638-04-4
1-045	63939-08-2
1-045	65761-23-1
1-045	65997-18-4
1-045	66502-42-9
1-045	67372-98-9
1-045	67711-95-9
1-045	67711-97-1
1-045	67711-98-2
1-045	67859-40-9
1-045	67859-41-0
1-045	67859-42-1
1-045	67859-44-3
1-045	67859-67-0
1-045	67859-68-1
1-045	67893-50-9
1-045	67906-15-4
1-045	67952-62-9
1-045	68365-86-6
1-045	68391-13-9
1-045	68512-23-2
1-045	68551-38-2
1-045	68551-40-6
1-045	68583-43-7
1-045	68583-45-9
1-045	68584-08-7
1-045	68584-41-8
1-045	68611-69-8
1-045	68611-71-2
1-045	68683-18-1
1-045	68784-68-9
1-045	68785-05-7
1-045	68815-08-7
1-045	68876-99-3
1-045	68877-01-0
1-045	68892-08-0
1-045	68916-32-5
1-045	69011-54-7
1-045	69011-60-5
1-045	69012-52-8
1-045	69029-47-6
1-045	69029-57-8
1-045	69898-19-7
1-045	70251-05-7
1-045	70495-27-1
1-045	71630-92-7
1-045	72252-42-7
1-045	7440-22-4
1-045	745795-74-8
1-045	75522-86-0
1-045	7761-88-8
1-045	7775-41-9
1-045	777844-76-5
1-045	7783-89-3
1-045	7783-90-6
1-045	7783-91-7
1-045	7783-92-8
1-045	7783-93-9
1-045	7783-95-1
1-045	7783-96-2
1-045	7783-97-3
1-045	7783-98-4
1-045	7783-99-5
1-045	7784-00-1
1-045	7784-01-2
1-045	7784-02-3
1-045	7784-03-4
1-045	7784-07-8
1-045	7784-08-9
1-045	7784-09-0
1-045	7785-23-1
1-045	8012-12-2
1-045	8021-27-0
1-045	8049-09-0
1-045	84583-61-9
1-045	85392-55-8
1-045	858235-52-6
1-045	858235-54-8
1-045	873001-24-2
1-045	873297-19-9
1-045	87354-45-8
1-045	87370-84-1
1-045	879674-08-5
1-045	89952-87-4
1-045	9015-51-4
1-045	90552-60-6
1-045	91053-45-1
1-045	91697-48-2
1-045	91722-12-2
1-045	91722-43-9
1-045	91745-78-7
1-045	91745-81-2
1-045	918639-16-4
1-045	91899-63-7
1-045	923-14-8
1-045	924904-77-8
1-045	93820-19-0
1-045	93917-83-0
1-045	93942-60-0
1-045	93951-22-5
1-045	94030-91-8
1-045	94233-21-3
1-045	94233-34-8
1-045	94276-39-8
1-045	94276-84-3
1-045	94551-97-0
1-045	94552-05-3
1-045	94552-06-4
1-045	95370-75-5
1-045	95370-76-6
1-045	96152-54-4
1-045	97102-89-1
1-045	97198-18-0
1-045	97468-34-3
1-045	97676-15-8
1-045	97765-67-8
1-045	97765-79-2
1-045	97766-13-7
1-045	97766-16-0
1-045	97766-33-1
1-045	97926-57-3
1-045	97926-88-0
1-045	97926-95-9
1-045	98072-44-7
1-045	99573-82-7
1-045	RR-00041-9
1-045	RR-00574-3
1-045	RR-02293-5
1-045	RR-02793-0
1-045	RR-04200-2
1-045	RR-10146-2
1-045	RR-43023-9
1-045	UN1493
1-045	UN1683
1-045	UN1684
1-046	107-22-2
1-046	83513-30-8
1-047	218-01-9
1-047	27274-05-1
1-048	107950-89-0
1-048	111-30-8
1-048	1428979-54-7
1-048	1497435-71-8
1-048	37245-61-7
1-048	79215-57-9
1-049	100085-47-0
1-049	100231-60-5
1-049	10031-16-0
1-049	10031-25-1
1-049	10031-37-5
1-049	10039-53-9
1-049	10049-05-5
1-049	10049-10-2
1-049	10049-11-3
1-049	10049-25-9
1-049	100656-50-6
1-049	100908-09-6
1-049	10101-75-4
1-049	10103-47-6
1-049	10127-05-6
1-049	10127-27-2
1-049	10127-28-3
1-049	10170-68-0
1-049	101836-91-3
1-049	102110-69-0
1-049	102110-72-5
1-049	102262-17-9
1-049	102262-20-4
1-049	102262-21-5
1-049	102262-22-6
1-049	102262-23-7
1-049	102322-77-0
1-049	10241-21-1
1-049	10241-27-7
1-049	102496-08-2
1-049	102506-12-7
1-049	102561-72-8
1-049	102561-73-9
1-049	102782-47-8
1-049	102782-48-9
1-049	102782-49-0
1-049	102782-50-3
1-049	10279-63-7
1-049	10294-53-8
1-049	1029600-34-7
1-049	103241-63-0
1-049	10343-55-2
1-049	10343-58-5
1-049	103458-48-6
1-049	103651-07-6
1-049	103651-08-7
1-049	103671-34-7
1-049	10380-20-8
1-049	10380-30-0
1-049	103819-10-9
1-049	104105-46-6
1-049	104466-01-5
1-049	104466-02-6
1-049	104791-17-5
1-049	104791-31-3
1-049	104815-52-3
1-049	106065-05-8
1-049	106084-79-1
1-049	106168-42-7
1-049	106866-56-2
1-049	1079350-90-5
1-049	109125-50-0
1-049	109125-51-1
1-049	109125-62-4
1-049	109414-04-2
1-049	110375-89-8
1-049	110375-90-1
1-049	110532-38-2
1-049	110553-28-1
1-049	111031-82-4
1-049	11104-59-9
1-049	11114-46-8
1-049	11115-74-5
1-049	111256-87-2
1-049	112510-35-7
1-049	112764-80-4
1-049	112764-81-5
1-049	112764-82-6
1-049	113163-33-0
1-049	114886-92-9
1-049	114886-93-0
1-049	114886-94-1
1-049	114886-95-2
1-049	114886-96-3
1-049	114886-97-4
1-049	114886-98-5
1-049	114886-99-6
1-049	114887-00-2
1-049	114959-47-6
1-049	114959-48-7
1-049	115341-05-4
1-049	115465-57-1
1-049	116032-59-8
1-049	116565-74-3
1-049	117527-94-3
1-049	118460-97-2
1-049	118496-41-6
1-049	118556-91-5
1-049	118685-18-0
1-049	118685-19-1
1-049	118685-33-9
1-049	118716-61-3
1-049	118716-62-4
1-049	1187200-64-1
1-049	118870-19-2
1-049	1191429-72-7
1-049	1191464-81-9
1-049	119535-63-6
1-049	119654-54-5
1-049	12001-89-7
1-049	12011-60-8
1-049	12011-61-9
1-049	12011-63-1
1-049	12012-35-0
1-049	12013-31-9
1-049	12018-00-7
1-049	12018-01-8
1-049	12018-08-5
1-049	12018-17-6
1-049	12018-22-3
1-049	12018-34-7
1-049	12018-36-9
1-049	12018-40-5
1-049	120418-78-2
1-049	120418-79-3
1-049	120418-80-6
1-049	120418-81-7
1-049	120522-64-7
1-049	120522-66-9
1-049	12053-00-8
1-049	12053-13-3
1-049	12053-26-8
1-049	12053-27-9
1-049	12053-29-1
1-049	120573-95-7
1-049	120574-56-3
1-049	12068-77-8
1-049	12069-41-9
1-049	12075-40-0
1-049	12082-08-5
1-049	1208240-55-4
1-049	12083-24-8
1-049	12083-33-9
1-049	12099-17-1
1-049	12105-81-6
1-049	12108-11-1
1-049	12115-65-0
1-049	12116-44-8
1-049	12125-72-3
1-049	12129-27-0
1-049	12129-67-8
1-049	12134-11-1
1-049	12134-17-7
1-049	12134-19-9
1-049	12154-63-1
1-049	12158-37-1
1-049	12158-48-4
1-049	12158-49-5
1-049	12182-76-2
1-049	12182-82-0
1-049	12190-87-3
1-049	12190-91-9
1-049	12190-92-0
1-049	12218-36-9
1-049	12218-94-9
1-049	12218-95-0
1-049	12218-96-1
1-049	12225-64-8
1-049	12226-00-5
1-049	12237-22-8
1-049	12241-41-7
1-049	12254-85-2
1-049	122564-98-1
1-049	122619-87-8
1-049	12285-50-6
1-049	12287-02-4
1-049	12314-42-0
1-049	123193-41-9
1-049	12326-98-6
1-049	123333-98-2
1-049	12392-64-2
1-049	12427-37-1
1-049	125297-06-5
1-049	125378-90-7
1-049	125378-92-9
1-049	125378-93-0
1-049	125378-94-1
1-049	125378-95-2
1-049	12542-51-7
1-049	12552-55-5
1-049	12626-43-6
1-049	12626-44-7
1-049	12645-11-3
1-049	1271-24-5
1-049	1271-54-1
1-049	1271220-40-6
1-049	1271729-19-1
1-049	1271729-20-4
1-049	127278-99-3
1-049	12737-27-8
1-049	127851-78-9
1-049	129984-38-9
1-049	129984-39-0
1-049	13011-65-9
1-049	1304-75-2
1-049	130701-55-2
1-049	1308-31-2
1-049	13221-10-8
1-049	132435-13-3
1-049	132435-14-4
1-049	132539-03-8
1-049	132539-05-0
1-049	13308-40-2
1-049	133556-24-8
1-049	1336-14-7
1-049	1344-74-7
1-049	13463-42-8
1-049	13465-34-4
1-049	13478-06-3
1-049	13478-28-9
1-049	13573-16-5
1-049	13573-17-6
1-049	13825-86-0
1-049	139460-45-0
1-049	139728-49-7
1-049	13977-71-4
1-049	14024-50-1
1-049	140835-91-2
1-049	1416147-57-3
1-049	14217-01-7
1-049	14244-35-0
1-049	14282-33-8
1-049	143065-90-1
1-049	14592-89-3
1-049	14639-25-9
1-049	14676-93-8
1-049	1469859-20-8
1-049	148262-86-6
1-049	149564-65-8
1-049	149564-66-9
1-049	149626-00-6
1-049	14976-80-8
1-049	14982-80-0
1-049	14986-48-2
1-049	15096-41-0
1-049	15123-22-5
1-049	15242-96-3
1-049	15275-09-9
1-049	15417-46-6
1-049	154857-50-8
1-049	15597-88-3
1-049	15659-56-0
1-049	156816-50-1
1-049	15713-60-7
1-049	158086-59-0
1-049	1587696-88-5
1-049	15907-14-9
1-049	15928-77-5
1-049	159518-93-1
1-049	159574-72-8
1-049	160514-18-1
1-049	160673-88-1
1-049	160867-07-2
1-049	160869-69-2
1-049	160869-74-9
1-049	160901-47-3
1-049	1609493-04-0
1-049	1610954-05-6
1-049	16284-59-6
1-049	16432-36-3
1-049	16923-74-3
1-049	17099-80-8
1-049	171966-37-3
1-049	171966-38-4
1-049	171966-39-5
1-049	171966-40-8
1-049	171966-42-0
1-049	171966-43-1
1-049	171966-44-2
1-049	171966-45-3
1-049	172018-28-9
1-049	172343-57-6
1-049	172343-59-8
1-049	172343-60-1
1-049	172343-61-2
1-049	172777-20-7
1-049	172777-25-2
1-049	172825-43-3
1-049	172928-54-0
1-049	172928-56-2
1-049	17593-70-3
1-049	17836-27-0
1-049	178452-71-6
1-049	178452-72-7
1-049	181028-80-8
1-049	18324-39-5
1-049	184719-87-7
1-049	18756-42-8
1-049	18756-44-0
1-049	188300-41-6
1-049	18984-90-2
1-049	18987-99-0
1-049	190525-00-9
1-049	191358-82-4
1-049	19154-29-1
1-049	19154-30-4
1-049	192662-33-2
1-049	19441-09-9
1-049	19583-99-4
1-049	19717-98-7
1-049	20195-23-7
1-049	20492-50-6
1-049	20770-05-2
1-049	21180-84-7
1-049	212716-69-3
1-049	212716-70-6
1-049	21409-48-3
1-049	21679-31-2
1-049	219539-04-5
1-049	220767-90-8
1-049	22323-45-1
1-049	22541-79-3
1-049	22967-36-8
1-049	24094-93-7
1-049	24256-56-2
1-049	24305-97-3
1-049	24381-60-0
1-049	24381-61-1
1-049	24669-13-4
1-049	2508-97-6
1-049	25182-44-9
1-049	25718-61-0
1-049	26299-14-9
1-049	26342-61-0
1-049	27133-42-2
1-049	27425-58-7
1-049	27425-60-1
1-049	27849-89-4
1-049	27882-76-4
1-049	28161-99-1
1-049	29632-23-3
1-049	29689-14-3
1-049	29890-29-7
1-049	30112-70-0
1-049	3023293-39-9
1-049	30596-51-1
1-049	30785-74-1
1-049	31303-42-1
1-049	327177-98-0
1-049	32732-14-2
1-049	33661-40-4
1-049	34415-65-1
1-049	34430-82-5
1-049	34481-85-1
1-049	346693-15-0
1-049	346693-16-1
1-049	346709-18-0
1-049	346709-19-1
1-049	346709-20-4
1-049	36011-51-5
1-049	36352-77-9
1-049	36633-33-7
1-049	36655-14-8
1-049	371973-51-2
1-049	37300-23-5
1-049	375844-55-6
1-049	375844-57-8
1-049	375844-58-9
1-049	375844-65-8
1-049	38833-00-0
1-049	39002-49-8
1-049	39275-63-3
1-049	39297-19-3
1-049	39322-04-8
1-049	39345-92-1
1-049	39430-51-8
1-049	39455-56-6
1-049	40278-59-9
1-049	41646-40-6
1-049	42208-99-1
1-049	4493-37-2
1-049	50497-83-1
1-049	50497-85-3
1-049	50525-58-1
1-049	50925-66-1
1-049	51147-75-2
1-049	51222-17-4
1-049	51472-11-8
1-049	51888-17-6
1-049	52256-39-0
1-049	52256-40-3
1-049	52277-71-1
1-049	52277-74-4
1-049	52455-30-8
1-049	52587-68-5
1-049	52677-57-3
1-049	52953-39-6
1-049	52953-41-0
1-049	52953-42-1
1-049	53036-44-5
1-049	53036-47-8
1-049	53295-04-8
1-049	53529-09-2
1-049	53749-20-5
1-049	54306-63-7
1-049	54991-58-1
1-049	55039-14-0
1-049	55136-34-0
1-049	55353-02-1
1-049	55613-78-0
1-049	55657-54-0
1-049	55809-98-8
1-049	5610-64-0
1-049	56110-75-9
1-049	56237-72-0
1-049	56466-00-3
1-049	56819-40-0
1-049	57033-98-4
1-049	57108-69-7
1-049	57131-76-7
1-049	57131-77-8
1-049	57206-81-2
1-049	57206-83-4
1-049	57674-14-3
1-049	57693-14-8
1-049	59157-64-1
1-049	59307-44-7
1-049	59307-46-9
1-049	59307-49-2
1-049	59335-19-2
1-049	59335-21-6
1-049	59518-88-6
1-049	61120-84-1
1-049	61204-26-0
1-049	61275-47-6
1-049	61512-60-5
1-049	61623-21-0
1-049	61725-78-8
1-049	61725-86-8
1-049	61788-69-0
1-049	61813-59-0
1-049	61901-87-9
1-049	61916-41-4
1-049	61916-42-5
1-049	61931-53-1
1-049	62524-44-1
1-049	62654-05-1
1-049	62744-21-2
1-049	628-52-4
1-049	63231-86-7
1-049	63388-88-5
1-049	6370-08-7
1-049	6370-09-8
1-049	6370-12-3
1-049	6370-14-5
1-049	6370-15-6
1-049	63872-05-9
1-049	63910-74-7
1-049	63950-89-0
1-049	63982-58-1
1-049	6407-99-4
1-049	6408-02-2
1-049	6408-05-5
1-049	6408-06-6
1-049	6408-19-1
1-049	6408-22-6
1-049	6408-26-0
1-049	6408-29-3
1-049	6408-31-7
1-049	6408-33-9
1-049	6408-34-0
1-049	6427-90-3
1-049	64452-96-6
1-049	64560-69-6
1-049	64560-71-0
1-049	64611-70-7
1-049	64611-72-9
1-049	64611-73-0
1-049	6505-91-5
1-049	65229-24-5
1-049	65277-39-6
1-049	65504-45-2
1-049	65629-44-9
1-049	65664-27-9
1-049	65718-42-5
1-049	66006-52-8
1-049	66010-29-5
1-049	66142-95-8
1-049	6656-00-4
1-049	6656-01-5
1-049	6656-02-6
1-049	67109-27-7
1-049	6717-29-9
1-049	67352-35-6
1-049	67352-37-8
1-049	67800-97-9
1-049	67800-98-0
1-049	67874-39-9
1-049	67893-10-1
1-049	67924-22-5
1-049	67939-06-4
1-049	67989-83-7
1-049	68039-62-3
1-049	68039-63-4
1-049	68039-65-6
1-049	68132-92-3
1-049	68133-82-4
1-049	68155-48-6
1-049	68186-92-5
1-049	68186-97-0
1-049	68187-09-7
1-049	68187-12-2
1-049	68187-27-9
1-049	68187-53-1
1-049	68187-56-4
1-049	68189-81-1
1-049	68201-73-0
1-049	68201-74-1
1-049	68214-26-6
1-049	68214-27-7
1-049	68227-17-8
1-049	68239-52-1
1-049	68334-57-6
1-049	68368-55-8
1-049	68368-56-9
1-049	68411-09-6
1-049	68448-46-4
1-049	68458-80-0
1-049	68475-49-0
1-049	68478-55-7
1-049	68478-56-8
1-049	68479-93-6
1-049	68479-94-7
1-049	68479-95-8
1-049	68512-47-0
1-049	68516-21-2
1-049	68516-25-6
1-049	68517-00-0
1-049	68517-01-1
1-049	68541-69-5
1-049	68541-70-8
1-049	68541-71-9
1-049	68541-72-0
1-049	68553-01-5
1-049	68556-27-4
1-049	68583-47-1
1-049	685853-81-0
1-049	68610-93-5
1-049	68610-94-6
1-049	68611-42-7
1-049	68833-89-6
1-049	68833-90-9
1-049	68891-96-3
1-049	68891-97-4
1-049	68891-98-5
1-049	68891-99-6
1-049	68900-70-9
1-049	68900-71-0
1-049	68900-72-1
1-049	68900-97-0
1-049	68901-05-3
1-049	68909-42-2
1-049	68909-79-5
1-049	68910-42-9
1-049	68911-01-3
1-049	68912-09-4
1-049	68912-10-7
1-049	68912-11-8
1-049	68918-74-1
1-049	68921-68-6
1-049	68922-28-1
1-049	68938-87-4
1-049	68954-19-8
1-049	68958-93-0
1-049	68958-96-3
1-049	68966-87-0
1-049	68966-88-1
1-049	68966-92-7
1-049	68966-94-9
1-049	68966-99-4
1-049	68988-70-5
1-049	68988-71-6
1-049	69011-62-7
1-049	69068-10-6
1-049	69155-38-0
1-049	69373-03-1
1-049	69882-08-2
1-049	69943-64-2
1-049	69943-65-3
1-049	69943-66-4
1-049	69991-69-1
1-049	70029-25-3
1-049	70179-70-3
1-049	70198-31-1
1-049	70209-86-8
1-049	70209-87-9
1-049	70236-40-7
1-049	70236-42-9
1-049	70236-49-6
1-049	70236-55-4
1-049	70236-56-5
1-049	70236-57-6
1-049	70236-60-1
1-049	70236-61-2
1-049	70236-62-3
1-049	70247-73-3
1-049	70247-75-5
1-049	70247-77-7
1-049	70281-39-9
1-049	70281-41-3
1-049	70288-95-8
1-049	70529-04-3
1-049	70703-37-6
1-049	70776-54-4
1-049	70776-97-5
1-049	70788-62-4
1-049	70788-63-5
1-049	70815-17-7
1-049	70833-33-9
1-049	70833-36-2
1-049	70851-41-1
1-049	70880-00-1
1-049	70880-01-2
1-049	70880-02-3
1-049	70892-42-1
1-049	70892-94-3
1-049	70900-26-4
1-049	70942-15-3
1-049	70969-49-2
1-049	70984-09-7
1-049	71032-93-4
1-049	71076-98-7
1-049	71205-50-0
1-049	71308-50-4
1-049	71343-04-9
1-049	71361-25-6
1-049	71550-00-0
1-049	71566-29-5
1-049	71566-31-9
1-049	71566-33-1
1-049	71598-27-1
1-049	71598-32-8
1-049	71598-33-9
1-049	71598-34-0
1-049	71598-35-1
1-049	71608-45-2
1-049	71608-46-3
1-049	71631-15-7
1-049	71648-65-2
1-049	71701-12-7
1-049	71701-13-8
1-049	71701-15-0
1-049	71701-16-1
1-049	71735-55-2
1-049	71735-58-5
1-049	71767-18-5
1-049	71786-50-0
1-049	71786-51-1
1-049	71786-52-2
1-049	71786-53-3
1-049	71839-77-5
1-049	71839-79-7
1-049	71839-80-0
1-049	71839-81-1
1-049	71839-83-3
1-049	71839-85-5
1-049	71839-90-2
1-049	71839-91-3
1-049	71889-21-9
1-049	71902-28-8
1-049	72017-66-4
1-049	72139-07-2
1-049	72252-58-5
1-049	72259-07-5
1-049	72259-15-5
1-049	72259-16-6
1-049	72269-42-2
1-049	72275-69-5
1-049	72379-38-5
1-049	72379-39-6
1-049	72391-06-1
1-049	72403-65-7
1-049	72403-66-8
1-049	72429-11-9
1-049	72429-12-0
1-049	72453-60-2
1-049	72467-46-0
1-049	72479-29-9
1-049	72479-31-3
1-049	72479-91-5
1-049	72479-92-6
1-049	72479-93-7
1-049	72479-94-8
1-049	72479-95-9
1-049	72496-90-3
1-049	72509-81-0
1-049	72574-52-8
1-049	72623-96-2
1-049	72709-84-3
1-049	72765-46-9
1-049	72765-47-0
1-049	72796-98-6
1-049	72796-99-7
1-049	72797-00-3
1-049	72797-01-4
1-049	72797-02-5
1-049	72797-03-6
1-049	72797-04-7
1-049	72797-05-8
1-049	72797-06-9
1-049	72797-07-0
1-049	72797-10-5
1-049	72797-11-6
1-049	72797-12-7
1-049	72797-13-8
1-049	72812-20-5
1-049	72812-21-6
1-049	72812-22-7
1-049	72812-23-8
1-049	72812-24-9
1-049	72812-25-0
1-049	72812-26-1
1-049	72812-27-2
1-049	72812-28-3
1-049	72812-29-4
1-049	72812-30-7
1-049	72812-31-8
1-049	72812-32-9
1-049	72812-33-0
1-049	72812-34-1
1-049	72812-35-2
1-049	72812-36-3
1-049	72812-37-4
1-049	72812-38-5
1-049	72829-08-4
1-049	72829-32-4
1-049	72829-34-6
1-049	72845-51-3
1-049	72845-52-4
1-049	72845-53-5
1-049	72845-54-6
1-049	72845-55-7
1-049	72845-56-8
1-049	72845-57-9
1-049	72845-58-0
1-049	72845-59-1
1-049	72845-60-4
1-049	72845-61-5
1-049	72845-62-6
1-049	72845-64-8
1-049	72845-65-9
1-049	72845-66-0
1-049	72845-67-1
1-049	72845-68-2
1-049	72845-69-3
1-049	72845-70-6
1-049	72845-72-8
1-049	72845-73-9
1-049	72845-74-0
1-049	72845-75-1
1-049	72846-03-8
1-049	72846-04-9
1-049	72854-28-5
1-049	72854-29-6
1-049	72854-30-9
1-049	72854-31-0
1-049	72854-32-1
1-049	72854-34-3
1-049	72854-35-4
1-049	72869-27-3
1-049	72869-40-0
1-049	72869-41-1
1-049	72869-42-2
1-049	72869-43-3
1-049	72869-44-4
1-049	72869-45-5
1-049	72869-46-6
1-049	72869-47-7
1-049	72869-48-8
1-049	72869-49-9
1-049	72869-50-2
1-049	72869-51-3
1-049	72869-52-4
1-049	72869-53-5
1-049	72869-54-6
1-049	72869-55-7
1-049	72869-56-8
1-049	72869-57-9
1-049	72869-58-0
1-049	72869-59-1
1-049	72869-60-4
1-049	72869-61-5
1-049	72869-83-1
1-049	72905-92-1
1-049	72906-13-9
1-049	72906-58-2
1-049	72906-60-6
1-049	72928-72-4
1-049	72928-74-6
1-049	72928-75-7
1-049	72928-78-0
1-049	72928-79-1
1-049	72928-80-4
1-049	72928-81-5
1-049	72928-82-6
1-049	72928-83-7
1-049	72928-84-8
1-049	72928-85-9
1-049	72928-86-0
1-049	72928-87-1
1-049	72928-88-2
1-049	72928-89-3
1-049	72928-90-6
1-049	72939-56-1
1-049	72939-57-2
1-049	72939-58-3
1-049	72968-16-2
1-049	72968-17-3
1-049	72968-18-4
1-049	72968-19-5
1-049	72968-20-8
1-049	72968-21-9
1-049	72968-22-0
1-049	72986-48-2
1-049	72986-63-1
1-049	72986-64-2
1-049	72986-65-3
1-049	72986-66-4
1-049	72986-67-5
1-049	72986-68-6
1-049	72986-69-7
1-049	72986-70-0
1-049	72986-71-1
1-049	72986-72-2
1-049	72986-73-3
1-049	72986-74-4
1-049	72986-75-5
1-049	72986-77-7
1-049	72986-78-8
1-049	72986-79-9
1-049	72986-81-3
1-049	72986-84-6
1-049	72986-85-7
1-049	72986-86-8
1-049	72986-87-9
1-049	72986-88-0
1-049	72986-89-1
1-049	72986-91-5
1-049	72986-92-6
1-049	72986-93-7
1-049	72986-94-8
1-049	72986-95-9
1-049	72986-96-0
1-049	72986-97-1
1-049	72986-98-2
1-049	72986-99-3
1-049	72987-00-9
1-049	72987-01-0
1-049	72987-02-1
1-049	72987-03-2
1-049	72987-04-3
1-049	72987-05-4
1-049	72987-08-7
1-049	72987-09-8
1-049	72987-11-2
1-049	72987-12-3
1-049	72987-13-4
1-049	72987-15-6
1-049	73003-22-2
1-049	73003-25-5
1-049	73003-26-6
1-049	73003-27-7
1-049	73003-29-9
1-049	73003-30-2
1-049	73003-31-3
1-049	73003-32-4
1-049	73003-33-5
1-049	73003-34-6
1-049	73003-92-6
1-049	73003-93-7
1-049	73003-94-8
1-049	73003-95-9
1-049	73003-96-0
1-049	73003-97-1
1-049	73003-98-2
1-049	73018-70-9
1-049	73018-71-0
1-049	73018-72-1
1-049	73018-73-2
1-049	73018-74-3
1-049	73018-75-4
1-049	73018-76-5
1-049	73018-77-6
1-049	73018-78-7
1-049	73018-79-8
1-049	73018-85-6
1-049	73018-86-7
1-049	73038-31-0
1-049	73049-38-4
1-049	73049-90-8
1-049	73049-91-9
1-049	73070-35-6
1-049	73070-36-7
1-049	73195-16-1
1-049	73210-88-5
1-049	73275-56-6
1-049	73275-57-7
1-049	73287-39-5
1-049	73287-40-8
1-049	73287-41-9
1-049	73287-43-1
1-049	73287-44-2
1-049	73287-45-3
1-049	73287-46-4
1-049	7329-33-1
1-049	73297-00-4
1-049	73297-01-5
1-049	73297-11-7
1-049	73297-12-8
1-049	73297-13-9
1-049	73297-15-1
1-049	73297-20-8
1-049	73324-04-6
1-049	73324-05-7
1-049	73324-06-8
1-049	73324-10-4
1-049	73334-12-0
1-049	73347-81-6
1-049	73360-60-8
1-049	73360-61-9
1-049	73360-62-0
1-049	73360-63-1
1-049	73360-64-2
1-049	73360-65-3
1-049	73378-61-7
1-049	73398-67-1
1-049	73398-68-2
1-049	73507-06-9
1-049	73507-08-1
1-049	73507-09-2
1-049	73507-10-5
1-049	73507-13-8
1-049	73507-15-0
1-049	73507-16-1
1-049	73507-17-2
1-049	73507-18-3
1-049	73507-25-2
1-049	73507-64-9
1-049	73507-65-0
1-049	73507-68-3
1-049	73507-69-4
1-049	73507-72-9
1-049	73513-78-7
1-049	73513-79-8
1-049	73513-80-1
1-049	73514-04-2
1-049	73559-51-0
1-049	73559-52-1
1-049	74051-91-5
1-049	74063-47-1
1-049	74082-16-9
1-049	74196-15-9
1-049	74196-16-0
1-049	74196-17-1
1-049	74231-70-2
1-049	74278-22-1
1-049	74313-68-1
1-049	74354-92-0
1-049	74358-83-1
1-049	74411-37-3
1-049	74411-39-5
1-049	74421-71-9
1-049	74426-82-7
1-049	74507-61-2
1-049	745829-51-0
1-049	75150-09-3
1-049	75199-03-0
1-049	75199-04-1
1-049	75199-06-3
1-049	75199-07-4
1-049	75199-08-5
1-049	75214-56-1
1-049	75214-57-2
1-049	75214-65-2
1-049	75214-68-5
1-049	75214-69-6
1-049	75214-70-9
1-049	75234-41-2
1-049	75268-74-5
1-049	75268-75-6
1-049	75268-76-7
1-049	75268-78-9
1-049	75300-72-0
1-049	75300-73-1
1-049	75300-74-2
1-049	75601-78-4
1-049	75660-32-1
1-049	75718-03-5
1-049	75790-67-9
1-049	75920-34-2
1-049	76899-34-8
1-049	77242-26-3
1-049	77496-01-6
1-049	77847-23-5
1-049	77847-24-6
1-049	7788-96-7
1-049	7789-08-4
1-049	78592-92-4
1-049	79135-15-2
1-049	79371-81-6
1-049	79502-95-7
1-049	79665-38-6
1-049	79682-34-1
1-049	79828-43-6
1-049	79828-44-7
1-049	79978-83-9
1-049	80440-73-9
1-049	80476-37-5
1-049	8069-32-7
1-049	8075-74-9
1-049	80997-91-7
1-049	80997-92-8
1-049	80997-93-9
1-049	80997-94-0
1-049	80997-95-1
1-049	81002-10-0
1-049	81013-01-6
1-049	81361-04-8
1-049	81361-05-9
1-049	81361-06-0
1-049	81372-34-1
1-049	814-90-4
1-049	81457-66-1
1-049	81642-71-9
1-049	82338-75-8
1-049	82338-77-0
1-049	82338-78-1
1-049	82457-11-2
1-049	82457-13-4
1-049	82640-06-0
1-049	82676-67-3
1-049	82933-88-8
1-049	82933-89-9
1-049	82933-90-2
1-049	83027-56-9
1-049	83027-57-0
1-049	83027-58-1
1-049	83232-44-4
1-049	83232-45-5
1-049	83232-46-6
1-049	83232-47-7
1-049	83232-48-8
1-049	83232-49-9
1-049	83232-50-2
1-049	83232-51-3
1-049	83249-26-7
1-049	83249-27-8
1-049	83249-62-1
1-049	83249-63-2
1-049	83249-64-3
1-049	83249-65-4
1-049	83249-66-5
1-049	83249-67-6
1-049	83270-49-9
1-049	83377-66-6
1-049	83562-94-1
1-049	83732-89-2
1-049	83732-90-5
1-049	83732-91-6
1-049	83732-92-7
1-049	83732-93-8
1-049	83732-94-9
1-049	83732-95-0
1-049	83732-96-1
1-049	83732-97-2
1-049	83732-98-3
1-049	83733-00-0
1-049	83733-01-1
1-049	83733-02-2
1-049	83733-03-3
1-049	83733-04-4
1-049	83733-05-5
1-049	83733-06-6
1-049	83733-07-7
1-049	83733-08-8
1-049	83733-09-9
1-049	83733-10-2
1-049	83733-12-4
1-049	83733-14-6
1-049	83733-15-7
1-049	83733-16-8
1-049	83733-17-9
1-049	83733-18-0
1-049	83733-19-1
1-049	83733-20-4
1-049	83733-21-5
1-049	83733-24-8
1-049	83748-22-5
1-049	83748-23-6
1-049	83803-63-8
1-049	83803-64-9
1-049	83803-66-1
1-049	83803-68-3
1-049	83803-70-7
1-049	83804-09-5
1-049	83804-10-8
1-049	83804-11-9
1-049	83804-12-0
1-049	83804-13-1
1-049	83804-14-2
1-049	83804-15-3
1-049	83804-16-4
1-049	83817-77-0
1-049	83846-44-0
1-049	83863-35-8
1-049	83863-36-9
1-049	83863-37-0
1-049	83863-38-1
1-049	83863-39-2
1-049	83949-51-3
1-049	83949-53-5
1-049	83949-54-6
1-049	83949-55-7
1-049	83949-56-8
1-049	83949-59-1
1-049	83949-60-4
1-049	83949-61-5
1-049	83984-90-1
1-049	84000-95-3
1-049	84030-54-6
1-049	84030-57-9
1-049	84030-63-7
1-049	84057-74-9
1-049	84074-46-4
1-049	84082-98-4
1-049	84082-99-5
1-049	84099-97-8
1-049	84144-94-5
1-049	84145-95-9
1-049	84195-80-2
1-049	84195-81-3
1-049	84195-82-4
1-049	84195-83-5
1-049	84195-84-6
1-049	84195-87-9
1-049	84195-88-0
1-049	84195-89-1
1-049	84195-90-4
1-049	84195-91-5
1-049	84195-92-6
1-049	84215-37-2
1-049	84215-38-3
1-049	84215-39-4
1-049	84215-40-7
1-049	84215-41-8
1-049	84434-74-2
1-049	84501-45-1
1-049	84682-43-9
1-049	84682-45-1
1-049	84682-46-2
1-049	84777-12-8
1-049	84777-13-9
1-049	84777-14-0
1-049	84777-15-1
1-049	84777-16-2
1-049	84777-17-3
1-049	84777-18-4
1-049	84777-19-5
1-049	84777-20-8
1-049	84777-21-9
1-049	84777-22-0
1-049	84777-23-1
1-049	84777-60-6
1-049	84777-70-8
1-049	84777-72-0
1-049	84812-61-3
1-049	848440-78-8
1-049	84878-20-6
1-049	84878-21-7
1-049	84896-45-7
1-049	84961-40-0
1-049	84961-41-1
1-049	84961-84-2
1-049	84961-85-3
1-049	84961-86-4
1-049	84962-27-6
1-049	84962-28-7
1-049	84962-32-3
1-049	84989-19-5
1-049	84989-20-8
1-049	84989-21-9
1-049	84989-22-0
1-049	84989-24-2
1-049	84989-25-3
1-049	84989-26-4
1-049	84989-27-5
1-049	84989-45-7
1-049	85005-53-4
1-049	85017-78-3
1-049	85029-57-8
1-049	85029-58-9
1-049	85029-59-0
1-049	85049-61-2
1-049	85049-62-3
1-049	85049-63-4
1-049	85049-64-5
1-049	85049-65-6
1-049	85049-66-7
1-049	85049-67-8
1-049	85049-68-9
1-049	85049-69-0
1-049	85049-70-3
1-049	85049-71-4
1-049	85068-39-9
1-049	85085-79-6
1-049	85085-81-0
1-049	85099-42-9
1-049	85099-44-1
1-049	85116-65-0
1-049	85116-66-1
1-049	85117-52-8
1-049	85117-53-9
1-049	85118-16-7
1-049	85118-17-8
1-049	85118-18-9
1-049	85118-20-3
1-049	85136-44-3
1-049	85168-72-5
1-049	85186-12-5
1-049	85186-13-6
1-049	85186-62-5
1-049	85186-63-6
1-049	85186-64-7
1-049	85186-66-9
1-049	85186-67-0
1-049	85186-69-2
1-049	85186-70-5
1-049	85187-07-1
1-049	85187-09-3
1-049	85251-54-3
1-049	85251-86-1
1-049	85252-26-2
1-049	85305-02-8
1-049	85392-56-9
1-049	85392-61-6
1-049	85392-63-8
1-049	85407-92-7
1-049	85407-93-8
1-049	85408-46-4
1-049	85409-47-8
1-049	85440-80-8
1-049	85443-53-4
1-049	85443-55-6
1-049	85443-56-7
1-049	85443-57-8
1-049	85443-59-0
1-049	85443-60-3
1-049	85443-61-4
1-049	85443-62-5
1-049	85443-66-9
1-049	85443-67-0
1-049	85443-70-5
1-049	85452-86-4
1-049	85455-32-9
1-049	85455-34-1
1-049	85480-61-1
1-049	85480-62-2
1-049	85480-63-3
1-049	85480-64-4
1-049	85480-65-5
1-049	85507-82-0
1-049	85536-24-9
1-049	85561-43-9
1-049	85631-45-4
1-049	85631-46-5
1-049	85631-47-6
1-049	85650-72-2
1-049	85650-73-3
1-049	85737-08-2
1-049	85737-10-6
1-049	85737-11-7
1-049	85737-12-8
1-049	85737-13-9
1-049	85763-68-4
1-049	85828-73-5
1-049	85828-74-6
1-049	85828-75-7
1-049	85828-76-8
1-049	85828-85-9
1-049	85828-86-0
1-049	85828-87-1
1-049	85828-88-2
1-049	85828-90-6
1-049	85865-79-8
1-049	85865-83-4
1-049	85865-87-8
1-049	85865-88-9
1-049	85865-89-0
1-049	85896-33-9
1-049	85896-34-0
1-049	85896-35-1
1-049	85896-36-2
1-049	85896-37-3
1-049	85896-38-4
1-049	85896-39-5
1-049	85896-40-8
1-049	85896-41-9
1-049	85896-42-0
1-049	85896-43-1
1-049	85896-44-2
1-049	85896-45-3
1-049	85896-46-4
1-049	85896-47-5
1-049	85896-48-6
1-049	85896-49-7
1-049	85940-15-4
1-049	85958-77-6
1-049	85958-79-8
1-049	85958-81-2
1-049	85958-82-3
1-049	85958-83-4
1-049	85958-84-5
1-049	85958-85-6
1-049	85958-90-3
1-049	85959-72-4
1-049	85959-74-6
1-049	85959-76-8
1-049	85959-79-1
1-049	85959-80-4
1-049	85959-84-8
1-049	86014-63-3
1-049	86014-66-6
1-049	86242-89-9
1-049	86242-90-2
1-049	86262-20-6
1-049	86437-46-9
1-049	874326-73-5
1-049	87912-16-1
1-049	879214-58-1
1-049	88031-28-1
1-049	88272-68-8
1-049	88330-20-5
1-049	88377-66-6
1-049	89899-24-1
1-049	89899-25-2
1-049	89923-63-7
1-049	90241-26-2
1-049	90294-35-2
1-049	90294-36-3
1-049	90294-37-4
1-049	90294-38-5
1-049	90294-39-6
1-049	90294-40-9
1-049	90294-41-0
1-049	90294-42-1
1-049	90294-43-2
1-049	90294-44-3
1-049	90294-45-4
1-049	90294-46-5
1-049	90294-47-6
1-049	90294-48-7
1-049	90294-49-8
1-049	90294-50-1
1-049	90294-51-2
1-049	90294-52-3
1-049	90294-53-4
1-049	90294-54-5
1-049	90294-55-6
1-049	90294-56-7
1-049	90294-57-8
1-049	90294-58-9
1-049	90294-59-0
1-049	90294-60-3
1-049	90294-62-5
1-049	90294-63-6
1-049	90294-64-7
1-049	90294-65-8
1-049	90294-66-9
1-049	90294-67-0
1-049	90294-68-1
1-049	90294-69-2
1-049	90294-70-5
1-049	90294-71-6
1-049	90294-72-7
1-049	90294-73-8
1-049	90294-74-9
1-049	90294-75-0
1-049	90294-76-1
1-049	90294-77-2
1-049	90294-78-3
1-049	90341-42-7
1-049	90480-93-6
1-049	90677-70-6
1-049	91002-17-4
1-049	91052-93-6
1-049	91081-74-2
1-049	91144-27-3
1-049	91144-28-4
1-049	91159-19-2
1-049	91672-56-9
1-049	91672-57-0
1-049	91672-58-1
1-049	91672-59-2
1-049	91672-60-5
1-049	91672-61-6
1-049	91672-62-7
1-049	91672-63-8
1-049	91672-64-9
1-049	91672-65-0
1-049	91672-66-1
1-049	91672-67-2
1-049	91672-68-3
1-049	91672-70-7
1-049	91672-71-8
1-049	91697-12-0
1-049	91722-70-2
1-049	91745-37-8
1-049	91782-58-0
1-049	91782-59-1
1-049	91992-99-3
1-049	92388-81-3
1-049	92456-59-2
1-049	92502-52-8
1-049	93028-32-1
1-049	93028-33-2
1-049	932384-12-8
1-049	93293-65-3
1-049	93572-59-9
1-049	93572-86-2
1-049	93572-87-3
1-049	93573-23-0
1-049	93606-19-0
1-049	93606-20-3
1-049	93693-29-9
1-049	93693-30-2
1-049	93776-32-0
1-049	93776-33-1
1-049	93776-35-3
1-049	93776-37-5
1-049	93783-53-0
1-049	93783-56-3
1-049	93783-57-4
1-049	93783-61-0
1-049	93783-62-1
1-049	93783-63-2
1-049	93783-71-2
1-049	93783-72-3
1-049	93820-13-4
1-049	93820-14-5
1-049	93820-16-7
1-049	93820-70-3
1-049	93820-71-4
1-049	93820-72-5
1-049	93839-66-8
1-049	93839-67-9
1-049	93843-04-0
1-049	93891-79-3
1-049	93893-29-9
1-049	93924-35-7
1-049	93940-24-0
1-049	93940-27-3
1-049	93940-42-2
1-049	93940-68-2
1-049	93941-95-8
1-049	93941-96-9
1-049	93952-24-0
1-049	93962-87-9
1-049	93962-90-4
1-049	93964-92-2
1-049	93964-93-3
1-049	94016-43-0
1-049	94021-50-8
1-049	94021-52-0
1-049	94021-55-3
1-049	94021-56-4
1-049	94232-91-4
1-049	94232-92-5
1-049	94232-93-6
1-049	94232-94-7
1-049	94232-95-8
1-049	94232-96-9
1-049	94232-98-1
1-049	94233-12-2
1-049	94233-13-3
1-049	94233-14-4
1-049	94233-15-5
1-049	94233-16-6
1-049	94233-17-7
1-049	94246-67-0
1-049	94247-65-1
1-049	94275-74-8
1-049	94275-85-1
1-049	94276-22-9
1-049	94276-24-1
1-049	94276-28-5
1-049	94276-29-6
1-049	94276-30-9
1-049	94276-31-0
1-049	94276-32-1
1-049	94276-33-2
1-049	94276-35-4
1-049	94276-36-5
1-049	94276-37-6
1-049	94276-43-4
1-049	94276-64-9
1-049	94276-65-0
1-049	94276-66-1
1-049	94276-67-2
1-049	94276-69-4
1-049	94276-70-7
1-049	94276-80-9
1-049	94276-81-0
1-049	94276-95-6
1-049	94277-59-5
1-049	94277-60-8
1-049	94277-67-5
1-049	94277-68-6
1-049	94277-69-7
1-049	94277-70-0
1-049	94277-71-1
1-049	94277-74-4
1-049	94292-05-4
1-049	94292-06-5
1-049	94292-08-7
1-049	94350-11-5
1-049	94551-58-3
1-049	94552-19-9
1-049	94552-20-2
1-049	94933-05-8
1-049	94979-18-7
1-049	94979-19-8
1-049	95008-81-4
1-049	95046-44-9
1-049	95193-71-8
1-049	95193-95-6
1-049	95465-97-7
1-049	95873-74-8
1-049	95873-75-9
1-049	95892-09-4
1-049	95892-10-7
1-049	95892-11-8
1-049	96030-95-4
1-049	96395-62-9
1-049	96508-11-1
1-049	96508-12-2
1-049	97171-70-5
1-049	97298-47-0
1-049	97338-20-0
1-049	97338-21-1
1-049	97338-22-2
1-049	97338-25-5
1-049	97338-26-6
1-049	97392-82-0
1-049	97403-81-1
1-049	97416-91-6
1-049	97416-93-8
1-049	97416-94-9
1-049	97467-62-4
1-049	97467-63-5
1-049	97592-67-1
1-049	97659-24-0
1-049	97659-40-0
1-049	97692-41-6
1-049	97808-72-5
1-049	97808-73-6
1-049	97808-94-1
1-049	97809-02-4
1-049	97862-11-8
1-049	97862-12-9
1-049	97862-13-0
1-049	97862-14-1
1-049	97862-65-2
1-049	98004-61-6
1-049	98072-82-3
1-049	98171-55-2
1-049	98171-56-3
1-049	98171-57-4
1-049	98171-58-5
1-049	98171-59-6
1-049	98171-60-9
1-049	98171-61-0
1-049	98690-34-7
1-049	98903-88-9
1-049	99148-50-2
1-049	99148-51-3
1-049	99328-47-9
1-049	P-82-0418
1-049	P-82-0677
1-049	P-82-0681
1-049	P-83-0452
1-049	P-83-0677
1-049	P-83-0849
1-049	P-84-0917
1-049	P-87-0506
1-049	P-87-0683
1-049	P-88-1651
1-049	P-88-1730
1-049	RR-00023-7
1-049	RR-00025-9
1-049	RR-00070-4
1-049	RR-00634-8
1-049	RR-01513-4
1-049	RR-01554-3
1-049	RR-01620-6
1-049	RR-01791-4
1-049	RR-02096-2
1-049	RR-02247-9
1-049	RR-02524-1
1-049	RR-04060-8
1-049	RR-04063-1
1-049	RR-04100-9
1-049	RR-04234-2
1-049	RR-04241-1
1-049	RR-04352-7
1-049	RR-04577-2
1-049	RR-04768-7
1-049	RR-04769-8
1-049	RR-04964-9
1-049	RR-06925-0
1-049	RR-09766-5
1-049	RR-09914-9
1-049	RR-10463-2
1-049	RR-11153-5
1-049	RR-11154-6
1-049	RR-11155-7
1-049	RR-11156-8
1-049	RR-12069-4
1-049	RR-14172-0
1-049	RR-145634-4
1-049	RR-145878-2
1-049	RR-14713-7
1-049	RR-152293-6
1-049	RR-16884-3
1-049	RR-17986-2
1-049	RR-19486-5
1-049	RR-19562-0
1-049	RR-19567-5
1-049	RR-19918-8
1-049	RR-21457-3
1-049	RR-24296-6
1-049	RR-24450-8
1-049	RR-42523-0
1-049	RR-45029-3
1-049	RR-46315-0
1-049	RR-53129-3
1-049	RR-53130-6
1-049	RR-55510-2
1-049	RR-56255-0
1-049	RR-56583-3
1-049	RR-63189-0
1-049	RR-88152-7
1-050	106-47-8
1-050	108-42-9
1-050	1083238-51-0
1-050	27134-26-5
1-050	95-51-2
1-050	UN2018
1-050	UN2019
1-051	79-11-8
1-051	UN3250
1-052	97-00-7
1-053	124-48-1
1-053	93951-99-6
1-054	100-00-5
1-055	107534-96-3
1-056	598-78-7
1-056	62138-52-7
1-056	UN2511
1-057	108-90-7
1-057	3114-55-4
1-057	50717-45-8
1-057	UN1134
1-059	563-47-3
1-059	UN2554
1-060	1000406-27-8
1-060	1002-88-6
1-060	100231-59-2
1-060	10026-17-2
1-060	10026-18-3
1-060	10026-19-4
1-060	10026-20-7
1-060	10026-21-8
1-060	10026-22-9
1-060	10026-23-0
1-060	10026-24-1
1-060	10029-36-4
1-060	100329-54-2
1-060	10101-56-1
1-060	10101-57-2
1-060	10101-58-3
1-060	1011477-51-2
1-060	10124-43-3
1-060	1012881-41-2
1-060	10139-54-5
1-060	10141-05-6
1-060	10170-27-1
1-060	10170-78-2
1-060	10198-40-0
1-060	10210-68-1
1-060	1021326-13-5
1-060	102242-60-4
1-060	102262-19-1
1-060	102262-20-4
1-060	102262-21-5
1-060	102262-22-6
1-060	10241-04-0
1-060	102601-60-5
1-060	10294-50-5
1-060	103241-62-9
1-060	10393-49-4
1-060	104586-41-6
1-060	104815-53-4
1-060	105038-79-7
1-060	105187-12-0
1-060	105267-82-1
1-060	1052689-87-8
1-060	10534-83-5
1-060	10534-85-7
1-060	10534-86-8
1-060	10534-89-1
1-060	105883-52-1
1-060	106699-36-9
1-060	107391-54-8
1-060	107592-59-6
1-060	107598-50-5
1-060	107630-45-5
1-060	108916-09-2
1-060	1094215-76-5
1-060	1096078-93-1
1-060	11005-93-9
1-060	11037-08-4
1-060	11068-34-1
1-060	11068-91-0
1-060	11070-96-5
1-060	11077-19-3
1-060	11079-03-1
1-060	11103-91-6
1-060	11104-61-3
1-060	111057-98-8
1-060	11107-01-0
1-060	11108-68-2
1-060	11113-57-8
1-060	11114-92-4
1-060	11139-24-5
1-060	112653-89-1
1-060	113066-89-0
1-060	113329-94-5
1-060	113663-43-7
1-060	114818-38-1
1-060	114818-39-2
1-060	114818-40-5
1-060	114818-41-6
1-060	114818-42-7
1-060	114819-02-2
1-060	114901-09-6
1-060	114901-10-9
1-060	114950-15-1
1-060	116912-63-1
1-060	117091-68-6
1-060	117412-28-9
1-060	117603-38-0
1-060	118044-55-6
1-060	119046-35-4
1-060	119333-99-2
1-060	119633-64-6
1-060	119920-13-7
1-060	12006-77-8
1-060	12006-78-9
1-060	12013-10-4
1-060	12015-75-7
1-060	12016-69-2
1-060	12016-80-7
1-060	12017-00-4
1-060	12017-01-5
1-060	12017-12-8
1-060	12017-13-9
1-060	12017-38-8
1-060	12017-43-5
1-060	12017-50-4
1-060	12017-61-7
1-060	12017-65-1
1-060	12017-67-3
1-060	12017-68-4
1-060	12017-71-9
1-060	12017-76-4
1-060	12021-67-9
1-060	12044-42-7
1-060	12045-01-1
1-060	12052-28-7
1-060	12052-42-5
1-060	12052-62-9
1-060	12052-64-1
1-060	12052-70-9
1-060	12052-78-7
1-060	12069-68-0
1-060	12078-25-0
1-060	12086-86-1
1-060	121053-28-9
1-060	121053-29-0
1-060	121053-30-3
1-060	12134-02-0
1-060	12139-70-7
1-060	12139-93-4
1-060	12144-85-3
1-060	12187-43-8
1-060	12187-46-1
1-060	12190-79-3
1-060	1219711-24-6
1-060	12205-99-1
1-060	12214-13-0
1-060	12256-04-1
1-060	12263-08-0
1-060	12268-07-4
1-060	12297-66-4
1-060	12305-84-9
1-060	12314-24-8
1-060	12314-25-9
1-060	123334-29-2
1-060	1240283-18-4
1-060	12414-94-7
1-060	124222-14-6
1-060	124222-15-7
1-060	124222-16-8
1-060	124222-17-9
1-060	124222-18-0
1-060	12427-42-8
1-060	1245917-70-7
1-060	12515-29-6
1-060	12516-51-7
1-060	12516-52-8
1-060	125252-57-5
1-060	125271-30-9
1-060	12530-49-3
1-060	125328-48-5
1-060	125352-02-5
1-060	125352-03-6
1-060	125378-88-3
1-060	125378-89-4
1-060	125378-91-8
1-060	125408-78-8
1-060	12549-23-4
1-060	12553-61-6
1-060	125552-50-3
1-060	1255925-80-4
1-060	12560-36-0
1-060	12602-23-2
1-060	12602-73-2
1-060	12619-68-0
1-060	1262279-30-0
1-060	1262279-31-1
1-060	12629-02-6
1-060	12638-07-2
1-060	12640-46-9
1-060	12653-56-4
1-060	12672-27-4
1-060	12672-51-4
1-060	12675-92-2
1-060	126924-31-0
1-060	12715-61-6
1-060	12718-69-3
1-060	12737-30-3
1-060	12769-25-4
1-060	1277-43-6
1-060	12771-87-8
1-060	127758-92-3
1-060	12789-08-1
1-060	128090-06-2
1-060	128409-73-4
1-060	129618-34-4
1-060	129618-36-6
1-060	129618-38-8
1-060	129618-39-9
1-060	13011-62-6
1-060	130114-33-9
1-060	130330-97-1
1-060	130391-06-9
1-060	1307-85-3
1-060	1307-86-4
1-060	1307-96-6
1-060	1307-99-9
1-060	130725-91-6
1-060	13078-49-4
1-060	1308-04-9
1-060	1308-06-1
1-060	131097-43-3
1-060	13115-03-2
1-060	1314094-34-2
1-060	1314941-74-6
1-060	1317-42-6
1-060	1332-16-7
1-060	1332-70-3
1-060	1332-71-4
1-060	1332-82-7
1-060	1333-88-6
1-060	13408-73-6
1-060	13408-78-1
1-060	13422-51-0
1-060	13422-52-1
1-060	13422-53-2
1-060	13422-55-4
1-060	1345-16-0
1-060	1345-19-3
1-060	13455-25-9
1-060	13455-27-1
1-060	13455-28-2
1-060	13455-31-7
1-060	13455-33-9
1-060	13455-34-0
1-060	13455-36-2
1-060	13478-09-6
1-060	13478-33-6
1-060	13494-89-8
1-060	1350718-36-3
1-060	135374-79-7
1-060	135443-46-8
1-060	135556-77-3
1-060	135556-78-4
1-060	135556-88-6
1-060	13586-38-4
1-060	13586-82-8
1-060	13586-84-0
1-060	135926-88-4
1-060	13595-74-9
1-060	13596-21-9
1-060	13596-22-0
1-060	13596-45-7
1-060	13596-46-8
1-060	136-52-7
1-060	13600-88-9
1-060	13600-98-1
1-060	13601-38-2
1-060	13681-88-4
1-060	13701-68-3
1-060	1374881-30-7
1-060	137506-60-6
1-060	137525-12-3
1-060	13762-14-6
1-060	13762-15-7
1-060	13782-01-9
1-060	13782-02-0
1-060	1380168-21-7
1-060	1380442-99-8
1-060	13817-37-3
1-060	13820-81-0
1-060	13820-83-2
1-060	13821-10-8
1-060	13841-80-0
1-060	13859-51-3
1-060	13869-30-2
1-060	13870-90-1
1-060	13963-58-1
1-060	13981-38-9
1-060	13981-50-5
1-060	13981-83-4
1-060	13982-25-7
1-060	13985-87-0
1-060	139939-65-4
1-060	14017-41-5
1-060	14023-85-9
1-060	14024-48-7
1-060	14025-10-6
1-060	14025-11-7
1-060	14033-48-8
1-060	14039-23-7
1-060	14049-79-7
1-060	14093-03-9
1-060	14096-82-3
1-060	14123-08-1
1-060	14126-32-0
1-060	14128-95-1
1-060	14167-18-1
1-060	14172-90-8
1-060	14215-31-7
1-060	14216-74-1
1-060	14217-00-6
1-060	14239-07-7
1-060	14240-12-1
1-060	14283-12-6
1-060	14285-59-7
1-060	14323-57-0
1-060	14325-03-2
1-060	14355-30-7
1-060	1438896-92-4
1-060	14404-36-5
1-060	14405-50-6
1-060	144437-67-2
1-060	14516-66-6
1-060	14518-26-4
1-060	14522-39-5
1-060	14525-26-9
1-060	14553-20-9
1-060	14564-70-6
1-060	14566-03-1
1-060	14582-18-4
1-060	14589-65-2
1-060	14590-13-7
1-060	14590-19-3
1-060	14591-57-2
1-060	14640-56-3
1-060	14649-73-1
1-060	14652-46-1
1-060	14666-94-5
1-060	14666-96-7
1-060	14690-59-6
1-060	147014-72-0
1-060	147014-87-7
1-060	14707-82-5
1-060	14732-58-2
1-060	147515-52-4
1-060	14781-32-9
1-060	14781-33-0
1-060	1481694-62-5
1-060	14896-54-9
1-060	14897-04-2
1-060	149134-13-4
1-060	14916-48-4
1-060	14931-83-0
1-060	14932-06-0
1-060	14960-16-8
1-060	14965-99-2
1-060	15040-52-5
1-060	15041-07-3
1-060	15136-66-0
1-060	15136-95-5
1-060	15137-09-4
1-060	15156-18-0
1-060	15188-91-7
1-060	15218-44-7
1-060	15238-00-3
1-060	15244-74-3
1-060	15275-08-8
1-060	15322-24-4
1-060	15377-79-4
1-060	15391-24-9
1-060	15392-59-3
1-060	15416-45-2
1-060	154779-73-4
1-060	15520-31-7
1-060	15520-84-0
1-060	15525-22-1
1-060	15528-31-1
1-060	155737-56-7
1-060	1560-69-6
1-060	15605-72-8
1-060	15635-62-8
1-060	15657-48-4
1-060	15663-42-0
1-060	15665-62-0
1-060	15670-79-8
1-060	15671-27-9
1-060	15684-35-2
1-060	15731-88-1
1-060	15742-33-3
1-060	157583-32-9
1-060	158646-92-5
1-060	1588-79-0
1-060	15974-34-2
1-060	15977-60-3
1-060	15977-81-8
1-060	16039-54-6
1-060	16092-38-9
1-060	160936-12-9
1-060	161279-45-4
1-060	161279-65-8
1-060	16256-07-8
1-060	1628435-35-7
1-060	1638220-46-8
1-060	164057-75-4
1-060	1648693-02-0
1-060	16544-92-6
1-060	1671083-23-0
1-060	16842-03-8
1-060	1692886-45-5
1-060	16971-12-3
1-060	16972-55-7
1-060	16996-52-4
1-060	170021-46-2
1-060	17034-55-8
1-060	171200-71-8
1-060	172030-06-7
1-060	172777-24-1
1-060	17375-31-4
1-060	17409-91-5
1-060	17410-09-2
1-060	17443-29-7
1-060	17527-88-7
1-060	17581-57-6
1-060	17632-19-8
1-060	176763-62-5
1-060	177256-35-8
1-060	17786-31-1
1-060	177997-13-6
1-060	17829-66-2
1-060	1788033-44-2
1-060	178959-25-6
1-060	180997-14-2
1-060	18130-42-2
1-060	18195-32-9
1-060	18201-52-0
1-060	182442-95-1
1-060	182496-55-5
1-060	18285-21-7
1-060	183858-81-3
1-060	184637-91-0
1-060	184828-23-7
1-060	18488-96-5
1-060	18501-44-5
1-060	185461-93-2
1-060	18616-48-3
1-060	186361-92-2
1-060	186373-01-3
1-060	18639-97-9
1-060	18718-10-0
1-060	18727-04-3
1-060	188264-84-8
1-060	189139-63-7
1-060	189279-89-8
1-060	19019-51-3
1-060	19052-32-5
1-060	19106-33-3
1-060	191233-75-7
1-060	19154-72-4
1-060	19173-71-8
1-060	19192-71-3
1-060	19212-11-4
1-060	19224-80-7
1-060	193214-24-3
1-060	193293-67-3
1-060	19330-29-1
1-060	195161-79-6
1-060	19587-70-3
1-060	19648-83-0
1-060	19998-88-0
1-060	200810-31-7
1-060	20161-50-6
1-060	202916-56-1
1-060	203645-18-5
1-060	20427-11-6
1-060	20506-24-5
1-060	20623-13-6
1-060	206986-92-7
1-060	207124-67-2
1-060	207124-68-3
1-060	207124-69-4
1-060	207803-51-8
1-060	2087499-33-8
1-060	21041-93-0
1-060	21158-51-0
1-060	212250-92-5
1-060	21361-38-6
1-060	214142-68-4
1-060	21679-46-9
1-060	22088-57-9
1-060	221315-92-0
1-060	22388-72-3
1-060	22465-48-1
1-060	22541-53-3
1-060	22541-63-5
1-060	22584-72-1
1-060	22631-65-8
1-060	226924-49-8
1-060	22853-45-8
1-060	23208-66-4
1-060	23209-26-9
1-060	23272-52-8
1-060	23295-32-1
1-060	23380-38-3
1-060	23384-69-2
1-060	234446-82-3
1-060	23670-59-9
1-060	23689-74-9
1-060	23705-25-1
1-060	239097-11-1
1-060	23949-78-2
1-060	24212-54-2
1-060	24215-94-9
1-060	24436-34-8
1-060	24657-85-0
1-060	24704-41-4
1-060	24719-19-5
1-060	24828-46-4
1-060	24917-04-2
1-060	25139-08-6
1-060	25215-19-4
1-060	25360-65-0
1-060	256431-41-1
1-060	25729-03-7
1-060	259259-80-8
1-060	25971-15-7
1-060	26076-28-8
1-060	26156-56-9
1-060	26220-72-4
1-060	26264-28-8
1-060	26305-75-9
1-060	2631628-78-7
1-060	26388-78-3
1-060	264125-06-6
1-060	26490-63-1
1-060	26493-63-0
1-060	26603-20-3
1-060	26686-74-8
1-060	26921-01-7
1-060	26998-20-9
1-060	27016-73-5
1-060	27085-12-7
1-060	27253-31-2
1-060	27662-11-9
1-060	27662-34-6
1-060	27685-51-4
1-060	27736-00-1
1-060	27792-36-5
1-060	27883-34-7
1-060	28029-53-0
1-060	28038-39-3
1-060	28360-41-0
1-060	28872-17-5
1-060	28903-71-1
1-060	29058-84-2
1-060	29383-29-7
1-060	2952663-95-3
1-060	29616-23-7
1-060	29871-10-1
1-060	29904-98-1
1-060	29973-37-3
1-060	29977-10-4
1-060	29998-71-8
1-060	3017-60-5
1-060	30621-99-9
1-060	30638-08-5
1-060	30752-89-7
1-060	30875-93-5
1-060	31586-68-2
1-060	32322-13-7
1-060	32441-17-1
1-060	32486-57-0
1-060	32517-38-7
1-060	3252-99-1
1-060	3267-76-3
1-060	330442-57-4
1-060	3317-67-7
1-060	33270-74-5
1-060	33327-32-1
1-060	33362-98-0
1-060	33393-70-3
1-060	33593-50-9
1-060	33960-07-5
1-060	34240-80-7
1-060	34262-88-9
1-060	34523-71-2
1-060	34664-47-6
1-060	34735-28-9
1-060	361346-80-7
1-060	36217-04-6
1-060	36294-69-6
1-060	36451-49-7
1-060	36499-65-7
1-060	36550-56-8
1-060	36835-61-7
1-060	36870-54-9
1-060	37210-16-5
1-060	37228-30-1
1-060	37264-96-3
1-060	37329-49-0
1-060	37367-90-1
1-060	37382-24-4
1-060	37480-75-4
1-060	378253-51-1
1-060	378253-52-2
1-060	378253-53-3
1-060	37981-00-3
1-060	38218-51-8
1-060	38218-77-8
1-060	38233-75-9
1-060	38582-17-1
1-060	38625-84-2
1-060	39174-07-7
1-060	39361-75-6
1-060	39394-76-8
1-060	40621-10-1
1-060	41122-85-4
1-060	41325-63-7
1-060	41663-81-4
1-060	41751-89-7
1-060	42183-35-7
1-060	42183-36-8
1-060	42978-77-8
1-060	43184-77-6
1-060	44433-52-5
1-060	461393-61-3
1-060	49651-10-7
1-060	49676-83-7
1-060	496862-98-7
1-060	50136-28-2
1-060	50525-57-0
1-060	50696-78-1
1-060	508202-43-5
1-060	51006-26-9
1-060	51053-44-2
1-060	51084-32-3
1-060	51140-33-1
1-060	51184-26-0
1-060	513-79-1
1-060	51806-61-2
1-060	51839-24-8
1-060	52012-11-0
1-060	52256-38-9
1-060	52270-44-7
1-060	52277-69-7
1-060	52277-72-2
1-060	52277-73-3
1-060	52308-79-9
1-060	52324-65-9
1-060	52729-67-6
1-060	52810-40-9
1-060	53027-14-8
1-060	53108-49-9
1-060	53108-50-2
1-060	53149-77-2
1-060	53433-12-8
1-060	53927-86-9
1-060	542-84-7
1-060	544-18-3
1-060	54437-56-8
1-060	54689-17-7
1-060	54693-72-0
1-060	54846-43-4
1-060	55072-56-5
1-060	55158-44-6
1-060	55448-22-1
1-060	55494-92-3
1-060	55494-93-4
1-060	55668-56-9
1-060	55802-87-4
1-060	55870-93-4
1-060	55870-94-5
1-060	55963-70-7
1-060	56060-88-9
1-060	56780-57-5
1-060	56792-69-9
1-060	57364-75-7
1-060	57454-67-8
1-060	57693-02-4
1-060	58068-29-4
1-060	58197-53-8
1-060	58288-50-9
1-060	58302-43-5
1-060	58591-45-0
1-060	59209-77-7
1-060	5931-89-5
1-060	59461-30-2
1-060	59487-93-3
1-060	59561-07-8
1-060	59561-55-6
1-060	5965-38-8
1-060	59784-63-3
1-060	60109-88-8
1-060	60406-95-3
1-060	60459-08-7
1-060	61045-13-4
1-060	61419-68-9
1-060	6147-53-1
1-060	61789-50-2
1-060	61789-51-3
1-060	61789-52-4
1-060	61864-72-0
1-060	61901-42-6
1-060	61969-42-4
1-060	62207-76-5
1-060	6255-07-8
1-060	62598-42-9
1-060	62647-83-0
1-060	62782-24-5
1-060	63181-09-9
1-060	63287-28-5
1-060	63413-04-7
1-060	63497-09-6
1-060	63511-60-4
1-060	63588-34-1
1-060	63597-33-1
1-060	63640-17-5
1-060	63971-70-0
1-060	6401-84-9
1-060	6421-64-3
1-060	6424-15-3
1-060	64540-41-6
1-060	6460-02-2
1-060	64611-71-8
1-060	64825-48-5
1-060	652131-56-1
1-060	65335-15-1
1-060	65453-05-6
1-060	65492-00-4
1-060	65997-18-4
1-060	66104-83-4
1-060	66288-88-8
1-060	6667-75-0
1-060	6700-85-2
1-060	67181-17-3
1-060	67292-36-8
1-060	67486-73-1
1-060	6771-86-4
1-060	67711-89-1
1-060	67801-57-4
1-060	67815-64-9
1-060	67875-38-1
1-060	67906-18-7
1-060	67906-22-3
1-060	67906-23-4
1-060	67924-23-6
1-060	67952-53-8
1-060	67952-74-3
1-060	67968-64-3
1-060	67968-65-4
1-060	67968-66-5
1-060	67969-67-9
1-060	68-19-9
1-060	68000-01-1
1-060	68016-03-5
1-060	68025-39-8
1-060	68033-18-1
1-060	68123-03-5
1-060	68130-37-0
1-060	68132-93-4
1-060	68133-85-7
1-060	68152-91-0
1-060	68186-85-6
1-060	68186-86-7
1-060	68186-87-8
1-060	68186-89-0
1-060	68186-97-0
1-060	68187-05-3
1-060	68187-11-1
1-060	68187-40-6
1-060	68187-49-5
1-060	68187-50-8
1-060	68189-40-2
1-060	68201-98-9
1-060	68213-72-9
1-060	68239-47-4
1-060	68239-55-4
1-060	68239-56-5
1-060	68239-57-6
1-060	68239-58-7
1-060	68279-06-1
1-060	68409-81-4
1-060	68411-08-5
1-060	68413-61-6
1-060	68442-96-6
1-060	68449-39-8
1-060	68457-13-6
1-060	68457-90-9
1-060	68475-45-6
1-060	68478-57-9
1-060	68478-58-0
1-060	68512-31-2
1-060	68553-15-1
1-060	6856-47-9
1-060	68568-52-5
1-060	68584-96-3
1-060	68608-09-3
1-060	68608-93-5
1-060	68609-02-9
1-060	68610-13-9
1-060	68647-47-2
1-060	6865-68-5
1-060	68784-10-1
1-060	68811-46-1
1-060	68811-50-7
1-060	68855-86-7
1-060	68928-31-4
1-060	68931-68-0
1-060	68955-83-9
1-060	68956-82-1
1-060	68958-90-7
1-060	68966-95-0
1-060	68966-96-1
1-060	68966-98-3
1-060	68988-10-3
1-060	69011-09-2
1-060	69012-37-9
1-060	69012-51-7
1-060	69012-71-1
1-060	69012-72-2
1-060	69098-14-2
1-060	69140-59-6
1-060	69140-60-9
1-060	69178-34-3
1-060	69178-42-3
1-060	69198-43-2
1-060	69278-74-6
1-060	69292-92-8
1-060	69893-68-1
1-060	69898-68-6
1-060	69934-86-7
1-060	70131-61-2
1-060	70179-69-0
1-060	70227-96-2
1-060	70236-41-8
1-060	70236-43-0
1-060	70236-44-1
1-060	70236-59-8
1-060	70247-32-4
1-060	70247-74-4
1-060	70247-76-6
1-060	70281-40-2
1-060	70529-03-2
1-060	70693-07-1
1-060	70776-55-5
1-060	70815-19-9
1-060	70833-34-0
1-060	70851-34-2
1-060	70936-53-7
1-060	71-02-3
1-060	71-48-7
1-060	71060-75-8
1-060	71243-97-5
1-060	71562-83-9
1-060	71566-26-2
1-060	71566-27-3
1-060	71566-34-2
1-060	71566-39-7
1-060	71566-55-7
1-060	71603-79-7
1-060	71701-14-9
1-060	71735-52-9
1-060	71735-59-6
1-060	71735-61-0
1-060	71786-54-4
1-060	71839-74-2
1-060	71839-76-4
1-060	71839-84-4
1-060	71839-87-7
1-060	71839-88-8
1-060	71888-93-2
1-060	71957-08-9
1-060	71963-57-0
1-060	72102-52-4
1-060	72208-07-2
1-060	72245-25-1
1-060	72253-09-9
1-060	72269-32-0
1-060	72391-09-4
1-060	72391-10-7
1-060	72403-31-7
1-060	72403-32-8
1-060	72403-33-9
1-060	72403-34-0
1-060	72479-33-5
1-060	72479-96-0
1-060	72496-88-9
1-060	72644-04-3
1-060	72797-08-1
1-060	72797-09-2
1-060	72797-14-9
1-060	72828-26-3
1-060	72829-33-5
1-060	72845-76-2
1-060	72869-26-2
1-060	72869-37-5
1-060	728945-44-6
1-060	72905-57-8
1-060	72906-12-8
1-060	72928-76-8
1-060	72928-77-9
1-060	72928-91-7
1-060	72932-56-0
1-060	72987-06-5
1-060	72987-07-6
1-060	73005-84-2
1-060	73018-84-5
1-060	73038-30-9
1-060	73195-17-2
1-060	73297-09-3
1-060	73297-10-6
1-060	73297-17-3
1-060	73324-01-3
1-060	73324-02-4
1-060	73455-76-2
1-060	73507-63-8
1-060	73507-66-1
1-060	73507-67-2
1-060	73507-73-0
1-060	73612-40-5
1-060	73612-41-6
1-060	739352-37-5
1-060	74082-15-8
1-060	74190-87-7
1-060	74196-11-5
1-060	74196-12-6
1-060	74196-13-7
1-060	74196-18-2
1-060	74196-19-3
1-060	74220-71-6
1-060	7440-48-4
1-060	74427-89-7
1-060	74427-91-1
1-060	74499-63-1
1-060	74507-62-3
1-060	74665-01-3
1-060	749216-83-9
1-060	749798-18-3
1-060	75027-71-3
1-060	75042-71-6
1-060	75214-67-4
1-060	75214-71-0
1-060	75214-72-1
1-060	75234-42-3
1-060	75284-36-5
1-060	75300-75-3
1-060	75314-27-1
1-060	75364-04-4
1-060	7542-09-8
1-060	75522-91-7
1-060	75557-21-0
1-060	75752-30-6
1-060	758634-43-4
1-060	76407-91-5
1-060	7646-79-9
1-060	76762-27-1
1-060	77630-54-7
1-060	7785-24-2
1-060	7788-94-5
1-060	7789-43-7
1-060	7791-13-1
1-060	78091-12-0
1-060	78206-33-4
1-060	79135-28-7
1-060	79151-78-3
1-060	79215-59-1
1-060	79803-78-4
1-060	79817-88-2
1-060	79817-89-3
1-060	79953-72-3
1-060	79973-42-5
1-060	8011-87-8
1-060	8012-02-0
1-060	8017-22-9
1-060	8021-83-8
1-060	8023-26-5
1-060	80290-99-9
1-060	803745-60-0
1-060	8039-03-0
1-060	80546-49-2
1-060	80648-59-5
1-060	811-53-0
1-060	81342-98-5
1-060	81361-02-6
1-060	814-89-1
1-060	81955-22-8
1-060	82338-72-5
1-060	82338-74-7
1-060	82434-33-1
1-060	82457-28-1
1-060	82556-12-5
1-060	82556-13-6
1-060	83249-68-7
1-060	83249-69-8
1-060	83249-70-1
1-060	83249-71-2
1-060	83249-72-3
1-060	83249-73-4
1-060	83270-30-8
1-060	83417-32-7
1-060	83417-33-8
1-060	83417-34-9
1-060	83711-42-6
1-060	83711-43-7
1-060	83711-44-8
1-060	83733-13-5
1-060	83733-22-6
1-060	83803-62-7
1-060	83803-65-0
1-060	83804-04-0
1-060	83804-07-3
1-060	83804-08-4
1-060	83817-76-9
1-060	83817-78-1
1-060	83817-79-2
1-060	83847-05-6
1-060	83847-06-7
1-060	83863-97-2
1-060	83863-98-3
1-060	83864-23-7
1-060	83864-24-8
1-060	83898-69-5
1-060	83970-30-3
1-060	84030-58-0
1-060	84030-59-1
1-060	84057-73-8
1-060	84066-83-1
1-060	84066-84-2
1-060	84066-85-3
1-060	84082-96-2
1-060	84145-31-3
1-060	84176-59-0
1-060	84195-99-3
1-060	84204-70-6
1-060	84215-43-0
1-060	84255-51-6
1-060	84255-52-7
1-060	84255-53-8
1-060	84281-83-4
1-060	84282-04-2
1-060	84282-05-3
1-060	84282-06-4
1-060	84282-07-5
1-060	84282-28-0
1-060	84304-11-0
1-060	84304-12-1
1-060	84367-83-9
1-060	84367-84-0
1-060	84418-53-1
1-060	84418-54-2
1-060	84418-55-3
1-060	84418-56-4
1-060	84713-03-1
1-060	84777-24-2
1-060	84777-25-3
1-060	84777-67-3
1-060	84777-68-4
1-060	84777-69-5
1-060	84777-71-9
1-060	84777-73-1
1-060	84788-14-7
1-060	84812-60-2
1-060	84812-62-4
1-060	84912-03-8
1-060	84912-04-9
1-060	84961-42-2
1-060	84989-48-0
1-060	84989-53-7
1-060	85006-35-5
1-060	85017-77-2
1-060	85049-49-6
1-060	85049-72-5
1-060	85049-73-6
1-060	85049-74-7
1-060	85049-75-8
1-060	85049-76-9
1-060	85133-94-4
1-060	85135-78-0
1-060	85135-79-1
1-060	85168-70-3
1-060	85168-71-4
1-060	85168-73-6
1-060	85186-65-8
1-060	85186-68-1
1-060	85187-42-4
1-060	85187-58-2
1-060	85203-44-7
1-060	85204-09-7
1-060	852177-80-1
1-060	85566-25-2
1-060	85650-70-0
1-060	85650-71-1
1-060	85737-17-3
1-060	85828-91-7
1-060	85828-92-8
1-060	85895-65-4
1-060	85958-76-5
1-060	85958-78-7
1-060	85959-73-5
1-060	85959-75-7
1-060	85959-78-0
1-060	85994-37-2
1-060	866-81-9
1-060	86697-17-8
1-060	869698-88-4
1-060	87195-39-9
1-060	87211-44-7
1-060	87391-39-7
1-060	87914-02-1
1-060	87947-13-5
1-060	88330-21-6
1-060	883882-22-2
1-060	887113-50-0
1-060	89899-23-0
1-060	90043-99-5
1-060	90294-79-4
1-060	90294-80-7
1-060	90294-81-8
1-060	90294-82-9
1-060	90294-83-0
1-060	90294-84-1
1-060	90294-85-2
1-060	90294-86-3
1-060	90294-87-4
1-060	90342-30-6
1-060	90431-89-3
1-060	91031-16-2
1-060	91053-45-1
1-060	91053-46-2
1-060	91053-47-3
1-060	91081-75-3
1-060	91144-26-2
1-060	91672-72-9
1-060	91672-73-0
1-060	91672-74-1
1-060	91672-75-2
1-060	91672-76-3
1-060	91672-77-4
1-060	91672-78-5
1-060	91672-79-6
1-060	91672-80-9
1-060	91672-81-0
1-060	91672-82-1
1-060	91672-83-2
1-060	91672-84-3
1-060	91672-85-4
1-060	917-69-1
1-060	91782-60-4
1-060	91782-61-5
1-060	917893-06-2
1-060	91844-81-4
1-060	918539-18-1
1-060	92112-83-9
1-060	92200-85-6
1-060	92201-51-9
1-060	92257-03-9
1-060	92257-04-0
1-060	92257-08-4
1-060	92258-02-1
1-060	922733-64-0
1-060	922735-41-9
1-060	922735-42-0
1-060	922735-43-1
1-060	92502-53-9
1-060	92703-96-3
1-060	929-87-3
1-060	93028-48-9
1-060	93062-36-3
1-060	93062-37-4
1-060	93165-90-3
1-060	93166-11-1
1-060	932-69-4
1-060	93338-23-9
1-060	93572-88-4
1-060	93572-89-5
1-060	93572-90-8
1-060	93573-24-1
1-060	93601-32-2
1-060	936554-28-8
1-060	93686-41-0
1-060	93764-01-3
1-060	93776-34-2
1-060	93776-36-4
1-060	93776-58-0
1-060	93783-58-5
1-060	93783-60-9
1-060	93783-75-6
1-060	93805-27-7
1-060	93820-10-1
1-060	93820-12-3
1-060	93820-17-8
1-060	93820-73-6
1-060	93820-74-7
1-060	93821-22-8
1-060	93894-62-3
1-060	93894-63-4
1-060	93918-17-3
1-060	93918-18-4
1-060	93918-19-5
1-060	93940-23-9
1-060	93940-37-5
1-060	93940-43-3
1-060	93940-44-4
1-060	93940-45-5
1-060	93940-46-6
1-060	93940-96-6
1-060	93964-01-3
1-060	93964-02-4
1-060	93964-03-5
1-060	93964-86-4
1-060	93964-97-7
1-060	93965-34-5
1-060	93983-06-3
1-060	93983-67-6
1-060	94021-58-6
1-060	94086-50-7
1-060	94114-42-8
1-060	94232-44-7
1-060	94232-84-5
1-060	94232-89-0
1-060	94232-97-0
1-060	94232-99-2
1-060	94233-08-6
1-060	94233-10-0
1-060	94233-18-8
1-060	94246-68-1
1-060	94246-69-2
1-060	94246-70-5
1-060	94246-71-6
1-060	94246-88-5
1-060	94246-89-6
1-060	94266-16-7
1-060	94276-71-8
1-060	94276-72-9
1-060	94276-73-0
1-060	94276-74-1
1-060	94276-77-4
1-060	94277-51-7
1-060	94277-52-8
1-060	94277-78-8
1-060	94292-07-6
1-060	94333-37-6
1-060	94481-61-5
1-060	94624-01-8
1-060	94648-71-2
1-060	94786-94-4
1-060	94979-20-1
1-060	95046-44-9
1-060	95046-47-2
1-060	95046-48-3
1-060	952441-16-6
1-060	952716-55-1
1-060	95461-80-6
1-060	95465-96-6
1-060	95873-73-7
1-060	960114-05-0
1-060	96413-15-9
1-060	96413-16-0
1-060	97102-93-7
1-060	97126-35-7
1-060	97202-36-3
1-060	97338-24-4
1-060	97434-88-3
1-060	97434-89-4
1-060	97434-90-7
1-060	97488-85-2
1-060	97553-53-2
1-060	97592-68-2
1-060	97660-39-4
1-060	97660-40-7
1-060	97975-95-6
1-060	99492-72-5
1-060	99624-18-7
1-060	99749-23-2
1-060	P-00-0072
1-060	P-04-0156
1-060	P-82-0646
1-060	P-83-0053
1-060	P-86-0037
1-060	P-87-0597
1-060	P-88-1110
1-060	P-88-2260
1-060	P-89-1042
1-060	P-90-0373
1-060	P-92-1340
1-060	P-95-0644
1-060	P-95-1238
1-060	P-95-1239
1-060	P-95-1905
1-060	P-97-0471
1-060	RR-00107-0
1-060	RR-02516-1
1-060	RR-04028-8
1-060	RR-07206-0
1-060	RR-07288-8
1-060	RR-09586-3
1-060	RR-09913-8
1-060	RR-10332-2
1-060	RR-12400-5
1-060	RR-145880-6
1-060	RR-16472-7
1-060	RR-16473-8
1-060	RR-17268-9
1-060	RR-17722-0
1-060	RR-19053-4
1-060	RR-193432-3
1-060	RR-24169-0
1-060	RR-24170-3
1-060	RR-28669-1
1-060	RR-30385-5
1-060	RR-31108-0
1-060	RR-31876-3
1-060	RR-31936-8
1-060	RR-33925-3
1-060	RR-40755-6
1-060	RR-41010-6
1-060	RR-41279-3
1-060	RR-41616-0
1-060	RR-42856-8
1-060	RR-43729-6
1-060	RR-43733-2
1-060	RR-45116-1
1-060	RR-46258-8
1-060	RR-50391-3
1-060	RR-50392-4
1-060	RR-53412-3
1-060	RR-53479-2
1-060	RR-54368-0
1-060	RR-55398-0
1-060	RR-56105-7
1-060	RR-56106-8
1-060	RR-56107-9
1-060	RR-62883-1
1-060	RR-85864-0
1-060	RR-85865-1
1-060	RR-85866-2
1-060	RR-85867-3
1-060	RR-85868-4
1-060	RR-85869-5
1-060	RR-93905-9
1-060	UN1318
1-060	UN2001
1-061	106139-40-6
1-061	108-05-4
1-061	172702-77-1
1-061	220713-36-0
1-061	61891-42-7
1-061	82041-23-4
1-061	85306-26-9
1-061	UN1301
1-062	110-49-6
1-062	UN1189
1-064	16033-71-9
1-064	75-56-9
1-064	UN1280
1-065	32729-71-8
1-065	420-04-2
1-065	65931-45-5
1-066	615-05-4
1-067	101-80-4
1-067	121509-79-3
1-067	928208-61-1
1-068	118499-69-7
1-068	119107-37-8
1-068	12211-52-8
1-068	12351-98-3
1-068	12539-57-0
1-068	1299-91-8
1-068	13074-68-5
1-068	13092-67-6
1-068	1327160-06-4
1-068	1335-31-5
1-068	133708-36-8
1-068	13408-62-3
1-068	13453-34-4
1-068	13601-19-9
1-068	13715-19-0
1-068	13746-66-2
1-068	13755-38-9
1-068	13821-08-4
1-068	13943-58-3
1-068	13967-50-5
1-068	13998-03-3
1-068	14038-43-8
1-068	14170-30-0
1-068	14217-21-1
1-068	14221-48-8
1-068	14263-59-3
1-068	143-33-9
1-068	14402-74-5
1-068	14402-75-6
1-068	14402-89-2
1-068	14459-95-1
1-068	14460-02-7
1-068	14481-29-9
1-068	14763-77-0
1-068	14834-18-5
1-068	1495-50-7
1-068	14965-99-2
1-068	151-50-8
1-068	15280-09-8
1-068	15313-18-5
1-068	15333-24-1
1-068	156-62-7
1-068	15655-10-4
1-068	15745-74-1
1-068	18724-70-4
1-068	191234-22-7
1-068	2035-66-7
1-068	20427-11-6
1-068	210290-06-5
1-068	2408-36-8
1-068	25587-94-4
1-068	25596-52-5
1-068	28536-58-5
1-068	29829-51-4
1-068	3017-23-0
1-068	31065-88-0
1-068	31096-40-9
1-068	31395-95-6
1-068	31517-19-8
1-068	3315-16-0
1-068	341972-31-4
1-068	357-21-1
1-068	37020-93-2
1-068	37187-64-7
1-068	373-51-3
1-068	39377-49-6
1-068	42572-30-5
1-068	4367-08-2
1-068	460-19-5
1-068	506-64-9
1-068	506-65-0
1-068	506-68-3
1-068	506-77-4
1-068	506-78-5
1-068	535-37-5
1-068	542-62-1
1-068	542-83-6
1-068	542-84-7
1-068	544-92-3
1-068	557-19-7
1-068	557-21-1
1-068	562-79-8
1-068	562-81-2
1-068	5683-74-9
1-068	57-12-5
1-068	592-01-8
1-068	592-04-1
1-068	592-05-2
1-068	592-06-3
1-068	5970-29-6
1-068	60195-52-0
1-068	61022-89-7
1-068	66004-32-8
1-068	67859-42-1
1-068	68133-86-8
1-068	68133-87-9
1-068	73963-97-0
1-068	74-90-8
1-068	75754-69-7
1-068	764-05-6
1-068	8011-93-6
1-068	858235-54-8
1-068	99601-92-0
1-068	99601-93-1
1-068	RR-00573-2
1-068	RR-45497-7
1-068	UN1026
1-068	UN1565
1-068	UN1575
1-068	UN1588
1-068	UN1589
1-068	UN1614
1-068	UN1620
1-068	UN1636
1-068	UN1642
1-068	UN1653
1-068	UN1680
1-068	UN1684
1-068	UN1689
1-068	UN1713
1-068	UN1889
1-068	UN1935
1-069	100-37-8
1-069	102802-00-6
1-069	UN2686
1-070	56-23-5
1-070	UN1846
1-071	123-91-1
1-071	17647-74-4
1-071	28347-88-8
1-071	28347-91-3
1-071	39449-24-6
1-071	54841-74-6
1-071	UN1165
1-072	646-06-0
1-072	UN1166
1-073	108-91-8
1-073	143247-75-0
1-073	1533423-50-5
1-073	157973-60-9
1-073	UN2357
1-075	75-35-4
1-075	UN1303
1-076	1438395-68-6
1-076	156-59-2
1-077	156-60-5
1-077	43695-79-0
1-078	42428-47-7
1-078	79-43-6
1-078	UN1764
1-079	99-54-7
1-080	89-61-2
1-081	26198-63-0
1-081	78-87-5
1-081	UN1279
1-082	75-27-4
1-083	95-50-1
1-083	UN1591
1-084	106-46-7
1-084	3855-82-1
1-086	121-14-2
1-086	25321-14-6
1-086	29656-15-3
1-086	602-01-7
1-086	606-20-2
1-086	610-39-9
1-086	618-85-9
1-086	619-15-8
1-086	84029-41-4
1-086	84029-42-5
1-086	RR-42416-8
1-086	UN1600
1-086	UN2038
1-086	UN3454
1-087	42397-64-8
1-088	42397-65-9
1-089	105-06-6
1-089	108-57-6
1-089	1161074-32-3
1-089	1321-74-0
1-089	142315-59-1
1-089	56481-85-7
1-089	61804-50-0
1-089	91-14-5
1-090	226-36-8
1-091	224-42-0
1-092	53-70-3
1-093	194-59-2
1-094	192-65-4
1-095	189-64-0
1-096	112307-73-0
1-096	189-55-9
1-097	191-30-0
1-098	127-19-5
1-099	1123533-24-3
1-099	87-62-7
1-100	124-40-3
1-100	2876-06-4
1-100	UN1160
1-101	624-92-0
1-101	UN2381
1-102	37333-09-8
1-102	50924-44-2
1-102	52-68-6
1-102	56042-25-2
1-102	66758-31-4
1-103	57-14-7
1-103	88733-28-2
1-103	UN1163
1-104	119684-28-5
1-104	137534-82-8
1-104	91-97-4
1-105	114057-15-7
1-105	15175-63-0
1-105	15175-77-6
1-105	33513-42-7
1-105	68-12-2
1-106	115245-06-2
1-106	115245-07-3
1-106	115245-08-4
1-106	115245-09-5
1-106	115245-10-8
1-106	119264-50-5
1-106	119264-51-6
1-106	119264-52-7
1-106	119264-53-8
1-106	119264-54-9
1-106	119264-55-0
1-106	119264-56-1
1-106	119264-57-2
1-106	119264-58-3
1-106	119264-59-4
1-106	119264-60-7
1-106	119264-61-8
1-106	119264-62-9
1-106	119264-63-0
1-106	120991-47-1
1-106	120991-48-2
1-106	1254976-38-9
1-106	13029-09-9
1-106	13654-09-6
1-106	144978-86-9
1-106	144978-87-0
1-106	144978-88-1
1-106	144978-89-2
1-106	144978-90-5
1-106	16372-96-6
1-106	16400-50-3
1-106	16400-51-4
1-106	2052-07-5
1-106	2113-57-7
1-106	245657-50-5
1-106	245657-57-2
1-106	26264-10-8
1-106	27479-65-8
1-106	27753-52-2
1-106	27858-07-7
1-106	35194-78-6
1-106	36355-01-8
1-106	36402-15-0
1-106	38421-62-4
1-106	38998-75-3
1-106	40088-45-7
1-106	475200-12-5
1-106	49602-90-6
1-106	49602-91-7
1-106	507241-82-9
1-106	51202-79-0
1-106	52276-49-0
1-106	53592-10-2
1-106	55066-76-7
1-106	56307-79-0
1-106	57186-90-0
1-106	57422-77-2
1-106	59080-32-9
1-106	59080-33-0
1-106	59080-34-1
1-106	59080-35-2
1-106	59080-36-3
1-106	59080-37-4
1-106	59080-38-5
1-106	59080-39-6
1-106	59080-40-9
1-106	59080-41-0
1-106	59261-08-4
1-106	59536-65-1
1-106	59589-92-3
1-106	60044-24-8
1-106	60044-25-9
1-106	60044-26-0
1-106	60108-72-7
1-106	61288-13-9
1-106	64258-02-2
1-106	64258-03-3
1-106	6430-90-6
1-106	66115-57-9
1-106	6683-35-8
1-106	67733-52-2
1-106	67774-32-7
1-106	67888-96-4
1-106	67888-97-5
1-106	67888-98-6
1-106	67888-99-7
1-106	67889-00-3
1-106	69278-59-7
1-106	69278-60-0
1-106	69278-61-1
1-106	69278-62-2
1-106	69887-11-2
1-106	72416-87-6
1-106	73141-48-7
1-106	74114-77-5
1-106	77102-82-0
1-106	77607-09-1
1-106	77910-04-4
1-106	80274-92-6
1-106	80407-70-1
1-106	81381-52-4
1-106	81397-99-1
1-106	81902-33-2
1-106	82865-89-2
1-106	82865-90-5
1-106	82865-91-6
1-106	82865-92-7
1-106	84303-45-7
1-106	84303-46-8
1-106	84303-47-9
1-106	84303-48-0
1-106	84303-49-1
1-106	855255-46-8
1-106	855255-51-5
1-106	855255-52-6
1-106	86029-64-3
1-106	88700-05-4
1-106	88700-06-5
1-106	915039-12-2
1-106	92-66-0
1-106	92-86-4
1-106	93261-83-7
1-106	942505-32-0
1-106	942505-33-1
1-106	942505-34-2
1-106	942505-35-3
1-106	942505-36-4
1-106	945669-03-4
1-106	955955-53-0
1-106	955955-54-1
1-106	955955-55-2
1-106	955955-57-4
1-106	955955-58-5
1-106	955955-59-6
1-106	955955-60-9
1-106	955955-61-0
1-106	958802-46-5
1-106	96551-70-1
1-106	97038-95-4
1-106	97038-96-5
1-106	97038-97-6
1-106	97038-98-7
1-106	97038-99-8
1-106	97063-75-7
1-106	RR-00086-2
1-106	RR-04765-4
1-106	RR-167525-8
1-107	10022-52-3
1-107	10031-21-7
1-107	10102-75-7
1-107	10326-26-8
1-107	13477-93-5
1-107	13517-27-6
1-107	13550-28-2
1-107	13843-59-9
1-107	13967-90-3
1-107	14518-94-6
1-107	14519-07-4
1-107	14519-17-6
1-107	14519-18-7
1-107	28958-26-1
1-107	34018-28-5
1-107	38869-75-9
1-107	38869-76-0
1-107	7758-01-2
1-107	7783-89-3
1-107	7789-36-8
1-107	7789-38-0
1-107	RR-63061-5
1-107	UN1484
1-107	UN1494
1-107	UN2469
1-107	UN2719
1-109	1087-02-1
1-109	1973-15-5
1-109	20273-27-2
1-109	27985-87-1
1-109	35860-22-1
1-109	3842-58-8
1-109	61788-32-7
1-110	1000-40-4
1-110	100045-83-8
1-110	10008-90-9
1-110	1002-53-5
1-110	10039-33-5
1-110	10074-32-5
1-110	100835-88-9
1-110	101012-88-8
1-110	1011-95-6
1-110	10113-34-5
1-110	101319-72-6
1-110	101319-94-2
1-110	1015-27-6
1-110	1015-53-8
1-110	101830-33-5
1-110	101880-98-2
1-110	10192-92-4
1-110	10203-52-8
1-110	1021-22-3
1-110	102250-64-6
1-110	102622-67-3
1-110	102667-32-3
1-110	103044-42-4
1-110	103270-64-0
1-110	103289-30-1
1-110	10347-38-3
1-110	103532-44-1
1-110	104133-03-1
1-110	10428-19-0
1-110	10428-22-5
1-110	104959-77-5
1-110	104959-82-2
1-110	105018-58-4
1-110	105494-65-3
1-110	10584-97-1
1-110	10584-98-2
1-110	10586-78-4
1-110	1059-35-4
1-110	10603-63-1
1-110	1064-10-4
1-110	1066-44-0
1-110	1066-45-1
1-110	1066-57-5
1-110	1066-77-9
1-110	1067-29-4
1-110	1067-33-0
1-110	1067-52-3
1-110	1067-55-6
1-110	1067-97-6
1-110	1070-91-3
1-110	108110-01-6
1-110	108189-00-0
1-110	108537-06-0
1-110	108772-35-6
1-110	1089-59-4
1-110	109054-07-1
1-110	109298-02-4
1-110	1103-05-5
1-110	110586-22-6
1-110	110586-23-7
1-110	11097-63-5
1-110	111108-89-5
1-110	11111-26-5
1-110	1112-56-7
1-110	1112-63-6
1-110	1118-14-5
1-110	1118-42-9
1-110	1118-46-3
1-110	112309-68-9
1-110	112326-79-1
1-110	1124-19-2
1-110	112492-63-4
1-110	112747-58-7
1-110	113289-86-4
1-110	113289-87-5
1-110	113289-90-0
1-110	113289-91-1
1-110	1135-99-5
1-110	116315-17-4
1-110	116430-10-5
1-110	117732-68-0
1-110	1178-79-6
1-110	1185-73-5
1-110	1185-81-5
1-110	119192-22-2
1-110	1204812-53-2
1-110	1231728-34-9
1-110	12379-54-3
1-110	124504-99-0
1-110	124505-02-8
1-110	1245941-87-0
1-110	1245941-99-4
1-110	124873-62-7
1-110	124873-63-8
1-110	125199-87-3
1-110	1262-21-1
1-110	1262-78-8
1-110	12684-28-5
1-110	12737-14-3
1-110	128093-63-0
1-110	1294-75-3
1-110	13121-70-5
1-110	13121-71-6
1-110	13121-76-1
1-110	13173-04-1
1-110	13241-48-0
1-110	132641-04-4
1-110	13269-74-4
1-110	13293-57-7
1-110	13302-06-2
1-110	13302-08-4
1-110	13323-62-1
1-110	13323-63-2
1-110	13331-52-7
1-110	13355-96-9
1-110	13356-08-6
1-110	13356-20-2
1-110	13362-00-0
1-110	13387-91-2
1-110	13413-18-8
1-110	13435-05-7
1-110	13467-96-4
1-110	13468-00-3
1-110	13497-25-1
1-110	1353053-96-9
1-110	136482-55-8
1-110	137297-08-6
1-110	138556-84-0
1-110	139353-88-1
1-110	14101-95-2
1-110	14208-54-9
1-110	14214-24-5
1-110	14254-05-8
1-110	14254-22-9
1-110	14275-57-1
1-110	143929-06-0
1-110	144377-64-0
1-110	1446-45-3
1-110	14488-53-0
1-110	1449-55-4
1-110	1461-22-9
1-110	1461-23-0
1-110	1461-25-2
1-110	147049-02-3
1-110	147049-09-0
1-110	14764-54-6
1-110	147716-03-8
1-110	14806-91-8
1-110	14844-29-2
1-110	149610-66-2
1-110	14974-55-1
1-110	15082-85-6
1-110	151436-98-5
1-110	151686-34-9
1-110	15220-82-3
1-110	15257-25-7
1-110	1528-01-4
1-110	1528-07-0
1-110	1529-30-2
1-110	15304-57-1
1-110	15336-98-8
1-110	15414-98-9
1-110	154194-72-6
1-110	1542381-47-4
1-110	15481-47-7
1-110	15481-48-8
1-110	15535-69-0
1-110	15535-79-2
1-110	15546-11-9
1-110	15546-12-0
1-110	15546-16-4
1-110	15571-58-1
1-110	15571-59-2
1-110	15571-60-5
1-110	15597-43-0
1-110	15652-38-7
1-110	15666-28-1
1-110	15666-29-2
1-110	15719-34-3
1-110	15785-44-1
1-110	15807-28-0
1-110	15853-77-7
1-110	158707-50-7
1-110	15880-66-7
1-110	16009-86-2
1-110	160525-70-2
1-110	160709-63-7
1-110	16091-18-2
1-110	16122-27-3
1-110	16284-54-1
1-110	1631-73-8
1-110	163206-28-8
1-110	16413-88-0
1-110	16715-89-2
1-110	16902-02-6
1-110	16919-46-3
1-110	1702279-08-0
1-110	1702279-15-9
1-110	17036-31-6
1-110	17209-76-6
1-110	172305-49-6
1-110	172344-80-8
1-110	172777-09-2
1-110	172777-10-5
1-110	17313-85-8
1-110	17374-81-1
1-110	17381-88-3
1-110	17523-06-7
1-110	17563-48-3
1-110	17578-54-0
1-110	17586-94-6
1-110	17601-12-6
1-110	17869-84-0
1-110	17869-91-9
1-110	17973-82-9
1-110	17977-68-3
1-110	17997-47-6
1-110	1803-12-9
1-110	181494-05-3
1-110	18211-61-5
1-110	18253-54-8
1-110	182688-91-1
1-110	182810-42-0
1-110	18380-71-7
1-110	18380-72-8
1-110	18403-67-3
1-110	185915-28-0
1-110	18824-11-8
1-110	18841-52-6
1-110	18961-66-5
1-110	1907-13-7
1-110	1912-83-0
1-110	1912-84-1
1-110	1913978-89-8
1-110	191617-06-8
1-110	19269-42-2
1-110	19429-30-2
1-110	19464-55-2
1-110	1954-36-5
1-110	19704-60-0
1-110	19706-58-2
1-110	1983-10-4
1-110	20004-12-0
1-110	20153-49-5
1-110	20153-50-8
1-110	201687-57-2
1-110	201687-58-3
1-110	20258-69-9
1-110	20258-71-3
1-110	202875-90-9
1-110	20332-10-9
1-110	20369-63-5
1-110	20451-90-5
1-110	205323-28-0
1-110	20556-89-2
1-110	2056906-49-9
1-110	20961-09-5
1-110	20991-95-1
1-110	2117-50-2
1-110	211990-09-9
1-110	214917-43-8
1-110	215186-99-5
1-110	2155-70-6
1-110	21619-67-0
1-110	2176-98-9
1-110	217805-02-2
1-110	217805-03-3
1-110	2179-92-2
1-110	2179-99-9
1-110	21843-46-9
1-110	21941-99-1
1-110	21986-78-7
1-110	22022-70-4
1-110	22205-26-1
1-110	22205-30-7
1-110	2232-69-1
1-110	22330-14-9
1-110	22535-42-8
1-110	22535-43-9
1-110	22673-19-4
1-110	22709-76-8
1-110	22709-77-9
1-110	2273-43-0
1-110	2273-45-2
1-110	2273-46-3
1-110	2273-48-5
1-110	2273-51-0
1-110	22771-17-1
1-110	22771-18-2
1-110	2279-76-7
1-110	228262-76-8
1-110	23072-08-4
1-110	23292-85-5
1-110	235102-07-5
1-110	23519-66-6
1-110	23535-89-9
1-110	23654-14-0
1-110	23668-76-0
1-110	23850-94-4
1-110	2406-65-7
1-110	24124-25-2
1-110	24291-45-0
1-110	24291-51-8
1-110	24379-26-8
1-110	24396-70-1
1-110	24396-71-2
1-110	24432-06-2
1-110	24493-51-4
1-110	24577-34-2
1-110	24660-23-9
1-110	247041-56-1
1-110	24850-33-7
1-110	25150-98-5
1-110	25151-00-2
1-110	25168-21-2
1-110	25168-22-3
1-110	25168-23-4
1-110	25168-24-5
1-110	25248-71-9
1-110	25267-66-7
1-110	25430-97-1
1-110	25637-27-8
1-110	25711-26-6
1-110	25852-70-4
1-110	2587-76-0
1-110	2591-32-4
1-110	25955-19-5
1-110	26087-56-9
1-110	26239-64-5
1-110	26292-98-8
1-110	26302-30-7
1-110	26354-15-4
1-110	26354-18-7
1-110	26377-04-8
1-110	26401-86-5
1-110	26401-97-8
1-110	2641-56-7
1-110	26410-42-4
1-110	26562-01-6
1-110	26636-01-1
1-110	2669-35-4
1-110	26738-80-7
1-110	26761-46-6
1-110	26821-65-8
1-110	26864-37-9
1-110	26864-39-1
1-110	26872-61-7
1-110	26896-31-1
1-110	26962-68-5
1-110	27107-88-6
1-110	27107-89-7
1-110	27147-18-8
1-110	27189-59-9
1-110	27194-44-1
1-110	27371-95-5
1-110	27440-55-7
1-110	27517-48-2
1-110	27550-52-3
1-110	27605-35-2
1-110	27615-98-1
1-110	2767-41-1
1-110	2767-47-7
1-110	2767-54-6
1-110	2767-55-7
1-110	2767-61-5
1-110	2781-09-1
1-110	2781-10-4
1-110	2791-60-8
1-110	2800-96-6
1-110	28089-34-1
1-110	28308-70-5
1-110	28375-10-2
1-110	2847-58-7
1-110	2847-65-6
1-110	2857-03-6
1-110	28570-24-3
1-110	28570-25-4
1-110	2865-19-2
1-110	28653-36-3
1-110	28660-63-1
1-110	28660-67-5
1-110	28675-83-4
1-110	286938-79-2
1-110	28801-69-6
1-110	2897-46-3
1-110	29134-69-8
1-110	2943-86-4
1-110	29457-48-5
1-110	2949-42-0
1-110	29492-49-7
1-110	29575-02-8
1-110	29859-88-9
1-110	29881-72-9
1-110	29910-14-3
1-110	30051-58-2
1-110	30099-72-0
1-110	301-10-0
1-110	30115-44-7
1-110	3021-41-8
1-110	3023-92-5
1-110	3026-81-1
1-110	3033-29-2
1-110	30395-90-5
1-110	30395-91-6
1-110	30860-66-3
1-110	3090-35-5
1-110	3090-36-6
1-110	3091-18-7
1-110	3091-25-6
1-110	3091-27-8
1-110	3091-32-5
1-110	31045-95-1
1-110	31228-82-7
1-110	31430-86-1
1-110	3151-41-5
1-110	31709-32-7
1-110	31710-35-7
1-110	31718-66-8
1-110	31732-71-5
1-110	31781-13-2
1-110	31794-56-6
1-110	32011-18-0
1-110	32011-19-1
1-110	32104-27-1
1-110	32296-03-0
1-110	32296-04-1
1-110	3231-93-4
1-110	32312-33-7
1-110	32509-49-2
1-110	3267-78-5
1-110	32673-05-5
1-110	33397-45-4
1-110	33397-79-4
1-110	3342-67-4
1-110	3342-69-6
1-110	33466-31-8
1-110	3349-36-8
1-110	3349-38-0
1-110	33550-22-0
1-110	33568-99-9
1-110	336879-56-2
1-110	33703-04-7
1-110	34152-36-8
1-110	34349-21-8
1-110	3440-79-7
1-110	3465-73-4
1-110	3465-74-5
1-110	3465-75-6
1-110	3465-77-8
1-110	34871-84-6
1-110	3493-67-2
1-110	35104-88-2
1-110	3531-43-9
1-110	353747-42-9
1-110	353747-43-0
1-110	353747-44-1
1-110	353747-45-2
1-110	353747-46-3
1-110	353747-47-4
1-110	353747-48-5
1-110	3542-36-7
1-110	35569-11-0
1-110	3572-47-2
1-110	358-50-9
1-110	3582-17-0
1-110	3587-18-6
1-110	3590-59-8
1-110	3590-67-8
1-110	3590-83-8
1-110	3590-84-9
1-110	3594-15-8
1-110	35984-19-1
1-110	36118-60-2
1-110	36253-76-6
1-110	3634-62-6
1-110	364041-81-6
1-110	36432-42-5
1-110	3644-29-9
1-110	3644-32-4
1-110	3644-37-9
1-110	3644-38-0
1-110	3646-94-4
1-110	3648-18-8
1-110	36631-23-9
1-110	36643-28-4
1-110	3669-02-1
1-110	37074-33-2
1-110	37645-34-4
1-110	3765-65-9
1-110	379-51-1
1-110	379-52-2
1-110	38438-11-8
1-110	38480-25-0
1-110	38620-15-4
1-110	3865-34-7
1-110	3865-35-8
1-110	38732-53-5
1-110	38802-82-3
1-110	3912-86-5
1-110	39403-64-0
1-110	3955-81-5
1-110	39637-16-6
1-110	39670-15-0
1-110	39717-39-0
1-110	4027-13-8
1-110	4027-14-9
1-110	4027-17-2
1-110	4027-18-3
1-110	40968-77-2
1-110	41083-11-8
1-110	41086-64-0
1-110	4117-92-4
1-110	4150-34-9
1-110	4151-92-2
1-110	4154-35-2
1-110	415725-20-1
1-110	42378-34-7
1-110	4253-22-9
1-110	427-45-2
1-110	429-30-1
1-110	429-77-6
1-110	43136-18-1
1-110	4342-30-7
1-110	4342-33-0
1-110	4342-36-3
1-110	4401-37-0
1-110	4403-63-8
1-110	4419-22-1
1-110	45095-86-1
1-110	45234-42-2
1-110	45314-70-3
1-110	4588-60-7
1-110	4628-88-0
1-110	4638-25-9
1-110	4644-96-6
1-110	4713-59-1
1-110	4731-77-5
1-110	4756-53-0
1-110	47562-29-8
1-110	47672-31-1
1-110	4775-88-6
1-110	4782-29-0
1-110	4808-30-4
1-110	4848-63-9
1-110	49538-98-9
1-110	49556-16-3
1-110	4981-24-2
1-110	5035-67-6
1-110	5035-68-7
1-110	50378-14-8
1-110	50788-67-5
1-110	50851-45-1
1-110	5107-58-4
1-110	5107-59-5
1-110	51287-83-3
1-110	51287-84-4
1-110	51375-45-2
1-110	51541-60-7
1-110	51590-67-1
1-110	51815-14-6
1-110	51952-23-9
1-110	51983-04-1
1-110	52012-26-7
1-110	52082-48-1
1-110	52112-09-1
1-110	52120-31-7
1-110	52132-44-2
1-110	52165-03-4
1-110	52276-41-2
1-110	52433-96-2
1-110	52434-36-3
1-110	52434-42-1
1-110	52434-43-2
1-110	52628-34-9
1-110	52642-42-9
1-110	52671-35-9
1-110	52671-36-0
1-110	52683-17-7
1-110	5271-60-3
1-110	52722-81-3
1-110	53040-42-9
1-110	53050-36-5
1-110	53100-69-9
1-110	53202-61-2
1-110	53236-83-2
1-110	53404-82-3
1-110	53408-94-9
1-110	53466-85-6
1-110	53478-57-2
1-110	53478-61-8
1-110	53584-15-9
1-110	54068-28-9
1-110	54235-66-4
1-110	54581-65-6
1-110	5462-26-0
1-110	54849-38-6
1-110	5488-45-9
1-110	55216-04-1
1-110	55230-73-4
1-110	55230-77-8
1-110	55280-70-1
1-110	55348-64-6
1-110	55353-53-2
1-110	55353-55-4
1-110	55353-59-8
1-110	55410-80-5
1-110	55568-37-1
1-110	5587-52-0
1-110	56-24-6
1-110	56-35-9
1-110	56-36-0
1-110	56046-99-2
1-110	56091-37-3
1-110	56149-55-4
1-110	56225-49-1
1-110	563-25-7
1-110	56323-17-2
1-110	56323-19-4
1-110	56508-29-3
1-110	56533-00-7
1-110	56573-85-4
1-110	56808-12-9
1-110	56875-68-4
1-110	57-52-3
1-110	57057-50-8
1-110	57105-89-2
1-110	57547-75-8
1-110	57583-34-3
1-110	57583-35-4
1-110	5762-18-5
1-110	57654-67-8
1-110	57754-92-4
1-110	57808-37-4
1-110	57813-60-2
1-110	57813-62-4
1-110	57875-67-9
1-110	58098-20-7
1-110	58180-75-9
1-110	5827-56-5
1-110	5827-57-6
1-110	5827-58-7
1-110	5837-26-3
1-110	58392-08-8
1-110	58392-72-6
1-110	5847-48-3
1-110	5847-51-8
1-110	5847-52-9
1-110	5847-53-0
1-110	5847-54-1
1-110	5847-55-2
1-110	58636-10-5
1-110	5883-36-3
1-110	59020-10-9
1-110	59061-51-7
1-110	59118-76-2
1-110	59118-77-3
1-110	59118-79-5
1-110	59118-80-8
1-110	59118-81-9
1-110	59118-93-3
1-110	59118-99-9
1-110	59119-04-9
1-110	59138-44-2
1-110	59157-52-7
1-110	59185-95-4
1-110	5926-79-4
1-110	594-27-4
1-110	59452-78-7
1-110	595-90-4
1-110	59571-08-3
1-110	5967-09-9
1-110	597-64-8
1-110	59766-21-1
1-110	59849-87-5
1-110	59849-88-6
1-110	59948-27-5
1-110	59963-28-9
1-110	60083-70-7
1-110	60268-12-4
1-110	6031-41-0
1-110	60388-47-8
1-110	60494-17-9
1-110	60494-18-0
1-110	60494-19-1
1-110	6056-50-4
1-110	60585-20-8
1-110	60659-60-1
1-110	60659-61-2
1-110	60911-92-4
1-110	61057-41-8
1-110	61133-55-9
1-110	61241-05-2
1-110	61467-81-0
1-110	61470-33-5
1-110	61470-34-6
1-110	61599-28-8
1-110	61746-04-1
1-110	6180-99-0
1-110	61813-52-3
1-110	61912-55-8
1-110	61947-30-6
1-110	62044-47-7
1-110	6208-26-0
1-110	62149-82-0
1-110	62292-58-4
1-110	62312-12-3
1-110	62480-03-9
1-110	62765-61-1
1-110	62817-88-3
1-110	6288-34-2
1-110	63397-60-4
1-110	63438-80-2
1-110	638-39-1
1-110	6381-06-2
1-110	63869-87-4
1-110	639-58-7
1-110	63979-62-4
1-110	64011-39-8
1-110	64036-46-0
1-110	6452-61-5
1-110	6452-62-6
1-110	6454-35-9
1-110	64549-05-9
1-110	64685-79-6
1-110	64685-80-9
1-110	64926-50-7
1-110	6493-69-2
1-110	6517-25-5
1-110	65264-08-6
1-110	65264-09-7
1-110	65291-39-6
1-110	65301-38-4
1-110	65308-00-1
1-110	65540-76-3
1-110	65924-19-8
1-110	661-69-8
1-110	66161-18-0
1-110	66499-05-6
1-110	66603-07-4
1-110	66779-19-9
1-110	668-34-8
1-110	6688-50-2
1-110	66899-69-2
1-110	66899-70-5
1-110	67053-59-2
1-110	67053-64-9
1-110	67057-32-3
1-110	67057-34-5
1-110	673502-01-7
1-110	67361-76-6
1-110	67361-77-7
1-110	67410-20-2
1-110	67445-50-5
1-110	67649-65-4
1-110	67701-37-5
1-110	67704-30-7
1-110	67708-87-6
1-110	67772-01-4
1-110	67827-58-1
1-110	67827-59-2
1-110	67859-55-6
1-110	67859-59-0
1-110	67859-61-4
1-110	67859-62-5
1-110	67859-63-6
1-110	67859-64-7
1-110	67859-65-8
1-110	67874-41-3
1-110	67874-42-4
1-110	67874-45-7
1-110	67874-46-8
1-110	67874-47-9
1-110	67874-48-0
1-110	67874-49-1
1-110	67874-51-5
1-110	67874-54-8
1-110	67905-20-8
1-110	67905-21-9
1-110	67905-22-0
1-110	67907-14-6
1-110	67907-15-7
1-110	67924-24-7
1-110	67936-79-2
1-110	67939-23-5
1-110	67939-28-0
1-110	67939-64-4
1-110	681-99-2
1-110	68109-85-3
1-110	68109-86-4
1-110	68109-87-5
1-110	68109-88-6
1-110	68133-04-0
1-110	682-00-8
1-110	682-32-6
1-110	68201-92-3
1-110	6821-94-9
1-110	68239-46-3
1-110	68239-50-9
1-110	68298-36-2
1-110	68298-37-3
1-110	68298-38-4
1-110	68298-39-5
1-110	68298-40-8
1-110	68298-42-0
1-110	68298-43-1
1-110	68299-15-0
1-110	68299-23-0
1-110	683-18-1
1-110	68406-52-0
1-110	68412-36-2
1-110	68412-50-0
1-110	68420-14-4
1-110	68420-16-6
1-110	68441-20-3
1-110	68442-12-6
1-110	68460-05-9
1-110	68460-06-0
1-110	68478-76-2
1-110	68512-27-6
1-110	68538-86-3
1-110	68584-62-3
1-110	68584-66-7
1-110	68725-14-4
1-110	68725-15-5
1-110	68738-82-9
1-110	68785-38-6
1-110	68794-06-9
1-110	688-73-3
1-110	68921-71-1
1-110	68928-34-7
1-110	68928-37-0
1-110	68928-38-1
1-110	68928-39-2
1-110	68928-40-5
1-110	68928-41-6
1-110	68928-42-7
1-110	68928-44-9
1-110	68928-47-2
1-110	68928-48-3
1-110	68928-49-4
1-110	68928-50-7
1-110	68928-52-9
1-110	68928-76-7
1-110	68928-78-9
1-110	68937-12-2
1-110	68938-97-6
1-110	68955-07-7
1-110	68974-77-6
1-110	68988-11-4
1-110	68988-12-5
1-110	68988-58-9
1-110	68990-28-3
1-110	69039-26-5
1-110	69064-21-7
1-110	69226-43-3
1-110	69226-44-4
1-110	69226-45-5
1-110	69226-46-6
1-110	69226-47-7
1-110	69239-37-8
1-110	6931-76-6
1-110	695165-22-1
1-110	69536-57-8
1-110	69537-35-5
1-110	69799-37-7
1-110	69882-12-8
1-110	69898-18-6
1-110	6994-59-8
1-110	6995-92-2
1-110	70024-86-1
1-110	70103-43-4
1-110	70303-46-7
1-110	70303-47-8
1-110	70605-35-5
1-110	70620-28-9
1-110	7067-44-9
1-110	70729-71-4
1-110	70750-24-2
1-110	70892-97-6
1-110	70892-98-7
1-110	7094-94-2
1-110	70942-28-8
1-110	70942-29-9
1-110	70942-30-2
1-110	70942-31-3
1-110	70942-34-6
1-110	70942-35-7
1-110	70942-36-8
1-110	70942-46-0
1-110	70942-47-1
1-110	70969-63-0
1-110	70969-67-4
1-110	70969-68-5
1-110	70969-72-1
1-110	71010-86-1
1-110	71061-19-3
1-110	71092-26-7
1-110	71119-47-6
1-110	71119-48-7
1-110	7141-19-7
1-110	71510-19-5
1-110	71599-08-1
1-110	71631-13-5
1-110	71865-66-2
1-110	72231-02-8
1-110	7224-23-9
1-110	7224-27-3
1-110	72253-67-9
1-110	72259-65-5
1-110	72305-84-1
1-110	72480-35-4
1-110	73003-70-0
1-110	7304-48-5
1-110	7324-74-5
1-110	7324-77-8
1-110	73246-84-1
1-110	73246-85-2
1-110	7342-38-3
1-110	7342-39-4
1-110	7342-45-2
1-110	7342-47-4
1-110	7392-96-3
1-110	73926-90-6
1-110	73927-86-3
1-110	73927-87-4
1-110	73927-88-5
1-110	73927-89-6
1-110	73927-90-9
1-110	73927-91-0
1-110	73927-92-1
1-110	73927-93-2
1-110	73927-94-3
1-110	73927-95-4
1-110	73927-96-5
1-110	73927-97-6
1-110	73927-98-7
1-110	73927-99-8
1-110	73928-00-4
1-110	7393-43-3
1-110	73940-85-9
1-110	73940-86-0
1-110	73940-87-1
1-110	73940-88-2
1-110	73940-89-3
1-110	7399-02-2
1-110	74007-80-0
1-110	7414-81-5
1-110	74162-83-7
1-110	74177-50-7
1-110	7428-79-7
1-110	7437-35-6
1-110	74512-59-7
1-110	74563-66-9
1-110	74774-66-6
1-110	7486-35-3
1-110	74913-27-2
1-110	74913-29-4
1-110	74957-03-2
1-110	75030-30-7
1-110	75113-32-5
1-110	75113-33-6
1-110	75113-34-7
1-110	75113-35-8
1-110	75113-36-9
1-110	75113-37-0
1-110	75113-38-1
1-110	75113-40-5
1-110	75113-42-7
1-110	75113-43-8
1-110	75113-44-9
1-110	75139-28-5
1-110	75149-37-0
1-110	752-58-9
1-110	753-61-7
1-110	753-73-1
1-110	75319-87-8
1-110	7532-85-6
1-110	75457-52-2
1-110	7552-16-1
1-110	7552-19-4
1-110	7580-74-7
1-110	7580-76-9
1-110	76-63-1
1-110	76-87-9
1-110	761-44-4
1-110	76148-13-5
1-110	76162-34-0
1-110	7637-13-0
1-110	76461-84-2
1-110	76468-20-7
1-110	7653-28-3
1-110	7664-98-4
1-110	77-58-7
1-110	77-80-5
1-110	7774-76-7
1-110	77900-69-7
1-110	77928-59-7
1-110	78-04-6
1-110	78-06-8
1-110	78-20-6
1-110	78182-42-0
1-110	78370-01-1
1-110	78763-54-9
1-110	78899-76-0
1-110	78917-85-8
1-110	79330-84-0
1-110	79403-36-4
1-110	79494-57-8
1-110	79922-74-0
1-110	80233-79-0
1-110	8028-83-9
1-110	80497-89-8
1-110	81034-75-5
1-110	811-73-4
1-110	813-19-4
1-110	814-94-8
1-110	81489-56-7
1-110	815-85-0
1-110	81514-95-6
1-110	818-08-6
1-110	819-21-6
1-110	82364-22-5
1-110	82554-77-6
1-110	82963-02-8
1-110	83447-69-2
1-110	83500-88-3
1-110	83514-66-3
1-110	83833-21-0
1-110	83833-23-2
1-110	83833-24-3
1-110	83833-25-4
1-110	83833-26-5
1-110	83833-27-6
1-110	83833-28-7
1-110	83846-45-1
1-110	83898-44-6
1-110	83898-45-7
1-110	83898-46-8
1-110	83898-47-9
1-110	83898-48-0
1-110	83898-49-1
1-110	83898-50-4
1-110	83898-51-5
1-110	83898-52-6
1-110	83898-53-7
1-110	83898-54-8
1-110	83898-55-9
1-110	83898-56-0
1-110	83898-57-1
1-110	83898-58-2
1-110	83898-59-3
1-110	83898-60-6
1-110	84012-65-7
1-110	84012-66-8
1-110	84029-40-3
1-110	84029-62-9
1-110	84029-63-0
1-110	84029-64-1
1-110	84029-72-1
1-110	84029-73-2
1-110	84029-74-3
1-110	84029-75-4
1-110	84029-76-5
1-110	84029-77-6
1-110	84029-78-7
1-110	84029-79-8
1-110	84029-80-1
1-110	84029-81-2
1-110	84030-41-1
1-110	84030-42-2
1-110	84030-43-3
1-110	84030-44-4
1-110	84030-45-5
1-110	84030-46-6
1-110	84030-47-7
1-110	84030-61-5
1-110	84051-94-5
1-110	84145-12-0
1-110	84332-95-6
1-110	84332-96-7
1-110	84332-97-8
1-110	84332-98-9
1-110	84370-78-5
1-110	84668-41-7
1-110	84712-69-6
1-110	84712-70-9
1-110	84777-54-8
1-110	84787-73-5
1-110	84787-74-6
1-110	84787-79-1
1-110	84787-80-4
1-110	84788-16-9
1-110	84788-17-0
1-110	84803-43-0
1-110	84837-25-2
1-110	84864-54-0
1-110	84896-41-3
1-110	84896-44-6
1-110	84962-42-5
1-110	85290-45-5
1-110	85371-54-6
1-110	85391-79-3
1-110	85391-80-6
1-110	85391-81-7
1-110	85392-75-2
1-110	85392-76-3
1-110	85409-17-2
1-110	85424-96-0
1-110	85424-97-1
1-110	85566-78-5
1-110	85665-63-0
1-110	85702-55-2
1-110	85702-56-3
1-110	85702-57-4
1-110	85702-74-5
1-110	85702-75-6
1-110	85702-76-7
1-110	85702-77-8
1-110	85702-78-9
1-110	85702-85-8
1-110	85702-86-9
1-110	85702-87-0
1-110	85702-88-1
1-110	85873-44-5
1-110	85938-40-5
1-110	85938-41-6
1-110	85938-42-7
1-110	85938-43-8
1-110	85938-44-9
1-110	85938-45-0
1-110	85938-46-1
1-110	85938-47-2
1-110	85938-48-3
1-110	85938-49-4
1-110	85938-50-7
1-110	85938-51-8
1-110	85938-52-9
1-110	85938-53-0
1-110	85958-87-8
1-110	85959-77-9
1-110	86022-43-7
1-110	863987-21-7
1-110	863987-67-1
1-110	866-55-7
1-110	867-36-7
1-110	869-59-0
1-110	869901-24-6
1-110	870-08-6
1-110	87735-26-0
1-110	877610-76-9
1-110	88727-31-5
1-110	88727-33-7
1-110	892-20-6
1-110	894-09-7
1-110	89930-84-7
1-110	900-95-8
1-110	90127-45-0
1-110	90170-31-3
1-110	90170-33-5
1-110	90170-34-6
1-110	90170-35-7
1-110	90170-36-8
1-110	90170-37-9
1-110	90170-38-0
1-110	90170-39-1
1-110	90170-40-4
1-110	90264-80-5
1-110	90268-67-0
1-110	90268-72-7
1-110	90288-21-4
1-110	90342-41-9
1-110	90388-33-3
1-110	90459-98-6
1-110	90529-64-9
1-110	90529-85-4
1-110	90529-88-7
1-110	90552-58-2
1-110	90552-61-7
1-110	90552-62-8
1-110	90552-63-9
1-110	90552-64-0
1-110	90552-66-2
1-110	90552-67-3
1-110	90552-68-4
1-110	90552-69-5
1-110	90552-70-8
1-110	90552-71-9
1-110	90583-80-5
1-110	910-06-5
1-110	913382-76-0
1-110	91422-01-4
1-110	91648-37-2
1-110	91648-38-3
1-110	91648-39-4
1-110	91782-35-3
1-110	91782-47-7
1-110	91782-48-8
1-110	91782-92-2
1-110	919-28-8
1-110	92154-74-0
1-110	92502-48-2
1-110	92502-51-7
1-110	92502-58-4
1-110	934-56-5
1-110	93686-50-1
1-110	93686-51-2
1-110	93686-52-3
1-110	93686-53-4
1-110	93778-53-1
1-110	93805-32-4
1-110	93805-54-0
1-110	93819-95-5
1-110	93839-24-8
1-110	93840-03-0
1-110	93841-41-9
1-110	93841-42-0
1-110	93841-43-1
1-110	93857-17-1
1-110	93857-18-2
1-110	93893-96-0
1-110	93893-97-1
1-110	93893-98-2
1-110	93918-30-0
1-110	93918-33-3
1-110	93918-35-5
1-110	93918-37-7
1-110	93925-40-7
1-110	93925-41-8
1-110	93925-42-9
1-110	93925-43-0
1-110	93925-44-1
1-110	93925-45-2
1-110	93951-17-8
1-110	93951-53-2
1-110	93965-21-0
1-110	93965-22-1
1-110	93965-26-5
1-110	93965-27-6
1-110	93981-44-3
1-110	94021-54-2
1-110	94022-46-5
1-110	94023-65-1
1-110	94042-69-0
1-110	94095-56-4
1-110	94109-28-1
1-110	94109-31-6
1-110	94134-56-2
1-110	94237-39-5
1-110	94246-99-8
1-110	94275-72-6
1-110	94275-86-2
1-110	94279-11-5
1-110	94333-39-8
1-110	94349-25-4
1-110	94349-26-5
1-110	94349-27-6
1-110	94410-05-6
1-110	94442-03-2
1-110	94850-90-5
1-110	94857-33-7
1-110	94891-36-8
1-110	95873-60-2
1-110	962-89-0
1-110	96407-98-6
1-110	96407-99-7
1-110	96446-11-6
1-110	96521-04-9
1-110	96690-45-8
1-110	97102-86-8
1-110	97259-90-0
1-110	97280-80-3
1-110	97392-78-4
1-110	974-29-8
1-110	97922-83-3
1-110	98358-14-6
1-110	98966-48-4
1-110	993-16-8
1-110	993-50-0
1-110	993-74-8
1-110	994-31-0
1-110	994-32-1
1-110	994-71-8
1-110	994-99-0
1-110	996-08-7
1-110	996-37-2
1-110	997-50-2
1-110	99963-78-7
1-110	P-86-0623
1-110	RR-00042-0
1-110	RR-00134-3
1-110	RR-00399-6
1-110	RR-01198-3
1-110	RR-01199-4
1-110	RR-02528-5
1-110	RR-02529-6
1-110	RR-02530-9
1-110	RR-02531-0
1-110	RR-02532-1
1-110	RR-02533-2
1-110	RR-02534-3
1-110	RR-04205-7
1-110	RR-109331-8
1-110	RR-163140-9
1-110	RR-163141-0
1-110	RR-184837-9
1-110	RR-30319-5
1-110	RR-30320-8
1-110	RR-30404-1
1-110	RR-31161-5
1-110	RR-40755-6
1-110	RR-45114-9
1-110	RR-45115-0
1-110	RR-46564-5
1-110	RR-53985-5
1-110	RR-54373-7
1-110	RR-54374-8
1-110	RR-54380-6
1-110	RR-55197-3
1-110	RR-55544-2
1-110	RR-58136-2
1-110	RR-60258-4
1-110	RR-87847-7
1-111	100-42-5
1-111	1161074-30-1
1-111	1193-80-2
1-111	1198090-46-8
1-111	1453489-93-4
1-111	1646200-96-5
1-111	19361-62-7
1-111	2015955-51-6
1-111	2351150-23-5
1-111	2576469-81-1
1-111	2706608-32-2
1-111	3814-93-5
1-111	60052-92-8
1-111	79637-11-9
1-111	934-85-0
1-111	UN2055
1-112	10025-68-0
1-112	10026-03-6
1-112	10026-21-8
1-112	10026-23-0
1-112	10031-45-5
1-112	10039-31-3
1-112	100403-63-2
1-112	10060-09-0
1-112	10101-96-9
1-112	10101-99-2
1-112	10102-12-2
1-112	10102-18-8
1-112	10102-23-5
1-112	10112-94-4
1-112	101357-00-0
1-112	101357-01-1
1-112	101357-02-2
1-112	101357-03-3
1-112	101357-04-4
1-112	10161-84-9
1-112	101672-11-1
1-112	102110-61-2
1-112	10214-40-1
1-112	10236-58-5
1-112	10294-32-3
1-112	10326-29-1
1-112	1034144-42-7
1-112	10431-47-7
1-112	10486-58-5
1-112	1049-38-3
1-112	10504-99-1
1-112	105257-50-9
1-112	106097-46-5
1-112	106804-81-3
1-112	107068-76-8
1-112	108424-99-3
1-112	108425-00-9
1-112	108919-61-5
1-112	108919-62-6
1-112	108919-63-7
1-112	108919-64-8
1-112	1092379-04-8
1-112	109339-79-9
1-112	109339-80-2
1-112	110620-89-8
1-112	110720-61-1
1-112	110781-18-5
1-112	110781-19-6
1-112	110987-60-5
1-112	11112-63-3
1-112	11115-99-4
1-112	11125-23-8
1-112	11133-88-3
1-112	111369-71-2
1-112	111369-72-3
1-112	11140-60-6
1-112	11140-61-7
1-112	111568-26-4
1-112	112073-63-9
1-112	112099-83-9
1-112	112131-82-5
1-112	112131-87-0
1-112	112285-95-7
1-112	1123-91-7
1-112	112965-42-1
1-112	1132-39-4
1-112	113228-99-2
1-112	113229-01-9
1-112	113329-64-9
1-112	113553-55-2
1-112	115233-24-4
1-112	115493-57-7
1-112	116065-96-4
1-112	116099-09-3
1-112	116473-38-2
1-112	116812-56-7
1-112	117449-21-5
1-112	117449-22-6
1-112	118340-36-6
1-112	118478-84-5
1-112	1187-56-0
1-112	1189246-68-1
1-112	1195144-19-4
1-112	12002-67-4
1-112	12002-86-7
1-112	12006-05-2
1-112	12006-06-3
1-112	12014-94-7
1-112	120148-08-5
1-112	120149-75-9
1-112	120149-76-0
1-112	12018-83-6
1-112	12018-95-0
1-112	12020-04-1
1-112	12020-38-1
1-112	12020-66-5
1-112	12022-94-5
1-112	12024-11-2
1-112	12024-24-7
1-112	12024-90-7
1-112	12029-87-7
1-112	12031-51-5
1-112	12033-59-9
1-112	12034-77-4
1-112	12035-33-5
1-112	12036-87-2
1-112	12038-08-3
1-112	12038-64-1
1-112	12039-21-3
1-112	12039-51-9
1-112	12039-52-0
1-112	12039-53-1
1-112	12039-54-2
1-112	12039-55-3
1-112	12044-31-4
1-112	12044-57-4
1-112	12053-13-3
1-112	12054-10-3
1-112	12056-07-4
1-112	12058-18-3
1-112	12063-28-4
1-112	12063-40-0
1-112	12065-10-0
1-112	12065-11-1
1-112	12067-45-7
1-112	12067-46-8
1-112	12068-69-8
1-112	12068-80-3
1-112	12069-00-0
1-112	12136-60-6
1-112	12137-13-2
1-112	12137-76-7
1-112	12138-21-5
1-112	1214720-55-4
1-112	12162-21-9
1-112	12162-60-6
1-112	12163-21-2
1-112	12164-90-8
1-112	12166-43-7
1-112	12166-47-1
1-112	12179-01-0
1-112	121949-12-0
1-112	12201-85-3
1-112	1220118-41-1
1-112	12213-70-6
1-112	12214-12-9
1-112	122163-00-2
1-112	1221821-47-1
1-112	12232-25-6
1-112	122572-70-7
1-112	122572-71-8
1-112	12268-66-5
1-112	12299-33-1
1-112	12299-34-2
1-112	12299-35-3
1-112	12299-38-6
1-112	12299-42-2
1-112	12299-43-3
1-112	12299-46-6
1-112	12299-48-8
1-112	12299-49-9
1-112	12299-51-3
1-112	12299-98-8
1-112	123517-16-8
1-112	123517-41-9
1-112	12397-00-1
1-112	12397-16-9
1-112	12400-33-8
1-112	124205-86-3
1-112	12534-09-7
1-112	1253906-76-1
1-112	125694-36-2
1-112	1258273-87-8
1-112	12626-31-2
1-112	12626-36-7
1-112	12640-29-8
1-112	12640-30-1
1-112	12640-89-0
1-112	12641-96-2
1-112	126424-27-9
1-112	126424-28-0
1-112	126424-29-1
1-112	126424-30-4
1-112	126424-31-5
1-112	126424-32-6
1-112	126424-33-7
1-112	12656-50-7
1-112	12656-57-4
1-112	126999-21-1
1-112	127242-58-4
1-112	127276-99-7
1-112	127277-00-3
1-112	127277-01-4
1-112	127277-02-5
1-112	127277-03-6
1-112	12733-65-2
1-112	127764-45-8
1-112	128714-96-5
1-112	128715-78-6
1-112	129618-34-4
1-112	130110-53-1
1-112	130110-54-2
1-112	130176-30-6
1-112	130176-31-7
1-112	130176-32-8
1-112	130176-33-9
1-112	1302-09-6
1-112	1302-82-5
1-112	1303-36-2
1-112	1303-37-3
1-112	1303-62-4
1-112	1304-39-8
1-112	1305-84-6
1-112	1306-24-7
1-112	1307-99-9
1-112	1308-79-8
1-112	130930-70-0
1-112	130930-71-1
1-112	130930-72-2
1-112	130930-73-3
1-112	130930-74-4
1-112	130930-75-5
1-112	130930-76-6
1-112	130930-77-7
1-112	130989-19-4
1-112	1310-32-3
1-112	131063-24-6
1-112	131098-48-1
1-112	1312-74-9
1-112	1313-04-8
1-112	1313-22-0
1-112	1313-85-5
1-112	1314-05-2
1-112	1314-86-9
1-112	1315-05-5
1-112	1315-06-6
1-112	1315-07-7
1-112	1315-08-8
1-112	1315-09-9
1-112	131599-73-0
1-112	131599-74-1
1-112	131599-76-3
1-112	1317-41-5
1-112	132851-72-0
1-112	133333-94-5
1-112	133333-95-6
1-112	133333-96-7
1-112	133334-06-2
1-112	133334-07-3
1-112	133630-12-3
1-112	133631-64-8
1-112	133927-17-0
1-112	13410-01-0
1-112	13446-28-1
1-112	1345-10-4
1-112	13465-62-8
1-112	13465-66-2
1-112	134775-50-1
1-112	1357629-22-1
1-112	135954-00-6
1-112	13597-46-1
1-112	13597-54-1
1-112	136-92-5
1-112	136543-49-2
1-112	136543-50-5
1-112	136543-51-6
1-112	136849-35-9
1-112	1369526-72-6
1-112	13718-59-7
1-112	13768-86-0
1-112	13780-18-2
1-112	13814-59-0
1-112	13814-62-5
1-112	14013-56-0
1-112	14019-91-1
1-112	14124-68-6
1-112	141676-86-0
1-112	14265-71-5
1-112	1436428-29-3
1-112	144-34-3
1-112	144507-49-3
1-112	14459-36-0
1-112	1449-68-9
1-112	144972-86-1
1-112	14590-19-3
1-112	14590-38-6
1-112	1462878-70-1
1-112	1464-42-2
1-112	1464-43-3
1-112	14687-60-6
1-112	146922-05-6
1-112	14696-77-6
1-112	1482-82-2
1-112	14832-90-7
1-112	14902-95-5
1-112	14984-81-7
1-112	14986-53-9
1-112	14986-91-5
1-112	15025-89-5
1-112	1504562-52-0
1-112	15060-62-5
1-112	15123-69-0
1-112	15123-92-9
1-112	15123-97-4
1-112	15168-20-4
1-112	1520097-13-5
1-112	15267-04-6
1-112	15422-57-8
1-112	15422-58-9
1-112	15457-71-3
1-112	15457-72-4
1-112	15498-87-0
1-112	15572-25-5
1-112	15586-47-7
1-112	15593-51-8
1-112	15593-52-9
1-112	15593-61-0
1-112	15615-72-2
1-112	15702-34-8
1-112	15758-45-9
1-112	15855-80-8
1-112	1603-84-5
1-112	1605283-50-8
1-112	16142-89-5
1-112	1623456-05-2
1-112	1627498-60-5
1-112	1645316-98-8
1-112	1666-13-3
1-112	174817-89-1
1-112	17508-29-1
1-112	1755-36-8
1-112	17587-38-1
1-112	17587-39-2
1-112	17587-42-7
1-112	17697-12-0
1-112	1773514-66-1
1-112	1773514-92-3
1-112	1776097-03-0
1-112	17852-69-6
1-112	17893-55-9
1-112	1799735-35-5
1-112	18312-66-8
1-112	1879054-37-1
1-112	1898210-10-0
1-112	18987-38-7
1-112	19188-18-2
1-112	1926976-90-0
1-112	19632-73-6
1-112	19869-93-3
1-112	20333-40-8
1-112	20405-64-5
1-112	20541-49-5
1-112	20601-83-6
1-112	20612-73-1
1-112	2068005-39-8
1-112	20819-54-9
1-112	2087110-63-0
1-112	20960-77-4
1-112	21198-79-8
1-112	21559-14-8
1-112	2179-79-5
1-112	2196169-62-5
1-112	2222122-62-3
1-112	22262-18-6
1-112	22541-55-5
1-112	22626-92-2
1-112	22739-14-6
1-112	2412416-26-1
1-112	2414965-66-3
1-112	2424-09-1
1-112	24493-83-2
1-112	24493-84-3
1-112	24495-43-0
1-112	24495-59-8
1-112	24687-31-8
1-112	24687-35-2
1-112	247177-47-5
1-112	2490500-45-1
1-112	25425-97-2
1-112	25468-09-1
1-112	2574-71-2
1-112	2578-27-0
1-112	2578-28-1
1-112	25930-79-4
1-112	26046-90-2
1-112	2626-34-8
1-112	26271-85-2
1-112	264921-16-6
1-112	2697-61-2
1-112	26970-82-1
1-112	272-30-0
1-112	27218-12-8
1-112	2724228-22-0
1-112	273-15-4
1-112	2749963-13-9
1-112	2777-58-4
1-112	2786-43-8
1-112	28041-84-1
1-112	2818-88-4
1-112	2818-89-5
1-112	2870-37-3
1-112	2870-38-4
1-112	288-05-1
1-112	2897-21-4
1-112	29411-74-3
1-112	2946-15-8
1-112	2946-17-0
1-112	2946-20-5
1-112	29528-97-0
1-112	29621-88-3
1-112	29680-54-4
1-112	2996841-70-2
1-112	309242-70-4
1-112	309242-71-5
1-112	31052-43-4
1-112	31052-46-7
1-112	3211-76-5
1-112	32835-25-9
1-112	32835-32-8
1-112	33144-86-4
1-112	33609-19-7
1-112	3425-46-5
1-112	34276-89-6
1-112	34837-55-3
1-112	35350-43-7
1-112	3542-13-0
1-112	35498-95-4
1-112	35507-35-8
1-112	36297-89-9
1-112	37256-15-8
1-112	37256-16-9
1-112	37256-19-2
1-112	37258-85-8
1-112	37276-15-6
1-112	37280-17-4
1-112	37359-15-2
1-112	37368-02-8
1-112	37773-02-7
1-112	378784-17-9
1-112	378784-19-1
1-112	38344-58-0
1-112	38650-20-3
1-112	3878-44-2
1-112	38942-59-5
1-112	39254-48-3
1-112	39290-81-8
1-112	39354-17-1
1-112	39356-63-3
1-112	39399-60-5
1-112	39404-76-7
1-112	39712-38-4
1-112	39981-05-0
1-112	40093-99-0
1-112	40278-95-3
1-112	41262-21-9
1-112	41292-06-2
1-112	42423-89-2
1-112	42905-02-2
1-112	4671-93-6
1-112	4730-83-0
1-112	50378-83-1
1-112	506-80-9
1-112	50647-14-8
1-112	50829-23-7
1-112	50926-12-0
1-112	50954-17-1
1-112	5117-16-8
1-112	5117-17-9
1-112	51593-99-8
1-112	51682-05-4
1-112	51682-74-7
1-112	51682-77-0
1-112	51694-22-5
1-112	51799-69-0
1-112	51882-60-1
1-112	52126-83-7
1-112	52513-84-5
1-112	52685-95-7
1-112	5270-30-4
1-112	53800-83-2
1-112	53808-74-5
1-112	53808-76-7
1-112	5456-28-0
1-112	55259-49-9
1-112	5533-46-0
1-112	55425-27-9
1-112	55509-78-9
1-112	55811-25-1
1-112	56051-04-8
1-112	56051-08-2
1-112	56093-45-9
1-112	56253-60-2
1-112	5707-04-0
1-112	57478-60-1
1-112	57673-50-4
1-112	57897-99-1
1-112	58127-88-1
1-112	5819-01-2
1-112	58339-34-7
1-112	593-79-3
1-112	59544-89-7
1-112	59918-84-2
1-112	60763-24-8
1-112	60860-63-1
1-112	60940-34-3
1-112	62042-25-5
1-112	62524-93-0
1-112	62559-75-5
1-112	627-53-2
1-112	628-39-7
1-112	62930-81-8
1-112	630-10-4
1-112	63090-47-1
1-112	63149-25-7
1-112	63795-61-9
1-112	63815-64-5
1-112	63815-75-8
1-112	63815-76-9
1-112	63815-80-5
1-112	63815-98-5
1-112	63816-07-9
1-112	63816-14-8
1-112	63816-15-9
1-112	63816-16-0
1-112	63816-17-1
1-112	63870-44-0
1-112	63870-48-4
1-112	63906-49-0
1-112	63906-50-3
1-112	63907-45-9
1-112	63981-20-4
1-112	63981-21-5
1-112	63990-56-7
1-112	64046-00-0
1-112	64046-56-6
1-112	64050-25-5
1-112	645-96-5
1-112	6486-05-1
1-112	65027-50-1
1-112	6512-83-0
1-112	65294-08-8
1-112	6547-08-6
1-112	6596-50-5
1-112	66142-22-1
1-112	66375-26-6
1-112	66455-76-3
1-112	66472-85-3
1-112	66590-78-1
1-112	66732-34-1
1-112	67014-91-9
1-112	67465-26-3
1-112	67711-96-0
1-112	67711-97-1
1-112	67711-98-2
1-112	67711-99-3
1-112	67712-00-9
1-112	67800-88-8
1-112	6810-64-6
1-112	68413-87-6
1-112	68443-89-0
1-112	68516-47-2
1-112	68541-88-8
1-112	68555-40-8
1-112	68758-81-6
1-112	69029-55-6
1-112	69029-88-5
1-112	6918-51-0
1-112	695161-38-7
1-112	6996-92-5
1-112	70134-26-8
1-112	70679-43-5
1-112	70714-63-5
1-112	70867-60-6
1-112	70942-37-9
1-112	7101-31-7
1-112	71098-88-9
1-112	71243-75-9
1-112	72443-10-8
1-112	72473-22-4
1-112	72491-44-2
1-112	72828-62-7
1-112	72924-94-8
1-112	7310-87-4
1-112	73506-32-8
1-112	73508-21-1
1-112	7361-89-9
1-112	7370-58-3
1-112	74037-18-6
1-112	7446-08-4
1-112	7446-15-3
1-112	7446-17-5
1-112	7446-21-1
1-112	7446-22-2
1-112	7446-24-4
1-112	7446-34-6
1-112	74749-97-6
1-112	7488-51-9
1-112	7488-56-4
1-112	75926-20-4
1-112	75926-21-5
1-112	75926-22-6
1-112	75926-26-0
1-112	75926-27-1
1-112	75926-28-2
1-112	75926-29-3
1-112	75926-30-6
1-112	75935-37-4
1-112	76213-48-4
1-112	76371-73-8
1-112	7698-91-1
1-112	7722-06-7
1-112	7782-49-2
1-112	7782-70-9
1-112	7782-82-3
1-112	7783-00-8
1-112	7783-07-5
1-112	7783-08-6
1-112	7783-19-9
1-112	7783-21-3
1-112	7783-43-9
1-112	7783-79-1
1-112	7784-05-6
1-112	7784-07-8
1-112	7787-41-9
1-112	7788-94-5
1-112	7789-51-7
1-112	7789-52-8
1-112	7789-65-3
1-112	7790-59-2
1-112	7790-71-8
1-112	7790-74-1
1-112	7791-23-3
1-112	83143-69-5
1-112	83783-61-3
1-112	84255-09-4
1-112	845890-99-5
1-112	85050-02-8
1-112	85050-03-9
1-112	85539-83-9
1-112	856616-83-6
1-112	860308-46-9
1-112	860592-69-4
1-112	873660-49-2
1-112	87612-48-4
1-112	877454-24-5
1-112	879546-05-1
1-112	88608-76-8
1-112	89703-05-9
1-112	90218-42-1
1-112	90466-79-8
1-112	909-64-8
1-112	920-25-2
1-112	92062-13-0
1-112	92128-37-5
1-112	92484-66-7
1-112	93838-99-4
1-112	93839-00-0
1-112	93857-70-6
1-112	93857-89-7
1-112	93964-28-4
1-112	94158-30-2
1-112	94166-38-8
1-112	94166-40-2
1-112	94213-13-5
1-112	957799-13-2
1-112	95788-45-7
1-112	97507-71-6
1-112	98191-69-6
1-112	988-93-2
1-112	99646-59-0
1-112	99646-60-3
1-112	99646-61-4
1-112	99646-62-5
1-112	99646-63-6
1-112	99646-64-7
1-112	99646-65-8
1-112	99646-69-2
1-112	99811-54-8
1-112	P-15-0059
1-112	RR-00485-3
1-112	RR-00612-2
1-112	RR-01919-2
1-112	RR-04026-6
1-112	RR-04552-3
1-112	RR-14741-1
1-112	RR-14872-1
1-112	RR-34608-7
1-112	RR-34653-2
1-112	RR-35224-9
1-112	RR-35401-8
1-112	RR-35957-9
1-112	RR-36767-9
1-112	RR-37334-2
1-112	RR-37537-1
1-112	RR-38927-5
1-112	RR-42178-3
1-112	RR-42851-3
1-112	RR-43729-6
1-112	RR-43833-5
1-112	RR-45490-0
1-112	RR-46259-9
1-112	RR-46260-2
1-112	RR-46261-3
1-112	RR-56256-1
1-112	UN1905
1-112	UN2194
1-112	UN2202
1-112	UN2630
1-112	UN2657
1-112	UN2879
1-114	1003-05-0
1-114	10031-59-1
1-114	100737-33-5
1-114	10102-45-1
1-114	10158-43-7
1-114	106070-32-0
1-114	106210-01-9
1-114	106210-02-0
1-114	11086-18-3
1-114	11089-41-1
1-114	113835-49-7
1-114	115866-07-4
1-114	12006-09-6
1-114	12026-06-1
1-114	12033-67-9
1-114	12039-17-7
1-114	12039-52-0
1-114	12040-12-9
1-114	12040-13-0
1-114	12040-16-3
1-114	12048-36-1
1-114	12071-76-0
1-114	123038-26-6
1-114	12330-85-7
1-114	123565-63-9
1-114	12396-77-9
1-114	12507-30-1
1-114	12507-33-4
1-114	12556-14-8
1-114	12651-21-7
1-114	1271-00-7
1-114	1310-83-4
1-114	1314-12-1
1-114	1314-32-5
1-114	1314-97-2
1-114	1315-08-8
1-114	131974-78-2
1-114	134030-71-0
1-114	13453-30-0
1-114	13453-32-2
1-114	13453-33-3
1-114	13453-34-4
1-114	13453-35-5
1-114	13453-37-7
1-114	13453-38-8
1-114	13453-40-2
1-114	13453-41-3
1-114	13453-45-7
1-114	13453-46-8
1-114	13473-75-1
1-114	13477-85-5
1-114	136048-66-3
1-114	13701-90-1
1-114	13746-98-0
1-114	138072-88-5
1-114	13825-85-9
1-114	13826-63-6
1-114	13847-66-0
1-114	13901-25-2
1-114	13968-51-9
1-114	14012-92-1
1-114	14013-75-3
1-114	14107-52-9
1-114	14219-90-0
1-114	14324-88-0
1-114	14550-84-6
1-114	14767-09-0
1-114	14896-54-9
1-114	15060-42-1
1-114	15064-65-0
1-114	15064-66-1
1-114	15123-92-9
1-114	15350-61-5
1-114	15377-79-4
1-114	15444-43-6
1-114	15572-25-5
1-114	15596-83-5
1-114	15634-23-8
1-114	15634-29-4
1-114	15671-21-3
1-114	15720-55-5
1-114	15720-57-7
1-114	15743-50-7
1-114	15843-14-8
1-114	16142-89-5
1-114	16222-66-5
1-114	16901-76-1
1-114	17026-06-1
1-114	18235-46-6
1-114	18277-70-8
1-114	18756-72-4
1-114	193561-54-5
1-114	19859-84-8
1-114	20398-06-5
1-114	20712-47-4
1-114	207738-09-8
1-114	20908-85-4
1-114	20991-79-1
1-114	21707-27-7
1-114	22392-07-0
1-114	22537-56-0
1-114	23100-81-4
1-114	23331-03-5
1-114	23586-53-0
1-114	23586-55-2
1-114	24093-49-0
1-114	25369-72-6
1-114	25491-50-3
1-114	2570-63-0
1-114	25822-21-3
1-114	25955-51-5
1-114	26257-16-9
1-114	26683-69-2
1-114	2757-18-8
1-114	27576-88-1
1-114	27685-40-1
1-114	28038-27-9
1-114	28038-29-1
1-114	28038-30-4
1-114	28625-02-7
1-114	29095-38-3
1-114	2923-19-5
1-114	29809-42-5
1-114	3003-15-4
1-114	30737-24-7
1-114	31293-42-2
1-114	32707-02-1
1-114	32777-32-5
1-114	34156-26-8
1-114	34521-47-6
1-114	34822-90-7
1-114	348626-82-4
1-114	3535-84-0
1-114	3671-95-2
1-114	37333-30-5
1-114	37475-01-7
1-114	37667-57-5
1-114	37667-58-6
1-114	378784-59-9
1-114	378784-61-3
1-114	39262-04-9
1-114	40898-91-7
1-114	41487-19-8
1-114	41851-51-8
1-114	50375-48-9
1-114	51833-34-2
1-114	51912-10-8
1-114	52238-56-9
1-114	53847-48-6
1-114	54412-40-7
1-114	56078-19-4
1-114	563-68-8
1-114	57017-94-4
1-114	57232-83-4
1-114	58806-19-2
1-114	60163-72-6
1-114	60488-29-1
1-114	60969-19-9
1-114	61971-47-9
1-114	62140-21-0
1-114	623903-27-5
1-114	62463-08-5
1-114	62811-75-0
1-114	63338-74-9
1-114	63905-90-8
1-114	63906-56-9
1-114	63980-13-2
1-114	6533-73-9
1-114	67292-57-3
1-114	67523-25-5
1-114	67657-12-9
1-114	69029-78-3
1-114	69029-81-8
1-114	69029-90-9
1-114	69029-95-4
1-114	69029-96-5
1-114	71383-94-3
1-114	71929-23-2
1-114	73491-36-8
1-114	7440-28-0
1-114	7446-18-6
1-114	7446-22-2
1-114	74637-34-6
1-114	76971-94-3
1-114	7783-57-5
1-114	7789-27-7
1-114	7789-40-4
1-114	7790-30-9
1-114	7791-12-0
1-114	77932-98-0
1-114	80057-39-2
1-114	82391-14-8
1-114	82870-81-3
1-114	84057-85-2
1-114	85117-20-0
1-114	87993-82-6
1-114	91053-46-2
1-114	91053-47-3
1-114	92257-11-9
1-114	94022-47-6
1-114	992-98-3
1-114	RR-00048-6
1-114	RR-00575-4
1-114	RR-13660-7
1-114	UN1707
1-114	UN2573
1-114	UN2727
1-115	1032826-45-1
1-115	62-56-6
1-116	108-98-5
1-116	UN2337
1-117	27936-40-9
1-117	30583-38-1
1-117	333-41-5
1-117	65863-03-8
1-118	122-14-5
1-118	12764-87-3
1-118	54182-70-6
1-118	94650-98-3
1-119	109945-70-2
1-119	1163-19-5
1-119	1201677-32-8
1-119	145538-74-5
1-120	100-97-0
1-120	11103-67-6
1-120	1556839-80-5
1-120	15978-33-3
1-120	56549-34-9
1-120	74734-16-0
1-120	91773-48-7
1-120	UN1328
1-121	33685-54-0
1-121	79-34-5
1-121	UN1702
1-123	118-75-2
1-123	142655-99-0
1-123	856302-53-9
1-124	1014107-91-5
1-124	101466-43-7
1-124	1027622-42-9
1-124	106043-39-4
1-124	107845-04-5
1-124	110617-56-6
1-124	11070-44-3
1-124	111366-44-0
1-124	118772-35-3
1-124	126968-21-6
1-124	1291057-60-7
1-124	1383442-73-6
1-124	162355-24-0
1-124	162774-69-8
1-124	1694-82-2
1-124	19438-59-6
1-124	19438-63-2
1-124	19438-64-3
1-124	243130-22-5
1-124	26590-20-5
1-124	34090-76-1
1-124	3425-89-6
1-124	35438-81-4
1-124	38497-16-4
1-124	39363-65-0
1-124	39475-52-0
1-124	42498-58-8
1-124	5333-84-6
1-124	74318-12-0
1-124	78214-29-6
1-124	79217-82-6
1-124	83712-43-0
1-124	851379-03-8
1-124	923924-50-9
1-125	1135443-08-1
1-125	12680-07-8
1-125	12680-62-5
1-125	137-26-8
1-125	200889-05-0
1-125	39456-80-9
1-125	56645-31-9
1-125	66173-72-6
1-125	92481-09-9
1-125	93196-73-7
1-126	100-21-0
1-126	211863-90-0
1-126	211863-92-2
1-127	120-61-6
1-127	202644-54-0
1-127	63143-14-6
1-128	100021-78-1
1-128	100063-55-6
1-128	100208-79-5
1-128	100231-69-4
1-128	100231-70-7
1-128	10027-30-2
1-128	10027-32-4
1-128	10031-43-3
1-128	10031-45-5
1-128	10031-47-7
1-128	10031-48-8
1-128	100403-36-9
1-128	100403-50-7
1-128	100403-57-4
1-128	100545-46-8
1-128	10060-13-6
1-128	100656-53-9
1-128	100656-54-0
1-128	1007578-75-7
1-128	10085-76-4
1-128	10102-90-6
1-128	10103-48-7
1-128	101033-43-6
1-128	10124-44-4
1-128	10125-13-0
1-128	10127-06-7
1-128	101356-96-1
1-128	101377-53-1
1-128	101408-30-4
1-128	101519-50-0
1-128	101540-04-9
1-128	101540-06-1
1-128	101540-07-2
1-128	101678-62-0
1-128	101702-28-7
1-128	102110-42-9
1-128	102110-49-6
1-128	10214-40-1
1-128	102242-87-5
1-128	102262-21-5
1-128	102262-23-7
1-128	102262-31-7
1-128	102262-32-8
1-128	102262-33-9
1-128	102340-17-0
1-128	102424-25-9
1-128	10248-55-2
1-128	102561-74-0
1-128	10257-54-2
1-128	1026175-06-3
1-128	102682-87-1
1-128	10279-43-3
1-128	10294-46-9
1-128	10300-74-0
1-128	103170-25-8
1-128	103192-59-2
1-128	103192-60-5
1-128	103192-62-7
1-128	10327-05-6
1-128	103332-04-3
1-128	103443-42-1
1-128	103443-43-2
1-128	10345-26-3
1-128	103458-49-7
1-128	103458-50-0
1-128	103458-51-1
1-128	103458-52-2
1-128	103458-53-3
1-128	103479-10-3
1-128	103530-80-9
1-128	103534-14-1
1-128	103570-41-8
1-128	1036286-41-5
1-128	103650-96-0
1-128	103650-97-1
1-128	103650-98-2
1-128	103694-84-4
1-128	10378-29-7
1-128	10380-28-6
1-128	10380-29-7
1-128	103818-83-3
1-128	10401-50-0
1-128	10402-15-0
1-128	10402-16-1
1-128	104026-44-0
1-128	104466-03-7
1-128	104492-02-6
1-128	104719-58-6
1-128	10482-39-0
1-128	104921-99-5
1-128	105041-78-9
1-128	105302-42-9
1-128	10534-87-9
1-128	1056464-08-4
1-128	105803-01-8
1-128	105883-51-0
1-128	1062580-12-4
1-128	106404-06-2
1-128	106804-12-0
1-128	1071838-81-7
1-128	107566-93-8
1-128	1078726-27-8
1-128	1078726-28-9
1-128	1079350-81-4
1-128	1079440-35-9
1-128	108137-02-6
1-128	1082606-32-3
1-128	108300-90-9
1-128	108347-99-5
1-128	108374-34-1
1-128	108513-89-9
1-128	109037-79-8
1-128	109184-18-1
1-128	1092077-72-9
1-128	109319-61-1
1-128	109675-77-6
1-128	109766-95-2
1-128	109851-29-8
1-128	11006-34-1
1-128	11065-66-0
1-128	11075-32-4
1-128	11078-26-5
1-128	110799-38-7
1-128	110827-72-0
1-128	110827-73-1
1-128	11091-65-9
1-128	11097-56-6
1-128	1111-67-7
1-128	11113-59-0
1-128	11114-42-4
1-128	11115-78-9
1-128	11118-59-5
1-128	11121-95-2
1-128	111211-36-0
1-128	111239-50-0
1-128	11129-27-4
1-128	11129-83-2
1-128	11129-84-3
1-128	1117-94-8
1-128	111719-81-4
1-128	111719-82-5
1-128	111907-01-8
1-128	111977-80-1
1-128	111977-81-2
1-128	1120-44-1
1-128	112764-77-9
1-128	1135443-52-5
1-128	1135443-53-6
1-128	1135443-76-3
1-128	113573-08-3
1-128	113894-87-4
1-128	1140527-05-4
1-128	114060-59-2
1-128	114535-79-4
1-128	114553-49-0
1-128	115284-42-9
1-128	115487-36-0
1-128	115535-39-2
1-128	115866-07-4
1-128	116107-50-7
1-128	116912-62-0
1-128	1169940-97-9
1-128	117127-26-1
1-128	117697-22-0
1-128	118-20-7
1-128	118202-86-1
1-128	118244-01-2
1-128	118392-20-4
1-128	1184-54-9
1-128	1184-64-1
1-128	118632-35-2
1-128	118669-33-3
1-128	118685-20-4
1-128	118685-21-5
1-128	118716-59-9
1-128	118800-27-4
1-128	118805-49-5
1-128	119131-62-3
1-128	1192-40-1
1-128	1192872-61-9
1-128	119636-57-6
1-128	12002-03-8
1-128	12004-15-8
1-128	1200437-05-3
1-128	12005-75-3
1-128	12006-17-6
1-128	12013-15-9
1-128	12018-79-0
1-128	12018-83-6
1-128	12018-94-9
1-128	12018-95-0
1-128	12018-96-1
1-128	12019-06-6
1-128	12019-08-8
1-128	12019-11-3
1-128	12019-23-7
1-128	12019-27-1
1-128	12019-52-2
1-128	12019-57-7
1-128	12019-69-1
1-128	12042-92-1
1-128	1205098-34-5
1-128	12053-18-8
1-128	12054-07-8
1-128	12054-21-6
1-128	12054-25-0
1-128	12054-29-4
1-128	12062-24-7
1-128	12069-69-1
1-128	12070-39-2
1-128	120883-69-4
1-128	121029-09-2
1-128	121176-52-1
1-128	12125-21-2
1-128	12132-93-3
1-128	12134-35-9
1-128	12134-37-1
1-128	12134-40-6
1-128	12158-74-6
1-128	12158-75-7
1-128	12158-96-2
1-128	12159-07-8
1-128	12167-76-9
1-128	12168-20-6
1-128	12169-66-3
1-128	12189-76-3
1-128	12191-17-2
1-128	1219596-32-3
1-128	1221821-47-1
1-128	12219-50-0
1-128	12220-45-0
1-128	12222-00-3
1-128	12222-02-5
1-128	12222-04-7
1-128	12224-94-1
1-128	12224-95-2
1-128	12224-96-3
1-128	12225-36-4
1-128	12225-39-7
1-128	12226-06-1
1-128	12226-38-9
1-128	12226-75-4
1-128	122284-73-5
1-128	12236-60-1
1-128	12237-59-1
1-128	12237-62-6
1-128	12237-63-7
1-128	12238-09-4
1-128	12239-87-1
1-128	12240-11-8
1-128	12249-45-5
1-128	12250-93-0
1-128	12258-96-7
1-128	12262-29-2
1-128	12262-33-8
1-128	12276-01-6
1-128	12285-50-6
1-128	12310-22-4
1-128	1235343-10-8
1-128	123550-50-5
1-128	123550-51-6
1-128	12356-86-4
1-128	123571-07-3
1-128	12366-05-1
1-128	12366-06-2
1-128	123754-25-6
1-128	12400-75-8
1-128	124222-15-7
1-128	124222-16-8
1-128	124222-17-9
1-128	124222-18-0
1-128	124316-01-4
1-128	12433-90-8
1-128	12444-49-4
1-128	124594-13-4
1-128	1246457-56-6
1-128	1246457-57-7
1-128	124719-24-0
1-128	1247867-76-0
1-128	12517-41-8
1-128	12527-63-8
1-128	12527-72-9
1-128	125302-01-4
1-128	125329-08-0
1-128	125352-04-7
1-128	125352-10-5
1-128	125390-11-6
1-128	12540-13-5
1-128	1254333-41-9
1-128	1254513-17-1
1-128	12558-58-6
1-128	1256282-29-7
1-128	125845-24-1
1-128	12597-70-5
1-128	12597-71-6
1-128	12619-69-1
1-128	12622-74-1
1-128	12633-95-3
1-128	12643-19-5
1-128	126637-70-5
1-128	126637-71-6
1-128	12674-28-1
1-128	127274-53-7
1-128	127279-03-2
1-128	12737-44-9
1-128	127542-87-4
1-128	127546-06-9
1-128	12767-67-8
1-128	127672-86-0
1-128	12769-07-2
1-128	12769-08-3
1-128	12770-96-6
1-128	127795-52-2
1-128	127814-43-1
1-128	127822-02-0
1-128	12795-09-4
1-128	128116-15-4
1-128	128281-89-0
1-128	128691-57-6
1-128	128763-07-5
1-128	129212-10-8
1-128	129266-65-5
1-128	129618-34-4
1-128	129618-35-5
1-128	129618-36-6
1-128	129618-38-8
1-128	129618-39-9
1-128	129824-95-9
1-128	129824-96-0
1-128	129870-84-4
1-128	129874-15-3
1-128	1299-88-3
1-128	129984-40-3
1-128	13005-35-1
1-128	13007-93-7
1-128	13011-68-2
1-128	13011-69-3
1-128	13011-70-6
1-128	130120-56-8
1-128	130120-57-9
1-128	1301639-09-7
1-128	1301639-10-0
1-128	130201-51-3
1-128	130328-19-7
1-128	1308-57-2
1-128	1308-78-7
1-128	1308-79-8
1-128	1308-80-1
1-128	1308790-39-7
1-128	13092-67-6
1-128	13102-26-6
1-128	131127-35-0
1-128	131127-36-1
1-128	131127-37-2
1-128	131127-38-3
1-128	1313741-22-8
1-128	1314035-92-1
1-128	131446-86-1
1-128	1314884-83-7
1-128	1317-38-0
1-128	1317-39-1
1-128	1317-40-4
1-128	1317-41-5
1-128	1319-45-5
1-128	1319006-94-4
1-128	13194-92-8
1-128	132-15-0
1-128	132-71-8
1-128	13217-74-8
1-128	132295-56-8
1-128	132295-57-9
1-128	1325-28-6
1-128	1325-32-2
1-128	1326-77-8
1-128	1326-78-9
1-128	1326-80-3
1-128	1327-02-2
1-128	1327-07-7
1-128	1327-08-8
1-128	1327-73-7
1-128	1327-76-0
1-128	1327-86-2
1-128	1327-89-5
1-128	1328-51-4
1-128	1328-52-5
1-128	1328-53-6
1-128	1328-54-7
1-128	1328-71-8
1-128	132879-97-1
1-128	1330-37-6
1-128	1330-38-7
1-128	1330-39-8
1-128	1330-40-1
1-128	1332-03-2
1-128	1332-14-5
1-128	1332-40-7
1-128	1332-65-6
1-128	133214-12-7
1-128	1333-22-8
1-128	133353-46-5
1-128	133353-47-6
1-128	1334431-98-9
1-128	1335-23-5
1-128	1335122-97-8
1-128	1336-14-7
1-128	1336-15-8
1-128	1337-20-8
1-128	1338-02-9
1-128	13395-16-9
1-128	13426-91-0
1-128	1344-66-7
1-128	1344-67-8
1-128	1344-69-0
1-128	1344-70-3
1-128	1344-71-4
1-128	1344-72-5
1-128	1344-73-6
1-128	1344-74-7
1-128	1345-20-6
1-128	13454-88-1
1-128	1345811-16-6
1-128	13468-85-4
1-128	134737-18-1
1-128	134758-96-6
1-128	134759-19-6
1-128	13476-79-4
1-128	13478-34-7
1-128	13478-36-9
1-128	13478-41-6
1-128	13479-54-4
1-128	1351192-50-1
1-128	1351192-51-2
1-128	1351192-52-3
1-128	135429-22-0
1-128	135429-23-1
1-128	13548-42-0
1-128	135519-18-5
1-128	135519-19-6
1-128	135519-20-9
1-128	135544-20-6
1-128	13569-92-1
1-128	13587-24-1
1-128	13587-25-2
1-128	13587-26-3
1-128	13587-29-6
1-128	13587-35-4
1-128	13601-13-3
1-128	13601-75-7
1-128	136048-67-4
1-128	136048-68-5
1-128	13675-47-3
1-128	13681-87-3
1-128	13682-73-0
1-128	137-29-1
1-128	13715-19-0
1-128	13767-34-5
1-128	13767-71-0
1-128	13770-18-8
1-128	13773-00-7
1-128	13812-58-3
1-128	13814-81-8
1-128	138210-92-1
1-128	13822-80-5
1-128	13867-72-6
1-128	13870-80-9
1-128	13876-85-2
1-128	13877-24-2
1-128	13877-25-3
1-128	13878-44-9
1-128	139076-62-3
1-128	13927-71-4
1-128	13933-17-0
1-128	139566-53-3
1-128	13978-70-6
1-128	13981-25-4
1-128	13982-06-4
1-128	13985-65-4
1-128	139892-42-5
1-128	13991-90-7
1-128	139939-69-8
1-128	1400683-45-5
1-128	14013-02-6
1-128	14017-38-0
1-128	14024-13-6
1-128	14024-52-3
1-128	14025-15-1
1-128	14040-02-9
1-128	14040-05-2
1-128	14050-01-2
1-128	14067-34-6
1-128	140871-20-1
1-128	141048-13-7
1-128	14119-06-3
1-128	14126-50-2
1-128	14128-84-8
1-128	1412895-32-9
1-128	1415993-71-3
1-128	1415993-73-5
1-128	14167-15-8
1-128	14172-91-9
1-128	141788-40-1
1-128	142-71-2
1-128	14215-30-6
1-128	14215-52-2
1-128	14241-92-0
1-128	1426155-87-4
1-128	14263-73-1
1-128	14264-30-3
1-128	14264-31-4
1-128	14276-53-0
1-128	14283-05-7
1-128	14284-06-1
1-128	14285-61-1
1-128	14302-13-7
1-128	1431851-77-2
1-128	14324-82-4
1-128	143350-47-4
1-128	14336-80-2
1-128	1435135-35-5
1-128	14363-26-9
1-128	143775-89-7
1-128	144044-42-8
1-128	14409-63-3
1-128	144717-97-5
1-128	14481-39-1
1-128	14481-40-4
1-128	144971-10-8
1-128	14518-21-9
1-128	14523-00-3
1-128	14523-25-2
1-128	14552-35-3
1-128	146504-31-6
1-128	14654-63-8
1-128	14692-76-3
1-128	147-13-7
1-128	147-14-8
1-128	14708-11-3
1-128	14709-56-9
1-128	14709-71-8
1-128	14721-21-2
1-128	14735-84-3
1-128	147550-61-6
1-128	14781-45-4
1-128	14832-14-5
1-128	14840-55-2
1-128	14876-43-8
1-128	149-11-1
1-128	14915-37-8
1-128	149343-84-0
1-128	14984-71-5
1-128	149850-38-4
1-128	149858-63-9
1-128	150206-21-6
1-128	150522-10-4
1-128	151183-29-8
1-128	151183-30-1
1-128	151183-31-2
1-128	151198-68-4
1-128	15123-69-0
1-128	151239-14-4
1-128	15128-03-7
1-128	1512859-54-9
1-128	15158-11-9
1-128	151590-86-2
1-128	151604-82-9
1-128	15170-14-6
1-128	15170-19-1
1-128	15170-74-8
1-128	15188-78-0
1-128	15191-80-7
1-128	15192-76-4
1-128	15200-31-4
1-128	15225-85-1
1-128	152261-41-1
1-128	152323-95-0
1-128	15240-24-1
1-128	15280-33-8
1-128	15281-91-1
1-128	15293-86-4
1-128	15414-04-7
1-128	15418-16-3
1-128	154240-34-3
1-128	154288-91-2
1-128	15432-57-2
1-128	15442-49-6
1-128	15443-06-8
1-128	15454-74-7
1-128	15489-27-7
1-128	15489-72-2
1-128	15550-32-0
1-128	15559-47-4
1-128	155613-89-1
1-128	155835-80-6
1-128	155903-69-8
1-128	15593-15-4
1-128	15610-76-1
1-128	15627-09-5
1-128	15680-42-9
1-128	156830-72-7
1-128	15709-82-7
1-128	157232-68-3
1-128	15738-74-6
1-128	15739-03-4
1-128	15739-09-0
1-128	15757-86-5
1-128	15823-71-9
1-128	15852-05-8
1-128	158640-34-7
1-128	158852-56-3
1-128	158852-57-4
1-128	158853-86-2
1-128	15907-03-6
1-128	159518-91-9
1-128	159574-70-6
1-128	159574-71-7
1-128	159574-73-9
1-128	159604-93-0
1-128	159604-94-1
1-128	159604-96-3
1-128	15975-60-7
1-128	16003-82-0
1-128	16038-15-6
1-128	16039-52-4
1-128	16040-69-0
1-128	16048-96-7
1-128	16049-09-5
1-128	160709-61-5
1-128	16071-80-0
1-128	16071-84-4
1-128	16071-86-6
1-128	160798-98-1
1-128	160828-78-4
1-128	160830-00-2
1-128	160869-75-0
1-128	160901-48-4
1-128	160901-54-2
1-128	160935-33-1
1-128	16109-82-3
1-128	16143-77-4
1-128	16143-79-6
1-128	16143-81-0
1-128	161566-74-1
1-128	1630800-70-2
1-128	163237-16-9
1-128	16337-64-7
1-128	163557-38-8
1-128	16389-59-6
1-128	164058-22-4
1-128	164578-05-6
1-128	16521-34-9
1-128	165373-75-1
1-128	16570-28-8
1-128	167614-40-6
1-128	167614-41-7
1-128	167972-58-9
1-128	16828-14-1
1-128	16828-95-8
1-128	168850-75-7
1-128	1708103-91-6
1-128	1708103-96-1
1-128	17084-40-1
1-128	1713250-52-2
1-128	171727-36-9
1-128	171727-39-2
1-128	171866-24-3
1-128	172031-67-3
1-128	172141-26-3
1-128	172201-86-4
1-128	172201-87-5
1-128	172308-31-5
1-128	17263-56-8
1-128	172826-46-9
1-128	17470-61-0
1-128	17500-49-1
1-128	175386-67-1
1-128	17599-81-4
1-128	17653-76-8
1-128	177322-39-3
1-128	177529-54-3
1-128	177646-05-8
1-128	17836-27-0
1-128	17856-17-6
1-128	1808110-27-1
1-128	1818338-87-2
1-128	18253-80-0
1-128	18347-30-3
1-128	184007-78-1
1-128	184246-81-9
1-128	18492-21-2
1-128	185461-92-1
1-128	185827-91-2
1-128	185829-44-1
1-128	186811-56-3
1-128	18718-12-2
1-128	187547-44-0
1-128	188920-96-9
1-128	188920-97-0
1-128	18911-01-8
1-128	189240-43-5
1-128	18925-86-5
1-128	18939-61-2
1-128	18970-62-2
1-128	18972-70-8
1-128	18973-62-1
1-128	18974-18-0
1-128	189896-42-2
1-128	19004-19-4
1-128	19025-98-0
1-128	190258-21-0
1-128	190280-64-9
1-128	19179-44-3
1-128	192230-32-3
1-128	192726-54-8
1-128	19332-78-6
1-128	19372-21-5
1-128	19426-70-1
1-128	19426-73-4
1-128	194554-01-3
1-128	194554-64-8
1-128	194614-54-5
1-128	195161-80-9
1-128	19662-59-0
1-128	19864-62-1
1-128	20074-76-4
1-128	20234-67-7
1-128	20240-06-6
1-128	20255-20-3
1-128	203052-44-2
1-128	20405-12-3
1-128	20405-64-5
1-128	20424-95-7
1-128	20427-59-2
1-128	20543-04-8
1-128	20563-00-2
1-128	206010-31-3
1-128	206452-06-4
1-128	20654-09-5
1-128	207869-03-2
1-128	20908-85-4
1-128	209343-48-6
1-128	20936-31-6
1-128	20936-33-8
1-128	20960-01-4
1-128	2102-06-9
1-128	211564-97-5
1-128	211925-80-3
1-128	21246-18-4
1-128	213190-86-4
1-128	2133832-31-0
1-128	213531-97-6
1-128	213539-83-4
1-128	21405-81-2
1-128	21707-45-9
1-128	220971-30-2
1-128	2218-80-6
1-128	22205-45-4
1-128	22221-10-9
1-128	22891-51-6
1-128	229326-15-2
1-128	229326-16-3
1-128	22992-79-6
1-128	22992-96-7
1-128	23087-46-9
1-128	23325-63-5
1-128	23399-19-1
1-128	235772-41-5
1-128	23642-01-5
1-128	23658-53-9
1-128	23658-54-0
1-128	23909-66-2
1-128	23970-06-1
1-128	23970-24-3
1-128	24111-17-9
1-128	24381-58-6
1-128	244244-86-8
1-128	24484-01-3
1-128	245678-20-0
1-128	251654-72-5
1-128	25215-53-6
1-128	25267-55-4
1-128	253167-36-1
1-128	25360-62-7
1-128	25447-55-6
1-128	25481-20-3
1-128	25512-09-8
1-128	25512-11-2
1-128	25512-12-3
1-128	25512-85-0
1-128	25721-57-7
1-128	25828-75-5
1-128	25869-11-8
1-128	259748-83-9
1-128	25986-23-6
1-128	26061-35-8
1-128	26317-27-1
1-128	26321-58-4
1-128	26400-93-1
1-128	264233-64-9
1-128	26506-47-8
1-128	265669-02-1
1-128	26570-87-6
1-128	26656-82-6
1-128	2676888-58-5
1-128	26854-10-4
1-128	26864-44-8
1-128	26893-93-6
1-128	26950-07-2
1-128	27004-40-6
1-128	27121-30-8
1-128	27121-79-5
1-128	27137-19-5
1-128	2720483-60-1
1-128	27228-67-7
1-128	27269-47-2
1-128	273404-95-8
1-128	27360-85-6
1-128	27405-89-6
1-128	27569-07-9
1-128	27601-14-5
1-128	27601-15-6
1-128	27614-70-6
1-128	27614-71-7
1-128	27614-75-1
1-128	27614-80-8
1-128	27744-35-0
1-128	27787-63-9
1-128	28038-29-1
1-128	28069-65-0
1-128	281664-46-8
1-128	28302-36-5
1-128	28356-46-9
1-128	28407-37-6
1-128	28451-28-7
1-128	28469-62-7
1-128	2850-65-9
1-128	28553-45-9
1-128	28566-83-8
1-128	28632-29-3
1-128	28632-30-6
1-128	28654-73-1
1-128	28777-01-7
1-128	28802-09-7
1-128	28901-96-4
1-128	289632-60-6
1-128	29058-90-0
1-128	2917-31-9
1-128	29188-28-1
1-128	292140-30-8
1-128	29713-19-7
1-128	29719-96-8
1-128	29728-96-9
1-128	29763-53-9
1-128	2991368-86-4
1-128	29961-99-7
1-128	30053-43-1
1-128	302-07-8
1-128	30272-90-3
1-128	304671-71-4
1-128	30638-09-6
1-128	30638-10-9
1-128	30644-11-2
1-128	31089-39-1
1-128	31102-54-2
1-128	3112-74-1
1-128	31235-28-6
1-128	31243-88-6
1-128	31278-57-6
1-128	31278-65-6
1-128	31323-25-8
1-128	31361-57-6
1-128	3164-31-6
1-128	31765-95-4
1-128	32276-75-8
1-128	3251-23-8
1-128	32510-27-3
1-128	32575-57-8
1-128	32628-05-0
1-128	3271-87-2
1-128	32817-15-5
1-128	33010-91-2
1-128	33113-08-5
1-128	331283-85-3
1-128	33271-65-7
1-128	33481-16-2
1-128	33636-93-0
1-128	33643-73-1
1-128	33773-63-6
1-128	33864-99-2
1-128	34262-89-0
1-128	34371-82-9
1-128	34371-83-0
1-128	34418-24-1
1-128	3444-14-2
1-128	345338-75-2
1-128	34567-54-9
1-128	34754-33-1
1-128	34771-63-6
1-128	34831-02-2
1-128	34836-53-8
1-128	34870-85-4
1-128	34946-82-2
1-128	350600-52-1
1-128	35121-64-3
1-128	35206-70-3
1-128	35254-76-3
1-128	35254-77-4
1-128	35322-29-3
1-128	354994-06-2
1-128	35718-34-4
1-128	35745-23-4
1-128	35788-00-2
1-128	36090-21-8
1-128	36190-66-6
1-128	36485-85-5
1-128	36495-85-9
1-128	36580-17-3
1-128	36655-19-3
1-128	366803-74-9
1-128	36759-10-1
1-128	36812-50-7
1-128	371159-68-1
1-128	371973-48-7
1-128	371973-49-8
1-128	37220-44-3
1-128	37223-52-2
1-128	37223-81-7
1-128	37233-52-6
1-128	37279-47-3
1-128	37279-53-1
1-128	37279-54-2
1-128	37279-62-2
1-128	37294-24-9
1-128	37337-11-4
1-128	373383-89-2
1-128	37340-12-8
1-128	37359-15-2
1-128	37396-60-4
1-128	37979-85-4
1-128	3818-60-8
1-128	38218-87-0
1-128	38465-60-0
1-128	38828-82-9
1-128	388616-20-4
1-128	38884-10-5
1-128	38886-67-8
1-128	3890-89-9
1-128	38994-57-9
1-128	39208-15-6
1-128	392718-62-6
1-128	393523-87-0
1-128	39361-73-4
1-128	39362-52-2
1-128	39377-49-6
1-128	39378-75-1
1-128	39380-65-9
1-128	39401-12-2
1-128	39403-88-8
1-128	39412-44-7
1-128	39445-33-5
1-128	39445-37-9
1-128	39473-10-4
1-128	39702-40-4
1-128	401803-97-2
1-128	40452-11-7
1-128	41127-68-8
1-128	41276-95-3
1-128	41380-06-7
1-128	4162-43-0
1-128	417707-11-0
1-128	4180-12-5
1-128	42152-46-5
1-128	423724-63-4
1-128	42485-64-3
1-128	42490-09-5
1-128	42616-63-7
1-128	42739-64-0
1-128	43043-77-2
1-128	43061-87-6
1-128	434336-74-0
1-128	4367-08-2
1-128	438468-58-7
1-128	45650-15-5
1-128	47107-74-4
1-128	47110-30-5
1-128	472956-91-5
1-128	479541-17-8
1-128	48138-75-6
1-128	495405-74-8
1-128	495405-75-9
1-128	496923-23-0
1-128	50315-14-5
1-128	50400-19-6
1-128	50642-99-4
1-128	50814-30-7
1-128	50884-01-0
1-128	50922-31-1
1-128	50935-56-3
1-128	51095-70-6
1-128	51139-42-5
1-128	51139-43-6
1-128	5128-10-9
1-128	51331-32-9
1-128	51366-17-7
1-128	51481-19-7
1-128	51554-05-3
1-128	51653-13-5
1-128	51681-26-6
1-128	51819-19-3
1-128	52418-31-2
1-128	52454-54-3
1-128	52499-70-4
1-128	52503-64-7
1-128	52691-95-9
1-128	527-09-3
1-128	52856-54-9
1-128	52933-45-6
1-128	52953-36-3
1-128	53028-77-6
1-128	53044-06-7
1-128	53108-47-7
1-128	53124-89-3
1-128	53156-93-7
1-128	53224-08-1
1-128	53231-49-5
1-128	5328-04-1
1-128	53289-89-7
1-128	533-01-7
1-128	53404-24-3
1-128	53555-23-0
1-128	536974-53-5
1-128	53721-10-1
1-128	53801-63-1
1-128	53802-06-5
1-128	5393-04-4
1-128	53988-93-5
1-128	540-16-9
1-128	54175-26-7
1-128	54227-68-8
1-128	5423-38-1
1-128	54253-62-2
1-128	54366-11-9
1-128	544-19-4
1-128	544-92-3
1-128	54427-07-5
1-128	54427-17-7
1-128	54446-14-9
1-128	54453-03-1
1-128	54678-23-8
1-128	5468-83-7
1-128	547-56-8
1-128	54816-20-5
1-128	5497-52-9
1-128	54999-30-3
1-128	55072-57-6
1-128	55158-44-6
1-128	55200-89-0
1-128	55353-02-1
1-128	55468-24-1
1-128	55524-45-3
1-128	55632-67-2
1-128	55671-32-4
1-128	55721-06-7
1-128	55819-49-3
1-128	55819-50-6
1-128	55945-96-5
1-128	55948-03-3
1-128	56047-80-4
1-128	56207-93-3
1-128	56405-02-8
1-128	56530-90-6
1-128	56832-15-6
1-128	569316-88-7
1-128	57036-53-0
1-128	57145-80-9
1-128	57347-17-8
1-128	573983-15-0
1-128	57425-52-2
1-128	57596-11-9
1-128	57602-19-4
1-128	57655-28-4
1-128	57781-96-1
1-128	57916-96-8
1-128	57917-38-1
1-128	58601-87-9
1-128	58675-51-7
1-128	5893-61-8
1-128	5893-64-1
1-128	5893-66-3
1-128	59160-73-5
1-128	59160-79-1
1-128	59219-07-7
1-128	59518-91-1
1-128	5965-40-2
1-128	598-54-9
1-128	59966-88-0
1-128	60065-34-1
1-128	6020-30-0
1-128	60265-89-6
1-128	60351-11-3
1-128	60351-12-4
1-128	6046-93-1
1-128	6046-97-5
1-128	6046-99-7
1-128	60764-72-9
1-128	60764-75-2
1-128	60880-51-5
1-128	60937-79-3
1-128	60976-91-2
1-128	61027-69-8
1-128	61091-23-4
1-128	61103-22-8
1-128	61482-17-5
1-128	61489-66-5
1-128	61489-77-8
1-128	61512-64-9
1-128	61537-10-8
1-128	61573-60-2
1-128	61607-82-7
1-128	61641-50-7
1-128	61788-34-9
1-128	61789-22-8
1-128	61814-39-9
1-128	61827-83-6
1-128	61912-85-4
1-128	62008-24-6
1-128	62271-30-1
1-128	62320-94-9
1-128	62364-11-8
1-128	62726-15-2
1-128	62975-02-4
1-128	63035-26-7
1-128	63105-49-7
1-128	63126-89-6
1-128	633343-78-9
1-128	63373-74-0
1-128	63395-37-9
1-128	63440-50-6
1-128	63526-72-7
1-128	63588-36-3
1-128	63950-02-7
1-128	63982-56-9
1-128	6408-20-4
1-128	6408-21-5
1-128	6408-23-7
1-128	6416-10-0
1-128	6418-65-1
1-128	6428-30-4
1-128	64333-57-9
1-128	64333-62-6
1-128	64443-05-6
1-128	6449-35-0
1-128	64567-64-2
1-128	6459-63-8
1-128	64659-59-2
1-128	64659-60-5
1-128	64883-30-3
1-128	65104-05-4
1-128	65105-03-5
1-128	65121-91-7
1-128	65138-80-9
1-128	65138-81-0
1-128	65138-82-1
1-128	65138-83-2
1-128	65150-84-7
1-128	65168-06-1
1-128	6533-47-7
1-128	65330-59-8
1-128	65555-90-0
1-128	65732-10-7
1-128	65929-10-4
1-128	65997-18-4
1-128	660-60-6
1-128	66019-06-5
1-128	66085-74-3
1-128	66121-19-5
1-128	66142-98-1
1-128	66142-99-2
1-128	66225-59-0
1-128	66225-60-3
1-128	66225-64-7
1-128	66225-65-8
1-128	66256-76-6
1-128	66276-83-3
1-128	66317-91-7
1-128	66358-72-3
1-128	66418-17-5
1-128	66418-18-6
1-128	6656-03-7
1-128	6656-04-8
1-128	6661-33-2
1-128	66923-66-8
1-128	67028-54-0
1-128	67053-86-5
1-128	6717-36-8
1-128	67177-88-2
1-128	67340-41-4
1-128	6739-62-4
1-128	676123-47-0
1-128	67689-48-9
1-128	67689-49-0
1-128	67711-87-9
1-128	67711-88-0
1-128	67711-89-1
1-128	67711-90-4
1-128	67711-91-5
1-128	67711-92-6
1-128	67711-93-7
1-128	67711-94-8
1-128	67711-95-9
1-128	67711-96-0
1-128	67711-97-1
1-128	67711-98-2
1-128	67711-99-3
1-128	67712-00-9
1-128	67800-99-1
1-128	67801-00-7
1-128	67827-85-4
1-128	67828-07-3
1-128	67828-23-3
1-128	67828-28-8
1-128	67859-40-9
1-128	67859-43-2
1-128	67859-44-3
1-128	67859-46-5
1-128	67859-50-1
1-128	67892-59-5
1-128	67893-09-8
1-128	67906-20-1
1-128	67939-30-4
1-128	67952-80-1
1-128	67952-81-2
1-128	67968-25-6
1-128	6798-03-4
1-128	67989-88-2
1-128	67989-89-3
1-128	67999-65-9
1-128	68015-79-2
1-128	68025-42-3
1-128	68035-71-2
1-128	68037-34-3
1-128	68037-35-4
1-128	68037-36-5
1-128	68039-60-1
1-128	68039-61-2
1-128	68039-64-5
1-128	68084-48-0
1-128	68110-18-9
1-128	68123-45-5
1-128	68131-74-8
1-128	68132-91-2
1-128	68133-81-3
1-128	68140-31-8
1-128	68140-32-9
1-128	68140-34-1
1-128	68140-35-2
1-128	68140-36-3
1-128	68140-37-4
1-128	68155-91-9
1-128	68155-92-0
1-128	681847-78-9
1-128	68186-91-4
1-128	68186-94-7
1-128	68201-66-1
1-128	68214-29-9
1-128	68239-45-2
1-128	68239-53-2
1-128	68239-54-3
1-128	68239-59-8
1-128	68308-19-0
1-128	68310-83-8
1-128	68318-39-8
1-128	68324-29-8
1-128	68332-81-0
1-128	68341-09-3
1-128	6837-87-2
1-128	68391-62-8
1-128	68398-35-6
1-128	68400-21-5
1-128	68400-22-6
1-128	68400-23-7
1-128	68400-24-8
1-128	68411-02-9
1-128	68411-03-0
1-128	68411-04-1
1-128	68411-05-2
1-128	68411-06-3
1-128	68411-07-4
1-128	68425-85-4
1-128	68425-86-5
1-128	68439-42-9
1-128	68441-43-0
1-128	68441-64-5
1-128	68442-63-7
1-128	68442-64-8
1-128	68442-86-4
1-128	68475-46-7
1-128	68477-11-2
1-128	68512-13-0
1-128	68512-14-1
1-128	68512-23-2
1-128	68512-24-3
1-128	68512-49-2
1-128	68512-51-6
1-128	68515-67-3
1-128	68516-98-3
1-128	68516-99-4
1-128	68555-96-4
1-128	68583-43-7
1-128	68585-52-4
1-128	68585-90-0
1-128	68586-04-9
1-128	68604-54-6
1-128	68608-72-0
1-128	68609-03-0
1-128	68611-66-5
1-128	68611-68-7
1-128	68611-70-1
1-128	68630-79-5
1-128	68647-43-8
1-128	68833-88-5
1-128	68855-30-1
1-128	68855-31-2
1-128	68876-98-2
1-128	68877-00-9
1-128	68891-87-2
1-128	68908-94-1
1-128	68909-43-3
1-128	68909-44-4
1-128	68912-12-9
1-128	68921-55-1
1-128	68954-20-1
1-128	68958-91-8
1-128	68966-89-2
1-128	68966-90-5
1-128	68967-01-1
1-128	68967-02-2
1-128	68975-64-4
1-128	68975-66-6
1-128	68986-76-5
1-128	68987-61-1
1-128	68987-62-2
1-128	68987-63-3
1-128	68987-64-4
1-128	68992-20-1
1-128	69011-60-5
1-128	69011-95-6
1-128	69012-16-4
1-128	69012-17-5
1-128	69012-18-6
1-128	69012-19-7
1-128	69012-20-0
1-128	69012-22-2
1-128	69012-26-6
1-128	69012-38-0
1-128	69012-45-9
1-128	69012-47-1
1-128	69012-51-7
1-128	69012-52-8
1-128	69012-54-0
1-128	69012-56-2
1-128	69012-58-4
1-128	69012-67-5
1-128	69012-71-1
1-128	69012-72-2
1-128	69012-74-4
1-128	69012-75-5
1-128	69012-76-6
1-128	69012-77-7
1-128	69012-78-8
1-128	69029-47-6
1-128	69029-52-3
1-128	69029-57-8
1-128	69029-58-9
1-128	69029-67-0
1-128	69029-94-3
1-128	69029-97-6
1-128	69029-98-7
1-128	69030-02-0
1-128	69121-18-2
1-128	69121-24-0
1-128	69121-25-1
1-128	69140-61-0
1-128	69227-01-6
1-128	69227-11-8
1-128	69234-82-8
1-128	69278-95-1
1-128	69278-96-2
1-128	69418-68-4
1-128	69431-77-2
1-128	69682-18-4
1-128	69721-07-9
1-128	69868-09-3
1-128	69898-57-3
1-128	70161-20-5
1-128	70236-50-9
1-128	70236-52-1
1-128	70236-53-2
1-128	70236-54-3
1-128	70247-71-1
1-128	70247-72-2
1-128	70247-84-6
1-128	70247-85-7
1-128	70304-36-8
1-128	70304-38-0
1-128	70304-39-1
1-128	70304-40-4
1-128	70493-34-4
1-128	70529-02-1
1-128	7057-72-9
1-128	70581-71-4
1-128	70693-19-5
1-128	70714-64-6
1-128	70750-63-9
1-128	70776-00-0
1-128	70776-13-5
1-128	70879-63-9
1-128	70880-03-4
1-128	70892-30-7
1-128	70892-31-8
1-128	70892-50-1
1-128	70955-63-4
1-128	70955-64-5
1-128	70983-44-7
1-128	70983-45-8
1-128	70983-56-1
1-128	71002-21-6
1-128	71002-22-7
1-128	71032-92-3
1-128	71042-99-4
1-128	71076-99-8
1-128	71097-29-5
1-128	71097-30-8
1-128	711030-33-0
1-128	71215-74-2
1-128	71215-75-3
1-128	71299-09-7
1-128	71396-24-2
1-128	7144-37-8
1-128	71484-80-5
1-128	71566-20-6
1-128	71566-21-7
1-128	71566-22-8
1-128	71566-24-0
1-128	71566-25-1
1-128	71598-36-2
1-128	71617-30-6
1-128	71617-68-0
1-128	71617-70-4
1-128	71630-92-7
1-128	717096-44-1
1-128	71735-53-0
1-128	71735-54-1
1-128	71735-56-3
1-128	71735-57-4
1-128	71735-60-9
1-128	71735-62-1
1-128	71735-63-2
1-128	71735-64-3
1-128	71735-65-4
1-128	71745-82-9
1-128	71786-55-5
1-128	71788-32-4
1-128	71819-72-2
1-128	71873-62-6
1-128	71873-63-7
1-128	71889-03-7
1-128	71889-04-8
1-128	71889-43-5
1-128	71949-28-5
1-128	71962-07-7
1-128	72066-64-9
1-128	72139-06-1
1-128	72139-09-4
1-128	72139-10-7
1-128	72139-11-8
1-128	72152-46-6
1-128	72152-47-7
1-128	72152-55-7
1-128	72152-68-2
1-128	72152-69-3
1-128	72152-70-6
1-128	72152-71-7
1-128	7219-11-6
1-128	72207-64-8
1-128	72207-65-9
1-128	72208-06-1
1-128	72214-17-6
1-128	72252-61-0
1-128	72264-74-5
1-128	72275-81-1
1-128	72275-98-0
1-128	72374-88-0
1-128	72379-02-3
1-128	72379-03-4
1-128	72391-05-0
1-128	72391-07-2
1-128	72391-08-3
1-128	72403-30-6
1-128	72403-38-4
1-128	72403-39-5
1-128	72403-40-8
1-128	72428-96-7
1-128	72428-99-0
1-128	72479-32-4
1-128	72479-97-1
1-128	72480-58-1
1-128	72480-60-5
1-128	72506-31-1
1-128	72514-83-1
1-128	72623-97-3
1-128	7268-92-0
1-128	72749-49-6
1-128	72749-50-9
1-128	72749-51-0
1-128	72749-52-1
1-128	72749-53-2
1-128	72779-62-5
1-128	72805-42-6
1-128	72828-16-1
1-128	72828-27-4
1-128	72828-28-5
1-128	72829-35-7
1-128	72854-33-2
1-128	72854-36-5
1-128	72854-39-8
1-128	72854-40-1
1-128	72855-57-3
1-128	72859-90-6
1-128	72869-28-4
1-128	72869-84-2
1-128	72882-28-1
1-128	72894-04-3
1-128	72905-93-2
1-128	72905-94-3
1-128	72905-95-4
1-128	72905-96-5
1-128	72905-97-6
1-128	72905-98-7
1-128	72905-99-8
1-128	72906-00-4
1-128	72906-01-5
1-128	72906-19-5
1-128	72906-61-7
1-128	72906-62-8
1-128	72906-63-9
1-128	72906-64-0
1-128	72906-65-1
1-128	72915-82-3
1-128	72927-72-1
1-128	72928-60-0
1-128	72928-61-1
1-128	72928-62-2
1-128	72928-71-3
1-128	72939-55-0
1-128	72953-54-9
1-128	72953-55-0
1-128	72968-23-1
1-128	72968-24-2
1-128	72984-30-6
1-128	72984-31-7
1-128	72984-32-8
1-128	73018-42-5
1-128	73018-43-6
1-128	73018-44-7
1-128	73018-45-8
1-128	73018-46-9
1-128	73018-47-0
1-128	73018-87-8
1-128	73038-37-6
1-128	73049-92-0
1-128	73050-33-6
1-128	73070-37-8
1-128	730935-81-6
1-128	73156-86-2
1-128	73188-73-5
1-128	732199-83-6
1-128	73287-47-5
1-128	73287-48-6
1-128	73296-92-1
1-128	73297-22-0
1-128	73297-24-2
1-128	73297-25-3
1-128	73297-26-4
1-128	73297-36-6
1-128	73323-17-8
1-128	73324-03-5
1-128	73378-62-8
1-128	73378-63-9
1-128	73378-64-0
1-128	73378-65-1
1-128	73455-75-1
1-128	73495-36-0
1-128	73507-19-4
1-128	73507-21-8
1-128	73507-22-9
1-128	73507-23-0
1-128	73507-24-1
1-128	73507-26-3
1-128	73507-27-4
1-128	73507-28-5
1-128	73507-29-6
1-128	73507-37-6
1-128	73507-39-8
1-128	73507-71-8
1-128	73513-81-2
1-128	73513-82-3
1-128	73514-01-9
1-128	73514-02-0
1-128	73514-03-1
1-128	73559-41-8
1-128	73560-40-4
1-128	736076-00-9
1-128	73637-19-1
1-128	73650-11-0
1-128	73836-75-6
1-128	739339-56-1
1-128	740050-08-2
1-128	74077-29-5
1-128	74082-14-7
1-128	74181-84-3
1-128	74204-30-1
1-128	74315-47-2
1-128	7440-50-8
1-128	74404-49-2
1-128	74432-30-7
1-128	74449-65-3
1-128	74449-66-4
1-128	7447-39-4
1-128	74577-19-8
1-128	74587-42-1
1-128	74592-98-6
1-128	74592-99-7
1-128	74593-00-3
1-128	74593-01-4
1-128	74610-56-3
1-128	74642-98-1
1-128	74664-50-9
1-128	74685-92-0
1-128	74708-59-1
1-128	7481-27-8
1-128	748705-84-2
1-128	749144-68-1
1-128	7492-68-4
1-128	749887-18-1
1-128	75082-22-3
1-128	75101-28-9
1-128	75125-62-1
1-128	75150-07-1
1-128	75150-08-2
1-128	75173-67-0
1-128	75173-68-1
1-128	75199-09-6
1-128	75199-10-9
1-128	752139-51-8
1-128	75214-59-4
1-128	75214-64-1
1-128	75214-66-3
1-128	752152-93-5
1-128	752157-53-2
1-128	75247-18-6
1-128	75268-77-8
1-128	75284-35-4
1-128	75284-37-6
1-128	75300-76-4
1-128	75300-77-5
1-128	75422-19-4
1-128	75422-20-7
1-128	754935-23-4
1-128	75508-34-8
1-128	75523-88-5
1-128	75732-01-3
1-128	75881-23-1
1-128	760902-85-0
1-128	761356-37-0
1-128	7617-31-4
1-128	76199-83-2
1-128	763020-68-4
1-128	76359-37-0
1-128	76494-22-9
1-128	7681-65-4
1-128	77001-44-6
1-128	77097-86-0
1-128	77111-29-6
1-128	7721-15-5
1-128	774132-85-3
1-128	775235-53-5
1-128	7758-89-6
1-128	7758-98-7
1-128	7758-99-8
1-128	77743-24-9
1-128	77840-01-8
1-128	7787-70-4
1-128	7789-19-7
1-128	7789-45-9
1-128	7798-23-4
1-128	78170-27-1
1-128	78181-07-4
1-128	78413-59-9
1-128	78709-73-6
1-128	78885-60-6
1-128	78969-81-0
1-128	79135-29-8
1-128	79135-30-1
1-128	79152-56-0
1-128	79152-58-2
1-128	79357-67-8
1-128	79357-68-9
1-128	79357-72-5
1-128	79357-78-1
1-128	79357-80-5
1-128	79357-81-6
1-128	79357-83-8
1-128	79665-39-7
1-128	79665-40-0
1-128	79665-42-2
1-128	79704-00-0
1-128	79855-91-7
1-128	79855-92-8
1-128	79953-86-9
1-128	80042-44-0
1-128	80056-12-8
1-128	8011-63-0
1-128	8012-69-9
1-128	8014-85-5
1-128	80146-12-9
1-128	80146-13-0
1-128	80146-14-1
1-128	80146-15-2
1-128	80289-21-0
1-128	80431-67-0
1-128	80431-68-1
1-128	80448-87-9
1-128	80448-88-0
1-128	8049-11-4
1-128	8063-57-8
1-128	8065-68-7
1-128	8066-21-5
1-128	8069-53-2
1-128	8070-45-9
1-128	807622-86-2
1-128	81180-93-0
1-128	81273-54-3
1-128	814-81-3
1-128	814-91-5
1-128	81457-64-9
1-128	81457-65-0
1-128	81478-26-4
1-128	815-82-7
1-128	81611-05-4
1-128	81626-37-1
1-128	81737-16-8
1-128	81737-17-9
1-128	819-74-9
1-128	819860-69-0
1-128	819860-85-0
1-128	82010-82-0
1-128	82027-59-6
1-128	82027-60-9
1-128	82230-89-5
1-128	82338-76-9
1-128	82457-12-3
1-128	82469-75-8
1-128	82640-07-1
1-128	82864-55-9
1-128	82864-56-0
1-128	82864-57-1
1-128	82864-58-2
1-128	83027-55-8
1-128	83073-98-7
1-128	83232-52-4
1-128	83232-53-5
1-128	83232-54-6
1-128	83232-55-7
1-128	83232-56-8
1-128	83417-35-0
1-128	83534-18-3
1-128	83562-89-4
1-128	83615-05-8
1-128	83804-05-1
1-128	83863-34-7
1-128	83949-57-9
1-128	83949-58-0
1-128	83951-72-8
1-128	84012-10-2
1-128	84049-36-5
1-128	84057-70-5
1-128	84057-71-6
1-128	84066-86-4
1-128	84082-87-1
1-128	84082-88-2
1-128	84082-89-3
1-128	84082-90-6
1-128	84082-91-7
1-128	84082-92-8
1-128	84082-95-1
1-128	84100-66-3
1-128	84129-18-0
1-128	84129-19-1
1-128	84144-90-1
1-128	84145-36-8
1-128	84145-48-2
1-128	84195-85-7
1-128	84195-98-2
1-128	84196-27-0
1-128	84196-28-1
1-128	84215-63-4
1-128	84238-48-2
1-128	84238-49-3
1-128	84238-50-6
1-128	84238-51-7
1-128	84282-29-1
1-128	84501-46-2
1-128	84501-47-3
1-128	84583-67-5
1-128	84583-71-1
1-128	84583-72-2
1-128	84583-77-7
1-128	84583-78-8
1-128	84583-84-6
1-128	84583-85-7
1-128	84682-48-4
1-128	84713-02-0
1-128	84773-84-2
1-128	84773-85-3
1-128	84773-86-4
1-128	84773-87-5
1-128	84777-26-4
1-128	84777-31-1
1-128	84777-34-4
1-128	84823-11-0
1-128	84836-95-3
1-128	84929-84-0
1-128	84929-85-1
1-128	84929-86-2
1-128	84961-87-5
1-128	84989-28-6
1-128	84989-29-7
1-128	84989-30-0
1-128	84989-31-1
1-128	84989-32-2
1-128	84989-33-3
1-128	84989-34-4
1-128	84989-35-5
1-128	84989-55-9
1-128	85005-54-5
1-128	85049-29-2
1-128	85080-51-9
1-128	850813-15-9
1-128	85085-84-3
1-128	85099-45-2
1-128	850994-04-6
1-128	85117-21-1
1-128	85118-11-2
1-128	85118-12-3
1-128	85118-13-4
1-128	85186-14-7
1-128	85186-15-8
1-128	85186-16-9
1-128	85186-17-0
1-128	85187-41-3
1-128	85203-72-1
1-128	85205-70-5
1-128	85237-49-6
1-128	85237-50-9
1-128	85237-51-0
1-128	85255-95-4
1-128	85256-45-7
1-128	85256-77-5
1-128	85269-40-5
1-128	85269-41-6
1-128	85269-42-7
1-128	85269-43-8
1-128	85269-44-9
1-128	85269-51-8
1-128	85269-52-9
1-128	85269-53-0
1-128	85281-56-7
1-128	85283-48-3
1-128	85305-04-0
1-128	85305-05-1
1-128	85305-07-3
1-128	85305-08-4
1-128	85338-12-1
1-128	85338-13-2
1-128	85338-14-3
1-128	85338-15-4
1-128	85338-16-5
1-128	85392-46-7
1-128	85392-74-1
1-128	85408-53-3
1-128	85410-17-9
1-128	85480-66-6
1-128	85480-67-7
1-128	85480-68-8
1-128	85480-69-9
1-128	85480-78-0
1-128	85567-02-8
1-128	85567-04-0
1-128	85585-86-0
1-128	85585-87-1
1-128	85585-88-2
1-128	85585-89-3
1-128	85585-90-6
1-128	85585-91-7
1-128	85614-41-1
1-128	85631-07-8
1-128	85631-08-9
1-128	85631-09-0
1-128	85631-10-3
1-128	85631-11-4
1-128	85631-95-4
1-128	85631-96-5
1-128	85648-20-0
1-128	85650-74-4
1-128	85650-75-5
1-128	85650-76-6
1-128	85650-77-7
1-128	85650-78-8
1-128	85650-96-0
1-128	85650-97-1
1-128	85650-98-2
1-128	85665-46-9
1-128	85665-47-0
1-128	85665-48-1
1-128	85737-14-0
1-128	85737-18-4
1-128	85745-52-4
1-128	85763-60-6
1-128	85763-61-7
1-128	857641-44-2
1-128	85865-84-5
1-128	85865-85-6
1-128	85865-86-7
1-128	85883-84-7
1-128	85958-88-9
1-128	85958-89-0
1-128	85959-71-3
1-128	85977-50-0
1-128	86014-67-7
1-128	86014-68-8
1-128	86014-69-9
1-128	86014-70-2
1-128	86014-71-3
1-128	86014-72-4
1-128	86014-73-5
1-128	86014-74-6
1-128	86014-75-7
1-128	86024-59-1
1-128	86024-60-4
1-128	86090-41-7
1-128	86101-71-5
1-128	86101-72-6
1-128	86101-73-7
1-128	86101-74-8
1-128	86101-75-9
1-128	86101-76-0
1-128	86101-77-1
1-128	86242-87-7
1-128	86242-88-8
1-128	86242-91-3
1-128	86242-92-4
1-128	86262-21-7
1-128	863781-22-0
1-128	86437-45-8
1-128	86437-48-1
1-128	86437-49-2
1-128	86442-15-1
1-128	86457-81-0
1-128	86457-82-1
1-128	86457-83-2
1-128	86457-84-3
1-128	866-82-0
1-128	866114-86-5
1-128	87140-43-0
1-128	872217-78-2
1-128	876132-97-7
1-128	877454-24-5
1-128	87835-31-2
1-128	878390-73-9
1-128	882878-51-5
1-128	88358-67-2
1-128	88548-02-1
1-128	88859-94-3
1-128	89030-95-5
1-128	89139-22-0
1-128	89553-15-1
1-128	89696-02-6
1-128	89797-01-3
1-128	898287-57-5
1-128	898565-48-5
1-128	89899-26-3
1-128	89899-27-4
1-128	89899-28-5
1-128	89910-72-5
1-128	89933-61-9
1-128	89933-65-3
1-128	9001-53-0
1-128	9002-29-3
1-128	900531-39-7
1-128	9007-39-0
1-128	90130-10-2
1-128	90171-11-2
1-128	9019-44-7
1-128	90247-33-9
1-128	90247-34-0
1-128	90247-35-1
1-128	90247-36-2
1-128	90294-70-5
1-128	90294-89-6
1-128	90294-90-9
1-128	90294-91-0
1-128	90294-92-1
1-128	90294-93-2
1-128	90294-94-3
1-128	90294-95-4
1-128	90294-96-5
1-128	90294-97-6
1-128	90294-98-7
1-128	90294-99-8
1-128	90295-00-4
1-128	90295-02-6
1-128	90295-03-7
1-128	90295-04-8
1-128	90295-05-9
1-128	90295-06-0
1-128	90295-07-1
1-128	90295-08-2
1-128	90295-09-3
1-128	90295-10-6
1-128	90295-11-7
1-128	90295-12-8
1-128	90295-13-9
1-128	90295-14-0
1-128	90295-15-1
1-128	90295-16-2
1-128	90295-17-3
1-128	90295-18-4
1-128	90295-19-5
1-128	90295-20-8
1-128	90295-21-9
1-128	90295-22-0
1-128	90295-23-1
1-128	90295-24-2
1-128	90295-25-3
1-128	90295-26-4
1-128	90295-27-5
1-128	90295-28-6
1-128	90295-29-7
1-128	90295-30-0
1-128	90295-31-1
1-128	90295-32-2
1-128	90295-33-3
1-128	90295-34-4
1-128	90295-35-5
1-128	90295-36-6
1-128	90341-57-4
1-128	90341-58-5
1-128	90341-59-6
1-128	90341-60-9
1-128	90341-61-0
1-128	90341-62-1
1-128	90341-63-2
1-128	90341-64-3
1-128	90341-65-4
1-128	90341-66-5
1-128	90341-67-6
1-128	90341-68-7
1-128	90341-69-8
1-128	90341-70-1
1-128	90341-71-2
1-128	90341-72-3
1-128	90341-73-4
1-128	90341-74-5
1-128	90341-75-6
1-128	90412-14-9
1-128	90452-20-3
1-128	9054-89-1
1-128	90651-64-2
1-128	906648-17-7
1-128	906713-86-8
1-128	90677-78-4
1-128	91031-79-7
1-128	91053-45-1
1-128	91053-46-2
1-128	91053-47-3
1-128	91081-71-9
1-128	91081-72-0
1-128	91081-73-1
1-128	91081-74-2
1-128	91082-26-7
1-128	91364-56-6
1-128	914378-31-7
1-128	91670-37-0
1-128	91672-86-5
1-128	91672-87-6
1-128	91672-88-7
1-128	91672-89-8
1-128	91672-90-1
1-128	91672-91-2
1-128	91672-92-3
1-128	91672-93-4
1-128	91672-94-5
1-128	91745-42-5
1-128	91745-43-6
1-128	92200-86-7
1-128	92200-87-8
1-128	92202-46-5
1-128	92302-64-2
1-128	92332-18-8
1-128	92414-47-6
1-128	924902-00-1
1-128	92623-82-0
1-128	92731-39-0
1-128	92908-13-9
1-128	92908-14-0
1-128	92908-15-1
1-128	92908-46-8
1-128	92909-14-3
1-128	929689-97-4
1-128	929805-29-8
1-128	929875-82-1
1-128	93455-91-5
1-128	93572-65-7
1-128	93572-91-9
1-128	93572-92-0
1-128	93572-93-1
1-128	93572-96-4
1-128	93572-97-5
1-128	93572-98-6
1-128	93746-30-6
1-128	93762-51-7
1-128	93762-52-8
1-128	93776-43-3
1-128	93776-48-8
1-128	93776-49-9
1-128	93776-50-2
1-128	93776-51-3
1-128	93776-52-4
1-128	93776-53-5
1-128	93776-54-6
1-128	93776-55-7
1-128	937807-13-1
1-128	93783-55-2
1-128	93803-81-7
1-128	93805-30-2
1-128	93820-75-8
1-128	93840-74-5
1-128	93858-17-4
1-128	93858-18-5
1-128	93858-19-6
1-128	93858-39-0
1-128	93858-40-3
1-128	93858-41-4
1-128	93861-17-7
1-128	93893-72-2
1-128	93918-22-0
1-128	93918-23-1
1-128	93918-24-2
1-128	93918-68-4
1-128	93921-06-3
1-128	93924-94-8
1-128	93924-95-9
1-128	93939-67-4
1-128	93940-93-3
1-128	93940-95-5
1-128	93951-22-5
1-128	93962-86-8
1-128	93963-85-0
1-128	93964-38-6
1-128	93964-39-7
1-128	93966-92-8
1-128	93971-95-0
1-128	93981-05-6
1-128	93982-82-2
1-128	94020-83-4
1-128	94020-92-5
1-128	94021-49-5
1-128	94021-57-5
1-128	94022-93-2
1-128	94031-29-5
1-128	94086-51-8
1-128	94086-58-5
1-128	94114-41-7
1-128	94114-42-8
1-128	941301-08-2
1-128	94159-25-8
1-128	94233-01-9
1-128	94233-32-6
1-128	94233-35-9
1-128	94233-36-0
1-128	94233-37-1
1-128	94233-38-2
1-128	94246-65-8
1-128	94246-73-8
1-128	94246-75-0
1-128	94246-76-1
1-128	94247-64-0
1-128	94275-75-9
1-128	94276-46-7
1-128	94276-47-8
1-128	94276-68-3
1-128	94276-75-2
1-128	94276-76-3
1-128	94276-78-5
1-128	94276-79-6
1-128	94276-86-5
1-128	94277-09-5
1-128	94277-10-8
1-128	94277-11-9
1-128	94277-12-0
1-128	94277-13-1
1-128	94277-14-2
1-128	94277-15-3
1-128	94277-16-4
1-128	94277-17-5
1-128	94277-54-0
1-128	94277-73-3
1-128	94277-75-5
1-128	94277-77-7
1-128	94279-42-2
1-128	94314-07-5
1-128	944730-39-6
1-128	94502-52-0
1-128	94534-99-3
1-128	94551-59-4
1-128	94551-71-0
1-128	94551-72-1
1-128	94551-74-3
1-128	94551-81-2
1-128	94551-87-8
1-128	94551-88-9
1-128	94551-89-0
1-128	94552-01-9
1-128	94552-02-0
1-128	94624-19-8
1-128	94701-72-1
1-128	94805-01-3
1-128	94956-11-3
1-128	95009-01-1
1-128	95009-03-3
1-128	95046-49-4
1-128	95145-52-1
1-128	95370-52-8
1-128	95370-53-9
1-128	95660-31-4
1-128	95873-71-5
1-128	95873-72-6
1-128	95917-74-1
1-128	95976-70-8
1-128	96024-35-0
1-128	96591-22-9
1-128	96956-51-3
1-128	97198-18-0
1-128	97211-69-3
1-128	97280-84-7
1-128	97358-68-4
1-128	97380-88-6
1-128	97392-83-1
1-128	97403-79-7
1-128	97416-92-7
1-128	97592-60-4
1-128	97592-69-3
1-128	97592-70-6
1-128	97592-71-7
1-128	97659-67-1
1-128	97660-26-9
1-128	97660-41-8
1-128	97660-43-0
1-128	97707-98-7
1-128	97808-74-7
1-128	97808-75-8
1-128	97808-76-9
1-128	97808-77-0
1-128	97809-03-5
1-128	97862-46-9
1-128	98072-83-4
1-128	98171-63-2
1-128	98467-38-0
1-128	98654-21-8
1-128	98710-86-2
1-128	98765-70-9
1-128	99118-57-7
1-128	99148-45-5
1-128	99148-46-6
1-128	99148-47-7
1-128	99148-52-4
1-128	99149-47-0
1-128	99548-94-4
1-128	99625-26-0
1-128	99749-28-7
1-128	P-00-0364
1-128	P-00-0365
1-128	P-00-1057
1-128	P-01-0922
1-128	P-02-0338
1-128	P-02-0893
1-128	P-03-0037
1-128	P-03-0038
1-128	P-80-0102
1-128	P-82-0291
1-128	P-82-0485
1-128	P-82-0518
1-128	P-82-0651
1-128	P-82-0652
1-128	P-82-0702
1-128	P-83-0114
1-128	P-83-0115
1-128	P-83-0243
1-128	P-83-0270
1-128	P-83-0367
1-128	P-83-0378
1-128	P-83-0379
1-128	P-83-0495
1-128	P-83-0893
1-128	P-83-1043
1-128	P-83-1044
1-128	P-84-0063
1-128	P-84-0179
1-128	P-84-1107
1-128	P-84-1132
1-128	P-84-1152
1-128	P-85-1096
1-128	P-85-1314
1-128	P-86-1162
1-128	P-87-0126
1-128	P-88-2087
1-128	P-90-0534
1-128	P-90-1506
1-128	P-90-1796
1-128	P-91-0156
1-128	P-91-0969
1-128	P-91-1278
1-128	P-92-0021
1-128	P-92-0053
1-128	P-93-0711
1-128	P-93-0842
1-128	P-93-0846
1-128	P-93-1557
1-128	P-94-0137
1-128	P-94-0580
1-128	P-94-1752
1-128	P-95-1124
1-128	P-95-1887
1-128	P-96-0329
1-128	P-97-0384
1-128	P-97-0569
1-128	P-98-0117
1-128	P-99-0105
1-128	P-99-0752
1-128	RR-00228-8
1-128	RR-00595-8
1-128	RR-02117-0
1-128	RR-02211-7
1-128	RR-02247-9
1-128	RR-02424-8
1-128	RR-02604-0
1-128	RR-02772-5
1-128	RR-03690-8
1-128	RR-04218-2
1-128	RR-08428-6
1-128	RR-08678-2
1-128	RR-08828-8
1-128	RR-09042-6
1-128	RR-09679-7
1-128	RR-09680-0
1-128	RR-09681-1
1-128	RR-09682-2
1-128	RR-10594-2
1-128	RR-10874-7
1-128	RR-10975-1
1-128	RR-11265-2
1-128	RR-113381-9
1-128	RR-120976-3
1-128	RR-145684-4
1-128	RR-145882-8
1-128	RR-16986-8
1-128	RR-17049-0
1-128	RR-171585-1
1-128	RR-17354-6
1-128	RR-18723-5
1-128	RR-18868-1
1-128	RR-19354-4
1-128	RR-23940-7
1-128	RR-24168-9
1-128	RR-24315-2
1-128	RR-24357-2
1-128	RR-24506-7
1-128	RR-24507-8
1-128	RR-24575-0
1-128	RR-24753-0
1-128	RR-24754-1
1-128	RR-24756-3
1-128	RR-24758-5
1-128	RR-24761-0
1-128	RR-24763-2
1-128	RR-30436-9
1-128	RR-30437-0
1-128	RR-30438-1
1-128	RR-30439-2
1-128	RR-30494-9
1-128	RR-30497-2
1-128	RR-30633-2
1-128	RR-31075-8
1-128	RR-31468-1
1-128	RR-31469-2
1-128	RR-31471-6
1-128	RR-31873-0
1-128	RR-31964-2
1-128	RR-32823-4
1-128	RR-40755-6
1-128	RR-41488-0
1-128	RR-41489-1
1-128	RR-42562-7
1-128	RR-46124-5
1-128	RR-46125-6
1-128	RR-51621-2
1-128	RR-52452-7
1-128	RR-63041-1
1-128	RR-64140-7
1-128	RR-69084-6
1-128	RR-92419-6
1-128	UN1585
1-128	UN1679
1-128	UN1761
1-128	UN2316
1-128	UN2317
1-128	UN2721
1-128	UN2802
1-129	1200828-44-9
1-129	121-44-8
1-129	144514-14-7
1-129	168277-99-4
1-129	172227-74-6
1-129	449752-61-8
1-129	750564-56-8
1-129	UN1296
1-130	105093-20-7
1-130	110670-33-2
1-130	112-24-3
1-130	1309612-46-1
1-130	1404190-34-6
1-130	14175-14-5
1-130	150139-02-9
1-130	193487-08-0
1-130	39421-77-7
1-130	71124-11-3
1-130	801997-18-2
1-130	UN2259
1-131	79-00-5
1-133	76-03-9
1-133	UN1839
1-134	108-77-0
1-134	190086-22-7
1-134	UN2670
1-135	88-06-2
1-136	96-18-4
1-137	120-82-1
1-138	119-93-7
1-139	2451-62-9
1-139	414867-60-0
1-140	106-49-0
1-140	108-44-1
1-140	12221-03-3
1-140	25640-74-8
1-140	26915-12-8
1-140	95-53-4
1-140	UN1708
1-140	UN3451
1-142	108-71-4
1-142	12236-56-5
1-142	124688-01-3
1-142	156031-30-0
1-142	25376-45-8
1-142	26764-44-3
1-142	2687-25-4
1-142	26966-75-6
1-142	33379-31-6
1-142	496-72-0
1-142	62488-19-1
1-142	823-40-5
1-142	85898-88-0
1-142	95-70-5
1-142	95-80-7
1-142	UN1709
1-143	104213-33-4
1-143	110681-06-6
1-143	1186289-23-5
1-143	1204229-13-9
1-143	1204746-08-6
1-143	1211316-67-4
1-143	1260158-01-7
1-143	1321-38-6
1-143	1321-39-7
1-143	1326716-94-2
1-143	1358624-38-0
1-143	136154-22-8
1-143	137091-34-0
1-143	13879-33-9
1-143	14219-05-7
1-143	1421949-89-4
1-143	1422250-41-6
1-143	1422343-79-0
1-143	1432062-26-4
1-143	25321-34-0
1-143	26102-02-3
1-143	26471-62-5
1-143	29033-29-2
1-143	35465-61-3
1-143	50853-47-9
1-143	50985-24-5
1-143	584-84-9
1-143	59539-76-3
1-143	614-90-4
1-143	71215-63-9
1-143	72214-34-7
1-143	7373-19-5
1-143	80498-23-3
1-143	856307-56-7
1-143	86-91-9
1-143	89698-92-0
1-143	91-08-7
1-143	UN2078
1-144	1146-65-2
1-144	72931-45-4
1-144	91-20-3
1-144	UN1334
1-145	3173-72-6
1-146	13520-92-8
1-146	15461-27-5
1-146	7699-43-6
1-147	106-93-4
1-147	22581-63-1
1-147	56729-21-6
1-147	625084-37-9
1-147	8003-07-4
1-147	UN1605
1-148	11105-19-4
1-148	11133-76-9
1-148	112084-17-0
1-148	134631-46-2
1-148	13981-37-8
1-148	13981-99-2
1-148	14336-70-0
1-148	14833-49-9
1-148	14932-64-0
1-148	15766-33-3
1-148	17375-04-1
1-148	195161-84-3
1-148	39303-46-3
1-148	53527-81-4
1-148	61431-86-5
1-148	68583-44-8
1-148	68584-42-9
1-148	7440-02-0
1-148	8049-31-8
1-148	RR-63049-9
1-149	35973-13-8
1-149	91-23-6
1-150	88-74-4
1-151	55-18-5
1-152	924-16-3
1-153	621-64-7
1-154	62-75-9
1-155	126742-50-5
1-155	684-93-5
1-155	820-60-0
1-156	59-89-2
1-157	57158-05-1
1-157	88-72-2
1-158	5522-43-0
1-159	892-21-7
1-160	607-57-8
1-161	17117-34-9
1-162	4165-60-0
1-162	98-95-3
1-162	UN1662
1-163	104306-48-1
1-163	13031-32-8
1-163	75-52-5
1-163	UN1261
1-164	355120-85-3
1-164	75-15-0
1-164	UN1131
1-165	104-40-5
1-165	11066-49-2
1-165	122961-18-6
1-165	1300-16-9
1-165	1323-65-5
1-165	136-83-4
1-165	139-84-4
1-165	142731-63-3
1-165	17404-45-4
1-165	17404-66-9
1-165	186825-36-5
1-165	186825-39-8
1-165	186825-40-1
1-165	25154-52-3
1-165	256459-00-4
1-165	26543-97-5
1-165	27938-31-4
1-165	29832-11-9
1-165	30784-30-6
1-165	521947-27-3
1-165	52427-13-1
1-165	58865-77-3
1-165	68081-86-7
1-165	84852-15-3
1-165	87247-00-5
1-165	90481-04-2
1-165	91000-35-0
1-165	91672-41-2
1-166	100085-47-0
1-166	100403-11-0
1-166	10049-12-4
1-166	10049-16-8
1-166	100656-49-3
1-166	10099-79-3
1-166	1013326-60-7
1-166	10213-09-9
1-166	102482-04-2
1-166	102500-64-1
1-166	102500-65-2
1-166	102500-66-3
1-166	102500-67-4
1-166	102500-68-5
1-166	102500-69-6
1-166	102500-70-9
1-166	102500-71-0
1-166	102511-51-3
1-166	102512-68-5
1-166	102512-69-6
1-166	102512-70-9
1-166	102512-71-0
1-166	102512-72-1
1-166	102857-58-9
1-166	1029364-19-9
1-166	1032826-40-6
1-166	105011-00-5
1-166	105022-72-8
1-166	105659-35-6
1-166	10580-52-6
1-166	106605-76-9
1-166	107253-34-9
1-166	1073145-50-2
1-166	107477-50-9
1-166	107591-88-8
1-166	107591-89-9
1-166	107591-90-2
1-166	107874-58-8
1-166	108150-19-2
1-166	108216-30-4
1-166	108356-94-1
1-166	110666-77-8
1-166	110709-98-3
1-166	110759-61-0
1-166	11077-92-2
1-166	11099-11-9
1-166	11105-06-9
1-166	11105-12-7
1-166	11108-03-5
1-166	11113-42-1
1-166	11113-92-1
1-166	11115-67-6
1-166	11130-21-5
1-166	11130-24-8
1-166	11147-86-7
1-166	111835-66-6
1-166	112286-63-2
1-166	112286-64-3
1-166	112510-41-5
1-166	112764-76-8
1-166	113066-57-2
1-166	113939-12-1
1-166	114901-82-5
1-166	116678-07-0
1-166	116678-08-1
1-166	116678-09-2
1-166	117051-84-0
1-166	117127-55-6
1-166	117127-56-7
1-166	117127-57-8
1-166	117151-16-3
1-166	117655-43-3
1-166	117728-95-7
1-166	118669-74-2
1-166	118669-87-7
1-166	118669-88-8
1-166	118669-89-9
1-166	118669-90-2
1-166	118669-91-3
1-166	118669-92-4
1-166	118669-93-5
1-166	118669-94-6
1-166	118692-75-4
1-166	118819-16-2
1-166	118821-12-8
1-166	118821-13-9
1-166	118821-18-4
1-166	118821-19-5
1-166	118821-20-8
1-166	118851-02-8
1-166	119719-34-5
1-166	119719-35-6
1-166	119719-36-7
1-166	119719-37-8
1-166	119720-10-4
1-166	1197994-50-5
1-166	12007-37-3
1-166	12012-17-8
1-166	12022-76-3
1-166	12026-00-5
1-166	12026-08-3
1-166	12026-42-5
1-166	12033-39-5
1-166	12034-19-4
1-166	12035-98-2
1-166	12036-21-4
1-166	12036-73-6
1-166	12036-78-1
1-166	12037-42-2
1-166	12039-76-8
1-166	12039-87-1
1-166	12045-27-1
1-166	12055-09-3
1-166	12058-11-6
1-166	12058-55-8
1-166	12066-53-4
1-166	12069-91-9
1-166	12070-10-9
1-166	12070-11-0
1-166	12076-63-0
1-166	120805-69-8
1-166	120805-70-1
1-166	12083-48-6
1-166	12108-04-2
1-166	12127-59-2
1-166	12128-12-0
1-166	12137-29-0
1-166	12138-08-8
1-166	12142-65-3
1-166	12143-78-1
1-166	12157-94-7
1-166	12160-91-7
1-166	12163-74-5
1-166	12166-27-7
1-166	121674-52-0
1-166	121674-53-1
1-166	121674-54-2
1-166	121674-55-3
1-166	121674-56-4
1-166	121674-57-5
1-166	121674-58-6
1-166	121674-59-7
1-166	121674-60-0
1-166	121674-61-1
1-166	121674-62-2
1-166	121674-63-3
1-166	121674-64-4
1-166	121674-65-5
1-166	12181-74-7
1-166	12200-82-7
1-166	12200-88-3
1-166	12207-63-5
1-166	12208-00-3
1-166	12210-47-8
1-166	12212-56-5
1-166	122362-50-9
1-166	122434-46-2
1-166	12246-90-1
1-166	12260-63-8
1-166	12271-98-6
1-166	1227211-66-6
1-166	12274-34-9
1-166	12293-15-1
1-166	12299-51-3
1-166	12313-74-5
1-166	123142-20-1
1-166	123142-21-2
1-166	123142-22-3
1-166	12316-01-7
1-166	12316-03-9
1-166	12316-57-3
1-166	123161-71-7
1-166	123161-72-8
1-166	123334-20-3
1-166	12339-47-8
1-166	12344-76-2
1-166	12352-78-2
1-166	12359-27-2
1-166	12397-01-2
1-166	12400-16-7
1-166	12421-53-3
1-166	12435-86-8
1-166	12436-25-8
1-166	12436-28-1
1-166	12439-96-2
1-166	124722-28-7
1-166	124722-29-8
1-166	124722-30-1
1-166	124722-31-2
1-166	124722-32-3
1-166	12503-87-6
1-166	12503-98-9
1-166	12503-99-0
1-166	125233-05-8
1-166	125233-06-9
1-166	125233-07-0
1-166	125233-08-1
1-166	12524-03-7
1-166	125333-64-4
1-166	12542-39-1
1-166	12542-41-5
1-166	125922-89-6
1-166	12593-87-2
1-166	126023-09-4
1-166	126023-12-9
1-166	12604-58-9
1-166	126066-87-3
1-166	126066-88-4
1-166	126066-89-5
1-166	126066-90-8
1-166	126066-91-9
1-166	126066-92-0
1-166	126066-93-1
1-166	12653-88-2
1-166	126701-60-8
1-166	126729-57-5
1-166	126853-49-4
1-166	127318-66-5
1-166	127407-22-1
1-166	127407-23-2
1-166	127549-44-4
1-166	1277-47-0
1-166	129124-53-4
1-166	1293-64-7
1-166	130041-94-0
1-166	130961-91-0
1-166	1314-34-7
1-166	1314-62-1
1-166	1315-03-3
1-166	131877-19-5
1-166	131906-47-3
1-166	132267-54-0
1-166	132267-55-1
1-166	1344-64-5
1-166	13470-26-3
1-166	13476-99-8
1-166	134808-45-0
1-166	134808-46-1
1-166	134883-99-1
1-166	134946-83-1
1-166	13497-94-4
1-166	13517-26-5
1-166	13520-87-1
1-166	13520-90-6
1-166	13537-11-6
1-166	135435-43-7
1-166	13550-50-0
1-166	13566-04-6
1-166	13566-05-7
1-166	13566-07-9
1-166	13566-08-0
1-166	13566-09-1
1-166	13566-11-5
1-166	13566-12-6
1-166	13566-13-7
1-166	13568-56-4
1-166	13568-57-5
1-166	13573-13-2
1-166	13596-17-3
1-166	13597-19-8
1-166	13597-45-0
1-166	13597-58-5
1-166	13597-61-0
1-166	13598-03-3
1-166	13628-52-9
1-166	13628-53-0
1-166	13692-90-5
1-166	13692-91-6
1-166	13692-92-7
1-166	13701-70-7
1-166	13709-31-4
1-166	137113-14-5
1-166	137113-15-6
1-166	13718-26-8
1-166	13721-39-6
1-166	13721-46-5
1-166	13721-47-6
1-166	137511-68-3
1-166	137511-69-4
1-166	137511-70-7
1-166	13759-30-3
1-166	13767-17-4
1-166	13769-43-2
1-166	13814-83-0
1-166	13815-31-1
1-166	13826-78-3
1-166	13864-22-7
1-166	13930-88-6
1-166	13930-95-5
1-166	13939-40-7
1-166	13966-93-3
1-166	13974-19-1
1-166	13977-56-5
1-166	13977-63-4
1-166	13977-64-5
1-166	14024-00-1
1-166	14059-33-7
1-166	1408062-28-1
1-166	14100-64-2
1-166	14293-78-8
1-166	14331-97-6
1-166	14392-01-9
1-166	1440529-21-4
1-166	1452161-90-8
1-166	14542-94-0
1-166	14638-93-8
1-166	14644-55-4
1-166	14705-63-6
1-166	14709-83-2
1-166	14767-37-4
1-166	14867-38-0
1-166	14890-41-6
1-166	14958-34-0
1-166	14974-48-2
1-166	14986-47-1
1-166	14986-94-8
1-166	14986-95-9
1-166	14989-38-9
1-166	15060-59-0
1-166	15066-70-3
1-166	15066-71-4
1-166	1507376-04-6
1-166	15124-04-6
1-166	15364-25-7
1-166	15469-56-4
1-166	15500-04-6
1-166	15513-84-5
1-166	15513-94-7
1-166	15593-56-3
1-166	15597-27-0
1-166	16017-37-1
1-166	16056-72-7
1-166	160891-45-2
1-166	160935-26-2
1-166	1635-99-0
1-166	163961-08-8
1-166	166165-37-3
1-166	16698-96-7
1-166	167077-85-2
1-166	1678543-69-5
1-166	1686-22-2
1-166	1686-23-3
1-166	170621-28-0
1-166	172928-47-1
1-166	1801-76-9
1-166	1801-77-0
1-166	180615-37-6
1-166	184892-22-6
1-166	185860-69-9
1-166	18785-06-3
1-166	18822-50-9
1-166	188478-12-8
1-166	19120-62-8
1-166	195161-77-4
1-166	19851-60-6
1-166	200577-85-1
1-166	20176-43-6
1-166	20176-44-7
1-166	20219-29-8
1-166	203812-34-4
1-166	204864-21-1
1-166	20644-87-5
1-166	207748-42-3
1-166	207925-45-9
1-166	210909-42-5
1-166	210909-43-6
1-166	210909-46-9
1-166	211389-36-5
1-166	2134593-22-7
1-166	21493-51-6
1-166	21773-11-5
1-166	219702-74-6
1-166	22537-31-1
1-166	24261-23-2
1-166	24646-85-3
1-166	24763-58-4
1-166	24910-41-6
1-166	251927-12-5
1-166	25578-30-7
1-166	25955-75-3
1-166	26330-60-9
1-166	264124-84-7
1-166	264124-97-2
1-166	264148-26-7
1-166	26496-12-8
1-166	27318-03-2
1-166	27774-13-6
1-166	27860-55-5
1-166	28597-01-5
1-166	30486-37-4
1-166	30707-87-0
1-166	3153-26-2
1-166	316365-70-5
1-166	32065-17-1
1-166	323183-88-6
1-166	323183-92-2
1-166	32777-32-5
1-166	341026-24-2
1-166	34283-69-7
1-166	3473-84-5
1-166	34895-02-8
1-166	3547-25-9
1-166	35515-91-4
1-166	35828-75-2
1-166	35837-52-6
1-166	35837-53-7
1-166	36139-34-1
1-166	37042-53-8
1-166	37217-48-4
1-166	37280-68-5
1-166	37309-13-0
1-166	38991-25-2
1-166	39096-97-4
1-166	39136-41-9
1-166	39416-30-3
1-166	39455-80-6
1-166	39458-13-4
1-166	410546-90-6
1-166	410546-92-8
1-166	410546-95-1
1-166	412943-96-5
1-166	41922-39-8
1-166	477779-61-6
1-166	51845-72-8
1-166	52014-63-8
1-166	52014-64-9
1-166	52037-34-0
1-166	52089-06-2
1-166	52489-20-0
1-166	52502-12-2
1-166	52514-44-0
1-166	52863-01-1
1-166	52934-13-1
1-166	53185-66-3
1-166	53744-25-5
1-166	53801-77-7
1-166	53966-09-9
1-166	55343-67-4
1-166	5588-84-1
1-166	55892-24-5
1-166	55940-04-0
1-166	56089-44-2
1-166	56451-33-3
1-166	56729-39-6
1-166	56870-07-6
1-166	581075-33-4
1-166	58271-97-9
1-166	58834-75-6
1-166	59164-71-5
1-166	59495-05-5
1-166	59700-70-8
1-166	59865-92-8
1-166	60451-07-2
1-166	60676-73-5
1-166	60953-15-3
1-166	61036-24-6
1-166	62997-24-4
1-166	637035-06-4
1-166	65124-36-9
1-166	65232-89-5
1-166	65997-18-4
1-166	681147-00-2
1-166	68130-18-7
1-166	68130-38-1
1-166	68131-74-8
1-166	68186-93-6
1-166	68186-95-8
1-166	68187-00-8
1-166	68187-01-9
1-166	68510-99-6
1-166	68553-60-6
1-166	68585-80-8
1-166	68585-81-9
1-166	68784-82-7
1-166	68815-09-8
1-166	68918-02-5
1-166	68990-29-4
1-166	69012-25-5
1-166	69012-34-6
1-166	69866-58-6
1-166	69976-01-8
1-166	7082-56-6
1-166	70904-59-5
1-166	70914-46-4
1-166	71724-93-1
1-166	71965-21-4
1-166	72007-96-6
1-166	72901-37-2
1-166	72901-38-3
1-166	72901-40-7
1-166	72901-41-8
1-166	72901-42-9
1-166	73912-43-3
1-166	7440-62-2
1-166	74507-60-1
1-166	74630-99-2
1-166	7632-51-1
1-166	7681-91-6
1-166	7718-98-1
1-166	7727-18-6
1-166	7783-72-4
1-166	7803-55-6
1-166	78937-12-9
1-166	78937-14-1
1-166	79072-81-4
1-166	79628-52-7
1-166	81366-97-4
1-166	82477-27-8
1-166	828264-64-8
1-166	82920-66-9
1-166	83852-52-2
1-166	84144-87-6
1-166	84144-92-3
1-166	84144-98-9
1-166	84777-02-6
1-166	851675-64-4
1-166	854372-97-7
1-166	85536-74-9
1-166	856676-71-6
1-166	85763-73-1
1-166	857777-38-9
1-166	85836-55-1
1-166	863098-64-0
1-166	863639-26-3
1-166	87854-55-5
1-166	87854-56-6
1-166	89256-12-2
1-166	90170-88-0
1-166	90269-03-7
1-166	90604-60-7
1-166	90604-62-9
1-166	90605-20-2
1-166	91082-87-0
1-166	91481-93-5
1-166	91995-23-2
1-166	92129-56-1
1-166	92221-02-8
1-166	931111-73-8
1-166	934750-46-6
1-166	93482-07-6
1-166	93571-76-7
1-166	93585-66-1
1-166	93585-67-2
1-166	93585-68-3
1-166	93585-69-4
1-166	93981-06-7
1-166	94232-42-5
1-166	94233-23-5
1-166	94233-24-6
1-166	94399-09-4
1-166	94553-25-0
1-166	95046-49-4
1-166	950838-94-5
1-166	96152-59-9
1-166	97284-61-2
1-166	97552-72-2
1-166	97812-63-0
1-166	98841-55-5
1-166	98903-75-4
1-166	99035-51-5
1-166	99811-56-0
1-166	P-86-0202
1-166	P-86-0203
1-166	P-95-0973
1-166	RR-00093-1
1-166	RR-03762-7
1-166	RR-09533-0
1-166	RR-09535-2
1-166	RR-12716-2
1-166	RR-146049-7
1-166	RR-146050-0
1-166	RR-146051-1
1-166	RR-16419-2
1-166	RR-169090-0
1-166	RR-169499-1
1-166	RR-214526-8
1-166	RR-214527-9
1-166	RR-32194-8
1-166	RR-32582-6
1-166	RR-33898-7
1-166	RR-41001-5
1-166	RR-41551-0
1-166	RR-41552-1
1-166	RR-42178-3
1-166	RR-42187-4
1-166	RR-55402-9
1-166	UN2443
1-166	UN2444
1-166	UN2475
1-166	UN2859
1-166	UN2861
1-166	UN2862
1-166	UN2863
1-166	UN2864
1-166	UN2931
1-166	UN3285
1-167	158707-49-4
1-167	3618-72-2
1-167	75497-74-4
1-168	101-90-6
1-168	168331-52-0
1-169	1079126-29-6
1-169	111922-61-3
1-169	1135443-10-5
1-169	12768-61-5
1-169	12773-04-5
1-169	137-30-4
1-169	14459-91-7
1-169	17125-91-6
1-169	19488-81-4
1-169	31300-71-7
1-169	50933-80-7
1-169	55870-88-7
1-169	8059-74-3
1-169	8070-07-3
1-169	98391-07-2
1-171	10217-52-4
1-171	119775-10-9
1-171	302-01-2
1-171	31886-26-7
1-171	75013-58-0
1-171	7803-57-8
1-171	78206-91-4
1-171	UN2029
1-172	123-31-9
1-172	57534-13-1
1-172	8027-02-9
1-173	100-40-3
1-173	92619-43-7
1-174	100-69-6
1-175	1229193-78-5
1-175	153631-60-8
1-175	88-12-0
1-175	94800-10-9
1-176	1135443-72-9
1-176	1486-01-7
1-176	56481-93-7
1-176	72931-46-5
1-176	92-52-4
1-177	110-85-0
1-177	142-63-2
1-177	8017-90-1
1-177	8027-81-4
1-177	81546-15-8
1-177	854880-15-2
1-177	861800-35-3
1-177	UN2579
1-178	110-86-1
1-178	152758-95-7
1-178	163392-20-9
1-178	45410-39-7
1-178	62301-32-0
1-178	6999-00-4
1-178	7291-22-7
1-178	733733-47-6
1-178	82005-06-9
1-178	85404-19-9
1-178	85404-20-2
1-178	857961-06-9
1-178	UN1282
1-179	129-00-0
1-179	76165-23-6
1-180	100-63-0
1-180	1057722-40-3
1-180	UN2572
1-181	192076-92-9
1-181	39387-78-5
1-181	457652-80-1
1-181	90-43-7
1-182	941-69-5
1-183	106-50-3
1-183	108-45-2
1-183	1266121-34-9
1-183	1274866-89-5
1-183	25265-76-3
1-183	56481-76-6
1-183	82785-55-5
1-183	95-54-5
1-183	UN1673
1-184	156-43-4
1-185	108-95-2
1-185	13127-88-3
1-185	14534-23-7
1-185	50356-25-7
1-185	8002-07-1
1-185	UN2312
1-187	124743-27-7
1-187	131-17-9
1-187	143318-73-4
1-188	109630-52-6
1-188	117-81-7
1-188	126639-29-0
1-188	137718-37-7
1-188	205180-59-2
1-188	275818-89-8
1-188	40120-69-2
1-188	50885-87-5
1-188	607374-50-5
1-188	8033-53-2
1-188	82208-43-3
1-188	93951-87-2
1-189	84-74-2
1-189	93952-11-5
1-190	85-68-7
1-190	93951-88-3
1-191	144376-83-0
1-191	2426-08-6
1-191	85858-60-2
1-191	921213-37-8
1-192	121-00-6
1-192	1336-31-8
1-192	1341-82-8
1-192	25013-16-5
1-192	31345-37-6
1-192	344312-06-7
1-192	37349-77-2
1-192	56587-66-7
1-192	57534-28-8
1-192	8003-24-5
1-192	8041-81-4
1-192	88-32-4
1-192	9009-68-1
1-193	75-91-2
1-194	10026-17-2
1-194	10028-18-9
1-194	102089-31-6
1-194	11113-73-8
1-194	11113-87-4
1-194	1147709-34-9
1-194	1187680-46-1
1-194	120144-37-8
1-194	12020-82-5
1-194	12125-01-8
1-194	1227263-18-4
1-194	12323-05-6
1-194	12324-56-0
1-194	12324-60-6
1-194	124633-37-0
1-194	12507-30-1
1-194	12507-33-4
1-194	1256490-43-3
1-194	1257076-06-4
1-194	127026-25-9
1-194	13319-75-0
1-194	1333-83-1
1-194	133332-88-4
1-194	13400-13-0
1-194	1341-49-7
1-194	13455-21-5
1-194	13455-27-1
1-194	135446-53-6
1-194	13762-15-7
1-194	13817-36-2
1-194	13817-37-3
1-194	13940-83-5
1-194	13986-18-0
1-194	140406-37-7
1-194	14055-61-9
1-194	14166-78-0
1-194	144705-55-5
1-194	15298-38-1
1-194	153985-02-5
1-194	15818-75-4
1-194	159431-44-4
1-194	16099-75-5
1-194	161288-32-0
1-194	161403-69-6
1-194	1628788-89-5
1-194	165892-23-9
1-194	16671-27-5
1-194	16941-26-7
1-194	16961-83-4
1-194	17022-86-5
1-194	17097-13-1
1-194	178115-94-1
1-194	18623-82-0
1-194	19121-60-9
1-194	204322-87-2
1-194	215303-13-2
1-194	26979-63-5
1-194	26979-64-6
1-194	26979-66-8
1-194	26979-67-9
1-194	26979-72-6
1-194	26979-73-7
1-194	32057-09-3
1-194	326604-75-5
1-194	357290-87-0
1-194	39287-69-9
1-194	39357-86-3
1-194	502760-32-9
1-194	52697-21-9
1-194	59111-23-8
1-194	59217-72-0
1-194	59217-74-2
1-194	59217-75-3
1-194	65086-44-4
1-194	67112-29-2
1-194	70786-97-9
1-194	70876-63-0
1-194	70876-64-1
1-194	73640-07-0
1-194	7664-39-3
1-194	7681-49-4
1-194	7775-41-9
1-194	7783-37-1
1-194	7783-47-3
1-194	7783-49-5
1-194	7783-56-4
1-194	7783-62-2
1-194	7783-64-4
1-194	7783-66-6
1-194	7783-70-2
1-194	7783-82-6
1-194	7787-49-7
1-194	7788-97-8
1-194	7789-19-7
1-194	7789-23-3
1-194	7789-27-7
1-194	7789-29-9
1-194	7789-30-2
1-194	7790-15-0
1-194	7790-79-6
1-194	863982-24-5
1-194	950196-00-6
1-194	96740-33-9
1-194	RR-14161-7
1-194	UN1052
1-194	UN1690
1-194	UN1727
1-194	UN1732
1-194	UN1745
1-194	UN1756
1-194	UN1757
1-194	UN1790
1-194	UN1811
1-194	UN1812
1-194	UN2196
1-194	UN2439
1-194	UN2495
1-194	UN2505
1-194	UN2817
1-194	UN2851
1-194	UN3415
1-194	UN3421
1-194	UN3422
1-195	123-73-9
1-195	15798-64-8
1-195	4170-30-3
1-195	UN1143
1-196	110-00-9
1-196	UN2389
1-197	206-44-0
1-197	93951-69-0
1-198	84987-80-4
1-198	86-73-7
1-199	107-19-7
1-200	106-94-5
1-201	75-26-3
1-202	2909-52-6
1-202	75-25-2
1-202	UN2515
1-203	1361252-19-8
1-203	1519044-64-4
1-203	74-83-9
1-203	UN1062
1-204	1135443-45-6
1-204	118-74-1
1-204	UN2729
1-205	124-09-4
1-205	UN1783
1-206	133394-59-9
1-206	243121-01-9
1-206	280144-19-6
1-206	53192-27-1
1-206	57350-77-3
1-206	63525-90-6
1-206	66368-96-5
1-206	822-06-0
1-206	824958-44-3
1-206	88357-62-4
1-206	UN2281
1-207	110-54-3
1-207	8031-34-3
1-209	1001387-46-7
1-209	106015-10-5
1-209	13466-19-8
1-209	14392-58-6
1-209	398469-95-9
1-209	7727-21-1
1-209	7727-54-0
1-209	7775-27-1
1-209	RR-59575-5
1-209	UN1444
1-209	UN1492
1-209	UN1505
1-210	132324-11-9
1-210	1763-23-1
1-212	28605-64-3
1-212	552-30-7
1-212	68864-89-1
1-212	70425-46-6
1-212	928770-37-0
1-213	56-55-3
1-214	98-07-7
1-214	UN2226
1-216	192-97-2
1-217	205-99-2
1-217	858790-60-0
1-218	205-82-3
1-219	207-08-9
1-219	68756-79-6
1-220	608-93-5
1-221	100-89-0
1-221	1000068-23-4
1-221	100124-06-9
1-221	1001907-57-8
1-221	10024-10-9
1-221	1003298-84-7
1-221	1003300-72-8
1-221	100379-00-8
1-221	1003845-06-4
1-221	1003845-08-6
1-221	1004-35-9
1-221	10043-11-5
1-221	10043-35-3
1-221	10049-36-2
1-221	100622-34-2
1-221	100629-17-2
1-221	100696-37-5
1-221	1008106-86-2
1-221	100858-40-0
1-221	1008796-82-4
1-221	100960-11-0
1-221	1009807-59-3
1-221	100991-78-4
1-221	101-36-0
1-221	1010068-85-5
1-221	1012084-56-8
1-221	101251-09-6
1-221	101269-67-4
1-221	101359-30-2
1-221	10164-64-4
1-221	10167-67-6
1-221	101794-85-8
1-221	101794-86-9
1-221	101830-33-5
1-221	101896-29-1
1-221	101896-31-5
1-221	10192-46-8
1-221	102-24-9
1-221	102-98-7
1-221	1020537-36-3
1-221	102110-26-9
1-221	102110-27-0
1-221	102110-28-1
1-221	102110-29-2
1-221	10214-39-8
1-221	10220-75-4
1-221	1024017-53-5
1-221	1025719-23-6
1-221	102667-32-3
1-221	1026991-29-6
1-221	10290-09-2
1-221	1029089-63-1
1-221	102931-96-4
1-221	10294-33-4
1-221	10294-34-5
1-221	102967-73-7
1-221	10325-39-0
1-221	1032758-80-7
1-221	1032759-30-0
1-221	103287-47-4
1-221	10332-33-9
1-221	1033592-49-2
1-221	103443-42-1
1-221	103443-43-2
1-221	103458-51-1
1-221	103458-52-2
1-221	103458-53-3
1-221	103479-10-3
1-221	1034924-06-5
1-221	103530-80-9
1-221	103570-41-8
1-221	10361-94-1
1-221	10365-98-7
1-221	103650-99-3
1-221	1037067-65-4
1-221	103749-26-4
1-221	10377-81-8
1-221	10379-90-5
1-221	103799-70-8
1-221	10380-06-0
1-221	10388-28-0
1-221	1039387-27-3
1-221	1039387-28-4
1-221	103986-53-4
1-221	103989-84-0
1-221	104114-70-7
1-221	104116-17-8
1-221	104376-24-1
1-221	1046785-37-8
1-221	104716-22-5
1-221	104780-67-8
1-221	1048008-82-7
1-221	10486-00-7
1-221	1049687-34-4
1-221	10504-60-6
1-221	105224-90-6
1-221	10535-03-2
1-221	10555-76-7
1-221	105560-52-9
1-221	1056477-09-8
1-221	1058062-64-8
1-221	10581-11-0
1-221	106008-93-9
1-221	106008-94-0
1-221	106083-56-1
1-221	106083-57-2
1-221	106102-84-5
1-221	106143-68-4
1-221	106210-01-9
1-221	106356-53-0
1-221	106372-94-5
1-221	1065010-88-9
1-221	106951-44-4
1-221	106996-53-6
1-221	107065-10-1
1-221	107099-99-0
1-221	107264-09-5
1-221	1072943-15-7
1-221	1072944-18-3
1-221	1072951-89-3
1-221	1072952-25-0
1-221	1073354-70-7
1-221	1073354-74-1
1-221	1073355-14-2
1-221	1073371-99-9
1-221	107500-09-4
1-221	107500-10-7
1-221	107758-58-7
1-221	107763-05-3
1-221	107763-06-4
1-221	107827-91-8
1-221	107929-40-8
1-221	1082208-66-9
1-221	108662-77-7
1-221	1087345-28-5
1-221	108847-20-7
1-221	108847-76-3
1-221	1088528-17-9
1-221	108915-51-1
1-221	10894-33-4
1-221	109-63-7
1-221	109001-02-7
1-221	109299-78-7
1-221	109339-49-3
1-221	1093407-58-9
1-221	1095-03-0
1-221	109532-46-9
1-221	109604-88-8
1-221	109704-86-1
1-221	109704-87-2
1-221	109704-88-3
1-221	109911-66-2
1-221	110-51-0
1-221	110271-56-2
1-221	1104011-35-9
1-221	1104637-40-2
1-221	110601-75-7
1-221	110602-07-8
1-221	110603-36-6
1-221	110622-74-7
1-221	110659-93-3
1-221	1106784-67-1
1-221	110686-90-3
1-221	110687-04-2
1-221	110687-06-4
1-221	110687-07-5
1-221	11070-95-4
1-221	11070-96-5
1-221	11071-48-0
1-221	11071-55-9
1-221	11081-84-8
1-221	110831-31-7
1-221	110881-46-4
1-221	1109-15-5
1-221	11092-86-7
1-221	11097-89-5
1-221	11099-25-5
1-221	11113-50-1
1-221	11121-16-7
1-221	11128-29-3
1-221	11128-98-6
1-221	1113-78-6
1-221	11130-11-3
1-221	11130-12-4
1-221	11130-13-5
1-221	11138-47-9
1-221	1115251-57-4
1-221	1115639-92-3
1-221	1116-39-8
1-221	1116-61-6
1-221	111821-49-9
1-221	112022-83-0
1-221	112155-41-6
1-221	112155-42-7
1-221	112155-43-8
1-221	112155-44-9
1-221	112155-45-0
1-221	112204-57-6
1-221	112539-55-6
1-221	112592-62-8
1-221	112653-88-0
1-221	112653-89-1
1-221	112653-90-4
1-221	112874-88-1
1-221	112909-91-8
1-221	113114-04-8
1-221	113160-32-0
1-221	1132709-14-8
1-221	1132709-15-9
1-221	1132709-16-0
1-221	1135-51-9
1-221	113784-20-6
1-221	113787-07-8
1-221	113787-08-9
1-221	113893-08-6
1-221	1142363-56-1
1-221	114367-12-3
1-221	114492-02-3
1-221	1147315-11-4
1-221	114803-11-1
1-221	114901-42-7
1-221	114901-43-8
1-221	114965-83-2
1-221	114965-84-3
1-221	115-81-1
1-221	1150114-77-4
1-221	1150114-80-9
1-221	115372-65-1
1-221	115372-66-2
1-221	115377-94-1
1-221	115390-29-9
1-221	1155911-88-8
1-221	115656-07-0
1-221	1158178-98-3
1-221	1158840-74-4
1-221	115887-05-3
1-221	1160102-15-7
1-221	116049-38-8
1-221	1160561-31-8
1-221	1161937-32-1
1-221	116285-03-1
1-221	116285-04-2
1-221	116348-63-1
1-221	116378-40-6
1-221	116590-53-5
1-221	1165936-00-4
1-221	1167418-13-4
1-221	1168135-03-2
1-221	116999-16-7
1-221	117051-57-7
1-221	117098-93-8
1-221	117151-71-0
1-221	117167-50-7
1-221	117315-62-5
1-221	117315-63-6
1-221	117440-22-9
1-221	117522-01-7
1-221	117522-03-9
1-221	117603-38-0
1-221	1178564-64-1
1-221	117947-85-0
1-221	118062-05-8
1-221	1184730-82-2
1-221	1184850-50-7
1-221	118574-17-7
1-221	118601-90-4
1-221	118612-00-3
1-221	1186126-93-1
1-221	1186126-94-2
1-221	118648-53-6
1-221	1187571-02-3
1-221	118786-96-2
1-221	1189141-72-7
1-221	1189141-74-9
1-221	118956-66-4
1-221	1190226-63-1
1-221	119192-22-2
1-221	1192423-33-8
1-221	119264-78-7
1-221	119495-39-5
1-221	1195-66-0
1-221	1195511-56-8
1-221	1195511-66-0
1-221	1195995-72-2
1-221	119618-67-6
1-221	119634-42-3
1-221	119855-17-3
1-221	12001-68-2
1-221	12005-61-7
1-221	12005-69-5
1-221	12005-70-8
1-221	12006-77-8
1-221	12006-78-9
1-221	12006-79-0
1-221	12006-80-3
1-221	12006-84-7
1-221	12006-85-8
1-221	12006-86-9
1-221	12006-98-3
1-221	12006-99-4
1-221	12007-00-0
1-221	12007-01-1
1-221	12007-02-2
1-221	12007-07-7
1-221	12007-08-8
1-221	12007-09-9
1-221	12007-10-2
1-221	12007-16-8
1-221	12007-18-0
1-221	12007-23-7
1-221	12007-24-8
1-221	12007-25-9
1-221	12007-27-1
1-221	12007-28-2
1-221	12007-29-3
1-221	12007-33-9
1-221	12007-34-0
1-221	12007-35-1
1-221	12007-36-2
1-221	12007-38-4
1-221	12007-40-8
1-221	12007-41-9
1-221	12007-42-0
1-221	12007-46-4
1-221	12007-56-6
1-221	12007-57-7
1-221	12007-58-8
1-221	12007-60-2
1-221	12007-61-3
1-221	12007-62-4
1-221	12007-66-8
1-221	12007-67-9
1-221	12007-73-7
1-221	12007-81-7
1-221	12007-83-9
1-221	12007-84-0
1-221	12007-88-4
1-221	12007-89-5
1-221	12007-90-8
1-221	12007-91-9
1-221	12007-92-0
1-221	12007-97-5
1-221	12007-98-6
1-221	12007-99-7
1-221	12008-02-5
1-221	12008-04-7
1-221	12008-05-8
1-221	12008-06-9
1-221	12008-21-8
1-221	12008-23-0
1-221	12008-25-2
1-221	12008-27-4
1-221	12008-29-6
1-221	12008-30-9
1-221	12008-31-0
1-221	12008-32-1
1-221	12008-33-2
1-221	12008-40-1
1-221	12008-41-2
1-221	12008-61-6
1-221	12008-75-2
1-221	12008-78-5
1-221	12008-82-1
1-221	12011-54-0
1-221	120114-03-6
1-221	120149-44-2
1-221	120153-08-4
1-221	120307-06-4
1-221	120317-02-4
1-221	1203809-92-0
1-221	12040-58-3
1-221	12040-72-1
1-221	12041-50-8
1-221	12041-54-2
1-221	12045-01-1
1-221	12045-15-7
1-221	12045-16-8
1-221	12045-19-1
1-221	12045-23-7
1-221	12045-25-9
1-221	12045-27-1
1-221	12045-28-2
1-221	12045-29-3
1-221	12045-40-8
1-221	12045-54-4
1-221	12045-56-6
1-221	12045-58-8
1-221	12045-60-2
1-221	12045-63-5
1-221	12045-64-6
1-221	12045-67-9
1-221	12045-71-5
1-221	12045-77-1
1-221	12045-78-2
1-221	12045-88-4
1-221	12045-93-1
1-221	12045-94-2
1-221	12046-03-6
1-221	12046-04-7
1-221	12046-08-1
1-221	12046-33-2
1-221	12046-36-5
1-221	12046-37-6
1-221	12046-54-7
1-221	12046-55-8
1-221	12046-71-8
1-221	12046-75-2
1-221	12046-88-7
1-221	12046-89-8
1-221	12046-91-2
1-221	120471-30-9
1-221	1206641-26-0
1-221	12069-32-8
1-221	12070-78-9
1-221	12070-92-7
1-221	12075-36-4
1-221	12075-73-9
1-221	120806-21-5
1-221	120806-22-6
1-221	120806-23-7
1-221	12081-54-8
1-221	12084-74-1
1-221	121-43-7
1-221	121021-24-7
1-221	12107-76-5
1-221	121124-97-8
1-221	12113-07-4
1-221	12115-61-6
1-221	121219-12-3
1-221	121219-16-7
1-221	121263-57-8
1-221	121458-81-9
1-221	1214752-85-8
1-221	1214752-86-9
1-221	1214752-87-0
1-221	12152-94-2
1-221	121554-18-5
1-221	12170-19-3
1-221	1217267-31-6
1-221	12179-04-3
1-221	12179-62-3
1-221	121833-97-4
1-221	121833-98-5
1-221	122-56-5
1-221	122021-38-9
1-221	122094-82-0
1-221	122141-73-5
1-221	12228-13-6
1-221	12228-28-3
1-221	12228-39-6
1-221	12228-40-9
1-221	12228-45-4
1-221	12228-49-8
1-221	12228-50-1
1-221	12228-69-2
1-221	12228-87-4
1-221	12228-91-0
1-221	12229-02-6
1-221	12229-03-7
1-221	12229-13-9
1-221	12229-42-4
1-221	12229-63-9
1-221	12230-30-7
1-221	12230-32-9
1-221	122326-45-8
1-221	122326-46-9
1-221	122390-67-4
1-221	1224696-94-9
1-221	122574-96-3
1-221	12258-53-6
1-221	12260-22-9
1-221	122600-40-2
1-221	122600-41-3
1-221	12263-77-3
1-221	1226495-19-7
1-221	12265-21-3
1-221	12267-73-1
1-221	12271-95-3
1-221	12271-96-4
1-221	122775-35-3
1-221	1227947-10-5
1-221	12280-03-4
1-221	1228691-72-2
1-221	1228692-95-2
1-221	12291-65-5
1-221	122996-62-7
1-221	12305-68-9
1-221	12305-71-4
1-221	123051-21-8
1-221	12307-40-3
1-221	123088-59-5
1-221	12310-43-9
1-221	12310-44-0
1-221	12310-47-3
1-221	12316-49-3
1-221	1231953-83-5
1-221	12322-79-1
1-221	12322-85-9
1-221	12330-68-6
1-221	12330-74-4
1-221	123334-27-0
1-221	12346-97-3
1-221	1234633-47-6
1-221	12351-99-4
1-221	12359-99-8
1-221	1236181-93-3
1-221	123627-59-8
1-221	123627-60-1
1-221	123627-61-2
1-221	123627-62-3
1-221	123627-63-4
1-221	12386-10-6
1-221	12409-02-8
1-221	12409-08-4
1-221	124205-69-2
1-221	12421-54-4
1-221	1242163-02-5
1-221	1242163-03-6
1-221	12429-66-2
1-221	12429-94-6
1-221	12430-27-2
1-221	124304-90-1
1-221	124304-91-2
1-221	124304-92-3
1-221	124304-95-6
1-221	1243984-43-1
1-221	124411-50-3
1-221	124423-20-7
1-221	12446-87-6
1-221	12447-38-0
1-221	12447-40-4
1-221	12447-59-5
1-221	12447-61-9
1-221	12448-25-8
1-221	1246355-63-4
1-221	124697-00-3
1-221	1247014-60-3
1-221	124747-65-5
1-221	124756-59-8
1-221	125022-34-6
1-221	125025-86-7
1-221	12505-77-0
1-221	12505-83-8
1-221	125063-87-8
1-221	125078-58-2
1-221	12513-18-7
1-221	12513-27-8
1-221	12536-51-5
1-221	12536-52-6
1-221	12537-86-9
1-221	12539-98-9
1-221	125391-69-7
1-221	12540-04-4
1-221	125431-77-8
1-221	125441-92-1
1-221	12545-87-8
1-221	12550-98-0
1-221	125552-50-3
1-221	1256355-23-3
1-221	1256355-32-4
1-221	125700-67-6
1-221	1257554-93-0
1-221	1258780-51-6
1-221	12589-11-6
1-221	12589-17-2
1-221	12589-37-6
1-221	1259534-55-8
1-221	12602-45-8
1-221	12619-64-6
1-221	12619-68-0
1-221	12619-90-8
1-221	1262222-67-2
1-221	1262222-68-3
1-221	1262281-53-7
1-221	1262281-54-8
1-221	1262426-51-6
1-221	1262492-42-1
1-221	12626-91-4
1-221	12627-39-3
1-221	12627-80-4
1-221	1262801-47-7
1-221	1262951-71-2
1-221	12631-71-9
1-221	12634-09-2
1-221	126345-68-4
1-221	12640-42-5
1-221	12653-55-3
1-221	12653-88-2
1-221	126604-56-6
1-221	126604-75-9
1-221	126604-76-0
1-221	126661-05-0
1-221	1266721-18-9
1-221	126689-01-8
1-221	126726-62-3
1-221	12673-91-5
1-221	12673-92-6
1-221	12674-33-8
1-221	126747-14-6
1-221	126757-08-2
1-221	12676-27-6
1-221	12676-28-7
1-221	12676-29-8
1-221	12676-62-9
1-221	1268472-42-9
1-221	1268629-74-8
1-221	12688-51-6
1-221	12688-52-7
1-221	12692-95-4
1-221	126931-72-4
1-221	12703-76-3
1-221	12707-29-8
1-221	127087-85-8
1-221	12710-06-4
1-221	12712-38-8
1-221	12712-39-9
1-221	12712-70-8
1-221	127241-61-6
1-221	127335-77-7
1-221	12737-39-2
1-221	127408-00-8
1-221	12741-10-5
1-221	127486-87-7
1-221	12758-22-4
1-221	12758-24-6
1-221	12767-90-7
1-221	12769-33-4
1-221	12777-46-7
1-221	127800-89-9
1-221	12785-49-8
1-221	12788-79-3
1-221	12794-91-1
1-221	12795-04-9
1-221	127972-02-5
1-221	1282-37-7
1-221	1283-58-5
1-221	128312-11-8
1-221	128376-64-7
1-221	128388-54-5
1-221	128409-73-4
1-221	1284221-62-0
1-221	128733-85-7
1-221	128767-51-1
1-221	128767-52-2
1-221	128796-39-4
1-221	129211-47-8
1-221	129235-97-8
1-221	129271-98-3
1-221	129306-33-8
1-221	129672-77-1
1-221	130000-40-7
1-221	130005-28-6
1-221	1301243-49-1
1-221	1301243-64-0
1-221	130125-94-9
1-221	130125-95-0
1-221	130125-96-1
1-221	130144-46-6
1-221	130293-66-2
1-221	1303-67-9
1-221	1303-68-0
1-221	1303-72-6
1-221	1303-73-7
1-221	1303-74-8
1-221	1303-86-2
1-221	1303-92-0
1-221	1303-93-1
1-221	1303-94-2
1-221	1303-96-4
1-221	1303-97-5
1-221	13034-02-1
1-221	1304-00-3
1-221	1304-01-4
1-221	1304-02-5
1-221	130459-08-4
1-221	130536-01-5
1-221	130540-08-8
1-221	13061-96-6
1-221	13072-44-1
1-221	1310384-51-0
1-221	1310384-58-7
1-221	131112-05-5
1-221	1313038-01-5
1-221	131344-48-4
1-221	131347-01-8
1-221	1314012-56-0
1-221	1314087-69-8
1-221	1314216-34-6
1-221	1315317-92-0
1-221	131534-65-1
1-221	131549-38-7
1-221	1318-33-8
1-221	1318-40-7
1-221	1319-33-1
1-221	131935-17-6
1-221	13195-76-1
1-221	13205-44-2
1-221	132238-44-9
1-221	132315-59-4
1-221	13276-04-5
1-221	13283-31-3
1-221	13289-97-9
1-221	132901-21-4
1-221	13292-87-0
1-221	1330-43-4
1-221	1330063-14-3
1-221	13308-51-5
1-221	133097-00-4
1-221	13317-64-1
1-221	13319-75-0
1-221	1332-07-6
1-221	1332-28-1
1-221	1332-77-0
1-221	1333-73-9
1-221	13331-23-2
1-221	13331-27-6
1-221	13331-55-0
1-221	133441-42-6
1-221	133441-46-0
1-221	1335150-88-3
1-221	1337-26-4
1-221	133730-34-4
1-221	133951-38-9
1-221	134030-71-0
1-221	134150-01-9
1-221	134161-99-2
1-221	13423-86-4
1-221	134398-22-4
1-221	1344-07-6
1-221	1344-90-7
1-221	1345245-20-6
1-221	13453-69-5
1-221	13460-50-9
1-221	13460-51-0
1-221	13465-88-8
1-221	134758-95-5
1-221	134896-34-7
1-221	134914-32-2
1-221	13510-31-1
1-221	135145-90-3
1-221	135156-10-4
1-221	13517-10-7
1-221	13517-20-9
1-221	1352828-70-6
1-221	13533-00-1
1-221	135403-53-1
1-221	135495-66-8
1-221	135518-85-3
1-221	1356962-03-2
1-221	135884-31-0
1-221	135890-30-1
1-221	135929-44-1
1-221	135954-05-1
1-221	136040-19-2
1-221	1361021-23-9
1-221	1361021-37-5
1-221	136349-33-2
1-221	136466-94-9
1-221	136496-72-5
1-221	13669-76-6
1-221	136710-93-5
1-221	136770-24-6
1-221	136770-25-7
1-221	136770-26-8
1-221	136770-27-9
1-221	13682-77-4
1-221	136938-73-3
1-221	136938-74-4
1-221	136938-75-5
1-221	136938-76-6
1-221	136939-06-5
1-221	137002-26-7
1-221	13701-59-2
1-221	13701-60-5
1-221	13701-61-6
1-221	13701-64-9
1-221	13701-66-1
1-221	13701-67-2
1-221	13701-68-3
1-221	13703-82-7
1-221	13703-84-9
1-221	13703-85-0
1-221	13703-86-1
1-221	13703-94-1
1-221	13703-96-3
1-221	13703-99-6
1-221	13709-66-5
1-221	13709-86-9
1-221	13709-93-8
1-221	13709-94-9
1-221	13709-95-0
1-221	137297-49-5
1-221	13730-91-1
1-221	1373494-71-3
1-221	137456-23-6
1-221	1374667-27-2
1-221	13755-29-8
1-221	13762-51-1
1-221	13764-83-5
1-221	13764-84-6
1-221	13766-26-2
1-221	13766-28-4
1-221	13767-36-7
1-221	13767-68-5
1-221	13768-60-0
1-221	13768-64-4
1-221	13769-41-0
1-221	13770-24-6
1-221	13773-00-7
1-221	13774-56-6
1-221	13780-71-7
1-221	138-88-5
1-221	138072-88-5
1-221	13813-78-0
1-221	13813-79-1
1-221	13814-93-2
1-221	13814-96-5
1-221	13814-97-6
1-221	13814-98-7
1-221	13826-27-2
1-221	13826-83-0
1-221	13826-86-3
1-221	13826-88-5
1-221	138265-88-0
1-221	1383706-94-2
1-221	1383782-37-3
1-221	1383793-75-6
1-221	1383931-70-1
1-221	13840-10-3
1-221	13840-54-5
1-221	13840-55-6
1-221	13840-56-7
1-221	13840-87-4
1-221	13840-88-5
1-221	13840-94-3
1-221	1384165-12-1
1-221	13862-62-9
1-221	138642-62-3
1-221	13876-97-6
1-221	13876-98-7
1-221	13877-16-2
1-221	13877-20-8
1-221	138900-55-7
1-221	139-04-8
1-221	13922-41-3
1-221	139301-27-2
1-221	139354-75-9
1-221	13965-73-6
1-221	139754-81-7
1-221	139911-27-6
1-221	140-02-3
1-221	140148-87-4
1-221	1402929-36-5
1-221	14034-78-7
1-221	14044-65-6
1-221	14047-29-1
1-221	14059-35-9
1-221	14060-30-1
1-221	140623-89-8
1-221	14066-12-7
1-221	14066-13-8
1-221	14066-17-2
1-221	140681-55-6
1-221	140681-69-2
1-221	14075-53-7
1-221	14089-96-4
1-221	14090-22-3
1-221	14104-17-7
1-221	14104-20-2
1-221	14104-97-3
1-221	14105-09-0
1-221	141091-37-4
1-221	1414852-51-9
1-221	141714-54-7
1-221	141785-76-4
1-221	141981-64-8
1-221	142172-51-8
1-221	1423-26-3
1-221	1423-27-4
1-221	1423809-66-8
1-221	142517-56-4
1-221	1426169-41-6
1-221	14283-07-9
1-221	14283-93-3
1-221	1428333-90-7
1-221	1428333-91-8
1-221	1429516-97-1
1-221	143-66-8
1-221	14312-40-4
1-221	14320-98-0
1-221	14321-02-9
1-221	14323-64-9
1-221	14323-65-0
1-221	143314-16-3
1-221	143418-49-9
1-221	14355-21-6
1-221	14355-30-7
1-221	143651-26-7
1-221	1438896-92-4
1-221	1439384-78-7
1-221	144104-59-6
1-221	144188-76-1
1-221	1443500-22-8
1-221	1443531-60-9
1-221	1443765-60-3
1-221	144432-78-0
1-221	144432-85-9
1-221	144481-06-1
1-221	14452-61-0
1-221	14480-05-8
1-221	14485-18-8
1-221	14485-20-2
1-221	14486-19-2
1-221	14486-20-5
1-221	1448671-27-9
1-221	1448962-82-0
1-221	144919-64-2
1-221	145240-28-4
1-221	145413-17-8
1-221	145459-43-4
1-221	145477-02-7
1-221	14568-16-2
1-221	1458684-27-9
1-221	145965-14-6
1-221	146140-95-6
1-221	14635-75-7
1-221	146397-16-2
1-221	14643-62-0
1-221	146449-90-3
1-221	14650-00-1
1-221	14660-17-4
1-221	146631-00-7
1-221	14680-77-4
1-221	146862-02-4
1-221	14697-50-8
1-221	1469984-11-9
1-221	14708-11-3
1-221	14708-13-5
1-221	14708-14-6
1-221	147102-03-2
1-221	147102-97-4
1-221	1471314-23-4
1-221	14720-53-7
1-221	14720-55-9
1-221	1472633-72-9
1-221	1473420-34-6
1-221	14735-84-3
1-221	14750-98-2
1-221	147621-18-9
1-221	1481-38-5
1-221	148493-34-9
1-221	148546-82-1
1-221	148713-70-6
1-221	14874-10-3
1-221	14874-70-5
1-221	148839-33-2
1-221	148861-07-8
1-221	14890-53-0
1-221	149-13-3
1-221	14900-39-1
1-221	149027-54-3
1-221	149104-88-1
1-221	149104-90-5
1-221	149105-19-1
1-221	14940-94-4
1-221	1495-72-3
1-221	149507-26-6
1-221	149557-18-6
1-221	149682-75-7
1-221	149749-62-2
1-221	149749-63-3
1-221	14975-23-6
1-221	14983-42-7
1-221	150-46-9
1-221	15003-70-0
1-221	15016-42-9
1-221	15016-43-0
1-221	150255-96-2
1-221	150691-04-6
1-221	151169-67-4
1-221	151169-74-3
1-221	151169-75-4
1-221	15120-21-5
1-221	15124-13-7
1-221	1516-55-8
1-221	151706-14-8
1-221	1520030-54-9
1-221	152221-33-5
1-221	15246-28-3
1-221	15277-97-1
1-221	15278-77-0
1-221	15283-48-4
1-221	15283-51-9
1-221	15293-74-0
1-221	15293-77-3
1-221	153035-56-4
1-221	153035-62-2
1-221	153096-90-3
1-221	153122-60-2
1-221	153148-27-7
1-221	153254-09-2
1-221	153325-45-2
1-221	1533406-38-0
1-221	153624-38-5
1-221	153624-44-3
1-221	153624-46-5
1-221	15387-98-1
1-221	153965-50-5
1-221	1542157-45-8
1-221	154230-29-2
1-221	15433-36-0
1-221	15433-40-6
1-221	154518-35-1
1-221	154855-73-9
1-221	154960-10-8
1-221	155123-44-7
1-221	15522-59-5
1-221	15525-13-0
1-221	15525-15-2
1-221	15538-67-7
1-221	15582-80-6
1-221	15595-91-2
1-221	15621-47-3
1-221	15640-93-4
1-221	15648-16-5
1-221	15652-65-0
1-221	156545-07-2
1-221	156635-87-9
1-221	156641-98-4
1-221	156682-54-1
1-221	156684-91-2
1-221	15675-97-5
1-221	15681-89-7
1-221	15684-35-2
1-221	15684-36-3
1-221	15688-21-8
1-221	15689-07-3
1-221	157410-23-6
1-221	15768-95-3
1-221	157834-21-4
1-221	15819-03-1
1-221	1582-24-7
1-221	15834-46-5
1-221	158523-05-8
1-221	15875-25-9
1-221	158895-16-0
1-221	158895-17-1
1-221	159020-59-4
1-221	159119-10-5
1-221	15915-03-4
1-221	159191-56-7
1-221	15930-18-4
1-221	15935-90-7
1-221	159565-88-5
1-221	160032-40-6
1-221	1602495-57-7
1-221	16045-88-8
1-221	160591-91-3
1-221	160611-21-2
1-221	160798-95-8
1-221	160798-96-9
1-221	160798-97-0
1-221	16089-83-1
1-221	161088-90-0
1-221	1611441-08-7
1-221	161308-26-5
1-221	1613508-72-7
1-221	1613511-59-3
1-221	161374-81-8
1-221	16152-51-5
1-221	1615228-07-3
1-221	1615228-13-1
1-221	161907-80-8
1-221	161950-10-3
1-221	162101-25-9
1-221	162101-31-7
1-221	1622210-63-2
1-221	1622210-64-3
1-221	162241-33-0
1-221	16239-25-1
1-221	1624850-63-0
1-221	162607-15-0
1-221	162607-18-3
1-221	162607-20-7
1-221	162662-27-3
1-221	1628073-40-4
1-221	1628260-45-6
1-221	1630-79-1
1-221	163105-89-3
1-221	163105-90-6
1-221	1631149-30-8
1-221	163129-14-4
1-221	16339-28-9
1-221	16343-08-1
1-221	163517-56-4
1-221	163517-62-2
1-221	163616-01-1
1-221	163678-43-1
1-221	163701-88-0
1-221	163701-93-7
1-221	163701-95-9
1-221	163701-97-1
1-221	163751-28-8
1-221	163751-29-9
1-221	163751-31-3
1-221	163858-17-1
1-221	1638608-70-4
1-221	164014-95-3
1-221	164220-57-9
1-221	16430-93-6
1-221	164461-18-1
1-221	165059-42-7
1-221	165191-87-7
1-221	165390-92-1
1-221	166316-48-9
1-221	166328-16-1
1-221	166514-73-4
1-221	166526-82-5
1-221	16664-33-8
1-221	167077-83-0
1-221	167747-78-6
1-221	167776-69-4
1-221	1679-18-1
1-221	168267-41-2
1-221	168267-99-0
1-221	168278-04-4
1-221	16859-20-4
1-221	168618-42-6
1-221	168641-59-6
1-221	16872-09-6
1-221	16872-11-0
1-221	16883-45-7
1-221	16903-32-5
1-221	16903-52-9
1-221	16903-61-0
1-221	1692-15-5
1-221	1692-25-7
1-221	1693-71-6
1-221	16940-17-3
1-221	16940-66-2
1-221	16949-15-8
1-221	16962-07-5
1-221	16970-81-3
1-221	16971-82-7
1-221	16986-24-6
1-221	17035-66-4
1-221	170557-43-4
1-221	17083-85-1
1-221	17097-11-9
1-221	17097-12-0
1-221	170981-26-7
1-221	171364-80-0
1-221	171364-83-3
1-221	17156-85-3
1-221	171915-81-4
1-221	172018-47-2
1-221	172146-69-9
1-221	1722-26-5
1-221	172515-29-6
1-221	172732-52-4
1-221	172908-18-8
1-221	172975-69-8
1-221	1730-69-4
1-221	17313-85-8
1-221	17372-42-8
1-221	173730-24-0
1-221	1739-52-2
1-221	1739-53-3
1-221	17440-85-6
1-221	174669-73-9
1-221	174778-59-7
1-221	174778-60-0
1-221	175883-60-0
1-221	175883-62-2
1-221	175883-63-3
1-221	17596-45-1
1-221	176046-02-9
1-221	17631-41-3
1-221	1765-93-1
1-221	176976-42-4
1-221	17702-41-9
1-221	17745-45-8
1-221	17747-81-8
1-221	177490-82-3
1-221	1776-66-5
1-221	17768-83-1
1-221	178233-72-2
1-221	178439-26-4
1-221	17865-11-1
1-221	178752-79-9
1-221	17927-57-0
1-221	17933-03-8
1-221	17950-04-8
1-221	17979-81-6
1-221	179897-94-0
1-221	179899-07-1
1-221	1803-36-7
1-221	180472-48-4
1-221	180516-87-4
1-221	18099-45-1
1-221	181-77-1
1-221	181120-10-5
1-221	181219-01-2
1-221	181259-35-8
1-221	1813-60-1
1-221	181797-81-9
1-221	182163-96-8
1-221	182235-77-4
1-221	182344-16-7
1-221	182344-18-9
1-221	182344-23-6
1-221	18283-88-0
1-221	18283-93-7
1-221	1830-95-1
1-221	183135-74-2
1-221	183158-34-1
1-221	183290-62-2
1-221	18352-86-8
1-221	1838-13-7
1-221	183960-95-4
1-221	1840-60-4
1-221	18424-08-3
1-221	18433-84-6
1-221	18583-60-3
1-221	1863118-29-9
1-221	1868-76-4
1-221	188582-63-0
1-221	188920-96-9
1-221	188920-97-0
1-221	18909-68-7
1-221	18909-69-8
1-221	189315-02-4
1-221	189947-86-2
1-221	19013-38-8
1-221	190280-66-1
1-221	190788-59-1
1-221	19088-11-0
1-221	190903-71-0
1-221	1911-95-1
1-221	191162-39-7
1-221	191162-40-0
1-221	19142-30-4
1-221	19162-21-1
1-221	191665-41-5
1-221	192182-54-0
1-221	192182-56-2
1-221	19223-62-2
1-221	192332-89-1
1-221	19287-45-7
1-221	19287-88-8
1-221	19306-59-3
1-221	19324-14-2
1-221	193687-63-7
1-221	193829-80-0
1-221	193906-27-3
1-221	19399-03-2
1-221	19442-58-1
1-221	19465-30-6
1-221	19536-84-6
1-221	19585-43-4
1-221	195967-39-6
1-221	196083-18-8
1-221	196212-27-8
1-221	19624-22-7
1-221	19708-89-5
1-221	197223-36-2
1-221	1993-03-9
1-221	200443-98-7
1-221	201733-56-4
1-221	201802-67-7
1-221	20190-34-5
1-221	20205-91-8
1-221	2023-36-1
1-221	20236-81-1
1-221	20255-41-8
1-221	203389-28-0
1-221	20346-99-0
1-221	203927-98-4
1-221	20436-27-5
1-221	204841-19-0
1-221	2049-55-0
1-221	205393-22-2
1-221	20542-97-6
1-221	20571-45-3
1-221	206185-77-5
1-221	20620-87-5
1-221	20648-89-9
1-221	20654-88-0
1-221	206551-43-1
1-221	206658-89-1
1-221	206760-59-0
1-221	20740-05-0
1-221	207803-51-8
1-221	20786-60-1
1-221	208399-66-0
1-221	2087499-33-8
1-221	20905-32-2
1-221	20905-35-5
1-221	2095571-59-6
1-221	21097-80-3
1-221	21105-05-5
1-221	21107-27-7
1-221	2118-02-7
1-221	21205-65-2
1-221	21205-91-4
1-221	212271-71-1
1-221	212386-71-5
1-221	212837-49-5
1-221	213211-69-9
1-221	213318-44-6
1-221	21368-35-4
1-221	214210-21-6
1-221	214360-45-9
1-221	214360-46-0
1-221	214360-51-7
1-221	214360-59-5
1-221	2145-24-6
1-221	21482-59-7
1-221	214907-24-1
1-221	215527-70-1
1-221	21555-99-7
1-221	2156-04-9
1-221	21581-60-2
1-221	215951-86-3
1-221	216019-28-2
1-221	216485-86-8
1-221	2167-26-2
1-221	2169-38-2
1-221	216987-54-1
1-221	2177237-24-8
1-221	21797-13-7
1-221	21872-70-8
1-221	219489-09-5
1-221	219735-99-6
1-221	219834-95-4
1-221	22029-89-6
1-221	220465-43-0
1-221	22086-53-9
1-221	220986-52-7
1-221	221006-70-8
1-221	221037-98-5
1-221	221290-14-8
1-221	22232-01-5
1-221	22237-12-3
1-221	22237-13-4
1-221	22237-20-3
1-221	22238-17-1
1-221	22238-19-3
1-221	22276-63-7
1-221	22293-00-1
1-221	223463-14-7
1-221	223595-20-8
1-221	22379-77-7
1-221	22450-96-0
1-221	22450-97-1
1-221	22450-98-2
1-221	22454-04-2
1-221	22465-03-8
1-221	2248-34-2
1-221	2253722-08-4
1-221	22547-65-5
1-221	22560-16-3
1-221	22560-21-0
1-221	22637-20-3
1-221	226396-31-2
1-221	226396-32-3
1-221	2265-38-5
1-221	22694-75-3
1-221	227305-69-3
1-221	22784-01-6
1-221	22829-50-1
1-221	228731-13-3
1-221	230299-21-5
1-221	230299-46-4
1-221	23112-96-1
1-221	23162-15-4
1-221	23273-02-1
1-221	23296-39-1
1-221	23361-55-9
1-221	23361-56-0
1-221	2340-23-0
1-221	23436-05-7
1-221	23453-39-6
1-221	23458-88-0
1-221	23507-71-3
1-221	23532-74-3
1-221	2355-56-8
1-221	2357-51-9
1-221	236103-00-7
1-221	236389-21-2
1-221	2367-19-3
1-221	237429-33-3
1-221	23753-67-5
1-221	23777-55-1
1-221	23777-80-2
1-221	23778-08-7
1-221	23834-96-0
1-221	23840-95-1
1-221	2396648-06-7
1-221	24067-17-2
1-221	24151-54-0
1-221	2430-46-8
1-221	24378-36-7
1-221	24378-37-8
1-221	24378-38-9
1-221	24388-23-6
1-221	244193-52-0
1-221	244205-40-1
1-221	24425-43-2
1-221	244761-29-3
1-221	24502-52-1
1-221	245069-55-0
1-221	24564-52-1
1-221	245735-90-4
1-221	246023-54-1
1-221	24624-45-1
1-221	2467-12-1
1-221	2467-13-2
1-221	2467-15-4
1-221	2467-16-5
1-221	2467-18-7
1-221	247564-72-3
1-221	2479-64-3
1-221	248270-25-9
1-221	24833-44-1
1-221	24848-81-5
1-221	248924-59-6
1-221	248939-45-9
1-221	248939-62-0
1-221	24917-15-5
1-221	25015-63-8
1-221	250578-38-2
1-221	250734-47-5
1-221	25156-16-5
1-221	25395-32-8
1-221	25487-66-5
1-221	25573-61-9
1-221	2559-35-5
1-221	25783-22-6
1-221	25869-93-6
1-221	258865-48-4
1-221	25895-60-7
1-221	25895-62-9
1-221	25912-95-2
1-221	25966-12-5
1-221	26023-72-3
1-221	26038-87-9
1-221	26038-90-4
1-221	26076-46-0
1-221	26124-86-7
1-221	26156-84-3
1-221	26248-41-9
1-221	26401-30-9
1-221	2641-68-1
1-221	264232-42-0
1-221	26445-82-9
1-221	264615-47-6
1-221	26490-63-1
1-221	26522-24-7
1-221	26545-48-2
1-221	2665-11-4
1-221	2665-12-5
1-221	2665-13-6
1-221	26851-55-8
1-221	269409-70-3
1-221	269409-73-6
1-221	269410-00-6
1-221	269410-08-4
1-221	269410-22-2
1-221	27081-10-3
1-221	27184-78-7
1-221	27329-70-0
1-221	27340-43-8
1-221	27399-92-4
1-221	274-07-7
1-221	27413-92-9
1-221	27494-85-5
1-221	27519-39-7
1-221	27522-09-4
1-221	27676-48-8
1-221	27735-90-6
1-221	27765-48-6
1-221	27860-83-9
1-221	278782-57-3
1-221	27918-79-2
1-221	279261-81-3
1-221	279262-11-2
1-221	279263-10-4
1-221	2797-28-6
1-221	280-64-8
1-221	28016-59-3
1-221	2802-68-8
1-221	28109-81-1
1-221	282101-95-5
1-221	28249-66-3
1-221	283-56-7
1-221	28362-31-4
1-221	28535-03-7
1-221	28611-39-4
1-221	286961-14-6
1-221	287944-16-5
1-221	28853-06-7
1-221	28879-19-8
1-221	2890-88-2
1-221	28912-93-8
1-221	28965-70-0
1-221	290331-71-4
1-221	2907-13-3
1-221	2907-20-2
1-221	29089-62-1
1-221	29158-40-5
1-221	29158-97-2
1-221	2926-55-8
1-221	292609-13-3
1-221	2929-85-3
1-221	2929-87-5
1-221	293302-63-3
1-221	2938-83-2
1-221	29382-00-1
1-221	29407-88-3
1-221	29462-57-5
1-221	29668-15-3
1-221	2991267-35-5
1-221	29957-59-3
1-221	30031-44-8
1-221	30036-02-3
1-221	302348-51-2
1-221	302790-70-1
1-221	30374-53-9
1-221	30411-66-6
1-221	30418-59-8
1-221	304858-67-1
1-221	3053-68-7
1-221	305448-92-4
1-221	305832-67-1
1-221	30641-57-7
1-221	30684-36-7
1-221	306934-95-2
1-221	30698-98-7
1-221	30744-82-2
1-221	307492-75-7
1-221	308062-97-7
1-221	308103-40-4
1-221	30844-74-7
1-221	3087-80-7
1-221	3088-77-5
1-221	3088-78-6
1-221	3088-79-7
1-221	30989-05-0
1-221	30989-06-1
1-221	30989-07-2
1-221	31012-04-1
1-221	3108-15-4
1-221	31224-71-2
1-221	31240-52-5
1-221	31259-85-5
1-221	313545-20-9
1-221	313545-41-4
1-221	313545-72-1
1-221	313546-16-6
1-221	315220-11-2
1-221	31649-91-9
1-221	31754-00-4
1-221	31783-54-7
1-221	318-50-3
1-221	32153-96-1
1-221	32316-92-0
1-221	32327-52-9
1-221	3244-41-5
1-221	32446-62-1
1-221	325-51-9
1-221	325142-87-8
1-221	32554-52-2
1-221	32554-53-3
1-221	3262-89-3
1-221	32692-78-7
1-221	32760-75-1
1-221	328404-31-5
1-221	32841-83-1
1-221	32867-90-6
1-221	328956-60-1
1-221	328956-61-2
1-221	329214-79-1
1-221	32970-52-8
1-221	330793-01-6
1-221	331443-21-1
1-221	332079-07-9
1-221	332154-57-1
1-221	333432-28-3
1-221	33462-80-5
1-221	33462-81-6
1-221	334658-75-2
1-221	33678-01-2
1-221	33725-74-5
1-221	33727-95-6
1-221	338-38-5
1-221	338454-14-1
1-221	338949-42-1
1-221	33981-21-4
1-221	33981-22-5
1-221	33991-41-2
1-221	34010-85-0
1-221	34063-29-1
1-221	34099-73-5
1-221	341-02-6
1-221	3410-35-3
1-221	34216-27-8
1-221	34269-30-2
1-221	342905-92-4
1-221	34420-17-2
1-221	34524-20-4
1-221	345269-15-0
1-221	34567-47-0
1-221	34574-27-1
1-221	345984-11-4
1-221	346-80-5
1-221	347-46-6
1-221	34762-89-5
1-221	34762-90-8
1-221	34776-99-3
1-221	348098-29-3
1-221	3488-87-7
1-221	350-67-4
1-221	350-70-9
1-221	350009-05-1
1-221	35020-53-2
1-221	350602-69-6
1-221	351019-18-6
1-221	35138-22-8
1-221	351422-73-6
1-221	351457-64-2
1-221	352303-67-4
1-221	352525-91-8
1-221	352525-94-1
1-221	352525-98-5
1-221	352530-23-5
1-221	352530-24-6
1-221	352534-80-6
1-221	352534-82-8
1-221	352534-84-0
1-221	352534-85-1
1-221	352535-96-7
1-221	35254-34-3
1-221	353-42-4
1-221	353-43-5
1-221	35438-70-1
1-221	35498-15-8
1-221	355004-67-0
1-221	35585-58-1
1-221	358718-11-3
1-221	358718-17-9
1-221	358718-21-5
1-221	36140-17-7
1-221	36140-19-9
1-221	361543-99-9
1-221	362045-65-6
1-221	36254-91-8
1-221	36314-25-7
1-221	363166-79-4
1-221	36409-65-1
1-221	36422-95-4
1-221	364794-79-6
1-221	36490-77-4
1-221	365-33-3
1-221	36530-06-0
1-221	36576-70-2
1-221	36595-00-3
1-221	36645-73-5
1-221	367-46-4
1-221	368-39-8
1-221	368-40-1
1-221	36835-64-0
1-221	369-57-3
1-221	36936-37-5
1-221	371766-08-4
1-221	37190-23-1
1-221	37195-62-3
1-221	37195-63-4
1-221	37199-25-0
1-221	372-44-1
1-221	372-56-5
1-221	372-84-9
1-221	372-85-0
1-221	37221-82-2
1-221	37228-06-1
1-221	37228-07-2
1-221	37233-78-6
1-221	37244-98-7
1-221	372521-91-0
1-221	37269-74-2
1-221	37275-77-7
1-221	37280-76-5
1-221	372963-49-0
1-221	372963-50-3
1-221	37298-41-2
1-221	373-56-8
1-221	373-57-9
1-221	373-61-5
1-221	37331-49-0
1-221	373384-14-6
1-221	37340-67-3
1-221	37341-47-2
1-221	37342-53-3
1-221	37342-73-7
1-221	37349-35-2
1-221	37352-55-9
1-221	37354-60-2
1-221	37367-77-4
1-221	37367-90-1
1-221	374538-01-9
1-221	374538-03-1
1-221	374790-99-5
1-221	37490-33-8
1-221	376584-63-3
1-221	3776-04-3
1-221	38013-08-0
1-221	380151-85-9
1-221	380427-38-3
1-221	380430-49-9
1-221	380430-53-5
1-221	380430-56-8
1-221	380430-59-1
1-221	380430-60-4
1-221	380430-65-9
1-221	380430-67-1
1-221	380430-68-2
1-221	38050-71-4
1-221	38115-19-4
1-221	381248-04-0
1-221	38233-75-9
1-221	38313-81-4
1-221	38347-42-1
1-221	38465-60-0
1-221	385370-80-9
1-221	387-41-7
1-221	38721-52-7
1-221	389621-80-1
1-221	389621-81-2
1-221	3900-89-8
1-221	39047-21-7
1-221	391894-93-2
1-221	39290-85-2
1-221	39326-63-1
1-221	39328-10-4
1-221	39377-46-3
1-221	39383-00-1
1-221	39383-96-5
1-221	39405-47-5
1-221	39409-67-1
1-221	39434-94-1
1-221	396131-82-1
1-221	398-69-6
1-221	39963-03-6
1-221	3999-38-0
1-221	3999-42-6
1-221	40001-25-0
1-221	400607-46-7
1-221	400607-47-8
1-221	400607-48-9
1-221	40105-04-2
1-221	40218-49-3
1-221	402846-78-0
1-221	40589-08-0
1-221	406463-06-7
1-221	406482-19-7
1-221	406482-20-0
1-221	4084-36-0
1-221	4084-48-4
1-221	408492-28-4
1-221	40894-88-0
1-221	409071-16-5
1-221	40972-86-9
1-221	41058-99-5
1-221	41113-59-1
1-221	411235-57-9
1-221	41322-34-3
1-221	4151-80-8
1-221	41593-56-0
1-221	41654-51-7
1-221	41655-17-8
1-221	41685-84-1
1-221	41749-18-2
1-221	41851-38-1
1-221	419536-33-7
1-221	420-37-1
1-221	42220-19-9
1-221	42278-67-1
1-221	4254-95-9
1-221	42559-34-2
1-221	42590-03-4
1-221	42598-88-9
1-221	426-79-9
1-221	42727-95-7
1-221	42801-85-4
1-221	429-06-1
1-221	429-42-5
1-221	43064-96-6
1-221	4325-85-3
1-221	4334-87-6
1-221	4334-88-7
1-221	43469-51-8
1-221	4347-33-5
1-221	4358-26-3
1-221	436-59-9
1-221	437-13-8
1-221	4375-83-1
1-221	4406-77-3
1-221	44236-30-8
1-221	4426-47-5
1-221	442850-89-7
1-221	4433-63-0
1-221	443783-82-2
1-221	4441-56-9
1-221	444120-91-6
1-221	444120-94-9
1-221	4445-09-4
1-221	444666-39-1
1-221	446-55-9
1-221	446299-81-6
1-221	448-61-3
1-221	45172-87-0
1-221	452080-64-7
1-221	452080-67-0
1-221	452972-09-7
1-221	452972-11-1
1-221	452972-13-3
1-221	452972-15-5
1-221	454482-11-2
1-221	455-90-3
1-221	456-27-9
1-221	456-39-3
1-221	458532-84-8
1-221	458532-86-0
1-221	458532-90-6
1-221	458532-96-2
1-221	459-44-9
1-221	459-64-3
1-221	459856-12-3
1-221	461-44-9
1-221	4611-62-5
1-221	4612-26-4
1-221	4612-28-6
1-221	462-05-5
1-221	462-19-1
1-221	462-33-9
1-221	462-34-0
1-221	4627-10-5
1-221	464927-76-2
1-221	467233-25-6
1-221	46839-29-6
1-221	4688-74-8
1-221	4688-76-0
1-221	4737-50-2
1-221	474535-27-8
1-221	47689-51-0
1-221	478685-71-1
1-221	480424-54-2
1-221	480424-63-3
1-221	480424-68-8
1-221	480424-69-9
1-221	480424-86-0
1-221	480424-93-9
1-221	480424-98-4
1-221	480425-35-2
1-221	480438-74-2
1-221	480996-05-2
1-221	48150-45-4
1-221	481681-02-1
1-221	4856-95-5
1-221	486422-59-7
1-221	486422-68-8
1-221	488128-27-4
1-221	4887-24-5
1-221	496786-98-2
1-221	496925-14-5
1-221	497147-93-0
1-221	4979-72-0
1-221	500224-31-7
1-221	503309-11-3
1-221	505-07-7
1-221	505083-04-5
1-221	50543-78-7
1-221	5059-80-3
1-221	50815-87-7
1-221	51067-38-0
1-221	511295-01-5
1-221	51136-86-8
1-221	5115-46-8
1-221	5122-94-1
1-221	5122-95-2
1-221	51222-60-7
1-221	51311-04-7
1-221	51323-43-4
1-221	51358-27-1
1-221	514820-48-5
1-221	51681-14-2
1-221	51791-80-1
1-221	51791-81-2
1-221	51851-79-7
1-221	51876-74-5
1-221	52018-21-0
1-221	52018-28-7
1-221	52019-27-9
1-221	52233-42-8
1-221	52296-79-4
1-221	52329-27-8
1-221	52340-09-7
1-221	52350-34-2
1-221	524-95-8
1-221	52458-41-0
1-221	524730-10-7
1-221	524744-79-4
1-221	524744-80-7
1-221	52555-12-1
1-221	52623-84-4
1-221	52712-65-9
1-221	52846-30-7
1-221	52933-45-6
1-221	53091-46-6
1-221	5314-83-0
1-221	53239-04-6
1-221	5337-36-0
1-221	5337-37-1
1-221	5337-41-7
1-221	5337-42-8
1-221	5337-60-0
1-221	53370-45-9
1-221	53529-07-0
1-221	53587-44-3
1-221	53663-13-1
1-221	53934-41-1
1-221	53992-90-8
1-221	53992-91-9
1-221	540-75-0
1-221	5419-55-6
1-221	54250-41-8
1-221	54388-43-1
1-221	5440-19-7
1-221	54427-07-5
1-221	5456-05-3
1-221	5456-06-4
1-221	54566-73-3
1-221	54575-49-4
1-221	54630-47-6
1-221	54649-97-7
1-221	5467-74-3
1-221	54761-91-0
1-221	547767-06-6
1-221	54824-38-3
1-221	54854-14-7
1-221	55000-96-9
1-221	55089-03-7
1-221	55124-14-6
1-221	55199-96-7
1-221	5523-19-3
1-221	55276-94-3
1-221	552846-17-0
1-221	55499-43-9
1-221	55499-44-0
1-221	55552-70-0
1-221	55671-55-1
1-221	5570-18-3
1-221	5570-19-4
1-221	5579-16-8
1-221	55805-58-8
1-221	55881-03-3
1-221	56094-49-6
1-221	56116-04-2
1-221	56127-33-4
1-221	56145-44-9
1-221	56185-21-8
1-221	56312-91-5
1-221	56312-92-6
1-221	56312-93-7
1-221	56312-94-8
1-221	56359-96-7
1-221	56553-60-7
1-221	56626-44-9
1-221	569343-09-5
1-221	56939-87-8
1-221	56943-26-1
1-221	57057-98-4
1-221	57073-75-3
1-221	57158-30-2
1-221	5720-05-8
1-221	5720-06-9
1-221	5720-07-0
1-221	57285-94-6
1-221	57308-14-2
1-221	5735-41-1
1-221	57404-76-9
1-221	5743-34-0
1-221	57456-63-0
1-221	5747-23-9
1-221	57754-92-4
1-221	57842-27-0
1-221	57875-98-6
1-221	57876-06-9
1-221	579476-63-4
1-221	57974-63-7
1-221	5799-67-7
1-221	580-34-7
1-221	58072-03-0
1-221	58179-67-2
1-221	58369-24-7
1-221	58391-97-2
1-221	584-59-8
1-221	58450-10-5
1-221	58572-50-2
1-221	586-92-5
1-221	58672-61-0
1-221	58799-13-6
1-221	59016-56-7
1-221	59016-93-2
1-221	590418-08-9
1-221	591-00-4
1-221	591-92-4
1-221	592-39-2
1-221	593-04-4
1-221	593-90-8
1-221	59327-98-9
1-221	59330-52-8
1-221	5967-37-3
1-221	5967-38-4
1-221	59719-94-7
1-221	59720-00-2
1-221	597554-03-5
1-221	597581-48-1
1-221	59794-15-9
1-221	5980-97-2
1-221	59802-06-1
1-221	59817-49-1
1-221	60063-34-5
1-221	603122-41-4
1-221	603122-80-1
1-221	603122-84-5
1-221	60569-72-4
1-221	60633-76-3
1-221	60669-69-4
1-221	60674-95-5
1-221	608529-54-0
1-221	608529-56-2
1-221	608529-57-3
1-221	6087-59-8
1-221	6098-53-9
1-221	61028-24-8
1-221	61063-76-1
1-221	613660-87-0
1-221	615561-49-4
1-221	6162-38-5
1-221	6165-68-0
1-221	6165-69-1
1-221	616880-14-9
1-221	61789-16-0
1-221	62050-76-4
1-221	621-78-3
1-221	62133-36-2
1-221	62185-81-3
1-221	62229-38-3
1-221	62306-79-0
1-221	62428-08-4
1-221	62497-91-0
1-221	62654-11-9
1-221	62697-74-9
1-221	6273-99-0
1-221	62785-41-5
1-221	627899-90-5
1-221	62792-13-6
1-221	62796-26-3
1-221	628692-15-9
1-221	62906-35-8
1-221	62906-36-9
1-221	62906-37-0
1-221	62949-01-3
1-221	62991-16-6
1-221	63076-51-7
1-221	63123-42-2
1-221	63139-21-9
1-221	63149-30-4
1-221	63156-11-6
1-221	631911-01-8
1-221	63212-53-3
1-221	63310-16-7
1-221	63348-81-2
1-221	6336-45-4
1-221	635-20-1
1-221	63503-60-6
1-221	63517-86-2
1-221	635305-48-5
1-221	63706-85-4
1-221	63717-73-7
1-221	63938-89-6
1-221	63989-70-8
1-221	641144-16-3
1-221	64442-81-5
1-221	64539-84-0
1-221	64612-24-4
1-221	647853-32-5
1-221	64909-33-7
1-221	652148-90-8
1-221	652148-91-9
1-221	652148-92-0
1-221	65313-32-8
1-221	65416-31-1
1-221	65416-32-2
1-221	65416-33-3
1-221	654664-63-8
1-221	65579-07-9
1-221	6562-41-0
1-221	65651-91-4
1-221	6569-51-3
1-221	65767-17-1
1-221	65776-60-5
1-221	65814-43-9
1-221	659-18-7
1-221	660-53-7
1-221	660440-57-3
1-221	660867-80-1
1-221	661-32-5
1-221	661-36-9
1-221	662138-96-7
1-221	66337-79-9
1-221	663954-31-2
1-221	664339-46-2
1-221	66456-48-2
1-221	66472-86-4
1-221	665-49-6
1-221	666-12-6
1-221	66606-19-7
1-221	66630-11-3
1-221	667935-30-0
1-221	66904-22-1
1-221	66904-23-2
1-221	67045-32-3
1-221	67116-13-6
1-221	67276-04-4
1-221	673-24-5
1-221	673-40-5
1-221	6742-94-5
1-221	6742-95-6
1-221	674776-54-6
1-221	674783-29-0
1-221	674819-26-2
1-221	67571-42-0
1-221	676-10-8
1-221	676-13-1
1-221	676-65-3
1-221	676-88-0
1-221	67784-76-3
1-221	67785-78-8
1-221	67827-68-3
1-221	67828-66-4
1-221	6783-05-7
1-221	67849-01-8
1-221	67859-60-3
1-221	67859-78-3
1-221	67860-03-1
1-221	67905-33-3
1-221	67952-27-6
1-221	67952-33-4
1-221	67953-73-5
1-221	67969-82-8
1-221	67969-83-9
1-221	67989-25-7
1-221	67989-27-9
1-221	68003-13-4
1-221	68003-52-1
1-221	68025-12-7
1-221	68025-47-8
1-221	68052-06-2
1-221	68052-11-9
1-221	68070-93-9
1-221	68071-04-5
1-221	68072-56-0
1-221	68084-35-5
1-221	68109-83-1
1-221	681215-79-2
1-221	68130-12-1
1-221	68130-22-3
1-221	68130-73-4
1-221	68131-51-1
1-221	68132-94-5
1-221	68132-95-6
1-221	68134-31-6
1-221	68140-33-0
1-221	68141-09-3
1-221	68162-47-0
1-221	681812-07-7
1-221	68189-02-6
1-221	68189-03-7
1-221	68189-08-2
1-221	68189-12-8
1-221	68220-77-9
1-221	68224-81-7
1-221	68239-04-3
1-221	68253-59-8
1-221	68253-60-1
1-221	68298-96-4
1-221	68309-92-2
1-221	68309-97-7
1-221	68333-40-4
1-221	68333-76-6
1-221	68333-77-7
1-221	68345-30-2
1-221	68389-45-7
1-221	68400-46-4
1-221	68410-30-0
1-221	68411-01-8
1-221	68411-21-2
1-221	68411-22-3
1-221	68411-23-4
1-221	68413-80-9
1-221	68425-66-1
1-221	68425-67-2
1-221	68436-99-7
1-221	68439-36-1
1-221	68439-94-1
1-221	68440-85-7
1-221	68441-04-3
1-221	68441-44-1
1-221	68441-45-2
1-221	68442-74-0
1-221	68442-98-8
1-221	68442-99-9
1-221	68443-37-8
1-221	68457-13-6
1-221	68475-51-4
1-221	68476-15-3
1-221	68476-88-0
1-221	68478-46-6
1-221	68478-50-2
1-221	68478-71-7
1-221	68478-97-7
1-221	68498-84-0
1-221	68510-96-3
1-221	68510-97-4
1-221	685103-98-4
1-221	68511-00-2
1-221	68511-17-1
1-221	68511-18-2
1-221	68512-53-8
1-221	68515-09-3
1-221	68516-78-9
1-221	68533-38-0
1-221	68550-96-9
1-221	68550-97-0
1-221	68553-27-5
1-221	68553-78-6
1-221	68555-05-5
1-221	68555-83-9
1-221	68555-87-3
1-221	685563-69-3
1-221	68572-87-2
1-221	68584-31-6
1-221	68584-51-0
1-221	68585-30-8
1-221	68585-51-3
1-221	68586-07-2
1-221	68605-59-4
1-221	68605-60-7
1-221	68605-61-8
1-221	68608-93-5
1-221	68609-02-9
1-221	68610-78-6
1-221	68610-88-8
1-221	68611-26-7
1-221	68611-54-1
1-221	68647-21-2
1-221	6867-36-3
1-221	68716-47-2
1-221	68784-58-7
1-221	68784-82-7
1-221	68797-44-4
1-221	688-71-1
1-221	688-74-4
1-221	68855-38-9
1-221	68879-47-0
1-221	68892-01-3
1-221	68916-41-6
1-221	68954-06-3
1-221	68954-07-4
1-221	68987-30-4
1-221	68987-53-1
1-221	68987-54-2
1-221	68987-55-3
1-221	68987-56-4
1-221	69011-48-9
1-221	69013-15-6
1-221	69029-40-9
1-221	690636-28-3
1-221	69071-29-0
1-221	69080-34-8
1-221	69102-85-8
1-221	692-39-7
1-221	69338-55-2
1-221	69402-04-6
1-221	69444-47-9
1-221	69495-08-5
1-221	696-99-1
1-221	69756-31-6
1-221	69898-30-2
1-221	70098-98-5
1-221	7024-33-1
1-221	707542-87-8
1-221	70801-03-5
1-221	70892-76-1
1-221	7091-41-0
1-221	70914-15-7
1-221	70942-05-1
1-221	70955-76-9
1-221	71002-45-4
1-221	710948-86-0
1-221	71129-91-4
1-221	71243-41-9
1-221	71243-85-1
1-221	71250-00-5
1-221	71377-02-1
1-221	7141-19-7
1-221	71436-90-3
1-221	71463-73-5
1-221	7150-61-0
1-221	71522-75-3
1-221	71522-78-6
1-221	71550-53-3
1-221	71550-56-6
1-221	71597-85-8
1-221	716326-25-9
1-221	71786-49-7
1-221	71786-64-6
1-221	71808-40-7
1-221	71820-29-6
1-221	71839-42-4
1-221	71839-43-5
1-221	71839-47-9
1-221	71839-48-0
1-221	71852-73-8
1-221	7187-84-0
1-221	71888-84-1
1-221	71889-05-9
1-221	71893-43-1
1-221	72066-70-7
1-221	720702-41-0
1-221	72102-88-6
1-221	72108-34-0
1-221	72125-29-2
1-221	72140-65-9
1-221	72169-17-6
1-221	72252-49-4
1-221	72259-63-3
1-221	72275-80-0
1-221	72316-17-7
1-221	72316-18-8
1-221	72470-82-7
1-221	727708-58-9
1-221	72802-72-3
1-221	72828-55-8
1-221	72847-35-9
1-221	72869-25-1
1-221	72905-86-3
1-221	72962-19-7
1-221	7297-95-2
1-221	730971-32-1
1-221	7318-78-7
1-221	7318-82-3
1-221	73183-34-3
1-221	7322-60-3
1-221	73263-29-3
1-221	7337-45-3
1-221	73398-94-4
1-221	73399-75-4
1-221	73412-80-3
1-221	73452-31-0
1-221	73452-32-1
1-221	73468-09-4
1-221	73469-45-1
1-221	73688-86-5
1-221	73688-87-6
1-221	73688-88-7
1-221	73688-89-8
1-221	73688-90-1
1-221	73688-93-4
1-221	73698-57-4
1-221	736989-98-3
1-221	73758-17-5
1-221	73758-18-6
1-221	73758-19-7
1-221	73758-20-0
1-221	737776-93-1
1-221	73852-17-2
1-221	73852-19-4
1-221	73852-88-7
1-221	7397-43-5
1-221	7397-46-8
1-221	73987-15-2
1-221	74-94-2
1-221	74174-50-8
1-221	74191-71-2
1-221	742099-80-5
1-221	7438-18-8
1-221	7440-42-8
1-221	74434-12-1
1-221	7445-38-7
1-221	7450-34-2
1-221	74540-86-6
1-221	74618-51-2
1-221	74665-10-4
1-221	747413-21-4
1-221	74912-23-5
1-221	749861-77-6
1-221	75-22-9
1-221	75-23-0
1-221	75113-37-0
1-221	75117-80-5
1-221	75167-26-9
1-221	753-53-7
1-221	753501-40-5
1-221	753501-42-7
1-221	753501-43-8
1-221	7539-58-4
1-221	7547-96-8
1-221	7547-97-9
1-221	75529-20-3
1-221	75529-21-4
1-221	75529-26-9
1-221	75529-27-0
1-221	75705-21-4
1-221	7578-36-1
1-221	7578-40-7
1-221	75783-29-8
1-221	75806-94-9
1-221	75877-08-6
1-221	75915-45-6
1-221	75927-49-0
1-221	75952-58-8
1-221	760207-76-9
1-221	76092-58-5
1-221	76092-59-6
1-221	760990-10-1
1-221	7611-14-5
1-221	761446-44-0
1-221	761446-45-1
1-221	762-48-1
1-221	762262-09-9
1-221	762287-58-1
1-221	762287-59-2
1-221	763120-58-7
1-221	7632-04-4
1-221	76334-15-1
1-221	7637-07-2
1-221	76410-57-6
1-221	76410-58-7
1-221	767-23-7
1-221	768-35-4
1-221	7680-99-1
1-221	76873-78-4
1-221	772-96-3
1-221	773-01-3
1-221	7739-33-5
1-221	77704-21-3
1-221	7775-19-1
1-221	77783-55-2
1-221	77794-93-5
1-221	77816-14-9
1-221	779331-47-4
1-221	78198-16-0
1-221	78246-54-5
1-221	78527-98-7
1-221	78666-05-4
1-221	79255-71-3
1-221	79288-94-1
1-221	796122-46-8
1-221	796122-47-9
1-221	796122-48-0
1-221	796851-30-4
1-221	796879-31-7
1-221	79723-21-0
1-221	797755-07-8
1-221	798573-18-9
1-221	80041-89-0
1-221	80146-60-7
1-221	80146-61-8
1-221	80146-62-9
1-221	8027-85-8
1-221	80290-99-9
1-221	80460-73-7
1-221	80479-72-7
1-221	80500-27-2
1-221	8063-89-6
1-221	80634-45-3
1-221	80994-59-8
1-221	811-59-6
1-221	811467-59-1
1-221	81175-90-8
1-221	81186-27-8
1-221	811862-91-6
1-221	814-61-9
1-221	81586-24-5
1-221	818-91-7
1-221	82039-14-3
1-221	823-96-1
1-221	824402-68-8
1-221	824424-36-4
1-221	82493-16-1
1-221	827581-01-1
1-221	827614-64-2
1-221	827614-69-7
1-221	832114-06-4
1-221	832114-08-6
1-221	832114-11-1
1-221	83245-20-9
1-221	83475-25-6
1-221	83857-81-2
1-221	83864-02-2
1-221	83947-56-2
1-221	84083-13-6
1-221	84083-14-7
1-221	84110-40-7
1-221	84145-49-3
1-221	84145-75-5
1-221	84145-77-7
1-221	84145-78-8
1-221	84145-81-3
1-221	84145-84-6
1-221	84196-02-1
1-221	84196-04-3
1-221	84215-46-3
1-221	84238-10-8
1-221	84282-32-6
1-221	84282-33-7
1-221	84332-91-2
1-221	843663-18-3
1-221	84455-32-3
1-221	844681-82-9
1-221	844891-04-9
1-221	84522-10-1
1-221	84525-73-5
1-221	845551-44-2
1-221	845551-45-3
1-221	845825-70-9
1-221	845870-55-5
1-221	845885-86-1
1-221	84604-31-9
1-221	84712-69-6
1-221	847756-88-1
1-221	84777-09-3
1-221	847818-55-7
1-221	847818-70-6
1-221	847818-74-0
1-221	847818-79-5
1-221	84788-07-8
1-221	848073-80-3
1-221	84819-41-0
1-221	848498-67-9
1-221	848779-87-3
1-221	849052-15-9
1-221	849052-17-1
1-221	849052-18-2
1-221	849052-19-3
1-221	849052-20-6
1-221	849052-23-9
1-221	849052-24-0
1-221	849052-26-2
1-221	849061-99-0
1-221	849062-00-6
1-221	849062-01-7
1-221	849062-03-9
1-221	849062-04-0
1-221	849062-05-1
1-221	849062-06-2
1-221	849062-07-3
1-221	849062-09-5
1-221	849062-10-8
1-221	849062-13-1
1-221	849062-18-6
1-221	849062-20-0
1-221	849062-21-1
1-221	849062-23-3
1-221	849062-26-6
1-221	849062-29-9
1-221	849062-31-3
1-221	849062-32-4
1-221	849062-38-0
1-221	849062-40-4
1-221	849231-16-9
1-221	849418-65-1
1-221	849681-77-2
1-221	849681-81-8
1-221	849833-86-9
1-221	850-05-5
1-221	850033-39-5
1-221	85006-23-1
1-221	850567-26-9
1-221	850567-31-6
1-221	850567-33-8
1-221	850567-35-0
1-221	850567-37-2
1-221	850567-47-4
1-221	850567-92-9
1-221	850567-98-5
1-221	850568-00-2
1-221	850568-08-0
1-221	850568-16-0
1-221	850568-22-8
1-221	850568-41-1
1-221	850568-49-9
1-221	850568-51-3
1-221	850568-53-5
1-221	850568-54-6
1-221	850568-61-5
1-221	850568-62-6
1-221	850568-65-9
1-221	850568-74-0
1-221	850589-54-7
1-221	850593-04-3
1-221	85099-28-1
1-221	85099-30-5
1-221	850991-69-4
1-221	85107-54-6
1-221	851335-07-4
1-221	85167-14-2
1-221	85169-10-4
1-221	85169-33-1
1-221	85199-06-0
1-221	85204-07-5
1-221	852228-08-1
1-221	852362-22-2
1-221	85251-55-4
1-221	85252-27-3
1-221	85252-28-4
1-221	85252-30-8
1-221	85283-50-7
1-221	85283-51-8
1-221	85283-53-0
1-221	85283-54-1
1-221	85338-04-1
1-221	85338-10-9
1-221	85338-31-4
1-221	85371-59-1
1-221	85391-36-2
1-221	85392-66-1
1-221	85407-85-8
1-221	85408-27-1
1-221	85409-42-3
1-221	854267-07-5
1-221	854457-83-3
1-221	854874-41-2
1-221	854952-58-2
1-221	855245-60-2
1-221	855299-97-7
1-221	85567-22-2
1-221	855843-82-2
1-221	85586-41-0
1-221	85586-42-1
1-221	85586-43-2
1-221	85586-44-3
1-221	85586-45-4
1-221	85586-65-8
1-221	856204-16-5
1-221	85631-32-9
1-221	856311-02-9
1-221	856316-63-7
1-221	856616-84-7
1-221	856617-69-1
1-221	856617-77-1
1-221	85702-84-7
1-221	857171-67-6
1-221	857179-93-2
1-221	85750-32-9
1-221	857530-80-4
1-221	85826-55-7
1-221	859169-20-3
1-221	86-58-8
1-221	860382-07-6
1-221	860392-69-4
1-221	86143-93-3
1-221	862723-42-0
1-221	863753-30-4
1-221	863975-37-5
1-221	864377-33-3
1-221	864754-16-5
1-221	864754-18-7
1-221	864910-70-3
1-221	865812-10-8
1-221	865869-28-9
1-221	86595-37-1
1-221	866607-09-2
1-221	867044-33-5
1-221	868-81-5
1-221	868855-76-9
1-221	86899-77-6
1-221	870238-65-6
1-221	870521-30-5
1-221	870704-19-1
1-221	870717-92-3
1-221	870717-93-4
1-221	870717-98-9
1-221	870717-99-0
1-221	870718-00-6
1-221	870718-06-2
1-221	870774-25-7
1-221	870777-21-2
1-221	870777-29-0
1-221	870777-31-4
1-221	870777-32-5
1-221	870778-83-9
1-221	870778-87-3
1-221	870778-89-5
1-221	870778-90-8
1-221	870778-91-9
1-221	870778-93-1
1-221	870778-96-4
1-221	870778-99-7
1-221	870779-00-3
1-221	870779-02-5
1-221	871125-80-3
1-221	871125-83-6
1-221	871125-86-9
1-221	871125-91-6
1-221	871125-94-9
1-221	871125-95-0
1-221	871125-97-2
1-221	871125-98-3
1-221	871126-00-0
1-221	871126-05-5
1-221	871126-15-7
1-221	871126-19-1
1-221	871126-25-9
1-221	871126-28-2
1-221	871329-52-1
1-221	871329-59-8
1-221	871329-60-1
1-221	871329-82-7
1-221	871332-95-5
1-221	871332-97-7
1-221	871332-99-9
1-221	871333-01-6
1-221	871333-02-7
1-221	871333-98-1
1-221	87199-14-2
1-221	87199-15-3
1-221	87199-16-4
1-221	87199-17-5
1-221	87199-18-6
1-221	872041-85-5
1-221	872041-86-6
1-221	872054-54-1
1-221	872054-57-4
1-221	872054-59-6
1-221	872460-12-3
1-221	872885-08-0
1-221	873-51-8
1-221	873078-93-4
1-221	873566-75-7
1-221	874186-98-8
1-221	874219-16-6
1-221	874219-27-9
1-221	874219-44-0
1-221	874219-52-0
1-221	874289-12-0
1-221	874289-13-1
1-221	874289-58-4
1-221	874289-59-5
1-221	874290-59-2
1-221	874359-75-8
1-221	87531-64-4
1-221	87558-89-2
1-221	877134-77-5
1-221	877160-63-9
1-221	87788-31-6
1-221	87788-32-7
1-221	878-23-9
1-221	878775-62-3
1-221	878792-53-1
1-221	878795-52-9
1-221	87912-25-2
1-221	879630-66-7
1-221	879632-46-9
1-221	879632-52-7
1-221	879635-62-8
1-221	879655-06-8
1-221	879655-11-5
1-221	879669-63-3
1-221	88004-40-4
1-221	880262-16-8
1-221	881302-73-4
1-221	881402-22-8
1-221	881410-04-4
1-221	882670-69-1
1-221	882678-96-8
1-221	88314-57-2
1-221	884507-19-1
1-221	885068-00-8
1-221	88526-39-0
1-221	885692-91-1
1-221	885698-94-2
1-221	886536-37-4
1-221	886584-11-8
1-221	886747-03-1
1-221	886853-93-6
1-221	89147-30-8
1-221	89171-23-3
1-221	891827-68-2
1-221	89325-22-4
1-221	89415-43-0
1-221	89466-05-7
1-221	89466-08-0
1-221	89488-25-5
1-221	89490-05-1
1-221	89513-75-7
1-221	89598-96-9
1-221	89641-18-9
1-221	89694-45-1
1-221	89694-46-2
1-221	89694-48-4
1-221	89787-12-2
1-221	89878-14-8
1-221	90002-36-1
1-221	900178-90-7
1-221	900796-46-5
1-221	90111-58-3
1-221	90268-17-0
1-221	90268-18-1
1-221	903550-26-5
1-221	90387-70-5
1-221	90431-23-5
1-221	90431-46-2
1-221	90431-60-0
1-221	90431-61-1
1-221	904326-87-0
1-221	90459-31-7
1-221	90530-04-4
1-221	90555-66-1
1-221	90568-23-3
1-221	90604-64-1
1-221	909122-50-5
1-221	909709-42-8
1-221	910783-70-9
1-221	910783-71-0
1-221	910783-72-1
1-221	91129-69-0
1-221	91158-38-2
1-221	911708-01-5
1-221	913292-63-4
1-221	913835-44-6
1-221	913835-52-6
1-221	913835-61-7
1-221	913835-68-4
1-221	913835-72-0
1-221	913835-74-2
1-221	913835-81-1
1-221	913835-91-3
1-221	913835-98-0
1-221	913836-01-8
1-221	913836-03-0
1-221	913836-05-2
1-221	913836-08-5
1-221	913836-11-0
1-221	913836-15-4
1-221	91388-81-7
1-221	913961-81-6
1-221	913961-83-8
1-221	915763-60-9
1-221	91648-11-2
1-221	916486-11-8
1-221	91696-95-6
1-221	91696-96-7
1-221	91696-97-8
1-221	917471-30-8
1-221	91769-97-0
1-221	91770-03-5
1-221	91771-79-8
1-221	91771-80-1
1-221	91771-83-4
1-221	91771-84-5
1-221	917757-44-9
1-221	91782-41-1
1-221	91782-42-2
1-221	91782-43-3
1-221	91782-44-4
1-221	91782-60-4
1-221	91782-61-5
1-221	91782-86-4
1-221	91845-02-2
1-221	91845-12-4
1-221	918524-63-7
1-221	91863-27-3
1-221	918643-56-8
1-221	918655-03-5
1-221	91983-14-1
1-221	92113-18-3
1-221	92128-16-0
1-221	92128-25-1
1-221	92200-79-8
1-221	92201-00-8
1-221	92257-22-2
1-221	92275-85-9
1-221	92332-17-7
1-221	92473-75-1
1-221	92502-53-9
1-221	92502-55-1
1-221	927384-43-8
1-221	927384-44-9
1-221	92797-44-9
1-221	92880-60-9
1-221	92908-33-3
1-221	929250-35-1
1-221	93062-36-3
1-221	93062-37-4
1-221	93165-87-8
1-221	93165-88-9
1-221	93165-89-0
1-221	93236-53-4
1-221	932697-96-6
1-221	933-18-6
1-221	933447-02-0
1-221	933986-97-1
1-221	93571-70-1
1-221	936250-17-8
1-221	936250-20-3
1-221	936250-21-4
1-221	936250-22-5
1-221	936576-64-6
1-221	93777-11-8
1-221	93803-04-4
1-221	938054-63-8
1-221	93820-50-9
1-221	938451-30-0
1-221	93857-71-7
1-221	93859-15-5
1-221	93894-58-7
1-221	93918-81-1
1-221	93924-04-0
1-221	93924-91-5
1-221	93964-01-3
1-221	93964-02-4
1-221	93964-03-5
1-221	93964-49-9
1-221	93964-50-2
1-221	93964-51-3
1-221	93982-94-6
1-221	94006-32-3
1-221	94086-71-2
1-221	94088-77-4
1-221	94094-28-7
1-221	94094-29-8
1-221	94094-31-2
1-221	94095-04-2
1-221	94095-05-3
1-221	94109-34-9
1-221	94159-20-3
1-221	94200-67-6
1-221	94232-62-9
1-221	94247-66-2
1-221	94266-00-9
1-221	94266-01-0
1-221	94277-53-9
1-221	94277-88-0
1-221	94278-23-6
1-221	94313-53-8
1-221	94314-05-3
1-221	94333-76-3
1-221	94333-79-6
1-221	944129-07-1
1-221	945837-57-0
1-221	947-42-2
1-221	947533-23-5
1-221	94839-07-3
1-221	94850-87-0
1-221	948592-80-1
1-221	94891-35-7
1-221	949084-45-1
1-221	950582-54-4
1-221	950582-56-6
1-221	950582-57-7
1-221	950582-60-2
1-221	950582-62-4
1-221	950582-63-5
1-221	950582-67-9
1-221	950582-72-6
1-221	950582-74-8
1-221	950582-77-1
1-221	950582-83-9
1-221	952514-79-3
1-221	952666-08-9
1-221	95371-17-8
1-221	954128-25-7
1-221	957034-82-1
1-221	957060-72-9
1-221	957060-85-4
1-221	957060-90-1
1-221	957062-57-6
1-221	957062-84-9
1-221	957063-00-2
1-221	957066-07-8
1-221	957066-11-4
1-221	957120-32-0
1-221	957121-05-0
1-221	957198-31-1
1-221	95905-86-5
1-221	95984-77-3
1-221	959996-48-6
1-221	960-71-4
1-221	96152-35-1
1-221	96958-96-2
1-221	97-94-9
1-221	971-66-4
1-221	97171-72-7
1-221	97358-65-1
1-221	97559-21-2
1-221	976-28-3
1-221	97660-73-6
1-221	97692-53-0
1-221	97746-91-3
1-221	97808-11-2
1-221	97808-25-8
1-221	97808-26-9
1-221	97808-37-2
1-221	97863-03-1
1-221	97863-08-6
1-221	97925-96-7
1-221	97930-40-0
1-221	97987-95-6
1-221	97996-39-9
1-221	97999-31-0
1-221	98-80-6
1-221	98028-02-5
1-221	98072-03-8
1-221	981-87-3
1-221	98139-72-1
1-221	98171-41-6
1-221	98219-48-8
1-221	98223-57-5
1-221	98242-19-4
1-221	98259-34-8
1-221	98437-23-1
1-221	98437-24-2
1-221	98546-51-1
1-221	98701-65-6
1-221	99349-68-5
1-221	99377-81-8
1-221	99548-93-3
1-221	99624-18-7
1-221	99747-36-1
1-221	99768-12-4
1-221	99769-19-4
1-221	99770-93-1
1-221	99811-52-6
1-221	99811-53-7
1-221	RR-00598-1
1-221	RR-02526-3
1-221	RR-02732-7
1-221	RR-03820-0
1-221	RR-07618-6
1-221	RR-120830-6
1-221	RR-12112-0
1-221	RR-33876-1
1-221	RR-33890-9
1-221	RR-42941-4
1-221	RR-58674-3
1-221	RR-60575-4
1-221	RR-92912-4
1-221	RR-93839-6
1-221	RR-96879-6
1-221	UN1008
1-221	UN1380
1-221	UN1413
1-221	UN1426
1-221	UN1741
1-221	UN1742
1-221	UN1775
1-221	UN1868
1-221	UN1870
1-221	UN1911
1-221	UN2416
1-221	UN2604
1-221	UN2609
1-221	UN2616
1-221	UN2692
1-221	UN2851
1-221	UN2870
1-221	UN2965
1-221	UN3247
1-221	UN3377
1-221	UN3419
1-222	103426-92-2
1-222	103426-93-3
1-222	103426-94-4
1-222	103426-95-5
1-222	103426-96-6
1-222	103426-97-7
1-222	1321-64-8
1-222	1321-65-9
1-222	1335-87-1
1-222	1335-88-2
1-222	149864-78-8
1-222	149864-79-9
1-222	149864-80-2
1-222	149864-81-3
1-222	149864-82-4
1-222	150205-21-3
1-222	150224-15-0
1-222	150224-16-1
1-222	150224-17-2
1-222	150224-18-3
1-222	150224-19-4
1-222	150224-20-7
1-222	150224-21-8
1-222	150224-22-9
1-222	150224-23-0
1-222	150224-24-1
1-222	150224-25-2
1-222	17062-87-2
1-222	1825-30-5
1-222	1825-31-6
1-222	20020-02-4
1-222	2050-69-3
1-222	2050-72-8
1-222	2050-73-9
1-222	2050-74-0
1-222	2050-75-1
1-222	2065-70-5
1-222	2198-75-6
1-222	2198-77-8
1-222	2234-13-1
1-222	2437-54-9
1-222	2437-55-0
1-222	25586-43-0
1-222	26444-37-1
1-222	28699-88-9
1-222	30402-16-5
1-222	31604-28-1
1-222	32241-08-0
1-222	3432-57-3
1-222	34588-40-4
1-222	50402-51-2
1-222	50402-52-3
1-222	51570-43-5
1-222	51570-44-6
1-222	51570-45-7
1-222	53555-63-8
1-222	53555-64-9
1-222	53555-65-0
1-222	55720-33-7
1-222	55720-34-8
1-222	55720-35-9
1-222	55720-36-0
1-222	55720-37-1
1-222	55720-38-2
1-222	55720-39-3
1-222	55720-40-6
1-222	55720-41-7
1-222	55720-42-8
1-222	55720-43-9
1-222	58863-14-2
1-222	58863-15-3
1-222	58877-88-6
1-222	6529-87-9
1-222	6733-54-6
1-222	67922-21-8
1-222	67922-22-9
1-222	67922-23-0
1-222	67922-24-1
1-222	67922-25-2
1-222	67922-26-3
1-222	67922-27-4
1-222	70776-03-3
1-222	85422-92-0
1-222	90-13-1
1-222	90948-28-0
1-222	91-58-7
1-223	108145-39-7
1-223	109328-45-2
1-223	109328-46-3
1-223	11064-17-8
1-223	11096-82-5
1-223	11097-69-1
1-223	11100-14-4
1-223	11104-28-2
1-223	11104-29-3
1-223	111276-74-5
1-223	111276-75-6
1-223	111276-76-7
1-223	111276-77-8
1-223	111276-78-9
1-223	111276-79-0
1-223	111276-80-3
1-223	111276-81-4
1-223	111276-82-5
1-223	111276-83-6
1-223	11141-16-5
1-223	12672-29-6
1-223	12674-11-2
1-223	12737-87-0
1-223	13029-08-8
1-223	1336-36-3
1-223	151262-31-6
1-223	151262-32-7
1-223	151262-34-9
1-223	151262-35-0
1-223	153153-43-6
1-223	153153-44-7
1-223	153153-45-8
1-223	153153-46-9
1-223	153153-47-0
1-223	153153-48-1
1-223	153153-49-2
1-223	153153-50-5
1-223	15862-07-4
1-223	159000-96-1
1-223	159000-97-2
1-223	15968-05-5
1-223	16605-91-7
1-223	16606-02-3
1-223	176914-46-8
1-223	176914-47-9
1-223	176914-48-0
1-223	176914-49-1
1-223	177020-15-4
1-223	177020-16-5
1-223	179678-26-3
1-223	179678-27-4
1-223	179678-28-5
1-223	179678-29-6
1-223	179678-30-9
1-223	179678-31-0
1-223	179678-32-1
1-223	179678-33-2
1-223	18259-05-7
1-223	2050-67-1
1-223	2050-68-2
1-223	2051-24-3
1-223	2051-60-7
1-223	2051-61-8
1-223	2051-62-9
1-223	205991-67-9
1-223	205991-68-0
1-223	205991-69-1
1-223	205991-70-4
1-223	207004-27-1
1-223	207004-28-2
1-223	207004-29-3
1-223	207004-30-6
1-223	207004-31-7
1-223	207004-32-8
1-223	207004-33-9
1-223	207004-34-0
1-223	207004-35-1
1-223	207004-36-2
1-223	2136-99-4
1-223	228420-06-2
1-223	228420-07-3
1-223	2437-79-8
1-223	25323-68-6
1-223	25429-29-2
1-223	25512-42-9
1-223	25569-80-6
1-223	262371-35-7
1-223	26601-64-9
1-223	26914-33-0
1-223	27323-18-8
1-223	27417-48-7
1-223	28655-71-2
1-223	2974-90-5
1-223	2974-92-7
1-223	30605-61-9
1-223	31472-83-0
1-223	31508-00-6
1-223	32598-10-0
1-223	32598-11-1
1-223	32598-12-2
1-223	32598-13-3
1-223	32598-14-4
1-223	32690-93-0
1-223	32774-16-6
1-223	33025-41-1
1-223	33039-81-5
1-223	33091-17-7
1-223	33146-45-1
1-223	33284-50-3
1-223	33284-52-5
1-223	33284-53-6
1-223	33284-54-7
1-223	33979-03-2
1-223	34883-39-1
1-223	34883-41-5
1-223	34883-43-7
1-223	35065-27-1
1-223	35065-28-2
1-223	35065-29-3
1-223	35065-30-6
1-223	35693-92-6
1-223	35693-99-3
1-223	35694-04-3
1-223	35694-06-5
1-223	35694-08-7
1-223	36559-22-5
1-223	37317-41-2
1-223	37324-23-5
1-223	37353-63-2
1-223	37680-65-2
1-223	37680-66-3
1-223	37680-68-5
1-223	37680-69-6
1-223	37680-73-2
1-223	38379-99-6
1-223	38380-01-7
1-223	38380-02-8
1-223	38380-03-9
1-223	38380-04-0
1-223	38380-05-1
1-223	38380-07-3
1-223	38380-08-4
1-223	38411-22-2
1-223	38411-25-5
1-223	38444-73-4
1-223	38444-76-7
1-223	38444-77-8
1-223	38444-78-9
1-223	38444-81-4
1-223	38444-84-7
1-223	38444-85-8
1-223	38444-86-9
1-223	38444-87-0
1-223	38444-88-1
1-223	38444-90-5
1-223	38444-93-8
1-223	39485-83-1
1-223	39635-31-9
1-223	39635-32-0
1-223	39635-33-1
1-223	39635-34-2
1-223	39635-35-3
1-223	40186-70-7
1-223	40186-71-8
1-223	40186-72-9
1-223	41411-61-4
1-223	41411-62-5
1-223	41411-63-6
1-223	41411-64-7
1-223	41464-39-5
1-223	41464-40-8
1-223	41464-41-9
1-223	41464-42-0
1-223	41464-43-1
1-223	41464-46-4
1-223	41464-47-5
1-223	41464-48-6
1-223	41464-49-7
1-223	41464-51-1
1-223	42740-50-1
1-223	51908-16-8
1-223	52663-58-8
1-223	52663-59-9
1-223	52663-60-2
1-223	52663-61-3
1-223	52663-62-4
1-223	52663-63-5
1-223	52663-64-6
1-223	52663-65-7
1-223	52663-66-8
1-223	52663-67-9
1-223	52663-68-0
1-223	52663-69-1
1-223	52663-70-4
1-223	52663-71-5
1-223	52663-72-6
1-223	52663-73-7
1-223	52663-74-8
1-223	52663-75-9
1-223	52663-76-0
1-223	52663-77-1
1-223	52663-78-2
1-223	52663-79-3
1-223	52704-70-8
1-223	52712-04-6
1-223	52712-05-7
1-223	52744-13-5
1-223	53469-21-9
1-223	53555-66-1
1-223	53742-07-7
1-223	54230-22-7
1-223	55215-17-3
1-223	55215-18-4
1-223	55312-69-1
1-223	55684-91-8
1-223	55702-45-9
1-223	55702-46-0
1-223	55712-37-3
1-223	55720-44-0
1-223	55722-26-4
1-223	56030-56-9
1-223	56558-16-8
1-223	56558-17-9
1-223	56558-18-0
1-223	57465-28-8
1-223	59291-64-4
1-223	59291-65-5
1-223	60145-20-2
1-223	60145-21-3
1-223	60145-22-4
1-223	60145-23-5
1-223	60233-24-1
1-223	60233-25-2
1-223	61798-70-7
1-223	62461-62-5
1-223	62796-65-0
1-223	64427-28-7
1-223	65510-44-3
1-223	65510-45-4
1-223	68194-04-7
1-223	68194-05-8
1-223	68194-06-9
1-223	68194-07-0
1-223	68194-08-1
1-223	68194-09-2
1-223	68194-10-5
1-223	68194-11-6
1-223	68194-12-7
1-223	68194-13-8
1-223	68194-14-9
1-223	68194-15-0
1-223	68194-16-1
1-223	68194-17-2
1-223	69782-90-7
1-223	69782-91-8
1-223	7012-37-5
1-223	70362-41-3
1-223	70362-45-7
1-223	70362-46-8
1-223	70362-47-9
1-223	70362-48-0
1-223	70362-49-1
1-223	70362-50-4
1-223	70424-67-8
1-223	70424-68-9
1-223	70424-69-0
1-223	70424-70-3
1-223	73575-52-7
1-223	73575-53-8
1-223	73575-54-9
1-223	73575-55-0
1-223	73575-56-1
1-223	73575-57-2
1-223	74338-23-1
1-223	74338-24-2
1-223	74472-33-6
1-223	74472-34-7
1-223	74472-35-8
1-223	74472-36-9
1-223	74472-37-0
1-223	74472-38-1
1-223	74472-39-2
1-223	74472-40-5
1-223	74472-41-6
1-223	74472-42-7
1-223	74472-43-8
1-223	74472-44-9
1-223	74472-45-0
1-223	74472-46-1
1-223	74472-47-2
1-223	74472-48-3
1-223	74472-49-4
1-223	74472-50-7
1-223	74472-51-8
1-223	74472-52-9
1-223	74472-53-0
1-223	74487-85-7
1-223	76842-07-4
1-223	80333-65-9
1-223	89000-29-3
1-223	94487-00-0
1-223	97122-18-4
1-223	97122-20-8
1-223	99554-08-2
1-223	99554-09-3
1-223	99554-10-6
1-223	99554-11-7
1-223	99554-12-8
1-223	99554-13-9
1-223	UN2315
1-223	UN3432
1-226	108-31-6
1-226	1190407-73-8
1-226	1229972-04-6
1-226	1380217-40-2
1-226	184288-31-1
1-226	UN2215
1-227	1338439-16-9
1-227	463311-95-7
1-227	562836-84-4
1-227	79-41-4
1-227	UN2531
1-228	106-91-2
1-228	117955-24-5
1-228	122785-80-2
1-228	126872-19-3
1-228	1451188-70-7
1-228	169957-95-3
1-228	201732-55-0
1-228	202149-12-0
1-228	203300-26-9
1-228	210093-72-4
1-228	55279-88-4
1-228	865699-83-8
1-228	89678-75-1
1-228	96778-02-8
1-228	98104-93-9
1-229	1196968-39-4
1-229	1227277-87-3
1-229	162221-54-7
1-229	220713-32-6
1-229	35233-69-3
1-229	80-62-6
1-229	874217-13-7
1-229	UN1247
1-230	100-61-8
1-230	UN2294
1-231	119775-09-6
1-231	1391413-98-1
1-231	42939-70-8
1-231	74-89-5
1-231	85404-17-7
1-231	UN1061
1-232	11095-11-7
1-232	11130-47-5
1-232	1392204-77-1
1-232	51274-03-4
1-232	52001-89-5
1-232	63-25-2
1-233	12773-35-2
1-233	145846-59-9
1-233	3766-81-2
1-234	3268-49-3
1-234	UN2785
1-235	90-12-0
1-236	91-57-6
1-237	101-77-9
1-237	120859-32-7
1-237	136601-30-4
1-237	148263-71-2
1-237	28602-61-1
1-237	83712-44-1
1-237	UN2651
1-238	101-14-4
1-238	126699-69-2
1-238	142661-36-7
1-238	29371-14-0
1-238	51065-07-7
1-238	78642-65-6
1-238	913092-91-8
1-239	103072-21-5
1-239	107314-16-9
1-239	1081805-58-4
1-239	123773-48-8
1-239	190601-97-9
1-239	201536-77-8
1-239	218459-95-1
1-239	280144-17-4
1-239	5124-30-1
1-239	68966-63-2
1-239	73156-15-7
1-239	88504-76-1
1-240	101-68-8
1-240	1211266-59-9
1-240	1211316-64-1
1-240	1220313-65-4
1-240	1400594-70-8
1-240	142690-07-1
1-240	1533423-48-1
1-240	153986-89-1
1-240	1588489-56-8
1-240	201528-77-0
1-240	2031250-39-0
1-240	2056146-02-0
1-240	53633-14-0
1-240	55157-41-0
1-240	57460-66-9
1-240	77090-48-3
1-240	88001-94-9
1-240	97568-33-7
1-241	109-86-4
1-241	UN1188
1-242	12261-94-8
1-242	26856-29-1
1-242	71836-04-9
1-242	875479-38-2
1-242	90613-75-5
1-242	96-45-7
1-242	96-46-8
1-243	100019-57-6
1-243	100019-58-7
1-243	1003300-72-8
1-243	100932-50-1
1-243	1009807-59-3
1-243	1009807-62-8
1-243	10102-40-6
1-243	101062-40-2
1-243	1012044-78-8
1-243	101357-19-1
1-243	1017237-79-4
1-243	101794-79-0
1-243	101849-51-8
1-243	10190-55-3
1-243	101940-06-1
1-243	101940-07-2
1-243	102082-92-8
1-243	10241-05-1
1-243	1025784-96-6
1-243	103443-41-0
1-243	103458-26-0
1-243	103513-39-9
1-243	104062-50-2
1-243	104349-52-2
1-243	104548-59-6
1-243	106463-33-6
1-243	106494-94-4
1-243	106494-95-5
1-243	106496-65-5
1-243	106496-74-6
1-243	106496-75-7
1-243	106605-51-0
1-243	106770-42-7
1-243	106770-44-9
1-243	107114-56-7
1-243	107114-57-8
1-243	107114-63-6
1-243	107269-37-4
1-243	107311-25-1
1-243	107333-79-9
1-243	107637-31-0
1-243	107637-32-1
1-243	107637-33-2
1-243	107637-34-3
1-243	107637-35-4
1-243	107637-36-5
1-243	107763-83-7
1-243	107929-40-8
1-243	108399-42-4
1-243	108399-43-5
1-243	108399-44-6
1-243	108399-45-7
1-243	108399-46-8
1-243	108399-47-9
1-243	108399-48-0
1-243	108399-49-1
1-243	108399-50-4
1-243	108399-51-5
1-243	108399-52-6
1-243	108399-53-7
1-243	108399-54-8
1-243	108399-55-9
1-243	108399-56-0
1-243	108399-57-1
1-243	108399-58-2
1-243	108399-59-3
1-243	108399-60-6
1-243	108424-14-2
1-243	108424-15-3
1-243	108424-16-4
1-243	109490-70-2
1-243	110639-84-4
1-243	110639-85-5
1-243	11065-25-1
1-243	110666-47-2
1-243	110667-26-0
1-243	110667-27-1
1-243	110667-28-2
1-243	110667-29-3
1-243	11068-91-0
1-243	110687-88-2
1-243	110708-63-9
1-243	11074-63-8
1-243	110771-77-2
1-243	11081-84-8
1-243	1108177-06-5
1-243	11082-09-0
1-243	11089-32-0
1-243	11098-84-3
1-243	11098-99-0
1-243	11099-00-6
1-243	11104-44-2
1-243	11104-85-1
1-243	11104-88-4
1-243	11104-89-5
1-243	11104-90-8
1-243	11115-97-2
1-243	11119-46-3
1-243	11119-83-8
1-243	11121-25-8
1-243	11121-95-2
1-243	11128-97-5
1-243	111556-63-9
1-243	111568-43-5
1-243	111568-80-0
1-243	111568-81-1
1-243	112510-41-5
1-243	112548-46-6
1-243	112764-76-8
1-243	112788-56-4
1-243	1128073-76-6
1-243	112909-68-9
1-243	113114-08-2
1-243	113128-56-6
1-243	113257-30-0
1-243	113257-31-1
1-243	113384-43-3
1-243	113670-97-6
1-243	113670-98-7
1-243	113678-04-9
1-243	113690-93-0
1-243	113690-94-1
1-243	113690-95-2
1-243	113690-96-3
1-243	113725-07-8
1-243	113844-93-2
1-243	113939-39-2
1-243	114105-14-5
1-243	114105-21-4
1-243	114316-51-7
1-243	114663-84-2
1-243	114862-93-0
1-243	114887-05-7
1-243	1150493-60-9
1-243	115232-90-1
1-243	115516-71-7
1-243	116442-78-5
1-243	116442-88-7
1-243	116442-89-8
1-243	116565-73-2
1-243	116640-58-5
1-243	116640-59-6
1-243	116810-46-9
1-243	116812-71-6
1-243	117314-43-9
1-243	117321-92-3
1-243	117342-25-3
1-243	117595-43-4
1-243	117931-10-9
1-243	117991-26-1
1-243	117991-27-2
1-243	118032-96-5
1-243	118063-53-9
1-243	118321-25-8
1-243	118321-26-9
1-243	118321-27-0
1-243	118321-57-6
1-243	118321-58-7
1-243	118877-73-9
1-243	119431-83-3
1-243	1196483-16-5
1-243	119667-37-7
1-243	119801-14-8
1-243	119801-15-9
1-243	12003-72-4
1-243	12006-98-3
1-243	12006-99-4
1-243	12007-27-1
1-243	12007-28-2
1-243	12007-97-5
1-243	12011-97-1
1-243	12011-98-2
1-243	12013-21-7
1-243	12023-18-6
1-243	12026-00-5
1-243	12026-57-2
1-243	12026-65-2
1-243	12026-66-3
1-243	12027-12-2
1-243	12027-67-7
1-243	12033-19-1
1-243	12033-29-3
1-243	12033-37-3
1-243	12033-39-5
1-243	12033-40-8
1-243	12049-45-5
1-243	12054-85-2
1-243	12057-23-7
1-243	12058-07-0
1-243	12058-08-1
1-243	12058-11-6
1-243	12058-18-3
1-243	12058-19-4
1-243	12058-20-7
1-243	12058-24-1
1-243	12058-26-3
1-243	12058-33-2
1-243	1206041-44-2
1-243	12069-89-5
1-243	12069-90-8
1-243	12076-38-9
1-243	12079-83-3
1-243	12084-07-0
1-243	12091-64-4
1-243	120922-80-7
1-243	12107-35-6
1-243	121072-42-2
1-243	12122-47-3
1-243	12122-48-4
1-243	12125-77-8
1-243	12128-23-3
1-243	12129-68-9
1-243	12132-04-6
1-243	12135-57-8
1-243	12136-78-6
1-243	12136-79-7
1-243	12146-37-1
1-243	121484-00-2
1-243	121484-01-3
1-243	12151-75-6
1-243	12152-15-7
1-243	12163-67-6
1-243	12163-69-8
1-243	12163-70-1
1-243	12163-74-5
1-243	12163-85-8
1-243	12184-22-4
1-243	12205-99-1
1-243	12207-64-6
1-243	12207-90-8
1-243	12207-91-9
1-243	12209-17-5
1-243	12209-18-6
1-243	12213-69-3
1-243	12218-71-2
1-243	12224-98-5
1-243	122310-32-1
1-243	122310-33-2
1-243	122310-34-3
1-243	12238-18-5
1-243	12238-23-2
1-243	12262-11-2
1-243	12263-08-0
1-243	12263-13-7
1-243	12265-21-3
1-243	12273-51-7
1-243	12293-15-1
1-243	12305-71-4
1-243	123114-47-6
1-243	123142-20-1
1-243	123142-21-2
1-243	123142-22-3
1-243	12323-01-2
1-243	12325-29-0
1-243	12332-67-1
1-243	12332-82-0
1-243	12339-22-9
1-243	12346-54-2
1-243	12351-17-6
1-243	12351-29-0
1-243	12351-35-8
1-243	123517-46-4
1-243	12382-30-8
1-243	12396-30-4
1-243	12400-18-9
1-243	12411-64-2
1-243	12412-21-4
1-243	12412-22-5
1-243	12421-54-4
1-243	124230-17-7
1-243	124545-31-9
1-243	124545-85-3
1-243	124567-52-8
1-243	124567-53-9
1-243	12500-91-3
1-243	12501-45-0
1-243	125124-08-5
1-243	12518-76-2
1-243	12519-76-5
1-243	12521-67-4
1-243	12530-25-5
1-243	12530-49-3
1-243	125304-18-9
1-243	12543-74-7
1-243	125483-96-7
1-243	12594-27-3
1-243	12612-50-9
1-243	126214-49-1
1-243	12626-91-4
1-243	12627-57-5
1-243	126282-62-0
1-243	12629-02-6
1-243	12640-46-9
1-243	12640-65-2
1-243	126447-24-3
1-243	12646-22-9
1-243	126478-52-2
1-243	12657-22-6
1-243	12673-54-0
1-243	12673-58-4
1-243	12674-41-8
1-243	12680-49-8
1-243	126949-60-8
1-243	126949-63-1
1-243	12704-86-8
1-243	12709-98-7
1-243	127336-61-2
1-243	127336-64-5
1-243	12738-08-8
1-243	1276111-55-7
1-243	12778-02-8
1-243	12778-14-2
1-243	127814-40-8
1-243	12793-13-4
1-243	128574-42-5
1-243	128574-43-6
1-243	128585-44-4
1-243	128704-79-0
1-243	128975-01-9
1-243	129193-18-6
1-243	129208-42-0
1-243	129209-03-6
1-243	129262-82-4
1-243	129925-73-1
1-243	129925-74-2
1-243	129925-75-3
1-243	129925-76-4
1-243	130241-17-7
1-243	130241-18-8
1-243	130241-19-9
1-243	130241-20-2
1-243	130277-43-9
1-243	130277-44-0
1-243	130459-28-8
1-243	130680-13-6
1-243	1309-56-4
1-243	1310534-87-2
1-243	13106-76-8
1-243	131097-40-0
1-243	131163-67-2
1-243	1313-27-5
1-243	1313-29-7
1-243	1313-30-0
1-243	1317-33-5
1-243	1319083-46-9
1-243	1325-24-2
1-243	1325-72-0
1-243	1325-74-2
1-243	1325-75-3
1-243	1325-79-7
1-243	1325-80-0
1-243	1325-82-2
1-243	1325-87-7
1-243	1325-88-8
1-243	1325-94-6
1-243	1326-01-8
1-243	1326-03-0
1-243	1326-04-1
1-243	1326-11-0
1-243	132760-14-6
1-243	13320-71-3
1-243	133340-80-4
1-243	1338709-82-2
1-243	134001-07-3
1-243	134382-80-2
1-243	13446-49-6
1-243	13446-57-6
1-243	134535-29-8
1-243	13454-70-1
1-243	134608-87-0
1-243	13466-16-5
1-243	13470-04-7
1-243	134776-01-5
1-243	13478-17-6
1-243	13478-18-7
1-243	134853-62-6
1-243	134853-63-7
1-243	134884-72-3
1-243	13520-59-7
1-243	135544-38-6
1-243	13565-96-3
1-243	13568-40-6
1-243	135840-44-7
1-243	135849-93-3
1-243	13595-85-2
1-243	13597-64-3
1-243	1359821-13-8
1-243	136097-17-1
1-243	136140-93-7
1-243	13637-68-8
1-243	1366372-99-7
1-243	137025-39-9
1-243	13718-22-4
1-243	13718-70-2
1-243	137486-11-4
1-243	13762-14-6
1-243	13765-74-7
1-243	13765-93-0
1-243	13767-03-8
1-243	13767-32-3
1-243	13767-34-5
1-243	13769-81-8
1-243	137781-03-4
1-243	13814-75-0
1-243	138864-46-7
1-243	139220-25-0
1-243	13939-06-5
1-243	1396125-44-2
1-243	13972-68-4
1-243	14014-79-0
1-243	14014-90-5
1-243	1404439-91-3
1-243	14055-74-4
1-243	140899-16-7
1-243	14119-13-2
1-243	14119-15-4
1-243	141274-57-9
1-243	1415469-55-4
1-243	14177-55-0
1-243	14191-83-4
1-243	14221-06-8
1-243	1422970-52-2
1-243	14259-66-6
1-243	14284-90-3
1-243	142871-49-6
1-243	1440529-21-4
1-243	14456-43-0
1-243	14542-95-1
1-243	14566-03-1
1-243	1459765-44-6
1-243	14643-03-9
1-243	14648-48-7
1-243	14666-91-2
1-243	14730-11-1
1-243	14854-24-1
1-243	15059-53-7
1-243	15060-55-6
1-243	15123-80-5
1-243	151616-45-4
1-243	15190-32-6
1-243	153067-81-3
1-243	153977-13-0
1-243	15444-66-3
1-243	154978-32-2
1-243	15593-38-1
1-243	15611-13-9
1-243	15690-77-4
1-243	15702-41-7
1-243	15712-13-7
1-243	159251-13-5
1-243	15930-43-5
1-243	159653-51-7
1-243	1604843-06-2
1-243	160673-82-5
1-243	1606982-53-9
1-243	16289-82-0
1-243	163702-43-0
1-243	164115-69-9
1-243	1644672-12-7
1-243	167614-27-9
1-243	170297-97-9
1-243	172777-18-3
1-243	172777-19-4
1-243	17476-43-6
1-243	17524-05-9
1-243	1814903-27-9
1-243	18177-91-8
1-243	18198-35-1
1-243	184910-89-2
1-243	185752-99-2
1-243	185753-01-9
1-243	186432-61-1
1-243	18868-43-4
1-243	18967-85-6
1-243	191674-99-4
1-243	1928735-59-4
1-243	19402-37-0
1-243	19421-45-5
1-243	19663-15-1
1-243	19680-83-2
1-243	199790-61-9
1-243	20096-11-1
1-243	20205-60-1
1-243	20211-24-9
1-243	20507-13-5
1-243	205815-80-1
1-243	209733-38-0
1-243	2134229-22-2
1-243	22443-23-8
1-243	22648-09-5
1-243	22914-58-5
1-243	236740-70-8
1-243	251934-88-0
1-243	252368-25-5
1-243	253141-87-6
1-243	253873-83-5
1-243	253873-84-6
1-243	261509-17-5
1-243	26979-68-0
1-243	26979-69-1
1-243	27546-07-2
1-243	278186-89-3
1-243	280130-32-7
1-243	28896-18-6
1-243	29879-10-5
1-243	30291-63-5
1-243	304899-36-3
1-243	31000-79-0
1-243	31051-56-6
1-243	32512-08-6
1-243	32512-11-1
1-243	33056-03-0
1-243	33668-67-6
1-243	34041-09-3
1-243	34085-20-6
1-243	34322-14-0
1-243	34346-27-5
1-243	36730-33-3
1-243	36730-35-5
1-243	37211-00-0
1-243	37216-99-2
1-243	37280-68-5
1-243	37296-91-6
1-243	37297-03-3
1-243	37355-85-4
1-243	37367-98-9
1-243	37370-04-0
1-243	37376-47-9
1-243	378782-19-5
1-243	390388-97-3
1-243	39300-67-9
1-243	39312-47-5
1-243	39312-49-7
1-243	39322-07-1
1-243	39379-50-5
1-243	39455-87-3
1-243	42489-15-6
1-243	44513-97-5
1-243	445409-27-8
1-243	449187-65-9
1-243	474795-79-4
1-243	488128-29-6
1-243	496040-92-7
1-243	50356-41-7
1-243	50412-10-7
1-243	50811-90-0
1-243	50812-08-3
1-243	51200-00-1
1-243	51200-01-2
1-243	51429-74-4
1-243	51682-41-8
1-243	51845-71-7
1-243	51898-99-8
1-243	51990-17-1
1-243	52015-50-6
1-243	52110-07-3
1-243	52595-44-5
1-243	52623-80-0
1-243	52934-88-0
1-243	53027-14-8
1-243	53027-18-2
1-243	53986-44-0
1-243	54684-84-3
1-243	54983-00-5
1-243	55799-25-2
1-243	56094-15-6
1-243	56216-22-9
1-243	56730-34-8
1-243	56779-83-0
1-243	56780-54-2
1-243	56797-39-8
1-243	57126-31-5
1-243	57449-56-6
1-243	57456-13-0
1-243	57606-42-5
1-243	57609-48-0
1-243	57904-54-8
1-243	57904-55-9
1-243	57904-56-0
1-243	57904-57-1
1-243	57904-58-2
1-243	58412-05-8
1-243	59088-14-1
1-243	59109-73-8
1-243	59109-74-9
1-243	59157-44-7
1-243	59204-44-3
1-243	59519-73-2
1-243	59560-72-4
1-243	59786-91-3
1-243	59826-06-1
1-243	60317-96-6
1-243	60317-97-7
1-243	60428-79-7
1-243	60953-15-3
1-243	610785-17-6
1-243	61204-36-2
1-243	61506-74-9
1-243	61583-60-6
1-243	61725-40-4
1-243	61725-41-5
1-243	61725-42-6
1-243	61725-43-7
1-243	61725-45-9
1-243	61725-48-2
1-243	61725-50-6
1-243	62169-57-7
1-243	62973-79-9
1-243	63022-06-0
1-243	63022-07-1
1-243	63022-09-3
1-243	63022-11-7
1-243	63511-60-4
1-243	63920-05-8
1-243	64070-98-0
1-243	64237-06-5
1-243	64237-91-8
1-243	64427-29-8
1-243	64525-54-8
1-243	65036-95-5
1-243	65072-24-4
1-243	65235-34-9
1-243	65337-26-0
1-243	65366-87-2
1-243	65988-50-3
1-243	65997-18-4
1-243	66304-31-2
1-243	66579-19-9
1-243	66589-15-9
1-243	66589-16-0
1-243	66621-30-5
1-243	66793-35-9
1-243	66828-59-9
1-243	67181-17-3
1-243	67368-85-8
1-243	67368-86-9
1-243	678155-43-6
1-243	67953-39-3
1-243	67989-22-4
1-243	68016-03-5
1-243	68083-41-0
1-243	68083-42-1
1-243	68083-43-2
1-243	68130-36-9
1-243	68130-37-0
1-243	68309-94-4
1-243	68310-07-6
1-243	68334-63-4
1-243	68334-64-5
1-243	68334-65-6
1-243	68348-85-6
1-243	68400-26-0
1-243	68409-66-5
1-243	68409-69-8
1-243	68412-26-0
1-243	68413-81-0
1-243	68443-30-1
1-243	68555-97-5
1-243	68568-65-0
1-243	68585-49-9
1-243	68585-50-2
1-243	68630-90-0
1-243	68647-32-5
1-243	68647-34-7
1-243	68647-35-8
1-243	68647-47-2
1-243	68814-00-6
1-243	68814-02-8
1-243	68814-05-1
1-243	68814-07-3
1-243	68825-98-9
1-243	68845-37-4
1-243	68845-38-5
1-243	68954-53-0
1-243	68958-92-9
1-243	68990-30-7
1-243	69011-55-8
1-243	69011-56-9
1-243	69011-57-0
1-243	69011-58-1
1-243	69012-23-3
1-243	69012-40-4
1-243	69012-41-5
1-243	69012-61-9
1-243	69012-68-6
1-243	69012-77-7
1-243	69029-14-7
1-243	69029-38-5
1-243	69070-63-9
1-243	69070-64-0
1-243	69089-44-7
1-243	69226-91-1
1-243	69226-94-4
1-243	69980-72-9
1-243	69992-70-7
1-243	70145-53-8
1-243	70179-86-1
1-243	70289-49-5
1-243	70715-58-1
1-243	710338-01-5
1-243	71243-85-1
1-243	71251-76-8
1-243	71342-89-7
1-243	71630-92-7
1-243	71631-40-8
1-243	71786-41-9
1-243	71786-59-9
1-243	71798-68-0
1-243	71798-71-5
1-243	71798-73-7
1-243	71888-83-0
1-243	72030-25-2
1-243	72102-38-6
1-243	72269-41-1
1-243	72379-29-4
1-243	72828-19-4
1-243	72906-43-5
1-243	73018-83-4
1-243	73452-98-9
1-243	73507-32-1
1-243	73680-23-6
1-243	73912-43-3
1-243	74316-36-2
1-243	7439-98-7
1-243	74987-91-0
1-243	75300-71-9
1-243	75627-12-2
1-243	75757-97-0
1-243	7631-95-0
1-243	7782-91-4
1-243	7783-77-9
1-243	77835-70-2
1-243	7787-37-3
1-243	7789-82-4
1-243	78778-54-8
1-243	799241-27-3
1-243	80031-73-8
1-243	80083-40-5
1-243	8030-65-7
1-243	80407-98-3
1-243	81986-84-7
1-243	82148-84-3
1-243	82391-70-6
1-243	839684-47-8
1-243	84057-86-3
1-243	84144-89-8
1-243	84144-90-1
1-243	84144-91-2
1-243	84144-95-6
1-243	84418-66-6
1-243	84696-61-7
1-243	84696-62-8
1-243	85068-46-8
1-243	85068-48-0
1-243	85186-35-2
1-243	85186-36-3
1-243	85255-51-2
1-243	85536-66-9
1-243	85826-55-7
1-243	85941-74-8
1-243	85959-61-1
1-243	860622-12-4
1-243	86089-09-0
1-243	866105-55-7
1-243	868855-76-9
1-243	871828-81-8
1-243	876012-62-3
1-243	87970-74-9
1-243	88020-55-7
1-243	89114-06-7
1-243	89256-12-2
1-243	89654-51-3
1-243	89654-52-4
1-243	90367-47-8
1-243	90367-48-9
1-243	90367-49-0
1-243	90431-89-3
1-243	90431-90-6
1-243	90431-91-7
1-243	906665-74-5
1-243	90901-24-9
1-243	90901-25-0
1-243	91770-33-1
1-243	91980-26-6
1-243	92113-03-6
1-243	923956-62-1
1-243	92799-92-3
1-243	93754-61-1
1-243	93776-58-0
1-243	93805-29-9
1-243	93840-01-8
1-243	94094-30-1
1-243	94134-34-6
1-243	94232-43-6
1-243	94277-04-0
1-243	95046-44-9
1-243	957147-41-0
1-243	95917-90-1
1-243	960363-34-2
1-243	960363-37-5
1-243	97171-87-4
1-243	97171-88-5
1-243	97191-99-6
1-243	97280-70-1
1-243	97434-81-6
1-243	97434-82-7
1-243	97434-83-8
1-243	97686-30-1
1-243	97812-63-0
1-243	97948-14-6
1-243	97953-19-0
1-243	P-82-0429
1-243	P-85-1285
1-243	P-93-0493
1-243	P-97-0919
1-243	P-99-0534
1-243	RR-00036-2
1-243	RR-00037-3
1-243	RR-00603-1
1-243	RR-03762-7
1-243	RR-04489-3
1-243	RR-122325-2
1-243	RR-122327-4
1-243	RR-122328-5
1-243	RR-122329-6
1-243	RR-122330-9
1-243	RR-122331-0
1-243	RR-122332-1
1-243	RR-122333-2
1-243	RR-122334-3
1-243	RR-122335-4
1-243	RR-122336-5
1-243	RR-122337-6
1-243	RR-128422-6
1-243	RR-145953-6
1-243	RR-150020-5
1-243	RR-16313-3
1-243	RR-23069-3
1-243	RR-23207-5
1-243	RR-23881-3
1-243	RR-24245-5
1-243	RR-30453-0
1-243	RR-32823-4
1-243	RR-36986-8
1-243	RR-45511-8
1-243	RR-46266-8
1-243	RR-46267-9
1-243	RR-46270-4
1-243	RR-48325-0
1-243	RR-50385-5
1-243	RR-50386-6
1-243	RR-56375-7
1-243	RR-57109-5
1-243	RR-64092-6
1-243	RR-87945-8
1-243	RR-88289-3
1-243	RR-88290-6
1-243	RR-88304-5
1-243	RR-88305-6
1-243	RR-88306-7
1-243	RR-88307-8
1-243	RR-88309-0
1-243	RR-90238-5
1-243	UN2508
1-244	110-91-8
1-244	147366-31-2
1-244	854893-20-2
1-244	88542-81-8
1-244	96122-95-1
1-244	99108-56-2
1-244	UN2054
1-245	11095-17-3
1-245	11096-21-2
1-245	11111-31-2
1-245	11126-72-0
1-245	116788-91-1
1-245	12772-40-6
1-245	55819-32-4
1-245	62-73-7
1-245	62139-95-1
1-245	62655-59-8
1-245	8023-22-1
1-245	8072-21-7
1-245	8072-39-7
1-245	8076-16-2
1-245	95828-55-0
1-246	115-96-8
1-246	21343-84-0
1-247	1228931-66-5
1-247	126-72-7
1-247	1867-14-7
1-247	55962-48-6
1-247	68112-30-1
1-248	1052691-24-3
1-248	116082-38-3
1-248	1259372-53-6
1-248	1330-78-5
1-248	1336-40-9
1-248	136868-91-2
1-248	25013-17-6
1-248	34902-62-0
1-248	563-04-2
1-248	56499-45-7
1-248	56573-10-5
1-248	69234-04-4
1-248	72016-32-1
1-248	73299-28-2
1-248	77342-17-7
1-248	77342-18-8
1-248	77342-19-9
1-248	78-30-8
1-248	78-32-0
1-248	UN2574
2-01	1006710-56-0
2-01	107-13-1
2-01	1197872-06-2
2-01	1221168-60-0
2-01	1309882-90-3
2-01	29754-21-0
2-01	63908-52-1
2-01	769126-92-3
2-01	769134-66-9
2-01	UN1093
2-02	1632-89-9
2-02	75-07-0
2-02	UN1089
2-03	1187028-37-0
2-03	75-01-4
2-03	UN1086
2-04	1111-89-3
2-04	1173018-35-3
2-04	1474045-09-4
2-04	1474045-10-7
2-04	1474045-11-8
2-04	16786-44-0
2-04	74-87-3
2-04	UN1063
2-05	10022-47-6
2-05	100231-60-5
2-05	10025-73-7
2-05	10027-12-0
2-05	10031-25-1
2-05	10031-37-5
2-05	10060-12-5
2-05	10101-53-8
2-05	101027-05-8
2-05	10127-05-6
2-05	10127-27-2
2-05	101357-08-8
2-05	10141-00-1
2-05	101607-36-7
2-05	10170-68-0
2-05	101836-91-3
2-05	102262-19-1
2-05	102322-77-0
2-05	102381-84-0
2-05	102382-72-9
2-05	10241-21-1
2-05	10241-27-7
2-05	102496-08-2
2-05	102506-12-7
2-05	102561-72-8
2-05	102561-73-9
2-05	102782-47-8
2-05	102782-48-9
2-05	102782-49-0
2-05	102782-50-3
2-05	10279-42-2
2-05	103241-63-0
2-05	10343-55-2
2-05	10343-58-5
2-05	103458-48-6
2-05	103651-07-6
2-05	103651-08-7
2-05	103671-34-7
2-05	10380-30-0
2-05	103819-10-9
2-05	104105-46-6
2-05	104791-17-5
2-05	104791-31-3
2-05	104815-52-3
2-05	106084-79-1
2-05	106168-42-7
2-05	1066-30-4
2-05	106866-56-2
2-05	109048-90-0
2-05	109125-50-0
2-05	109125-51-1
2-05	109125-62-4
2-05	109225-23-2
2-05	1093852-36-8
2-05	109657-68-3
2-05	109657-69-4
2-05	110375-89-8
2-05	110375-90-1
2-05	110532-38-2
2-05	110553-28-1
2-05	11068-91-0
2-05	11104-65-7
2-05	11113-70-5
2-05	11114-92-4
2-05	11118-57-3
2-05	11119-70-3
2-05	11121-96-3
2-05	11145-38-3
2-05	112285-78-6
2-05	112764-80-4
2-05	112764-81-5
2-05	112764-82-6
2-05	113015-82-0
2-05	113163-33-0
2-05	114374-61-7
2-05	114886-92-9
2-05	114886-93-0
2-05	114886-94-1
2-05	114886-95-2
2-05	114886-96-3
2-05	114886-97-4
2-05	114886-98-5
2-05	114886-99-6
2-05	114887-00-2
2-05	114887-04-6
2-05	114959-47-6
2-05	115341-05-4
2-05	115465-57-1
2-05	115517-69-6
2-05	115517-70-9
2-05	115517-71-0
2-05	115658-56-5
2-05	115658-57-6
2-05	115949-83-2
2-05	115949-89-8
2-05	116032-59-8
2-05	116305-12-5
2-05	117527-94-3
2-05	118460-97-2
2-05	118496-41-6
2-05	118556-91-5
2-05	118685-18-0
2-05	118685-19-1
2-05	118685-33-9
2-05	118716-61-3
2-05	118716-62-4
2-05	118870-19-2
2-05	119535-63-6
2-05	119654-54-5
2-05	12001-99-9
2-05	12006-79-0
2-05	12013-31-9
2-05	12016-69-2
2-05	12017-79-7
2-05	12017-94-6
2-05	12018-10-9
2-05	12018-18-7
2-05	12018-19-8
2-05	12018-22-3
2-05	120418-78-2
2-05	120418-79-3
2-05	120418-80-6
2-05	120418-81-7
2-05	120522-64-7
2-05	120522-66-9
2-05	12053-12-2
2-05	12053-13-3
2-05	12053-18-8
2-05	12053-39-3
2-05	120573-95-7
2-05	120574-56-3
2-05	12068-77-8
2-05	121281-35-4
2-05	12170-19-3
2-05	12182-82-0
2-05	12218-94-9
2-05	12218-95-0
2-05	12218-99-4
2-05	12220-52-9
2-05	12220-77-8
2-05	12220-85-8
2-05	12220-90-5
2-05	12225-64-8
2-05	12226-00-5
2-05	12235-24-4
2-05	12237-22-8
2-05	12238-55-0
2-05	12269-80-6
2-05	12270-05-2
2-05	1229022-62-1
2-05	12336-95-7
2-05	12392-64-2
2-05	125233-42-3
2-05	125378-90-7
2-05	125378-92-9
2-05	125378-93-0
2-05	125378-94-1
2-05	125378-95-2
2-05	12605-70-8
2-05	12617-87-7
2-05	12619-84-0
2-05	12629-02-6
2-05	12638-07-2
2-05	12653-68-8
2-05	12675-92-2
2-05	12680-48-7
2-05	12681-83-3
2-05	12689-83-7
2-05	12737-27-8
2-05	12737-97-2
2-05	12768-76-2
2-05	12777-94-5
2-05	127851-78-9
2-05	129984-38-9
2-05	129984-39-0
2-05	13011-63-7
2-05	13011-65-9
2-05	130701-55-2
2-05	1308-14-1
2-05	1308-31-2
2-05	1308-38-9
2-05	131162-93-1
2-05	13221-10-8
2-05	132435-13-3
2-05	132435-14-4
2-05	132539-03-8
2-05	132539-05-0
2-05	13318-01-9
2-05	1332-16-7
2-05	1335-24-6
2-05	133556-24-8
2-05	1336-14-7
2-05	13463-42-8
2-05	13475-98-4
2-05	13520-66-6
2-05	13537-21-8
2-05	13548-38-4
2-05	13548-43-1
2-05	13569-75-0
2-05	13573-16-5
2-05	13573-17-6
2-05	13601-11-1
2-05	136141-00-9
2-05	13820-25-2
2-05	139460-45-0
2-05	140835-91-2
2-05	1426817-51-7
2-05	14282-33-8
2-05	143065-90-1
2-05	14320-13-9
2-05	14325-26-9
2-05	14392-02-0
2-05	144246-96-8
2-05	144855-63-0
2-05	14489-25-9
2-05	14639-25-9
2-05	14640-57-4
2-05	14766-82-6
2-05	14833-09-1
2-05	149564-65-8
2-05	149564-66-9
2-05	149626-00-6
2-05	15005-90-0
2-05	15096-41-0
2-05	15203-80-2
2-05	15244-38-9
2-05	15246-55-6
2-05	15363-19-6
2-05	15363-28-7
2-05	15418-25-4
2-05	154857-50-8
2-05	155067-80-4
2-05	15713-60-7
2-05	15758-14-2
2-05	15804-55-4
2-05	158086-59-0
2-05	159357-71-8
2-05	159574-72-8
2-05	15977-59-0
2-05	16065-83-1
2-05	160673-88-1
2-05	160867-07-2
2-05	160869-74-9
2-05	160901-47-3
2-05	16091-77-3
2-05	1610419-57-2
2-05	16286-27-4
2-05	164057-73-2
2-05	165589-75-3
2-05	16671-27-5
2-05	16712-29-1
2-05	16922-87-5
2-05	16923-74-3
2-05	17099-80-8
2-05	17135-66-9
2-05	171966-37-3
2-05	171966-38-4
2-05	171966-39-5
2-05	171966-40-8
2-05	171966-42-0
2-05	171966-43-1
2-05	171966-44-2
2-05	171966-45-3
2-05	172018-28-9
2-05	172343-57-6
2-05	172343-59-8
2-05	172343-60-1
2-05	172343-61-2
2-05	172777-20-7
2-05	172777-25-2
2-05	172825-43-3
2-05	172928-54-0
2-05	172928-56-2
2-05	178452-71-6
2-05	178452-72-7
2-05	180262-71-9
2-05	18324-39-5
2-05	184719-87-7
2-05	184828-23-7
2-05	185464-26-0
2-05	188785-87-7
2-05	188785-92-4
2-05	18987-99-0
2-05	190525-00-9
2-05	19154-29-1
2-05	19154-30-4
2-05	19154-31-5
2-05	192662-33-2
2-05	19441-09-9
2-05	19512-14-2
2-05	195161-82-1
2-05	19583-99-4
2-05	196696-68-1
2-05	19717-98-7
2-05	20249-21-2
2-05	20714-20-9
2-05	21178-63-2
2-05	21180-84-7
2-05	212716-69-3
2-05	212716-70-6
2-05	21679-31-2
2-05	219539-04-5
2-05	22471-42-7
2-05	225797-70-6
2-05	22967-36-8
2-05	24094-93-7
2-05	24256-56-2
2-05	24305-97-3
2-05	24328-40-3
2-05	24613-89-6
2-05	25013-81-4
2-05	25013-82-5
2-05	25718-61-0
2-05	26416-07-9
2-05	27096-04-4
2-05	27115-36-2
2-05	27425-58-7
2-05	27425-60-1
2-05	27519-39-7
2-05	27850-15-3
2-05	28084-27-7
2-05	28155-72-8
2-05	28612-69-3
2-05	292609-13-3
2-05	294202-64-5
2-05	29632-23-3
2-05	29890-29-7
2-05	29991-00-2
2-05	30112-70-0
2-05	30737-19-0
2-05	30785-74-1
2-05	31087-39-5
2-05	31636-06-3
2-05	31714-55-3
2-05	32517-36-5
2-05	327177-98-0
2-05	32732-14-2
2-05	33270-70-1
2-05	33518-89-7
2-05	34156-26-8
2-05	34215-66-2
2-05	3444-17-5
2-05	346693-15-0
2-05	346693-16-1
2-05	346709-18-0
2-05	346709-19-1
2-05	346709-20-4
2-05	36221-65-5
2-05	3700-69-4
2-05	371973-51-2
2-05	37224-57-0
2-05	37228-30-1
2-05	37293-29-1
2-05	37367-87-6
2-05	37382-24-4
2-05	3843-17-2
2-05	38833-00-0
2-05	38845-55-5
2-05	39002-49-8
2-05	39275-63-3
2-05	39322-04-8
2-05	39378-25-1
2-05	39380-78-4
2-05	39609-25-1
2-05	40752-90-7
2-05	41579-63-9
2-05	41741-86-0
2-05	42208-99-1
2-05	47865-34-9
2-05	47872-95-7
2-05	47872-97-9
2-05	499126-69-1
2-05	50497-83-1
2-05	50497-85-3
2-05	50525-41-2
2-05	50525-58-1
2-05	51022-91-4
2-05	51147-75-2
2-05	51329-63-6
2-05	51472-11-8
2-05	51888-17-6
2-05	52110-72-2
2-05	52256-37-8
2-05	52256-39-0
2-05	52256-40-3
2-05	52277-71-1
2-05	52277-74-4
2-05	52440-39-8
2-05	52587-68-5
2-05	52677-44-8
2-05	52677-57-3
2-05	52869-79-1
2-05	52953-39-6
2-05	52953-41-0
2-05	52953-42-1
2-05	53036-44-5
2-05	53036-47-8
2-05	53295-04-8
2-05	53529-09-2
2-05	53901-51-2
2-05	54306-63-7
2-05	55039-14-0
2-05	55072-56-5
2-05	55136-34-0
2-05	55147-94-9
2-05	553650-13-8
2-05	55613-78-0
2-05	55657-54-0
2-05	55809-98-8
2-05	55917-86-7
2-05	5601-29-6
2-05	5610-64-0
2-05	561029-54-7
2-05	56237-72-0
2-05	56269-88-6
2-05	56466-00-3
2-05	56663-29-7
2-05	56819-40-0
2-05	57033-98-4
2-05	57072-40-9
2-05	57108-69-7
2-05	57206-81-2
2-05	57206-83-4
2-05	57486-05-2
2-05	57674-14-3
2-05	57693-14-8
2-05	58591-12-1
2-05	58640-42-9
2-05	59178-46-0
2-05	59307-44-7
2-05	59307-46-9
2-05	59307-49-2
2-05	59330-20-0
2-05	59335-19-2
2-05	59335-21-6
2-05	59459-49-3
2-05	59459-52-8
2-05	59518-88-6
2-05	59675-70-6
2-05	61275-47-6
2-05	61623-21-0
2-05	61916-41-4
2-05	61916-42-5
2-05	61931-16-6
2-05	61931-53-1
2-05	61931-84-8
2-05	62037-24-5
2-05	62498-20-8
2-05	62524-44-1
2-05	63182-21-8
2-05	63231-86-7
2-05	63388-88-5
2-05	63497-09-6
2-05	6370-08-7
2-05	6370-09-8
2-05	6370-12-3
2-05	6370-14-5
2-05	6370-15-6
2-05	63815-15-6
2-05	63872-05-9
2-05	63910-74-7
2-05	63982-58-1
2-05	6408-02-2
2-05	6408-05-5
2-05	6408-06-6
2-05	6408-15-7
2-05	6408-19-1
2-05	6408-22-6
2-05	6408-26-0
2-05	6408-29-3
2-05	6408-31-7
2-05	6408-34-0
2-05	64093-79-4
2-05	64452-96-6
2-05	6449-00-9
2-05	64560-69-6
2-05	64560-71-0
2-05	6459-65-0
2-05	64611-70-7
2-05	64611-72-9
2-05	64611-73-0
2-05	6472-55-5
2-05	6505-91-5
2-05	65277-39-6
2-05	65629-44-9
2-05	65664-27-9
2-05	65718-42-5
2-05	65979-96-6
2-05	66006-52-8
2-05	66009-93-6
2-05	66010-29-5
2-05	66142-95-8
2-05	6656-00-4
2-05	6656-01-5
2-05	6656-02-6
2-05	67109-27-7
2-05	6717-29-9
2-05	6717-33-5
2-05	67352-35-6
2-05	67352-37-8
2-05	67414-28-2
2-05	67800-97-9
2-05	67800-98-0
2-05	67893-10-1
2-05	67924-22-5
2-05	67939-06-4
2-05	67989-83-7
2-05	67989-91-7
2-05	68039-62-3
2-05	68039-63-4
2-05	68039-65-6
2-05	68132-92-3
2-05	68133-82-4
2-05	68141-02-6
2-05	68155-48-6
2-05	68186-90-3
2-05	68186-91-4
2-05	68186-92-5
2-05	68186-97-0
2-05	68187-09-7
2-05	68187-11-1
2-05	68187-12-2
2-05	68187-27-9
2-05	68187-49-5
2-05	68187-53-1
2-05	68201-65-0
2-05	68201-73-0
2-05	68201-74-1
2-05	68214-26-6
2-05	68214-27-7
2-05	68227-17-8
2-05	68239-51-0
2-05	68239-52-1
2-05	68334-57-6
2-05	68368-55-8
2-05	68368-56-9
2-05	68448-46-4
2-05	68479-94-7
2-05	68479-95-8
2-05	68516-25-6
2-05	68541-69-5
2-05	68541-70-8
2-05	68541-71-9
2-05	68553-01-5
2-05	68556-27-4
2-05	685853-81-0
2-05	68610-93-5
2-05	68611-42-7
2-05	68683-16-9
2-05	68833-89-6
2-05	68833-90-9
2-05	68900-70-9
2-05	68900-71-0
2-05	68909-79-5
2-05	68912-09-4
2-05	68912-10-7
2-05	68912-11-8
2-05	68922-28-1
2-05	68957-69-7
2-05	68958-93-0
2-05	68958-96-3
2-05	68966-87-0
2-05	68966-88-1
2-05	68966-92-7
2-05	68966-94-9
2-05	68966-99-4
2-05	69011-08-1
2-05	69373-03-1
2-05	69882-08-2
2-05	69943-64-2
2-05	69943-65-3
2-05	69943-66-4
2-05	69997-91-7
2-05	70029-25-3
2-05	70179-70-3
2-05	70198-31-1
2-05	70209-86-8
2-05	70209-87-9
2-05	70236-40-7
2-05	70236-42-9
2-05	70236-55-4
2-05	70236-56-5
2-05	70236-57-6
2-05	70236-60-1
2-05	70236-61-2
2-05	70236-62-3
2-05	70247-75-5
2-05	70247-77-7
2-05	70281-39-9
2-05	70281-41-3
2-05	70288-95-8
2-05	70529-04-3
2-05	70703-37-6
2-05	70776-54-4
2-05	70776-97-5
2-05	70788-62-4
2-05	70788-63-5
2-05	70815-17-7
2-05	70833-33-9
2-05	70833-35-1
2-05	70833-36-2
2-05	70851-41-1
2-05	70880-00-1
2-05	70880-01-2
2-05	70880-02-3
2-05	70892-94-3
2-05	70900-26-4
2-05	70942-15-3
2-05	71032-93-4
2-05	71076-98-7
2-05	71205-50-0
2-05	71343-04-9
2-05	71361-25-6
2-05	71550-00-0
2-05	71566-29-5
2-05	71566-31-9
2-05	71598-27-1
2-05	71598-32-8
2-05	71598-33-9
2-05	71598-34-0
2-05	71598-35-1
2-05	71631-15-7
2-05	71631-40-8
2-05	71648-65-2
2-05	71701-12-7
2-05	71701-13-8
2-05	71701-15-0
2-05	71701-16-1
2-05	71735-55-2
2-05	71735-58-5
2-05	71750-83-9
2-05	71767-18-5
2-05	71839-77-5
2-05	71839-79-7
2-05	71839-80-0
2-05	71839-81-1
2-05	71839-83-3
2-05	71839-85-5
2-05	71839-90-2
2-05	71839-91-3
2-05	71889-21-9
2-05	71902-28-8
2-05	72017-66-4
2-05	72139-07-2
2-05	72259-07-5
2-05	72259-15-5
2-05	72259-16-6
2-05	72275-69-5
2-05	72379-38-5
2-05	72379-39-6
2-05	72403-65-7
2-05	72403-66-8
2-05	72429-11-9
2-05	72429-12-0
2-05	72453-60-2
2-05	72467-46-0
2-05	72479-29-9
2-05	72479-31-3
2-05	72479-91-5
2-05	72479-92-6
2-05	72479-93-7
2-05	72479-94-8
2-05	72496-90-3
2-05	72509-81-0
2-05	72574-52-8
2-05	72709-84-3
2-05	72765-46-9
2-05	72765-47-0
2-05	72796-98-6
2-05	72796-99-7
2-05	72797-00-3
2-05	72797-01-4
2-05	72797-02-5
2-05	72797-03-6
2-05	72797-04-7
2-05	72797-05-8
2-05	72797-06-9
2-05	72797-07-0
2-05	72797-10-5
2-05	72797-11-6
2-05	72797-12-7
2-05	72797-13-8
2-05	72812-20-5
2-05	72812-21-6
2-05	72812-22-7
2-05	72812-23-8
2-05	72812-24-9
2-05	72812-25-0
2-05	72812-26-1
2-05	72812-27-2
2-05	72812-28-3
2-05	72812-29-4
2-05	72812-30-7
2-05	72812-31-8
2-05	72812-32-9
2-05	72812-33-0
2-05	72812-34-1
2-05	72812-35-2
2-05	72812-36-3
2-05	72812-37-4
2-05	72812-38-5
2-05	72829-08-4
2-05	72829-32-4
2-05	72829-34-6
2-05	72845-51-3
2-05	72845-52-4
2-05	72845-53-5
2-05	72845-54-6
2-05	72845-55-7
2-05	72845-56-8
2-05	72845-57-9
2-05	72845-58-0
2-05	72845-59-1
2-05	72845-60-4
2-05	72845-61-5
2-05	72845-62-6
2-05	72845-64-8
2-05	72845-65-9
2-05	72845-66-0
2-05	72845-67-1
2-05	72845-68-2
2-05	72845-69-3
2-05	72845-70-6
2-05	72845-72-8
2-05	72845-73-9
2-05	72845-74-0
2-05	72845-75-1
2-05	72846-03-8
2-05	72846-04-9
2-05	72854-28-5
2-05	72854-29-6
2-05	72854-30-9
2-05	72854-31-0
2-05	72854-32-1
2-05	72854-34-3
2-05	72854-35-4
2-05	72869-40-0
2-05	72869-41-1
2-05	72869-42-2
2-05	72869-43-3
2-05	72869-44-4
2-05	72869-45-5
2-05	72869-46-6
2-05	72869-47-7
2-05	72869-48-8
2-05	72869-49-9
2-05	72869-50-2
2-05	72869-51-3
2-05	72869-52-4
2-05	72869-53-5
2-05	72869-54-6
2-05	72869-55-7
2-05	72869-56-8
2-05	72869-57-9
2-05	72869-58-0
2-05	72869-59-1
2-05	72869-60-4
2-05	72869-61-5
2-05	72869-85-3
2-05	72906-58-2
2-05	72906-60-6
2-05	72928-72-4
2-05	72928-74-6
2-05	72928-75-7
2-05	72928-78-0
2-05	72928-79-1
2-05	72928-80-4
2-05	72928-81-5
2-05	72928-82-6
2-05	72928-83-7
2-05	72928-84-8
2-05	72928-85-9
2-05	72928-86-0
2-05	72928-87-1
2-05	72928-88-2
2-05	72928-89-3
2-05	72928-90-6
2-05	72939-56-1
2-05	72939-57-2
2-05	72939-58-3
2-05	72968-16-2
2-05	72986-48-2
2-05	72986-63-1
2-05	72986-64-2
2-05	72986-65-3
2-05	72986-66-4
2-05	72986-67-5
2-05	72986-68-6
2-05	72986-69-7
2-05	72986-70-0
2-05	72986-71-1
2-05	72986-72-2
2-05	72986-73-3
2-05	72986-74-4
2-05	72986-75-5
2-05	72986-77-7
2-05	72986-78-8
2-05	72986-79-9
2-05	72986-81-3
2-05	72986-84-6
2-05	72986-85-7
2-05	72986-86-8
2-05	72986-87-9
2-05	72986-88-0
2-05	72986-89-1
2-05	72986-91-5
2-05	72986-92-6
2-05	72986-93-7
2-05	72986-94-8
2-05	72986-95-9
2-05	72986-96-0
2-05	72986-97-1
2-05	72986-98-2
2-05	72986-99-3
2-05	72987-00-9
2-05	72987-01-0
2-05	72987-02-1
2-05	72987-03-2
2-05	72987-04-3
2-05	72987-05-4
2-05	72987-08-7
2-05	72987-09-8
2-05	72987-11-2
2-05	72987-12-3
2-05	72987-13-4
2-05	72987-15-6
2-05	72993-54-5
2-05	73003-22-2
2-05	73003-25-5
2-05	73003-26-6
2-05	73003-27-7
2-05	73003-29-9
2-05	73003-30-2
2-05	73003-31-3
2-05	73003-32-4
2-05	73003-33-5
2-05	73003-34-6
2-05	73003-92-6
2-05	73003-93-7
2-05	73003-94-8
2-05	73003-95-9
2-05	73003-96-0
2-05	73003-97-1
2-05	73003-98-2
2-05	73018-70-9
2-05	73018-71-0
2-05	73018-72-1
2-05	73018-73-2
2-05	73018-74-3
2-05	73018-75-4
2-05	73018-76-5
2-05	73018-77-6
2-05	73018-78-7
2-05	73018-79-8
2-05	73018-85-6
2-05	73018-86-7
2-05	73038-31-0
2-05	73049-38-4
2-05	73195-16-1
2-05	73246-98-7
2-05	73275-56-6
2-05	73275-57-7
2-05	73287-39-5
2-05	73287-40-8
2-05	73287-41-9
2-05	73287-43-1
2-05	73287-44-2
2-05	73287-45-3
2-05	73287-46-4
2-05	73297-00-4
2-05	73297-01-5
2-05	73297-11-7
2-05	73297-12-8
2-05	73297-13-9
2-05	73297-15-1
2-05	73297-20-8
2-05	73324-04-6
2-05	73324-05-7
2-05	73324-06-8
2-05	73334-12-0
2-05	73347-81-6
2-05	73360-60-8
2-05	73360-61-9
2-05	73360-62-0
2-05	73360-63-1
2-05	73360-64-2
2-05	73360-65-3
2-05	73378-61-7
2-05	73398-67-1
2-05	73398-68-2
2-05	73507-06-9
2-05	73507-08-1
2-05	73507-09-2
2-05	73507-10-5
2-05	73507-13-8
2-05	73507-15-0
2-05	73507-16-1
2-05	73507-17-2
2-05	73507-18-3
2-05	73507-25-2
2-05	73507-64-9
2-05	73507-65-0
2-05	73507-68-3
2-05	73507-69-4
2-05	73507-72-9
2-05	73513-78-7
2-05	73513-79-8
2-05	73513-80-1
2-05	73514-04-2
2-05	73559-51-0
2-05	73559-52-1
2-05	74051-91-5
2-05	74063-47-1
2-05	74082-16-9
2-05	74196-15-9
2-05	74196-16-0
2-05	74196-17-1
2-05	74354-92-0
2-05	7440-47-3
2-05	74411-37-3
2-05	74411-39-5
2-05	74421-71-9
2-05	74665-01-3
2-05	74920-95-9
2-05	75150-09-3
2-05	75199-03-0
2-05	75199-04-1
2-05	75199-05-2
2-05	75199-06-3
2-05	75199-07-4
2-05	75199-08-5
2-05	75214-56-1
2-05	75214-57-2
2-05	75214-58-3
2-05	75214-65-2
2-05	75214-68-5
2-05	75214-69-6
2-05	75214-70-9
2-05	75234-41-2
2-05	75268-74-5
2-05	75268-75-6
2-05	75268-76-7
2-05	75268-78-9
2-05	75660-32-1
2-05	75718-03-5
2-05	75920-34-2
2-05	77242-26-3
2-05	77496-01-6
2-05	7788-97-8
2-05	7788-99-0
2-05	7789-02-8
2-05	7789-04-0
2-05	78592-92-4
2-05	79135-15-2
2-05	79371-81-6
2-05	79502-95-7
2-05	79665-38-6
2-05	79682-34-1
2-05	79828-43-6
2-05	79828-44-7
2-05	79978-83-9
2-05	8006-30-2
2-05	80440-73-9
2-05	80476-37-5
2-05	8049-16-9
2-05	80997-91-7
2-05	80997-92-8
2-05	80997-93-9
2-05	80997-94-0
2-05	80997-95-1
2-05	81013-01-6
2-05	81361-04-8
2-05	81361-05-9
2-05	81361-06-0
2-05	81372-34-1
2-05	81457-66-1
2-05	81642-71-9
2-05	81827-72-7
2-05	81827-73-8
2-05	82338-75-8
2-05	82338-77-0
2-05	82338-78-1
2-05	82457-11-2
2-05	82457-13-4
2-05	82933-88-8
2-05	82933-90-2
2-05	83027-56-9
2-05	83027-57-0
2-05	83027-58-1
2-05	83232-44-4
2-05	83232-45-5
2-05	83232-46-6
2-05	83232-47-7
2-05	83232-48-8
2-05	83232-49-9
2-05	83232-50-2
2-05	83232-51-3
2-05	83249-26-7
2-05	83249-27-8
2-05	83249-62-1
2-05	83249-63-2
2-05	83249-64-3
2-05	83249-65-4
2-05	83249-66-5
2-05	83249-67-6
2-05	83562-94-1
2-05	83732-89-2
2-05	83732-90-5
2-05	83732-91-6
2-05	83732-92-7
2-05	83732-93-8
2-05	83732-94-9
2-05	83732-95-0
2-05	83732-96-1
2-05	83732-97-2
2-05	83732-98-3
2-05	83733-00-0
2-05	83733-01-1
2-05	83733-04-4
2-05	83733-05-5
2-05	83733-06-6
2-05	83733-07-7
2-05	83733-08-8
2-05	83733-09-9
2-05	83733-10-2
2-05	83733-12-4
2-05	83733-14-6
2-05	83733-15-7
2-05	83733-16-8
2-05	83733-17-9
2-05	83733-18-0
2-05	83733-19-1
2-05	83733-20-4
2-05	83733-21-5
2-05	83733-23-7
2-05	83733-24-8
2-05	83748-22-5
2-05	83748-23-6
2-05	83803-64-9
2-05	83803-66-1
2-05	83803-68-3
2-05	83804-09-5
2-05	83804-10-8
2-05	83804-11-9
2-05	83804-12-0
2-05	83804-13-1
2-05	83804-14-2
2-05	83804-15-3
2-05	83804-16-4
2-05	83817-77-0
2-05	83833-37-8
2-05	83863-35-8
2-05	83863-36-9
2-05	83863-37-0
2-05	83863-38-1
2-05	83949-51-3
2-05	83949-53-5
2-05	83949-54-6
2-05	83949-55-7
2-05	83949-56-8
2-05	83949-59-1
2-05	83949-60-4
2-05	83949-61-5
2-05	83984-90-1
2-05	84030-54-6
2-05	84030-55-7
2-05	84030-57-9
2-05	84030-63-7
2-05	84057-74-9
2-05	84074-46-4
2-05	84082-98-4
2-05	84082-99-5
2-05	84099-97-8
2-05	84145-95-9
2-05	84179-66-8
2-05	84195-80-2
2-05	84195-81-3
2-05	84195-82-4
2-05	84195-83-5
2-05	84195-84-6
2-05	84195-87-9
2-05	84195-88-0
2-05	84195-89-1
2-05	84195-90-4
2-05	84195-91-5
2-05	84195-92-6
2-05	84204-63-7
2-05	84215-37-2
2-05	84215-38-3
2-05	84215-39-4
2-05	84215-40-7
2-05	84215-41-8
2-05	84434-74-2
2-05	84682-43-9
2-05	84682-44-0
2-05	84682-45-1
2-05	84682-46-2
2-05	84777-12-8
2-05	84777-13-9
2-05	84777-14-0
2-05	84777-15-1
2-05	84777-16-2
2-05	84777-17-3
2-05	84777-18-4
2-05	84777-19-5
2-05	84777-20-8
2-05	84777-21-9
2-05	84777-22-0
2-05	84777-23-1
2-05	84777-70-8
2-05	84777-72-0
2-05	84812-61-3
2-05	84812-63-5
2-05	848393-12-4
2-05	84878-20-6
2-05	84878-21-7
2-05	84896-45-7
2-05	84961-40-0
2-05	84961-41-1
2-05	84961-84-2
2-05	84961-85-3
2-05	84961-86-4
2-05	84962-27-6
2-05	84962-28-7
2-05	84962-32-3
2-05	84989-19-5
2-05	84989-20-8
2-05	84989-21-9
2-05	84989-22-0
2-05	84989-24-2
2-05	84989-25-3
2-05	84989-26-4
2-05	84989-27-5
2-05	84989-45-7
2-05	85005-53-4
2-05	85029-57-8
2-05	85029-58-9
2-05	85029-59-0
2-05	85049-61-2
2-05	85049-62-3
2-05	85049-63-4
2-05	85049-64-5
2-05	85049-65-6
2-05	85049-66-7
2-05	85049-67-8
2-05	85049-68-9
2-05	85049-69-0
2-05	85049-70-3
2-05	85049-71-4
2-05	85068-39-9
2-05	85085-79-6
2-05	85085-81-0
2-05	85099-42-9
2-05	85099-44-1
2-05	85116-65-0
2-05	85116-66-1
2-05	85117-52-8
2-05	85117-53-9
2-05	85118-16-7
2-05	85118-17-8
2-05	85118-18-9
2-05	85118-20-3
2-05	85136-44-3
2-05	85168-72-5
2-05	85186-12-5
2-05	85186-13-6
2-05	85186-63-6
2-05	85186-64-7
2-05	85186-66-9
2-05	85186-67-0
2-05	85186-69-2
2-05	85252-26-2
2-05	85305-02-8
2-05	85392-61-6
2-05	85392-63-8
2-05	85407-92-7
2-05	85407-93-8
2-05	85408-46-4
2-05	85443-53-4
2-05	85443-55-6
2-05	85443-57-8
2-05	85443-59-0
2-05	85443-60-3
2-05	85443-61-4
2-05	85443-62-5
2-05	85443-63-6
2-05	85443-64-7
2-05	85443-67-0
2-05	85443-68-1
2-05	85443-70-5
2-05	85452-86-4
2-05	85455-32-9
2-05	85455-34-1
2-05	85480-62-2
2-05	85480-63-3
2-05	85480-64-4
2-05	85480-65-5
2-05	85507-82-0
2-05	85536-24-9
2-05	85631-45-4
2-05	85631-46-5
2-05	85631-47-6
2-05	85650-72-2
2-05	85650-73-3
2-05	85737-08-2
2-05	85737-12-8
2-05	85828-73-5
2-05	85828-74-6
2-05	85828-75-7
2-05	85828-76-8
2-05	85828-85-9
2-05	85828-86-0
2-05	85865-83-4
2-05	85865-88-9
2-05	85865-89-0
2-05	85940-15-4
2-05	85958-81-2
2-05	85958-82-3
2-05	85958-83-4
2-05	85958-84-5
2-05	85958-85-6
2-05	85958-90-3
2-05	85959-72-4
2-05	85959-74-6
2-05	85959-76-8
2-05	85959-80-4
2-05	85959-84-8
2-05	86242-89-9
2-05	86242-90-2
2-05	86262-20-6
2-05	86437-46-9
2-05	86494-88-4
2-05	88031-28-1
2-05	88330-20-5
2-05	88377-66-6
2-05	89107-32-4
2-05	89899-24-1
2-05	89899-25-2
2-05	89923-63-7
2-05	90241-26-2
2-05	90269-10-6
2-05	90294-35-2
2-05	90294-36-3
2-05	90294-37-4
2-05	90294-38-5
2-05	90294-39-6
2-05	90294-40-9
2-05	90294-41-0
2-05	90294-42-1
2-05	90294-43-2
2-05	90294-44-3
2-05	90294-45-4
2-05	90294-46-5
2-05	90294-47-6
2-05	90294-48-7
2-05	90294-49-8
2-05	90294-50-1
2-05	90294-51-2
2-05	90294-52-3
2-05	90294-53-4
2-05	90294-54-5
2-05	90294-55-6
2-05	90294-56-7
2-05	90294-57-8
2-05	90294-58-9
2-05	90294-59-0
2-05	90294-60-3
2-05	90677-69-3
2-05	90677-70-6
2-05	90740-30-0
2-05	91144-27-3
2-05	91144-28-4
2-05	91159-19-2
2-05	91672-56-9
2-05	91672-57-0
2-05	91672-58-1
2-05	91672-59-2
2-05	91672-60-5
2-05	91672-61-6
2-05	91672-62-7
2-05	91672-63-8
2-05	91672-64-9
2-05	91745-37-8
2-05	91992-99-3
2-05	92388-81-3
2-05	93293-65-3
2-05	93572-59-9
2-05	93572-86-2
2-05	93572-87-3
2-05	93573-23-0
2-05	93606-19-0
2-05	93606-20-3
2-05	93693-29-9
2-05	93693-30-2
2-05	93776-32-0
2-05	93776-33-1
2-05	93776-35-3
2-05	93776-37-5
2-05	93783-53-0
2-05	93783-57-4
2-05	93783-61-0
2-05	93783-62-1
2-05	93783-63-2
2-05	93783-71-2
2-05	93783-72-3
2-05	93820-13-4
2-05	93820-14-5
2-05	93820-16-7
2-05	93820-70-3
2-05	93820-71-4
2-05	93820-72-5
2-05	93839-66-8
2-05	93839-67-9
2-05	93843-04-0
2-05	93891-79-3
2-05	93893-29-9
2-05	93940-24-0
2-05	93940-27-3
2-05	93940-42-2
2-05	93940-68-2
2-05	93941-95-8
2-05	93941-96-9
2-05	93952-24-0
2-05	93962-87-9
2-05	93962-90-4
2-05	93964-92-2
2-05	93964-93-3
2-05	93964-94-4
2-05	94016-43-0
2-05	94021-50-8
2-05	94021-52-0
2-05	94021-55-3
2-05	94021-56-4
2-05	94232-93-6
2-05	94232-94-7
2-05	94232-95-8
2-05	94232-96-9
2-05	94232-98-1
2-05	94233-12-2
2-05	94233-13-3
2-05	94233-14-4
2-05	94233-15-5
2-05	94233-16-6
2-05	94233-17-7
2-05	94246-67-0
2-05	94247-65-1
2-05	94276-21-8
2-05	94276-22-9
2-05	94276-24-1
2-05	94276-26-3
2-05	94276-27-4
2-05	94276-28-5
2-05	94276-29-6
2-05	94276-30-9
2-05	94276-31-0
2-05	94276-32-1
2-05	94276-33-2
2-05	94276-35-4
2-05	94276-36-5
2-05	94276-64-9
2-05	94276-65-0
2-05	94276-66-1
2-05	94276-67-2
2-05	94276-69-4
2-05	94276-70-7
2-05	94276-80-9
2-05	94276-81-0
2-05	94277-59-5
2-05	94277-60-8
2-05	94277-61-9
2-05	94277-62-0
2-05	94277-63-1
2-05	94277-67-5
2-05	94277-68-6
2-05	94277-69-7
2-05	94277-74-4
2-05	94292-05-4
2-05	94292-06-5
2-05	94292-08-7
2-05	94333-35-4
2-05	94551-58-3
2-05	94552-19-9
2-05	94933-05-8
2-05	94979-18-7
2-05	94979-19-8
2-05	95008-81-4
2-05	95193-71-8
2-05	95409-74-8
2-05	95873-75-9
2-05	95892-09-4
2-05	95892-10-7
2-05	95892-11-8
2-05	960246-23-5
2-05	96293-54-8
2-05	96395-62-9
2-05	96508-11-1
2-05	96508-12-2
2-05	97158-56-0
2-05	97171-70-5
2-05	97298-47-0
2-05	97338-20-0
2-05	97338-21-1
2-05	97338-22-2
2-05	97338-25-5
2-05	97338-26-6
2-05	97392-82-0
2-05	97403-81-1
2-05	97416-91-6
2-05	97416-93-8
2-05	97416-94-9
2-05	97467-62-4
2-05	97467-63-5
2-05	97659-24-0
2-05	97692-41-6
2-05	97862-14-1
2-05	97862-65-2
2-05	98171-55-2
2-05	98171-56-3
2-05	98171-57-4
2-05	98171-58-5
2-05	98171-59-6
2-05	98171-60-9
2-05	98690-34-7
2-05	98903-88-9
2-05	99148-50-2
2-05	99148-51-3
2-05	RR-03889-1
2-05	RR-145634-4
2-05	RR-152293-6
2-05	RR-16884-3
2-05	RR-24450-8
2-05	RR-42523-0
2-05	RR-45029-3
2-05	RR-55510-2
2-05	UN1756
2-05	UN1757
2-05	UN2240
2-05	UN2720
2-06	10022-48-7
2-06	10031-16-0
2-06	10034-82-9
2-06	100402-65-1
2-06	100468-44-8
2-06	10060-08-9
2-06	10101-75-4
2-06	101027-05-8
2-06	101357-08-8
2-06	101672-09-7
2-06	1018900-84-9
2-06	102262-19-1
2-06	10294-40-3
2-06	10294-52-7
2-06	10294-53-8
2-06	104316-82-7
2-06	104316-83-8
2-06	10588-01-9
2-06	1088355-13-8
2-06	109048-90-0
2-06	109201-26-5
2-06	109225-23-2
2-06	109657-68-3
2-06	109657-69-4
2-06	11103-86-9
2-06	11104-65-7
2-06	11113-70-5
2-06	11115-74-5
2-06	11118-57-3
2-06	11119-70-3
2-06	11145-38-3
2-06	111460-82-3
2-06	112285-78-6
2-06	113015-82-0
2-06	115517-69-6
2-06	115517-70-9
2-06	115517-71-0
2-06	115658-56-5
2-06	115658-57-6
2-06	115949-83-2
2-06	115949-89-8
2-06	116305-12-5
2-06	116565-74-3
2-06	1189-85-1
2-06	119801-45-5
2-06	12000-34-9
2-06	12016-69-2
2-06	12017-79-7
2-06	12017-86-6
2-06	12017-94-6
2-06	12018-09-6
2-06	12018-10-9
2-06	12018-18-7
2-06	12018-19-8
2-06	12018-32-5
2-06	12053-18-8
2-06	12053-47-3
2-06	120558-28-3
2-06	12190-88-4
2-06	12206-12-1
2-06	12213-61-5
2-06	12231-18-4
2-06	12324-05-9
2-06	12324-08-2
2-06	12381-48-5
2-06	12433-14-6
2-06	12433-24-8
2-06	12433-30-6
2-06	12433-50-0
2-06	125233-42-3
2-06	12527-08-1
2-06	125297-07-6
2-06	12548-37-7
2-06	12617-87-7
2-06	12619-84-0
2-06	12653-68-8
2-06	12656-85-8
2-06	12680-48-7
2-06	12705-38-3
2-06	12709-98-7
2-06	12737-97-2
2-06	12777-94-5
2-06	128448-04-4
2-06	128715-37-7
2-06	128976-28-3
2-06	13007-92-6
2-06	1308-09-4
2-06	1308-13-0
2-06	1308-29-8
2-06	131162-93-1
2-06	1323950-28-2
2-06	1328-67-2
2-06	1332-16-7
2-06	1333-82-0
2-06	1335-24-6
2-06	13423-61-5
2-06	1344-37-2
2-06	1344-38-3
2-06	1344-74-7
2-06	13444-75-2
2-06	13446-72-5
2-06	13446-73-6
2-06	13453-35-5
2-06	13454-78-9
2-06	13455-25-9
2-06	13465-34-4
2-06	13473-75-1
2-06	13477-01-5
2-06	1350718-36-3
2-06	1351377-69-9
2-06	13517-17-4
2-06	13530-65-9
2-06	13530-67-1
2-06	13530-68-2
2-06	13548-42-0
2-06	136141-00-9
2-06	13675-47-3
2-06	13765-19-0
2-06	137904-18-8
2-06	13843-81-7
2-06	13907-45-4
2-06	13907-47-6
2-06	1391351-00-0
2-06	1391764-70-7
2-06	13930-94-4
2-06	14018-95-2
2-06	14104-85-9
2-06	14216-88-7
2-06	1426817-51-7
2-06	14307-33-6
2-06	14307-35-8
2-06	14312-00-6
2-06	14445-91-1
2-06	14507-18-7
2-06	14675-41-3
2-06	14721-18-7
2-06	14977-61-8
2-06	15586-38-6
2-06	15930-94-6
2-06	16017-38-2
2-06	16037-50-6
2-06	1624-02-8
2-06	16286-27-4
2-06	16565-94-9
2-06	16569-85-0
2-06	16569-86-1
2-06	16569-87-2
2-06	166269-55-2
2-06	1746-09-4
2-06	1792172-36-1
2-06	181768-98-9
2-06	183858-81-3
2-06	18432-25-2
2-06	18454-12-1
2-06	184828-23-7
2-06	18540-29-9
2-06	188785-92-4
2-06	18906-50-8
2-06	199194-95-1
2-06	199384-58-2
2-06	20039-37-6
2-06	20203-47-8
2-06	20492-50-6
2-06	219828-32-7
2-06	221455-10-3
2-06	22323-45-1
2-06	225797-70-6
2-06	23371-94-0
2-06	237391-94-5
2-06	24613-89-6
2-06	24934-60-9
2-06	2508-97-6
2-06	26299-14-9
2-06	27133-42-2
2-06	27133-66-0
2-06	27698-99-3
2-06	27787-63-9
2-06	30441-38-4
2-06	34448-20-9
2-06	34493-01-1
2-06	34848-09-4
2-06	36563-89-0
2-06	37224-56-9
2-06	37224-57-0
2-06	37228-30-1
2-06	37235-82-8
2-06	37293-29-1
2-06	37300-23-5
2-06	37367-87-6
2-06	37382-24-4
2-06	37809-34-0
2-06	38455-77-5
2-06	38459-17-5
2-06	38719-42-5
2-06	39297-19-3
2-06	39400-35-6
2-06	41189-36-0
2-06	49663-84-5
2-06	50316-88-6
2-06	50922-29-7
2-06	50929-82-3
2-06	51053-45-3
2-06	51329-63-6
2-06	51899-02-6
2-06	52110-72-2
2-06	52440-39-8
2-06	52869-79-1
2-06	53206-40-9
2-06	53206-41-0
2-06	53809-63-5
2-06	54322-60-0
2-06	54692-53-4
2-06	55072-56-5
2-06	553650-13-8
2-06	561029-54-7
2-06	56320-90-2
2-06	56549-24-7
2-06	56660-19-6
2-06	56730-34-8
2-06	57456-13-0
2-06	57790-30-4
2-06	58319-32-7
2-06	58591-12-1
2-06	58640-42-9
2-06	59157-64-1
2-06	59330-20-0
2-06	60763-96-4
2-06	61204-26-0
2-06	61513-05-1
2-06	61513-06-2
2-06	61513-07-3
2-06	63020-43-9
2-06	63497-09-6
2-06	64523-06-4
2-06	66516-58-3
2-06	66860-79-5
2-06	68187-56-4
2-06	68406-65-5
2-06	68784-60-1
2-06	69011-07-0
2-06	69011-08-1
2-06	70145-53-8
2-06	72962-19-7
2-06	74665-01-3
2-06	75578-75-5
2-06	76055-69-1
2-06	76899-34-8
2-06	7738-94-5
2-06	7758-97-6
2-06	7775-11-3
2-06	7778-50-9
2-06	7784-01-2
2-06	7784-02-3
2-06	7788-98-9
2-06	7789-00-6
2-06	7789-01-7
2-06	7789-06-2
2-06	7789-07-3
2-06	7789-09-5
2-06	7789-10-8
2-06	7789-12-0
2-06	7789-73-3
2-06	7791-14-2
2-06	794448-03-6
2-06	795254-94-3
2-06	8005-36-5
2-06	8012-76-8
2-06	8049-64-7
2-06	81209-53-2
2-06	82246-45-5
2-06	83588-58-3
2-06	83588-59-4
2-06	848393-12-4
2-06	848779-19-1
2-06	871483-10-2
2-06	87612-49-5
2-06	89952-87-4
2-06	90014-70-3
2-06	90294-61-4
2-06	90341-42-7
2-06	9044-10-4
2-06	92202-10-3
2-06	92203-02-6
2-06	92203-03-7
2-06	94232-45-8
2-06	96690-54-9
2-06	97660-63-4
2-06	99148-51-3
2-06	99328-50-4
2-06	RR-00025-9
2-06	RR-00026-0
2-06	RR-00070-4
2-06	RR-01620-6
2-06	RR-01791-4
2-06	RR-02096-2
2-06	RR-02247-9
2-06	RR-19918-8
2-06	RR-53129-3
2-06	RR-53130-6
2-06	UN1439
2-06	UN1463
2-06	UN1758
2-07	67-66-3
2-07	8013-54-5
2-07	865-49-6
2-07	UN1888
2-08	142175-32-4
2-08	184288-32-2
2-08	19034-08-3
2-08	37341-05-2
2-08	436859-78-8
2-08	75-21-8
2-08	99932-75-9
2-08	UN1040
2-09	107-06-2
2-09	52399-93-6
2-09	UN1184
2-10	1665-00-5
2-10	75-09-2
2-10	UN1593
2-11	100-56-1
2-11	100-57-2
2-11	100022-25-1
2-11	1003-26-5
2-11	10031-18-2
2-11	10031-47-7
2-11	100403-63-2
2-11	10045-94-0
2-11	10048-99-4
2-11	10080-39-4
2-11	100940-62-3
2-11	101043-98-5
2-11	10112-91-1
2-11	10124-48-8
2-11	10136-69-3
2-11	101654-43-7
2-11	101672-18-8
2-11	1017-74-9
2-11	10175-28-7
2-11	10192-55-9
2-11	102-98-7
2-11	102-99-8
2-11	102110-57-6
2-11	102110-61-2
2-11	102110-66-7
2-11	10217-65-9
2-11	10217-67-1
2-11	10217-68-2
2-11	102280-93-3
2-11	10271-66-6
2-11	10284-47-6
2-11	10284-48-7
2-11	10284-49-8
2-11	10299-45-3
2-11	103-27-5
2-11	103332-13-4
2-11	103369-15-9
2-11	10338-77-9
2-11	10338-78-0
2-11	10338-79-1
2-11	103399-29-7
2-11	10341-89-6
2-11	103458-15-7
2-11	10361-02-1
2-11	10366-02-6
2-11	10375-56-1
2-11	104-59-6
2-11	104-60-9
2-11	10403-65-3
2-11	10403-66-4
2-11	104114-64-9
2-11	10415-75-5
2-11	1043-49-8
2-11	104325-07-7
2-11	104325-08-8
2-11	104335-53-7
2-11	104339-46-0
2-11	10451-12-4
2-11	10507-38-7
2-11	10507-40-1
2-11	10507-41-2
2-11	10507-42-3
2-11	105260-39-7
2-11	106168-40-5
2-11	106218-86-4
2-11	107-26-6
2-11	107-27-7
2-11	107-28-8
2-11	1071-39-2
2-11	107296-30-0
2-11	1077-98-1
2-11	108-07-6
2-11	109-62-6
2-11	1091628-50-0
2-11	11004-81-2
2-11	11083-41-3
2-11	11096-61-0
2-11	11110-52-4
2-11	11113-51-2
2-11	112415-59-5
2-11	1126-48-3
2-11	113-50-8
2-11	113170-85-7
2-11	113722-57-9
2-11	1142-64-9
2-11	115-09-3
2-11	1184-57-2
2-11	1189-66-8
2-11	1191-80-6
2-11	1192-89-8
2-11	12002-19-6
2-11	12055-37-7
2-11	120674-92-2
2-11	12068-90-5
2-11	12136-15-1
2-11	1214247-08-1
2-11	12145-90-3
2-11	12194-11-5
2-11	122-64-5
2-11	12213-14-8
2-11	122582-67-6
2-11	12298-67-8
2-11	123-88-6
2-11	12328-03-9
2-11	12344-40-0
2-11	123551-50-8
2-11	123720-03-6
2-11	124-01-6
2-11	124-08-3
2-11	124-82-3
2-11	12406-51-8
2-11	12508-72-4
2-11	12514-41-9
2-11	12529-66-7
2-11	12542-90-4
2-11	12653-71-3
2-11	1267499-88-6
2-11	127026-24-8
2-11	1273-75-2
2-11	127620-35-3
2-11	12798-32-2
2-11	129-16-8
2-11	129-99-7
2-11	1300-78-3
2-11	13004-83-6
2-11	130973-93-2
2-11	130995-49-2
2-11	1310-88-9
2-11	1312-01-2
2-11	1312-03-4
2-11	131500-00-0
2-11	13170-76-8
2-11	1319-86-4
2-11	1320-80-5
2-11	13222-52-1
2-11	13257-51-7
2-11	1327160-06-4
2-11	13278-80-3
2-11	13294-23-0
2-11	133-58-4
2-11	13302-00-6
2-11	133350-44-4
2-11	133350-45-5
2-11	1334-77-6
2-11	133421-58-6
2-11	1335-31-5
2-11	1336-57-8
2-11	1336-96-5
2-11	1337-06-0
2-11	1337-09-3
2-11	13437-80-4
2-11	1344-45-2
2-11	1344-48-5
2-11	13444-75-2
2-11	1345-09-1
2-11	13464-28-3
2-11	13465-31-1
2-11	13465-33-3
2-11	13465-34-4
2-11	13465-37-7
2-11	134762-05-3
2-11	1356399-46-6
2-11	136969-76-1
2-11	13766-41-1
2-11	13766-44-4
2-11	138-85-2
2-11	13864-38-5
2-11	13876-85-2
2-11	139116-12-4
2-11	13932-02-0
2-11	13967-25-4
2-11	13981-51-6
2-11	13982-78-0
2-11	140-20-5
2-11	14024-55-6
2-11	14024-75-0
2-11	14032-92-9
2-11	14066-61-6
2-11	14099-12-8
2-11	141-51-5
2-11	14110-97-5
2-11	1416052-38-4
2-11	14215-33-9
2-11	14235-86-0
2-11	14239-51-1
2-11	143-36-2
2-11	14315-77-6
2-11	143197-63-1
2-11	14354-56-4
2-11	14376-09-1
2-11	14459-36-0
2-11	14538-12-6
2-11	145757-52-4
2-11	14783-59-6
2-11	148-61-8
2-11	148333-06-6
2-11	14836-60-3
2-11	14874-55-6
2-11	149038-91-5
2-11	14990-20-6
2-11	15064-97-8
2-11	151-38-2
2-11	15116-82-2
2-11	15136-95-5
2-11	1520097-13-5
2-11	152923-45-0
2-11	15313-18-5
2-11	1537199-53-3
2-11	15375-94-7
2-11	15384-08-4
2-11	15385-57-6
2-11	15385-58-7
2-11	15415-64-2
2-11	155-85-1
2-11	15516-76-4
2-11	156234-43-4
2-11	156234-44-5
2-11	15634-23-8
2-11	15682-88-9
2-11	15756-15-7
2-11	15785-93-0
2-11	15829-53-5
2-11	1600-27-7
2-11	16003-82-0
2-11	16056-34-1
2-11	16056-37-4
2-11	1645280-58-5
2-11	16509-11-8
2-11	16751-55-6
2-11	17048-37-2
2-11	17140-73-7
2-11	172906-39-7
2-11	17456-26-7
2-11	17470-61-0
2-11	175695-12-2
2-11	17689-59-7
2-11	17774-09-3
2-11	1785-43-9
2-11	178959-28-9
2-11	17974-95-7
2-11	18211-85-3
2-11	18467-88-4
2-11	18832-83-2
2-11	18917-83-4
2-11	18918-06-4
2-11	18918-17-7
2-11	19122-79-3
2-11	19367-79-4
2-11	19447-62-2
2-11	19528-48-4
2-11	19701-15-6
2-11	19719-72-3
2-11	20223-84-1
2-11	2042-50-4
2-11	20539-85-9
2-11	20564-21-0
2-11	20582-71-2
2-11	20601-83-6
2-11	20632-18-2
2-11	20720-76-7
2-11	20738-78-7
2-11	20820-45-5
2-11	20883-32-3
2-11	21082-50-8
2-11	21109-99-9
2-11	2117-39-7
2-11	21210-21-9
2-11	21259-76-7
2-11	2141-27-7
2-11	21450-81-7
2-11	21908-53-2
2-11	22098-38-0
2-11	22323-45-1
2-11	22330-18-3
2-11	2235-25-8
2-11	22450-90-4
2-11	226922-80-1
2-11	2279-64-3
2-11	22894-47-9
2-11	22967-92-6
2-11	23065-35-2
2-11	23319-66-6
2-11	23467-15-4
2-11	23471-13-8
2-11	23471-23-0
2-11	23483-74-1
2-11	23587-90-8
2-11	2440-29-1
2-11	2440-34-8
2-11	2440-40-6
2-11	2440-42-8
2-11	2440-45-1
2-11	24423-68-5
2-11	24425-43-2
2-11	24579-90-6
2-11	24579-91-7
2-11	24806-32-4
2-11	25587-94-4
2-11	25948-50-9
2-11	2597-92-4
2-11	2597-93-5
2-11	2597-95-7
2-11	2597-97-9
2-11	26037-72-9
2-11	261-57-4
2-11	26114-17-0
2-11	26522-91-8
2-11	26535-94-4
2-11	2654-47-9
2-11	26544-04-7
2-11	26545-49-3
2-11	26552-50-1
2-11	26579-33-9
2-11	26719-07-3
2-11	2701-61-3
2-11	27228-67-7
2-11	27236-65-3
2-11	27360-58-3
2-11	27575-47-9
2-11	27605-30-7
2-11	27685-51-4
2-11	2777-37-9
2-11	28086-13-7
2-11	2845-00-3
2-11	28519-24-6
2-11	28752-79-6
2-11	28752-80-9
2-11	28953-04-0
2-11	29053-02-9
2-11	29138-86-1
2-11	2923-15-1
2-11	2949-11-3
2-11	29870-72-2
2-11	3021-39-4
2-11	30366-55-3
2-11	304-90-5
2-11	304656-34-6
2-11	3076-91-3
2-11	31065-88-0
2-11	31224-71-2
2-11	31632-68-5
2-11	31724-50-2
2-11	3198-04-7
2-11	32382-27-7
2-11	32407-99-1
2-11	326494-11-5
2-11	32701-49-8
2-11	32787-44-3
2-11	3294-57-3
2-11	3294-58-4
2-11	3294-60-8
2-11	33020-34-7
2-11	33445-15-7
2-11	33631-63-9
2-11	3367-28-0
2-11	3367-29-1
2-11	3367-30-4
2-11	3367-31-5
2-11	3367-32-6
2-11	33724-17-3
2-11	33770-60-4
2-11	33960-08-6
2-11	3444-13-1
2-11	34732-46-2
2-11	3477-28-9
2-11	35608-40-3
2-11	35678-47-8
2-11	3570-80-7
2-11	35823-05-3
2-11	36168-74-8
2-11	3626-13-9
2-11	362653-08-5
2-11	36539-17-0
2-11	36568-91-9
2-11	3688-11-7
2-11	37020-93-2
2-11	371-76-6
2-11	37237-15-3
2-11	37297-87-3
2-11	37320-91-5
2-11	37340-23-1
2-11	378782-04-8
2-11	378782-05-9
2-11	378782-08-2
2-11	378782-18-4
2-11	3810-81-9
2-11	38232-63-2
2-11	39377-58-7
2-11	39448-57-2
2-11	39657-41-5
2-11	39833-87-9
2-11	40138-90-7
2-11	40226-10-6
2-11	40661-97-0
2-11	42240-20-0
2-11	4386-35-0
2-11	4386-88-3
2-11	4387-13-7
2-11	4656-04-6
2-11	4665-55-8
2-11	486-67-9
2-11	492-18-2
2-11	49540-00-3
2-11	498-73-7
2-11	502-39-6
2-11	506-83-2
2-11	5131-56-6
2-11	51312-24-4
2-11	51595-71-2
2-11	51622-02-7
2-11	517-16-8
2-11	51821-32-0
2-11	5185-84-2
2-11	51887-47-9
2-11	525-30-4
2-11	52795-88-7
2-11	53007-72-0
2-11	53010-52-9
2-11	531-76-0
2-11	5326-00-1
2-11	53282-60-3
2-11	53404-67-4
2-11	53404-68-5
2-11	53404-69-6
2-11	53404-70-9
2-11	53408-91-6
2-11	53435-37-3
2-11	535-55-7
2-11	53663-14-2
2-11	537-64-4
2-11	538-04-5
2-11	539-43-5
2-11	54-64-8
2-11	54129-03-2
2-11	5416-74-0
2-11	5421-48-7
2-11	5428-90-0
2-11	54295-90-8
2-11	543-63-5
2-11	54428-47-6
2-11	54481-45-7
2-11	55-68-5
2-11	55482-91-2
2-11	55728-51-3
2-11	55939-60-1
2-11	56724-81-3
2-11	56724-82-4
2-11	5722-59-8
2-11	57363-77-6
2-11	58025-44-8
2-11	5822-97-9
2-11	583-15-3
2-11	5834-81-1
2-11	584-18-9
2-11	584-43-0
2-11	5857-37-4
2-11	5857-38-5
2-11	5857-39-6
2-11	58570-91-5
2-11	587-85-9
2-11	588-66-9
2-11	589-65-1
2-11	59-85-8
2-11	5902-76-1
2-11	5902-79-4
2-11	5903-10-6
2-11	591-89-9
2-11	592-04-1
2-11	592-63-2
2-11	592-85-8
2-11	593-74-8
2-11	5954-14-3
2-11	5955-19-1
2-11	5964-24-9
2-11	5970-29-6
2-11	5970-32-1
2-11	5980-86-9
2-11	60064-28-0
2-11	6012-84-6
2-11	60345-95-1
2-11	6129-23-3
2-11	6150-94-3
2-11	616-99-9
2-11	61792-06-1
2-11	61840-45-7
2-11	62-37-3
2-11	62-38-4
2-11	62050-76-4
2-11	623-07-4
2-11	62374-53-2
2-11	62638-02-2
2-11	627-44-1
2-11	6270-99-1
2-11	6273-99-0
2-11	628-85-3
2-11	628-86-4
2-11	6283-24-5
2-11	629-35-6
2-11	62909-81-3
2-11	631-60-7
2-11	63325-16-6
2-11	6336-12-5
2-11	63382-64-9
2-11	63468-53-1
2-11	63549-47-3
2-11	63868-93-9
2-11	63868-94-0
2-11	63868-95-1
2-11	63868-96-2
2-11	63868-98-4
2-11	63869-00-1
2-11	63869-01-2
2-11	63869-02-3
2-11	63869-03-4
2-11	63869-04-5
2-11	63869-05-6
2-11	63869-06-7
2-11	63869-07-8
2-11	63869-08-9
2-11	63905-89-5
2-11	63907-33-5
2-11	63919-18-6
2-11	63937-14-4
2-11	63951-06-4
2-11	63951-09-7
2-11	63990-59-0
2-11	64025-05-4
2-11	64025-06-5
2-11	64048-05-1
2-11	64048-06-2
2-11	64048-07-3
2-11	64048-08-4
2-11	64049-27-0
2-11	64049-28-1
2-11	64058-72-6
2-11	64058-74-8
2-11	64082-39-9
2-11	64491-92-5
2-11	645-99-8
2-11	64684-45-3
2-11	64697-74-1
2-11	64697-75-2
2-11	64697-76-3
2-11	64697-77-4
2-11	64697-78-5
2-11	64714-49-4
2-11	64771-59-1
2-11	65381-02-4
2-11	6569-69-3
2-11	66827-74-5
2-11	67465-39-8
2-11	67465-41-2
2-11	67465-42-3
2-11	67465-43-4
2-11	67465-44-5
2-11	67466-58-4
2-11	67536-44-1
2-11	6795-81-9
2-11	68201-97-8
2-11	68448-47-5
2-11	68833-55-6
2-11	691-88-3
2-11	6937-66-2
2-11	70514-23-7
2-11	71720-55-3
2-11	72044-13-4
2-11	72066-32-1
2-11	72379-35-2
2-11	72780-86-0
2-11	73399-68-5
2-11	73399-71-0
2-11	73491-34-6
2-11	73513-17-4
2-11	73548-15-9
2-11	73926-87-1
2-11	73926-88-2
2-11	73926-89-3
2-11	73928-11-7
2-11	73928-12-8
2-11	7439-97-6
2-11	7451-91-4
2-11	7487-94-7
2-11	749262-24-6
2-11	75268-98-3
2-11	75344-65-9
2-11	7546-30-7
2-11	7548-26-7
2-11	75513-04-1
2-11	7616-83-3
2-11	7619-62-7
2-11	762-55-0
2-11	7620-30-6
2-11	7681-34-7
2-11	77329-67-0
2-11	77536-61-9
2-11	7756-49-2
2-11	7774-29-0
2-11	7782-66-3
2-11	7782-77-6
2-11	7782-86-7
2-11	7783-30-4
2-11	7783-32-6
2-11	7783-33-7
2-11	7783-34-8
2-11	7783-35-9
2-11	7783-36-0
2-11	7783-39-3
2-11	7784-03-4
2-11	7784-37-4
2-11	7789-10-8
2-11	7789-47-1
2-11	780-24-5
2-11	78571-20-7
2-11	79268-31-8
2-11	792952-75-1
2-11	8003-05-2
2-11	8011-93-6
2-11	8012-34-8
2-11	8013-47-6
2-11	8017-88-7
2-11	8028-34-0
2-11	8030-32-8
2-11	8030-33-9
2-11	8030-64-6
2-11	8031-27-4
2-11	8046-70-6
2-11	8069-64-5
2-11	80994-87-2
2-11	814-82-4
2-11	820986-03-6
2-11	82151-04-0
2-11	823-04-1
2-11	82980-40-3
2-11	84029-43-6
2-11	84973-20-6
2-11	854874-41-2
2-11	856770-63-3
2-11	859033-90-2
2-11	86-36-2
2-11	86-85-1
2-11	861552-79-6
2-11	87495-98-5
2-11	878791-13-0
2-11	879681-01-3
2-11	89521-44-8
2-11	90-03-9
2-11	90584-88-6
2-11	91081-69-5
2-11	91082-69-8
2-11	91722-12-2
2-11	92062-13-0
2-11	92114-96-0
2-11	92200-97-0
2-11	92355-34-5
2-11	92421-68-6
2-11	92473-75-1
2-11	92786-62-4
2-11	93820-20-3
2-11	93882-20-3
2-11	94-43-9
2-11	94022-47-6
2-11	94070-92-5
2-11	94070-93-6
2-11	94238-21-8
2-11	94276-38-7
2-11	94276-88-7
2-11	94277-53-9
2-11	94481-62-6
2-11	96906-16-0
2-11	97209-13-7
2-11	973-17-1
2-11	RR-00004-4
2-11	RR-00005-5
2-11	RR-00138-7
2-11	RR-00361-2
2-11	RR-00569-6
2-11	RR-01294-2
2-11	RR-01342-3
2-11	RR-01858-6
2-11	RR-02536-5
2-11	RR-04547-6
2-11	RR-04677-5
2-11	RR-07193-2
2-11	RR-145946-7
2-11	RR-14866-3
2-11	RR-15850-9
2-11	RR-194036-9
2-11	RR-42082-6
2-11	RR-56263-0
2-11	RR-56357-5
2-11	RR-58673-2
2-11	RR-87612-0
2-11	UN0135
2-11	UN1244
2-11	UN1623
2-11	UN1624
2-11	UN1625
2-11	UN1626
2-11	UN1627
2-11	UN1629
2-11	UN1630
2-11	UN1631
2-11	UN1636
2-11	UN1637
2-11	UN1638
2-11	UN1639
2-11	UN1640
2-11	UN1642
2-11	UN1643
2-11	UN1644
2-11	UN1645
2-11	UN1674
2-11	UN1894
2-11	UN1895
2-11	UN2809
2-12	1746-01-6
2-12	19408-74-3
2-12	262-12-4
2-12	29446-15-9
2-12	30746-58-8
2-12	31508-00-6
2-12	32598-13-3
2-12	32598-14-4
2-12	3268-87-9
2-12	32774-16-6
2-12	33423-92-6
2-12	33857-28-2
2-12	34465-46-8
2-12	34816-53-0
2-12	35656-51-0
2-12	35822-46-9
2-12	36088-22-9
2-12	37871-00-4
2-12	38178-38-0
2-12	38380-08-4
2-12	39001-02-0
2-12	39227-28-6
2-12	39227-53-7
2-12	39227-54-8
2-12	39227-58-2
2-12	39227-61-7
2-12	39227-62-8
2-12	39635-31-9
2-12	40321-76-4
2-12	40581-90-6
2-12	40581-91-7
2-12	40581-93-9
2-12	40581-94-0
2-12	50585-39-2
2-12	50585-46-1
2-12	51207-31-9
2-12	52663-72-6
2-12	53555-02-5
2-12	54536-17-3
2-12	54536-18-4
2-12	54536-19-5
2-12	55673-89-7
2-12	56795-67-6
2-12	57117-31-4
2-12	57117-41-6
2-12	57117-44-9
2-12	57465-28-8
2-12	57653-85-7
2-12	58200-66-1
2-12	58200-67-2
2-12	58200-68-3
2-12	58200-69-4
2-12	58200-70-7
2-12	58802-08-7
2-12	58802-09-8
2-12	58802-51-0
2-12	60851-34-5
2-12	62470-53-5
2-12	62470-54-6
2-12	64461-98-9
2-12	64501-00-4
2-12	65510-44-3
2-12	67028-17-5
2-12	67028-18-6
2-12	67028-19-7
2-12	67323-56-2
2-12	67562-39-4
2-12	69760-96-9
2-12	69782-90-7
2-12	70362-50-4
2-12	70648-26-9
2-12	71665-99-1
2-12	71669-23-3
2-12	71669-24-4
2-12	71669-25-5
2-12	71669-26-6
2-12	71669-27-7
2-12	71669-28-8
2-12	71669-29-9
2-12	71925-15-0
2-12	71925-16-1
2-12	71925-17-2
2-12	71925-18-3
2-12	71998-76-0
2-12	72918-21-9
2-12	74472-37-0
2-12	82291-26-7
2-12	82291-27-8
2-12	82291-28-9
2-12	82291-29-0
2-12	82291-30-3
2-12	82291-31-4
2-12	82291-32-5
2-12	82291-33-6
2-12	82291-34-7
2-12	82291-35-8
2-12	82291-36-9
2-12	82291-37-0
2-12	82291-38-1
2-12	82306-61-4
2-12	82306-62-5
2-12	82306-63-6
2-12	82306-64-7
2-12	82306-65-8
2-12	RR-03654-4
2-13	127-18-4
2-13	UN1897
2-14	52037-46-4
2-14	79-01-6
2-14	UN1710
2-15	1053657-77-4
2-15	108-88-3
2-15	1124-18-1
2-15	1202864-97-8
2-15	1603-99-2
2-15	2037-26-5
2-15	UN1294
2-16	100237-02-3
2-16	10028-18-9
2-16	100438-90-2
2-16	10101-96-9
2-16	10101-97-0
2-16	10101-98-1
2-16	10101-99-2
2-16	101239-20-7
2-16	102110-49-6
2-16	1021552-48-6
2-16	1023309-94-5
2-16	10294-65-2
2-16	1033772-47-2
2-16	10345-27-4
2-16	1035211-50-7
2-16	10381-36-9
2-16	10471-42-8
2-16	10471-47-3
2-16	1047996-27-9
2-16	105029-70-7
2-16	105883-48-5
2-16	105884-35-3
2-16	105892-90-8
2-16	106316-55-6
2-16	106340-73-2
2-16	106340-74-3
2-16	106340-75-4
2-16	106747-79-9
2-16	107372-45-2
2-16	107593-02-2
2-16	1080518-91-7
2-16	108599-78-6
2-16	108599-79-7
2-16	108818-89-9
2-16	11071-48-0
2-16	11079-07-5
2-16	11099-02-8
2-16	11106-97-1
2-16	11113-73-8
2-16	11113-74-9
2-16	11113-75-0
2-16	11115-99-4
2-16	111244-32-7
2-16	111244-33-8
2-16	11132-10-8
2-16	11140-03-7
2-16	11146-73-9
2-16	111532-88-8
2-16	111614-54-1
2-16	111706-41-3
2-16	111706-42-4
2-16	111706-43-5
2-16	111721-39-2
2-16	111792-92-8
2-16	111866-22-9
2-16	112653-88-0
2-16	112711-07-6
2-16	112874-99-4
2-16	112965-42-1
2-16	113066-89-0
2-16	113329-92-3
2-16	113738-82-2
2-16	1138454-78-0
2-16	113894-88-5
2-16	113894-89-6
2-16	115683-18-6
2-16	1163250-22-3
2-16	116443-84-6
2-16	117127-26-1
2-16	117454-32-7
2-16	117989-29-4
2-16	117991-29-4
2-16	117991-30-7
2-16	118716-60-2
2-16	1189377-18-1
2-16	1197869-88-7
2-16	119989-34-3
2-16	1200116-89-7
2-16	12003-78-0
2-16	12004-35-2
2-16	12004-71-6
2-16	120045-16-1
2-16	12007-00-0
2-16	12007-01-1
2-16	12007-02-2
2-16	12011-78-8
2-16	120156-44-7
2-16	12018-18-7
2-16	12031-41-3
2-16	12031-65-1
2-16	12031-75-3
2-16	12034-55-8
2-16	12035-36-8
2-16	12035-38-0
2-16	12035-39-1
2-16	12035-50-6
2-16	12035-51-7
2-16	12035-52-8
2-16	12035-57-3
2-16	12035-60-8
2-16	12035-64-2
2-16	12035-71-1
2-16	12035-72-2
2-16	12035-77-7
2-16	12044-65-4
2-16	12045-56-6
2-16	12045-58-8
2-16	12045-67-9
2-16	12054-48-7
2-16	12057-65-7
2-16	12059-14-2
2-16	12059-23-3
2-16	12068-59-6
2-16	12068-61-0
2-16	12084-10-5
2-16	121053-30-3
2-16	121053-32-5
2-16	121053-33-6
2-16	121053-36-9
2-16	12107-46-9
2-16	12122-15-5
2-16	12124-61-7
2-16	12125-56-3
2-16	12125-61-0
2-16	12137-08-5
2-16	12137-09-6
2-16	12137-12-1
2-16	12137-13-2
2-16	12142-88-0
2-16	12142-92-6
2-16	12164-90-8
2-16	12168-54-6
2-16	12170-92-2
2-16	12174-14-0
2-16	12175-27-8
2-16	12196-72-4
2-16	12201-85-3
2-16	12201-89-7
2-16	12213-15-9
2-16	12227-91-7
2-16	12229-03-7
2-16	12244-51-8
2-16	12255-10-6
2-16	12255-11-7
2-16	12255-80-0
2-16	12256-33-6
2-16	12257-99-7
2-16	12259-56-2
2-16	12263-13-7
2-16	12266-58-9
2-16	1227263-18-4
2-16	12275-13-7
2-16	1228454-65-6
2-16	12315-33-2
2-16	12325-84-7
2-16	12334-31-5
2-16	123516-73-4
2-16	123516-74-5
2-16	12359-17-0
2-16	124222-15-7
2-16	124222-16-8
2-16	124222-17-9
2-16	124222-18-0
2-16	124222-19-1
2-16	124260-75-9
2-16	124594-15-6
2-16	124747-65-5
2-16	124827-66-3
2-16	12503-49-0
2-16	12503-53-6
2-16	12519-56-1
2-16	12519-85-6
2-16	125275-86-7
2-16	125275-87-8
2-16	12534-09-7
2-16	125378-87-2
2-16	12604-68-1
2-16	12607-70-4
2-16	12612-55-4
2-16	12619-90-8
2-16	12635-29-9
2-16	12645-32-8
2-16	12645-50-0
2-16	12653-76-8
2-16	12661-84-6
2-16	12673-58-4
2-16	12688-64-1
2-16	1271-28-9
2-16	12710-36-0
2-16	12737-30-3
2-16	12794-26-2
2-16	12795-30-1
2-16	128607-90-9
2-16	128607-91-0
2-16	128607-92-1
2-16	129188-37-0
2-16	129188-38-1
2-16	129188-39-2
2-16	1293-95-4
2-16	1295-35-8
2-16	129618-34-4
2-16	129618-35-5
2-16	129618-36-6
2-16	129618-38-8
2-16	129680-25-7
2-16	13001-15-5
2-16	13005-31-7
2-16	13007-90-4
2-16	1303-13-5
2-16	1303-22-6
2-16	1307699-76-8
2-16	13077-29-7
2-16	131163-08-1
2-16	1313-99-1
2-16	13138-45-9
2-16	1314-04-1
2-16	1314-05-2
2-16	1314-06-3
2-16	131689-21-9
2-16	131866-99-4
2-16	131896-79-2
2-16	13319-83-0
2-16	133290-55-8
2-16	1333123-32-2
2-16	13408-70-3
2-16	1344-49-6
2-16	13462-88-9
2-16	13462-90-3
2-16	13463-39-3
2-16	134737-17-0
2-16	13477-70-8
2-16	13477-93-5
2-16	13477-94-6
2-16	13477-97-9
2-16	13478-00-7
2-16	13478-93-8
2-16	134830-74-3
2-16	134831-06-4
2-16	1351378-24-9
2-16	13520-61-1
2-16	13601-55-3
2-16	13637-71-3
2-16	13654-40-5
2-16	13689-92-4
2-16	137136-40-4
2-16	13716-94-4
2-16	1372528-52-3
2-16	13770-89-3
2-16	13775-54-7
2-16	13778-29-5
2-16	13783-64-7
2-16	13826-95-4
2-16	13842-46-1
2-16	13859-60-4
2-16	13859-65-9
2-16	13859-68-2
2-16	1386503-01-0
2-16	13869-33-5
2-16	13877-20-8
2-16	13927-77-0
2-16	13931-83-4
2-16	13940-83-5
2-16	139562-87-1
2-16	13977-71-4
2-16	139939-67-6
2-16	14024-60-3
2-16	14038-85-8
2-16	14055-02-8
2-16	14055-19-7
2-16	14100-15-3
2-16	14126-37-5
2-16	14167-20-5
2-16	14172-92-0
2-16	14177-51-6
2-16	14177-55-0
2-16	14216-75-2
2-16	142164-39-4
2-16	14220-17-8
2-16	14221-00-2
2-16	14263-96-8
2-16	14263-97-9
2-16	14263-98-0
2-16	14264-16-5
2-16	14267-17-5
2-16	14322-50-0
2-16	14323-41-2
2-16	14324-74-4
2-16	14332-32-2
2-16	14332-33-3
2-16	14332-34-4
2-16	14363-30-5
2-16	14396-43-1
2-16	14406-66-7
2-16	14406-71-4
2-16	14428-08-1
2-16	14434-67-4
2-16	14448-18-1
2-16	14448-69-2
2-16	14481-08-4
2-16	14482-69-0
2-16	14507-36-9
2-16	14516-71-3
2-16	14522-99-7
2-16	14550-87-9
2-16	14647-23-5
2-16	14706-47-9
2-16	14708-14-6
2-16	14721-18-7
2-16	147395-45-7
2-16	148732-74-5
2-16	14874-77-2
2-16	14874-78-3
2-16	14875-95-7
2-16	149134-08-7
2-16	149134-12-3
2-16	149272-90-2
2-16	14931-84-1
2-16	14949-69-0
2-16	14998-37-9
2-16	15060-62-5
2-16	15099-34-0
2-16	15133-82-1
2-16	151436-99-6
2-16	15187-91-4
2-16	151994-98-8
2-16	15220-72-1
2-16	15242-92-9
2-16	15244-37-8
2-16	15274-43-8
2-16	153067-81-3
2-16	15317-78-9
2-16	153305-02-3
2-16	15415-30-2
2-16	15442-77-0
2-16	154779-74-5
2-16	15492-42-9
2-16	15521-65-0
2-16	155737-57-8
2-16	155773-70-9
2-16	155773-71-0
2-16	15586-38-6
2-16	155937-95-4
2-16	15596-82-4
2-16	15608-15-8
2-16	15629-92-2
2-16	15635-42-4
2-16	15665-26-6
2-16	15684-36-3
2-16	15694-70-9
2-16	15699-18-0
2-16	15699-20-4
2-16	15708-55-1
2-16	15751-00-5
2-16	15772-06-2
2-16	15780-33-3
2-16	15843-02-4
2-16	15843-91-1
2-16	15851-52-2
2-16	15852-21-8
2-16	15855-62-6
2-16	15905-81-4
2-16	15954-96-8
2-16	15975-34-5
2-16	16039-61-5
2-16	16083-14-0
2-16	16122-03-5
2-16	16263-35-7
2-16	162684-16-4
2-16	1628435-35-7
2-16	16337-84-1
2-16	1638220-46-8
2-16	164144-91-6
2-16	16432-37-4
2-16	16456-84-1
2-16	166520-64-5
2-16	16699-63-1
2-16	1671083-23-0
2-16	16812-54-7
2-16	1692886-45-5
2-16	17030-01-2
2-16	17169-61-8
2-16	17218-47-2
2-16	17220-70-1
2-16	17237-93-3
2-16	172398-90-2
2-16	172777-26-3
2-16	172777-27-4
2-16	17301-01-8
2-16	173936-51-1
2-16	17523-24-9
2-16	17593-69-0
2-16	17638-48-1
2-16	177997-13-6
2-16	17861-62-0
2-16	179865-13-5
2-16	180997-14-2
2-16	18195-55-6
2-16	182442-95-1
2-16	18283-82-4
2-16	18534-07-1
2-16	185461-96-5
2-16	18642-20-1
2-16	18718-11-1
2-16	18721-51-2
2-16	18756-97-3
2-16	18824-79-8
2-16	189139-63-7
2-16	18958-57-1
2-16	18958-62-8
2-16	18972-69-5
2-16	18984-98-0
2-16	190274-09-0
2-16	19141-54-9
2-16	19232-05-4
2-16	193214-24-3
2-16	193215-53-1
2-16	19372-20-4
2-16	194044-27-4
2-16	19807-00-2
2-16	198831-12-8
2-16	19999-87-2
2-16	20249-62-1
2-16	20302-82-3
2-16	203212-67-3
2-16	203645-17-4
2-16	203645-18-5
2-16	20437-10-9
2-16	20467-91-8
2-16	205057-15-4
2-16	20543-06-0
2-16	20597-89-1
2-16	207569-15-1
2-16	207803-51-8
2-16	2081933-92-6
2-16	2087499-33-8
2-16	209668-02-0
2-16	210352-95-7
2-16	210902-79-7
2-16	21264-77-7
2-16	215191-83-6
2-16	215361-84-5
2-16	21707-27-7
2-16	21784-78-1
2-16	219782-27-1
2-16	219948-04-6
2-16	21996-43-0
2-16	2223-95-2
2-16	22451-23-6
2-16	22484-07-7
2-16	22605-92-1
2-16	22638-44-4
2-16	2267994-84-1
2-16	227623-80-5
2-16	23232-50-0
2-16	23852-73-5
2-16	24151-25-5
2-16	24270-51-7
2-16	242802-21-7
2-16	24440-79-7
2-16	24640-21-9
2-16	24803-99-4
2-16	25338-49-2
2-16	25358-06-9
2-16	25379-55-9
2-16	25481-21-4
2-16	25749-08-0
2-16	26024-55-5
2-16	26043-11-8
2-16	26202-80-2
2-16	264125-11-3
2-16	264125-12-4
2-16	264921-97-3
2-16	26603-21-4
2-16	27016-75-7
2-16	27494-85-5
2-16	27574-34-1
2-16	27637-46-3
2-16	27835-99-0
2-16	28038-27-9
2-16	28371-07-5
2-16	28680-76-4
2-16	28923-39-9
2-16	28984-20-5
2-16	29046-78-4
2-16	29204-84-0
2-16	29317-63-3
2-16	296800-21-0
2-16	29708-36-9
2-16	302343-98-2
2-16	304695-77-0
2-16	30868-55-4
2-16	30947-30-9
2-16	312696-09-6
2-16	313223-18-6
2-16	31748-25-1
2-16	31886-51-8
2-16	31904-79-7
2-16	32441-17-1
2-16	3264-82-2
2-16	32990-64-0
2-16	33025-09-1
2-16	332343-04-1
2-16	3333-67-3
2-16	3349-06-2
2-16	3349-08-4
2-16	33637-76-2
2-16	33637-77-3
2-16	33882-09-6
2-16	339311-41-0
2-16	339527-86-5
2-16	33992-50-6
2-16	34109-80-3
2-16	34304-82-0
2-16	343630-64-8
2-16	34404-42-7
2-16	34492-97-2
2-16	34831-03-3
2-16	34875-54-2
2-16	35884-66-3
2-16	36026-88-7
2-16	36153-28-3
2-16	36252-60-5
2-16	36259-37-7
2-16	36516-11-7
2-16	36545-21-8
2-16	36897-37-7
2-16	37187-84-1
2-16	37211-05-5
2-16	37221-08-2
2-16	37227-61-5
2-16	373-02-4
2-16	37321-15-6
2-16	375380-39-5
2-16	38465-55-3
2-16	38727-83-2
2-16	38780-90-4
2-16	3882-73-3
2-16	38951-94-9
2-16	38951-97-2
2-16	38961-86-3
2-16	39033-91-5
2-16	39049-81-5
2-16	3906-55-6
2-16	39380-74-0
2-16	39430-27-8
2-16	39691-34-4
2-16	39819-65-3
2-16	409334-62-9
2-16	41476-75-9
2-16	41685-66-9
2-16	420849-75-8
2-16	42126-46-5
2-16	42612-06-6
2-16	42739-61-7
2-16	427884-48-8
2-16	42844-93-9
2-16	43158-99-2
2-16	44121-71-3
2-16	4454-16-4
2-16	46370-07-4
2-16	47726-62-5
2-16	480445-87-2
2-16	494197-74-9
2-16	494197-76-1
2-16	4995-91-9
2-16	501953-51-1
2-16	502927-11-9
2-16	50897-08-0
2-16	51185-42-3
2-16	51222-18-5
2-16	51269-44-4
2-16	51274-96-5
2-16	51449-18-4
2-16	51467-07-3
2-16	51575-27-0
2-16	51613-67-3
2-16	51818-56-5
2-16	51912-52-8
2-16	51931-46-5
2-16	51944-07-1
2-16	52013-44-2
2-16	52014-29-6
2-16	52022-10-3
2-16	52057-73-5
2-16	52261-08-2
2-16	52486-98-3
2-16	52486-99-4
2-16	52496-91-0
2-16	52502-12-2
2-16	52610-81-8
2-16	52625-25-9
2-16	527686-65-3
2-16	53027-18-2
2-16	53199-85-2
2-16	53346-21-7
2-16	53809-86-2
2-16	54217-99-1
2-16	54426-13-0
2-16	54576-53-3
2-16	547-67-1
2-16	55072-59-8
2-16	553-71-9
2-16	55401-12-2
2-16	55467-74-8
2-16	557-12-0
2-16	557-19-7
2-16	5581-60-2
2-16	55868-93-4
2-16	56408-24-3
2-16	56557-00-7
2-16	56944-10-6
2-16	57925-44-7
2-16	58320-35-7
2-16	58591-45-0
2-16	5964-71-6
2-16	59836-85-0
2-16	59865-91-7
2-16	60120-57-2
2-16	6014-72-8
2-16	6018-89-9
2-16	6018-92-4
2-16	6018-94-6
2-16	6059-24-1
2-16	60700-37-0
2-16	60765-13-1
2-16	60871-84-3
2-16	61106-39-6
2-16	61300-98-9
2-16	61725-51-7
2-16	61788-71-4
2-16	62010-30-4
2-16	6283-67-6
2-16	6283-68-7
2-16	63085-06-3
2-16	63091-15-6
2-16	63105-40-8
2-16	63311-47-7
2-16	63353-43-5
2-16	63427-32-7
2-16	635680-62-5
2-16	63588-33-0
2-16	63597-34-2
2-16	63640-18-6
2-16	63850-92-0
2-16	63938-16-9
2-16	6421-65-4
2-16	64237-91-8
2-16	64297-36-5
2-16	64568-51-0
2-16	64696-98-6
2-16	65140-00-3
2-16	65229-23-4
2-16	65272-92-6
2-16	65405-96-1
2-16	65664-23-5
2-16	65997-18-4
2-16	66197-14-6
2-16	66467-44-5
2-16	66579-90-6
2-16	66599-67-5
2-16	67016-28-8
2-16	67292-34-6
2-16	67562-43-0
2-16	67632-50-2
2-16	67711-89-1
2-16	67711-91-5
2-16	67711-92-6
2-16	67763-27-3
2-16	67806-76-2
2-16	67906-12-1
2-16	67952-41-4
2-16	67952-43-6
2-16	67952-69-6
2-16	67968-22-3
2-16	68016-03-5
2-16	68025-13-8
2-16	68025-40-1
2-16	68025-41-2
2-16	68052-00-6
2-16	68130-19-8
2-16	68130-36-9
2-16	68131-74-8
2-16	68133-84-6
2-16	68134-59-8
2-16	68186-85-6
2-16	68186-89-0
2-16	68187-10-0
2-16	68189-15-1
2-16	68309-97-7
2-16	68334-36-1
2-16	68391-37-7
2-16	68401-87-6
2-16	68412-18-0
2-16	68412-19-1
2-16	68412-20-4
2-16	68449-39-8
2-16	68511-62-6
2-16	68512-22-1
2-16	68515-84-4
2-16	68585-48-8
2-16	68585-93-3
2-16	68607-31-8
2-16	68610-24-2
2-16	68611-43-8
2-16	68698-80-6
2-16	68758-60-1
2-16	68758-62-3
2-16	68784-84-9
2-16	68849-07-0
2-16	68859-51-8
2-16	68912-08-3
2-16	68958-86-1
2-16	68958-87-2
2-16	68958-88-3
2-16	68958-89-4
2-16	69011-05-8
2-16	69011-59-2
2-16	69011-60-5
2-16	69011-64-9
2-16	69012-20-0
2-16	69012-50-6
2-16	69012-51-7
2-16	69098-15-3
2-16	69101-54-8
2-16	69524-96-5
2-16	69599-22-0
2-16	699012-90-3
2-16	70146-03-1
2-16	70212-12-3
2-16	70692-93-2
2-16	70729-79-2
2-16	70776-98-6
2-16	70824-02-1
2-16	70833-37-3
2-16	70974-36-6
2-16	71050-57-2
2-16	71077-18-4
2-16	71215-73-1
2-16	71215-97-9
2-16	71215-98-0
2-16	71243-96-4
2-16	71327-12-3
2-16	71605-83-9
2-16	71631-15-7
2-16	71720-48-4
2-16	71767-12-9
2-16	71889-20-8
2-16	71889-22-0
2-16	71939-11-2
2-16	71957-07-8
2-16	72139-08-3
2-16	72152-45-5
2-16	72162-32-4
2-16	72229-81-3
2-16	72248-72-7
2-16	72252-57-4
2-16	72253-10-2
2-16	72319-19-8
2-16	72453-55-5
2-16	7250-60-4
2-16	72813-81-1
2-16	72828-53-6
2-16	72986-45-9
2-16	73164-97-3
2-16	73482-18-5
2-16	738587-10-5
2-16	73882-06-1
2-16	73882-10-7
2-16	73892-02-1
2-16	73905-11-0
2-16	73963-97-0
2-16	74167-05-8
2-16	74195-78-1
2-16	74365-18-7
2-16	74399-84-1
2-16	74646-29-0
2-16	75178-20-0
2-16	75433-34-0
2-16	75559-55-6
2-16	75578-87-9
2-16	7580-31-6
2-16	75864-35-6
2-16	76231-24-8
2-16	76625-10-0
2-16	7718-54-9
2-16	77245-35-3
2-16	774180-11-9
2-16	7757-95-1
2-16	7785-20-8
2-16	7786-81-4
2-16	7789-49-3
2-16	7790-34-3
2-16	7791-20-0
2-16	79102-62-8
2-16	79121-51-0
2-16	79357-65-6
2-16	79745-01-0
2-16	79817-91-7
2-16	8007-18-9
2-16	803745-61-1
2-16	83459-96-5
2-16	83864-02-2
2-16	83898-70-8
2-16	84604-95-5
2-16	84682-59-7
2-16	84776-45-4
2-16	84852-35-7
2-16	84852-36-8
2-16	84852-37-9
2-16	84852-38-0
2-16	84852-39-1
2-16	848779-18-0
2-16	85026-81-9
2-16	85135-77-9
2-16	85166-19-4
2-16	85269-39-2
2-16	85298-61-9
2-16	85480-75-7
2-16	85508-42-5
2-16	85508-43-6
2-16	85508-44-7
2-16	85508-45-8
2-16	85508-46-9
2-16	85551-28-6
2-16	85585-97-3
2-16	85585-98-4
2-16	85585-99-5
2-16	85586-46-5
2-16	85958-80-1
2-16	862365-66-0
2-16	86249-83-4
2-16	874769-56-9
2-16	88248-60-6
2-16	89073-36-9
2-16	90053-13-7
2-16	9018-45-5
2-16	90459-30-6
2-16	90459-31-7
2-16	90459-32-8
2-16	90459-33-9
2-16	90459-34-0
2-16	90459-35-1
2-16	90459-36-2
2-16	90552-50-4
2-16	91053-45-1
2-16	91053-46-2
2-16	91053-47-3
2-16	91082-81-4
2-16	91082-84-7
2-16	91235-82-4
2-16	912809-88-2
2-16	91697-41-5
2-16	91845-72-6
2-16	91995-23-2
2-16	92078-03-0
2-16	92129-56-1
2-16	92129-57-2
2-16	92170-59-7
2-16	92200-98-1
2-16	92200-99-2
2-16	92502-55-1
2-16	93-74-3
2-16	93571-76-7
2-16	93573-14-9
2-16	93573-15-0
2-16	93573-16-1
2-16	93573-17-2
2-16	936576-64-6
2-16	93762-59-5
2-16	93891-86-2
2-16	93920-08-2
2-16	93920-09-3
2-16	93920-10-6
2-16	93939-76-5
2-16	93983-68-7
2-16	94044-50-5
2-16	94114-42-8
2-16	94232-44-7
2-16	94232-84-5
2-16	94275-78-2
2-16	94551-87-8
2-16	94552-58-6
2-16	94552-59-7
2-16	946852-83-1
2-16	94891-42-6
2-16	94891-43-7
2-16	95046-44-9
2-16	95046-47-2
2-16	95193-95-6
2-16	956229-60-0
2-16	97280-68-7
2-16	97404-21-2
2-16	97404-22-3
2-16	97435-21-7
2-16	97660-42-9
2-16	98246-91-4
2-16	99587-11-8
2-16	99601-92-0
2-16	99601-93-1
2-16	99749-23-2
2-16	99775-00-5
2-16	P-03-0307
2-16	P-04-0353
2-16	P-85-0300
2-16	P-85-1034
2-16	P-86-0034
2-16	P-87-0209
2-16	P-88-1853
2-16	P-88-1994
2-16	P-94-1449
2-16	RR-00038-4
2-16	RR-00376-9
2-16	RR-00522-1
2-16	RR-00571-0
2-16	RR-00798-7
2-16	RR-00800-4
2-16	RR-04029-9
2-16	RR-04535-2
2-16	RR-04616-2
2-16	RR-04617-3
2-16	RR-04822-6
2-16	RR-08431-1
2-16	RR-08443-5
2-16	RR-08561-0
2-16	RR-09031-3
2-16	RR-09055-1
2-16	RR-09280-8
2-16	RR-10235-2
2-16	RR-24447-3
2-16	RR-30490-5
2-16	RR-40755-6
2-16	RR-58049-4
2-16	UN1653
2-16	UN2725
2-16	UN2726
2-17	100258-44-4
2-17	10031-13-7
2-17	100311-01-1
2-17	10048-95-0
2-17	100482-34-6
2-17	100641-27-8
2-17	100656-54-0
2-17	10080-72-5
2-17	100995-81-1
2-17	10101-57-2
2-17	10102-48-4
2-17	10102-49-5
2-17	10102-50-8
2-17	10102-53-1
2-17	10103-50-1
2-17	10103-60-3
2-17	10103-61-4
2-17	10103-62-5
2-17	10124-50-2
2-17	101319-72-6
2-17	1016982-35-6
2-17	101836-84-4
2-17	101860-05-3
2-17	1018852-64-6
2-17	1018852-65-7
2-17	1018852-79-3
2-17	102055-05-0
2-17	102110-21-4
2-17	102110-48-5
2-17	102110-56-5
2-17	102110-62-3
2-17	102430-06-8
2-17	102516-61-0
2-17	102525-64-4
2-17	10290-12-7
2-17	1032564-26-3
2-17	1032564-28-5
2-17	10326-24-6
2-17	10336-66-0
2-17	10336-68-2
2-17	10336-71-7
2-17	10378-48-0
2-17	104170-16-3
2-17	104404-16-2
2-17	10476-82-1
2-17	10476-87-6
2-17	10553-69-2
2-17	106070-21-7
2-17	106070-25-1
2-17	106097-60-3
2-17	106097-61-4
2-17	106097-62-5
2-17	106097-63-6
2-17	106104-30-7
2-17	106129-90-2
2-17	106194-88-1
2-17	106495-92-5
2-17	106495-95-8
2-17	106604-55-1
2-17	106699-17-6
2-17	106804-39-1
2-17	106804-40-4
2-17	106957-86-2
2-17	107-34-6
2-17	107067-98-1
2-17	107067-99-2
2-17	107103-01-5
2-17	107121-52-8
2-17	107121-53-9
2-17	107251-67-2
2-17	107251-68-3
2-17	107284-23-1
2-17	107391-69-5
2-17	107477-77-0
2-17	107498-96-4
2-17	107636-81-7
2-17	107762-95-8
2-17	107793-14-6
2-17	107793-15-7
2-17	107793-16-8
2-17	107992-66-5
2-17	108424-60-8
2-17	108424-61-9
2-17	108600-27-7
2-17	108801-46-3
2-17	108801-47-4
2-17	108821-70-1
2-17	108821-71-2
2-17	108821-72-3
2-17	108821-73-4
2-17	108821-74-5
2-17	108821-75-6
2-17	108855-42-1
2-17	108855-43-2
2-17	108915-42-0
2-17	1091626-85-5
2-17	109877-61-4
2-17	109882-46-4
2-17	1099648-86-8
2-17	110602-77-2
2-17	110603-58-2
2-17	110603-60-6
2-17	110687-64-4
2-17	11075-32-4
2-17	110781-06-1
2-17	110781-07-2
2-17	110781-08-3
2-17	110832-28-5
2-17	11105-04-7
2-17	11111-46-9
2-17	111242-84-3
2-17	111242-85-4
2-17	11126-73-1
2-17	111419-46-6
2-17	111776-55-7
2-17	112050-17-6
2-17	112070-47-0
2-17	112148-64-8
2-17	1122-90-3
2-17	112285-95-7
2-17	112286-70-1
2-17	112286-91-6
2-17	112660-19-2
2-17	113015-80-8
2-17	113228-99-2
2-17	113229-01-9
2-17	113515-10-9
2-17	113553-75-6
2-17	113876-86-1
2-17	113919-96-3
2-17	113919-97-4
2-17	113919-98-5
2-17	113920-24-4
2-17	113959-74-3
2-17	114755-61-2
2-17	114756-91-1
2-17	114824-20-3
2-17	114966-14-2
2-17	1153-05-5
2-17	115454-39-2
2-17	115493-57-7
2-17	115728-29-5
2-17	116-49-4
2-17	116065-96-4
2-17	116099-09-3
2-17	116327-09-4
2-17	116359-50-3
2-17	116359-51-4
2-17	116443-03-9
2-17	116473-38-2
2-17	116678-39-8
2-17	116769-68-7
2-17	116769-69-8
2-17	116812-48-7
2-17	116812-72-7
2-17	117003-66-4
2-17	117067-25-1
2-17	117067-26-2
2-17	117067-27-3
2-17	117127-08-9
2-17	117166-17-3
2-17	117166-30-0
2-17	117166-31-1
2-17	117315-65-8
2-17	1174204-79-5
2-17	117746-50-6
2-17	117746-55-1
2-17	118340-36-6
2-17	118670-41-0
2-17	118670-42-1
2-17	119-96-0
2-17	119172-58-6
2-17	119172-59-7
2-17	119172-60-0
2-17	119172-61-1
2-17	119172-62-2
2-17	119173-36-3
2-17	1192411-43-0
2-17	119354-96-0
2-17	119398-02-6
2-17	119536-09-3
2-17	119576-03-3
2-17	1197-16-6
2-17	119829-06-0
2-17	119829-07-1
2-17	12002-03-8
2-17	12003-04-2
2-17	12005-69-5
2-17	12005-70-8
2-17	12005-75-3
2-17	12005-81-1
2-17	12005-82-2
2-17	12005-86-6
2-17	12005-88-8
2-17	12005-89-9
2-17	12005-92-4
2-17	12005-94-6
2-17	12005-95-7
2-17	12005-96-8
2-17	12005-99-1
2-17	12006-05-2
2-17	12006-06-3
2-17	12006-08-5
2-17	12006-09-6
2-17	12006-10-9
2-17	12006-12-1
2-17	12006-15-4
2-17	12006-21-2
2-17	12006-40-5
2-17	120148-08-5
2-17	120149-75-9
2-17	120149-76-0
2-17	120306-39-0
2-17	120306-40-3
2-17	12044-16-5
2-17	12044-20-1
2-17	12044-21-2
2-17	12044-22-3
2-17	12044-25-6
2-17	12044-28-9
2-17	12044-30-3
2-17	12044-31-4
2-17	12044-32-5
2-17	12044-42-7
2-17	12044-49-4
2-17	12044-50-7
2-17	12044-52-9
2-17	12044-54-1
2-17	12044-55-2
2-17	12044-57-4
2-17	12044-65-4
2-17	12044-79-0
2-17	12068-59-6
2-17	12068-61-0
2-17	120804-98-0
2-17	120804-99-1
2-17	121-19-7
2-17	121-59-5
2-17	122285-88-5
2-17	122326-17-4
2-17	12254-85-2
2-17	12254-88-5
2-17	12254-95-4
2-17	12255-04-8
2-17	12255-08-2
2-17	12255-09-3
2-17	12255-10-6
2-17	12255-11-7
2-17	12255-36-6
2-17	12255-39-9
2-17	12255-48-0
2-17	12255-50-4
2-17	12255-53-7
2-17	12255-80-0
2-17	12255-89-9
2-17	12255-99-1
2-17	12256-04-1
2-17	12256-32-5
2-17	12256-33-6
2-17	122656-81-9
2-17	12271-72-6
2-17	12279-90-2
2-17	12310-22-4
2-17	123334-18-9
2-17	12344-68-2
2-17	12355-85-0
2-17	123627-64-5
2-17	12380-33-5
2-17	12393-61-2
2-17	124-58-3
2-17	124-65-2
2-17	12414-94-7
2-17	12417-99-1
2-17	124260-75-9
2-17	12445-06-6
2-17	124588-15-4
2-17	12505-63-4
2-17	12511-97-6
2-17	125484-17-5
2-17	125484-18-6
2-17	125687-68-5
2-17	125694-36-2
2-17	125715-67-5
2-17	126-82-9
2-17	12612-21-4
2-17	12626-31-2
2-17	1263481-96-4
2-17	126603-81-4
2-17	126999-21-1
2-17	127-85-5
2-17	127276-73-7
2-17	127276-74-8
2-17	127276-75-9
2-17	127276-76-0
2-17	127276-77-1
2-17	12774-48-0
2-17	12777-38-7
2-17	127795-79-3
2-17	12780-90-4
2-17	12795-30-1
2-17	128089-50-9
2-17	128515-50-4
2-17	128515-51-5
2-17	128662-88-4
2-17	129618-34-4
2-17	1299-88-3
2-17	130042-18-1
2-17	1303-00-0
2-17	1303-11-3
2-17	1303-13-5
2-17	1303-18-0
2-17	1303-22-6
2-17	1303-28-2
2-17	1303-32-8
2-17	1303-33-9
2-17	1303-34-0
2-17	1303-36-2
2-17	1303-37-3
2-17	1303-39-5
2-17	130917-47-4
2-17	1314087-58-5
2-17	1315336-31-2
2-17	131599-73-0
2-17	131599-74-1
2-17	131599-76-3
2-17	132-33-2
2-17	13246-32-7
2-17	1327-30-6
2-17	1327-52-2
2-17	1327-53-3
2-17	132826-04-1
2-17	132851-71-9
2-17	1332-10-1
2-17	1333-24-0
2-17	1333-25-1
2-17	13355-00-5
2-17	13367-92-5
2-17	133740-71-3
2-17	133927-17-0
2-17	1343-96-0
2-17	1345-20-6
2-17	13453-15-1
2-17	13462-91-4
2-17	13462-93-6
2-17	13462-94-7
2-17	13464-35-2
2-17	13464-36-3
2-17	13464-37-4
2-17	13464-38-5
2-17	13464-39-6
2-17	13464-42-1
2-17	13464-43-2
2-17	13464-44-3
2-17	13464-58-9
2-17	13464-68-1
2-17	13466-06-3
2-17	13477-04-8
2-17	13477-70-8
2-17	13478-14-3
2-17	13478-34-7
2-17	13510-31-1
2-17	13510-44-6
2-17	13510-46-8
2-17	13510-72-0
2-17	13510-91-3
2-17	13510-94-6
2-17	135282-54-1
2-17	135282-55-2
2-17	1355049-91-0
2-17	135573-19-2
2-17	135573-20-5
2-17	135573-21-6
2-17	1357629-22-1
2-17	135988-79-3
2-17	136139-33-8
2-17	136254-80-3
2-17	136299-46-2
2-17	1363218-52-3
2-17	136575-46-7
2-17	136629-63-5
2-17	136654-91-6
2-17	136654-92-7
2-17	13702-38-0
2-17	137026-16-5
2-17	1370553-14-2
2-17	137575-12-3
2-17	137575-13-4
2-17	13768-07-5
2-17	13843-65-7
2-17	138608-19-2
2-17	139-93-5
2-17	13911-65-4
2-17	140-45-4
2-17	14034-76-5
2-17	14060-38-9
2-17	142464-01-5
2-17	14304-78-0
2-17	1434046-67-9
2-17	144-21-8
2-17	144-87-6
2-17	1450620-86-6
2-17	14525-25-8
2-17	14644-70-3
2-17	146504-31-6
2-17	14674-83-0
2-17	14687-61-7
2-17	14765-72-1
2-17	14809-44-0
2-17	14809-45-1
2-17	14849-23-1
2-17	14973-92-3
2-17	1499-33-8
2-17	15120-17-9
2-17	15122-58-4
2-17	15194-98-6
2-17	15195-00-3
2-17	15195-06-9
2-17	1535485-71-2
2-17	15422-59-0
2-17	15575-20-9
2-17	15606-95-8
2-17	15755-33-6
2-17	15755-35-8
2-17	16102-92-4
2-17	16142-89-5
2-17	1621613-53-3
2-17	164170-84-7
2-17	16509-22-1
2-17	1668-00-4
2-17	16685-55-5
2-17	1685247-26-0
2-17	17029-22-0
2-17	17068-85-8
2-17	17068-86-9
2-17	1758-48-1
2-17	1772-02-7
2-17	1776-70-1
2-17	1825302-06-4
2-17	185395-33-9
2-17	187086-23-3
2-17	188947-55-9
2-17	1929572-29-1
2-17	1940140-03-3
2-17	1979138-53-8
2-17	199744-45-1
2-17	2009382-57-2
2-17	2045-00-3
2-17	2071237-20-0
2-17	2089208-18-2
2-17	2092999-60-3
2-17	21006-73-5
2-17	21093-83-4
2-17	21480-65-9
2-17	2163-77-1
2-17	2163-80-6
2-17	217972-77-5
2-17	21840-08-4
2-17	21892-63-7
2-17	2215-16-9
2-17	2226341-09-7
2-17	2240157-94-0
2-17	2242959-68-6
2-17	22441-45-8
2-17	22538-92-7
2-17	22541-54-4
2-17	22626-92-2
2-17	22739-14-6
2-17	22831-42-1
2-17	22904-84-3
2-17	2294935-60-5
2-17	2321-53-1
2-17	23302-47-8
2-17	23525-22-6
2-17	23582-05-0
2-17	23582-06-1
2-17	23878-46-8
2-17	2428630-86-6
2-17	24440-79-7
2-17	2445-07-0
2-17	24719-13-9
2-17	24719-19-5
2-17	2511147-66-1
2-17	2533-82-6
2-17	27016-73-5
2-17	27016-75-7
2-17	27152-57-4
2-17	27526-45-0
2-17	27569-09-1
2-17	28380-38-3
2-17	2865-70-5
2-17	28837-97-0
2-17	2896-10-8
2-17	28980-47-4
2-17	28980-48-5
2-17	29871-10-1
2-17	29871-12-3
2-17	29871-13-4
2-17	29935-35-1
2-17	306-12-7
2-17	3141-12-6
2-17	32322-13-7
2-17	32680-29-8
2-17	32775-46-5
2-17	333-25-5
2-17	33382-64-8
2-17	33972-75-7
2-17	35171-52-9
2-17	352030-72-9
2-17	3547-38-4
2-17	35745-11-0
2-17	3599-28-8
2-17	36267-15-9
2-17	3639-19-8
2-17	36465-76-6
2-17	3687-31-8
2-17	3688-92-4
2-17	37196-28-4
2-17	37226-49-6
2-17	37263-29-9
2-17	37280-17-4
2-17	37330-46-4
2-17	37337-11-4
2-17	37337-13-6
2-17	37382-15-3
2-17	3772-44-9
2-17	385800-12-4
2-17	3861-75-4
2-17	39277-51-5
2-17	39297-24-0
2-17	39310-41-3
2-17	3937-40-4
2-17	39372-68-4
2-17	39399-60-5
2-17	3969-54-8
2-17	40334-69-8
2-17	40334-70-1
2-17	420-24-6
2-17	4262-43-5
2-17	437-15-0
2-17	4431-24-7
2-17	4519-32-8
2-17	457-60-3
2-17	4656-80-8
2-17	471-35-2
2-17	4808-24-6
2-17	494-79-1
2-17	4964-14-1
2-17	50288-23-8
2-17	503-80-0
2-17	50641-75-3
2-17	507-27-7
2-17	507-28-8
2-17	51021-36-4
2-17	515-76-4
2-17	51957-41-6
2-17	520-10-5
2-17	52081-02-4
2-17	52126-83-7
2-17	52740-16-6
2-17	52911-56-5
2-17	531-72-6
2-17	534-33-8
2-17	53404-12-9
2-17	53404-47-0
2-17	53669-45-7
2-17	538-03-4
2-17	53800-83-2
2-17	53923-27-6
2-17	541-25-3
2-17	5410-29-7
2-17	5425-62-7
2-17	5440-04-0
2-17	549-59-7
2-17	554-72-3
2-17	55588-51-7
2-17	55624-62-9
2-17	557-89-1
2-17	558-31-6
2-17	55957-14-7
2-17	56320-22-0
2-17	56450-43-2
2-17	56533-30-3
2-17	566188-87-2
2-17	56626-06-3
2-17	56729-51-2
2-17	57673-50-4
2-17	578-94-9
2-17	5785-43-3
2-17	57900-42-2
2-17	58-36-6
2-17	5806-84-8
2-17	5806-89-3
2-17	58076-82-7
2-17	58114-73-1
2-17	5814-20-0
2-17	585-54-6
2-17	5892-48-8
2-17	590-34-1
2-17	5902-95-4
2-17	59229-13-9
2-17	593-52-2
2-17	593-58-8
2-17	593-88-4
2-17	593-89-5
2-17	59400-80-5
2-17	59634-20-7
2-17	5968-84-3
2-17	598-14-1
2-17	60154-16-7
2-17	60168-33-4
2-17	6018-31-1
2-17	60189-99-3
2-17	603-32-7
2-17	60646-36-8
2-17	60909-47-9
2-17	60953-19-7
2-17	6101-00-4
2-17	61219-26-9
2-17	6131-99-3
2-17	61462-16-6
2-17	617-75-4
2-17	618-22-4
2-17	618-25-7
2-17	618-82-6
2-17	620-27-9
2-17	6217-24-9
2-17	622-68-4
2-17	62337-00-2
2-17	62613-15-4
2-17	62702-52-7
2-17	6306-96-3
2-17	63217-32-3
2-17	63217-33-4
2-17	63382-64-9
2-17	63468-73-5
2-17	63665-22-5
2-17	637-03-6
2-17	6379-37-9
2-17	6380-34-3
2-17	63957-41-5
2-17	63989-69-5
2-17	64046-74-8
2-17	64046-75-9
2-17	64046-96-4
2-17	64047-01-4
2-17	64048-88-0
2-17	64048-89-1
2-17	64048-90-4
2-17	64048-96-0
2-17	64048-98-2
2-17	64048-99-3
2-17	64049-05-4
2-17	64049-06-5
2-17	64049-08-7
2-17	64049-09-8
2-17	64049-10-1
2-17	64049-11-2
2-17	64049-12-3
2-17	64049-14-5
2-17	64049-15-6
2-17	64049-16-7
2-17	64049-17-8
2-17	64049-22-5
2-17	64049-23-6
2-17	64049-24-7
2-17	64049-25-8
2-17	64070-83-3
2-17	6423-72-9
2-17	64475-90-7
2-17	64684-28-2
2-17	64887-10-1
2-17	64973-06-4
2-17	65113-28-2
2-17	65313-32-8
2-17	65453-05-6
2-17	65676-37-1
2-17	6585-53-1
2-17	65997-18-4
2-17	66019-20-3
2-17	6634-88-4
2-17	67226-86-2
2-17	67251-38-1
2-17	676-70-0
2-17	676-71-1
2-17	676-75-5
2-17	67711-96-0
2-17	67712-00-9
2-17	683-43-2
2-17	683-45-4
2-17	686-61-3
2-17	68611-46-1
2-17	68784-76-9
2-17	688-97-1
2-17	68892-01-3
2-17	68951-38-2
2-17	68957-75-5
2-17	69011-59-2
2-17	69011-60-5
2-17	69012-20-0
2-17	69012-51-7
2-17	69012-57-3
2-17	69029-67-0
2-17	69029-70-5
2-17	69029-78-3
2-17	69029-88-5
2-17	69029-90-9
2-17	69029-97-6
2-17	692-23-9
2-17	692-42-2
2-17	692-95-5
2-17	696-28-6
2-17	6966-64-9
2-17	70333-07-2
2-17	71130-50-2
2-17	71130-51-3
2-17	712-48-1
2-17	72067-67-5
2-17	72845-34-2
2-17	73003-83-5
2-17	73156-86-2
2-17	73688-85-4
2-17	73728-19-5
2-17	7440-38-2
2-17	74646-29-0
2-17	749262-24-6
2-17	75-60-5
2-17	75348-31-1
2-17	7631-89-2
2-17	76407-89-1
2-17	76407-91-5
2-17	7645-25-2
2-17	7681-83-6
2-17	7774-41-6
2-17	7778-39-4
2-17	7778-41-8
2-17	7778-43-0
2-17	7778-44-1
2-17	7784-08-9
2-17	7784-33-0
2-17	7784-34-1
2-17	7784-35-2
2-17	7784-36-3
2-17	7784-37-4
2-17	7784-38-5
2-17	7784-40-9
2-17	7784-41-0
2-17	7784-42-1
2-17	7784-44-3
2-17	7784-45-4
2-17	7784-46-5
2-17	7785-24-2
2-17	7786-36-9
2-17	78331-48-3
2-17	8011-67-4
2-17	8012-54-2
2-17	8028-22-6
2-17	8028-23-7
2-17	8028-73-7
2-17	8028-74-8
2-17	8052-79-7
2-17	8066-44-2
2-17	8073-10-7
2-17	80879-64-7
2-17	80925-03-7
2-17	817163-73-8
2-17	817163-79-4
2-17	817163-85-2
2-17	822-65-1
2-17	829-83-4
2-17	84057-85-2
2-17	84195-61-9
2-17	84215-47-4
2-17	84215-48-5
2-17	84282-36-0
2-17	84304-15-4
2-17	84304-16-5
2-17	84776-01-2
2-17	85117-02-8
2-17	85237-42-9
2-17	855886-94-1
2-17	855954-34-6
2-17	856307-43-2
2-17	856565-65-6
2-17	856568-31-5
2-17	878891-76-0
2-17	888030-71-5
2-17	89067-81-2
2-17	900-77-6
2-17	900531-39-7
2-17	91053-46-2
2-17	91053-47-3
2-17	91053-48-4
2-17	917-76-0
2-17	91724-16-2
2-17	92062-13-0
2-17	92128-37-5
2-17	926-53-4
2-17	93841-79-3
2-17	94113-53-8
2-17	94138-87-1
2-17	94232-26-5
2-17	94278-22-5
2-17	94313-58-3
2-17	945-48-2
2-17	94551-66-3
2-17	94551-87-8
2-17	959925-10-1
2-17	97-44-9
2-17	97404-76-7
2-17	97791-83-8
2-17	98-05-5
2-17	98-14-6
2-17	98-50-0
2-17	98-72-6
2-17	98106-56-0
2-17	98246-91-4
2-17	99035-51-5
2-17	NA1556
2-17	P-91-1278
2-17	RR-00035-1
2-17	RR-00065-7
2-17	RR-00104-7
2-17	RR-00132-1
2-17	RR-00154-7
2-17	RR-00586-7
2-17	RR-00625-7
2-17	RR-00717-0
2-17	RR-00732-9
2-17	RR-00733-0
2-17	RR-00801-5
2-17	RR-01200-0
2-17	RR-01275-9
2-17	RR-01292-0
2-17	RR-01513-4
2-17	RR-01913-6
2-17	RR-02086-0
2-17	RR-03689-5
2-17	RR-04020-0
2-17	RR-06762-9
2-17	RR-07194-3
2-17	RR-10012-9
2-17	RR-10387-7
2-17	RR-10388-8
2-17	RR-10463-2
2-17	RR-11147-7
2-17	RR-11148-8
2-17	RR-12396-6
2-17	RR-12442-5
2-17	RR-12446-9
2-17	RR-12618-1
2-17	RR-12622-7
2-17	RR-12626-1
2-17	RR-13297-8
2-17	RR-14263-2
2-17	RR-14736-4
2-17	RR-17668-1
2-17	RR-19628-1
2-17	RR-209165-8
2-17	RR-42176-1
2-17	RR-42178-3
2-17	RR-42180-7
2-17	RR-42236-6
2-17	RR-42793-0
2-17	RR-42906-1
2-17	RR-43729-6
2-17	RR-43827-7
2-17	RR-46599-6
2-17	RR-55401-8
2-17	RR-58785-9
2-17	RR-58786-0
2-17	UN1546
2-17	UN1553
2-17	UN1554
2-17	UN1555
2-17	UN1558
2-17	UN1559
2-17	UN1560
2-17	UN1561
2-17	UN1562
2-17	UN1572
2-17	UN1573
2-17	UN1585
2-17	UN1586
2-17	UN1606
2-17	UN1607
2-17	UN1608
2-17	UN1622
2-17	UN1623
2-17	UN1678
2-17	UN1683
2-17	UN1685
2-17	UN1686
2-17	UN1688
2-17	UN1691
2-17	UN1698
2-17	UN1699
2-17	UN1712
2-17	UN1892
2-17	UN2027
2-17	UN2188
2-17	UN2473
2-17	UN3450
2-18	106-99-0
2-18	1213224-27-1
2-18	130983-70-9
2-18	183592-61-2
2-19	10039-31-3
2-19	10210-64-7
2-19	1111-71-3
2-19	11133-98-5
2-19	12009-99-3
2-19	12010-12-7
2-19	12069-36-2
2-19	12161-82-9
2-19	12228-40-9
2-19	12232-25-6
2-19	12232-27-8
2-19	12232-67-6
2-19	12291-87-1
2-19	12323-05-6
2-19	12400-16-7
2-19	12428-23-8
2-19	12429-94-6
2-19	12536-51-5
2-19	12536-52-6
2-19	125466-18-4
2-19	1268721-56-7
2-19	12770-50-2
2-19	1302-52-9
2-19	1304-49-0
2-19	1304-54-7
2-19	1304-56-9
2-19	13106-47-3
2-19	1318-19-0
2-19	1319-43-3
2-19	1332-52-1
2-19	13327-32-7
2-19	13466-27-8
2-19	13510-48-0
2-19	13510-49-1
2-19	13597-95-0
2-19	13597-96-1
2-19	13597-99-4
2-19	13598-00-0
2-19	13598-15-7
2-19	13598-22-6
2-19	13598-26-0
2-19	13814-50-1
2-19	13871-27-7
2-19	13874-36-7
2-19	13966-02-4
2-19	14215-00-0
2-19	14216-88-7
2-19	14390-89-7
2-19	14874-86-3
2-19	148896-39-3
2-19	14902-95-5
2-19	15191-85-2
2-19	15339-40-9
2-19	15499-68-0
2-19	15721-33-2
2-19	16166-89-5
2-19	16923-64-1
2-19	17440-85-6
2-19	183480-25-3
2-19	1837-99-6
2-19	18983-72-7
2-19	19049-40-2
2-19	19181-26-1
2-19	204847-07-4
2-19	20768-68-7
2-19	22537-20-8
2-19	2399-81-7
2-19	25638-88-4
2-19	278600-28-5
2-19	30374-53-9
2-19	30913-98-5
2-19	3173-18-0
2-19	35089-00-0
2-19	37227-61-5
2-19	39413-47-3
2-19	506-63-8
2-19	506-66-1
2-19	53514-39-9
2-19	53684-48-3
2-19	542-63-2
2-19	543-81-7
2-19	55158-44-6
2-19	57620-29-8
2-19	58127-61-0
2-19	58500-38-2
2-19	608529-54-0
2-19	61279-73-0
2-19	61279-74-1
2-19	61279-75-2
2-19	61279-76-3
2-19	63915-76-4
2-19	63990-88-5
2-19	64059-26-3
2-19	66104-24-3
2-19	7440-41-7
2-19	756857-80-4
2-19	7787-46-4
2-19	7787-47-5
2-19	7787-49-7
2-19	7787-50-0
2-19	7787-52-2
2-19	7787-53-3
2-19	7787-54-4
2-19	7787-55-5
2-19	7787-56-6
2-19	97330-34-2
2-19	RR-00557-2
2-19	RR-04797-2
2-19	RR-100836-2
2-19	RR-100837-3
2-19	RR-100838-4
2-19	RR-100839-5
2-19	RR-122532-7
2-19	RR-145860-2
2-19	RR-55480-3
2-19	RR-56351-9
2-19	UN1566
2-19	UN1567
2-19	UN2464
2-20	1053658-43-7
2-20	1076-43-3
2-20	1173023-23-8
2-20	174973-66-1
2-20	54682-86-9
2-20	71-43-2
2-20	UN1114
2-21	50-32-8
2-21	819804-28-9
2-22	1053659-79-2
2-22	112068-71-0
2-22	1156543-56-4
2-22	1158237-02-5
2-22	1227476-28-9
2-22	1416946-65-0
2-22	1609158-91-9
2-22	1664-98-8
2-22	50-00-0
2-22	8005-38-7
2-22	8006-07-3
2-22	8013-13-6
2-23	10024-66-5
2-23	100298-63-3
2-23	100308-01-8
2-23	100308-02-9
2-23	100308-08-5
2-23	10031-20-6
2-23	10034-96-5
2-23	100402-46-8
2-23	100402-47-9
2-23	100402-53-7
2-23	100402-65-1
2-23	100402-96-8
2-23	100403-02-9
2-23	10043-84-2
2-23	10060-26-1
2-23	100756-24-9
2-23	10101-50-5
2-23	10101-66-3
2-23	10101-68-5
2-23	10102-36-0
2-23	10118-76-0
2-23	10124-54-6
2-23	10124-55-7
2-23	101356-94-9
2-23	101357-01-1
2-23	101357-03-3
2-23	101357-04-4
2-23	101357-05-5
2-23	101357-08-8
2-23	101357-13-5
2-23	101362-28-1
2-23	10139-57-8
2-23	101500-43-0
2-23	1016982-35-6
2-23	10170-69-1
2-23	10198-45-5
2-23	102047-23-4
2-23	102047-24-5
2-23	102047-25-6
2-23	102047-26-7
2-23	102110-21-4
2-23	102110-26-9
2-23	102110-27-0
2-23	102110-31-6
2-23	102110-32-7
2-23	102110-33-8
2-23	102110-36-1
2-23	102262-20-4
2-23	102262-21-5
2-23	102262-22-6
2-23	102262-23-7
2-23	10234-99-8
2-23	10236-39-2
2-23	1029364-19-9
2-23	10294-64-1
2-23	103287-47-4
2-23	1033050-53-1
2-23	10377-62-5
2-23	10377-66-9
2-23	10378-28-6
2-23	103937-77-5
2-23	103972-75-4
2-23	104037-78-7
2-23	104193-72-8
2-23	104663-56-1
2-23	104663-57-2
2-23	104813-24-3
2-23	10535-02-1
2-23	105883-50-9
2-23	106471-97-0
2-23	106770-07-4
2-23	106829-59-8
2-23	106829-60-1
2-23	107452-09-5
2-23	1078715-73-7
2-23	108043-20-5
2-23	109118-59-4
2-23	109118-60-7
2-23	109708-05-6
2-23	109885-98-5
2-23	11004-49-2
2-23	110102-14-2
2-23	110580-21-7
2-23	11065-74-0
2-23	110739-64-5
2-23	110759-28-9
2-23	110759-29-0
2-23	11079-06-4
2-23	11096-02-9
2-23	11097-89-5
2-23	111021-35-3
2-23	111073-42-8
2-23	111073-43-9
2-23	111073-44-0
2-23	11113-71-6
2-23	11115-91-6
2-23	111243-10-8
2-23	11125-27-2
2-23	111283-62-6
2-23	11129-60-5
2-23	11129-61-6
2-23	11132-35-7
2-23	11132-78-8
2-23	111419-41-1
2-23	111419-42-2
2-23	111419-43-3
2-23	111747-17-2
2-23	111776-56-8
2-23	113387-15-8
2-23	1134078-27-5
2-23	113553-16-5
2-23	113553-18-7
2-23	113672-10-9
2-23	113787-08-9
2-23	114060-61-6
2-23	114679-30-0
2-23	114902-06-6
2-23	114927-28-5
2-23	116155-37-4
2-23	116348-63-1
2-23	116633-52-4
2-23	116633-53-5
2-23	117660-41-0
2-23	119130-84-6
2-23	119219-12-4
2-23	119315-99-0
2-23	119316-03-9
2-23	119316-05-1
2-23	119316-08-4
2-23	119316-15-3
2-23	119739-23-0
2-23	119793-38-3
2-23	119854-89-6
2-23	119855-48-0
2-23	119855-49-1
2-23	119855-50-4
2-23	119883-78-2
2-23	119883-79-3
2-23	119883-80-6
2-23	119884-25-2
2-23	119941-86-5
2-23	12001-34-2
2-23	12003-70-2
2-23	12005-95-7
2-23	12005-96-8
2-23	12010-50-3
2-23	12025-99-9
2-23	12032-69-8
2-23	12032-74-5
2-23	12032-75-6
2-23	12032-78-9
2-23	12032-82-5
2-23	12032-85-8
2-23	12032-86-9
2-23	12032-88-1
2-23	12032-89-2
2-23	12032-97-2
2-23	12033-03-3
2-23	12033-07-7
2-23	12033-08-8
2-23	12043-69-5
2-23	12045-15-7
2-23	12045-16-8
2-23	12049-47-7
2-23	12057-17-9
2-23	12057-92-0
2-23	12057-97-5
2-23	12062-81-6
2-23	12071-17-9
2-23	12079-65-1
2-23	120973-15-1
2-23	12108-13-3
2-23	12121-90-3
2-23	12125-23-4
2-23	12125-33-6
2-23	12142-41-5
2-23	12157-90-3
2-23	12162-79-7
2-23	12163-00-7
2-23	12163-45-0
2-23	12163-53-0
2-23	12163-59-6
2-23	12163-64-3
2-23	12175-02-9
2-23	12196-74-6
2-23	12205-44-6
2-23	12207-67-9
2-23	12227-59-7
2-23	12228-50-1
2-23	12228-91-0
2-23	12229-02-6
2-23	12230-80-7
2-23	12232-96-1
2-23	12238-31-2
2-23	12238-77-6
2-23	12238-78-7
2-23	12238-82-3
2-23	12253-13-3
2-23	12253-45-1
2-23	12260-22-9
2-23	12266-65-8
2-23	12271-96-4
2-23	1227510-11-3
2-23	122790-38-9
2-23	122790-39-0
2-23	12299-98-8
2-23	12357-52-7
2-23	123615-79-2
2-23	123615-95-2
2-23	123616-02-4
2-23	1236208-18-6
2-23	123633-91-0
2-23	123713-29-1
2-23	12409-37-9
2-23	12427-38-2
2-23	12438-71-0
2-23	12449-55-7
2-23	124923-56-4
2-23	12502-82-8
2-23	12505-83-8
2-23	1251909-32-6
2-23	12521-74-3
2-23	125328-27-0
2-23	125328-50-9
2-23	125465-71-6
2-23	125465-79-4
2-23	12565-60-5
2-23	12604-53-4
2-23	126187-18-6
2-23	12626-88-9
2-23	12645-49-7
2-23	12646-17-2
2-23	12656-69-8
2-23	12681-83-3
2-23	12687-82-0
2-23	12688-94-7
2-23	1271-27-8
2-23	12713-03-0
2-23	1272410-60-2
2-23	12737-09-6
2-23	12738-03-3
2-23	12758-24-6
2-23	12789-36-5
2-23	12795-16-3
2-23	128954-16-5
2-23	129249-24-7
2-23	129382-63-4
2-23	129382-80-5
2-23	13001-53-1
2-23	1307699-76-8
2-23	1309-53-1
2-23	1309-55-3
2-23	1310-97-0
2-23	1310-98-1
2-23	1313-13-9
2-23	1313-22-0
2-23	1317-34-6
2-23	1317-35-7
2-23	1319-75-1
2-23	1320-46-3
2-23	13224-08-3
2-23	1332-08-7
2-23	1332-62-3
2-23	133317-06-3
2-23	1336-93-2
2-23	1338-87-0
2-23	13434-24-7
2-23	1344-43-0
2-23	13444-72-9
2-23	13446-03-2
2-23	13446-10-1
2-23	13446-20-3
2-23	13446-34-9
2-23	13446-35-0
2-23	13446-44-1
2-23	13453-79-7
2-23	13456-28-5
2-23	13465-27-5
2-23	13465-41-3
2-23	13465-49-1
2-23	134904-59-9
2-23	134904-60-2
2-23	134904-61-3
2-23	134904-62-4
2-23	134904-63-5
2-23	13566-22-8
2-23	13568-32-6
2-23	13568-71-3
2-23	136029-14-6
2-23	1363198-04-2
2-23	13718-34-8
2-23	1372545-89-5
2-23	137633-98-8
2-23	13770-16-6
2-23	138124-32-0
2-23	13817-36-2
2-23	1381939-25-8
2-23	13918-22-4
2-23	13966-31-9
2-23	139939-61-0
2-23	14013-15-1
2-23	14023-90-6
2-23	14024-58-9
2-23	14038-34-7
2-23	1405-99-8
2-23	140678-14-4
2-23	14092-99-0
2-23	14100-30-2
2-23	141460-31-3
2-23	14154-09-7
2-23	14177-46-9
2-23	14263-16-2
2-23	14267-36-8
2-23	14284-89-0
2-23	143007-66-3
2-23	14325-24-7
2-23	14376-54-6
2-23	14392-03-1
2-23	144437-66-1
2-23	14446-13-0
2-23	14465-99-7
2-23	144713-07-5
2-23	14485-27-9
2-23	14495-13-7
2-23	14516-54-2
2-23	14681-52-8
2-23	14690-66-5
2-23	1472644-99-7
2-23	14727-95-8
2-23	1476767-64-2
2-23	14841-83-9
2-23	149264-32-4
2-23	149294-96-2
2-23	149656-63-3
2-23	14986-93-7
2-23	14986-94-8
2-23	14986-95-9
2-23	149922-80-5
2-23	14998-36-8
2-23	14998-38-0
2-23	14999-33-8
2-23	150993-75-2
2-23	15195-58-1
2-23	15244-36-7
2-23	15339-36-3
2-23	15364-94-0
2-23	153728-36-0
2-23	15375-84-5
2-23	153977-14-1
2-23	15411-95-7
2-23	15605-27-3
2-23	15609-81-1
2-23	156735-49-8
2-23	15685-17-3
2-23	15702-33-7
2-23	15702-34-8
2-23	15710-66-4
2-23	15771-41-2
2-23	158456-30-5
2-23	15851-49-7
2-23	159021-13-3
2-23	15915-03-4
2-23	15956-58-8
2-23	16039-56-8
2-23	16071-76-4
2-23	1628435-35-7
2-23	16351-10-3
2-23	1638220-46-8
2-23	16543-99-0
2-23	16571-42-9
2-23	1671083-23-0
2-23	1679350-32-3
2-23	168849-50-1
2-23	1692886-45-5
2-23	16962-31-5
2-23	16982-48-2
2-23	17009-27-7
2-23	170630-73-6
2-23	17141-63-8
2-23	172672-41-2
2-23	17308-52-0
2-23	173689-98-0
2-23	17375-02-9
2-23	17375-29-0
2-23	17375-37-0
2-23	179240-14-3
2-23	18154-90-0
2-23	182442-95-1
2-23	185299-40-5
2-23	1860-71-5
2-23	186350-31-2
2-23	18718-07-5
2-23	18727-97-4
2-23	18820-29-6
2-23	189139-63-7
2-23	18917-85-6
2-23	18933-05-6
2-23	18972-84-4
2-23	18972-86-6
2-23	19153-79-8
2-23	19372-18-0
2-23	19513-05-4
2-23	195161-78-5
2-23	19664-95-0
2-23	19893-32-4
2-23	20033-08-3
2-23	201233-93-4
2-23	2020407-62-7
2-23	2020407-63-8
2-23	2020407-64-9
2-23	2020407-65-0
2-23	20243-64-5
2-23	20316-06-7
2-23	20603-88-7
2-23	206452-06-4
2-23	20694-39-7
2-23	209416-66-0
2-23	20959-56-2
2-23	210909-84-5
2-23	21129-18-0
2-23	211948-57-1
2-23	21248-70-4
2-23	2180-18-9
2-23	22143-20-0
2-23	22388-72-3
2-23	22405-70-5
2-23	22775-65-1
2-23	23097-77-0
2-23	23250-73-9
2-23	23414-72-4
2-23	234446-82-3
2-23	2363126-51-4
2-23	2363126-59-2
2-23	24900-24-1
2-23	25327-03-1
2-23	25659-29-4
2-23	25808-75-7
2-23	25868-86-4
2-23	26204-60-4
2-23	264124-99-4
2-23	269729-99-9
2-23	27253-32-3
2-23	27526-45-0
2-23	28029-54-1
2-23	28041-68-1
2-23	28355-56-8
2-23	28374-38-1
2-23	2850-75-1
2-23	28566-87-2
2-23	28602-69-9
2-23	28829-51-8
2-23	29193-02-0
2-23	292140-32-0
2-23	29789-06-8
2-23	29826-51-5
2-23	30031-44-8
2-23	301-03-1
2-23	301-09-7
2-23	301678-04-6
2-23	301850-33-9
2-23	30488-22-3
2-23	304905-29-1
2-23	30744-82-2
2-23	31754-55-9
2-23	31754-56-0
2-23	3251-96-5
2-23	32916-06-6
2-23	33212-68-9
2-23	3353-05-7
2-23	339311-30-7
2-23	34088-94-3
2-23	34156-69-9
2-23	34410-88-3
2-23	35346-43-1
2-23	35355-77-2
2-23	35542-88-2
2-23	35638-41-6
2-23	359427-90-0
2-23	36333-79-6
2-23	36474-32-5
2-23	36678-21-4
2-23	36680-83-8
2-23	37114-51-5
2-23	37187-66-9
2-23	37223-53-3
2-23	37449-19-7
2-23	378782-03-7
2-23	37991-53-0
2-23	38344-88-6
2-23	38639-72-4
2-23	39298-00-5
2-23	39303-06-5
2-23	39327-14-5
2-23	39367-89-0
2-23	39432-47-8
2-23	39432-69-4
2-23	39438-40-9
2-23	39957-12-5
2-23	40105-04-2
2-23	40720-27-2
2-23	41536-42-9
2-23	41570-79-0
2-23	434336-75-1
2-23	460090-53-3
2-23	47265-07-6
2-23	480452-69-5
2-23	49716-47-4
2-23	50646-06-5
2-23	50831-29-3
2-23	51345-28-9
2-23	51349-94-1
2-23	51648-92-1
2-23	51700-26-6
2-23	51819-69-3
2-23	51877-53-3
2-23	51901-10-1
2-23	52014-17-2
2-23	52080-81-6
2-23	52089-06-2
2-23	52233-00-8
2-23	52233-01-9
2-23	52233-09-7
2-23	52238-52-5
2-23	52279-49-9
2-23	52562-36-4
2-23	52562-37-5
2-23	52623-88-8
2-23	5280-66-0
2-23	53224-05-8
2-23	53404-58-3
2-23	53731-35-4
2-23	53988-93-5
2-23	545386-98-9
2-23	54675-76-2
2-23	54842-08-9
2-23	55060-79-2
2-23	55392-76-2
2-23	55448-20-9
2-23	56451-33-3
2-23	56532-43-5
2-23	56729-39-6
2-23	56743-91-0
2-23	56779-88-5
2-23	57650-55-2
2-23	59112-36-6
2-23	5968-88-7
2-23	598-62-9
2-23	59866-24-9
2-23	60226-96-2
2-23	60240-47-3
2-23	60921-61-1
2-23	61007-89-4
2-23	61219-26-9
2-23	6147-00-8
2-23	6156-78-1
2-23	61788-52-1
2-23	61788-53-2
2-23	61788-57-6
2-23	61788-58-7
2-23	61789-35-3
2-23	61789-50-2
2-23	61810-04-6
2-23	62712-14-5
2-23	62713-28-4
2-23	6358-40-3
2-23	636-13-5
2-23	63665-25-8
2-23	63693-75-4
2-23	637-82-1
2-23	637-86-5
2-23	6379-47-1
2-23	638-38-0
2-23	640-67-5
2-23	64002-83-1
2-23	64070-86-6
2-23	64147-45-1
2-23	64333-01-3
2-23	64552-28-9
2-23	646-00-4
2-23	6485-39-8
2-23	6535-19-9
2-23	6556-16-7
2-23	65767-17-1
2-23	65776-39-8
2-23	65996-71-6
2-23	65997-18-4
2-23	66402-68-4
2-23	66523-56-6
2-23	67070-31-9
2-23	67071-60-7
2-23	67181-98-0
2-23	67506-86-9
2-23	67952-42-5
2-23	68015-77-0
2-23	68023-17-6
2-23	68039-18-9
2-23	68081-75-4
2-23	68186-83-4
2-23	68186-94-7
2-23	68186-96-9
2-23	68186-99-2
2-23	68187-38-2
2-23	68187-64-4
2-23	6819-13-2
2-23	68201-80-9
2-23	68279-05-0
2-23	68308-21-4
2-23	6832-69-5
2-23	683228-95-7
2-23	68333-66-4
2-23	68333-67-5
2-23	68398-21-0
2-23	68410-82-2
2-23	68412-38-4
2-23	68424-36-2
2-23	68439-21-4
2-23	68442-99-9
2-23	68443-00-5
2-23	68475-47-8
2-23	68512-50-5
2-23	68551-42-8
2-23	68553-15-1
2-23	68553-17-3
2-23	68554-13-2
2-23	68555-06-6
2-23	68585-31-9
2-23	68585-91-1
2-23	68608-42-4
2-23	68609-85-8
2-23	68609-86-9
2-23	68611-46-1
2-23	68611-47-2
2-23	68611-67-6
2-23	68648-07-7
2-23	68784-02-1
2-23	68784-13-4
2-23	68784-19-0
2-23	68784-55-4
2-23	68784-58-7
2-23	68784-76-9
2-23	68784-78-1
2-23	68836-53-3
2-23	68844-25-7
2-23	68876-90-4
2-23	68876-92-6
2-23	68877-27-0
2-23	68911-03-5
2-23	68988-36-3
2-23	68988-37-4
2-23	69011-04-7
2-23	69012-24-4
2-23	69012-26-6
2-23	69012-28-8
2-23	69012-33-5
2-23	69012-43-7
2-23	69012-49-3
2-23	69012-55-1
2-23	6904-78-5
2-23	69192-23-0
2-23	69234-82-8
2-23	69847-36-5
2-23	69991-68-0
2-23	70248-09-8
2-23	70268-41-6
2-23	70514-67-9
2-23	70692-94-3
2-23	71215-58-2
2-23	71630-92-7
2-23	71799-92-3
2-23	72253-08-8
2-23	72828-18-3
2-23	73003-99-3
2-23	73019-26-8
2-23	73202-12-7
2-23	73207-48-4
2-23	73335-41-8
2-23	73384-91-5
2-23	73385-04-3
2-23	73637-20-4
2-23	73913-06-1
2-23	74051-88-0
2-23	74114-36-6
2-23	7439-96-5
2-23	74449-37-9
2-23	74665-10-4
2-23	7487-89-0
2-23	75701-74-5
2-23	75747-77-2
2-23	75789-54-7
2-23	75798-63-9
2-23	75864-23-2
2-23	76710-75-3
2-23	76710-76-4
2-23	76710-77-5
2-23	7722-64-7
2-23	7759-00-4
2-23	7773-01-5
2-23	7782-64-1
2-23	7782-76-5
2-23	7783-16-6
2-23	7783-53-1
2-23	7783-98-4
2-23	7784-38-5
2-23	7785-19-5
2-23	7785-87-7
2-23	7786-33-6
2-23	7787-35-1
2-23	7787-36-2
2-23	7790-33-2
2-23	78812-39-2
2-23	79048-36-5
2-23	8018-01-7
2-23	8030-70-4
2-23	8031-40-1
2-23	8046-59-1
2-23	8064-36-6
2-23	8064-42-4
2-23	8065-67-6
2-23	8065-95-0
2-23	8069-51-0
2-23	8072-27-3
2-23	8075-39-6
2-23	80822-72-6
2-23	81065-76-1
2-23	825-89-8
2-23	83503-76-8
2-23	83864-26-0
2-23	83929-95-7
2-23	84030-40-0
2-23	84041-69-0
2-23	84070-12-2
2-23	84100-67-4
2-23	84144-93-4
2-23	84144-99-0
2-23	84195-96-0
2-23	84583-61-9
2-23	84712-57-2
2-23	847870-19-3
2-23	84962-02-7
2-23	84962-56-1
2-23	84962-57-2
2-23	84962-58-3
2-23	84989-01-5
2-23	85005-58-9
2-23	85005-59-0
2-23	85005-60-3
2-23	85005-61-4
2-23	85080-93-9
2-23	85080-94-0
2-23	85117-59-5
2-23	85117-60-8
2-23	85117-61-9
2-23	85117-62-0
2-23	85117-63-1
2-23	85136-48-7
2-23	85169-06-8
2-23	85169-07-9
2-23	85566-72-9
2-23	85681-90-9
2-23	85737-19-5
2-23	85763-71-9
2-23	85763-72-0
2-23	860308-46-9
2-23	86090-41-7
2-23	87835-28-7
2-23	89087-78-5
2-23	89412-12-4
2-23	9008-34-8
2-23	9038-47-5
2-23	90431-60-0
2-23	90431-61-1
2-23	90431-62-2
2-23	90431-63-3
2-23	90431-64-4
2-23	91031-64-0
2-23	91031-80-0
2-23	91053-46-2
2-23	91081-90-2
2-23	91081-91-3
2-23	91082-85-8
2-23	91082-86-9
2-23	912348-71-1
2-23	912348-76-6
2-23	916075-10-0
2-23	916075-11-1
2-23	91782-88-6
2-23	92200-95-8
2-23	92200-96-9
2-23	92414-44-3
2-23	92758-24-2
2-23	92969-67-0
2-23	93333-98-3
2-23	93573-11-6
2-23	93573-12-7
2-23	93762-58-4
2-23	93918-14-0
2-23	93918-15-1
2-23	93918-16-2
2-23	94233-07-5
2-23	94247-29-7
2-23	94247-30-0
2-23	94247-31-1
2-23	94277-05-1
2-23	94333-38-7
2-23	94481-60-4
2-23	94551-57-2
2-23	94551-96-9
2-23	94552-05-3
2-23	94786-86-4
2-23	95046-44-9
2-23	95046-51-8
2-23	97434-80-5
2-23	97435-23-9
2-23	97553-53-2
2-23	97692-40-5
2-23	97730-66-0
2-23	97999-33-2
2-23	99018-65-2
2-23	993-02-2
2-23	99328-48-0
2-23	99328-53-7
2-23	99629-34-2
2-23	99749-23-2
2-23	P-89-1030
2-23	RR-00416-0
2-23	RR-00602-0
2-23	RR-03861-9
2-23	RR-09632-2
2-23	RR-107948-7
2-23	RR-13421-4
2-23	RR-13501-3
2-23	RR-16548-0
2-23	RR-19093-2
2-23	RR-31876-3
2-23	RR-33932-2
2-23	RR-40755-6
2-23	RR-55400-7
2-23	UN1330
2-23	UN1448
2-23	UN1456
2-23	UN1490
2-23	UN1503
2-23	UN1515
2-23	UN2210
2-23	UN2724
2-23	UN2844
2-23	UN2968
