001	51-28-5
002	500-50-5
002	51-52-5
003	51-75-2
004	121382-27-2
004	51-79-6
005	1135443-73-0
005	133248-96-1
005	179733-60-9
005	52-51-7
005	UN3241
006	37333-09-8
006	50924-44-2
006	52-68-6
006	56042-25-2
006	66758-31-4
007	52-85-7
008	13890-81-8
008	13890-82-9
008	16760-37-5
008	54-11-5
008	551-13-3
008	6912-85-2
008	74555-91-2
008	UN1654
009	55-38-9
010	56-23-5
010	UN1846
011	110616-89-2
011	11111-91-4
011	56-38-2
011	8057-70-3
012	57-14-7
012	88733-28-2
012	UN1163
013	57-57-8
014	60-09-3
014	81691-68-1
015	55964-95-9
015	60-11-7
015	77126-00-2
016	60-34-4
017	60-35-5
018	11003-53-5
018	11096-20-1
018	56833-73-9
018	60-51-5
018	79956-18-6
019	1057722-43-6
019	11121-00-9
019	151517-46-3
019	155-25-9
019	16681-74-6
019	29212-82-6
019	30922-30-6
019	6051-75-8
019	61-82-5
019	63598-72-1
019	64598-23-8
020	100849-37-4
020	14545-23-4
020	146997-94-6
020	1533423-51-6
020	1582784-51-7
020	1619933-02-6
020	18960-62-8
020	37342-16-8
020	4165-61-1
020	62-53-3
020	7022-92-6
020	UN1547
021	1032826-45-1
021	62-56-6
022	11095-17-3
022	11096-21-2
022	11111-31-2
022	11126-72-0
022	116788-91-1
022	12772-40-6
022	55819-32-4
022	62-73-7
022	62139-95-1
022	62655-59-8
022	8023-22-1
022	8072-21-7
022	8072-39-7
022	8076-16-2
022	95828-55-0
023	11095-11-7
023	11130-47-5
023	1392204-77-1
023	51274-03-4
023	52001-89-5
023	63-25-2
024	1053656-97-5
024	1186-52-3
024	1563-79-7
024	1563-80-0
024	2845-03-6
024	64-19-7
024	758-12-3
024	77671-22-8
024	78887-71-5
024	79562-15-5
024	8028-52-2
024	UN2790
025	182115-04-4
025	64-67-5
025	98503-29-8
025	UN1594
026	1173023-83-0
026	14742-26-8
026	1849-29-2
026	54841-71-3
026	67-56-1
026	811-98-3
026	UN1230
027	67-63-0
027	8013-70-5
027	UN1219
028	67-66-3
028	8013-54-5
028	865-49-6
028	UN1888
029	67-72-1
030	57755-20-1
030	68-11-1
030	7283-42-3
030	UN1940
031	114057-15-7
031	15175-63-0
031	15175-77-6
031	33513-42-7
031	68-12-2
032	71-55-6
032	74552-83-3
032	UN2831
033	1361252-19-8
033	1519044-64-4
033	74-83-9
033	UN1062
034	33060-30-9
034	74-85-1
034	87701-64-2
034	87701-65-3
034	UN1038
035	57113-74-3
035	74-86-2
035	UN1001
036	1111-89-3
036	1173018-35-3
036	1474045-09-4
036	1474045-10-7
036	1474045-11-8
036	16786-44-0
036	74-87-3
036	UN1063
037	147937-07-3
037	1519044-66-6
037	74-88-4
037	865-50-9
037	UN2644
038	191234-22-7
038	3017-23-0
038	341972-31-4
038	74-90-8
038	UN1614
039	30036-02-3
039	74-94-2
039	811862-91-6
039	860392-69-4
039	93803-04-4
040	75-00-3
040	UN1037
041	1632-89-9
041	75-07-0
041	UN1089
042	1665-00-5
042	75-09-2
042	UN1593
043	355120-85-3
043	75-15-0
043	UN1131
044	75-18-3
044	956465-01-3
044	UN1164
045	75-27-4
046	75-35-4
046	UN1303
047	75-44-5
047	957761-04-5
047	UN1076
048	104306-48-1
048	13031-32-8
048	75-52-5
048	UN1261
049	16033-71-9
049	75-56-9
049	UN1280
050	76-03-9
050	UN1839
051	76-87-9
052	77-47-4
052	UN2646
053	139443-72-4
053	15199-43-6
053	62086-97-9
053	77-78-1
053	98478-67-2
053	UN1595
054	78-48-8
055	78-79-5
055	78006-92-5
055	823271-95-0
055	UN1218
056	78-82-0
056	UN2284
057	135311-02-3
057	78-93-3
057	UN1193
058	1198293-68-3
058	122775-19-3
058	79-06-1
058	UN2074
059	79-11-8
059	UN3250
060	79-19-6
061	79-27-6
062	104306-46-9
062	79-46-9
063	137885-53-1
063	1429425-26-2
063	146479-75-6
063	27360-89-0
063	28106-82-3
063	37808-08-5
063	80-05-7
064	126987-83-5
064	474-91-9
064	61255-27-4
064	81-07-2
064	890126-34-8
065	5543-56-6
065	5543-57-7
065	56573-89-8
065	81-81-2
066	84-74-2
066	93952-11-5
067	6385-62-2
067	85-00-7
068	85-68-7
068	93951-88-3
069	54182-73-9
069	86-50-0
070	1123533-24-3
070	87-62-7
071	88-06-2
072	88-73-3
073	152212-20-9
073	39403-80-0
073	88-85-7
074	189195-39-9
074	190402-10-9
074	29663-11-4
074	856615-63-9
074	856993-13-0
074	857370-42-4
074	88-89-1
075	90-04-0
076	192076-92-9
076	39387-78-5
076	457652-80-1
076	90-43-7
077	90-94-8
078	1146-65-2
078	72931-45-4
078	91-20-3
078	UN1334
079	20214-07-7
079	91-22-5
079	UN2656
080	91-66-7
080	UN2432
081	91-94-1
082	92-93-3
083	1406-55-9
083	8022-92-2
083	94-59-7
084	15183-39-8
084	94-75-7
085	95-51-2
086	12236-56-5
086	85898-88-0
086	95-80-7
086	UN1709
087	20780-53-4
087	20780-54-5
087	62497-63-6
087	67253-49-0
087	96-09-3
088	96-18-4
089	148584-48-9
089	96-23-1
089	UN2750
090	52340-46-2
090	69420-22-0
090	96-24-2
090	UN2689
091	12261-94-8
091	26856-29-1
091	71836-04-9
091	875479-38-2
091	90613-75-5
091	96-45-7
091	96-46-8
092	11137-49-8
092	97-17-6
093	28676-13-3
093	97-56-3
094	1262335-14-7
094	98-00-0
094	UN2874
095	98-01-1
095	UN1199
096	98-07-7
096	UN2226
097	1258517-80-4
097	98-88-4
097	UN1736
098	4165-60-0
098	98-95-3
098	UN1662
099	99-99-0
100	100-40-3
100	92619-43-7
101	100-41-4
101	UN1175
102	100-42-5
102	1161074-30-1
102	1193-80-2
102	1198090-46-8
102	1453489-93-4
102	1646200-96-5
102	19361-62-7
102	2015955-51-6
102	2351150-23-5
102	2576469-81-1
102	2706608-32-2
102	3814-93-5
102	60052-92-8
102	79637-11-9
102	934-85-0
102	UN2055
103	100-44-7
103	UN1738
104	100-61-8
104	UN2294
105	100-63-0
105	1057722-40-3
105	UN2572
106	100-69-6
107	101-61-1
107	30135-64-9
108	101-68-8
108	1211266-59-9
108	1211316-64-1
108	1220313-65-4
108	1400594-70-8
108	142690-07-1
108	1533423-48-1
108	153986-89-1
108	1588489-56-8
108	201528-77-0
108	2031250-39-0
108	2056146-02-0
108	53633-14-0
108	55157-41-0
108	57460-66-9
108	77090-48-3
108	88001-94-9
108	97568-33-7
109	101-77-9
109	120859-32-7
109	136601-30-4
109	148263-71-2
109	28602-61-1
109	83712-44-1
109	UN2651
110	101-80-4
110	121509-79-3
110	928208-61-1
111	102-82-9
111	168153-19-3
111	UN2542
112	103-23-1
112	39393-67-4
112	63637-48-9
112	70147-21-6
113	104-40-5
113	29832-11-9
114	106-46-7
114	3855-82-1
115	106-47-8
116	106-51-4
116	UN2587
117	106-88-7
117	55555-96-9
117	UN3022
118	106-89-8
118	109351-74-8
118	13403-37-7
118	36250-81-4
118	51594-55-9
118	67843-74-7
118	9009-12-5
118	UN2023
119	106-93-4
119	22581-63-1
119	56729-21-6
119	625084-37-9
119	8003-07-4
119	UN1605
120	106-97-8
120	UN1011
121	106-98-9
121	1735-75-7
121	33004-02-3
121	54366-07-3
122	107-01-7
122	1735-76-8
123	107-02-8
123	25314-61-8
123	UN1092
124	107-04-0
125	107-05-1
125	UN1100
126	107-06-2
126	52399-93-6
126	UN1184
127	107-07-3
127	1867-09-0
127	UN1135
128	107-12-0
128	UN2404
129	1006710-56-0
129	107-13-1
129	1197872-06-2
129	1221168-60-0
129	1309882-90-3
129	29754-21-0
129	63908-52-1
129	769126-92-3
129	769134-66-9
129	UN1093
130	107-18-6
130	UN1098
131	107-19-7
132	106139-40-6
132	108-05-4
132	172702-77-1
132	220713-36-0
132	61891-42-7
132	82041-23-4
132	85306-26-9
132	UN1301
133	108-42-9
133	1083238-51-0
134	1053657-77-4
134	108-88-3
134	1124-18-1
134	1202864-97-8
134	1603-99-2
134	2037-26-5
134	UN1294
135	108-91-8
135	143247-75-0
135	1533423-50-5
135	157973-60-9
135	UN2357
136	108-95-2
136	13127-88-3
136	14534-23-7
136	50356-25-7
136	8002-07-1
136	UN2312
137	109-09-1
137	UN2822
138	109-77-3
138	144804-99-9
138	UN2647
139	109-86-4
139	UN1188
140	109-89-7
140	1637232-73-5
140	UN1154
141	110-49-6
141	UN1189
142	110-54-3
142	8031-34-3
143	110-65-6
143	UN2716
144	110-80-5
144	96231-36-6
144	UN1171
145	110-82-7
145	1735-17-7
145	UN1145
146	111-15-9
146	UN1172
147	107950-89-0
147	111-30-8
147	1428979-54-7
147	1497435-71-8
147	37245-61-7
147	79215-57-9
148	111-92-2
148	UN2248
149	112-02-7
149	129290-73-9
149	139272-33-6
149	146909-27-5
149	217468-43-4
149	53023-95-3
149	79728-63-5
150	114-26-1
151	115-07-1
151	33004-01-2
151	676-63-1
151	UN1077
152	115-28-6
152	5343-97-5
152	7374-78-9
152	888949-13-1
153	115-29-7
153	33213-65-9
153	426824-51-3
153	6994-04-3
153	8003-45-0
153	959-98-8
154	115-32-2
154	55599-54-7
155	115-96-8
155	21343-84-0
156	116-14-3
156	9014-83-9
156	UN1081
157	109630-52-6
157	117-81-7
157	126639-29-0
157	137718-37-7
157	205180-59-2
157	275818-89-8
157	40120-69-2
157	50885-87-5
157	607374-50-5
157	8033-53-2
157	82208-43-3
157	93951-87-2
158	119-90-4
158	59777-10-5
159	119-93-7
160	120-71-8
161	120-80-9
161	16474-89-8
161	16474-90-1
161	19481-10-8
161	37349-32-9
162	121-14-2
163	121-69-7
163	162744-63-0
163	168153-21-7
163	171745-67-8
164	11096-67-6
164	11130-60-2
164	121-75-5
164	12737-19-8
164	12767-62-3
164	141263-96-9
164	75513-83-6
165	121-82-4
165	204655-61-8
165	50579-23-2
165	53800-53-6
165	57608-45-4
165	82030-42-0
165	UN0072
165	UN0483
166	122-14-5
166	12764-87-3
166	54182-70-6
166	94650-98-3
167	122-19-0
167	37243-60-0
167	60650-76-2
167	79177-05-2
167	89004-38-6
168	122-60-1
168	66527-93-3
169	123-31-9
169	57534-13-1
169	8027-02-9
170	123-91-1
170	17647-74-4
170	28347-88-8
170	28347-91-3
170	39449-24-6
170	54841-74-6
170	UN1165
171	124-40-3
171	2876-06-4
171	UN1160
172	126-97-6
173	126-98-7
173	UN3079
174	126-99-8
174	184963-09-5
174	UN1991
175	127-18-4
175	UN1897
176	122544-46-1
176	128-04-1
176	165724-02-7
176	191490-26-3
177	102962-45-8
177	128-37-0
177	1394965-02-6
177	1456709-94-6
177	1847425-90-4
177	2055662-96-7
177	259752-53-9
177	290348-23-1
177	338986-13-3
177	36631-28-4
177	42615-30-5
177	50356-19-9
177	50641-99-1
177	52683-46-2
177	53571-70-3
177	58500-82-6
177	83047-16-9
177	97123-41-6
178	132-27-4
178	6152-33-6
179	120528-25-8
179	1321-42-2
179	133-06-2
179	37335-15-2
180	1135442-81-7
180	133-07-3
180	52306-33-9
181	133-59-5
182	125141-56-2
182	1313437-27-2
182	135-20-6
182	21255-91-4
182	7564-70-7
182	862780-68-5
183	1135443-08-1
183	12680-07-8
183	12680-62-5
183	137-26-8
183	200889-05-0
183	39456-80-9
183	56645-31-9
183	66173-72-6
183	92481-09-9
183	93196-73-7
184	1079126-29-6
184	111922-61-3
184	1135443-10-5
184	12768-61-5
184	12773-04-5
184	137-30-4
184	14459-91-7
184	17125-91-6
184	19488-81-4
184	31300-71-7
184	50933-80-7
184	55870-88-7
184	8059-74-3
184	8070-07-3
184	98391-07-2
185	139-65-1
186	140-29-4
186	70026-36-7
186	UN2470
187	1173021-20-9
187	124765-79-3
187	140-66-9
187	37769-53-2
187	85771-77-3
188	140-88-5
188	1441020-41-2
188	UN1917
189	141-78-6
189	UN1173
190	151-56-4
190	99932-76-0
190	UN1185
191	298-02-2
192	300-76-5
192	53095-31-1
193	301-12-2
193	37320-93-7
194	10217-52-4
194	119775-10-9
194	302-01-2
194	31886-26-7
194	75013-58-0
194	78206-91-4
194	UN2029
195	330-55-2
195	56645-87-5
196	27936-40-9
196	30583-38-1
196	333-41-5
196	65863-03-8
197	18708-86-6
197	18708-87-7
197	470-90-6
197	8018-06-2
197	8067-67-2
198	105913-60-8
198	492-80-8
199	531-85-1
200	37359-43-6
200	53240-95-2
200	534-52-1
200	8068-73-3
200	8071-51-0
200	UN1598
201	10061-01-5
201	10061-02-6
201	542-75-6
201	68525-58-6
201	8022-76-2
202	545-06-2
203	553-26-4
204	556-52-5
204	61915-27-3
204	98913-54-3
205	556-61-6
205	UN2477
206	12676-93-6
206	12738-47-5
206	563-12-2
207	55172-50-4
207	569-64-2
208	593-60-2
208	UN1085
209	606-20-2
210	612-83-9
211	615-05-4
212	624-92-0
212	UN2381
213	153929-54-5
213	155399-52-3
213	162342-48-5
213	167416-30-0
213	18421-60-8
213	192819-80-0
213	201230-82-2
213	4906-87-0
213	630-08-0
213	724693-69-0
213	740776-49-2
213	807306-74-7
213	82063-46-5
213	NA9202
213	UN1016
214	147299-78-3
214	632-99-5
214	8053-09-6
214	884244-75-1
215	640-15-3
216	644-97-3
216	UN2798
217	24992-55-0
217	51557-01-8
217	680-31-9
218	50809-58-0
218	76600-84-5
218	793-24-8
219	133394-59-9
219	243121-01-9
219	280144-19-6
219	53192-27-1
219	57350-77-3
219	63525-90-6
219	66368-96-5
219	822-06-0
219	824958-44-3
219	88357-62-4
219	UN2281
220	823-40-5
221	944-22-9
222	11114-31-1
222	80210-09-9
222	950-37-8
223	1120-71-4
224	109945-70-2
224	1163-19-5
224	1201677-32-8
224	145538-74-5
225	105-67-9
225	108-68-9
225	1300-71-6
225	144700-02-7
225	526-75-0
225	576-26-1
225	71975-58-1
225	95-65-8
225	95-87-4
225	UN2261
225	UN3430
226	1310-58-3
226	29857-72-5
226	71769-53-4
226	UN1813
226	UN1814
227	12200-64-5
227	1310-73-2
227	14014-06-3
227	8012-01-9
227	UN1823
227	UN1824
228	1313-60-6
228	55248-04-9
228	UN1504
229	1314-20-1
229	34321-99-8
229	8006-33-5
230	1314-56-3
230	24377-84-2
230	50811-86-4
230	59778-57-3
230	72906-42-4
230	UN1807
231	12066-62-5
231	129680-27-9
231	1314-80-3
231	132620-99-6
231	16857-09-3
231	337913-53-8
231	341007-60-1
231	342401-47-2
231	409325-03-7
231	952005-45-7
231	UN1340
232	116804-25-2
232	1319-77-3
232	52037-47-5
232	8003-33-6
232	8006-62-0
232	8026-94-6
232	8027-16-5
232	UN2022
232	UN2076
232	UN3455
232-1	95-48-7
232-2	108-39-4
232-3	106-44-5
233	1330-20-7
233	56004-61-6
233	8026-09-3
233	UN1307
233-1	56004-61-6
233-1	95-47-6
233-2	106-42-3
233-3	108-38-3
234	120144-37-8
234	1257076-06-4
234	127026-25-9
234	1341-49-7
234	135446-53-6
234	14055-61-9
234	159431-44-4
234	1628788-89-5
234	16941-26-7
234	19121-60-9
234	52697-21-9
234	7790-15-0
234	96740-33-9
234	UN1727
234	UN2817
235	1563-66-2
236	1634-04-4
236	UN2398
237	1265631-68-2
237	1694-09-3
237	856587-22-9
238	1861-40-1
238	66152-77-0
238	87209-90-3
239	101963-73-9
239	1897-45-6
239	216082-57-4
239	342632-51-3
239	37223-69-1
239	462093-27-2
240	136338-65-3
240	1910-42-5
240	205105-68-6
240	247050-57-3
240	3765-78-4
240	57593-74-5
240	65982-50-5
241	1937-37-7
241	220970-37-6
241	61701-15-3
242	2032-65-7
242	716-16-5
243	2104-64-5
244	2212-67-1
245	2274-67-1
246	2275-23-2
247	11129-09-2
247	12650-35-0
247	2310-17-0
247	29562-46-7
247	54182-71-7
248	2312-35-8
248	60098-53-5
249	120146-64-7
249	2429-74-5
249	51568-94-6
249	95032-75-0
250	2439-01-2
251	1135443-22-9
251	15880-99-6
251	2439-10-3
251	51426-08-5
251	96923-04-5
252	2551-62-4
252	29267-82-1
252	36575-03-8
252	59109-69-2
252	UN1080
253	2593-15-9
254	2595-54-2
255	2597-03-7
255	61361-99-7
255	75513-84-7
256	116675-43-5
256	179472-56-1
256	2602-46-2
256	627097-62-5
257	2699-79-8
257	UN2191
258	12768-48-8
258	2921-88-2
258	39475-55-3
259	129829-22-7
259	3033-77-0
260	3347-22-6
261	112099-35-1
261	1155174-27-8
261	164325-69-3
261	261921-78-2
261	3380-34-5
261	88032-08-0
262	101701-80-8
262	102771-74-4
262	105439-02-9
262	110648-35-6
262	111093-75-5
262	1186289-22-4
262	1199811-14-7
262	1211316-62-9
262	124961-52-0
262	129212-17-5
262	135454-41-0
262	146282-59-9
262	146665-38-5
262	149579-36-2
262	1548444-15-0
262	158750-30-2
262	194936-84-0
262	26602-93-7
262	4098-71-9
262	50974-99-7
262	52985-93-0
262	63793-40-8
262	66708-07-4
262	70936-97-9
262	74091-63-7
262	74520-92-6
262	88778-74-9
262	UN2290
263	123-73-9
263	15798-64-8
263	4170-30-3
263	UN1143
264	103072-21-5
264	107314-16-9
264	1081805-58-4
264	123773-48-8
264	190601-97-9
264	201536-77-8
264	218459-95-1
264	280144-17-4
264	5124-30-1
264	68966-63-2
264	73156-15-7
264	88504-76-1
265	379722-73-3
265	5470-11-1
266	1192033-45-6
266	1207356-86-2
266	251939-97-6
266	477883-52-6
266	5945-33-5
266	68816-50-2
267	6291-85-6
268	471258-22-7
268	6459-94-5
269	13966-00-2
269	14378-21-3
269	14378-22-4
269	14903-02-7
269	15706-41-9
269	31079-13-7
269	7440-09-7
269	UN2257
270	13966-32-0
270	13982-04-2
270	184637-88-5
270	213530-35-9
270	351903-26-9
270	7440-23-5
270	UN1428
271	109704-87-2
271	13319-75-0
271	155123-44-7
271	20654-88-0
271	372-85-0
271	7637-07-2
271	UN1008
272	113962-65-5
272	218625-68-4
272	51005-19-7
272	61674-62-2
272	7647-01-0
272	7698-05-7
272	UN1050
272	UN1789
272	UN2186
273	7652-64-4
274	32057-09-3
274	326604-75-5
274	7664-39-3
274	UN1052
274	UN1790
275	1252662-61-5
275	125888-87-1
275	1269620-59-8
275	1313584-68-7
275	132103-60-7
275	1336-21-6
275	1398052-85-1
275	16393-49-0
275	178115-93-0
275	208990-07-2
275	214478-05-4
275	558443-52-0
275	7664-41-7
275	8007-57-6
275	UN1005
275	UN2073
275	UN2672
275	UN3318
276	119540-51-1
276	127529-01-5
276	13813-19-9
276	140623-70-7
276	7664-93-9
276	UN1830
276	UN1831
276	UN1832
276	UN2796
277	39287-69-9
277	59217-75-3
277	67112-29-2
277	7681-49-4
277	UN1690
277	UN3415
278	1053657-18-3
278	218625-70-8
278	7697-37-2
278	78989-43-2
278	802862-59-5
278	UN2031
278	UN2032
279	12673-82-4
279	12684-31-0
279	12767-24-7
279	15117-53-0
279	56449-52-6
279	56591-09-4
279	56645-30-8
279	57035-13-9
279	63705-05-5
279	7704-34-9
279	7782-45-8
279	8050-82-6
279	81032-32-8
279	97124-07-7
279	NA1350
279	NA2448
279	UN1350
279	UN2448
280	7719-09-7
280	UN1836
281	7719-12-2
281	UN1809
282	218625-72-0
282	37355-84-3
282	66554-50-5
282	7722-84-1
282	8007-30-5
282	UN2014
282	UN2015
282	UN2984
283	12185-10-3
283	14596-37-3
283	15749-66-3
283	29879-37-6
283	7723-14-0
283	UN1338
283	UN1381
283	UN2447
284	14331-90-9
284	14391-61-8
284	14686-69-2
284	14687-62-8
284	14809-47-3
284	15720-26-0
284	15765-38-5
284	15765-39-6
284	23724-81-4
284	378253-42-0
284	378253-43-1
284	7726-95-6
284	UN1744
285	7758-01-2
285	UN1484
286	66554-51-6
286	7758-19-2
286	UN1496
287	11096-45-0
287	38869-73-7
287	38869-74-8
287	7775-09-9
287	UN1495
287	UN2428
288	13981-43-6
288	14158-34-0
288	15585-26-9
288	7782-50-5
288	UN1017
289	11144-15-3
289	7783-06-4
289	UN1053
290	13455-21-5
290	165892-23-9
290	59217-74-2
290	7789-23-3
290	UN1812
290	UN3422
291	127529-03-7
291	7790-94-5
291	UN1754
292	7803-49-8
293	167076-44-0
293	7803-51-2
293	UN2199
294	10217-52-4
294	65209-65-6
294	65492-74-2
294	7803-57-8
294	79785-97-0
295	115003-70-8
295	122-18-9
295	12741-06-9
295	139-07-1
295	139-08-2
295	160402-23-3
295	1641-93-6
295	16576-95-7
295	16576-96-8
295	16576-98-0
295	39434-18-9
295	59890-14-1
295	61789-71-7
295	61789-74-0
295	61789-75-1
295	63449-41-2
295	68390-98-7
295	68391-01-5
295	68424-85-1
295	68607-20-5
295	68989-00-4
295	72749-57-6
295	75635-12-0
295	8001-54-5
295	8011-91-4
295	8036-90-6
295	8039-63-2
295	8045-21-4
295	85409-22-9
295	965-32-2
295	RR-87724-7
296	8001-58-9
297	17107-61-8
297	7446-11-9
297	8014-95-7
297	UN1831
298	12001-34-2
298	12656-69-8
298	1338-87-0
298	14376-54-6
298	172672-41-2
298	39432-69-4
298	56532-43-5
298	62712-14-5
298	67071-60-7
298	75789-54-7
298	8018-01-7
298	8064-36-6
298	8065-67-6
298	8065-95-0
298	8069-51-0
298	84070-12-2
299	116010-52-7
299	121448-83-7
299	1217187-52-4
299	50813-73-5
299	54847-97-1
299	8030-30-6
299	8030-31-7
300	10025-87-3
300	1258871-72-5
300	39380-77-3
300	UN1810
301	10026-13-8
301	UN1806
302	10034-85-2
302	39445-43-7
302	8014-90-2
302	8052-26-4
302	UN1787
302	UN2197
303	10034-93-2
303	95416-15-2
304	10035-10-6
304	62140-56-1
304	UN1048
304	UN1788
305	10039-54-0
305	120893-78-9
305	1257422-90-4
305	UN2865
306	10453-86-8
306	24004-07-7
307	11004-49-2
307	12125-33-6
307	12427-38-2
307	133317-06-3
307	20316-06-7
307	28355-56-8
307	301-03-1
307	UN2210
307	UN2968
308	13171-21-6
309	13194-48-4
310	12684-28-5
310	13356-08-6
310	57547-75-8
311	13516-27-3
312	13593-03-8
312	37331-41-2
312	54511-12-5
313	1344-75-8
313	13775-53-6
313	15096-52-3
314	15263-53-3
315	10300-74-0
315	16071-86-6
315	39403-88-8
315	58601-87-9
315	76199-83-2
316	16079-88-2
316	P-94-0034
317	12655-98-0
317	1309-97-3
317	1320337-71-0
317	16871-90-2
317	1796558-39-8
317	792949-74-7
317	UN2655
318	102931-96-4
318	1056477-09-8
318	1178564-64-1
318	122141-73-5
318	1262801-47-7
318	127408-00-8
318	1303-67-9
318	133097-00-4
318	133951-38-9
318	13767-36-7
318	140148-87-4
318	1414852-51-9
318	1631149-30-8
318	16872-11-0
318	172515-29-6
318	172908-18-8
318	183135-74-2
318	191665-41-5
318	350009-05-1
318	36835-64-0
318	496925-14-5
318	547767-06-6
318	65814-43-9
318	67116-13-6
318	72802-72-3
318	74618-51-2
318	81586-24-5
318	845825-70-9
318	900178-90-7
318	96958-96-2
318	UN1775
319	1202391-51-2
319	12656-12-1
319	1310-02-7
319	1344-04-3
319	1360896-72-5
319	16893-85-9
319	221174-64-7
319	39413-34-8
319	UN2674
320	1202864-64-9
320	12672-67-2
320	1309-45-1
320	16961-83-4
320	UN1778
321	17109-49-8
322	1135441-25-6
322	17804-35-2
322	39357-40-9
322	52683-56-4
323	18854-01-8
324	20325-40-0
325	12060-19-4
325	20816-12-0
325	7446-13-1
325	UN2471
326	20893-30-5
327	22781-23-3
328	23564-05-8
328	50814-12-5
329	11097-11-3
329	11097-12-4
329	23950-58-5
329	66393-62-2
330	24017-47-8
330	37209-36-2
330	51142-57-5
331	101027-12-7
331	102256-87-1
331	1033821-54-3
331	1034342-45-4
331	103599-13-9
331	103599-14-0
331	104364-97-8
331	104491-99-8
331	105521-57-1
331	106207-08-3
331	107991-47-9
331	1082736-74-0
331	108556-05-4
331	108728-21-8
331	1096473-97-0
331	110158-22-0
331	11097-80-6
331	11098-13-8
331	11098-40-1
331	11100-23-5
331	11108-41-1
331	11120-31-3
331	11121-19-0
331	11126-36-6
331	1114797-08-8
331	111517-59-0
331	114013-37-5
331	115902-32-4
331	117216-90-7
331	118340-04-8
331	1189565-70-5
331	1190235-62-1
331	1190729-68-0
331	120146-74-9
331	120797-43-5
331	121181-85-9
331	121273-37-8
331	121547-73-7
331	123939-44-6
331	125147-87-7
331	127176-80-1
331	127176-81-2
331	128281-71-0
331	132822-20-9
331	132893-73-3
331	1336-88-5
331	1337-15-1
331	138157-20-7
331	138361-18-9
331	139554-29-3
331	142540-11-2
331	144046-24-2
331	144046-25-3
331	144855-66-3
331	149013-58-1
331	150825-32-4
331	157321-42-1
331	158725-45-2
331	160674-45-3
331	161937-12-8
331	162031-55-2
331	167972-06-7
331	168042-08-8
331	179607-24-0
331	183581-68-2
331	183890-12-2
331	187619-11-0
331	188448-56-8
331	189282-49-3
331	191606-83-4
331	20232-24-0
331	222835-65-6
331	222835-66-7
331	222835-68-9
331	222835-69-0
331	222835-70-3
331	222835-72-5
331	222835-74-7
331	222835-77-0
331	25068-38-6
331	339530-81-3
331	35038-60-9
331	353239-57-3
331	36344-96-4
331	36347-13-4
331	36347-14-5
331	367523-08-8
331	37184-50-2
331	37184-52-4
331	37208-29-0
331	37217-92-8
331	37230-74-3
331	37243-66-6
331	37243-67-7
331	37251-33-5
331	37265-21-7
331	37270-82-9
331	37291-75-1
331	37293-07-5
331	37294-18-1
331	37305-82-1
331	37307-45-2
331	37317-45-6
331	37325-21-6
331	37338-63-9
331	37342-17-9
331	37345-34-9
331	37348-56-4
331	37348-57-5
331	37357-73-6
331	37360-93-3
331	383889-26-7
331	383889-27-8
331	39277-59-3
331	39288-99-8
331	39296-08-7
331	39296-09-8
331	39296-11-2
331	39296-15-6
331	39315-77-0
331	39349-91-2
331	39354-86-4
331	39362-25-9
331	39362-45-3
331	39373-81-4
331	39378-29-5
331	39378-55-7
331	39389-49-6
331	39405-18-0
331	39412-57-2
331	39419-66-4
331	39453-22-0
331	39454-54-1
331	39454-69-8
331	39470-62-7
331	395069-05-3
331	42612-34-0
331	42618-03-1
331	470462-49-8
331	50642-36-9
331	50642-55-2
331	50642-78-9
331	51158-20-4
331	51273-81-5
331	51329-73-8
331	51393-99-8
331	51394-03-7
331	51553-00-5
331	52011-87-7
331	52038-45-6
331	52051-70-4
331	52051-82-8
331	52052-16-1
331	52232-05-0
331	52232-75-4
331	52276-55-8
331	52365-33-0
331	52519-66-1
331	52519-67-2
331	52627-94-8
331	52907-38-7
331	53027-88-6
331	53127-14-3
331	53200-30-9
331	53238-86-1
331	53238-87-2
331	53239-67-1
331	53239-68-2
331	53570-97-1
331	53570-98-2
331	53681-78-0
331	53858-93-8
331	54018-73-4
331	54352-05-5
331	55464-96-5
331	55584-55-9
331	55585-07-4
331	55818-73-0
331	56258-35-6
331	56449-43-5
331	56509-48-9
331	57107-66-1
331	57284-90-9
331	57534-21-1
331	57693-04-6
331	58052-05-4
331	58128-38-4
331	58392-89-5
331	58392-92-0
331	58516-14-6
331	58572-71-7
331	59029-19-5
331	59459-14-2
331	59473-30-2
331	59948-36-6
331	60202-19-9
331	60267-31-4
331	60382-89-0
331	60606-56-6
331	60800-54-6
331	60831-77-8
331	60894-16-8
331	61036-82-6
331	61287-42-1
331	61356-27-2
331	61711-38-4
331	61763-30-2
331	61991-18-2
331	62169-28-2
331	62169-29-3
331	62601-75-6
331	62601-76-7
331	62887-23-4
331	63055-40-3
331	63172-55-4
331	63799-24-6
331	63993-57-7
331	63993-58-8
331	64086-14-2
331	64086-16-4
331	64176-52-9
331	64176-61-0
331	64176-66-5
331	64177-03-3
331	65233-49-0
331	65931-38-6
331	65931-39-7
331	66995-96-8
331	67185-62-0
331	681001-41-2
331	68821-97-6
331	69899-40-7
331	70179-83-8
331	70213-44-4
331	70726-45-3
331	71965-91-8
331	72514-40-0
331	73413-19-1
331	74504-20-4
331	74564-76-4
331	75831-44-6
331	78564-77-9
331	79585-43-6
331	8000-31-5
331	80702-61-0
331	81458-12-0
331	81843-58-5
331	81855-87-0
331	82197-12-4
331	82197-46-4
331	83202-85-1
331	848887-61-6
331	85537-69-5
331	86090-60-0
331	9015-99-0
331	9049-54-1
331	9050-21-9
331	9081-91-8
331	9083-76-5
331	9084-94-0
331	9086-62-8
331	9087-26-7
331	9087-76-7
331	917483-69-3
331	922728-11-8
331	934588-09-7
331	945610-97-9
331	950907-45-6
331	95327-25-6
331	96420-31-4
331	96510-68-8
331	97568-16-6
331	97709-01-8
331	99400-50-7
332	11066-49-2
332	1300-16-9
332	1323-65-5
332	136-83-4
332	139-84-4
332	142731-63-3
332	17404-66-9
332	186825-36-5
332	25154-52-3
332	256459-00-4
332	26543-97-5
332	27938-31-4
332	30784-30-6
332	52427-13-1
332	68081-86-7
332	87247-00-5
332	90481-04-2
332	91672-41-2
333	25265-76-3
333	UN1673
333-1	95-54-5
333-2	106-50-3
333-2	56481-76-6
333-2	82785-55-5
333-3	108-45-2
333-3	1266121-34-9
333-3	1274866-89-5
334	117176-66-6
334	25311-71-1
334	52907-24-1
334	61711-63-5
335	25321-14-6
335	29656-15-3
335	602-01-7
335	610-39-9
335	618-85-9
335	619-15-8
335	84029-41-4
335	84029-42-5
335	RR-42416-8
335	UN1600
335	UN2038
335	UN3454
336	108-71-4
336	25376-45-8
336	26764-44-3
336	2687-25-4
336	26966-75-6
336	496-72-0
336	95-70-5
337	26087-47-8
338	104213-33-4
338	110681-06-6
338	1186289-23-5
338	1204229-13-9
338	1204746-08-6
338	1211316-67-4
338	1321-39-7
338	1326716-94-2
338	136154-22-8
338	1421949-89-4
338	1422250-41-6
338	1422343-79-0
338	1432062-26-4
338	25321-34-0
338	26471-62-5
338	29033-29-2
338	50853-47-9
338	50985-24-5
338	71215-63-9
338	72214-34-7
338	80498-23-3
338	89698-92-0
338-1	1260158-01-7
338-1	1358624-38-0
338-1	584-84-9
338-1	59539-76-3
338-1	856307-56-7
338-1	86-91-9
338-2	137091-34-0
338-2	91-08-7
339	108592-00-3
339	12136-89-9
339	157302-08-4
339	20828-18-6
339	26628-22-8
339	503002-54-8
339	575502-02-2
339	UN1687
340	27083-27-8
341	30560-19-1
342	31218-83-4
343	35400-43-2
343	59299-57-9
343	92642-31-4
344	108066-98-4
344	39156-41-7
345	12684-10-5
345	131-72-6
345	39300-45-3
345	57131-13-2
345	57526-97-3
345	6119-92-2
345	71607-43-7
346	41198-08-7
346	61230-42-0
346	61287-51-2
346	92760-41-3
347	131641-62-8
347	51630-58-1
348	52315-07-8
348	67375-30-8
348	97955-44-7
349	52645-53-1
349	57608-04-5
349	60018-94-2
349	63364-00-1
349	75497-64-2
349	93388-66-0
350	52918-63-5
350	55700-96-4
350	62229-77-0
351	55285-14-8
351	73468-61-8
352	59669-26-0
352	65154-62-3
353	62850-32-2
354	65907-30-4
355	68085-85-8
355	76703-62-3
355	91465-08-6
356	1820573-27-0
356	68359-37-5
356	83855-46-3
356	85782-82-7
357	69409-94-5
358	79622-59-6
359	79723-02-7
360	80060-09-9
361	82560-54-1
362	122961-18-6
362	142731-63-3
362	17404-66-9
362	186825-36-5
362	186825-39-8
362	186825-40-1
362	26543-97-5
362	30784-30-6
362	521947-27-3
362	52427-13-1
362	58865-77-3
362	84852-15-3
362	91000-35-0
363	86598-92-7
364	96489-71-3
365	96491-05-3
366	97886-45-8
367	98886-44-3
368	106917-52-6
369	111872-58-3
370	119168-77-3
371	119446-68-3
372	120068-37-3
373	122453-73-0
374	131538-00-6
374	152048-82-3
375	172343-40-7
376	RR-04214-8
377	32609-65-7
378	3084-48-8
378	RR-04202-4
379	10042-84-9
379	139-13-9
379	15467-20-6
379	18662-53-8
379	18994-66-6
379	23255-03-0
379	2399-85-1
379	2399-86-2
379	26627-44-1
379	26627-45-2
379	32685-17-9
379	34831-02-2
379	34831-03-3
379	37291-81-9
379	5064-31-3
379	50648-02-7
379	53108-50-2
379	60034-45-9
379	68015-78-1
379	80751-51-5
379	RR-01745-8
380	13446-48-5
380	13454-83-6
380	13465-94-6
380	13470-06-9
380	13568-33-7
380	13780-06-8
380	13825-25-7
380	13826-65-8
380	14984-71-5
380	17861-62-0
380	32863-15-3
380	56227-20-4
380	74332-41-5
380	7632-00-0
380	7758-09-0
380	82497-43-6
380	82998-40-1
380	RR-04206-8
380	UN1488
380	UN1500
381	100-99-2
381	1000844-74-5
381	100085-72-1
381	100208-47-7
381	100208-53-5
381	100208-54-6
381	100208-55-7
381	100208-56-8
381	100208-57-9
381	100208-58-0
381	100208-59-1
381	100208-60-4
381	100208-61-5
381	100208-62-6
381	100209-14-1
381	100209-15-2
381	100209-16-3
381	1002097-01-9
381	1002121-71-2
381	10024-42-7
381	10029-47-7
381	100298-56-4
381	100308-08-5
381	100402-39-9
381	100402-42-4
381	100402-43-5
381	100402-44-6
381	100402-45-7
381	100402-46-8
381	100402-47-9
381	100402-72-0
381	100402-77-5
381	100402-84-4
381	100402-88-8
381	100403-03-0
381	100403-18-7
381	10043-01-3
381	10043-67-1
381	100469-58-7
381	100835-92-5
381	10090-53-6
381	101012-91-3
381	101013-04-1
381	10102-71-3
381	1010713-71-9
381	1010713-90-2
381	1011245-20-7
381	10124-27-3
381	10124-29-5
381	101357-30-6
381	1016985-69-5
381	101701-14-8
381	101707-17-9
381	102-67-0
381	102110-71-4
381	1022097-81-9
381	102579-90-8
381	10284-64-7
381	1028764-48-8
381	102979-95-3
381	102979-96-4
381	10305-79-0
381	1033037-51-2
381	103568-51-0
381	1035696-44-6
381	1042667-92-4
381	10449-71-5
381	105218-61-9
381	105218-62-0
381	105442-85-1
381	106152-09-4
381	106495-56-1
381	1069-83-6
381	1070-00-4
381	1071843-34-9
381	107462-07-7
381	107874-14-6
381	107964-06-7
381	1083081-91-7
381	1097640-73-7
381	1097640-76-0
381	1097999-44-4
381	110175-41-2
381	110621-40-4
381	110687-44-0
381	11070-82-9
381	11074-27-4
381	11078-51-6
381	1108600-31-2
381	11089-89-7
381	11089-92-2
381	11095-65-1
381	11097-59-9
381	11097-68-0
381	11128-86-2
381	11132-80-2
381	11137-59-0
381	11137-98-7
381	11138-49-1
381	11140-62-8
381	1116-70-7
381	1116-73-0
381	111850-00-1
381	1123762-30-0
381	114109-72-7
381	114442-10-3
381	115271-29-9
381	1155661-41-8
381	116459-31-5
381	117314-00-8
381	1184-58-3
381	1188000-76-1
381	1191-15-7
381	1192173-18-4
381	1192824-18-2
381	119537-74-5
381	1197416-35-5
381	12003-13-3
381	12003-33-7
381	12003-35-9
381	12003-37-1
381	12003-38-2
381	12003-42-8
381	12003-44-0
381	12003-46-2
381	12003-49-5
381	12003-51-9
381	12003-61-1
381	12003-63-3
381	12003-65-5
381	12003-67-7
381	12003-70-2
381	12003-72-4
381	12003-77-9
381	12003-78-0
381	12003-83-7
381	12003-84-8
381	12003-85-9
381	12003-86-0
381	12003-87-1
381	12004-04-5
381	12004-05-6
381	12004-11-4
381	12004-14-7
381	12004-15-8
381	12004-19-2
381	12004-20-5
381	12004-26-1
381	12004-32-9
381	12004-35-2
381	12004-37-4
381	12004-39-6
381	12004-40-9
381	12004-62-5
381	12004-70-5
381	12004-76-1
381	12004-78-3
381	12004-83-0
381	12004-88-5
381	12005-16-2
381	12005-21-9
381	12005-46-8
381	12005-48-0
381	12005-50-4
381	12005-57-1
381	12005-61-7
381	12011-76-6
381	12011-77-7
381	12014-44-7
381	12027-58-6
381	12040-43-6
381	12040-59-4
381	12041-50-8
381	12041-54-2
381	12042-08-9
381	12042-17-0
381	12042-37-4
381	12042-65-8
381	12042-68-1
381	12042-78-3
381	12042-91-0
381	12042-92-1
381	12043-13-9
381	12043-24-2
381	12043-27-5
381	12043-28-6
381	12043-29-7
381	12043-30-0
381	12043-43-5
381	12043-47-9
381	12043-58-2
381	12043-69-5
381	12043-90-2
381	12068-35-8
381	12068-36-9
381	12068-38-1
381	12068-40-5
381	12068-46-1
381	12068-51-8
381	12068-53-0
381	12068-56-3
381	12075-68-2
381	12076-08-3
381	12080-90-9
381	12090-38-9
381	12091-08-6
381	121028-72-6
381	121028-73-7
381	121053-43-8
381	12122-80-4
381	12141-46-7
381	12173-28-3
381	121739-79-5
381	12174-11-7
381	12182-56-8
381	12183-80-1
381	12227-62-2
381	12227-77-9
381	12227-78-0
381	12244-16-5
381	1224515-40-5
381	12250-93-0
381	12251-19-3
381	12251-27-3
381	12251-30-8
381	12251-53-5
381	12252-25-4
381	12252-30-1
381	12252-33-4
381	12252-59-4
381	12252-67-4
381	12252-70-9
381	12252-79-8
381	12252-83-4
381	12253-13-3
381	12253-23-5
381	12253-45-1
381	12253-70-2
381	12254-04-5
381	12254-15-8
381	12254-24-9
381	12263-85-3
381	12265-05-3
381	12267-60-6
381	12269-78-2
381	122784-35-4
381	12284-76-3
381	1228935-67-8
381	12304-65-3
381	12311-99-8
381	123243-59-4
381	12330-29-9
381	12330-40-4
381	12343-27-0
381	1234495-70-5
381	1236208-79-9
381	1237627-97-2
381	123774-64-1
381	123774-65-2
381	12385-17-0
381	12393-01-0
381	12393-50-9
381	1239586-42-5
381	1239597-10-4
381	124027-27-6
381	12408-33-2
381	12408-39-8
381	12408-43-4
381	12408-53-6
381	12415-34-8
381	12426-34-5
381	12426-35-6
381	12428-23-8
381	12428-46-5
381	12428-64-7
381	124330-23-0
381	12445-96-4
381	124567-02-8
381	12505-45-2
381	12510-42-8
381	125109-82-2
381	12511-31-8
381	125159-19-5
381	12522-88-2
381	12539-23-0
381	12542-85-7
381	125494-68-0
381	125514-69-4
381	125904-14-5
381	125904-15-6
381	125913-22-6
381	12598-12-8
381	1259919-05-5
381	1260223-11-7
381	12619-57-7
381	12619-58-8
381	126463-28-3
381	12657-03-3
381	1266332-72-2
381	1266534-73-9
381	12672-27-4
381	12676-98-1
381	126950-72-9
381	12736-91-3
381	127361-04-0
381	12737-16-5
381	12758-14-4
381	12768-32-0
381	12770-50-2
381	12777-36-5
381	128083-27-2
381	1299-86-1
381	1300-35-2
381	1302-29-0
381	1302-30-3
381	1302-37-0
381	1302-38-1
381	1302-42-7
381	1302-52-9
381	1302-59-6
381	1302-65-4
381	1302-66-5
381	1302-67-6
381	1302-72-3
381	1302-74-5
381	1302-76-7
381	1302-78-9
381	1302-81-4
381	1302-82-5
381	1302-84-7
381	1302-88-1
381	1302-93-8
381	130565-62-7
381	1309440-40-1
381	1313195-43-5
381	1314041-45-6
381	131494-77-4
381	131553-52-1
381	131689-14-0
381	1317-25-5
381	1317-82-4
381	1317-97-1
381	13170-05-3
381	131716-36-4
381	1318-00-9
381	1318-23-6
381	1318-74-7
381	1318-94-1
381	1318026-22-0
381	1319-41-1
381	132071-39-7
381	1327-41-9
381	1327-43-1
381	1328-04-7
381	1328-05-8
381	1329654-24-1
381	1331-71-1
381	1332-73-6
381	13320-53-1
381	13329-66-3
381	1333-84-2
381	1333-88-6
381	133415-65-3
381	1335-30-4
381	133628-86-1
381	1337-75-3
381	1337470-47-9
381	133972-14-2
381	13419-09-5
381	13419-10-8
381	13419-15-3
381	134375-99-8
381	1344-00-9
381	1344-01-0
381	1344-02-1
381	1344-06-5
381	1344-28-1
381	1345-02-4
381	1345-16-0
381	13462-91-4
381	13462-92-5
381	1346644-15-2
381	13473-90-0
381	13482-15-0
381	13487-95-1
381	134910-86-4
381	1351478-63-1
381	135151-77-8
381	135152-65-7
381	13530-50-2
381	13530-54-6
381	13530-57-9
381	1354927-57-3
381	1355357-83-3
381	135667-70-8
381	13569-23-8
381	135752-28-2
381	135864-70-9
381	13595-81-8
381	13595-82-9
381	13596-11-7
381	13596-12-8
381	13654-74-5
381	136618-51-4
381	136684-48-5
381	13682-92-3
381	1370461-06-5
381	13718-41-7
381	1374160-84-5
381	13765-93-0
381	13770-87-1
381	13770-96-2
381	13775-52-5
381	13775-53-6
381	13776-88-0
381	13783-16-9
381	137953-98-1
381	13821-15-3
381	13821-20-0
381	138361-58-7
381	13845-12-0
381	138577-01-2
381	139-12-8
381	1391150-71-2
381	1393690-01-1
381	13939-25-8
381	13963-57-0
381	13967-22-1
381	13967-89-0
381	1399049-88-7
381	139939-73-4
381	140165-51-1
381	1402134-88-6
381	1402134-95-5
381	14024-11-4
381	1403582-14-8
381	14049-51-5
381	14128-54-2
381	141437-63-0
381	14154-42-8
381	1416131-76-4
381	142-03-0
381	14215-15-7
381	14236-50-1
381	14239-17-9
381	1424805-45-7
381	1424809-08-4
381	14284-36-7
381	1428541-30-3
381	1430733-52-0
381	14322-85-1
381	143230-54-0
381	1433820-22-4
381	1433822-46-8
381	144388-28-3
381	14452-39-2
381	14455-29-9
381	14472-28-7
381	1447672-57-2
381	14484-69-6
381	14492-59-2
381	14504-95-1
381	14567-73-8
381	145711-93-9
381	14613-01-5
381	14613-28-6
381	146162-54-1
381	146177-83-5
381	14624-13-6
381	14624-15-8
381	146388-14-9
381	14696-66-3
381	14696-77-6
381	1469908-91-5
381	1471315-26-0
381	14762-49-3
381	14782-75-3
381	148462-56-0
381	148619-39-0
381	1493598-52-9
381	149413-92-3
381	15007-61-1
381	15009-37-7
381	15086-27-8
381	15098-87-0
381	15099-32-8
381	15122-63-1
381	15123-80-5
381	15123-82-7
381	15124-06-8
381	15136-87-5
381	15138-76-8
381	151393-94-1
381	15167-49-4
381	151841-65-5
381	152743-26-5
381	15280-91-8
381	1529-57-3
381	1529-58-4
381	1529-59-5
381	15304-14-0
381	15305-07-4
381	15306-17-9
381	15320-26-0
381	153858-98-1
381	154357-86-5
381	15477-33-5
381	15479-57-9
381	1565803-50-0
381	15669-30-4
381	156721-39-0
381	15698-46-1
381	15743-20-1
381	157516-29-5
381	15769-72-9
381	15790-05-3
381	15792-67-3
381	15796-28-8
381	1586-92-1
381	15876-39-8
381	15876-40-1
381	15876-44-5
381	15876-47-8
381	15876-51-4
381	15876-57-0
381	15876-58-1
381	15930-11-7
381	159704-77-5
381	160537-98-4
381	160828-79-5
381	1613451-93-6
381	1613512-67-6
381	1615212-74-2
381	1621347-64-5
381	16216-31-2
381	162264-71-3
381	162535-15-1
381	1628473-53-9
381	16324-24-6
381	1633871-09-6
381	163581-50-8
381	163611-03-8
381	1642531-70-1
381	1644148-86-6
381	16449-54-0
381	164525-30-8
381	164525-31-9
381	16482-55-6
381	16508-80-8
381	16509-02-7
381	165390-88-5
381	165390-91-0
381	16603-84-2
381	16657-47-9
381	166877-77-6
381	167140-05-8
381	167952-93-4
381	168041-57-4
381	16828-11-8
381	16842-00-5
381	16853-85-3
381	170448-81-4
381	1709832-51-8
381	17099-70-6
381	17161-57-8
381	17175-87-0
381	1726-65-4
381	1726-66-5
381	172890-85-6
381	173357-64-7
381	17375-35-8
381	173762-81-7
381	173762-82-8
381	174514-58-0
381	17476-04-9
381	1777779-70-0
381	1779-25-5
381	177997-13-6
381	178154-25-1
381	17836-88-3
381	17927-65-0
381	17949-86-9
381	180395-80-6
381	181823-32-5
381	183257-07-0
381	184674-71-3
381	187175-73-1
381	188398-62-1
381	1888-87-5
381	18917-91-4
381	18921-11-4
381	18990-72-2
381	190085-25-7
381	19034-12-9
381	190401-78-6
381	19141-82-3
381	191427-79-9
381	19239-71-5
381	193214-24-3
381	193901-41-6
381	194208-41-8
381	19497-94-0
381	19553-62-9
381	1967799-94-5
381	1976-28-9
381	1977554-21-4
381	19795-24-5
381	1980845-19-9
381	19878-87-6
381	200295-99-4
381	201426-52-0
381	20257-20-9
381	20259-40-9
381	2033048-35-8
381	2036-15-9
381	2040-00-8
381	205316-36-5
381	2056109-58-9
381	2068705-41-7
381	207803-51-8
381	20791-15-5
381	2085-33-8
381	20859-73-8
381	2087499-33-8
381	209552-43-2
381	20960-77-4
381	209617-06-1
381	210057-92-4
381	210583-08-7
381	2109788-91-0
381	2118251-41-3
381	21216-49-9
381	21300-06-1
381	2133468-02-5
381	21645-51-2
381	216597-83-0
381	2173379-27-4
381	2180-65-6
381	21828-44-4
381	21863-06-9
381	218768-84-4
381	220685-69-8
381	220914-47-6
381	221455-10-3
381	22302-09-6
381	22359-97-3
381	2241570-40-9
381	2245-46-7
381	224778-47-6
381	22515-37-3
381	22563-14-0
381	225789-38-8
381	22620-93-5
381	2269-22-9
381	22708-90-3
381	22722-98-1
381	22758-82-3
381	227783-28-0
381	227961-51-5
381	22831-42-1
381	22853-46-9
381	22949-79-7
381	22992-10-5
381	2305840-66-6
381	230616-05-4
381	232597-04-5
381	23275-26-5
381	233672-63-4
381	23413-80-1
381	2347635-98-5
381	2377572-89-7
381	2386-62-1
381	2407640-74-6
381	241166-01-8
381	24175-05-1
381	24189-36-4
381	24228-46-4
381	24304-00-5
381	2444-82-8
381	245064-40-8
381	245654-30-2
381	24623-77-6
381	24683-32-7
381	24731-66-6
381	24772-51-8
381	24818-79-9
381	24989-85-3
381	25152-52-7
381	25165-45-1
381	252375-49-8
381	25268-69-3
381	252756-35-7
381	25295-24-3
381	253606-45-0
381	253606-46-1
381	253606-47-2
381	25395-08-8
381	2553011-60-0
381	258282-68-7
381	26035-51-8
381	26303-54-8
381	26527-54-8
381	26628-81-9
381	26676-32-4
381	2674-15-9
381	268724-08-9
381	2715081-26-6
381	2803483-37-4
381	2831346-46-2
381	29075-98-7
381	29728-34-5
381	29756-98-7
381	29853-65-4
381	29977-41-1
381	300-92-5
381	3002-63-9
381	301192-92-7
381	303190-12-7
381	3041-23-4
381	30472-11-8
381	30745-55-2
381	3085-30-1
381	31142-56-0
381	31166-18-4
381	31794-92-0
381	3183-64-0
381	32003-61-5
381	32056-15-8
381	32138-95-7
381	32287-65-3
381	3238-27-5
381	329184-33-0
381	32982-66-4
381	33075-37-5
381	334869-46-4
381	33715-52-5
381	33790-67-9
381	341926-09-8
381	34202-30-7
381	34417-26-0
381	34463-98-4
381	3453-79-0
381	35026-44-9
381	3537-86-8
381	358732-16-8
381	3605-65-0
381	36201-72-6
381	36362-00-2
381	365494-41-3
381	367-44-2
381	36816-06-5
381	36915-28-3
381	3710-19-8
381	3711-23-7
381	37167-65-0
381	37220-89-6
381	37226-46-3
381	37233-67-3
381	37233-69-5
381	37248-62-7
381	37268-38-5
381	37280-47-0
381	37293-73-5
381	37324-42-8
381	37342-39-5
381	37342-40-8
381	37349-46-5
381	37367-77-4
381	37382-15-3
381	37765-39-2
381	38338-53-3
381	38598-34-4
381	39148-24-8
381	39211-00-2
381	39250-26-5
381	39290-78-3
381	39297-19-3
381	39354-49-9
381	39377-45-2
381	39380-80-8
381	39390-03-9
381	39406-86-5
381	39429-87-3
381	39431-98-6
381	39455-35-1
381	39458-13-4
381	39611-87-5
381	39818-95-6
381	3985-81-7
381	40027-80-3
381	40209-50-5
381	403483-53-4
381	40368-44-3
381	4040-50-0
381	4067-14-5
381	4073-85-2
381	41312-26-9
381	41627-26-3
381	422280-74-8
381	422280-75-9
381	42365-33-3
381	42916-36-9
381	43134-64-1
381	43136-11-4
381	446020-93-5
381	457654-46-5
381	4598-66-7
381	4731-36-6
381	47822-79-7
381	48072-11-3
381	485816-12-4
381	488703-54-4
381	488831-46-5
381	50810-32-7
381	50988-21-1
381	51184-13-5
381	51250-25-0
381	51330-22-4
381	51350-73-3
381	51575-25-8
381	51668-34-9
381	51668-55-4
381	51689-20-4
381	51796-09-9
381	51943-95-4
381	52005-81-9
381	52082-39-0
381	52100-62-6
381	52186-48-8
381	521982-71-8
381	52227-36-8
381	52350-11-5
381	52488-90-1
381	52667-15-9
381	52725-43-6
381	52729-29-0
381	52736-17-1
381	52931-96-1
381	53011-66-8
381	53169-53-2
381	53199-37-4
381	53320-75-5
381	53469-20-8
381	53632-65-8
381	53632-66-9
381	538-17-0
381	53802-22-5
381	53809-96-4
381	53810-32-5
381	53881-02-0
381	54182-58-0
381	54241-70-2
381	54326-11-3
381	54352-04-4
381	54426-13-0
381	544695-36-5
381	546141-61-1
381	546141-62-2
381	546141-68-8
381	54692-73-8
381	54991-58-1
381	55012-98-1
381	5505-62-4
381	55070-88-7
381	55097-76-2
381	55134-50-4
381	55187-69-4
381	555-31-7
381	555-32-8
381	555-35-1
381	555-75-9
381	556-91-2
381	55763-23-0
381	5579-81-7
381	55949-15-0
381	56095-71-7
381	56095-72-8
381	56095-73-9
381	56095-74-0
381	56208-99-2
381	56237-73-1
381	56237-74-2
381	56271-77-3
381	563-43-9
381	56379-05-6
381	56639-50-0
381	56639-51-1
381	56803-01-1
381	56831-66-4
381	57158-29-9
381	57377-06-7
381	57522-56-2
381	57522-58-4
381	57679-45-5
381	57679-46-6
381	57874-19-8
381	5804-85-3
381	58425-85-7
381	58425-86-8
381	58694-16-9
381	58942-78-2
381	59025-08-0
381	59113-66-5
381	59157-64-1
381	59534-55-3
381	59692-88-5
381	59792-81-3
381	59843-26-4
381	59871-73-7
381	59978-64-2
381	60007-93-4
381	6013-78-1
381	6028-57-5
381	60304-36-1
381	60482-69-1
381	60491-70-5
381	6063-60-1
381	6076-62-6
381	60778-99-6
381	60945-31-5
381	60996-20-5
381	61027-69-8
381	61076-94-6
381	61105-08-6
381	61113-12-0
381	61789-65-9
381	61986-88-7
381	62493-32-7
381	6303-15-7
381	633293-26-2
381	63692-16-0
381	637-12-7
381	63718-62-7
381	63774-55-0
381	63905-85-1
381	64092-15-5
381	64147-47-3
381	64347-44-0
381	64401-54-3
381	64441-77-6
381	645-17-0
381	64561-84-8
381	64653-29-8
381	64885-48-9
381	65168-06-1
381	65324-35-8
381	65380-58-7
381	65514-51-4
381	65583-10-0
381	65997-35-5
381	66172-65-4
381	66197-44-2
381	663170-52-3
381	664996-65-0
381	6651-25-8
381	6651-26-9
381	6651-27-0
381	66523-56-6
381	66733-21-9
381	66906-02-3
381	66982-95-4
381	67181-48-0
381	672263-85-3
381	675-15-0
381	67542-72-7
381	67621-72-1
381	67621-74-3
381	67746-24-1
381	67785-56-2
381	67853-35-4
381	67853-36-5
381	67892-51-7
381	67894-14-8
381	67894-42-2
381	67905-26-4
381	67905-27-5
381	67905-28-6
381	67905-29-7
381	67905-30-0
381	67905-31-1
381	67905-32-2
381	67905-39-9
381	67952-97-0
381	68006-53-1
381	68006-55-3
381	68025-12-7
381	68071-22-7
381	68084-29-7
381	68084-30-0
381	68130-57-4
381	68130-58-5
381	68130-59-6
381	68130-93-8
381	68155-49-7
381	68186-87-8
381	68187-11-1
381	68187-27-9
381	68189-68-4
381	68201-16-1
381	68201-31-0
381	68201-44-5
381	68201-65-0
381	68227-49-6
381	68258-93-5
381	68309-29-5
381	68309-96-6
381	68309-99-9
381	68318-47-8
381	68336-93-6
381	68389-42-4
381	68389-43-5
381	68409-56-3
381	68410-02-6
381	68411-22-3
381	68411-26-7
381	68411-51-8
381	68411-52-9
381	68411-53-0
381	68411-54-1
381	68411-55-2
381	68411-67-6
381	68412-71-5
381	68413-44-5
381	68423-02-9
381	68425-30-9
381	68425-65-0
381	68441-06-5
381	68441-77-0
381	68442-84-2
381	68443-80-1
381	68475-50-3
381	68553-92-4
381	68555-04-4
381	68583-95-9
381	68584-41-8
381	68603-80-5
381	68608-09-3
381	68608-70-8
381	68611-69-8
381	68687-50-3
381	68698-86-2
381	68780-28-9
381	68784-10-1
381	688-37-9
381	68815-07-6
381	68876-89-1
381	68877-15-6
381	68892-17-1
381	68892-18-2
381	68892-19-3
381	68892-20-6
381	68892-21-7
381	68892-22-8
381	68892-23-9
381	68892-24-0
381	68900-74-3
381	68900-75-4
381	68900-76-5
381	68900-77-6
381	68900-78-7
381	68900-79-8
381	68900-80-1
381	68900-81-2
381	68900-82-3
381	68900-83-4
381	68900-84-5
381	68900-85-6
381	68900-89-0
381	68908-43-0
381	68908-97-4
381	68910-79-2
381	68912-14-1
381	68921-42-6
381	68937-64-4
381	68955-26-0
381	68959-06-8
381	68967-00-0
381	68987-53-1
381	69011-71-8
381	69011-73-0
381	69011-74-1
381	6982-94-1
381	69898-19-7
381	70024-64-5
381	7047-84-9
381	70592-82-4
381	7068-70-4
381	70692-95-4
381	70776-29-3
381	70815-16-6
381	70879-33-3
381	70984-09-7
381	71243-74-8
381	71411-84-2
381	71411-85-3
381	71411-86-4
381	71411-87-5
381	71520-60-0
381	71587-49-0
381	71720-59-7
381	71850-69-6
381	72076-43-8
381	72102-37-5
381	72102-46-6
381	72125-29-2
381	72187-15-6
381	72245-19-3
381	72245-30-8
381	72269-39-7
381	72269-62-6
381	7230-93-5
381	7231-09-6
381	72403-44-2
381	73049-87-3
381	7325-26-0
381	7360-44-3
381	7360-53-4
381	73987-94-7
381	7446-70-0
381	74499-39-1
381	74499-40-4
381	745062-58-2
381	74665-01-3
381	74871-10-6
381	7493-77-8
381	74978-16-8
381	75-24-1
381	7517-02-4
381	75431-69-5
381	7585-14-0
381	760-19-0
381	76125-60-5
381	76138-33-5
381	7630-84-4
381	76363-38-7
381	76363-81-0
381	765953-78-4
381	76721-60-3
381	77076-14-3
381	7727-15-3
381	7758-17-0
381	77616-70-7
381	7784-11-4
381	7784-13-6
381	7784-15-8
381	7784-16-9
381	7784-18-1
381	7784-19-2
381	7784-21-6
381	7784-23-8
381	7784-24-9
381	7784-25-0
381	7784-26-1
381	7784-27-2
381	7784-28-3
381	7784-30-7
381	7784-31-8
381	7785-88-8
381	78005-61-5
381	78414-08-1
381	78423-41-3
381	78798-87-5
381	78970-14-6
381	79176-81-1
381	79357-65-6
381	79586-02-0
381	80006-43-5
381	8006-13-1
381	8011-94-7
381	8012-63-3
381	8012-66-6
381	8022-59-1
381	80481-35-2
381	8049-11-4
381	8064-00-4
381	8065-64-3
381	8067-60-5
381	808739-25-5
381	814-87-9
381	81405-24-5
381	81422-13-1
381	815-78-1
381	817-83-4
381	81907-34-8
381	82664-29-7
381	82948-45-6
381	82980-54-9
381	82980-55-0
381	83061-29-4
381	83061-30-7
381	83380-91-0
381	835619-37-9
381	83588-58-3
381	83833-18-5
381	83833-19-6
381	83833-20-9
381	83846-46-2
381	83897-77-2
381	83897-78-3
381	83897-79-4
381	84012-67-9
381	84030-28-4
381	84030-56-8
381	84041-67-8
381	84067-01-6
381	841-76-9
381	84149-21-3
381	84370-48-9
381	84370-49-0
381	84400-07-7
381	84473-85-8
381	84473-86-9
381	84473-87-0
381	84473-88-1
381	84473-89-2
381	84473-90-5
381	84473-91-6
381	84501-53-1
381	845524-94-9
381	84649-68-3
381	84649-69-4
381	84681-82-3
381	848467-68-5
381	84861-98-3
381	84864-58-4
381	84878-09-1
381	84878-10-4
381	84878-15-9
381	84878-39-7
381	848952-50-1
381	849213-95-2
381	84924-85-6
381	84962-60-7
381	84962-61-8
381	85005-91-0
381	85026-79-5
381	85027-50-5
381	850538-92-0
381	85068-74-2
381	85068-75-3
381	851541-97-4
381	85186-32-9
381	85186-44-3
381	85200-39-1
381	85409-87-6
381	85409-90-1
381	85410-00-0
381	85410-06-6
381	85480-91-7
381	85536-78-3
381	85614-27-3
381	85614-34-2
381	856761-21-2
381	858351-56-1
381	85896-32-8
381	862670-66-4
381	865-31-6
381	865-37-2
381	871-27-2
381	871-89-6
381	87845-70-3
381	87911-49-7
381	884739-74-6
381	89030-91-1
381	894104-62-2
381	896728-11-3
381	89686-54-4
381	89935-92-2
381	9000-67-3
381	9014-67-9
381	90278-55-0
381	90669-62-8
381	9087-61-0
381	910451-22-8
381	91399-51-8
381	916225-60-0
381	916613-86-0
381	917-65-7
381	92203-02-6
381	92203-03-7
381	92275-85-9
381	92623-57-9
381	92797-42-7
381	929897-91-6
381	929897-93-8
381	929898-03-3
381	93028-24-1
381	93028-31-0
381	93028-42-3
381	93237-81-1
381	932384-12-8
381	93348-67-5
381	937159-87-0
381	93783-76-7
381	93783-77-8
381	93783-78-9
381	93784-30-6
381	93803-82-8
381	93857-03-5
381	93859-33-7
381	93859-35-9
381	93892-71-8
381	93893-30-2
381	93894-03-2
381	93894-06-5
381	93917-92-1
381	93917-93-2
381	93918-06-0
381	93951-49-6
381	93966-36-0
381	93966-77-9
381	939775-38-9
381	93981-58-9
381	94021-05-3
381	94023-59-3
381	94071-11-1
381	94087-10-2
381	94095-34-8
381	94114-42-8
381	94134-40-4
381	94134-85-7
381	94266-19-0
381	94266-29-2
381	94266-30-5
381	94266-37-2
381	94266-38-3
381	94266-39-4
381	94266-40-7
381	94277-05-1
381	94277-56-2
381	94277-65-3
381	94482-38-9
381	95797-38-9
381	95873-52-2
381	96-10-6
381	960375-09-1
381	960377-08-6
381	96278-64-7
381	96379-76-9
381	96492-34-1
381	96774-87-7
381	97-93-8
381	97358-83-3
381	97435-20-6
381	97721-81-8
381	97721-82-9
381	97863-09-7
381	97889-89-9
381	97999-32-1
381	98043-44-8
381	98072-16-3
381	98106-52-6
381	98106-53-7
381	98106-54-8
381	98106-55-9
381	98108-64-6
381	98493-35-7
381	98499-64-0
381	98520-59-3
381	98584-81-7
381	98615-67-9
381	98679-16-4
381	98719-26-7
381	98978-60-0
381	98978-61-1
381	99035-55-9
381	99328-47-9
381	99343-77-8
381	99343-80-3
381	99343-81-4
381	99343-82-5
381	99343-83-6
381	99628-16-7
381	99670-23-2
381	99707-31-0
381	99784-43-7
381	99790-95-1
381	998-00-5
381	99811-92-4
381	99835-04-8
381	P-87-1758
381	P-88-1145
381	RR-00021-5
381	RR-00022-6
381	RR-01361-6
381	RR-02992-5
381	RR-04014-2
381	RR-07288-8
381	RR-12617-0
381	RR-13896-5
381	RR-13961-7
381	RR-143042-8
381	RR-145862-4
381	RR-29433-7
381	RR-33889-6
381	RR-51357-5
381	RR-62229-7
381	RR-96882-1
381	UN1410
381	UN1411
381	UN1438
381	UN1819
381	UN2812
382	100011-37-8
382	10025-91-9
382	10042-99-6
382	10049-22-6
382	100656-54-0
382	100817-46-7
382	10090-54-7
382	10101-91-4
382	101200-57-1
382	101200-58-2
382	101200-60-6
382	101200-61-7
382	101227-27-4
382	101294-99-9
382	101500-43-0
382	101519-68-0
382	101794-79-0
382	102110-39-4
382	102110-40-7
382	102110-44-1
382	102110-60-1
382	102262-17-9
382	10433-06-4
382	104812-37-5
382	106160-94-5
382	106175-35-3
382	106436-67-3
382	1079803-62-5
382	109037-75-4
382	110464-12-5
382	11062-30-9
382	110687-68-8
382	11071-15-1
382	11083-22-0
382	11089-58-0
382	11098-88-7
382	111058-26-5
382	11112-10-0
382	11115-68-7
382	11138-63-9
382	11142-43-1
382	111906-29-7
382	1128070-79-0
382	114760-49-5
382	117011-47-9
382	118574-16-6
382	12001-86-4
382	12014-29-8
382	12014-33-4
382	12018-07-4
382	12018-68-7
382	12019-92-0
382	12020-24-5
382	12022-92-3
382	12022-93-4
382	12024-80-5
382	12029-86-6
382	12031-08-2
382	12032-10-9
382	12032-82-5
382	12032-97-2
382	12034-75-2
382	12035-01-7
382	12035-23-3
382	12035-52-8
382	12035-53-9
382	12036-46-3
382	12037-90-0
382	12038-22-1
382	12038-62-9
382	12038-99-2
382	12039-31-5
382	12039-33-7
382	12039-34-8
382	12039-35-9
382	12039-36-0
382	12039-37-1
382	12039-38-2
382	12039-39-3
382	12039-40-6
382	12039-41-7
382	12039-42-8
382	12044-88-1
382	12050-65-6
382	12050-79-2
382	12050-87-2
382	12052-42-5
382	12052-43-6
382	12053-12-2
382	12054-21-6
382	12054-25-0
382	12055-65-1
382	12056-11-0
382	12057-10-2
382	12057-30-6
382	12057-75-9
382	12058-86-5
382	12064-03-8
382	12064-72-1
382	12066-81-8
382	12066-88-5
382	12067-17-3
382	12067-31-1
382	12067-35-5
382	12067-37-7
382	12067-38-8
382	12110-39-3
382	121239-75-6
382	12142-69-7
382	12157-70-9
382	12160-22-4
382	12166-11-9
382	12166-36-8
382	12166-38-0
382	12166-39-1
382	12182-69-3
382	12186-97-9
382	12187-20-1
382	12187-84-7
382	12196-60-0
382	12208-13-8
382	12210-98-9
382	12227-91-7
382	12255-36-6
382	12266-38-5
382	12274-42-9
382	12281-27-5
382	12286-37-2
382	12294-12-1
382	12299-73-9
382	12314-11-3
382	12323-20-5
382	12323-25-0
382	12323-26-1
382	12323-32-9
382	12325-74-5
382	12325-75-6
382	12333-35-6
382	12333-57-2
382	12339-09-2
382	12339-41-2
382	12339-97-8
382	12340-34-0
382	123402-86-8
382	12345-15-2
382	12359-48-7
382	12361-66-9
382	12372-51-9
382	12412-52-1
382	12423-58-4
382	12431-81-1
382	12434-10-5
382	12437-29-5
382	12440-49-2
382	12440-52-7
382	124740-41-6
382	12503-49-0
382	12504-54-0
382	12504-55-1
382	125054-47-9
382	12507-68-5
382	12510-28-0
382	12515-76-3
382	12535-04-5
382	12550-17-3
382	125662-42-2
382	125662-57-9
382	12594-53-5
382	12597-17-0
382	12627-52-0
382	126506-93-2
382	12655-04-8
382	12655-06-0
382	12656-50-7
382	1266534-73-9
382	12673-86-8
382	126803-19-8
382	127153-81-5
382	127320-89-2
382	12737-02-9
382	127386-54-3
382	12784-26-8
382	12786-74-2
382	12786-81-1
382	12786-82-2
382	128221-48-7
382	129003-31-2
382	1300-14-7
382	13059-67-1
382	1309-64-4
382	1312-41-0
382	1314-60-9
382	1315-04-4
382	1315-05-5
382	1317-86-8
382	1317-98-2
382	1327-33-9
382	1327-50-0
382	132826-46-1
382	133-51-7
382	133152-67-7
382	1332-81-6
382	1333-30-8
382	1333-78-4
382	133915-53-4
382	133915-54-5
382	134164-24-2
382	13433-92-6
382	1344-34-9
382	1345-04-6
382	13510-89-9
382	135929-41-8
382	136472-10-1
382	137002-11-0
382	1370442-66-2
382	137083-27-3
382	13776-84-6
382	137853-10-2
382	138-31-8
382	13816-38-1
382	13890-80-7
382	139301-16-9
382	13968-50-8
382	14090-94-9
382	141067-75-6
382	14119-16-5
382	14129-12-5
382	141651-31-2
382	141733-48-4
382	14176-81-9
382	142164-48-5
382	142164-53-2
382	142164-57-6
382	142300-77-4
382	14234-35-6
382	14265-72-6
382	14331-88-5
382	14374-79-9
382	14391-67-4
382	14391-68-5
382	14459-54-2
382	14459-60-0
382	14486-20-5
382	145076-33-1
382	14683-10-4
382	14693-02-8
382	14700-09-5
382	148709-58-4
382	148709-59-5
382	14913-58-7
382	14914-68-2
382	14939-42-5
382	14972-90-8
382	15120-50-0
382	151227-85-9
382	15123-77-0
382	15273-81-1
382	152761-81-4
382	1538-59-6
382	1538-62-1
382	15432-85-6
382	154396-41-5
382	154718-31-7
382	15489-16-4
382	15513-75-4
382	155916-06-6
382	15593-75-6
382	15600-71-2
382	15755-18-7
382	15755-27-8
382	15756-29-3
382	15756-32-8
382	15756-34-0
382	15756-35-1
382	1586-91-0
382	15874-48-3
382	15874-49-4
382	15874-50-7
382	15874-51-8
382	15874-52-9
382	15890-25-2
382	159120-95-3
382	15991-76-1
382	160125-91-7
382	16450-50-3
382	16455-98-4
382	164578-04-5
382	164846-99-5
382	16823-94-2
382	16871-80-0
382	16893-92-8
382	16894-69-2
382	16925-25-0
382	16941-06-3
382	16949-12-5
382	16950-06-4
382	17220-70-1
382	17620-10-9
382	17856-92-7
382	17857-44-2
382	178989-93-0
382	17901-09-6
382	180795-32-8
382	18380-68-2
382	18424-17-4
382	1843-42-1
382	18770-47-3
382	189154-86-7
382	19033-63-7
382	194549-90-1
382	19638-16-5
382	1986-66-9
382	20328-96-5
382	20346-77-4
382	20720-76-7
382	2098834-39-8
382	212793-41-4
382	21432-78-0
382	21450-52-2
382	2155-73-9
382	2155-74-0
382	2155-75-1
382	2155-81-9
382	2185-78-6
382	219717-42-7
382	22537-51-5
382	22877-95-8
382	23601-23-2
382	23713-48-6
382	2376284-81-8
382	2379331-66-3
382	23854-38-8
382	23940-36-5
382	2400970-89-8
382	240141-93-9
382	24626-20-8
382	24964-91-8
382	25152-52-7
382	25285-72-7
382	25751-57-9
382	25889-81-0
382	26042-64-8
382	26209-91-6
382	2629-47-2
382	26810-97-9
382	26864-36-8
382	27253-22-1
382	27279-76-1
382	27288-44-4
382	28300-74-5
382	28767-59-1
382	289483-12-1
382	28980-47-4
382	28980-48-5
382	28980-49-6
382	29095-38-3
382	29638-69-5
382	29664-84-4
382	29671-18-9
382	29736-75-2
382	305-97-5
382	3064-61-7
382	30718-75-3
382	30927-36-7
382	30952-14-8
382	31219-54-2
382	312308-62-6
382	31589-39-6
382	32465-49-9
382	32516-50-0
382	3264-67-3
382	328-55-2
382	334490-51-6
382	33908-66-6
382	33910-86-0
382	33992-50-6
382	342043-86-1
382	34521-09-0
382	34755-53-8
382	35724-06-2
382	36121-95-6
382	3643-76-3
382	36971-66-1
382	37215-27-3
382	37223-55-5
382	37308-30-8
382	37367-15-0
382	37367-17-2
382	37367-80-9
382	378253-02-2
382	378253-03-3
382	378253-07-7
382	378253-08-8
382	38057-02-2
382	38668-35-8
382	38897-60-8
382	39294-08-1
382	39349-74-1
382	39356-80-4
382	39357-02-3
382	39357-85-2
382	39357-86-3
382	39412-44-7
382	39427-02-6
382	39466-73-4
382	3958-19-8
382	4126-81-2
382	41422-59-7
382	41494-34-2
382	41494-35-3
382	42427-72-5
382	4263-38-1
382	4292-34-6
382	4379-85-5
382	44628-70-8
382	472969-22-5
382	4756-75-6
382	4933-27-1
382	5035-52-9
382	5035-58-5
382	50789-88-3
382	509121-40-8
382	51138-28-4
382	51311-89-8
382	51312-15-3
382	51429-91-5
382	51787-30-5
382	51845-73-9
382	51900-05-1
382	52037-42-0
382	52503-06-7
382	526-50-1
382	52933-74-1
382	52933-75-2
382	53028-50-5
382	53120-23-3
382	53262-48-9
382	535-46-6
382	53856-17-0
382	539-54-8
382	5395-43-7
382	54075-76-2
382	545386-98-9
382	54576-53-3
382	54764-32-8
382	54847-25-5
382	5496-71-9
382	554-76-7
382	55467-74-8
382	55576-04-0
382	55576-05-1
382	5609-80-3
382	57741-04-5
382	57762-28-4
382	57840-38-7
382	57898-46-1
382	57997-56-5
382	58164-88-8
382	5835-64-3
382	58428-34-5
382	58814-38-3
382	59372-48-4
382	594-10-5
382	594-31-0
382	5965-33-3
382	59778-51-7
382	59872-00-3
382	59922-49-5
382	60001-03-8
382	603-36-1
382	61142-81-2
382	61288-66-2
382	61349-45-9
382	61349-47-1
382	61358-23-4
382	61642-33-9
382	6169-12-6
382	617-85-6
382	61869-49-6
382	62010-30-4
382	62010-31-5
382	62339-51-9
382	62712-21-4
382	62851-41-6
382	6295-12-1
382	63172-17-8
382	63439-16-7
382	63513-30-4
382	64011-26-3
382	64011-35-4
382	64011-36-5
382	64013-14-5
382	64024-08-4
382	64046-93-1
382	64070-10-6
382	64070-14-0
382	64093-53-4
382	64296-67-9
382	64417-77-2
382	64475-90-7
382	64553-20-4
382	64604-85-9
382	64885-57-0
382	6533-78-4
382	6535-15-5
382	6543-62-0
382	65722-68-1
382	65997-18-4
382	66103-03-5
382	666263-51-0
382	667463-25-4
382	66922-79-0
382	67251-37-0
382	67251-40-5
382	67296-48-4
382	67711-96-0
382	67711-98-2
382	67711-99-3
382	68083-87-4
382	68186-90-3
382	68187-00-8
382	68187-49-5
382	68187-54-2
382	68189-16-2
382	68332-69-4
382	68411-49-4
382	68412-38-4
382	68784-55-4
382	68784-78-1
382	688013-91-4
382	68921-97-1
382	68933-55-1
382	68937-04-2
382	68937-20-2
382	68951-38-2
382	68953-72-0
382	68954-54-1
382	68956-96-7
382	68957-23-3
382	68989-19-5
382	69011-08-1
382	69011-59-2
382	69011-60-5
382	69012-20-0
382	69012-72-2
382	69029-45-4
382	69029-50-1
382	69029-51-2
382	69029-53-4
382	69029-58-9
382	69029-87-4
382	6923-52-0
382	6939-83-9
382	69459-69-4
382	69545-71-7
382	69600-03-9
382	69892-82-6
382	69991-68-0
382	7010-38-0
382	70225-54-6
382	70247-82-4
382	70495-28-2
382	70514-71-5
382	7065-22-7
382	70969-69-6
382	71119-45-4
382	71119-49-8
382	71215-72-0
382	71449-78-0
382	71463-61-1
382	71566-48-8
382	71786-70-4
382	71850-71-0
382	71850-72-1
382	71850-86-7
382	71850-87-8
382	71850-88-9
382	71949-30-9
382	72017-60-8
382	72121-43-8
382	72166-93-9
382	72479-88-0
382	72926-13-7
382	73063-67-9
382	73071-00-8
382	73892-02-1
382	73912-61-5
382	74038-45-2
382	74365-27-8
382	7440-36-0
382	7446-32-4
382	7578-07-6
382	7647-18-9
382	77114-79-5
382	7783-56-4
382	7783-70-2
382	7789-61-9
382	7790-44-5
382	7791-08-4
382	7791-16-4
382	7803-52-3
382	8007-18-9
382	8007-28-1
382	8012-00-8
382	81776-61-6
382	84195-60-8
382	84238-43-7
382	84314-10-3
382	84776-00-1
382	84777-04-8
382	84929-82-8
382	84949-18-8
382	86221-76-3
382	86831-40-5
382	875817-23-5
382	87709-41-9
382	87856-03-9
382	88966-67-0
382	89452-37-9
382	896-29-7
382	89899-81-0
382	90170-79-9
382	90177-43-8
382	90552-50-4
382	91051-98-8
382	92089-68-4
382	92128-37-5
382	92200-97-0
382	92202-25-0
382	926280-53-7
382	92687-27-9
382	92687-28-0
382	92687-31-5
382	92731-36-7
382	93091-03-3
382	93776-64-8
382	93840-05-2
382	93840-06-3
382	93840-07-4
382	93844-22-5
382	94228-51-0
382	94442-00-9
382	94551-66-3
382	94551-87-8
382	94551-97-0
382	94825-20-4
382	95046-49-4
382	95193-93-4
382	95722-64-8
382	96195-78-7
382	96342-74-4
382	97048-22-1
382	97048-23-2
382	97763-70-7
382	98002-59-6
382	P-93-0606
382	P-94-0464
382	P-95-0677
382	P-95-0724
382	RR-00554-9
382	RR-00585-6
382	RR-00675-7
382	RR-01639-7
382	RR-11146-6
382	RR-145866-8
382	RR-192911-9
382	RR-192912-0
382	RR-24352-7
382	RR-29525-0
382	RR-29526-1
382	RR-31090-7
382	RR-32772-0
382	RR-33682-3
382	RR-41418-6
382	RR-42178-3
382	RR-43729-6
382	RR-45492-2
382	RR-66993-2
382	RR-66994-3
382	RR-66996-5
382	RR-93835-2
382	UN1730
382	UN1731
382	UN1732
382	UN1733
382	UN2871
383	10022-31-8
383	1003049-92-0
383	10031-16-0
383	100348-34-3
383	100403-10-9
383	100403-18-7
383	100444-33-5
383	10048-98-3
383	10048-99-4
383	101012-95-7
383	101062-40-2
383	101356-94-9
383	101356-95-0
383	101356-96-1
383	101356-97-2
383	101356-98-3
383	10142-77-5
383	10196-66-4
383	10196-68-6
383	102029-51-6
383	102110-17-8
383	102110-18-9
383	102110-22-5
383	102110-23-6
383	102110-24-7
383	102110-25-8
383	102110-26-9
383	1028693-40-4
383	10294-38-9
383	10294-39-0
383	10294-40-3
383	103170-25-8
383	103213-24-7
383	103213-39-4
383	103213-43-0
383	10326-26-8
383	10326-27-9
383	103404-58-6
383	103404-65-5
383	10361-37-2
383	10380-31-1
383	104872-94-8
383	104912-88-1
383	104912-91-6
383	104912-99-4
383	104913-05-5
383	104913-13-5
383	10553-31-8
383	10567-69-8
383	1059108-97-2
383	106495-56-1
383	107067-57-2
383	107103-05-9
383	107404-96-6
383	107539-20-8
383	1080453-86-6
383	108825-27-0
383	109037-74-3
383	1103-38-4
383	11078-62-9
383	11078-65-2
383	110832-68-3
383	110832-69-4
383	11092-02-7
383	11116-82-8
383	11129-08-1
383	11138-11-7
383	111907-01-8
383	112155-15-4
383	112354-26-4
383	113672-05-2
383	113672-06-3
383	113672-07-4
383	114901-52-9
383	115216-77-8
383	115218-70-7
383	115233-40-4
383	115233-41-5
383	115866-07-4
383	116107-50-7
383	116284-73-2
383	116678-71-8
383	1183962-04-0
383	119058-98-9
383	1191-79-3
383	119131-62-3
383	119398-14-0
383	119575-13-2
383	119653-14-4
383	119667-37-7
383	1198427-29-0
383	12000-34-9
383	12004-04-5
383	12004-05-6
383	12007-55-5
383	12009-08-4
383	12009-14-2
383	12009-17-5
383	12009-18-6
383	12009-21-1
383	12009-27-7
383	12009-29-9
383	12009-31-3
383	12009-35-7
383	12009-36-8
383	12009-63-1
383	12027-74-6
383	12045-29-3
383	12046-08-1
383	12047-02-8
383	12047-11-9
383	12047-27-7
383	12047-34-6
383	12047-64-2
383	12047-79-9
383	12047-92-6
383	120604-62-8
383	12070-27-8
383	12084-29-6
383	120968-17-4
383	121029-07-0
383	121029-08-1
383	1215857-74-1
383	1217267-31-6
383	12229-36-6
383	12229-51-5
383	12230-71-6
383	12230-80-7
383	12231-18-4
383	12231-50-4
383	12231-51-5
383	12231-53-7
383	12231-98-0
383	12238-27-6
383	12238-29-8
383	12238-76-5
383	122498-13-9
383	12251-19-3
383	12253-23-5
383	12254-04-5
383	12255-50-4
383	12271-70-4
383	1227947-10-5
383	123133-86-8
383	123133-87-9
383	12322-79-1
383	12323-01-2
383	12323-03-4
383	123243-59-4
383	12336-87-7
383	1233976-62-9
383	12345-15-2
383	123517-47-5
383	123550-68-5
383	123550-69-6
383	123550-70-9
383	123550-71-0
383	1235891-53-8
383	1236181-93-3
383	123646-69-5
383	123646-70-8
383	12370-62-6
383	12380-72-2
383	12393-96-3
383	12408-43-4
383	12430-73-8
383	1246286-04-3
383	124697-11-6
383	124751-15-1
383	12507-96-9
383	125270-44-2
383	12537-49-4
383	125687-68-5
383	125693-49-4
383	1258591-85-3
383	12589-46-7
383	1259534-55-8
383	1260244-95-8
383	12642-89-6
383	12650-28-1
383	12655-04-8
383	12656-53-0
383	126660-36-4
383	12676-22-1
383	12688-62-9
383	1269219-25-1
383	1269419-45-5
383	12712-62-8
383	1273005-45-0
383	12737-08-5
383	12737-09-6
383	12751-32-5
383	129212-12-0
383	129212-14-2
383	1297529-82-8
383	1300-37-4
383	1300-92-1
383	1304-13-8
383	1304-17-2
383	1304-28-5
383	1304-29-6
383	1304-37-6
383	1304-39-8
383	1304-40-1
383	13098-41-4
383	13101-62-7
383	131127-24-7
383	131163-78-5
383	131163-79-6
383	1313220-99-3
383	131389-62-3
383	1314087-69-8
383	131576-84-6
383	131914-14-2
383	1325-16-2
383	1325-19-5
383	1325234-06-7
383	13255-26-0
383	132827-00-0
383	132827-01-1
383	132827-08-8
383	1330063-14-3
383	1333071-50-3
383	133314-59-7
383	133314-60-0
383	133314-61-1
383	133314-62-2
383	133314-63-3
383	133314-64-4
383	133314-65-5
383	133314-66-6
383	133314-67-7
383	133314-68-8
383	133314-69-9
383	133314-70-2
383	133314-71-3
383	133314-72-4
383	133314-73-5
383	133314-74-6
383	133314-75-7
383	133314-76-8
383	1337864-79-5
383	13435-46-6
383	1345-05-7
383	1345468-64-5
383	13462-86-7
383	13465-94-6
383	13465-95-7
383	13466-20-1
383	13466-21-2
383	13466-24-5
383	13477-00-4
383	13477-01-5
383	13477-04-8
383	13477-09-3
383	13477-10-6
383	13477-15-1
383	134883-98-0
383	13517-08-3
383	1353332-98-5
383	1353714-39-2
383	1354327-81-3
383	13598-03-3
383	1363176-84-4
383	136629-60-2
383	13701-59-2
383	1370290-17-7
383	1370606-12-4
383	13708-67-3
383	13718-50-8
383	13718-55-3
383	13718-58-6
383	13718-59-7
383	1373494-71-3
383	137486-74-9
383	137511-41-2
383	137575-49-6
383	13762-83-9
383	13770-86-0
383	13821-06-2
383	1383782-37-3
383	13840-10-3
383	13845-17-5
383	13847-18-2
383	13862-62-9
383	1393740-26-5
383	1396124-02-9
383	13966-70-6
383	13967-90-3
383	13981-41-4
383	1415232-60-8
383	1416453-79-6
383	141788-40-1
383	1421460-62-9
383	14263-62-8
383	14288-73-4
383	1429649-57-9
383	1431849-80-7
383	14378-25-7
383	1443982-79-3
383	1448147-00-9
383	14488-59-6
383	1449076-06-5
383	14523-21-8
383	1474044-80-8
383	14798-08-4
383	14832-97-4
383	14832-99-6
383	148520-85-8
383	1486550-62-2
383	14871-56-8
383	14871-79-5
383	14871-82-0
383	14899-38-8
383	14914-75-1
383	149901-23-5
383	150400-00-3
383	15229-36-4
383	152881-15-7
383	15318-52-2
383	15337-60-7
383	15339-40-9
383	153890-20-1
383	15552-14-4
383	15600-53-0
383	15656-86-7
383	15673-79-7
383	15741-25-0
383	15741-29-4
383	15782-04-4
383	15782-06-6
383	15805-42-2
383	15935-90-7
383	160462-52-2
383	160886-25-9
383	1610888-18-0
383	1617523-53-1
383	16508-79-5
383	16678-58-3
383	16833-52-6
383	169797-19-7
383	170717-12-1
383	170831-56-8
383	17125-80-3
383	17187-72-3
383	17194-00-2
383	172305-03-2
383	172305-04-3
383	172343-48-5
383	17329-46-3
383	17594-47-7
383	17814-20-9
383	17852-98-1
383	17989-90-1
383	18810-58-7
383	18837-96-2
383	18879-37-3
383	19856-32-7
383	199876-46-5
383	20236-55-9
383	20313-52-4
383	203796-96-7
383	208713-64-8
383	2090-08-6
383	2092-17-3
383	21028-49-9
383	21109-95-5
383	21598-22-1
383	21669-04-5
383	2202-23-5
383	22322-71-0
383	22326-55-2
383	22457-55-2
383	225239-81-6
383	22535-45-1
383	22541-12-4
383	22561-74-6
383	229640-62-4
383	23410-25-5
383	23436-05-7
383	23541-42-6
383	23588-87-6
383	237755-05-4
383	24325-23-3
383	24363-37-9
383	24378-32-3
383	24530-53-8
383	24557-04-8
383	2457-01-4
383	24871-38-3
383	25070-31-9
383	25105-31-1
383	25165-45-1
383	25417-81-6
383	25619-56-1
383	25737-53-5
383	26124-86-7
383	26264-65-3
383	2636-14-8
383	2636-16-0
383	2636-17-1
383	2636-18-2
383	26603-62-3
383	26655-43-6
383	26763-02-0
383	2678-41-3
383	26946-37-2
383	27133-66-0
383	27184-78-7
383	27195-98-8
383	2794-60-7
383	27959-78-0
383	280572-88-5
383	28575-89-5
383	28675-72-1
383	28987-17-9
383	2914-19-4
383	2914-23-0
383	29152-54-3
383	29202-49-1
383	29879-10-5
383	30259-97-3
383	30848-25-0
383	30910-35-1
383	31142-87-7
383	31278-65-6
383	31416-33-8
383	32458-20-1
383	32694-96-5
383	32915-78-9
383	32915-79-0
383	333390-86-6
383	33429-48-0
383	33660-59-2
383	336879-43-7
383	33878-10-3
383	34079-63-5
383	34296-07-6
383	35112-53-9
383	358369-13-8
383	359427-90-0
383	36211-43-5
383	36596-55-1
383	36885-31-1
383	37131-86-5
383	37185-09-4
383	37228-06-1
383	37265-86-4
383	37305-89-8
383	374783-70-7
383	37672-83-6
383	3781-57-5
383	378253-37-3
383	378253-38-4
383	378253-39-5
383	37982-97-1
383	38952-49-7
383	38952-51-1
383	39278-27-8
383	39326-66-4
383	39416-30-3
383	3955-25-7
383	40226-30-0
383	41157-58-8
383	41157-62-4
383	412932-53-7
383	41407-36-7
383	4198-47-4
383	422550-51-4
383	42579-89-5
383	438568-53-7
383	4696-54-2
383	4696-57-5
383	4722-99-0
383	5015-38-3
383	501680-79-1
383	502165-56-2
383	50326-33-5
383	50864-67-0
383	51198-70-0
383	512-25-4
383	513-77-9
383	515-72-0
383	516-02-9
383	5160-02-1
383	51956-33-3
383	52019-27-9
383	52233-42-8
383	52296-79-4
383	52337-77-6
383	52682-64-1
383	52788-96-2
383	5280-69-3
383	52869-91-7
383	52869-93-9
383	52869-94-0
383	52934-88-0
383	53187-11-4
383	533-00-6
383	53652-94-1
383	53823-70-4
383	53823-72-6
383	53887-44-8
383	541-43-5
383	542-62-1
383	54241-05-3
383	543-80-6
383	54723-39-6
383	54983-00-5
383	54983-89-0
383	55134-50-4
383	55135-58-5
383	55172-98-0
383	55396-27-5
383	554402-75-4
383	55482-31-0
383	55719-88-5
383	56141-33-4
383	562-81-2
383	56900-15-3
383	57158-15-3
383	5850-87-3
383	5858-88-8
383	58823-95-3
383	5908-64-5
383	5908-77-0
383	5908-78-1
383	5908-80-5
383	5908-81-6
383	591-65-1
383	5996-16-7
383	6035-52-5
383	6035-54-7
383	61013-97-6
383	61129-40-6
383	61233-09-8
383	61745-55-9
383	61788-50-9
383	61789-67-1
383	61790-48-5
383	6211-24-1
383	62229-38-3
383	62312-94-1
383	62669-65-2
383	63387-32-6
383	6372-81-2
383	63774-55-0
383	63981-01-1
383	64741-36-2
383	64754-96-7
383	64755-00-6
383	64771-73-9
383	6509-22-4
383	6548-12-5
383	65982-93-6
383	65997-18-4
383	66104-41-4
383	66402-68-4
383	66455-19-4
383	66589-15-9
383	66589-16-0
383	66905-91-7
383	67340-41-4
383	67621-72-1
383	67627-67-2
383	67801-01-8
383	67860-62-2
383	67874-52-6
383	67892-38-0
383	67892-41-5
383	67892-47-1
383	67892-50-6
383	67990-34-5
383	67990-36-7
383	68016-36-4
383	68092-47-7
383	68131-57-7
383	68188-14-7
383	68189-18-4
383	68189-25-3
383	68201-15-0
383	68201-16-1
383	68201-19-4
383	683228-79-7
383	68368-34-3
383	68368-35-4
383	68368-36-5
383	68399-72-4
383	68399-73-5
383	68399-74-6
383	68399-75-7
383	68400-24-8
383	68422-67-3
383	68425-33-2
383	68442-67-1
383	68442-84-2
383	68476-25-5
383	68478-41-1
383	68510-98-5
383	68514-62-5
383	68515-89-9
383	68515-91-3
383	68515-94-6
383	68552-31-8
383	68552-44-3
383	68584-05-4
383	68584-35-0
383	68603-10-1
383	68605-30-1
383	68610-24-2
383	68611-66-5
383	6865-35-6
383	68698-60-2
383	68698-63-5
383	68784-55-4
383	68784-74-7
383	68784-75-8
383	68832-80-4
383	68855-79-8
383	68876-83-5
383	68876-86-8
383	68876-90-4
383	68876-91-5
383	68876-92-6
383	68879-75-4
383	68928-54-1
383	68929-13-5
383	68929-14-6
383	68937-19-9
383	68953-38-8
383	68955-79-3
383	68959-10-4
383	68987-33-7
383	69012-49-3
383	69013-10-1
383	69128-08-1
383	69128-10-5
383	70024-68-9
383	70084-75-2
383	7060-14-2
383	70699-63-7
383	70729-66-7
383	70984-10-0
383	71411-66-0
383	71411-72-8
383	71549-80-9
383	71662-16-3
383	71735-31-4
383	71799-66-1
383	72072-38-9
383	72162-08-4
383	72209-03-1
383	72403-47-5
383	72765-60-7
383	72765-61-8
383	72828-02-5
383	72828-36-5
383	72828-41-2
383	72828-46-7
383	72828-49-0
383	72885-34-8
383	729609-38-5
383	73384-86-8
383	73598-35-3
383	73612-30-3
383	73612-32-5
383	73612-34-7
383	73612-35-8
383	73612-37-0
383	73612-38-1
383	73612-39-2
383	73830-73-6
383	74096-75-6
383	74113-46-5
383	74129-00-3
383	74263-38-0
383	74313-73-8
383	7440-39-3
383	74920-66-4
383	75013-56-8
383	75032-78-9
383	75033-30-6
383	75095-11-3
383	7530-87-2
383	75522-74-6
383	75535-28-3
383	7585-41-3
383	76613-71-3
383	7727-43-7
383	7787-32-8
383	7787-33-9
383	7787-34-0
383	7787-35-1
383	7787-36-2
383	7787-37-3
383	7787-38-4
383	7787-39-5
383	7787-41-9
383	7787-42-0
383	7787-45-3
383	7791-28-8
383	78330-15-1
383	8011-62-9
383	8038-35-5
383	8046-59-1
383	8054-35-1
383	8077-30-3
383	80822-79-3
383	81064-51-9
383	81856-06-6
383	81986-84-7
383	82469-76-9
383	83399-82-0
383	83581-80-0
383	83588-55-0
383	83711-36-8
383	83711-37-9
383	83711-38-0
383	83784-02-5
383	83804-18-6
383	84029-82-3
383	84030-33-1
383	84030-37-5
383	84030-38-6
383	84030-39-7
383	84040-38-0
383	84066-73-9
383	84066-74-0
383	84066-75-1
383	84315-73-1
383	84370-80-9
383	84581-19-1
383	84604-76-2
383	84605-21-0
383	84625-52-5
383	84681-75-4
383	84681-80-1
383	84681-81-2
383	84682-41-7
383	84696-57-1
383	84713-18-8
383	84843-17-4
383	84878-35-3
383	84929-85-1
383	85005-78-3
383	85005-81-8
383	85005-86-3
383	85005-87-4
383	85017-88-5
383	85049-40-7
383	85117-00-6
383	85117-59-5
383	85186-32-9
383	85186-44-3
383	852178-29-1
383	85391-55-5
383	855843-82-2
383	85586-14-7
383	856293-38-4
383	85665-49-2
383	85702-49-4
383	85702-73-4
383	85711-82-6
383	85721-16-0
383	85721-17-1
383	859505-07-0
383	85959-43-9
383	85959-44-0
383	892125-11-0
383	9019-41-4
383	90194-48-2
383	90219-01-5
383	90507-06-5
383	90669-53-7
383	90669-55-9
383	91002-05-0
383	91002-06-1
383	91002-07-2
383	91051-36-4
383	91648-03-2
383	91696-67-2
383	91696-72-9
383	91697-34-6
383	91722-00-8
383	91783-02-7
383	91844-56-3
383	91844-57-4
383	92044-82-1
383	92044-97-8
383	92045-02-8
383	92200-78-7
383	923-14-8
383	928048-64-0
383	93028-28-5
383	93028-52-5
383	93165-93-6
383	932697-96-6
383	93384-78-2
383	93686-39-6
383	93762-40-4
383	93763-14-5
383	93763-61-2
383	93778-54-2
383	93803-91-9
383	93820-55-4
383	93820-56-5
383	93820-61-2
383	93820-62-3
383	93840-72-3
383	93843-12-0
383	93858-65-2
383	93904-98-4
383	93922-04-4
383	93925-26-9
383	93942-60-0
383	93965-23-2
383	93965-28-7
383	93965-35-6
383	94006-29-8
383	94030-87-2
383	94109-21-4
383	942045-70-7
383	94276-85-4
383	94313-94-7
383	94481-49-9
383	94552-01-9
383	94891-40-4
383	95008-97-2
383	95009-10-2
383	950582-72-6
383	95465-85-3
383	95905-86-5
383	96041-58-6
383	97158-14-0
383	97158-16-2
383	97158-26-4
383	97280-67-6
383	97358-83-3
383	97358-84-4
383	97403-84-4
383	97435-20-6
383	97435-22-8
383	97468-35-4
383	97488-85-2
383	97560-32-2
383	97675-23-5
383	97675-41-7
383	97862-22-1
383	98072-16-3
383	98072-62-9
383	98072-63-0
383	98219-71-7
383	98246-90-3
383	98493-34-6
383	98493-36-8
383	98978-64-4
383	99035-55-9
383	99328-50-4
383	99328-54-8
383	99548-93-3
383	99587-10-7
383	99784-43-7
383	P-02-0999
383	P-82-0246
383	P-83-0837
383	P-83-1307
383	P-87-0765
383	P-88-1050
383	P-89-0772
383	P-98-0298
383	P-98-0453
383	RR-00049-7
383	RR-00161-6
383	RR-00555-0
383	RR-04796-1
383	RR-142272-6
383	RR-24191-8
383	RR-24294-4
383	RR-24298-8
383	RR-24424-6
383	RR-24582-9
383	RR-30371-9
383	RR-30402-9
383	RR-31149-9
383	RR-31813-8
383	RR-31950-6
383	RR-31951-7
383	RR-31954-0
383	RR-32700-4
383	RR-40755-6
383	RR-40972-3
383	RR-40973-4
383	RR-41419-7
383	RR-42813-7
383	UN1400
383	UN1445
383	UN1446
383	UN1449
383	UN1564
383	UN1884
383	UN3405
384	100-89-0
384	1000068-23-4
384	1001907-57-8
384	1003298-84-7
384	1003845-06-4
384	1003845-08-6
384	10043-11-5
384	10043-35-3
384	10049-36-2
384	100622-34-2
384	100629-17-2
384	100696-37-5
384	1008106-86-2
384	100858-40-0
384	1008796-82-4
384	100960-11-0
384	100991-78-4
384	101-36-0
384	1010068-85-5
384	1012084-56-8
384	101251-09-6
384	101359-30-2
384	10164-64-4
384	10167-67-6
384	101830-33-5
384	10192-46-8
384	102-24-9
384	102-98-7
384	1020537-36-3
384	10214-39-8
384	10220-75-4
384	1024017-53-5
384	1025719-23-6
384	1026991-29-6
384	10290-09-2
384	1029089-63-1
384	10294-33-4
384	10294-34-5
384	102967-73-7
384	10325-39-0
384	1032758-80-7
384	1032759-30-0
384	103287-47-4
384	10332-33-9
384	1033592-49-2
384	103443-42-1
384	103443-43-2
384	103458-51-1
384	103458-52-2
384	103458-53-3
384	103479-10-3
384	1034924-06-5
384	103530-80-9
384	103570-41-8
384	10361-94-1
384	10365-98-7
384	103749-26-4
384	10377-81-8
384	10380-06-0
384	10388-28-0
384	103986-53-4
384	103989-84-0
384	104114-70-7
384	104116-17-8
384	104376-24-1
384	104716-22-5
384	10486-00-7
384	10504-60-6
384	105224-90-6
384	10535-03-2
384	10555-76-7
384	105560-52-9
384	106008-93-9
384	106008-94-0
384	106210-01-9
384	106210-02-0
384	106356-53-0
384	1065010-88-9
384	106951-44-4
384	107065-10-1
384	107099-99-0
384	107264-09-5
384	1072943-15-7
384	1072944-18-3
384	1072951-89-3
384	1072952-25-0
384	1073354-70-7
384	1073354-74-1
384	1073355-14-2
384	1073371-99-9
384	107500-09-4
384	107500-10-7
384	107763-05-3
384	107763-06-4
384	107827-91-8
384	107929-40-8
384	108847-20-7
384	108847-76-3
384	108915-51-1
384	10894-33-4
384	109-63-7
384	109299-78-7
384	109339-49-3
384	1093407-58-9
384	1095-03-0
384	109704-87-2
384	109704-88-3
384	110-51-0
384	1104011-35-9
384	1104637-40-2
384	110602-07-8
384	110603-36-6
384	110622-74-7
384	110659-93-3
384	110686-90-3
384	110687-04-2
384	110687-06-4
384	110687-07-5
384	11070-95-4
384	11070-96-5
384	11071-48-0
384	11081-84-8
384	110831-31-7
384	11092-86-7
384	11097-89-5
384	11099-25-5
384	11113-50-1
384	11121-16-7
384	11128-29-3
384	1113-78-6
384	1115251-57-4
384	1116-39-8
384	1116-61-6
384	111821-49-9
384	112155-41-6
384	112155-42-7
384	112155-43-8
384	112155-44-9
384	112155-45-0
384	112204-57-6
384	112592-62-8
384	112653-88-0
384	112653-89-1
384	112653-90-4
384	112874-88-1
384	112909-91-8
384	113114-04-8
384	1132709-14-8
384	1132709-15-9
384	1132709-16-0
384	1135-51-9
384	113787-07-8
384	113787-08-9
384	113893-08-6
384	1142363-56-1
384	114367-12-3
384	114803-11-1
384	114901-42-7
384	114901-43-8
384	114965-83-2
384	114965-84-3
384	1150114-77-4
384	1150114-80-9
384	115377-94-1
384	115390-29-9
384	1155911-88-8
384	116049-38-8
384	1160561-31-8
384	1161937-32-1
384	116285-03-1
384	116285-04-2
384	116348-63-1
384	116378-40-6
384	116590-53-5
384	1165936-00-4
384	1167418-13-4
384	1168135-03-2
384	116999-16-7
384	117098-93-8
384	117167-50-7
384	117315-62-5
384	117315-63-6
384	117522-01-7
384	117522-03-9
384	118062-05-8
384	1184850-50-7
384	118574-17-7
384	118601-90-4
384	118612-00-3
384	118648-53-6
384	118786-96-2
384	118956-66-4
384	119192-22-2
384	1195-66-0
384	1195511-56-8
384	1195511-66-0
384	1195995-72-2
384	119618-67-6
384	119634-42-3
384	119719-34-5
384	119719-35-6
384	119719-36-7
384	119719-37-8
384	119720-10-4
384	119855-17-3
384	12001-68-2
384	12005-69-5
384	12005-70-8
384	12006-77-8
384	12006-78-9
384	12006-79-0
384	12006-80-3
384	12006-84-7
384	12006-85-8
384	12006-86-9
384	12006-98-3
384	12006-99-4
384	12007-00-0
384	12007-01-1
384	12007-02-2
384	12007-07-7
384	12007-08-8
384	12007-09-9
384	12007-10-2
384	12007-16-8
384	12007-18-0
384	12007-23-7
384	12007-24-8
384	12007-25-9
384	12007-27-1
384	12007-28-2
384	12007-29-3
384	12007-33-9
384	12007-34-0
384	12007-35-1
384	12007-36-2
384	12007-37-3
384	12007-38-4
384	12007-40-8
384	12007-41-9
384	12007-42-0
384	12007-56-6
384	12007-57-7
384	12007-58-8
384	12007-60-2
384	12007-62-4
384	12007-66-8
384	12007-67-9
384	12007-73-7
384	12007-81-7
384	12007-83-9
384	12007-84-0
384	12007-88-4
384	12007-89-5
384	12007-91-9
384	12007-92-0
384	12007-97-5
384	12007-98-6
384	12007-99-7
384	12008-02-5
384	12008-04-7
384	12008-05-8
384	12008-06-9
384	12008-21-8
384	12008-23-0
384	12008-25-2
384	12008-27-4
384	12008-29-6
384	12008-30-9
384	12008-31-0
384	12008-32-1
384	12008-33-2
384	12008-40-1
384	12008-41-2
384	12008-61-6
384	12008-75-2
384	12008-78-5
384	12008-82-1
384	12011-54-0
384	120114-03-6
384	120149-44-2
384	120153-08-4
384	1203809-92-0
384	12040-58-3
384	12040-72-1
384	12041-50-8
384	12041-54-2
384	12045-15-7
384	12045-16-8
384	12045-19-1
384	12045-23-7
384	12045-25-9
384	12045-27-1
384	12045-28-2
384	12045-40-8
384	12045-56-6
384	12045-58-8
384	12045-60-2
384	12045-63-5
384	12045-64-6
384	12045-67-9
384	12045-71-5
384	12045-77-1
384	12045-78-2
384	12045-88-4
384	12045-93-1
384	12045-94-2
384	12046-04-7
384	12046-08-1
384	12046-33-2
384	12046-36-5
384	12046-37-6
384	12046-54-7
384	12046-55-8
384	12046-71-8
384	12046-75-2
384	12046-89-8
384	12046-91-2
384	1206641-26-0
384	12069-32-8
384	12070-78-9
384	12075-36-4
384	12075-73-9
384	120806-21-5
384	120806-22-6
384	120806-23-7
384	121-43-7
384	121021-24-7
384	12107-76-5
384	121124-97-8
384	12113-07-4
384	12115-61-6
384	121219-12-3
384	121219-16-7
384	12152-94-2
384	121554-18-5
384	12170-19-3
384	1217267-31-6
384	12179-04-3
384	12179-62-3
384	121833-97-4
384	121833-98-5
384	122-56-5
384	12228-39-6
384	12228-40-9
384	12228-45-4
384	12228-50-1
384	12228-69-2
384	12228-87-4
384	12228-91-0
384	12229-02-6
384	12229-03-7
384	12229-13-9
384	12229-63-9
384	12230-30-7
384	12230-32-9
384	122326-45-8
384	122326-46-9
384	122574-96-3
384	12258-53-6
384	12260-22-9
384	12263-77-3
384	12265-21-3
384	12267-73-1
384	12271-95-3
384	12271-96-4
384	12271-98-6
384	122775-35-3
384	1227947-10-5
384	12280-03-4
384	1228691-72-2
384	12291-65-5
384	122996-62-7
384	12305-68-9
384	12305-71-4
384	123051-21-8
384	123088-59-5
384	12310-43-9
384	12310-44-0
384	12310-47-3
384	12313-74-5
384	12316-49-3
384	12322-79-1
384	12330-68-6
384	123334-27-0
384	12344-76-2
384	12346-97-3
384	12351-99-4
384	1236181-93-3
384	123627-59-8
384	123627-60-1
384	123627-61-2
384	123627-62-3
384	123627-63-4
384	12386-10-6
384	12409-02-8
384	12409-08-4
384	124205-69-2
384	12421-53-3
384	12421-54-4
384	12429-66-2
384	12429-94-6
384	124304-90-1
384	124304-91-2
384	124304-92-3
384	124304-95-6
384	124423-20-7
384	12447-59-5
384	12448-25-8
384	1246355-63-4
384	124697-00-3
384	124747-65-5
384	124756-59-8
384	125025-86-7
384	12505-77-0
384	12513-18-7
384	12524-03-7
384	12536-51-5
384	12536-52-6
384	12537-86-9
384	12539-98-9
384	125391-69-7
384	12540-04-4
384	125431-77-8
384	125441-92-1
384	12550-98-0
384	125552-50-3
384	1256355-23-3
384	1256355-32-4
384	125700-67-6
384	1257554-93-0
384	12589-11-6
384	12589-37-6
384	1259534-55-8
384	12602-45-8
384	12619-68-0
384	12619-90-8
384	12626-91-4
384	12627-39-3
384	12631-71-9
384	126345-68-4
384	12640-42-5
384	12653-55-3
384	12653-88-2
384	126604-56-6
384	126604-75-9
384	126604-76-0
384	126726-62-3
384	12673-91-5
384	12673-92-6
384	126747-14-6
384	126757-08-2
384	12676-28-7
384	12676-29-8
384	12688-52-7
384	12703-76-3
384	127241-61-6
384	12741-10-5
384	12767-90-7
384	12777-46-7
384	12785-49-8
384	12788-79-3
384	12795-04-9
384	127972-02-5
384	1282-37-7
384	128312-11-8
384	128376-64-7
384	128388-54-5
384	128733-85-7
384	128767-51-1
384	128796-39-4
384	129235-97-8
384	129271-98-3
384	129306-33-8
384	129672-77-1
384	130005-28-6
384	130125-94-9
384	130125-95-0
384	130125-96-1
384	130144-46-6
384	1303-86-2
384	1303-92-0
384	1303-94-2
384	1303-96-4
384	130459-08-4
384	13061-96-6
384	13072-44-1
384	131112-05-5
384	131344-48-4
384	131347-01-8
384	1314087-69-8
384	1314216-34-6
384	131534-65-1
384	131549-38-7
384	1318-33-8
384	1318-40-7
384	1319-33-1
384	13195-76-1
384	13205-44-2
384	132238-44-9
384	13276-04-5
384	13283-31-3
384	13292-87-0
384	1330-43-4
384	1330063-14-3
384	13308-51-5
384	13317-64-1
384	13319-75-0
384	1332-77-0
384	1333-73-9
384	13331-23-2
384	13331-27-6
384	133730-34-4
384	134030-71-0
384	134150-01-9
384	134398-22-4
384	13453-69-5
384	13460-50-9
384	13460-51-0
384	13465-88-8
384	134896-34-7
384	13510-31-1
384	135145-90-3
384	135156-10-4
384	13517-10-7
384	13517-20-9
384	135403-53-1
384	135495-66-8
384	135518-85-3
384	135884-31-0
384	135890-30-1
384	135929-44-1
384	135954-05-1
384	136040-19-2
384	1361021-23-9
384	1361021-37-5
384	136466-94-9
384	136496-72-5
384	13669-76-6
384	136770-24-6
384	136770-25-7
384	136770-26-8
384	137002-26-7
384	13701-59-2
384	13701-60-5
384	13701-61-6
384	13701-64-9
384	13701-66-1
384	13701-68-3
384	13703-82-7
384	13703-84-9
384	13703-85-0
384	13703-86-1
384	13703-96-3
384	13703-99-6
384	13709-66-5
384	13709-86-9
384	13709-93-8
384	13709-94-9
384	13709-95-0
384	137297-49-5
384	1373494-71-3
384	13755-29-8
384	13762-51-1
384	13766-28-4
384	13767-68-5
384	13768-60-0
384	13768-64-4
384	13769-41-0
384	13770-24-6
384	13774-56-6
384	13780-71-7
384	138072-88-5
384	13813-78-0
384	13813-79-1
384	13814-93-2
384	13814-96-5
384	13814-98-7
384	13826-27-2
384	13826-83-0
384	13826-86-3
384	13826-88-5
384	138265-88-0
384	1383782-37-3
384	1383793-75-6
384	13840-55-6
384	13840-56-7
384	13840-88-5
384	138642-62-3
384	13876-97-6
384	13876-98-7
384	13877-16-2
384	13877-20-8
384	138900-55-7
384	13922-41-3
384	139354-75-9
384	13965-73-6
384	139911-27-6
384	1402929-36-5
384	14034-78-7
384	14044-65-6
384	14047-29-1
384	14060-30-1
384	14066-12-7
384	14066-13-8
384	14066-17-2
384	140681-55-6
384	140681-69-2
384	14075-53-7
384	14089-96-4
384	14090-22-3
384	14104-20-2
384	14104-97-3
384	141091-37-4
384	141785-76-4
384	141981-64-8
384	142172-51-8
384	1423-26-3
384	1423-27-4
384	14283-07-9
384	143-66-8
384	14312-40-4
384	14355-30-7
384	143651-26-7
384	144104-59-6
384	144188-76-1
384	1443531-60-9
384	1443765-60-3
384	144432-85-9
384	14452-61-0
384	14480-05-8
384	14485-20-2
384	14486-19-2
384	14486-20-5
384	1448671-27-9
384	144919-64-2
384	145240-28-4
384	145413-17-8
384	145459-43-4
384	14568-16-2
384	1458684-27-9
384	145965-14-6
384	146140-95-6
384	14635-75-7
384	14643-62-0
384	146449-90-3
384	14660-17-4
384	146631-00-7
384	14680-77-4
384	146862-02-4
384	14697-50-8
384	14708-11-3
384	14708-13-5
384	14708-14-6
384	147102-03-2
384	1471314-23-4
384	14720-53-7
384	14720-55-9
384	1472633-72-9
384	14750-98-2
384	147621-18-9
384	1481-38-5
384	148493-34-9
384	148546-82-1
384	14874-70-5
384	148839-33-2
384	148861-07-8
384	14890-53-0
384	149-13-3
384	14900-39-1
384	149104-88-1
384	149104-90-5
384	149105-19-1
384	149507-26-6
384	149557-18-6
384	149682-75-7
384	14983-42-7
384	150-46-9
384	15016-42-9
384	15016-43-0
384	150255-96-2
384	150691-04-6
384	151169-67-4
384	151169-74-3
384	151169-75-4
384	15120-21-5
384	15124-13-7
384	1516-55-8
384	1520030-54-9
384	15246-28-3
384	15277-97-1
384	15283-48-4
384	15283-51-9
384	15293-77-3
384	153035-56-4
384	153122-60-2
384	153254-09-2
384	153624-38-5
384	153624-44-3
384	153624-46-5
384	15387-98-1
384	154230-29-2
384	155123-44-7
384	15522-59-5
384	15525-13-0
384	15525-15-2
384	15582-80-6
384	15648-16-5
384	156545-07-2
384	156635-87-9
384	156641-98-4
384	156682-54-1
384	156684-91-2
384	15675-97-5
384	15681-89-7
384	15688-21-8
384	15689-07-3
384	157410-23-6
384	157834-21-4
384	1582-24-7
384	15875-25-9
384	159020-59-4
384	159119-10-5
384	15915-03-4
384	159191-56-7
384	15935-90-7
384	159565-88-5
384	160032-40-6
384	16045-88-8
384	160591-91-3
384	16152-51-5
384	161950-10-3
384	162101-25-9
384	162101-31-7
384	1624850-63-0
384	162607-15-0
384	162607-18-3
384	162607-20-7
384	162662-27-3
384	1630-79-1
384	163105-89-3
384	163105-90-6
384	16339-28-9
384	16343-08-1
384	163517-56-4
384	163517-62-2
384	163701-88-0
384	164014-95-3
384	164220-57-9
384	16430-93-6
384	164461-18-1
384	165059-42-7
384	165390-92-1
384	166316-48-9
384	166328-16-1
384	16664-33-8
384	1679-18-1
384	168267-41-2
384	168267-99-0
384	16859-20-4
384	168618-42-6
384	16872-09-6
384	16883-45-7
384	16903-52-9
384	16903-61-0
384	1692-15-5
384	1692-25-7
384	1693-71-6
384	16940-17-3
384	16940-66-2
384	16949-15-8
384	16971-82-7
384	16986-24-6
384	17083-85-1
384	17097-11-9
384	170981-26-7
384	171364-80-0
384	171364-83-3
384	171915-81-4
384	1722-26-5
384	172975-69-8
384	1730-69-4
384	17313-85-8
384	17372-42-8
384	1739-52-2
384	1739-53-3
384	174669-73-9
384	174778-59-7
384	174778-60-0
384	175883-60-0
384	175883-62-2
384	175883-63-3
384	17631-41-3
384	1765-93-1
384	176976-42-4
384	17702-41-9
384	17745-45-8
384	177490-82-3
384	1776-66-5
384	17768-83-1
384	178439-26-4
384	17865-11-1
384	178752-79-9
384	17933-03-8
384	17979-81-6
384	179897-94-0
384	179899-07-1
384	1803-36-7
384	180516-87-4
384	18099-45-1
384	181120-10-5
384	181219-01-2
384	181259-35-8
384	1813-60-1
384	182163-96-8
384	182344-16-7
384	182344-18-9
384	182344-23-6
384	18283-88-0
384	18283-93-7
384	1830-95-1
384	183158-34-1
384	1838-13-7
384	183960-95-4
384	1840-60-4
384	18433-84-6
384	1863118-29-9
384	18909-68-7
384	190788-59-1
384	19088-11-0
384	190903-71-0
384	1911-95-1
384	191162-39-7
384	191162-40-0
384	19142-30-4
384	192182-54-0
384	192182-56-2
384	19287-45-7
384	19324-14-2
384	19399-03-2
384	19465-30-6
384	19536-84-6
384	19585-43-4
384	196083-18-8
384	196212-27-8
384	19624-22-7
384	197223-36-2
384	1993-03-9
384	201733-56-4
384	201802-67-7
384	20205-91-8
384	2023-36-1
384	20236-81-1
384	20346-99-0
384	203927-98-4
384	204841-19-0
384	2049-55-0
384	205393-22-2
384	20542-97-6
384	20620-87-5
384	20654-88-0
384	206551-43-1
384	206658-89-1
384	20740-05-0
384	207803-51-8
384	20786-60-1
384	208399-66-0
384	2087499-33-8
384	20905-32-2
384	20905-35-5
384	2095-58-1
384	21097-80-3
384	21105-05-5
384	2118-02-7
384	212271-71-1
384	212386-71-5
384	212837-49-5
384	213211-69-9
384	213318-44-6
384	21368-35-4
384	214210-21-6
384	214360-45-9
384	214360-46-0
384	214360-51-7
384	214360-59-5
384	2145-24-6
384	214907-24-1
384	215527-70-1
384	21555-99-7
384	2156-04-9
384	21581-60-2
384	215951-86-3
384	216019-28-2
384	216485-86-8
384	2167-26-2
384	2169-38-2
384	216987-54-1
384	2177237-24-8
384	21797-13-7
384	219489-09-5
384	219735-99-6
384	219834-95-4
384	220465-43-0
384	22086-53-9
384	221006-70-8
384	221037-98-5
384	221290-14-8
384	22232-01-5
384	22237-12-3
384	22237-13-4
384	22238-17-1
384	22238-19-3
384	22276-63-7
384	22293-00-1
384	223463-14-7
384	22379-77-7
384	22450-97-1
384	22450-98-2
384	22454-04-2
384	2248-34-2
384	2253722-08-4
384	22560-16-3
384	22560-21-0
384	22637-20-3
384	226396-31-2
384	226396-32-3
384	22694-75-3
384	227305-69-3
384	228731-13-3
384	230299-21-5
384	230299-46-4
384	23112-96-1
384	23162-15-4
384	23361-55-9
384	23361-56-0
384	2340-23-0
384	23507-71-3
384	23532-74-3
384	2355-56-8
384	2357-51-9
384	236389-21-2
384	2367-19-3
384	237429-33-3
384	23777-80-2
384	2396648-06-7
384	24067-17-2
384	24151-54-0
384	2430-46-8
384	24388-23-6
384	244193-52-0
384	244205-40-1
384	244761-29-3
384	24564-52-1
384	245735-90-4
384	246023-54-1
384	2467-12-1
384	2467-13-2
384	2467-15-4
384	2467-16-5
384	2467-18-7
384	247564-72-3
384	2479-64-3
384	248270-25-9
384	24833-44-1
384	248924-59-6
384	25015-63-8
384	250578-38-2
384	250734-47-5
384	25156-16-5
384	25395-32-8
384	25487-66-5
384	2559-35-5
384	258865-48-4
384	25895-60-7
384	25966-12-5
384	26038-87-9
384	26038-90-4
384	26076-46-0
384	26156-84-3
384	26248-41-9
384	26401-30-9
384	2641-68-1
384	264615-47-6
384	26490-63-1
384	26522-24-7
384	26545-48-2
384	2665-11-4
384	2665-12-5
384	2665-13-6
384	26851-55-8
384	269409-73-6
384	269410-00-6
384	269410-08-4
384	269410-22-2
384	27081-10-3
384	27329-70-0
384	27399-92-4
384	274-07-7
384	27413-92-9
384	27519-39-7
384	27522-09-4
384	27735-90-6
384	27765-48-6
384	27860-83-9
384	279261-81-3
384	279262-11-2
384	2797-28-6
384	280-64-8
384	2802-68-8
384	283-56-7
384	28611-39-4
384	286961-14-6
384	287944-16-5
384	28879-19-8
384	2890-88-2
384	28912-93-8
384	290331-71-4
384	2907-13-3
384	2907-20-2
384	29089-62-1
384	29158-97-2
384	2926-55-8
384	2929-85-3
384	293302-63-3
384	29407-88-3
384	29668-15-3
384	2991267-35-5
384	29957-59-3
384	30031-44-8
384	302348-51-2
384	30374-53-9
384	30411-66-6
384	30418-59-8
384	304858-67-1
384	3053-68-7
384	305448-92-4
384	305832-67-1
384	30684-36-7
384	30698-98-7
384	30744-82-2
384	308062-97-7
384	308103-40-4
384	30844-74-7
384	3088-79-7
384	30989-05-0
384	30989-06-1
384	30989-07-2
384	31012-04-1
384	3108-15-4
384	31224-71-2
384	31240-52-5
384	313545-20-9
384	313545-41-4
384	313545-72-1
384	313546-16-6
384	315220-11-2
384	31649-91-9
384	31783-54-7
384	32153-96-1
384	32316-92-0
384	32327-52-9
384	3244-41-5
384	32446-62-1
384	325-51-9
384	325142-87-8
384	32554-52-2
384	32554-53-3
384	3262-89-3
384	32760-75-1
384	32841-83-1
384	32867-90-6
384	328956-60-1
384	328956-61-2
384	329214-79-1
384	330793-01-6
384	332079-07-9
384	332154-57-1
384	333432-28-3
384	33462-81-6
384	33725-74-5
384	338-38-5
384	338454-14-1
384	338949-42-1
384	33991-41-2
384	34010-85-0
384	34099-73-5
384	341-02-6
384	3410-35-3
384	34420-17-2
384	345269-15-0
384	34574-27-1
384	346-80-5
384	347-46-6
384	34762-89-5
384	34762-90-8
384	34776-99-3
384	348098-29-3
384	3488-87-7
384	350-67-4
384	350-70-9
384	351019-18-6
384	35138-22-8
384	351422-73-6
384	351457-64-2
384	352303-67-4
384	352525-91-8
384	352525-94-1
384	352525-98-5
384	352530-23-5
384	352530-24-6
384	352534-80-6
384	352534-82-8
384	352534-84-0
384	352534-85-1
384	352535-96-7
384	353-42-4
384	353-43-5
384	35498-15-8
384	355004-67-0
384	35585-58-1
384	36140-17-7
384	36140-19-9
384	361543-99-9
384	362045-65-6
384	36254-91-8
384	36314-25-7
384	363166-79-4
384	36422-95-4
384	364794-79-6
384	36490-77-4
384	365-33-3
384	36530-06-0
384	36576-70-2
384	36595-00-3
384	367-46-4
384	368-39-8
384	368-40-1
384	36936-37-5
384	371766-08-4
384	37190-23-1
384	372-44-1
384	372-56-5
384	372-84-9
384	372-85-0
384	37228-07-2
384	372521-91-0
384	37269-74-2
384	372963-49-0
384	372963-50-3
384	373-56-8
384	373-57-9
384	373-61-5
384	373384-14-6
384	37341-47-2
384	37342-53-3
384	37367-77-4
384	374538-01-9
384	374538-03-1
384	374790-99-5
384	37490-33-8
384	376584-63-3
384	3776-04-3
384	380151-85-9
384	380427-38-3
384	380430-49-9
384	380430-53-5
384	380430-56-8
384	380430-59-1
384	380430-60-4
384	380430-65-9
384	380430-67-1
384	380430-68-2
384	38050-71-4
384	381248-04-0
384	38233-75-9
384	38313-81-4
384	385370-80-9
384	387-41-7
384	38721-52-7
384	389621-80-1
384	389621-81-2
384	3900-89-8
384	391894-93-2
384	39377-46-3
384	39383-00-1
384	39383-96-5
384	39434-94-1
384	396131-82-1
384	398-69-6
384	3999-38-0
384	3999-42-6
384	40001-25-0
384	400607-47-8
384	400607-48-9
384	40105-04-2
384	40218-49-3
384	40589-08-0
384	406463-06-7
384	406482-19-7
384	406482-20-0
384	4084-36-0
384	4084-48-4
384	408492-28-4
384	40972-86-9
384	411235-57-9
384	4151-80-8
384	41593-56-0
384	41654-51-7
384	41655-17-8
384	41685-84-1
384	41749-18-2
384	419536-33-7
384	420-37-1
384	42278-67-1
384	4254-95-9
384	42598-88-9
384	426-79-9
384	42727-95-7
384	42801-85-4
384	429-06-1
384	429-42-5
384	43064-96-6
384	4325-85-3
384	4334-87-6
384	4334-88-7
384	4347-33-5
384	4358-26-3
384	436-59-9
384	437-13-8
384	4375-83-1
384	4406-77-3
384	4426-47-5
384	442850-89-7
384	4433-63-0
384	443783-82-2
384	4441-56-9
384	444120-91-6
384	444120-94-9
384	444666-39-1
384	446-55-9
384	446299-81-6
384	448-61-3
384	45172-87-0
384	452080-64-7
384	452080-67-0
384	452972-09-7
384	452972-11-1
384	452972-13-3
384	452972-15-5
384	454482-11-2
384	455-90-3
384	456-27-9
384	456-39-3
384	458532-84-8
384	458532-86-0
384	458532-90-6
384	458532-96-2
384	459-44-9
384	459-64-3
384	459856-12-3
384	461-44-9
384	4611-62-5
384	4612-26-4
384	4612-28-6
384	462-05-5
384	462-19-1
384	462-33-9
384	4627-10-5
384	4688-74-8
384	4688-76-0
384	474535-27-8
384	47689-51-0
384	480424-54-2
384	480424-63-3
384	480424-68-8
384	480424-69-9
384	480424-86-0
384	480424-93-9
384	480424-98-4
384	480425-35-2
384	480996-05-2
384	48150-45-4
384	481681-02-1
384	4856-95-5
384	486422-59-7
384	486422-68-8
384	496786-98-2
384	497147-93-0
384	4979-72-0
384	503309-11-3
384	505-07-7
384	505083-04-5
384	50543-78-7
384	5059-80-3
384	51067-38-0
384	511295-01-5
384	51136-86-8
384	5122-94-1
384	5122-95-2
384	51222-60-7
384	51311-04-7
384	51323-43-4
384	514820-48-5
384	51851-79-7
384	52018-21-0
384	52018-28-7
384	52019-27-9
384	52233-42-8
384	52296-79-4
384	52329-27-8
384	524-95-8
384	52623-84-4
384	52933-45-6
384	53091-46-6
384	5314-83-0
384	53239-04-6
384	5337-36-0
384	5337-60-0
384	53370-45-9
384	53587-44-3
384	53934-41-1
384	53992-90-8
384	53992-91-9
384	540-75-0
384	5419-55-6
384	54388-43-1
384	54427-07-5
384	5456-05-3
384	5456-06-4
384	54575-49-4
384	54630-47-6
384	54649-97-7
384	5467-74-3
384	54761-91-0
384	54824-38-3
384	54854-14-7
384	55089-03-7
384	5523-19-3
384	552846-17-0
384	55499-43-9
384	55499-44-0
384	55552-70-0
384	5570-18-3
384	5570-19-4
384	5579-16-8
384	55881-03-3
384	56094-49-6
384	56116-04-2
384	56127-33-4
384	56145-44-9
384	56312-91-5
384	56312-92-6
384	56312-93-7
384	56312-94-8
384	56359-96-7
384	56553-60-7
384	569343-09-5
384	56939-87-8
384	57057-98-4
384	57073-75-3
384	5720-05-8
384	5720-06-9
384	5720-07-0
384	57285-94-6
384	5735-41-1
384	57404-76-9
384	5743-34-0
384	57456-63-0
384	57754-92-4
384	57875-98-6
384	57876-06-9
384	579476-63-4
384	5799-67-7
384	580-34-7
384	58072-03-0
384	58179-67-2
384	58369-24-7
384	584-59-8
384	58450-10-5
384	58572-50-2
384	58672-61-0
384	58799-13-6
384	59016-93-2
384	590418-08-9
384	591-00-4
384	591-92-4
384	592-39-2
384	593-04-4
384	593-90-8
384	59495-05-5
384	5967-37-3
384	59719-94-7
384	59720-00-2
384	597554-03-5
384	5980-97-2
384	59802-06-1
384	59817-49-1
384	60063-34-5
384	603122-41-4
384	603122-80-1
384	603122-84-5
384	60569-72-4
384	60669-69-4
384	60674-95-5
384	6087-59-8
384	6098-53-9
384	613660-87-0
384	615561-49-4
384	6165-68-0
384	6165-69-1
384	616880-14-9
384	621-78-3
384	62229-38-3
384	62306-79-0
384	62428-08-4
384	62654-11-9
384	62697-74-9
384	6273-99-0
384	627899-90-5
384	62796-26-3
384	628692-15-9
384	62906-35-8
384	62906-36-9
384	62906-37-0
384	62991-16-6
384	63076-51-7
384	63123-42-2
384	63139-21-9
384	63149-30-4
384	63156-11-6
384	631911-01-8
384	63212-53-3
384	63310-16-7
384	63348-81-2
384	6336-45-4
384	635-20-1
384	63503-60-6
384	635305-48-5
384	63717-73-7
384	63989-70-8
384	641144-16-3
384	64612-24-4
384	647853-32-5
384	64909-33-7
384	652148-90-8
384	652148-91-9
384	652148-92-0
384	65229-23-4
384	65416-31-1
384	65416-32-2
384	65416-33-3
384	654664-63-8
384	6562-41-0
384	6569-51-3
384	65776-60-5
384	659-18-7
384	660-53-7
384	660440-57-3
384	660867-80-1
384	661-32-5
384	661-36-9
384	662138-96-7
384	66337-79-9
384	663954-31-2
384	66456-48-2
384	66472-86-4
384	665-49-6
384	666-12-6
384	667935-30-0
384	66904-22-1
384	66904-23-2
384	67045-32-3
384	67251-40-5
384	67276-04-4
384	673-24-5
384	6742-94-5
384	6742-95-6
384	674776-54-6
384	676-65-3
384	676-88-0
384	67785-78-8
384	67827-68-3
384	67828-66-4
384	6783-05-7
384	67859-60-3
384	67859-78-3
384	67905-33-3
384	67952-27-6
384	67952-33-4
384	67953-73-5
384	67969-82-8
384	67969-83-9
384	67989-25-7
384	68003-13-4
384	68003-52-1
384	68025-12-7
384	68025-47-8
384	68052-06-2
384	68052-11-9
384	68070-93-9
384	68072-56-0
384	68109-83-1
384	68130-22-3
384	68130-73-4
384	68132-94-5
384	68132-95-6
384	68134-31-6
384	68140-33-0
384	68141-09-3
384	681812-07-7
384	68189-02-6
384	68189-03-7
384	68220-77-9
384	68224-81-7
384	68298-96-4
384	68309-92-2
384	68309-97-7
384	68333-40-4
384	68333-76-6
384	68333-77-7
384	68400-46-4
384	68410-30-0
384	68411-01-8
384	68411-21-2
384	68411-22-3
384	68411-23-4
384	68413-80-9
384	68425-66-1
384	68425-67-2
384	68439-36-1
384	68439-94-1
384	68441-04-3
384	68441-45-2
384	68442-74-0
384	68443-37-8
384	68476-15-3
384	68478-46-6
384	68478-71-7
384	68478-97-7
384	685103-98-4
384	68512-53-8
384	68516-78-9
384	68550-96-9
384	68550-97-0
384	68553-27-5
384	68553-78-6
384	68555-05-5
384	685563-69-3
384	68572-87-2
384	68584-31-6
384	68584-51-0
384	68585-30-8
384	68585-51-3
384	68586-07-2
384	68605-59-4
384	68605-60-7
384	68605-61-8
384	68608-93-5
384	68610-78-6
384	68611-26-7
384	6867-36-3
384	68716-47-2
384	68797-44-4
384	688-71-1
384	688-74-4
384	68855-38-9
384	68892-01-3
384	68954-06-3
384	68987-54-2
384	68987-55-3
384	68987-56-4
384	69013-15-6
384	69029-40-9
384	690636-28-3
384	69071-29-0
384	69495-08-5
384	69756-31-6
384	70098-98-5
384	7024-33-1
384	70801-03-5
384	7091-41-0
384	70942-05-1
384	70955-76-9
384	71243-41-9
384	71243-85-1
384	7141-19-7
384	71436-90-3
384	7150-61-0
384	71522-75-3
384	71522-78-6
384	71550-53-3
384	71550-56-6
384	71597-85-8
384	71786-64-6
384	71808-40-7
384	71820-29-6
384	71839-42-4
384	71839-43-5
384	71839-47-9
384	71839-48-0
384	71852-73-8
384	7187-84-0
384	71889-05-9
384	71893-43-1
384	720702-41-0
384	72102-88-6
384	72125-29-2
384	72140-65-9
384	72169-17-6
384	72252-49-4
384	72259-63-3
384	72275-80-0
384	72316-17-7
384	72316-18-8
384	72470-82-7
384	72828-55-8
384	72905-86-3
384	72962-19-7
384	7297-95-2
384	730971-32-1
384	7318-78-7
384	7318-82-3
384	7337-45-3
384	73398-94-4
384	73412-80-3
384	736989-98-3
384	737776-93-1
384	73852-17-2
384	73852-19-4
384	73852-88-7
384	7397-43-5
384	7397-46-8
384	73987-15-2
384	74174-50-8
384	742099-80-5
384	7438-18-8
384	7440-42-8
384	74434-12-1
384	7445-38-7
384	74540-86-6
384	747413-21-4
384	74912-23-5
384	75-22-9
384	75-23-0
384	75113-37-0
384	753501-42-7
384	7539-58-4
384	7547-96-8
384	7547-97-9
384	75529-20-3
384	75529-21-4
384	75529-26-9
384	75529-27-0
384	75705-21-4
384	7578-36-1
384	75783-29-8
384	75806-94-9
384	75877-08-6
384	75915-45-6
384	75927-49-0
384	76092-58-5
384	76092-59-6
384	760990-10-1
384	761446-45-1
384	762-48-1
384	762262-09-9
384	762287-58-1
384	762287-59-2
384	763120-58-7
384	7632-04-4
384	7637-07-2
384	76410-58-7
384	768-35-4
384	7680-99-1
384	76873-78-4
384	773-01-3
384	77704-21-3
384	7775-19-1
384	77783-55-2
384	77794-93-5
384	77816-14-9
384	779331-47-4
384	78198-16-0
384	78527-98-7
384	78666-05-4
384	79288-94-1
384	796851-30-4
384	797755-07-8
384	80041-89-0
384	80146-60-7
384	80146-62-9
384	8027-85-8
384	80290-99-9
384	80460-73-7
384	80500-27-2
384	8063-89-6
384	80634-45-3
384	80994-59-8
384	811-59-6
384	81175-90-8
384	81366-97-4
384	814-61-9
384	818-91-7
384	823-96-1
384	82493-16-1
384	827614-64-2
384	827614-69-7
384	832114-06-4
384	832114-08-6
384	832114-11-1
384	83245-20-9
384	83864-02-2
384	83947-56-2
384	84083-13-6
384	84083-14-7
384	84110-40-7
384	84145-75-5
384	84145-77-7
384	84145-78-8
384	84145-81-3
384	84145-84-6
384	84196-02-1
384	84196-04-3
384	84215-46-3
384	84238-10-8
384	84282-32-6
384	84282-33-7
384	84332-91-2
384	843663-18-3
384	84455-32-3
384	844681-82-9
384	844891-04-9
384	84522-10-1
384	84525-73-5
384	845551-44-2
384	845551-45-3
384	845870-55-5
384	845885-86-1
384	84604-31-9
384	84712-69-6
384	847756-88-1
384	84777-09-3
384	847818-55-7
384	847818-70-6
384	847818-74-0
384	847818-79-5
384	84788-07-8
384	84819-41-0
384	848498-67-9
384	848779-87-3
384	849052-15-9
384	849052-17-1
384	849052-18-2
384	849052-19-3
384	849052-20-6
384	849052-23-9
384	849052-24-0
384	849052-26-2
384	849061-99-0
384	849062-00-6
384	849062-01-7
384	849062-03-9
384	849062-04-0
384	849062-05-1
384	849062-06-2
384	849062-07-3
384	849062-09-5
384	849062-10-8
384	849062-13-1
384	849062-18-6
384	849062-20-0
384	849062-21-1
384	849062-23-3
384	849062-26-6
384	849062-29-9
384	849062-31-3
384	849062-32-4
384	849062-38-0
384	849062-40-4
384	849833-86-9
384	850-05-5
384	850033-39-5
384	85006-23-1
384	850567-26-9
384	850567-31-6
384	850567-33-8
384	850567-35-0
384	850567-37-2
384	850567-47-4
384	850567-92-9
384	850567-98-5
384	850568-00-2
384	850568-08-0
384	850568-16-0
384	850568-22-8
384	850568-41-1
384	850568-49-9
384	850568-51-3
384	850568-53-5
384	850568-54-6
384	850568-61-5
384	850568-62-6
384	850568-65-9
384	850568-74-0
384	850589-54-7
384	850593-04-3
384	85099-28-1
384	85099-30-5
384	850991-69-4
384	85107-54-6
384	851335-07-4
384	85167-14-2
384	85169-10-4
384	85169-33-1
384	85199-06-0
384	852228-08-1
384	852362-22-2
384	85251-55-4
384	85252-27-3
384	85252-28-4
384	85252-30-8
384	85283-50-7
384	85283-51-8
384	85283-53-0
384	85283-54-1
384	85338-10-9
384	85371-59-1
384	85391-36-2
384	85392-66-1
384	85408-27-1
384	85409-42-3
384	854267-07-5
384	85567-22-2
384	855843-82-2
384	85586-41-0
384	85586-42-1
384	85586-43-2
384	85586-44-3
384	85586-45-4
384	85586-65-8
384	856204-16-5
384	85631-32-9
384	85702-84-7
384	85750-32-9
384	857530-80-4
384	859169-20-3
384	86-58-8
384	862723-42-0
384	863753-30-4
384	863975-37-5
384	864377-33-3
384	864754-16-5
384	864754-18-7
384	865812-10-8
384	865869-28-9
384	866607-09-2
384	867044-33-5
384	868-81-5
384	870238-65-6
384	870521-30-5
384	870704-19-1
384	870717-92-3
384	870717-93-4
384	870717-98-9
384	870717-99-0
384	870718-00-6
384	870718-06-2
384	870777-21-2
384	870777-29-0
384	870777-31-4
384	870777-32-5
384	870778-83-9
384	870778-87-3
384	870778-89-5
384	870778-90-8
384	870778-91-9
384	870778-93-1
384	870778-96-4
384	870778-99-7
384	870779-00-3
384	870779-02-5
384	871125-80-3
384	871125-83-6
384	871125-86-9
384	871125-91-6
384	871125-94-9
384	871125-95-0
384	871125-97-2
384	871125-98-3
384	871126-00-0
384	871126-05-5
384	871126-15-7
384	871126-19-1
384	871126-25-9
384	871126-28-2
384	871329-52-1
384	871329-59-8
384	871329-60-1
384	871329-82-7
384	871332-95-5
384	871332-97-7
384	871332-99-9
384	871333-01-6
384	871333-02-7
384	871333-98-1
384	87199-14-2
384	87199-15-3
384	87199-16-4
384	87199-17-5
384	87199-18-6
384	872041-85-5
384	872041-86-6
384	872054-54-1
384	872054-57-4
384	872054-59-6
384	872460-12-3
384	873-51-8
384	873078-93-4
384	873566-75-7
384	874186-98-8
384	874219-16-6
384	874219-27-9
384	874219-44-0
384	874219-52-0
384	874289-12-0
384	874289-13-1
384	874289-58-4
384	874289-59-5
384	874290-59-2
384	877134-77-5
384	877160-63-9
384	87912-25-2
384	880262-16-8
384	881302-73-4
384	881402-22-8
384	882670-69-1
384	882678-96-8
384	884507-19-1
384	885068-00-8
384	885692-91-1
384	885698-94-2
384	886536-37-4
384	886747-03-1
384	886853-93-6
384	89325-22-4
384	89415-43-0
384	89466-05-7
384	89466-08-0
384	89488-25-5
384	89490-05-1
384	89513-75-7
384	89598-96-9
384	89641-18-9
384	89694-45-1
384	89694-46-2
384	89694-48-4
384	89787-12-2
384	89878-14-8
384	90002-36-1
384	900796-46-5
384	90111-58-3
384	90268-17-0
384	90268-18-1
384	903550-26-5
384	90387-70-5
384	90431-23-5
384	904326-87-0
384	90530-04-4
384	90555-66-1
384	909709-42-8
384	91129-69-0
384	911708-01-5
384	913835-44-6
384	913835-52-6
384	913835-61-7
384	913835-68-4
384	913835-72-0
384	913835-74-2
384	913835-81-1
384	913835-91-3
384	913835-98-0
384	913836-01-8
384	913836-03-0
384	913836-05-2
384	913836-08-5
384	913836-11-0
384	913836-15-4
384	915763-60-9
384	91696-95-6
384	91696-96-7
384	91696-97-8
384	917471-30-8
384	91769-97-0
384	91770-03-5
384	91771-79-8
384	91771-80-1
384	91771-83-4
384	91771-84-5
384	917757-44-9
384	91782-41-1
384	91782-42-2
384	91782-43-3
384	91782-44-4
384	918524-63-7
384	91863-27-3
384	918643-56-8
384	918655-03-5
384	91983-14-1
384	92128-16-0
384	92128-25-1
384	92201-00-8
384	92257-22-2
384	92332-17-7
384	929250-35-1
384	93165-87-8
384	93165-88-9
384	93165-89-0
384	932697-96-6
384	933-18-6
384	933986-97-1
384	93571-70-1
384	936250-17-8
384	936250-20-3
384	936250-21-4
384	936250-22-5
384	93777-11-8
384	93820-50-9
384	93857-71-7
384	93859-15-5
384	93894-58-7
384	93918-81-1
384	93924-04-0
384	93924-91-5
384	93940-37-5
384	93964-01-3
384	93964-02-4
384	93964-03-5
384	93964-49-9
384	93964-50-2
384	93964-51-3
384	93982-94-6
384	94006-32-3
384	94086-71-2
384	94088-77-4
384	94094-28-7
384	94094-29-8
384	94094-31-2
384	94095-04-2
384	94095-05-3
384	94109-34-9
384	94159-20-3
384	94200-67-6
384	94232-62-9
384	94247-66-2
384	94266-00-9
384	94266-01-0
384	94277-53-9
384	94277-88-0
384	94278-23-6
384	94313-53-8
384	94314-05-3
384	944129-07-1
384	945837-57-0
384	947533-23-5
384	94839-07-3
384	948592-80-1
384	94891-35-7
384	950582-72-6
384	952514-79-3
384	95371-17-8
384	957034-82-1
384	957060-72-9
384	957060-85-4
384	957060-90-1
384	957062-57-6
384	957062-84-9
384	957063-00-2
384	957066-07-8
384	957066-11-4
384	957120-32-0
384	957121-05-0
384	957198-31-1
384	959996-48-6
384	960-71-4
384	97-94-9
384	971-66-4
384	97171-72-7
384	97358-65-1
384	97559-21-2
384	976-28-3
384	97660-73-6
384	97692-53-0
384	97746-91-3
384	97808-11-2
384	97808-25-8
384	97808-26-9
384	97808-37-2
384	97863-08-6
384	97925-96-7
384	97987-95-6
384	97996-39-9
384	97999-31-0
384	98-80-6
384	98028-02-5
384	98072-03-8
384	98139-72-1
384	98437-23-1
384	98437-24-2
384	98546-51-1
384	99349-68-5
384	99377-81-8
384	99624-18-7
384	99747-36-1
384	99768-12-4
384	99769-19-4
384	99770-93-1
384	99811-52-6
384	99811-53-7
384	RR-00598-1
384	RR-02526-3
384	RR-02732-7
384	RR-03820-0
384	RR-07618-6
384	RR-120830-6
384	RR-12112-0
384	RR-33876-1
384	RR-33890-9
384	RR-42941-4
384	RR-58674-3
384	RR-60575-4
384	RR-92912-4
384	RR-93839-6
384	RR-96879-6
384	UN1008
384	UN1741
384	UN2416
384	UN2604
384	UN2692
385	1002-88-6
385	100231-59-2
385	10026-17-2
385	10026-18-3
385	10026-19-4
385	10026-20-7
385	10026-21-8
385	10026-22-9
385	10026-23-0
385	10026-24-1
385	10029-36-4
385	100329-54-2
385	10101-56-1
385	10101-57-2
385	10101-58-3
385	1011477-51-2
385	10124-43-3
385	1012881-41-2
385	10139-54-5
385	10141-05-6
385	10170-27-1
385	10170-78-2
385	10198-40-0
385	10210-68-1
385	102242-60-4
385	102262-20-4
385	102262-21-5
385	102262-22-6
385	10241-04-0
385	102601-60-5
385	10294-50-5
385	103241-62-9
385	10393-49-4
385	104586-41-6
385	104815-53-4
385	105038-79-7
385	105187-12-0
385	105267-82-1
385	1052689-87-8
385	10534-83-5
385	10534-85-7
385	10534-86-8
385	10534-89-1
385	105883-52-1
385	106699-36-9
385	107391-54-8
385	107592-59-6
385	107598-50-5
385	107630-45-5
385	108916-09-2
385	1094215-76-5
385	11005-93-9
385	11068-91-0
385	11070-96-5
385	11077-19-3
385	11079-03-1
385	11103-91-6
385	11104-61-3
385	111057-98-8
385	11107-01-0
385	11108-68-2
385	11113-57-8
385	11114-92-4
385	11139-24-5
385	112653-89-1
385	113066-89-0
385	113329-94-5
385	113663-43-7
385	114818-38-1
385	114818-39-2
385	114818-40-5
385	114818-41-6
385	114818-42-7
385	114819-02-2
385	114901-09-6
385	114901-10-9
385	114950-15-1
385	116912-63-1
385	117091-68-6
385	117412-28-9
385	118044-55-6
385	119333-99-2
385	119633-64-6
385	119920-13-7
385	12006-77-8
385	12006-78-9
385	12013-10-4
385	12015-75-7
385	12016-69-2
385	12016-80-7
385	12017-00-4
385	12017-01-5
385	12017-12-8
385	12017-13-9
385	12017-38-8
385	12017-43-5
385	12017-50-4
385	12017-61-7
385	12017-65-1
385	12017-67-3
385	12017-68-4
385	12017-71-9
385	12017-76-4
385	12021-67-9
385	12044-42-7
385	12045-01-1
385	12052-28-7
385	12052-42-5
385	12052-62-9
385	12052-64-1
385	12052-70-9
385	12052-78-7
385	12069-68-0
385	12078-25-0
385	121053-28-9
385	121053-29-0
385	121053-30-3
385	12134-02-0
385	12139-70-7
385	12139-93-4
385	12144-85-3
385	12187-43-8
385	12187-46-1
385	12190-79-3
385	12214-13-0
385	12256-04-1
385	12263-08-0
385	12268-07-4
385	12297-66-4
385	12305-84-9
385	12314-24-8
385	12314-25-9
385	123334-29-2
385	1240283-18-4
385	12414-94-7
385	124222-14-6
385	124222-15-7
385	124222-16-8
385	124222-17-9
385	124222-18-0
385	12427-42-8
385	12515-29-6
385	12516-51-7
385	12516-52-8
385	125252-57-5
385	125271-30-9
385	125328-48-5
385	125352-02-5
385	125352-03-6
385	125378-88-3
385	125378-89-4
385	125378-91-8
385	125408-78-8
385	125552-50-3
385	1255925-80-4
385	12602-23-2
385	12619-68-0
385	1262279-30-0
385	1262279-31-1
385	12629-02-6
385	12638-07-2
385	12640-46-9
385	12653-56-4
385	12672-27-4
385	12672-51-4
385	126924-31-0
385	12715-61-6
385	12718-69-3
385	12737-30-3
385	12769-25-4
385	1277-43-6
385	12789-08-1
385	128090-06-2
385	128409-73-4
385	129618-34-4
385	129618-36-6
385	129618-38-8
385	129618-39-9
385	13011-62-6
385	130114-33-9
385	130330-97-1
385	130391-06-9
385	1307-85-3
385	1307-86-4
385	1307-96-6
385	1307-99-9
385	130725-91-6
385	13078-49-4
385	1308-04-9
385	1308-06-1
385	131097-43-3
385	13115-03-2
385	1317-42-6
385	1332-70-3
385	1332-71-4
385	1332-82-7
385	1333-88-6
385	13408-73-6
385	13408-78-1
385	13422-51-0
385	13422-52-1
385	13422-53-2
385	13422-55-4
385	1345-16-0
385	1345-19-3
385	13455-25-9
385	13455-31-7
385	13455-33-9
385	13455-34-0
385	13455-36-2
385	13478-09-6
385	13478-33-6
385	13494-89-8
385	1350718-36-3
385	135374-79-7
385	135556-78-4
385	135556-88-6
385	13586-38-4
385	13586-82-8
385	13586-84-0
385	135926-88-4
385	13596-21-9
385	13596-22-0
385	13596-45-7
385	13596-46-8
385	136-52-7
385	13600-98-1
385	13681-88-4
385	13701-68-3
385	1374881-30-7
385	137506-60-6
385	137525-12-3
385	13762-14-6
385	13782-01-9
385	1380168-21-7
385	1380442-99-8
385	13817-37-3
385	13821-10-8
385	13859-51-3
385	13869-30-2
385	13870-90-1
385	13963-58-1
385	13981-38-9
385	13981-50-5
385	13981-83-4
385	13982-25-7
385	139939-65-4
385	14017-41-5
385	14023-85-9
385	14024-48-7
385	14025-10-6
385	14025-11-7
385	14033-48-8
385	14039-23-7
385	14049-79-7
385	14093-03-9
385	14096-82-3
385	14123-08-1
385	14126-32-0
385	14128-95-1
385	14167-18-1
385	14172-90-8
385	14216-74-1
385	14217-00-6
385	14239-07-7
385	14240-12-1
385	14285-59-7
385	14325-03-2
385	14355-30-7
385	14405-50-6
385	144437-67-2
385	14518-26-4
385	14564-70-6
385	14582-18-4
385	14590-13-7
385	14590-19-3
385	14591-57-2
385	14640-56-3
385	14649-73-1
385	14652-46-1
385	14666-94-5
385	14666-96-7
385	14690-59-6
385	147014-72-0
385	14707-82-5
385	14732-58-2
385	147515-52-4
385	1481694-62-5
385	14897-04-2
385	14931-83-0
385	14960-16-8
385	14965-99-2
385	15040-52-5
385	15041-07-3
385	15136-66-0
385	15137-09-4
385	15188-91-7
385	15218-44-7
385	15238-00-3
385	15244-74-3
385	15275-08-8
385	15322-24-4
385	15391-24-9
385	15392-59-3
385	154779-73-4
385	15520-31-7
385	15520-84-0
385	155737-56-7
385	1560-69-6
385	15605-72-8
385	15665-62-0
385	15671-27-9
385	15684-35-2
385	15731-88-1
385	15742-33-3
385	157583-32-9
385	158646-92-5
385	1588-79-0
385	15974-34-2
385	16039-54-6
385	16092-38-9
385	161279-45-4
385	161279-65-8
385	16256-07-8
385	1628435-35-7
385	1638220-46-8
385	164057-75-4
385	1648693-02-0
385	16544-92-6
385	1671083-23-0
385	16842-03-8
385	1692886-45-5
385	16972-55-7
385	170021-46-2
385	17034-55-8
385	171200-71-8
385	172777-24-1
385	17375-31-4
385	17409-91-5
385	17410-09-2
385	17443-29-7
385	17632-19-8
385	176763-62-5
385	177256-35-8
385	17786-31-1
385	177997-13-6
385	17829-66-2
385	1788033-44-2
385	178959-25-6
385	18130-42-2
385	18195-32-9
385	18201-52-0
385	182442-95-1
385	182496-55-5
385	18285-21-7
385	183858-81-3
385	184637-91-0
385	18488-96-5
385	185461-93-2
385	18616-48-3
385	186373-01-3
385	18639-97-9
385	18718-10-0
385	18727-04-3
385	188264-84-8
385	189139-63-7
385	189279-89-8
385	19019-51-3
385	19052-32-5
385	19106-33-3
385	191233-75-7
385	19154-72-4
385	19192-71-3
385	19224-80-7
385	193214-24-3
385	193293-67-3
385	19330-29-1
385	195161-79-6
385	19648-83-0
385	200810-31-7
385	202916-56-1
385	20427-11-6
385	20506-24-5
385	20623-13-6
385	206986-92-7
385	207124-67-2
385	207124-68-3
385	207124-69-4
385	207803-51-8
385	2087499-33-8
385	21041-93-0
385	21158-51-0
385	212250-92-5
385	214142-68-4
385	21679-46-9
385	22088-57-9
385	221315-92-0
385	22465-48-1
385	22541-53-3
385	22541-63-5
385	22584-72-1
385	22631-65-8
385	22853-45-8
385	23208-66-4
385	23209-26-9
385	23272-52-8
385	23295-32-1
385	23380-38-3
385	23384-69-2
385	234446-82-3
385	23670-59-9
385	239097-11-1
385	23949-78-2
385	24212-54-2
385	24215-94-9
385	24704-41-4
385	24719-19-5
385	24828-46-4
385	25139-08-6
385	25215-19-4
385	25360-65-0
385	256431-41-1
385	25729-03-7
385	259259-80-8
385	25971-15-7
385	26076-28-8
385	26220-72-4
385	26264-28-8
385	26305-75-9
385	2631628-78-7
385	26490-63-1
385	26603-20-3
385	26686-74-8
385	26921-01-7
385	26998-20-9
385	27016-73-5
385	27085-12-7
385	27253-31-2
385	27685-51-4
385	27736-00-1
385	27792-36-5
385	28029-53-0
385	28038-39-3
385	28903-71-1
385	29058-84-2
385	29383-29-7
385	2952663-95-3
385	29616-23-7
385	29871-10-1
385	29904-98-1
385	29973-37-3
385	29977-10-4
385	29998-71-8
385	3017-60-5
385	30621-99-9
385	30638-08-5
385	30875-93-5
385	31586-68-2
385	32441-17-1
385	32486-57-0
385	32517-38-7
385	3252-99-1
385	3267-76-3
385	3317-67-7
385	33270-74-5
385	33327-32-1
385	33593-50-9
385	33960-07-5
385	34240-80-7
385	34262-88-9
385	34664-47-6
385	34735-28-9
385	361346-80-7
385	36217-04-6
385	36499-65-7
385	36835-61-7
385	37210-16-5
385	37264-96-3
385	37329-49-0
385	37367-90-1
385	37382-24-4
385	378253-51-1
385	378253-52-2
385	378253-53-3
385	37981-00-3
385	38218-51-8
385	38218-77-8
385	38233-75-9
385	38582-17-1
385	39361-75-6
385	39394-76-8
385	40621-10-1
385	41122-85-4
385	41325-63-7
385	41663-81-4
385	41751-89-7
385	42978-77-8
385	49651-10-7
385	49676-83-7
385	496862-98-7
385	50136-28-2
385	50525-57-0
385	50696-78-1
385	508202-43-5
385	51053-44-2
385	51084-32-3
385	51140-33-1
385	513-79-1
385	51806-61-2
385	51839-24-8
385	52256-38-9
385	52270-44-7
385	52277-69-7
385	52277-72-2
385	52277-73-3
385	52308-79-9
385	52729-67-6
385	52810-40-9
385	53108-49-9
385	53108-50-2
385	53149-77-2
385	53433-12-8
385	53927-86-9
385	542-84-7
385	544-18-3
385	54437-56-8
385	54846-43-4
385	55158-44-6
385	55448-22-1
385	55494-92-3
385	55668-56-9
385	55870-93-4
385	55870-94-5
385	55963-70-7
385	56060-88-9
385	56792-69-9
385	57364-75-7
385	57454-67-8
385	58197-53-8
385	58288-50-9
385	58302-43-5
385	58591-45-0
385	59209-77-7
385	5931-89-5
385	59461-30-2
385	59487-93-3
385	59561-55-6
385	5965-38-8
385	59784-63-3
385	60109-88-8
385	60406-95-3
385	60459-08-7
385	61045-13-4
385	61419-68-9
385	6147-53-1
385	61789-50-2
385	61789-51-3
385	61789-52-4
385	61969-42-4
385	62207-76-5
385	6255-07-8
385	62598-42-9
385	62647-83-0
385	62782-24-5
385	63287-28-5
385	63413-04-7
385	63497-09-6
385	63588-34-1
385	63597-33-1
385	63640-17-5
385	63971-70-0
385	6401-84-9
385	6421-64-3
385	6424-15-3
385	6460-02-2
385	64611-71-8
385	652131-56-1
385	65335-15-1
385	65453-05-6
385	65492-00-4
385	65997-18-4
385	66104-83-4
385	66288-88-8
385	6667-75-0
385	6700-85-2
385	67292-36-8
385	67486-73-1
385	6771-86-4
385	67711-89-1
385	67801-57-4
385	67815-64-9
385	67875-38-1
385	67906-18-7
385	67906-22-3
385	67906-23-4
385	67924-23-6
385	67952-53-8
385	67952-74-3
385	67968-64-3
385	67968-65-4
385	67968-66-5
385	67969-67-9
385	68-19-9
385	68000-01-1
385	68016-03-5
385	68025-39-8
385	68033-18-1
385	68123-03-5
385	68130-37-0
385	68132-93-4
385	68133-85-7
385	68152-91-0
385	68186-85-6
385	68186-86-7
385	68186-87-8
385	68186-89-0
385	68186-97-0
385	68187-05-3
385	68187-11-1
385	68187-40-6
385	68187-49-5
385	68187-50-8
385	68189-40-2
385	68201-98-9
385	68213-72-9
385	68239-47-4
385	68239-55-4
385	68239-56-5
385	68239-57-6
385	68239-58-7
385	68279-06-1
385	68409-81-4
385	68411-08-5
385	68412-74-8
385	68413-61-6
385	68442-96-6
385	68449-39-8
385	68457-13-6
385	68457-90-9
385	68475-45-6
385	68478-57-9
385	68478-58-0
385	68512-31-2
385	68553-15-1
385	6856-47-9
385	68568-52-5
385	68584-96-3
385	68608-09-3
385	68608-93-5
385	68609-02-9
385	68610-13-9
385	68647-47-2
385	68784-10-1
385	68811-50-7
385	68855-86-7
385	68928-31-4
385	68955-83-9
385	68956-82-1
385	68958-90-7
385	68966-95-0
385	68966-96-1
385	68966-98-3
385	68988-10-3
385	69011-09-2
385	69012-37-9
385	69012-51-7
385	69012-71-1
385	69012-72-2
385	69098-14-2
385	69140-59-6
385	69140-60-9
385	69178-34-3
385	69178-42-3
385	69198-43-2
385	69278-74-6
385	69292-92-8
385	69893-68-1
385	69898-68-6
385	69934-86-7
385	70131-61-2
385	70179-69-0
385	70227-96-2
385	70236-41-8
385	70236-43-0
385	70236-44-1
385	70236-59-8
385	70247-32-4
385	70247-74-4
385	70247-76-6
385	70281-40-2
385	70529-03-2
385	70693-07-1
385	70776-55-5
385	70815-19-9
385	70833-34-0
385	70851-34-2
385	70936-53-7
385	71-48-7
385	71060-75-8
385	71243-97-5
385	71562-83-9
385	71566-26-2
385	71566-27-3
385	71566-34-2
385	71566-39-7
385	71566-55-7
385	71603-79-7
385	71701-14-9
385	71735-52-9
385	71735-59-6
385	71735-61-0
385	71786-54-4
385	71839-74-2
385	71839-76-4
385	71839-84-4
385	71839-87-7
385	71839-88-8
385	71888-93-2
385	71957-08-9
385	71963-57-0
385	72102-52-4
385	72208-07-2
385	72245-25-1
385	72253-09-9
385	72269-32-0
385	72391-09-4
385	72391-10-7
385	72403-31-7
385	72403-32-8
385	72403-33-9
385	72403-34-0
385	72479-33-5
385	72479-96-0
385	72496-88-9
385	72797-08-1
385	72797-09-2
385	72797-14-9
385	72828-26-3
385	72829-33-5
385	72845-76-2
385	72869-26-2
385	72869-37-5
385	728945-44-6
385	72905-57-8
385	72906-12-8
385	72928-76-8
385	72928-77-9
385	72928-91-7
385	72932-56-0
385	72987-06-5
385	72987-07-6
385	73005-84-2
385	73018-84-5
385	73038-30-9
385	73195-17-2
385	73297-09-3
385	73297-10-6
385	73297-17-3
385	73324-01-3
385	73324-02-4
385	73455-76-2
385	73507-63-8
385	73507-66-1
385	73507-67-2
385	73507-73-0
385	73612-40-5
385	73612-41-6
385	739352-37-5
385	74082-15-8
385	74196-11-5
385	74196-12-6
385	74196-13-7
385	74196-18-2
385	74196-19-3
385	74220-71-6
385	7440-48-4
385	74427-91-1
385	74499-63-1
385	74507-62-3
385	74665-01-3
385	749216-83-9
385	749798-18-3
385	75027-71-3
385	75042-71-6
385	75214-67-4
385	75214-71-0
385	75214-72-1
385	75234-42-3
385	75284-36-5
385	75300-75-3
385	75314-27-1
385	75364-04-4
385	7542-09-8
385	75522-91-7
385	75557-21-0
385	75752-30-6
385	758634-43-4
385	7646-79-9
385	76762-27-1
385	77630-54-7
385	7785-24-2
385	7789-43-7
385	7791-13-1
385	78091-12-0
385	79135-28-7
385	79151-78-3
385	79215-59-1
385	79803-78-4
385	79817-88-2
385	79817-89-3
385	79953-72-3
385	79973-42-5
385	8011-87-8
385	8021-83-8
385	80290-99-9
385	80546-49-2
385	80648-59-5
385	81342-98-5
385	81361-02-6
385	814-89-1
385	81955-22-8
385	82338-72-5
385	82338-74-7
385	82457-28-1
385	82556-12-5
385	82556-13-6
385	83249-68-7
385	83249-69-8
385	83249-70-1
385	83249-71-2
385	83249-72-3
385	83249-73-4
385	83270-30-8
385	83417-32-7
385	83417-33-8
385	83417-34-9
385	83711-42-6
385	83711-43-7
385	83711-44-8
385	83733-13-5
385	83733-22-6
385	83803-62-7
385	83803-65-0
385	83804-04-0
385	83804-07-3
385	83804-08-4
385	83817-76-9
385	83817-78-1
385	83817-79-2
385	83847-05-6
385	83847-06-7
385	83863-97-2
385	83863-98-3
385	83864-23-7
385	83864-24-8
385	83898-69-5
385	83970-30-3
385	84030-58-0
385	84030-59-1
385	84057-73-8
385	84066-83-1
385	84066-84-2
385	84066-85-3
385	84082-96-2
385	84145-31-3
385	84176-59-0
385	84195-99-3
385	84204-70-6
385	84215-43-0
385	84255-51-6
385	84255-52-7
385	84255-53-8
385	84281-83-4
385	84282-04-2
385	84282-05-3
385	84282-06-4
385	84282-07-5
385	84282-28-0
385	84304-11-0
385	84304-12-1
385	84367-83-9
385	84367-84-0
385	84418-53-1
385	84418-54-2
385	84418-55-3
385	84418-56-4
385	84713-03-1
385	84777-24-2
385	84777-25-3
385	84777-67-3
385	84777-68-4
385	84777-69-5
385	84777-71-9
385	84777-73-1
385	84788-14-7
385	84812-60-2
385	84812-62-4
385	84912-03-8
385	84912-04-9
385	84961-42-2
385	84989-48-0
385	84989-53-7
385	85006-35-5
385	85017-77-2
385	85049-49-6
385	85049-72-5
385	85049-73-6
385	85049-74-7
385	85049-75-8
385	85049-76-9
385	85135-78-0
385	85135-79-1
385	85168-70-3
385	85168-71-4
385	85168-73-6
385	85186-65-8
385	85186-68-1
385	85187-42-4
385	85187-58-2
385	85203-44-7
385	85204-09-7
385	85566-25-2
385	85650-70-0
385	85650-71-1
385	85737-17-3
385	85828-91-7
385	85828-92-8
385	85895-65-4
385	85958-76-5
385	85958-78-7
385	85959-73-5
385	85959-75-7
385	85959-78-0
385	85994-37-2
385	866-81-9
385	86697-17-8
385	87211-44-7
385	87391-39-7
385	87914-02-1
385	87947-13-5
385	88330-21-6
385	883882-22-2
385	887113-50-0
385	89899-23-0
385	90294-79-4
385	90294-80-7
385	90294-81-8
385	90294-82-9
385	90294-83-0
385	90294-84-1
385	90294-85-2
385	90294-86-3
385	90294-87-4
385	90342-30-6
385	90431-89-3
385	91031-16-2
385	91053-45-1
385	91053-46-2
385	91053-47-3
385	91081-75-3
385	91144-26-2
385	91672-72-9
385	91672-73-0
385	91672-74-1
385	91672-75-2
385	91672-76-3
385	91672-77-4
385	91672-78-5
385	91672-79-6
385	91672-80-9
385	91672-81-0
385	91672-82-1
385	91672-83-2
385	91672-84-3
385	91672-85-4
385	917-69-1
385	91782-60-4
385	91782-61-5
385	917893-06-2
385	91844-81-4
385	918539-18-1
385	92112-83-9
385	92200-85-6
385	92201-51-9
385	92257-03-9
385	92257-04-0
385	92257-08-4
385	92258-02-1
385	922733-64-0
385	922735-41-9
385	922735-42-0
385	922735-43-1
385	92502-53-9
385	92703-96-3
385	929-87-3
385	93028-48-9
385	93062-36-3
385	93062-37-4
385	93165-90-3
385	93166-11-1
385	932-69-4
385	93338-23-9
385	93572-88-4
385	93572-89-5
385	93572-90-8
385	93573-24-1
385	93601-32-2
385	93686-41-0
385	93764-01-3
385	93776-34-2
385	93776-36-4
385	93776-58-0
385	93783-58-5
385	93783-60-9
385	93783-75-6
385	93805-27-7
385	93820-10-1
385	93820-12-3
385	93820-17-8
385	93820-73-6
385	93820-74-7
385	93821-22-8
385	93894-62-3
385	93894-63-4
385	93918-17-3
385	93918-18-4
385	93918-19-5
385	93940-23-9
385	93940-37-5
385	93940-43-3
385	93940-44-4
385	93940-45-5
385	93940-46-6
385	93940-96-6
385	93964-01-3
385	93964-02-4
385	93964-03-5
385	93964-86-4
385	93964-97-7
385	93965-34-5
385	93983-06-3
385	93983-67-6
385	94021-58-6
385	94086-50-7
385	94114-42-8
385	94232-44-7
385	94232-84-5
385	94232-89-0
385	94232-97-0
385	94232-99-2
385	94233-08-6
385	94233-10-0
385	94233-18-8
385	94246-68-1
385	94246-69-2
385	94246-70-5
385	94246-71-6
385	94246-88-5
385	94246-89-6
385	94266-16-7
385	94276-71-8
385	94276-72-9
385	94276-73-0
385	94276-74-1
385	94276-77-4
385	94277-51-7
385	94277-52-8
385	94277-78-8
385	94292-07-6
385	94333-37-6
385	94481-61-5
385	94551-96-9
385	94624-01-8
385	94648-71-2
385	94786-94-4
385	94979-20-1
385	95046-44-9
385	95046-47-2
385	95046-48-3
385	952716-55-1
385	95465-96-6
385	95873-73-7
385	960114-05-0
385	96413-15-9
385	96413-16-0
385	97126-35-7
385	97338-24-4
385	97434-88-3
385	97434-89-4
385	97434-90-7
385	97488-85-2
385	97553-53-2
385	97592-68-2
385	97660-39-4
385	97660-40-7
385	97975-95-6
385	99492-72-5
385	99624-18-7
385	99749-23-2
385	P-00-0072
385	P-04-0156
385	P-82-0646
385	P-83-0053
385	P-86-0037
385	P-87-0597
385	P-88-1110
385	P-88-2260
385	P-89-1042
385	P-90-0373
385	P-92-1340
385	P-95-0644
385	P-95-1238
385	P-95-1239
385	P-95-1905
385	P-97-0471
385	RR-00107-0
385	RR-02516-1
385	RR-04028-8
385	RR-07206-0
385	RR-07288-8
385	RR-09586-3
385	RR-09913-8
385	RR-10332-2
385	RR-12400-5
385	RR-145880-6
385	RR-16472-7
385	RR-16473-8
385	RR-17268-9
385	RR-17722-0
385	RR-19053-4
385	RR-193432-3
385	RR-24169-0
385	RR-24170-3
385	RR-28669-1
385	RR-30385-5
385	RR-31108-0
385	RR-31876-3
385	RR-31936-8
385	RR-33925-3
385	RR-40755-6
385	RR-41010-6
385	RR-41279-3
385	RR-41616-0
385	RR-42856-8
385	RR-43729-6
385	RR-43733-2
385	RR-45116-1
385	RR-46258-8
385	RR-50391-3
385	RR-50392-4
385	RR-53412-3
385	RR-53479-2
385	RR-54368-0
385	RR-55398-0
385	RR-56105-7
385	RR-56106-8
385	RR-56107-9
385	RR-62883-1
385	RR-85864-0
385	RR-85865-1
385	RR-85866-2
385	RR-85867-3
385	RR-85868-4
385	RR-85869-5
385	RR-93905-9
385	UN2001
386	100021-78-1
386	100063-55-6
386	100208-79-5
386	100231-69-4
386	100231-70-7
386	10027-30-2
386	10027-32-4
386	10031-43-3
386	10031-45-5
386	10031-48-8
386	100402-65-1
386	100403-36-9
386	100403-50-7
386	100403-57-4
386	100545-46-8
386	10060-13-6
386	100656-53-9
386	100656-54-0
386	100656-55-1
386	1007578-75-7
386	10085-76-4
386	100995-81-1
386	10102-90-6
386	10103-48-7
386	10103-61-4
386	101033-43-6
386	10124-44-4
386	10125-13-0
386	10127-06-7
386	101356-96-1
386	101357-00-0
386	101357-01-1
386	101377-53-1
386	101408-30-4
386	101519-50-0
386	101540-04-9
386	101540-06-1
386	101540-07-2
386	101678-62-0
386	101702-28-7
386	102110-42-9
386	102110-49-6
386	102110-58-7
386	102110-61-2
386	102110-62-3
386	10214-40-1
386	102242-87-5
386	102262-21-5
386	102262-23-7
386	102262-31-7
386	102262-32-8
386	102262-33-9
386	102340-17-0
386	102424-25-9
386	10248-55-2
386	102525-64-4
386	102561-74-0
386	10257-54-2
386	1026175-06-3
386	102682-87-1
386	10279-43-3
386	10290-09-2
386	10290-12-7
386	10294-46-9
386	103170-25-8
386	103192-59-2
386	103192-60-5
386	103192-62-7
386	10327-05-6
386	103332-04-3
386	103443-42-1
386	103443-43-2
386	103458-49-7
386	103458-50-0
386	103458-51-1
386	103458-52-2
386	103458-53-3
386	103479-10-3
386	103530-80-9
386	103534-14-1
386	103570-41-8
386	1036286-41-5
386	103650-96-0
386	103650-97-1
386	103650-98-2
386	103694-84-4
386	10378-29-7
386	10380-28-6
386	10380-29-7
386	103818-83-3
386	10401-50-0
386	10402-15-0
386	10402-16-1
386	104466-03-7
386	104719-58-6
386	10482-39-0
386	104921-99-5
386	105041-78-9
386	105302-42-9
386	10534-87-9
386	1056464-08-4
386	105803-01-8
386	105883-51-0
386	1062580-12-4
386	106404-06-2
386	106804-12-0
386	107068-76-8
386	1071838-81-7
386	107566-93-8
386	1078726-27-8
386	1078726-28-9
386	1079350-81-4
386	1079440-35-9
386	1082606-32-3
386	108300-90-9
386	108347-99-5
386	108374-34-1
386	108424-99-3
386	108425-00-9
386	109037-79-8
386	109184-18-1
386	1092077-72-9
386	109675-77-6
386	109766-95-2
386	109851-29-8
386	11006-34-1
386	110620-89-8
386	11065-66-0
386	11070-95-4
386	11078-26-5
386	110781-18-5
386	110781-19-6
386	110799-38-7
386	110827-72-0
386	110827-73-1
386	11091-65-9
386	11097-56-6
386	110987-60-5
386	11104-65-7
386	1111-67-7
386	11113-59-0
386	11114-42-4
386	11115-78-9
386	11121-95-2
386	111211-36-0
386	111239-50-0
386	11129-27-4
386	11129-84-3
386	11133-98-5
386	111369-71-2
386	111369-72-3
386	111568-26-4
386	1117-94-8
386	111719-81-4
386	111719-82-5
386	111907-01-8
386	111977-80-1
386	111977-81-2
386	1120-44-1
386	112073-63-9
386	112099-83-9
386	112131-82-5
386	112131-87-0
386	112764-77-9
386	113329-64-9
386	1135443-52-5
386	1135443-53-6
386	1135443-76-3
386	113553-55-2
386	113573-08-3
386	113894-87-4
386	1140527-05-4
386	114060-59-2
386	114535-79-4
386	114553-49-0
386	115233-24-4
386	115284-42-9
386	115487-36-0
386	115535-39-2
386	115841-02-6
386	115866-07-4
386	116107-50-7
386	116812-56-7
386	116912-62-0
386	1169940-97-9
386	117127-26-1
386	117449-21-5
386	117449-22-6
386	117697-22-0
386	118-20-7
386	118202-86-1
386	118244-01-2
386	118392-20-4
386	1184-54-9
386	1184-64-1
386	118478-84-5
386	118632-35-2
386	118669-33-3
386	118685-20-4
386	118685-21-5
386	118716-59-9
386	118800-27-4
386	118805-49-5
386	119131-62-3
386	1192-40-1
386	119636-57-6
386	12002-03-8
386	12004-15-8
386	1200437-05-3
386	12005-75-3
386	12006-17-6
386	12013-15-9
386	12017-79-7
386	12018-10-9
386	12018-79-0
386	12018-83-6
386	12018-94-9
386	12018-95-0
386	12018-96-1
386	12019-06-6
386	12019-08-8
386	12019-11-3
386	12019-23-7
386	12019-27-1
386	12019-52-2
386	12019-57-7
386	12019-69-1
386	12042-92-1
386	1205098-34-5
386	12053-18-8
386	12054-07-8
386	12054-10-3
386	12054-21-6
386	12054-25-0
386	12054-29-4
386	12062-24-7
386	12068-80-3
386	12069-69-1
386	12070-39-2
386	120883-69-4
386	121029-09-2
386	121176-52-1
386	12125-21-2
386	12132-93-3
386	12134-35-9
386	12134-37-1
386	12158-74-6
386	12158-75-7
386	12158-96-2
386	12159-07-8
386	12167-76-9
386	12168-20-6
386	12175-02-9
386	12189-76-3
386	12191-17-2
386	1219596-32-3
386	122163-00-2
386	12219-50-0
386	12222-00-3
386	12222-04-7
386	12225-39-7
386	12226-06-1
386	12226-38-9
386	12228-45-4
386	122284-73-5
386	12237-62-6
386	12237-63-7
386	12238-09-4
386	12239-87-1
386	12249-45-5
386	12250-93-0
386	122572-70-7
386	122572-71-8
386	12258-96-7
386	12262-29-2
386	12262-33-8
386	12276-01-6
386	12285-50-6
386	122996-62-7
386	12310-22-4
386	123517-16-8
386	123517-41-9
386	1235343-10-8
386	123550-50-5
386	123550-51-6
386	12356-86-4
386	123571-07-3
386	123754-25-6
386	12400-75-8
386	124205-86-3
386	124222-15-7
386	124222-16-8
386	124222-17-9
386	124222-18-0
386	124316-01-4
386	12433-14-6
386	12433-90-8
386	12444-49-4
386	1246457-56-6
386	1246457-57-7
386	124719-24-0
386	1247867-76-0
386	12517-41-8
386	12527-63-8
386	12527-72-9
386	125302-01-4
386	125329-08-0
386	125352-04-7
386	125352-10-5
386	125390-11-6
386	12540-13-5
386	1254333-41-9
386	1254513-17-1
386	12558-58-6
386	1256282-29-7
386	125845-24-1
386	12597-70-5
386	12597-71-6
386	12622-74-1
386	12643-19-5
386	126637-70-5
386	126637-71-6
386	12674-28-1
386	127242-58-4
386	127276-99-7
386	127277-00-3
386	127279-03-2
386	127542-87-4
386	12767-67-8
386	127672-86-0
386	12769-07-2
386	12769-08-3
386	12770-96-6
386	12774-48-0
386	127795-52-2
386	127814-43-1
386	127822-02-0
386	12795-09-4
386	128116-15-4
386	128691-57-6
386	128763-07-5
386	129212-10-8
386	129266-65-5
386	129618-34-4
386	129618-35-5
386	129618-36-6
386	129618-38-8
386	129618-39-9
386	129824-95-9
386	129824-96-0
386	129870-84-4
386	129874-15-3
386	129984-40-3
386	13005-35-1
386	13007-93-7
386	13011-68-2
386	13011-69-3
386	13011-70-6
386	130120-56-8
386	130120-57-9
386	130144-46-6
386	1301639-09-7
386	1301639-10-0
386	130201-51-3
386	1303-92-0
386	130328-19-7
386	1308-09-4
386	1308-57-2
386	1308-80-1
386	1308790-39-7
386	13092-67-6
386	13102-26-6
386	131127-35-0
386	131127-36-1
386	131127-37-2
386	131127-38-3
386	1313741-22-8
386	1314035-92-1
386	131446-86-1
386	1314884-83-7
386	1317-38-0
386	1317-39-1
386	1317-40-4
386	1317-41-5
386	1319-45-5
386	1319006-94-4
386	13194-92-8
386	132-71-8
386	13217-74-8
386	132295-56-8
386	132295-57-9
386	1325-32-2
386	1326-77-8
386	1326-78-9
386	1326-80-3
386	1327-02-2
386	1327-07-7
386	1327-08-8
386	1327-73-7
386	1327-76-0
386	1327-86-2
386	1327-89-5
386	1328-51-4
386	1328-53-6
386	1328-54-7
386	1328-71-8
386	132879-97-1
386	1330-37-6
386	1330-38-7
386	1330-39-8
386	1330-40-1
386	1332-03-2
386	1332-14-5
386	1332-40-7
386	1332-65-6
386	133214-12-7
386	1333-22-8
386	133353-46-5
386	133353-47-6
386	1334431-98-9
386	1335-23-5
386	1335122-97-8
386	1336-14-7
386	1336-15-8
386	1337-20-8
386	1338-02-9
386	13395-16-9
386	13426-91-0
386	1344-66-7
386	1344-67-8
386	1344-69-0
386	1344-70-3
386	1344-71-4
386	1344-72-5
386	1344-73-6
386	1344-74-7
386	1345-16-0
386	1345-20-6
386	13454-88-1
386	13468-85-4
386	134737-18-1
386	134758-96-6
386	134759-19-6
386	13476-79-4
386	13478-34-7
386	13478-36-9
386	13478-41-6
386	13479-54-4
386	1351192-50-1
386	1351192-51-2
386	1351192-52-3
386	135403-53-1
386	135429-22-0
386	135429-23-1
386	13548-42-0
386	135519-18-5
386	135519-19-6
386	135519-20-9
386	135544-20-6
386	13569-92-1
386	13587-24-1
386	13587-25-2
386	13587-26-3
386	13587-35-4
386	13601-13-3
386	13601-75-7
386	136048-67-4
386	136048-68-5
386	13675-47-3
386	13681-87-3
386	13682-73-0
386	137-29-1
386	137002-26-7
386	13715-19-0
386	13767-34-5
386	13767-71-0
386	13770-18-8
386	13773-00-7
386	13812-58-3
386	13814-81-8
386	138210-92-1
386	13822-80-5
386	13867-72-6
386	13870-80-9
386	13876-85-2
386	13877-24-2
386	13877-25-3
386	13878-44-9
386	139076-62-3
386	13927-71-4
386	13933-17-0
386	139566-53-3
386	13978-70-6
386	13981-25-4
386	13982-06-4
386	13985-65-4
386	139892-42-5
386	13991-90-7
386	139939-69-8
386	1400683-45-5
386	14013-02-6
386	14017-38-0
386	14024-52-3
386	14025-15-1
386	14040-02-9
386	14040-05-2
386	14050-01-2
386	14067-34-6
386	140871-20-1
386	141048-13-7
386	14119-06-3
386	14128-84-8
386	14167-15-8
386	14172-91-9
386	141788-40-1
386	142-71-2
386	14215-30-6
386	14215-52-2
386	14241-92-0
386	1426155-87-4
386	14263-73-1
386	14264-30-3
386	14264-31-4
386	14276-53-0
386	14283-05-7
386	14284-06-1
386	14285-61-1
386	14302-13-7
386	1431851-77-2
386	14324-82-4
386	143350-47-4
386	1435135-35-5
386	14363-26-9
386	143775-89-7
386	144044-42-8
386	14409-63-3
386	14481-39-1
386	14481-40-4
386	144971-10-8
386	144972-86-1
386	14518-21-9
386	14518-26-4
386	14523-00-3
386	14523-25-2
386	14552-35-3
386	146504-31-6
386	14654-63-8
386	14692-76-3
386	147-13-7
386	147-14-8
386	14708-11-3
386	14709-56-9
386	14709-71-8
386	14721-21-2
386	14735-84-3
386	147550-61-6
386	14763-77-0
386	14781-45-4
386	14832-14-5
386	14840-55-2
386	149-11-1
386	14915-37-8
386	149343-84-0
386	14958-34-0
386	14984-71-5
386	149850-38-4
386	149858-63-9
386	150206-21-6
386	150522-10-4
386	151183-29-8
386	151183-30-1
386	151183-31-2
386	151198-68-4
386	15123-69-0
386	151239-14-4
386	15128-03-7
386	1512859-54-9
386	15158-11-9
386	151604-82-9
386	15168-20-4
386	15170-14-6
386	15170-19-1
386	15170-74-8
386	15188-78-0
386	15191-80-7
386	15192-76-4
386	15225-85-1
386	152261-41-1
386	152323-95-0
386	15240-24-1
386	15281-91-1
386	15293-86-4
386	15414-04-7
386	15418-16-3
386	154240-34-3
386	154288-91-2
386	15432-57-2
386	15442-49-6
386	15443-06-8
386	15454-74-7
386	15489-27-7
386	15489-72-2
386	15550-32-0
386	15559-47-4
386	155613-89-1
386	155835-80-6
386	15593-15-4
386	15610-76-1
386	15627-09-5
386	15680-42-9
386	156830-72-7
386	15709-82-7
386	15738-74-6
386	15739-09-0
386	15757-86-5
386	15823-71-9
386	15852-05-8
386	158640-34-7
386	158852-56-3
386	158852-57-4
386	158853-86-2
386	15907-03-6
386	159518-91-9
386	159574-70-6
386	159574-71-7
386	159574-73-9
386	159604-93-0
386	159604-94-1
386	159604-96-3
386	15975-60-7
386	16038-15-6
386	16039-52-4
386	16040-69-0
386	16045-88-8
386	16048-96-7
386	160709-61-5
386	16071-80-0
386	16071-84-4
386	160798-98-1
386	160828-78-4
386	160869-75-0
386	160901-48-4
386	160901-54-2
386	160935-33-1
386	16102-92-4
386	16109-82-3
386	16143-79-6
386	161566-74-1
386	1630800-70-2
386	163237-16-9
386	16337-64-7
386	163557-38-8
386	16389-59-6
386	164058-22-4
386	164578-05-6
386	16509-22-1
386	16521-34-9
386	165373-75-1
386	16570-28-8
386	167614-40-6
386	167614-41-7
386	167972-58-9
386	16828-95-8
386	168850-75-7
386	16903-61-0
386	1708103-91-6
386	17084-40-1
386	1713250-52-2
386	171727-36-9
386	171727-39-2
386	171866-24-3
386	172031-67-3
386	172141-26-3
386	172201-86-4
386	172201-87-5
386	172308-31-5
386	17263-56-8
386	172826-46-9
386	17500-49-1
386	175386-67-1
386	17599-81-4
386	17653-76-8
386	177322-39-3
386	177529-54-3
386	177646-05-8
386	17836-27-0
386	1808110-27-1
386	1818338-87-2
386	18253-80-0
386	18347-30-3
386	184007-78-1
386	184246-81-9
386	18492-21-2
386	185461-92-1
386	185827-91-2
386	185829-44-1
386	18718-12-2
386	187547-44-0
386	188920-96-9
386	188920-97-0
386	18906-50-8
386	18911-01-8
386	189240-43-5
386	18925-86-5
386	18939-61-2
386	18970-62-2
386	18972-70-8
386	18973-62-1
386	18974-18-0
386	189896-42-2
386	19004-19-4
386	19025-98-0
386	190280-64-9
386	19179-44-3
386	192230-32-3
386	192726-54-8
386	19332-78-6
386	19372-21-5
386	19426-70-1
386	19426-73-4
386	194554-01-3
386	194614-54-5
386	195161-80-9
386	19662-59-0
386	20074-76-4
386	20240-06-6
386	20255-20-3
386	20405-12-3
386	20405-64-5
386	20424-95-7
386	20427-59-2
386	20543-04-8
386	20563-00-2
386	20654-09-5
386	209343-48-6
386	20936-31-6
386	20936-33-8
386	2102-06-9
386	211564-97-5
386	211925-80-3
386	21246-18-4
386	213190-86-4
386	2133832-31-0
386	213531-97-6
386	213539-83-4
386	21405-81-2
386	21707-45-9
386	220971-30-2
386	2218-80-6
386	22205-45-4
386	22221-10-9
386	229326-16-3
386	22992-79-6
386	22992-96-7
386	23087-46-9
386	23325-63-5
386	234446-82-3
386	235772-41-5
386	23642-01-5
386	23658-53-9
386	23658-54-0
386	23970-06-1
386	23970-24-3
386	24111-17-9
386	24381-58-6
386	244244-86-8
386	24484-01-3
386	245678-20-0
386	251654-72-5
386	25215-53-6
386	25267-55-4
386	25512-09-8
386	25512-11-2
386	25512-12-3
386	25512-85-0
386	25721-57-7
386	25828-75-5
386	25869-11-8
386	259748-83-9
386	25986-23-6
386	26061-35-8
386	26317-27-1
386	26321-58-4
386	26400-93-1
386	264233-64-9
386	26506-47-8
386	265669-02-1
386	26570-87-6
386	26656-82-6
386	2676888-58-5
386	26854-10-4
386	26864-44-8
386	26893-93-6
386	27004-40-6
386	27121-30-8
386	27121-79-5
386	27137-19-5
386	2720483-60-1
386	27228-67-7
386	27269-47-2
386	273404-95-8
386	27360-85-6
386	27405-89-6
386	27601-14-5
386	27614-70-6
386	27614-71-7
386	27614-75-1
386	27744-35-0
386	28069-65-0
386	281664-46-8
386	28302-36-5
386	28356-46-9
386	28407-37-6
386	28451-28-7
386	28469-62-7
386	2850-65-9
386	28553-45-9
386	28566-83-8
386	28632-29-3
386	28632-30-6
386	28654-73-1
386	28777-01-7
386	28802-09-7
386	28901-96-4
386	289632-60-6
386	29058-90-0
386	2917-31-9
386	29188-28-1
386	292140-30-8
386	29713-19-7
386	29719-96-8
386	29728-96-9
386	29763-53-9
386	29871-13-4
386	2991368-86-4
386	29961-99-7
386	30053-43-1
386	302-07-8
386	30272-90-3
386	304671-71-4
386	30638-09-6
386	30638-10-9
386	30644-11-2
386	31089-39-1
386	31102-54-2
386	3112-74-1
386	31235-28-6
386	31243-88-6
386	312600-89-8
386	31278-57-6
386	31278-65-6
386	31323-25-8
386	31361-57-6
386	3164-31-6
386	31765-95-4
386	32276-75-8
386	3251-23-8
386	32510-27-3
386	32575-57-8
386	32628-05-0
386	32680-29-8
386	3271-87-2
386	32817-15-5
386	33010-91-2
386	33113-08-5
386	331283-85-3
386	33271-65-7
386	33382-64-8
386	33481-16-2
386	33636-93-0
386	33643-73-1
386	33773-63-6
386	33864-99-2
386	34010-85-0
386	34262-89-0
386	3444-14-2
386	345338-75-2
386	34567-54-9
386	34771-63-6
386	34831-02-2
386	34836-53-8
386	34870-85-4
386	34946-82-2
386	350600-52-1
386	35121-64-3
386	35206-70-3
386	35254-77-4
386	35322-29-3
386	354994-06-2
386	35718-34-4
386	35745-23-4
386	35788-00-2
386	36090-21-8
386	36190-66-6
386	36655-19-3
386	366803-74-9
386	36759-10-1
386	36812-50-7
386	371159-68-1
386	371973-48-7
386	371973-49-8
386	37220-44-3
386	37223-52-2
386	37223-81-7
386	37233-52-6
386	37279-47-3
386	37279-53-1
386	37279-54-2
386	37294-24-9
386	37337-11-4
386	37337-13-6
386	373383-89-2
386	37359-15-2
386	37396-60-4
386	37979-85-4
386	38218-87-0
386	38465-60-0
386	38828-82-9
386	388616-20-4
386	3890-89-9
386	38994-57-9
386	39208-15-6
386	392718-62-6
386	39290-85-2
386	393523-87-0
386	39361-73-4
386	39377-49-6
386	39378-75-1
386	39412-44-7
386	39445-33-5
386	39445-37-9
386	39473-10-4
386	39702-40-4
386	401803-97-2
386	40452-11-7
386	41127-68-8
386	41276-95-3
386	41380-06-7
386	4162-43-0
386	417707-11-0
386	4180-12-5
386	42152-46-5
386	423724-63-4
386	42485-64-3
386	42616-63-7
386	42739-64-0
386	43043-77-2
386	43061-87-6
386	4367-08-2
386	438468-58-7
386	45650-15-5
386	47107-74-4
386	47110-30-5
386	472956-91-5
386	479541-17-8
386	48138-75-6
386	495405-74-8
386	495405-75-9
386	496923-23-0
386	50315-14-5
386	50400-19-6
386	50884-01-0
386	51139-42-5
386	51139-43-6
386	5128-10-9
386	51331-32-9
386	51366-17-7
386	51481-19-7
386	51554-05-3
386	51681-26-6
386	51819-19-3
386	51912-52-8
386	52418-31-2
386	52454-54-3
386	52503-64-7
386	52691-95-9
386	527-09-3
386	52856-54-9
386	52933-45-6
386	52953-36-3
386	53028-77-6
386	53044-06-7
386	53108-47-7
386	53156-93-7
386	53224-08-1
386	53231-49-5
386	5328-04-1
386	53289-89-7
386	533-01-7
386	53404-24-3
386	53555-23-0
386	536974-53-5
386	53721-10-1
386	53801-63-1
386	53802-06-5
386	5393-04-4
386	53988-93-5
386	540-16-9
386	54175-26-7
386	54227-68-8
386	5423-38-1
386	54253-62-2
386	544-19-4
386	544-92-3
386	54427-07-5
386	54427-17-7
386	54446-14-9
386	54453-03-1
386	54678-23-8
386	5468-83-7
386	547-56-8
386	54816-20-5
386	5497-52-9
386	54999-30-3
386	55072-57-6
386	55158-44-6
386	55200-89-0
386	55353-02-1
386	55468-24-1
386	55632-67-2
386	55671-32-4
386	55819-49-3
386	55819-50-6
386	55945-96-5
386	55948-03-3
386	56047-80-4
386	56207-93-3
386	56405-02-8
386	56530-90-6
386	56832-15-6
386	569316-88-7
386	57036-53-0
386	57145-80-9
386	57347-17-8
386	573983-15-0
386	57425-52-2
386	57596-11-9
386	57602-19-4
386	57655-28-4
386	57781-96-1
386	57916-96-8
386	58675-51-7
386	5893-64-1
386	5893-66-3
386	59160-73-5
386	59160-79-1
386	59219-07-7
386	59518-91-1
386	5965-40-2
386	598-54-9
386	59966-88-0
386	6020-30-0
386	6020-31-1
386	60265-89-6
386	60351-11-3
386	60351-12-4
386	6046-93-1
386	6046-97-5
386	6046-99-7
386	60764-72-9
386	60764-75-2
386	60880-51-5
386	60937-79-3
386	60976-91-2
386	61027-69-8
386	61091-23-4
386	61103-22-8
386	61482-17-5
386	61489-66-5
386	61489-77-8
386	61537-10-8
386	61573-60-2
386	61607-82-7
386	61641-50-7
386	61788-34-9
386	61789-22-8
386	61814-39-9
386	61827-83-6
386	61912-85-4
386	62008-24-6
386	62271-30-1
386	62320-94-9
386	62364-11-8
386	62726-15-2
386	62975-02-4
386	63035-26-7
386	63105-49-7
386	63126-89-6
386	633343-78-9
386	63373-74-0
386	63395-37-9
386	63427-32-7
386	63440-50-6
386	63526-72-7
386	63588-36-3
386	63950-02-7
386	63982-56-9
386	6408-20-4
386	6408-21-5
386	6408-23-7
386	6416-10-0
386	6418-65-1
386	64333-57-9
386	64443-05-6
386	64567-64-2
386	6459-63-8
386	64659-59-2
386	64659-60-5
386	64883-30-3
386	65104-05-4
386	65105-03-5
386	65121-91-7
386	65138-80-9
386	65138-81-0
386	65138-82-1
386	65138-83-2
386	65150-84-7
386	65168-06-1
386	6533-47-7
386	65330-59-8
386	65555-90-0
386	65732-10-7
386	65929-10-4
386	65997-18-4
386	660-60-6
386	66019-06-5
386	66085-74-3
386	66121-19-5
386	66142-99-2
386	66225-59-0
386	66225-60-3
386	66225-64-7
386	66225-65-8
386	66256-76-6
386	66276-83-3
386	66317-91-7
386	66358-72-3
386	66418-17-5
386	66418-18-6
386	6656-03-7
386	6656-04-8
386	6661-33-2
386	66860-79-5
386	66923-66-8
386	67028-54-0
386	6717-36-8
386	67177-88-2
386	67181-98-0
386	67340-41-4
386	6739-62-4
386	676123-47-0
386	67689-48-9
386	67689-49-0
386	67711-87-9
386	67711-88-0
386	67711-89-1
386	67711-90-4
386	67711-91-5
386	67711-92-6
386	67711-93-7
386	67711-94-8
386	67711-95-9
386	67711-96-0
386	67711-97-1
386	67711-98-2
386	67711-99-3
386	67712-00-9
386	67800-99-1
386	67801-00-7
386	67827-85-4
386	67828-07-3
386	67828-23-3
386	67828-28-8
386	67859-40-9
386	67859-43-2
386	67859-44-3
386	67859-46-5
386	67859-50-1
386	67892-59-5
386	67893-09-8
386	67906-20-1
386	67939-30-4
386	67952-80-1
386	67952-81-2
386	67968-25-6
386	6798-03-4
386	67989-88-2
386	67989-89-3
386	67999-65-9
386	68015-79-2
386	68025-42-3
386	68035-71-2
386	68037-34-3
386	68037-35-4
386	68037-36-5
386	68039-60-1
386	68039-61-2
386	68039-64-5
386	68084-48-0
386	68110-18-9
386	68123-45-5
386	68131-74-8
386	68132-91-2
386	68133-81-3
386	68134-59-8
386	68140-31-8
386	68140-32-9
386	68140-34-1
386	68140-35-2
386	68140-36-3
386	68140-37-4
386	68155-92-0
386	681847-78-9
386	68186-86-7
386	68186-91-4
386	68201-66-1
386	68214-29-9
386	68239-45-2
386	68239-53-2
386	68239-54-3
386	68239-59-8
386	68308-19-0
386	68310-83-8
386	68318-39-8
386	68324-29-8
386	68332-81-0
386	68341-09-3
386	6837-87-2
386	68391-62-8
386	68398-35-6
386	68400-21-5
386	68400-22-6
386	68400-23-7
386	68400-24-8
386	68406-65-5
386	68411-02-9
386	68411-03-0
386	68411-04-1
386	68411-05-2
386	68411-06-3
386	68411-07-4
386	68425-85-4
386	68425-86-5
386	68439-42-9
386	68441-43-0
386	68441-64-5
386	68442-63-7
386	68442-64-8
386	68442-86-4
386	68475-46-7
386	68477-11-2
386	68512-13-0
386	68512-14-1
386	68512-23-2
386	68512-24-3
386	68512-49-2
386	68512-50-5
386	68512-51-6
386	68515-67-3
386	68516-98-3
386	68516-99-4
386	68555-96-4
386	68583-43-7
386	68584-42-9
386	68585-51-3
386	68585-52-4
386	68585-90-0
386	68585-91-1
386	68585-93-3
386	68586-04-9
386	68604-54-6
386	68608-72-0
386	68609-03-0
386	68611-66-5
386	68611-68-7
386	68611-70-1
386	68630-79-5
386	68647-43-8
386	68784-10-1
386	68784-84-9
386	68833-88-5
386	68855-30-1
386	68855-31-2
386	68876-98-2
386	68877-00-9
386	68891-87-2
386	68908-94-1
386	68909-43-3
386	68909-44-4
386	68912-12-9
386	68921-55-1
386	68954-20-1
386	68958-91-8
386	68966-89-2
386	68966-90-5
386	68967-01-1
386	68967-02-2
386	68975-64-4
386	68975-66-6
386	68986-76-5
386	68987-61-1
386	68987-62-2
386	68987-63-3
386	68987-64-4
386	68992-20-1
386	69011-56-9
386	69011-58-1
386	69011-60-5
386	69011-95-6
386	69012-16-4
386	69012-17-5
386	69012-18-6
386	69012-19-7
386	69012-20-0
386	69012-22-2
386	69012-26-6
386	69012-38-0
386	69012-45-9
386	69012-47-1
386	69012-50-6
386	69012-51-7
386	69012-52-8
386	69012-54-0
386	69012-56-2
386	69012-58-4
386	69012-67-5
386	69012-71-1
386	69012-72-2
386	69012-74-4
386	69012-75-5
386	69012-76-6
386	69012-77-7
386	69012-78-8
386	69029-47-6
386	69029-51-2
386	69029-52-3
386	69029-57-8
386	69029-58-9
386	69029-67-0
386	69029-94-3
386	69029-97-6
386	69029-98-7
386	69030-02-0
386	69121-24-0
386	69121-25-1
386	69140-61-0
386	69227-01-6
386	69227-11-8
386	69278-95-1
386	69278-96-2
386	69418-68-4
386	69431-77-2
386	69682-18-4
386	69721-07-9
386	69868-09-3
386	69898-57-3
386	70161-20-5
386	70236-50-9
386	70236-52-1
386	70236-53-2
386	70236-54-3
386	70247-71-1
386	70247-72-2
386	70247-84-6
386	70247-85-7
386	70304-36-8
386	70304-38-0
386	70304-39-1
386	70304-40-4
386	70493-34-4
386	70529-02-1
386	70581-71-4
386	70693-19-5
386	70714-64-6
386	70750-63-9
386	70776-00-0
386	70776-13-5
386	70879-63-9
386	70880-03-4
386	70892-30-7
386	70892-31-8
386	70892-50-1
386	70955-63-4
386	70955-64-5
386	70983-44-7
386	70983-45-8
386	70983-56-1
386	71002-21-6
386	71002-22-7
386	71032-92-3
386	71042-99-4
386	71076-99-8
386	71097-29-5
386	71097-30-8
386	711030-33-0
386	71215-74-2
386	71215-75-3
386	71299-09-7
386	71396-24-2
386	7144-37-8
386	71484-80-5
386	71566-20-6
386	71566-21-7
386	71566-22-8
386	71566-24-0
386	71566-25-1
386	71598-36-2
386	71617-30-6
386	71617-68-0
386	71617-70-4
386	71630-92-7
386	717096-44-1
386	71735-53-0
386	71735-54-1
386	71735-56-3
386	71735-57-4
386	71735-60-9
386	71735-62-1
386	71735-63-2
386	71735-64-3
386	71735-65-4
386	71745-82-9
386	71786-55-5
386	71788-32-4
386	71873-62-6
386	71873-63-7
386	71889-03-7
386	71889-04-8
386	71889-43-5
386	71949-28-5
386	71962-07-7
386	72066-64-9
386	72139-06-1
386	72139-09-4
386	72139-10-7
386	72139-11-8
386	72152-46-6
386	72152-47-7
386	72152-55-7
386	72152-68-2
386	72152-69-3
386	72152-70-6
386	72152-71-7
386	7219-11-6
386	72207-64-8
386	72207-65-9
386	72208-06-1
386	72214-17-6
386	72252-61-0
386	72264-74-5
386	72275-81-1
386	72275-98-0
386	72374-88-0
386	72379-02-3
386	72379-03-4
386	72391-05-0
386	72391-07-2
386	72391-08-3
386	72403-30-6
386	72403-38-4
386	72403-39-5
386	72403-40-8
386	72428-96-7
386	72428-99-0
386	72479-32-4
386	72479-97-1
386	72480-58-1
386	72480-60-5
386	72506-31-1
386	72514-83-1
386	72623-97-3
386	7268-92-0
386	72749-49-6
386	72749-50-9
386	72749-51-0
386	72749-52-1
386	72749-53-2
386	72828-16-1
386	72828-27-4
386	72828-28-5
386	72829-35-7
386	72854-33-2
386	72854-36-5
386	72854-39-8
386	72854-40-1
386	72855-57-3
386	72859-90-6
386	72869-26-2
386	72869-28-4
386	72869-37-5
386	72869-84-2
386	72894-04-3
386	72905-93-2
386	72905-94-3
386	72905-95-4
386	72905-96-5
386	72905-97-6
386	72905-98-7
386	72905-99-8
386	72906-00-4
386	72906-01-5
386	72906-19-5
386	72906-61-7
386	72906-62-8
386	72906-63-9
386	72906-64-0
386	72906-65-1
386	72915-82-3
386	72927-72-1
386	72928-60-0
386	72928-61-1
386	72928-62-2
386	72928-71-3
386	72939-55-0
386	72953-54-9
386	72953-55-0
386	72968-23-1
386	72968-24-2
386	72984-30-6
386	72984-31-7
386	72984-32-8
386	73018-42-5
386	73018-43-6
386	73018-44-7
386	73018-45-8
386	73018-46-9
386	73018-47-0
386	73018-87-8
386	73038-37-6
386	73049-92-0
386	73050-33-6
386	73070-37-8
386	730935-81-6
386	73156-86-2
386	73188-73-5
386	732199-83-6
386	73287-47-5
386	73287-48-6
386	73296-92-1
386	73297-22-0
386	73297-24-2
386	73297-25-3
386	73297-26-4
386	73297-36-6
386	73323-17-8
386	73324-03-5
386	73378-62-8
386	73378-63-9
386	73378-64-0
386	73378-65-1
386	73455-75-1
386	73507-19-4
386	73507-21-8
386	73507-22-9
386	73507-23-0
386	73507-24-1
386	73507-26-3
386	73507-27-4
386	73507-28-5
386	73507-29-6
386	73507-37-6
386	73507-39-8
386	73507-71-8
386	73513-81-2
386	73513-82-3
386	73514-01-9
386	73514-02-0
386	73514-03-1
386	73559-41-8
386	736076-00-9
386	73637-19-1
386	73650-11-0
386	73836-75-6
386	739339-56-1
386	740050-08-2
386	74077-29-5
386	74082-14-7
386	74181-84-3
386	74204-30-1
386	74315-47-2
386	74332-41-5
386	7440-50-8
386	74404-49-2
386	74432-30-7
386	74449-65-3
386	74449-66-4
386	7447-39-4
386	74577-19-8
386	74587-42-1
386	74592-98-6
386	74592-99-7
386	74593-00-3
386	74593-01-4
386	74610-56-3
386	74642-98-1
386	74664-50-9
386	74685-92-0
386	74708-59-1
386	7481-27-8
386	748705-84-2
386	749144-68-1
386	7492-68-4
386	749887-18-1
386	75082-22-3
386	75101-28-9
386	75125-62-1
386	75150-07-1
386	75150-08-2
386	75173-67-0
386	75173-68-1
386	75199-09-6
386	75199-10-9
386	752139-51-8
386	75214-59-4
386	75214-64-1
386	75214-66-3
386	752152-93-5
386	752157-53-2
386	75247-18-6
386	75268-77-8
386	75284-35-4
386	75284-37-6
386	75300-76-4
386	75300-77-5
386	75422-19-4
386	75422-20-7
386	754935-23-4
386	75508-34-8
386	75523-88-5
386	75732-01-3
386	75881-23-1
386	760902-85-0
386	761356-37-0
386	7617-31-4
386	763020-68-4
386	76359-37-0
386	7681-65-4
386	77001-44-6
386	77097-86-0
386	77111-29-6
386	7721-15-5
386	774132-85-3
386	775235-53-5
386	7758-89-6
386	7758-98-7
386	7758-99-8
386	77743-24-9
386	7778-41-8
386	77840-01-8
386	7787-70-4
386	7789-19-7
386	7789-45-9
386	7798-23-4
386	78170-27-1
386	78181-07-4
386	78413-59-9
386	78709-73-6
386	78885-60-6
386	78969-81-0
386	79135-29-8
386	79135-30-1
386	79152-56-0
386	79152-58-2
386	79357-67-8
386	79357-68-9
386	79357-72-5
386	79357-78-1
386	79357-80-5
386	79357-81-6
386	79357-83-8
386	79366-36-2
386	79665-39-7
386	79665-40-0
386	79665-42-2
386	79704-00-0
386	79855-91-7
386	79855-92-8
386	79953-86-9
386	80042-44-0
386	80056-12-8
386	8011-63-0
386	8012-69-9
386	8014-85-5
386	80146-12-9
386	80146-13-0
386	80146-14-1
386	80146-15-2
386	8028-73-7
386	80289-21-0
386	80431-67-0
386	80431-68-1
386	80448-87-9
386	80448-88-0
386	8049-11-4
386	8063-57-8
386	8065-68-7
386	8066-21-5
386	8069-53-2
386	8070-45-9
386	807622-86-2
386	81273-54-3
386	814-81-3
386	814-91-5
386	81457-64-9
386	81457-65-0
386	81478-26-4
386	815-82-7
386	81611-05-4
386	81626-37-1
386	81737-16-8
386	81737-17-9
386	819-74-9
386	819860-69-0
386	819860-85-0
386	82010-82-0
386	82027-59-6
386	82027-60-9
386	82338-76-9
386	82457-12-3
386	82469-75-8
386	82640-07-1
386	82864-55-9
386	82864-56-0
386	82864-57-1
386	82864-58-2
386	83027-55-8
386	83232-52-4
386	83232-53-5
386	83232-54-6
386	83232-55-7
386	83232-56-8
386	83417-35-0
386	83534-18-3
386	83562-89-4
386	83804-05-1
386	83863-34-7
386	83949-57-9
386	83949-58-0
386	83951-72-8
386	84012-10-2
386	84049-36-5
386	84057-70-5
386	84057-71-6
386	84066-86-4
386	84082-87-1
386	84082-88-2
386	84082-89-3
386	84082-90-6
386	84082-91-7
386	84082-92-8
386	84082-95-1
386	84100-66-3
386	84129-18-0
386	84129-19-1
386	84144-90-1
386	84145-36-8
386	84145-48-2
386	84195-85-7
386	84195-98-2
386	84196-27-0
386	84196-28-1
386	84215-63-4
386	84238-48-2
386	84238-49-3
386	84238-50-6
386	84238-51-7
386	84282-29-1
386	84501-46-2
386	84501-47-3
386	84583-67-5
386	84583-71-1
386	84583-72-2
386	84583-77-7
386	84583-78-8
386	84583-84-6
386	84583-85-7
386	84682-48-4
386	84713-02-0
386	84773-84-2
386	84773-85-3
386	84773-86-4
386	84773-87-5
386	84777-26-4
386	84777-31-1
386	84777-34-4
386	84823-11-0
386	84836-95-3
386	84929-84-0
386	84929-85-1
386	84929-86-2
386	84961-87-5
386	84989-28-6
386	84989-29-7
386	84989-30-0
386	84989-31-1
386	84989-32-2
386	84989-33-3
386	84989-34-4
386	84989-35-5
386	84989-55-9
386	85005-54-5
386	85049-29-2
386	85080-51-9
386	850813-15-9
386	85085-84-3
386	85099-45-2
386	850994-04-6
386	85117-21-1
386	85118-11-2
386	85118-12-3
386	85118-13-4
386	85167-42-6
386	85186-14-7
386	85186-15-8
386	85186-16-9
386	85186-17-0
386	85187-41-3
386	85203-72-1
386	85237-49-6
386	85237-50-9
386	85237-51-0
386	85255-95-4
386	85256-77-5
386	85269-40-5
386	85269-41-6
386	85269-42-7
386	85269-43-8
386	85269-44-9
386	85269-51-8
386	85269-52-9
386	85269-53-0
386	85281-56-7
386	85283-48-3
386	85305-04-0
386	85305-05-1
386	85305-07-3
386	85305-08-4
386	85338-12-1
386	85338-13-2
386	85338-14-3
386	85338-15-4
386	85338-16-5
386	85392-46-7
386	85392-74-1
386	85408-53-3
386	85410-17-9
386	85480-66-6
386	85480-67-7
386	85480-68-8
386	85480-69-9
386	85480-78-0
386	85567-02-8
386	85567-04-0
386	85585-86-0
386	85585-87-1
386	85585-88-2
386	85585-89-3
386	85585-90-6
386	85585-91-7
386	85614-41-1
386	85631-07-8
386	85631-08-9
386	85631-09-0
386	85631-10-3
386	85631-11-4
386	85631-95-4
386	85631-96-5
386	85648-20-0
386	85650-74-4
386	85650-75-5
386	85650-76-6
386	85650-77-7
386	85650-78-8
386	85650-96-0
386	85650-97-1
386	85650-98-2
386	85665-46-9
386	85665-47-0
386	85665-48-1
386	85737-14-0
386	85737-18-4
386	85745-52-4
386	85763-60-6
386	85763-61-7
386	857641-44-2
386	85865-84-5
386	85865-85-6
386	85865-86-7
386	85883-84-7
386	85958-88-9
386	85958-89-0
386	85959-71-3
386	85977-50-0
386	86014-67-7
386	86014-68-8
386	86014-69-9
386	86014-70-2
386	86014-71-3
386	86014-72-4
386	86014-73-5
386	86014-74-6
386	86014-75-7
386	86024-59-1
386	86024-60-4
386	86101-71-5
386	86101-72-6
386	86101-73-7
386	86101-74-8
386	86101-75-9
386	86101-76-0
386	86101-77-1
386	86242-87-7
386	86242-88-8
386	86242-91-3
386	86242-92-4
386	86262-21-7
386	863781-22-0
386	86437-45-8
386	86437-48-1
386	86437-49-2
386	86457-81-0
386	86457-82-1
386	86457-83-2
386	86457-84-3
386	866-82-0
386	866114-86-5
386	86753-78-8
386	87140-43-0
386	876132-97-7
386	87835-31-2
386	878390-73-9
386	882878-51-5
386	88358-67-2
386	88548-02-1
386	88859-94-3
386	89030-95-5
386	89139-22-0
386	89553-15-1
386	89696-02-6
386	89797-01-3
386	898287-57-5
386	898565-48-5
386	89899-26-3
386	89899-27-4
386	89899-28-5
386	89910-72-5
386	89933-61-9
386	89933-65-3
386	9001-53-0
386	9002-29-3
386	9007-39-0
386	90130-10-2
386	90171-11-2
386	9019-44-7
386	90247-33-9
386	90247-34-0
386	90247-35-1
386	90247-36-2
386	90294-70-5
386	90294-89-6
386	90294-90-9
386	90294-91-0
386	90294-92-1
386	90294-93-2
386	90294-94-3
386	90294-95-4
386	90294-96-5
386	90294-97-6
386	90294-98-7
386	90294-99-8
386	90295-00-4
386	90295-02-6
386	90295-03-7
386	90295-04-8
386	90295-05-9
386	90295-06-0
386	90295-07-1
386	90295-08-2
386	90295-09-3
386	90295-10-6
386	90295-11-7
386	90295-12-8
386	90295-13-9
386	90295-14-0
386	90295-15-1
386	90295-16-2
386	90295-17-3
386	90295-18-4
386	90295-19-5
386	90295-20-8
386	90295-21-9
386	90295-22-0
386	90295-23-1
386	90295-24-2
386	90295-25-3
386	90295-26-4
386	90295-27-5
386	90295-28-6
386	90295-29-7
386	90295-30-0
386	90295-31-1
386	90295-32-2
386	90295-33-3
386	90295-34-4
386	90295-35-5
386	90295-36-6
386	90341-57-4
386	90341-58-5
386	90341-59-6
386	90341-60-9
386	90341-61-0
386	90341-62-1
386	90341-63-2
386	90341-64-3
386	90341-65-4
386	90341-66-5
386	90341-67-6
386	90341-68-7
386	90341-69-8
386	90341-70-1
386	90341-71-2
386	90341-72-3
386	90341-73-4
386	90341-74-5
386	90341-75-6
386	90412-14-9
386	90452-20-3
386	9054-89-1
386	906648-17-7
386	906713-86-8
386	90677-78-4
386	91031-79-7
386	91053-45-1
386	91053-46-2
386	91053-47-3
386	91081-71-9
386	91081-72-0
386	91081-73-1
386	91081-74-2
386	91082-26-7
386	91082-84-7
386	91364-56-6
386	91670-37-0
386	91672-86-5
386	91672-87-6
386	91672-88-7
386	91672-89-8
386	91672-90-1
386	91672-91-2
386	91672-92-3
386	91672-93-4
386	91672-94-5
386	91745-42-5
386	91745-43-6
386	92129-57-2
386	92200-86-7
386	92200-87-8
386	92202-46-5
386	92266-74-5
386	92302-64-2
386	92332-18-8
386	92414-47-6
386	924902-00-1
386	92623-82-0
386	92731-39-0
386	92908-13-9
386	92908-14-0
386	92908-15-1
386	92908-46-8
386	92909-14-3
386	929689-97-4
386	929805-29-8
386	929875-82-1
386	93455-91-5
386	93572-65-7
386	93572-91-9
386	93572-92-0
386	93572-93-1
386	93572-96-4
386	93572-97-5
386	93572-98-6
386	93746-30-6
386	93762-51-7
386	93762-52-8
386	93776-43-3
386	93776-48-8
386	93776-49-9
386	93776-50-2
386	93776-51-3
386	93776-52-4
386	93776-53-5
386	93776-54-6
386	93776-55-7
386	937807-13-1
386	93783-55-2
386	93803-81-7
386	93805-30-2
386	93820-75-8
386	93840-74-5
386	93858-17-4
386	93858-18-5
386	93858-19-6
386	93858-39-0
386	93858-40-3
386	93858-41-4
386	93861-17-7
386	93893-72-2
386	93918-22-0
386	93918-23-1
386	93918-24-2
386	93918-68-4
386	93921-06-3
386	93924-04-0
386	93924-94-8
386	93924-95-9
386	93939-67-4
386	93940-93-3
386	93940-95-5
386	93951-22-5
386	93962-86-8
386	93963-85-0
386	93964-38-6
386	93964-39-7
386	93966-92-8
386	93971-95-0
386	93981-05-6
386	93982-82-2
386	94020-83-4
386	94020-92-5
386	94021-49-5
386	94021-57-5
386	94022-93-2
386	94031-29-5
386	94086-51-8
386	94086-58-5
386	94114-41-7
386	94114-42-8
386	941301-08-2
386	94159-25-8
386	94233-01-9
386	94233-32-6
386	94233-35-9
386	94233-36-0
386	94233-37-1
386	94233-38-2
386	94246-65-8
386	94246-73-8
386	94246-75-0
386	94246-76-1
386	94247-64-0
386	94275-75-9
386	94276-46-7
386	94276-47-8
386	94276-68-3
386	94276-75-2
386	94276-76-3
386	94276-78-5
386	94276-79-6
386	94276-86-5
386	94277-09-5
386	94277-10-8
386	94277-11-9
386	94277-12-0
386	94277-13-1
386	94277-14-2
386	94277-15-3
386	94277-16-4
386	94277-17-5
386	94277-19-7
386	94277-54-0
386	94277-73-3
386	94277-75-5
386	94277-77-7
386	94279-42-2
386	94314-07-5
386	944730-39-6
386	94502-52-0
386	94534-99-3
386	94551-59-4
386	94551-71-0
386	94551-72-1
386	94551-74-3
386	94551-81-2
386	94551-87-8
386	94551-88-9
386	94551-89-0
386	94552-01-9
386	94552-02-0
386	94624-19-8
386	94701-72-1
386	94805-01-3
386	94956-11-3
386	95009-01-1
386	95009-03-3
386	95046-49-4
386	95370-52-8
386	95370-53-9
386	95660-31-4
386	95873-71-5
386	95873-72-6
386	95917-74-1
386	95976-70-8
386	96024-35-0
386	96591-22-9
386	97198-18-0
386	97211-69-3
386	97280-84-7
386	97358-68-4
386	97392-83-1
386	97403-79-7
386	97416-92-7
386	97434-80-5
386	97592-60-4
386	97592-69-3
386	97592-70-6
386	97592-71-7
386	97659-67-1
386	97660-26-9
386	97660-41-8
386	97660-42-9
386	97660-43-0
386	97808-74-7
386	97808-75-8
386	97808-76-9
386	97808-77-0
386	97809-03-5
386	97862-46-9
386	98072-83-4
386	98171-63-2
386	98246-91-4
386	98467-38-0
386	98654-21-8
386	98710-86-2
386	98765-70-9
386	99118-57-7
386	99148-45-5
386	99148-46-6
386	99148-47-7
386	99148-52-4
386	99328-50-4
386	99548-94-4
386	99625-26-0
386	99749-28-7
386	P-00-0364
386	P-00-0365
386	P-00-1057
386	P-01-0922
386	P-02-0338
386	P-02-0893
386	P-03-0037
386	P-03-0038
386	P-80-0102
386	P-82-0291
386	P-82-0485
386	P-82-0518
386	P-82-0651
386	P-82-0652
386	P-82-0702
386	P-83-0114
386	P-83-0115
386	P-83-0243
386	P-83-0270
386	P-83-0367
386	P-83-0378
386	P-83-0379
386	P-83-0495
386	P-83-0893
386	P-83-1043
386	P-83-1044
386	P-84-0063
386	P-84-0179
386	P-84-1107
386	P-84-1132
386	P-84-1152
386	P-85-1096
386	P-85-1314
386	P-86-1162
386	P-87-0126
386	P-88-2087
386	P-90-0534
386	P-90-1506
386	P-90-1796
386	P-91-0156
386	P-91-0969
386	P-91-1278
386	P-92-0021
386	P-92-0053
386	P-93-0711
386	P-93-0842
386	P-93-0846
386	P-93-1557
386	P-94-0137
386	P-94-0580
386	P-94-1752
386	P-95-1124
386	P-95-1887
386	P-96-0329
386	P-97-0384
386	P-97-0569
386	P-98-0117
386	P-99-0105
386	P-99-0752
386	RR-00228-8
386	RR-00595-8
386	RR-02117-0
386	RR-02211-7
386	RR-02247-9
386	RR-02424-8
386	RR-02604-0
386	RR-02772-5
386	RR-03690-8
386	RR-04218-2
386	RR-08428-6
386	RR-08678-2
386	RR-08828-8
386	RR-09042-6
386	RR-09679-7
386	RR-09680-0
386	RR-09681-1
386	RR-09682-2
386	RR-10594-2
386	RR-10874-7
386	RR-10975-1
386	RR-11265-2
386	RR-113381-9
386	RR-120976-3
386	RR-145684-4
386	RR-145882-8
386	RR-16986-8
386	RR-17049-0
386	RR-171585-1
386	RR-17354-6
386	RR-18723-5
386	RR-18868-1
386	RR-19354-4
386	RR-23940-7
386	RR-24168-9
386	RR-24315-2
386	RR-24357-2
386	RR-24506-7
386	RR-24507-8
386	RR-24575-0
386	RR-24753-0
386	RR-24754-1
386	RR-24756-3
386	RR-24758-5
386	RR-24761-0
386	RR-24763-2
386	RR-30436-9
386	RR-30437-0
386	RR-30438-1
386	RR-30439-2
386	RR-30494-9
386	RR-30497-2
386	RR-30633-2
386	RR-31075-8
386	RR-31468-1
386	RR-31469-2
386	RR-31471-6
386	RR-31873-0
386	RR-31964-2
386	RR-32823-4
386	RR-40755-6
386	RR-41488-0
386	RR-41489-1
386	RR-42562-7
386	RR-46124-5
386	RR-46125-6
386	RR-51621-2
386	RR-52452-7
386	RR-63041-1
386	RR-64140-7
386	RR-69084-6
386	RR-92419-6
386	UN2802
387	10024-66-5
387	100298-63-3
387	100308-01-8
387	100308-02-9
387	100308-08-5
387	10031-20-6
387	10034-96-5
387	100402-46-8
387	100402-47-9
387	100402-53-7
387	100402-65-1
387	100402-96-8
387	100403-02-9
387	10043-84-2
387	10060-26-1
387	100756-24-9
387	10101-50-5
387	10101-66-3
387	10101-68-5
387	10102-36-0
387	10118-76-0
387	10124-54-6
387	10124-55-7
387	101356-94-9
387	101357-01-1
387	101357-03-3
387	101357-04-4
387	101357-05-5
387	101357-08-8
387	101357-13-5
387	101362-28-1
387	10139-57-8
387	101500-43-0
387	10170-69-1
387	102047-23-4
387	102047-24-5
387	102047-25-6
387	102047-26-7
387	102110-21-4
387	102110-26-9
387	102110-27-0
387	102110-31-6
387	102110-32-7
387	102110-33-8
387	102110-36-1
387	102262-20-4
387	102262-21-5
387	102262-22-6
387	102262-23-7
387	10234-99-8
387	10236-39-2
387	10294-64-1
387	103287-47-4
387	10377-62-5
387	10377-66-9
387	103937-77-5
387	103972-75-4
387	104037-78-7
387	104193-72-8
387	104663-56-1
387	104813-24-3
387	10535-02-1
387	105883-50-9
387	107452-09-5
387	108043-20-5
387	109118-59-4
387	109118-60-7
387	109885-98-5
387	110102-14-2
387	11065-74-0
387	11097-89-5
387	111073-42-8
387	111073-43-9
387	111073-44-0
387	11113-71-6
387	11115-91-6
387	11125-27-2
387	111283-62-6
387	11129-60-5
387	11129-61-6
387	11132-78-8
387	113387-15-8
387	113787-08-9
387	114060-61-6
387	114679-30-0
387	116155-37-4
387	116348-63-1
387	116633-52-4
387	116633-53-5
387	117660-41-0
387	119130-84-6
387	119219-12-4
387	119315-99-0
387	119316-03-9
387	119316-05-1
387	119316-08-4
387	119316-15-3
387	119793-38-3
387	119884-25-2
387	12001-34-2
387	12003-70-2
387	12005-95-7
387	12005-96-8
387	12010-50-3
387	12025-99-9
387	12032-69-8
387	12032-74-5
387	12032-75-6
387	12032-78-9
387	12032-82-5
387	12032-85-8
387	12032-86-9
387	12032-88-1
387	12032-89-2
387	12032-97-2
387	12033-07-7
387	12043-69-5
387	12045-15-7
387	12045-16-8
387	12049-47-7
387	12057-17-9
387	12057-92-0
387	12062-81-6
387	12071-17-9
387	12079-65-1
387	120973-15-1
387	12108-13-3
387	12121-90-3
387	12125-23-4
387	12125-33-6
387	12142-41-5
387	12157-90-3
387	12162-79-7
387	12163-00-7
387	12163-45-0
387	12163-53-0
387	12163-59-6
387	12175-02-9
387	12196-74-6
387	12205-44-6
387	12228-50-1
387	12228-91-0
387	12229-02-6
387	12230-80-7
387	12232-96-1
387	12238-31-2
387	12253-13-3
387	12253-45-1
387	12260-22-9
387	12266-65-8
387	12271-96-4
387	12299-98-8
387	12357-52-7
387	123615-79-2
387	123615-95-2
387	123616-02-4
387	1236208-18-6
387	123633-91-0
387	123713-29-1
387	12438-71-0
387	12502-82-8
387	125328-27-0
387	125328-50-9
387	12565-60-5
387	12604-53-4
387	126187-18-6
387	12626-88-9
387	12645-49-7
387	12646-17-2
387	12656-69-8
387	12688-94-7
387	1271-27-8
387	12713-03-0
387	1272410-60-2
387	12737-09-6
387	12738-03-3
387	12743-28-1
387	12789-36-5
387	12795-16-3
387	129249-24-7
387	1307699-76-8
387	1309-53-1
387	1309-55-3
387	1310-97-0
387	1310-98-1
387	1313-13-9
387	1313-22-0
387	1317-34-6
387	1317-35-7
387	1319-75-1
387	1320-46-3
387	13224-08-3
387	1332-08-7
387	1332-62-3
387	1336-93-2
387	1338-87-0
387	13434-24-7
387	1344-43-0
387	13444-72-9
387	13446-03-2
387	13446-10-1
387	13446-20-3
387	13446-34-9
387	13446-35-0
387	13446-44-1
387	13453-79-7
387	13456-28-5
387	13465-27-5
387	13465-41-3
387	13465-49-1
387	134904-63-5
387	13566-22-8
387	13568-32-6
387	13568-71-3
387	1363198-04-2
387	13718-34-8
387	1372545-89-5
387	13770-16-6
387	138124-32-0
387	13817-36-2
387	13918-22-4
387	13966-31-9
387	139939-61-0
387	14013-15-1
387	14023-90-6
387	14024-58-9
387	1405-99-8
387	14092-99-0
387	14100-30-2
387	14154-09-7
387	14177-46-9
387	14263-16-2
387	14284-89-0
387	143007-66-3
387	14325-24-7
387	14376-54-6
387	14392-03-1
387	144437-66-1
387	14446-13-0
387	14465-99-7
387	144713-07-5
387	14495-13-7
387	14516-54-2
387	14681-52-8
387	14727-95-8
387	14841-83-9
387	149264-32-4
387	149294-96-2
387	149656-63-3
387	14986-94-8
387	14986-95-9
387	149922-80-5
387	14998-36-8
387	14998-38-0
387	14999-33-8
387	15195-58-1
387	15244-36-7
387	15339-36-3
387	15364-94-0
387	153728-36-0
387	15375-84-5
387	15609-81-1
387	156735-49-8
387	15685-17-3
387	15702-33-7
387	15702-34-8
387	15710-66-4
387	158456-30-5
387	15851-49-7
387	15915-03-4
387	15956-58-8
387	16039-56-8
387	1628435-35-7
387	16351-10-3
387	1638220-46-8
387	16571-42-9
387	1671083-23-0
387	1679350-32-3
387	1692886-45-5
387	16962-31-5
387	17009-27-7
387	17141-63-8
387	172672-41-2
387	17375-02-9
387	17375-29-0
387	17375-37-0
387	179240-14-3
387	18154-90-0
387	182442-95-1
387	185299-40-5
387	186350-31-2
387	18718-07-5
387	18820-29-6
387	189139-63-7
387	18917-85-6
387	18933-05-6
387	19153-79-8
387	19513-05-4
387	195161-78-5
387	19664-95-0
387	201233-93-4
387	20243-64-5
387	20603-88-7
387	20694-39-7
387	209416-66-0
387	20959-56-2
387	21129-18-0
387	21248-70-4
387	22405-70-5
387	22775-65-1
387	23250-73-9
387	234446-82-3
387	2363126-51-4
387	2363126-59-2
387	25327-03-1
387	25808-75-7
387	25868-86-4
387	26204-60-4
387	269729-99-9
387	27253-32-3
387	27526-45-0
387	28029-54-1
387	28041-68-1
387	2850-75-1
387	28602-69-9
387	29193-02-0
387	292140-32-0
387	29789-06-8
387	29826-51-5
387	30031-44-8
387	301-03-1
387	301678-04-6
387	301850-33-9
387	30488-22-3
387	304905-29-1
387	30744-82-2
387	3251-96-5
387	32916-06-6
387	3353-05-7
387	339311-30-7
387	34156-69-9
387	35355-77-2
387	35542-88-2
387	359427-90-0
387	36333-79-6
387	36474-32-5
387	37187-66-9
387	37188-30-0
387	37223-53-3
387	37449-19-7
387	378782-03-7
387	37991-53-0
387	38344-88-6
387	38639-72-4
387	39298-00-5
387	39303-06-5
387	39432-47-8
387	39432-69-4
387	39438-40-9
387	40105-04-2
387	47265-07-6
387	51349-94-1
387	51877-53-3
387	51901-10-1
387	52014-17-2
387	52080-81-6
387	52233-00-8
387	52233-09-7
387	52238-52-5
387	52279-49-9
387	52562-37-5
387	52623-88-8
387	5280-66-0
387	52966-95-7
387	53404-58-3
387	53731-35-4
387	53988-93-5
387	54675-76-2
387	54842-08-9
387	55392-76-2
387	55448-20-9
387	56532-43-5
387	56729-39-6
387	56743-91-0
387	56779-88-5
387	57650-55-2
387	5968-88-7
387	598-62-9
387	59866-24-9
387	60240-47-3
387	61007-89-4
387	61219-26-9
387	6147-00-8
387	6156-78-1
387	61788-52-1
387	61788-53-2
387	61788-57-6
387	61788-58-7
387	61789-35-3
387	61789-50-2
387	61810-04-6
387	62712-14-5
387	62713-28-4
387	6358-40-3
387	636-13-5
387	63665-25-8
387	637-82-1
387	638-38-0
387	640-67-5
387	64002-83-1
387	64333-01-3
387	64552-28-9
387	646-00-4
387	6485-39-8
387	6535-19-9
387	6556-16-7
387	65996-71-6
387	65997-18-4
387	66402-68-4
387	66523-56-6
387	67071-60-7
387	67181-98-0
387	67506-86-9
387	67952-42-5
387	68015-77-0
387	68023-17-6
387	68039-18-9
387	68081-75-4
387	68186-83-4
387	68186-94-7
387	68186-96-9
387	68186-99-2
387	68187-38-2
387	68187-64-4
387	6819-13-2
387	68201-80-9
387	68308-21-4
387	6832-69-5
387	68333-66-4
387	68333-67-5
387	68398-21-0
387	68410-82-2
387	68412-38-4
387	68424-36-2
387	68439-21-4
387	68442-99-9
387	68443-00-5
387	68475-47-8
387	68512-50-5
387	68551-42-8
387	68553-15-1
387	68553-17-3
387	68554-13-2
387	68555-06-6
387	68585-31-9
387	68585-91-1
387	68608-42-4
387	68609-85-8
387	68609-86-9
387	68611-46-1
387	68611-47-2
387	68611-67-6
387	68648-07-7
387	68784-02-1
387	68784-13-4
387	68784-19-0
387	68784-55-4
387	68784-58-7
387	68784-76-9
387	68784-78-1
387	68836-53-3
387	68844-25-7
387	68876-90-4
387	68876-92-6
387	68877-27-0
387	68911-03-5
387	68988-36-3
387	68988-37-4
387	69011-04-7
387	69012-24-4
387	69012-26-6
387	69012-28-8
387	69012-33-5
387	69012-43-7
387	69012-49-3
387	69012-55-1
387	6904-78-5
387	69192-23-0
387	69847-36-5
387	69991-68-0
387	70248-09-8
387	70268-41-6
387	70514-67-9
387	70692-94-3
387	71215-58-2
387	71630-92-7
387	71750-83-9
387	71799-92-3
387	72828-18-3
387	73003-99-3
387	73019-26-8
387	73207-48-4
387	73384-91-5
387	73385-04-3
387	73637-20-4
387	73913-06-1
387	74051-88-0
387	7439-96-5
387	74665-10-4
387	7487-89-0
387	75701-74-5
387	75747-77-2
387	75789-54-7
387	75864-23-2
387	7722-64-7
387	7759-00-4
387	7773-01-5
387	7782-64-1
387	7782-76-5
387	7783-16-6
387	7783-53-1
387	7783-98-4
387	7784-38-5
387	7785-87-7
387	7787-35-1
387	7787-36-2
387	7790-33-2
387	78812-39-2
387	79048-36-5
387	8018-01-7
387	8030-70-4
387	8031-40-1
387	8046-59-1
387	8064-14-0
387	8064-36-6
387	8064-42-4
387	8065-67-6
387	8065-95-0
387	8069-51-0
387	8072-27-3
387	8075-39-6
387	80822-72-6
387	81065-76-1
387	825-89-8
387	83503-76-8
387	83864-26-0
387	83929-95-7
387	84030-40-0
387	84041-69-0
387	84070-12-2
387	84100-67-4
387	84144-93-4
387	84144-99-0
387	84195-96-0
387	84583-61-9
387	84712-57-2
387	84962-02-7
387	84962-56-1
387	84962-57-2
387	84962-58-3
387	84989-01-5
387	85005-58-9
387	85005-59-0
387	85005-60-3
387	85005-61-4
387	85080-93-9
387	85080-94-0
387	85117-59-5
387	85117-60-8
387	85117-61-9
387	85117-62-0
387	85117-63-1
387	85136-48-7
387	85169-06-8
387	85169-07-9
387	85566-72-9
387	85681-90-9
387	85737-19-5
387	85763-71-9
387	85763-72-0
387	87835-28-7
387	89412-12-4
387	9008-34-8
387	9038-47-5
387	90431-60-0
387	90431-61-1
387	90431-62-2
387	90431-63-3
387	90431-64-4
387	91031-64-0
387	91031-80-0
387	91053-46-2
387	91081-90-2
387	91081-91-3
387	91082-81-4
387	91082-84-7
387	91082-85-8
387	91082-86-9
387	91782-88-6
387	92200-95-8
387	92200-96-9
387	92969-67-0
387	93333-98-3
387	93573-11-6
387	93573-12-7
387	93762-58-4
387	93918-14-0
387	93918-15-1
387	93918-16-2
387	94233-07-5
387	94247-29-7
387	94247-30-0
387	94247-31-1
387	94277-05-1
387	94333-38-7
387	94481-60-4
387	94551-57-2
387	94551-96-9
387	94552-05-3
387	94786-86-4
387	95046-44-9
387	95046-51-8
387	97434-80-5
387	97435-23-9
387	97553-53-2
387	97730-66-0
387	97999-33-2
387	99018-65-2
387	993-02-2
387	99328-48-0
387	99328-53-7
387	99629-34-2
387	99749-23-2
387	P-89-1030
387	RR-00416-0
387	RR-00602-0
387	RR-03861-9
387	RR-09632-2
387	RR-107948-7
387	RR-13421-4
387	RR-13501-3
387	RR-16548-0
387	RR-19093-2
387	RR-31876-3
387	RR-33932-2
387	RR-40755-6
387	RR-55400-7
387	UN1490
387	UN1503
387	UN2724
388	10025-68-0
388	10026-03-6
388	10026-21-8
388	10026-23-0
388	10031-45-5
388	10039-31-3
388	100403-63-2
388	10060-09-0
388	10101-96-9
388	10101-99-2
388	10102-12-2
388	10102-18-8
388	10102-23-5
388	10112-94-4
388	101357-00-0
388	101357-01-1
388	101357-02-2
388	101357-03-3
388	101357-04-4
388	10161-84-9
388	101672-11-1
388	102110-61-2
388	10214-40-1
388	10236-58-5
388	10294-32-3
388	10326-29-1
388	10431-47-7
388	10486-58-5
388	1049-38-3
388	10504-99-1
388	105257-50-9
388	107068-76-8
388	108424-99-3
388	108425-00-9
388	1092379-04-8
388	109339-79-9
388	109339-80-2
388	110620-89-8
388	110720-61-1
388	110781-18-5
388	110781-19-6
388	110987-60-5
388	11112-63-3
388	11115-99-4
388	11125-23-8
388	11133-88-3
388	111369-71-2
388	111369-72-3
388	111568-26-4
388	112073-63-9
388	112099-83-9
388	112131-82-5
388	112131-87-0
388	112285-95-7
388	1123-91-7
388	112965-42-1
388	1132-39-4
388	113229-01-9
388	113329-64-9
388	113553-55-2
388	115233-24-4
388	115493-57-7
388	116065-96-4
388	116099-09-3
388	116473-38-2
388	116812-56-7
388	117449-21-5
388	117449-22-6
388	118340-36-6
388	118478-84-5
388	1187-56-0
388	1189246-68-1
388	12002-67-4
388	12002-86-7
388	12014-94-7
388	120148-08-5
388	120149-75-9
388	120149-76-0
388	12018-83-6
388	12018-95-0
388	12020-04-1
388	12020-38-1
388	12020-66-5
388	12024-11-2
388	12024-24-7
388	12024-90-7
388	12029-87-7
388	12031-51-5
388	12033-59-9
388	12034-77-4
388	12035-33-5
388	12036-87-2
388	12038-08-3
388	12038-64-1
388	12039-51-9
388	12039-52-0
388	12039-53-1
388	12039-54-2
388	12039-55-3
388	12053-13-3
388	12054-10-3
388	12056-07-4
388	12058-18-3
388	12065-10-0
388	12065-11-1
388	12067-45-7
388	12067-46-8
388	12068-69-8
388	12068-80-3
388	12069-00-0
388	12136-60-6
388	12137-13-2
388	12137-76-7
388	12138-21-5
388	12162-21-9
388	12162-60-6
388	12163-21-2
388	12166-43-7
388	12166-47-1
388	12201-85-3
388	12213-70-6
388	12214-12-9
388	122163-00-2
388	12232-25-6
388	122572-70-7
388	122572-71-8
388	12299-33-1
388	12299-34-2
388	12299-51-3
388	12299-98-8
388	123517-16-8
388	123517-41-9
388	12397-00-1
388	12397-16-9
388	12400-33-8
388	124205-86-3
388	12626-31-2
388	12626-36-7
388	12640-29-8
388	12640-30-1
388	12640-89-0
388	12641-96-2
388	126424-27-9
388	126424-28-0
388	126424-29-1
388	126424-33-7
388	12656-57-4
388	127242-58-4
388	127276-99-7
388	127277-00-3
388	12733-65-2
388	129618-34-4
388	130110-53-1
388	130110-54-2
388	1302-09-6
388	1302-82-5
388	1303-36-2
388	1303-37-3
388	1303-62-4
388	1304-39-8
388	1305-84-6
388	1306-24-7
388	1307-99-9
388	1310-32-3
388	1312-74-9
388	1313-04-8
388	1313-22-0
388	1313-85-5
388	1314-05-2
388	1315-05-5
388	1315-06-6
388	1315-07-7
388	1315-09-9
388	1317-41-5
388	133333-94-5
388	13410-01-0
388	13465-66-2
388	13597-46-1
388	13597-54-1
388	136-92-5
388	13718-59-7
388	13768-86-0
388	13780-18-2
388	13814-59-0
388	13814-62-5
388	14013-56-0
388	14019-91-1
388	14124-68-6
388	14265-71-5
388	144-34-3
388	144507-49-3
388	1449-68-9
388	14590-19-3
388	14590-38-6
388	1464-42-2
388	1464-43-3
388	14687-60-6
388	146922-05-6
388	14696-77-6
388	1482-82-2
388	14902-95-5
388	14986-91-5
388	15025-89-5
388	15060-62-5
388	15123-69-0
388	15123-92-9
388	15123-97-4
388	15168-20-4
388	15422-57-8
388	15422-58-9
388	15498-87-0
388	15572-25-5
388	15586-47-7
388	15593-51-8
388	15593-52-9
388	15593-61-0
388	15615-72-2
388	15702-34-8
388	15758-45-9
388	15855-80-8
388	1603-84-5
388	16142-89-5
388	1623456-05-2
388	1666-13-3
388	17508-29-1
388	1755-36-8
388	17697-12-0
388	17852-69-6
388	18312-66-8
388	18987-38-7
388	19188-18-2
388	19632-73-6
388	19869-93-3
388	20405-64-5
388	20541-49-5
388	20601-83-6
388	20960-77-4
388	21198-79-8
388	21559-14-8
388	2179-79-5
388	22541-55-5
388	24493-83-2
388	24493-84-3
388	24495-43-0
388	24495-59-8
388	24687-31-8
388	24687-35-2
388	25425-97-2
388	25468-09-1
388	2574-71-2
388	2578-28-1
388	25930-79-4
388	26046-90-2
388	26271-85-2
388	2697-61-2
388	26970-82-1
388	272-30-0
388	273-15-4
388	2777-58-4
388	2786-43-8
388	2818-88-4
388	2818-89-5
388	2870-37-3
388	2870-38-4
388	288-05-1
388	2897-21-4
388	29411-74-3
388	2946-15-8
388	2946-17-0
388	2946-20-5
388	29621-88-3
388	29680-54-4
388	31052-43-4
388	31052-46-7
388	3211-76-5
388	32835-25-9
388	32835-32-8
388	33144-86-4
388	33609-19-7
388	3425-46-5
388	34276-89-6
388	34837-55-3
388	35350-43-7
388	35498-95-4
388	36297-89-9
388	37256-19-2
388	37258-85-8
388	37276-15-6
388	37359-15-2
388	37368-02-8
388	37773-02-7
388	378784-17-9
388	378784-19-1
388	38650-20-3
388	3878-44-2
388	39712-38-4
388	39981-05-0
388	40093-99-0
388	41262-21-9
388	42423-89-2
388	42905-02-2
388	4671-93-6
388	4730-83-0
388	50378-83-1
388	506-80-9
388	50829-23-7
388	50926-12-0
388	50954-17-1
388	5117-16-8
388	5117-17-9
388	51694-22-5
388	51799-69-0
388	51882-60-1
388	52513-84-5
388	52685-95-7
388	5270-30-4
388	5456-28-0
388	55259-49-9
388	5533-46-0
388	55425-27-9
388	55811-25-1
388	56051-04-8
388	56051-08-2
388	56093-45-9
388	56253-60-2
388	5707-04-0
388	57673-50-4
388	57897-99-1
388	58127-88-1
388	5819-01-2
388	58339-34-7
388	593-79-3
388	59918-84-2
388	60763-24-8
388	60860-63-1
388	60940-34-3
388	62042-25-5
388	627-53-2
388	628-39-7
388	630-10-4
388	63149-25-7
388	63795-61-9
388	63815-64-5
388	63815-75-8
388	63815-76-9
388	63815-80-5
388	63815-98-5
388	63816-07-9
388	63816-14-8
388	63816-15-9
388	63816-16-0
388	63816-17-1
388	63870-44-0
388	63870-48-4
388	63906-49-0
388	63906-50-3
388	63907-45-9
388	63981-20-4
388	63981-21-5
388	64046-00-0
388	645-96-5
388	65294-08-8
388	66142-22-1
388	66455-76-3
388	67014-91-9
388	67465-26-3
388	67711-96-0
388	67711-97-1
388	67711-98-2
388	67711-99-3
388	67712-00-9
388	67800-88-8
388	68413-87-6
388	68443-89-0
388	68516-47-2
388	68541-88-8
388	68555-40-8
388	68611-66-5
388	68758-81-6
388	69012-41-5
388	69029-55-6
388	69029-88-5
388	6996-92-5
388	70134-26-8
388	70679-43-5
388	70714-63-5
388	70867-60-6
388	70942-37-9
388	7101-31-7
388	71243-75-9
388	72491-44-2
388	72828-62-7
388	7310-87-4
388	73506-32-8
388	7370-58-3
388	74037-18-6
388	7446-08-4
388	7446-15-3
388	7446-17-5
388	7446-21-1
388	7446-22-2
388	7446-34-6
388	7488-51-9
388	7488-56-4
388	75926-26-0
388	76213-48-4
388	7782-49-2
388	7782-82-3
388	7783-00-8
388	7783-07-5
388	7783-08-6
388	7783-19-9
388	7783-21-3
388	7783-43-9
388	7783-79-1
388	7784-05-6
388	7784-07-8
388	7787-41-9
388	7789-51-7
388	7789-52-8
388	7789-65-3
388	7790-59-2
388	7791-23-3
388	83783-61-3
388	84255-09-4
388	85050-02-8
388	85050-03-9
388	85539-83-9
388	873660-49-2
388	879546-05-1
388	88608-76-8
388	89703-05-9
388	90218-42-1
388	90466-79-8
388	909-64-8
388	920-25-2
388	92062-13-0
388	92128-37-5
388	92484-66-7
388	93838-99-4
388	93839-00-0
388	93857-70-6
388	93857-89-7
388	93964-28-4
388	94158-30-2
388	94166-38-8
388	94166-40-2
388	94213-13-5
388	95788-45-7
388	97507-71-6
388	98191-69-6
388	988-93-2
388	99811-54-8
388	RR-00485-3
388	RR-00612-2
388	RR-01919-2
388	RR-04026-6
388	RR-04552-3
388	RR-14741-1
388	RR-14872-1
388	RR-34608-7
388	RR-34653-2
388	RR-35224-9
388	RR-35401-8
388	RR-35957-9
388	RR-36767-9
388	RR-37334-2
388	RR-37537-1
388	RR-38927-5
388	RR-42178-3
388	RR-42851-3
388	RR-43729-6
388	RR-43833-5
388	RR-45490-0
388	RR-46259-9
388	RR-46260-2
388	RR-46261-3
388	RR-56256-1
388	UN2630
389	1000-40-4
389	100045-83-8
389	1002-53-5
389	10025-69-1
389	10026-06-9
389	10031-24-0
389	10039-33-5
389	100656-50-6
389	100656-56-2
389	10074-32-5
389	100835-88-9
389	10101-75-4
389	10113-34-5
389	101319-72-6
389	101319-94-2
389	1015-53-8
389	101830-33-5
389	101880-98-2
389	10192-92-4
389	10203-52-8
389	1021-22-3
389	102110-65-6
389	102110-66-7
389	102423-87-0
389	10294-70-9
389	103044-42-4
389	103270-64-0
389	104133-03-1
389	10428-19-0
389	10428-22-5
389	104959-77-5
389	104959-82-2
389	105018-58-4
389	105494-65-3
389	10584-98-2
389	10586-78-4
389	1059-35-4
389	10603-63-1
389	1064-10-4
389	1066-44-0
389	1066-45-1
389	1066-57-5
389	1066-77-9
389	1067-29-4
389	1067-33-0
389	1067-52-3
389	1067-55-6
389	1067-97-6
389	1070-91-3
389	107040-94-8
389	1073145-50-2
389	108110-01-6
389	108537-06-0
389	11108-69-3
389	111108-89-5
389	1112-56-7
389	1112-63-6
389	1118-14-5
389	1118-42-9
389	1118-46-3
389	112309-68-9
389	1124-19-2
389	112747-58-7
389	1135-99-5
389	1171949-49-7
389	1178-79-6
389	1185-81-5
389	12009-18-6
389	12010-67-2
389	12013-46-6
389	12019-69-1
389	12026-24-3
389	12027-61-1
389	12027-70-2
389	12027-96-2
389	12032-29-0
389	12035-38-0
389	12036-31-6
389	12040-02-7
389	12044-32-5
389	1204812-53-2
389	12054-72-7
389	12058-66-1
389	12059-23-3
389	12070-10-9
389	12125-03-0
389	12138-89-5
389	12139-93-4
389	12142-33-5
389	12143-34-9
389	12209-98-2
389	12238-53-8
389	12286-33-8
389	12306-28-4
389	1231728-34-9
389	12324-56-0
389	12324-60-6
389	12379-54-3
389	12396-93-9
389	124504-99-0
389	124505-02-8
389	1245941-87-0
389	12515-32-1
389	125199-87-3
389	12534-17-7
389	12534-33-7
389	12597-76-1
389	1262-21-1
389	1262-78-8
389	12673-86-8
389	12684-28-5
389	127279-03-2
389	128093-63-0
389	128221-48-7
389	13121-70-5
389	1314-10-9
389	1314-34-7
389	1314-95-0
389	1315-01-1
389	1315-06-6
389	1317-45-9
389	13173-04-1
389	132641-04-4
389	13269-74-4
389	13302-06-2
389	13302-08-4
389	1332-29-2
389	13323-62-1
389	13323-63-2
389	13331-52-7
389	13355-96-9
389	13356-08-6
389	13356-20-2
389	13362-00-0
389	13387-91-2
389	13413-18-8
389	13435-05-7
389	1344-13-4
389	1345-19-3
389	1345-24-0
389	13467-96-4
389	13468-00-3
389	13472-47-4
389	13497-25-1
389	1353053-96-9
389	13550-56-6
389	136482-55-8
389	1374645-21-2
389	13814-97-6
389	13826-70-5
389	13931-79-8
389	139353-88-1
389	1394228-66-0
389	13966-06-8
389	14104-17-7
389	14208-54-9
389	14214-24-5
389	14254-05-8
389	14254-22-9
389	14275-57-1
389	14332-39-9
389	1446-45-3
389	1446491-57-1
389	14488-53-0
389	1449-55-4
389	1461-22-9
389	1461-23-0
389	1461-25-2
389	14683-06-8
389	14683-07-9
389	14683-08-0
389	14764-54-6
389	147716-03-8
389	14844-29-2
389	14974-55-1
389	15142-98-0
389	151436-98-5
389	15220-82-3
389	15257-25-7
389	1528-01-4
389	1529-30-2
389	15336-98-8
389	15414-98-9
389	1542381-47-4
389	15481-47-7
389	15481-48-8
389	15535-79-2
389	15546-11-9
389	15546-12-0
389	15546-16-4
389	15571-58-1
389	15571-59-2
389	15571-60-5
389	15578-26-4
389	15578-32-2
389	15597-43-0
389	15652-38-7
389	15660-29-4
389	15666-28-1
389	15666-29-2
389	15690-89-8
389	15700-33-1
389	15719-34-3
389	15720-78-2
389	15832-50-5
389	15853-77-7
389	15880-66-7
389	16009-86-2
389	160709-63-7
389	16091-18-2
389	160994-54-7
389	16122-27-3
389	1631-73-8
389	163206-28-8
389	1632373-06-8
389	16408-15-4
389	16645-96-8
389	16715-89-2
389	16893-93-9
389	16902-02-6
389	16919-46-3
389	16924-51-9
389	16960-53-5
389	1702279-08-0
389	1702279-15-9
389	17036-31-6
389	17084-31-0
389	17209-76-6
389	172777-10-5
389	17313-85-8
389	17374-81-1
389	17523-06-7
389	17578-54-0
389	17586-94-6
389	17973-82-9
389	17997-47-6
389	1800376-54-8
389	1803-12-9
389	18211-61-5
389	18253-54-8
389	182810-42-0
389	18282-10-5
389	18403-67-3
389	18472-93-0
389	185915-28-0
389	18653-83-3
389	18824-11-8
389	18961-66-5
389	1907-13-7
389	1912-83-0
389	1912-84-1
389	1913978-89-8
389	19307-28-9
389	19429-30-2
389	19464-55-2
389	1954-36-5
389	19704-60-0
389	19706-58-2
389	1983-10-4
389	20004-12-0
389	20153-49-5
389	20153-50-8
389	2021246-27-3
389	20332-10-9
389	20363-05-7
389	20369-63-5
389	20451-90-5
389	20556-89-2
389	2056906-49-9
389	20991-95-1
389	210894-86-3
389	2114423-18-4
389	2117-50-2
389	211990-09-9
389	2131735-89-0
389	215186-99-5
389	2155-70-6
389	21651-19-4
389	2176-98-9
389	217805-02-2
389	217805-03-3
389	2179-92-2
389	2179-99-9
389	21843-46-9
389	21986-78-7
389	2214286-15-2
389	22205-26-1
389	22205-30-7
389	2232-69-1
389	22330-14-9
389	22535-42-8
389	22673-19-4
389	22709-76-8
389	2273-43-0
389	2273-45-2
389	2273-46-3
389	2273-48-5
389	2273-51-0
389	22750-57-8
389	22771-17-1
389	2279-76-7
389	23120-99-2
389	23292-85-5
389	23654-14-0
389	23850-94-4
389	2406-65-7
389	24124-25-2
389	24291-45-0
389	24291-51-8
389	24305-22-4
389	24379-26-8
389	24432-06-2
389	24493-51-4
389	24577-34-2
389	24660-23-9
389	24850-33-7
389	25150-98-5
389	25151-00-2
389	25168-21-2
389	25168-22-3
389	25168-24-5
389	25267-66-7
389	25324-56-5
389	25430-97-1
389	25637-27-8
389	25711-26-6
389	25852-70-4
389	2587-76-0
389	25955-19-5
389	26087-56-9
389	26239-64-5
389	26292-98-8
389	26302-30-7
389	26354-15-4
389	26354-18-7
389	26377-04-8
389	26401-86-5
389	26401-97-8
389	26410-42-4
389	26636-01-1
389	2669-35-4
389	26738-80-7
389	26761-46-6
389	26821-65-8
389	26864-37-9
389	26864-39-1
389	26896-31-1
389	26903-07-1
389	26962-68-5
389	27107-89-7
389	27147-18-8
389	27189-59-9
389	27440-55-7
389	27517-48-2
389	27550-52-3
389	27605-35-2
389	2767-54-6
389	2767-55-7
389	2767-61-5
389	27790-37-0
389	2781-09-1
389	2781-10-4
389	2791-60-8
389	28089-34-1
389	28308-70-5
389	28375-10-2
389	2847-65-6
389	2857-03-6
389	28570-24-3
389	28570-25-4
389	2865-19-2
389	28653-36-3
389	28660-63-1
389	28660-67-5
389	28801-69-6
389	2897-46-3
389	28980-49-6
389	29134-69-8
389	2943-86-4
389	29457-48-5
389	2949-42-0
389	29492-49-7
389	29575-02-8
389	29881-72-9
389	30051-58-2
389	30099-72-0
389	301-10-0
389	30207-05-7
389	3021-41-8
389	3023-92-5
389	3026-81-1
389	3033-29-2
389	30406-43-0
389	30860-66-3
389	3090-35-5
389	3090-36-6
389	3091-18-7
389	3091-25-6
389	3091-27-8
389	3091-32-5
389	31045-95-1
389	31430-86-1
389	31709-32-7
389	31718-66-8
389	31732-71-5
389	32011-18-0
389	32011-19-1
389	32296-03-0
389	32296-04-1
389	3267-78-5
389	32673-05-5
389	33397-79-4
389	3342-67-4
389	33466-31-8
389	3349-36-8
389	3349-38-0
389	33550-22-0
389	33568-99-9
389	33703-04-7
389	33754-29-9
389	34152-36-8
389	34349-21-8
389	3440-79-7
389	3465-75-6
389	3465-77-8
389	34871-84-6
389	35104-88-2
389	3531-43-9
389	3542-36-7
389	35569-11-0
389	3572-47-2
389	358-50-9
389	3582-17-0
389	3587-18-6
389	3590-59-8
389	3590-83-8
389	3590-84-9
389	35984-19-1
389	36118-60-2
389	3634-62-6
389	36432-42-5
389	3644-29-9
389	3644-32-4
389	3644-37-9
389	3644-38-0
389	3648-18-8
389	36631-23-9
389	36643-28-4
389	3669-02-1
389	36881-21-7
389	37074-33-2
389	37349-59-0
389	37362-82-6
389	378784-62-4
389	378784-63-5
389	378784-64-6
389	378784-65-7
389	379-51-1
389	379-52-2
389	38438-11-8
389	38455-77-5
389	38620-15-4
389	3865-34-7
389	3865-35-8
389	3912-86-5
389	39412-44-7
389	39445-33-5
389	39637-16-6
389	39670-15-0
389	39717-39-0
389	4027-13-8
389	4027-14-9
389	4027-17-2
389	4027-18-3
389	405230-74-2
389	40609-56-1
389	41083-11-8
389	41086-64-0
389	4117-92-4
389	4154-35-2
389	42378-34-7
389	4253-22-9
389	429-30-1
389	429-77-6
389	43136-18-1
389	4327-98-4
389	4342-30-7
389	4342-33-0
389	4342-36-3
389	4419-22-1
389	45234-42-2
389	45314-70-3
389	4588-60-7
389	4638-25-9
389	4644-96-6
389	4731-77-5
389	4756-53-0
389	47562-29-8
389	47672-31-1
389	4782-29-0
389	4808-30-4
389	4848-63-9
389	49556-16-3
389	5035-67-6
389	5035-68-7
389	50378-14-8
389	50788-67-5
389	50926-11-9
389	5107-58-4
389	5107-59-5
389	51287-83-3
389	51287-84-4
389	51375-45-2
389	51682-76-9
389	51815-14-6
389	51952-23-9
389	51983-04-1
389	52082-48-1
389	52120-31-7
389	52132-44-2
389	52165-03-4
389	52433-96-2
389	52434-42-1
389	52628-34-9
389	52638-43-4
389	52671-36-0
389	5271-60-3
389	52722-81-3
389	53040-42-9
389	53100-69-9
389	53169-23-6
389	53202-61-2
389	53236-83-2
389	53404-82-3
389	53408-94-9
389	53466-85-6
389	53478-57-2
389	53478-61-8
389	53584-15-9
389	54068-28-9
389	54235-66-4
389	54581-65-6
389	5462-26-0
389	54849-38-6
389	5488-45-9
389	55128-73-9
389	55410-80-5
389	5587-52-0
389	56-24-6
389	56-35-9
389	56-36-0
389	56046-99-2
389	563-25-7
389	56323-17-2
389	56323-19-4
389	56533-00-7
389	56573-85-4
389	56875-68-4
389	57-52-3
389	57057-50-8
389	57105-89-2
389	57547-75-8
389	57583-34-3
389	57583-35-4
389	5762-18-5
389	57654-67-8
389	57754-92-4
389	57808-37-4
389	57813-60-2
389	57813-62-4
389	57875-67-9
389	58098-20-7
389	5827-56-5
389	5827-57-6
389	5827-58-7
389	5837-26-3
389	5847-48-3
389	5847-51-8
389	5847-52-9
389	5847-53-0
389	5847-54-1
389	5847-55-2
389	58636-10-5
389	5883-36-3
389	59020-10-9
389	59061-51-7
389	59118-76-2
389	59118-77-3
389	59118-79-5
389	59118-80-8
389	59118-81-9
389	59118-93-3
389	59138-44-2
389	59157-52-7
389	59185-95-4
389	594-27-4
389	59452-78-7
389	595-90-4
389	59571-08-3
389	5967-09-9
389	597-64-8
389	59948-27-5
389	59963-28-9
389	60083-70-7
389	6031-41-0
389	60494-17-9
389	60494-18-0
389	60494-19-1
389	6056-50-4
389	60585-20-8
389	60659-60-1
389	60659-61-2
389	60911-92-4
389	61241-05-2
389	61467-81-0
389	61470-33-5
389	61470-34-6
389	61599-28-8
389	61746-04-1
389	6180-99-0
389	61813-52-3
389	61912-55-8
389	62149-82-0
389	62312-12-3
389	62480-03-9
389	62556-18-7
389	62817-88-3
389	63397-60-4
389	63438-80-2
389	638-39-1
389	63869-87-4
389	639-58-7
389	64044-48-0
389	6452-61-5
389	6454-35-9
389	64549-05-9
389	64685-79-6
389	64685-80-9
389	64926-50-7
389	6493-69-2
389	6517-25-5
389	65291-39-6
389	65301-38-4
389	65308-00-1
389	65540-76-3
389	661-69-8
389	66161-18-0
389	66499-05-6
389	66603-07-4
389	66779-19-9
389	668-34-8
389	6688-50-2
389	66899-69-2
389	66899-70-5
389	67053-64-9
389	67057-32-3
389	67057-34-5
389	673502-01-7
389	67361-76-6
389	67361-77-7
389	67410-20-2
389	67649-65-4
389	67701-37-5
389	67772-01-4
389	67827-58-1
389	67827-59-2
389	67859-55-6
389	67859-59-0
389	67859-61-4
389	67859-62-5
389	67859-63-6
389	67859-64-7
389	67859-65-8
389	67874-41-3
389	67874-42-4
389	67874-45-7
389	67874-46-8
389	67874-47-9
389	67874-48-0
389	67874-49-1
389	67874-51-5
389	67874-54-8
389	67905-20-8
389	67905-21-9
389	67905-22-0
389	67907-14-6
389	67907-15-7
389	67924-24-7
389	67936-79-2
389	67939-23-5
389	67939-28-0
389	67939-64-4
389	681-99-2
389	68109-85-3
389	68109-86-4
389	68109-87-5
389	68109-88-6
389	68133-04-0
389	68186-93-6
389	68187-05-3
389	68187-12-2
389	682-32-6
389	68201-92-3
389	6821-94-9
389	68239-46-3
389	68239-50-9
389	68298-36-2
389	68298-37-3
389	68298-38-4
389	68298-39-5
389	68298-40-8
389	68298-42-0
389	68298-43-1
389	68299-15-0
389	68299-23-0
389	683-18-1
389	68406-52-0
389	68412-36-2
389	68412-50-0
389	68420-14-4
389	68420-16-6
389	68441-20-3
389	68442-12-6
389	68460-05-9
389	68460-06-0
389	68478-76-2
389	68538-86-3
389	68555-07-7
389	68584-62-3
389	68584-66-7
389	68608-09-3
389	68725-14-4
389	68725-15-5
389	68738-82-9
389	68794-06-9
389	688-73-3
389	68921-71-1
389	68928-34-7
389	68928-37-0
389	68928-38-1
389	68928-39-2
389	68928-40-5
389	68928-41-6
389	68928-42-7
389	68928-44-9
389	68928-47-2
389	68928-48-3
389	68928-49-4
389	68928-50-7
389	68928-52-9
389	68928-76-7
389	68928-78-9
389	68938-97-6
389	68955-07-7
389	68974-77-6
389	68988-11-4
389	68988-12-5
389	68988-58-9
389	68990-28-3
389	69011-52-5
389	69011-60-5
389	69039-26-5
389	69064-21-7
389	69226-44-4
389	69226-46-6
389	69226-47-7
389	69239-37-8
389	6931-76-6
389	69537-35-5
389	69679-28-3
389	69799-37-7
389	69882-12-8
389	6994-59-8
389	70024-86-1
389	70303-46-7
389	70303-47-8
389	70620-28-9
389	7067-44-9
389	70729-71-4
389	70750-24-2
389	70892-97-6
389	70892-98-7
389	7094-94-2
389	70942-28-8
389	70942-29-9
389	70942-30-2
389	70942-31-3
389	70942-34-6
389	70942-35-7
389	70942-36-8
389	70942-46-0
389	70942-47-1
389	70969-63-0
389	70969-67-4
389	70969-68-5
389	70969-72-1
389	71010-86-1
389	71061-19-3
389	71119-47-6
389	71119-48-7
389	71243-84-0
389	7141-19-7
389	71510-19-5
389	72231-02-8
389	7224-23-9
389	72259-65-5
389	72305-84-1
389	73003-70-0
389	7304-48-5
389	7324-74-5
389	7324-77-8
389	73246-85-2
389	7342-38-3
389	7342-39-4
389	7342-45-2
389	7342-47-4
389	73520-82-8
389	73926-90-6
389	73927-88-5
389	73927-89-6
389	73927-91-0
389	73927-92-1
389	73927-93-2
389	73927-94-3
389	73927-95-4
389	73927-97-6
389	73927-98-7
389	73927-99-8
389	7393-43-3
389	73940-87-1
389	73940-88-2
389	73940-89-3
389	74007-80-0
389	7414-81-5
389	74162-83-7
389	7428-79-7
389	7437-35-6
389	7440-31-5
389	74512-59-7
389	74563-66-9
389	7486-35-3
389	7488-55-3
389	74925-56-7
389	74957-03-2
389	75113-32-5
389	75113-35-8
389	75113-36-9
389	75113-37-0
389	75139-28-5
389	75149-37-0
389	752-58-9
389	753-61-7
389	753-73-1
389	7532-85-6
389	75457-52-2
389	7552-16-1
389	7580-74-7
389	75831-41-3
389	76-63-1
389	76093-98-6
389	761-44-4
389	76148-13-5
389	76162-34-0
389	7637-13-0
389	7646-78-8
389	76461-84-2
389	76468-20-7
389	7653-28-3
389	765922-96-1
389	77-58-7
389	77-80-5
389	7718-98-1
389	7772-99-8
389	7774-76-7
389	7783-47-3
389	7783-62-2
389	7789-67-5
389	7790-47-8
389	77928-59-7
389	78-04-6
389	78-06-8
389	78-20-6
389	78182-42-0
389	78899-76-0
389	79330-84-0
389	79357-68-9
389	79357-72-5
389	79403-36-4
389	79922-74-0
389	80233-79-0
389	8028-83-9
389	8062-08-6
389	81034-75-5
389	811-73-4
389	813-19-4
389	814-94-8
389	815-85-0
389	81514-95-6
389	818-08-6
389	819-21-6
389	82364-22-5
389	82554-77-6
389	82963-02-8
389	83447-69-2
389	83833-21-0
389	83833-23-2
389	83833-24-3
389	83833-25-4
389	83833-26-5
389	83833-27-6
389	83833-28-7
389	83846-45-1
389	83898-44-6
389	83898-45-7
389	83898-46-8
389	83898-47-9
389	83898-48-0
389	83898-49-1
389	83898-50-4
389	83898-51-5
389	83898-52-6
389	83898-53-7
389	83898-54-8
389	83898-55-9
389	83898-56-0
389	83898-57-1
389	83898-58-2
389	83898-59-3
389	83898-60-6
389	84012-65-7
389	84012-66-8
389	84029-40-3
389	84029-62-9
389	84029-63-0
389	84029-64-1
389	84029-72-1
389	84029-73-2
389	84029-74-3
389	84029-75-4
389	84029-76-5
389	84029-77-6
389	84029-78-7
389	84029-79-8
389	84029-80-1
389	84029-81-2
389	84030-41-1
389	84030-42-2
389	84030-43-3
389	84030-44-4
389	84030-45-5
389	84030-46-6
389	84030-47-7
389	84030-61-5
389	84051-94-5
389	84144-93-4
389	84145-12-0
389	84332-95-6
389	84332-96-7
389	84332-97-8
389	84332-98-9
389	84370-78-5
389	84696-55-9
389	84712-69-6
389	84712-70-9
389	84775-68-8
389	84776-00-1
389	84776-04-5
389	84777-54-8
389	84787-73-5
389	84787-74-6
389	84787-79-1
389	84787-80-4
389	84788-16-9
389	84788-17-0
389	84803-43-0
389	84837-25-2
389	84864-54-0
389	84896-41-3
389	84896-44-6
389	84962-42-5
389	85371-54-6
389	85391-79-3
389	85391-80-6
389	85391-81-7
389	85392-75-2
389	85392-76-3
389	85409-17-2
389	85536-72-7
389	85536-73-8
389	85665-63-0
389	85702-55-2
389	85702-56-3
389	85702-57-4
389	85702-74-5
389	85702-75-6
389	85702-76-7
389	85702-77-8
389	85702-78-9
389	85702-85-8
389	85702-86-9
389	85702-87-0
389	85702-88-1
389	85873-44-5
389	85938-40-5
389	85938-41-6
389	85938-42-7
389	85938-43-8
389	85938-44-9
389	85938-45-0
389	85938-46-1
389	85938-47-2
389	85938-48-3
389	85938-49-4
389	85938-50-7
389	85938-51-8
389	85938-52-9
389	85938-53-0
389	85958-87-8
389	85959-77-9
389	86022-43-7
389	866-55-7
389	869-59-0
389	869901-24-6
389	870-08-6
389	87735-26-0
389	88727-31-5
389	88727-33-7
389	892-20-6
389	894-09-7
389	900-95-8
389	90127-45-0
389	90288-21-4
389	90529-64-9
389	90552-67-3
389	90552-68-4
389	90552-69-5
389	90583-80-5
389	910-06-5
389	91053-46-2
389	913382-76-0
389	91422-01-4
389	91648-39-4
389	91648-71-4
389	919-28-8
389	92154-74-0
389	923954-49-8
389	93166-09-7
389	934-56-5
389	93686-53-4
389	93778-53-1
389	93805-32-4
389	93805-54-0
389	93819-95-5
389	93839-24-8
389	93840-03-0
389	93841-41-9
389	93841-42-0
389	93841-43-1
389	93857-17-1
389	93857-18-2
389	93893-96-0
389	93893-97-1
389	93893-98-2
389	93918-30-0
389	93918-33-3
389	93918-35-5
389	93925-43-0
389	93951-17-8
389	93951-53-2
389	93965-21-0
389	93965-22-1
389	93965-26-5
389	93965-27-6
389	93981-44-3
389	94021-54-2
389	94022-46-5
389	94023-65-1
389	94042-69-0
389	94095-56-4
389	94109-28-1
389	94109-31-6
389	94134-56-2
389	94237-39-5
389	94246-99-8
389	94275-72-6
389	94275-86-2
389	94279-11-5
389	94333-39-8
389	94349-25-4
389	94349-26-5
389	94349-27-6
389	94410-05-6
389	94442-03-2
389	94551-58-3
389	94551-73-2
389	94551-86-7
389	94551-97-0
389	94857-33-7
389	95046-44-9
389	95860-13-2
389	95873-60-2
389	96446-11-6
389	97198-18-0
389	97259-90-0
389	97392-78-4
389	974-29-8
389	97922-83-3
389	97953-08-7
389	98966-48-4
389	993-16-8
389	993-50-0
389	994-31-0
389	994-32-1
389	994-71-8
389	996-08-7
389	996-37-2
389	997-50-2
389	P-86-0623
389	RR-00042-0
389	RR-00043-1
389	RR-00134-3
389	RR-00399-6
389	RR-00615-5
389	RR-01198-3
389	RR-01199-4
389	RR-02528-5
389	RR-02529-6
389	RR-02530-9
389	RR-02531-0
389	RR-02532-1
389	RR-02533-2
389	RR-02534-3
389	RR-04201-3
389	RR-04205-7
389	RR-109331-8
389	RR-146041-9
389	RR-163140-9
389	RR-163141-0
389	RR-184837-9
389	RR-30319-5
389	RR-30320-8
389	RR-30404-1
389	RR-31161-5
389	RR-40755-6
389	RR-45114-9
389	RR-45115-0
389	RR-46564-5
389	RR-51623-4
389	RR-53985-5
389	RR-54373-7
389	RR-54374-8
389	RR-54380-6
389	RR-55197-3
389	RR-55544-2
389	RR-57645-4
389	RR-57666-9
389	RR-58136-2
389	RR-60258-4
389	RR-87847-7
389	UN1827
389	UN2440
389	UN2475
390	100085-47-0
390	100403-11-0
390	10049-12-4
390	10049-16-8
390	100656-49-3
390	10099-79-3
390	1013326-60-7
390	10213-09-9
390	102482-04-2
390	102500-64-1
390	102500-65-2
390	102500-66-3
390	102500-67-4
390	102500-68-5
390	102500-69-6
390	102500-70-9
390	102500-71-0
390	102511-51-3
390	102512-68-5
390	102512-69-6
390	102512-70-9
390	102512-71-0
390	102512-72-1
390	105011-00-5
390	105022-72-8
390	10580-52-6
390	108150-19-2
390	11077-92-2
390	11099-11-9
390	11105-06-9
390	11105-12-7
390	11108-03-5
390	11113-92-1
390	11115-67-6
390	11130-21-5
390	11130-24-8
390	11147-86-7
390	112510-41-5
390	112764-76-8
390	119719-34-5
390	119719-35-6
390	119719-36-7
390	119719-37-8
390	119720-10-4
390	1197994-50-5
390	12007-37-3
390	12022-76-3
390	12026-00-5
390	12026-08-3
390	12033-39-5
390	12035-98-2
390	12036-21-4
390	12036-78-1
390	12037-42-2
390	12039-76-8
390	12039-87-1
390	12045-27-1
390	12055-09-3
390	12058-11-6
390	12066-53-4
390	12083-48-6
390	12108-04-2
390	12143-78-1
390	12157-94-7
390	12160-91-7
390	12163-74-5
390	12166-27-7
390	121674-55-3
390	121674-56-4
390	121674-57-5
390	12200-88-3
390	12207-63-5
390	12208-00-3
390	12210-47-8
390	122434-46-2
390	12260-63-8
390	12271-98-6
390	1227211-66-6
390	12299-51-3
390	12313-74-5
390	123334-20-3
390	12339-47-8
390	12344-76-2
390	12359-27-2
390	12397-01-2
390	12400-16-7
390	12421-53-3
390	12439-96-2
390	12503-98-9
390	12524-03-7
390	12604-58-9
390	12653-88-2
390	126729-57-5
390	1277-47-0
390	1314-62-1
390	1315-03-3
390	1344-64-5
390	13470-26-3
390	13476-99-8
390	13497-94-4
390	13517-26-5
390	13520-87-1
390	13537-11-6
390	13550-50-0
390	13566-04-6
390	13566-05-7
390	13566-07-9
390	13566-08-0
390	13566-09-1
390	13566-11-5
390	13566-12-6
390	13566-13-7
390	13568-56-4
390	13568-57-5
390	13573-13-2
390	13596-17-3
390	13597-19-8
390	13597-45-0
390	13597-58-5
390	13597-61-0
390	13598-03-3
390	13628-52-9
390	13628-53-0
390	13692-90-5
390	13692-91-6
390	13692-92-7
390	13701-70-7
390	13709-31-4
390	13718-26-8
390	13721-39-6
390	13721-46-5
390	13721-47-6
390	13767-17-4
390	13769-43-2
390	13815-31-1
390	13826-78-3
390	13864-22-7
390	13930-88-6
390	13930-95-5
390	13939-40-7
390	13966-93-3
390	13977-56-5
390	13977-63-4
390	13977-64-5
390	14024-00-1
390	14059-33-7
390	1408062-28-1
390	14100-64-2
390	14293-78-8
390	14331-97-6
390	14392-01-9
390	14542-94-0
390	14638-93-8
390	14644-55-4
390	14705-63-6
390	14709-83-2
390	14767-37-4
390	14867-38-0
390	14890-41-6
390	14958-34-0
390	14974-48-2
390	14986-47-1
390	14986-94-8
390	14986-95-9
390	15060-59-0
390	15124-04-6
390	15364-25-7
390	15500-04-6
390	15513-84-5
390	15513-94-7
390	15593-56-3
390	16056-72-7
390	160935-26-2
390	1635-99-0
390	166165-37-3
390	1678543-69-5
390	1686-22-2
390	1686-23-3
390	172928-47-1
390	1801-76-9
390	180615-37-6
390	184892-22-6
390	18785-06-3
390	18822-50-9
390	19120-62-8
390	195161-77-4
390	200577-85-1
390	20219-29-8
390	203812-34-4
390	204864-21-1
390	20644-87-5
390	207748-42-3
390	210909-43-6
390	211389-36-5
390	21493-51-6
390	21773-11-5
390	22537-31-1
390	24261-23-2
390	24646-85-3
390	24763-58-4
390	24910-41-6
390	251927-12-5
390	25578-30-7
390	26496-12-8
390	27318-03-2
390	27774-13-6
390	27860-55-5
390	30486-37-4
390	30707-87-0
390	3153-26-2
390	316365-70-5
390	32065-17-1
390	34283-69-7
390	3473-84-5
390	34895-02-8
390	3547-25-9
390	35515-91-4
390	35837-52-6
390	35837-53-7
390	36139-34-1
390	37042-53-8
390	37280-68-5
390	38991-25-2
390	39096-97-4
390	39136-41-9
390	39416-30-3
390	39455-80-6
390	39458-13-4
390	410546-90-6
390	410546-95-1
390	41922-39-8
390	477779-61-6
390	52037-34-0
390	52489-20-0
390	52502-12-2
390	52863-01-1
390	52934-13-1
390	53185-66-3
390	53744-25-5
390	53801-77-7
390	55343-67-4
390	5588-84-1
390	55940-04-0
390	56729-39-6
390	56870-07-6
390	581075-33-4
390	58271-97-9
390	58834-75-6
390	59495-05-5
390	59700-70-8
390	59865-92-8
390	60451-07-2
390	60676-73-5
390	61036-24-6
390	62997-24-4
390	65124-36-9
390	65232-89-5
390	65997-18-4
390	68130-18-7
390	68130-38-1
390	68131-74-8
390	68186-93-6
390	68186-95-8
390	68187-00-8
390	68187-01-9
390	68510-99-6
390	68553-60-6
390	68585-80-8
390	68585-81-9
390	68784-82-7
390	68815-09-8
390	68918-02-5
390	68990-29-4
390	69012-25-5
390	69012-34-6
390	69976-01-8
390	70914-46-4
390	71724-93-1
390	71965-21-4
390	72007-96-6
390	73912-43-3
390	7440-62-2
390	74507-60-1
390	74630-99-2
390	7632-51-1
390	7681-91-6
390	7727-18-6
390	7783-72-4
390	7803-55-6
390	79072-81-4
390	81366-97-4
390	82477-27-8
390	828264-64-8
390	82920-66-9
390	83852-52-2
390	84144-87-6
390	84144-92-3
390	84144-98-9
390	84777-02-6
390	851675-64-4
390	854372-97-7
390	85536-74-9
390	85763-73-1
390	857777-38-9
390	863639-26-3
390	87854-55-5
390	87854-56-6
390	89256-12-2
390	90170-88-0
390	90269-03-7
390	90604-60-7
390	90604-62-9
390	90605-20-2
390	91082-87-0
390	91481-93-5
390	91995-23-2
390	92129-56-1
390	92221-02-8
390	931111-73-8
390	934750-46-6
390	93571-76-7
390	93585-66-1
390	93585-67-2
390	93585-68-3
390	93585-69-4
390	93981-06-7
390	94232-42-5
390	94233-23-5
390	94233-24-6
390	95046-49-4
390	950838-94-5
390	96152-59-9
390	97552-72-2
390	97812-63-0
390	98841-55-5
390	98903-75-4
390	99035-51-5
390	99811-56-0
390	P-86-0202
390	P-86-0203
390	P-95-0973
390	RR-00093-1
390	RR-03762-7
390	RR-09533-0
390	RR-09535-2
390	RR-12716-2
390	RR-146049-7
390	RR-146050-0
390	RR-146051-1
390	RR-16419-2
390	RR-169090-0
390	RR-169499-1
390	RR-214526-8
390	RR-214527-9
390	RR-32194-8
390	RR-32582-6
390	RR-33898-7
390	RR-41001-5
390	RR-41551-0
390	RR-41552-1
390	RR-42178-3
390	RR-42187-4
390	RR-55402-9
390	UN2443
390	UN2444
390	UN2862
390	UN2864
390	UN2931
390	UN3285
391	1000-90-4
391	100063-54-5
391	1000888-64-1
391	10025-64-6
391	100308-01-8
391	100308-02-9
391	100308-04-1
391	100308-08-5
391	100402-46-8
391	100403-63-2
391	1005291-42-8
391	100576-21-4
391	100656-49-3
391	100656-51-7
391	100656-52-8
391	100684-41-1
391	100756-24-9
391	1009110-56-8
391	100995-77-5
391	100995-80-0
391	101012-86-6
391	10102-02-0
391	101032-99-9
391	1010820-65-1
391	10127-02-3
391	101356-94-9
391	101356-95-0
391	101356-96-1
391	101356-97-2
391	101356-98-3
391	101357-00-0
391	101357-01-1
391	101357-02-2
391	101357-03-3
391	101357-04-4
391	101357-05-5
391	101357-06-6
391	101362-28-1
391	10138-94-0
391	10139-47-6
391	101747-77-7
391	10175-95-8
391	10192-46-8
391	1019205-65-2
391	10196-18-6
391	102110-30-5
391	102110-32-7
391	102110-33-8
391	102110-38-3
391	102110-46-3
391	102110-50-9
391	102110-70-3
391	1021487-49-9
391	102423-87-0
391	102819-71-6
391	102868-96-2
391	10326-24-6
391	1035159-71-7
391	10361-94-1
391	10361-95-2
391	103781-96-0
391	10380-06-0
391	104037-73-2
391	104037-84-5
391	104089-17-0
391	1041319-67-8
391	104193-72-8
391	10431-73-9
391	104369-05-3
391	10448-39-2
391	1046462-24-1
391	10476-83-2
391	104813-24-3
391	1050595-78-2
391	1050595-82-8
391	105185-95-3
391	105188-66-7
391	105280-44-2
391	105417-08-1
391	1056032-56-4
391	106070-27-3
391	106389-75-7
391	106494-95-5
391	106682-14-8
391	107227-89-4
391	107370-15-0
391	107452-09-5
391	107667-60-7
391	1078-58-6
391	107812-05-5
391	1079126-29-6
391	1079350-91-6
391	1079737-05-5
391	108043-20-5
391	108503-47-5
391	109118-59-4
391	109118-60-7
391	109657-68-3
391	109657-69-4
391	109657-86-5
391	1096711-61-3
391	109702-19-4
391	109885-98-5
391	109961-43-5
391	110102-14-2
391	110300-80-6
391	11059-65-7
391	11075-07-3
391	110772-86-6
391	11082-38-5
391	110941-75-8
391	11103-86-9
391	111035-54-2
391	111062-34-1
391	11114-42-4
391	11126-29-7
391	111283-61-5
391	11129-14-9
391	11129-48-9
391	111420-45-2
391	1119-90-0
391	111922-61-3
391	112074-70-1
391	112074-71-2
391	112099-45-3
391	112360-63-1
391	112456-87-8
391	112742-90-2
391	112983-87-6
391	113015-82-0
391	113036-91-2
391	113042-36-7
391	113329-02-5
391	1135443-10-5
391	113706-15-3
391	1138454-78-0
391	113894-90-9
391	114060-65-0
391	114189-87-6
391	114535-84-1
391	115028-55-2
391	115320-63-3
391	115658-56-5
391	115658-57-6
391	1158650-40-8
391	115887-05-3
391	116007-00-2
391	116088-00-7
391	116094-82-7
391	1162648-93-2
391	116305-12-5
391	116907-57-4
391	116912-63-1
391	117-97-5
391	117660-41-0
391	117945-33-2
391	1184-55-0
391	118480-78-7
391	118516-12-4
391	118832-84-1
391	1189377-18-1
391	119130-84-6
391	1192-70-7
391	119219-12-4
391	1192843-75-6
391	119316-00-6
391	119316-04-0
391	119316-05-1
391	119316-15-3
391	119633-35-1
391	119633-44-2
391	1197186-61-0
391	119758-00-8
391	1197869-88-7
391	119793-38-3
391	119884-25-2
391	1199553-62-2
391	12001-20-6
391	12001-34-2
391	12001-85-3
391	12006-40-5
391	12007-67-9
391	12008-25-2
391	120092-57-1
391	12011-79-9
391	12018-19-8
391	12019-27-1
391	120220-24-8
391	12027-96-2
391	120313-04-4
391	12032-47-2
391	12034-31-0
391	12036-37-2
391	12036-43-0
391	12036-69-0
391	12037-09-1
391	12037-79-5
391	12039-35-9
391	12044-55-2
391	120575-55-5
391	12058-26-3
391	12060-17-2
391	12063-19-3
391	12068-16-5
391	12068-53-0
391	12071-83-9
391	120922-80-7
391	120973-15-1
391	121110-62-1
391	121110-63-2
391	121110-64-3
391	121110-65-4
391	121110-66-5
391	121158-59-6
391	12122-17-7
391	12122-67-7
391	121271-14-5
391	12129-82-7
391	12135-38-5
391	12141-50-3
391	12142-31-3
391	12151-23-4
391	12167-79-2
391	12179-14-5
391	12179-29-2
391	12182-56-8
391	12183-81-2
391	12190-88-4
391	12196-21-3
391	12199-99-4
391	12201-66-0
391	122012-52-6
391	1225184-29-1
391	1227055-55-1
391	12271-71-5
391	12273-72-2
391	12276-11-8
391	123213-01-4
391	123334-05-4
391	123368-92-3
391	123384-83-8
391	12357-52-7
391	123615-79-2
391	123616-02-4
391	123633-91-0
391	123713-29-1
391	12389-19-4
391	1239448-50-0
391	12402-34-5
391	12433-50-0
391	12442-27-2
391	1244403-50-6
391	12447-61-9
391	1244977-93-2
391	124578-08-1
391	1246279-02-6
391	124751-08-2
391	125025-79-8
391	12511-97-6
391	12513-27-8
391	12519-36-7
391	12527-08-1
391	12530-26-6
391	125328-51-0
391	12536-65-1
391	12539-71-8
391	125408-54-0
391	125467-29-0
391	125494-54-4
391	125494-58-8
391	125612-27-3
391	125612-34-2
391	12562-66-2
391	12564-44-2
391	12564-65-7
391	125643-40-5
391	12565-63-8
391	126-32-9
391	126187-18-6
391	12645-49-7
391	12645-50-0
391	12651-25-1
391	12656-69-8
391	12673-65-3
391	126755-09-7
391	127-82-2
391	12705-38-3
391	1271172-98-5
391	12741-07-0
391	12741-08-1
391	1276111-55-7
391	12767-90-7
391	12768-61-5
391	12771-60-7
391	12773-04-5
391	127814-40-8
391	12793-53-2
391	12795-16-3
391	128419-19-2
391	128514-83-0
391	128607-28-3
391	128704-79-0
391	1289-66-3
391	128964-00-1
391	128975-01-9
391	129249-24-7
391	129618-34-4
391	129756-32-7
391	129770-96-3
391	129870-97-9
391	129893-17-0
391	1300-26-1
391	13014-44-3
391	1303-39-5
391	130328-20-0
391	13040-17-0
391	13040-19-2
391	1308-13-0
391	130930-70-0
391	130930-71-1
391	130930-72-2
391	130930-73-3
391	130930-74-4
391	130930-75-5
391	130930-76-6
391	130930-77-7
391	1313-49-1
391	131315-46-3
391	1314-13-2
391	1314-22-3
391	1314-84-7
391	1314-98-3
391	1314527-00-8
391	1315-09-9
391	1315-11-3
391	131853-00-4
391	13189-00-9
391	13192-38-6
391	13192-40-0
391	1320-68-9
391	1320-85-0
391	132237-83-3
391	1323439-04-8
391	1328-67-2
391	13282-37-6
391	132822-50-5
391	1328870-15-0
391	133073-29-7
391	1331731-79-3
391	1332-07-6
391	1332-78-1
391	1333-33-1
391	1336-14-7
391	133628-63-4
391	1337-79-7
391	1337-92-4
391	1338-87-0
391	133888-46-7
391	134092-23-2
391	13438-45-4
391	1344-74-7
391	134459-11-3
391	1345-05-7
391	134586-52-0
391	13463-41-7
391	13464-33-0
391	13464-44-3
391	134659-55-5
391	134759-17-4
391	134759-18-5
391	13497-77-3
391	13497-84-2
391	13517-27-6
391	1352121-28-8
391	13530-65-9
391	13532-96-2
391	1353745-31-9
391	13550-22-6
391	13560-77-5
391	13566-15-9
391	13597-44-9
391	13597-46-1
391	13597-54-1
391	13597-56-3
391	13597-65-4
391	13598-37-3
391	136-22-1
391	136-23-2
391	136-24-3
391	136-53-8
391	136-94-7
391	1360-39-0
391	1363177-45-0
391	13637-61-1
391	137-30-4
391	137001-93-5
391	137427-50-0
391	1374645-21-2
391	13765-93-0
391	13767-32-3
391	13770-90-6
391	137904-18-8
391	138-54-5
391	13814-85-2
391	13814-87-4
391	13826-55-6
391	13826-88-5
391	138265-88-0
391	13827-02-6
391	13847-22-8
391	13878-54-1
391	13932-17-7
391	139354-75-9
391	1395893-87-4
391	139682-59-0
391	13978-85-3
391	13982-23-5
391	13982-39-3
391	13986-18-0
391	13986-21-5
391	13986-24-8
391	139939-71-2
391	14010-58-3
391	14018-95-2
391	14024-63-6
391	14025-21-9
391	14039-25-9
391	1404365-15-6
391	140471-99-4
391	14049-79-7
391	1405-89-6
391	14074-80-7
391	141-61-7
391	1415015-81-4
391	141614-18-8
391	1416549-90-0
391	1419872-41-5
391	142-14-3
391	142002-06-0
391	14239-23-7
391	14239-24-8
391	14239-75-9
391	14242-12-7
391	14244-40-7
391	14244-62-3
391	142605-01-4
391	14263-15-1
391	14263-89-9
391	14263-90-2
391	14263-91-3
391	14263-92-4
391	14263-93-5
391	14263-94-6
391	14269-55-7
391	1427465-86-8
391	14281-83-5
391	14320-04-8
391	14324-55-1
391	14332-59-3
391	14332-60-6
391	1434578-69-4
391	143477-34-3
391	1435443-98-3
391	14376-32-0
391	14376-54-6
391	14456-43-0
391	14459-91-7
391	14460-17-4
391	14460-21-0
391	144713-07-5
391	14476-25-6
391	14488-60-9
391	1449007-65-1
391	14516-34-8
391	14519-07-4
391	14548-63-1
391	14548-64-2
391	14634-93-6
391	14639-48-6
391	14639-97-5
391	14639-98-6
391	14643-87-9
391	146659-78-1
391	14675-41-3
391	14689-29-3
391	14709-62-7
391	14720-55-9
391	14726-28-4
391	14726-29-5
391	14726-36-4
391	14726-58-0
391	147262-06-4
391	147360-85-8
391	147360-90-5
391	147360-92-7
391	147390-38-3
391	14751-97-4
391	14826-66-5
391	14833-23-9
391	14833-26-2
391	148709-36-8
391	14883-46-6
391	149144-82-1
391	149264-32-4
391	149294-96-2
391	14952-45-5
391	14970-39-9
391	14970-40-2
391	149749-62-2
391	14992-20-2
391	149922-80-5
391	150-88-9
391	150361-06-1
391	15060-64-7
391	151728-40-4
391	15201-05-5
391	152695-46-0
391	15280-31-6
391	15320-55-5
391	153225-43-5
391	153296-77-6
391	15333-24-1
391	15337-18-5
391	15348-66-0
391	153519-45-0
391	153549-06-5
391	153890-21-2
391	15442-64-5
391	15454-75-8
391	15457-98-4
391	15465-13-1
391	155-04-4
391	155240-18-9
391	15557-00-3
391	1555944-40-5
391	155737-58-9
391	15582-78-2
391	15611-13-9
391	15615-72-2
391	15631-71-7
391	15636-56-3
391	15663-61-3
391	15686-64-3
391	15689-07-3
391	157321-97-6
391	15739-11-4
391	15743-55-2
391	157949-37-6
391	158061-51-9
391	15827-10-8
391	158456-30-5
391	15874-15-4
391	158885-84-8
391	15928-94-6
391	15930-94-6
391	15974-07-9
391	16039-53-5
391	16045-72-0
391	160611-30-3
391	16079-37-1
391	160901-14-4
391	160901-15-5
391	160901-16-6
391	16103-04-1
391	1613512-66-5
391	161801-33-8
391	1621460-93-2
391	162400-43-3
391	16243-87-1
391	16260-27-8
391	162630-63-9
391	16283-36-6
391	1629869-94-8
391	163149-26-6
391	1639052-09-7
391	1641546-65-7
391	164250-66-2
391	16485-55-5
391	16495-62-8
391	16509-79-8
391	16527-81-4
391	16529-10-5
391	16529-65-0
391	1662679-23-3
391	16635-24-8
391	16636-96-7
391	16700-94-0
391	16700-95-1
391	16700-97-3
391	16720-39-1
391	16742-82-8
391	16754-68-0
391	16782-00-6
391	16809-23-7
391	16824-81-0
391	16871-71-9
391	169314-88-9
391	170720-48-6
391	170904-51-5
391	17125-91-6
391	171424-48-9
391	17157-03-8
391	171870-07-8
391	171870-09-0
391	17192-79-9
391	17192-80-2
391	17200-49-6
391	172343-50-9
391	172520-08-0
391	172672-41-2
391	17409-47-1
391	17409-52-8
391	175448-53-0
391	175449-32-8
391	175990-72-4
391	17652-47-0
391	179094-95-2
391	1799390-27-4
391	1800376-54-8
391	181828-08-0
391	1834590-43-0
391	18347-39-2
391	18428-70-1
391	18433-42-6
391	18445-58-4
391	184785-37-3
391	185461-95-4
391	185529-26-4
391	185765-53-1
391	18583-10-3
391	18622-28-1
391	18623-80-8
391	186322-74-7
391	18652-49-8
391	186805-08-3
391	18918-13-3
391	18957-59-0
391	18974-19-1
391	18984-32-2
391	19015-34-0
391	190208-14-1
391	1905406-04-3
391	19154-63-3
391	19163-92-9
391	191744-27-1
391	19210-06-1
391	192458-89-2
391	192510-78-4
391	19262-92-1
391	1928718-93-7
391	192888-54-3
391	192888-65-6
391	19333-07-4
391	193829-82-2
391	19417-15-3
391	19488-81-4
391	1949-15-1
391	19497-61-1
391	195161-85-4
391	199281-21-5
391	200191-88-4
391	20203-03-6
391	20252-93-1
391	20316-44-3
391	20427-58-1
391	20431-17-8
391	20539-12-2
391	20596-91-2
391	20609-60-3
391	20654-08-4
391	20654-98-2
391	20779-08-2
391	20812-29-7
391	2082751-40-2
391	208398-70-3
391	209065-88-3
391	2111100-94-6
391	21301-35-9
391	21499-03-6
391	21512-95-8
391	215125-07-8
391	21723-86-4
391	219752-92-8
391	220354-60-9
391	220795-20-0
391	22088-19-3
391	2215-35-2
391	2227630-58-0
391	22323-45-1
391	22374-99-8
391	22397-58-6
391	22405-83-0
391	22484-64-6
391	2251116-56-8
391	2257421-96-6
391	22677-91-4
391	226883-65-4
391	227619-99-0
391	2280-85-5
391	22842-96-2
391	22914-58-5
391	229497-68-1
391	22992-10-5
391	23292-93-5
391	23406-33-9
391	23408-72-2
391	23409-02-1
391	23414-72-4
391	234446-82-3
391	235083-88-2
391	23603-98-7
391	23759-24-2
391	2377780-57-7
391	24012-08-6
391	24304-54-9
391	24308-84-7
391	24345-02-6
391	24359-04-4
391	24468-28-8
391	244778-79-8
391	2452-01-9
391	2455522-12-8
391	24606-42-6
391	24640-76-4
391	24645-45-2
391	24682-72-2
391	24740-23-6
391	24846-92-2
391	24858-54-6
391	24887-06-7
391	25070-22-8
391	25103-54-2
391	2530009-82-4
391	25534-93-4
391	25537-17-1
391	25638-88-4
391	256388-68-8
391	2567725-07-7
391	2573-69-5
391	25807-71-0
391	2582-04-9
391	25916-47-6
391	2606843-55-2
391	26123-91-1
391	26264-49-3
391	26293-79-8
391	26293-80-1
391	263842-41-7
391	26511-01-3
391	26566-95-0
391	265998-56-9
391	26655-44-7
391	266692-38-0
391	26850-69-1
391	2704650-42-8
391	27253-29-8
391	27569-10-4
391	27617-80-7
391	27677-26-5
391	27778-30-9
391	27836-01-7
391	27985-91-7
391	28016-00-4
391	28037-77-6
391	28041-67-0
391	28208-80-2
391	284685-45-6
391	2847-05-4
391	28516-43-0
391	28573-66-2
391	28629-66-5
391	28678-15-1
391	28700-25-6
391	28716-15-6
391	2880-85-5
391	288301-99-5
391	28837-97-0
391	2892133-77-4
391	2917-32-0
391	292140-29-5
391	2929-95-5
391	29426-92-4
391	29507-58-2
391	29520-57-8
391	29604-34-0
391	29726-21-4
391	298688-49-0
391	2991267-30-0
391	301850-33-9
391	302343-98-2
391	3024920-49-5
391	3029439-38-8
391	3030-80-6
391	30304-30-4
391	303114-50-3
391	3031841-72-9
391	30429-79-9
391	30443-47-1
391	305370-20-1
391	30773-34-3
391	30848-25-0
391	309919-97-9
391	31089-48-2
391	31166-17-3
391	31246-29-4
391	31300-71-7
391	31354-67-3
391	3138-01-0
391	3142-46-9
391	31530-30-0
391	31605-03-5
391	3161-59-9
391	31812-11-0
391	318995-78-7
391	32335-42-5
391	32391-13-2
391	32457-96-8
391	32517-55-8
391	32573-57-2
391	32733-02-1
391	3317-47-3
391	33273-26-6
391	33363-00-7
391	33516-09-5
391	33520-38-6
391	33636-59-8
391	33678-73-8
391	33684-80-9
391	33864-12-9
391	33864-17-4
391	33959-50-1
391	34054-23-4
391	34335-10-9
391	34370-35-9
391	34417-25-9
391	3446-35-3
391	348137-48-4
391	3486-35-9
391	34901-30-9
391	34992-53-5
391	35430-20-7
391	35674-68-1
391	35884-05-0
391	3590-23-6
391	36011-55-9
391	36058-55-6
391	36148-59-1
391	36190-62-2
391	36393-20-1
391	364776-91-0
391	36505-86-9
391	36530-23-1
391	36729-46-1
391	37187-67-0
391	37221-08-2
391	37221-82-2
391	37224-32-1
391	37224-56-9
391	37224-57-0
391	37300-23-5
391	37341-47-2
391	37356-08-4
391	37368-62-0
391	375845-00-4
391	37809-34-0
391	378784-99-7
391	378785-07-0
391	380221-54-5
391	3851-22-7
391	38582-18-2
391	3865-77-8
391	38656-51-8
391	38656-58-5
391	38714-47-5
391	38845-47-5
391	38845-49-7
391	39298-00-5
391	39342-49-9
391	39357-09-0
391	3936-35-4
391	39412-61-8
391	39413-47-3
391	39432-69-4
391	39456-86-5
391	39599-16-1
391	40048-93-9
391	401795-19-5
391	40214-27-5
391	40816-51-1
391	40861-29-8
391	41114-59-4
391	41189-36-0
391	41279-77-0
391	42405-40-3
391	4255-07-6
391	4259-15-8
391	428828-41-5
391	42912-79-8
391	4406-02-4
391	4421-50-5
391	4468-02-4
391	449796-20-7
391	452069-73-7
391	4545-30-6
391	4563-55-7
391	4563-56-8
391	460739-39-3
391	460739-64-4
391	461038-89-1
391	4615-25-2
391	4615-31-0
391	479347-96-1
391	4906-99-4
391	49663-84-5
391	49793-39-7
391	4980-54-5
391	4991-47-3
391	501953-51-1
391	503298-89-3
391	504396-40-1
391	5045-91-0
391	5059-60-9
391	50829-49-7
391	50905-71-0
391	50922-29-7
391	50933-80-7
391	50938-04-0
391	50960-09-3
391	50982-02-0
391	51148-10-8
391	51351-67-8
391	51406-57-6
391	5149-85-9
391	51572-10-2
391	51572-12-4
391	51572-13-5
391	51572-16-8
391	51716-96-2
391	51731-04-5
391	51733-03-0
391	51810-70-9
391	51839-25-9
391	51914-60-4
391	52005-71-7
391	52108-54-0
391	52233-09-7
391	52487-10-2
391	52488-90-1
391	52543-24-5
391	52572-38-0
391	52585-16-7
391	52590-79-1
391	52593-56-3
391	5261-20-1
391	52628-25-8
391	5263-02-5
391	52638-78-5
391	52653-36-8
391	52669-69-9
391	52723-61-2
391	52724-30-8
391	52725-28-7
391	52769-39-8
391	53113-57-8
391	53350-83-7
391	53404-92-5
391	53423-98-6
391	53423-99-7
391	53571-63-4
391	53710-65-9
391	53770-51-7
391	53770-52-8
391	53801-63-1
391	53807-65-1
391	53809-63-5
391	53917-99-0
391	53988-06-0
391	54010-75-2
391	5410-93-5
391	54261-67-5
391	54262-78-1
391	54290-64-1
391	54389-17-2
391	54398-39-9
391	54398-40-2
391	544-97-8
391	54427-17-7
391	54502-98-6
391	546-46-3
391	5464-59-5
391	54684-91-2
391	547-41-1
391	547-68-2
391	54842-08-9
391	548491-80-1
391	5486-84-0
391	54874-20-3
391	55072-57-6
391	551-64-4
391	55172-61-7
391	55204-38-1
391	553-72-0
391	55448-21-0
391	555-91-9
391	55518-81-5
391	55554-35-3
391	556-38-7
391	557-05-1
391	557-06-2
391	557-07-3
391	557-08-4
391	557-09-5
391	557-20-0
391	557-21-1
391	557-28-8
391	557-34-6
391	557-41-5
391	557-42-6
391	55799-16-1
391	55870-88-7
391	56315-29-8
391	56329-30-7
391	56329-42-1
391	56378-59-7
391	56450-43-2
391	56507-10-9
391	56532-43-5
391	56592-00-8
391	56762-17-5
391	56803-46-4
391	56902-79-5
391	57206-86-7
391	57486-12-1
391	57572-56-2
391	57606-42-5
391	57790-30-4
391	57866-49-6
391	58270-08-9
391	58319-32-7
391	58392-52-2
391	58968-26-6
391	59143-60-1
391	59330-52-8
391	59597-61-4
391	5970-45-6
391	5970-47-8
391	5970-61-6
391	59766-35-7
391	59786-91-3
391	59963-29-0
391	60109-87-7
391	6014-68-2
391	6023-29-6
391	6023-44-5
391	60240-47-3
391	60388-02-5
391	60430-04-8
391	60580-61-2
391	6059-54-7
391	60797-58-2
391	60869-68-3
391	60869-69-4
391	60869-70-7
391	6087-53-2
391	6087-54-3
391	6087-56-5
391	6087-58-7
391	6099-64-5
391	61075-86-3
391	6130-01-4
391	6155-68-6
391	61583-60-6
391	61617-00-3
391	61745-56-0
391	61745-58-2
391	61745-59-3
391	61745-60-6
391	61745-61-7
391	61790-11-2
391	61790-51-0
391	61843-71-8
391	61919-18-4
391	61966-14-1
391	62008-21-3
391	6217-19-2
391	62179-10-6
391	62180-77-2
391	6228-53-1
391	62292-61-9
391	6248-51-7
391	62708-52-5
391	62712-14-5
391	62713-28-4
391	62744-23-4
391	62778-15-8
391	628-91-1
391	62865-26-3
391	63028-77-3
391	63179-81-7
391	63224-47-5
391	63322-78-1
391	63400-11-3
391	63400-12-4
391	63451-47-8
391	63589-47-9
391	63589-49-1
391	63665-25-8
391	6372-69-6
391	63885-01-8
391	63904-83-6
391	64071-86-9
391	64130-95-6
391	64191-07-7
391	64191-09-9
391	64191-10-2
391	64191-11-3
391	64282-98-0
391	64334-34-5
391	64440-88-6
391	64476-52-4
391	64539-51-1
391	64611-91-2
391	64641-37-8
391	64861-37-6
391	65045-85-4
391	65045-87-6
391	65046-95-9
391	65072-22-2
391	651053-04-2
391	65121-93-9
391	65138-69-4
391	65150-98-3
391	65208-22-2
391	65229-17-6
391	65232-85-1
391	6586-04-5
391	6586-05-6
391	658697-52-0
391	65996-76-1
391	65997-18-4
391	66019-04-3
391	66104-82-3
391	66319-63-9
391	66402-68-4
391	66523-56-6
391	66728-35-6
391	67071-60-7
391	67181-74-2
391	6722-15-2
391	67290-46-4
391	67627-66-1
391	67690-94-2
391	67701-12-6
391	67701-13-7
391	67711-91-5
391	67711-93-7
391	67762-34-9
391	67762-54-3
391	67763-26-2
391	67785-34-6
391	67801-08-5
391	67828-49-3
391	67828-54-0
391	67828-56-2
391	67828-65-3
391	67845-84-5
391	67845-85-6
391	67846-03-1
391	67859-43-2
391	67859-51-2
391	67874-40-2
391	67906-13-2
391	67953-75-7
391	6798-76-1
391	67989-87-1
391	67990-48-1
391	67990-51-6
391	68015-78-1
391	68025-23-0
391	68025-24-1
391	68025-25-2
391	68025-26-3
391	68025-44-5
391	68025-46-7
391	68025-48-9
391	68039-22-5
391	68052-05-1
391	68072-36-6
391	68083-98-7
391	68092-46-6
391	68107-75-5
391	68110-21-4
391	681215-21-4
391	68131-53-3
391	68131-61-3
391	68134-01-0
391	68155-74-8
391	68186-35-6
391	68186-85-6
391	68186-87-8
391	68186-88-9
391	68186-96-9
391	68187-51-9
391	68188-23-8
391	68189-16-2
391	68201-65-0
391	68201-80-9
391	68213-77-4
391	68332-81-0
391	68334-35-0
391	68348-77-6
391	68365-98-0
391	68399-76-8
391	68400-18-0
391	68400-20-4
391	68410-26-4
391	68412-58-8
391	68413-49-0
391	68413-58-1
391	68413-59-2
391	68413-62-7
391	68413-63-8
391	68413-64-9
391	68413-74-1
391	68424-42-0
391	68425-00-3
391	68425-02-5
391	68440-10-8
391	68440-18-6
391	68440-34-6
391	68441-06-5
391	68442-22-8
391	68449-38-7
391	68457-08-9
391	68457-79-4
391	68458-61-7
391	68459-53-0
391	68475-48-9
391	68478-82-0
391	68512-22-1
391	68512-23-2
391	68512-24-3
391	68512-43-6
391	68512-49-2
391	68512-50-5
391	68512-51-6
391	68512-85-6
391	68516-03-0
391	68540-75-0
391	68540-76-1
391	68540-77-2
391	68540-78-3
391	68540-80-7
391	68540-81-8
391	68540-82-9
391	68540-83-0
391	68540-84-1
391	68540-96-5
391	68551-44-0
391	68551-70-2
391	68555-07-7
391	68568-56-9
391	68583-43-7
391	68583-44-8
391	68583-45-9
391	68584-30-5
391	68584-41-8
391	68584-42-9
391	68585-31-9
391	68585-51-3
391	68585-89-7
391	68585-90-0
391	68585-91-1
391	68585-93-3
391	68604-05-7
391	68606-47-3
391	68607-18-1
391	68607-33-0
391	68607-34-1
391	68607-54-5
391	68611-46-1
391	68611-47-2
391	68611-66-5
391	68611-67-6
391	68611-68-7
391	68611-69-8
391	68611-70-1
391	68611-71-2
391	68611-72-3
391	68647-40-5
391	68648-43-1
391	68649-15-0
391	68649-42-3
391	68705-59-9
391	68784-10-1
391	68784-19-0
391	68784-31-6
391	68784-34-9
391	68784-42-9
391	68784-43-0
391	68784-76-9
391	68784-84-9
391	68785-06-8
391	68813-94-5
391	68855-28-7
391	68867-67-4
391	68876-90-4
391	68876-92-6
391	68877-27-0
391	68891-56-5
391	68901-30-4
391	68901-33-7
391	68909-25-1
391	68909-93-3
391	68910-44-1
391	68918-69-4
391	68928-32-5
391	68936-17-4
391	68938-09-0
391	68951-37-1
391	68951-40-6
391	68952-62-5
391	68952-87-4
391	68953-40-2
391	68975-85-9
391	68987-52-0
391	68987-53-1
391	68988-17-0
391	68988-45-4
391	68988-46-5
391	68988-62-5
391	68989-04-8
391	68989-17-3
391	68989-18-4
391	68989-93-5
391	69011-50-3
391	69011-54-7
391	69011-70-7
391	69011-86-5
391	69011-87-6
391	69012-22-2
391	69012-24-4
391	69012-26-6
391	69012-36-8
391	69012-43-7
391	69012-44-8
391	69012-47-1
391	69012-48-2
391	69012-51-7
391	69012-56-2
391	69012-57-3
391	69012-58-4
391	69012-63-1
391	69012-65-3
391	69012-67-5
391	69012-69-7
391	69012-70-0
391	69012-71-1
391	69012-72-2
391	69012-73-3
391	69012-79-9
391	69012-86-8
391	69013-14-5
391	69029-48-7
391	69029-49-8
391	69029-53-4
391	69029-57-8
391	69029-60-3
391	69029-63-6
391	69029-82-9
391	69029-83-0
391	69155-33-5
391	69278-92-8
391	69782-61-2
391	69852-41-1
391	69868-11-7
391	69898-25-5
391	6990-43-8
391	69980-73-0
391	69991-60-2
391	69991-76-0
391	70020-71-2
391	70066-35-2
391	70132-03-5
391	70136-72-0
391	70236-45-2
391	70236-46-3
391	70236-48-5
391	70247-80-2
391	70248-04-3
391	70248-05-4
391	70248-06-5
391	70248-20-3
391	70248-21-4
391	70248-43-0
391	70321-77-6
391	70353-88-7
391	70353-89-8
391	70507-67-4
391	70528-99-3
391	7057-56-9
391	7057-57-0
391	7059-15-6
391	7059-16-7
391	70660-52-5
391	70801-03-5
391	70811-10-8
391	7084-33-5
391	70873-13-1
391	70875-96-6
391	70879-76-4
391	70984-14-4
391	71033-14-2
391	71050-58-3
391	71077-18-4
391	71077-22-0
391	71077-23-1
391	7114-03-6
391	71230-74-5
391	71412-15-2
391	714217-01-3
391	71436-92-5
391	71501-23-0
391	71501-24-1
391	71566-23-9
391	71566-36-4
391	71566-37-5
391	71566-38-6
391	71566-40-0
391	71598-31-7
391	71615-25-3
391	71630-92-7
391	71672-78-1
391	71750-83-9
391	71786-62-4
391	71799-66-1
391	71799-68-3
391	71820-31-0
391	71850-68-5
391	71880-68-7
391	71888-60-3
391	71973-86-9
391	72022-68-5
391	72076-44-9
391	72102-51-3
391	72102-53-5
391	72139-05-0
391	7214-08-6
391	72162-08-4
391	72162-45-9
391	72207-83-1
391	72208-01-6
391	72208-33-4
391	72245-63-7
391	72264-81-4
391	72333-14-3
391	72379-36-3
391	72379-37-4
391	72384-30-6
391	72384-32-8
391	72535-55-8
391	72576-09-1
391	7258-22-2
391	7278-04-8
391	7282-28-2
391	7282-31-7
391	72828-21-8
391	72854-38-7
391	72869-26-2
391	72869-37-5
391	72906-12-8
391	72906-57-1
391	73008-55-6
391	73008-73-8
391	73018-81-2
391	73138-31-5
391	73138-49-5
391	73384-95-9
391	73398-25-1
391	73398-89-7
391	73507-57-0
391	73513-47-0
391	73545-12-7
391	73598-93-3
391	73640-07-0
391	73772-31-3
391	74182-35-7
391	74191-18-7
391	74230-03-8
391	74261-71-5
391	74313-88-5
391	74362-67-7
391	7440-66-6
391	7446-19-7
391	7446-20-0
391	7446-24-4
391	7446-26-6
391	74499-28-8
391	745830-57-3
391	7459-67-8
391	74664-33-8
391	74665-01-3
391	74744-63-1
391	7495-94-5
391	7543-51-3
391	75535-28-3
391	756900-75-1
391	75701-74-5
391	75789-54-7
391	7640-78-0
391	7645-18-3
391	7646-85-7
391	768390-32-5
391	76940-61-9
391	7699-45-8
391	77194-15-1
391	7733-02-0
391	77739-72-1
391	7779-86-4
391	7779-88-6
391	7779-90-0
391	7783-24-6
391	7783-49-5
391	7784-32-9
391	7790-37-6
391	7790-65-0
391	79019-58-2
391	79448-62-7
391	79916-73-7
391	79949-37-4
391	8004-24-8
391	8006-22-2
391	8006-32-4
391	8011-65-2
391	8011-84-5
391	8011-87-8
391	8018-01-7
391	8028-87-3
391	8047-36-7
391	8047-69-6
391	8048-07-5
391	8049-11-4
391	8049-62-5
391	8050-42-8
391	8051-03-4
391	8059-74-3
391	8064-36-6
391	8064-42-4
391	8065-67-6
391	8065-95-0
391	8066-21-5
391	8066-44-2
391	8069-51-0
391	8070-07-3
391	8072-27-3
391	80780-38-7
391	80867-26-1
391	81029-05-2
391	81907-32-6
391	81921-77-9
391	81969-07-5
391	82010-74-0
391	82139-35-3
391	82608-79-5
391	82663-99-8
391	82992-97-0
391	83514-03-8
391	83711-51-7
391	83711-52-8
391	83711-53-9
391	83846-51-9
391	83930-04-5
391	83930-06-7
391	83984-92-3
391	84000-94-2
391	84012-52-2
391	84030-27-3
391	84057-69-2
391	84057-75-0
391	84057-77-2
391	84067-10-7
391	84067-11-8
391	84070-12-2
391	84082-85-9
391	84082-86-0
391	84082-93-9
391	84082-94-0
391	84129-20-4
391	84195-93-7
391	84195-94-8
391	84215-42-9
391	84215-44-1
391	84215-45-2
391	84281-94-7
391	84281-95-8
391	84281-96-9
391	84281-97-0
391	84282-26-8
391	84282-31-5
391	84304-17-6
391	84332-91-2
391	84367-85-1
391	84370-79-6
391	84418-50-8
391	84418-62-2
391	84418-64-4
391	84418-65-5
391	84418-68-8
391	84418-73-5
391	84418-74-6
391	84418-75-7
391	84418-76-8
391	84418-77-9
391	84418-78-0
391	84418-79-1
391	84418-80-4
391	84418-81-5
391	84418-82-6
391	84418-83-7
391	84418-84-8
391	84418-85-9
391	84432-23-5
391	84434-03-7
391	84434-50-4
391	84434-73-1
391	84455-32-3
391	84455-44-7
391	84540-77-2
391	845645-77-4
391	84583-61-9
391	84604-96-6
391	84605-29-8
391	84633-94-3
391	84642-69-3
391	84653-18-9
391	84682-03-1
391	847050-25-3
391	84776-22-7
391	84776-57-8
391	847870-16-0
391	847870-29-5
391	84812-59-9
391	84878-13-7
391	84878-14-8
391	84878-49-9
391	84929-99-7
391	84961-79-5
391	84963-02-0
391	84989-52-6
391	84989-56-0
391	85005-19-2
391	85005-89-6
391	85029-75-0
391	85068-41-3
391	85114-37-0
391	85116-70-7
391	85117-15-3
391	85137-07-1
391	85186-39-6
391	85186-48-7
391	85203-81-2
391	85204-02-0
391	85204-03-1
391	85204-04-2
391	85204-05-3
391	85204-06-4
391	85237-43-0
391	85237-44-1
391	85237-45-2
391	85237-46-3
391	85237-48-5
391	85252-22-8
391	85255-51-2
391	85298-60-8
391	85305-07-3
391	85338-38-1
391	85392-67-2
391	85392-69-4
391	85392-70-7
391	85392-71-8
391	85392-73-0
391	85408-75-9
391	85455-55-6
391	85480-88-2
391	85536-73-8
391	85566-43-4
391	85567-53-9
391	85567-54-0
391	85567-55-1
391	85702-50-7
391	85702-51-8
391	85702-72-3
391	85736-53-4
391	85750-33-0
391	85750-36-3
391	85763-59-3
391	85763-74-2
391	85763-75-3
391	85940-28-9
391	85959-70-2
391	860389-21-5
391	86338-28-5
391	86968-27-6
391	871114-28-2
391	871483-10-2
391	87189-25-1
391	873788-00-2
391	874769-56-9
391	87502-49-6
391	87835-25-4
391	87855-89-8
391	87855-90-1
391	87855-94-5
391	878794-33-3
391	880359-15-9
391	88103-06-4
391	882315-44-8
391	88683-23-2
391	90053-13-7
391	9006-42-2
391	9010-69-9
391	9010-71-3
391	9016-72-2
391	9019-49-2
391	90194-46-0
391	90218-86-3
391	90268-03-4
391	90268-94-3
391	90342-29-3
391	90359-70-9
391	90366-58-8
391	90388-12-8
391	90459-27-1
391	90459-29-3
391	90480-27-6
391	90480-58-3
391	90506-99-3
391	90507-00-9
391	90507-01-0
391	90507-02-1
391	90507-04-3
391	90507-05-4
391	90507-07-6
391	90529-81-0
391	905572-85-2
391	90583-69-0
391	90604-63-0
391	90604-64-1
391	90604-65-2
391	90604-66-3
391	90604-67-4
391	90604-68-5
391	90604-69-6
391	90604-70-9
391	90604-71-0
391	90604-89-0
391	9079-63-4
391	90959-87-8
391	909728-29-6
391	91050-99-6
391	91051-00-2
391	91051-01-3
391	91053-44-0
391	91053-46-2
391	91053-47-3
391	91053-48-4
391	91053-49-5
391	91079-65-1
391	91079-71-9
391	91081-18-4
391	91081-26-4
391	91081-68-4
391	91081-72-0
391	91081-73-1
391	91081-74-2
391	91081-75-3
391	911421-71-1
391	91315-44-5
391	91648-09-8
391	91648-10-1
391	91648-12-3
391	91648-76-9
391	91648-77-0
391	91648-78-1
391	91648-79-2
391	91648-80-5
391	91671-51-1
391	91672-35-4
391	91672-43-4
391	91771-75-4
391	91783-09-4
391	92044-84-3
391	92062-08-3
391	92062-13-0
391	92113-54-7
391	92128-37-5
391	92129-57-2
391	92201-08-6
391	92201-09-7
391	92257-09-5
391	92257-11-9
391	92379-51-6
391	923954-49-8
391	92456-98-9
391	92481-10-2
391	92526-25-5
391	93028-34-3
391	93028-35-4
391	93028-41-2
391	93028-47-8
391	93094-94-1
391	93348-67-5
391	93357-17-6
391	93384-92-0
391	93686-42-1
391	93686-46-5
391	93686-58-9
391	93763-72-5
391	93763-87-2
391	93763-98-5
391	93776-65-9
391	93776-66-0
391	93776-72-8
391	93776-74-0
391	937784-13-9
391	93783-69-8
391	93783-70-1
391	93819-94-4
391	93821-47-7
391	93821-70-6
391	93821-72-8
391	93839-68-0
391	93858-70-9
391	93917-82-9
391	93917-91-0
391	93918-20-8
391	93918-21-9
391	93918-29-7
391	93918-77-5
391	93919-40-5
391	93919-59-6
391	93925-21-4
391	93925-30-5
391	93940-22-8
391	93941-83-4
391	93965-32-3
391	93981-07-8
391	93981-20-5
391	93981-48-7
391	93981-65-8
391	93981-66-9
391	93981-70-5
391	93983-72-3
391	94020-82-3
391	94022-09-0
391	94022-54-5
391	94022-84-1
391	94022-85-2
391	94023-60-6
391	94023-61-7
391	94031-15-9
391	94031-33-1
391	94086-49-4
391	94086-54-1
391	94095-48-4
391	942266-56-0
391	942266-57-1
391	94230-86-1
391	94232-41-4
391	94232-64-1
391	94233-04-2
391	94233-06-4
391	94246-66-9
391	94246-96-5
391	94246-97-6
391	94246-98-7
391	94275-92-0
391	94275-95-3
391	94276-82-1
391	94276-90-1
391	94276-93-4
391	94277-66-4
391	94292-04-3
391	94314-02-0
391	94314-04-2
391	943428-71-5
391	94386-14-8
391	94551-60-7
391	94551-61-8
391	94551-62-9
391	94551-64-1
391	94551-66-3
391	94551-70-9
391	94551-73-2
391	94551-79-8
391	94551-80-1
391	94551-86-7
391	94551-96-9
391	94551-97-0
391	94552-00-8
391	94552-05-3
391	94552-06-4
391	94786-86-4
391	95046-47-2
391	95046-48-3
391	95465-93-3
391	96152-41-9
391	96152-60-2
391	96380-91-5
391	96471-16-8
391	96690-36-7
391	96774-55-9
391	97158-32-2
391	97358-84-4
391	97392-99-9
391	97434-80-5
391	97434-87-2
391	97435-21-7
391	97467-81-7
391	97660-66-7
391	97660-67-8
391	97675-41-7
391	97721-99-8
391	97862-22-1
391	97926-03-9
391	97931-32-3
391	98073-07-5
391	98106-56-0
391	98171-71-2
391	98171-75-6
391	98171-76-7
391	98266-98-9
391	98391-07-2
391	98721-47-2
391	99123-37-2
391	99328-48-0
391	99629-34-2
391	P-80-0032
391	P-81-0299
391	P-83-0128
391	P-83-0260
391	P-83-0555
391	P-83-0866
391	P-84-0245
391	P-84-0246
391	P-84-0247
391	P-84-0248
391	P-85-0565
391	P-85-0736
391	P-86-0340
391	P-87-0382
391	P-88-1001
391	P-88-1050
391	P-88-1103
391	P-88-2290
391	P-90-0470
391	P-90-1283
391	P-91-0121
391	P-91-1221
391	P-91-1222
391	P-91-1223
391	P-91-1224
391	P-92-0525
391	P-92-0720
391	P-94-0964
391	P-94-0966
391	P-94-0968
391	P-94-0969
391	RR-00578-7
391	RR-02096-2
391	RR-02247-9
391	RR-03835-7
391	RR-04199-6
391	RR-04454-2
391	RR-06778-7
391	RR-06784-5
391	RR-06812-2
391	RR-06813-3
391	RR-07072-4
391	RR-07325-6
391	RR-07954-9
391	RR-08212-2
391	RR-08443-5
391	RR-08493-5
391	RR-08616-8
391	RR-08626-0
391	RR-08759-2
391	RR-08925-8
391	RR-09055-1
391	RR-09280-8
391	RR-09407-5
391	RR-09680-0
391	RR-09681-1
391	RR-14255-2
391	RR-24046-0
391	RR-24053-9
391	RR-24193-0
391	RR-24273-9
391	RR-24280-8
391	RR-24287-5
391	RR-24356-1
391	RR-24748-3
391	RR-30345-7
391	RR-30435-8
391	RR-30490-5
391	RR-30502-2
391	RR-31614-3
391	RR-31619-8
391	RR-31993-7
391	RR-32210-1
391	RR-32671-6
391	RR-32823-4
391	RR-40755-6
391	RR-40756-7
391	RR-40757-8
391	RR-41449-3
391	RR-41451-7
391	RR-42039-3
391	RR-55399-1
391	RR-63328-3
391	UN1435
391	UN1436
391	UN1514
391	UN1515
391	UN1516
391	UN1713
391	UN1714
391	UN1840
391	UN2331
391	UN2855
391	Y-88-0106
392	12211-52-8
392	12351-98-3
392	13074-68-5
392	13092-67-6
392	1335-31-5
392	133708-36-8
392	13408-62-3
392	13601-19-9
392	13682-73-0
392	13715-19-0
392	13746-66-2
392	13755-38-9
392	13821-08-4
392	13943-58-3
392	13967-50-5
392	13998-03-3
392	14023-90-6
392	14038-43-8
392	14038-85-8
392	14039-23-7
392	14123-08-1
392	14170-30-0
392	14217-00-6
392	14217-21-1
392	14220-17-8
392	14221-48-8
392	14244-62-3
392	14263-59-3
392	14263-73-1
392	14264-31-4
392	143-33-9
392	14402-75-6
392	14402-89-2
392	14459-95-1
392	14460-02-7
392	14481-29-9
392	14564-70-6
392	14763-77-0
392	14834-18-5
392	14965-99-2
392	151-50-8
392	15280-09-8
392	15333-24-1
392	156-62-7
392	15745-74-1
392	191234-22-7
392	2035-66-7
392	20427-11-6
392	23209-26-9
392	2408-36-8
392	2541-67-5
392	25596-52-5
392	29829-51-4
392	3017-23-0
392	31065-88-0
392	31096-40-9
392	31395-95-6
392	341972-31-4
392	357-21-1
392	37020-93-2
392	37187-64-7
392	39049-81-5
392	39377-49-6
392	4367-08-2
392	506-61-6
392	506-64-9
392	506-65-0
392	506-68-3
392	506-77-4
392	506-78-5
392	535-37-5
392	542-62-1
392	542-83-6
392	542-84-7
392	544-92-3
392	557-19-7
392	557-21-1
392	562-79-8
392	562-81-2
392	5683-74-9
392	57-12-5
392	591-89-9
392	592-01-8
392	592-04-1
392	592-05-2
392	592-06-3
392	60195-52-0
392	66004-32-8
392	67859-42-1
392	68133-86-8
392	68133-87-9
392	74-90-8
392	RR-00573-2
392	RR-45497-7
392	UN1588
392	UN1614
392	UN1620
392	UN1680
392	UN1684
392	UN1689
392	UN1713
393	100085-00-5
393	100085-69-6
393	100335-18-0
393	100335-19-1
393	100402-50-4
393	100438-90-2
393	100656-52-8
393	100683-95-2
393	100684-43-3
393	100684-47-7
393	100684-48-8
393	100684-55-7
393	100684-56-8
393	100684-57-9
393	100684-60-4
393	100684-61-5
393	100995-79-7
393	101357-04-4
393	101357-29-3
393	102110-50-9
393	102110-56-5
393	102110-57-6
393	10294-26-5
393	10357-62-7
393	1042667-92-4
393	105285-26-5
393	105883-46-3
393	11113-87-4
393	112714-62-2
393	1167997-68-3
393	12002-67-4
393	12002-82-3
393	12002-86-7
393	12002-99-2
393	12003-00-8
393	12041-40-6
393	121918-00-1
393	12249-45-5
393	12249-54-6
393	12267-44-6
393	12271-95-3
393	12309-96-5
393	12344-40-0
393	12351-98-3
393	123627-30-5
393	12376-95-3
393	12417-99-1
393	124222-18-0
393	124417-95-4
393	12448-25-8
393	124561-52-0
393	12513-18-7
393	125390-10-5
393	12553-68-3
393	12597-76-1
393	126-45-4
393	126257-89-4
393	12673-77-7
393	126820-94-8
393	126820-96-0
393	126820-97-1
393	127694-63-7
393	127814-43-1
393	127922-21-8
393	128196-69-0
393	128196-70-3
393	129618-37-7
393	1301-96-8
393	1302-01-8
393	1302-04-1
393	1302-09-6
393	130328-18-6
393	130328-19-7
393	130328-20-0
393	13086-63-0
393	13092-75-6
393	130989-19-4
393	131163-33-2
393	13126-70-0
393	131642-49-4
393	132851-72-0
393	133630-12-3
393	133631-64-8
393	134131-32-1
393	134131-33-2
393	134325-12-5
393	134349-81-8
393	13465-88-8
393	13465-93-5
393	13465-96-8
393	13465-97-9
393	13465-98-0
393	13497-94-4
393	13510-44-6
393	13765-74-7
393	13863-88-2
393	14038-75-6
393	14104-20-2
393	14125-27-0
393	14242-05-8
393	14331-86-3
393	14333-39-2
393	14376-43-3
393	14391-65-2
393	14391-76-5
393	146-84-9
393	146925-85-1
393	1470-61-7
393	14701-21-4
393	14833-32-0
393	148630-66-4
393	14928-14-4
393	14967-69-2
393	150361-06-1
393	15116-79-7
393	15122-58-4
393	15123-77-0
393	15124-04-6
393	154339-84-1
393	15521-50-3
393	15525-64-1
393	155645-89-9
393	155925-27-2
393	15760-04-0
393	15760-07-3
393	15768-18-0
393	16027-55-7
393	160935-28-4
393	16205-01-9
393	1632046-27-5
393	1648747-58-3
393	1648747-59-4
393	165461-74-5
393	16631-02-0
393	16836-95-6
393	16920-45-9
393	1701-93-5
393	172826-34-5
393	172850-11-2
393	173423-45-5
393	177279-28-6
393	18268-45-6
393	18444-31-0
393	189114-61-2
393	19025-97-9
393	19287-89-9
393	195385-97-8
393	195386-00-6
393	195386-03-9
393	195386-08-4
393	20389-38-2
393	204594-09-2
393	20667-12-3
393	206986-90-5
393	20963-87-5
393	21430-69-3
393	21548-73-2
393	22199-08-2
393	22257-44-9
393	22350-95-4
393	22855-70-5
393	23149-52-2
393	23606-32-8
393	2386-52-9
393	24687-57-8
393	2489-05-6
393	24927-67-1
393	25455-73-6
393	25822-21-3
393	25931-86-6
393	26042-63-7
393	26042-64-8
393	26077-31-6
393	265647-11-8
393	2923-14-0
393	2923-28-6
393	2966-50-9
393	29829-51-4
393	308062-97-7
393	31890-20-7
393	326478-55-1
393	3315-16-0
393	331717-44-3
393	335-93-3
393	34445-07-3
393	3507-99-1
393	3508-01-8
393	36701-38-9
393	37271-93-5
393	37318-74-4
393	378784-20-4
393	378784-21-5
393	378784-22-6
393	378784-23-7
393	378784-24-8
393	3794-64-7
393	383-88-0
393	38351-46-1
393	38892-25-0
393	42613-24-1
393	42867-30-1
393	42879-93-6
393	43126-83-6
393	454467-21-1
393	506-64-9
393	50746-17-3
393	509-09-1
393	51501-69-0
393	532-31-0
393	533-51-7
393	53370-43-7
393	534-16-7
393	53404-00-5
393	54388-56-6
393	5489-14-5
393	55047-82-0
393	5610-59-3
393	563-63-3
393	5651-26-3
393	57542-56-0
393	60347-66-2
393	60763-16-8
393	62638-04-4
393	63939-08-2
393	65761-23-1
393	65997-18-4
393	66502-42-9
393	67372-98-9
393	67711-95-9
393	67711-97-1
393	67711-98-2
393	67859-40-9
393	67859-41-0
393	67859-42-1
393	67859-44-3
393	67859-67-0
393	67859-68-1
393	67893-50-9
393	67906-15-4
393	67952-62-9
393	68365-86-6
393	68391-13-9
393	68512-22-1
393	68512-23-2
393	68551-38-2
393	68551-40-6
393	68583-43-7
393	68583-44-8
393	68583-45-9
393	68584-08-7
393	68584-41-8
393	68611-69-8
393	68611-71-2
393	68683-18-1
393	68784-10-1
393	68784-68-9
393	68784-84-9
393	68785-05-7
393	68815-08-7
393	68876-99-3
393	68877-01-0
393	68892-08-0
393	68916-32-5
393	69011-54-7
393	69011-60-5
393	69012-52-8
393	69029-47-6
393	69029-57-8
393	69898-19-7
393	70333-07-2
393	70495-27-1
393	71630-92-7
393	72252-42-7
393	72906-12-8
393	7440-22-4
393	745795-74-8
393	75522-86-0
393	7761-88-8
393	7775-41-9
393	7783-89-3
393	7783-90-6
393	7783-91-7
393	7783-92-8
393	7783-93-9
393	7783-95-1
393	7783-96-2
393	7783-97-3
393	7783-98-4
393	7783-99-5
393	7784-00-1
393	7784-01-2
393	7784-02-3
393	7784-03-4
393	7784-05-6
393	7784-07-8
393	7784-08-9
393	7784-09-0
393	7785-23-1
393	8012-12-2
393	8021-27-0
393	84583-61-9
393	85392-55-8
393	873297-19-9
393	87354-45-8
393	87370-84-1
393	9015-51-4
393	90552-60-6
393	91053-45-1
393	91697-48-2
393	91722-12-2
393	91722-43-9
393	91745-78-7
393	91745-81-2
393	918639-16-4
393	91899-63-7
393	923-14-8
393	924904-77-8
393	93820-19-0
393	93917-83-0
393	93942-60-0
393	93951-22-5
393	94030-91-8
393	94233-21-3
393	94233-34-8
393	94276-39-8
393	94276-84-3
393	94551-96-9
393	94551-97-0
393	94552-05-3
393	94552-06-4
393	95370-75-5
393	95370-76-6
393	96152-54-4
393	97102-89-1
393	97198-18-0
393	97435-23-9
393	97468-34-3
393	97676-15-8
393	97765-67-8
393	97765-79-2
393	97766-13-7
393	97766-16-0
393	97766-33-1
393	97926-57-3
393	97926-88-0
393	97926-95-9
393	98072-44-7
393	99573-82-7
393	RR-00041-9
393	RR-00574-3
393	RR-02293-5
393	RR-02793-0
393	RR-04200-2
393	RR-10146-2
393	RR-43023-9
393	UN1493
393	UN1684
394	102801-15-0
394	1064697-81-9
394	138495-42-8
394	144377-42-4
394	1514-82-5
394	1519044-65-5
394	178676-13-6
394	1814-88-6
394	185009-29-4
394	193487-54-6
394	19430-93-4
394	220035-33-6
394	220626-19-7
394	2252-84-8
394	27070-61-7
394	27987-06-0
394	353-36-6
394	354-33-6
394	359-35-3
394	406-58-6
394	420-26-8
394	420-45-1
394	420-46-2
394	421-07-8
394	430-66-0
394	431-63-0
394	431-89-0
394	460-13-9
394	460-33-3
394	460-73-1
394	462-39-5
394	593-53-3
394	624-72-6
394	677-56-5
394	679-86-7
394	690-39-1
394	71281-71-5
394	75-10-5
394	75-37-6
394	75-38-7
394	75-46-7
394	754-12-1
394	811-97-2
394	RR-04038-0
394	RR-213518-4
394	UN1030
394	UN1984
394	UN2035
394	UN2454
394	UN3159
394	UN3220
394	UN3252
394	UN3296
395	103188-55-2
395	115-25-3
395	116-15-4
395	125061-94-1
395	128664-89-1
395	13221-71-1
395	1519044-53-1
395	154452-93-4
395	1583-97-7
395	1584-03-8
395	161107-53-5
395	1735-48-4
395	178459-70-6
395	1805-22-7
395	185009-34-1
395	21581-82-8
395	218599-63-4
395	266002-75-9
395	26637-68-3
395	28677-00-1
395	2994-71-0
395	300408-51-9
395	3021-63-4
395	30320-26-4
395	30320-27-5
395	30320-29-7
395	306-91-2
395	306-92-3
395	306-94-5
395	306-95-6
395	306-98-9
395	307-08-4
395	307-34-6
395	307-45-9
395	307-49-3
395	307-59-5
395	307-62-0
395	313-72-4
395	335-14-8
395	335-27-3
395	335-57-9
395	35328-43-9
395	354-96-1
395	354-97-2
395	355-02-2
395	355-04-4
395	355-25-9
395	355-42-0
395	355-49-7
395	355-63-5
395	355-68-0
395	355-75-9
395	36591-89-6
395	374-51-6
395	374-60-7
395	375-96-2
395	37589-57-4
395	376-03-4
395	376-22-7
395	376-77-2
395	376-87-4
395	434-90-2
395	50285-18-2
395	50285-19-3
395	51294-16-7
395	558-69-0
395	559-14-8
395	594-91-2
395	62375-54-6
395	678-26-2
395	69064-33-1
395	71076-47-6
395	72804-49-0
395	75-73-0
395	755-25-9
395	76-16-4
395	76-19-7
395	80632-82-2
395	82785-18-0
395	84650-68-0
395	84808-63-9
395	865-71-4
395	86714-23-0
395	96162-24-2
395	RR-04039-1
395	RR-213519-5
395	UN1976
395	UN1982
395	UN2193
395	UN2424
