1	10025-64-6
1	10139-47-6
1	10196-18-6
1	10326-24-6
1	10361-95-2
1	10379-90-5
1	1096078-72-6
1	11085-35-1
1	1162648-93-2
1	12034-31-0
1	12433-50-0
1	1269814-32-5
1	127-82-2
1	12741-08-1
1	128514-83-0
1	1303-39-5
1	131315-46-3
1	131853-00-4
1	1332-78-1
1	13517-27-6
1	13598-37-3
1	13637-61-1
1	13770-90-6
1	137904-18-8
1	13814-87-4
1	13826-88-5
1	13932-17-7
1	13986-18-0
1	13986-21-5
1	13986-24-8
1	139939-71-2
1	14018-95-2
1	1416549-90-0
1	14244-62-3
1	14269-55-7
1	14283-93-3
1	14519-07-4
1	15671-21-3
1	15819-03-1
1	16871-71-9
1	18433-42-6
1	18534-08-2
1	19154-63-3
1	19417-15-3
1	1949-15-1
1	19708-89-5
1	20712-47-4
1	21351-91-7
1	21351-92-8
1	22763-46-8
1	22842-96-2
1	23414-72-4
1	26399-71-3
1	28037-77-6
1	28038-30-4
1	28041-67-0
1	28837-97-0
1	29426-92-4
1	29604-34-0
1	34992-53-5
1	4468-02-4
1	53917-99-0
1	557-13-1
1	557-34-6
1	557-42-6
1	58319-32-7
1	58968-26-6
1	5970-45-6
1	66019-04-3
1	73640-07-0
1	74173-38-9
1	74182-35-7
1	7446-19-7
1	7446-20-0
1	7646-85-7
1	7699-45-8
1	7733-02-0
1	7779-86-4
1	7779-88-6
1	7783-24-6
1	7783-49-5
1	7790-65-0
1	80867-26-1
1	871483-10-2
1	873788-00-2
1	88103-06-4
1	RR-07325-6
1	UN1513
1	UN1514
1	UN1515
1	UN1712
1	UN1840
1	UN1931
1	UN2331
1	UN2469
1	UN2855
10	102256-29-1
10	1254182-69-8
10	96-33-3
10	UN1919
100	3699-30-7
101	105-67-9
101	108-68-9
101	1300-71-6
101	144700-02-7
101	526-75-0
101	71975-58-1
101	95-65-8
101	95-87-4
101	95-87-4
101	UN2261
101	UN3430
102	108-68-9
102	1300-71-6
102	1363408-62-1
102	144700-02-7
102	28449-96-9
102	50356-22-4
102	526-75-0
102	576-26-1
102	95-65-8
102	95-87-4
102	UN2261
102	UN3430
103	106-42-3
103	108-38-3
103	1330-20-7
103	56004-61-6
103	56004-61-6
103	8026-09-3
103	95-47-6
103	UN1307
104	20214-07-7
104	91-22-5
104	UN2656
105	10294-26-5
105	11113-87-4
105	1147709-34-9
105	12553-68-3
105	12587-98-3
105	14242-05-8
105	14325-99-6
105	14331-86-3
105	14333-39-2
105	14391-65-2
105	14391-76-5
105	146-84-9
105	14833-32-0
105	14928-14-4
105	14967-69-2
105	15116-79-7
105	15634-29-4
105	15760-04-0
105	15760-07-3
105	172826-34-5
105	204594-09-2
105	2541-67-5
105	26088-37-9
105	31890-20-7
105	331717-44-3
105	34445-07-3
105	378784-20-4
105	378784-21-5
105	378784-22-6
105	378784-23-7
105	378784-24-8
105	454467-21-1
105	506-61-6
105	563-63-3
105	7440-22-4
105	745795-74-8
105	7761-88-8
105	7775-41-9
105	7783-92-8
105	7783-93-9
105	7783-99-5
105	8012-12-2
105	87354-45-8
105	87370-84-1
105	RR-00041-9
105	UN1493
106	160336-23-2
106	98-82-8
106	UN1918
107	107-22-2
107	83513-30-8
108	106805-61-2
108	1071-83-6
108	114370-14-8
108	258263-91-1
108	34494-03-6
108	37337-60-3
108	38641-94-0
108	39226-77-2
108	39600-42-5
108	40465-66-5
108	42618-09-7
108	626231-43-4
108	69254-40-6
108	70393-85-0
108	75241-08-6
108	96638-41-4
108	96639-11-1
109	107950-89-0
109	111-30-8
109	1428979-54-7
109	1497435-71-8
109	37245-61-7
109	79215-57-9
11	1006710-56-0
11	107-13-1
11	1197872-06-2
11	1221168-60-0
11	1309882-90-3
11	29754-21-0
11	63908-52-1
11	769126-92-3
11	769134-66-9
11	UN1093
110	106-44-5
110	108-39-4
110	116804-25-2
110	1319-77-3
110	52037-47-5
110	8003-33-6
110	8006-62-0
110	8026-94-6
110	8027-16-5
110	84989-04-8
110	95-48-7
110	UN2022
110	UN2076
110	UN3455
111	10022-47-6
111	100231-60-5
111	10025-73-7
111	10027-12-0
111	10031-25-1
111	10031-37-5
111	10031-37-5
111	10060-12-5
111	10101-53-8
111	101027-05-8
111	10127-05-6
111	10127-27-2
111	101357-08-8
111	10141-00-1
111	101607-36-7
111	10170-68-0
111	101836-91-3
111	102262-19-1
111	102322-77-0
111	102381-84-0
111	102382-72-9
111	10241-21-1
111	10241-27-7
111	102496-08-2
111	102506-12-7
111	102561-72-8
111	102561-73-9
111	102782-47-8
111	102782-48-9
111	102782-49-0
111	102782-50-3
111	10279-42-2
111	103241-63-0
111	10343-55-2
111	10343-58-5
111	103458-48-6
111	103651-07-6
111	103651-08-7
111	103671-34-7
111	10380-30-0
111	103819-10-9
111	104105-46-6
111	104791-17-5
111	104791-31-3
111	104815-52-3
111	106084-79-1
111	106168-42-7
111	1066-30-4
111	106866-56-2
111	109048-90-0
111	109125-50-0
111	109125-51-1
111	109125-62-4
111	109225-23-2
111	1093852-36-8
111	109657-68-3
111	109657-69-4
111	110375-89-8
111	110375-90-1
111	110532-38-2
111	110553-28-1
111	11068-91-0
111	11104-65-7
111	11113-70-5
111	11114-92-4
111	11118-57-3
111	11119-70-3
111	11121-96-3
111	11145-38-3
111	112285-78-6
111	112510-35-7
111	112764-80-4
111	112764-81-5
111	112764-82-6
111	113015-82-0
111	113163-33-0
111	114374-61-7
111	114886-92-9
111	114886-93-0
111	114886-94-1
111	114886-95-2
111	114886-96-3
111	114886-97-4
111	114886-98-5
111	114886-99-6
111	114887-00-2
111	114887-04-6
111	114959-47-6
111	115341-05-4
111	115465-57-1
111	115517-69-6
111	115517-70-9
111	115517-71-0
111	115658-56-5
111	115658-57-6
111	115949-83-2
111	115949-89-8
111	116032-59-8
111	116305-12-5
111	117527-94-3
111	118460-97-2
111	118496-41-6
111	118556-91-5
111	118685-18-0
111	118685-19-1
111	118685-33-9
111	118716-61-3
111	118716-62-4
111	1187200-64-1
111	118870-19-2
111	119535-63-6
111	119654-54-5
111	12001-99-9
111	12006-79-0
111	12012-35-0
111	12013-31-9
111	12016-69-2
111	12017-79-7
111	12017-94-6
111	12018-10-9
111	12018-18-7
111	12018-19-8
111	12018-22-3
111	120418-78-2
111	120418-79-3
111	120418-80-6
111	120418-81-7
111	120522-64-7
111	120522-66-9
111	12053-12-2
111	12053-13-3
111	12053-18-8
111	12053-27-9
111	120573-95-7
111	120574-56-3
111	12068-77-8
111	121281-35-4
111	12170-19-3
111	12182-82-0
111	12218-94-9
111	12218-95-0
111	12218-99-4
111	12220-52-9
111	12220-77-8
111	12220-85-8
111	12220-90-5
111	12225-64-8
111	12226-00-5
111	12235-24-4
111	12237-22-8
111	12238-55-0
111	12254-85-2
111	12269-80-6
111	12270-05-2
111	1229022-62-1
111	12336-95-7
111	12392-64-2
111	125233-42-3
111	125378-90-7
111	125378-92-9
111	125378-93-0
111	125378-94-1
111	125378-95-2
111	12605-70-8
111	12617-87-7
111	12619-84-0
111	12629-02-6
111	12638-07-2
111	12653-68-8
111	12675-92-2
111	12680-48-7
111	12681-83-3
111	12689-83-7
111	12705-38-3
111	12737-27-8
111	12737-97-2
111	12768-76-2
111	12777-94-5
111	127851-78-9
111	129984-38-9
111	129984-39-0
111	13011-63-7
111	13011-65-9
111	130701-55-2
111	1308-14-1
111	1308-31-2
111	1308-38-9
111	131162-93-1
111	131461-87-5
111	13221-10-8
111	132435-13-3
111	132435-14-4
111	132539-03-8
111	132539-05-0
111	13318-01-9
111	1332-16-7
111	1332-16-7
111	1335-24-6
111	133556-24-8
111	1336-14-7
111	13463-42-8
111	13475-98-4
111	13520-66-6
111	13537-21-8
111	13548-38-4
111	13548-43-1
111	13569-75-0
111	13573-16-5
111	13573-17-6
111	13601-11-1
111	136141-00-9
111	13820-25-2
111	139460-45-0
111	140835-91-2
111	1426817-51-7
111	14282-33-8
111	143065-90-1
111	14320-13-9
111	14325-26-9
111	14392-02-0
111	144246-96-8
111	144855-63-0
111	14639-25-9
111	14640-57-4
111	1469859-20-8
111	14766-82-6
111	14833-09-1
111	149564-65-8
111	149564-66-9
111	149626-00-6
111	15005-90-0
111	15096-41-0
111	15203-80-2
111	15244-38-9
111	15246-55-6
111	15363-19-6
111	15363-28-7
111	15418-25-4
111	154857-50-8
111	155067-80-4
111	156816-50-1
111	15713-60-7
111	15758-14-2
111	15804-55-4
111	158086-59-0
111	159357-71-8
111	159574-72-8
111	15977-59-0
111	16065-83-1
111	160673-88-1
111	160867-07-2
111	160869-74-9
111	160901-47-3
111	16091-77-3
111	1610419-57-2
111	1610954-05-6
111	16286-27-4
111	164057-73-2
111	165589-75-3
111	16671-27-5
111	16712-29-1
111	16922-87-5
111	16923-74-3
111	17099-80-8
111	17135-66-9
111	171966-37-3
111	171966-38-4
111	171966-39-5
111	171966-40-8
111	171966-42-0
111	171966-43-1
111	171966-44-2
111	171966-45-3
111	172018-28-9
111	172343-57-6
111	172343-59-8
111	172343-60-1
111	172343-61-2
111	172777-20-7
111	172777-25-2
111	172825-43-3
111	172928-54-0
111	172928-56-2
111	178452-71-6
111	178452-72-7
111	180262-71-9
111	18324-39-5
111	184719-87-7
111	184828-23-7
111	185464-26-0
111	188300-41-6
111	188785-87-7
111	188785-92-4
111	18987-99-0
111	190525-00-9
111	19154-29-1
111	19154-30-4
111	19154-31-5
111	192662-33-2
111	19441-09-9
111	19512-14-2
111	195161-82-1
111	19583-99-4
111	196696-68-1
111	19717-98-7
111	20249-21-2
111	20714-20-9
111	21178-63-2
111	21180-84-7
111	212716-69-3
111	212716-70-6
111	21679-31-2
111	219539-04-5
111	220767-90-8
111	22471-42-7
111	225797-70-6
111	22967-36-8
111	24094-93-7
111	24256-56-2
111	24305-97-3
111	24328-40-3
111	24613-89-6
111	25013-81-4
111	25013-82-5
111	25718-61-0
111	26416-07-9
111	27096-04-4
111	27115-36-2
111	27425-58-7
111	27425-60-1
111	27519-39-7
111	27850-15-3
111	28084-27-7
111	28155-72-8
111	28612-69-3
111	292609-13-3
111	294202-64-5
111	29632-23-3
111	29890-29-7
111	29991-00-2
111	30112-70-0
111	30737-19-0
111	30785-74-1
111	31087-39-5
111	31636-06-3
111	31714-55-3
111	32517-36-5
111	327177-98-0
111	32732-14-2
111	33270-70-1
111	33518-89-7
111	34156-26-8
111	34215-66-2
111	3444-17-5
111	346693-15-0
111	346693-16-1
111	346709-18-0
111	346709-19-1
111	346709-20-4
111	36221-65-5
111	3700-69-4
111	371973-51-2
111	37224-56-9
111	37224-57-0
111	37228-30-1
111	37228-30-1
111	37293-29-1
111	37367-87-6
111	37382-24-4
111	3843-17-2
111	38833-00-0
111	38845-55-5
111	39002-49-8
111	39275-63-3
111	39322-04-8
111	39378-25-1
111	39380-78-4
111	39609-25-1
111	40752-90-7
111	41579-63-9
111	41741-86-0
111	42208-99-1
111	47865-34-9
111	47872-95-7
111	47872-97-9
111	499126-69-1
111	50497-83-1
111	50497-85-3
111	50525-41-2
111	50525-58-1
111	50922-29-7
111	51022-91-4
111	51147-75-2
111	51329-63-6
111	51472-11-8
111	51888-17-6
111	52110-72-2
111	52256-37-8
111	52256-39-0
111	52256-40-3
111	52277-71-1
111	52277-74-4
111	52440-39-8
111	52587-68-5
111	52677-44-8
111	52677-57-3
111	52869-79-1
111	52953-39-6
111	52953-41-0
111	52953-42-1
111	53036-44-5
111	53036-47-8
111	53295-04-8
111	53529-09-2
111	53809-63-5
111	53901-51-2
111	54306-63-7
111	55039-14-0
111	55072-56-5
111	55072-56-5
111	55136-34-0
111	55147-94-9
111	553650-13-8
111	55613-78-0
111	55657-54-0
111	55809-98-8
111	55917-86-7
111	5601-29-6
111	5610-64-0
111	561029-54-7
111	56237-72-0
111	56269-88-6
111	56466-00-3
111	56663-29-7
111	56819-40-0
111	57033-98-4
111	57072-40-9
111	57108-69-7
111	57206-81-2
111	57206-83-4
111	57486-05-2
111	57674-14-3
111	57693-14-8
111	57790-30-4
111	58591-12-1
111	58640-42-9
111	59178-46-0
111	59307-44-7
111	59307-46-9
111	59307-49-2
111	59330-20-0
111	59335-19-2
111	59335-21-6
111	59459-49-3
111	59459-52-8
111	59518-88-6
111	59675-70-6
111	61275-47-6
111	61623-21-0
111	61916-41-4
111	61916-42-5
111	61931-16-6
111	61931-53-1
111	61931-84-8
111	62037-24-5
111	62498-20-8
111	62524-44-1
111	63182-21-8
111	63231-86-7
111	63388-88-5
111	63497-09-6
111	6370-08-7
111	6370-09-8
111	6370-12-3
111	6370-14-5
111	6370-15-6
111	63815-15-6
111	63872-05-9
111	63910-74-7
111	63982-58-1
111	6408-02-2
111	6408-05-5
111	6408-06-6
111	6408-15-7
111	6408-19-1
111	6408-22-6
111	6408-26-0
111	6408-29-3
111	6408-31-7
111	6408-34-0
111	64093-79-4
111	64452-96-6
111	6449-00-9
111	64560-69-6
111	64560-71-0
111	6459-65-0
111	64611-70-7
111	64611-72-9
111	64611-73-0
111	6472-55-5
111	6505-91-5
111	65277-39-6
111	65629-44-9
111	65664-27-9
111	65718-42-5
111	65979-96-6
111	66006-52-8
111	66009-93-6
111	66010-29-5
111	66142-95-8
111	6656-00-4
111	6656-01-5
111	6656-02-6
111	67109-27-7
111	6717-29-9
111	6717-33-5
111	67352-35-6
111	67352-37-8
111	67414-28-2
111	67800-97-9
111	67800-98-0
111	67893-10-1
111	67924-22-5
111	67939-06-4
111	67989-83-7
111	67989-91-7
111	68039-62-3
111	68039-63-4
111	68039-65-6
111	68132-92-3
111	68133-82-4
111	68141-02-6
111	68155-48-6
111	68186-88-9
111	68186-90-3
111	68186-91-4
111	68186-92-5
111	68186-97-0
111	68187-09-7
111	68187-11-1
111	68187-12-2
111	68187-27-9
111	68187-49-5
111	68187-53-1
111	68201-65-0
111	68201-73-0
111	68201-74-1
111	68214-26-6
111	68214-27-7
111	68227-17-8
111	68239-51-0
111	68239-52-1
111	68334-57-6
111	68368-55-8
111	68368-56-9
111	68448-46-4
111	68479-94-7
111	68479-95-8
111	68516-25-6
111	68541-69-5
111	68541-70-8
111	68541-71-9
111	68553-01-5
111	68556-27-4
111	685853-81-0
111	68610-93-5
111	68611-42-7
111	68683-16-9
111	68833-89-6
111	68833-90-9
111	68900-70-9
111	68900-71-0
111	68909-79-5
111	68912-09-4
111	68912-10-7
111	68912-11-8
111	68922-28-1
111	68957-69-7
111	68958-93-0
111	68958-96-3
111	68966-87-0
111	68966-88-1
111	68966-92-7
111	68966-94-9
111	68966-99-4
111	69011-08-1
111	69373-03-1
111	69882-08-2
111	69943-64-2
111	69943-65-3
111	69943-66-4
111	69997-91-7
111	70029-25-3
111	70179-70-3
111	70198-31-1
111	70209-86-8
111	70209-87-9
111	70236-40-7
111	70236-42-9
111	70236-55-4
111	70236-56-5
111	70236-57-6
111	70236-60-1
111	70236-61-2
111	70236-62-3
111	70247-75-5
111	70247-77-7
111	70281-39-9
111	70281-41-3
111	70288-95-8
111	70529-04-3
111	70703-37-6
111	70776-54-4
111	70776-97-5
111	70788-62-4
111	70788-63-5
111	70815-17-7
111	70833-33-9
111	70833-35-1
111	70833-36-2
111	70851-41-1
111	70880-00-1
111	70880-01-2
111	70880-02-3
111	70892-94-3
111	70900-26-4
111	70942-15-3
111	71032-93-4
111	71076-98-7
111	71205-50-0
111	71343-04-9
111	71361-25-6
111	71550-00-0
111	71566-29-5
111	71566-31-9
111	71598-27-1
111	71598-32-8
111	71598-33-9
111	71598-34-0
111	71598-35-1
111	71631-15-7
111	71631-40-8
111	71648-65-2
111	71701-12-7
111	71701-13-8
111	71701-15-0
111	71701-16-1
111	71735-55-2
111	71735-58-5
111	71750-83-9
111	71767-18-5
111	71839-77-5
111	71839-79-7
111	71839-80-0
111	71839-81-1
111	71839-83-3
111	71839-85-5
111	71839-90-2
111	71839-91-3
111	71889-21-9
111	71902-28-8
111	72017-66-4
111	72139-07-2
111	72259-07-5
111	72259-15-5
111	72259-16-6
111	72275-69-5
111	72379-38-5
111	72379-39-6
111	72403-65-7
111	72403-66-8
111	72429-11-9
111	72429-12-0
111	72453-60-2
111	72467-46-0
111	72479-29-9
111	72479-31-3
111	72479-91-5
111	72479-92-6
111	72479-93-7
111	72479-94-8
111	72496-90-3
111	72509-81-0
111	72574-52-8
111	72709-84-3
111	72765-46-9
111	72765-47-0
111	72796-98-6
111	72796-99-7
111	72797-00-3
111	72797-01-4
111	72797-02-5
111	72797-03-6
111	72797-04-7
111	72797-05-8
111	72797-06-9
111	72797-07-0
111	72797-10-5
111	72797-11-6
111	72797-12-7
111	72797-13-8
111	72812-20-5
111	72812-21-6
111	72812-22-7
111	72812-23-8
111	72812-24-9
111	72812-25-0
111	72812-26-1
111	72812-27-2
111	72812-28-3
111	72812-29-4
111	72812-30-7
111	72812-31-8
111	72812-32-9
111	72812-33-0
111	72812-34-1
111	72812-35-2
111	72812-36-3
111	72812-37-4
111	72812-38-5
111	72829-08-4
111	72829-32-4
111	72829-34-6
111	72845-51-3
111	72845-52-4
111	72845-53-5
111	72845-54-6
111	72845-55-7
111	72845-56-8
111	72845-57-9
111	72845-58-0
111	72845-59-1
111	72845-60-4
111	72845-61-5
111	72845-62-6
111	72845-64-8
111	72845-65-9
111	72845-66-0
111	72845-67-1
111	72845-68-2
111	72845-69-3
111	72845-70-6
111	72845-72-8
111	72845-73-9
111	72845-74-0
111	72845-75-1
111	72846-03-8
111	72846-04-9
111	72854-28-5
111	72854-29-6
111	72854-30-9
111	72854-31-0
111	72854-32-1
111	72854-34-3
111	72854-35-4
111	72869-40-0
111	72869-41-1
111	72869-42-2
111	72869-43-3
111	72869-44-4
111	72869-45-5
111	72869-46-6
111	72869-47-7
111	72869-48-8
111	72869-49-9
111	72869-50-2
111	72869-51-3
111	72869-52-4
111	72869-53-5
111	72869-54-6
111	72869-55-7
111	72869-56-8
111	72869-57-9
111	72869-58-0
111	72869-59-1
111	72869-60-4
111	72869-61-5
111	72869-85-3
111	72906-58-2
111	72906-60-6
111	72928-72-4
111	72928-74-6
111	72928-75-7
111	72928-78-0
111	72928-79-1
111	72928-80-4
111	72928-81-5
111	72928-82-6
111	72928-83-7
111	72928-84-8
111	72928-85-9
111	72928-86-0
111	72928-87-1
111	72928-88-2
111	72928-89-3
111	72928-90-6
111	72939-56-1
111	72939-57-2
111	72939-58-3
111	72968-16-2
111	72986-48-2
111	72986-63-1
111	72986-64-2
111	72986-65-3
111	72986-66-4
111	72986-67-5
111	72986-68-6
111	72986-69-7
111	72986-70-0
111	72986-71-1
111	72986-72-2
111	72986-73-3
111	72986-74-4
111	72986-75-5
111	72986-77-7
111	72986-78-8
111	72986-79-9
111	72986-81-3
111	72986-84-6
111	72986-85-7
111	72986-86-8
111	72986-87-9
111	72986-88-0
111	72986-89-1
111	72986-91-5
111	72986-92-6
111	72986-93-7
111	72986-94-8
111	72986-95-9
111	72986-96-0
111	72986-97-1
111	72986-98-2
111	72986-99-3
111	72987-00-9
111	72987-01-0
111	72987-02-1
111	72987-03-2
111	72987-04-3
111	72987-05-4
111	72987-08-7
111	72987-09-8
111	72987-11-2
111	72987-12-3
111	72987-13-4
111	72987-15-6
111	72993-54-5
111	73003-22-2
111	73003-25-5
111	73003-26-6
111	73003-27-7
111	73003-29-9
111	73003-30-2
111	73003-31-3
111	73003-32-4
111	73003-33-5
111	73003-34-6
111	73003-92-6
111	73003-93-7
111	73003-94-8
111	73003-95-9
111	73003-96-0
111	73003-97-1
111	73003-98-2
111	73018-70-9
111	73018-71-0
111	73018-72-1
111	73018-73-2
111	73018-74-3
111	73018-75-4
111	73018-76-5
111	73018-77-6
111	73018-78-7
111	73018-79-8
111	73018-85-6
111	73018-86-7
111	73038-31-0
111	73049-38-4
111	73195-16-1
111	73246-98-7
111	73275-56-6
111	73275-57-7
111	73287-39-5
111	73287-40-8
111	73287-41-9
111	73287-43-1
111	73287-44-2
111	73287-45-3
111	73287-46-4
111	73297-00-4
111	73297-01-5
111	73297-11-7
111	73297-12-8
111	73297-13-9
111	73297-15-1
111	73297-20-8
111	73324-04-6
111	73324-05-7
111	73324-06-8
111	73334-12-0
111	73347-81-6
111	73360-60-8
111	73360-61-9
111	73360-62-0
111	73360-63-1
111	73360-64-2
111	73360-65-3
111	73378-61-7
111	73398-67-1
111	73398-68-2
111	73507-06-9
111	73507-08-1
111	73507-09-2
111	73507-10-5
111	73507-13-8
111	73507-15-0
111	73507-16-1
111	73507-17-2
111	73507-18-3
111	73507-25-2
111	73507-64-9
111	73507-65-0
111	73507-68-3
111	73507-69-4
111	73507-72-9
111	73513-78-7
111	73513-79-8
111	73513-80-1
111	73514-04-2
111	73559-51-0
111	73559-52-1
111	74051-91-5
111	74063-47-1
111	74082-16-9
111	74196-15-9
111	74196-16-0
111	74196-17-1
111	74354-92-0
111	7440-47-3
111	74411-37-3
111	74411-39-5
111	74421-71-9
111	74665-01-3
111	74920-95-9
111	75150-09-3
111	75199-03-0
111	75199-04-1
111	75199-05-2
111	75199-06-3
111	75199-07-4
111	75199-08-5
111	75214-56-1
111	75214-57-2
111	75214-58-3
111	75214-65-2
111	75214-68-5
111	75214-69-6
111	75214-70-9
111	75234-41-2
111	75268-74-5
111	75268-75-6
111	75268-76-7
111	75268-78-9
111	75660-32-1
111	75718-03-5
111	75920-34-2
111	77242-26-3
111	77496-01-6
111	7788-97-8
111	7788-99-0
111	7789-02-8
111	7789-04-0
111	78592-92-4
111	79135-15-2
111	79371-81-6
111	79502-95-7
111	79665-38-6
111	79682-34-1
111	79828-43-6
111	79828-44-7
111	79978-83-9
111	8006-30-2
111	80440-73-9
111	80476-37-5
111	8049-16-9
111	80997-91-7
111	80997-92-8
111	80997-93-9
111	80997-94-0
111	80997-95-1
111	81013-01-6
111	81361-04-8
111	81361-05-9
111	81361-06-0
111	81372-34-1
111	81457-66-1
111	81642-71-9
111	81827-72-7
111	81827-73-8
111	82338-75-8
111	82338-77-0
111	82338-78-1
111	82457-11-2
111	82457-13-4
111	82933-88-8
111	82933-90-2
111	83027-56-9
111	83027-57-0
111	83027-58-1
111	83232-44-4
111	83232-45-5
111	83232-46-6
111	83232-47-7
111	83232-48-8
111	83232-49-9
111	83232-50-2
111	83232-51-3
111	83249-26-7
111	83249-27-8
111	83249-62-1
111	83249-63-2
111	83249-64-3
111	83249-65-4
111	83249-66-5
111	83249-67-6
111	83562-94-1
111	83732-89-2
111	83732-90-5
111	83732-91-6
111	83732-92-7
111	83732-93-8
111	83732-94-9
111	83732-95-0
111	83732-96-1
111	83732-97-2
111	83732-98-3
111	83733-00-0
111	83733-01-1
111	83733-04-4
111	83733-05-5
111	83733-06-6
111	83733-07-7
111	83733-08-8
111	83733-09-9
111	83733-10-2
111	83733-12-4
111	83733-14-6
111	83733-15-7
111	83733-16-8
111	83733-17-9
111	83733-18-0
111	83733-19-1
111	83733-20-4
111	83733-21-5
111	83733-23-7
111	83733-24-8
111	83748-22-5
111	83748-23-6
111	83803-64-9
111	83803-66-1
111	83803-68-3
111	83804-09-5
111	83804-10-8
111	83804-11-9
111	83804-12-0
111	83804-13-1
111	83804-14-2
111	83804-15-3
111	83804-16-4
111	83817-77-0
111	83833-37-8
111	83863-35-8
111	83863-36-9
111	83863-37-0
111	83863-38-1
111	83949-51-3
111	83949-53-5
111	83949-54-6
111	83949-55-7
111	83949-56-8
111	83949-59-1
111	83949-60-4
111	83949-61-5
111	83984-90-1
111	84030-54-6
111	84030-55-7
111	84030-57-9
111	84030-63-7
111	84057-74-9
111	84074-46-4
111	84082-98-4
111	84082-99-5
111	84099-97-8
111	84145-95-9
111	84179-66-8
111	84195-80-2
111	84195-81-3
111	84195-82-4
111	84195-83-5
111	84195-84-6
111	84195-87-9
111	84195-88-0
111	84195-89-1
111	84195-90-4
111	84195-91-5
111	84195-92-6
111	84204-63-7
111	84215-37-2
111	84215-38-3
111	84215-39-4
111	84215-40-7
111	84215-41-8
111	84434-74-2
111	84682-43-9
111	84682-44-0
111	84682-45-1
111	84682-46-2
111	84777-12-8
111	84777-13-9
111	84777-14-0
111	84777-15-1
111	84777-16-2
111	84777-17-3
111	84777-18-4
111	84777-19-5
111	84777-20-8
111	84777-21-9
111	84777-22-0
111	84777-23-1
111	84777-70-8
111	84777-72-0
111	84812-61-3
111	84812-63-5
111	848393-12-4
111	848440-78-8
111	84878-20-6
111	84878-21-7
111	84896-45-7
111	84961-40-0
111	84961-41-1
111	84961-84-2
111	84961-85-3
111	84961-86-4
111	84962-27-6
111	84962-28-7
111	84962-32-3
111	84989-19-5
111	84989-20-8
111	84989-21-9
111	84989-22-0
111	84989-24-2
111	84989-25-3
111	84989-26-4
111	84989-27-5
111	84989-45-7
111	85005-53-4
111	85029-57-8
111	85029-58-9
111	85029-59-0
111	85049-61-2
111	85049-62-3
111	85049-63-4
111	85049-64-5
111	85049-65-6
111	85049-66-7
111	85049-67-8
111	85049-68-9
111	85049-69-0
111	85049-70-3
111	85049-71-4
111	85068-39-9
111	85085-79-6
111	85085-81-0
111	85099-42-9
111	85099-44-1
111	85116-65-0
111	85116-66-1
111	85117-52-8
111	85117-53-9
111	85118-16-7
111	85118-17-8
111	85118-18-9
111	85118-20-3
111	85136-44-3
111	85168-72-5
111	85186-12-5
111	85186-13-6
111	85186-63-6
111	85186-64-7
111	85186-66-9
111	85186-67-0
111	85186-69-2
111	85252-26-2
111	85305-02-8
111	85392-61-6
111	85392-63-8
111	85407-92-7
111	85407-93-8
111	85408-46-4
111	85443-53-4
111	85443-55-6
111	85443-57-8
111	85443-59-0
111	85443-60-3
111	85443-61-4
111	85443-62-5
111	85443-63-6
111	85443-64-7
111	85443-67-0
111	85443-68-1
111	85443-70-5
111	85452-86-4
111	85455-32-9
111	85455-34-1
111	85480-62-2
111	85480-63-3
111	85480-64-4
111	85480-65-5
111	85507-82-0
111	85536-24-9
111	85631-45-4
111	85631-46-5
111	85631-47-6
111	85650-72-2
111	85650-73-3
111	85737-08-2
111	85737-12-8
111	85828-73-5
111	85828-74-6
111	85828-75-7
111	85828-76-8
111	85828-85-9
111	85828-86-0
111	85865-83-4
111	85865-88-9
111	85865-89-0
111	85940-15-4
111	85958-81-2
111	85958-82-3
111	85958-83-4
111	85958-84-5
111	85958-85-6
111	85958-90-3
111	85959-72-4
111	85959-74-6
111	85959-76-8
111	85959-80-4
111	85959-84-8
111	86242-89-9
111	86242-90-2
111	86262-20-6
111	86437-46-9
111	86494-88-4
111	88031-28-1
111	88330-20-5
111	88377-66-6
111	89107-32-4
111	89899-24-1
111	89899-25-2
111	89923-63-7
111	90241-26-2
111	90269-10-6
111	90294-35-2
111	90294-36-3
111	90294-37-4
111	90294-38-5
111	90294-39-6
111	90294-40-9
111	90294-41-0
111	90294-42-1
111	90294-43-2
111	90294-44-3
111	90294-45-4
111	90294-46-5
111	90294-47-6
111	90294-48-7
111	90294-49-8
111	90294-50-1
111	90294-51-2
111	90294-52-3
111	90294-53-4
111	90294-54-5
111	90294-55-6
111	90294-56-7
111	90294-57-8
111	90294-58-9
111	90294-59-0
111	90294-60-3
111	90677-69-3
111	90677-70-6
111	90740-30-0
111	91144-27-3
111	91144-28-4
111	91159-19-2
111	91672-56-9
111	91672-57-0
111	91672-58-1
111	91672-59-2
111	91672-60-5
111	91672-61-6
111	91672-62-7
111	91672-63-8
111	91672-64-9
111	91745-37-8
111	91992-99-3
111	92388-81-3
111	93293-65-3
111	93572-59-9
111	93572-86-2
111	93572-87-3
111	93573-23-0
111	93606-19-0
111	93606-20-3
111	93693-29-9
111	93693-30-2
111	93776-32-0
111	93776-33-1
111	93776-35-3
111	93776-37-5
111	93783-53-0
111	93783-57-4
111	93783-61-0
111	93783-62-1
111	93783-63-2
111	93783-71-2
111	93783-72-3
111	93820-13-4
111	93820-14-5
111	93820-16-7
111	93820-70-3
111	93820-71-4
111	93820-72-5
111	93839-66-8
111	93839-67-9
111	93843-04-0
111	93891-79-3
111	93893-29-9
111	93940-24-0
111	93940-27-3
111	93940-42-2
111	93940-68-2
111	93941-95-8
111	93941-96-9
111	93952-24-0
111	93962-87-9
111	93962-90-4
111	93964-92-2
111	93964-93-3
111	93964-94-4
111	94016-43-0
111	94021-50-8
111	94021-52-0
111	94021-55-3
111	94021-56-4
111	94232-93-6
111	94232-94-7
111	94232-95-8
111	94232-96-9
111	94232-98-1
111	94233-12-2
111	94233-13-3
111	94233-14-4
111	94233-15-5
111	94233-16-6
111	94233-17-7
111	94246-67-0
111	94247-65-1
111	94276-21-8
111	94276-22-9
111	94276-24-1
111	94276-26-3
111	94276-27-4
111	94276-28-5
111	94276-29-6
111	94276-30-9
111	94276-31-0
111	94276-32-1
111	94276-33-2
111	94276-35-4
111	94276-36-5
111	94276-64-9
111	94276-65-0
111	94276-66-1
111	94276-67-2
111	94276-69-4
111	94276-70-7
111	94276-80-9
111	94276-81-0
111	94277-59-5
111	94277-60-8
111	94277-61-9
111	94277-62-0
111	94277-63-1
111	94277-67-5
111	94277-68-6
111	94277-69-7
111	94277-74-4
111	94292-05-4
111	94292-06-5
111	94292-08-7
111	94333-35-4
111	94551-58-3
111	94552-19-9
111	94933-05-8
111	94979-18-7
111	94979-19-8
111	95008-81-4
111	95193-71-8
111	95409-74-8
111	95873-75-9
111	95892-09-4
111	95892-10-7
111	95892-11-8
111	960246-23-5
111	96293-54-8
111	96395-62-9
111	96508-11-1
111	96508-12-2
111	97158-56-0
111	97171-70-5
111	97298-47-0
111	97338-20-0
111	97338-21-1
111	97338-22-2
111	97338-25-5
111	97338-26-6
111	97392-82-0
111	97403-81-1
111	97416-91-6
111	97416-93-8
111	97416-94-9
111	97467-62-4
111	97467-63-5
111	97659-24-0
111	97692-41-6
111	97862-14-1
111	97862-65-2
111	98171-55-2
111	98171-56-3
111	98171-57-4
111	98171-58-5
111	98171-59-6
111	98171-60-9
111	98690-34-7
111	98903-88-9
111	99148-50-2
111	99148-51-3
111	RR-03889-1
111	RR-145634-4
111	RR-152293-6
111	RR-16884-3
111	RR-24450-8
111	RR-42523-0
111	RR-45029-3
111	RR-55510-2
111	UN1756
111	UN1757
111	UN2720
112	10022-48-7
112	10031-16-0
112	10031-16-0
112	10034-82-9
112	100402-65-1
112	100468-44-8
112	10060-08-9
112	10101-75-4
112	101027-05-8
112	101357-08-8
112	101672-09-7
112	1018900-84-9
112	102262-19-1
112	10294-40-3
112	10294-52-7
112	10294-53-8
112	104316-82-7
112	104316-83-8
112	10588-01-9
112	1088355-13-8
112	109048-90-0
112	109201-26-5
112	109225-23-2
112	109657-68-3
112	109657-69-4
112	11103-86-9
112	11104-65-7
112	11113-70-5
112	11115-74-5
112	11115-74-5
112	11118-57-3
112	11119-70-3
112	11145-38-3
112	111460-82-3
112	112285-78-6
112	113015-82-0
112	115517-69-6
112	115517-70-9
112	115517-71-0
112	115658-56-5
112	115658-57-6
112	115949-83-2
112	115949-89-8
112	116305-12-5
112	1189-85-1
112	119801-45-5
112	12000-34-9
112	12016-69-2
112	12017-79-7
112	12017-86-6
112	12017-94-6
112	12018-09-6
112	12018-10-9
112	12018-18-7
112	12018-19-8
112	12018-32-5
112	12053-18-8
112	12053-47-3
112	120558-28-3
112	12190-88-4
112	12206-12-1
112	12213-61-5
112	12231-18-4
112	12254-85-2
112	12324-05-9
112	12324-08-2
112	12381-48-5
112	12433-14-6
112	12433-24-8
112	12433-30-6
112	12433-50-0
112	125233-42-3
112	12527-08-1
112	125297-07-6
112	12548-37-7
112	12617-87-7
112	12619-84-0
112	12653-68-8
112	12656-85-8
112	12680-48-7
112	12705-38-3
112	12737-97-2
112	12777-94-5
112	128448-04-4
112	128715-37-7
112	128976-28-3
112	1308-09-4
112	1308-13-0
112	1308-29-8
112	131162-93-1
112	1323950-28-2
112	1328-67-2
112	1332-16-7
112	1332-16-7
112	1333-82-0
112	1335-24-6
112	13423-61-5
112	1344-37-2
112	1344-74-7
112	13444-75-2
112	13446-72-5
112	13446-73-6
112	13453-35-5
112	13454-78-9
112	13455-25-9
112	13465-34-4
112	13473-75-1
112	13477-01-5
112	1350718-36-3
112	1351377-69-9
112	13517-17-4
112	13530-65-9
112	13530-67-1
112	13530-68-2
112	13548-42-0
112	136141-00-9
112	13675-47-3
112	13765-19-0
112	137904-18-8
112	13843-81-7
112	13907-45-4
112	13907-47-6
112	1391351-00-0
112	1391764-70-7
112	14018-95-2
112	14104-85-9
112	14216-88-7
112	1426817-51-7
112	14307-33-6
112	14307-35-8
112	14312-00-6
112	14445-91-1
112	14507-18-7
112	14675-41-3
112	14721-18-7
112	14977-61-8
112	15586-38-6
112	15930-94-6
112	16017-38-2
112	16037-50-6
112	1624-02-8
112	16286-27-4
112	16565-94-9
112	16569-85-0
112	16569-86-1
112	16569-87-2
112	166269-55-2
112	1746-09-4
112	1792172-36-1
112	181768-98-9
112	183858-81-3
112	18432-25-2
112	18454-12-1
112	184828-23-7
112	18540-29-9
112	188785-92-4
112	18906-50-8
112	199194-95-1
112	199384-58-2
112	20039-37-6
112	20203-47-8
112	20492-50-6
112	219828-32-7
112	221455-10-3
112	22323-45-1
112	225797-70-6
112	23371-94-0
112	237391-94-5
112	24613-89-6
112	24934-60-9
112	2508-97-6
112	26299-14-9
112	27133-42-2
112	27133-66-0
112	27698-99-3
112	27787-63-9
112	30441-38-4
112	34448-20-9
112	34493-01-1
112	34848-09-4
112	36563-89-0
112	37224-56-9
112	37224-57-0
112	37228-30-1
112	37228-30-1
112	37235-82-8
112	37293-29-1
112	37300-23-5
112	37367-87-6
112	37382-24-4
112	37809-34-0
112	38455-77-5
112	38459-17-5
112	38719-42-5
112	39297-19-3
112	39400-35-6
112	41189-36-0
112	49663-84-5
112	50316-88-6
112	50922-29-7
112	50929-82-3
112	51329-63-6
112	51899-02-6
112	52110-72-2
112	52440-39-8
112	52869-79-1
112	53206-40-9
112	53206-41-0
112	53809-63-5
112	54322-60-0
112	55072-56-5
112	55072-56-5
112	553650-13-8
112	561029-54-7
112	56320-90-2
112	56549-24-7
112	56660-19-6
112	57790-30-4
112	58319-32-7
112	58591-12-1
112	58640-42-9
112	59157-64-1
112	59330-20-0
112	60763-96-4
112	61204-26-0
112	61513-05-1
112	61513-06-2
112	61513-07-3
112	63020-43-9
112	63497-09-6
112	64523-06-4
112	66516-58-3
112	66860-79-5
112	68186-91-4
112	68187-56-4
112	68406-65-5
112	68784-60-1
112	69011-07-0
112	69011-08-1
112	74665-01-3
112	75578-75-5
112	76055-69-1
112	76899-34-8
112	7738-94-5
112	7758-97-6
112	7775-11-3
112	7778-50-9
112	7784-01-2
112	7784-02-3
112	7788-98-9
112	7789-00-6
112	7789-01-7
112	7789-06-2
112	7789-07-3
112	7789-09-5
112	7789-10-8
112	7789-12-0
112	7789-73-3
112	7791-14-2
112	794448-03-6
112	795254-94-3
112	8005-36-5
112	8012-76-8
112	8049-64-7
112	81209-53-2
112	82246-45-5
112	83588-58-3
112	83588-59-4
112	848393-12-4
112	871483-10-2
112	87612-49-5
112	89952-87-4
112	90014-70-3
112	90294-61-4
112	90341-42-7
112	9044-10-4
112	92202-10-3
112	92203-02-6
112	92203-03-7
112	94232-45-8
112	96690-54-9
112	97660-63-4
112	99148-51-3
112	99328-50-4
112	RR-00025-9
112	RR-00026-0
112	RR-00070-4
112	RR-01620-6
112	RR-01791-4
112	RR-02096-2
112	RR-02247-9
112	RR-19918-8
112	RR-53129-3
112	RR-53130-6
112	UN1439
112	UN1463
112	UN1758
113	106-47-8
113	108-42-9
113	1083238-51-0
113	27134-26-5
113	95-51-2
113	UN2018
113	UN2019
114	122548-33-8
115	11121-31-6
115	12040-45-8
115	12797-72-7
115	1912-24-9
115	39400-72-1
115	69771-31-9
115	93616-39-8
116	11096-88-1
116	12679-53-7
116	21725-46-2
117	129558-76-5
118	51218-45-2
118	55762-76-0
118	63150-68-5
118	94449-58-8
119	178961-20-1
119	87392-12-9
119	RR-63064-8
12	107-02-8
12	25314-61-8
12	UN1092
120	1187028-37-0
120	75-01-4
120	UN1086
121	79622-59-6
122	119446-68-3
123	79-11-8
123	UN3250
124	51218-49-6
125	15972-60-8
126	110956-75-7
127	112099-35-1
127	1155174-27-8
127	164325-69-3
127	261921-78-2
127	3380-34-5
127	88032-08-0
128	123572-88-3
129	65762-25-6
129	75-68-3
129	UN2517
13	166516-60-5
13	25212-19-5
13	26568-79-6
13	37280-34-5
13	51329-77-2
13	52847-43-5
13	52932-31-7
13	59680-46-5
13	72246-34-5
13	74504-46-4
13	9036-70-8
130	134191-96-1
130	191542-01-5
130	73666-77-0
130	75-45-6
130	UN1018
131	223580-51-6
132	87674-68-8
133	163515-14-8
134	868680-84-6
135	153719-23-4
136	205510-53-8
136	210880-92-5
137	2837-89-0
137	UN1021
138	1330-45-6
138	421-04-5
138	431-07-2
138	75-88-7
138	UN1983
139	7085-19-0
139	93-65-2
14	103-23-1
14	39393-67-4
14	63637-48-9
14	70147-21-6
140	11141-20-1
140	119603-94-0
140	122-34-9
140	12764-71-5
140	39291-64-0
141	135410-20-7
141	152949-80-9
141	468644-47-5
142	105827-78-9
142	138261-41-3
143	111988-49-9
144	158237-07-1
145	107534-96-3
145	80443-41-0
146	106-48-9
147	107-05-1
147	36813-24-8
147	UN1100
148	99485-76-4
149	108-90-7
149	3114-55-4
149	50717-45-8
149	UN1134
15	123-54-6
15	81235-32-7
15	UN2310
150	12770-91-1
150	76-15-3
150	UN1020
151	67-66-3
151	8013-54-5
151	865-49-6
151	UN1888
152	473278-76-1
153	156963-66-5
154	1111-89-3
154	1173018-35-3
154	1474045-09-4
154	1474045-10-7
154	1474045-11-8
154	16786-44-0
154	74-87-3
154	UN1063
155	799247-52-2
156	1000406-27-8
156	1002-88-6
156	100231-59-2
156	10026-17-2
156	10026-18-3
156	10026-19-4
156	10026-19-4
156	10026-20-7
156	10026-21-8
156	10026-22-9
156	10026-23-0
156	10026-24-1
156	10029-36-4
156	100329-54-2
156	10101-56-1
156	10101-56-1
156	10101-57-2
156	10101-58-3
156	1011477-51-2
156	10124-43-3
156	1012881-41-2
156	10139-54-5
156	10141-05-6
156	10170-27-1
156	10170-78-2
156	10198-40-0
156	10210-68-1
156	1021326-13-5
156	102242-60-4
156	102262-19-1
156	102262-20-4
156	102262-21-5
156	102262-22-6
156	10241-04-0
156	102601-60-5
156	10294-50-5
156	103241-62-9
156	10393-49-4
156	104586-41-6
156	104815-53-4
156	105038-79-7
156	105187-12-0
156	105267-82-1
156	1052689-87-8
156	10534-83-5
156	10534-85-7
156	10534-86-8
156	10534-89-1
156	105883-52-1
156	106699-36-9
156	107391-54-8
156	107592-59-6
156	107598-50-5
156	107630-45-5
156	108916-09-2
156	1094215-76-5
156	1096078-93-1
156	11005-93-9
156	11037-08-4
156	11068-34-1
156	11068-91-0
156	11070-96-5
156	11077-19-3
156	11079-03-1
156	11103-91-6
156	11104-61-3
156	111057-98-8
156	11107-01-0
156	11108-68-2
156	11113-57-8
156	11114-92-4
156	11139-24-5
156	112653-89-1
156	113066-89-0
156	113329-94-5
156	113663-43-7
156	114818-38-1
156	114818-39-2
156	114818-40-5
156	114818-41-6
156	114818-42-7
156	114819-02-2
156	114901-09-6
156	114901-10-9
156	114950-15-1
156	116912-63-1
156	117091-68-6
156	117412-28-9
156	117603-38-0
156	118044-55-6
156	119046-35-4
156	119333-99-2
156	119633-64-6
156	119920-13-7
156	12006-77-8
156	12006-78-9
156	12013-10-4
156	12015-75-7
156	12016-69-2
156	12016-80-7
156	12017-00-4
156	12017-01-5
156	12017-12-8
156	12017-13-9
156	12017-38-8
156	12017-43-5
156	12017-50-4
156	12017-61-7
156	12017-65-1
156	12017-67-3
156	12017-68-4
156	12017-71-9
156	12017-76-4
156	12021-67-9
156	12044-42-7
156	12045-01-1
156	12052-28-7
156	12052-42-5
156	12052-62-9
156	12052-64-1
156	12052-70-9
156	12052-78-7
156	12069-68-0
156	12078-25-0
156	12086-86-1
156	121053-28-9
156	121053-29-0
156	121053-30-3
156	12134-02-0
156	12139-70-7
156	12139-93-4
156	12144-85-3
156	12187-43-8
156	12187-46-1
156	12190-79-3
156	1219711-24-6
156	12205-99-1
156	12214-13-0
156	12256-04-1
156	12263-08-0
156	12268-07-4
156	12297-66-4
156	12305-84-9
156	12314-24-8
156	12314-25-9
156	123334-29-2
156	123334-29-2
156	1240283-18-4
156	12414-94-7
156	124222-14-6
156	124222-15-7
156	124222-16-8
156	124222-17-9
156	124222-18-0
156	12427-42-8
156	1245917-70-7
156	12515-29-6
156	12516-51-7
156	12516-52-8
156	125252-57-5
156	125271-30-9
156	12530-49-3
156	125328-48-5
156	125352-02-5
156	125352-03-6
156	125378-88-3
156	125378-89-4
156	125378-91-8
156	125408-78-8
156	12549-23-4
156	12553-61-6
156	125552-50-3
156	1255925-80-4
156	12560-36-0
156	12602-23-2
156	12602-73-2
156	12619-68-0
156	1262279-30-0
156	1262279-31-1
156	12629-02-6
156	12638-07-2
156	12640-46-9
156	12653-56-4
156	12672-27-4
156	12672-51-4
156	12675-92-2
156	126924-31-0
156	12715-61-6
156	12718-69-3
156	12737-30-3
156	12769-25-4
156	1277-43-6
156	12771-87-8
156	127758-92-3
156	12789-08-1
156	128090-06-2
156	128409-73-4
156	129618-34-4
156	129618-36-6
156	129618-38-8
156	129618-39-9
156	13011-62-6
156	130114-33-9
156	130330-97-1
156	130391-06-9
156	1307-85-3
156	1307-86-4
156	1307-96-6
156	1307-99-9
156	130725-91-6
156	13078-49-4
156	1308-04-9
156	1308-06-1
156	131097-43-3
156	13115-03-2
156	1314094-34-2
156	1314941-74-6
156	1317-42-6
156	1332-16-7
156	1332-16-7
156	1332-70-3
156	1332-71-4
156	1332-82-7
156	1333-88-6
156	13408-73-6
156	13408-78-1
156	13422-51-0
156	13422-52-1
156	13422-53-2
156	13422-55-4
156	1345-16-0
156	1345-19-3
156	13455-25-9
156	13455-27-1
156	13455-28-2
156	13455-31-7
156	13455-33-9
156	13455-34-0
156	13455-36-2
156	13478-09-6
156	13478-33-6
156	13494-89-8
156	1350718-36-3
156	135374-79-7
156	135443-46-8
156	135556-77-3
156	135556-78-4
156	135556-88-6
156	13586-38-4
156	13586-82-8
156	13586-84-0
156	135926-88-4
156	13595-74-9
156	13596-21-9
156	13596-22-0
156	13596-45-7
156	13596-46-8
156	136-52-7
156	13600-88-9
156	13600-98-1
156	13601-38-2
156	13681-88-4
156	13701-68-3
156	1374881-30-7
156	137506-60-6
156	137506-60-6
156	137525-12-3
156	13762-14-6
156	13762-15-7
156	13782-01-9
156	13782-02-0
156	1380168-21-7
156	1380442-99-8
156	13817-37-3
156	13820-81-0
156	13820-83-2
156	13821-10-8
156	13841-80-0
156	13859-51-3
156	13869-30-2
156	13870-90-1
156	13963-58-1
156	13981-38-9
156	13981-50-5
156	13981-83-4
156	13982-25-7
156	13985-87-0
156	139939-65-4
156	14017-41-5
156	14023-85-9
156	14024-48-7
156	14025-10-6
156	14025-11-7
156	14033-48-8
156	14039-23-7
156	14049-79-7
156	14093-03-9
156	14096-82-3
156	14123-08-1
156	14126-32-0
156	14128-95-1
156	14167-18-1
156	14172-90-8
156	14215-31-7
156	14216-74-1
156	14217-00-6
156	14239-07-7
156	14240-12-1
156	14283-12-6
156	14285-59-7
156	14323-57-0
156	14325-03-2
156	14355-30-7
156	1438896-92-4
156	14404-36-5
156	14405-50-6
156	144437-67-2
156	14516-66-6
156	14518-26-4
156	14522-39-5
156	14525-26-9
156	14553-20-9
156	14564-70-6
156	14566-03-1
156	14582-18-4
156	14589-65-2
156	14590-13-7
156	14590-19-3
156	14591-57-2
156	14640-56-3
156	14649-73-1
156	14652-46-1
156	14666-94-5
156	14666-96-7
156	14690-59-6
156	147014-72-0
156	147014-87-7
156	14707-82-5
156	14732-58-2
156	147515-52-4
156	14781-32-9
156	14781-33-0
156	1481694-62-5
156	14896-54-9
156	14897-04-2
156	149134-13-4
156	14916-48-4
156	14931-83-0
156	14932-06-0
156	14960-16-8
156	14965-99-2
156	15040-52-5
156	15041-07-3
156	15136-66-0
156	15136-95-5
156	15137-09-4
156	15156-18-0
156	15188-91-7
156	15218-44-7
156	15238-00-3
156	15244-74-3
156	15275-08-8
156	15322-24-4
156	15377-79-4
156	15391-24-9
156	15392-59-3
156	15416-45-2
156	154779-73-4
156	15520-31-7
156	15520-84-0
156	15525-22-1
156	15528-31-1
156	155737-56-7
156	1560-69-6
156	15605-72-8
156	15635-62-8
156	15657-48-4
156	15663-42-0
156	15665-62-0
156	15670-79-8
156	15671-27-9
156	15684-35-2
156	15731-88-1
156	15742-33-3
156	157583-32-9
156	158646-92-5
156	1588-79-0
156	15974-34-2
156	15977-60-3
156	15977-81-8
156	16039-54-6
156	16092-38-9
156	160936-12-9
156	161279-45-4
156	161279-65-8
156	16256-07-8
156	1628435-35-7
156	1638220-46-8
156	164057-75-4
156	1648693-02-0
156	16544-92-6
156	1671083-23-0
156	16842-03-8
156	1692886-45-5
156	16971-12-3
156	16972-55-7
156	16996-52-4
156	170021-46-2
156	17034-55-8
156	171200-71-8
156	172030-06-7
156	172777-24-1
156	17375-31-4
156	17409-91-5
156	17410-09-2
156	17443-29-7
156	17527-88-7
156	17581-57-6
156	17632-19-8
156	176763-62-5
156	177256-35-8
156	17786-31-1
156	177997-13-6
156	17829-66-2
156	1788033-44-2
156	178959-25-6
156	180997-14-2
156	18130-42-2
156	18195-32-9
156	18201-52-0
156	182442-95-1
156	182496-55-5
156	18285-21-7
156	183858-81-3
156	184637-91-0
156	184828-23-7
156	18488-96-5
156	18501-44-5
156	185461-93-2
156	18616-48-3
156	186361-92-2
156	186373-01-3
156	18639-97-9
156	18718-10-0
156	18727-04-3
156	188264-84-8
156	189139-63-7
156	189279-89-8
156	189279-89-8
156	189279-89-8
156	19019-51-3
156	19052-32-5
156	19106-33-3
156	191233-75-7
156	19154-72-4
156	19173-71-8
156	19192-71-3
156	19212-11-4
156	19224-80-7
156	193214-24-3
156	193293-67-3
156	19330-29-1
156	195161-79-6
156	19587-70-3
156	19648-83-0
156	19998-88-0
156	200810-31-7
156	20161-50-6
156	202916-56-1
156	203645-18-5
156	20427-11-6
156	20506-24-5
156	20623-13-6
156	206986-92-7
156	207124-67-2
156	207124-68-3
156	207124-69-4
156	207803-51-8
156	2087499-33-8
156	21041-93-0
156	21158-51-0
156	212250-92-5
156	21361-38-6
156	214142-68-4
156	21679-46-9
156	22088-57-9
156	221315-92-0
156	22388-72-3
156	22465-48-1
156	22541-53-3
156	22541-63-5
156	22584-72-1
156	22631-65-8
156	226924-49-8
156	22853-45-8
156	23208-66-4
156	23209-26-9
156	23272-52-8
156	23295-32-1
156	23380-38-3
156	23384-69-2
156	234446-82-3
156	23670-59-9
156	23689-74-9
156	23705-25-1
156	239097-11-1
156	23949-78-2
156	24212-54-2
156	24215-94-9
156	24436-34-8
156	24657-85-0
156	24704-41-4
156	24719-19-5
156	24828-46-4
156	24917-04-2
156	25139-08-6
156	25215-19-4
156	25215-19-4
156	25215-19-4
156	25360-65-0
156	256431-41-1
156	25729-03-7
156	259259-80-8
156	25971-15-7
156	26076-28-8
156	26156-56-9
156	26220-72-4
156	26264-28-8
156	26305-75-9
156	2631628-78-7
156	26388-78-3
156	264125-06-6
156	26490-63-1
156	26493-63-0
156	26603-20-3
156	26686-74-8
156	26921-01-7
156	26998-20-9
156	27016-73-5
156	27085-12-7
156	27253-31-2
156	27662-11-9
156	27662-34-6
156	27685-51-4
156	27736-00-1
156	27792-36-5
156	27883-34-7
156	28029-53-0
156	28038-39-3
156	28360-41-0
156	28872-17-5
156	28903-71-1
156	29058-84-2
156	29058-84-2
156	29383-29-7
156	2952663-95-3
156	29616-23-7
156	29871-10-1
156	29904-98-1
156	29973-37-3
156	29977-10-4
156	29998-71-8
156	3017-60-5
156	30621-99-9
156	30638-08-5
156	30752-89-7
156	30875-93-5
156	31586-68-2
156	32322-13-7
156	32441-17-1
156	32486-57-0
156	32517-38-7
156	3252-99-1
156	3267-76-3
156	330442-57-4
156	3317-67-7
156	33270-74-5
156	33327-32-1
156	33362-98-0
156	33393-70-3
156	33593-50-9
156	33960-07-5
156	34240-80-7
156	34262-88-9
156	34523-71-2
156	34664-47-6
156	34735-28-9
156	35965-01-6
156	361346-80-7
156	36217-04-6
156	36294-69-6
156	36451-49-7
156	36499-65-7
156	36550-56-8
156	36835-61-7
156	36870-54-9
156	37210-16-5
156	37228-30-1
156	37228-30-1
156	37264-96-3
156	37329-49-0
156	37367-90-1
156	37382-24-4
156	37480-75-4
156	378253-51-1
156	378253-51-1
156	378253-52-2
156	378253-52-2
156	378253-53-3
156	378253-53-3
156	37981-00-3
156	38218-51-8
156	38218-77-8
156	38233-75-9
156	38582-17-1
156	38625-84-2
156	39174-07-7
156	39361-75-6
156	39394-76-8
156	40621-10-1
156	41122-85-4
156	41325-63-7
156	41663-81-4
156	41751-89-7
156	42183-35-7
156	42183-36-8
156	42978-77-8
156	43184-77-6
156	44433-52-5
156	461393-61-3
156	49651-10-7
156	49676-83-7
156	496862-98-7
156	50136-28-2
156	50525-57-0
156	50696-78-1
156	508202-43-5
156	51006-26-9
156	51053-44-2
156	51084-32-3
156	51140-33-1
156	51184-26-0
156	513-79-1
156	51806-61-2
156	51839-24-8
156	52012-11-0
156	52256-38-9
156	52270-44-7
156	52277-69-7
156	52277-72-2
156	52277-73-3
156	52308-79-9
156	52324-65-9
156	52729-67-6
156	52810-40-9
156	53027-14-8
156	53108-49-9
156	53108-50-2
156	53149-77-2
156	53433-12-8
156	53927-86-9
156	542-84-7
156	544-18-3
156	54437-56-8
156	54689-17-7
156	54693-72-0
156	54846-43-4
156	55072-56-5
156	55072-56-5
156	55158-44-6
156	55448-22-1
156	55494-92-3
156	55494-93-4
156	55668-56-9
156	55802-87-4
156	55870-93-4
156	55870-94-5
156	55963-70-7
156	56060-88-9
156	56780-57-5
156	56792-69-9
156	57364-75-7
156	57454-67-8
156	57454-67-8
156	57454-67-8
156	57693-02-4
156	58068-29-4
156	58197-53-8
156	58288-50-9
156	58302-43-5
156	58591-45-0
156	59209-77-7
156	5931-89-5
156	59461-30-2
156	59487-93-3
156	59561-07-8
156	59561-55-6
156	5965-38-8
156	59784-63-3
156	60109-88-8
156	60406-95-3
156	60459-08-7
156	61045-13-4
156	61419-68-9
156	6147-53-1
156	61789-50-2
156	61789-51-3
156	61789-52-4
156	61864-72-0
156	61901-42-6
156	61969-42-4
156	62207-76-5
156	6255-07-8
156	62598-42-9
156	62647-83-0
156	62782-24-5
156	63181-09-9
156	63287-28-5
156	63413-04-7
156	63497-09-6
156	63511-60-4
156	63588-34-1
156	63597-33-1
156	63640-17-5
156	63971-70-0
156	6401-84-9
156	6421-64-3
156	6424-15-3
156	64540-41-6
156	6460-02-2
156	64611-71-8
156	64825-48-5
156	652131-56-1
156	65335-15-1
156	65453-05-6
156	65492-00-4
156	65492-00-4
156	65997-18-4
156	66104-83-4
156	66288-88-8
156	6667-75-0
156	6700-85-2
156	67181-17-3
156	67292-36-8
156	67486-73-1
156	6771-86-4
156	67711-89-1
156	67801-57-4
156	67815-64-9
156	67875-38-1
156	67906-18-7
156	67906-22-3
156	67906-23-4
156	67924-23-6
156	67952-53-8
156	67952-74-3
156	67968-64-3
156	67968-65-4
156	67968-66-5
156	67969-67-9
156	68-19-9
156	68000-01-1
156	68016-03-5
156	68025-39-8
156	68033-18-1
156	68123-03-5
156	68130-37-0
156	68132-93-4
156	68133-85-7
156	68152-91-0
156	68186-85-6
156	68186-86-7
156	68186-87-8
156	68186-89-0
156	68186-97-0
156	68187-05-3
156	68187-11-1
156	68187-40-6
156	68187-49-5
156	68187-50-8
156	68189-40-2
156	68201-98-9
156	68213-72-9
156	68239-47-4
156	68239-55-4
156	68239-56-5
156	68239-57-6
156	68239-58-7
156	68279-06-1
156	68409-81-4
156	68411-08-5
156	68412-74-8
156	68413-61-6
156	68442-96-6
156	68449-39-8
156	68457-13-6
156	68457-90-9
156	68475-45-6
156	68478-57-9
156	68478-58-0
156	68512-31-2
156	68553-15-1
156	6856-47-9
156	68568-52-5
156	68584-96-3
156	68608-09-3
156	68608-93-5
156	68609-02-9
156	68610-13-9
156	68647-47-2
156	6865-68-5
156	68784-10-1
156	68811-46-1
156	68811-50-7
156	68855-86-7
156	68928-31-4
156	68931-68-0
156	68955-83-9
156	68956-82-1
156	68958-90-7
156	68966-95-0
156	68966-96-1
156	68966-98-3
156	68988-10-3
156	69011-09-2
156	69012-37-9
156	69012-51-7
156	69012-71-1
156	69012-72-2
156	69098-14-2
156	69140-59-6
156	69140-60-9
156	69178-34-3
156	69178-42-3
156	69198-43-2
156	69278-74-6
156	69292-92-8
156	69893-68-1
156	69898-68-6
156	69934-86-7
156	70131-61-2
156	70179-69-0
156	70227-96-2
156	70236-41-8
156	70236-43-0
156	70236-44-1
156	70236-59-8
156	70247-32-4
156	70247-74-4
156	70247-76-6
156	70281-40-2
156	70529-03-2
156	70693-07-1
156	70776-55-5
156	70815-19-9
156	70833-34-0
156	70851-34-2
156	70936-53-7
156	71-02-3
156	71-48-7
156	71060-75-8
156	71243-97-5
156	71562-83-9
156	71566-26-2
156	71566-27-3
156	71566-34-2
156	71566-39-7
156	71566-55-7
156	71603-79-7
156	71701-14-9
156	71735-52-9
156	71735-59-6
156	71735-61-0
156	71786-54-4
156	71839-74-2
156	71839-76-4
156	71839-84-4
156	71839-87-7
156	71839-88-8
156	71888-93-2
156	71957-08-9
156	71963-57-0
156	72102-52-4
156	72208-07-2
156	72245-25-1
156	72253-09-9
156	72269-32-0
156	72391-09-4
156	72391-10-7
156	72403-31-7
156	72403-32-8
156	72403-33-9
156	72403-34-0
156	72479-33-5
156	72479-96-0
156	72496-88-9
156	72644-04-3
156	72797-08-1
156	72797-09-2
156	72797-14-9
156	72828-26-3
156	72829-33-5
156	72845-76-2
156	72869-26-2
156	72869-37-5
156	728945-44-6
156	72905-57-8
156	72906-12-8
156	72928-76-8
156	72928-77-9
156	72928-91-7
156	72932-56-0
156	72987-06-5
156	72987-07-6
156	73005-84-2
156	73018-84-5
156	73038-30-9
156	73195-17-2
156	73297-09-3
156	73297-10-6
156	73297-17-3
156	73324-01-3
156	73324-02-4
156	73455-76-2
156	73507-63-8
156	73507-66-1
156	73507-67-2
156	73507-73-0
156	73612-40-5
156	73612-41-6
156	739352-37-5
156	74082-15-8
156	74190-87-7
156	74196-11-5
156	74196-12-6
156	74196-13-7
156	74196-18-2
156	74196-19-3
156	74220-71-6
156	7440-48-4
156	74427-89-7
156	74427-91-1
156	74499-63-1
156	74507-62-3
156	74665-01-3
156	749216-83-9
156	749798-18-3
156	75027-71-3
156	75042-71-6
156	75214-67-4
156	75214-71-0
156	75214-72-1
156	75234-42-3
156	75284-36-5
156	75300-75-3
156	75314-27-1
156	75364-04-4
156	7542-09-8
156	75522-91-7
156	75557-21-0
156	75752-30-6
156	758634-43-4
156	76407-91-5
156	7646-79-9
156	76762-27-1
156	77630-54-7
156	7785-24-2
156	7785-24-2
156	7788-94-5
156	7789-43-7
156	7791-13-1
156	78091-12-0
156	78206-33-4
156	79135-28-7
156	79151-78-3
156	79215-59-1
156	79803-78-4
156	79817-88-2
156	79817-89-3
156	79953-72-3
156	79973-42-5
156	8011-87-8
156	8012-02-0
156	8017-22-9
156	8021-83-8
156	8023-26-5
156	80290-99-9
156	803745-60-0
156	8039-03-0
156	80546-49-2
156	80648-59-5
156	811-53-0
156	81342-98-5
156	81361-02-6
156	814-89-1
156	81955-22-8
156	82338-72-5
156	82338-74-7
156	82434-33-1
156	82457-28-1
156	82556-12-5
156	82556-13-6
156	83249-68-7
156	83249-69-8
156	83249-70-1
156	83249-71-2
156	83249-72-3
156	83249-73-4
156	83270-30-8
156	83417-32-7
156	83417-33-8
156	83417-34-9
156	83711-42-6
156	83711-43-7
156	83711-44-8
156	83733-13-5
156	83733-22-6
156	83803-62-7
156	83803-65-0
156	83804-04-0
156	83804-07-3
156	83804-08-4
156	83817-76-9
156	83817-78-1
156	83817-79-2
156	83847-05-6
156	83847-06-7
156	83863-97-2
156	83863-98-3
156	83864-23-7
156	83864-24-8
156	83898-69-5
156	83970-30-3
156	84030-58-0
156	84030-59-1
156	84057-73-8
156	84066-83-1
156	84066-84-2
156	84066-85-3
156	84082-96-2
156	84145-31-3
156	84176-59-0
156	84195-99-3
156	84204-70-6
156	84215-43-0
156	84255-51-6
156	84255-52-7
156	84255-53-8
156	84281-83-4
156	84282-04-2
156	84282-05-3
156	84282-06-4
156	84282-07-5
156	84282-28-0
156	84304-11-0
156	84304-12-1
156	84367-83-9
156	84367-84-0
156	84418-53-1
156	84418-54-2
156	84418-55-3
156	84418-56-4
156	84713-03-1
156	84777-24-2
156	84777-25-3
156	84777-67-3
156	84777-68-4
156	84777-69-5
156	84777-71-9
156	84777-73-1
156	84788-14-7
156	84812-60-2
156	84812-62-4
156	84912-03-8
156	84912-04-9
156	84961-42-2
156	84989-48-0
156	84989-53-7
156	85006-35-5
156	85017-77-2
156	85017-77-2
156	85049-49-6
156	85049-72-5
156	85049-73-6
156	85049-74-7
156	85049-75-8
156	85049-76-9
156	85133-94-4
156	85135-78-0
156	85135-79-1
156	85168-70-3
156	85168-71-4
156	85168-73-6
156	85186-65-8
156	85186-68-1
156	85187-42-4
156	85187-58-2
156	85203-44-7
156	85204-09-7
156	852177-80-1
156	85566-25-2
156	85650-70-0
156	85650-71-1
156	85737-17-3
156	85828-91-7
156	85828-92-8
156	85895-65-4
156	85958-76-5
156	85958-78-7
156	85959-73-5
156	85959-75-7
156	85959-78-0
156	85994-37-2
156	866-81-9
156	86697-17-8
156	869698-88-4
156	87195-39-9
156	87211-44-7
156	87391-39-7
156	87914-02-1
156	87947-13-5
156	88330-21-6
156	883882-22-2
156	887113-50-0
156	89899-23-0
156	90043-99-5
156	90294-79-4
156	90294-80-7
156	90294-81-8
156	90294-82-9
156	90294-83-0
156	90294-84-1
156	90294-85-2
156	90294-86-3
156	90294-87-4
156	90342-30-6
156	90431-89-3
156	91031-16-2
156	91053-45-1
156	91081-75-3
156	91144-26-2
156	91672-72-9
156	91672-73-0
156	91672-74-1
156	91672-75-2
156	91672-76-3
156	91672-77-4
156	91672-78-5
156	91672-79-6
156	91672-80-9
156	91672-81-0
156	91672-82-1
156	91672-83-2
156	91672-84-3
156	91672-85-4
156	917-69-1
156	91782-60-4
156	91782-61-5
156	917893-06-2
156	91844-81-4
156	918539-18-1
156	92112-83-9
156	92200-85-6
156	92201-51-9
156	92257-03-9
156	92257-04-0
156	92257-08-4
156	92258-02-1
156	922733-64-0
156	922735-41-9
156	922735-42-0
156	922735-43-1
156	92502-53-9
156	92703-96-3
156	929-87-3
156	93028-48-9
156	93062-36-3
156	93062-37-4
156	93165-90-3
156	93166-11-1
156	932-69-4
156	93338-23-9
156	93572-88-4
156	93572-89-5
156	93572-90-8
156	93573-24-1
156	93601-32-2
156	936554-28-8
156	93686-41-0
156	93764-01-3
156	93776-34-2
156	93776-36-4
156	93776-58-0
156	93783-58-5
156	93783-60-9
156	93783-75-6
156	93805-27-7
156	93820-10-1
156	93820-12-3
156	93820-17-8
156	93820-73-6
156	93820-74-7
156	93821-22-8
156	93894-62-3
156	93894-63-4
156	93918-17-3
156	93918-18-4
156	93918-19-5
156	93940-23-9
156	93940-37-5
156	93940-43-3
156	93940-44-4
156	93940-45-5
156	93940-46-6
156	93940-96-6
156	93964-01-3
156	93964-02-4
156	93964-03-5
156	93964-86-4
156	93964-97-7
156	93965-34-5
156	93983-06-3
156	93983-67-6
156	94021-58-6
156	94086-50-7
156	94114-42-8
156	94232-44-7
156	94232-84-5
156	94232-89-0
156	94232-97-0
156	94232-99-2
156	94233-08-6
156	94233-10-0
156	94233-18-8
156	94246-68-1
156	94246-69-2
156	94246-70-5
156	94246-71-6
156	94246-88-5
156	94246-89-6
156	94266-16-7
156	94276-71-8
156	94276-72-9
156	94276-73-0
156	94276-74-1
156	94276-77-4
156	94277-51-7
156	94277-52-8
156	94277-78-8
156	94292-07-6
156	94333-37-6
156	94481-61-5
156	94624-01-8
156	94648-71-2
156	94786-94-4
156	94979-20-1
156	95046-44-9
156	95046-47-2
156	95046-48-3
156	952441-16-6
156	952716-55-1
156	95461-80-6
156	95465-96-6
156	95873-73-7
156	960114-05-0
156	96413-15-9
156	96413-16-0
156	97102-93-7
156	97126-35-7
156	97202-36-3
156	97338-24-4
156	97434-88-3
156	97434-89-4
156	97434-90-7
156	97488-85-2
156	97553-53-2
156	97592-68-2
156	97660-39-4
156	97660-40-7
156	97975-95-6
156	99492-72-5
156	99624-18-7
156	99749-23-2
156	P-00-0072
156	P-04-0156
156	P-82-0646
156	P-83-0053
156	P-86-0037
156	P-87-0597
156	P-88-1110
156	P-88-2260
156	P-89-1042
156	P-90-0373
156	P-92-1340
156	P-95-0644
156	P-95-1238
156	P-95-1239
156	P-95-1905
156	P-97-0471
156	RR-00107-0
156	RR-02516-1
156	RR-04028-8
156	RR-07206-0
156	RR-07288-8
156	RR-09586-3
156	RR-09913-8
156	RR-10332-2
156	RR-12400-5
156	RR-145880-6
156	RR-16472-7
156	RR-16473-8
156	RR-17268-9
156	RR-17722-0
156	RR-19053-4
156	RR-193432-3
156	RR-24169-0
156	RR-24170-3
156	RR-28669-1
156	RR-30385-5
156	RR-31108-0
156	RR-31876-3
156	RR-31936-8
156	RR-33925-3
156	RR-40755-6
156	RR-41010-6
156	RR-41279-3
156	RR-41616-0
156	RR-42856-8
156	RR-43729-6
156	RR-43733-2
156	RR-45116-1
156	RR-46258-8
156	RR-50391-3
156	RR-50392-4
156	RR-53412-3
156	RR-53479-2
156	RR-54368-0
156	RR-54368-0
156	RR-55398-0
156	RR-56105-7
156	RR-56106-8
156	RR-56107-9
156	RR-62883-1
156	RR-85864-0
156	RR-85865-1
156	RR-85866-2
156	RR-85867-3
156	RR-85868-4
156	RR-85869-5
156	RR-93905-9
156	UN1318
156	UN2001
157	111-15-9
157	UN1172
158	106139-40-6
158	108-05-4
158	172702-77-1
158	220713-36-0
158	61891-42-7
158	82041-23-4
158	85306-26-9
158	UN1301
159	142-92-7
16	337458-27-2
160	110-49-6
160	UN1189
161	119-36-8
161	302912-49-8
161	648434-07-5
161	8022-86-4
161	8024-54-2
162	1135443-55-8
162	57966-95-7
162	93195-85-8
163	101-80-4
163	121509-79-3
163	928208-61-1
164	118499-69-7
164	119107-37-8
164	12211-52-8
164	12351-98-3
164	12539-57-0
164	13074-68-5
164	13092-67-6
164	1327160-06-4
164	1335-31-5
164	133708-36-8
164	13408-62-3
164	13453-34-4
164	13601-19-9
164	13682-73-0
164	13715-19-0
164	13746-66-2
164	13755-38-9
164	13821-08-4
164	13943-58-3
164	13967-50-5
164	13998-03-3
164	14038-43-8
164	14170-30-0
164	14217-21-1
164	14221-48-8
164	14263-59-3
164	14263-73-1
164	14264-31-4
164	143-33-9
164	14402-89-2
164	14459-95-1
164	14460-02-7
164	14481-29-9
164	14763-77-0
164	14834-18-5
164	14965-99-2
164	151-50-8
164	15280-09-8
164	15313-18-5
164	15333-24-1
164	156-62-7
164	15655-10-4
164	15745-74-1
164	18724-70-4
164	191234-22-7
164	2035-66-7
164	20427-11-6
164	210290-06-5
164	2408-36-8
164	25587-94-4
164	25596-52-5
164	28536-58-5
164	29829-51-4
164	3017-23-0
164	31065-88-0
164	31096-40-9
164	31395-95-6
164	341972-31-4
164	357-21-1
164	37020-93-2
164	37187-64-7
164	373-51-3
164	39377-49-6
164	4367-08-2
164	506-64-9
164	506-65-0
164	506-68-3
164	506-77-4
164	506-78-5
164	535-37-5
164	542-62-1
164	542-83-6
164	542-84-7
164	544-92-3
164	557-19-7
164	557-21-1
164	562-79-8
164	562-81-2
164	5683-74-9
164	57-12-5
164	592-01-8
164	592-04-1
164	592-05-2
164	592-06-3
164	5970-29-6
164	60195-52-0
164	66004-32-8
164	67859-42-1
164	68133-86-8
164	68133-87-9
164	73963-97-0
164	74-90-8
164	75754-69-7
164	764-05-6
164	8011-93-6
164	99601-92-0
164	99601-93-1
164	RR-00573-2
164	RR-45497-7
164	UN1565
164	UN1575
164	UN1588
164	UN1589
164	UN1614
164	UN1620
164	UN1636
164	UN1642
164	UN1653
164	UN1680
164	UN1684
164	UN1689
164	UN1713
164	UN1889
164	UN1935
165	24157-79-7
165	24157-81-1
165	24192-58-3
165	27351-96-8
165	38640-62-9
165	40458-98-8
165	51113-41-8
165	57122-16-4
165	94133-79-6
165	94133-80-9
165	94133-81-0
166	111-42-2
166	8033-73-6
167	29232-93-7
168	28249-77-6
169	125306-83-4
17	1632-89-9
17	75-07-0
17	UN1089
170	112-34-5
170	210818-08-9
170	875421-79-7
171	56-23-5
171	UN1846
172	105-95-3
172	91462-25-8
173	123-91-1
173	17647-74-4
173	28347-88-8
173	28347-91-3
173	39449-24-6
173	54841-74-6
173	UN1165
174	15263-53-3
175	1166-46-7
175	1166-47-8
175	1166-48-9
175	16047-22-6
175	2735-98-0
175	28643-67-6
175	28752-93-4
175	51348-90-4
175	51348-91-5
175	5284-41-3
175	548460-64-6
175	66525-27-7
175	7696-12-0
176	110-82-7
176	1735-17-7
176	UN1145
177	10461-98-0
178	108-91-8
178	143247-75-0
178	1533423-50-5
178	157973-60-9
178	UN2357
179	110-83-8
179	33004-06-7
179	UN2256
18	59182-86-4
18	75-86-5
18	UN1541
180	27134-27-6
180	51225-19-5
180	554-00-7
180	608-27-5
180	608-31-1
180	626-43-7
180	95-76-1
180	95-82-9
180	UN1590
180	UN3442
181	107-06-2
181	52399-93-6
181	UN1184
182	75-35-4
182	UN1303
183	1438395-68-6
183	156-59-2
183	156-60-5
183	43695-79-0
183	540-59-0
183	UN1150
184	442523-55-9
184	64359-81-5
185	224049-04-1
186	101-14-4
186	126699-69-2
186	142661-36-7
186	27342-75-2
186	29371-14-0
186	29988-00-9
186	34777-72-5
186	51065-07-7
186	78642-65-6
186	913092-91-8
187	1256919-17-1
187	185009-39-6
187	62185-71-1
187	75-71-8
187	UN1028
188	11097-11-3
188	11097-12-4
188	23950-58-5
188	66393-62-2
189	1320-37-2
189	374-07-2
189	76-14-2
189	UN1958
19	83-32-9
190	306-83-2
191	106917-52-6
192	57018-04-9
193	82692-44-2
194	36734-19-7
195	212201-70-2
196	32809-16-8
197	102962-29-8
197	127641-75-2
197	150825-44-8
197	201749-62-4
197	330-54-1
197	56449-18-4
198	125407-52-5
198	181591-67-3
198	60207-90-1
198	75881-82-2
199	153197-14-9
2	13189-00-9
2	162630-63-9
20	100849-37-4
20	14545-23-4
20	146997-94-6
20	1533423-51-6
20	1582784-51-7
20	1619933-02-6
20	18960-62-8
20	37342-16-8
20	4165-61-1
20	62-53-3
20	7022-92-6
20	UN1547
200	330-55-2
200	56645-87-5
201	15183-39-8
201	94-75-7
202	1717-00-6
203	41205-21-4
204	39289-28-6
204	75-43-4
204	UN1029
205	148584-48-9
205	96-23-1
205	UN2750
206	26198-63-0
206	78-87-5
206	UN1279
207	10061-01-5
207	10061-02-6
207	542-75-6
207	68525-58-6
207	8022-76-2
208	106-46-7
208	2199-69-1
208	25321-22-6
208	3855-82-1
208	541-73-1
208	95-50-1
208	UN1591
209	71561-11-0
21	141-43-5
21	9007-33-4
21	UN2491
210	58011-68-0
211	1194-65-6
212	111512-56-2
212	127564-92-5
212	128903-21-9
212	13474-88-9
212	136013-79-1
212	422-44-6
212	422-48-0
212	422-56-0
212	431-86-7
212	507-55-1
213	1665-00-5
213	75-09-2
213	UN1593
214	84496-56-0
215	3347-22-6
216	101-83-7
216	111487-88-8
216	111487-93-5
216	111522-94-2
216	157973-63-2
216	856793-27-6
216	UN2565
217	107760-16-7
217	1755-01-7
217	275363-11-6
217	45737-84-6
217	54335-17-0
217	77-73-6
217	933-60-8
217	UN2048
218	50512-35-1
219	34643-46-4
219	64772-54-9
22	1698-60-8
22	58858-18-7
220	11114-31-1
220	80210-09-9
220	950-37-8
221	11096-67-6
221	11130-60-2
221	121-75-5
221	12737-19-8
221	12767-62-3
221	141263-96-9
221	75513-83-6
222	11003-53-5
222	11096-20-1
222	56833-73-9
222	60-51-5
222	79956-18-6
223	81103-11-9
224	1039756-61-0
224	1100607-35-9
224	126851-24-9
224	138698-36-9
224	148788-55-0
224	148812-65-1
224	154765-32-9
224	183185-47-9
224	20256-56-8
224	210420-85-2
224	2390-68-3
224	251099-16-8
224	32426-11-2
224	37227-99-9
224	37228-00-5
224	37334-63-7
224	37334-67-1
224	37336-43-9
224	37339-19-8
224	37340-16-2
224	446279-85-2
224	499100-97-9
224	5538-94-3
224	56573-47-8
224	56573-48-9
224	59249-59-1
224	60569-67-7
224	60649-22-1
224	61789-77-3
224	61789-80-8
224	62112-31-6
224	66419-31-6
224	66455-24-1
224	68334-33-8
224	68424-95-3
224	68783-78-8
224	71487-01-9
224	7173-51-5
224	8014-21-9
224	82703-31-9
224	894406-76-9
224	97931-37-8
224	P-97-0790
224	RR-60034-0
225	426821-53-6
226	12646-20-7
226	147601-90-9
226	16090-02-1
226	39354-68-2
226	60397-72-0
226	60650-25-1
226	61902-21-4
226	63439-82-7
226	64294-87-7
226	73071-63-3
227	121-14-2
227	25321-14-6
227	29656-15-3
227	602-01-7
227	606-20-2
227	610-39-9
227	618-85-9
227	619-15-8
227	84029-41-4
227	84029-42-5
227	RR-42416-8
227	UN1600
227	UN2038
227	UN3454
228	51-28-5
229	1135443-74-1
229	122-39-4
23	120068-37-3
230	125-59-7
230	57-41-0
231	55285-14-8
231	73468-61-8
232	102962-45-8
232	128-37-0
232	1394965-02-6
232	1456709-94-6
232	1847425-90-4
232	2055662-96-7
232	259752-53-9
232	290348-23-1
232	338986-13-3
232	36631-28-4
232	42615-30-5
232	50356-19-9
232	50641-99-1
232	52683-46-2
232	53571-70-3
232	58500-82-6
232	83047-16-9
232	97123-41-6
233	131341-86-1
234	123780-41-6
234	52888-80-9
235	106-93-4
235	22581-63-1
235	56729-21-6
235	625084-37-9
235	8003-07-4
235	UN1605
236	124-48-1
236	93951-99-6
237	10222-01-2
237	63619-09-0
238	124-73-2
238	25497-30-7
238	27336-23-8
238	76199-55-8
239	130000-40-7
24	95-55-6
240	103-50-4
241	30560-19-1
242	127-19-5
243	31895-21-3
244	102287-29-6
244	103351-03-7
244	105145-10-6
244	106216-57-3
244	1135442-00-0
244	1256964-22-3
244	1405-95-4
244	21645-09-0
244	52214-46-7
244	6153-64-6
244	79-57-2
244	856305-69-6
244	96310-42-8
245	124-40-3
245	2876-06-4
245	UN1160
246	4849-32-5
247	105-87-3
247	130396-84-8
247	8022-83-1
248	124-28-7
249	57706-88-4
249	78-69-3
25	123-30-8
25	1309774-68-2
25	136635-71-7
25	52985-09-8
250	624-92-0
250	UN2381
251	82560-54-1
252	112-18-5
252	352546-19-1
252	39279-50-0
252	52622-54-5
252	56573-43-4
252	59978-02-8
252	61788-93-0
252	61788-95-2
252	67700-98-5
252	68391-04-8
252	68439-70-3
252	68814-69-7
252	83855-86-1
253	135526-66-8
253	160714-02-3
253	1616935-99-9
253	163221-07-6
253	1643-20-5
253	177162-47-9
253	209122-49-6
253	244235-92-5
253	311814-25-2
253	321723-48-2
253	39363-67-2
253	58968-94-8
253	607690-42-6
253	61788-90-7
253	68955-55-5
253	70592-80-2
253	73502-08-6
253	85408-48-6
253	85408-49-7
254	37333-09-8
254	50924-44-2
254	52-68-6
254	56042-25-2
254	66758-31-4
255	136338-65-3
255	1910-42-5
255	205105-68-6
255	247050-57-3
255	3765-78-4
255	57593-74-5
255	65982-50-5
255	75365-73-0
256	40766-31-2
256	6165-51-1
256	6165-52-2
256	6196-95-8
256	75898-09-8
256	76090-67-0
256	77973-89-8
256	81749-28-2
256	81749-29-3
256	91376-43-1
257	23564-05-8
257	50814-12-5
258	283594-90-1
259	183675-82-3
26	21087-64-9
260	50809-58-0
260	76600-84-5
260	793-24-8
261	494793-67-8
262	560121-52-0
263	85785-20-2
264	114057-15-7
264	15175-63-0
264	15175-77-6
264	33513-42-7
264	68-12-2
265	565-00-4
265	5794-03-6
265	5794-04-7
265	79-92-5
266	272451-65-7
267	110-71-4
267	173201-80-4
267	UN2252
268	83055-99-6
269	135186-78-6
27	41394-05-2
270	2597-03-7
270	61361-99-7
270	75513-84-7
271	3861-47-0
272	100-56-1
272	100-57-2
272	100022-25-1
272	1003-26-5
272	10031-18-2
272	10031-47-7
272	100403-63-2
272	10045-94-0
272	10048-99-4
272	10080-39-4
272	100940-62-3
272	101043-98-5
272	10112-91-1
272	10124-48-8
272	10136-69-3
272	101654-43-7
272	101672-18-8
272	1017-74-9
272	10175-28-7
272	10192-55-9
272	102-98-7
272	102-99-8
272	102110-57-6
272	102110-61-2
272	102110-66-7
272	10217-65-9
272	10217-67-1
272	10217-68-2
272	102280-93-3
272	10271-66-6
272	10284-47-6
272	10284-48-7
272	10284-49-8
272	10299-45-3
272	103-27-5
272	103332-13-4
272	103369-15-9
272	10338-77-9
272	10338-78-0
272	10338-79-1
272	103399-29-7
272	10341-89-6
272	103458-15-7
272	10361-02-1
272	10366-02-6
272	10375-56-1
272	104-59-6
272	104-60-9
272	10403-65-3
272	10403-66-4
272	104114-64-9
272	10415-75-5
272	1043-49-8
272	104325-07-7
272	104325-08-8
272	104335-53-7
272	104339-46-0
272	10451-12-4
272	10507-38-7
272	10507-40-1
272	10507-41-2
272	10507-42-3
272	105260-39-7
272	106168-40-5
272	106218-86-4
272	107-26-6
272	107-27-7
272	107-28-8
272	1071-39-2
272	107296-30-0
272	1077-98-1
272	108-07-6
272	109-62-6
272	1091628-50-0
272	11004-81-2
272	11083-41-3
272	11096-61-0
272	11110-52-4
272	11113-51-2
272	112415-59-5
272	1126-48-3
272	113-50-8
272	113170-85-7
272	113722-57-9
272	1142-64-9
272	115-09-3
272	1184-57-2
272	1189-66-8
272	1191-80-6
272	1192-89-8
272	12002-19-6
272	12055-37-7
272	120674-92-2
272	12068-90-5
272	12136-15-1
272	1214247-08-1
272	12145-90-3
272	12194-11-5
272	122-64-5
272	12213-14-8
272	122582-67-6
272	12298-67-8
272	123-88-6
272	12328-03-9
272	12344-40-0
272	123551-50-8
272	123720-03-6
272	124-01-6
272	124-08-3
272	124-82-3
272	12406-51-8
272	12508-72-4
272	12514-41-9
272	12529-66-7
272	12542-90-4
272	12653-71-3
272	1267499-88-6
272	127026-24-8
272	127026-24-8
272	1273-75-2
272	127620-35-3
272	12798-32-2
272	129-16-8
272	129-99-7
272	1300-78-3
272	13004-83-6
272	130973-93-2
272	130995-49-2
272	1310-88-9
272	1312-01-2
272	1312-03-4
272	131500-00-0
272	13170-76-8
272	1319-86-4
272	1320-80-5
272	13222-52-1
272	13257-51-7
272	1327160-06-4
272	13278-80-3
272	13294-23-0
272	133-58-4
272	13302-00-6
272	133350-44-4
272	133350-45-5
272	1334-77-6
272	133421-58-6
272	1335-31-5
272	1336-57-8
272	1336-96-5
272	1337-06-0
272	1337-09-3
272	13437-80-4
272	1344-45-2
272	1344-45-2
272	1344-48-5
272	13444-75-2
272	1345-09-1
272	13464-28-3
272	13465-31-1
272	13465-31-1
272	13465-33-3
272	13465-34-4
272	13465-37-7
272	134762-05-3
272	1356399-46-6
272	136969-76-1
272	13766-41-1
272	13766-44-4
272	138-85-2
272	13864-38-5
272	13876-85-2
272	139116-12-4
272	13932-02-0
272	13967-25-4
272	13981-51-6
272	13981-51-6
272	13982-78-0
272	13982-78-0
272	140-20-5
272	14024-55-6
272	14024-75-0
272	14032-92-9
272	14066-61-6
272	14099-12-8
272	141-51-5
272	14110-97-5
272	1416052-38-4
272	14215-33-9
272	14235-86-0
272	14239-51-1
272	143-36-2
272	14315-77-6
272	143197-63-1
272	14354-56-4
272	14376-09-1
272	14459-36-0
272	14538-12-6
272	145757-52-4
272	14783-59-6
272	148-61-8
272	148333-06-6
272	14836-60-3
272	14874-55-6
272	149038-91-5
272	14990-20-6
272	15064-97-8
272	151-38-2
272	15116-82-2
272	15136-95-5
272	1520097-13-5
272	152923-45-0
272	15313-18-5
272	1537199-53-3
272	15375-94-7
272	15384-08-4
272	15385-57-6
272	15385-58-7
272	15415-64-2
272	155-85-1
272	15516-76-4
272	156234-43-4
272	156234-44-5
272	15634-23-8
272	15682-88-9
272	15756-15-7
272	15785-93-0
272	15829-53-5
272	1600-27-7
272	16003-82-0
272	16056-34-1
272	16056-37-4
272	1645280-58-5
272	16509-11-8
272	16751-55-6
272	17048-37-2
272	17140-73-7
272	172906-39-7
272	17456-26-7
272	17470-61-0
272	175695-12-2
272	17689-59-7
272	17774-09-3
272	1785-43-9
272	178959-28-9
272	17974-95-7
272	18211-85-3
272	18467-88-4
272	18832-83-2
272	18917-83-4
272	18918-06-4
272	18918-17-7
272	19122-79-3
272	19122-79-3
272	19367-79-4
272	19447-62-2
272	19528-48-4
272	19701-15-6
272	19719-72-3
272	20223-84-1
272	2042-50-4
272	20539-85-9
272	20564-21-0
272	20582-71-2
272	20601-83-6
272	20632-18-2
272	20720-76-7
272	20738-78-7
272	20820-45-5
272	20883-32-3
272	21082-50-8
272	21109-99-9
272	2117-39-7
272	21210-21-9
272	21259-76-7
272	2141-27-7
272	21450-81-7
272	21908-53-2
272	22098-38-0
272	22323-45-1
272	22330-18-3
272	2235-25-8
272	22450-90-4
272	226922-80-1
272	2279-64-3
272	22894-47-9
272	22967-92-6
272	23065-35-2
272	23319-66-6
272	23467-15-4
272	23471-13-8
272	23471-23-0
272	23483-74-1
272	23587-90-8
272	2440-29-1
272	2440-34-8
272	2440-40-6
272	2440-42-8
272	2440-45-1
272	24423-68-5
272	24425-43-2
272	24579-90-6
272	24579-91-7
272	24806-32-4
272	25587-94-4
272	25948-50-9
272	2597-92-4
272	2597-93-5
272	2597-95-7
272	2597-97-9
272	26037-72-9
272	261-57-4
272	26114-17-0
272	26522-91-8
272	26535-94-4
272	2654-47-9
272	26544-04-7
272	26545-49-3
272	26552-50-1
272	26579-33-9
272	26719-07-3
272	2701-61-3
272	27228-67-7
272	27236-65-3
272	27360-58-3
272	27575-47-9
272	27605-30-7
272	27685-51-4
272	2777-37-9
272	28086-13-7
272	2845-00-3
272	28519-24-6
272	28752-79-6
272	28752-80-9
272	28953-04-0
272	29053-02-9
272	29138-86-1
272	2923-15-1
272	2949-11-3
272	29870-72-2
272	3021-39-4
272	30366-55-3
272	304-90-5
272	304656-34-6
272	304656-34-6
272	3076-91-3
272	31065-88-0
272	31224-71-2
272	31632-68-5
272	31724-50-2
272	3198-04-7
272	32382-27-7
272	32407-99-1
272	326494-11-5
272	32701-49-8
272	32787-44-3
272	3294-57-3
272	3294-58-4
272	3294-60-8
272	33020-34-7
272	33445-15-7
272	33631-63-9
272	3367-28-0
272	3367-29-1
272	3367-30-4
272	3367-31-5
272	3367-32-6
272	33724-17-3
272	33770-60-4
272	33960-08-6
272	3444-13-1
272	34732-46-2
272	3477-28-9
272	35608-40-3
272	35678-47-8
272	3570-80-7
272	35823-05-3
272	36168-74-8
272	3626-13-9
272	362653-08-5
272	36539-17-0
272	36568-91-9
272	3688-11-7
272	37020-93-2
272	371-76-6
272	37237-15-3
272	37297-87-3
272	37320-91-5
272	37340-23-1
272	378782-04-8
272	378782-05-9
272	378782-08-2
272	378782-18-4
272	3810-81-9
272	38232-63-2
272	39377-58-7
272	39448-57-2
272	39657-41-5
272	39833-87-9
272	40138-90-7
272	40226-10-6
272	40661-97-0
272	42240-20-0
272	4386-35-0
272	4386-88-3
272	4387-13-7
272	4656-04-6
272	4665-55-8
272	486-67-9
272	492-18-2
272	49540-00-3
272	498-73-7
272	502-39-6
272	506-83-2
272	5131-56-6
272	51312-24-4
272	51595-71-2
272	51622-02-7
272	517-16-8
272	51821-32-0
272	5185-84-2
272	51887-47-9
272	525-30-4
272	52795-88-7
272	53007-72-0
272	53010-52-9
272	531-76-0
272	5326-00-1
272	53282-60-3
272	53404-67-4
272	53404-68-5
272	53404-69-6
272	53404-70-9
272	53408-91-6
272	53435-37-3
272	535-55-7
272	53663-14-2
272	537-64-4
272	538-04-5
272	539-43-5
272	54-64-8
272	54129-03-2
272	5416-74-0
272	5421-48-7
272	5428-90-0
272	54295-90-8
272	543-63-5
272	54428-47-6
272	54481-45-7
272	55-68-5
272	55482-91-2
272	55728-51-3
272	55939-60-1
272	56724-81-3
272	56724-82-4
272	5722-59-8
272	57363-77-6
272	58025-44-8
272	5822-97-9
272	583-15-3
272	5834-81-1
272	584-18-9
272	584-43-0
272	5857-37-4
272	5857-38-5
272	5857-39-6
272	58570-91-5
272	587-85-9
272	588-66-9
272	589-65-1
272	59-85-8
272	5902-76-1
272	5902-79-4
272	5903-10-6
272	591-89-9
272	592-04-1
272	592-63-2
272	592-85-8
272	593-74-8
272	5954-14-3
272	5955-19-1
272	5964-24-9
272	5970-29-6
272	5970-32-1
272	5980-86-9
272	60064-28-0
272	6012-84-6
272	60345-95-1
272	6129-23-3
272	6150-94-3
272	616-99-9
272	61792-06-1
272	61840-45-7
272	62-37-3
272	62-38-4
272	62050-76-4
272	623-07-4
272	62374-53-2
272	62638-02-2
272	627-44-1
272	6270-99-1
272	6273-99-0
272	628-85-3
272	628-86-4
272	6283-24-5
272	629-35-6
272	62909-81-3
272	631-60-7
272	63325-16-6
272	6336-12-5
272	63382-64-9
272	63468-53-1
272	63549-47-3
272	63868-93-9
272	63868-94-0
272	63868-95-1
272	63868-96-2
272	63868-98-4
272	63869-00-1
272	63869-01-2
272	63869-02-3
272	63869-03-4
272	63869-04-5
272	63869-05-6
272	63869-06-7
272	63869-07-8
272	63869-08-9
272	63905-89-5
272	63907-33-5
272	63919-18-6
272	63937-14-4
272	63951-06-4
272	63951-09-7
272	63990-59-0
272	64025-05-4
272	64025-06-5
272	64048-05-1
272	64048-06-2
272	64048-07-3
272	64048-08-4
272	64049-27-0
272	64049-28-1
272	64058-72-6
272	64058-74-8
272	64082-39-9
272	64491-92-5
272	645-99-8
272	64684-45-3
272	64697-74-1
272	64697-75-2
272	64697-76-3
272	64697-77-4
272	64697-78-5
272	64714-49-4
272	64771-59-1
272	65381-02-4
272	6569-69-3
272	66827-74-5
272	67465-39-8
272	67465-41-2
272	67465-42-3
272	67465-43-4
272	67465-44-5
272	67466-58-4
272	67536-44-1
272	6795-81-9
272	68201-97-8
272	68448-47-5
272	68833-55-6
272	691-88-3
272	6937-66-2
272	70514-23-7
272	71720-55-3
272	72044-13-4
272	72066-32-1
272	72379-35-2
272	72780-86-0
272	73399-68-5
272	73399-71-0
272	73491-34-6
272	73491-34-6
272	73513-17-4
272	73548-15-9
272	73926-87-1
272	73926-88-2
272	73926-89-3
272	73928-11-7
272	73928-12-8
272	7439-97-6
272	7451-91-4
272	7487-94-7
272	749262-24-6
272	75268-98-3
272	75344-65-9
272	7546-30-7
272	7548-26-7
272	75513-04-1
272	7616-83-3
272	7619-62-7
272	762-55-0
272	7620-30-6
272	7681-34-7
272	77329-67-0
272	77536-61-9
272	7756-49-2
272	7774-29-0
272	7782-66-3
272	7782-77-6
272	7782-86-7
272	7783-30-4
272	7783-32-6
272	7783-33-7
272	7783-34-8
272	7783-35-9
272	7783-36-0
272	7783-39-3
272	7784-03-4
272	7784-37-4
272	7789-10-8
272	7789-47-1
272	780-24-5
272	78571-20-7
272	79268-31-8
272	792952-75-1
272	8003-05-2
272	8011-93-6
272	8012-34-8
272	8013-47-6
272	8017-88-7
272	8028-34-0
272	8030-32-8
272	8030-33-9
272	8030-64-6
272	8031-27-4
272	8046-70-6
272	8069-64-5
272	80994-87-2
272	814-82-4
272	820986-03-6
272	82151-04-0
272	823-04-1
272	82980-40-3
272	84029-43-6
272	84973-20-6
272	854874-41-2
272	856770-63-3
272	859033-90-2
272	86-36-2
272	86-85-1
272	861552-79-6
272	87495-98-5
272	878791-13-0
272	879681-01-3
272	89521-44-8
272	90-03-9
272	90584-88-6
272	91081-69-5
272	91082-69-8
272	91722-12-2
272	92062-13-0
272	92114-96-0
272	92200-97-0
272	92355-34-5
272	92421-68-6
272	92473-75-1
272	92786-62-4
272	93820-20-3
272	93882-20-3
272	94-43-9
272	94022-47-6
272	94070-92-5
272	94070-93-6
272	94238-21-8
272	94276-38-7
272	94276-88-7
272	94277-53-9
272	94481-62-6
272	96906-16-0
272	97209-13-7
272	973-17-1
272	RR-00004-4
272	RR-00005-5
272	RR-00138-7
272	RR-00361-2
272	RR-00569-6
272	RR-01294-2
272	RR-01342-3
272	RR-01858-6
272	RR-02536-5
272	RR-04547-6
272	RR-04677-5
272	RR-07193-2
272	RR-145946-7
272	RR-14866-3
272	RR-15850-9
272	RR-194036-9
272	RR-42082-6
272	RR-56263-0
272	RR-56357-5
272	RR-58673-2
272	RR-87612-0
272	UN0135
272	UN1244
272	UN1623
272	UN1624
272	UN1625
272	UN1626
272	UN1627
272	UN1629
272	UN1630
272	UN1631
272	UN1636
272	UN1637
272	UN1638
272	UN1639
272	UN1640
272	UN1642
272	UN1643
272	UN1644
272	UN1645
272	UN1674
272	UN1894
272	UN1895
272	UN2809
273	10470-01-6
273	1087-02-1
273	1973-15-5
273	20273-27-2
273	27985-87-1
273	35860-22-1
273	3842-58-8
273	61788-32-7
274	1000-40-4
274	100045-83-8
274	10008-90-9
274	1002-53-5
274	10039-33-5
274	10074-32-5
274	100835-88-9
274	101012-88-8
274	1011-95-6
274	10113-34-5
274	101319-72-6
274	101319-94-2
274	1015-27-6
274	1015-53-8
274	101830-33-5
274	101880-98-2
274	10192-92-4
274	10203-52-8
274	1021-22-3
274	102250-64-6
274	102622-67-3
274	102667-32-3
274	103044-42-4
274	103270-64-0
274	103289-30-1
274	10347-38-3
274	103532-44-1
274	104133-03-1
274	10428-19-0
274	10428-22-5
274	104959-77-5
274	104959-82-2
274	105018-58-4
274	105494-65-3
274	10584-97-1
274	10584-98-2
274	10586-78-4
274	1059-35-4
274	10603-63-1
274	1064-10-4
274	1066-44-0
274	1066-45-1
274	1066-57-5
274	1066-77-9
274	1067-29-4
274	1067-33-0
274	1067-52-3
274	1067-55-6
274	1067-97-6
274	1070-91-3
274	108110-01-6
274	108189-00-0
274	108537-06-0
274	108772-35-6
274	1089-59-4
274	109054-07-1
274	109298-02-4
274	1103-05-5
274	110586-22-6
274	110586-23-7
274	11097-63-5
274	111108-89-5
274	11111-26-5
274	1112-56-7
274	1112-63-6
274	1118-14-5
274	1118-42-9
274	1118-46-3
274	112309-68-9
274	112326-79-1
274	1124-19-2
274	112492-63-4
274	112747-58-7
274	113289-86-4
274	113289-87-5
274	113289-90-0
274	113289-91-1
274	1135-99-5
274	116315-17-4
274	116430-10-5
274	117732-68-0
274	1178-79-6
274	1185-73-5
274	1185-81-5
274	119192-22-2
274	1204812-53-2
274	1204812-53-2
274	1231728-34-9
274	12379-54-3
274	124504-99-0
274	124505-02-8
274	1245941-87-0
274	1245941-99-4
274	124873-62-7
274	124873-63-8
274	125199-87-3
274	1262-21-1
274	1262-78-8
274	12737-14-3
274	128093-63-0
274	1294-75-3
274	13121-70-5
274	13121-71-6
274	13121-76-1
274	13173-04-1
274	13241-48-0
274	132641-04-4
274	13269-74-4
274	13293-57-7
274	13302-06-2
274	13302-08-4
274	13323-62-1
274	13323-63-2
274	13331-52-7
274	13355-96-9
274	13356-08-6
274	13356-20-2
274	13362-00-0
274	13387-91-2
274	13413-18-8
274	13435-05-7
274	13467-96-4
274	13468-00-3
274	13497-25-1
274	136482-55-8
274	137297-08-6
274	138556-84-0
274	139353-88-1
274	14101-95-2
274	14208-54-9
274	14214-24-5
274	14254-05-8
274	14254-22-9
274	14275-57-1
274	143929-06-0
274	144377-64-0
274	1446-45-3
274	14488-53-0
274	1449-55-4
274	1461-22-9
274	1461-23-0
274	1461-25-2
274	147049-02-3
274	147049-09-0
274	14764-54-6
274	147716-03-8
274	14806-91-8
274	14844-29-2
274	149610-66-2
274	14974-55-1
274	15082-85-6
274	151436-98-5
274	151686-34-9
274	15220-82-3
274	15257-25-7
274	1528-01-4
274	1528-07-0
274	1529-30-2
274	15304-57-1
274	15336-98-8
274	15414-98-9
274	154194-72-6
274	1542381-47-4
274	15481-47-7
274	15481-48-8
274	15535-69-0
274	15535-79-2
274	15546-11-9
274	15546-12-0
274	15546-16-4
274	15571-58-1
274	15571-59-2
274	15571-60-5
274	15597-43-0
274	15652-38-7
274	15666-28-1
274	15666-29-2
274	15719-34-3
274	15785-44-1
274	15807-28-0
274	15853-77-7
274	158707-50-7
274	15880-66-7
274	16009-86-2
274	160525-70-2
274	160709-63-7
274	16091-18-2
274	16122-27-3
274	16284-54-1
274	1631-73-8
274	163206-28-8
274	16413-88-0
274	16715-89-2
274	16902-02-6
274	16919-46-3
274	1702279-08-0
274	1702279-15-9
274	17036-31-6
274	17209-76-6
274	172305-49-6
274	172344-80-8
274	172777-09-2
274	172777-10-5
274	17313-85-8
274	17374-81-1
274	17381-88-3
274	17523-06-7
274	17563-48-3
274	17578-54-0
274	17586-94-6
274	17601-12-6
274	17869-84-0
274	17869-91-9
274	17973-82-9
274	17977-68-3
274	17997-47-6
274	1803-12-9
274	181494-05-3
274	18211-61-5
274	18253-54-8
274	182688-91-1
274	182810-42-0
274	18380-71-7
274	18380-72-8
274	18403-67-3
274	185915-28-0
274	18824-11-8
274	18841-52-6
274	18961-66-5
274	1907-13-7
274	1912-83-0
274	1912-84-1
274	1913978-89-8
274	191617-06-8
274	19269-42-2
274	19429-30-2
274	19464-55-2
274	1954-36-5
274	19704-60-0
274	19706-58-2
274	1983-10-4
274	20004-12-0
274	20153-49-5
274	20153-50-8
274	201687-57-2
274	201687-58-3
274	20258-69-9
274	20258-71-3
274	202875-90-9
274	20332-10-9
274	20369-63-5
274	20451-90-5
274	205323-28-0
274	20556-89-2
274	2056906-49-9
274	20961-09-5
274	20991-95-1
274	2117-50-2
274	211990-09-9
274	214917-43-8
274	215186-99-5
274	2155-70-6
274	21619-67-0
274	2176-98-9
274	217805-02-2
274	217805-03-3
274	2179-92-2
274	2179-99-9
274	21843-46-9
274	21941-99-1
274	21986-78-7
274	22022-70-4
274	22205-26-1
274	22205-30-7
274	2232-69-1
274	22330-14-9
274	22535-42-8
274	22535-43-9
274	22673-19-4
274	22709-76-8
274	22709-77-9
274	2273-43-0
274	2273-45-2
274	2273-46-3
274	2273-48-5
274	2273-51-0
274	22771-17-1
274	22771-18-2
274	2279-76-7
274	228262-76-8
274	23072-08-4
274	23292-85-5
274	235102-07-5
274	23519-66-6
274	23535-89-9
274	23654-14-0
274	23668-76-0
274	23850-94-4
274	2406-65-7
274	24124-25-2
274	24291-45-0
274	24291-51-8
274	24379-26-8
274	24396-70-1
274	24396-71-2
274	24432-06-2
274	24493-51-4
274	24577-34-2
274	24660-23-9
274	247041-56-1
274	24850-33-7
274	25150-98-5
274	25151-00-2
274	25168-21-2
274	25168-22-3
274	25168-23-4
274	25168-24-5
274	25248-71-9
274	25267-66-7
274	25430-97-1
274	25637-27-8
274	25711-26-6
274	25852-70-4
274	2587-76-0
274	2591-32-4
274	25955-19-5
274	26087-56-9
274	26239-64-5
274	26292-98-8
274	26302-30-7
274	26354-15-4
274	26354-18-7
274	26377-04-8
274	26401-86-5
274	26401-97-8
274	2641-56-7
274	26410-42-4
274	26562-01-6
274	26636-01-1
274	2669-35-4
274	26738-80-7
274	26761-46-6
274	26821-65-8
274	26864-37-9
274	26864-39-1
274	26872-61-7
274	26896-31-1
274	26962-68-5
274	27107-88-6
274	27107-89-7
274	27147-18-8
274	27189-59-9
274	27194-44-1
274	27371-95-5
274	27440-55-7
274	27517-48-2
274	27550-52-3
274	27605-35-2
274	27615-98-1
274	2767-41-1
274	2767-47-7
274	2767-54-6
274	2767-55-7
274	2767-61-5
274	2781-09-1
274	2781-10-4
274	2791-60-8
274	2800-96-6
274	28089-34-1
274	28308-70-5
274	28375-10-2
274	2847-58-7
274	2847-65-6
274	2857-03-6
274	28570-24-3
274	28570-25-4
274	2865-19-2
274	28653-36-3
274	28660-63-1
274	28660-67-5
274	28675-83-4
274	286938-79-2
274	28801-69-6
274	2897-46-3
274	29134-69-8
274	2943-86-4
274	29457-48-5
274	2949-42-0
274	29492-49-7
274	29575-02-8
274	29859-88-9
274	29881-72-9
274	29910-14-3
274	30051-58-2
274	30099-72-0
274	301-10-0
274	30115-44-7
274	3021-41-8
274	3023-92-5
274	3026-81-1
274	3033-29-2
274	30395-90-5
274	30395-91-6
274	30860-66-3
274	3090-35-5
274	3090-36-6
274	3091-18-7
274	3091-25-6
274	3091-27-8
274	3091-32-5
274	31045-95-1
274	31228-82-7
274	31430-86-1
274	3151-41-5
274	31709-32-7
274	31710-35-7
274	31718-66-8
274	31732-71-5
274	31781-13-2
274	31794-56-6
274	32011-18-0
274	32011-19-1
274	32104-27-1
274	32296-03-0
274	32296-04-1
274	3231-93-4
274	32312-33-7
274	32509-49-2
274	3267-78-5
274	32673-05-5
274	33397-45-4
274	33397-79-4
274	3342-67-4
274	3342-69-6
274	33466-31-8
274	3349-36-8
274	3349-38-0
274	33550-22-0
274	33568-99-9
274	336879-56-2
274	33703-04-7
274	34152-36-8
274	34349-21-8
274	3440-79-7
274	3465-73-4
274	3465-74-5
274	3465-75-6
274	3465-77-8
274	34871-84-6
274	3493-67-2
274	35104-88-2
274	3531-43-9
274	353747-42-9
274	353747-43-0
274	353747-44-1
274	353747-45-2
274	353747-46-3
274	353747-47-4
274	353747-48-5
274	3542-36-7
274	35569-11-0
274	3572-47-2
274	358-50-9
274	3582-17-0
274	3587-18-6
274	3590-59-8
274	3590-67-8
274	3590-83-8
274	3590-84-9
274	3594-15-8
274	35984-19-1
274	36118-60-2
274	36253-76-6
274	3634-62-6
274	364041-81-6
274	36432-42-5
274	3644-29-9
274	3644-32-4
274	3644-37-9
274	3644-38-0
274	3646-94-4
274	3648-18-8
274	36631-23-9
274	36643-28-4
274	3669-02-1
274	37074-33-2
274	37645-34-4
274	3765-65-9
274	379-51-1
274	379-52-2
274	38438-11-8
274	38480-25-0
274	38620-15-4
274	3865-34-7
274	3865-35-8
274	38732-53-5
274	38802-82-3
274	3912-86-5
274	39403-64-0
274	3955-81-5
274	39637-16-6
274	39670-15-0
274	39717-39-0
274	4027-13-8
274	4027-14-9
274	4027-17-2
274	4027-18-3
274	40968-77-2
274	41083-11-8
274	41086-64-0
274	4117-92-4
274	4150-34-9
274	4151-92-2
274	4154-35-2
274	415725-20-1
274	42378-34-7
274	4253-22-9
274	427-45-2
274	429-30-1
274	429-77-6
274	43136-18-1
274	4342-30-7
274	4342-33-0
274	4342-36-3
274	4401-37-0
274	4403-63-8
274	4419-22-1
274	45095-86-1
274	45234-42-2
274	45314-70-3
274	4588-60-7
274	4628-88-0
274	4638-25-9
274	4644-96-6
274	4713-59-1
274	4731-77-5
274	4756-53-0
274	47562-29-8
274	47672-31-1
274	4775-88-6
274	4782-29-0
274	4808-30-4
274	4848-63-9
274	49538-98-9
274	49556-16-3
274	4981-24-2
274	5035-67-6
274	5035-68-7
274	50378-14-8
274	50788-67-5
274	50851-45-1
274	5107-58-4
274	5107-59-5
274	51287-83-3
274	51287-84-4
274	51375-45-2
274	51541-60-7
274	51590-67-1
274	51815-14-6
274	51952-23-9
274	51983-04-1
274	52012-26-7
274	52082-48-1
274	52112-09-1
274	52120-31-7
274	52132-44-2
274	52165-03-4
274	52276-41-2
274	52433-96-2
274	52434-36-3
274	52434-42-1
274	52434-43-2
274	52628-34-9
274	52642-42-9
274	52671-35-9
274	52671-36-0
274	52683-17-7
274	5271-60-3
274	52722-81-3
274	53040-42-9
274	53050-36-5
274	53100-69-9
274	53202-61-2
274	53236-83-2
274	53404-82-3
274	53408-94-9
274	53466-85-6
274	53478-57-2
274	53478-61-8
274	53584-15-9
274	54068-28-9
274	54235-66-4
274	54581-65-6
274	5462-26-0
274	54849-38-6
274	5488-45-9
274	55216-04-1
274	55230-73-4
274	55230-77-8
274	55280-70-1
274	55348-64-6
274	55353-53-2
274	55353-55-4
274	55353-59-8
274	55410-80-5
274	55568-37-1
274	5587-52-0
274	56-24-6
274	56-36-0
274	56046-99-2
274	56091-37-3
274	56149-55-4
274	56225-49-1
274	563-25-7
274	56323-17-2
274	56323-19-4
274	56508-29-3
274	56533-00-7
274	56573-85-4
274	56808-12-9
274	56875-68-4
274	57-52-3
274	57057-50-8
274	57105-89-2
274	57583-34-3
274	57583-35-4
274	5762-18-5
274	57654-67-8
274	57754-92-4
274	57808-37-4
274	57813-60-2
274	57813-62-4
274	57875-67-9
274	58098-20-7
274	58180-75-9
274	5827-56-5
274	5827-57-6
274	5827-58-7
274	5837-26-3
274	58392-08-8
274	58392-72-6
274	5847-48-3
274	5847-51-8
274	5847-52-9
274	5847-53-0
274	5847-54-1
274	5847-55-2
274	58636-10-5
274	5883-36-3
274	59020-10-9
274	59061-51-7
274	59118-76-2
274	59118-77-3
274	59118-79-5
274	59118-80-8
274	59118-81-9
274	59118-93-3
274	59118-99-9
274	59119-04-9
274	59138-44-2
274	59157-52-7
274	59185-95-4
274	5926-79-4
274	594-27-4
274	59452-78-7
274	595-90-4
274	59571-08-3
274	5967-09-9
274	597-64-8
274	59766-21-1
274	59849-87-5
274	59849-88-6
274	59948-27-5
274	59963-28-9
274	60083-70-7
274	60083-70-7
274	60268-12-4
274	6031-41-0
274	60388-47-8
274	60494-17-9
274	60494-18-0
274	60494-19-1
274	6056-50-4
274	60585-20-8
274	60659-60-1
274	60659-61-2
274	60911-92-4
274	61057-41-8
274	61133-55-9
274	61241-05-2
274	61467-81-0
274	61470-33-5
274	61470-34-6
274	61599-28-8
274	61746-04-1
274	6180-99-0
274	6180-99-0
274	61813-52-3
274	61912-55-8
274	61947-30-6
274	62044-47-7
274	6208-26-0
274	62149-82-0
274	62292-58-4
274	62312-12-3
274	62480-03-9
274	62765-61-1
274	62817-88-3
274	6288-34-2
274	63397-60-4
274	63438-80-2
274	638-39-1
274	6381-06-2
274	63869-87-4
274	639-58-7
274	63979-62-4
274	64011-39-8
274	64036-46-0
274	6452-61-5
274	6452-62-6
274	6454-35-9
274	64549-05-9
274	64685-79-6
274	64685-80-9
274	64926-50-7
274	6493-69-2
274	6517-25-5
274	65264-08-6
274	65264-09-7
274	65291-39-6
274	65301-38-4
274	65308-00-1
274	65540-76-3
274	65924-19-8
274	661-69-8
274	66161-18-0
274	66499-05-6
274	66603-07-4
274	66779-19-9
274	668-34-8
274	6688-50-2
274	66899-69-2
274	66899-70-5
274	67053-59-2
274	67053-64-9
274	67053-64-9
274	67057-32-3
274	67057-34-5
274	673502-01-7
274	67361-76-6
274	67361-77-7
274	67410-20-2
274	67445-50-5
274	67649-65-4
274	67701-37-5
274	67704-30-7
274	67708-87-6
274	67772-01-4
274	67827-58-1
274	67827-59-2
274	67859-55-6
274	67859-59-0
274	67859-61-4
274	67859-62-5
274	67859-63-6
274	67859-64-7
274	67859-65-8
274	67874-41-3
274	67874-42-4
274	67874-45-7
274	67874-46-8
274	67874-47-9
274	67874-48-0
274	67874-49-1
274	67874-51-5
274	67874-54-8
274	67905-20-8
274	67905-21-9
274	67905-22-0
274	67907-14-6
274	67907-15-7
274	67924-24-7
274	67936-79-2
274	67939-23-5
274	67939-28-0
274	67939-64-4
274	681-99-2
274	68109-85-3
274	68109-86-4
274	68109-87-5
274	68109-88-6
274	68133-04-0
274	682-00-8
274	682-32-6
274	68201-92-3
274	6821-94-9
274	68239-46-3
274	68239-50-9
274	68298-36-2
274	68298-37-3
274	68298-38-4
274	68298-39-5
274	68298-40-8
274	68298-42-0
274	68298-43-1
274	68299-15-0
274	68299-23-0
274	683-18-1
274	68406-52-0
274	68412-36-2
274	68412-50-0
274	68420-14-4
274	68420-16-6
274	68441-20-3
274	68442-12-6
274	68460-05-9
274	68460-06-0
274	68478-76-2
274	68512-27-6
274	68538-86-3
274	68584-62-3
274	68584-66-7
274	68725-14-4
274	68725-15-5
274	68738-82-9
274	68785-38-6
274	68794-06-9
274	688-73-3
274	68921-71-1
274	68928-34-7
274	68928-37-0
274	68928-38-1
274	68928-39-2
274	68928-40-5
274	68928-41-6
274	68928-42-7
274	68928-44-9
274	68928-47-2
274	68928-48-3
274	68928-49-4
274	68928-50-7
274	68928-52-9
274	68928-76-7
274	68928-78-9
274	68937-12-2
274	68938-97-6
274	68955-07-7
274	68974-77-6
274	68988-11-4
274	68988-12-5
274	68988-58-9
274	68990-28-3
274	69039-26-5
274	69064-21-7
274	69226-43-3
274	69226-44-4
274	69226-45-5
274	69226-46-6
274	69226-47-7
274	69239-37-8
274	6931-76-6
274	695165-22-1
274	69536-57-8
274	69537-35-5
274	69799-37-7
274	69882-12-8
274	69898-18-6
274	6994-59-8
274	6995-92-2
274	70024-86-1
274	70103-43-4
274	70303-46-7
274	70303-47-8
274	70605-35-5
274	70620-28-9
274	7067-44-9
274	70729-71-4
274	70750-24-2
274	70892-97-6
274	70892-98-7
274	7094-94-2
274	70942-28-8
274	70942-29-9
274	70942-30-2
274	70942-31-3
274	70942-34-6
274	70942-35-7
274	70942-36-8
274	70942-46-0
274	70942-47-1
274	70969-63-0
274	70969-67-4
274	70969-68-5
274	70969-72-1
274	71010-86-1
274	71061-19-3
274	71092-26-7
274	71119-47-6
274	71119-48-7
274	7141-19-7
274	71510-19-5
274	71599-08-1
274	71631-13-5
274	71865-66-2
274	72231-02-8
274	7224-23-9
274	7224-27-3
274	72253-67-9
274	72259-65-5
274	72305-84-1
274	72480-35-4
274	73003-70-0
274	7304-48-5
274	7324-74-5
274	7324-77-8
274	73246-84-1
274	73246-85-2
274	7342-38-3
274	7342-39-4
274	7342-45-2
274	7342-47-4
274	7392-96-3
274	73926-90-6
274	73927-86-3
274	73927-87-4
274	73927-88-5
274	73927-89-6
274	73927-90-9
274	73927-91-0
274	73927-92-1
274	73927-93-2
274	73927-94-3
274	73927-95-4
274	73927-96-5
274	73927-97-6
274	73927-98-7
274	73927-99-8
274	73928-00-4
274	7393-43-3
274	73940-85-9
274	73940-86-0
274	73940-87-1
274	73940-88-2
274	73940-89-3
274	7399-02-2
274	74007-80-0
274	7414-81-5
274	74162-83-7
274	74177-50-7
274	7428-79-7
274	7437-35-6
274	74512-59-7
274	74563-66-9
274	74774-66-6
274	7486-35-3
274	74913-27-2
274	74913-29-4
274	74957-03-2
274	75030-30-7
274	75113-32-5
274	75113-33-6
274	75113-34-7
274	75113-35-8
274	75113-36-9
274	75113-37-0
274	75113-38-1
274	75113-40-5
274	75113-42-7
274	75113-43-8
274	75113-44-9
274	75139-28-5
274	75149-37-0
274	752-58-9
274	753-61-7
274	753-73-1
274	75319-87-8
274	7532-85-6
274	75457-52-2
274	7552-16-1
274	7552-19-4
274	7580-74-7
274	7580-76-9
274	76-63-1
274	76-87-9
274	761-44-4
274	76148-13-5
274	76162-34-0
274	7637-13-0
274	76461-84-2
274	76468-20-7
274	7653-28-3
274	7664-98-4
274	77-58-7
274	77-80-5
274	7774-76-7
274	77900-69-7
274	77928-59-7
274	78-04-6
274	78-06-8
274	78-20-6
274	78182-42-0
274	78370-01-1
274	78763-54-9
274	78899-76-0
274	78917-85-8
274	79330-84-0
274	79403-36-4
274	79494-57-8
274	79922-74-0
274	80233-79-0
274	8028-83-9
274	80497-89-8
274	81034-75-5
274	811-73-4
274	813-19-4
274	814-94-8
274	81489-56-7
274	815-85-0
274	81514-95-6
274	818-08-6
274	819-21-6
274	82364-22-5
274	82554-77-6
274	82963-02-8
274	83447-69-2
274	83500-88-3
274	83514-66-3
274	83833-21-0
274	83833-23-2
274	83833-24-3
274	83833-25-4
274	83833-26-5
274	83833-27-6
274	83833-28-7
274	83846-45-1
274	83898-44-6
274	83898-45-7
274	83898-46-8
274	83898-47-9
274	83898-48-0
274	83898-49-1
274	83898-50-4
274	83898-51-5
274	83898-52-6
274	83898-53-7
274	83898-54-8
274	83898-55-9
274	83898-56-0
274	83898-57-1
274	83898-58-2
274	83898-59-3
274	83898-60-6
274	84012-65-7
274	84012-66-8
274	84029-40-3
274	84029-62-9
274	84029-63-0
274	84029-64-1
274	84029-72-1
274	84029-73-2
274	84029-74-3
274	84029-75-4
274	84029-76-5
274	84029-77-6
274	84029-78-7
274	84029-79-8
274	84029-80-1
274	84029-81-2
274	84030-41-1
274	84030-42-2
274	84030-43-3
274	84030-44-4
274	84030-45-5
274	84030-46-6
274	84030-47-7
274	84030-61-5
274	84051-94-5
274	84145-12-0
274	84332-95-6
274	84332-96-7
274	84332-97-8
274	84332-98-9
274	84370-78-5
274	84668-41-7
274	84712-69-6
274	84712-70-9
274	84777-54-8
274	84787-73-5
274	84787-74-6
274	84787-79-1
274	84787-80-4
274	84788-16-9
274	84788-17-0
274	84803-43-0
274	84812-63-5
274	84837-25-2
274	84864-54-0
274	84896-41-3
274	84896-44-6
274	84962-42-5
274	85290-45-5
274	85371-54-6
274	85391-79-3
274	85391-80-6
274	85391-81-7
274	85392-75-2
274	85392-76-3
274	85409-17-2
274	85424-96-0
274	85424-97-1
274	85566-78-5
274	85665-63-0
274	85702-55-2
274	85702-56-3
274	85702-57-4
274	85702-74-5
274	85702-75-6
274	85702-76-7
274	85702-77-8
274	85702-78-9
274	85702-85-8
274	85702-86-9
274	85702-87-0
274	85702-88-1
274	85873-44-5
274	85938-40-5
274	85938-41-6
274	85938-42-7
274	85938-43-8
274	85938-44-9
274	85938-45-0
274	85938-46-1
274	85938-47-2
274	85938-48-3
274	85938-49-4
274	85938-50-7
274	85938-51-8
274	85938-52-9
274	85938-53-0
274	85958-87-8
274	85959-77-9
274	86022-43-7
274	863987-21-7
274	863987-67-1
274	866-55-7
274	867-36-7
274	869-59-0
274	869901-24-6
274	870-08-6
274	87735-26-0
274	877610-76-9
274	88727-31-5
274	88727-33-7
274	892-20-6
274	894-09-7
274	89930-84-7
274	900-95-8
274	90127-45-0
274	90170-31-3
274	90170-33-5
274	90170-34-6
274	90170-35-7
274	90170-36-8
274	90170-37-9
274	90170-38-0
274	90170-39-1
274	90170-40-4
274	90264-80-5
274	90268-67-0
274	90268-72-7
274	90288-21-4
274	90342-41-9
274	90388-33-3
274	90459-98-6
274	90529-64-9
274	90529-85-4
274	90529-88-7
274	90552-58-2
274	90552-61-7
274	90552-62-8
274	90552-63-9
274	90552-64-0
274	90552-66-2
274	90552-67-3
274	90552-68-4
274	90552-69-5
274	90552-70-8
274	90552-71-9
274	90583-80-5
274	910-06-5
274	913382-76-0
274	91422-01-4
274	91648-37-2
274	91648-38-3
274	91648-39-4
274	91782-35-3
274	91782-47-7
274	91782-48-8
274	91782-92-2
274	919-28-8
274	92154-74-0
274	92502-48-2
274	92502-51-7
274	92502-58-4
274	934-56-5
274	93686-50-1
274	93686-51-2
274	93686-52-3
274	93686-53-4
274	93778-53-1
274	93805-32-4
274	93805-54-0
274	93819-95-5
274	93839-24-8
274	93840-03-0
274	93841-41-9
274	93841-42-0
274	93841-43-1
274	93857-17-1
274	93857-18-2
274	93893-96-0
274	93893-97-1
274	93893-98-2
274	93918-30-0
274	93918-33-3
274	93918-35-5
274	93918-37-7
274	93925-40-7
274	93925-41-8
274	93925-42-9
274	93925-43-0
274	93925-44-1
274	93925-45-2
274	93951-17-8
274	93951-53-2
274	93965-21-0
274	93965-22-1
274	93965-26-5
274	93965-27-6
274	93981-44-3
274	94021-54-2
274	94022-46-5
274	94023-65-1
274	94042-69-0
274	94095-56-4
274	94109-28-1
274	94109-31-6
274	94134-56-2
274	94237-39-5
274	94246-99-8
274	94275-72-6
274	94275-86-2
274	94279-11-5
274	94333-39-8
274	94349-25-4
274	94349-26-5
274	94349-27-6
274	94410-05-6
274	94442-03-2
274	94850-90-5
274	94857-33-7
274	94891-36-8
274	95873-60-2
274	962-89-0
274	96407-98-6
274	96407-99-7
274	96446-11-6
274	96521-04-9
274	96690-45-8
274	97102-86-8
274	97259-90-0
274	97280-80-3
274	97392-78-4
274	974-29-8
274	97922-83-3
274	98358-14-6
274	98966-48-4
274	993-16-8
274	993-50-0
274	993-74-8
274	994-31-0
274	994-32-1
274	994-71-8
274	994-99-0
274	996-08-7
274	996-37-2
274	997-50-2
274	99963-78-7
274	P-86-0623
274	RR-00042-0
274	RR-00134-3
274	RR-00399-6
274	RR-01198-3
274	RR-01199-4
274	RR-02528-5
274	RR-02529-6
274	RR-02530-9
274	RR-02531-0
274	RR-02532-1
274	RR-02533-2
274	RR-02534-3
274	RR-04205-7
274	RR-109331-8
274	RR-163140-9
274	RR-163141-0
274	RR-184837-9
274	RR-30319-5
274	RR-30320-8
274	RR-30404-1
274	RR-31161-5
274	RR-40755-6
274	RR-45114-9
274	RR-45115-0
274	RR-46564-5
274	RR-53985-5
274	RR-54373-7
274	RR-54374-8
274	RR-54380-6
274	RR-55197-3
274	RR-55544-2
274	RR-58136-2
274	RR-60258-4
274	RR-87847-7
275	100-42-5
275	1161074-30-1
275	1193-80-2
275	1198090-46-8
275	1453489-93-4
275	1646200-96-5
275	19361-62-7
275	2015955-51-6
275	2351150-23-5
275	2576469-81-1
275	2706608-32-2
275	3814-93-5
275	60052-92-8
275	79637-11-9
275	934-85-0
275	UN2055
276	100402-47-9
276	100403-01-8
276	100403-02-9
276	100403-12-1
276	10060-10-3
276	10108-73-3
276	10119-53-6
276	101356-94-9
276	101356-95-0
276	101357-05-5
276	101357-06-6
276	101357-08-8
276	10139-51-2
276	102047-23-4
276	102052-54-0
276	102110-16-7
276	102110-18-9
276	102110-19-0
276	102110-22-5
276	102110-27-0
276	102110-34-9
276	102110-35-0
276	102110-37-2
276	1028607-87-5
276	10294-41-4
276	10294-42-5
276	1033016-71-5
276	1033016-72-6
276	10378-47-9
276	10450-59-6
276	107067-58-3
276	107792-63-2
276	108822-62-4
276	108822-63-5
276	108822-64-6
276	110123-49-4
276	110583-30-7
276	110583-31-8
276	110583-32-9
276	110583-33-0
276	110621-59-5
276	110621-60-8
276	110621-61-9
276	110621-62-0
276	110621-63-1
276	11098-86-5
276	11129-18-3
276	11131-79-6
276	111446-56-1
276	111707-09-6
276	111707-10-9
276	112957-56-9
276	113958-28-4
276	114153-93-4
276	1142954-45-7
276	116714-03-5
276	116714-04-6
276	116714-05-7
276	1181313-96-1
276	119538-05-5
276	119538-06-6
276	12005-46-8
276	12008-02-5
276	12012-32-7
276	12014-44-7
276	12014-50-5
276	12014-56-1
276	12014-68-5
276	12014-74-3
276	12014-76-5
276	12014-82-3
276	12014-84-5
276	12014-85-6
276	12014-93-6
276	12014-94-7
276	120144-44-7
276	12027-77-9
276	12042-08-9
276	12050-61-2
276	12050-88-3
276	12127-91-2
276	1213269-37-4
276	12133-57-2
276	12157-80-1
276	12182-58-0
276	12185-87-4
276	1220980-94-8
276	12214-13-0
276	122325-64-8
276	12262-91-8
276	12301-77-8
276	123333-60-8
276	1233669-12-9
276	1233669-14-1
276	12432-30-3
276	12432-40-5
276	12442-45-4
276	124504-20-7
276	1246166-54-0
276	12506-59-1
276	12506-60-4
276	12515-29-6
276	12515-32-1
276	125466-17-3
276	1255709-68-2
276	12671-25-9
276	1271735-16-0
276	1271977-40-2
276	1273028-35-5
276	1273327-19-7
276	127386-24-7
276	127814-82-8
276	127814-83-9
276	127886-14-0
276	1293386-35-2
276	1298-53-9
276	1306-38-3
276	13083-04-0
276	13093-17-9
276	1310572-46-3
276	1310572-48-5
276	1315590-45-4
276	13266-83-6
276	133558-98-2
276	133648-99-4
276	1345-13-7
276	13454-70-1
276	13454-71-2
276	13454-72-3
276	13454-74-5
276	13454-94-9
276	13536-88-4
276	13550-19-1
276	13550-47-5
276	13569-50-1
276	13590-82-4
276	13597-19-8
276	1361115-43-6
276	137002-14-3
276	13765-96-3
276	137851-77-5
276	1381874-90-3
276	1381874-91-4
276	13840-04-5
276	13864-02-3
276	139-42-4
276	13967-74-3
276	13968-49-5
276	13982-30-4
276	14007-60-4
276	14017-47-1
276	14119-19-8
276	1418209-79-6
276	14338-93-3
276	14457-87-5
276	144593-17-9
276	14535-98-9
276	14536-00-6
276	14623-75-7
276	14623-78-0
276	14638-69-8
276	14689-20-4
276	14762-78-8
276	14932-77-5
276	14986-52-8
276	15053-73-3
276	15055-11-5
276	15072-60-3
276	15078-94-1
276	15276-91-2
276	15318-60-2
276	15653-01-7
276	157321-24-9
276	15750-47-7
276	15757-94-5
276	15785-09-8
276	163584-80-3
276	163912-29-6
276	1645286-14-1
276	16648-30-9
276	16774-21-3
276	16922-01-3
276	16950-30-4
276	16971-11-2
276	17106-39-7
276	17126-44-2
276	1715945-36-0
276	17309-53-4
276	17829-82-2
276	17968-09-1
276	1800209-57-7
276	18618-55-8
276	18923-36-9
276	18960-54-8
276	1909261-36-4
276	19423-76-8
276	19495-61-5
276	19495-85-3
276	1962164-22-2
276	196959-41-8
276	202325-43-7
276	20620-87-5
276	206996-60-3
276	206996-61-4
276	20763-05-7
276	209598-16-3
276	210817-31-5
276	21367-17-9
276	21995-38-0
276	22487-78-1
276	2257424-51-2
276	22655-57-8
276	229173-70-0
276	2305691-65-8
276	23057-01-4
276	24216-72-6
276	243133-70-2
276	243133-71-3
276	24593-34-8
276	24670-27-7
276	25275-75-6
276	25418-94-4
276	25764-08-3
276	259750-85-1
276	28550-97-2
276	303190-73-0
276	3368-33-0
276	341026-21-9
276	346608-13-7
276	35374-62-0
276	35648-75-0
276	361445-77-4
276	37267-17-7
276	37317-01-4
276	37382-23-3
276	378253-47-5
276	385781-69-1
276	39406-95-6
276	41836-21-9
276	44119-70-2
276	50916-77-3
276	512-24-3
276	52014-82-1
276	52365-31-8
276	52504-58-2
276	52600-40-5
276	52615-90-4
276	52907-84-3
276	53169-23-6
276	53169-24-7
276	537-00-8
276	537-01-9
276	537-04-2
276	53986-44-0
276	54451-25-1
276	55070-88-7
276	56496-25-4
276	56797-01-4
276	5853-16-7
276	58591-18-7
276	58591-25-6
276	58591-84-7
276	60627-09-0
276	60937-39-5
276	62379-61-7
276	62463-23-4
276	627876-95-3
276	63670-07-5
276	647806-94-8
276	647830-38-4
276	65579-06-8
276	664346-90-1
276	67190-18-5
276	67394-32-5
276	67542-72-7
276	67621-72-1
276	67621-74-3
276	68083-86-3
276	68084-49-1
276	68514-63-6
276	68584-29-2
276	68609-37-0
276	68877-04-3
276	68877-13-4
276	68877-22-5
276	68909-12-6
276	68928-81-4
276	68998-30-1
276	68998-31-2
276	69523-06-4
276	70248-89-4
276	7047-99-6
276	71011-06-8
276	72429-00-6
276	72520-94-6
276	73891-91-5
276	74060-41-6
276	74114-06-0
276	7435-02-1
276	7440-45-1
276	7459-41-8
276	7492-58-2
276	7492-61-7
276	75529-21-4
276	76089-77-5
276	7631-47-2
276	7637-03-8
276	7758-88-5
276	7790-86-5
276	7790-87-6
276	8030-72-6
276	8030-94-2
276	830355-25-4
276	84238-45-9
276	847267-81-6
276	84989-08-2
276	85118-08-7
276	85118-09-8
276	85118-10-1
276	851345-41-0
276	85136-47-6
276	85440-92-2
276	85440-93-3
276	85443-72-7
276	85443-73-8
276	85443-74-9
276	85443-75-0
276	85506-31-6
276	85506-32-7
276	85506-33-8
276	85506-34-9
276	85506-35-0
276	85506-36-1
276	85508-47-0
276	85508-48-1
276	85536-61-4
276	85536-62-5
276	85536-63-6
276	85536-64-7
276	85536-65-8
276	85585-84-8
276	85585-85-9
276	85631-03-4
276	85631-04-5
276	85631-05-6
276	85874-44-8
276	862609-08-3
276	874527-03-4
276	88449-81-4
276	88574-95-2
276	88574-96-3
276	90269-05-9
276	90269-06-0
276	90269-07-1
276	90269-08-2
276	90269-09-3
276	90342-21-5
276	90342-22-6
276	91031-15-1
276	91078-70-5
276	91081-19-5
276	91399-51-8
276	91672-55-8
276	917001-55-9
276	92128-21-7
276	92200-83-4
276	92200-84-5
276	927818-78-8
276	93572-83-9
276	93572-84-0
276	93572-85-1
276	93762-50-6
276	93776-75-1
276	93894-34-9
276	93894-35-0
276	93894-36-1
276	93894-37-2
276	93894-38-3
276	93894-39-4
276	93894-40-7
276	93894-41-8
276	93918-69-5
276	93920-11-7
276	93920-12-8
276	93920-13-9
276	93920-14-0
276	93939-87-8
276	93981-35-2
276	93981-38-5
276	93981-39-6
276	93981-40-9
276	93983-66-5
276	94086-45-0
276	94086-46-1
276	94232-53-8
276	94232-54-9
276	94232-55-0
276	94232-56-1
276	94232-57-2
276	94232-58-3
276	94232-59-4
276	94232-60-7
276	94232-85-6
276	94246-94-3
276	94246-95-4
276	94276-42-3
276	94278-28-1
276	94624-10-9
276	949084-45-1
276	956013-06-2
276	95823-34-0
276	95838-16-7
276	96915-47-8
276	RR-125871-5
276	RR-51941-5
276	UN1323
276	UN1333
276	UN3078
277	10025-68-0
277	10026-03-6
277	10026-21-8
277	10026-23-0
277	10031-45-5
277	10039-31-3
277	100403-63-2
277	10060-09-0
277	10101-96-9
277	10101-99-2
277	10102-12-2
277	10102-18-8
277	10102-23-5
277	10112-94-4
277	101357-00-0
277	101357-01-1
277	101357-02-2
277	101357-03-3
277	101357-04-4
277	10161-84-9
277	101672-11-1
277	102110-61-2
277	10214-40-1
277	10236-58-5
277	10294-32-3
277	10326-29-1
277	1034144-42-7
277	10431-47-7
277	10486-58-5
277	1049-38-3
277	10504-99-1
277	105257-50-9
277	106097-46-5
277	106804-81-3
277	107068-76-8
277	108424-99-3
277	108425-00-9
277	108919-61-5
277	108919-62-6
277	108919-63-7
277	108919-64-8
277	1092379-04-8
277	109339-79-9
277	109339-80-2
277	110620-89-8
277	110720-61-1
277	110781-18-5
277	110781-19-6
277	110987-60-5
277	11112-63-3
277	11115-99-4
277	11125-23-8
277	11133-88-3
277	111369-71-2
277	111369-72-3
277	11140-60-6
277	11140-61-7
277	111568-26-4
277	112073-63-9
277	112099-83-9
277	112131-82-5
277	112131-87-0
277	112285-95-7
277	1123-91-7
277	112965-42-1
277	1132-39-4
277	113228-99-2
277	113229-01-9
277	113329-64-9
277	113553-55-2
277	115233-24-4
277	115493-57-7
277	116065-96-4
277	116099-09-3
277	116473-38-2
277	116812-56-7
277	117449-21-5
277	117449-22-6
277	118340-36-6
277	118478-84-5
277	1187-56-0
277	1189246-68-1
277	1195144-19-4
277	12002-67-4
277	12002-86-7
277	12006-05-2
277	12006-06-3
277	12014-94-7
277	120148-08-5
277	120149-75-9
277	120149-76-0
277	12018-83-6
277	12018-95-0
277	12020-04-1
277	12020-38-1
277	12020-66-5
277	12022-94-5
277	12024-11-2
277	12024-24-7
277	12024-90-7
277	12029-87-7
277	12031-51-5
277	12033-59-9
277	12034-77-4
277	12035-33-5
277	12036-87-2
277	12038-08-3
277	12038-64-1
277	12039-21-3
277	12039-51-9
277	12039-52-0
277	12039-53-1
277	12039-54-2
277	12039-55-3
277	12044-31-4
277	12044-57-4
277	12053-13-3
277	12054-10-3
277	12056-07-4
277	12058-18-3
277	12063-28-4
277	12063-40-0
277	12065-10-0
277	12065-11-1
277	12067-45-7
277	12067-46-8
277	12068-69-8
277	12068-80-3
277	12069-00-0
277	12136-60-6
277	12137-13-2
277	12137-76-7
277	12138-21-5
277	1214720-55-4
277	12162-21-9
277	12162-60-6
277	12163-21-2
277	12164-90-8
277	12166-43-7
277	12166-47-1
277	12179-01-0
277	121949-12-0
277	12201-85-3
277	1220118-41-1
277	12213-70-6
277	12214-12-9
277	122163-00-2
277	1221821-47-1
277	12232-25-6
277	122572-70-7
277	122572-71-8
277	12268-66-5
277	12299-33-1
277	12299-34-2
277	12299-35-3
277	12299-38-6
277	12299-42-2
277	12299-43-3
277	12299-46-6
277	12299-48-8
277	12299-49-9
277	12299-51-3
277	12299-98-8
277	123517-16-8
277	123517-41-9
277	12397-00-1
277	12397-16-9
277	12400-33-8
277	124205-86-3
277	12534-09-7
277	1253906-76-1
277	125694-36-2
277	1258273-87-8
277	12626-31-2
277	12626-36-7
277	12640-29-8
277	12640-30-1
277	12640-89-0
277	12641-96-2
277	126424-27-9
277	126424-28-0
277	126424-29-1
277	126424-30-4
277	126424-31-5
277	126424-32-6
277	126424-33-7
277	12656-50-7
277	12656-57-4
277	126999-21-1
277	127242-58-4
277	127276-99-7
277	127277-00-3
277	127277-01-4
277	127277-02-5
277	127277-03-6
277	12733-65-2
277	127764-45-8
277	128714-96-5
277	128715-78-6
277	129618-34-4
277	130110-53-1
277	130110-54-2
277	130176-30-6
277	130176-31-7
277	130176-32-8
277	130176-33-9
277	1302-09-6
277	1302-82-5
277	1303-36-2
277	1303-37-3
277	1303-62-4
277	1304-39-8
277	1305-84-6
277	1306-24-7
277	1307-99-9
277	1308-79-8
277	130930-70-0
277	130930-71-1
277	130930-72-2
277	130930-73-3
277	130930-74-4
277	130930-75-5
277	130930-76-6
277	130930-77-7
277	130989-19-4
277	1310-32-3
277	131063-24-6
277	131098-48-1
277	1312-74-9
277	1313-04-8
277	1313-22-0
277	1313-85-5
277	1314-05-2
277	1314-86-9
277	1315-05-5
277	1315-06-6
277	1315-07-7
277	1315-08-8
277	1315-09-9
277	131599-73-0
277	131599-74-1
277	131599-76-3
277	1317-41-5
277	132851-72-0
277	133333-94-5
277	133333-95-6
277	133333-96-7
277	133334-06-2
277	133334-07-3
277	133630-12-3
277	133631-64-8
277	133927-17-0
277	13410-01-0
277	13446-28-1
277	1345-10-4
277	13465-62-8
277	13465-66-2
277	134775-50-1
277	1357629-22-1
277	135954-00-6
277	13597-46-1
277	13597-54-1
277	136-92-5
277	136543-49-2
277	136543-50-5
277	136543-51-6
277	136849-35-9
277	1369526-72-6
277	13718-59-7
277	13768-86-0
277	13780-18-2
277	13814-59-0
277	13814-62-5
277	14013-56-0
277	14019-91-1
277	14124-68-6
277	141676-86-0
277	14265-71-5
277	14265-71-5
277	1436428-29-3
277	144-34-3
277	144507-49-3
277	14459-36-0
277	1449-68-9
277	144972-86-1
277	14590-19-3
277	14590-38-6
277	1462878-70-1
277	1464-42-2
277	1464-43-3
277	14687-60-6
277	14687-60-6
277	146922-05-6
277	14696-77-6
277	1482-82-2
277	14832-90-7
277	14902-95-5
277	14984-81-7
277	14986-53-9
277	14986-91-5
277	15025-89-5
277	1504562-52-0
277	15060-62-5
277	15123-69-0
277	15123-92-9
277	15123-97-4
277	15168-20-4
277	1520097-13-5
277	15267-04-6
277	15422-57-8
277	15422-57-8
277	15422-58-9
277	15422-58-9
277	15457-71-3
277	15457-72-4
277	15498-87-0
277	15572-25-5
277	15586-47-7
277	15593-51-8
277	15593-52-9
277	15593-61-0
277	15615-72-2
277	15702-34-8
277	15758-45-9
277	15758-45-9
277	15855-80-8
277	1603-84-5
277	1605283-50-8
277	1623456-05-2
277	1627498-60-5
277	1645316-98-8
277	1666-13-3
277	174817-89-1
277	17508-29-1
277	1755-36-8
277	17587-38-1
277	17587-39-2
277	17587-42-7
277	17697-12-0
277	1773514-66-1
277	1773514-92-3
277	1776097-03-0
277	17852-69-6
277	17893-55-9
277	1799735-35-5
277	18312-66-8
277	1879054-37-1
277	1898210-10-0
277	18987-38-7
277	19188-18-2
277	1926976-90-0
277	19632-73-6
277	19869-93-3
277	19869-93-3
277	20333-40-8
277	20405-64-5
277	20541-49-5
277	20601-83-6
277	20612-73-1
277	2068005-39-8
277	20819-54-9
277	2087110-63-0
277	20960-77-4
277	21198-79-8
277	21559-14-8
277	2179-79-5
277	2196169-62-5
277	2222122-62-3
277	22262-18-6
277	22541-55-5
277	22626-92-2
277	22739-14-6
277	22992-79-6
277	2412416-26-1
277	2414965-66-3
277	2424-09-1
277	24493-83-2
277	24493-84-3
277	24495-43-0
277	24495-59-8
277	24687-31-8
277	24687-35-2
277	247177-47-5
277	2490500-45-1
277	25425-97-2
277	25468-09-1
277	2574-71-2
277	2578-27-0
277	2578-28-1
277	25930-79-4
277	26046-90-2
277	2626-34-8
277	26271-85-2
277	264921-16-6
277	2697-61-2
277	26970-82-1
277	272-30-0
277	27218-12-8
277	2724228-22-0
277	273-15-4
277	2749963-13-9
277	2777-58-4
277	2786-43-8
277	28041-84-1
277	2818-88-4
277	2818-89-5
277	2870-37-3
277	2870-38-4
277	288-05-1
277	2897-21-4
277	29411-74-3
277	2946-15-8
277	2946-17-0
277	2946-20-5
277	29528-97-0
277	29621-88-3
277	29680-54-4
277	2996841-70-2
277	309242-70-4
277	309242-71-5
277	31052-43-4
277	31052-46-7
277	3211-76-5
277	32835-25-9
277	32835-32-8
277	33144-86-4
277	33609-19-7
277	3425-46-5
277	34276-89-6
277	34837-55-3
277	35350-43-7
277	3542-13-0
277	35498-95-4
277	35507-35-8
277	36297-89-9
277	37256-15-8
277	37256-16-9
277	37256-19-2
277	37258-85-8
277	37276-15-6
277	37280-17-4
277	37359-15-2
277	37368-02-8
277	37773-02-7
277	378784-17-9
277	378784-19-1
277	38344-58-0
277	38650-20-3
277	3878-44-2
277	38942-59-5
277	39254-48-3
277	39290-81-8
277	39354-17-1
277	39356-63-3
277	39399-60-5
277	39404-76-7
277	39712-38-4
277	39981-05-0
277	40093-99-0
277	40278-95-3
277	41262-21-9
277	41292-06-2
277	42423-89-2
277	42905-02-2
277	4671-93-6
277	4730-83-0
277	50378-83-1
277	506-80-9
277	50647-14-8
277	50829-23-7
277	50926-12-0
277	50954-17-1
277	5117-16-8
277	5117-17-9
277	51593-99-8
277	51682-05-4
277	51682-74-7
277	51682-77-0
277	51694-22-5
277	51799-69-0
277	51882-60-1
277	52126-83-7
277	52513-84-5
277	52685-95-7
277	5270-30-4
277	53800-83-2
277	53808-74-5
277	53808-76-7
277	54366-11-9
277	544-19-4
277	5456-28-0
277	55259-49-9
277	5533-46-0
277	55425-27-9
277	55509-78-9
277	55811-25-1
277	56051-04-8
277	56051-08-2
277	56093-45-9
277	56253-60-2
277	5707-04-0
277	57478-60-1
277	57673-50-4
277	57897-99-1
277	58127-88-1
277	5819-01-2
277	58339-34-7
277	5893-61-8
277	593-79-3
277	59544-89-7
277	59918-84-2
277	60065-34-1
277	60763-24-8
277	60860-63-1
277	60940-34-3
277	62042-25-5
277	62524-93-0
277	62559-75-5
277	627-53-2
277	628-39-7
277	62930-81-8
277	630-10-4
277	63090-47-1
277	63149-25-7
277	63795-61-9
277	63815-64-5
277	63815-75-8
277	63815-76-9
277	63815-80-5
277	63815-98-5
277	63816-07-9
277	63816-14-8
277	63816-15-9
277	63816-16-0
277	63816-17-1
277	63870-44-0
277	63870-48-4
277	63906-49-0
277	63906-50-3
277	63907-45-9
277	63981-20-4
277	63981-21-5
277	63990-56-7
277	64046-00-0
277	64046-56-6
277	64050-25-5
277	645-96-5
277	6486-05-1
277	65027-50-1
277	6512-83-0
277	65294-08-8
277	6547-08-6
277	6596-50-5
277	66142-22-1
277	66375-26-6
277	66455-76-3
277	66472-85-3
277	66590-78-1
277	66732-34-1
277	67014-91-9
277	67465-26-3
277	67711-96-0
277	67711-97-1
277	67711-98-2
277	67711-99-3
277	67712-00-9
277	67800-88-8
277	6810-64-6
277	68413-87-6
277	68443-89-0
277	68516-47-2
277	68541-88-8
277	68555-40-8
277	68758-81-6
277	69029-55-6
277	69029-88-5
277	6918-51-0
277	695161-38-7
277	6996-92-5
277	70134-26-8
277	70679-43-5
277	70714-63-5
277	70867-60-6
277	70942-37-9
277	7101-31-7
277	71098-88-9
277	71243-75-9
277	72443-10-8
277	72473-22-4
277	72491-44-2
277	72924-94-8
277	7310-87-4
277	73506-32-8
277	73508-21-1
277	7361-89-9
277	7370-58-3
277	74037-18-6
277	7446-08-4
277	7446-15-3
277	7446-17-5
277	7446-21-1
277	7446-24-4
277	7446-34-6
277	74749-97-6
277	7488-51-9
277	7488-56-4
277	75926-20-4
277	75926-21-5
277	75926-22-6
277	75926-26-0
277	75926-27-1
277	75926-28-2
277	75926-29-3
277	75926-30-6
277	75935-37-4
277	76213-48-4
277	76371-73-8
277	7698-91-1
277	7722-06-7
277	7782-49-2
277	7782-70-9
277	7782-82-3
277	7783-00-8
277	7783-07-5
277	7783-08-6
277	7783-19-9
277	7783-21-3
277	7783-43-9
277	7783-79-1
277	7784-05-6
277	7784-07-8
277	7787-41-9
277	7788-94-5
277	7789-51-7
277	7789-52-8
277	7789-65-3
277	7790-59-2
277	7790-71-8
277	7790-74-1
277	7791-23-3
277	83143-69-5
277	83783-61-3
277	84255-09-4
277	845890-99-5
277	85050-02-8
277	85050-03-9
277	85539-83-9
277	856616-83-6
277	860308-46-9
277	860592-69-4
277	873660-49-2
277	87612-48-4
277	877454-24-5
277	879546-05-1
277	88608-76-8
277	89703-05-9
277	90218-42-1
277	90466-79-8
277	909-64-8
277	920-25-2
277	92062-13-0
277	92128-37-5
277	92484-66-7
277	93838-99-4
277	93839-00-0
277	93857-70-6
277	93857-89-7
277	93964-28-4
277	94158-30-2
277	94166-38-8
277	94166-40-2
277	94213-13-5
277	957799-13-2
277	95788-45-7
277	97507-71-6
277	98191-69-6
277	988-93-2
277	99646-59-0
277	99646-60-3
277	99646-61-4
277	99646-62-5
277	99646-63-6
277	99646-64-7
277	99646-65-8
277	99646-69-2
277	99811-54-8
277	P-15-0059
277	RR-00485-3
277	RR-00612-2
277	RR-01919-2
277	RR-04026-6
277	RR-04552-3
277	RR-14741-1
277	RR-14872-1
277	RR-34608-7
277	RR-34653-2
277	RR-35224-9
277	RR-35401-8
277	RR-35957-9
277	RR-36767-9
277	RR-37334-2
277	RR-37537-1
277	RR-38927-5
277	RR-42178-3
277	RR-42851-3
277	RR-43729-6
277	RR-43833-5
277	RR-45490-0
277	RR-46259-9
277	RR-46260-2
277	RR-46261-3
277	RR-56256-1
277	UN1905
277	UN2194
277	UN2202
277	UN2630
277	UN2657
277	UN2879
278	1746-01-6
278	19408-74-3
278	262-12-4
278	29446-15-9
278	30746-58-8
278	3268-87-9
278	33423-92-6
278	33857-28-2
278	34465-46-8
278	34816-53-0
278	35656-51-0
278	35822-46-9
278	36088-22-9
278	37871-00-4
278	38178-38-0
278	39001-02-0
278	39227-28-6
278	39227-53-7
278	39227-54-8
278	39227-58-2
278	39227-61-7
278	39227-62-8
278	40321-76-4
278	40581-90-6
278	40581-91-7
278	40581-93-9
278	40581-94-0
278	50585-39-2
278	50585-46-1
278	51207-31-9
278	53555-02-5
278	54536-17-3
278	54536-18-4
278	54536-19-5
278	55673-89-7
278	56795-67-6
278	57117-31-4
278	57117-41-6
278	57117-44-9
278	57653-85-7
278	58200-66-1
278	58200-67-2
278	58200-68-3
278	58200-69-4
278	58200-70-7
278	58802-08-7
278	58802-09-8
278	58802-51-0
278	60851-34-5
278	62470-53-5
278	62470-54-6
278	64461-98-9
278	64501-00-4
278	67028-17-5
278	67028-18-6
278	67028-19-7
278	67323-56-2
278	67562-39-4
278	69760-96-9
278	70648-26-9
278	71665-99-1
278	71669-23-3
278	71669-24-4
278	71669-25-5
278	71669-26-6
278	71669-27-7
278	71669-28-8
278	71669-29-9
278	71925-15-0
278	71925-16-1
278	71925-17-2
278	71925-18-3
278	71998-76-0
278	72918-21-9
278	82291-26-7
278	82291-27-8
278	82291-28-9
278	82291-29-0
278	82291-30-3
278	82291-31-4
278	82291-32-5
278	82291-33-6
278	82291-34-7
278	82291-35-8
278	82291-36-9
278	82291-37-0
278	82291-38-1
278	82306-61-4
278	82306-62-5
278	82306-63-6
278	82306-64-7
278	82306-65-8
278	RR-03654-4
279	1003-05-0
279	10031-59-1
279	100737-33-5
279	10102-45-1
279	10158-43-7
279	106070-32-0
279	106210-01-9
279	106210-02-0
279	11086-18-3
279	11089-41-1
279	113835-49-7
279	115866-07-4
279	12006-09-6
279	12026-06-1
279	12033-67-9
279	12039-17-7
279	12039-52-0
279	12040-12-9
279	12040-13-0
279	12040-16-3
279	12048-36-1
279	12071-76-0
279	123038-26-6
279	12330-85-7
279	123565-63-9
279	12396-77-9
279	12507-30-1
279	12507-33-4
279	12556-14-8
279	12651-21-7
279	1271-00-7
279	1310-83-4
279	1314-12-1
279	1314-32-5
279	1314-97-2
279	1315-08-8
279	131974-78-2
279	134030-71-0
279	13453-30-0
279	13453-32-2
279	13453-33-3
279	13453-34-4
279	13453-35-5
279	13453-37-7
279	13453-38-8
279	13453-40-2
279	13453-41-3
279	13453-45-7
279	13453-46-8
279	13473-75-1
279	13477-85-5
279	136048-66-3
279	13701-90-1
279	13746-98-0
279	138072-88-5
279	13825-85-9
279	13826-63-6
279	13847-66-0
279	13901-25-2
279	13968-51-9
279	14012-92-1
279	14013-75-3
279	14107-52-9
279	14219-90-0
279	14324-88-0
279	14550-84-6
279	14767-09-0
279	14896-54-9
279	15060-42-1
279	15064-65-0
279	15064-66-1
279	15123-92-9
279	15350-61-5
279	15377-79-4
279	15444-43-6
279	15572-25-5
279	15596-83-5
279	15634-23-8
279	15634-29-4
279	15671-21-3
279	15720-55-5
279	15720-57-7
279	15743-50-7
279	15843-14-8
279	16142-89-5
279	16222-66-5
279	16901-76-1
279	17026-06-1
279	18235-46-6
279	18277-70-8
279	18756-72-4
279	193561-54-5
279	19859-84-8
279	20398-06-5
279	20712-47-4
279	207738-09-8
279	20908-85-4
279	20991-79-1
279	21707-27-7
279	22392-07-0
279	22537-56-0
279	23100-81-4
279	23331-03-5
279	23586-53-0
279	23586-55-2
279	24093-49-0
279	25369-72-6
279	25491-50-3
279	2570-63-0
279	25822-21-3
279	25955-51-5
279	26257-16-9
279	26683-69-2
279	2757-18-8
279	27576-88-1
279	27685-40-1
279	28038-27-9
279	28038-29-1
279	28038-30-4
279	28625-02-7
279	29095-38-3
279	2923-19-5
279	29809-42-5
279	3003-15-4
279	30737-24-7
279	31293-42-2
279	32707-02-1
279	32777-32-5
279	34156-26-8
279	34521-47-6
279	34822-90-7
279	348626-82-4
279	3535-84-0
279	3671-95-2
279	37333-30-5
279	37475-01-7
279	37667-57-5
279	37667-58-6
279	378784-59-9
279	378784-61-3
279	39262-04-9
279	40898-91-7
279	41487-19-8
279	41851-51-8
279	50375-48-9
279	51833-34-2
279	51912-10-8
279	52238-56-9
279	53847-48-6
279	54412-40-7
279	56078-19-4
279	563-68-8
279	57017-94-4
279	57232-83-4
279	58806-19-2
279	60163-72-6
279	60488-29-1
279	60969-19-9
279	61971-47-9
279	62140-21-0
279	623903-27-5
279	62463-08-5
279	62811-75-0
279	63338-74-9
279	63905-90-8
279	63906-56-9
279	63980-13-2
279	6533-73-9
279	67292-57-3
279	67523-25-5
279	67657-12-9
279	69029-78-3
279	69029-81-8
279	69029-90-9
279	69029-95-4
279	69029-96-5
279	71383-94-3
279	71929-23-2
279	73491-36-8
279	7440-28-0
279	7446-18-6
279	7446-22-2
279	74637-34-6
279	76971-94-3
279	7783-57-5
279	7789-27-7
279	7789-40-4
279	7790-30-9
279	7791-12-0
279	77932-98-0
279	80057-39-2
279	82391-14-8
279	82870-81-3
279	84057-85-2
279	85117-20-0
279	87993-82-6
279	91053-46-2
279	91053-47-3
279	92257-11-9
279	94022-47-6
279	94551-96-9
279	992-98-3
279	RR-00048-6
279	RR-00575-4
279	RR-13660-7
279	UN1707
279	UN2573
279	UN2727
28	107-18-6
28	UN1098
280	107251-05-8
280	107251-06-9
280	107251-07-0
280	107251-08-1
280	107251-10-5
280	107251-11-6
280	107251-12-7
280	107251-13-8
280	107251-14-9
280	107284-03-7
280	107284-04-8
280	107284-05-9
280	107566-50-7
280	107992-37-0
280	108398-81-8
280	108821-37-0
280	108821-38-1
280	109166-26-9
280	109166-27-0
280	109166-28-1
280	109166-29-2
280	109166-30-5
280	109166-31-6
280	109166-32-7
280	109166-33-8
280	109166-34-9
280	109166-35-0
280	109166-36-1
280	109166-37-2
280	109302-18-3
280	109302-19-4
280	109302-20-7
280	109302-21-8
280	110686-87-8
280	110686-88-9
280	110686-89-0
280	110686-95-8
280	110687-05-3
280	110687-19-9
280	110687-20-2
280	110687-21-3
280	110687-22-4
280	110710-27-5
280	110759-26-7
280	111242-43-4
280	111568-95-7
280	111568-96-8
280	111568-97-9
280	112004-24-7
280	112004-25-8
280	112416-88-3
280	112416-89-4
280	112416-90-7
280	112874-14-3
280	112973-88-3
280	113920-00-6
280	113920-01-7
280	114734-28-0
280	114734-29-1
280	115135-48-3
280	115135-49-4
280	115135-50-7
280	115300-71-5
280	115477-79-7
280	115968-23-5
280	116011-11-1
280	116011-12-2
280	116011-13-3
280	116011-23-5
280	116011-24-6
280	116550-87-9
280	116550-88-0
280	116550-89-1
280	116552-58-0
280	116640-81-4
280	116640-82-5
280	116640-83-6
280	117127-09-0
280	117127-49-8
280	117151-20-9
280	117218-41-4
280	117596-02-8
280	117944-88-4
280	118479-56-4
280	118479-93-9
280	118479-94-0
280	118558-04-6
280	118558-05-7
280	118558-06-8
280	118558-07-9
280	118819-44-6
280	118819-47-9
280	118819-62-8
280	118819-63-9
280	118819-71-9
280	118820-51-2
280	118956-10-8
280	1192824-22-8
280	119575-29-0
280	119666-80-7
280	12070-04-1
280	12071-27-1
280	121009-74-3
280	12144-09-1
280	122016-02-8
280	122362-52-1
280	122362-53-2
280	122362-73-6
280	122526-74-3
280	122526-75-4
280	122573-32-4
280	122680-66-4
280	123010-90-2
280	12326-86-2
280	12327-32-1
280	123610-76-4
280	123968-91-2
280	123968-92-3
280	123968-93-4
280	123968-94-5
280	123968-95-6
280	123968-96-7
280	124204-70-2
280	124204-71-3
280	124229-61-4
280	124275-52-1
280	12504-67-5
280	125980-08-7
280	126283-77-0
280	126302-72-5
280	126414-48-0
280	126603-77-8
280	126731-91-7
280	126731-92-8
280	127576-01-6
280	128585-79-5
280	129131-80-2
280	129344-37-2
280	130392-83-5
280	130393-14-5
280	130680-01-2
280	130988-53-3
280	130988-88-4
280	130988-89-5
280	131047-39-7
280	131047-40-0
280	131047-41-1
280	132002-60-9
280	132238-97-2
280	132266-12-7
280	132266-13-8
280	132266-48-9
280	135141-21-8
280	1356922-63-8
280	137083-44-4
280	1402835-26-0
280	1454308-15-6
280	145583-77-3
280	146915-55-1
280	148031-02-1
280	152024-73-2
280	154643-50-2
280	156131-38-3
280	160073-05-2
280	167972-08-9
280	215780-01-1
280	259092-53-0
280	288149-69-9
280	308076-74-6
280	37231-85-9
280	409-21-2
280	52973-43-0
280	52973-46-3
280	54500-13-9
280	63686-94-2
280	66039-27-8
280	76647-55-7
280	78544-49-7
280	84149-55-3
280	84561-31-9
280	84561-32-0
280	84561-34-2
280	86755-24-0
280	92843-12-4
280	95918-00-6
281	12767-19-0
281	1312765-65-3
281	216964-61-3
281	25890-20-4
281	554-13-2
282	1135442-80-6
282	533-74-4
282	55146-10-6
283	1111-67-7
283	18492-21-2
283	26656-82-6
284	1032826-45-1
284	62-56-6
285	12692-90-9
285	2636-26-2
285	54578-39-1
286	27936-40-9
286	30583-38-1
286	333-41-5
286	65863-03-8
287	12768-48-8
287	2921-88-2
287	39475-55-3
288	18854-01-8
289	122-14-5
289	12764-87-3
289	54182-70-6
289	94650-98-3
29	106-92-3
29	112186-06-8
29	90907-93-0
29	95043-55-3
29	95043-56-4
29	UN2219
290	55-38-9
291	26087-47-8
292	364062-67-9
292	47814-83-5
292	47816-81-9
292	57-92-1
292	82958-69-8
293	131929-60-7
293	131929-63-0
293	168316-95-8
294	112-31-2
295	109945-70-2
295	1163-19-5
295	1201677-32-8
295	145538-74-5
296	100-97-0
296	11103-67-6
296	1556839-80-5
296	15978-33-3
296	56549-34-9
296	74734-16-0
296	91773-48-7
296	UN1328
297	11078-22-1
297	155-01-1
297	97-77-8
298	101963-73-9
298	1897-45-6
298	216082-57-4
298	342632-51-3
298	37223-69-1
298	462093-27-2
299	27355-22-2
3	1198293-68-3
3	122775-19-3
3	79-06-1
3	UN2074
30	27605-76-1
300	33685-54-0
300	79-34-5
300	UN1702
301	127-18-4
301	UN1897
302	109-99-9
302	1693-74-9
302	77392-70-2
302	UN2056
303	1014107-91-5
303	101466-43-7
303	1027622-42-9
303	106043-39-4
303	107845-04-5
303	110617-56-6
303	11070-44-3
303	111366-44-0
303	118772-35-3
303	126968-21-6
303	1291057-60-7
303	135184-96-2
303	1383442-73-6
303	162355-24-0
303	162774-69-8
303	1694-82-2
303	19438-59-6
303	19438-59-6
303	19438-63-2
303	19438-64-3
303	243130-22-5
303	26590-20-5
303	34090-76-1
303	3425-89-6
303	35438-81-4
303	35438-82-5
303	35438-84-7
303	38497-16-4
303	39363-65-0
303	39475-52-0
303	42498-58-8
303	5333-84-6
303	55449-34-8
303	74318-12-0
303	78214-29-6
303	79217-82-6
303	79313-15-8
303	83712-43-0
303	851379-03-8
303	923924-50-9
304	116-14-3
304	9014-83-9
304	UN1081
305	22898-01-7
305	58561-90-3
306	79538-32-2
307	10424-65-4
307	104422-11-9
307	105468-35-7
307	117277-88-0
307	123626-97-1
307	1239135-84-2
307	129653-91-4
307	129654-61-1
307	143549-79-5
307	154636-59-6
307	195460-17-4
307	75-59-2
307	78017-87-5
307	93615-68-0
307	950683-29-1
307	UN1835
308	59669-26-0
308	65154-62-3
309	1135443-08-1
309	12680-07-8
309	12680-62-5
309	137-26-8
309	200889-05-0
309	39456-80-9
309	56645-31-9
309	66173-72-6
309	92481-09-9
309	93196-73-7
31	93-15-2
310	126239-49-4
310	32388-55-9
311	10026-07-0
311	10028-16-7
311	10028-16-7
311	10028-16-7
311	10031-27-3
311	10049-23-7
311	100656-53-9
311	10101-83-4
311	10102-20-2
311	104276-82-6
311	1043412-76-5
311	1043877-50-4
311	105425-53-4
311	106218-86-4
311	106566-58-9
311	106770-07-4
311	107129-43-1
311	107129-45-3
311	109973-85-5
311	11073-85-1
311	11099-09-5
311	11113-51-2
311	11120-48-2
311	111821-78-4
311	112667-95-5
311	116117-03-4
311	116836-04-5
311	118574-16-6
311	118963-17-0
311	119617-22-0
311	12002-99-2
311	12006-61-0
311	12009-36-8
311	12010-57-0
311	12010-73-0
311	12013-57-9
311	12014-97-0
311	12017-13-9
311	12019-23-7
311	12019-52-2
311	1202-36-4
311	12020-39-2
311	12020-69-8
311	12023-03-9
311	12024-14-5
311	12024-27-0
311	12025-39-7
311	12031-53-7
311	12032-44-9
311	12032-88-1
311	12032-89-2
311	12034-41-2
311	12034-83-2
311	12035-35-7
311	12038-12-9
311	12039-37-1
311	12040-02-7
311	12040-08-3
311	12040-11-8
311	12040-12-9
311	12040-13-0
311	12040-16-3
311	12041-42-8
311	12043-29-7
311	12044-54-1
311	12053-39-3
311	12058-20-7
311	12067-00-4
311	12067-31-1
311	12067-66-2
311	12067-75-3
311	12067-76-4
311	12068-90-5
311	12125-58-5
311	12125-63-2
311	12136-59-3
311	12138-37-3
311	12142-40-4
311	12142-88-0
311	12159-43-2
311	12160-99-5
311	12163-22-3
311	12164-01-1
311	12166-44-8
311	12166-69-7
311	12166-71-1
311	12186-84-4
311	12187-02-9
311	12191-06-9
311	12210-70-7
311	12232-27-8
311	1224515-43-8
311	12249-68-2
311	12256-65-4
311	12260-55-8
311	123333-66-4
311	12367-49-6
311	124058-74-8
311	12521-74-3
311	1256909-95-1
311	1257633-00-3
311	12597-49-8
311	12599-35-8
311	12653-91-7
311	126638-48-0
311	12689-99-5
311	1269232-64-5
311	12795-09-4
311	128196-69-0
311	128196-70-3
311	1293990-86-9
311	129618-34-4
311	130358-77-9
311	130358-78-0
311	130358-79-1
311	1304-82-1
311	1306-25-8
311	131163-33-2
311	1312-45-4
311	1314-91-6
311	1315-11-3
311	132111-03-6
311	1327-50-0
311	13344-46-2
311	134325-12-5
311	134349-81-8
311	13451-14-4
311	13451-17-7
311	13451-18-8
311	13453-06-0
311	13466-24-5
311	134741-28-9
311	134775-57-8
311	13494-80-9
311	13520-55-3
311	137322-20-4
311	13812-57-2
311	13812-58-3
311	13845-35-7
311	13981-49-2
311	1417714-34-1
311	14234-28-7
311	14269-71-7
311	14304-79-1
311	14304-80-4
311	1440529-21-4
311	1447821-19-3
311	1448522-72-2
311	14683-12-6
311	1472644-99-7
311	14899-38-8
311	149081-89-0
311	14929-69-2
311	15080-52-1
311	15125-45-8
311	1520097-11-3
311	15571-91-2
311	15701-09-4
311	15759-52-1
311	15851-40-8
311	15851-44-2
311	15851-47-5
311	15851-49-7
311	15851-53-3
311	15852-05-8
311	15852-08-1
311	15852-09-2
311	15852-10-5
311	15852-14-9
311	15885-40-2
311	15885-42-4
311	15885-43-5
311	15899-92-0
311	162410-92-6
311	16893-14-4
311	16925-35-2
311	17112-43-5
311	1884414-00-9
311	1899002-67-5
311	190899-29-7
311	2017-01-8
311	20334-43-4
311	20456-48-8
311	20730-46-5
311	20941-65-5
311	2097729-73-0
311	2098487-24-0
311	210902-84-4
311	213405-66-4
311	21883-56-7
311	22261-92-3
311	22262-19-7
311	22451-06-5
311	226922-80-1
311	23100-72-3
311	2409067-85-0
311	24727-23-9
311	25005-56-5
311	25268-69-3
311	25284-83-7
311	257292-73-2
311	26006-71-3
311	26722-44-1
311	2712640-33-8
311	2888539-04-4
311	28914-29-6
311	2984549-53-1
311	29853-65-4
311	29870-72-2
311	30145-38-1
311	303114-50-3
311	32294-60-3
311	32321-65-6
311	34729-54-9
311	35515-91-4
311	35745-75-6
311	37043-71-3
311	37293-14-4
311	37318-74-4
311	378784-46-4
311	378784-49-7
311	378784-50-0
311	378784-51-1
311	378784-52-2
311	378784-53-3
311	378784-54-4
311	39082-23-0
311	39327-87-2
311	39427-02-6
311	39473-96-6
311	39933-52-3
311	42081-47-0
311	4294-65-9
311	4533-03-3
311	4551-16-0
311	51112-72-2
311	51682-06-5
311	52623-77-5
311	58500-12-2
311	59114-56-6
311	593-80-6
311	61377-32-0
311	627-54-3
311	63044-22-4
311	63044-25-7
311	63044-26-8
311	63044-42-8
311	63091-70-3
311	64093-53-4
311	64272-70-4
311	65709-65-1
311	65762-28-9
311	66712-78-5
311	67711-95-9
311	67711-96-0
311	67711-97-1
311	67711-98-2
311	67711-99-3
311	67712-00-9
311	69029-71-6
311	69029-73-8
311	69029-86-3
311	69431-11-4
311	70495-35-1
311	70627-65-5
311	712354-41-1
311	7446-07-3
311	75492-45-4
311	761447-58-9
311	76845-82-4
311	77446-39-0
311	7783-09-7
311	7783-80-4
311	7789-54-0
311	7790-48-9
311	7790-58-1
311	7803-68-1
311	83817-35-0
311	84135-96-6
311	84438-44-8
311	84438-47-1
311	84438-48-2
311	84438-49-3
311	86045-52-5
311	86381-95-5
311	87817-35-4
311	905982-64-1
311	92062-13-0
311	92128-37-5
311	93658-88-9
311	94022-10-3
311	957799-15-4
311	RR-00614-4
311	RR-14249-4
311	UN2195
311	UN3284
312	100-21-0
312	211863-90-0
312	211863-92-2
313	120-61-6
313	202644-54-0
313	63143-14-6
314	10031-43-3
314	10031-45-5
314	10125-13-0
314	10257-54-2
314	10294-46-9
314	1135443-52-5
314	12054-29-4
314	12062-24-7
314	12158-75-7
314	1219596-32-3
314	124594-13-4
314	1308790-39-7
314	1332-65-6
314	13454-88-1
314	13587-25-2
314	13587-26-3
314	13587-29-6
314	13675-47-3
314	13770-18-8
314	13773-00-7
314	13933-17-0
314	139939-69-8
314	14017-38-0
314	142-71-2
314	14708-11-3
314	14735-84-3
314	15123-69-0
314	154288-91-2
314	17856-17-6
314	188920-96-9
314	188920-97-0
314	19864-62-1
314	20908-85-4
314	22992-79-6
314	235772-41-5
314	25869-11-8
314	2676888-58-5
314	28038-29-1
314	302-07-8
314	3251-23-8
314	37223-52-2
314	38465-60-0
314	4180-12-5
314	423724-63-4
314	54366-11-9
314	544-19-4
314	56832-15-6
314	573983-15-0
314	5893-61-8
314	598-54-9
314	60065-34-1
314	6046-93-1
314	66923-66-8
314	7447-39-4
314	7758-98-7
314	7758-99-8
314	7789-19-7
314	7789-45-9
314	85080-51-9
314	877454-24-5
314	RR-19354-4
315	100295-82-7
315	100295-83-8
315	100431-82-1
315	100431-82-1
315	100431-87-6
315	100431-87-6
315	100483-74-7
315	100508-45-0
315	100508-45-0
315	100757-71-9
315	100757-71-9
315	100757-71-9
315	100757-71-9
315	100757-71-9
315	100757-71-9
315	100757-71-9
315	100757-71-9
315	100757-71-9
315	100833-63-4
315	100833-63-4
315	100833-63-4
315	100833-63-4
315	100833-63-4
315	100833-63-4
315	100833-63-4
315	100833-63-4
315	100833-63-4
315	101181-74-2
315	101181-74-2
315	10143-20-1
315	10143-20-1
315	10143-23-4
315	10202-77-4
315	10202-77-4
315	10203-28-8
315	10203-28-8
315	10203-28-8
315	10203-28-8
315	10203-28-8
315	10203-28-8
315	10203-28-8
315	10203-28-8
315	10203-28-8
315	10203-30-2
315	10203-30-2
315	10203-30-2
315	10203-30-2
315	10203-30-2
315	10203-30-2
315	10203-30-2
315	10203-30-2
315	10203-30-2
315	10203-32-4
315	10203-32-4
315	10203-32-4
315	10203-32-4
315	10203-32-4
315	10203-32-4
315	10203-32-4
315	10203-32-4
315	10203-32-4
315	10203-33-5
315	10203-33-5
315	10203-33-5
315	10203-33-5
315	10203-33-5
315	10203-33-5
315	10203-33-5
315	10203-33-5
315	10203-33-5
315	102680-34-2
315	102680-34-2
315	10289-68-6
315	10289-68-6
315	10289-68-6
315	10289-68-6
315	102968-75-2
315	102968-75-2
315	102968-75-2
315	102968-75-2
315	102968-75-2
315	102968-75-2
315	102968-75-2
315	102968-75-2
315	102968-75-2
315	102968-76-3
315	102968-76-3
315	102968-76-3
315	102968-76-3
315	102968-76-3
315	102968-76-3
315	102968-76-3
315	102968-76-3
315	102968-76-3
315	103-08-2
315	103-08-2
315	103-20-8
315	103-20-8
315	103-20-8
315	103-20-8
315	103-20-8
315	103-20-8
315	103-20-8
315	103088-91-1
315	103088-91-1
315	103088-92-2
315	103088-92-2
315	103184-98-1
315	103184-98-1
315	103184-99-2
315	103184-99-2
315	103227-60-7
315	103227-60-7
315	103360-63-0
315	103360-63-0
315	104-76-7
315	104-76-7
315	105-30-6
315	10522-26-6
315	10522-26-6
315	10522-26-6
315	10522-26-6
315	10522-26-6
315	10522-26-6
315	10522-26-6
315	10522-26-6
315	10522-26-6
315	10524-70-6
315	10524-70-6
315	10524-71-7
315	10524-71-7
315	105485-69-6
315	105485-69-6
315	105485-69-6
315	105485-69-6
315	105485-69-6
315	105485-69-6
315	105485-69-6
315	105485-69-6
315	105485-69-6
315	10575-56-1
315	10575-56-1
315	106-67-2
315	106-67-2
315	106593-58-2
315	106593-58-2
315	1070-32-2
315	1070-32-2
315	107494-37-1
315	107494-37-1
315	108-11-2
315	108-82-7
315	108-82-7
315	108393-72-2
315	108439-06-1
315	108439-06-1
315	108448-40-4
315	108530-04-7
315	110225-00-8
315	110225-00-8
315	111-27-3
315	111-70-6
315	11118-23-3
315	111675-51-5
315	111675-51-5
315	111675-55-9
315	111675-55-9
315	111675-56-0
315	111675-56-0
315	111675-61-7
315	111675-61-7
315	111675-63-9
315	111675-63-9
315	111675-69-5
315	111675-69-5
315	111675-75-3
315	111675-75-3
315	111675-76-4
315	111675-76-4
315	111675-78-6
315	111675-79-7
315	111767-96-5
315	111767-98-7
315	111767-99-8
315	111768-00-4
315	111768-01-5
315	111768-02-6
315	111768-03-7
315	111768-04-8
315	111768-05-9
315	111768-06-0
315	111768-08-2
315	111768-09-3
315	111774-57-3
315	111774-57-3
315	112-42-5
315	112-42-5
315	112-53-8
315	112-70-9
315	112-70-9
315	112-70-9
315	112-70-9
315	112-72-1
315	112-72-1
315	112-72-1
315	112-72-1
315	112-72-1
315	112-72-1
315	112-92-5
315	112-92-5
315	113298-92-3
315	113298-92-3
315	115182-86-0
315	115182-86-0
315	115667-95-3
315	115667-95-3
315	1173838-88-4
315	118447-53-3
315	118447-53-3
315	118492-13-0
315	118492-13-0
315	1185-33-7
315	120837-26-5
315	120837-26-5
315	123-17-1
315	123-17-1
315	123-17-1
315	123-17-1
315	123-17-1
315	123-17-1
315	123-17-1
315	123-17-1
315	123-17-1
315	123-24-0
315	123-24-0
315	123-44-4
315	123-44-4
315	123-96-6
315	123-96-6
315	124702-95-0
315	124702-95-0
315	126950-60-5
315	128441-03-2
315	128441-03-2
315	13023-60-4
315	13023-60-4
315	130322-50-8
315	130322-50-8
315	1320-98-5
315	1322-35-6
315	13231-81-7
315	13254-34-7
315	13254-34-7
315	1331-39-1
315	1331-39-1
315	1331-40-4
315	1331-40-4
315	13332-16-6
315	13332-29-1
315	1336-11-4
315	1336-11-4
315	13432-25-2
315	13432-25-2
315	134633-28-6
315	13471-42-6
315	134766-55-5
315	134766-55-5
315	13501-73-0
315	13501-73-0
315	137008-30-1
315	137008-30-1
315	137008-38-9
315	137008-38-9
315	13848-60-7
315	13848-60-7
315	13848-60-7
315	13848-60-7
315	13848-60-7
315	13848-60-7
315	13848-60-7
315	13848-60-7
315	13848-60-7
315	14202-62-1
315	14202-62-1
315	14250-79-4
315	14250-79-4
315	14250-80-7
315	14250-80-7
315	143819-62-9
315	143819-62-9
315	14499-84-4
315	14499-84-4
315	14499-84-4
315	14499-84-4
315	14499-84-4
315	14499-84-4
315	14499-84-4
315	14499-84-4
315	14499-84-4
315	1454-85-9
315	1454-85-9
315	14609-79-1
315	14609-79-1
315	1484-87-3
315	1484-87-3
315	14852-31-4
315	14852-31-4
315	14898-80-7
315	14979-39-6
315	14979-39-6
315	1502-68-7
315	1502-92-7
315	1502-93-8
315	1502-94-9
315	15071-36-0
315	1517-67-5
315	1561-17-7
315	1561-17-7
315	1572-96-9
315	1573-28-0
315	1573-28-0
315	160611-14-3
315	16325-63-6
315	16325-63-6
315	16404-54-9
315	1653-30-1
315	1653-30-1
315	1653-31-2
315	1653-31-2
315	1653-31-2
315	1653-31-2
315	1653-33-4
315	1653-33-4
315	1653-33-4
315	1653-33-4
315	1653-33-4
315	1653-33-4
315	1653-33-4
315	1653-34-5
315	1653-34-5
315	1653-35-6
315	1653-35-6
315	1653-37-8
315	1653-37-8
315	1653-37-8
315	1653-37-8
315	1653-40-3
315	1653-40-3
315	1656-06-0
315	16651-60-8
315	16651-60-8
315	16813-18-6
315	16813-18-6
315	17015-11-1
315	17092-41-0
315	17092-42-1
315	17092-54-5
315	1767-46-0
315	17670-90-5
315	17670-90-5
315	17687-70-6
315	17687-70-6
315	17687-70-6
315	17687-70-6
315	17687-71-7
315	17687-71-7
315	17687-71-7
315	17687-71-7
315	18352-67-5
315	18352-67-5
315	18352-67-5
315	18352-67-5
315	18352-67-5
315	18352-67-5
315	18352-67-5
315	18352-67-5
315	18352-67-5
315	18352-71-1
315	18352-71-1
315	18352-71-1
315	18352-71-1
315	18352-71-1
315	18352-71-1
315	18352-71-1
315	18352-71-1
315	18352-71-1
315	18371-13-6
315	1838-73-9
315	1838-73-9
315	18450-73-2
315	18450-73-2
315	18450-74-3
315	18450-74-3
315	18593-91-4
315	18593-91-4
315	18593-92-5
315	18593-92-5
315	18675-24-6
315	18675-24-6
315	18720-62-2
315	18720-62-2
315	18720-65-5
315	18720-65-5
315	18720-66-6
315	18720-66-6
315	189021-36-1
315	19113-77-0
315	19113-77-0
315	19138-83-1
315	19264-94-9
315	19411-41-7
315	19411-41-7
315	19549-70-3
315	19549-70-3
315	19549-71-4
315	19549-71-4
315	19549-72-5
315	19549-72-5
315	19549-73-6
315	19549-73-6
315	19549-77-0
315	19549-77-0
315	19549-79-2
315	19549-79-2
315	19550-02-8
315	19550-02-8
315	19550-03-9
315	19550-03-9
315	19550-07-3
315	19550-07-3
315	19550-08-4
315	19550-08-4
315	19550-30-2
315	19780-31-5
315	19780-31-5
315	19780-31-5
315	19780-31-5
315	19780-31-5
315	19780-31-5
315	19780-31-5
315	19780-31-5
315	19780-31-5
315	19780-40-6
315	19780-40-6
315	19780-41-7
315	19780-41-7
315	19780-42-8
315	19780-42-8
315	19780-44-0
315	19780-44-0
315	19781-12-5
315	19781-12-5
315	19781-12-5
315	19781-24-9
315	19781-43-2
315	19781-43-2
315	19781-83-0
315	19781-83-0
315	19965-71-0
315	19965-71-0
315	19965-71-0
315	19965-71-0
315	19965-71-0
315	19965-71-0
315	19965-71-0
315	19965-71-0
315	19965-71-0
315	20180-66-9
315	20194-45-0
315	20194-45-0
315	20194-45-0
315	20194-45-0
315	20194-45-0
315	20194-45-0
315	20194-45-0
315	20194-45-0
315	20194-45-0
315	20194-48-3
315	20194-48-3
315	20281-83-8
315	20281-85-0
315	20281-86-1
315	20281-88-3
315	20281-90-7
315	20281-91-8
315	20680-53-9
315	20680-53-9
315	20680-53-9
315	20680-53-9
315	20680-53-9
315	20680-53-9
315	20680-53-9
315	20680-53-9
315	20680-53-9
315	20680-54-0
315	20680-54-0
315	20818-95-5
315	20818-95-5
315	21078-65-9
315	21078-65-9
315	21078-65-9
315	21078-65-9
315	21078-65-9
315	21078-65-9
315	21078-65-9
315	21078-65-9
315	21078-65-9
315	21078-68-2
315	21078-68-2
315	21078-68-2
315	21078-68-2
315	21078-68-2
315	21078-68-2
315	21078-68-2
315	21078-68-2
315	21078-68-2
315	21078-80-8
315	21078-80-8
315	21078-80-8
315	21078-80-8
315	21078-80-8
315	21078-80-8
315	21078-80-8
315	21078-80-8
315	21078-80-8
315	21078-83-1
315	21078-83-1
315	21078-83-1
315	21078-83-1
315	21078-83-1
315	21078-83-1
315	21078-83-1
315	21078-85-3
315	21078-85-3
315	21078-87-5
315	21078-87-5
315	21078-88-6
315	21078-88-6
315	21102-09-0
315	21102-09-0
315	21102-10-3
315	21102-10-3
315	21102-12-5
315	21102-12-5
315	21102-13-6
315	21102-13-6
315	21242-50-2
315	21242-50-2
315	21570-35-4
315	21570-35-4
315	21964-39-6
315	21964-39-6
315	21974-97-0
315	21974-97-0
315	21987-23-5
315	21987-23-5
315	22025-20-3
315	22025-20-3
315	22417-49-8
315	22417-49-8
315	22417-49-8
315	22417-49-8
315	22417-49-8
315	22417-49-8
315	22417-49-8
315	22417-49-8
315	22417-49-8
315	22418-70-8
315	22418-70-8
315	22469-65-4
315	22469-65-4
315	22658-92-0
315	22658-92-0
315	22663-61-2
315	22663-61-2
315	22663-61-2
315	22663-61-2
315	2313-61-3
315	2313-65-7
315	23171-85-9
315	23171-85-9
315	23418-37-3
315	23418-37-3
315	2370-12-9
315	2370-13-0
315	2370-13-0
315	2370-15-2
315	2370-15-2
315	2370-15-2
315	2370-15-2
315	2370-15-2
315	2370-15-2
315	2370-15-2
315	2370-15-2
315	2370-15-2
315	23708-56-7
315	23708-56-7
315	2425-77-6
315	2425-77-6
315	2430-22-0
315	2430-22-0
315	24448-19-9
315	24448-19-9
315	2490-09-7
315	2490-09-7
315	2490-10-0
315	2490-10-0
315	2490-11-1
315	2490-11-1
315	2490-40-6
315	2490-40-6
315	2490-41-7
315	2490-41-7
315	2490-42-8
315	2490-42-8
315	2490-43-9
315	2490-43-9
315	2490-44-0
315	2490-44-0
315	2490-45-1
315	2490-45-1
315	2490-47-3
315	2490-47-3
315	2490-48-4
315	2490-48-4
315	25237-85-8
315	25237-85-8
315	25237-85-8
315	25237-85-8
315	25237-85-8
315	25237-85-8
315	25237-85-8
315	25237-85-8
315	25237-85-8
315	25339-16-6
315	25339-16-6
315	25354-98-7
315	25354-98-7
315	25354-99-8
315	25354-99-8
315	25355-00-4
315	25355-00-4
315	25355-02-6
315	25355-02-6
315	25355-03-7
315	25355-03-7
315	2541-75-5
315	2541-75-5
315	25428-98-2
315	25428-98-2
315	25428-98-2
315	25428-98-2
315	25428-98-2
315	25428-98-2
315	25428-98-2
315	25428-98-2
315	25428-98-2
315	25452-34-0
315	25452-34-0
315	25452-35-1
315	25452-35-1
315	25452-36-2
315	25452-36-2
315	25564-53-8
315	25564-53-8
315	25564-57-2
315	25564-57-2
315	25564-59-4
315	25564-59-4
315	25564-62-9
315	25564-62-9
315	25570-11-0
315	25570-11-0
315	25917-35-5
315	25966-64-7
315	25966-64-7
315	25966-65-8
315	25966-65-8
315	25966-65-8
315	25966-65-8
315	26073-23-4
315	26073-23-4
315	26209-94-9
315	26209-94-9
315	26215-92-9
315	26215-92-9
315	26215-92-9
315	26215-92-9
315	26248-42-0
315	26248-42-0
315	26248-42-0
315	26248-42-0
315	26330-76-7
315	26330-76-7
315	26401-20-7
315	26432-14-4
315	26432-14-4
315	26432-15-5
315	26432-15-5
315	26533-34-6
315	26533-34-6
315	26533-35-7
315	26533-35-7
315	26549-24-6
315	26549-25-7
315	26549-26-8
315	26549-26-8
315	26762-44-7
315	26762-44-7
315	26952-21-6
315	26952-21-6
315	27243-09-0
315	27243-09-0
315	27243-10-3
315	27243-10-3
315	27243-10-3
315	27243-10-3
315	27243-10-3
315	27243-10-3
315	27243-10-3
315	27243-10-3
315	27243-10-3
315	27342-88-7
315	27458-92-0
315	27458-92-0
315	27458-92-0
315	27458-92-0
315	27458-93-1
315	27458-93-1
315	27458-94-2
315	27458-94-2
315	27522-11-8
315	27644-49-1
315	27644-49-1
315	27649-34-9
315	27649-34-9
315	27649-36-1
315	27649-36-1
315	2768-12-9
315	2768-12-9
315	2768-18-5
315	2768-18-5
315	28339-05-1
315	28339-05-1
315	28339-05-1
315	28339-05-1
315	28339-05-1
315	28339-05-1
315	28339-05-1
315	28339-05-1
315	28339-05-1
315	28929-85-3
315	28929-86-4
315	29354-98-1
315	29354-98-1
315	29678-31-7
315	29678-31-7
315	29678-33-9
315	29678-33-9
315	29772-39-2
315	29772-39-2
315	29835-44-7
315	29835-44-7
315	29835-44-7
315	29835-44-7
315	29835-44-7
315	29835-44-7
315	29835-44-7
315	29835-44-7
315	29835-44-7
315	3054-92-0
315	3054-92-0
315	3121-79-7
315	31271-00-8
315	31271-00-8
315	31271-00-8
315	31271-00-8
315	31271-00-8
315	31271-00-8
315	31271-00-8
315	31271-00-8
315	31271-00-8
315	31334-78-8
315	31334-78-8
315	31334-78-8
315	31334-78-8
315	31334-80-2
315	31334-80-2
315	31334-80-2
315	31334-80-2
315	31367-46-1
315	31367-46-1
315	31389-11-4
315	31389-11-4
315	31841-58-4
315	31841-58-4
315	31841-58-4
315	31841-58-4
315	31841-58-4
315	31841-58-4
315	31841-58-4
315	31841-58-4
315	31841-58-4
315	31841-74-4
315	31841-74-4
315	31841-74-4
315	31841-74-4
315	31841-77-7
315	31841-77-7
315	321901-80-8
315	321901-80-8
315	321901-80-8
315	32444-34-1
315	32579-68-3
315	32579-68-3
315	32579-69-4
315	32579-69-4
315	32579-69-4
315	32579-69-4
315	32579-69-4
315	32579-69-4
315	32579-69-4
315	32579-69-4
315	32579-69-4
315	32579-70-7
315	32579-70-7
315	32579-70-7
315	32579-70-7
315	32836-42-3
315	32836-42-3
315	32836-42-3
315	32836-42-3
315	32836-42-3
315	32836-42-3
315	32836-42-3
315	32836-42-3
315	32836-42-3
315	33933-77-6
315	33933-77-6
315	33933-80-1
315	33933-80-1
315	33943-21-4
315	33943-21-4
315	3396-02-9
315	3396-02-9
315	33969-59-4
315	33978-71-1
315	33978-71-1
315	33978-71-1
315	33978-71-1
315	33978-71-1
315	33978-71-1
315	33978-71-1
315	33978-71-1
315	33978-71-1
315	34197-82-5
315	34197-82-5
315	3452-97-9
315	3452-97-9
315	34760-18-4
315	34760-18-4
315	35119-84-7
315	35119-84-7
315	35177-29-8
315	35177-29-8
315	3525-25-5
315	3525-25-5
315	36311-34-9
315	36311-34-9
315	36400-98-3
315	36400-98-3
315	36653-82-4
315	36653-82-4
315	36794-64-6
315	3730-60-7
315	3730-60-7
315	37490-40-7
315	37490-40-7
315	37490-40-7
315	37490-40-7
315	37493-70-2
315	37493-70-2
315	37769-60-1
315	37849-30-2
315	37849-30-2
315	37849-30-2
315	37849-30-2
315	37849-30-2
315	37849-30-2
315	37849-30-2
315	37849-30-2
315	37849-30-2
315	38206-58-5
315	38206-58-5
315	38395-41-4
315	38395-41-4
315	38395-41-4
315	38395-41-4
315	38443-88-8
315	38443-88-8
315	38443-88-8
315	38443-88-8
315	38514-02-2
315	38514-02-2
315	38514-03-3
315	38514-03-3
315	38514-04-4
315	38514-04-4
315	38514-05-5
315	38514-05-5
315	38514-11-3
315	38514-11-3
315	38514-12-4
315	38514-12-4
315	38514-13-5
315	38514-13-5
315	38514-14-6
315	38514-14-6
315	38636-36-1
315	38713-13-2
315	38713-13-2
315	38713-13-2
315	38713-13-2
315	39003-07-1
315	39106-92-8
315	39106-92-8
315	3913-02-8
315	3913-02-8
315	3913-02-8
315	3913-02-8
315	3913-02-8
315	3913-02-8
315	3913-02-8
315	3913-02-8
315	3913-02-8
315	39387-31-0
315	39433-03-9
315	39457-30-2
315	39465-04-8
315	3965-59-1
315	3965-59-1
315	3970-59-0
315	3970-59-0
315	3970-62-5
315	40225-75-0
315	40225-75-0
315	40435-42-5
315	40435-42-5
315	40589-16-0
315	40589-16-0
315	40853-58-5
315	40853-58-5
315	41065-95-6
315	41065-95-6
315	41096-61-1
315	41096-61-1
315	4128-31-8
315	4128-31-8
315	4131-80-0
315	4131-80-0
315	4166-46-5
315	4166-46-5
315	41744-75-6
315	41744-75-6
315	41746-85-4
315	41746-85-4
315	41902-42-5
315	41902-42-5
315	41902-42-5
315	41902-42-5
315	42072-39-9
315	42072-62-8
315	42072-62-8
315	42072-62-8
315	42072-62-8
315	42072-62-8
315	42072-62-8
315	42072-62-8
315	42072-62-8
315	42072-62-8
315	4209-90-9
315	4209-90-9
315	4209-91-0
315	4209-91-0
315	42184-01-0
315	42184-01-0
315	42184-01-0
315	42184-01-0
315	42328-76-7
315	42328-76-7
315	4272-06-4
315	4272-06-4
315	42763-52-0
315	42763-52-0
315	42842-12-6
315	42842-12-6
315	42842-13-7
315	42842-13-7
315	42928-45-0
315	42928-45-0
315	42928-47-2
315	42928-47-2
315	42930-67-6
315	42930-67-6
315	42930-67-6
315	42930-67-6
315	45235-48-1
315	45235-48-1
315	464-07-3
315	4706-81-4
315	4706-81-4
315	4706-81-4
315	4706-81-4
315	4706-81-4
315	4706-81-4
315	4706-81-4
315	4730-22-7
315	4730-22-7
315	4911-70-0
315	4989-79-1
315	4989-79-1
315	51079-52-8
315	51079-52-8
315	5108-33-8
315	5108-33-8
315	5108-33-8
315	5108-33-8
315	51166-20-2
315	51166-20-2
315	51174-83-5
315	51174-83-5
315	51200-80-7
315	51200-80-7
315	51200-84-1
315	51200-84-1
315	51246-24-3
315	51246-24-3
315	51246-25-4
315	51246-25-4
315	51246-25-4
315	51246-25-4
315	51246-25-4
315	51246-25-4
315	51246-25-4
315	51246-25-4
315	51246-25-4
315	51246-26-5
315	51246-26-5
315	51246-26-5
315	51246-26-5
315	51260-59-4
315	51260-59-4
315	51552-64-8
315	51552-64-8
315	51552-64-8
315	51552-64-8
315	51552-64-8
315	51552-64-8
315	51552-64-8
315	51552-64-8
315	51552-64-8
315	5162-48-1
315	5162-48-1
315	51655-55-1
315	51655-55-1
315	51655-56-2
315	51655-56-2
315	51655-57-3
315	51655-57-3
315	51655-57-3
315	51655-57-3
315	51655-60-8
315	51655-60-8
315	51655-63-1
315	51655-63-1
315	51655-63-1
315	51655-63-1
315	51750-47-1
315	51750-47-1
315	51774-11-9
315	51864-91-6
315	51864-91-6
315	51864-92-7
315	51864-92-7
315	51864-93-8
315	51864-93-8
315	51864-93-8
315	51864-93-8
315	51864-93-8
315	51864-93-8
315	51864-93-8
315	51864-93-8
315	51864-93-8
315	52019-78-0
315	52356-02-2
315	52356-02-2
315	52783-44-5
315	52783-44-5
315	52788-59-7
315	52788-59-7
315	53151-79-4
315	53151-79-4
315	5331-63-5
315	5331-63-5
315	5333-44-8
315	5333-44-8
315	5333-48-2
315	5333-48-2
315	5333-48-2
315	5333-48-2
315	5333-48-2
315	5333-48-2
315	53353-04-1
315	53398-71-3
315	53398-71-3
315	5340-31-8
315	5340-31-8
315	5340-31-8
315	5340-31-8
315	5340-31-8
315	5340-31-8
315	5340-31-8
315	5340-31-8
315	5340-31-8
315	5340-35-2
315	5340-35-2
315	5340-36-3
315	5340-36-3
315	5340-41-0
315	5340-41-0
315	5340-51-2
315	5340-51-2
315	5340-52-3
315	5340-52-3
315	5340-52-3
315	5340-52-3
315	5340-52-3
315	5340-52-3
315	5340-52-3
315	5340-52-3
315	5340-52-3
315	5340-80-7
315	5340-80-7
315	5340-80-7
315	5340-80-7
315	54004-41-0
315	54004-41-0
315	54206-54-1
315	543-49-7
315	54322-29-1
315	54322-29-1
315	54381-03-2
315	54381-03-2
315	54381-03-2
315	54381-03-2
315	54381-04-3
315	54381-04-3
315	54381-04-3
315	54381-04-3
315	54381-04-3
315	54381-04-3
315	54381-04-3
315	54381-04-3
315	54381-04-3
315	54460-99-0
315	54460-99-0
315	54461-00-6
315	54461-00-6
315	5457-42-1
315	5457-42-1
315	5457-42-1
315	5457-42-1
315	5457-42-1
315	5457-42-1
315	5457-42-1
315	5457-42-1
315	5457-42-1
315	54630-50-1
315	54630-50-1
315	54712-26-4
315	54774-83-3
315	54774-83-3
315	54774-83-3
315	54774-83-3
315	54774-83-3
315	54774-83-3
315	54774-83-3
315	54774-83-3
315	54774-83-3
315	54775-01-8
315	54775-01-8
315	54775-01-8
315	54775-01-8
315	54775-01-8
315	54775-01-8
315	54775-01-8
315	54775-01-8
315	54775-01-8
315	54972-97-3
315	55110-82-2
315	55110-82-2
315	55310-58-2
315	55310-58-2
315	55310-59-3
315	55310-59-3
315	55310-60-6
315	55310-60-6
315	55310-61-7
315	55310-61-7
315	55505-23-2
315	55505-24-3
315	55505-24-3
315	55505-28-7
315	55505-28-7
315	55505-29-8
315	55505-29-8
315	55505-33-4
315	55505-33-4
315	55505-33-4
315	55505-33-4
315	55505-34-5
315	55505-34-5
315	55514-25-5
315	55514-25-5
315	55514-25-5
315	55514-25-5
315	55514-25-5
315	55514-25-5
315	55514-25-5
315	55514-25-5
315	55514-25-5
315	55719-99-8
315	55719-99-8
315	55720-01-9
315	55720-01-9
315	55720-04-2
315	55720-04-2
315	55816-17-6
315	55816-17-6
315	5582-82-1
315	5582-82-1
315	56065-39-5
315	56065-39-5
315	56298-90-9
315	56298-90-9
315	56314-72-8
315	56314-72-8
315	56314-73-9
315	56314-73-9
315	56314-74-0
315	56314-74-0
315	56314-74-0
315	56314-74-0
315	56314-74-0
315	56314-74-0
315	56314-74-0
315	56314-74-0
315	56314-74-0
315	56314-75-1
315	56314-75-1
315	56314-75-1
315	56314-75-1
315	56314-75-1
315	56314-75-1
315	56314-75-1
315	56314-75-1
315	56314-75-1
315	56314-76-2
315	56314-76-2
315	56314-76-2
315	56314-76-2
315	56314-77-3
315	56314-77-3
315	56314-77-3
315	56314-77-3
315	565-60-6
315	565-67-3
315	56846-92-5
315	56846-92-5
315	56846-93-6
315	56846-93-6
315	56973-28-5
315	57233-26-8
315	57233-26-8
315	57233-29-1
315	57233-29-1
315	57233-32-6
315	57233-32-6
315	57289-07-3
315	57289-07-3
315	57409-53-7
315	57409-53-7
315	57630-25-8
315	57630-25-8
315	5770-03-6
315	5770-03-6
315	5770-03-6
315	5770-03-6
315	58175-57-8
315	58175-57-8
315	58242-80-1
315	58524-92-8
315	58524-92-8
315	58783-82-7
315	58783-82-7
315	58783-82-7
315	58783-82-7
315	58795-24-7
315	58795-24-7
315	589-35-5
315	589-55-9
315	589-62-8
315	589-62-8
315	589-82-2
315	589-98-0
315	589-98-0
315	590-36-3
315	59056-73-4
315	59056-73-4
315	591-70-8
315	591-70-8
315	591-72-0
315	591-72-0
315	591-73-1
315	591-73-1
315	59117-31-6
315	59117-31-6
315	59156-74-0
315	59156-74-0
315	59156-75-1
315	59156-75-1
315	59156-76-2
315	59156-76-2
315	59222-84-3
315	59222-84-3
315	59222-84-3
315	59222-84-3
315	593-03-3
315	593-03-3
315	593-32-8
315	593-32-8
315	5932-79-6
315	5932-79-6
315	594-60-5
315	594-83-2
315	595-41-5
315	597-05-7
315	597-05-7
315	597-49-9
315	597-76-2
315	597-76-2
315	597-90-0
315	597-90-0
315	597-93-3
315	597-93-3
315	597-93-3
315	597-93-3
315	597-96-6
315	5970-63-8
315	5970-63-8
315	59734-23-5
315	59734-23-5
315	5978-70-1
315	5978-70-1
315	598-01-6
315	598-01-6
315	600-36-2
315	60129-23-9
315	60129-23-9
315	60129-24-0
315	60129-24-0
315	6033-23-4
315	6033-24-5
315	60435-70-3
315	60435-70-3
315	60564-75-2
315	60564-75-2
315	60564-76-3
315	60564-76-3
315	60564-77-4
315	60564-77-4
315	60564-77-4
315	60564-77-4
315	60564-77-4
315	60564-77-4
315	60564-77-4
315	60564-77-4
315	60564-77-4
315	60564-78-5
315	60564-78-5
315	60564-79-6
315	60564-79-6
315	60564-79-6
315	60564-79-6
315	60564-79-6
315	60564-79-6
315	60564-79-6
315	60564-79-6
315	60564-79-6
315	60650-33-1
315	60671-33-2
315	60671-33-2
315	60671-34-3
315	60671-34-3
315	60671-34-3
315	60671-34-3
315	60671-34-3
315	60671-34-3
315	60671-34-3
315	60671-34-3
315	60671-34-3
315	60671-35-4
315	60671-35-4
315	60671-35-4
315	60671-35-4
315	60671-36-5
315	60671-36-5
315	60671-36-5
315	60671-36-5
315	60671-36-5
315	60671-36-5
315	60671-36-5
315	60671-36-5
315	60671-36-5
315	60671-37-6
315	60671-37-6
315	60671-37-6
315	60671-37-6
315	60671-37-6
315	60671-37-6
315	60671-37-6
315	60671-37-6
315	60671-37-6
315	609-27-8
315	61169-84-4
315	61169-84-4
315	61184-91-6
315	61184-92-7
315	6144-93-0
315	615-29-2
315	6169-06-8
315	6169-06-8
315	617-29-8
315	61838-24-2
315	61949-26-6
315	61973-86-2
315	61973-86-2
315	6210-51-1
315	62101-31-9
315	62101-31-9
315	62101-31-9
315	62101-31-9
315	62101-32-0
315	62101-32-0
315	62101-32-0
315	62101-32-0
315	62101-33-1
315	62101-33-1
315	62101-33-1
315	62101-33-1
315	623-37-0
315	623-55-2
315	623-93-8
315	623-93-8
315	624-08-8
315	624-08-8
315	624-22-6
315	624-51-1
315	624-51-1
315	624-95-3
315	625-06-9
315	625-23-0
315	625-25-2
315	625-25-2
315	626-89-1
315	626-93-7
315	627-59-8
315	627-98-5
315	62701-49-9
315	628-44-4
315	628-44-4
315	628-99-9
315	628-99-9
315	629-76-5
315	629-76-5
315	62958-39-8
315	62958-39-8
315	62958-40-1
315	62958-40-1
315	62958-40-1
315	62958-40-1
315	62958-41-2
315	62958-41-2
315	62958-41-2
315	62958-41-2
315	6305-71-1
315	63067-46-9
315	63067-46-9
315	63067-47-0
315	63067-47-0
315	63126-08-9
315	63126-08-9
315	63393-82-8
315	63393-83-9
315	6345-85-3
315	6345-85-3
315	6345-85-3
315	6345-85-3
315	6345-85-3
315	6345-85-3
315	6345-85-3
315	6345-85-3
315	6345-85-3
315	63707-89-1
315	63707-89-1
315	63707-90-4
315	63707-90-4
315	63730-39-2
315	63730-39-2
315	63782-91-2
315	63782-91-2
315	63814-74-4
315	64029-94-3
315	64029-94-3
315	64029-94-3
315	64029-94-3
315	64029-94-3
315	64029-94-3
315	64029-94-3
315	64029-94-3
315	64029-94-3
315	64502-86-9
315	6481-95-4
315	6481-95-4
315	65502-58-1
315	65502-58-1
315	65502-61-6
315	65502-61-6
315	6570-87-2
315	65769-10-0
315	65769-10-0
315	65822-93-7
315	65822-93-7
315	65927-60-8
315	65927-60-8
315	66050-98-4
315	66050-99-5
315	66225-51-2
315	66283-22-5
315	66283-22-5
315	6632-94-6
315	6632-94-6
315	66534-89-2
315	66534-89-2
315	66576-24-7
315	66576-24-7
315	66576-25-8
315	66576-25-8
315	66576-34-9
315	66576-34-9
315	66576-35-0
315	66576-35-0
315	66576-55-4
315	66576-55-4
315	66576-56-5
315	66576-56-5
315	66576-57-6
315	66576-57-6
315	66605-94-5
315	66605-94-5
315	66605-94-5
315	66605-94-5
315	66793-71-3
315	66793-71-3
315	66793-73-5
315	66793-73-5
315	66793-84-8
315	66793-84-8
315	66794-05-6
315	66794-05-6
315	66810-87-5
315	66810-87-5
315	67245-18-5
315	67245-18-5
315	67253-82-1
315	67253-82-1
315	67253-83-2
315	67253-83-2
315	67253-84-3
315	67253-84-3
315	67315-12-2
315	67315-12-2
315	67468-87-5
315	67468-87-5
315	67647-32-9
315	67647-32-9
315	67762-25-8
315	67762-41-8
315	67826-97-5
315	67826-97-5
315	68066-05-7
315	68066-05-7
315	68066-05-7
315	68066-05-7
315	68066-05-7
315	68066-05-7
315	68083-56-7
315	68083-56-7
315	68083-56-7
315	68083-56-7
315	68083-56-7
315	68083-56-7
315	68083-56-7
315	68083-56-7
315	68083-56-7
315	6836-38-0
315	6836-38-0
315	6836-38-0
315	6836-38-0
315	6836-38-0
315	6836-38-0
315	6836-38-0
315	6836-38-0
315	6836-38-0
315	6836-40-4
315	6836-40-4
315	68509-47-7
315	68509-47-7
315	68509-48-8
315	68509-48-8
315	68551-07-5
315	68573-13-7
315	68573-13-7
315	68573-14-8
315	68573-14-8
315	68573-14-8
315	68573-14-8
315	68573-14-8
315	68573-14-8
315	68573-14-8
315	68573-14-8
315	68573-14-8
315	68603-15-6
315	68855-55-0
315	68855-56-1
315	6886-16-4
315	6886-16-4
315	690-37-9
315	690-37-9
315	69085-58-1
315	69085-58-1
315	69106-31-6
315	69106-31-6
315	6929-08-4
315	6929-08-4
315	69341-45-3
315	69341-45-3
315	69341-47-5
315	69341-47-5
315	69341-48-6
315	69341-48-6
315	69729-17-5
315	69729-17-5
315	69798-78-3
315	69798-79-4
315	69897-43-4
315	69897-43-4
315	70076-05-0
315	70076-05-0
315	70178-78-8
315	70178-78-8
315	70178-78-8
315	70178-78-8
315	70178-78-8
315	70178-78-8
315	70178-78-8
315	70178-78-8
315	70178-78-8
315	70178-79-9
315	70178-79-9
315	70178-79-9
315	70178-79-9
315	70214-69-6
315	70214-69-6
315	70214-77-6
315	70214-77-6
315	70224-28-1
315	70358-78-0
315	70358-78-0
315	70358-78-0
315	70358-78-0
315	70358-78-0
315	70358-78-0
315	70358-78-0
315	70358-78-0
315	70358-78-0
315	70358-81-5
315	70358-81-5
315	70358-81-5
315	70358-81-5
315	70358-81-5
315	70358-81-5
315	70358-81-5
315	70358-81-5
315	70358-81-5
315	70358-83-7
315	70358-83-7
315	70358-86-0
315	70358-86-0
315	70358-89-3
315	70358-89-3
315	70492-65-8
315	70492-66-9
315	70492-66-9
315	71526-27-7
315	71526-27-7
315	71526-27-7
315	71526-27-7
315	71526-27-7
315	71526-27-7
315	71526-27-7
315	71526-27-7
315	71526-27-7
315	71612-12-9
315	71612-12-9
315	71612-12-9
315	71612-12-9
315	71612-12-9
315	71612-12-9
315	71612-12-9
315	71612-12-9
315	71612-12-9
315	71621-77-7
315	71621-77-7
315	7212-53-5
315	7212-53-5
315	72420-72-5
315	72420-72-5
315	7278-65-1
315	7278-65-1
315	7294-05-5
315	7294-05-5
315	73010-88-5
315	73010-88-5
315	73010-88-5
315	73010-88-5
315	73010-88-5
315	73010-88-5
315	73010-88-5
315	73010-88-5
315	73010-88-5
315	73105-71-2
315	73105-71-2
315	73105-79-0
315	73105-79-0
315	73105-79-0
315	73105-79-0
315	73176-98-4
315	73176-99-5
315	73177-00-1
315	73177-00-1
315	73177-01-2
315	73177-01-2
315	7399-24-8
315	7399-24-8
315	740817-83-8
315	74356-31-3
315	74356-31-3
315	74497-29-3
315	75782-86-4
315	75935-83-0
315	75935-83-0
315	75935-83-0
315	75935-83-0
315	75935-83-0
315	75935-83-0
315	75935-83-0
315	75935-83-0
315	75935-83-0
315	76144-88-2
315	76144-88-2
315	76144-88-2
315	76144-88-2
315	76144-88-2
315	76144-88-2
315	76144-88-2
315	76144-88-2
315	76144-88-2
315	77-74-7
315	77606-45-2
315	77606-45-2
315	77861-53-1
315	77861-53-1
315	79090-61-2
315	79090-61-2
315	79092-28-7
315	79092-28-7
315	79092-28-7
315	79092-28-7
315	79092-28-7
315	79092-28-7
315	79092-28-7
315	79092-28-7
315	79092-28-7
315	79147-59-4
315	79147-59-4
315	79147-60-7
315	79147-60-7
315	79237-71-1
315	79237-71-1
315	79565-94-9
315	79565-94-9
315	79565-95-0
315	79565-95-0
315	79565-96-1
315	79565-96-1
315	79827-42-2
315	79827-42-2
315	79956-98-2
315	8014-32-2
315	80192-55-8
315	80192-55-8
315	80206-82-2
315	8032-08-4
315	8032-09-5
315	8032-10-8
315	80350-64-7
315	80350-64-7
315	80513-04-8
315	80513-04-8
315	81120-76-5
315	81120-76-5
315	81540-78-5
315	81540-78-5
315	81540-79-6
315	81540-79-6
315	817-46-9
315	817-46-9
315	817-60-7
315	817-60-7
315	817-91-4
315	817-91-4
315	818-49-5
315	818-81-5
315	818-81-5
315	820-05-3
315	820-05-3
315	82147-24-8
315	82147-24-8
315	82147-24-8
315	82147-24-8
315	82147-24-8
315	82147-24-8
315	82147-24-8
315	82147-24-8
315	82147-24-8
315	82409-90-3
315	82409-90-3
315	82409-93-6
315	82409-93-6
315	82409-97-0
315	82409-97-0
315	82409-98-1
315	82409-98-1
315	82409-99-2
315	82409-99-2
315	82410-00-2
315	82410-00-2
315	82749-46-0
315	82749-47-1
315	82749-48-2
315	82749-48-2
315	82749-49-3
315	82749-49-3
315	82749-56-2
315	82749-56-2
315	82749-56-2
315	82749-56-2
315	82749-56-2
315	82749-56-2
315	82749-56-2
315	82749-56-2
315	82749-56-2
315	82749-57-3
315	82749-57-3
315	82749-57-3
315	82749-57-3
315	82749-57-3
315	82749-57-3
315	82749-57-3
315	82749-57-3
315	82749-57-3
315	83377-04-2
315	83377-04-2
315	83474-29-7
315	83474-29-7
315	83474-29-7
315	83474-29-7
315	83474-29-7
315	83474-29-7
315	83474-29-7
315	83474-29-7
315	83474-29-7
315	83615-50-3
315	83995-48-6
315	83995-48-6
315	84110-44-1
315	84110-44-1
315	84110-44-1
315	84110-44-1
315	84110-44-1
315	84110-44-1
315	84110-44-1
315	84110-44-1
315	84110-44-1
315	84161-82-0
315	84161-82-0
315	84534-30-5
315	84534-30-5
315	84567-94-2
315	84567-94-2
315	84567-94-2
315	84567-94-2
315	84567-94-2
315	84567-94-2
315	84567-94-2
315	84567-94-2
315	84567-94-2
315	84621-65-8
315	84621-65-8
315	84621-66-9
315	84621-66-9
315	84709-54-6
315	84709-54-6
315	84709-55-7
315	84709-55-7
315	85508-26-5
315	85508-26-5
315	85617-05-6
315	85617-05-6
315	85712-03-4
315	85712-03-4
315	85712-04-5
315	85712-04-5
315	85712-05-6
315	85712-05-6
315	85712-06-7
315	85712-06-7
315	85763-57-1
315	85763-57-1
315	85763-57-1
315	85763-57-1
315	86423-92-9
315	86470-30-6
315	86470-30-6
315	86571-36-0
315	86571-36-0
315	86571-37-1
315	86571-37-1
315	86606-51-1
315	86606-51-1
315	86606-51-1
315	86606-51-1
315	86606-51-1
315	86606-51-1
315	86606-51-1
315	86606-51-1
315	86606-51-1
315	86693-68-7
315	86693-68-7
315	86693-68-7
315	86693-68-7
315	86693-68-7
315	86693-68-7
315	86693-68-7
315	86693-68-7
315	86693-68-7
315	86883-86-5
315	86883-86-5
315	87118-42-1
315	87118-42-1
315	87118-42-1
315	87118-42-1
315	87118-42-1
315	87118-42-1
315	87118-42-1
315	87118-42-1
315	87118-42-1
315	87118-95-4
315	87118-95-4
315	87118-95-4
315	87118-95-4
315	87118-95-4
315	87118-95-4
315	87118-95-4
315	87118-95-4
315	87118-95-4
315	87187-88-0
315	87187-88-0
315	87187-89-1
315	87187-89-1
315	87187-91-5
315	87187-91-5
315	87189-78-4
315	87189-78-4
315	87189-78-4
315	87189-78-4
315	87189-78-4
315	87189-78-4
315	87189-78-4
315	87189-78-4
315	87189-78-4
315	87247-05-0
315	87247-05-0
315	87247-09-4
315	87247-09-4
315	87247-10-7
315	87247-10-7
315	87247-11-8
315	87247-11-8
315	87247-18-5
315	87247-18-5
315	87247-19-6
315	87247-19-6
315	87247-28-7
315	87247-28-7
315	87247-29-8
315	87247-29-8
315	87247-30-1
315	87247-30-1
315	87247-31-2
315	87247-31-2
315	87247-32-3
315	87247-32-3
315	87247-33-4
315	87247-33-4
315	87247-34-5
315	87247-34-5
315	87247-35-6
315	87247-35-6
315	87383-16-2
315	87383-16-2
315	87383-16-2
315	87383-16-2
315	87383-16-2
315	87383-16-2
315	87383-16-2
315	87383-16-2
315	87383-16-2
315	87383-17-3
315	87383-17-3
315	87383-17-3
315	87383-17-3
315	87383-17-3
315	87383-17-3
315	87383-17-3
315	87383-17-3
315	87383-17-3
315	87383-18-4
315	87383-18-4
315	87383-18-4
315	87383-18-4
315	87383-18-4
315	87383-18-4
315	87383-18-4
315	87383-18-4
315	87383-18-4
315	87383-23-1
315	87383-23-1
315	88331-26-4
315	88331-26-4
315	88331-26-4
315	88331-26-4
315	88331-26-4
315	88331-26-4
315	88331-26-4
315	88331-26-4
315	88331-26-4
315	88776-42-5
315	88776-42-5
315	88776-42-5
315	88776-42-5
315	88776-42-5
315	88776-42-5
315	88776-42-5
315	88776-42-5
315	88776-42-5
315	89051-70-7
315	89051-70-7
315	89051-74-1
315	89051-74-1
315	89051-78-5
315	89051-78-5
315	90105-24-1
315	90105-24-1
315	90365-63-2
315	90365-63-2
315	90663-74-4
315	90663-74-4
315	90670-72-7
315	90835-17-9
315	90835-17-9
315	90835-18-0
315	90835-18-0
315	90835-19-1
315	90835-19-1
315	90835-23-7
315	90835-23-7
315	90835-25-9
315	90835-25-9
315	90835-25-9
315	90835-25-9
315	90835-25-9
315	90835-25-9
315	90835-25-9
315	90835-25-9
315	90835-25-9
315	90835-37-3
315	90835-37-3
315	90835-38-4
315	90835-38-4
315	90835-39-5
315	90835-39-5
315	91681-57-1
315	91681-57-1
315	91681-57-1
315	91681-57-1
315	91681-57-1
315	91681-57-1
315	91681-57-1
315	91681-57-1
315	91681-57-1
315	92180-57-9
315	92180-57-9
315	92180-58-0
315	92180-58-0
315	92340-81-3
315	92353-15-6
315	92353-15-6
315	92353-16-7
315	92353-16-7
315	92353-17-8
315	92353-17-8
315	927-45-7
315	927-45-7
315	927-45-7
315	927-45-7
315	92737-90-1
315	92737-90-1
315	92737-91-2
315	92737-91-2
315	93031-21-1
315	93031-21-1
315	93031-23-3
315	93031-24-4
315	93031-25-5
315	93031-25-5
315	93031-27-7
315	93175-65-6
315	93175-65-6
315	93704-22-4
315	93704-22-4
315	93704-23-5
315	93704-23-5
315	93862-10-3
315	93862-10-3
315	94021-93-9
315	94021-93-9
315	94021-93-9
315	94021-93-9
315	94021-93-9
315	94021-93-9
315	94021-93-9
315	94021-94-0
315	94021-94-0
315	94021-94-0
315	94021-94-0
315	94021-94-0
315	94021-94-0
315	94021-94-0
315	95461-60-2
315	95461-60-2
315	97-95-0
315	97097-70-6
315	97097-70-6
315	97235-27-3
315	97752-24-4
315	97752-24-4
315	97752-24-4
315	97752-24-4
315	97752-25-5
315	97752-25-5
315	97752-25-5
315	97752-25-5
315	97752-25-5
315	97752-25-5
315	97752-25-5
315	97845-27-7
315	97845-27-7
315	97915-30-5
315	97915-30-5
315	97994-56-4
315	97994-56-4
315	97994-56-4
315	97994-56-4
315	97994-56-4
315	97994-56-4
315	97994-56-4
315	97994-56-4
315	97994-56-4
315	98757-89-2
315	98757-89-2
315	98811-97-3
315	98811-97-3
315	98982-97-9
315	98982-97-9
315	99164-04-2
315	99210-87-4
315	99210-87-4
315	99210-87-4
315	99210-87-4
315	99210-87-4
315	99210-87-4
315	99210-87-4
315	99210-87-4
315	99210-87-4
315	99210-88-5
315	99210-88-5
315	99210-89-6
315	99210-89-6
315	99427-18-6
315	99427-18-6
315	99521-77-4
315	99521-77-4
315	99602-93-4
315	99745-76-3
315	99943-33-6
315	99943-33-6
316	112-55-0
316	859759-62-9
317	101963-15-9
317	103171-41-1
317	128885-05-2
317	131131-70-9
317	147827-14-3
317	25251-14-3
317	39033-74-4
317	460061-71-6
317	53095-44-6
317	56833-18-2
317	607690-41-5
317	62132-40-5
317	648426-88-4
317	66455-29-6
317	683-10-3
317	68424-94-2
317	77640-81-4
317	89045-97-6
318	1000201-72-8
318	1000201-73-9
318	1072-15-7
318	1072-24-8
318	111726-87-5
318	1120-01-0
318	1120-01-0
318	1120-04-3
318	1191-50-0
318	1191-50-0
318	121481-64-9
318	12738-53-3
318	12765-21-8
318	129203-37-8
318	1334-67-4
318	1335-72-4
318	13393-71-0
318	13393-71-0
318	142-31-4
318	142-87-0
318	145269-44-9
318	151-21-3
318	152155-52-7
318	156108-01-9
318	172826-72-1
318	191490-40-1
318	210297-21-5
318	237743-45-2
318	3026-63-9
318	3026-63-9
318	303179-49-9
318	39384-36-6
318	51222-39-0
318	57176-54-2
318	58640-35-0
318	5910-79-2
318	61711-39-5
318	64441-33-4
318	68130-43-8
318	68585-47-7
318	68890-70-0
318	68955-19-1
318	72906-11-7
318	73296-89-6
318	74433-77-5
318	8012-56-4
318	8048-56-4
318	90583-25-8
318	90583-28-1
318	952055-37-7
318	952092-90-9
319	108-78-1
319	1228929-27-8
319	130392-03-9
319	1399841-69-0
319	1399841-71-4
319	1399841-73-6
319	169314-62-9
319	504-18-7
319	65544-34-5
319	67757-43-1
319	68379-55-5
319	70371-19-6
319	94977-27-2
32	123-68-2
320	122-20-3
321	1200828-44-9
321	121-44-8
321	144514-14-7
321	168277-99-4
321	172227-74-6
321	27143-60-8
321	449752-61-8
321	750564-56-8
321	UN1296
322	11120-27-7
322	1116-76-3
322	12612-15-6
322	51569-02-9
322	57176-40-6
322	68814-95-9
323	71-55-6
323	74552-83-3
323	UN2831
324	79-00-5
325	52037-46-4
325	79-01-6
325	UN1710
326	1320-39-4
326	26523-64-8
326	29463-70-5
326	354-58-5
326	39349-94-5
326	56996-61-3
326	57762-34-2
326	59948-56-0
326	76-13-1
327	76-06-2
327	UN1580
328	55335-06-3
328	69653-72-1
329	88-06-2
33	142-19-8
330	62185-70-0
330	75-69-4
330	79620-41-0
330	83589-40-6
330	91315-61-6
331	96-18-4
332	108-70-3
332	120-82-1
332	12002-48-1
332	87-61-6
332	UN2321
333	120528-25-8
333	1321-42-2
333	133-06-2
333	37335-15-2
334	68109-65-9
334	68912-13-0
335	102-82-9
335	168153-19-3
335	UN2542
336	1582-09-8
336	39300-53-3
336	52627-52-8
336	61373-95-3
336	71281-30-6
336	75635-23-3
337	2909-52-6
337	75-25-2
337	UN2515
338	4558-12-7
338	75-50-3
338	UN1297
339	101203-69-4
339	11121-28-1
339	112-03-8
339	1120-02-1
339	116810-46-9
339	137261-63-3
339	184921-65-1
339	18684-11-2
339	204529-20-4
339	2870-63-5
339	36087-10-2
339	37334-78-4
339	37334-79-5
339	37336-44-0
339	39336-75-9
339	500876-31-3
339	500876-35-7
339	60976-70-7
339	61789-18-2
339	61790-43-0
339	62132-46-1
339	64049-56-5
339	68002-62-0
339	68002-63-1
339	68391-03-7
339	78480-18-9
339	8028-19-1
339	8028-21-5
339	8029-24-1
339	8030-78-2
339	8046-62-6
339	80702-43-8
339	87553-58-0
339	RR-145134-9
34	100295-82-7
34	100295-83-8
34	10042-59-8
34	100431-82-1
34	100431-82-1
34	100431-87-6
34	100431-87-6
34	100483-74-7
34	100508-45-0
34	100757-71-9
34	100757-71-9
34	100757-71-9
34	100833-63-4
34	100833-63-4
34	100833-63-4
34	101181-74-2
34	10143-20-1
34	10143-23-4
34	10202-77-4
34	10202-77-4
34	10203-28-8
34	10203-28-8
34	10203-28-8
34	10203-30-2
34	10203-30-2
34	10203-30-2
34	10203-32-4
34	10203-32-4
34	10203-32-4
34	10203-33-5
34	10203-33-5
34	10203-33-5
34	102680-34-2
34	10289-68-6
34	102968-75-2
34	102968-75-2
34	102968-75-2
34	102968-76-3
34	102968-76-3
34	102968-76-3
34	10297-57-1
34	103-08-2
34	103-08-2
34	103-20-8
34	103-20-8
34	103088-91-1
34	103088-92-2
34	103184-98-1
34	103184-98-1
34	103184-99-2
34	103184-99-2
34	103227-60-7
34	103360-63-0
34	103496-51-1
34	104-76-7
34	104-76-7
34	104526-49-0
34	105-30-6
34	10522-26-6
34	10522-26-6
34	10522-26-6
34	10524-70-6
34	10524-70-6
34	10524-71-7
34	10524-71-7
34	105485-67-4
34	105485-69-6
34	105485-69-6
34	105485-69-6
34	105485-70-9
34	10575-56-1
34	10575-56-1
34	106-21-8
34	106-67-2
34	106-67-2
34	106593-58-2
34	106593-58-2
34	1070-32-2
34	1070-32-2
34	107494-37-1
34	107494-37-1
34	108-11-2
34	108-82-7
34	108-82-7
34	108-82-7
34	108393-72-2
34	108439-06-1
34	108439-06-1
34	108448-40-4
34	108530-04-7
34	110225-00-8
34	110595-28-3
34	111-27-3
34	111-70-6
34	111675-51-5
34	111675-51-5
34	111675-55-9
34	111675-55-9
34	111675-56-0
34	111675-56-0
34	111675-61-7
34	111675-61-7
34	111675-63-9
34	111675-63-9
34	111675-69-5
34	111675-69-5
34	111675-75-3
34	111675-75-3
34	111675-76-4
34	111675-76-4
34	111675-78-6
34	111675-79-7
34	1117-60-8
34	111767-96-5
34	111767-98-7
34	111767-99-8
34	111768-00-4
34	111768-01-5
34	111768-02-6
34	111768-03-7
34	111768-04-8
34	111768-05-9
34	111768-06-0
34	111768-08-2
34	111768-09-3
34	111774-57-3
34	111774-57-3
34	112-30-1
34	112-42-5
34	112-42-5
34	112-70-9
34	112-72-1
34	112-72-1
34	112-92-5
34	1120-06-5
34	113298-92-3
34	113298-92-3
34	113298-93-4
34	114653-27-9
34	115182-86-0
34	115182-86-0
34	115667-95-3
34	115667-95-3
34	117503-08-9
34	118447-52-2
34	118447-53-3
34	118447-53-3
34	118492-13-0
34	118492-13-0
34	1185-33-7
34	118665-25-1
34	120523-17-3
34	120523-18-4
34	120837-26-5
34	120837-26-5
34	120837-27-6
34	123-17-1
34	123-17-1
34	123-17-1
34	123-24-0
34	123-44-4
34	123-44-4
34	123-96-6
34	123-96-6
34	123402-45-9
34	124702-95-0
34	124702-95-0
34	124918-63-4
34	12758-52-0
34	128441-03-2
34	128441-03-2
34	13023-60-4
34	13023-60-4
34	130322-50-8
34	130322-50-8
34	1320-98-5
34	13231-81-7
34	132370-31-1
34	13254-34-7
34	13254-34-7
34	13254-34-7
34	1331-39-1
34	1331-39-1
34	1331-39-1
34	1331-40-4
34	1331-40-4
34	1333-49-9
34	13332-16-6
34	13332-29-1
34	1336-11-4
34	1336-11-4
34	13432-25-2
34	13432-25-2
34	13471-42-6
34	134766-55-5
34	134766-55-5
34	13501-73-0
34	13501-73-0
34	136968-61-1
34	137008-30-1
34	137008-30-1
34	137008-38-9
34	137008-38-9
34	13848-60-7
34	13848-60-7
34	13848-60-7
34	139224-36-5
34	14202-62-1
34	14202-62-1
34	14202-62-1
34	14202-64-3
34	14250-79-4
34	14250-79-4
34	14250-79-4
34	14250-80-7
34	14250-80-7
34	143819-62-9
34	143819-62-9
34	14499-84-4
34	14499-84-4
34	14499-84-4
34	1454-85-9
34	14609-79-1
34	14609-79-1
34	14609-79-1
34	1484-87-3
34	1484-87-3
34	1484-87-3
34	14852-31-4
34	1489-47-0
34	14898-80-7
34	14979-39-6
34	14979-39-6
34	1502-68-7
34	1502-92-7
34	1502-93-8
34	1502-94-9
34	15071-36-0
34	150927-17-6
34	151-19-9
34	1517-67-5
34	152197-32-5
34	15250-22-3
34	15340-96-2
34	154170-44-2
34	155073-30-6
34	155073-31-7
34	1561-17-7
34	1561-17-7
34	1565-81-7
34	1572-96-9
34	1573-28-0
34	1573-28-0
34	1573-28-0
34	158851-33-3
34	159848-27-8
34	160611-14-3
34	160935-35-3
34	16325-63-6
34	16325-63-6
34	16404-54-9
34	1653-30-1
34	1653-30-1
34	1653-31-2
34	1653-33-4
34	1653-33-4
34	1653-34-5
34	1653-35-6
34	1653-37-8
34	1653-40-3
34	1653-40-3
34	1656-06-0
34	166260-31-7
34	16651-60-8
34	16651-60-8
34	16813-18-6
34	169033-54-9
34	17015-11-1
34	1705-72-2
34	17092-41-0
34	17092-42-1
34	17092-54-5
34	171030-09-4
34	171030-10-7
34	174323-02-5
34	175276-11-6
34	175276-12-7
34	1767-46-0
34	17670-90-5
34	17687-70-6
34	17687-71-7
34	181024-42-0
34	181024-43-1
34	18352-67-5
34	18352-67-5
34	18352-67-5
34	18352-71-1
34	18352-71-1
34	18352-71-1
34	18371-13-6
34	1838-73-9
34	1838-73-9
34	18450-73-2
34	18450-73-2
34	18450-73-2
34	18450-74-3
34	18450-74-3
34	18450-74-3
34	18479-55-5
34	18479-57-7
34	18479-61-3
34	18541-08-7
34	18593-91-4
34	18593-91-4
34	18593-92-5
34	18593-92-5
34	18675-20-2
34	18675-24-6
34	18675-24-6
34	18720-62-2
34	18720-62-2
34	18720-65-5
34	18720-65-5
34	18720-66-6
34	18720-66-6
34	189021-36-1
34	19113-77-0
34	19113-77-0
34	19138-83-1
34	19264-94-9
34	19398-78-8
34	19411-41-7
34	19411-41-7
34	19549-70-3
34	19549-70-3
34	19549-70-3
34	19549-71-4
34	19549-71-4
34	19549-71-4
34	19549-72-5
34	19549-72-5
34	19549-72-5
34	19549-73-6
34	19549-73-6
34	19549-73-6
34	19549-77-0
34	19549-77-0
34	19549-77-0
34	19549-79-2
34	19549-79-2
34	19549-79-2
34	19550-02-8
34	19550-02-8
34	19550-03-9
34	19550-03-9
34	19550-07-3
34	19550-07-3
34	19550-08-4
34	19550-08-4
34	19550-30-2
34	19780-31-5
34	19780-31-5
34	19780-31-5
34	19780-40-6
34	19780-40-6
34	19780-40-6
34	19780-41-7
34	19780-41-7
34	19780-41-7
34	19780-42-8
34	19780-42-8
34	19780-42-8
34	19780-44-0
34	19780-44-0
34	19781-10-3
34	19781-11-4
34	19781-12-5
34	19781-12-5
34	19781-12-5
34	19781-12-5
34	19781-12-5
34	19781-12-5
34	19781-12-5
34	19781-13-6
34	19781-24-9
34	19781-26-1
34	19781-27-2
34	19781-28-3
34	19781-43-2
34	19781-83-0
34	19841-72-6
34	19965-71-0
34	19965-71-0
34	19965-71-0
34	20180-66-9
34	20194-45-0
34	20194-45-0
34	20194-45-0
34	20194-48-3
34	20281-83-8
34	20281-85-0
34	20281-86-1
34	20281-88-3
34	20281-90-7
34	20281-91-8
34	2051-31-2
34	2051-32-3
34	2051-33-4
34	20592-10-3
34	20680-53-9
34	20680-53-9
34	20680-53-9
34	20680-54-0
34	20818-95-5
34	21078-65-9
34	21078-65-9
34	21078-65-9
34	21078-68-2
34	21078-68-2
34	21078-68-2
34	21078-72-8
34	21078-80-8
34	21078-80-8
34	21078-80-8
34	21078-83-1
34	21078-83-1
34	21078-85-3
34	21078-87-5
34	21078-88-6
34	21102-09-0
34	21102-09-0
34	21102-09-0
34	21102-10-3
34	21102-10-3
34	21102-10-3
34	21102-12-5
34	21102-12-5
34	21102-12-5
34	21102-13-6
34	21102-13-6
34	21102-13-6
34	21242-50-2
34	21242-50-2
34	21570-35-4
34	21570-35-4
34	21964-39-6
34	21974-97-0
34	2198-72-3
34	21987-23-5
34	22025-20-3
34	22025-20-3
34	22417-49-8
34	22417-49-8
34	22417-49-8
34	22418-70-8
34	22418-70-8
34	22469-65-4
34	22658-92-0
34	22658-92-0
34	22663-61-2
34	22663-64-5
34	2313-61-3
34	2313-65-7
34	23171-85-9
34	23171-85-9
34	23418-37-3
34	23418-37-3
34	23418-37-3
34	23418-38-4
34	2370-12-9
34	2370-13-0
34	2370-13-0
34	2370-14-1
34	2370-15-2
34	2370-15-2
34	2370-15-2
34	23708-56-7
34	23708-56-7
34	2425-77-6
34	2430-22-0
34	2430-22-0
34	2430-22-0
34	24448-19-9
34	24448-19-9
34	2490-09-7
34	2490-10-0
34	2490-11-1
34	2490-40-6
34	2490-41-7
34	2490-42-8
34	2490-43-9
34	2490-44-0
34	2490-45-1
34	2490-47-3
34	2490-48-4
34	25237-85-8
34	25237-85-8
34	25237-85-8
34	25339-16-6
34	25339-16-6
34	25339-17-7
34	25354-98-7
34	25354-99-8
34	25355-00-4
34	25355-02-6
34	25355-03-7
34	2541-75-5
34	25428-98-2
34	25428-98-2
34	25428-98-2
34	25452-34-0
34	25452-35-1
34	25452-36-2
34	25564-53-8
34	25564-53-8
34	25564-57-2
34	25564-57-2
34	25564-59-4
34	25564-59-4
34	25564-62-9
34	25564-62-9
34	25570-07-4
34	25570-11-0
34	25570-11-0
34	25917-35-5
34	25966-64-7
34	25966-64-7
34	25966-65-8
34	26073-23-4
34	26209-94-9
34	26209-94-9
34	26215-92-9
34	26248-42-0
34	26330-76-7
34	26330-76-7
34	26401-20-7
34	26432-14-4
34	26432-15-5
34	26533-31-3
34	26533-32-4
34	26533-33-5
34	26533-34-6
34	26533-34-6
34	26533-34-6
34	26533-35-7
34	26533-35-7
34	26533-35-7
34	26549-24-6
34	26549-25-7
34	26549-26-8
34	26549-26-8
34	26762-44-7
34	26952-21-6
34	26952-21-6
34	26981-98-6
34	27243-09-0
34	27243-09-0
34	27243-10-3
34	27243-10-3
34	27243-10-3
34	27458-92-0
34	27458-93-1
34	27458-94-2
34	27458-94-2
34	27458-94-2
34	27522-11-8
34	27644-49-1
34	27644-49-1
34	27644-49-1
34	27649-34-9
34	27649-34-9
34	27649-36-1
34	27649-36-1
34	2768-12-9
34	2768-12-9
34	2768-12-9
34	2768-15-2
34	2768-16-3
34	2768-18-5
34	2768-18-5
34	28339-05-1
34	28339-05-1
34	28339-05-1
34	28929-85-3
34	28929-86-4
34	29354-98-1
34	29678-31-7
34	29678-33-9
34	29772-39-2
34	29772-39-2
34	29772-39-2
34	29772-40-5
34	29835-44-7
34	29835-44-7
34	29835-44-7
34	29843-62-7
34	3054-92-0
34	3054-92-0
34	3121-79-7
34	31271-00-8
34	31271-00-8
34	31271-00-8
34	31334-78-8
34	31334-80-2
34	31367-46-1
34	31367-46-1
34	31389-11-4
34	31841-58-4
34	31841-58-4
34	31841-58-4
34	31841-73-3
34	31841-74-4
34	31841-77-7
34	31841-77-7
34	321901-80-8
34	321901-80-8
34	321901-80-8
34	321901-80-8
34	321901-80-8
34	321901-80-8
34	32444-34-1
34	32579-68-3
34	32579-68-3
34	32579-69-4
34	32579-69-4
34	32579-69-4
34	32579-70-7
34	32836-42-3
34	32836-42-3
34	32836-42-3
34	33234-93-4
34	33758-15-5
34	33758-16-6
34	33933-77-6
34	33933-77-6
34	33933-77-6
34	33933-78-7
34	33933-79-8
34	33933-80-1
34	33933-80-1
34	33943-21-4
34	33943-21-4
34	33943-21-4
34	3396-02-9
34	3396-02-9
34	33969-59-4
34	33978-71-1
34	33978-71-1
34	33978-71-1
34	34197-82-5
34	34197-82-5
34	3452-97-9
34	3452-97-9
34	3452-97-9
34	34760-18-4
34	35119-84-7
34	35119-84-7
34	35177-29-8
34	3525-25-5
34	3525-25-5
34	3525-25-5
34	36311-34-9
34	36400-98-3
34	36633-44-0
34	36653-82-4
34	36729-58-5
34	36730-79-7
34	36794-64-6
34	3730-60-7
34	3730-60-7
34	37490-40-7
34	37493-70-2
34	37493-70-2
34	37769-60-1
34	37849-30-2
34	37849-30-2
34	37849-30-2
34	38206-58-5
34	38206-58-5
34	38395-41-4
34	38395-42-5
34	38443-88-8
34	38514-02-2
34	38514-02-2
34	38514-02-2
34	38514-03-3
34	38514-03-3
34	38514-03-3
34	38514-04-4
34	38514-04-4
34	38514-04-4
34	38514-05-5
34	38514-05-5
34	38514-05-5
34	38514-07-7
34	38514-08-8
34	38514-09-9
34	38514-11-3
34	38514-11-3
34	38514-12-4
34	38514-12-4
34	38514-13-5
34	38514-13-5
34	38514-14-6
34	38514-14-6
34	38514-14-6
34	38514-15-7
34	38636-36-1
34	38713-13-2
34	39003-07-1
34	39106-92-8
34	39106-92-8
34	3913-02-8
34	3913-02-8
34	3913-02-8
34	3965-59-1
34	3965-59-1
34	3970-59-0
34	3970-59-0
34	3970-59-0
34	3970-62-5
34	40225-75-0
34	40225-75-0
34	40225-75-0
34	40435-42-5
34	40435-42-5
34	40435-42-5
34	40589-14-8
34	40589-16-0
34	40589-16-0
34	40853-58-5
34	40853-58-5
34	41065-95-6
34	41065-95-6
34	41096-61-1
34	41096-61-1
34	4128-31-8
34	4128-31-8
34	4131-80-0
34	4131-80-0
34	4166-46-5
34	4166-46-5
34	41744-75-6
34	41746-85-4
34	41746-85-4
34	41884-28-0
34	41902-42-5
34	42007-73-8
34	42072-39-9
34	42072-62-8
34	42072-62-8
34	42072-62-8
34	4209-90-9
34	4209-90-9
34	4209-91-0
34	4209-91-0
34	42184-01-0
34	42328-76-7
34	42328-76-7
34	4272-06-4
34	4272-06-4
34	42763-52-0
34	42842-12-6
34	42842-12-6
34	42842-13-7
34	42842-13-7
34	42928-45-0
34	42928-47-2
34	42930-67-6
34	45235-48-1
34	464-07-3
34	4706-81-4
34	4706-81-4
34	4730-22-7
34	4730-22-7
34	4911-70-0
34	4989-79-1
34	4989-79-1
34	50973-08-5
34	51079-52-8
34	51079-52-8
34	51079-52-8
34	51079-79-9
34	5108-33-8
34	51166-20-2
34	51174-83-5
34	51174-83-5
34	51200-80-7
34	51200-80-7
34	51200-80-7
34	51200-81-8
34	51200-82-9
34	51200-83-0
34	51200-84-1
34	51200-84-1
34	51246-24-3
34	51246-24-3
34	51246-25-4
34	51246-25-4
34	51246-25-4
34	51246-26-5
34	51260-59-4
34	51552-64-8
34	51552-64-8
34	51552-64-8
34	5162-48-1
34	5162-48-1
34	51655-55-1
34	51655-55-1
34	51655-56-2
34	51655-56-2
34	51655-57-3
34	51655-60-8
34	51655-63-1
34	51750-47-1
34	51750-47-1
34	51774-11-9
34	51864-90-5
34	51864-91-6
34	51864-91-6
34	51864-91-6
34	51864-92-7
34	51864-92-7
34	51864-93-8
34	51864-93-8
34	51864-93-8
34	52019-78-0
34	5205-34-5
34	52356-02-2
34	52356-02-2
34	52356-02-2
34	52783-44-5
34	52788-59-7
34	53151-79-4
34	53151-79-4
34	53151-79-4
34	5331-63-5
34	5333-44-8
34	5333-48-2
34	5333-48-2
34	53353-04-1
34	53398-71-3
34	53398-71-3
34	5340-31-8
34	5340-31-8
34	5340-31-8
34	5340-35-2
34	5340-35-2
34	5340-36-3
34	5340-36-3
34	5340-36-3
34	5340-41-0
34	5340-41-0
34	5340-41-0
34	5340-51-2
34	5340-51-2
34	5340-52-3
34	5340-52-3
34	5340-52-3
34	5340-80-7
34	5396-09-8
34	54004-41-0
34	54004-41-0
34	54004-41-0
34	54206-54-1
34	543-49-7
34	54322-29-1
34	54322-29-1
34	54381-03-2
34	54381-04-3
34	54381-04-3
34	54381-04-3
34	54460-99-0
34	54460-99-0
34	54461-00-6
34	54461-00-6
34	5457-42-1
34	5457-42-1
34	5457-42-1
34	54630-50-1
34	54630-50-1
34	54712-26-4
34	54774-83-3
34	54774-83-3
34	54774-83-3
34	54775-01-8
34	54775-01-8
34	54775-01-8
34	54972-97-3
34	55073-86-4
34	55110-82-2
34	55310-58-2
34	55310-58-2
34	55310-58-2
34	55310-59-3
34	55310-59-3
34	55310-59-3
34	55310-60-6
34	55310-60-6
34	55310-60-6
34	55310-61-7
34	55310-61-7
34	55310-61-7
34	55505-23-2
34	55505-24-3
34	55505-24-3
34	55505-24-3
34	55505-25-4
34	55505-26-5
34	55505-27-6
34	55505-28-7
34	55505-28-7
34	55505-29-8
34	55505-29-8
34	55505-33-4
34	55505-34-5
34	55505-34-5
34	55505-34-5
34	55514-25-5
34	55514-25-5
34	55514-25-5
34	55719-99-8
34	55719-99-8
34	55719-99-8
34	55720-01-9
34	55720-01-9
34	55720-04-2
34	55720-04-2
34	55720-04-2
34	55816-16-5
34	55816-17-6
34	55816-17-6
34	5582-82-1
34	5582-82-1
34	56065-39-5
34	56065-39-5
34	56065-40-8
34	56065-41-9
34	56065-42-0
34	56065-43-1
34	56298-90-9
34	56298-90-9
34	56314-72-8
34	56314-72-8
34	56314-73-9
34	56314-73-9
34	56314-74-0
34	56314-74-0
34	56314-74-0
34	56314-75-1
34	56314-75-1
34	56314-75-1
34	56314-76-2
34	56314-77-3
34	565-60-6
34	565-67-3
34	56577-25-4
34	56846-92-5
34	56846-93-6
34	56973-28-5
34	57233-25-7
34	57233-26-8
34	57233-26-8
34	57233-29-1
34	57233-29-1
34	57233-31-5
34	57233-32-6
34	57233-32-6
34	57289-07-3
34	57409-53-7
34	57409-53-7
34	57630-25-8
34	57630-25-8
34	57630-25-8
34	5770-03-6
34	58046-40-5
34	58175-57-8
34	58175-57-8
34	58242-80-1
34	58242-82-3
34	58524-92-8
34	58558-26-2
34	58558-28-4
34	58558-33-1
34	58558-34-2
34	5857-69-2
34	5857-70-5
34	58587-44-3
34	58783-82-7
34	58795-24-7
34	58795-24-7
34	58795-24-7
34	589-35-5
34	589-55-9
34	589-62-8
34	589-62-8
34	589-82-2
34	589-98-0
34	589-98-0
34	590-36-3
34	59056-73-4
34	591-70-8
34	591-72-0
34	591-73-1
34	59117-31-6
34	59117-31-6
34	59156-74-0
34	59156-75-1
34	59156-76-2
34	59204-02-3
34	59222-84-3
34	593-03-3
34	593-32-8
34	5932-79-6
34	5932-79-6
34	5932-79-6
34	594-60-5
34	594-83-2
34	595-41-5
34	597-05-7
34	597-05-7
34	597-49-9
34	597-76-2
34	597-76-2
34	597-90-0
34	597-90-0
34	597-90-0
34	597-93-3
34	597-96-6
34	5970-63-8
34	5970-63-8
34	59734-23-5
34	59734-23-5
34	59734-23-5
34	5978-70-1
34	5978-70-1
34	598-01-6
34	598-01-6
34	600-36-2
34	60129-23-9
34	60129-24-0
34	6033-23-4
34	6033-24-5
34	60435-70-3
34	60435-70-3
34	60564-75-2
34	60564-75-2
34	60564-76-3
34	60564-76-3
34	60564-77-4
34	60564-77-4
34	60564-77-4
34	60564-78-5
34	60564-78-5
34	60564-78-5
34	60564-79-6
34	60564-79-6
34	60564-79-6
34	60671-32-1
34	60671-33-2
34	60671-33-2
34	60671-34-3
34	60671-34-3
34	60671-34-3
34	60671-35-4
34	60671-36-5
34	60671-36-5
34	60671-36-5
34	60671-37-6
34	60671-37-6
34	60671-37-6
34	60836-07-9
34	60836-08-0
34	609-27-8
34	61169-84-4
34	61169-84-4
34	61184-91-6
34	61184-92-7
34	6144-93-0
34	615-29-2
34	6169-06-8
34	6169-06-8
34	617-29-8
34	61838-24-2
34	61949-26-6
34	61973-86-2
34	6210-51-1
34	62101-31-9
34	62101-32-0
34	62101-33-1
34	623-37-0
34	623-55-2
34	623-93-8
34	623-93-8
34	623-93-8
34	624-08-8
34	624-22-6
34	624-51-1
34	624-51-1
34	624-51-1
34	624-95-3
34	62417-08-7
34	625-06-9
34	625-23-0
34	625-25-2
34	625-25-2
34	626-89-1
34	626-93-7
34	627-59-8
34	627-98-5
34	62701-49-9
34	628-44-4
34	628-44-4
34	628-44-4
34	628-99-9
34	628-99-9
34	628-99-9
34	629-76-5
34	62958-39-8
34	62958-39-8
34	62958-40-1
34	62958-41-2
34	6305-71-1
34	63067-46-9
34	63067-47-0
34	63126-08-9
34	63126-08-9
34	63126-08-9
34	63126-09-0
34	6345-85-3
34	6345-85-3
34	6345-85-3
34	63707-89-1
34	63707-89-1
34	63707-90-4
34	63707-90-4
34	63730-39-2
34	63730-39-2
34	63782-91-2
34	63782-91-2
34	63814-74-4
34	64029-94-3
34	64029-94-3
34	64029-94-3
34	64502-86-9
34	64641-46-9
34	6481-95-4
34	6481-95-4
34	65502-58-1
34	65502-58-1
34	65502-61-6
34	65502-61-6
34	65502-61-6
34	6570-87-2
34	65769-10-0
34	65769-10-0
34	65769-10-0
34	65822-93-7
34	65822-93-7
34	65822-93-7
34	65927-60-8
34	65927-60-8
34	65927-60-8
34	66050-98-4
34	66050-99-5
34	66225-51-2
34	66256-41-5
34	66256-46-0
34	66256-47-1
34	66256-50-6
34	66256-62-0
34	66256-65-3
34	66283-22-5
34	66283-22-5
34	6632-94-6
34	6632-94-6
34	66455-17-2
34	66534-89-2
34	66534-89-2
34	66576-24-7
34	66576-24-7
34	66576-25-8
34	66576-25-8
34	66576-34-9
34	66576-34-9
34	66576-35-0
34	66576-35-0
34	66576-55-4
34	66576-55-4
34	66576-56-5
34	66576-56-5
34	66576-57-6
34	66576-57-6
34	66605-94-5
34	66719-32-2
34	66719-33-3
34	66719-34-4
34	66719-42-4
34	66719-55-9
34	66793-71-3
34	66793-71-3
34	66793-71-3
34	66793-73-5
34	66793-73-5
34	66793-73-5
34	66793-84-8
34	66793-84-8
34	66793-84-8
34	66794-05-6
34	66794-05-6
34	66794-05-6
34	66810-87-5
34	66810-87-5
34	66810-87-5
34	67245-18-5
34	67253-82-1
34	67253-83-2
34	67253-84-3
34	67315-12-2
34	67468-87-5
34	67468-87-5
34	67468-87-5
34	67647-32-9
34	67762-41-8
34	67826-97-5
34	67826-97-5
34	68066-05-7
34	68066-05-7
34	68083-56-7
34	68083-56-7
34	68083-56-7
34	6836-38-0
34	6836-38-0
34	6836-38-0
34	6836-40-4
34	68419-45-4
34	68509-47-7
34	68509-47-7
34	68509-48-8
34	68509-48-8
34	68551-07-5
34	68573-13-7
34	68573-13-7
34	68573-14-8
34	68573-14-8
34	68573-14-8
34	68603-15-6
34	68680-98-8
34	6886-16-4
34	6886-16-4
34	690-37-9
34	690-37-9
34	69085-58-1
34	69106-31-6
34	6929-08-4
34	6929-08-4
34	69297-72-9
34	69341-45-3
34	69341-47-5
34	69341-48-6
34	69729-17-5
34	69798-78-3
34	69798-79-4
34	69897-43-4
34	69897-43-4
34	70076-05-0
34	70076-05-0
34	70076-05-0
34	70178-78-8
34	70178-78-8
34	70178-78-8
34	70178-79-9
34	70214-69-6
34	70214-69-6
34	70214-77-6
34	70214-77-6
34	70224-28-1
34	70358-78-0
34	70358-78-0
34	70358-78-0
34	70358-81-5
34	70358-81-5
34	70358-81-5
34	70358-83-7
34	70358-83-7
34	70358-86-0
34	70358-86-0
34	70358-89-3
34	70358-89-3
34	70492-65-8
34	70492-66-9
34	70492-66-9
34	71526-27-7
34	71526-27-7
34	71526-27-7
34	71612-12-9
34	71612-12-9
34	71612-12-9
34	71621-77-7
34	71621-77-7
34	7212-53-5
34	7212-53-5
34	72420-72-5
34	7278-65-1
34	7294-05-5
34	7294-05-5
34	73010-88-5
34	73010-88-5
34	73010-88-5
34	73105-71-2
34	73105-71-2
34	73105-79-0
34	73176-98-4
34	73176-99-5
34	73177-00-1
34	73177-00-1
34	73177-01-2
34	73177-01-2
34	7399-24-8
34	7399-24-8
34	74356-31-3
34	74356-31-3
34	74497-29-3
34	74683-67-3
34	74683-68-4
34	74683-69-5
34	74742-10-2
34	74893-65-5
34	75935-83-0
34	75935-83-0
34	75935-83-0
34	76144-88-2
34	76144-88-2
34	76144-88-2
34	77-74-7
34	77606-45-2
34	77861-53-1
34	79090-61-2
34	79090-61-2
34	79092-28-7
34	79092-28-7
34	79092-28-7
34	79147-59-4
34	79147-60-7
34	79237-71-1
34	79237-71-1
34	79449-64-2
34	79565-94-9
34	79565-95-0
34	79565-96-1
34	79827-42-2
34	79956-98-2
34	80192-55-8
34	80192-55-8
34	80350-64-7
34	80513-04-8
34	80513-04-8
34	80558-38-9
34	81120-76-5
34	81120-76-5
34	81540-78-5
34	81540-79-6
34	817-46-9
34	817-46-9
34	817-46-9
34	817-60-7
34	817-60-7
34	817-60-7
34	817-91-4
34	817-91-4
34	818-49-5
34	818-81-5
34	818-81-5
34	818-81-5
34	820-05-3
34	820-05-3
34	820-05-3
34	82147-24-8
34	82147-24-8
34	82147-24-8
34	82409-90-3
34	82409-93-6
34	82409-97-0
34	82409-98-1
34	82409-99-2
34	82410-00-2
34	82749-46-0
34	82749-47-1
34	82749-48-2
34	82749-48-2
34	82749-49-3
34	82749-49-3
34	82749-52-8
34	82749-53-9
34	82749-56-2
34	82749-56-2
34	82749-56-2
34	82749-57-3
34	82749-57-3
34	82749-57-3
34	83377-04-2
34	83474-29-7
34	83474-29-7
34	83474-29-7
34	83615-50-3
34	83970-26-7
34	83995-48-6
34	84110-44-1
34	84110-44-1
34	84110-44-1
34	84161-82-0
34	84534-30-5
34	84567-94-2
34	84567-94-2
34	84567-94-2
34	84621-65-8
34	84621-66-9
34	84709-54-6
34	84709-54-6
34	84709-55-7
34	84709-55-7
34	85099-32-7
34	85153-37-3
34	85391-44-2
34	85391-45-3
34	85508-26-5
34	85508-26-5
34	85617-05-6
34	85617-05-6
34	85712-03-4
34	85712-03-4
34	85712-03-4
34	85712-04-5
34	85712-04-5
34	85712-04-5
34	85712-05-6
34	85712-05-6
34	85712-05-6
34	85712-06-7
34	85712-06-7
34	85712-06-7
34	85763-57-1
34	86414-45-1
34	86423-92-9
34	86470-30-6
34	86470-30-6
34	86571-36-0
34	86571-36-0
34	86571-37-1
34	86571-37-1
34	86606-51-1
34	86606-51-1
34	86606-51-1
34	86693-68-7
34	86693-68-7
34	86693-68-7
34	86883-86-5
34	87118-42-1
34	87118-42-1
34	87118-42-1
34	87118-95-4
34	87118-95-4
34	87118-95-4
34	87187-88-0
34	87187-89-1
34	87187-91-5
34	87189-78-4
34	87189-78-4
34	87189-78-4
34	87247-05-0
34	87247-09-4
34	87247-10-7
34	87247-11-8
34	87247-18-5
34	87247-18-5
34	87247-19-6
34	87247-19-6
34	87247-28-7
34	87247-29-8
34	87247-30-1
34	87247-31-2
34	87247-32-3
34	87247-33-4
34	87247-34-5
34	87247-35-6
34	87383-16-2
34	87383-16-2
34	87383-16-2
34	87383-17-3
34	87383-17-3
34	87383-17-3
34	87383-18-4
34	87383-18-4
34	87383-18-4
34	87383-23-1
34	88331-26-4
34	88331-26-4
34	88331-26-4
34	88776-42-5
34	88776-42-5
34	88776-42-5
34	89051-70-7
34	89051-74-1
34	89051-78-5
34	89319-96-0
34	89319-97-1
34	89319-98-2
34	90105-24-1
34	90365-63-2
34	90365-63-2
34	90663-74-4
34	90670-72-7
34	90835-17-9
34	90835-18-0
34	90835-19-1
34	90835-23-7
34	90835-25-9
34	90835-25-9
34	90835-25-9
34	90835-37-3
34	90835-38-4
34	90835-39-5
34	91328-44-8
34	91681-57-1
34	91681-57-1
34	91681-57-1
34	92180-57-9
34	92180-58-0
34	92340-81-3
34	92353-15-6
34	92353-16-7
34	92353-17-8
34	927-45-7
34	92737-90-1
34	92737-90-1
34	92737-91-2
34	92737-91-2
34	93031-21-1
34	93031-21-1
34	93031-23-3
34	93031-24-4
34	93031-25-5
34	93031-25-5
34	93031-27-7
34	93175-65-6
34	93704-22-4
34	93704-23-5
34	93821-11-5
34	93862-10-3
34	93862-10-3
34	93862-10-3
34	94021-93-9
34	94021-93-9
34	94021-94-0
34	94021-94-0
34	94051-40-8
34	95461-60-2
34	95461-60-2
34	97-95-0
34	97097-70-6
34	97235-27-3
34	97752-24-4
34	97752-25-5
34	97752-25-5
34	97845-27-7
34	97915-30-5
34	97994-56-4
34	97994-56-4
34	97994-56-4
34	98757-89-2
34	98757-89-2
34	98757-89-2
34	98811-97-3
34	98982-97-9
34	98982-97-9
34	98982-97-9
34	99164-04-2
34	99210-87-4
34	99210-87-4
34	99210-87-4
34	99210-88-5
34	99210-89-6
34	99427-18-6
34	99427-18-6
34	99521-77-4
34	99602-93-4
34	99745-76-3
34	99943-33-6
340	127-41-3
340	1353674-22-2
340	14398-36-8
340	14901-07-6
340	24190-29-2
340	24190-32-7
340	31798-12-6
340	35031-06-2
340	35031-06-2
340	52340-45-1
340	79-76-5
340	79-77-6
340	8013-90-9
341	10182-91-9
341	108779-79-9
341	1119-94-4
341	112-00-5
341	116810-46-9
341	13623-06-8
341	1379525-85-5
341	1392044-09-5
341	14898-63-6
341	157929-06-1
341	27574-56-7
341	3054-66-8
341	37293-08-6
341	37334-78-4
341	37334-79-5
341	37336-44-0
341	37380-56-6
341	500876-31-3
341	500876-35-7
341	55489-20-8
341	57244-96-9
341	59680-23-8
341	61789-18-2
341	61790-43-0
341	62395-69-1
341	68391-03-7
341	71061-07-9
341	769136-50-7
341	78480-16-7
341	8028-19-1
341	8029-24-1
341	8030-78-2
341	8046-62-6
341	94158-60-8
341	RR-190092-1
342	108-67-8
342	25551-13-7
342	526-73-8
342	95-63-6
342	UN2325
343	10557-44-5
343	107-39-1
343	107-40-4
343	11071-47-9
343	12002-23-2
343	13151-04-7
343	13151-05-8
343	13172-91-3
343	133773-48-5
343	13714-85-7
343	14255-23-3
343	14255-24-4
343	15870-10-7
343	15910-22-2
343	15918-08-8
343	16106-59-5
343	1632-16-2
343	1647-08-1
343	16745-94-1
343	16746-02-4
343	16746-85-3
343	16746-86-4
343	16746-87-5
343	16789-51-8
343	17618-76-7
343	18231-53-3
343	19138-82-0
343	19550-81-3
343	19550-82-4
343	19550-83-5
343	19550-87-9
343	19550-88-0
343	19780-46-2
343	19780-66-6
343	19780-67-7
343	19780-68-8
343	19781-63-6
343	20488-34-0
343	2213-37-8
343	22487-87-2
343	22768-17-8
343	22768-18-9
343	22768-19-0
343	22768-20-3
343	24608-84-2
343	24608-85-3
343	25167-70-8
343	26266-69-3
343	26680-58-0
343	30951-95-2
343	3123-93-1
343	3404-56-6
343	3404-57-7
343	3404-58-8
343	3404-59-9
343	3404-67-9
343	3404-75-9
343	3404-77-1
343	3404-78-2
343	3404-79-3
343	3404-80-6
343	36382-10-2
343	37266-23-2
343	37549-89-6
343	39761-57-4
343	39761-61-0
343	39761-64-3
343	39782-43-9
343	42067-48-1
343	42067-49-2
343	42524-09-4
343	44652-54-2
343	4485-16-9
343	4810-09-7
343	5026-76-6
343	50422-80-5
343	51065-65-7
343	53510-18-2
343	54616-49-8
343	560-22-5
343	560-23-6
343	564-03-4
343	565-76-4
343	565-77-5
343	59643-75-3
343	598-96-9
343	61665-19-8
343	61847-78-7
343	61847-80-1
343	6196-60-7
343	620-00-8
343	627-97-4
343	66225-12-5
343	66225-13-6
343	66225-14-7
343	66225-15-8
343	66225-16-9
343	66225-17-0
343	66225-18-1
343	66225-19-2
343	66225-20-5
343	66225-30-7
343	66225-31-8
343	690-92-6
343	690-93-7
343	69106-04-3
343	69106-05-4
343	692-70-6
343	692-96-6
343	6975-92-4
343	7116-86-1
343	7145-20-2
343	7145-23-5
343	7300-03-0
343	73548-71-7
343	73548-72-8
343	7423-69-0
343	78820-81-2
343	78820-82-3
343	79075-20-0
343	81789-83-5
343	81789-84-6
343	82085-14-1
343	82580-44-7
343	97593-00-5
343	99446-63-6
343	99446-64-7
343	99446-65-8
343	99446-68-1
343	99446-69-2
343	99446-72-7
343	99446-73-8
343	99446-74-9
343	99446-75-0
343	99446-76-1
343	99446-77-2
343	99469-15-5
343	99469-16-6
343	99494-05-0
343	99494-06-1
343	99546-36-8
343	UN2050
344	108727-79-3
344	120026-01-9
344	1258965-22-8
344	1370605-09-6
344	138590-36-0
344	163035-07-2
344	225795-63-1
344	2530-83-8
344	26348-10-7
344	346694-79-9
344	51938-40-0
344	52254-18-9
344	53029-18-8
344	597543-71-0
344	625115-01-7
344	65323-93-5
344	66796-19-8
344	834889-14-4
344	852245-94-4
344	861807-90-1
344	88385-40-4
345	104213-33-4
345	110681-06-6
345	1186289-23-5
345	1204229-13-9
345	1204746-08-6
345	1211316-67-4
345	1260158-01-7
345	1321-38-6
345	1321-39-7
345	1326716-94-2
345	1358624-38-0
345	136154-22-8
345	137091-34-0
345	13879-33-9
345	14219-05-7
345	1421949-89-4
345	1422250-41-6
345	1422343-79-0
345	1432062-26-4
345	25321-34-0
345	26102-02-3
345	26471-62-5
345	29033-29-2
345	35465-61-3
345	50853-47-9
345	50985-24-5
345	584-84-9
345	59539-76-3
345	614-90-4
345	71215-63-9
345	72214-34-7
345	7373-19-5
345	80498-23-3
345	856307-56-7
345	86-91-9
345	89698-92-0
345	91-08-7
345	UN2078
346	106-49-0
346	108-44-1
346	12221-03-3
346	25640-74-8
346	26915-12-8
346	95-53-4
346	UN1708
346	UN3451
347	1053657-77-4
347	108-88-3
347	1124-18-1
347	1202864-97-8
347	1603-99-2
347	2037-26-5
347	UN1294
348	11066-21-0
348	11067-19-9
348	13502-13-1
348	13502-15-3
348	13502-20-0
348	13513-23-0
348	13513-24-1
348	13513-36-5
348	13513-40-1
348	13513-45-6
348	13513-47-8
348	1431140-33-8
348	189313-53-9
348	19327-30-1
348	20275-74-5
348	29963-33-5
348	4615-11-6
348	4615-13-8
348	54673-97-1
348	6203-63-0
348	6203-64-1
348	65412-44-4
348	67612-03-7
348	68439-57-6
348	68937-98-4
348	7355-88-6
348	93686-14-7
348	93941-93-6
349	116503-44-7
349	122333-48-6
349	15922-78-8
349	304675-78-3
349	3811-73-2
349	5412-36-2
349	75164-71-5
349	878632-79-2
35	1266378-54-4
35	1616934-80-5
35	21244-99-5
35	25054-76-6
35	32954-43-1
35	39761-83-6
35	4292-10-8
35	43126-89-2
35	5437-10-5
35	59272-84-3
35	61789-40-0
35	6179-44-8
35	65277-51-2
35	68928-60-9
35	73772-45-9
35	73772-46-0
35	86243-76-7
35	97862-59-4
35	RR-190095-4
350	88380-00-1
351	132-27-4
351	6152-33-6
352	1146-65-2
352	72931-45-4
352	91-20-3
352	UN1334
353	10031-13-7
353	10031-21-7
353	10031-21-7
353	10031-22-8
353	100402-96-8
353	100656-49-3
353	100656-51-7
353	100656-53-9
353	100656-54-0
353	100656-55-1
353	100656-56-2
353	100822-74-0
353	100929-97-3
353	10099-62-4
353	10099-74-8
353	10099-76-0
353	10099-79-3
353	10101-44-7
353	10101-63-0
353	101012-92-4
353	101013-06-3
353	10102-48-4
353	101419-68-5
353	10177-50-1
353	10190-55-3
353	102047-25-6
353	102110-24-7
353	102110-26-9
353	102110-36-1
353	102110-48-5
353	102110-49-6
353	102110-60-1
353	102110-61-2
353	102110-62-3
353	10214-39-8
353	102423-87-0
353	102613-50-3
353	10294-47-0
353	10294-58-3
353	103427-19-6
353	103730-90-1
353	10382-36-2
353	10382-41-9
353	104839-24-9
353	106160-94-5
353	106496-44-0
353	106496-45-1
353	1067-14-7
353	1068-23-1
353	1068-61-7
353	106804-23-3
353	106804-81-3
353	1072-35-1
353	1079390-64-9
353	1083-82-5
353	108350-80-7
353	108424-14-2
353	108424-15-3
353	108424-16-4
353	109707-90-6
353	109882-46-4
353	11063-58-4
353	110687-39-3
353	11097-78-2
353	11113-70-5
353	11116-83-9
353	11119-70-3
353	11120-22-2
353	11120-55-1
353	1120-46-3
353	1145660-51-0
353	114601-64-8
353	114830-97-6
353	1153-06-6
353	1160353-52-5
353	1162-06-7
353	116565-73-2
353	116565-74-3
353	116666-25-2
353	116739-98-1
353	118217-11-1
353	1191-18-0
353	119801-45-5
353	120119-64-4
353	12013-69-3
353	12017-86-6
353	12023-90-4
353	12029-23-1
353	12034-30-9
353	12034-88-7
353	12036-31-6
353	12036-76-9
353	12036-93-0
353	12048-28-1
353	12059-89-1
353	12060-00-3
353	12060-01-4
353	12065-68-8
353	12065-90-6
353	12069-00-0
353	121054-00-0
353	121072-42-2
353	12135-36-3
353	12137-74-5
353	12138-48-6
353	12141-20-7
353	12143-43-0
353	12157-94-7
353	12202-17-4
353	12205-72-0
353	12213-61-5
353	12213-74-0
353	12214-45-8
353	122162-56-5
353	122332-23-4
353	122466-83-5
353	12266-38-5
353	12268-84-7
353	12275-07-9
353	1227908-26-0
353	12333-97-0
353	123517-46-4
353	12356-42-2
353	12359-22-7
353	12359-23-8
353	12372-45-1
353	12377-69-4
353	12397-06-7
353	12397-26-1
353	12403-82-6
353	12412-92-9
353	12412-94-1
353	124222-18-0
353	12435-47-1
353	1245817-44-0
353	124826-86-4
353	12503-65-0
353	125328-49-6
353	12544-05-7
353	125454-11-7
353	125471-97-8
353	125494-56-6
353	125634-26-6
353	1256909-95-1
353	1257633-00-3
353	12578-12-0
353	12608-25-2
353	12612-47-4
353	12619-84-0
353	1262279-30-0
353	1262279-31-1
353	12626-81-2
353	12627-67-7
353	12653-68-8
353	12656-85-8
353	12673-46-0
353	12673-93-7
353	12673-93-7
353	12676-62-9
353	12684-19-4
353	12684-34-3
353	126857-68-9
353	12687-78-4
353	12709-98-7
353	12710-25-7
353	127279-03-2
353	12737-97-2
353	12737-98-3
353	12740-44-2
353	12765-51-4
353	12774-29-7
353	127917-29-7
353	128226-81-3
353	1287784-11-5
353	128976-28-3
353	1294-74-2
353	129618-34-4
353	13009-77-3
353	130596-72-4
353	130680-19-2
353	130730-32-4
353	1308-29-8
353	1309-59-7
353	1309-60-0
353	13094-04-7
353	1310-03-8
353	1311-11-1
353	1314-27-8
353	1314-41-6
353	1314-87-0
353	1314-91-6
353	1314087-54-1
353	1314087-56-3
353	1317-36-8
353	1319-46-6
353	132003-12-4
353	13231-90-8
353	1323950-28-2
353	1326-05-2
353	13266-07-4
353	1327-31-7
353	1331-70-0
353	133315-99-8
353	1335-25-7
353	1335-32-6
353	133988-90-6
353	13406-89-8
353	13424-46-9
353	13427-42-4
353	1344-36-1
353	1344-37-2
353	1344-38-3
353	1344-40-7
353	13453-57-1
353	13453-60-6
353	13453-62-8
353	13453-65-1
353	13453-66-2
353	13463-30-4
353	13464-43-2
353	13478-50-7
353	13510-89-9
353	13510-91-3
353	13510-94-6
353	13510-96-8
353	13566-17-1
353	135699-34-2
353	135849-93-3
353	13637-76-8
353	136596-82-2
353	1369526-72-6
353	13698-55-0
353	13701-91-2
353	13703-85-0
353	13732-17-7
353	13765-90-7
353	13767-78-7
353	13778-36-4
353	13779-93-6
353	13779-98-1
353	13814-96-5
353	13826-65-8
353	13845-31-3
353	13845-35-7
353	13931-84-5
353	139522-21-7
353	139522-22-8
353	13966-28-4
353	14013-09-3
353	14034-76-5
353	14105-08-9
353	14105-09-0
353	14119-28-9
353	14119-29-0
353	14119-30-3
353	141754-61-2
353	1421258-73-2
353	14255-04-0
353	14280-50-3
353	14287-09-3
353	1428856-88-5
353	1429516-97-1
353	14307-44-9
353	143928-79-4
353	14402-61-0
353	14450-60-3
353	14466-01-4
353	1450900-87-4
353	1451592-07-6
353	14570-16-2
353	146104-54-3
353	1462878-70-1
353	14643-03-9
353	14648-48-7
353	14650-47-6
353	14687-25-3
353	14720-53-7
353	148332-23-4
353	14846-40-3
353	14931-82-9
353	1493800-25-1
353	14986-72-2
353	149864-43-7
353	15061-40-2
353	15067-28-4
353	15092-94-1
353	15187-16-3
353	1520-71-4
353	1520-78-1
353	15245-44-0
353	15282-88-9
353	15306-30-6
353	15347-55-4
353	15347-57-6
353	153679-91-5
353	153679-91-5
353	15516-84-4
353	15521-60-5
353	15576-47-3
353	15590-77-9
353	15696-43-2
353	15708-49-3
353	15710-47-1
353	15739-80-7
353	15748-73-9
353	15752-86-0
353	15773-47-4
353	15773-48-5
353	15773-52-1
353	15773-53-2
353	15773-55-4
353	15773-56-5
353	15804-54-3
353	15816-77-0
353	15843-48-8
353	15845-52-0
353	15851-47-5
353	15887-88-4
353	15906-71-5
353	15907-04-7
353	16035-34-0
353	16035-39-5
353	16038-76-9
353	16040-38-3
353	1605283-50-8
353	16180-04-4
353	16183-12-3
353	16183-13-4
353	16450-50-3
353	16521-45-2
353	16645-99-1
353	16646-00-7
353	168456-68-6
353	16893-63-3
353	16996-40-0
353	16996-51-3
353	1702636-77-8
353	17239-87-1
353	172589-69-4
353	172777-22-9
353	17362-65-1
353	17398-75-3
353	17398-75-3
353	17406-54-1
353	17498-10-1
353	175448-53-0
353	17549-30-3
353	17570-76-2
353	1762-26-1
353	1762-27-2
353	1762-28-3
353	176547-68-5
353	17856-14-3
353	17857-60-2
353	17976-43-1
353	17976-44-2
353	17979-75-8
353	1799735-35-5
353	180129-52-6
353	181768-98-9
353	18256-98-9
353	18279-19-1
353	18279-20-4
353	18279-21-5
353	18454-12-1
353	18608-34-9
353	1879054-37-1
353	188417-76-7
353	1887168-54-8
353	18917-82-3
353	1898210-10-0
353	189829-60-5
353	1899002-67-5
353	19010-66-3
353	19136-34-6
353	1920-90-7
353	19372-22-6
353	19389-88-9
353	19423-89-3
353	1951408-54-0
353	19528-55-3
353	19651-80-0
353	19696-90-3
353	19783-14-3
353	199876-46-5
353	200444-20-8
353	201742-34-9
353	20383-42-0
353	20403-41-2
353	20403-42-3
353	20534-94-5
353	2068005-39-8
353	2068005-40-1
353	207500-00-3
353	207500-00-3
353	20837-86-9
353	20890-10-2
353	20917-34-4
353	20936-32-7
353	2093943-43-0
353	2095571-59-6
353	2097729-73-0
353	2098001-96-6
353	2098487-24-0
353	2098815-17-7
353	2101242-86-6
353	21135-97-7
353	2117-69-3
353	21180-26-7
353	21319-43-7
353	21459-27-8
353	21519-20-0
353	21600-78-2
353	21774-13-0
353	21981-95-3
353	2222122-62-3
353	2222122-63-4
353	22438-69-3
353	22569-74-0
353	22723-52-0
353	22904-40-1
353	23188-89-8
353	23621-79-6
353	2388-00-3
353	23884-79-9
353	2409067-85-0
353	2414965-66-3
353	2437245-44-6
353	24824-71-3
353	24952-65-6
353	24988-28-1
353	2508-97-6
353	2516245-98-8
353	25510-11-6
353	25659-31-8
353	25666-92-6
353	2568498-72-4
353	25721-38-4
353	25725-28-4
353	257292-73-2
353	25808-74-6
353	2587-81-7
353	2587-82-8
353	2587-84-0
353	25987-03-5
353	26006-62-2
353	26265-65-6
353	26271-93-2
353	2712640-33-8
353	27253-28-7
353	27253-41-4
353	27486-00-6
353	27496-91-9
353	27923-60-0
353	28267-01-8
353	29134-88-1
353	29473-77-6
353	29597-84-0
353	29729-00-8
353	30051-53-7
353	301-04-2
353	301-07-5
353	301-08-6
353	30478-96-7
353	30719-10-9
353	30873-69-9
353	3124-01-4
353	32112-52-0
353	3249-60-3
353	3249-61-4
353	3268-27-7
353	33011-59-5
353	33627-12-2
353	33940-95-3
353	34018-28-5
353	34295-32-4
353	3440-75-3
353	35029-96-0
353	35112-70-0
353	35229-41-5
353	35254-34-3
353	35296-72-1
353	35498-15-8
353	35830-81-0
353	35837-70-8
353	36501-84-5
353	3687-31-8
353	37185-13-0
353	37189-44-9
353	37194-88-0
353	37196-28-4
353	37221-92-4
353	37223-82-8
353	37223-83-9
353	37223-83-9
353	37223-94-2
353	37224-42-3
353	37224-42-3
353	37240-96-3
353	37251-28-8
353	37280-55-0
353	37316-84-0
353	37361-76-5
353	37382-38-0
353	378253-10-2
353	378253-11-3
353	38787-87-0
353	39345-91-0
353	39377-56-5
353	39380-79-5
353	39386-06-6
353	39387-81-0
353	39390-00-6
353	39412-44-7
353	41141-89-3
353	41234-07-5
353	41453-50-3
353	41547-50-6
353	41556-46-1
353	4219-19-6
353	42558-73-6
353	42579-89-5
353	43135-83-7
353	43629-00-1
353	444279-15-6
353	469906-25-0
353	50319-14-7
353	50354-80-8
353	5072-98-0
353	50729-74-3
353	50816-00-7
353	50825-29-1
353	51105-45-4
353	512-26-5
353	5120-07-0
353	51317-24-9
353	51325-28-1
353	51329-63-6
353	51331-05-6
353	51404-69-4
353	51682-73-6
353	51682-74-7
353	51868-24-7
353	51899-02-6
353	52014-33-2
353	52080-60-1
353	52231-92-2
353	5224-23-7
353	52337-73-2
353	52440-39-8
353	52609-46-8
353	52652-59-2
353	52732-72-6
353	52762-90-0
353	52847-85-5
353	52869-79-1
353	53092-86-7
353	53096-04-1
353	53113-58-9
353	53404-12-9
353	53466-66-3
353	53513-80-7
353	53529-09-2
353	53807-64-0
353	5434-72-0
353	54554-36-8
353	546-67-8
353	54692-53-4
353	56189-09-4
353	562-95-8
353	56267-87-9
353	56572-83-9
353	56730-15-5
353	56730-34-8
353	56764-40-0
353	5711-19-3
353	57142-78-6
353	57218-73-2
353	57456-13-0
353	58274-53-6
353	58405-97-3
353	58572-21-7
353	592-05-2
353	592-87-0
353	59286-40-7
353	595-89-1
353	59707-49-2
353	598-63-0
353	60251-56-1
353	60525-54-4
353	60580-60-1
353	6080-56-4
353	6107-83-1
353	6107-93-3
353	612524-90-0
353	61461-40-3
353	6148-48-7
353	61513-05-1
353	61513-06-2
353	61513-07-3
353	61788-52-1
353	61788-53-2
353	61788-54-3
353	61789-50-2
353	61790-14-5
353	61867-68-3
353	61869-44-1
353	61981-10-0
353	61993-29-1
353	62010-25-7
353	62042-25-5
353	62229-08-7
353	62451-77-8
353	625080-35-5
353	62637-99-4
353	63399-94-0
353	63400-07-7
353	63400-08-8
353	63568-30-9
353	63653-42-9
353	63916-96-1
353	63916-98-3
353	63918-97-8
353	64470-66-2
353	64470-66-2
353	64504-12-7
353	64523-06-4
353	6477-64-1
353	65119-94-0
353	65121-76-8
353	65121-94-0
353	65127-78-8
353	65151-08-8
353	65229-22-3
353	65863-24-3
353	6594-85-0
353	65996-76-1
353	65997-18-4
353	6618-03-7
353	6713-82-2
353	67674-14-0
353	67711-86-8
353	67711-91-5
353	67711-92-6
353	67711-93-7
353	67711-94-8
353	67711-96-0
353	67711-98-2
353	67711-99-3
353	68130-19-8
353	68131-60-2
353	68132-23-0
353	68139-27-5
353	68152-99-8
353	68155-47-5
353	68187-20-2
353	68187-37-1
353	68189-41-3
353	68332-81-0
353	6838-85-3
353	68409-79-0
353	68411-07-4
353	68411-33-6
353	68411-78-9
353	68424-76-0
353	68439-90-7
353	68442-95-5
353	68515-76-4
353	68515-77-5
353	68515-80-0
353	68551-43-9
353	68553-17-3
353	68553-63-9
353	68555-05-5
353	68555-07-7
353	68584-94-1
353	68585-90-0
353	68586-21-0
353	68603-83-8
353	68603-93-0
353	68604-05-7
353	68604-56-8
353	68605-98-1
353	68610-17-3
353	6865-72-1
353	68784-53-2
353	68784-59-8
353	68784-74-7
353	68784-75-8
353	68784-76-9
353	68891-87-2
353	68901-11-1
353	68901-12-2
353	68937-05-3
353	68952-91-0
353	68954-05-2
353	68956-49-0
353	68987-33-7
353	68989-89-9
353	68990-75-0
353	6901-79-7
353	69011-06-9
353	69011-07-0
353	69011-54-7
353	69011-59-2
353	69011-60-5
353	69011-86-5
353	69012-20-0
353	69012-22-2
353	69012-26-6
353	69012-43-7
353	69012-56-2
353	69012-60-8
353	69012-63-1
353	69012-65-3
353	69012-67-5
353	69012-70-0
353	69012-71-1
353	69012-72-2
353	69012-78-8
353	69029-45-4
353	69029-46-5
353	69029-47-6
353	69029-50-1
353	69029-51-2
353	69029-52-3
353	69029-53-4
353	69029-57-8
353	69029-58-9
353	69029-60-3
353	69029-61-4
353	69029-62-5
353	69029-63-6
353	69029-65-8
353	69029-66-9
353	69029-67-0
353	69029-68-1
353	69029-70-5
353	69029-71-6
353	69029-72-7
353	69029-74-9
353	69029-79-4
353	69029-80-7
353	69029-83-0
353	69029-84-1
353	69029-85-2
353	69029-87-4
353	69029-88-5
353	69029-93-2
353	69029-97-6
353	69090-73-9
353	69103-03-3
353	69103-04-4
353	69227-11-8
353	6928-68-3
353	69637-83-8
353	69670-72-0
353	70084-67-2
353	70145-53-8
353	70268-38-1
353	70321-55-0
353	70513-89-2
353	70514-05-5
353	70514-37-3
353	7056-83-9
353	70727-02-5
353	70879-91-3
353	70995-63-0
353	71630-92-7
353	71684-29-2
353	71686-03-8
353	71753-04-3
353	71799-66-1
353	72437-77-5
353	724427-66-1
353	72469-41-1
353	72586-00-6
353	73105-55-2
353	7319-86-0
353	73513-16-3
353	73826-06-9
353	7428-48-0
353	74356-14-2
353	7439-92-1
353	7442-13-9
353	7446-10-8
353	7446-14-2
353	7446-15-3
353	7446-27-7
353	74765-09-6
353	7488-51-9
353	75-74-1
353	75790-73-7
353	76093-98-6
353	7645-25-2
353	76835-98-8
353	76925-97-8
353	7717-46-6
353	7758-95-4
353	7758-97-6
353	7759-01-5
353	7783-46-2
353	7783-59-7
353	7784-40-9
353	78-00-2
353	78690-68-3
353	79357-62-3
353	79393-68-3
353	79803-79-5
353	79849-02-8
353	79915-08-5
353	79915-09-6
353	8005-36-5
353	8012-00-8
353	8012-76-8
353	8049-64-7
353	811-54-1
353	81209-53-2
353	814-70-0
353	814-93-7
353	81412-57-9
353	815-84-9
353	816-68-2
353	819-73-8
353	825-91-2
353	82669-93-0
353	82696-30-8
353	82800-11-1
353	83689-82-1
353	83711-45-9
353	83711-46-0
353	83711-47-1
353	83896-77-9
353	84066-98-8
353	84066-99-9
353	84067-00-5
353	84195-51-7
353	84195-60-8
353	84195-61-9
353	84394-98-9
353	84583-61-9
353	84776-00-1
353	84776-36-3
353	84776-53-4
353	84776-54-5
353	84837-22-9
353	84852-34-6
353	84929-94-2
353	84929-95-3
353	84929-96-4
353	84929-97-5
353	84961-75-1
353	85049-42-9
353	85117-02-8
353	851754-81-9
353	85292-77-9
353	85305-08-4
353	85392-77-4
353	85392-78-5
353	85536-79-4
353	85682-01-5
353	85764-81-4
353	85865-91-4
353	85865-92-5
353	85941-57-7
353	86202-43-9
353	866-87-5
353	867-47-0
353	873-54-1
353	87835-32-3
353	87903-39-7
353	88685-10-3
353	886883-98-3
353	89054-03-5
353	89911-31-9
353	9008-26-8
353	90193-83-2
353	90268-59-0
353	90268-66-9
353	90342-24-8
353	90342-56-6
353	90388-09-3
353	90388-10-6
353	90388-15-1
353	90431-14-4
353	90431-21-3
353	90431-26-8
353	90431-27-9
353	90431-28-0
353	90431-29-1
353	90431-30-4
353	90431-31-5
353	90431-32-6
353	90431-33-7
353	90431-34-8
353	90431-35-9
353	90431-36-0
353	90431-37-1
353	90431-38-2
353	90431-39-3
353	90431-40-6
353	90431-41-7
353	90431-42-8
353	90431-43-9
353	90431-44-0
353	90459-25-9
353	90459-26-0
353	90459-28-2
353	90459-51-1
353	90459-52-2
353	90459-88-4
353	90552-19-5
353	90583-07-6
353	90583-37-2
353	90583-65-6
353	91002-20-9
353	91031-60-6
353	91031-61-7
353	91031-62-8
353	91053-49-5
353	91078-81-8
353	91083-54-4
353	91187-55-2
353	91388-81-7
353	91671-82-8
353	91671-83-9
353	91671-84-0
353	91697-36-8
353	91783-10-7
353	92044-89-8
353	92045-67-5
353	92200-92-5
353	93165-26-5
353	93215-61-3
353	93763-87-2
353	93821-47-7
353	93821-70-6
353	93821-72-8
353	93839-98-6
353	93840-04-1
353	93858-23-2
353	93858-24-3
353	93892-65-0
353	93894-48-5
353	93894-49-6
353	93894-64-5
353	93925-27-0
353	93965-29-8
353	93966-37-1
353	93966-38-2
353	93966-74-6
353	93981-67-0
353	94006-20-9
353	94015-57-3
353	940949-96-2
353	94232-40-3
353	94246-84-1
353	94246-85-2
353	94246-86-3
353	94246-87-4
353	94246-90-9
353	94246-91-0
353	94246-92-1
353	94246-93-2
353	94266-31-6
353	94266-32-7
353	94349-78-7
353	94481-58-0
353	94492-43-0
353	94551-60-7
353	94551-62-9
353	94551-64-1
353	94551-66-3
353	94551-70-9
353	94551-71-0
353	94551-72-1
353	94551-73-2
353	94551-74-3
353	94551-78-7
353	94551-79-8
353	94551-86-7
353	94551-87-8
353	94551-97-0
353	94551-99-2
353	94552-00-8
353	94552-05-3
353	95046-44-9
353	95046-49-4
353	953087-97-3
353	95860-12-1
353	95892-13-0
353	96471-22-6
353	96690-46-9
353	96956-76-2
353	97675-41-7
353	97808-88-3
353	97889-90-2
353	97926-57-3
353	97952-39-1
353	97953-08-7
353	98072-44-7
353	98219-71-7
353	98246-91-4
353	99328-54-8
353	99749-31-2
353	P-82-0043
353	RR-00132-1
353	RR-00538-9
353	RR-00630-4
353	RR-01021-9
353	RR-01292-0
353	RR-01917-0
353	RR-01997-6
353	RR-02574-1
353	RR-02632-4
353	RR-04210-4
353	RR-07194-3
353	RR-07764-5
353	RR-11170-6
353	RR-11171-7
353	RR-113715-1
353	RR-115560-8
353	RR-120898-6
353	RR-123234-4
353	RR-12534-8
353	RR-12535-9
353	RR-12634-1
353	RR-12718-4
353	RR-12719-5
353	RR-12722-0
353	RR-12723-1
353	RR-128514-9
353	RR-13035-8
353	RR-14098-7
353	RR-145683-3
353	RR-14783-1
353	RR-15431-4
353	RR-19231-4
353	RR-21008-2
353	RR-30195-1
353	RR-31155-7
353	RR-40980-3
353	RR-41296-4
353	RR-41297-5
353	RR-42178-3
353	RR-42180-7
353	RR-42183-0
353	RR-42187-4
353	RR-42199-8
353	RR-42759-8
353	RR-43729-6
353	RR-43733-2
353	RR-43765-0
353	RR-44401-9
353	RR-45494-4
353	RR-47159-0
353	RR-50131-5
353	RR-50263-6
353	RR-50268-1
353	RR-50427-8
353	RR-50428-9
353	RR-50499-4
353	RR-54612-3
353	RR-58667-4
353	RR-58670-9
353	RR-60222-2
353	RR-87533-2
353	RR-88264-4
353	RR-89890-8
353	RR-90336-6
353	UN0129
353	UN0130
353	UN1469
353	UN1470
353	UN1616
353	UN1620
353	UN1794
353	UN1872
353	UN2291
353	UN2989
353	UN3408
354	11121-96-3
354	112084-17-0
354	12605-70-8
354	12675-92-2
354	12681-83-3
354	134631-46-2
354	13981-37-8
354	13981-99-2
354	14336-70-0
354	14833-49-9
354	14932-64-0
354	15766-33-3
354	17375-04-1
354	195161-84-3
354	39303-46-3
354	53527-81-4
354	7440-02-0
354	8049-31-8
354	RR-63049-9
355	100237-02-3
355	10028-18-9
355	100438-90-2
355	10101-96-9
355	10101-97-0
355	10101-98-1
355	10101-99-2
355	101239-20-7
355	102110-49-6
355	1021552-48-6
355	1023309-94-5
355	10294-65-2
355	1033772-47-2
355	10345-27-4
355	1035211-50-7
355	10381-36-9
355	10471-42-8
355	10471-47-3
355	1047996-27-9
355	105029-70-7
355	105883-48-5
355	105884-35-3
355	105892-90-8
355	106316-55-6
355	106340-73-2
355	106340-74-3
355	106340-75-4
355	106747-79-9
355	107372-45-2
355	107593-02-2
355	1080518-91-7
355	108599-78-6
355	108599-79-7
355	108818-89-9
355	11071-48-0
355	11079-07-5
355	11099-02-8
355	11105-19-4
355	11106-97-1
355	11113-73-8
355	11113-74-9
355	11113-75-0
355	11115-99-4
355	111244-32-7
355	111244-33-8
355	11132-10-8
355	11133-76-9
355	11140-03-7
355	11140-03-7
355	11146-73-9
355	111532-88-8
355	111614-54-1
355	111706-41-3
355	111706-42-4
355	111706-43-5
355	111721-39-2
355	111792-92-8
355	111866-22-9
355	112653-88-0
355	112711-07-6
355	112874-99-4
355	112965-42-1
355	113066-89-0
355	113329-92-3
355	113738-82-2
355	1138454-78-0
355	113894-88-5
355	113894-89-6
355	115683-18-6
355	1163250-22-3
355	116443-84-6
355	117127-26-1
355	117454-32-7
355	117989-29-4
355	117991-29-4
355	117991-30-7
355	118716-60-2
355	1189377-18-1
355	1197869-88-7
355	119989-34-3
355	1200116-89-7
355	12003-78-0
355	12004-35-2
355	12004-71-6
355	120045-16-1
355	12007-00-0
355	12007-01-1
355	12007-02-2
355	12011-78-8
355	120156-44-7
355	120156-44-7
355	12018-18-7
355	12031-41-3
355	12031-65-1
355	12031-75-3
355	12034-55-8
355	12035-36-8
355	12035-38-0
355	12035-39-1
355	12035-50-6
355	12035-51-7
355	12035-52-8
355	12035-57-3
355	12035-60-8
355	12035-64-2
355	12035-71-1
355	12035-72-2
355	12035-77-7
355	12044-65-4
355	12045-56-6
355	12045-58-8
355	12045-67-9
355	12054-48-7
355	12057-65-7
355	12059-14-2
355	12059-23-3
355	12068-59-6
355	12068-61-0
355	12084-10-5
355	121053-30-3
355	121053-32-5
355	121053-33-6
355	121053-36-9
355	12107-46-9
355	12122-15-5
355	12124-61-7
355	12125-56-3
355	12125-61-0
355	12137-08-5
355	12137-09-6
355	12137-12-1
355	12137-13-2
355	12142-88-0
355	12142-92-6
355	12164-90-8
355	12168-54-6
355	12170-92-2
355	12174-14-0
355	12175-27-8
355	12196-72-4
355	12201-85-3
355	12201-89-7
355	12213-15-9
355	12227-91-7
355	12229-03-7
355	12244-51-8
355	12255-10-6
355	12255-11-7
355	12255-80-0
355	12256-33-6
355	12257-99-7
355	12259-56-2
355	12263-13-7
355	12266-58-9
355	1227263-18-4
355	12275-13-7
355	1228454-65-6
355	12315-33-2
355	12325-84-7
355	12334-31-5
355	123516-73-4
355	123516-74-5
355	12359-17-0
355	124222-15-7
355	124222-16-8
355	124222-17-9
355	124222-18-0
355	124222-19-1
355	124260-75-9
355	124594-15-6
355	124747-65-5
355	124827-66-3
355	12503-49-0
355	12503-53-6
355	12519-56-1
355	12519-85-6
355	125275-86-7
355	125275-87-8
355	12534-09-7
355	125378-87-2
355	12604-68-1
355	12607-70-4
355	12612-55-4
355	12612-55-4
355	12619-90-8
355	12635-29-9
355	12645-32-8
355	12645-50-0
355	12653-76-8
355	12661-84-6
355	12673-58-4
355	12688-64-1
355	1271-28-9
355	12710-36-0
355	12737-30-3
355	12794-26-2
355	12795-30-1
355	128607-90-9
355	128607-91-0
355	128607-92-1
355	129188-37-0
355	129188-38-1
355	129188-39-2
355	1293-95-4
355	1295-35-8
355	129618-34-4
355	129618-35-5
355	129618-36-6
355	129618-38-8
355	129680-25-7
355	13001-15-5
355	13005-31-7
355	13007-90-4
355	1303-13-5
355	1303-22-6
355	1307699-76-8
355	13077-29-7
355	131163-08-1
355	1313-99-1
355	13138-45-9
355	1314-04-1
355	1314-05-2
355	1314-06-3
355	131689-21-9
355	131866-99-4
355	131896-79-2
355	13319-83-0
355	133290-55-8
355	1333123-32-2
355	13408-70-3
355	1344-49-6
355	13462-88-9
355	13462-90-3
355	13463-39-3
355	134737-17-0
355	13477-70-8
355	13477-93-5
355	13477-94-6
355	13477-97-9
355	13478-00-7
355	13478-93-8
355	134830-74-3
355	134831-06-4
355	1351378-24-9
355	13520-61-1
355	13601-55-3
355	13637-71-3
355	13654-40-5
355	13689-92-4
355	137136-40-4
355	13716-94-4
355	1372528-52-3
355	13770-89-3
355	13775-54-7
355	13778-29-5
355	13783-64-7
355	13826-95-4
355	13842-46-1
355	13859-60-4
355	13859-65-9
355	13859-68-2
355	1386503-01-0
355	13869-33-5
355	13877-20-8
355	13927-77-0
355	13931-83-4
355	13940-83-5
355	139562-87-1
355	13977-71-4
355	139939-67-6
355	14024-60-3
355	14038-85-8
355	14055-02-8
355	14055-19-7
355	14100-15-3
355	14126-37-5
355	14167-20-5
355	14172-92-0
355	14177-51-6
355	14177-55-0
355	14216-75-2
355	142164-39-4
355	14220-17-8
355	14221-00-2
355	14263-96-8
355	14263-97-9
355	14263-98-0
355	14264-16-5
355	14267-17-5
355	14322-50-0
355	14323-41-2
355	14324-74-4
355	14332-32-2
355	14332-33-3
355	14332-34-4
355	14363-30-5
355	14396-43-1
355	14406-66-7
355	14406-71-4
355	14428-08-1
355	14434-67-4
355	14448-18-1
355	14448-69-2
355	14481-08-4
355	14482-69-0
355	14507-36-9
355	14516-71-3
355	14522-99-7
355	14550-87-9
355	14647-23-5
355	14706-47-9
355	14708-14-6
355	14721-18-7
355	147395-45-7
355	148732-74-5
355	14874-77-2
355	14874-78-3
355	14875-95-7
355	149134-08-7
355	149134-12-3
355	149272-90-2
355	14931-84-1
355	14949-69-0
355	14998-37-9
355	15060-62-5
355	15099-34-0
355	15133-82-1
355	151436-99-6
355	15187-91-4
355	151994-98-8
355	15220-72-1
355	15242-92-9
355	15244-37-8
355	15274-43-8
355	153067-81-3
355	15317-78-9
355	153305-02-3
355	15415-30-2
355	15442-77-0
355	154779-74-5
355	15492-42-9
355	15521-65-0
355	155737-57-8
355	155773-70-9
355	155773-71-0
355	15586-38-6
355	155937-95-4
355	15596-82-4
355	15608-15-8
355	15629-92-2
355	15635-42-4
355	15665-26-6
355	15684-36-3
355	15694-70-9
355	15699-18-0
355	15699-20-4
355	15708-55-1
355	15751-00-5
355	15772-06-2
355	15780-33-3
355	15843-02-4
355	15843-91-1
355	15851-52-2
355	15852-21-8
355	15855-62-6
355	15905-81-4
355	15905-81-4
355	15954-96-8
355	15975-34-5
355	16039-61-5
355	16083-14-0
355	16122-03-5
355	16263-35-7
355	162684-16-4
355	1628435-35-7
355	16337-84-1
355	1638220-46-8
355	164144-91-6
355	16432-37-4
355	16456-84-1
355	166520-64-5
355	16699-63-1
355	1671083-23-0
355	16812-54-7
355	1692886-45-5
355	17030-01-2
355	17169-61-8
355	17218-47-2
355	17220-70-1
355	17237-93-3
355	172398-90-2
355	172777-26-3
355	172777-27-4
355	17301-01-8
355	173936-51-1
355	17523-24-9
355	17593-69-0
355	17638-48-1
355	177997-13-6
355	17861-62-0
355	179865-13-5
355	180997-14-2
355	18195-55-6
355	18195-55-6
355	182442-95-1
355	18283-82-4
355	18534-07-1
355	185461-96-5
355	18642-20-1
355	18718-11-1
355	18721-51-2
355	18756-97-3
355	18824-79-8
355	189139-63-7
355	18958-57-1
355	18958-62-8
355	18972-69-5
355	18984-98-0
355	190274-09-0
355	19141-54-9
355	19232-05-4
355	193214-24-3
355	193215-53-1
355	19372-20-4
355	194044-27-4
355	19807-00-2
355	198831-12-8
355	19999-87-2
355	20249-62-1
355	20302-82-3
355	203212-67-3
355	203645-17-4
355	203645-18-5
355	20437-10-9
355	20467-91-8
355	205057-15-4
355	20543-06-0
355	20597-89-1
355	207569-15-1
355	207803-51-8
355	2081933-92-6
355	2087499-33-8
355	209668-02-0
355	210352-95-7
355	210902-79-7
355	21264-77-7
355	215191-83-6
355	215361-84-5
355	21707-27-7
355	21784-78-1
355	219782-27-1
355	219948-04-6
355	21996-43-0
355	2223-95-2
355	22451-23-6
355	22484-07-7
355	22605-92-1
355	22638-44-4
355	2267994-84-1
355	227623-80-5
355	23232-50-0
355	23852-73-5
355	24151-25-5
355	24270-51-7
355	242802-21-7
355	24440-79-7
355	24640-21-9
355	24803-99-4
355	25338-49-2
355	25358-06-9
355	25379-55-9
355	25481-21-4
355	25749-08-0
355	26024-55-5
355	26043-11-8
355	26202-80-2
355	264125-11-3
355	264125-12-4
355	264921-97-3
355	26603-21-4
355	27016-75-7
355	27494-85-5
355	27574-34-1
355	27637-46-3
355	27835-99-0
355	28038-27-9
355	28371-07-5
355	28680-76-4
355	28923-39-9
355	28984-20-5
355	29046-78-4
355	29204-84-0
355	29317-63-3
355	296800-21-0
355	29708-36-9
355	302343-98-2
355	304695-77-0
355	30868-55-4
355	30947-30-9
355	312696-09-6
355	313223-18-6
355	313223-18-6
355	31748-25-1
355	31886-51-8
355	31904-79-7
355	32441-17-1
355	3264-82-2
355	32990-64-0
355	33025-09-1
355	332343-04-1
355	3333-67-3
355	3349-06-2
355	3349-08-4
355	33637-76-2
355	33637-77-3
355	33882-09-6
355	339311-41-0
355	339527-86-5
355	33992-50-6
355	34109-80-3
355	34304-82-0
355	343630-64-8
355	34404-42-7
355	34492-97-2
355	34831-03-3
355	34875-54-2
355	35884-66-3
355	36026-88-7
355	36153-28-3
355	36252-60-5
355	36259-37-7
355	36516-11-7
355	36545-21-8
355	36897-37-7
355	37187-84-1
355	37211-05-5
355	37221-08-2
355	373-02-4
355	37321-15-6
355	375380-39-5
355	38465-55-3
355	38727-83-2
355	38780-90-4
355	3882-73-3
355	38951-94-9
355	38951-97-2
355	38961-86-3
355	39033-91-5
355	39049-81-5
355	3906-55-6
355	39380-74-0
355	39430-27-8
355	39691-34-4
355	39819-65-3
355	409334-62-9
355	41476-75-9
355	41685-66-9
355	420849-75-8
355	42126-46-5
355	42612-06-6
355	42739-61-7
355	427884-48-8
355	42844-93-9
355	43158-99-2
355	44121-71-3
355	4454-16-4
355	46370-07-4
355	47726-62-5
355	480445-87-2
355	494197-74-9
355	494197-76-1
355	4995-91-9
355	501953-51-1
355	502927-11-9
355	50897-08-0
355	51185-42-3
355	51222-18-5
355	51269-44-4
355	51274-96-5
355	51449-18-4
355	51467-07-3
355	51575-27-0
355	51818-56-5
355	51912-52-8
355	51931-46-5
355	51944-07-1
355	51944-07-1
355	52013-44-2
355	52014-29-6
355	52022-10-3
355	52057-73-5
355	52261-08-2
355	52486-98-3
355	52486-99-4
355	52496-91-0
355	52502-12-2
355	52610-81-8
355	52625-25-9
355	527686-65-3
355	53027-18-2
355	53199-85-2
355	53346-21-7
355	53809-86-2
355	54217-99-1
355	54426-13-0
355	54576-53-3
355	547-67-1
355	55072-59-8
355	553-71-9
355	55401-12-2
355	55467-74-8
355	557-12-0
355	557-19-7
355	5581-60-2
355	55868-93-4
355	56408-24-3
355	56557-00-7
355	57925-44-7
355	58320-35-7
355	58591-45-0
355	5964-71-6
355	59836-85-0
355	59865-91-7
355	60120-57-2
355	6014-72-8
355	6018-89-9
355	6018-92-4
355	6018-94-6
355	6059-24-1
355	6059-24-1
355	60700-37-0
355	60765-13-1
355	60871-84-3
355	61106-39-6
355	61300-98-9
355	61431-86-5
355	61725-51-7
355	61788-71-4
355	62010-30-4
355	6283-67-6
355	6283-68-7
355	63085-06-3
355	63091-15-6
355	63105-40-8
355	63311-47-7
355	63353-43-5
355	63427-32-7
355	635680-62-5
355	63588-33-0
355	63597-34-2
355	63640-18-6
355	63850-92-0
355	63938-16-9
355	6421-65-4
355	64297-36-5
355	64568-51-0
355	64696-98-6
355	65140-00-3
355	65229-23-4
355	65272-92-6
355	65405-96-1
355	65664-23-5
355	65997-18-4
355	66197-14-6
355	66467-44-5
355	66579-90-6
355	66599-67-5
355	67016-28-8
355	67292-34-6
355	67562-43-0
355	67632-50-2
355	67711-89-1
355	67711-91-5
355	67711-92-6
355	67763-27-3
355	67806-76-2
355	67906-12-1
355	67952-41-4
355	67952-43-6
355	67952-69-6
355	67968-22-3
355	68016-03-5
355	68025-13-8
355	68025-40-1
355	68025-41-2
355	68052-00-6
355	68130-19-8
355	68130-36-9
355	68131-74-8
355	68133-84-6
355	68134-59-8
355	68186-85-6
355	68186-89-0
355	68187-10-0
355	68189-15-1
355	68309-97-7
355	68334-36-1
355	68391-37-7
355	68401-87-6
355	68412-18-0
355	68412-19-1
355	68412-20-4
355	68449-39-8
355	68511-62-6
355	68512-22-1
355	68515-84-4
355	68585-48-8
355	68585-93-3
355	68607-31-8
355	68610-24-2
355	68611-43-8
355	68698-80-6
355	68758-60-1
355	68758-62-3
355	68784-84-9
355	68849-07-0
355	68859-51-8
355	68912-08-3
355	68958-86-1
355	68958-87-2
355	68958-88-3
355	68958-89-4
355	69011-05-8
355	69011-64-9
355	69012-20-0
355	69012-50-6
355	69012-51-7
355	69098-15-3
355	69101-54-8
355	69524-96-5
355	69599-22-0
355	699012-90-3
355	70146-03-1
355	70212-12-3
355	70692-93-2
355	70729-79-2
355	70776-98-6
355	70824-02-1
355	70833-37-3
355	70974-36-6
355	71050-57-2
355	71077-18-4
355	71215-73-1
355	71215-97-9
355	71215-98-0
355	71243-96-4
355	71327-12-3
355	71605-83-9
355	71631-15-7
355	71720-48-4
355	71767-12-9
355	71889-20-8
355	71889-22-0
355	71939-11-2
355	71957-07-8
355	72139-08-3
355	72152-45-5
355	72162-32-4
355	72229-81-3
355	72248-72-7
355	72252-57-4
355	72253-10-2
355	72319-19-8
355	72453-55-5
355	7250-60-4
355	72813-81-1
355	72828-53-6
355	72986-45-9
355	73164-97-3
355	73482-18-5
355	738587-10-5
355	73882-06-1
355	73882-10-7
355	73892-02-1
355	73905-11-0
355	73963-97-0
355	74167-05-8
355	74195-78-1
355	74365-18-7
355	74399-84-1
355	74646-29-0
355	75178-20-0
355	75433-34-0
355	75559-55-6
355	75578-87-9
355	7580-31-6
355	75864-35-6
355	76231-24-8
355	76625-10-0
355	7718-54-9
355	77245-35-3
355	774180-11-9
355	7757-95-1
355	7785-20-8
355	7786-81-4
355	7789-49-3
355	7789-49-3
355	7790-34-3
355	7791-20-0
355	79102-62-8
355	79121-51-0
355	79357-65-6
355	79745-01-0
355	79817-91-7
355	8007-18-9
355	803745-61-1
355	83459-96-5
355	83864-02-2
355	83898-70-8
355	84604-95-5
355	84682-59-7
355	84776-45-4
355	84852-35-7
355	84852-36-8
355	84852-37-9
355	84852-38-0
355	84852-39-1
355	848779-18-0
355	85026-81-9
355	85135-77-9
355	85166-19-4
355	85269-39-2
355	85298-61-9
355	85480-75-7
355	85508-42-5
355	85508-43-6
355	85508-44-7
355	85508-45-8
355	85508-46-9
355	85551-28-6
355	85585-97-3
355	85585-98-4
355	85585-99-5
355	85586-46-5
355	85958-80-1
355	862365-66-0
355	86249-83-4
355	874769-56-9
355	88248-60-6
355	89073-36-9
355	90053-13-7
355	9018-45-5
355	90459-30-6
355	90459-31-7
355	90459-32-8
355	90459-33-9
355	90459-34-0
355	90459-35-1
355	90459-36-2
355	90552-50-4
355	91053-45-1
355	91082-81-4
355	91082-84-7
355	91235-82-4
355	912809-88-2
355	91697-41-5
355	91845-72-6
355	91995-23-2
355	92078-03-0
355	92129-56-1
355	92129-57-2
355	92170-59-7
355	92200-98-1
355	92200-99-2
355	92502-55-1
355	93-74-3
355	93571-76-7
355	93573-14-9
355	93573-15-0
355	93573-16-1
355	93573-17-2
355	936576-64-6
355	93762-59-5
355	93891-86-2
355	93920-08-2
355	93920-09-3
355	93920-10-6
355	93939-76-5
355	93983-68-7
355	94044-50-5
355	94114-42-8
355	94232-44-7
355	94232-84-5
355	94275-78-2
355	94551-87-8
355	94552-58-6
355	94552-59-7
355	946852-83-1
355	94891-42-6
355	94891-43-7
355	95046-44-9
355	95046-47-2
355	95193-95-6
355	956229-60-0
355	97280-68-7
355	97404-21-2
355	97404-22-3
355	97435-21-7
355	97660-42-9
355	98246-91-4
355	99587-11-8
355	99601-92-0
355	99601-93-1
355	99749-23-2
355	99775-00-5
355	P-03-0307
355	P-04-0353
355	P-85-0300
355	P-85-1034
355	P-86-0034
355	P-87-0209
355	P-88-1853
355	P-88-1994
355	P-94-1449
355	RR-00038-4
355	RR-00376-9
355	RR-00522-1
355	RR-00571-0
355	RR-00798-7
355	RR-00800-4
355	RR-04029-9
355	RR-04535-2
355	RR-04616-2
355	RR-04617-3
355	RR-04822-6
355	RR-08431-1
355	RR-08443-5
355	RR-08561-0
355	RR-09031-3
355	RR-09055-1
355	RR-09280-8
355	RR-10235-2
355	RR-24447-3
355	RR-30490-5
355	RR-40755-6
355	RR-58049-4
355	UN1653
355	UN2725
355	UN2726
356	10042-84-9
356	139-13-9
356	15467-20-6
356	18662-53-8
356	18994-66-6
356	23255-03-0
356	26627-44-1
356	26627-45-2
356	37291-81-9
356	5064-31-3
356	80751-51-5
357	88-74-4
358	100-00-5
359	4165-60-0
359	98-95-3
359	UN1662
36	1116380-81-4
36	151955-40-7
36	177286-39-4
36	177286-41-8
36	RR-190096-5
360	104306-48-1
360	13031-32-8
360	75-52-5
360	UN1261
361	355120-85-3
361	75-15-0
361	UN1131
362	143-08-8
363	100085-47-0
363	100403-11-0
363	10049-12-4
363	10049-16-8
363	100656-49-3
363	10099-79-3
363	1013326-60-7
363	10213-09-9
363	102482-04-2
363	102500-64-1
363	102500-64-1
363	102500-65-2
363	102500-65-2
363	102500-66-3
363	102500-66-3
363	102500-67-4
363	102500-67-4
363	102500-68-5
363	102500-68-5
363	102500-69-6
363	102500-69-6
363	102500-70-9
363	102500-70-9
363	102500-71-0
363	102500-71-0
363	102511-51-3
363	102512-68-5
363	102512-68-5
363	102512-69-6
363	102512-69-6
363	102512-70-9
363	102512-70-9
363	102512-71-0
363	102512-71-0
363	102512-72-1
363	102512-72-1
363	102857-58-9
363	1029364-19-9
363	1032826-40-6
363	105011-00-5
363	105022-72-8
363	105659-35-6
363	10580-52-6
363	106605-76-9
363	107253-34-9
363	1073145-50-2
363	107477-50-9
363	107591-88-8
363	107591-89-9
363	107591-90-2
363	107874-58-8
363	108150-19-2
363	108216-30-4
363	108356-94-1
363	110666-77-8
363	110709-98-3
363	110759-61-0
363	11077-92-2
363	11099-11-9
363	11105-06-9
363	11105-12-7
363	11108-03-5
363	11113-42-1
363	11113-92-1
363	11115-67-6
363	11130-21-5
363	11130-24-8
363	11147-86-7
363	111835-66-6
363	112286-63-2
363	112286-64-3
363	112510-41-5
363	112764-76-8
363	113066-57-2
363	113939-12-1
363	114901-82-5
363	116678-07-0
363	116678-08-1
363	116678-09-2
363	117051-84-0
363	117127-55-6
363	117127-56-7
363	117127-57-8
363	117151-16-3
363	117655-43-3
363	117728-95-7
363	118669-74-2
363	118669-87-7
363	118669-88-8
363	118669-89-9
363	118669-90-2
363	118669-91-3
363	118669-92-4
363	118669-93-5
363	118669-94-6
363	118692-75-4
363	118819-16-2
363	118821-12-8
363	118821-13-9
363	118821-18-4
363	118821-19-5
363	118821-20-8
363	118851-02-8
363	119719-34-5
363	119719-35-6
363	119719-36-7
363	119719-37-8
363	119720-10-4
363	1197994-50-5
363	12007-37-3
363	12012-17-8
363	12022-76-3
363	12026-00-5
363	12026-08-3
363	12026-42-5
363	12033-39-5
363	12034-19-4
363	12035-98-2
363	12036-21-4
363	12036-73-6
363	12036-78-1
363	12036-78-1
363	12037-42-2
363	12039-76-8
363	12039-87-1
363	12045-27-1
363	12055-09-3
363	12058-11-6
363	12058-55-8
363	12066-53-4
363	12069-91-9
363	12070-10-9
363	12070-11-0
363	12076-63-0
363	120805-69-8
363	120805-70-1
363	12083-48-6
363	12108-04-2
363	12127-59-2
363	12128-12-0
363	12137-29-0
363	12138-08-8
363	12142-65-3
363	12143-78-1
363	12157-94-7
363	12160-91-7
363	12163-74-5
363	12166-27-7
363	121674-52-0
363	121674-53-1
363	121674-54-2
363	121674-55-3
363	121674-56-4
363	121674-57-5
363	121674-58-6
363	121674-59-7
363	121674-60-0
363	121674-61-1
363	121674-62-2
363	121674-63-3
363	121674-64-4
363	121674-65-5
363	12181-74-7
363	12200-82-7
363	12200-88-3
363	12207-63-5
363	12208-00-3
363	12210-47-8
363	12212-56-5
363	122362-50-9
363	122434-46-2
363	12246-90-1
363	12260-63-8
363	12271-98-6
363	1227211-66-6
363	12274-34-9
363	12293-15-1
363	12299-51-3
363	12313-74-5
363	123142-20-1
363	123142-21-2
363	123142-22-3
363	12316-01-7
363	12316-03-9
363	12316-57-3
363	123161-71-7
363	123161-72-8
363	123334-20-3
363	12339-47-8
363	12344-76-2
363	12352-78-2
363	12359-27-2
363	12397-01-2
363	12400-16-7
363	12421-53-3
363	12435-86-8
363	12436-25-8
363	12436-28-1
363	12439-96-2
363	124722-28-7
363	124722-29-8
363	124722-30-1
363	124722-31-2
363	124722-32-3
363	12503-87-6
363	12503-98-9
363	12503-99-0
363	125233-05-8
363	125233-06-9
363	125233-07-0
363	125233-08-1
363	12524-03-7
363	125333-64-4
363	12542-39-1
363	12542-41-5
363	125922-89-6
363	12593-87-2
363	126023-09-4
363	126023-12-9
363	12604-58-9
363	126066-87-3
363	126066-88-4
363	126066-89-5
363	126066-90-8
363	126066-91-9
363	126066-92-0
363	126066-93-1
363	12653-88-2
363	126701-60-8
363	126729-57-5
363	126853-49-4
363	127318-66-5
363	127407-22-1
363	127407-23-2
363	127549-44-4
363	1277-47-0
363	129124-53-4
363	1293-64-7
363	130041-94-0
363	130961-91-0
363	1314-34-7
363	1314-62-1
363	1315-03-3
363	131877-19-5
363	131906-47-3
363	132267-54-0
363	132267-55-1
363	1344-64-5
363	1344-64-5
363	13470-26-3
363	13476-99-8
363	134808-45-0
363	134808-46-1
363	134883-99-1
363	134946-83-1
363	13497-94-4
363	13517-26-5
363	13520-87-1
363	13520-90-6
363	13537-11-6
363	135435-43-7
363	13550-50-0
363	13566-04-6
363	13566-05-7
363	13566-07-9
363	13566-08-0
363	13566-09-1
363	13566-11-5
363	13566-12-6
363	13566-13-7
363	13568-56-4
363	13568-57-5
363	13573-13-2
363	13596-17-3
363	13597-19-8
363	13597-45-0
363	13597-58-5
363	13597-61-0
363	13598-03-3
363	13628-52-9
363	13628-53-0
363	13692-90-5
363	13692-91-6
363	13692-92-7
363	13701-70-7
363	13709-31-4
363	137113-14-5
363	137113-15-6
363	13718-26-8
363	13721-39-6
363	13721-46-5
363	13721-47-6
363	137511-68-3
363	137511-69-4
363	137511-70-7
363	13759-30-3
363	13767-17-4
363	13767-17-4
363	13769-43-2
363	13814-83-0
363	13815-31-1
363	13826-78-3
363	13864-22-7
363	13864-22-7
363	13930-88-6
363	13930-95-5
363	13939-40-7
363	13966-93-3
363	13974-19-1
363	13977-56-5
363	13977-63-4
363	13977-64-5
363	14024-00-1
363	14059-33-7
363	1408062-28-1
363	14100-64-2
363	14293-78-8
363	14331-97-6
363	14392-01-9
363	1440529-21-4
363	1452161-90-8
363	14542-94-0
363	14638-93-8
363	14644-55-4
363	14705-63-6
363	14709-83-2
363	14767-37-4
363	14867-38-0
363	14890-41-6
363	14958-34-0
363	14974-48-2
363	14986-47-1
363	14986-94-8
363	14986-95-9
363	14989-38-9
363	15060-59-0
363	15066-70-3
363	15066-71-4
363	1507376-04-6
363	15124-04-6
363	15364-25-7
363	15469-56-4
363	15500-04-6
363	15513-84-5
363	15513-94-7
363	15593-56-3
363	15597-27-0
363	16017-37-1
363	16056-72-7
363	160891-45-2
363	160935-26-2
363	1635-99-0
363	163961-08-8
363	166165-37-3
363	16698-96-7
363	167077-85-2
363	1678543-69-5
363	1686-22-2
363	1686-23-3
363	170621-28-0
363	172928-47-1
363	1801-76-9
363	1801-77-0
363	180615-37-6
363	184892-22-6
363	185860-69-9
363	18785-06-3
363	18822-50-9
363	188478-12-8
363	19120-62-8
363	19851-60-6
363	200577-85-1
363	20176-43-6
363	20176-44-7
363	20219-29-8
363	203812-34-4
363	204864-21-1
363	20644-87-5
363	207748-42-3
363	207925-45-9
363	210909-42-5
363	210909-43-6
363	210909-46-9
363	211389-36-5
363	2134593-22-7
363	21493-51-6
363	21773-11-5
363	219702-74-6
363	22537-31-1
363	24261-23-2
363	24646-85-3
363	24910-41-6
363	251927-12-5
363	25578-30-7
363	25955-75-3
363	26330-60-9
363	264124-84-7
363	264124-97-2
363	264148-26-7
363	26496-12-8
363	27318-03-2
363	27774-13-6
363	27860-55-5
363	28597-01-5
363	30486-37-4
363	30707-87-0
363	3153-26-2
363	316365-70-5
363	32065-17-1
363	323183-88-6
363	323183-92-2
363	32777-32-5
363	341026-24-2
363	34283-69-7
363	3473-84-5
363	34895-02-8
363	3547-25-9
363	3547-25-9
363	35515-91-4
363	35828-75-2
363	35837-52-6
363	35837-53-7
363	36139-34-1
363	37042-53-8
363	37217-48-4
363	37280-68-5
363	37309-13-0
363	38991-25-2
363	39096-97-4
363	39136-41-9
363	39416-30-3
363	39455-80-6
363	39458-13-4
363	410546-90-6
363	410546-92-8
363	410546-95-1
363	410546-95-1
363	412943-96-5
363	41922-39-8
363	477779-61-6
363	51845-72-8
363	52014-63-8
363	52014-64-9
363	52037-34-0
363	52089-06-2
363	52489-20-0
363	52502-12-2
363	52514-44-0
363	52863-01-1
363	52934-13-1
363	53185-66-3
363	53744-25-5
363	53801-77-7
363	53966-09-9
363	55343-67-4
363	5588-84-1
363	55892-24-5
363	55940-04-0
363	56089-44-2
363	56451-33-3
363	56729-39-6
363	56870-07-6
363	581075-33-4
363	58271-97-9
363	58834-75-6
363	59164-71-5
363	59495-05-5
363	59700-70-8
363	59865-92-8
363	60451-07-2
363	60676-73-5
363	60953-15-3
363	61036-24-6
363	62997-24-4
363	637035-06-4
363	65124-36-9
363	65232-89-5
363	65997-18-4
363	681147-00-2
363	68130-18-7
363	68130-38-1
363	68131-74-8
363	68186-93-6
363	68186-95-8
363	68187-00-8
363	68187-01-9
363	68510-99-6
363	68553-60-6
363	68585-80-8
363	68585-81-9
363	68784-82-7
363	68815-09-8
363	68918-02-5
363	68990-29-4
363	69012-25-5
363	69012-34-6
363	69866-58-6
363	69976-01-8
363	7082-56-6
363	70904-59-5
363	70914-46-4
363	71724-93-1
363	71965-21-4
363	72007-96-6
363	72901-37-2
363	72901-38-3
363	72901-40-7
363	72901-41-8
363	72901-42-9
363	73912-43-3
363	74507-60-1
363	74630-99-2
363	7632-51-1
363	7681-91-6
363	7718-98-1
363	7727-18-6
363	7783-72-4
363	7803-55-6
363	78937-12-9
363	78937-14-1
363	79072-81-4
363	79628-52-7
363	81366-97-4
363	82477-27-8
363	828264-64-8
363	82920-66-9
363	83852-52-2
363	84144-87-6
363	84144-92-3
363	84144-98-9
363	84777-02-6
363	851675-64-4
363	854372-97-7
363	85536-74-9
363	856676-71-6
363	85763-73-1
363	857777-38-9
363	85836-55-1
363	863098-64-0
363	863639-26-3
363	87854-55-5
363	87854-56-6
363	89256-12-2
363	90170-88-0
363	90269-03-7
363	90604-60-7
363	90604-62-9
363	90605-20-2
363	91082-87-0
363	91481-93-5
363	91995-23-2
363	92129-56-1
363	92221-02-8
363	931111-73-8
363	934750-46-6
363	93482-07-6
363	93571-76-7
363	93585-66-1
363	93585-67-2
363	93585-68-3
363	93585-69-4
363	93981-06-7
363	94232-42-5
363	94233-23-5
363	94233-24-6
363	94399-09-4
363	94553-25-0
363	95046-49-4
363	950838-94-5
363	96152-59-9
363	97284-61-2
363	97552-72-2
363	97812-63-0
363	98841-55-5
363	98903-75-4
363	99035-51-5
363	99811-56-0
363	P-86-0202
363	P-86-0203
363	P-95-0973
363	RR-00093-1
363	RR-03762-7
363	RR-09533-0
363	RR-09535-2
363	RR-12716-2
363	RR-146049-7
363	RR-146050-0
363	RR-146051-1
363	RR-16419-2
363	RR-169090-0
363	RR-169499-1
363	RR-214526-8
363	RR-214527-9
363	RR-32194-8
363	RR-32582-6
363	RR-33898-7
363	RR-41001-5
363	RR-41551-0
363	RR-41552-1
363	RR-42178-3
363	RR-42187-4
363	RR-55402-9
363	UN2443
363	UN2444
363	UN2475
363	UN2859
363	UN2861
363	UN2862
363	UN2863
363	UN2864
363	UN2931
363	UN3285
364	104512-58-5
364	104512-63-2
364	104814-22-4
364	1417997-02-4
364	30525-89-4
364	43094-80-0
364	53026-80-5
364	UN2213
365	10108-91-5
365	1039756-61-0
365	104719-58-6
365	107-64-2
365	108385-07-5
365	1118-41-8
365	114656-39-2
365	117342-25-3
365	118488-36-1
365	120141-26-6
365	123312-54-9
365	125635-82-7
365	12677-13-3
365	127179-40-2
365	127560-15-0
365	129119-79-5
365	130869-26-0
365	1309573-29-2
365	132147-88-7
365	134191-39-2
365	134821-46-8
365	134958-13-7
365	134958-14-8
365	137324-08-4
365	14402-30-3
365	1471-93-8
365	151616-45-4
365	16286-48-9
365	1812-53-9
365	183185-47-9
365	18469-21-1
365	29240-03-7
365	29240-03-7
365	31500-63-7
365	32288-33-8
365	32329-01-4
365	3282-73-3
365	3401-74-9
365	35674-62-5
365	3700-67-2
365	37227-99-9
365	37228-00-5
365	37334-63-7
365	37334-67-1
365	37336-43-9
365	37339-19-8
365	37340-16-2
365	3843-16-1
365	3877-26-7
365	51822-75-4
365	56573-47-8
365	56573-48-9
365	59111-82-9
365	59249-59-1
365	60569-67-7
365	60649-22-1
365	60804-35-5
365	61789-77-3
365	61789-80-8
365	62112-31-6
365	63028-40-0
365	63028-41-1
365	66359-86-2
365	66419-31-6
365	66455-24-1
365	678155-43-6
365	67907-18-0
365	67907-20-4
365	68105-02-2
365	68334-33-8
365	68391-05-9
365	68783-78-8
365	68910-56-5
365	70750-63-9
365	70755-46-3
365	70755-47-4
365	71308-04-8
365	71326-37-9
365	71487-01-9
365	7206-39-5
365	73138-28-0
365	76723-98-3
365	8014-21-9
365	80234-51-1
365	811461-85-5
365	81626-37-1
365	86753-78-8
365	87553-57-9
365	942915-51-7
365	96837-08-0
365	RR-122713-0
366	7287-19-6
367	1014-70-6
368	142-16-5
368	48075-77-0
368	77666-69-4
369	10380-28-6
369	1135443-76-3
369	132-71-8
369	29713-19-7
369	37220-44-3
369	37233-52-6
369	47110-30-5
37	101963-56-8
37	111-86-4
37	112-20-9
37	112-90-3
37	124-22-1
37	124-30-1
37	126162-08-1
37	12797-71-6
37	1341-47-5
37	143-27-1
37	143-27-1
37	1454651-17-2
37	1454651-18-3
37	1533423-47-0
37	163751-89-1
37	174593-28-3
37	1838-19-3
37	191113-89-0
37	2016-42-4
37	2016-57-1
37	2570-26-5
37	258339-97-8
37	258340-53-3
37	25876-34-0
37	26266-59-1
37	27177-40-8
37	2869-34-3
37	37334-76-2
37	39281-05-5
37	39346-20-8
37	39433-05-1
37	39444-39-8
37	4200-95-7
37	457883-16-8
37	52953-83-0
37	54385-93-2
37	54693-04-8
37	55840-90-9
37	56572-34-0
37	60085-15-6
37	60649-27-6
37	60880-83-3
37	61788-45-2
37	61788-46-3
37	61790-18-9
37	61790-33-8
37	62169-25-9
37	66455-22-9
37	68037-91-2
37	68037-92-3
37	68155-27-1
37	7307-55-3
37	745822-74-6
37	745822-78-0
37	8031-10-5
37	8034-99-9
37	8035-00-5
37	8035-01-6
37	8035-04-9
37	8035-05-0
37	8035-06-1
37	8038-60-6
37	85566-21-8
37	89190-94-3
37	90015-00-2
37	90640-32-7
37	RR-190164-0
370	1079126-29-6
370	111922-61-3
370	1135443-10-5
370	12768-61-5
370	12773-04-5
370	137-30-4
370	14459-91-7
370	17125-91-6
370	19488-81-4
370	31300-71-7
370	50933-80-7
370	55870-88-7
370	8059-74-3
370	8070-07-3
370	98391-07-2
371	64440-88-6
372	14915-37-8
373	1021487-49-9
373	109702-19-4
373	118480-78-7
373	1192-70-7
373	1199553-62-2
373	1320-68-9
373	1323439-04-8
373	13463-41-7
373	14376-32-0
373	15686-64-3
373	162400-43-3
373	16782-00-6
373	17652-47-0
373	186322-74-7
373	192458-89-2
373	208398-70-3
373	226883-65-4
373	244778-79-8
373	266692-38-0
373	31089-48-2
373	3138-01-0
373	318995-78-7
373	35430-20-7
373	3590-23-6
373	3865-77-8
373	39412-61-8
373	51148-10-8
373	51406-57-6
373	55172-61-7
373	74261-71-5
373	943428-71-5
374	102267-60-7
374	115621-65-3
374	121449-00-1
374	127510-03-6
374	149264-42-6
374	152787-04-7
374	331982-98-0
374	52829-07-9
374	64104-43-4
374	908343-48-6
374	91450-21-4
375	1353053-96-9
375	56-35-9
376	1132712-02-7
376	118104-13-5
376	118817-41-7
376	120-40-1
376	12751-06-3
376	1286271-90-6
376	136-26-5
376	137763-96-3
376	1430328-98-5
376	153189-69-6
376	15517-64-3
376	1591830-58-8
376	186615-78-1
376	267663-44-5
376	3077-30-3
376	37345-28-1
376	39341-48-5
376	39390-56-2
376	53028-62-9
376	56448-72-7
376	56832-66-7
376	56863-02-6
376	63091-31-6
376	65256-28-2
376	66984-58-5
376	67785-10-8
376	67785-14-2
376	68155-07-7
376	68155-20-4
376	68440-04-0
376	68440-32-4
376	68603-38-3
376	68603-42-9
376	71343-51-6
376	71343-71-0
376	73380-02-6
376	73807-15-5
376	7545-23-5
376	7545-24-6
376	8036-36-0
376	8036-48-4
376	8040-31-1
376	8040-33-3
376	8051-30-7
376	83452-99-7
376	83590-20-9
376	83652-14-6
376	87714-18-9
376	90651-47-1
376	92680-75-6
376	93-82-3
376	93-83-4
376	95917-64-9
376	97926-10-8
376	RR-190165-1
377	95465-99-9
378	10031-13-7
378	10048-95-0
378	100656-54-0
378	100995-81-1
378	10101-57-2
378	10102-48-4
378	10102-49-5
378	10102-50-8
378	10102-53-1
378	10103-50-1
378	10103-60-3
378	10103-61-4
378	10103-62-5
378	10124-50-2
378	1016982-35-6
378	1018852-64-6
378	1018852-65-7
378	1018852-79-3
378	102055-05-0
378	102110-21-4
378	102110-56-5
378	102110-62-3
378	102430-06-8
378	102525-64-4
378	10290-12-7
378	1032564-26-3
378	1032564-28-5
378	10326-24-6
378	10378-48-0
378	104404-16-2
378	10553-69-2
378	106070-21-7
378	106070-25-1
378	106097-60-3
378	106097-61-4
378	106097-62-5
378	106097-63-6
378	106495-92-5
378	106495-95-8
378	106604-55-1
378	106699-17-6
378	106804-39-1
378	106804-40-4
378	106957-86-2
378	107067-98-1
378	107067-99-2
378	107103-01-5
378	107121-52-8
378	107121-53-9
378	107251-67-2
378	107251-68-3
378	107284-23-1
378	107477-77-0
378	107498-96-4
378	107636-81-7
378	107762-95-8
378	107793-14-6
378	107793-15-7
378	107793-16-8
378	107992-66-5
378	108424-60-8
378	108424-61-9
378	108600-27-7
378	108801-46-3
378	108801-47-4
378	108821-70-1
378	108821-71-2
378	108821-72-3
378	108821-73-4
378	108821-74-5
378	108821-75-6
378	108855-42-1
378	108855-43-2
378	108915-42-0
378	109877-61-4
378	109882-46-4
378	1099648-86-8
378	110602-77-2
378	110603-58-2
378	110603-60-6
378	110687-64-4
378	110781-06-1
378	110781-07-2
378	110781-08-3
378	110832-28-5
378	11105-04-7
378	11111-46-9
378	111242-84-3
378	111242-85-4
378	111419-46-6
378	111776-55-7
378	112050-17-6
378	112070-47-0
378	112148-64-8
378	112285-95-7
378	112286-70-1
378	112286-91-6
378	112660-19-2
378	113015-80-8
378	113228-99-2
378	113229-01-9
378	113515-10-9
378	113553-75-6
378	113876-86-1
378	113919-96-3
378	113919-97-4
378	113919-98-5
378	113920-24-4
378	113959-74-3
378	114755-61-2
378	114756-91-1
378	114824-20-3
378	114966-14-2
378	115454-39-2
378	115493-57-7
378	116065-96-4
378	116099-09-3
378	116327-09-4
378	116359-50-3
378	116359-51-4
378	116443-03-9
378	116473-38-2
378	116678-39-8
378	116769-68-7
378	116769-69-8
378	116812-48-7
378	116812-72-7
378	117003-66-4
378	117067-25-1
378	117067-26-2
378	117067-27-3
378	117127-08-9
378	117166-17-3
378	117166-30-0
378	117166-31-1
378	117315-65-8
378	1174204-79-5
378	117746-50-6
378	117746-55-1
378	118340-36-6
378	118670-41-0
378	118670-42-1
378	119172-58-6
378	119172-59-7
378	119172-60-0
378	119172-61-1
378	119172-62-2
378	119173-36-3
378	119354-96-0
378	119398-02-6
378	119536-09-3
378	119576-03-3
378	119829-06-0
378	119829-07-1
378	12002-03-8
378	12003-04-2
378	12005-69-5
378	12005-70-8
378	12005-75-3
378	12005-81-1
378	12005-82-2
378	12005-86-6
378	12005-88-8
378	12005-89-9
378	12005-92-4
378	12005-94-6
378	12005-95-7
378	12005-96-8
378	12005-99-1
378	12006-05-2
378	12006-06-3
378	12006-08-5
378	12006-09-6
378	12006-10-9
378	12006-12-1
378	12006-15-4
378	12006-21-2
378	12006-40-5
378	120148-08-5
378	120149-75-9
378	120149-76-0
378	120306-39-0
378	120306-40-3
378	12044-16-5
378	12044-20-1
378	12044-21-2
378	12044-22-3
378	12044-25-6
378	12044-28-9
378	12044-30-3
378	12044-30-3
378	12044-30-3
378	12044-31-4
378	12044-32-5
378	12044-42-7
378	12044-49-4
378	12044-50-7
378	12044-52-9
378	12044-54-1
378	12044-55-2
378	12044-57-4
378	12044-65-4
378	12044-79-0
378	12068-59-6
378	12068-61-0
378	120804-98-0
378	120804-99-1
378	122285-88-5
378	122326-17-4
378	12254-85-2
378	12254-88-5
378	12254-95-4
378	12255-04-8
378	12255-08-2
378	12255-09-3
378	12255-10-6
378	12255-11-7
378	12255-36-6
378	12255-39-9
378	12255-48-0
378	12255-50-4
378	12255-53-7
378	12255-80-0
378	12255-89-9
378	12255-99-1
378	12256-04-1
378	12256-32-5
378	12256-33-6
378	122656-81-9
378	12271-72-6
378	12279-90-2
378	12344-68-2
378	12355-85-0
378	123627-64-5
378	12380-33-5
378	12393-61-2
378	12414-94-7
378	12417-99-1
378	124260-75-9
378	12445-06-6
378	124588-15-4
378	12505-63-4
378	12511-97-6
378	125484-17-5
378	125484-18-6
378	125687-68-5
378	125694-36-2
378	12612-21-4
378	12626-31-2
378	1263481-96-4
378	126603-81-4
378	126999-21-1
378	127-85-5
378	127276-73-7
378	127276-74-8
378	127276-75-9
378	127276-76-0
378	127276-77-1
378	12774-48-0
378	12777-38-7
378	127795-79-3
378	12780-90-4
378	12795-30-1
378	128089-50-9
378	128515-50-4
378	128515-51-5
378	129618-34-4
378	130042-18-1
378	1303-00-0
378	1303-11-3
378	1303-13-5
378	1303-22-6
378	1303-28-2
378	1303-32-8
378	1303-33-9
378	1303-34-0
378	1303-36-2
378	1303-37-3
378	1303-39-5
378	130917-47-4
378	1314087-58-5
378	1315336-31-2
378	131599-73-0
378	131599-74-1
378	131599-76-3
378	132-33-2
378	1327-30-6
378	1327-52-2
378	1327-53-3
378	132826-04-1
378	132851-71-9
378	1332-10-1
378	1333-24-0
378	1333-25-1
378	133740-71-3
378	133927-17-0
378	1343-96-0
378	1345-20-6
378	13453-15-1
378	13462-91-4
378	13462-93-6
378	13462-94-7
378	13464-35-2
378	13464-36-3
378	13464-37-4
378	13464-38-5
378	13464-39-6
378	13464-42-1
378	13464-43-2
378	13464-44-3
378	13464-58-9
378	13464-68-1
378	13466-06-3
378	13477-04-8
378	13477-70-8
378	13478-14-3
378	13478-34-7
378	13478-34-7
378	13478-34-7
378	13510-31-1
378	13510-44-6
378	13510-46-8
378	13510-72-0
378	13510-91-3
378	13510-94-6
378	135282-54-1
378	135282-55-2
378	1355049-91-0
378	135573-19-2
378	135573-20-5
378	135573-21-6
378	1357629-22-1
378	135988-79-3
378	136139-33-8
378	136254-80-3
378	136299-46-2
378	1363218-52-3
378	136575-46-7
378	136629-63-5
378	136654-91-6
378	136654-92-7
378	13702-38-0
378	137026-16-5
378	1370553-14-2
378	137575-12-3
378	137575-13-4
378	13768-07-5
378	13843-65-7
378	14034-76-5
378	14060-38-9
378	142464-01-5
378	14304-78-0
378	14304-78-0
378	1434046-67-9
378	1450620-86-6
378	14525-25-8
378	14644-70-3
378	146504-31-6
378	14687-61-7
378	14687-61-7
378	14809-44-0
378	14809-44-0
378	14809-45-1
378	14809-45-1
378	14965-99-2
378	15120-17-9
378	15122-58-4
378	15194-98-6
378	15195-00-3
378	15195-06-9
378	1535485-71-2
378	15422-59-0
378	15422-59-0
378	15575-20-9
378	15575-20-9
378	15755-33-6
378	15755-33-6
378	15755-35-8
378	15755-35-8
378	16102-92-4
378	1621613-53-3
378	164170-84-7
378	16509-22-1
378	16685-55-5
378	16685-55-5
378	1685247-26-0
378	17029-22-0
378	17068-85-8
378	17068-86-9
378	1825302-06-4
378	187086-23-3
378	188947-55-9
378	1929572-29-1
378	1940140-03-3
378	1979138-53-8
378	199744-45-1
378	2009382-57-2
378	2071237-20-0
378	2089208-18-2
378	2092999-60-3
378	21093-83-4
378	21480-65-9
378	217972-77-5
378	2226341-09-7
378	2240157-94-0
378	2242959-68-6
378	22441-45-8
378	22538-92-7
378	22626-92-2
378	22739-14-6
378	22831-42-1
378	2294935-60-5
378	23302-47-8
378	23878-46-8
378	2428630-86-6
378	24440-79-7
378	24719-13-9
378	24719-19-5
378	2511147-66-1
378	27016-73-5
378	27016-75-7
378	27152-57-4
378	27526-45-0
378	28380-38-3
378	28837-97-0
378	28980-47-4
378	28980-48-5
378	29871-10-1
378	29871-12-3
378	29871-13-4
378	29935-35-1
378	32322-13-7
378	32680-29-8
378	32775-46-5
378	33382-64-8
378	35171-52-9
378	352030-72-9
378	36267-15-9
378	36465-76-6
378	3687-31-8
378	37196-28-4
378	37226-49-6
378	37263-29-9
378	37280-17-4
378	37330-46-4
378	37337-11-4
378	37337-13-6
378	37382-15-3
378	385800-12-4
378	39277-51-5
378	39297-24-0
378	39310-41-3
378	39372-68-4
378	39399-60-5
378	50288-23-8
378	51021-36-4
378	51957-41-6
378	52126-83-7
378	52740-16-6
378	52911-56-5
378	53404-12-9
378	53800-83-2
378	55624-62-9
378	55957-14-7
378	56320-22-0
378	56450-43-2
378	56533-30-3
378	56626-06-3
378	56729-51-2
378	56729-51-2
378	57673-50-4
378	58076-82-7
378	58076-82-7
378	59229-13-9
378	59400-80-5
378	60168-33-4
378	60189-99-3
378	60646-36-8
378	60909-47-9
378	60953-19-7
378	61219-26-9
378	61462-16-6
378	62702-52-7
378	63382-64-9
378	63989-69-5
378	64475-90-7
378	64973-06-4
378	65113-28-2
378	65313-32-8
378	65453-05-6
378	65676-37-1
378	65997-18-4
378	67711-96-0
378	67712-00-9
378	68611-46-1
378	68784-76-9
378	68951-38-2
378	69012-20-0
378	69012-51-7
378	69029-70-5
378	69029-97-6
378	70333-07-2
378	72067-67-5
378	72845-34-2
378	73156-86-2
378	73728-19-5
378	7440-38-2
378	74646-29-0
378	749262-24-6
378	75348-31-1
378	7631-89-2
378	76407-89-1
378	76407-91-5
378	7645-25-2
378	7774-41-6
378	7778-39-4
378	7778-41-8
378	7778-43-0
378	7778-44-1
378	7784-08-9
378	7784-33-0
378	7784-34-1
378	7784-35-2
378	7784-36-3
378	7784-37-4
378	7784-38-5
378	7784-40-9
378	7784-41-0
378	7784-42-1
378	7784-44-3
378	7784-45-4
378	7784-46-5
378	7785-24-2
378	7786-36-9
378	8011-67-4
378	8028-73-7
378	8028-74-8
378	817163-73-8
378	817163-79-4
378	817163-85-2
378	84057-85-2
378	84776-01-2
378	856307-43-2
378	856565-65-6
378	878891-76-0
378	888030-71-5
378	89067-81-2
378	900531-39-7
378	91053-48-4
378	91724-16-2
378	92062-13-0
378	92128-37-5
378	94278-22-5
378	94551-87-8
378	959925-10-1
378	97404-76-7
378	98106-56-0
378	98246-91-4
378	99035-51-5
378	P-91-1278
378	RR-00065-7
378	RR-00104-7
378	RR-00132-1
378	RR-00586-7
378	RR-00717-0
378	RR-00732-9
378	RR-00733-0
378	RR-00801-5
378	RR-01200-0
378	RR-01275-9
378	RR-01292-0
378	RR-01513-4
378	RR-01913-6
378	RR-02086-0
378	RR-03689-5
378	RR-07194-3
378	RR-10012-9
378	RR-10387-7
378	RR-10388-8
378	RR-10463-2
378	RR-11147-7
378	RR-11148-8
378	RR-12442-5
378	RR-12446-9
378	RR-12618-1
378	RR-12622-7
378	RR-12626-1
378	RR-13297-8
378	RR-14263-2
378	RR-17668-1
378	RR-19628-1
378	RR-209165-8
378	RR-42176-1
378	RR-42178-3
378	RR-42180-7
378	RR-42236-6
378	RR-42793-0
378	RR-43729-6
378	RR-46599-6
378	UN1546
378	UN1553
378	UN1554
378	UN1555
378	UN1558
378	UN1559
378	UN1560
378	UN1561
378	UN1562
378	UN1573
378	UN1586
378	UN1606
378	UN1607
378	UN1608
378	UN1622
378	UN1623
378	UN1678
378	UN1683
378	UN1685
378	UN1686
378	UN1691
378	UN1691
378	UN1712
378	UN2027
378	UN2188
379	10217-52-4
379	10217-52-4
379	119775-10-9
379	302-01-2
379	31886-26-7
379	65209-65-6
379	65492-74-2
379	75013-58-0
379	7803-57-8
379	78206-91-4
379	79785-97-0
379	UN2029
38	10213-78-2
38	1079914-70-7
38	109223-82-7
38	11119-98-5
38	1129705-27-6
38	12610-15-0
38	1261038-35-0
38	1261038-37-2
38	12737-49-4
38	1276693-55-0
38	132909-78-5
38	134809-17-9
38	135061-88-0
38	1365658-76-9
38	139465-52-4
38	140608-56-6
38	145445-97-2
38	145699-52-1
38	1541-67-9
38	15520-05-5
38	1627576-29-7
38	173104-11-5
38	176708-39-7
38	18924-66-8
38	18924-67-9
38	211236-23-6
38	220882-18-8
38	26248-66-8
38	26635-80-3
38	26635-92-7
38	26635-94-9
38	284043-71-6
38	29933-69-5
38	31017-83-1
38	31727-16-9
38	320376-56-5
38	37208-37-0
38	37208-38-1
38	374677-09-5
38	38406-51-8
38	39355-58-3
38	39378-85-3
38	39392-85-3
38	439693-70-6
38	502849-71-0
38	51290-41-6
38	52001-65-7
38	53028-70-9
38	53028-71-0
38	53789-65-4
38	55608-16-7
38	55608-17-8
38	55608-18-9
38	56451-60-6
38	58392-21-5
38	61328-31-2
38	61614-03-7
38	61790-82-7
38	61791-14-8
38	61791-24-0
38	61791-26-2
38	61791-31-9
38	61791-44-4
38	62229-30-5
38	63091-06-5
38	63705-00-0
38	64147-39-3
38	65099-75-4
38	66456-78-8
38	66525-82-4
38	66587-55-1
38	68155-33-9
38	68439-72-5
38	68551-36-0
38	68859-80-3
38	69494-73-1
38	71786-60-2
38	71950-59-9
38	72968-37-7
38	73246-96-5
38	79748-21-3
38	80256-99-1
38	8051-49-8
38	8051-50-1
38	8051-51-2
38	8051-52-3
38	8051-53-4
38	8051-54-5
38	8051-55-6
38	8051-56-7
38	8051-57-8
38	8051-58-9
38	8051-59-0
38	80893-20-5
38	865288-96-6
38	88747-41-5
38	88747-42-6
38	9003-93-4
38	90367-28-5
38	95751-70-5
38	95916-71-5
38	96387-74-5
38	99241-69-7
38	RR-190098-7
380	100511-44-2
380	103736-66-9
380	104365-97-1
380	106908-76-3
380	121682-48-2
380	1266621-29-7
380	1266621-31-1
380	128189-36-6
380	129130-42-3
380	134579-07-0
380	13502-12-0
380	13710-39-9
380	138360-84-6
380	146437-16-3
380	14860-53-8
380	187285-10-5
380	192526-55-9
380	21089-06-5
380	2666-14-0
380	2809-21-4
380	29329-71-3
380	303177-33-5
380	3794-83-0
380	51888-66-5
380	60376-08-1
380	66216-98-6
380	67953-76-8
380	7414-83-7
380	83047-25-0
380	85188-80-3
380	853028-38-3
380	85985-26-8
380	86159-18-4
380	87977-58-0
381	108-46-3
381	123-31-9
381	12385-08-9
381	57534-13-1
381	8027-02-9
382	100-40-3
382	92619-43-7
383	1135443-72-9
383	1486-01-7
383	56481-93-7
383	72931-46-5
383	92-52-4
384	110-85-0
384	142-63-2
384	8017-90-1
384	8027-81-4
384	81546-15-8
384	854880-15-2
384	861800-35-3
384	UN2579
385	120-57-0
385	30024-74-9
385	659726-32-6
386	110-86-1
386	152758-95-7
386	163392-20-9
386	45410-39-7
386	62301-32-0
386	6999-00-4
386	7291-22-7
386	733733-47-6
386	82005-06-9
386	85404-19-9
386	85404-20-2
386	857961-06-9
386	UN1282
387	120-80-9
387	16474-89-8
387	16474-90-1
387	19481-10-8
387	37349-32-9
388	192076-92-9
388	39387-78-5
388	457652-80-1
388	90-43-7
389	941-69-5
39	101840-73-7
39	102381-15-7
39	106707-02-2
39	107120-43-4
39	107120-44-5
39	111214-24-5
39	111366-79-1
39	111637-23-1
39	114797-52-3
39	1150565-38-0
39	115453-13-9
39	116464-10-9
39	125622-53-9
39	12656-10-9
39	126646-02-4
39	12679-67-3
39	126879-46-7
39	127162-58-7
39	12772-71-3
39	12790-63-5
39	130419-63-5
39	135454-69-2
39	137505-79-4
39	138185-26-9
39	138874-15-4
39	140881-22-7
39	1433018-70-2
39	145613-03-2
39	145613-04-3
39	145613-05-4
39	145613-06-5
39	1456520-38-9
39	147827-15-4
39	150260-52-9
39	1523474-62-5
39	158453-78-2
39	159131-59-6
39	161622-43-1
39	16979-47-8
39	170516-63-9
39	171286-87-6
39	183147-07-1
39	191549-76-5
39	196004-48-5
39	2136-71-2
39	2136-72-3
39	25190-05-0
39	26636-39-5
39	26636-40-8
39	306966-46-1
39	307965-48-6
39	31586-40-0
39	31586-45-5
39	31798-99-9
39	31800-63-2
39	31899-57-7
39	31917-55-2
39	32054-74-3
39	32054-77-6
39	32070-90-9
39	32127-87-0
39	32128-65-7
39	32168-65-3
39	32236-19-4
39	348113-22-4
39	355131-77-0
39	37230-81-2
39	37260-66-5
39	37317-52-5
39	37332-04-0
39	37332-05-1
39	37336-10-0
39	37336-11-1
39	37337-62-5
39	37359-30-1
39	37370-70-0
39	39290-55-6
39	39384-37-7
39	39384-38-8
39	39384-39-9
39	39404-34-7
39	39404-35-8
39	41669-31-2
39	459409-04-2
39	459409-05-3
39	503027-87-0
39	503027-88-1
39	50813-70-2
39	50813-71-3
39	50957-68-1
39	51109-88-7
39	51877-40-8
39	51888-74-5
39	52292-17-8
39	52440-04-7
39	52440-12-7
39	52440-13-8
39	52452-85-4
39	52504-21-9
39	52504-22-0
39	52609-19-5
39	52627-03-9
39	52732-71-5
39	53124-83-7
39	53663-60-8
39	53800-54-7
39	54174-03-7
39	54351-97-2
39	54578-85-7
39	54824-28-1
39	55247-83-1
39	55464-98-7
39	58056-96-5
39	58339-87-0
39	58857-52-6
39	58969-22-5
39	59494-36-9
39	59890-16-3
39	60328-40-7
39	61276-84-4
39	61791-13-7
39	61791-21-7
39	61791-28-4
39	62229-17-8
39	62229-49-6
39	623588-92-1
39	62887-14-3
39	62887-15-4
39	62887-16-5
39	62887-17-6
39	63172-62-3
39	64060-02-2
39	64296-31-7
39	64415-24-3
39	64425-87-2
39	647858-18-2
39	65104-72-5
39	65431-57-4
39	65489-62-5
39	66015-22-3
39	67015-99-0
39	678155-06-1
39	68002-97-1
39	68154-96-1
39	68155-01-1
39	68188-13-6
39	68213-23-0
39	68439-49-6
39	68526-94-3
39	68551-12-2
39	68603-20-3
39	68920-66-1
39	68954-95-0
39	68991-48-0
39	69013-19-0
39	69227-20-9
39	69364-63-2
39	71011-10-4
39	71243-46-4
39	726175-59-3
39	726175-66-2
39	72905-87-4
39	73398-63-7
39	741258-97-9
39	74749-69-2
39	74749-72-7
39	77282-12-3
39	78690-64-9
39	79586-81-5
39	8013-79-4
39	8013-80-7
39	8013-81-8
39	8036-15-5
39	8036-16-6
39	8038-99-1
39	8049-57-8
39	80700-13-6
39	80701-83-3
39	81138-54-7
39	85941-45-3
39	88995-63-5
39	9004-95-9
39	9004-98-2
39	9005-00-9
39	9007-63-0
39	9040-05-5
39	917245-08-0
39	930296-27-8
39	97043-91-9
39	RR-190166-2
390	106-50-3
390	108-45-2
390	1266121-34-9
390	1274866-89-5
390	25265-76-3
390	56481-76-6
390	82785-55-5
390	95-54-5
390	UN1673
391	108-95-2
391	13127-88-3
391	14534-23-7
391	50356-25-7
391	8002-07-1
391	UN2312
392	51877-74-8
392	52341-32-9
392	52341-33-0
392	52645-53-1
392	54774-45-7
392	54774-46-8
392	54774-47-9
392	57608-04-5
392	58072-95-0
392	58072-96-1
392	60018-94-2
392	61949-76-6
392	61949-77-7
392	63364-00-1
392	75497-64-2
392	93388-66-0
393	106-99-0
393	1213224-27-1
393	130983-70-9
393	183592-61-2
394	117-84-0
394	8031-29-6
394	93952-13-7
395	84-74-2
395	93952-11-5
396	109630-52-6
396	117-81-7
396	126639-29-0
396	137718-37-7
396	14103-61-8
396	205180-59-2
396	20548-62-3
396	275818-89-8
396	28553-12-0
396	40120-69-2
396	50885-87-5
396	607374-50-5
396	68515-48-0
396	70152-36-2
396	70857-56-6
396	71549-78-5
396	8033-53-2
396	82208-43-3
396	85391-48-6
396	85391-49-7
396	85391-50-0
396	85391-51-1
396	85391-52-2
396	85391-53-3
396	85391-54-4
396	85851-76-9
396	85851-77-0
396	85851-78-1
396	85851-79-2
396	85851-80-5
396	85851-84-9
396	93951-87-2
396	97692-55-2
396	98088-97-2
397	85-68-7
397	93951-88-3
398	28159-98-0
399	69327-76-0
4	140-88-5
4	1441020-41-2
4	UN1917
40	102782-43-4
40	103818-93-5
40	154518-36-2
40	155683-77-5
40	166736-08-9
40	61287-28-3
40	68154-97-2
40	68439-30-5
40	68603-25-8
40	68937-66-6
40	68987-81-5
40	69013-18-9
40	69227-22-1
40	73398-63-7
400	3006-82-4
401	112410-23-8
402	1135441-25-6
402	17804-35-2
402	39357-40-9
402	52683-56-4
403	122008-85-9
404	80060-09-9
405	142798-19-4
405	20298-69-5
405	20298-70-8
405	301318-15-0
405	88-41-5
406	104-05-2
406	32210-23-4
407	19666-30-9
408	34014-18-1
409	400882-07-7
41	101840-73-7
41	11114-30-0
41	111214-24-5
41	1115589-02-0
41	124449-60-1
41	125622-53-9
41	12627-31-5
41	127036-24-2
41	1295500-96-7
41	1295509-79-3
41	1354650-63-7
41	138185-26-9
41	1408318-19-3
41	140881-22-7
41	1416949-69-3
41	142287-15-8
41	1431564-52-1
41	158360-81-7
41	160875-66-1
41	160901-09-7
41	169107-21-5
41	171544-59-5
41	171903-95-0
41	184306-23-8
41	191744-22-6
41	212516-31-9
41	220880-96-6
41	23238-40-6
41	23244-49-7
41	245366-78-3
41	249287-31-8
41	26183-52-8
41	26912-60-7
41	27044-11-7
41	278798-74-6
41	32168-77-7
41	32238-49-6
41	342042-70-0
41	342043-56-5
41	34398-01-1
41	37213-82-4
41	37224-39-8
41	37232-15-8
41	37331-57-0
41	39390-80-2
41	39390-81-3
41	39390-82-4
41	39405-97-5
41	39587-22-9
41	41366-01-2
41	41366-02-3
41	41366-03-4
41	439945-18-3
41	4669-23-2
41	503027-84-7
41	51023-17-7
41	5168-89-8
41	51745-86-9
41	52440-12-7
41	52440-13-8
41	53029-08-6
41	54174-03-7
41	55840-61-4
41	56619-62-6
41	5703-94-6
41	57107-69-4
41	58318-61-9
41	58969-22-5
41	60881-01-8
41	60937-75-9
41	60937-76-0
41	61791-13-7
41	61791-21-7
41	61791-28-4
41	61827-42-7
41	62229-17-8
41	62229-49-6
41	62362-75-8
41	635727-49-0
41	65256-15-7
41	66455-10-5
41	66455-15-0
41	67015-99-0
41	68002-97-1
41	68037-04-7
41	68131-40-8
41	68439-45-2
41	68439-46-3
41	68439-54-3
41	68511-58-0
41	68954-96-1
41	68991-48-0
41	69013-19-0
41	70595-16-3
41	70879-83-3
41	71060-57-6
41	71243-46-4
41	713116-71-3
41	73398-63-7
41	78330-20-8
41	78330-21-9
41	81138-54-7
41	82376-08-7
41	848146-74-7
41	851226-54-5
41	85946-32-3
41	869068-47-3
41	877610-16-7
41	900492-81-1
41	910126-46-4
41	936824-77-0
41	940892-12-6
41	940892-38-6
41	97043-91-9
41	97404-08-5
410	18127-01-0
411	39390-70-0
411	75166-25-5
411	80-54-6
412	27178-34-3
412	585-34-2
412	88-18-6
412	98-54-4
413	2312-35-8
413	60098-53-5
414	10026-17-2
414	10028-18-9
414	102089-31-6
414	11113-73-8
414	11113-87-4
414	1147709-34-9
414	1187680-46-1
414	120144-37-8
414	12020-82-5
414	12125-01-8
414	1227263-18-4
414	12323-05-6
414	12324-56-0
414	12324-60-6
414	124633-37-0
414	12507-30-1
414	12507-33-4
414	12528-21-1
414	1256490-43-3
414	1257076-06-4
414	12592-22-2
414	127026-25-9
414	13319-75-0
414	1333-83-1
414	133332-88-4
414	13400-13-0
414	1341-49-7
414	13455-21-5
414	13455-27-1
414	135446-53-6
414	13597-96-1
414	13762-15-7
414	13817-36-2
414	13817-37-3
414	13940-83-5
414	13986-18-0
414	140406-37-7
414	14055-61-9
414	14166-78-0
414	144705-55-5
414	15298-38-1
414	153985-02-5
414	15818-75-4
414	159431-44-4
414	16099-75-5
414	161288-32-0
414	161403-69-6
414	1628788-89-5
414	165892-23-9
414	16671-27-5
414	16941-26-7
414	17022-86-5
414	17097-13-1
414	178115-94-1
414	18623-82-0
414	19121-60-9
414	204322-87-2
414	215303-13-2
414	26979-63-5
414	26979-64-6
414	26979-66-8
414	26979-67-9
414	26979-72-6
414	26979-73-7
414	32057-09-3
414	326604-75-5
414	357290-87-0
414	39287-69-9
414	502760-32-9
414	52697-21-9
414	59111-23-8
414	59217-72-0
414	59217-74-2
414	59217-75-3
414	65086-44-4
414	67112-29-2
414	70786-97-9
414	70876-63-0
414	70876-64-1
414	73640-07-0
414	7664-39-3
414	7681-49-4
414	7775-41-9
414	7783-37-1
414	7783-47-3
414	7783-49-5
414	7783-64-4
414	7783-66-6
414	7783-70-2
414	7783-82-6
414	7787-49-7
414	7788-97-8
414	7789-19-7
414	7789-23-3
414	7789-27-7
414	7789-29-9
414	7789-30-2
414	7790-15-0
414	7790-79-6
414	863982-24-5
414	950196-00-6
414	96740-33-9
414	RR-07617-5
414	UN1052
414	UN1690
414	UN1727
414	UN1732
414	UN1745
414	UN1756
414	UN1757
414	UN1790
414	UN1811
414	UN1812
414	UN2196
414	UN2439
414	UN2495
414	UN2505
414	UN2817
414	UN2851
414	UN3415
414	UN3421
414	UN3422
415	123-73-9
415	15798-64-8
415	4170-30-3
415	UN1143
416	7580-85-0
417	23184-66-9
418	98-01-1
418	UN1199
419	12071-83-9
419	31530-30-0
42	104-40-5
42	108449-27-0
42	110327-09-8
42	11066-49-2
42	122961-18-6
42	1300-16-9
42	1323-65-5
42	136-83-4
42	139-84-4
42	142731-63-3
42	142731-63-3
42	17404-45-4
42	17404-66-9
42	186825-36-5
42	186825-36-5
42	186825-39-8
42	186825-40-1
42	25154-52-3
42	256459-00-4
42	26543-97-5
42	27938-31-4
42	29832-11-9
42	30784-30-6
42	521947-27-3
42	52427-13-1
42	58865-77-3
42	68081-86-7
42	70120-12-6
42	84852-15-3
42	87247-00-5
42	89585-68-2
42	90481-04-2
42	91000-35-0
42	91672-41-2
420	11104-73-7
420	353-59-3
420	UN1974
421	122453-73-0
422	500008-45-7
423	75-27-4
424	1452383-17-3
424	1519044-51-9
424	62395-25-9
424	75-63-8
424	UN1009
425	154670-12-9
425	314-40-9
426	348635-87-0
427	106-94-5
428	75-26-3
429	1361252-19-8
429	1519044-64-4
429	74-83-9
429	UN1062
43	1173021-20-9
43	124765-79-3
43	1322-69-6
43	140-66-9
43	1806-26-4
43	1818-08-2
43	209859-96-1
43	27013-89-4
43	27193-28-8
43	27214-47-7
43	29932-96-5
43	30105-54-5
43	3307-00-4
43	3307-01-5
43	37769-53-2
43	3884-95-5
43	62744-41-6
43	85771-77-3
430	115-29-7
430	12640-58-3
430	19595-59-6
430	29106-31-8
430	33213-65-9
430	33213-66-0
430	426824-51-3
430	6994-04-3
430	8003-45-0
430	959-98-8
431	112-02-7
431	129290-73-9
431	139272-33-6
431	146909-27-5
431	217468-43-4
431	37334-78-4
431	37334-79-5
431	37336-44-0
431	500876-31-3
431	500876-35-7
431	53023-95-3
431	61789-18-2
431	61790-43-0
431	68002-62-0
431	68002-63-1
431	68391-03-7
431	79728-63-5
431	8028-19-1
431	8029-24-1
431	8030-78-2
431	8046-62-6
432	4719-04-4
432	63310-09-8
433	1222-05-5
433	80450-66-4
434	124-09-4
434	UN1783
435	133394-59-9
435	243121-01-9
435	280144-19-6
435	53192-27-1
435	57350-77-3
435	63525-90-6
435	66368-96-5
435	822-06-0
435	824958-44-3
435	88357-62-4
435	UN2281
436	110-54-3
436	8031-34-3
437	1071-93-8
437	124246-54-4
437	98152-55-7
438	6259-76-3
439	153522-12-4
439	33004-04-5
439	592-41-6
439	UN2370
44	102381-25-9
44	1039646-79-1
44	107397-84-2
44	1082816-13-4
44	113497-04-4
44	115003-70-8
44	122-18-9
44	122-19-0
44	122-19-0
44	1231166-23-6
44	124548-64-7
44	12741-06-9
44	139-07-1
44	139-08-2
44	1427499-25-9
44	1427499-26-0
44	143243-76-9
44	147228-81-7
44	152618-11-6
44	159704-21-9
44	160402-23-3
44	1610882-95-5
44	1641-93-6
44	16576-95-7
44	16576-96-8
44	16576-98-0
44	16576-98-0
44	173270-95-6
44	2277-01-2
44	23661-75-8
44	283158-20-3
44	284043-23-8
44	3529-04-2
44	353491-88-0
44	39403-41-3
44	39434-18-9
44	50641-12-8
44	50957-62-5
44	51004-71-8
44	51668-62-3
44	51796-11-3
44	51931-10-3
44	52628-07-6
44	56573-46-7
44	59890-14-1
44	60484-28-8
44	61789-71-7
44	61789-72-8
44	61789-74-0
44	61789-75-1
44	63449-41-2
44	63449-42-3
44	67377-59-7
44	68390-98-7
44	68391-01-5
44	68424-85-1
44	68607-20-5
44	68989-00-4
44	69344-71-4
44	70294-44-9
44	72749-57-6
44	7281-04-1
44	75635-12-0
44	77465-44-2
44	78565-22-7
44	8001-54-5
44	8011-91-4
44	8036-90-6
44	8038-88-8
44	8039-63-2
44	8043-48-9
44	8045-21-4
44	84540-07-8
44	85409-22-9
44	85851-67-8
44	85851-68-9
44	85851-69-0
44	85851-73-6
44	85851-74-7
44	85851-75-8
44	85909-51-9
44	863782-48-3
44	867012-79-1
44	89004-36-4
44	93820-30-5
44	93981-92-1
44	94086-43-8
44	94158-10-8
44	94158-11-9
44	94159-23-6
44	94159-24-7
44	94313-85-6
44	95078-12-9
44	965-32-2
44	97337-82-1
44	RR-132072-5
44	RR-87724-7
440	135-19-3
440	860440-31-9
441	1024-57-3
441	24699-42-1
441	24717-72-4
441	28044-82-8
441	4067-30-5
441	66240-71-9
441	66429-35-4
442	142-82-5
442	33838-52-7
442	44607-13-8
442	8031-33-2
443	104-67-6
443	57084-17-0
444	10039-31-3
444	10210-64-7
444	1111-71-3
444	11133-98-5
444	12009-99-3
444	12010-12-7
444	12069-36-2
444	12161-82-9
444	12228-40-9
444	12232-25-6
444	12232-27-8
444	12232-67-6
444	12291-87-1
444	12323-05-6
444	12323-05-6
444	12400-16-7
444	12428-23-8
444	12429-94-6
444	12536-51-5
444	12536-52-6
444	125466-18-4
444	1268721-56-7
444	12770-50-2
444	1302-52-9
444	1304-49-0
444	1304-54-7
444	1304-56-9
444	13106-47-3
444	1318-19-0
444	1319-43-3
444	1332-52-1
444	13327-32-7
444	13466-27-8
444	13510-48-0
444	13510-49-1
444	13597-95-0
444	13597-96-1
444	13597-99-4
444	13598-00-0
444	13598-15-7
444	13598-22-6
444	13598-26-0
444	13814-50-1
444	13871-27-7
444	13874-36-7
444	13966-02-4
444	13966-02-4
444	14215-00-0
444	14216-88-7
444	14390-89-7
444	14390-89-7
444	14874-86-3
444	148896-39-3
444	14902-95-5
444	15191-85-2
444	15339-40-9
444	15499-68-0
444	15721-33-2
444	16166-89-5
444	16923-64-1
444	17440-85-6
444	183480-25-3
444	1837-99-6
444	18983-72-7
444	19049-40-2
444	19181-26-1
444	204847-07-4
444	20768-68-7
444	22537-20-8
444	2399-81-7
444	25638-88-4
444	278600-28-5
444	30374-53-9
444	30913-98-5
444	3173-18-0
444	35089-00-0
444	37227-61-5
444	39413-47-3
444	506-63-8
444	506-66-1
444	53514-39-9
444	53684-48-3
444	542-63-2
444	543-81-7
444	55158-44-6
444	57620-29-8
444	58127-61-0
444	58500-38-2
444	608529-54-0
444	61279-73-0
444	61279-74-1
444	61279-75-2
444	61279-76-3
444	63915-76-4
444	63990-88-5
444	64059-26-3
444	66104-24-3
444	7440-41-7
444	756857-80-4
444	7787-46-4
444	7787-47-5
444	7787-49-7
444	7787-50-0
444	7787-52-2
444	7787-53-3
444	7787-54-4
444	7787-54-4
444	7787-55-5
444	7787-56-6
444	97330-34-2
444	RR-00557-2
444	RR-04797-2
444	RR-100836-2
444	RR-100837-3
444	RR-100838-4
444	RR-100839-5
444	RR-122532-7
444	RR-145860-2
444	RR-55480-3
444	RR-56351-9
444	UN1566
444	UN1567
444	UN2464
445	1001387-46-7
445	106015-10-5
445	13466-19-8
445	14392-58-6
445	398469-95-9
445	7727-21-1
445	7727-54-0
445	7775-27-1
445	RR-59575-5
445	UN1444
445	UN1492
445	UN1505
446	1017281-31-0
446	1195164-59-0
446	13058-06-5
446	1376936-03-6
446	1514-68-7
446	15715-47-6
446	15739-82-9
446	17125-58-5
446	17125-60-9
446	18017-22-6
446	19742-57-5
446	212013-54-2
446	2395-00-8
446	277749-00-5
446	29457-73-6
446	32609-65-7
446	335-67-1
446	335-93-3
446	335-95-5
446	35965-01-6
446	3825-26-1
446	423-52-9
446	45285-51-6
446	61436-04-2
446	65618-66-8
446	68141-02-6
446	68333-92-6
446	69278-80-4
446	71244-15-0
446	72623-77-9
446	72968-38-8
446	77751-76-9
446	864071-08-9
446	864071-09-0
446	866758-65-8
446	90480-56-1
446	91032-01-8
446	927835-01-6
446	95328-99-7
446	95658-47-2
446	98065-31-7
446	98241-25-9
446	RR-64340-3
447	132324-11-9
447	1763-23-1
447	93572-72-6
448	98-07-7
448	UN2226
449	101-86-0
45	105864-16-2
45	106602-89-5
45	11114-21-9
45	111839-63-5
45	112509-31-6
45	119409-06-2
45	12068-10-9
45	12068-14-3
45	12068-16-5
45	12068-21-2
45	121-65-3
45	122390-78-7
45	1232441-14-3
45	124743-21-1
45	12627-25-7
45	12676-70-9
45	128452-17-5
45	1322-98-1
45	1323-12-2
45	1323-13-3
45	1330-69-4
45	1331-60-8
45	1331-61-9
45	137321-78-9
45	137321-79-0
45	137321-84-7
45	137321-87-0
45	138362-06-8
45	139878-52-7
45	139878-53-8
45	139878-54-9
45	139878-55-0
45	140-60-3
45	142986-60-5
45	14356-33-3
45	14356-40-2
45	144796-95-2
45	14564-74-0
45	147035-77-6
45	147625-74-9
45	15163-46-9
45	16577-13-2
45	170006-86-7
45	175069-51-9
45	177645-67-9
45	178900-97-5
45	1797-33-7
45	18618-53-6
45	18777-54-3
45	189201-38-5
45	19327-14-1
45	19589-59-4
45	210106-05-1
45	219316-00-4
45	220880-99-9
45	2211-98-5
45	25155-30-0
45	254117-47-0
45	25496-01-9
45	26248-24-8
45	26264-06-2
45	2627-06-7
45	26447-06-3
45	26545-53-9
45	27157-97-7
45	27176-87-0
45	27177-77-1
45	27323-41-7
45	27479-45-4
45	27636-75-5
45	28348-61-0
45	28575-89-5
45	28675-02-7
45	286940-66-7
45	29062-23-5
45	29062-27-9
45	29062-32-6
45	295348-93-5
45	29756-98-7
45	30776-59-1
45	31017-44-4
45	31093-47-7
45	312629-70-2
45	313478-89-6
45	33789-40-1
45	352212-18-1
45	372965-63-4
45	37321-08-7
45	37334-89-7
45	39316-39-7
45	39355-45-8
45	39386-98-6
45	39405-16-8
45	41934-13-8
45	4206-41-1
45	47236-10-2
45	47377-16-2
45	50854-94-9
45	52624-37-0
45	54824-36-1
45	56590-39-7
45	57308-35-7
45	57762-50-2
45	58517-33-2
45	59740-36-2
45	60328-33-8
45	61400-71-3
45	61931-75-7
45	63530-22-3
45	67185-28-8
45	68081-81-2
45	68411-30-3
45	68445-25-0
45	68608-87-7
45	68628-60-4
45	69227-09-4
45	69669-44-9
45	705264-21-7
45	71244-85-4
45	73247-58-2
45	76483-01-7
45	811862-51-8
45	82028-94-2
45	82785-43-1
45	83203-33-2
45	83652-87-3
45	83652-88-4
45	83652-89-5
45	85117-50-6
45	852200-40-9
45	85409-86-5
45	863016-65-3
45	88495-86-7
45	889890-18-0
45	889890-18-0
45	90194-45-9
45	90452-02-1
45	906063-68-1
45	941291-66-3
45	94131-36-9
45	94187-92-5
45	950892-60-1
45	RR-07613-1
45	RR-190163-9
450	100-44-7
450	UN1738
451	100-52-7
451	UN1990
452	1053658-43-7
452	1076-43-3
452	1173023-23-8
452	174973-66-1
452	54682-86-9
452	71-43-2
452	UN1114
453	28605-64-3
453	552-30-7
453	68864-89-1
453	70425-46-6
453	928770-37-0
454	1205-17-0
455	73250-68-7
456	119-61-9
456	852361-03-6
457	101802-54-4
457	1135443-67-2
457	39390-77-7
457	87-86-5
457	UN3155
458	100-89-0
458	1000068-23-4
458	100124-06-9
458	1001907-57-8
458	10024-10-9
458	1003298-84-7
458	1003300-72-8
458	100379-00-8
458	1003845-06-4
458	1003845-08-6
458	1004-35-9
458	10043-11-5
458	10043-35-3
458	10049-36-2
458	100622-34-2
458	100629-17-2
458	100696-37-5
458	1008106-86-2
458	100858-40-0
458	1008796-82-4
458	100960-11-0
458	1009807-59-3
458	100991-78-4
458	101-36-0
458	1010068-85-5
458	1012084-56-8
458	101251-09-6
458	101269-67-4
458	101359-30-2
458	10164-64-4
458	10167-67-6
458	101794-85-8
458	101794-86-9
458	101830-33-5
458	101896-29-1
458	101896-31-5
458	10192-46-8
458	102-24-9
458	102-98-7
458	1020537-36-3
458	102110-26-9
458	102110-27-0
458	102110-28-1
458	102110-29-2
458	10214-39-8
458	10220-75-4
458	1024017-53-5
458	1025719-23-6
458	102667-32-3
458	1026991-29-6
458	1026991-29-6
458	10290-09-2
458	1029089-63-1
458	102931-96-4
458	10294-33-4
458	10294-34-5
458	102967-73-7
458	10325-39-0
458	1032758-80-7
458	1032759-30-0
458	103287-47-4
458	10332-33-9
458	1033592-49-2
458	103443-42-1
458	103443-43-2
458	103458-51-1
458	103458-52-2
458	103458-53-3
458	103479-10-3
458	1034924-06-5
458	103530-80-9
458	103570-41-8
458	10361-94-1
458	10365-98-7
458	103650-99-3
458	1037067-65-4
458	103749-26-4
458	10377-81-8
458	10379-90-5
458	103799-70-8
458	10380-06-0
458	10388-28-0
458	1039387-27-3
458	1039387-28-4
458	103986-53-4
458	103989-84-0
458	104114-70-7
458	104116-17-8
458	104376-24-1
458	1046785-37-8
458	104716-22-5
458	104780-67-8
458	1048008-82-7
458	10486-00-7
458	1049687-34-4
458	10504-60-6
458	105224-90-6
458	10535-03-2
458	10555-76-7
458	105560-52-9
458	1056477-09-8
458	1058062-64-8
458	10581-11-0
458	106008-93-9
458	106008-94-0
458	106083-56-1
458	106083-57-2
458	106102-84-5
458	106143-68-4
458	106356-53-0
458	106372-94-5
458	1065010-88-9
458	106951-44-4
458	106996-53-6
458	107065-10-1
458	107099-99-0
458	107264-09-5
458	1072943-15-7
458	1072944-18-3
458	1072951-89-3
458	1072952-25-0
458	1073354-70-7
458	1073354-74-1
458	1073355-14-2
458	1073371-99-9
458	107500-09-4
458	107500-10-7
458	107758-58-7
458	107763-05-3
458	107763-06-4
458	107827-91-8
458	107929-40-8
458	1082208-66-9
458	108662-77-7
458	1087345-28-5
458	108847-20-7
458	108847-76-3
458	1088528-17-9
458	108915-51-1
458	10894-33-4
458	109-63-7
458	109001-02-7
458	109299-78-7
458	109339-49-3
458	1093407-58-9
458	1095-03-0
458	109532-46-9
458	109604-88-8
458	109704-86-1
458	109704-87-2
458	109704-88-3
458	109911-66-2
458	110-51-0
458	110271-56-2
458	1104011-35-9
458	1104637-40-2
458	110601-75-7
458	110602-07-8
458	110603-36-6
458	110622-74-7
458	110659-93-3
458	1106784-67-1
458	110686-90-3
458	110687-04-2
458	110687-06-4
458	110687-07-5
458	11070-95-4
458	11070-96-5
458	11071-48-0
458	11071-55-9
458	11081-84-8
458	110831-31-7
458	110881-46-4
458	1109-15-5
458	11092-86-7
458	11097-89-5
458	11099-25-5
458	11113-50-1
458	11121-16-7
458	11128-29-3
458	11128-98-6
458	1113-78-6
458	11130-11-3
458	11130-12-4
458	11130-13-5
458	11138-47-9
458	1115251-57-4
458	1115639-92-3
458	1116-39-8
458	1116-61-6
458	111821-49-9
458	112022-83-0
458	112155-41-6
458	112155-42-7
458	112155-43-8
458	112155-44-9
458	112155-45-0
458	112204-57-6
458	112539-55-6
458	112592-62-8
458	112653-88-0
458	112653-89-1
458	112653-90-4
458	112874-88-1
458	112909-91-8
458	113114-04-8
458	113160-32-0
458	1132709-14-8
458	1132709-15-9
458	1132709-16-0
458	1135-51-9
458	113784-20-6
458	113787-07-8
458	113787-08-9
458	113893-08-6
458	1142363-56-1
458	114367-12-3
458	114492-02-3
458	1147315-11-4
458	114803-11-1
458	114901-42-7
458	114901-43-8
458	114965-83-2
458	114965-84-3
458	115-81-1
458	1150114-77-4
458	1150114-80-9
458	115372-65-1
458	115372-66-2
458	115377-94-1
458	115390-29-9
458	1155911-88-8
458	115656-07-0
458	1158178-98-3
458	1158840-74-4
458	115887-05-3
458	1160102-15-7
458	116049-38-8
458	1160561-31-8
458	1161937-32-1
458	116285-03-1
458	116285-04-2
458	116348-63-1
458	116378-40-6
458	116590-53-5
458	1165936-00-4
458	1167418-13-4
458	1168135-03-2
458	116999-16-7
458	117051-57-7
458	117098-93-8
458	117151-71-0
458	117167-50-7
458	117315-62-5
458	117315-63-6
458	117440-22-9
458	117522-01-7
458	117522-03-9
458	117603-38-0
458	1178564-64-1
458	117947-85-0
458	118062-05-8
458	1184730-82-2
458	1184850-50-7
458	118574-17-7
458	118601-90-4
458	118612-00-3
458	1186126-93-1
458	1186126-94-2
458	118648-53-6
458	1187571-02-3
458	118786-96-2
458	1189141-72-7
458	1189141-74-9
458	118956-66-4
458	1190226-63-1
458	119192-22-2
458	1192423-33-8
458	119264-78-7
458	119495-39-5
458	1195-66-0
458	1195511-56-8
458	1195511-66-0
458	1195995-72-2
458	119618-67-6
458	119634-42-3
458	119855-17-3
458	12001-68-2
458	12005-61-7
458	12005-69-5
458	12005-70-8
458	12006-77-8
458	12006-78-9
458	12006-79-0
458	12006-80-3
458	12006-84-7
458	12006-85-8
458	12006-86-9
458	12006-98-3
458	12006-99-4
458	12007-00-0
458	12007-01-1
458	12007-02-2
458	12007-07-7
458	12007-08-8
458	12007-09-9
458	12007-10-2
458	12007-16-8
458	12007-18-0
458	12007-23-7
458	12007-24-8
458	12007-25-9
458	12007-27-1
458	12007-28-2
458	12007-29-3
458	12007-33-9
458	12007-34-0
458	12007-35-1
458	12007-36-2
458	12007-38-4
458	12007-40-8
458	12007-41-9
458	12007-42-0
458	12007-46-4
458	12007-56-6
458	12007-57-7
458	12007-58-8
458	12007-60-2
458	12007-61-3
458	12007-62-4
458	12007-66-8
458	12007-67-9
458	12007-73-7
458	12007-81-7
458	12007-83-9
458	12007-84-0
458	12007-88-4
458	12007-89-5
458	12007-90-8
458	12007-91-9
458	12007-92-0
458	12007-97-5
458	12007-98-6
458	12007-99-7
458	12008-02-5
458	12008-04-7
458	12008-05-8
458	12008-06-9
458	12008-21-8
458	12008-23-0
458	12008-25-2
458	12008-27-4
458	12008-29-6
458	12008-30-9
458	12008-31-0
458	12008-32-1
458	12008-33-2
458	12008-40-1
458	12008-41-2
458	12008-61-6
458	12008-75-2
458	12008-78-5
458	12008-82-1
458	12011-54-0
458	120114-03-6
458	120149-44-2
458	120153-08-4
458	120307-06-4
458	120317-02-4
458	1203809-92-0
458	12040-58-3
458	12040-72-1
458	12041-50-8
458	12041-54-2
458	12045-01-1
458	12045-15-7
458	12045-16-8
458	12045-19-1
458	12045-23-7
458	12045-25-9
458	12045-27-1
458	12045-28-2
458	12045-29-3
458	12045-40-8
458	12045-54-4
458	12045-56-6
458	12045-58-8
458	12045-60-2
458	12045-63-5
458	12045-64-6
458	12045-67-9
458	12045-71-5
458	12045-77-1
458	12045-78-2
458	12045-88-4
458	12045-93-1
458	12045-94-2
458	12046-03-6
458	12046-04-7
458	12046-08-1
458	12046-33-2
458	12046-36-5
458	12046-37-6
458	12046-54-7
458	12046-55-8
458	12046-71-8
458	12046-75-2
458	12046-88-7
458	12046-89-8
458	12046-91-2
458	120471-30-9
458	1206641-26-0
458	12069-32-8
458	12070-78-9
458	12070-92-7
458	12075-36-4
458	12075-73-9
458	120806-21-5
458	120806-22-6
458	120806-23-7
458	12081-54-8
458	12084-74-1
458	121-43-7
458	121021-24-7
458	12107-76-5
458	121124-97-8
458	12113-07-4
458	12115-61-6
458	121219-12-3
458	121219-16-7
458	121263-57-8
458	121458-81-9
458	1214752-85-8
458	1214752-86-9
458	1214752-87-0
458	12152-94-2
458	121554-18-5
458	12170-19-3
458	1217267-31-6
458	12179-04-3
458	12179-62-3
458	121833-97-4
458	121833-98-5
458	122-56-5
458	122021-38-9
458	122094-82-0
458	122141-73-5
458	12228-13-6
458	12228-28-3
458	12228-39-6
458	12228-40-9
458	12228-45-4
458	12228-49-8
458	12228-50-1
458	12228-69-2
458	12228-87-4
458	12228-91-0
458	12229-02-6
458	12229-03-7
458	12229-13-9
458	12229-42-4
458	12229-63-9
458	12230-30-7
458	12230-32-9
458	122326-45-8
458	122326-46-9
458	122390-67-4
458	1224696-94-9
458	122574-96-3
458	12258-53-6
458	12260-22-9
458	122600-40-2
458	122600-41-3
458	12263-77-3
458	1226495-19-7
458	12265-21-3
458	12267-73-1
458	12271-95-3
458	12271-96-4
458	122775-35-3
458	1227947-10-5
458	12280-03-4
458	1228691-72-2
458	1228692-95-2
458	12291-65-5
458	122996-62-7
458	12305-68-9
458	12305-71-4
458	123051-21-8
458	12307-40-3
458	123088-59-5
458	12310-43-9
458	12310-44-0
458	12310-47-3
458	12316-49-3
458	1231953-83-5
458	12322-79-1
458	12322-85-9
458	12330-68-6
458	12330-74-4
458	123334-27-0
458	12346-97-3
458	1234633-47-6
458	12351-99-4
458	12359-99-8
458	1236181-93-3
458	123627-59-8
458	123627-60-1
458	123627-61-2
458	123627-62-3
458	123627-63-4
458	12386-10-6
458	12409-02-8
458	12409-08-4
458	124205-69-2
458	12421-54-4
458	1242163-02-5
458	1242163-03-6
458	12429-66-2
458	12429-94-6
458	12430-27-2
458	124304-90-1
458	124304-91-2
458	124304-92-3
458	124304-95-6
458	1243984-43-1
458	124411-50-3
458	124423-20-7
458	12446-87-6
458	12447-38-0
458	12447-40-4
458	12447-59-5
458	12447-61-9
458	12448-25-8
458	1246355-63-4
458	124697-00-3
458	1247014-60-3
458	124747-65-5
458	124756-59-8
458	125022-34-6
458	125025-86-7
458	12505-77-0
458	12505-83-8
458	125063-87-8
458	125078-58-2
458	12513-18-7
458	12513-27-8
458	12536-51-5
458	12536-52-6
458	12537-86-9
458	12539-98-9
458	125391-69-7
458	12540-04-4
458	125431-77-8
458	125441-92-1
458	12545-87-8
458	12550-98-0
458	125552-50-3
458	1256355-23-3
458	1256355-32-4
458	125700-67-6
458	1257554-93-0
458	1258780-51-6
458	12589-11-6
458	12589-17-2
458	12589-37-6
458	1259534-55-8
458	12602-45-8
458	12619-64-6
458	12619-68-0
458	12619-90-8
458	1262222-67-2
458	1262222-68-3
458	1262281-53-7
458	1262281-54-8
458	1262426-51-6
458	1262492-42-1
458	12626-91-4
458	12627-39-3
458	12627-80-4
458	1262801-47-7
458	1262951-71-2
458	12631-71-9
458	12634-09-2
458	126345-68-4
458	12640-42-5
458	12653-55-3
458	12653-88-2
458	126604-56-6
458	126604-75-9
458	126604-76-0
458	126661-05-0
458	1266721-18-9
458	126689-01-8
458	126726-62-3
458	12673-91-5
458	12673-92-6
458	12674-33-8
458	126747-14-6
458	126757-08-2
458	12676-27-6
458	12676-28-7
458	12676-29-8
458	12676-62-9
458	1268472-42-9
458	1268629-74-8
458	12688-51-6
458	12688-52-7
458	12692-95-4
458	126931-72-4
458	12703-76-3
458	12703-76-3
458	12707-29-8
458	127087-85-8
458	12710-06-4
458	12712-38-8
458	12712-39-9
458	12712-70-8
458	127241-61-6
458	127335-77-7
458	12737-39-2
458	127408-00-8
458	12741-10-5
458	127486-87-7
458	12758-22-4
458	12758-24-6
458	12767-90-7
458	12769-33-4
458	12777-46-7
458	127800-89-9
458	12785-49-8
458	12788-79-3
458	12794-91-1
458	12795-04-9
458	127972-02-5
458	1282-37-7
458	1283-58-5
458	128312-11-8
458	128376-64-7
458	128388-54-5
458	128409-73-4
458	1284221-62-0
458	128733-85-7
458	128767-51-1
458	128767-52-2
458	128796-39-4
458	129211-47-8
458	129235-97-8
458	129271-98-3
458	129306-33-8
458	129672-77-1
458	130005-28-6
458	1301243-49-1
458	1301243-64-0
458	130125-94-9
458	130125-95-0
458	130125-96-1
458	130144-46-6
458	130293-66-2
458	1303-67-9
458	1303-68-0
458	1303-72-6
458	1303-73-7
458	1303-74-8
458	1303-86-2
458	1303-92-0
458	1303-93-1
458	1303-94-2
458	1303-94-2
458	1303-96-4
458	1303-97-5
458	13034-02-1
458	1304-00-3
458	1304-01-4
458	1304-02-5
458	130459-08-4
458	130536-01-5
458	130540-08-8
458	13061-96-6
458	13072-44-1
458	1310384-51-0
458	1310384-58-7
458	131112-05-5
458	1313038-01-5
458	131344-48-4
458	131347-01-8
458	1314012-56-0
458	1314087-69-8
458	1314216-34-6
458	1315317-92-0
458	131534-65-1
458	131549-38-7
458	1318-33-8
458	1318-40-7
458	1319-33-1
458	131935-17-6
458	13195-76-1
458	13205-44-2
458	132238-44-9
458	132315-59-4
458	13276-04-5
458	13283-31-3
458	13289-97-9
458	132901-21-4
458	13292-87-0
458	1330-43-4
458	1330063-14-3
458	13308-51-5
458	133097-00-4
458	13317-64-1
458	13319-75-0
458	1332-07-6
458	1332-28-1
458	1332-77-0
458	1333-73-9
458	13331-23-2
458	13331-27-6
458	13331-55-0
458	133441-42-6
458	133441-46-0
458	1335150-88-3
458	1337-26-4
458	133730-34-4
458	133951-38-9
458	134150-01-9
458	134161-99-2
458	13423-86-4
458	134398-22-4
458	1344-07-6
458	1344-90-7
458	1345245-20-6
458	13453-69-5
458	13460-50-9
458	13460-51-0
458	13465-88-8
458	134758-95-5
458	134896-34-7
458	134914-32-2
458	13510-31-1
458	135145-90-3
458	135156-10-4
458	13517-10-7
458	13517-20-9
458	1352828-70-6
458	13533-00-1
458	135403-53-1
458	135495-66-8
458	135518-85-3
458	1356962-03-2
458	135884-31-0
458	135890-30-1
458	135929-44-1
458	135954-05-1
458	136040-19-2
458	1361021-23-9
458	1361021-37-5
458	136349-33-2
458	136466-94-9
458	136496-72-5
458	13669-76-6
458	136710-93-5
458	136770-24-6
458	136770-25-7
458	136770-26-8
458	136770-27-9
458	13682-77-4
458	136938-73-3
458	136938-74-4
458	136938-75-5
458	136938-76-6
458	136939-06-5
458	137002-26-7
458	13701-59-2
458	13701-60-5
458	13701-61-6
458	13701-64-9
458	13701-66-1
458	13701-67-2
458	13701-68-3
458	13703-82-7
458	13703-84-9
458	13703-85-0
458	13703-86-1
458	13703-94-1
458	13703-96-3
458	13703-99-6
458	13709-66-5
458	13709-86-9
458	13709-93-8
458	13709-94-9
458	13709-95-0
458	137297-49-5
458	13730-91-1
458	1373494-71-3
458	137456-23-6
458	1374667-27-2
458	13755-29-8
458	13762-51-1
458	13764-83-5
458	13764-84-6
458	13766-26-2
458	13766-28-4
458	13767-36-7
458	13767-68-5
458	13768-60-0
458	13768-64-4
458	13769-41-0
458	13770-24-6
458	13773-00-7
458	13774-56-6
458	13780-71-7
458	138-88-5
458	13813-78-0
458	13813-79-1
458	13814-93-2
458	13814-96-5
458	13814-97-6
458	13814-98-7
458	13826-27-2
458	13826-83-0
458	13826-86-3
458	13826-88-5
458	138265-88-0
458	1383706-94-2
458	1383782-37-3
458	1383793-75-6
458	1383931-70-1
458	13840-10-3
458	13840-54-5
458	13840-55-6
458	13840-56-7
458	13840-87-4
458	13840-88-5
458	13840-94-3
458	1384165-12-1
458	13862-62-9
458	138642-62-3
458	13876-97-6
458	13876-98-7
458	13877-16-2
458	13877-16-2
458	13877-20-8
458	138900-55-7
458	139-04-8
458	13922-41-3
458	139301-27-2
458	139354-75-9
458	13965-73-6
458	139754-81-7
458	139911-27-6
458	140-02-3
458	140148-87-4
458	1402929-36-5
458	14034-78-7
458	14044-65-6
458	14047-29-1
458	14059-35-9
458	14060-30-1
458	140623-89-8
458	14066-12-7
458	14066-13-8
458	14066-17-2
458	140681-55-6
458	140681-69-2
458	14075-53-7
458	14089-96-4
458	14090-22-3
458	14104-17-7
458	14104-20-2
458	14104-97-3
458	14105-09-0
458	141091-37-4
458	1414852-51-9
458	141714-54-7
458	141785-76-4
458	141981-64-8
458	142172-51-8
458	1423-26-3
458	1423-27-4
458	1423809-66-8
458	142517-56-4
458	1426169-41-6
458	14283-07-9
458	14283-93-3
458	1428333-90-7
458	1428333-91-8
458	1429516-97-1
458	143-66-8
458	14312-40-4
458	14320-98-0
458	14321-02-9
458	14323-64-9
458	14323-65-0
458	143314-16-3
458	143418-49-9
458	14355-21-6
458	14355-30-7
458	143651-26-7
458	1438896-92-4
458	1439384-78-7
458	144104-59-6
458	144188-76-1
458	1443500-22-8
458	1443531-60-9
458	1443765-60-3
458	144432-78-0
458	144432-85-9
458	144481-06-1
458	14452-61-0
458	14480-05-8
458	14485-18-8
458	14485-20-2
458	14486-19-2
458	14486-20-5
458	1448671-27-9
458	1448962-82-0
458	144919-64-2
458	145240-28-4
458	145413-17-8
458	145459-43-4
458	145477-02-7
458	14568-16-2
458	1458684-27-9
458	145965-14-6
458	146140-95-6
458	14635-75-7
458	146397-16-2
458	14643-62-0
458	146449-90-3
458	14650-00-1
458	14660-17-4
458	146631-00-7
458	14680-77-4
458	146862-02-4
458	14697-50-8
458	1469984-11-9
458	14708-11-3
458	14708-13-5
458	14708-14-6
458	147102-03-2
458	147102-97-4
458	1471314-23-4
458	14720-53-7
458	14720-55-9
458	1472633-72-9
458	1473420-34-6
458	14735-84-3
458	14750-98-2
458	147621-18-9
458	1481-38-5
458	148493-34-9
458	148546-82-1
458	148713-70-6
458	14874-10-3
458	14874-70-5
458	148839-33-2
458	148861-07-8
458	14890-53-0
458	149-13-3
458	14900-39-1
458	149027-54-3
458	149104-88-1
458	149104-90-5
458	149105-19-1
458	14940-94-4
458	1495-72-3
458	149507-26-6
458	149557-18-6
458	149682-75-7
458	149749-62-2
458	149749-63-3
458	14975-23-6
458	14983-42-7
458	150-46-9
458	15003-70-0
458	15016-42-9
458	15016-43-0
458	150255-96-2
458	150691-04-6
458	151169-67-4
458	151169-74-3
458	151169-75-4
458	15120-21-5
458	15124-13-7
458	1516-55-8
458	151706-14-8
458	1520030-54-9
458	152221-33-5
458	15246-28-3
458	15277-97-1
458	15278-77-0
458	15283-48-4
458	15283-51-9
458	15293-74-0
458	15293-77-3
458	153035-56-4
458	153035-62-2
458	153096-90-3
458	153122-60-2
458	153148-27-7
458	153254-09-2
458	153325-45-2
458	1533406-38-0
458	153624-38-5
458	153624-44-3
458	153624-46-5
458	15387-98-1
458	153965-50-5
458	1542157-45-8
458	154230-29-2
458	15433-36-0
458	15433-40-6
458	154518-35-1
458	154855-73-9
458	154960-10-8
458	155123-44-7
458	15522-59-5
458	15525-13-0
458	15525-15-2
458	15538-67-7
458	15582-80-6
458	15595-91-2
458	15621-47-3
458	15640-93-4
458	15648-16-5
458	15652-65-0
458	156545-07-2
458	156635-87-9
458	156641-98-4
458	156682-54-1
458	156684-91-2
458	15675-97-5
458	15681-89-7
458	15684-35-2
458	15684-36-3
458	15688-21-8
458	15689-07-3
458	157410-23-6
458	15768-95-3
458	157834-21-4
458	15819-03-1
458	1582-24-7
458	15834-46-5
458	158523-05-8
458	15875-25-9
458	158895-16-0
458	158895-17-1
458	159020-59-4
458	159119-10-5
458	15915-03-4
458	159191-56-7
458	15930-18-4
458	15935-90-7
458	159565-88-5
458	160032-40-6
458	1602495-57-7
458	16045-88-8
458	160591-91-3
458	160611-21-2
458	160798-95-8
458	160798-96-9
458	160798-97-0
458	16089-83-1
458	161088-90-0
458	1611441-08-7
458	161308-26-5
458	1613508-72-7
458	1613511-59-3
458	161374-81-8
458	16152-51-5
458	1615228-07-3
458	1615228-13-1
458	161907-80-8
458	161950-10-3
458	162101-25-9
458	162101-31-7
458	1622210-63-2
458	1622210-64-3
458	162241-33-0
458	16239-25-1
458	1624850-63-0
458	162607-15-0
458	162607-18-3
458	162607-20-7
458	162662-27-3
458	1628073-40-4
458	1628260-45-6
458	1630-79-1
458	163105-89-3
458	163105-90-6
458	1631149-30-8
458	163129-14-4
458	16339-28-9
458	16343-08-1
458	163517-56-4
458	163517-62-2
458	163616-01-1
458	163678-43-1
458	163701-88-0
458	163701-93-7
458	163701-95-9
458	163701-97-1
458	163751-28-8
458	163751-29-9
458	163751-31-3
458	163858-17-1
458	1638608-70-4
458	164014-95-3
458	164220-57-9
458	16430-93-6
458	164461-18-1
458	165059-42-7
458	165191-87-7
458	165390-92-1
458	166316-48-9
458	166328-16-1
458	166514-73-4
458	166526-82-5
458	16664-33-8
458	167077-83-0
458	167747-78-6
458	167776-69-4
458	1679-18-1
458	168267-41-2
458	168267-99-0
458	168278-04-4
458	16859-20-4
458	168618-42-6
458	168641-59-6
458	16872-09-6
458	16872-11-0
458	16883-45-7
458	16903-32-5
458	16903-52-9
458	16903-61-0
458	1692-15-5
458	1692-25-7
458	1693-71-6
458	16940-17-3
458	16940-66-2
458	16949-15-8
458	16962-07-5
458	16970-81-3
458	16971-82-7
458	16986-24-6
458	17035-66-4
458	170557-43-4
458	17083-85-1
458	17097-11-9
458	17097-12-0
458	170981-26-7
458	171364-80-0
458	171364-83-3
458	17156-85-3
458	171915-81-4
458	172018-47-2
458	172146-69-9
458	1722-26-5
458	172515-29-6
458	172732-52-4
458	172908-18-8
458	172975-69-8
458	1730-69-4
458	17313-85-8
458	17372-42-8
458	173730-24-0
458	1739-52-2
458	1739-53-3
458	17440-85-6
458	174669-73-9
458	174778-59-7
458	174778-60-0
458	175883-60-0
458	175883-62-2
458	175883-63-3
458	17596-45-1
458	176046-02-9
458	17631-41-3
458	1765-93-1
458	176976-42-4
458	17702-41-9
458	17745-45-8
458	17747-81-8
458	177490-82-3
458	1776-66-5
458	17768-83-1
458	178233-72-2
458	178439-26-4
458	17865-11-1
458	178752-79-9
458	17927-57-0
458	17933-03-8
458	17950-04-8
458	17979-81-6
458	179897-94-0
458	179899-07-1
458	1803-36-7
458	180472-48-4
458	180516-87-4
458	18099-45-1
458	181-77-1
458	181120-10-5
458	181219-01-2
458	181259-35-8
458	1813-60-1
458	181797-81-9
458	182163-96-8
458	182235-77-4
458	182344-16-7
458	182344-18-9
458	182344-23-6
458	18283-88-0
458	18283-88-0
458	18283-93-7
458	1830-95-1
458	183135-74-2
458	183158-34-1
458	183290-62-2
458	18352-86-8
458	1838-13-7
458	183960-95-4
458	1840-60-4
458	18424-08-3
458	18433-84-6
458	18583-60-3
458	1863118-29-9
458	1868-76-4
458	188582-63-0
458	188920-96-9
458	188920-97-0
458	18909-68-7
458	18909-69-8
458	189315-02-4
458	189947-86-2
458	19013-38-8
458	190280-66-1
458	190788-59-1
458	19088-11-0
458	190903-71-0
458	1911-95-1
458	191162-39-7
458	191162-40-0
458	19142-30-4
458	19162-21-1
458	191665-41-5
458	192182-54-0
458	192182-56-2
458	19223-62-2
458	192332-89-1
458	19287-45-7
458	19287-88-8
458	19306-59-3
458	19324-14-2
458	193687-63-7
458	193829-80-0
458	193906-27-3
458	19399-03-2
458	19442-58-1
458	19465-30-6
458	19536-84-6
458	19585-43-4
458	195967-39-6
458	196083-18-8
458	196212-27-8
458	19624-22-7
458	19708-89-5
458	197223-36-2
458	1993-03-9
458	200443-98-7
458	201733-56-4
458	201802-67-7
458	20190-34-5
458	20205-91-8
458	2023-36-1
458	20236-81-1
458	20255-41-8
458	203389-28-0
458	20346-99-0
458	203927-98-4
458	20436-27-5
458	204841-19-0
458	2049-55-0
458	205393-22-2
458	20542-97-6
458	20571-45-3
458	206185-77-5
458	20620-87-5
458	20648-89-9
458	20654-88-0
458	206551-43-1
458	206658-89-1
458	206760-59-0
458	20740-05-0
458	207803-51-8
458	20786-60-1
458	208399-66-0
458	2087499-33-8
458	20905-32-2
458	20905-35-5
458	2095571-59-6
458	21097-80-3
458	21105-05-5
458	21107-27-7
458	2118-02-7
458	21205-65-2
458	21205-91-4
458	212271-71-1
458	212386-71-5
458	212837-49-5
458	213211-69-9
458	213318-44-6
458	21368-35-4
458	214210-21-6
458	214360-45-9
458	214360-46-0
458	214360-51-7
458	214360-59-5
458	2145-24-6
458	21482-59-7
458	214907-24-1
458	215527-70-1
458	21555-99-7
458	2156-04-9
458	21581-60-2
458	215951-86-3
458	216019-28-2
458	216485-86-8
458	2167-26-2
458	2169-38-2
458	216987-54-1
458	2177237-24-8
458	21797-13-7
458	21872-70-8
458	219489-09-5
458	219735-99-6
458	219834-95-4
458	22029-89-6
458	220465-43-0
458	22086-53-9
458	220986-52-7
458	221006-70-8
458	221037-98-5
458	221290-14-8
458	22232-01-5
458	22237-12-3
458	22237-13-4
458	22237-20-3
458	22238-17-1
458	22238-19-3
458	22276-63-7
458	22293-00-1
458	223463-14-7
458	223595-20-8
458	22379-77-7
458	22450-96-0
458	22450-97-1
458	22450-98-2
458	22454-04-2
458	22465-03-8
458	2248-34-2
458	2253722-08-4
458	22547-65-5
458	22560-16-3
458	22560-21-0
458	22637-20-3
458	226396-31-2
458	226396-32-3
458	2265-38-5
458	22694-75-3
458	227305-69-3
458	22784-01-6
458	22829-50-1
458	228731-13-3
458	230299-21-5
458	230299-46-4
458	23112-96-1
458	23162-15-4
458	23273-02-1
458	23296-39-1
458	23361-55-9
458	23361-56-0
458	2340-23-0
458	23436-05-7
458	23453-39-6
458	23458-88-0
458	23507-71-3
458	23532-74-3
458	2355-56-8
458	2357-51-9
458	236103-00-7
458	236389-21-2
458	2367-19-3
458	237429-33-3
458	23753-67-5
458	23777-55-1
458	23777-80-2
458	23778-08-7
458	23834-96-0
458	23840-95-1
458	2396648-06-7
458	24067-17-2
458	24151-54-0
458	2430-46-8
458	24378-36-7
458	24378-37-8
458	24378-38-9
458	24388-23-6
458	244193-52-0
458	244205-40-1
458	24425-43-2
458	244761-29-3
458	24502-52-1
458	245069-55-0
458	24564-52-1
458	245735-90-4
458	246023-54-1
458	24624-45-1
458	2467-12-1
458	2467-13-2
458	2467-15-4
458	2467-16-5
458	2467-18-7
458	247564-72-3
458	2479-64-3
458	248270-25-9
458	24833-44-1
458	24848-81-5
458	248924-59-6
458	248939-45-9
458	248939-62-0
458	24917-15-5
458	25015-63-8
458	250578-38-2
458	250734-47-5
458	25156-16-5
458	25395-32-8
458	25487-66-5
458	25573-61-9
458	2559-35-5
458	25783-22-6
458	25869-93-6
458	258865-48-4
458	25895-60-7
458	25895-62-9
458	25912-95-2
458	25966-12-5
458	26023-72-3
458	26038-87-9
458	26038-90-4
458	26076-46-0
458	26124-86-7
458	26156-84-3
458	26248-41-9
458	26401-30-9
458	2641-68-1
458	264232-42-0
458	26445-82-9
458	264615-47-6
458	26490-63-1
458	26522-24-7
458	26545-48-2
458	2665-11-4
458	2665-12-5
458	2665-13-6
458	26851-55-8
458	269409-70-3
458	269409-73-6
458	269410-00-6
458	269410-08-4
458	269410-22-2
458	27081-10-3
458	27184-78-7
458	27329-70-0
458	27340-43-8
458	27399-92-4
458	27399-92-4
458	274-07-7
458	27413-92-9
458	27494-85-5
458	27519-39-7
458	27522-09-4
458	27676-48-8
458	27735-90-6
458	27765-48-6
458	27860-83-9
458	278782-57-3
458	27918-79-2
458	279261-81-3
458	279262-11-2
458	279263-10-4
458	2797-28-6
458	280-64-8
458	28016-59-3
458	2802-68-8
458	28109-81-1
458	282101-95-5
458	28249-66-3
458	283-56-7
458	28362-31-4
458	28535-03-7
458	28611-39-4
458	286961-14-6
458	287944-16-5
458	28853-06-7
458	28879-19-8
458	2890-88-2
458	28912-93-8
458	28965-70-0
458	290331-71-4
458	2907-13-3
458	2907-20-2
458	29089-62-1
458	29158-40-5
458	29158-97-2
458	2926-55-8
458	292609-13-3
458	2929-85-3
458	2929-87-5
458	293302-63-3
458	2938-83-2
458	29382-00-1
458	29407-88-3
458	29462-57-5
458	29668-15-3
458	2991267-35-5
458	29957-59-3
458	30031-44-8
458	30036-02-3
458	302348-51-2
458	302790-70-1
458	30374-53-9
458	30411-66-6
458	30418-59-8
458	304858-67-1
458	3053-68-7
458	305448-92-4
458	305832-67-1
458	30641-57-7
458	30684-36-7
458	306934-95-2
458	30698-98-7
458	30744-82-2
458	307492-75-7
458	308062-97-7
458	308103-40-4
458	30844-74-7
458	3087-80-7
458	3088-77-5
458	3088-78-6
458	3088-79-7
458	30989-05-0
458	30989-06-1
458	30989-07-2
458	31012-04-1
458	3108-15-4
458	31224-71-2
458	31240-52-5
458	31259-85-5
458	313545-20-9
458	313545-41-4
458	313545-72-1
458	313546-16-6
458	315220-11-2
458	31649-91-9
458	31754-00-4
458	31783-54-7
458	318-50-3
458	32153-96-1
458	32316-92-0
458	32327-52-9
458	3244-41-5
458	32446-62-1
458	325-51-9
458	325142-87-8
458	32554-52-2
458	32554-53-3
458	3262-89-3
458	32692-78-7
458	32760-75-1
458	328404-31-5
458	32841-83-1
458	32867-90-6
458	328956-60-1
458	328956-61-2
458	329214-79-1
458	32970-52-8
458	330793-01-6
458	331443-21-1
458	332079-07-9
458	332154-57-1
458	333432-28-3
458	33462-80-5
458	33462-81-6
458	334658-75-2
458	33678-01-2
458	33725-74-5
458	33727-95-6
458	338-38-5
458	338454-14-1
458	338949-42-1
458	33981-21-4
458	33981-22-5
458	33991-41-2
458	34010-85-0
458	34063-29-1
458	34099-73-5
458	341-02-6
458	3410-35-3
458	34216-27-8
458	34269-30-2
458	342905-92-4
458	34420-17-2
458	34524-20-4
458	345269-15-0
458	34567-47-0
458	34574-27-1
458	345984-11-4
458	346-80-5
458	347-46-6
458	34762-89-5
458	34762-90-8
458	34776-99-3
458	348098-29-3
458	3488-87-7
458	350-67-4
458	350-70-9
458	350009-05-1
458	35020-53-2
458	350602-69-6
458	351019-18-6
458	35138-22-8
458	351422-73-6
458	351457-64-2
458	352303-67-4
458	352525-91-8
458	352525-94-1
458	352525-98-5
458	352530-23-5
458	352530-24-6
458	352534-80-6
458	352534-82-8
458	352534-84-0
458	352534-85-1
458	352535-96-7
458	35254-34-3
458	353-42-4
458	353-43-5
458	35438-70-1
458	35498-15-8
458	355004-67-0
458	35585-58-1
458	358718-11-3
458	358718-17-9
458	358718-21-5
458	36140-17-7
458	36140-19-9
458	361543-99-9
458	362045-65-6
458	36254-91-8
458	36314-25-7
458	363166-79-4
458	36409-65-1
458	36422-95-4
458	364794-79-6
458	36490-77-4
458	365-33-3
458	36530-06-0
458	36576-70-2
458	36595-00-3
458	36645-73-5
458	367-46-4
458	368-39-8
458	368-40-1
458	36835-64-0
458	369-57-3
458	36936-37-5
458	371766-08-4
458	37190-23-1
458	37195-62-3
458	37195-63-4
458	37199-25-0
458	372-44-1
458	372-56-5
458	372-84-9
458	372-85-0
458	37221-82-2
458	37228-06-1
458	37228-07-2
458	37233-78-6
458	37244-98-7
458	372521-91-0
458	37269-74-2
458	37275-77-7
458	37280-76-5
458	372963-49-0
458	372963-50-3
458	37298-41-2
458	373-56-8
458	373-57-9
458	373-61-5
458	37331-49-0
458	373384-14-6
458	37340-67-3
458	37341-47-2
458	37342-53-3
458	37342-73-7
458	37349-35-2
458	37352-55-9
458	37354-60-2
458	37367-77-4
458	37367-90-1
458	374538-01-9
458	374538-03-1
458	374790-99-5
458	37490-33-8
458	376584-63-3
458	3776-04-3
458	38013-08-0
458	380151-85-9
458	380427-38-3
458	380430-49-9
458	380430-53-5
458	380430-56-8
458	380430-59-1
458	380430-60-4
458	380430-65-9
458	380430-67-1
458	380430-68-2
458	38050-71-4
458	38115-19-4
458	381248-04-0
458	38233-75-9
458	38313-81-4
458	38347-42-1
458	38465-60-0
458	385370-80-9
458	387-41-7
458	38721-52-7
458	389621-80-1
458	389621-81-2
458	3900-89-8
458	39047-21-7
458	391894-93-2
458	39290-85-2
458	39326-63-1
458	39328-10-4
458	39377-46-3
458	39383-00-1
458	39383-96-5
458	39405-47-5
458	39409-67-1
458	39434-94-1
458	396131-82-1
458	398-69-6
458	39963-03-6
458	3999-38-0
458	3999-42-6
458	40001-25-0
458	400607-46-7
458	400607-47-8
458	400607-48-9
458	40105-04-2
458	40218-49-3
458	402846-78-0
458	40589-08-0
458	406463-06-7
458	406482-19-7
458	406482-20-0
458	4084-36-0
458	4084-48-4
458	408492-28-4
458	40894-88-0
458	409071-16-5
458	40972-86-9
458	41058-99-5
458	41113-59-1
458	411235-57-9
458	41322-34-3
458	4151-80-8
458	41593-56-0
458	41654-51-7
458	41655-17-8
458	41685-84-1
458	41749-18-2
458	41851-38-1
458	419536-33-7
458	420-37-1
458	42220-19-9
458	42278-67-1
458	4254-95-9
458	42559-34-2
458	42590-03-4
458	42598-88-9
458	426-79-9
458	42727-95-7
458	42801-85-4
458	429-06-1
458	429-42-5
458	43064-96-6
458	4325-85-3
458	4334-87-6
458	4334-88-7
458	43469-51-8
458	4347-33-5
458	4358-26-3
458	436-59-9
458	437-13-8
458	4375-83-1
458	4406-77-3
458	44236-30-8
458	4426-47-5
458	442850-89-7
458	4433-63-0
458	443783-82-2
458	4441-56-9
458	444120-91-6
458	444120-94-9
458	4445-09-4
458	444666-39-1
458	446-55-9
458	446299-81-6
458	448-61-3
458	45172-87-0
458	452080-64-7
458	452080-67-0
458	452972-09-7
458	452972-11-1
458	452972-13-3
458	452972-15-5
458	454482-11-2
458	455-90-3
458	456-27-9
458	456-39-3
458	458532-84-8
458	458532-86-0
458	458532-90-6
458	458532-96-2
458	459-44-9
458	459-64-3
458	459856-12-3
458	461-44-9
458	4611-62-5
458	4612-26-4
458	4612-28-6
458	462-05-5
458	462-19-1
458	462-33-9
458	462-34-0
458	4627-10-5
458	464927-76-2
458	467233-25-6
458	46839-29-6
458	4688-74-8
458	4688-76-0
458	4737-50-2
458	474535-27-8
458	47689-51-0
458	478685-71-1
458	480424-54-2
458	480424-63-3
458	480424-68-8
458	480424-69-9
458	480424-86-0
458	480424-93-9
458	480424-98-4
458	480425-35-2
458	480438-74-2
458	480996-05-2
458	48150-45-4
458	481681-02-1
458	4856-95-5
458	486422-59-7
458	486422-68-8
458	488128-27-4
458	4887-24-5
458	496786-98-2
458	496925-14-5
458	497147-93-0
458	4979-72-0
458	503309-11-3
458	505-07-7
458	505083-04-5
458	50543-78-7
458	5059-80-3
458	50815-87-7
458	51067-38-0
458	511295-01-5
458	51136-86-8
458	5115-46-8
458	5122-94-1
458	5122-95-2
458	51222-60-7
458	51311-04-7
458	51323-43-4
458	51358-27-1
458	514820-48-5
458	51681-14-2
458	51791-80-1
458	51791-81-2
458	51851-79-7
458	51876-74-5
458	52018-21-0
458	52018-28-7
458	52019-27-9
458	52233-42-8
458	52296-79-4
458	52329-27-8
458	52340-09-7
458	52350-34-2
458	524-95-8
458	52458-41-0
458	524730-10-7
458	524744-79-4
458	524744-80-7
458	52555-12-1
458	52623-84-4
458	52712-65-9
458	52846-30-7
458	52933-45-6
458	53091-46-6
458	5314-83-0
458	53239-04-6
458	5337-36-0
458	5337-37-1
458	5337-41-7
458	5337-42-8
458	5337-60-0
458	53370-45-9
458	53529-07-0
458	53587-44-3
458	53663-13-1
458	53934-41-1
458	53992-90-8
458	53992-91-9
458	540-75-0
458	5419-55-6
458	54250-41-8
458	54388-43-1
458	5440-19-7
458	54427-07-5
458	5456-05-3
458	5456-06-4
458	54566-73-3
458	54575-49-4
458	54630-47-6
458	54649-97-7
458	5467-74-3
458	54761-91-0
458	547767-06-6
458	54824-38-3
458	54854-14-7
458	55000-96-9
458	55089-03-7
458	55124-14-6
458	55199-96-7
458	5523-19-3
458	55276-94-3
458	552846-17-0
458	55499-43-9
458	55499-44-0
458	55552-70-0
458	55671-55-1
458	5570-18-3
458	5570-19-4
458	5579-16-8
458	558-13-4
458	55805-58-8
458	55881-03-3
458	56094-49-6
458	56116-04-2
458	56127-33-4
458	56145-44-9
458	56185-21-8
458	56312-91-5
458	56312-92-6
458	56312-93-7
458	56312-94-8
458	56359-96-7
458	56553-60-7
458	56626-44-9
458	569343-09-5
458	56939-87-8
458	56943-26-1
458	57057-98-4
458	57073-75-3
458	57158-30-2
458	5720-05-8
458	5720-06-9
458	5720-07-0
458	57285-94-6
458	57308-14-2
458	5735-41-1
458	57404-76-9
458	5743-34-0
458	57456-63-0
458	5747-23-9
458	57754-92-4
458	57842-27-0
458	57875-98-6
458	57876-06-9
458	579476-63-4
458	57974-63-7
458	5799-67-7
458	580-34-7
458	58072-03-0
458	58179-67-2
458	58369-24-7
458	58391-97-2
458	584-59-8
458	58450-10-5
458	58572-50-2
458	586-92-5
458	58672-61-0
458	58799-13-6
458	59016-56-7
458	59016-93-2
458	590418-08-9
458	591-00-4
458	591-92-4
458	592-39-2
458	593-04-4
458	593-90-8
458	59327-98-9
458	59330-52-8
458	5967-37-3
458	5967-38-4
458	59719-94-7
458	59720-00-2
458	597554-03-5
458	597581-48-1
458	59794-15-9
458	5980-97-2
458	59802-06-1
458	59817-49-1
458	60063-34-5
458	603122-41-4
458	603122-80-1
458	603122-84-5
458	60569-72-4
458	60633-76-3
458	60669-69-4
458	60674-95-5
458	608529-54-0
458	608529-56-2
458	608529-57-3
458	6087-59-8
458	6098-53-9
458	61028-24-8
458	61063-76-1
458	613660-87-0
458	615561-49-4
458	6162-38-5
458	6165-68-0
458	6165-69-1
458	616880-14-9
458	61789-16-0
458	62050-76-4
458	621-78-3
458	62133-36-2
458	62185-81-3
458	62229-38-3
458	62306-79-0
458	62428-08-4
458	62497-91-0
458	62654-11-9
458	62697-74-9
458	6273-99-0
458	62785-41-5
458	627899-90-5
458	62792-13-6
458	62796-26-3
458	628692-15-9
458	62906-35-8
458	62906-36-9
458	62906-37-0
458	62949-01-3
458	62991-16-6
458	63076-51-7
458	63123-42-2
458	63139-21-9
458	63149-30-4
458	63156-11-6
458	631911-01-8
458	63212-53-3
458	63310-16-7
458	63348-81-2
458	6336-45-4
458	635-20-1
458	63503-60-6
458	63517-86-2
458	635305-48-5
458	63706-85-4
458	63717-73-7
458	63938-89-6
458	63989-70-8
458	641144-16-3
458	64442-81-5
458	64539-84-0
458	64612-24-4
458	647853-32-5
458	64909-33-7
458	652148-90-8
458	652148-91-9
458	652148-92-0
458	65313-32-8
458	65416-31-1
458	65416-32-2
458	65416-33-3
458	654664-63-8
458	65579-07-9
458	6562-41-0
458	65651-91-4
458	6569-51-3
458	65767-17-1
458	65776-60-5
458	65814-43-9
458	659-18-7
458	660-53-7
458	660440-57-3
458	660867-80-1
458	661-32-5
458	661-36-9
458	662138-96-7
458	66337-79-9
458	663954-31-2
458	664339-46-2
458	66456-48-2
458	66472-86-4
458	665-49-6
458	666-12-6
458	66606-19-7
458	66630-11-3
458	667935-30-0
458	66904-22-1
458	66904-23-2
458	67045-32-3
458	67116-13-6
458	67276-04-4
458	673-24-5
458	673-40-5
458	6742-94-5
458	6742-95-6
458	674776-54-6
458	674783-29-0
458	674819-26-2
458	67571-42-0
458	676-10-8
458	676-13-1
458	676-65-3
458	676-88-0
458	67784-76-3
458	67785-78-8
458	67827-68-3
458	67828-66-4
458	6783-05-7
458	67849-01-8
458	67859-60-3
458	67859-78-3
458	67860-03-1
458	67905-33-3
458	67952-27-6
458	67952-33-4
458	67953-73-5
458	67969-82-8
458	67969-83-9
458	67989-25-7
458	67989-27-9
458	68003-13-4
458	68003-52-1
458	68025-12-7
458	68025-47-8
458	68052-06-2
458	68052-11-9
458	68070-93-9
458	68071-04-5
458	68072-56-0
458	68084-35-5
458	68109-83-1
458	681215-79-2
458	68130-12-1
458	68130-22-3
458	68130-73-4
458	68131-51-1
458	68132-94-5
458	68132-95-6
458	68134-31-6
458	68140-33-0
458	68141-09-3
458	68162-47-0
458	681812-07-7
458	68189-02-6
458	68189-03-7
458	68189-08-2
458	68189-12-8
458	68220-77-9
458	68224-81-7
458	68239-04-3
458	68253-59-8
458	68253-60-1
458	68298-96-4
458	68309-92-2
458	68309-97-7
458	68333-40-4
458	68333-76-6
458	68333-77-7
458	68345-30-2
458	68389-45-7
458	68400-46-4
458	68410-30-0
458	68411-01-8
458	68411-21-2
458	68411-22-3
458	68411-23-4
458	68413-80-9
458	68425-66-1
458	68425-67-2
458	68436-99-7
458	68439-36-1
458	68439-94-1
458	68440-85-7
458	68441-04-3
458	68441-44-1
458	68441-45-2
458	68442-74-0
458	68442-98-8
458	68442-99-9
458	68443-37-8
458	68457-13-6
458	68475-51-4
458	68476-15-3
458	68476-88-0
458	68478-46-6
458	68478-50-2
458	68478-71-7
458	68478-97-7
458	68498-84-0
458	68510-96-3
458	68510-97-4
458	685103-98-4
458	68511-00-2
458	68511-17-1
458	68511-18-2
458	68512-53-8
458	68515-09-3
458	68516-78-9
458	68533-38-0
458	68550-96-9
458	68550-97-0
458	68553-27-5
458	68553-78-6
458	68555-05-5
458	68555-83-9
458	68555-87-3
458	685563-69-3
458	68572-87-2
458	68584-31-6
458	68584-51-0
458	68585-30-8
458	68585-51-3
458	68586-07-2
458	68605-59-4
458	68605-60-7
458	68605-61-8
458	68608-93-5
458	68609-02-9
458	68610-78-6
458	68610-88-8
458	68611-26-7
458	68611-54-1
458	68647-21-2
458	6867-36-3
458	68716-47-2
458	68784-58-7
458	68784-82-7
458	68797-44-4
458	688-71-1
458	688-74-4
458	68855-38-9
458	68879-47-0
458	68892-01-3
458	68916-41-6
458	68954-06-3
458	68954-07-4
458	68987-30-4
458	68987-53-1
458	68987-54-2
458	68987-55-3
458	68987-56-4
458	69011-48-9
458	69013-15-6
458	69029-40-9
458	690636-28-3
458	69071-29-0
458	69080-34-8
458	69102-85-8
458	692-39-7
458	69338-55-2
458	69402-04-6
458	69444-47-9
458	69495-08-5
458	696-99-1
458	69756-31-6
458	69898-30-2
458	70098-98-5
458	7024-33-1
458	707542-87-8
458	70801-03-5
458	70892-76-1
458	7091-41-0
458	70914-15-7
458	70942-05-1
458	70955-76-9
458	71002-45-4
458	710948-86-0
458	71129-91-4
458	71243-41-9
458	71243-85-1
458	71250-00-5
458	71377-02-1
458	7141-19-7
458	71436-90-3
458	71463-73-5
458	7150-61-0
458	71522-75-3
458	71522-78-6
458	71550-53-3
458	71550-56-6
458	71597-85-8
458	716326-25-9
458	71786-49-7
458	71786-64-6
458	71808-40-7
458	71820-29-6
458	71839-42-4
458	71839-43-5
458	71839-47-9
458	71839-48-0
458	71852-73-8
458	7187-84-0
458	71888-84-1
458	71889-05-9
458	71893-43-1
458	72066-70-7
458	720702-41-0
458	72102-88-6
458	72108-34-0
458	72125-29-2
458	72140-65-9
458	72169-17-6
458	72252-49-4
458	72259-63-3
458	72275-80-0
458	72316-17-7
458	72316-18-8
458	72470-82-7
458	727708-58-9
458	72802-72-3
458	72828-55-8
458	72847-35-9
458	72869-25-1
458	72905-86-3
458	72962-19-7
458	7297-95-2
458	730971-32-1
458	7318-78-7
458	7318-82-3
458	73183-34-3
458	7322-60-3
458	73263-29-3
458	7337-45-3
458	73398-94-4
458	73399-75-4
458	73412-80-3
458	73452-31-0
458	73452-32-1
458	73468-09-4
458	73469-45-1
458	73688-86-5
458	73688-87-6
458	73688-88-7
458	73688-89-8
458	73688-90-1
458	73688-93-4
458	73698-57-4
458	736989-98-3
458	73758-17-5
458	73758-18-6
458	73758-19-7
458	73758-20-0
458	737776-93-1
458	73852-17-2
458	73852-19-4
458	73852-88-7
458	7397-43-5
458	7397-46-8
458	73987-15-2
458	74-94-2
458	74174-50-8
458	74191-71-2
458	742099-80-5
458	7438-18-8
458	74434-12-1
458	7445-38-7
458	7450-34-2
458	74540-86-6
458	74618-51-2
458	74665-10-4
458	747413-21-4
458	74912-23-5
458	749861-77-6
458	75-22-9
458	75-23-0
458	75113-37-0
458	75117-80-5
458	75167-26-9
458	753-53-7
458	753501-40-5
458	753501-42-7
458	753501-43-8
458	7539-58-4
458	7547-96-8
458	7547-97-9
458	75529-20-3
458	75529-21-4
458	75529-26-9
458	75529-27-0
458	75705-21-4
458	7578-36-1
458	7578-40-7
458	75783-29-8
458	75806-94-9
458	75877-08-6
458	75915-45-6
458	75927-49-0
458	75952-58-8
458	760207-76-9
458	76092-58-5
458	76092-59-6
458	760990-10-1
458	7611-14-5
458	761446-44-0
458	761446-45-1
458	762-48-1
458	762262-09-9
458	762287-58-1
458	762287-59-2
458	763120-58-7
458	7632-04-4
458	76334-15-1
458	7637-07-2
458	76410-57-6
458	76410-58-7
458	767-23-7
458	768-35-4
458	7680-99-1
458	76873-78-4
458	772-96-3
458	773-01-3
458	7739-33-5
458	77704-21-3
458	7775-19-1
458	77783-55-2
458	77794-93-5
458	77816-14-9
458	779331-47-4
458	78198-16-0
458	78246-54-5
458	78527-98-7
458	78666-05-4
458	79255-71-3
458	79288-94-1
458	796122-46-8
458	796122-47-9
458	796122-48-0
458	796851-30-4
458	796879-31-7
458	79723-21-0
458	797755-07-8
458	798573-18-9
458	80041-89-0
458	80146-60-7
458	80146-61-8
458	80146-62-9
458	8027-85-8
458	80290-99-9
458	80460-73-7
458	80479-72-7
458	80500-27-2
458	8063-89-6
458	80634-45-3
458	80994-59-8
458	811-59-6
458	811467-59-1
458	81175-90-8
458	81186-27-8
458	811862-91-6
458	814-61-9
458	81586-24-5
458	818-91-7
458	82039-14-3
458	823-96-1
458	824402-68-8
458	824424-36-4
458	82493-16-1
458	827581-01-1
458	827614-64-2
458	827614-69-7
458	832114-06-4
458	832114-08-6
458	832114-11-1
458	83245-20-9
458	83475-25-6
458	83857-81-2
458	83864-02-2
458	83947-56-2
458	84083-13-6
458	84083-14-7
458	84110-40-7
458	84145-49-3
458	84145-75-5
458	84145-77-7
458	84145-78-8
458	84145-81-3
458	84145-84-6
458	84196-02-1
458	84196-04-3
458	84215-46-3
458	84238-10-8
458	84282-32-6
458	84282-33-7
458	84332-91-2
458	843663-18-3
458	84455-32-3
458	844681-82-9
458	844891-04-9
458	84522-10-1
458	84525-73-5
458	845551-44-2
458	845551-45-3
458	845825-70-9
458	845870-55-5
458	845885-86-1
458	84604-31-9
458	84712-69-6
458	847756-88-1
458	84777-09-3
458	847818-55-7
458	847818-70-6
458	847818-74-0
458	847818-79-5
458	84788-07-8
458	848073-80-3
458	84819-41-0
458	848498-67-9
458	848779-87-3
458	849052-15-9
458	849052-17-1
458	849052-18-2
458	849052-19-3
458	849052-20-6
458	849052-23-9
458	849052-24-0
458	849052-26-2
458	849061-99-0
458	849062-00-6
458	849062-01-7
458	849062-03-9
458	849062-04-0
458	849062-05-1
458	849062-06-2
458	849062-07-3
458	849062-09-5
458	849062-10-8
458	849062-13-1
458	849062-18-6
458	849062-20-0
458	849062-21-1
458	849062-23-3
458	849062-26-6
458	849062-29-9
458	849062-31-3
458	849062-32-4
458	849062-38-0
458	849062-40-4
458	849231-16-9
458	849418-65-1
458	849681-77-2
458	849681-81-8
458	849833-86-9
458	850-05-5
458	850033-39-5
458	85006-23-1
458	850567-26-9
458	850567-31-6
458	850567-33-8
458	850567-35-0
458	850567-37-2
458	850567-47-4
458	850567-92-9
458	850567-98-5
458	850568-00-2
458	850568-08-0
458	850568-16-0
458	850568-22-8
458	850568-41-1
458	850568-49-9
458	850568-51-3
458	850568-53-5
458	850568-54-6
458	850568-61-5
458	850568-62-6
458	850568-65-9
458	850568-74-0
458	850589-54-7
458	850593-04-3
458	85099-28-1
458	85099-30-5
458	850991-69-4
458	85107-54-6
458	851335-07-4
458	85167-14-2
458	85169-10-4
458	85169-33-1
458	85199-06-0
458	85204-07-5
458	852228-08-1
458	852362-22-2
458	85251-55-4
458	85252-27-3
458	85252-28-4
458	85252-30-8
458	85283-50-7
458	85283-51-8
458	85283-53-0
458	85283-54-1
458	85338-04-1
458	85338-10-9
458	85338-31-4
458	85371-59-1
458	85391-36-2
458	85392-66-1
458	85407-85-8
458	85408-27-1
458	85409-42-3
458	854267-07-5
458	854457-83-3
458	854874-41-2
458	854952-58-2
458	855245-60-2
458	855299-97-7
458	85567-22-2
458	855843-82-2
458	85586-41-0
458	85586-42-1
458	85586-43-2
458	85586-44-3
458	85586-45-4
458	85586-65-8
458	856204-16-5
458	85631-32-9
458	856311-02-9
458	856316-63-7
458	856616-84-7
458	856617-69-1
458	856617-77-1
458	85702-84-7
458	857171-67-6
458	857179-93-2
458	85750-32-9
458	857530-80-4
458	85826-55-7
458	859169-20-3
458	86-58-8
458	860382-07-6
458	860392-69-4
458	86143-93-3
458	862723-42-0
458	863753-30-4
458	863975-37-5
458	864377-33-3
458	864754-16-5
458	864754-18-7
458	864910-70-3
458	865812-10-8
458	865869-28-9
458	86595-37-1
458	866607-09-2
458	867044-33-5
458	868-81-5
458	868855-76-9
458	86899-77-6
458	870238-65-6
458	870521-30-5
458	870704-19-1
458	870717-92-3
458	870717-93-4
458	870717-98-9
458	870717-99-0
458	870718-00-6
458	870718-06-2
458	870774-25-7
458	870777-21-2
458	870777-29-0
458	870777-31-4
458	870777-32-5
458	870778-83-9
458	870778-87-3
458	870778-89-5
458	870778-90-8
458	870778-91-9
458	870778-93-1
458	870778-96-4
458	870778-99-7
458	870779-00-3
458	870779-02-5
458	871125-80-3
458	871125-83-6
458	871125-86-9
458	871125-91-6
458	871125-94-9
458	871125-95-0
458	871125-97-2
458	871125-98-3
458	871126-00-0
458	871126-05-5
458	871126-15-7
458	871126-19-1
458	871126-25-9
458	871126-28-2
458	871329-52-1
458	871329-59-8
458	871329-60-1
458	871329-82-7
458	871332-95-5
458	871332-97-7
458	871332-99-9
458	871333-01-6
458	871333-02-7
458	871333-98-1
458	87199-14-2
458	87199-15-3
458	87199-16-4
458	87199-17-5
458	87199-18-6
458	872041-85-5
458	872041-86-6
458	872054-54-1
458	872054-57-4
458	872054-59-6
458	872460-12-3
458	872885-08-0
458	873-51-8
458	873078-93-4
458	873566-75-7
458	874186-98-8
458	874219-16-6
458	874219-27-9
458	874219-44-0
458	874219-52-0
458	874289-12-0
458	874289-13-1
458	874289-58-4
458	874289-59-5
458	874290-59-2
458	874359-75-8
458	87531-64-4
458	87558-89-2
458	877134-77-5
458	877160-63-9
458	87788-31-6
458	87788-32-7
458	878-23-9
458	878775-62-3
458	878792-53-1
458	878795-52-9
458	87912-25-2
458	879630-66-7
458	879632-46-9
458	879632-52-7
458	879635-62-8
458	879655-06-8
458	879655-11-5
458	879669-63-3
458	88004-40-4
458	880262-16-8
458	881302-73-4
458	881402-22-8
458	881410-04-4
458	882670-69-1
458	882678-96-8
458	88314-57-2
458	884507-19-1
458	885068-00-8
458	88526-39-0
458	885692-91-1
458	885698-94-2
458	886536-37-4
458	886584-11-8
458	886747-03-1
458	886853-93-6
458	89147-30-8
458	89171-23-3
458	891827-68-2
458	89325-22-4
458	89415-43-0
458	89466-05-7
458	89466-08-0
458	89488-25-5
458	89490-05-1
458	89513-75-7
458	89598-96-9
458	89641-18-9
458	89694-45-1
458	89694-46-2
458	89694-48-4
458	89787-12-2
458	89878-14-8
458	90002-36-1
458	900178-90-7
458	900796-46-5
458	90111-58-3
458	90268-17-0
458	90268-18-1
458	903550-26-5
458	90387-70-5
458	90431-23-5
458	90431-46-2
458	90431-60-0
458	90431-61-1
458	904326-87-0
458	90459-31-7
458	90530-04-4
458	90555-66-1
458	90568-23-3
458	90604-64-1
458	909122-50-5
458	909709-42-8
458	910783-70-9
458	910783-71-0
458	910783-72-1
458	91129-69-0
458	91158-38-2
458	911708-01-5
458	913292-63-4
458	913835-44-6
458	913835-52-6
458	913835-61-7
458	913835-68-4
458	913835-72-0
458	913835-74-2
458	913835-81-1
458	913835-91-3
458	913835-98-0
458	913836-01-8
458	913836-03-0
458	913836-05-2
458	913836-08-5
458	913836-11-0
458	913836-15-4
458	91388-81-7
458	913961-81-6
458	913961-83-8
458	915763-60-9
458	91648-11-2
458	916486-11-8
458	91696-95-6
458	91696-96-7
458	91696-97-8
458	917471-30-8
458	91769-97-0
458	91770-03-5
458	91771-79-8
458	91771-80-1
458	91771-83-4
458	91771-84-5
458	917757-44-9
458	91782-41-1
458	91782-42-2
458	91782-43-3
458	91782-44-4
458	91782-60-4
458	91782-61-5
458	91782-86-4
458	91845-02-2
458	91845-12-4
458	918524-63-7
458	91863-27-3
458	918643-56-8
458	918655-03-5
458	91983-14-1
458	92113-18-3
458	92128-16-0
458	92128-25-1
458	92200-79-8
458	92201-00-8
458	92257-22-2
458	92275-85-9
458	92332-17-7
458	92473-75-1
458	92502-53-9
458	92502-55-1
458	927384-43-8
458	927384-44-9
458	92797-44-9
458	92880-60-9
458	92908-33-3
458	929250-35-1
458	93062-36-3
458	93062-37-4
458	93165-87-8
458	93165-88-9
458	93165-89-0
458	93236-53-4
458	932697-96-6
458	933-18-6
458	933447-02-0
458	933986-97-1
458	93571-70-1
458	936250-17-8
458	936250-20-3
458	936250-21-4
458	936250-22-5
458	936576-64-6
458	93777-11-8
458	93803-04-4
458	938054-63-8
458	93820-50-9
458	938451-30-0
458	93857-71-7
458	93859-15-5
458	93894-58-7
458	93918-81-1
458	93924-04-0
458	93924-91-5
458	93964-01-3
458	93964-02-4
458	93964-03-5
458	93964-49-9
458	93964-50-2
458	93964-51-3
458	93982-94-6
458	94006-32-3
458	94086-71-2
458	94088-77-4
458	94094-28-7
458	94094-29-8
458	94094-31-2
458	94095-04-2
458	94095-05-3
458	94109-34-9
458	94159-20-3
458	94200-67-6
458	94232-62-9
458	94247-66-2
458	94266-00-9
458	94266-01-0
458	94277-53-9
458	94277-88-0
458	94278-23-6
458	94313-53-8
458	94314-05-3
458	94333-76-3
458	94333-79-6
458	944129-07-1
458	945837-57-0
458	947-42-2
458	947-42-2
458	947533-23-5
458	94839-07-3
458	94850-87-0
458	948592-80-1
458	94891-35-7
458	949084-45-1
458	950582-54-4
458	950582-56-6
458	950582-57-7
458	950582-60-2
458	950582-62-4
458	950582-63-5
458	950582-67-9
458	950582-72-6
458	950582-74-8
458	950582-77-1
458	950582-83-9
458	952514-79-3
458	952666-08-9
458	95371-17-8
458	954128-25-7
458	957034-82-1
458	957060-72-9
458	957060-85-4
458	957060-90-1
458	957062-57-6
458	957062-84-9
458	957063-00-2
458	957066-07-8
458	957066-11-4
458	957120-32-0
458	957121-05-0
458	957198-31-1
458	95905-86-5
458	95984-77-3
458	959996-48-6
458	960-71-4
458	96152-35-1
458	96958-96-2
458	97-94-9
458	971-66-4
458	97171-72-7
458	97358-65-1
458	97559-21-2
458	976-28-3
458	97660-73-6
458	97692-53-0
458	97746-91-3
458	97808-11-2
458	97808-25-8
458	97808-26-9
458	97808-37-2
458	97863-03-1
458	97863-08-6
458	97925-96-7
458	97930-40-0
458	97987-95-6
458	97996-39-9
458	97999-31-0
458	98-80-6
458	98028-02-5
458	98072-03-8
458	981-87-3
458	98139-72-1
458	98171-41-6
458	98219-48-8
458	98223-57-5
458	98242-19-4
458	98259-34-8
458	98437-23-1
458	98437-24-2
458	98546-51-1
458	98701-65-6
458	99349-68-5
458	99377-81-8
458	99548-93-3
458	99624-18-7
458	99747-36-1
458	99768-12-4
458	99769-19-4
458	99770-93-1
458	99811-52-6
458	99811-53-7
458	RR-00598-1
458	RR-02526-3
458	RR-02732-7
458	RR-03820-0
458	RR-07618-6
458	RR-120830-6
458	RR-12112-0
458	RR-33876-1
458	RR-33890-9
458	RR-42941-4
458	RR-58674-3
458	RR-60575-4
458	RR-92912-4
458	RR-93839-6
458	RR-96879-6
458	UN1008
458	UN1380
458	UN1413
458	UN1426
458	UN1741
458	UN1742
458	UN1775
458	UN1868
458	UN1870
458	UN1911
458	UN2416
458	UN2516
458	UN2604
458	UN2609
458	UN2616
458	UN2692
458	UN2851
458	UN2870
458	UN2965
458	UN3247
458	UN3377
458	UN3419
459	108145-39-7
459	109328-45-2
459	109328-46-3
459	11064-17-8
459	11096-82-5
459	11097-69-1
459	11100-14-4
459	11104-28-2
459	11104-29-3
459	111276-74-5
459	111276-75-6
459	111276-76-7
459	111276-77-8
459	111276-78-9
459	111276-79-0
459	111276-80-3
459	111276-81-4
459	111276-82-5
459	111276-83-6
459	11141-16-5
459	12672-29-6
459	12674-11-2
459	12737-87-0
459	13029-08-8
459	1336-36-3
459	151262-31-6
459	151262-32-7
459	151262-34-9
459	151262-35-0
459	153153-43-6
459	153153-44-7
459	153153-45-8
459	153153-46-9
459	153153-47-0
459	153153-48-1
459	153153-49-2
459	153153-50-5
459	15862-07-4
459	159000-96-1
459	159000-97-2
459	15968-05-5
459	16605-91-7
459	16606-02-3
459	176914-46-8
459	176914-47-9
459	176914-48-0
459	176914-49-1
459	177020-15-4
459	177020-16-5
459	179678-26-3
459	179678-27-4
459	179678-28-5
459	179678-29-6
459	179678-30-9
459	179678-31-0
459	179678-32-1
459	179678-33-2
459	18259-05-7
459	2050-67-1
459	2050-68-2
459	2051-24-3
459	2051-60-7
459	2051-61-8
459	2051-62-9
459	205991-67-9
459	205991-68-0
459	205991-69-1
459	205991-70-4
459	207004-27-1
459	207004-28-2
459	207004-29-3
459	207004-30-6
459	207004-31-7
459	207004-32-8
459	207004-33-9
459	207004-34-0
459	207004-35-1
459	207004-36-2
459	2136-99-4
459	228420-06-2
459	228420-07-3
459	2437-79-8
459	25323-68-6
459	25429-29-2
459	25512-42-9
459	25569-80-6
459	262371-35-7
459	26601-64-9
459	26914-33-0
459	27323-18-8
459	27417-48-7
459	28655-71-2
459	2974-90-5
459	2974-92-7
459	30605-61-9
459	31472-83-0
459	31508-00-6
459	32598-10-0
459	32598-11-1
459	32598-12-2
459	32598-13-3
459	32598-14-4
459	32690-93-0
459	32774-16-6
459	33025-41-1
459	33039-81-5
459	33091-17-7
459	33146-45-1
459	33284-50-3
459	33284-52-5
459	33284-53-6
459	33284-54-7
459	33979-03-2
459	34883-39-1
459	34883-41-5
459	34883-43-7
459	35065-27-1
459	35065-28-2
459	35065-29-3
459	35065-30-6
459	35693-92-6
459	35693-99-3
459	35694-04-3
459	35694-06-5
459	35694-08-7
459	36559-22-5
459	37317-41-2
459	37324-23-5
459	37353-63-2
459	37680-65-2
459	37680-66-3
459	37680-68-5
459	37680-69-6
459	37680-73-2
459	38379-99-6
459	38380-01-7
459	38380-02-8
459	38380-03-9
459	38380-04-0
459	38380-05-1
459	38380-07-3
459	38380-08-4
459	38411-22-2
459	38411-25-5
459	38444-73-4
459	38444-76-7
459	38444-77-8
459	38444-78-9
459	38444-81-4
459	38444-84-7
459	38444-85-8
459	38444-86-9
459	38444-87-0
459	38444-88-1
459	38444-90-5
459	38444-93-8
459	39485-83-1
459	39635-31-9
459	39635-32-0
459	39635-33-1
459	39635-34-2
459	39635-35-3
459	40186-70-7
459	40186-71-8
459	40186-72-9
459	41411-61-4
459	41411-62-5
459	41411-63-6
459	41411-64-7
459	41464-39-5
459	41464-40-8
459	41464-41-9
459	41464-42-0
459	41464-43-1
459	41464-46-4
459	41464-47-5
459	41464-48-6
459	41464-49-7
459	41464-51-1
459	42740-50-1
459	51908-16-8
459	52663-58-8
459	52663-59-9
459	52663-60-2
459	52663-61-3
459	52663-62-4
459	52663-63-5
459	52663-64-6
459	52663-65-7
459	52663-66-8
459	52663-67-9
459	52663-68-0
459	52663-69-1
459	52663-70-4
459	52663-71-5
459	52663-72-6
459	52663-73-7
459	52663-74-8
459	52663-75-9
459	52663-76-0
459	52663-77-1
459	52663-78-2
459	52663-79-3
459	52704-70-8
459	52712-04-6
459	52712-05-7
459	52744-13-5
459	53469-21-9
459	53555-66-1
459	53742-07-7
459	54230-22-7
459	55215-17-3
459	55215-18-4
459	55312-69-1
459	55684-91-8
459	55702-45-9
459	55702-46-0
459	55712-37-3
459	55720-44-0
459	55722-26-4
459	56030-56-9
459	56558-16-8
459	56558-17-9
459	56558-18-0
459	57465-28-8
459	59291-64-4
459	59291-65-5
459	60145-20-2
459	60145-21-3
459	60145-22-4
459	60145-23-5
459	60233-24-1
459	60233-25-2
459	61798-70-7
459	62461-62-5
459	62796-65-0
459	64427-28-7
459	65510-44-3
459	65510-45-4
459	68194-04-7
459	68194-05-8
459	68194-06-9
459	68194-07-0
459	68194-08-1
459	68194-09-2
459	68194-10-5
459	68194-11-6
459	68194-12-7
459	68194-13-8
459	68194-14-9
459	68194-15-0
459	68194-16-1
459	68194-17-2
459	69782-90-7
459	69782-91-8
459	7012-37-5
459	70362-41-3
459	70362-45-7
459	70362-46-8
459	70362-47-9
459	70362-48-0
459	70362-49-1
459	70362-50-4
459	70424-67-8
459	70424-68-9
459	70424-69-0
459	70424-70-3
459	73575-52-7
459	73575-53-8
459	73575-54-9
459	73575-55-0
459	73575-56-1
459	73575-57-2
459	74338-23-1
459	74338-24-2
459	74472-33-6
459	74472-34-7
459	74472-35-8
459	74472-36-9
459	74472-37-0
459	74472-38-1
459	74472-39-2
459	74472-40-5
459	74472-41-6
459	74472-42-7
459	74472-43-8
459	74472-44-9
459	74472-45-0
459	74472-46-1
459	74472-47-2
459	74472-48-3
459	74472-49-4
459	74472-50-7
459	74472-51-8
459	74472-52-9
459	74472-53-0
459	74487-85-7
459	76842-07-4
459	80333-65-9
459	80333-65-9
459	89000-29-3
459	94487-00-0
459	97122-18-4
459	97122-20-8
459	99554-08-2
459	99554-09-3
459	99554-10-6
459	99554-11-7
459	99554-12-8
459	99554-13-9
459	UN2315
459	UN3432
46	118064-75-8
46	136752-29-9
46	328402-73-9
46	35851-69-5
46	39148-24-8
460	101008-55-3
460	1010802-24-0
460	10138-80-4
460	101840-73-7
460	101840-74-8
460	102329-60-2
460	102342-03-0
460	103819-01-8
460	106232-83-1
460	106254-08-4
460	106254-09-5
460	106856-65-9
460	1075258-12-6
460	1075258-13-7
460	1076240-29-3
460	107853-29-2
460	109370-70-9
460	11106-34-6
460	11114-30-0
460	111214-24-5
460	111366-79-1
460	112481-34-2
460	113285-15-7
460	113716-35-1
460	114766-14-2
460	117533-43-4
460	118997-72-1
460	1206897-84-8
460	1224508-07-9
460	122752-87-8
460	122779-58-2
460	1231209-22-5
460	1235485-65-0
460	124401-71-4
460	125622-53-9
460	12627-31-5
460	1263057-78-8
460	126646-02-4
460	126730-81-2
460	12680-17-0
460	128088-01-7
460	128088-02-8
460	132175-12-3
460	133249-00-0
460	1334-72-1
460	1338464-84-8
460	1341-05-5
460	134634-13-2
460	1361543-25-0
460	136561-93-8
460	1374634-30-6
460	137736-73-3
460	138100-08-0
460	138185-26-9
460	1381887-04-2
460	140881-22-7
460	141489-71-6
460	141875-75-4
460	142901-64-2
460	1437798-98-5
460	145054-32-6
460	14675-38-8
460	147398-17-2
460	147826-40-2
460	148093-10-1
460	148498-91-3
460	152206-24-1
460	155421-87-7
460	156259-66-4
460	1572001-61-6
460	1573124-50-1
460	157627-86-6
460	1589506-93-3
460	1589506-98-8
460	1589511-29-4
460	160745-47-1
460	160901-19-9
460	162122-73-8
460	164715-41-7
460	165943-41-9
460	167397-87-7
460	176235-62-4
460	176596-95-5
460	183117-57-9
460	183147-07-1
460	186762-97-0
460	189388-50-9
460	191546-41-5
460	191549-77-6
460	191744-22-6
460	191744-22-6
460	194739-88-3
460	195395-82-5
460	196004-48-5
460	196623-73-1
460	201746-17-0
460	206565-96-0
460	2136-70-1
460	218607-00-2
460	221642-91-7
460	225375-39-3
460	227612-65-9
460	227624-83-1
460	234761-81-0
460	234761-82-1
460	234761-83-2
460	234764-37-5
460	245366-78-3
460	24938-91-8
460	258278-32-9
460	26636-39-5
460	26636-40-8
460	266678-04-0
460	266678-05-1
460	26826-30-2
460	27306-79-2
460	286015-26-7
460	299938-87-7
460	3055-93-4
460	3055-94-5
460	3055-95-6
460	3055-96-7
460	3055-97-8
460	3055-98-9
460	3055-99-0
460	3056-00-6
460	306295-38-5
460	31798-98-8
460	32126-89-9
460	32128-65-7
460	32196-45-5
460	32241-41-1
460	34398-05-5
460	348113-22-4
460	348616-52-4
460	349587-20-8
460	357177-18-5
460	35919-15-4
460	359786-16-6
460	362661-71-0
460	37211-47-5
460	37213-82-4
460	37224-39-8
460	37231-23-5
460	37232-15-8
460	37331-57-0
460	37337-79-4
460	37343-87-6
460	38471-49-7
460	384842-79-9
460	39283-07-3
460	39289-06-0
460	39316-02-4
460	39316-41-1
460	39363-77-4
460	39365-90-7
460	39390-80-2
460	39390-81-3
460	39390-82-4
460	39404-57-4
460	39405-97-5
460	4403-12-7
460	4536-30-5
460	459409-03-1
460	503027-85-8
460	503027-86-9
460	504414-58-8
460	50815-85-5
460	50815-86-6
460	51023-17-7
460	51426-13-2
460	51745-86-9
460	52440-12-7
460	52440-13-8
460	52504-14-0
460	52504-15-1
460	5274-68-0
460	53026-66-7
460	53029-08-6
460	53239-78-4
460	53241-34-2
460	53800-54-7
460	53858-87-0
460	54066-13-6
460	54174-03-7
460	54190-21-5
460	54351-54-1
460	54398-17-3
460	544481-27-8
460	54668-12-1
460	55247-82-0
460	55599-84-3
460	55840-61-4
460	558452-91-8
460	558452-92-9
460	55892-94-9
460	56093-86-8
460	56274-30-7
460	56590-57-9
460	56939-70-9
460	569654-60-0
460	57244-90-3
460	57534-32-4
460	58057-01-5
460	58969-22-5
460	59217-36-6
460	59217-37-7
460	59419-51-1
460	600156-37-4
460	60098-73-9
460	60120-79-8
460	60408-32-4
460	60636-37-5
460	60828-78-6
460	60881-01-8
460	61373-94-2
460	61702-78-1
460	61710-38-1
460	61791-13-7
460	61791-21-7
460	61791-28-4
460	62229-17-8
460	62229-27-0
460	62229-49-6
460	62362-74-7
460	62362-75-8
460	62362-76-9
460	63654-36-4
460	63709-43-3
460	64772-19-6
460	647835-80-1
460	648426-35-1
460	65256-15-7
460	6540-99-4
460	66048-74-6
460	66455-10-5
460	66455-12-7
460	66455-13-8
460	66455-14-9
460	66455-15-0
460	67015-99-0
460	676256-67-0
460	68002-97-1
460	68015-67-8
460	68037-04-7
460	68131-39-5
460	68131-40-8
460	68154-96-1
460	68213-23-0
460	68439-45-2
460	68439-50-9
460	68439-54-3
460	68511-57-9
460	68511-58-0
460	68526-94-3
460	68551-12-2
460	68603-20-3
460	68908-63-4
460	68951-67-7
460	68954-93-8
460	68954-95-0
460	68991-48-0
460	69011-36-5
460	69013-19-0
460	69344-85-0
460	70694-96-1
460	70709-94-3
460	71011-10-4
460	71243-46-4
460	71636-71-0
460	71932-08-6
460	724459-06-7
460	72905-87-4
460	73145-06-9
460	73398-63-7
460	76090-65-8
460	777931-72-3
460	779349-84-7
460	78330-21-9
460	786657-31-6
460	79217-63-3
460	798544-27-1
460	8027-11-0
460	80702-29-0
460	8076-51-5
460	80941-17-9
460	81138-54-7
460	81690-58-6
460	84133-50-6
460	850355-43-0
460	85087-87-2
460	856005-68-0
460	86547-02-6
460	86727-31-3
460	868668-14-8
460	869069-56-7
460	869893-21-0
460	870083-47-9
460	872426-00-1
460	87296-34-2
460	875119-83-8
460	88085-98-7
460	88507-26-0
460	88762-01-0
460	88995-63-5
460	890898-21-2
460	9002-92-0
460	9004-85-7
460	9008-57-5
460	9015-55-8
460	9016-42-6
460	9016-43-7
460	9033-74-3
460	9033-76-5
460	903524-71-0
460	903524-77-6
460	9043-30-5
460	9063-90-5
460	9067-13-4
460	9079-21-4
460	9082-09-1
460	9083-40-3
460	909706-17-8
460	910567-84-9
460	93357-52-9
460	935753-05-2
460	940892-42-2
460	94189-38-5
460	942439-95-4
460	942929-81-9
460	946527-74-8
460	957761-15-8
460	96638-32-3
460	97043-91-9
460	97955-84-5
461	1017686-87-1
461	111287-03-7
461	11130-43-1
461	120026-27-9
461	1211504-20-9
461	125692-92-4
461	12672-26-3
461	12679-74-2
461	1336-60-3
461	13463-07-5
461	136050-63-0
461	141443-66-5
461	172826-82-3
461	188612-22-8
461	2003274-72-2
461	2055492-07-2
461	2091235-81-1
461	2315-61-9
461	2315-67-5
461	2497-59-8
461	26616-29-5
461	26636-32-8
461	27288-13-7
461	308104-64-5
461	32742-88-4
461	37349-87-4
461	38723-96-5
461	38723-96-5
461	39283-49-3
461	39288-64-7
461	39288-65-8
461	39316-46-6
461	39320-65-5
461	39341-03-2
461	39409-11-5
461	39457-23-3
461	42173-90-0
461	42173-90-0
461	50643-03-3
461	50815-48-0
461	52628-05-4
461	53663-54-0
461	53858-66-5
461	54834-97-8
461	55068-75-2
461	55600-46-9
461	58056-95-4
461	59112-84-4
461	63172-50-9
461	66057-68-9
461	66057-69-0
461	66057-82-7
461	71538-51-7
461	73904-96-8
461	77137-66-7
461	81398-86-9
461	863727-84-8
461	881841-96-9
461	881842-18-8
461	9002-93-1
461	9004-88-0
461	9010-42-8
461	9010-43-9
461	9016-44-8
461	9036-19-5
461	9039-15-0
461	9040-17-9
461	9063-89-2
461	9077-65-0
461	9081-83-8
461	935753-04-1
462	100472-99-9
462	100777-03-5
462	102188-45-4
462	102735-76-2
462	103939-37-3
462	104-35-8
462	105269-88-3
462	106152-98-1
462	106400-82-2
462	107231-62-9
462	11098-16-1
462	11103-60-9
462	11107-93-0
462	111623-62-2
462	1119449-37-4
462	1119449-38-5
462	112509-36-1
462	113595-38-3
462	114101-89-2
462	1163687-50-0
462	116711-78-5
462	117989-54-5
462	120038-12-2
462	1202388-20-2
462	1202388-26-8
462	121548-43-4
462	123019-34-1
462	123068-21-3
462	124057-60-9
462	124401-72-5
462	12612-63-4
462	127087-87-0
462	12767-68-9
462	12789-12-7
462	12790-67-9
462	131160-29-7
462	131890-12-5
462	131890-13-6
462	1338788-01-4
462	135229-74-2
462	137263-06-0
462	138316-74-2
462	139281-67-7
462	141490-14-4
462	1422956-30-6
462	142985-89-5
462	143929-07-1
462	14409-72-4
462	155679-84-8
462	156609-10-8
462	156818-89-2
462	156818-90-5
462	158054-23-0
462	167140-06-9
462	172521-16-3
462	17692-59-0
462	1809431-45-5
462	1809431-82-0
462	188612-23-9
462	190386-13-1
462	190856-87-2
462	1943678-94-1
462	195065-75-9
462	202936-22-9
462	20427-84-3
462	204842-55-7
462	20543-07-1
462	205577-03-3
462	20636-48-0
462	2073-51-0
462	2091900-73-9
462	2096976-67-7
462	226225-58-7
462	226225-59-8
462	226924-41-0
462	2323620-11-5
462	2332812-08-3
462	2408592-97-0
462	244149-17-5
462	25640-88-4
462	26027-38-3
462	261176-82-3
462	26264-02-8
462	26571-11-9
462	27176-93-8
462	27176-97-2
462	27177-01-1
462	27177-03-3
462	27177-05-5
462	27177-08-8
462	27288-14-8
462	27942-26-3
462	27942-27-4
462	27986-36-3
462	28136-10-9
462	286015-24-5
462	286015-28-9
462	28776-15-0
462	29319-48-0
462	29594-36-3
462	29716-54-9
462	30676-83-6
462	32196-52-4
462	34149-89-8
462	34166-38-6
462	37187-23-8
462	37205-87-1
462	37210-94-9
462	37230-99-2
462	37280-80-1
462	37291-67-1
462	37330-04-4
462	37336-52-0
462	374934-72-2
462	376647-33-5
462	39042-04-1
462	39289-57-1
462	39316-45-5
462	39316-73-9
462	39346-85-5
462	39373-71-2
462	39392-83-1
462	39393-36-7
462	39421-49-3
462	39453-05-9
462	39454-98-3
462	39475-46-2
462	41257-07-2
462	41506-14-3
462	42617-03-8
462	441352-55-2
462	441352-56-3
462	441352-57-4
462	441352-58-5
462	441352-59-6
462	50855-29-3
462	509171-19-1
462	50934-84-4
462	51059-97-3
462	51437-95-7
462	51609-19-9
462	51668-51-0
462	51852-94-9
462	51938-25-1
462	51938-59-1
462	51938-60-4
462	52012-43-8
462	52038-46-7
462	52051-49-7
462	52434-07-8
462	52440-03-6
462	52440-21-8
462	52440-22-9
462	52440-78-5
462	52440-94-5
462	52504-18-4
462	52504-19-5
462	52683-07-5
462	53125-17-0
462	53529-49-0
462	53663-55-1
462	53763-35-2
462	53763-36-3
462	54174-36-6
462	54985-54-5
462	55126-80-2
462	55247-80-8
462	55838-69-2
462	56214-26-7
462	56590-96-6
462	57308-02-8
462	57321-10-5
462	57571-69-4
462	577791-97-0
462	58339-76-7
462	59330-69-7
462	60098-67-1
462	60476-27-9
462	61614-07-1
462	61840-55-9
462	620168-37-8
462	62169-44-2
462	62229-21-4
462	62229-24-7
462	62229-29-2
462	623588-93-2
462	63440-03-9
462	63798-88-9
462	64296-14-6
462	64940-97-2
462	65035-40-7
462	65035-41-8
462	65455-66-5
462	65455-69-8
462	65455-72-3
462	65777-14-2
462	66525-84-6
462	67053-58-1
462	68412-54-4
462	68858-84-4
462	69154-14-9
462	70025-66-0
462	72847-44-0
462	72847-45-1
462	7311-27-5
462	74342-10-2
462	74434-41-6
462	74656-63-6
462	74749-71-6
462	75882-09-6
462	76829-05-5
462	77271-60-4
462	78009-08-2
462	80341-59-9
462	80966-32-1
462	81296-82-4
462	83271-48-1
462	84562-92-5
462	85005-55-6
462	86243-62-1
462	86727-29-9
462	874461-43-5
462	9002-95-3
462	9016-45-9
462	9021-03-8
462	90452-81-6
462	9067-50-9
462	91648-64-5
462	91673-24-4
462	93-32-3
462	93095-76-2
462	933050-99-8
462	942205-98-3
462	95828-59-4
462	96231-61-7
462	96827-50-8
462	96827-63-3
462	96957-64-1
462	96958-17-7
462	96958-28-0
462	99402-83-2
462	99531-82-5
462	99550-41-1
462	RR-191287-4
462	RR-191289-6
462	RR-191290-9
463	1014689-13-4
463	104376-76-3
463	110392-50-2
463	11121-04-3
463	113096-26-7
463	115284-60-1
463	116958-77-1
463	1184178-80-0
463	119764-46-4
463	124124-10-3
463	125736-54-1
463	12627-22-4
463	12627-23-5
463	128835-50-7
463	1307693-64-6
463	131015-92-4
463	1335-73-5
463	134364-63-9
463	136752-27-7
463	1422159-09-8
463	150502-17-3
463	152157-39-6
463	156107-97-0
463	157481-33-9
463	15826-16-1
463	161074-78-8
463	170006-55-0
463	171544-36-8
463	181434-79-7
463	185461-11-4
463	199605-58-8
463	214976-60-0
463	216958-79-1
463	221041-96-9
463	236428-70-9
463	256225-57-7
463	263568-54-3
463	306291-75-8
463	3088-31-1
463	32057-62-8
463	336794-32-2
463	37325-23-8
463	39390-84-6
463	39450-08-3
463	42504-27-8
463	507487-64-1
463	51059-21-3
463	51286-51-2
463	53663-56-2
463	56572-89-5
463	57762-43-3
463	57762-59-1
463	577977-94-7
463	649569-38-0
463	66747-17-9
463	67762-22-5
463	68081-91-4
463	68585-34-2
463	68650-67-9
463	68891-38-3
463	68909-66-0
463	73651-68-0
463	74349-47-6
463	76724-02-2
463	865812-37-9
463	868601-22-3
463	9004-82-4
463	91648-56-5
463	951330-36-2
463	95508-27-3
463	98112-64-2
464	1053659-79-2
464	112068-71-0
464	1156543-56-4
464	1158237-02-5
464	1227476-28-9
464	1416946-65-0
464	1609158-91-9
464	1664-98-8
464	50-00-0
464	8005-38-7
464	8006-07-3
464	8013-13-6
465	10024-66-5
465	100298-63-3
465	100308-01-8
465	100308-02-9
465	100308-08-5
465	10031-20-6
465	10034-96-5
465	100402-46-8
465	100402-47-9
465	100402-53-7
465	100402-65-1
465	100402-96-8
465	100403-02-9
465	10043-84-2
465	10060-26-1
465	100756-24-9
465	10101-50-5
465	10101-66-3
465	10101-68-5
465	10102-36-0
465	10102-36-0
465	10118-76-0
465	10124-54-6
465	10124-55-7
465	101356-94-9
465	101357-01-1
465	101357-03-3
465	101357-04-4
465	101357-05-5
465	101357-08-8
465	101357-13-5
465	101362-28-1
465	10139-57-8
465	101500-43-0
465	1016982-35-6
465	10170-69-1
465	10198-45-5
465	102047-23-4
465	102047-24-5
465	102047-25-6
465	102047-26-7
465	102110-21-4
465	102110-26-9
465	102110-27-0
465	102110-31-6
465	102110-32-7
465	102110-33-8
465	102110-36-1
465	102262-20-4
465	102262-21-5
465	102262-22-6
465	102262-23-7
465	10234-99-8
465	10236-39-2
465	1029364-19-9
465	10294-64-1
465	103287-47-4
465	1033050-53-1
465	10377-62-5
465	10377-66-9
465	10378-28-6
465	103937-77-5
465	103972-75-4
465	104037-78-7
465	104193-72-8
465	104663-56-1
465	104663-57-2
465	104813-24-3
465	10535-02-1
465	10535-02-1
465	105883-50-9
465	106471-97-0
465	106770-07-4
465	106829-59-8
465	106829-60-1
465	107452-09-5
465	1078715-73-7
465	108043-20-5
465	109118-59-4
465	109118-60-7
465	109708-05-6
465	109885-98-5
465	110102-14-2
465	110580-21-7
465	11065-74-0
465	110739-64-5
465	110759-28-9
465	110759-29-0
465	11079-06-4
465	11096-02-9
465	11097-89-5
465	111021-35-3
465	111073-42-8
465	111073-43-9
465	111073-44-0
465	11113-71-6
465	11115-91-6
465	111243-10-8
465	11125-27-2
465	111283-62-6
465	11129-60-5
465	11129-61-6
465	11132-35-7
465	11132-78-8
465	111419-41-1
465	111419-42-2
465	111419-43-3
465	111747-17-2
465	111776-56-8
465	113387-15-8
465	1134078-27-5
465	113553-16-5
465	113553-18-7
465	113672-10-9
465	113787-08-9
465	114060-61-6
465	114679-30-0
465	114902-06-6
465	114927-28-5
465	116155-37-4
465	116348-63-1
465	116633-52-4
465	116633-53-5
465	117660-41-0
465	119130-84-6
465	119219-12-4
465	119315-99-0
465	119316-03-9
465	119316-05-1
465	119316-08-4
465	119316-15-3
465	119739-23-0
465	119793-38-3
465	119854-89-6
465	119855-48-0
465	119855-49-1
465	119855-50-4
465	119883-78-2
465	119883-79-3
465	119883-80-6
465	119884-25-2
465	119941-86-5
465	12001-34-2
465	12003-70-2
465	12005-95-7
465	12005-96-8
465	12010-50-3
465	12025-99-9
465	12032-69-8
465	12032-74-5
465	12032-75-6
465	12032-78-9
465	12032-82-5
465	12032-85-8
465	12032-86-9
465	12032-88-1
465	12032-89-2
465	12032-97-2
465	12033-03-3
465	12033-07-7
465	12033-08-8
465	12043-69-5
465	12045-15-7
465	12045-16-8
465	12049-47-7
465	12057-17-9
465	12057-92-0
465	12057-97-5
465	12062-81-6
465	12071-17-9
465	12079-65-1
465	120973-15-1
465	12108-13-3
465	12121-90-3
465	12125-23-4
465	12125-33-6
465	12142-41-5
465	12157-90-3
465	12162-79-7
465	12163-00-7
465	12163-45-0
465	12163-53-0
465	12163-59-6
465	12163-64-3
465	12175-02-9
465	12196-74-6
465	12205-44-6
465	12207-67-9
465	12227-59-7
465	12228-50-1
465	12228-91-0
465	12229-02-6
465	12230-80-7
465	12232-96-1
465	12238-31-2
465	12238-77-6
465	12238-78-7
465	12238-82-3
465	12253-13-3
465	12253-45-1
465	12260-22-9
465	12266-65-8
465	12271-96-4
465	1227510-11-3
465	122790-38-9
465	122790-39-0
465	12299-98-8
465	12357-52-7
465	123615-79-2
465	123615-95-2
465	123616-02-4
465	1236208-18-6
465	123633-91-0
465	123713-29-1
465	12409-37-9
465	12438-71-0
465	12449-55-7
465	124923-56-4
465	12502-82-8
465	12505-83-8
465	1251909-32-6
465	12521-74-3
465	125328-27-0
465	125328-50-9
465	125465-71-6
465	125465-79-4
465	12565-60-5
465	12604-53-4
465	126187-18-6
465	12626-88-9
465	12645-49-7
465	12646-17-2
465	12681-83-3
465	12687-82-0
465	12688-94-7
465	1271-27-8
465	12713-03-0
465	1272410-60-2
465	12737-09-6
465	12738-03-3
465	12758-24-6
465	12789-36-5
465	12795-16-3
465	128954-16-5
465	129249-24-7
465	129382-63-4
465	129382-80-5
465	13001-53-1
465	1307699-76-8
465	1309-53-1
465	1309-55-3
465	1309-55-3
465	1310-97-0
465	1310-98-1
465	1313-13-9
465	1313-22-0
465	1317-34-6
465	1317-35-7
465	1319-75-1
465	1319-75-1
465	1320-46-3
465	13224-08-3
465	1332-08-7
465	1332-62-3
465	1336-93-2
465	13434-24-7
465	1344-43-0
465	13444-72-9
465	13446-03-2
465	13446-10-1
465	13446-20-3
465	13446-20-3
465	13446-34-9
465	13446-35-0
465	13446-44-1
465	13453-79-7
465	13456-28-5
465	13465-27-5
465	13465-27-5
465	13465-27-5
465	13465-41-3
465	13465-49-1
465	134904-59-9
465	134904-60-2
465	134904-61-3
465	134904-62-4
465	134904-63-5
465	13566-22-8
465	13568-32-6
465	13568-71-3
465	136029-14-6
465	1363198-04-2
465	13718-34-8
465	1372545-89-5
465	137633-98-8
465	13770-16-6
465	138124-32-0
465	13817-36-2
465	1381939-25-8
465	13918-22-4
465	13918-22-4
465	13966-31-9
465	13966-31-9
465	139939-61-0
465	14013-15-1
465	14023-90-6
465	14024-58-9
465	14038-34-7
465	1405-99-8
465	140678-14-4
465	14092-99-0
465	14092-99-0
465	14100-30-2
465	141460-31-3
465	14154-09-7
465	14177-46-9
465	14263-16-2
465	14267-36-8
465	14284-89-0
465	143007-66-3
465	14325-24-7
465	14392-03-1
465	14392-03-1
465	144437-66-1
465	14446-13-0
465	14465-99-7
465	144713-07-5
465	14485-27-9
465	14495-13-7
465	14516-54-2
465	14681-52-8
465	14681-52-8
465	14690-66-5
465	1472644-99-7
465	14727-95-8
465	1476767-64-2
465	14841-83-9
465	149264-32-4
465	149294-96-2
465	149656-63-3
465	14986-93-7
465	14986-94-8
465	14986-95-9
465	149922-80-5
465	14998-36-8
465	14998-38-0
465	14999-33-8
465	14999-33-8
465	150993-75-2
465	15195-58-1
465	15244-36-7
465	15339-36-3
465	15364-94-0
465	153728-36-0
465	15375-84-5
465	153977-14-1
465	15411-95-7
465	15605-27-3
465	15609-81-1
465	156735-49-8
465	15685-17-3
465	15702-33-7
465	15702-34-8
465	15710-66-4
465	15771-41-2
465	158456-30-5
465	15851-49-7
465	159021-13-3
465	15915-03-4
465	15956-58-8
465	16039-56-8
465	16071-76-4
465	1628435-35-7
465	16351-10-3
465	1638220-46-8
465	16543-99-0
465	16571-42-9
465	1671083-23-0
465	1679350-32-3
465	168849-50-1
465	1692886-45-5
465	16962-31-5
465	16982-48-2
465	17009-27-7
465	170630-73-6
465	17141-63-8
465	17308-52-0
465	173689-98-0
465	17375-02-9
465	17375-29-0
465	17375-37-0
465	179240-14-3
465	18154-90-0
465	182442-95-1
465	185299-40-5
465	1860-71-5
465	186350-31-2
465	18718-07-5
465	18727-97-4
465	18820-29-6
465	189139-63-7
465	18917-85-6
465	18933-05-6
465	18972-84-4
465	18972-86-6
465	19153-79-8
465	19372-18-0
465	19513-05-4
465	195161-78-5
465	19664-95-0
465	19893-32-4
465	20033-08-3
465	201233-93-4
465	2020407-62-7
465	2020407-63-8
465	2020407-64-9
465	2020407-65-0
465	20243-64-5
465	20603-88-7
465	206452-06-4
465	20694-39-7
465	209416-66-0
465	20959-56-2
465	210909-84-5
465	21129-18-0
465	211948-57-1
465	21248-70-4
465	2180-18-9
465	22143-20-0
465	22388-72-3
465	22405-70-5
465	22775-65-1
465	23097-77-0
465	23250-73-9
465	23414-72-4
465	234446-82-3
465	2363126-51-4
465	2363126-59-2
465	24900-24-1
465	25327-03-1
465	25659-29-4
465	25808-75-7
465	25868-86-4
465	26204-60-4
465	264124-99-4
465	269729-99-9
465	27253-32-3
465	27526-45-0
465	28029-54-1
465	28041-68-1
465	28374-38-1
465	2850-75-1
465	28566-87-2
465	28602-69-9
465	28829-51-8
465	29193-02-0
465	292140-32-0
465	29789-06-8
465	29826-51-5
465	30031-44-8
465	301-03-1
465	301-09-7
465	301678-04-6
465	301850-33-9
465	30488-22-3
465	304905-29-1
465	30744-82-2
465	31754-55-9
465	31754-56-0
465	3251-96-5
465	32916-06-6
465	33212-68-9
465	3353-05-7
465	339311-30-7
465	34088-94-3
465	34156-69-9
465	34410-88-3
465	35346-43-1
465	35355-77-2
465	35542-88-2
465	35638-41-6
465	359427-90-0
465	36333-79-6
465	36474-32-5
465	36678-21-4
465	36680-83-8
465	37114-51-5
465	37187-66-9
465	37223-53-3
465	37449-19-7
465	378782-03-7
465	37991-53-0
465	38344-88-6
465	38639-72-4
465	39298-00-5
465	39303-06-5
465	39327-14-5
465	39432-47-8
465	39438-40-9
465	39957-12-5
465	40105-04-2
465	40720-27-2
465	41536-42-9
465	41570-79-0
465	434336-75-1
465	460090-53-3
465	47265-07-6
465	480452-69-5
465	49716-47-4
465	50646-06-5
465	50831-29-3
465	51345-28-9
465	51349-94-1
465	51648-92-1
465	51700-26-6
465	51819-69-3
465	51877-53-3
465	51901-10-1
465	52014-17-2
465	52080-81-6
465	52089-06-2
465	52233-00-8
465	52233-01-9
465	52233-09-7
465	52238-52-5
465	52238-52-5
465	52279-49-9
465	52562-36-4
465	52562-37-5
465	52623-88-8
465	5280-66-0
465	53224-05-8
465	53404-58-3
465	53731-35-4
465	53988-93-5
465	545386-98-9
465	54675-76-2
465	54842-08-9
465	55060-79-2
465	55392-76-2
465	55448-20-9
465	56451-33-3
465	56729-39-6
465	56743-91-0
465	56779-88-5
465	57650-55-2
465	59112-36-6
465	5968-88-7
465	598-62-9
465	59866-24-9
465	60226-96-2
465	60240-47-3
465	60921-61-1
465	61007-89-4
465	61219-26-9
465	6147-00-8
465	6156-78-1
465	61788-52-1
465	61788-53-2
465	61788-57-6
465	61788-58-7
465	61789-35-3
465	61789-50-2
465	61810-04-6
465	62712-14-5
465	62713-28-4
465	6358-40-3
465	636-13-5
465	63665-25-8
465	63693-75-4
465	637-82-1
465	637-86-5
465	6379-47-1
465	638-38-0
465	640-67-5
465	64002-83-1
465	64070-86-6
465	64147-45-1
465	64333-01-3
465	64333-01-3
465	64552-28-9
465	646-00-4
465	6485-39-8
465	6535-19-9
465	6556-16-7
465	65767-17-1
465	65776-39-8
465	65996-71-6
465	65997-18-4
465	66402-68-4
465	66523-56-6
465	67070-31-9
465	67181-98-0
465	67506-86-9
465	67952-42-5
465	68015-77-0
465	68023-17-6
465	68039-18-9
465	68081-75-4
465	68186-83-4
465	68186-94-7
465	68186-96-9
465	68186-99-2
465	68187-38-2
465	68187-64-4
465	6819-13-2
465	68201-80-9
465	68279-05-0
465	68308-21-4
465	6832-69-5
465	683228-95-7
465	68333-66-4
465	68333-67-5
465	68398-21-0
465	68410-82-2
465	68412-38-4
465	68424-36-2
465	68439-21-4
465	68442-99-9
465	68443-00-5
465	68475-47-8
465	68512-50-5
465	68551-42-8
465	68553-15-1
465	68553-17-3
465	68554-13-2
465	68555-06-6
465	68585-31-9
465	68585-91-1
465	68608-42-4
465	68609-85-8
465	68609-86-9
465	68611-46-1
465	68611-47-2
465	68611-67-6
465	68648-07-7
465	68784-02-1
465	68784-13-4
465	68784-19-0
465	68784-55-4
465	68784-58-7
465	68784-76-9
465	68784-78-1
465	68836-53-3
465	68844-25-7
465	68876-90-4
465	68876-92-6
465	68877-27-0
465	68911-03-5
465	68988-36-3
465	68988-37-4
465	69011-04-7
465	69012-24-4
465	69012-26-6
465	69012-28-8
465	69012-33-5
465	69012-43-7
465	69012-49-3
465	69012-55-1
465	6904-78-5
465	69192-23-0
465	69234-82-8
465	69847-36-5
465	69991-68-0
465	70248-09-8
465	70268-41-6
465	70514-67-9
465	70692-94-3
465	71215-58-2
465	71630-92-7
465	71750-83-9
465	71799-92-3
465	72253-08-8
465	72828-18-3
465	73003-99-3
465	73019-26-8
465	73202-12-7
465	73207-48-4
465	73335-41-8
465	73384-91-5
465	73385-04-3
465	73637-20-4
465	73637-20-4
465	73913-06-1
465	74051-88-0
465	74114-36-6
465	7439-96-5
465	74449-37-9
465	74665-10-4
465	7487-89-0
465	75701-74-5
465	75747-77-2
465	75798-63-9
465	75864-23-2
465	76710-75-3
465	76710-76-4
465	76710-77-5
465	7722-64-7
465	7759-00-4
465	7773-01-5
465	7782-64-1
465	7782-76-5
465	7782-76-5
465	7783-16-6
465	7783-53-1
465	7783-98-4
465	7784-38-5
465	7785-19-5
465	7785-87-7
465	7786-33-6
465	7787-35-1
465	7787-36-2
465	7790-33-2
465	78812-39-2
465	79048-36-5
465	79048-36-5
465	8030-70-4
465	8031-40-1
465	8046-59-1
465	8064-36-6
465	8064-42-4
465	8065-67-6
465	8072-27-3
465	8075-39-6
465	80822-72-6
465	81065-76-1
465	825-89-8
465	83503-76-8
465	83864-26-0
465	83929-95-7
465	84030-40-0
465	84041-69-0
465	84070-12-2
465	84100-67-4
465	84144-93-4
465	84144-99-0
465	84195-96-0
465	84583-61-9
465	84712-57-2
465	847870-19-3
465	84962-02-7
465	84962-56-1
465	84962-57-2
465	84962-58-3
465	84989-01-5
465	85005-58-9
465	85005-59-0
465	85005-60-3
465	85005-61-4
465	85080-93-9
465	85080-94-0
465	85117-59-5
465	85117-60-8
465	85117-61-9
465	85117-62-0
465	85117-63-1
465	85136-48-7
465	85169-06-8
465	85169-07-9
465	85566-72-9
465	85681-90-9
465	85737-19-5
465	85763-71-9
465	85763-72-0
465	860308-46-9
465	86090-41-7
465	87835-28-7
465	89087-78-5
465	89412-12-4
465	9008-34-8
465	9038-47-5
465	90431-60-0
465	90431-61-1
465	90431-62-2
465	90431-63-3
465	90431-64-4
465	91031-64-0
465	91031-80-0
465	91081-90-2
465	91081-91-3
465	91082-85-8
465	91082-86-9
465	912348-71-1
465	912348-76-6
465	916075-10-0
465	916075-11-1
465	91782-88-6
465	92200-95-8
465	92200-96-9
465	92414-44-3
465	92758-24-2
465	92969-67-0
465	93333-98-3
465	93573-11-6
465	93573-12-7
465	93762-58-4
465	93918-14-0
465	93918-15-1
465	93918-16-2
465	94233-07-5
465	94247-29-7
465	94247-30-0
465	94247-31-1
465	94277-05-1
465	94333-38-7
465	94481-60-4
465	94551-57-2
465	94551-96-9
465	94786-86-4
465	95046-44-9
465	95046-51-8
465	97434-80-5
465	97435-23-9
465	97553-53-2
465	97692-40-5
465	97730-66-0
465	97999-33-2
465	99018-65-2
465	993-02-2
465	99328-48-0
465	99328-53-7
465	99629-34-2
465	99749-23-2
465	P-89-1030
465	RR-00416-0
465	RR-00602-0
465	RR-03861-9
465	RR-09632-2
465	RR-107948-7
465	RR-13421-4
465	RR-13501-3
465	RR-16548-0
465	RR-19093-2
465	RR-31876-3
465	RR-33932-2
465	RR-40755-6
465	RR-55400-7
465	UN1330
465	UN1448
465	UN1456
465	UN1490
465	UN1503
465	UN1515
465	UN2724
465	UN2844
466	108-24-7
466	16649-49-3
466	UN1715
467	39363-63-8
467	75935-32-9
467	85-44-9
467	UN2214
468	1338439-16-9
468	463311-95-7
468	562836-84-4
468	79-41-4
468	UN2531
469	1196968-39-4
469	1227277-87-3
469	162221-54-7
469	220713-32-6
469	35233-69-3
469	80-62-6
469	874217-13-7
469	UN1247
47	120-51-4
470	89269-64-7
471	556-61-6
471	UN2477
472	108-10-1
472	1338234-91-5
472	134016-39-0
472	UN1245
473	128087-96-7
473	24851-98-7
474	110-25-8
474	57368-03-3
475	1563-66-2
476	11095-11-7
476	11130-47-5
476	1392204-77-1
476	51274-03-4
476	52001-89-5
476	63-25-2
477	12773-35-2
477	145846-59-9
477	3766-81-2
478	131860-33-8
479	144-54-7
48	100011-37-8
48	10025-91-9
48	10042-99-6
48	10049-22-6
48	100656-54-0
48	100817-46-7
48	10090-54-7
48	10101-91-4
48	10101-91-4
48	101200-57-1
48	101200-58-2
48	101200-60-6
48	101200-61-7
48	101227-27-4
48	101294-99-9
48	101500-43-0
48	101519-68-0
48	101794-79-0
48	102110-39-4
48	102110-40-7
48	102110-44-1
48	102110-60-1
48	102129-38-4
48	102262-17-9
48	102770-31-0
48	102770-34-3
48	10433-06-4
48	104812-37-5
48	10521-30-9
48	106160-94-5
48	106175-35-3
48	106436-67-3
48	1078716-00-3
48	1079803-62-5
48	109037-75-4
48	109603-33-0
48	110093-36-2
48	110464-12-5
48	11062-30-9
48	110687-68-8
48	11071-15-1
48	11083-22-0
48	11089-58-0
48	11098-88-7
48	111058-26-5
48	11112-10-0
48	11115-68-7
48	11138-63-9
48	11142-43-1
48	11142-43-1
48	111906-29-7
48	1128070-79-0
48	114760-49-5
48	117011-47-9
48	118574-16-6
48	12001-86-4
48	12014-29-8
48	12014-33-4
48	12018-07-4
48	12018-68-7
48	12019-92-0
48	12020-24-5
48	12022-92-3
48	12022-93-4
48	12024-80-5
48	12029-86-6
48	12031-08-2
48	12031-08-2
48	12032-10-9
48	12032-82-5
48	12032-97-2
48	12034-75-2
48	12035-01-7
48	12035-23-3
48	12035-52-8
48	12035-53-9
48	12036-46-3
48	12037-90-0
48	12038-22-1
48	12038-62-9
48	12038-99-2
48	12039-31-5
48	12039-33-7
48	12039-34-8
48	12039-35-9
48	12039-36-0
48	12039-37-1
48	12039-38-2
48	12039-39-3
48	12039-40-6
48	12039-41-7
48	12039-42-8
48	12044-88-1
48	12050-65-6
48	12050-79-2
48	12050-87-2
48	12052-42-5
48	12052-43-6
48	12053-12-2
48	12054-21-6
48	12054-25-0
48	12055-65-1
48	12056-11-0
48	12056-59-6
48	12057-10-2
48	12057-30-6
48	12057-75-9
48	12058-86-5
48	12064-03-8
48	12064-72-1
48	12066-81-8
48	12066-88-5
48	12067-17-3
48	12067-31-1
48	12067-35-5
48	12067-37-7
48	12067-38-8
48	12106-31-9
48	12107-12-9
48	12110-39-3
48	121239-75-6
48	12125-10-9
48	12125-61-0
48	12142-69-7
48	12157-70-9
48	12160-22-4
48	12165-47-8
48	12166-11-9
48	12166-36-8
48	12166-38-0
48	12166-39-1
48	12182-69-3
48	12186-97-9
48	12187-20-1
48	12187-84-7
48	12196-60-0
48	12208-13-8
48	12210-98-9
48	12227-91-7
48	12227-91-7
48	12255-36-6
48	12263-39-7
48	12266-38-5
48	12274-42-9
48	12281-27-5
48	12286-37-2
48	12294-12-1
48	12299-73-9
48	12314-11-3
48	12323-20-5
48	12323-25-0
48	12323-26-1
48	12323-32-9
48	12325-74-5
48	12325-75-6
48	12333-35-6
48	12333-57-2
48	12339-09-2
48	12339-41-2
48	12339-41-2
48	12339-97-8
48	12340-34-0
48	123402-86-8
48	12345-15-2
48	12346-31-5
48	12359-48-7
48	12361-66-9
48	12372-51-9
48	12412-52-1
48	12423-58-4
48	12431-81-1
48	12434-10-5
48	12437-29-5
48	12440-49-2
48	12440-52-7
48	124740-41-6
48	12503-49-0
48	12504-54-0
48	12504-55-1
48	125054-46-8
48	125054-47-9
48	12507-68-5
48	12510-28-0
48	12515-76-3
48	12535-04-5
48	1253906-76-1
48	12550-17-3
48	125662-42-2
48	125662-57-9
48	12594-53-5
48	12597-17-0
48	12627-52-0
48	126506-93-2
48	12655-04-8
48	12655-06-0
48	12656-50-7
48	12656-50-7
48	1266534-73-9
48	12673-86-8
48	126803-19-8
48	12710-25-7
48	127153-81-5
48	127320-89-2
48	12737-02-9
48	127386-54-3
48	12780-90-4
48	127831-09-8
48	12784-26-8
48	12786-74-2
48	12786-81-1
48	12786-82-2
48	128221-48-7
48	129003-31-2
48	129680-26-8
48	1300-14-7
48	1302-47-2
48	13059-67-1
48	1309-64-4
48	1312-41-0
48	1314-60-9
48	1315-04-4
48	1315-05-5
48	1317-86-8
48	1317-98-2
48	1320-57-6
48	1327-33-9
48	1327-50-0
48	132826-46-1
48	133-51-7
48	133152-67-7
48	1332-41-8
48	1332-43-0
48	1332-51-0
48	1332-81-6
48	1333-30-8
48	1333-78-4
48	133915-53-4
48	133915-54-5
48	134164-24-2
48	13433-92-6
48	1344-34-9
48	1345-04-6
48	13510-89-9
48	135691-31-5
48	135929-41-8
48	136472-10-1
48	136472-10-1
48	137002-11-0
48	1370442-66-2
48	137083-27-3
48	13776-84-6
48	137822-00-5
48	137853-10-2
48	138-31-8
48	13816-38-1
48	13890-80-7
48	139301-16-9
48	13968-50-8
48	13968-50-8
48	14090-94-9
48	14104-34-8
48	141067-75-6
48	14119-16-5
48	14129-12-5
48	141651-31-2
48	141733-48-4
48	14176-81-9
48	142164-48-5
48	142164-53-2
48	142164-57-6
48	142300-77-4
48	14234-35-6
48	14234-35-6
48	14265-72-6
48	14284-27-6
48	14331-88-5
48	14331-88-5
48	14374-79-9
48	14374-79-9
48	14391-67-4
48	14391-68-5
48	14391-68-5
48	14459-54-2
48	14459-60-0
48	14486-20-5
48	145076-33-1
48	14683-10-4
48	14683-10-4
48	14693-02-8
48	14700-09-5
48	148054-44-8
48	148709-58-4
48	148709-59-5
48	14913-58-7
48	14914-68-2
48	14914-68-2
48	14939-42-5
48	14972-90-8
48	15120-50-0
48	151227-85-9
48	15123-77-0
48	15273-81-1
48	152761-81-4
48	1538-59-6
48	1538-62-1
48	15432-85-6
48	154396-41-5
48	154718-31-7
48	15489-16-4
48	15513-75-4
48	155916-06-6
48	15593-74-5
48	15593-75-6
48	15600-71-2
48	156989-66-1
48	157368-22-4
48	15755-18-7
48	15755-18-7
48	15755-27-8
48	15755-27-8
48	15756-29-3
48	15756-29-3
48	15756-32-8
48	15756-32-8
48	15756-34-0
48	15756-34-0
48	15756-35-1
48	15756-35-1
48	1586-91-0
48	15874-48-3
48	15874-49-4
48	15874-50-7
48	15874-51-8
48	15874-52-9
48	15890-25-2
48	159120-95-3
48	15991-76-1
48	160125-91-7
48	16039-64-8
48	16210-51-8
48	16450-50-3
48	16455-98-4
48	164578-04-5
48	164846-99-5
48	16521-45-2
48	167468-11-3
48	167468-13-5
48	16756-81-3
48	16756-85-7
48	16823-94-2
48	16871-80-0
48	16893-92-8
48	16894-69-2
48	16905-79-6
48	16921-90-7
48	16923-35-6
48	16925-25-0
48	16941-06-3
48	16949-12-5
48	16950-06-4
48	17156-77-3
48	17220-70-1
48	175889-79-9
48	17620-10-9
48	17620-10-9
48	17856-92-7
48	17857-44-2
48	178989-93-0
48	17901-09-6
48	180795-32-8
48	181429-63-0
48	18380-68-2
48	18424-17-4
48	1843-42-1
48	186419-12-5
48	18770-47-3
48	189154-86-7
48	19033-63-7
48	19073-66-6
48	194549-90-1
48	19638-16-5
48	19708-47-5
48	1986-66-9
48	20328-96-5
48	20346-77-4
48	20720-76-7
48	2098834-39-8
48	212793-41-4
48	21432-78-0
48	21450-52-2
48	2155-73-9
48	2155-74-0
48	2155-75-1
48	2155-81-9
48	2185-78-6
48	219717-42-7
48	220970-29-6
48	22537-51-5
48	22877-95-8
48	23099-82-3
48	23325-09-9
48	23362-09-6
48	23601-23-2
48	23713-48-6
48	2376284-81-8
48	2379331-66-3
48	23854-38-8
48	23940-36-5
48	2400970-89-8
48	240141-93-9
48	24626-20-8
48	24931-44-0
48	24964-91-8
48	25152-52-7
48	25285-72-7
48	255877-15-7
48	25751-57-9
48	25889-81-0
48	26042-64-8
48	260548-84-3
48	26209-91-6
48	26209-91-6
48	26282-95-1
48	2629-47-2
48	264921-16-6
48	26810-97-9
48	26864-36-8
48	27253-22-1
48	27279-76-1
48	27288-44-4
48	28300-74-5
48	28767-59-1
48	288094-79-1
48	289483-12-1
48	289483-12-1
48	28980-47-4
48	28980-48-5
48	28980-49-6
48	29095-38-3
48	29638-69-5
48	29664-84-4
48	29671-18-9
48	29736-75-2
48	30004-57-0
48	304-61-0
48	30470-68-9
48	30470-69-0
48	305-97-5
48	3064-61-7
48	30718-75-3
48	309263-22-7
48	30927-36-7
48	30952-14-8
48	31219-54-2
48	312308-62-6
48	31589-39-6
48	32257-11-7
48	32465-49-9
48	32516-50-0
48	3264-67-3
48	328-55-2
48	334490-51-6
48	33908-66-6
48	33910-86-0
48	33992-50-6
48	342043-86-1
48	34237-34-8
48	34521-09-0
48	34755-53-8
48	35724-06-2
48	360068-30-0
48	36121-95-6
48	3643-76-3
48	36971-66-1
48	37035-60-2
48	37204-11-8
48	37215-27-3
48	37223-55-5
48	37233-00-4
48	37256-15-8
48	37256-16-9
48	37257-75-3
48	37308-30-8
48	37367-15-0
48	37367-17-2
48	37367-80-9
48	378253-02-2
48	378253-03-3
48	378253-07-7
48	378253-08-8
48	38057-02-2
48	38600-48-5
48	38668-35-8
48	38897-60-8
48	39290-81-8
48	39294-08-1
48	39349-74-1
48	39356-80-4
48	39357-02-3
48	39357-85-2
48	39357-86-3
48	39412-44-7
48	39427-02-6
48	39466-73-4
48	3958-19-8
48	40718-46-5
48	4126-81-2
48	41422-43-9
48	41422-59-7
48	41494-34-2
48	41494-35-3
48	42427-72-5
48	42611-90-5
48	4263-38-1
48	42718-81-0
48	4292-34-6
48	4379-83-3
48	4379-85-5
48	44628-70-8
48	472969-22-5
48	4756-75-6
48	4933-27-1
48	5035-52-9
48	5035-58-5
48	50789-88-3
48	50789-88-3
48	50814-97-6
48	509121-40-8
48	51138-28-4
48	51311-89-8
48	51312-15-3
48	51429-91-5
48	51716-92-8
48	51787-30-5
48	51787-30-5
48	51845-73-9
48	51900-05-1
48	52037-42-0
48	52503-06-7
48	526-50-1
48	52933-74-1
48	52933-75-2
48	53028-50-5
48	53120-23-3
48	53262-48-9
48	53318-72-2
48	535-46-6
48	53856-17-0
48	539-54-8
48	5395-43-7
48	54075-76-2
48	545386-98-9
48	54576-53-3
48	54764-32-8
48	54847-25-5
48	5496-71-9
48	554-76-7
48	55467-74-8
48	55576-04-0
48	55576-05-1
48	5609-80-3
48	5613-68-3
48	5613-69-4
48	56668-68-9
48	5702-61-4
48	57741-04-5
48	57762-28-4
48	57840-38-7
48	57898-46-1
48	57997-56-5
48	58164-88-8
48	5835-64-3
48	58428-34-5
48	58814-38-3
48	59372-48-4
48	594-10-5
48	594-31-0
48	5965-33-3
48	59778-51-7
48	59872-00-3
48	59922-49-5
48	60001-03-8
48	603-36-1
48	61142-81-2
48	61288-66-2
48	61349-45-9
48	61349-47-1
48	61358-23-4
48	61642-33-9
48	6169-12-6
48	617-85-6
48	61869-49-6
48	62010-30-4
48	62010-31-5
48	62339-51-9
48	62712-21-4
48	62851-41-6
48	6295-12-1
48	63172-17-8
48	63439-16-7
48	63513-30-4
48	63938-93-2
48	63994-33-2
48	64011-26-3
48	64011-35-4
48	64011-36-5
48	64013-14-5
48	64013-16-7
48	64024-08-4
48	64046-93-1
48	64070-10-6
48	64070-11-7
48	64070-12-8
48	64070-14-0
48	64093-53-4
48	64296-67-9
48	64417-77-2
48	64475-90-7
48	64553-20-4
48	64604-85-9
48	64885-57-0
48	6533-78-4
48	6535-15-5
48	6543-62-0
48	65722-68-1
48	65997-18-4
48	66103-03-5
48	66469-53-2
48	666263-51-0
48	667463-25-4
48	66922-79-0
48	67251-37-0
48	67251-40-5
48	67296-48-4
48	67711-96-0
48	67711-98-2
48	67711-99-3
48	6780-10-5
48	68083-87-4
48	68186-90-3
48	68187-00-8
48	68187-20-2
48	68187-54-2
48	68189-16-2
48	68332-69-4
48	68411-49-4
48	68412-38-4
48	687-81-0
48	68784-55-4
48	68784-78-1
48	68794-85-4
48	688013-91-4
48	68921-97-1
48	68933-55-1
48	68937-04-2
48	68937-20-2
48	68951-38-2
48	68953-72-0
48	68954-54-1
48	68956-96-7
48	68957-23-3
48	68989-19-5
48	69011-08-1
48	69012-20-0
48	69012-72-2
48	69029-45-4
48	69029-50-1
48	69029-51-2
48	69029-58-9
48	69029-87-4
48	6923-52-0
48	6939-83-9
48	694503-46-3
48	69459-69-4
48	69545-71-7
48	69600-03-9
48	69892-82-6
48	69991-68-0
48	7010-38-0
48	70225-54-6
48	70247-82-4
48	70495-28-2
48	70514-71-5
48	7065-22-7
48	70969-69-6
48	71077-18-4
48	71119-45-4
48	71119-49-8
48	71215-72-0
48	71449-78-0
48	71463-61-1
48	71566-48-8
48	71747-80-3
48	71786-70-4
48	71850-71-0
48	71850-72-1
48	71850-86-7
48	71850-87-8
48	71850-88-9
48	71949-30-9
48	72017-60-8
48	72121-43-8
48	72121-43-8
48	72166-93-9
48	72479-88-0
48	72924-94-8
48	72926-13-7
48	73063-67-9
48	73071-00-8
48	73482-18-5
48	73508-21-1
48	73892-02-1
48	73912-61-5
48	74038-45-2
48	74365-27-8
48	7440-36-0
48	7446-32-4
48	7578-07-6
48	7647-18-9
48	76543-23-2
48	77114-79-5
48	77824-42-1
48	77824-44-3
48	7783-56-4
48	7783-70-2
48	7789-61-9
48	7790-44-5
48	7791-08-4
48	7791-16-4
48	7803-52-3
48	8007-18-9
48	8007-28-1
48	8011-72-1
48	8011-73-2
48	8012-00-8
48	8012-64-4
48	80640-84-2
48	81776-61-6
48	81924-93-8
48	82916-74-3
48	84184-48-5
48	84238-43-7
48	84314-10-3
48	84776-00-1
48	84777-04-8
48	84929-82-8
48	84949-18-8
48	85307-36-4
48	85712-57-8
48	861660-84-6
48	86189-54-0
48	86221-76-3
48	86831-40-5
48	875817-23-5
48	87709-41-9
48	87856-03-9
48	88966-67-0
48	89452-37-9
48	896-29-7
48	89899-81-0
48	90170-79-9
48	90177-43-8
48	90552-50-4
48	90552-50-4
48	91051-98-8
48	92089-68-4
48	92128-37-5
48	92200-97-0
48	92202-25-0
48	926280-53-7
48	92687-27-9
48	92687-28-0
48	92687-31-5
48	92731-36-7
48	930120-90-4
48	93091-03-3
48	93776-64-8
48	93840-05-2
48	93840-06-3
48	93840-07-4
48	93844-22-5
48	94228-51-0
48	94442-00-9
48	94551-87-8
48	94551-97-0
48	94825-20-4
48	95046-49-4
48	95193-93-4
48	95722-64-8
48	96195-78-7
48	96342-74-4
48	97048-22-1
48	97048-23-2
48	97763-70-7
48	98002-59-6
48	98246-91-4
48	98517-01-2
48	P-93-0606
48	P-94-0464
48	P-95-0677
48	P-95-0724
48	RR-00554-9
48	RR-00585-6
48	RR-00675-7
48	RR-01639-7
48	RR-11146-6
48	RR-145866-8
48	RR-192911-9
48	RR-192912-0
48	RR-24352-7
48	RR-29525-0
48	RR-29526-1
48	RR-31090-7
48	RR-32772-0
48	RR-33682-3
48	RR-41418-6
48	RR-42178-3
48	RR-43729-6
48	RR-45492-2
48	RR-66993-2
48	RR-66994-3
48	RR-66996-5
48	RR-93835-2
48	UN1550
48	UN1551
48	UN1730
48	UN1731
48	UN1732
48	UN1733
48	UN2676
48	UN2871
480	118939-68-7
480	137-42-8
480	6734-80-1
481	61036-67-7
481	61788-63-4
481	7396-58-9
482	98-83-9
482	UN2303
483	22936-75-0
483	60617-10-9
484	111-82-0
484	409108-19-6
485	127-51-5
486	101794-91-6
486	1321-94-4
486	90-12-0
486	91-57-6
487	165252-70-0
488	108-99-6
488	82005-08-1
489	26138-58-9
489	53774-35-9
489	57762-46-6
489	872-50-4
49	120-12-7
49	1719-06-8
490	75-66-1
491	102040-01-7
491	105268-95-9
491	10605-21-7
491	110342-67-1
491	1135441-26-7
491	1155875-94-7
491	1203557-88-3
491	212384-28-6
491	276680-08-1
491	39413-19-9
491	59758-95-1
491	63090-40-4
491	63278-70-6
492	166090-45-5
492	239809-44-0
492	54464-57-2
492	68155-66-8
492	68155-67-9
492	RR-190097-6
493	55814-41-0
494	136511-07-4
494	136799-44-5
494	16752-77-5
494	19928-35-9
494	19928-37-1
494	22224-93-7
495	141517-21-7
496	143390-89-0
497	101-77-9
497	120859-32-7
497	136601-30-4
497	148263-71-2
497	28602-61-1
497	83712-44-1
497	UN2651
498	101-68-8
498	1211266-59-9
498	1211316-64-1
498	1220313-65-4
498	1400594-70-8
498	142690-07-1
498	1533423-48-1
498	153986-89-1
498	1588489-56-8
498	201528-77-0
498	2031250-39-0
498	2056146-02-0
498	53633-14-0
498	55157-41-0
498	57460-66-9
498	77090-48-3
498	88001-94-9
498	97568-33-7
499	536-90-3
499	918666-97-4
5	103-11-7
5	126830-02-2
5	1329996-89-5
5	1453489-97-8
5	45016-65-7
5	78733-32-1
5	84948-57-2
5	93460-77-6
50	10439-39-1
50	790240-52-7
50	84-65-1
500	133408-50-1
501	111-77-3
501	1552323-12-2
502	13684-63-4
502	35067-67-5
503	88678-67-5
504	111-96-6
504	142939-39-7
504	54631-70-8
504	70992-86-8
505	100019-57-6
505	100019-58-7
505	1003300-72-8
505	100932-50-1
505	1009807-59-3
505	1009807-62-8
505	10102-40-6
505	101062-40-2
505	1012044-78-8
505	101357-19-1
505	1017237-79-4
505	101794-79-0
505	101849-51-8
505	10190-55-3
505	101940-06-1
505	101940-07-2
505	102082-92-8
505	10241-05-1
505	1025784-96-6
505	103443-41-0
505	103458-26-0
505	103513-39-9
505	104062-50-2
505	104349-52-2
505	104548-59-6
505	104548-59-6
505	106463-33-6
505	106494-94-4
505	106494-95-5
505	106496-65-5
505	106496-74-6
505	106496-75-7
505	106605-51-0
505	106770-42-7
505	106770-44-9
505	107114-56-7
505	107114-57-8
505	107114-63-6
505	107269-37-4
505	107311-25-1
505	107333-79-9
505	107637-31-0
505	107637-32-1
505	107637-33-2
505	107637-34-3
505	107637-35-4
505	107637-36-5
505	107763-83-7
505	107929-40-8
505	108399-42-4
505	108399-43-5
505	108399-44-6
505	108399-45-7
505	108399-46-8
505	108399-47-9
505	108399-48-0
505	108399-49-1
505	108399-50-4
505	108399-51-5
505	108399-52-6
505	108399-53-7
505	108399-54-8
505	108399-55-9
505	108399-56-0
505	108399-57-1
505	108399-58-2
505	108399-59-3
505	108399-60-6
505	108424-14-2
505	108424-15-3
505	108424-16-4
505	109490-70-2
505	110639-84-4
505	110639-85-5
505	11065-25-1
505	110666-47-2
505	110667-26-0
505	110667-27-1
505	110667-28-2
505	110667-29-3
505	11068-91-0
505	110687-88-2
505	110708-63-9
505	11074-63-8
505	110771-77-2
505	11081-84-8
505	1108177-06-5
505	11082-09-0
505	11089-32-0
505	11098-84-3
505	11098-99-0
505	11099-00-6
505	11104-44-2
505	11104-85-1
505	11104-88-4
505	11104-89-5
505	11104-90-8
505	11115-97-2
505	11119-46-3
505	11119-83-8
505	11121-25-8
505	11121-95-2
505	11128-97-5
505	111556-63-9
505	111568-43-5
505	111568-80-0
505	111568-81-1
505	112510-41-5
505	112548-46-6
505	112764-76-8
505	112788-56-4
505	1128073-76-6
505	112909-68-9
505	113114-08-2
505	113128-56-6
505	113257-30-0
505	113257-31-1
505	113384-43-3
505	113670-97-6
505	113670-98-7
505	113678-04-9
505	113690-93-0
505	113690-94-1
505	113690-95-2
505	113690-96-3
505	113725-07-8
505	113844-93-2
505	113939-39-2
505	114105-14-5
505	114105-21-4
505	114316-51-7
505	114663-84-2
505	114862-93-0
505	114887-05-7
505	1150493-60-9
505	115232-90-1
505	115516-71-7
505	116442-78-5
505	116442-88-7
505	116442-89-8
505	116565-73-2
505	116640-58-5
505	116640-59-6
505	116810-46-9
505	116812-71-6
505	117314-43-9
505	117321-92-3
505	117342-25-3
505	117595-43-4
505	117931-10-9
505	117991-26-1
505	117991-27-2
505	118032-96-5
505	118063-53-9
505	118321-25-8
505	118321-26-9
505	118321-27-0
505	118321-57-6
505	118321-58-7
505	118877-73-9
505	119431-83-3
505	1196483-16-5
505	119667-37-7
505	119801-14-8
505	119801-15-9
505	12003-72-4
505	12006-98-3
505	12006-99-4
505	12007-27-1
505	12007-28-2
505	12007-97-5
505	12011-97-1
505	12011-98-2
505	12013-21-7
505	12023-18-6
505	12026-00-5
505	12026-57-2
505	12026-65-2
505	12026-66-3
505	12027-12-2
505	12027-67-7
505	12033-19-1
505	12033-29-3
505	12033-37-3
505	12033-39-5
505	12033-40-8
505	12049-45-5
505	12054-85-2
505	12057-23-7
505	12058-07-0
505	12058-08-1
505	12058-11-6
505	12058-18-3
505	12058-19-4
505	12058-20-7
505	12058-24-1
505	12058-26-3
505	12058-33-2
505	1206041-44-2
505	12069-89-5
505	12069-90-8
505	12076-38-9
505	12079-83-3
505	12084-07-0
505	12091-64-4
505	120922-80-7
505	12107-35-6
505	121072-42-2
505	12122-47-3
505	12122-48-4
505	12125-77-8
505	12128-23-3
505	12129-68-9
505	12132-04-6
505	12135-57-8
505	12136-78-6
505	12136-79-7
505	12146-37-1
505	121484-00-2
505	121484-01-3
505	12151-75-6
505	12152-15-7
505	12163-67-6
505	12163-69-8
505	12163-70-1
505	12163-74-5
505	12163-85-8
505	12184-22-4
505	12205-99-1
505	12207-64-6
505	12207-90-8
505	12207-91-9
505	12209-17-5
505	12209-18-6
505	12213-61-5
505	12213-69-3
505	12218-71-2
505	12224-98-5
505	122310-32-1
505	122310-33-2
505	122310-34-3
505	12238-18-5
505	12238-23-2
505	12262-11-2
505	12263-08-0
505	12263-13-7
505	12265-21-3
505	12273-51-7
505	12293-15-1
505	12305-71-4
505	123114-47-6
505	123142-20-1
505	123142-21-2
505	123142-22-3
505	12323-01-2
505	12325-29-0
505	12332-67-1
505	12332-82-0
505	12339-22-9
505	12346-54-2
505	12351-17-6
505	12351-29-0
505	12351-35-8
505	123517-46-4
505	12382-30-8
505	12396-30-4
505	12400-18-9
505	12411-64-2
505	12412-21-4
505	12412-22-5
505	12421-54-4
505	124230-17-7
505	124545-31-9
505	124545-85-3
505	124567-52-8
505	124567-53-9
505	12500-91-3
505	12501-45-0
505	125124-08-5
505	12518-76-2
505	12519-76-5
505	12521-67-4
505	12530-25-5
505	12530-49-3
505	125304-18-9
505	12543-74-7
505	125483-96-7
505	12594-27-3
505	12612-50-9
505	126214-49-1
505	12626-91-4
505	12627-57-5
505	126282-62-0
505	12629-02-6
505	12640-46-9
505	12640-65-2
505	126447-24-3
505	12646-22-9
505	126478-52-2
505	12656-85-8
505	12657-22-6
505	12673-54-0
505	12673-58-4
505	12674-41-8
505	12680-49-8
505	126949-60-8
505	126949-63-1
505	12704-86-8
505	12709-98-7
505	127336-61-2
505	127336-64-5
505	12738-08-8
505	1276111-55-7
505	12778-02-8
505	12778-14-2
505	127814-40-8
505	12793-13-4
505	128574-42-5
505	128574-43-6
505	128585-44-4
505	128704-79-0
505	128975-01-9
505	129193-18-6
505	129208-42-0
505	129209-03-6
505	129262-82-4
505	129925-73-1
505	129925-74-2
505	129925-75-3
505	129925-76-4
505	130241-17-7
505	130241-18-8
505	130241-19-9
505	130241-20-2
505	130277-43-9
505	130277-44-0
505	130459-28-8
505	130680-13-6
505	1309-56-4
505	1310534-87-2
505	13106-76-8
505	131097-40-0
505	131163-67-2
505	1313-27-5
505	1313-29-7
505	1313-30-0
505	1317-33-5
505	1319083-46-9
505	1325-24-2
505	1325-72-0
505	1325-74-2
505	1325-75-3
505	1325-79-7
505	1325-80-0
505	1325-82-2
505	1325-87-7
505	1325-88-8
505	1325-94-6
505	1326-01-8
505	1326-03-0
505	1326-04-1
505	1326-11-0
505	132760-14-6
505	13320-71-3
505	133340-80-4
505	1338709-82-2
505	134001-07-3
505	134382-80-2
505	13446-49-6
505	13446-57-6
505	134535-29-8
505	13454-70-1
505	134608-87-0
505	13466-16-5
505	13470-04-7
505	134776-01-5
505	13478-17-6
505	13478-18-7
505	134853-62-6
505	134853-63-7
505	134884-72-3
505	13520-59-7
505	135544-38-6
505	13565-96-3
505	13568-40-6
505	135840-44-7
505	135849-93-3
505	13595-85-2
505	13597-64-3
505	1359821-13-8
505	136097-17-1
505	136140-93-7
505	13637-68-8
505	1366372-99-7
505	137025-39-9
505	13718-22-4
505	13718-70-2
505	137486-11-4
505	13762-14-6
505	13765-74-7
505	13765-93-0
505	13767-03-8
505	13767-32-3
505	13767-34-5
505	13769-81-8
505	137781-03-4
505	13814-75-0
505	138864-46-7
505	139220-25-0
505	13939-06-5
505	1396125-44-2
505	13972-68-4
505	14014-79-0
505	14014-90-5
505	1404439-91-3
505	14055-74-4
505	140899-16-7
505	14119-13-2
505	14119-13-2
505	14119-15-4
505	14119-15-4
505	141274-57-9
505	1415469-55-4
505	14177-55-0
505	14191-83-4
505	14191-83-4
505	14221-06-8
505	1422970-52-2
505	14259-66-6
505	14284-90-3
505	142871-49-6
505	1440529-21-4
505	14456-43-0
505	14542-95-1
505	14566-03-1
505	1459765-44-6
505	14643-03-9
505	14648-48-7
505	14666-91-2
505	14730-11-1
505	14854-24-1
505	15059-53-7
505	15060-55-6
505	15123-80-5
505	151616-45-4
505	15190-32-6
505	153067-81-3
505	153977-13-0
505	15444-66-3
505	154978-32-2
505	15593-38-1
505	15611-13-9
505	15690-77-4
505	15690-77-4
505	15702-41-7
505	15712-13-7
505	159251-13-5
505	15930-43-5
505	159653-51-7
505	1604843-06-2
505	160673-82-5
505	1606982-53-9
505	16289-82-0
505	163702-43-0
505	164115-69-9
505	1644672-12-7
505	167614-27-9
505	170297-97-9
505	172777-18-3
505	172777-19-4
505	17476-43-6
505	17524-05-9
505	1814903-27-9
505	18177-91-8
505	18198-35-1
505	184910-89-2
505	185752-99-2
505	185753-01-9
505	186432-61-1
505	18868-43-4
505	18967-85-6
505	191674-99-4
505	1928735-59-4
505	19402-37-0
505	19421-45-5
505	19663-15-1
505	19680-83-2
505	199790-61-9
505	20096-11-1
505	20205-60-1
505	20211-24-9
505	20507-13-5
505	205815-80-1
505	209733-38-0
505	2134229-22-2
505	22443-23-8
505	22648-09-5
505	22914-58-5
505	236740-70-8
505	251934-88-0
505	252368-25-5
505	253141-87-6
505	253873-83-5
505	253873-84-6
505	261509-17-5
505	26979-68-0
505	26979-69-1
505	27546-07-2
505	278186-89-3
505	280130-32-7
505	28896-18-6
505	29879-10-5
505	30291-63-5
505	304899-36-3
505	31000-79-0
505	31051-56-6
505	32512-08-6
505	32512-11-1
505	33056-03-0
505	33668-67-6
505	34041-09-3
505	34085-20-6
505	34322-14-0
505	34346-27-5
505	36730-33-3
505	36730-35-5
505	37211-00-0
505	37216-99-2
505	37280-68-5
505	37296-91-6
505	37297-03-3
505	37355-85-4
505	37367-98-9
505	37370-04-0
505	37376-47-9
505	378782-19-5
505	378782-19-5
505	390388-97-3
505	39300-67-9
505	39312-47-5
505	39312-49-7
505	39322-07-1
505	39379-50-5
505	39455-87-3
505	42489-15-6
505	44513-97-5
505	445409-27-8
505	449187-65-9
505	474795-79-4
505	488128-29-6
505	496040-92-7
505	50356-41-7
505	50412-10-7
505	50811-90-0
505	50812-08-3
505	51200-00-1
505	51200-01-2
505	51429-74-4
505	51682-41-8
505	51845-71-7
505	51898-99-8
505	51990-17-1
505	52015-50-6
505	52110-07-3
505	52595-44-5
505	52623-80-0
505	52934-88-0
505	53027-14-8
505	53027-18-2
505	53986-44-0
505	54684-84-3
505	54983-00-5
505	55799-25-2
505	56094-15-6
505	56216-22-9
505	56730-34-8
505	56779-83-0
505	56780-54-2
505	56797-39-8
505	57126-31-5
505	57449-56-6
505	57456-13-0
505	57606-42-5
505	57609-48-0
505	57904-54-8
505	57904-55-9
505	57904-56-0
505	57904-57-1
505	57904-58-2
505	58412-05-8
505	59088-14-1
505	59109-73-8
505	59109-74-9
505	59157-44-7
505	59204-44-3
505	59519-73-2
505	59560-72-4
505	59786-91-3
505	59826-06-1
505	60317-96-6
505	60317-97-7
505	60428-79-7
505	60953-15-3
505	610785-17-6
505	61204-36-2
505	61506-74-9
505	61583-60-6
505	61725-40-4
505	61725-41-5
505	61725-42-6
505	61725-43-7
505	61725-45-9
505	61725-48-2
505	61725-50-6
505	62169-57-7
505	62973-79-9
505	63022-06-0
505	63022-07-1
505	63022-09-3
505	63022-11-7
505	63511-60-4
505	63920-05-8
505	64070-98-0
505	64237-06-5
505	64427-29-8
505	64523-06-4
505	64525-54-8
505	65036-95-5
505	65072-24-4
505	65235-34-9
505	65337-26-0
505	65366-87-2
505	65988-50-3
505	65997-18-4
505	66304-31-2
505	66579-19-9
505	66589-15-9
505	66589-16-0
505	66621-30-5
505	66793-35-9
505	66828-59-9
505	67181-17-3
505	67368-85-8
505	67368-86-9
505	678155-43-6
505	67953-39-3
505	67989-22-4
505	68016-03-5
505	68083-41-0
505	68083-42-1
505	68083-43-2
505	68130-36-9
505	68130-37-0
505	68309-94-4
505	68310-07-6
505	68334-63-4
505	68334-64-5
505	68334-65-6
505	68348-85-6
505	68400-26-0
505	68409-66-5
505	68409-69-8
505	68412-26-0
505	68413-81-0
505	68443-30-1
505	68555-97-5
505	68568-65-0
505	68585-49-9
505	68585-50-2
505	68630-90-0
505	68647-32-5
505	68647-34-7
505	68647-35-8
505	68647-47-2
505	68814-00-6
505	68814-02-8
505	68814-05-1
505	68814-07-3
505	68825-98-9
505	68845-37-4
505	68845-38-5
505	68954-53-0
505	68958-92-9
505	68990-30-7
505	69011-55-8
505	69011-56-9
505	69011-57-0
505	69011-58-1
505	69012-23-3
505	69012-40-4
505	69012-41-5
505	69012-61-9
505	69012-68-6
505	69012-77-7
505	69029-14-7
505	69029-38-5
505	69070-63-9
505	69070-64-0
505	69089-44-7
505	69226-91-1
505	69226-94-4
505	69980-72-9
505	69992-70-7
505	70145-53-8
505	70179-86-1
505	70289-49-5
505	70715-58-1
505	710338-01-5
505	71243-85-1
505	71251-76-8
505	71342-89-7
505	71630-92-7
505	71631-40-8
505	71786-41-9
505	71786-59-9
505	71798-68-0
505	71798-71-5
505	71798-73-7
505	71888-83-0
505	72030-25-2
505	72102-38-6
505	72269-41-1
505	72379-29-4
505	72828-19-4
505	72906-43-5
505	73018-83-4
505	73452-98-9
505	73507-32-1
505	73680-23-6
505	73912-43-3
505	74316-36-2
505	7439-98-7
505	74987-91-0
505	75300-71-9
505	75627-12-2
505	75757-97-0
505	7631-95-0
505	7782-91-4
505	7783-77-9
505	77835-70-2
505	7787-37-3
505	7789-82-4
505	78778-54-8
505	799241-27-3
505	80031-73-8
505	8005-36-5
505	80083-40-5
505	8030-65-7
505	80407-98-3
505	81986-84-7
505	82148-84-3
505	82391-70-6
505	839684-47-8
505	84057-86-3
505	84144-89-8
505	84144-90-1
505	84144-91-2
505	84144-95-6
505	84418-66-6
505	84696-61-7
505	84696-62-8
505	85068-46-8
505	85068-48-0
505	85186-35-2
505	85186-36-3
505	85255-51-2
505	85536-66-9
505	85826-55-7
505	85941-74-8
505	85959-61-1
505	860622-12-4
505	86089-09-0
505	866105-55-7
505	868855-76-9
505	871828-81-8
505	876012-62-3
505	87970-74-9
505	88020-55-7
505	89114-06-7
505	89256-12-2
505	89654-51-3
505	89654-52-4
505	90367-47-8
505	90367-48-9
505	90367-49-0
505	90431-89-3
505	90431-90-6
505	90431-91-7
505	906665-74-5
505	90901-24-9
505	90901-25-0
505	91770-33-1
505	91980-26-6
505	92113-03-6
505	923956-62-1
505	92799-92-3
505	93754-61-1
505	93776-58-0
505	93805-29-9
505	93840-01-8
505	94094-30-1
505	94134-34-6
505	94232-43-6
505	94277-04-0
505	95046-44-9
505	957147-41-0
505	95917-90-1
505	960363-34-2
505	960363-37-5
505	97171-87-4
505	97171-88-5
505	97191-99-6
505	97280-70-1
505	97434-81-6
505	97434-82-7
505	97434-83-8
505	97686-30-1
505	97812-63-0
505	97948-14-6
505	97953-19-0
505	P-82-0429
505	P-85-1285
505	P-93-0493
505	P-97-0919
505	P-99-0534
505	RR-00036-2
505	RR-00037-3
505	RR-00603-1
505	RR-03762-7
505	RR-04489-3
505	RR-122325-2
505	RR-122327-4
505	RR-122328-5
505	RR-122329-6
505	RR-122330-9
505	RR-122331-0
505	RR-122332-1
505	RR-122333-2
505	RR-122334-3
505	RR-122335-4
505	RR-122336-5
505	RR-122337-6
505	RR-128422-6
505	RR-145953-6
505	RR-150020-5
505	RR-16313-3
505	RR-23069-3
505	RR-23207-5
505	RR-23881-3
505	RR-24245-5
505	RR-30453-0
505	RR-32823-4
505	RR-36986-8
505	RR-45511-8
505	RR-46266-8
505	RR-46267-9
505	RR-46270-4
505	RR-48325-0
505	RR-50385-5
505	RR-50386-6
505	RR-56375-7
505	RR-57109-5
505	RR-64092-6
505	RR-87945-8
505	RR-88289-3
505	RR-88290-6
505	RR-88304-5
505	RR-88305-6
505	RR-88306-7
505	RR-88307-8
505	RR-88309-0
505	RR-90238-5
505	UN2508
506	68515-88-8
507	139443-72-4
507	15199-43-6
507	62086-97-9
507	77-78-1
507	98478-67-2
507	UN1595
508	1302-45-0
508	182321-38-6
508	20859-73-8
508	71751-04-7
508	8005-48-9
508	UN1397
509	2528-36-1
51	12001-28-4
51	12001-29-5
51	12172-67-7
51	12172-67-7
51	12172-73-5
51	12413-24-0
51	12413-45-5
51	12426-98-1
51	132207-32-0
51	132207-33-1
51	132207-33-1
51	132207-34-2
51	132207-35-3
51	1332-21-4
51	13768-00-8
51	14567-73-8
51	17068-78-9
51	329202-13-3
51	37229-03-1
51	53799-45-4
51	53799-46-5
51	57456-46-9
51	60649-53-8
51	61076-97-9
51	61105-31-5
51	61180-72-1
51	65452-00-8
51	77536-66-4
51	77536-67-5
51	77536-68-6
51	77641-59-9
51	NA2212
51	UN2212
51	UN2590
510	11095-17-3
510	11096-21-2
510	11111-31-2
510	11126-72-0
510	116788-91-1
510	12772-40-6
510	55819-32-4
510	62-73-7
510	62139-95-1
510	62655-59-8
510	8023-22-1
510	8072-21-7
510	8072-39-7
510	8076-16-2
510	95828-55-0
511	1546892-14-1
511	78-42-2
512	115-96-8
512	21343-84-0
513	1052691-24-3
513	116082-38-3
513	1259372-53-6
513	1330-78-5
513	1336-40-9
513	136868-91-2
513	25013-17-6
513	34902-62-0
513	563-04-2
513	56499-45-7
513	56573-10-5
513	68952-35-2
513	69234-04-4
513	72016-32-1
513	73299-28-2
513	77342-17-7
513	77342-18-8
513	77342-19-9
513	78-30-8
513	78-32-0
513	UN2574
514	115-86-6
514	402955-02-6
515	1238174-19-0
515	126-73-8
515	15158-85-7
515	19824-61-4
515	329184-61-4
515	80094-39-9
52	101840-81-7
52	103106-61-2
52	103812-90-4
52	107231-85-6
52	108021-94-9
52	111310-30-6
52	116439-26-0
52	120528-46-3
52	120797-37-7
52	1228530-76-4
52	1262791-71-8
52	126903-38-6
52	129406-02-6
52	133686-81-4
52	1342796-19-3
52	1352205-75-4
52	137397-93-4
52	138069-64-4
52	141255-78-9
52	1422250-40-5
52	143476-94-2
52	147445-25-8
52	153190-02-4
52	154102-11-1
52	154609-09-3
52	154766-26-4
52	160477-36-1
52	162355-20-6
52	162628-81-1
52	172826-96-9
52	178464-28-3
52	183563-24-8
52	184539-09-1
52	203743-04-8
52	203944-48-3
52	208196-65-0
52	209252-36-8
52	211991-83-2
52	212569-27-2
52	219753-20-5
52	283603-33-8
52	300852-58-8
52	315680-13-8
52	32055-14-4
52	37291-69-3
52	37370-30-2
52	379692-85-0
52	39278-75-6
52	478809-08-4
52	484655-09-6
52	50814-42-1
52	51059-16-6
52	51810-20-9
52	54018-19-8
52	56273-49-5
52	59392-73-3
52	612824-05-2
52	61642-52-2
52	66174-31-0
52	667447-28-1
52	69345-95-5
52	71061-20-6
52	74315-87-0
52	75026-14-1
52	76600-86-7
52	81031-80-3
52	81406-01-1
52	83271-42-5
52	83271-43-6
52	83512-90-7
52	85497-20-7
52	86473-20-3
52	87139-88-6
52	87347-64-6
52	875453-93-3
52	88385-52-8
52	88651-68-7
52	9016-87-9
52	912469-29-5
52	913174-25-1
52	94469-81-5
52	96595-70-9
52	97397-19-8
53	101701-80-8
53	102771-74-4
53	105439-02-9
53	110648-35-6
53	111093-75-5
53	1186289-22-4
53	1199811-14-7
53	1211316-62-9
53	124961-52-0
53	129212-17-5
53	135454-41-0
53	146282-59-9
53	146665-38-5
53	149579-36-2
53	1548444-15-0
53	158750-30-2
53	194936-84-0
53	26602-93-7
53	4098-71-9
53	50974-99-7
53	52985-93-0
53	63793-40-8
53	66708-07-4
53	70936-97-9
53	74091-63-7
53	74520-92-6
53	88778-74-9
53	UN2290
54	78-79-5
54	78006-92-5
54	823271-95-0
54	UN1218
55	137885-53-1
55	1429425-26-2
55	146479-75-6
55	27360-89-0
55	28106-82-3
55	37808-08-5
55	80-05-7
56	101-21-3
56	11097-02-2
57	103-95-7
57	80949-77-5
58	3228-02-2
59	149877-41-8
6	1056032-56-4
6	113329-02-5
6	120220-24-8
6	124740-94-9
6	126123-84-0
6	1265528-53-7
6	138961-78-1
6	142605-01-4
6	14465-99-7
6	1453489-99-0
6	14643-87-9
6	15743-20-1
6	166941-59-9
6	191744-27-1
6	199453-47-9
6	211862-52-1
6	291530-46-6
6	44196-70-5
6	449796-20-7
6	55927-87-2
6	65852-59-7
6	70507-67-4
6	7446-81-3
6	79-10-7
6	RR-04040-4
6	UN2218
60	66332-96-5
60	84461-35-8
61	57520-17-9
62	10025-82-8
62	100656-55-1
62	1018852-65-7
62	102091-56-5
62	106070-25-1
62	106605-50-9
62	107102-51-2
62	110642-14-3
62	115950-55-5
62	12010-46-7
62	12010-47-8
62	12018-94-9
62	12018-95-0
62	12018-96-1
62	12030-05-6
62	12030-14-7
62	12030-22-7
62	12030-24-9
62	120441-92-1
62	12056-07-4
62	12125-53-0
62	12136-26-4
62	12148-78-6
62	12167-90-7
62	12396-27-9
62	12398-10-6
62	1239902-45-4
62	12600-43-0
62	12672-70-7
62	12672-71-8
62	1303-11-3
62	1312-41-0
62	1312-43-2
62	1312-45-4
62	1315508-87-2
62	1338813-59-4
62	134131-31-0
62	13464-82-9
62	13465-09-3
62	13465-10-6
62	13465-11-7
62	13465-14-0
62	135060-96-7
62	135060-97-8
62	135060-98-9
62	13510-35-5
62	1352828-70-6
62	13529-74-3
62	1370553-14-2
62	13770-61-1
62	13779-78-7
62	13966-94-4
62	139767-61-6
62	14133-75-6
62	14166-78-0
62	14191-71-0
62	14280-53-6
62	14391-66-3
62	143983-91-9
62	14405-45-9
62	144972-86-1
62	14693-82-4
62	14833-35-3
62	14885-78-0
62	14914-66-0
62	15078-72-5
62	15676-66-1
62	15750-15-9
62	1672739-33-1
62	16731-79-6
62	19567-64-7
62	20471-73-2
62	20471-73-2
62	20661-21-6
62	20694-56-8
62	22398-80-7
62	22519-64-8
62	244274-11-1
62	247177-47-5
62	25114-58-3
62	25617-98-5
62	25954-72-7
62	26209-91-6
62	27765-48-6
62	3015-98-3
62	30734-38-4
62	32365-64-3
62	33836-96-3
62	3385-78-2
62	37257-75-3
62	37362-82-6
62	378253-33-9
62	378253-34-0
62	378759-60-5
62	378759-66-1
62	378759-77-4
62	378762-18-6
62	378789-47-0
62	40399-07-3
62	4194-69-8
62	50800-85-6
62	50814-97-6
62	50926-11-9
62	51341-34-5
62	52350-34-2
62	55326-87-9
62	56668-68-9
62	57344-73-7
62	59392-50-6
62	60459-04-3
62	60662-14-8
62	60815-94-3
62	62763-56-8
62	66027-93-8
62	66027-94-9
62	66525-54-0
62	67816-06-2
62	67906-11-0
62	68310-35-0
62	68611-66-5
62	69011-67-2
62	69029-48-7
62	69029-49-8
62	69029-56-7
62	69029-64-7
62	69029-69-2
62	69029-92-1
62	69375-27-5
62	71011-07-9
62	71243-84-0
62	71630-92-7
62	71747-80-3
62	7440-74-6
62	76129-48-1
62	7783-52-0
62	817163-79-4
62	84012-59-9
62	85307-36-4
62	87224-89-3
62	87224-90-6
62	90412-06-9
62	91078-80-7
62	91771-29-8
62	92274-82-3
62	923-34-2
62	94113-54-9
62	94233-20-2
62	94236-82-5
62	94236-83-6
62	94265-92-6
62	945764-31-8
62	RR-00600-8
62	RR-04097-1
62	RR-145905-8
63	1135584-95-0
63	16219-75-3
63	28304-66-7
63	28304-67-8
63	59006-74-5
63	62181-74-2
64	76578-14-8
65	1678-91-7
66	14698-29-4
67	1219016-21-3
67	1219027-51-6
67	1219027-52-7
67	19309-23-0
67	45236-69-9
67	68308-64-5
67	68308-67-8
67	68527-84-4
67	68648-47-5
67	84082-77-9
67	RR-190100-4
68	36335-67-8
69	2104-64-5
69	65580-79-2
69	65580-80-5
7	2439-35-2
7	254887-68-8
7	UN3302
70	155421-40-2
70	39336-60-2
70	40487-42-1
70	64667-17-0
70	64719-41-1
71	2212-67-1
72	83130-01-2
73	100-41-4
73	UN1175
74	98886-44-3
75	142175-32-4
75	184288-32-2
75	19034-08-3
75	37341-05-2
75	436859-78-8
75	75-21-8
75	99932-75-9
75	UN1040
76	110-80-5
76	96231-36-6
76	UN1171
77	107461-82-5
77	111-76-2
77	161279-90-9
78	109-86-4
78	UN1188
79	107-15-3
79	6780-13-8
79	8030-24-8
79	85404-18-8
79	UN1604
8	101360-15-0
8	104625-85-6
8	104922-39-6
8	105913-47-1
8	11132-69-7
8	118168-84-6
8	1243262-39-6
8	125857-68-3
8	125857-69-4
8	131094-47-8
8	1356242-46-0
8	1422717-48-3
8	1454600-56-6
8	1465827-28-4
8	1621008-43-2
8	1621388-50-8
8	1621388-51-9
8	165724-08-3
8	1663486-92-7
8	168564-56-5
8	169799-28-4
8	170473-89-9
8	174594-09-3
8	1802847-92-2
8	1854105-15-9
8	2015227-48-0
8	2055985-44-7
8	2080340-46-9
8	2169901-86-2
8	223508-97-2
8	2241078-05-5
8	230287-43-1
8	2650494-19-0
8	2946725-66-0
8	37241-23-9
8	39341-22-5
8	471251-42-0
8	51142-25-7
8	54578-44-8
8	54990-82-8
8	55492-72-3
8	56747-65-0
8	59233-19-1
8	597551-81-0
8	65742-16-7
8	71767-27-6
8	71767-28-7
8	746620-96-2
8	746620-98-4
8	81031-52-9
8	82446-45-5
8	82446-46-6
8	87913-02-8
8	88650-89-9
8	9003-01-4
8	925683-30-3
80	10378-22-0
80	10378-23-1
80	104244-09-9
80	1116-56-9
80	1236140-51-4
80	13235-36-4
80	13440-78-3
80	139-33-3
80	150-38-9
80	1586747-13-8
80	161122-33-4
80	17421-79-3
80	17572-97-3
80	1892-64-4
80	194491-31-1
80	2001-94-7
80	20539-27-9
80	25102-12-9
80	26627-46-3
80	30485-87-1
80	30485-88-2
80	30485-90-6
80	32757-10-1
80	37341-71-2
80	38568-23-9
80	402925-67-1
80	42615-28-1
80	50809-35-3
80	53404-51-6
80	5964-35-2
80	60-00-4
80	6381-92-6
80	64-02-8
80	65501-24-8
80	65501-25-9
80	67401-50-7
80	675141-16-9
80	69772-70-9
80	70699-53-5
80	7379-27-3
80	7379-28-4
80	8013-51-2
80	8014-66-2
80	8023-21-0
80	85715-60-2
80	94108-75-5
80	96420-48-3
80	97928-92-2
80	97928-93-3
81	11004-49-2
81	12125-33-6
81	12427-38-2
81	133317-06-3
81	20316-06-7
81	28355-56-8
81	301-03-1
81	UN2210
81	UN2968
82	12001-34-2
82	12122-67-7
82	12656-69-8
82	1338-87-0
82	14376-54-6
82	172672-41-2
82	39432-69-4
82	56532-43-5
82	62712-14-5
82	67071-60-7
82	75789-54-7
82	8018-01-7
82	8064-36-6
82	8065-67-6
82	8065-95-0
82	8069-51-0
82	84070-12-2
83	6385-62-2
83	85-00-7
84	105024-66-6
85	80844-07-1
86	106-89-8
86	109351-74-8
86	13403-37-7
86	36250-81-4
86	51594-55-9
86	67843-74-7
86	9009-12-5
86	UN2023
87	106-88-7
87	55555-96-9
87	UN3022
88	15448-47-2
88	16033-71-9
88	16088-62-3
88	75-56-9
88	UN1280
89	1002-69-3
89	102736-13-0
89	104948-36-9
89	108171-26-2
89	108688-63-7
89	11098-33-2
89	112-52-7
89	18993-26-5
89	2162-98-3
89	219697-10-6
89	219697-11-7
89	221174-07-8
89	2350-11-0
89	2473-03-2
89	276673-33-7
89	34214-82-9
89	36312-81-9
89	37187-40-9
89	38605-30-0
89	39279-65-7
89	39406-09-2
89	39444-36-5
89	43090-85-3
89	4325-51-3
89	50646-90-7
89	51990-12-6
89	52276-52-5
89	52555-47-2
89	52622-66-9
89	52677-73-3
89	52677-74-4
89	52677-75-5
89	53028-59-4
89	53028-60-7
89	53200-35-4
89	54059-75-5
89	54577-71-8
89	55353-50-9
89	56509-64-9
89	56730-95-1
89	58516-52-2
89	601523-20-0
89	601523-25-5
89	60202-64-4
89	61539-83-1
89	63449-39-8
89	63981-28-2
89	65950-04-1
89	66746-35-8
89	67282-23-9
89	68920-70-7
89	68938-43-2
89	71011-12-6
89	75458-21-8
89	8029-39-8
89	822-13-9
89	84082-38-2
89	84776-06-7
89	85422-92-0
89	85535-84-8
89	85536-22-7
89	85681-73-8
89	97553-43-0
89	97659-46-6
9	126492-54-4
9	141-32-2
9	1453490-09-9
9	220713-31-5
90	1002-69-3
90	102736-13-0
90	11104-09-9
90	112-52-7
90	12633-77-1
90	188265-19-2
90	2162-98-3
90	23010-35-7
90	2350-11-0
90	2425-54-9
90	2473-03-2
90	34214-82-9
90	34214-86-3
90	34942-43-3
90	38605-30-0
90	3922-24-5
90	3922-26-7
90	3922-36-9
90	43090-85-3
90	4325-51-3
90	4860-03-1
90	4862-03-7
90	51059-93-9
90	51191-27-6
90	53572-39-7
90	54059-75-5
90	61539-83-1
90	61788-76-9
90	62016-75-5
90	62016-82-4
90	65950-04-1
90	67282-23-9
90	69430-53-1
90	75458-21-8
90	822-13-9
90	85049-26-9
90	85535-85-9
90	85535-86-0
90	900167-11-5
90	RR-126133-2
90	RR-190088-5
91	11096-45-0
91	3811-04-9
91	38869-73-7
91	38869-74-8
91	7775-09-9
91	7790-93-4
91	UN1485
91	UN1495
91	UN2427
91	UN2428
91	UN2626
92	106-02-5
92	81031-90-5
93	130256-60-9
93	1309923-74-7
93	1327562-35-5
93	158516-79-1
93	162430-36-6
93	172672-50-3
93	470676-56-3
93	52737-96-9
93	54578-37-9
93	72514-48-8
93	80-51-3
93	81775-94-2
93	88528-25-0
94	100295-82-7
94	100295-82-7
94	100295-83-8
94	100295-83-8
94	100431-82-1
94	100431-82-1
94	100431-82-1
94	100431-87-6
94	100431-87-6
94	100431-87-6
94	100483-74-7
94	100483-74-7
94	100508-45-0
94	100757-71-9
94	100757-71-9
94	100833-63-4
94	100833-63-4
94	101181-74-2
94	10143-20-1
94	10143-23-4
94	10143-23-4
94	10202-77-4
94	10202-77-4
94	10203-28-8
94	10203-28-8
94	10203-30-2
94	10203-30-2
94	10203-32-4
94	10203-32-4
94	10203-33-5
94	10203-33-5
94	102680-34-2
94	10289-68-6
94	102968-75-2
94	102968-75-2
94	102968-76-3
94	102968-76-3
94	103-08-2
94	103-08-2
94	103-20-8
94	103088-91-1
94	103088-92-2
94	103184-98-1
94	103184-98-1
94	103184-98-1
94	103184-99-2
94	103184-99-2
94	103184-99-2
94	103227-60-7
94	103360-63-0
94	104-76-7
94	104-76-7
94	104-76-7
94	105-30-6
94	105-30-6
94	10522-26-6
94	10522-26-6
94	10524-70-6
94	10524-70-6
94	10524-70-6
94	10524-71-7
94	10524-71-7
94	10524-71-7
94	105485-69-6
94	105485-69-6
94	10575-56-1
94	10575-56-1
94	10575-56-1
94	106-67-2
94	106-67-2
94	106-67-2
94	106593-58-2
94	106593-58-2
94	1070-32-2
94	1070-32-2
94	1070-32-2
94	107494-37-1
94	107494-37-1
94	108-11-2
94	108-11-2
94	108-82-7
94	108-82-7
94	108-82-7
94	108393-72-2
94	108393-72-2
94	108439-06-1
94	108439-06-1
94	108448-40-4
94	108448-40-4
94	108530-04-7
94	108530-04-7
94	110225-00-8
94	111-27-3
94	111-27-3
94	111-70-6
94	111-70-6
94	111-87-5
94	111675-51-5
94	111675-51-5
94	111675-51-5
94	111675-55-9
94	111675-55-9
94	111675-55-9
94	111675-56-0
94	111675-56-0
94	111675-56-0
94	111675-61-7
94	111675-61-7
94	111675-61-7
94	111675-63-9
94	111675-63-9
94	111675-63-9
94	111675-69-5
94	111675-69-5
94	111675-69-5
94	111675-75-3
94	111675-75-3
94	111675-75-3
94	111675-76-4
94	111675-76-4
94	111675-76-4
94	111675-78-6
94	111675-78-6
94	111675-79-7
94	111675-79-7
94	111767-96-5
94	111767-96-5
94	111767-98-7
94	111767-98-7
94	111767-99-8
94	111767-99-8
94	111768-00-4
94	111768-00-4
94	111768-01-5
94	111768-01-5
94	111768-02-6
94	111768-02-6
94	111768-03-7
94	111768-03-7
94	111768-04-8
94	111768-04-8
94	111768-05-9
94	111768-05-9
94	111768-06-0
94	111768-06-0
94	111768-08-2
94	111768-08-2
94	111768-09-3
94	111768-09-3
94	111774-57-3
94	111774-57-3
94	111774-57-3
94	112-42-5
94	112-42-5
94	112-70-9
94	112-72-1
94	112-92-5
94	113298-92-3
94	113298-92-3
94	115182-86-0
94	115182-86-0
94	115182-86-0
94	115667-95-3
94	115667-95-3
94	118447-53-3
94	118447-53-3
94	118492-13-0
94	118492-13-0
94	118492-13-0
94	1185-33-7
94	1185-33-7
94	120837-26-5
94	120837-26-5
94	120837-26-5
94	123-17-1
94	123-17-1
94	123-24-0
94	123-44-4
94	123-44-4
94	123-44-4
94	123-96-6
94	123-96-6
94	123-96-6
94	124702-95-0
94	124702-95-0
94	128441-03-2
94	128441-03-2
94	128441-03-2
94	13023-60-4
94	13023-60-4
94	13023-60-4
94	130322-50-8
94	130322-50-8
94	130322-50-8
94	1320-98-5
94	1320-98-5
94	13231-81-7
94	13231-81-7
94	13254-34-7
94	13254-34-7
94	13254-34-7
94	1331-39-1
94	1331-39-1
94	1331-39-1
94	1331-40-4
94	1331-40-4
94	1331-40-4
94	13332-16-6
94	13332-16-6
94	13332-29-1
94	13332-29-1
94	1336-11-4
94	1336-11-4
94	1336-11-4
94	13432-25-2
94	13432-25-2
94	13432-25-2
94	13471-42-6
94	13471-42-6
94	134766-55-5
94	134766-55-5
94	13501-73-0
94	13501-73-0
94	13501-73-0
94	137008-30-1
94	137008-30-1
94	137008-38-9
94	137008-38-9
94	13848-60-7
94	13848-60-7
94	14202-62-1
94	14202-62-1
94	14202-62-1
94	14250-79-4
94	14250-79-4
94	14250-79-4
94	14250-80-7
94	14250-80-7
94	143819-62-9
94	143819-62-9
94	14499-84-4
94	14499-84-4
94	1454-85-9
94	14609-79-1
94	14609-79-1
94	14609-79-1
94	1484-87-3
94	1484-87-3
94	1484-87-3
94	14852-31-4
94	14898-80-7
94	14898-80-7
94	14979-39-6
94	14979-39-6
94	14979-39-6
94	1502-68-7
94	1502-68-7
94	1502-92-7
94	1502-92-7
94	1502-93-8
94	1502-93-8
94	1502-94-9
94	1502-94-9
94	15071-36-0
94	15071-36-0
94	1517-67-5
94	1517-67-5
94	1561-17-7
94	1561-17-7
94	1572-96-9
94	1572-96-9
94	1573-28-0
94	1573-28-0
94	1573-28-0
94	160611-14-3
94	16325-63-6
94	16325-63-6
94	16325-63-6
94	16404-54-9
94	16404-54-9
94	1653-30-1
94	1653-30-1
94	1653-31-2
94	1653-33-4
94	1653-34-5
94	1653-35-6
94	1653-37-8
94	1653-40-3
94	1653-40-3
94	1653-40-3
94	1656-06-0
94	1656-06-0
94	16651-60-8
94	16651-60-8
94	16813-18-6
94	17015-11-1
94	17015-11-1
94	17092-41-0
94	17092-41-0
94	17092-42-1
94	17092-42-1
94	17092-54-5
94	17092-54-5
94	1767-46-0
94	1767-46-0
94	17670-90-5
94	17687-70-6
94	17687-71-7
94	18352-67-5
94	18352-67-5
94	18352-71-1
94	18352-71-1
94	18371-13-6
94	18371-13-6
94	1838-73-9
94	1838-73-9
94	1838-73-9
94	18450-73-2
94	18450-73-2
94	18450-73-2
94	18450-74-3
94	18450-74-3
94	18450-74-3
94	18593-91-4
94	18593-91-4
94	18593-91-4
94	18593-92-5
94	18593-92-5
94	18593-92-5
94	18675-24-6
94	18675-24-6
94	18720-62-2
94	18720-62-2
94	18720-62-2
94	18720-65-5
94	18720-65-5
94	18720-65-5
94	18720-66-6
94	18720-66-6
94	18720-66-6
94	19113-77-0
94	19113-77-0
94	19113-77-0
94	19138-83-1
94	19138-83-1
94	19264-94-9
94	19264-94-9
94	19411-41-7
94	19411-41-7
94	19411-41-7
94	19549-70-3
94	19549-70-3
94	19549-70-3
94	19549-71-4
94	19549-71-4
94	19549-71-4
94	19549-72-5
94	19549-72-5
94	19549-72-5
94	19549-73-6
94	19549-73-6
94	19549-73-6
94	19549-77-0
94	19549-77-0
94	19549-77-0
94	19549-79-2
94	19549-79-2
94	19549-79-2
94	19550-02-8
94	19550-02-8
94	19550-02-8
94	19550-03-9
94	19550-03-9
94	19550-03-9
94	19550-07-3
94	19550-07-3
94	19550-07-3
94	19550-08-4
94	19550-08-4
94	19550-08-4
94	19550-30-2
94	19550-30-2
94	19780-31-5
94	19780-31-5
94	19780-40-6
94	19780-40-6
94	19780-40-6
94	19780-41-7
94	19780-41-7
94	19780-41-7
94	19780-42-8
94	19780-42-8
94	19780-42-8
94	19780-44-0
94	19780-44-0
94	19780-44-0
94	19781-12-5
94	19781-12-5
94	19781-24-9
94	19781-24-9
94	19781-43-2
94	19781-83-0
94	19965-71-0
94	19965-71-0
94	20180-66-9
94	20180-66-9
94	20194-45-0
94	20194-45-0
94	20194-48-3
94	20281-83-8
94	20281-83-8
94	20281-85-0
94	20281-85-0
94	20281-86-1
94	20281-86-1
94	20281-88-3
94	20281-88-3
94	20281-90-7
94	20281-90-7
94	20281-91-8
94	20281-91-8
94	20680-53-9
94	20680-53-9
94	20680-54-0
94	20818-95-5
94	21078-65-9
94	21078-65-9
94	21078-68-2
94	21078-68-2
94	21078-80-8
94	21078-80-8
94	21078-83-1
94	21078-85-3
94	21078-87-5
94	21078-88-6
94	21102-09-0
94	21102-09-0
94	21102-09-0
94	21102-10-3
94	21102-10-3
94	21102-10-3
94	21102-12-5
94	21102-12-5
94	21102-12-5
94	21102-13-6
94	21102-13-6
94	21102-13-6
94	21242-50-2
94	21242-50-2
94	21242-50-2
94	21570-35-4
94	21570-35-4
94	21570-35-4
94	21964-39-6
94	21974-97-0
94	21987-23-5
94	22025-20-3
94	22025-20-3
94	22025-20-3
94	220713-26-8
94	22417-49-8
94	22417-49-8
94	22418-70-8
94	22418-70-8
94	22469-65-4
94	22658-92-0
94	22658-92-0
94	22658-92-0
94	22663-61-2
94	2313-61-3
94	2313-61-3
94	2313-65-7
94	2313-65-7
94	23171-85-9
94	23171-85-9
94	23171-85-9
94	23418-37-3
94	23418-37-3
94	23418-37-3
94	2370-12-9
94	2370-12-9
94	2370-13-0
94	2370-13-0
94	2370-13-0
94	2370-15-2
94	2370-15-2
94	23708-56-7
94	23708-56-7
94	2425-77-6
94	2430-22-0
94	2430-22-0
94	2430-22-0
94	24448-19-9
94	24448-19-9
94	24448-19-9
94	2490-09-7
94	2490-10-0
94	2490-11-1
94	2490-40-6
94	2490-41-7
94	2490-42-8
94	2490-43-9
94	2490-44-0
94	2490-45-1
94	2490-47-3
94	2490-48-4
94	25237-85-8
94	25237-85-8
94	25339-16-6
94	25339-16-6
94	25339-16-6
94	25354-98-7
94	25354-99-8
94	25355-00-4
94	25355-02-6
94	25355-03-7
94	2541-75-5
94	25428-98-2
94	25428-98-2
94	25452-34-0
94	25452-35-1
94	25452-36-2
94	25564-53-8
94	25564-53-8
94	25564-57-2
94	25564-57-2
94	25564-59-4
94	25564-59-4
94	25564-62-9
94	25564-62-9
94	25570-11-0
94	25570-11-0
94	25917-35-5
94	25917-35-5
94	25966-64-7
94	25966-64-7
94	25966-65-8
94	26073-23-4
94	26209-94-9
94	26209-94-9
94	26215-92-9
94	26248-42-0
94	26330-76-7
94	26330-76-7
94	26401-20-7
94	26401-20-7
94	26432-14-4
94	26432-15-5
94	26533-34-6
94	26533-34-6
94	26533-34-6
94	26533-35-7
94	26533-35-7
94	26533-35-7
94	26549-24-6
94	26549-24-6
94	26549-25-7
94	26549-25-7
94	26549-26-8
94	26549-26-8
94	26549-26-8
94	26762-44-7
94	26952-21-6
94	26952-21-6
94	26952-21-6
94	27243-09-0
94	27243-09-0
94	27243-10-3
94	27243-10-3
94	27458-92-0
94	27458-93-1
94	27458-94-2
94	27458-94-2
94	27458-94-2
94	27522-11-8
94	27522-11-8
94	27644-49-1
94	27644-49-1
94	27644-49-1
94	27649-34-9
94	27649-34-9
94	27649-36-1
94	27649-36-1
94	2768-12-9
94	2768-12-9
94	2768-12-9
94	2768-18-5
94	2768-18-5
94	2768-18-5
94	28339-05-1
94	28339-05-1
94	286012-97-3
94	28929-85-3
94	28929-85-3
94	28929-86-4
94	28929-86-4
94	29354-98-1
94	29678-31-7
94	29678-33-9
94	29772-39-2
94	29772-39-2
94	29772-39-2
94	29835-44-7
94	29835-44-7
94	3054-92-0
94	3054-92-0
94	3054-92-0
94	3121-79-7
94	3121-79-7
94	31271-00-8
94	31271-00-8
94	31334-78-8
94	31334-80-2
94	31367-46-1
94	31367-46-1
94	31367-46-1
94	31389-11-4
94	31841-58-4
94	31841-58-4
94	31841-74-4
94	31841-77-7
94	31841-77-7
94	31841-77-7
94	321901-80-8
94	321901-80-8
94	32444-34-1
94	32444-34-1
94	32579-68-3
94	32579-68-3
94	32579-69-4
94	32579-69-4
94	32579-70-7
94	32836-42-3
94	32836-42-3
94	33933-77-6
94	33933-77-6
94	33933-77-6
94	33933-80-1
94	33933-80-1
94	33943-21-4
94	33943-21-4
94	33943-21-4
94	3396-02-9
94	3396-02-9
94	33969-59-4
94	33969-59-4
94	33978-71-1
94	33978-71-1
94	34197-82-5
94	34197-82-5
94	3452-97-9
94	3452-97-9
94	3452-97-9
94	34760-18-4
94	35119-84-7
94	35119-84-7
94	35177-29-8
94	3525-25-5
94	3525-25-5
94	3525-25-5
94	36311-34-9
94	36400-98-3
94	36653-82-4
94	36794-64-6
94	36794-64-6
94	3730-60-7
94	3730-60-7
94	3730-60-7
94	37490-40-7
94	37493-70-2
94	37493-70-2
94	37769-60-1
94	37769-60-1
94	37849-30-2
94	37849-30-2
94	38206-58-5
94	38206-58-5
94	38395-41-4
94	38443-88-8
94	38514-02-2
94	38514-02-2
94	38514-02-2
94	38514-03-3
94	38514-03-3
94	38514-03-3
94	38514-04-4
94	38514-04-4
94	38514-04-4
94	38514-05-5
94	38514-05-5
94	38514-05-5
94	38514-11-3
94	38514-11-3
94	38514-12-4
94	38514-12-4
94	38514-13-5
94	38514-13-5
94	38514-13-5
94	38514-14-6
94	38514-14-6
94	38514-14-6
94	38636-36-1
94	38636-36-1
94	38713-13-2
94	39003-07-1
94	39003-07-1
94	39106-92-8
94	39106-92-8
94	3913-02-8
94	3913-02-8
94	3965-59-1
94	3965-59-1
94	3965-59-1
94	3970-59-0
94	3970-59-0
94	3970-59-0
94	3970-62-5
94	3970-62-5
94	40225-75-0
94	40225-75-0
94	40225-75-0
94	40435-42-5
94	40435-42-5
94	40435-42-5
94	40589-16-0
94	40589-16-0
94	40853-58-5
94	40853-58-5
94	41065-95-6
94	41065-95-6
94	41065-95-6
94	41096-61-1
94	41096-61-1
94	4128-31-8
94	4128-31-8
94	4128-31-8
94	4131-80-0
94	4131-80-0
94	4166-46-5
94	4166-46-5
94	4166-46-5
94	41744-75-6
94	41746-85-4
94	41746-85-4
94	41902-42-5
94	42072-39-9
94	42072-39-9
94	42072-62-8
94	42072-62-8
94	4209-90-9
94	4209-90-9
94	4209-90-9
94	4209-91-0
94	4209-91-0
94	4209-91-0
94	42184-01-0
94	42328-76-7
94	42328-76-7
94	42328-76-7
94	4272-06-4
94	4272-06-4
94	42763-52-0
94	42842-12-6
94	42842-12-6
94	42842-13-7
94	42842-13-7
94	42928-45-0
94	42928-47-2
94	42930-67-6
94	45235-48-1
94	464-07-3
94	464-07-3
94	4706-81-4
94	4730-22-7
94	4730-22-7
94	4730-22-7
94	4911-70-0
94	4911-70-0
94	4989-79-1
94	4989-79-1
94	51079-52-8
94	51079-52-8
94	51079-52-8
94	5108-33-8
94	51166-20-2
94	51174-83-5
94	51174-83-5
94	51174-83-5
94	51200-80-7
94	51200-80-7
94	51200-80-7
94	51200-84-1
94	51200-84-1
94	51246-24-3
94	51246-24-3
94	51246-25-4
94	51246-25-4
94	51246-26-5
94	51260-59-4
94	51552-64-8
94	51552-64-8
94	5162-48-1
94	5162-48-1
94	5162-48-1
94	51655-55-1
94	51655-55-1
94	51655-56-2
94	51655-56-2
94	51655-57-3
94	51655-60-8
94	51655-63-1
94	51750-47-1
94	51750-47-1
94	51774-11-9
94	51774-11-9
94	51864-91-6
94	51864-91-6
94	51864-91-6
94	51864-92-7
94	51864-92-7
94	51864-93-8
94	51864-93-8
94	52019-78-0
94	52019-78-0
94	52356-02-2
94	52356-02-2
94	52356-02-2
94	52783-44-5
94	52788-59-7
94	53151-79-4
94	53151-79-4
94	53151-79-4
94	5331-63-5
94	5333-44-8
94	5333-48-2
94	53353-04-1
94	53353-04-1
94	53398-71-3
94	53398-71-3
94	5340-31-8
94	5340-31-8
94	5340-35-2
94	5340-35-2
94	5340-36-3
94	5340-36-3
94	5340-36-3
94	5340-41-0
94	5340-41-0
94	5340-41-0
94	5340-51-2
94	5340-51-2
94	5340-52-3
94	5340-52-3
94	5340-80-7
94	54004-41-0
94	54004-41-0
94	54004-41-0
94	54206-54-1
94	54206-54-1
94	543-49-7
94	543-49-7
94	54322-29-1
94	54322-29-1
94	54381-03-2
94	54381-04-3
94	54381-04-3
94	54460-99-0
94	54460-99-0
94	54461-00-6
94	54461-00-6
94	5457-42-1
94	5457-42-1
94	54630-50-1
94	54630-50-1
94	54630-50-1
94	54712-26-4
94	54712-26-4
94	54774-83-3
94	54774-83-3
94	54775-01-8
94	54775-01-8
94	54972-97-3
94	54972-97-3
94	55110-82-2
94	55310-58-2
94	55310-58-2
94	55310-58-2
94	55310-59-3
94	55310-59-3
94	55310-59-3
94	55310-60-6
94	55310-60-6
94	55310-60-6
94	55310-61-7
94	55310-61-7
94	55310-61-7
94	55505-23-2
94	55505-23-2
94	55505-24-3
94	55505-24-3
94	55505-24-3
94	55505-28-7
94	55505-28-7
94	55505-29-8
94	55505-29-8
94	55505-33-4
94	55505-34-5
94	55505-34-5
94	55505-34-5
94	55514-25-5
94	55514-25-5
94	55719-99-8
94	55719-99-8
94	55719-99-8
94	55720-01-9
94	55720-01-9
94	55720-04-2
94	55720-04-2
94	55720-04-2
94	55816-17-6
94	55816-17-6
94	5582-82-1
94	5582-82-1
94	5582-82-1
94	56065-39-5
94	56065-39-5
94	56298-90-9
94	56298-90-9
94	56298-90-9
94	56314-72-8
94	56314-72-8
94	56314-73-9
94	56314-73-9
94	56314-74-0
94	56314-74-0
94	56314-75-1
94	56314-75-1
94	56314-76-2
94	56314-77-3
94	565-60-6
94	565-60-6
94	565-67-3
94	565-67-3
94	56846-92-5
94	56846-93-6
94	56973-28-5
94	56973-28-5
94	57233-26-8
94	57233-26-8
94	57233-29-1
94	57233-29-1
94	57233-32-6
94	57233-32-6
94	57289-07-3
94	57409-53-7
94	57409-53-7
94	57409-53-7
94	57630-25-8
94	57630-25-8
94	57630-25-8
94	5770-03-6
94	58175-57-8
94	58175-57-8
94	58175-57-8
94	58242-80-1
94	58242-80-1
94	58524-92-8
94	58783-82-7
94	58795-24-7
94	58795-24-7
94	58795-24-7
94	589-35-5
94	589-35-5
94	589-55-9
94	589-55-9
94	589-62-8
94	589-62-8
94	589-62-8
94	589-82-2
94	589-82-2
94	589-98-0
94	589-98-0
94	589-98-0
94	590-36-3
94	590-36-3
94	59056-73-4
94	591-70-8
94	591-72-0
94	591-73-1
94	59117-31-6
94	59117-31-6
94	59156-74-0
94	59156-75-1
94	59156-76-2
94	59222-84-3
94	593-03-3
94	593-32-8
94	5932-79-6
94	5932-79-6
94	5932-79-6
94	594-60-5
94	594-60-5
94	594-83-2
94	594-83-2
94	595-41-5
94	595-41-5
94	597-05-7
94	597-05-7
94	597-05-7
94	597-49-9
94	597-49-9
94	597-76-2
94	597-76-2
94	597-76-2
94	597-90-0
94	597-90-0
94	597-90-0
94	597-93-3
94	597-96-6
94	597-96-6
94	5970-63-8
94	5970-63-8
94	5970-63-8
94	59734-23-5
94	59734-23-5
94	59734-23-5
94	5978-70-1
94	5978-70-1
94	5978-70-1
94	598-01-6
94	598-01-6
94	598-01-6
94	600-36-2
94	600-36-2
94	60129-23-9
94	60129-24-0
94	6033-23-4
94	6033-23-4
94	6033-24-5
94	6033-24-5
94	60435-70-3
94	60435-70-3
94	60435-70-3
94	60564-75-2
94	60564-75-2
94	60564-76-3
94	60564-76-3
94	60564-76-3
94	60564-77-4
94	60564-77-4
94	60564-78-5
94	60564-78-5
94	60564-78-5
94	60564-79-6
94	60564-79-6
94	60671-33-2
94	60671-33-2
94	60671-34-3
94	60671-34-3
94	60671-35-4
94	60671-36-5
94	60671-36-5
94	60671-37-6
94	60671-37-6
94	609-27-8
94	609-27-8
94	61169-84-4
94	61169-84-4
94	61169-84-4
94	61184-91-6
94	61184-91-6
94	61184-92-7
94	61184-92-7
94	6144-93-0
94	6144-93-0
94	615-29-2
94	615-29-2
94	6169-06-8
94	6169-06-8
94	6169-06-8
94	617-29-8
94	617-29-8
94	61838-24-2
94	61838-24-2
94	61949-26-6
94	61949-26-6
94	61973-86-2
94	6210-51-1
94	6210-51-1
94	62101-31-9
94	62101-32-0
94	62101-33-1
94	623-37-0
94	623-37-0
94	623-55-2
94	623-55-2
94	623-93-8
94	623-93-8
94	623-93-8
94	624-08-8
94	624-22-6
94	624-22-6
94	624-51-1
94	624-51-1
94	624-51-1
94	624-95-3
94	624-95-3
94	625-06-9
94	625-06-9
94	625-23-0
94	625-23-0
94	625-25-2
94	625-25-2
94	625-25-2
94	626-89-1
94	626-89-1
94	626-93-7
94	626-93-7
94	627-59-8
94	627-59-8
94	627-98-5
94	627-98-5
94	62701-49-9
94	62701-49-9
94	628-44-4
94	628-44-4
94	628-44-4
94	628-99-9
94	628-99-9
94	628-99-9
94	629-76-5
94	62958-39-8
94	62958-39-8
94	62958-40-1
94	62958-41-2
94	6305-71-1
94	6305-71-1
94	63067-46-9
94	63067-47-0
94	63126-08-9
94	63126-08-9
94	63126-08-9
94	6345-85-3
94	6345-85-3
94	63707-89-1
94	63707-89-1
94	63707-89-1
94	63707-90-4
94	63707-90-4
94	63707-90-4
94	63730-39-2
94	63730-39-2
94	63730-39-2
94	63782-91-2
94	63782-91-2
94	63782-91-2
94	63814-74-4
94	63814-74-4
94	64029-94-3
94	64029-94-3
94	64502-86-9
94	64502-86-9
94	6481-95-4
94	6481-95-4
94	6481-95-4
94	65502-58-1
94	65502-58-1
94	65502-58-1
94	65502-61-6
94	65502-61-6
94	65502-61-6
94	6570-87-2
94	6570-87-2
94	65769-10-0
94	65769-10-0
94	65769-10-0
94	65822-93-7
94	65822-93-7
94	65822-93-7
94	65927-60-8
94	65927-60-8
94	65927-60-8
94	66050-98-4
94	66050-98-4
94	66050-99-5
94	66050-99-5
94	66225-51-2
94	66225-51-2
94	66283-22-5
94	66283-22-5
94	66283-22-5
94	6632-94-6
94	6632-94-6
94	66534-89-2
94	66534-89-2
94	66576-24-7
94	66576-24-7
94	66576-24-7
94	66576-25-8
94	66576-25-8
94	66576-25-8
94	66576-34-9
94	66576-34-9
94	66576-34-9
94	66576-35-0
94	66576-35-0
94	66576-35-0
94	66576-55-4
94	66576-55-4
94	66576-55-4
94	66576-56-5
94	66576-56-5
94	66576-56-5
94	66576-57-6
94	66576-57-6
94	66576-57-6
94	66605-94-5
94	66793-71-3
94	66793-71-3
94	66793-71-3
94	66793-73-5
94	66793-73-5
94	66793-73-5
94	66793-84-8
94	66793-84-8
94	66793-84-8
94	66794-05-6
94	66794-05-6
94	66794-05-6
94	66810-87-5
94	66810-87-5
94	66810-87-5
94	67245-18-5
94	67253-82-1
94	67253-83-2
94	67253-84-3
94	67315-12-2
94	67468-87-5
94	67468-87-5
94	67468-87-5
94	67647-32-9
94	67826-97-5
94	67826-97-5
94	68066-05-7
94	68083-56-7
94	68083-56-7
94	6836-38-0
94	6836-38-0
94	6836-40-4
94	68509-47-7
94	68509-47-7
94	68509-47-7
94	68509-48-8
94	68509-48-8
94	68509-48-8
94	68551-07-5
94	68573-13-7
94	68573-13-7
94	68573-14-8
94	68573-14-8
94	68603-15-6
94	6886-16-4
94	6886-16-4
94	6886-16-4
94	690-37-9
94	690-37-9
94	690-37-9
94	69085-58-1
94	69106-31-6
94	6929-08-4
94	6929-08-4
94	69341-45-3
94	69341-47-5
94	69341-48-6
94	69729-17-5
94	69798-78-3
94	69798-78-3
94	69798-79-4
94	69798-79-4
94	69897-43-4
94	69897-43-4
94	70076-05-0
94	70076-05-0
94	70076-05-0
94	70178-78-8
94	70178-78-8
94	70178-79-9
94	70214-69-6
94	70214-69-6
94	70214-77-6
94	70214-77-6
94	70224-28-1
94	70224-28-1
94	70358-78-0
94	70358-78-0
94	70358-81-5
94	70358-81-5
94	70358-83-7
94	70358-83-7
94	70358-86-0
94	70358-86-0
94	70358-89-3
94	70358-89-3
94	70492-65-8
94	70492-65-8
94	70492-66-9
94	70492-66-9
94	70492-66-9
94	71076-86-3
94	71526-27-7
94	71526-27-7
94	71612-12-9
94	71612-12-9
94	71621-77-7
94	71621-77-7
94	7212-53-5
94	7212-53-5
94	7212-53-5
94	72420-72-5
94	7278-65-1
94	7294-05-5
94	7294-05-5
94	7294-05-5
94	73010-88-5
94	73010-88-5
94	73105-71-2
94	73105-71-2
94	73105-79-0
94	73176-98-4
94	73176-98-4
94	73176-99-5
94	73176-99-5
94	73177-00-1
94	73177-00-1
94	73177-00-1
94	73177-01-2
94	73177-01-2
94	73177-01-2
94	7399-24-8
94	7399-24-8
94	74356-31-3
94	74356-31-3
94	74497-29-3
94	74497-29-3
94	75935-83-0
94	75935-83-0
94	76144-88-2
94	76144-88-2
94	77-74-7
94	77-74-7
94	77606-45-2
94	77861-53-1
94	79090-61-2
94	79090-61-2
94	79092-28-7
94	79092-28-7
94	79147-59-4
94	79147-60-7
94	79237-71-1
94	79237-71-1
94	79565-94-9
94	79565-95-0
94	79565-96-1
94	79827-42-2
94	79956-98-2
94	79956-98-2
94	80192-55-8
94	80192-55-8
94	80350-64-7
94	80513-04-8
94	80513-04-8
94	80513-04-8
94	81120-76-5
94	81120-76-5
94	81120-76-5
94	81540-78-5
94	81540-79-6
94	817-46-9
94	817-46-9
94	817-46-9
94	817-60-7
94	817-60-7
94	817-60-7
94	817-91-4
94	817-91-4
94	817-91-4
94	818-49-5
94	818-49-5
94	818-81-5
94	818-81-5
94	818-81-5
94	820-05-3
94	820-05-3
94	820-05-3
94	82147-24-8
94	82147-24-8
94	82409-90-3
94	82409-93-6
94	82409-97-0
94	82409-98-1
94	82409-99-2
94	82410-00-2
94	82749-46-0
94	82749-46-0
94	82749-47-1
94	82749-47-1
94	82749-48-2
94	82749-48-2
94	82749-48-2
94	82749-49-3
94	82749-49-3
94	82749-49-3
94	82749-56-2
94	82749-56-2
94	82749-57-3
94	82749-57-3
94	83377-04-2
94	83474-29-7
94	83474-29-7
94	83615-50-3
94	83615-50-3
94	83995-48-6
94	84110-44-1
94	84110-44-1
94	84161-82-0
94	84534-30-5
94	84567-94-2
94	84567-94-2
94	84621-65-8
94	84621-66-9
94	84709-54-6
94	84709-54-6
94	84709-54-6
94	84709-55-7
94	84709-55-7
94	84709-55-7
94	85508-26-5
94	85508-26-5
94	85617-05-6
94	85617-05-6
94	85712-03-4
94	85712-03-4
94	85712-03-4
94	85712-04-5
94	85712-04-5
94	85712-04-5
94	85712-05-6
94	85712-05-6
94	85712-05-6
94	85712-06-7
94	85712-06-7
94	85712-06-7
94	85763-57-1
94	86423-92-9
94	86423-92-9
94	86470-30-6
94	86470-30-6
94	86571-36-0
94	86571-36-0
94	86571-36-0
94	86571-37-1
94	86571-37-1
94	86571-37-1
94	86606-51-1
94	86606-51-1
94	86693-68-7
94	86693-68-7
94	86883-86-5
94	87118-42-1
94	87118-42-1
94	87118-95-4
94	87118-95-4
94	87187-88-0
94	87187-89-1
94	87187-91-5
94	87189-78-4
94	87189-78-4
94	87247-05-0
94	87247-09-4
94	87247-10-7
94	87247-11-8
94	87247-18-5
94	87247-18-5
94	87247-18-5
94	87247-19-6
94	87247-19-6
94	87247-19-6
94	87247-28-7
94	87247-29-8
94	87247-30-1
94	87247-31-2
94	87247-32-3
94	87247-33-4
94	87247-34-5
94	87247-35-6
94	87383-16-2
94	87383-16-2
94	87383-17-3
94	87383-17-3
94	87383-18-4
94	87383-18-4
94	87383-23-1
94	88331-26-4
94	88331-26-4
94	88776-42-5
94	88776-42-5
94	89051-70-7
94	89051-74-1
94	89051-78-5
94	90105-24-1
94	90365-63-2
94	90365-63-2
94	90365-63-2
94	90663-74-4
94	90670-72-7
94	90670-72-7
94	90835-17-9
94	90835-18-0
94	90835-19-1
94	90835-23-7
94	90835-25-9
94	90835-25-9
94	90835-37-3
94	90835-38-4
94	90835-39-5
94	91681-57-1
94	91681-57-1
94	92180-57-9
94	92180-58-0
94	92340-81-3
94	92340-81-3
94	92353-15-6
94	92353-16-7
94	92353-17-8
94	927-45-7
94	92737-90-1
94	92737-90-1
94	92737-90-1
94	92737-91-2
94	92737-91-2
94	92737-91-2
94	93031-21-1
94	93031-21-1
94	93031-21-1
94	93031-23-3
94	93031-23-3
94	93031-24-4
94	93031-24-4
94	93031-25-5
94	93031-25-5
94	93031-25-5
94	93031-27-7
94	93031-27-7
94	93175-65-6
94	93704-22-4
94	93704-23-5
94	93862-10-3
94	93862-10-3
94	93862-10-3
94	94021-93-9
94	94021-94-0
94	95461-60-2
94	95461-60-2
94	95461-60-2
94	97-95-0
94	97-95-0
94	97097-70-6
94	97235-27-3
94	97235-27-3
94	97752-24-4
94	97752-25-5
94	97845-27-7
94	97915-30-5
94	97994-56-4
94	97994-56-4
94	98757-89-2
94	98757-89-2
94	98757-89-2
94	98811-97-3
94	98982-97-9
94	98982-97-9
94	98982-97-9
94	99164-04-2
94	99164-04-2
94	99210-87-4
94	99210-87-4
94	99210-88-5
94	99210-89-6
94	99427-18-6
94	99427-18-6
94	99427-18-6
94	99521-77-4
94	99602-93-4
94	99602-93-4
94	99745-76-3
94	99745-76-3
94	99943-33-6
95	117964-21-3
95	1240017-47-3
95	32536-52-0
95	337513-72-1
95	446255-38-5
95	446255-39-6
95	446255-42-1
95	446255-43-2
95	446255-46-5
95	446255-50-1
95	446255-54-5
95	446255-56-7
95	56958-48-6
95	67797-09-5
95	85446-17-9
96	104986-37-0
96	117563-66-3
96	1257661-59-8
96	556-67-2
96	83874-62-8
97	10034-81-8
97	101200-37-7
97	102278-63-7
97	106644-01-3
97	111341-24-3
97	1124383-17-0
97	1189671-44-0
97	119630-46-5
97	13446-19-0
97	13453-78-6
97	13777-04-3
97	139339-89-2
97	14124-98-2
97	143171-41-9
97	153389-31-2
97	18716-62-6
97	19166-97-3
97	200863-18-9
97	222532-79-8
97	28499-39-0
97	30298-04-5
97	47999-51-9
97	53026-82-7
97	64010-42-0
97	642089-67-6
97	69102-67-6
97	74913-43-2
97	7601-89-0
97	7601-90-3
97	766444-83-1
97	7778-74-7
97	7790-98-9
97	7791-03-9
97	7791-07-3
97	845752-15-0
97	87110-01-8
97	885623-91-6
97	90149-16-9
97	92785-38-1
97	957554-95-9
97	95912-44-0
97	95998-58-6
97	UN0402
97	UN1442
97	UN1475
97	UN1489
97	UN1502
97	UN1802
97	UN1873
98	232259-02-8
98	79-21-0
98	89370-71-8
99	10022-68-1
99	100402-53-7
99	10060-09-0
99	100656-55-1
99	101012-89-9
99	101012-93-5
99	101012-94-6
99	10108-64-2
99	10124-36-4
99	101356-99-4
99	101357-00-0
99	101357-01-1
99	101357-02-2
99	101357-03-3
99	101357-04-4
99	10163-13-0
99	10196-67-5
99	102110-30-5
99	102184-95-2
99	10325-94-7
99	10326-28-0
99	1043412-76-5
99	1043877-50-4
99	10468-30-1
99	104698-09-1
99	10471-46-2
99	104907-96-2
99	105034-60-4
99	106070-27-3
99	106097-46-5
99	106218-86-4
99	106389-75-7
99	106496-20-2
99	106496-20-2
99	106520-07-4
99	106603-47-8
99	1067-32-9
99	108706-30-5
99	108706-31-6
99	11091-69-3
99	11112-63-3
99	11113-51-2
99	11129-14-9
99	113128-07-7
99	116086-43-2
99	116391-72-1
99	116854-17-2
99	116920-59-3
99	117912-89-7
99	117912-90-0
99	117912-91-1
99	1191-79-3
99	119222-01-4
99	12001-20-6
99	12006-15-4
99	12014-14-1
99	12014-28-7
99	12014-29-8
99	12014-33-4
99	12139-22-9
99	12139-23-0
99	12157-51-6
99	12185-56-7
99	12185-64-7
99	12187-14-3
99	12213-70-6
99	12214-12-9
99	1224515-43-8
99	12292-07-8
99	12380-95-9
99	12400-33-8
99	12442-27-2
99	125687-98-1
99	12626-36-7
99	12656-57-4
99	12685-29-9
99	12794-87-5
99	1306-13-4
99	1306-19-0
99	1306-23-6
99	1306-24-7
99	1306-25-8
99	130917-47-4
99	131500-00-0
99	132295-56-8
99	132295-57-9
99	1345-09-1
99	1345-10-4
99	13464-92-1
99	13477-17-3
99	13477-19-5
99	13477-20-8
99	13477-21-9
99	13477-22-0
99	13477-23-1
99	135742-32-4
99	13589-17-8
99	13601-63-3
99	136543-49-2
99	136543-50-5
99	136543-51-6
99	13701-66-1
99	13755-33-4
99	13760-37-7
99	13814-59-0
99	13814-62-5
99	13832-25-2
99	13847-17-1
99	13890-84-1
99	13966-86-4
99	13972-68-4
99	14010-06-1
99	14010-06-1
99	14017-36-8
99	14067-62-0
99	141-00-4
99	14109-32-1
99	14109-32-1
99	14177-24-3
99	14177-24-3
99	14184-47-5
99	1421233-56-8
99	14215-29-3
99	14239-68-0
99	14312-00-6
99	14336-66-4
99	14336-66-4
99	14336-68-6
99	14336-68-6
99	1436666-97-5
99	143983-90-8
99	14402-75-6
99	1441148-55-5
99	14429-85-7
99	1448522-72-2
99	14486-19-2
99	14518-94-6
99	14520-70-8
99	14566-86-0
99	14689-45-3
99	14709-52-5
99	14709-52-5
99	14874-24-9
99	14923-81-0
99	14949-59-8
99	14949-60-1
99	15139-70-5
99	15139-70-5
99	15244-35-6
99	15276-40-1
99	15337-60-7
99	15600-62-1
99	15630-39-4
99	15682-87-8
99	15708-29-9
99	15743-19-8
99	15851-44-2
99	15852-14-9
99	16039-55-7
99	16056-72-7
99	16105-06-9
99	1623456-05-2
99	163961-08-8
99	1645316-98-8
99	16593-57-0
99	167077-85-2
99	16986-83-7
99	17010-21-8
99	17033-07-7
99	170904-52-6
99	17329-48-5
99	1773514-66-1
99	1773514-92-3
99	18532-52-0
99	18532-58-6
99	1884414-00-9
99	18897-36-4
99	18974-20-4
99	18991-05-4
99	19010-65-2
99	19010-79-8
99	190899-29-7
99	19262-93-2
99	1926976-90-0
99	19651-91-3
99	20571-45-3
99	20648-91-3
99	2087110-63-0
99	21041-95-2
99	210909-42-5
99	21107-68-6
99	21150-88-9
99	21328-74-5
99	2134593-22-7
99	21360-94-1
99	2162973-80-8
99	2191-10-8
99	2196169-62-5
99	2223-93-0
99	22465-18-5
99	22537-48-0
99	22750-53-4
99	22750-54-5
99	23100-72-3
99	2368220-22-6
99	2408-86-8
99	2409671-03-8
99	2412416-26-1
99	2420-97-5
99	2420-98-6
99	24345-60-6
99	2440134-99-4
99	24558-49-4
99	24558-49-4
99	245727-62-2
99	2485700-58-9
99	2490500-45-1
99	25047-80-7
99	25685-75-0
99	26006-65-5
99	26006-69-9
99	2605-44-9
99	26264-48-2
99	2641128-84-7
99	2724228-22-0
99	27476-27-3
99	2749963-13-9
99	28038-18-8
99	28038-25-7
99	28041-77-2
99	28302-54-7
99	2847-16-7
99	28825-30-1
99	2888539-04-4
99	29398-76-3
99	29398-76-3
99	29736-89-8
99	2984549-53-1
99	29870-72-2
99	2996841-70-2
99	29977-13-7
99	3026-22-0
99	30304-32-6
99	303114-50-3
99	30363-28-1
99	30623-04-2
99	307531-70-0
99	30905-38-5
99	30905-38-5
99	309242-71-5
99	31017-44-4
99	31119-53-6
99	31215-94-8
99	32593-99-0
99	34100-40-8
99	34303-23-6
99	34330-64-8
99	34345-39-6
99	34410-88-3
99	35658-65-2
99	35803-35-1
99	36211-44-6
99	36931-18-7
99	37131-86-5
99	37364-06-0
99	378253-44-2
99	378253-44-2
99	378253-45-3
99	378253-45-3
99	378253-46-4
99	378253-46-4
99	38386-25-3
99	38517-19-0
99	40226-10-6
99	405884-26-6
99	41113-59-1
99	4167-05-9
99	43147-23-5
99	4390-97-0
99	4464-23-7
99	4476-04-4
99	4696-59-7
99	49707-39-3
99	49784-42-1
99	49784-44-3
99	506-82-1
99	50648-02-7
99	5112-16-3
99	51222-60-7
99	513-78-0
99	52037-44-2
99	52094-42-5
99	52309-75-8
99	52337-78-7
99	53168-83-5
99	53168-85-7
99	53846-34-7
99	542-83-6
99	543-90-8
99	55060-82-7
99	55425-74-6
99	55700-14-6
99	56982-42-4
99	5743-04-4
99	58339-34-7
99	592-02-9
99	59223-35-7
99	61129-40-6
99	61789-34-2
99	61951-96-0
99	62149-56-8
99	62642-07-3
99	62642-07-3
99	62865-26-3
99	62930-81-8
99	63400-09-9
99	6427-86-7
99	64681-08-9
99	654054-66-7
99	65997-18-4
99	67906-19-8
99	67939-62-2
99	67989-93-9
99	68092-45-5
99	68131-58-8
99	68131-59-9
99	68214-25-5
99	68309-98-8
99	68332-81-0
99	68409-82-5
99	68441-39-4
99	68478-53-5
99	68479-13-0
99	68512-49-2
99	68512-50-5
99	68512-51-6
99	68583-43-7
99	68583-44-8
99	68583-45-9
99	68584-41-8
99	68584-42-9
99	68784-10-1
99	68784-55-4
99	68784-58-7
99	68855-80-1
99	68859-25-6
99	68876-84-6
99	68876-90-4
99	68876-98-2
99	68876-99-3
99	68877-00-9
99	68877-01-0
99	68891-87-2
99	68953-39-9
99	68954-18-7
99	68956-81-0
99	68966-97-2
99	69011-66-1
99	69011-67-2
99	69011-69-4
99	69011-70-7
99	69012-21-1
99	69012-44-8
99	69012-51-7
99	69012-57-3
99	69012-63-1
99	69012-67-5
99	69029-63-6
99	69029-70-5
99	69029-77-2
99	69029-89-6
99	69029-90-9
99	69029-91-0
99	69121-20-6
99	69190-99-4
99	695161-38-7
99	70084-75-2
99	70206-08-5
99	7058-55-1
99	71231-59-9
99	71243-75-9
99	71411-66-0
99	71436-99-2
99	71599-06-9
99	71861-27-3
99	72172-64-6
99	72275-93-5
99	72589-96-9
99	72828-62-7
99	72869-26-2
99	72869-63-7
99	72968-34-4
99	7346-68-1
99	73941-35-2
99	74178-35-1
99	74231-61-1
99	74278-22-1
99	7440-43-9
99	7487-41-4
99	7495-93-4
99	7544-40-3
99	7568-37-8
99	76093-98-6
99	76835-97-7
99	76871-66-4
99	77289-75-9
99	7789-42-6
99	7790-78-5
99	7790-79-6
99	7790-80-9
99	7790-81-0
99	7790-82-1
99	7790-83-2
99	7790-84-3
99	7790-85-4
99	79490-00-9
99	79990-52-6
99	8048-07-5
99	814-88-0
99	84696-56-0
99	84878-36-4
99	84878-37-5
99	84878-48-8
99	84878-51-3
99	84953-43-5
99	85117-02-8
99	85117-20-0
99	85586-15-8
99	85688-00-2
99	85958-86-7
99	85994-31-6
99	865-38-3
99	87534-89-2
99	87835-30-1
99	89759-80-8
99	90194-35-7
99	90218-85-2
99	90342-19-1
99	90411-62-4
99	90529-78-5
99	905982-64-1
99	90604-89-0
99	90604-90-3
99	91053-44-0
99	91697-35-7
99	92062-13-0
99	92128-37-5
99	92257-06-2
99	92704-12-6
99	92704-15-9
99	92704-19-3
99	92704-24-0
99	92797-28-9
99	93367-04-5
99	93686-40-9
99	93820-02-1
99	93858-50-5
99	93894-07-6
99	93894-08-7
99	93894-09-8
99	93894-10-1
99	93965-24-3
99	93965-30-1
99	93983-65-4
99	94232-49-2
99	94247-16-2
99	94275-93-1
99	94275-94-2
99	94551-70-9
99	94551-79-8
99	94551-80-1
99	95892-12-9
99	97259-82-0
99	99587-10-7
99	99749-34-5
99	P-15-0059
99	RR-00559-4
99	RR-01638-6
99	RR-01915-8
99	RR-02247-9
99	RR-04012-0
99	RR-06942-1
99	RR-10389-9
99	RR-11151-3
99	RR-11152-4
99	RR-13216-1
99	RR-14283-6
99	RR-145869-1
99	RR-17718-4
99	RR-17718-4
99	RR-41296-4
99	RR-42177-2
99	RR-42178-3
99	RR-42180-7
99	RR-42183-0
99	RR-42187-4
99	RR-42805-7
99	RR-56254-9
99	RR-64385-6
99	RR-93912-8
99	UN2570
