3-1-01	1331-47-1
3-1-01	612-83-9
3-1-01	64969-34-2
3-1-01	74332-73-3
3-1-01	84-68-4
3-1-01	91-94-1
3-1-01	RR-02089-3
3-1-02	12262-09-8
3-1-02	134-32-7
3-1-02	552-46-5
3-1-02	RR-04522-7
3-1-02	UN2077
3-1-03	108145-39-7
3-1-03	109328-45-2
3-1-03	109328-46-3
3-1-03	11064-17-8
3-1-03	11096-82-5
3-1-03	11097-69-1
3-1-03	11100-14-4
3-1-03	11104-28-2
3-1-03	11104-29-3
3-1-03	111276-74-5
3-1-03	111276-75-6
3-1-03	111276-76-7
3-1-03	111276-77-8
3-1-03	111276-78-9
3-1-03	111276-79-0
3-1-03	111276-80-3
3-1-03	111276-81-4
3-1-03	111276-82-5
3-1-03	111276-83-6
3-1-03	11141-16-5
3-1-03	12672-29-6
3-1-03	12674-11-2
3-1-03	12737-87-0
3-1-03	13029-08-8
3-1-03	1336-36-3
3-1-03	151262-31-6
3-1-03	151262-32-7
3-1-03	151262-34-9
3-1-03	151262-35-0
3-1-03	153153-43-6
3-1-03	153153-44-7
3-1-03	153153-45-8
3-1-03	153153-46-9
3-1-03	153153-47-0
3-1-03	153153-48-1
3-1-03	153153-49-2
3-1-03	153153-50-5
3-1-03	15862-07-4
3-1-03	159000-96-1
3-1-03	159000-97-2
3-1-03	15968-05-5
3-1-03	16605-91-7
3-1-03	16606-02-3
3-1-03	176914-46-8
3-1-03	176914-47-9
3-1-03	176914-48-0
3-1-03	176914-49-1
3-1-03	177020-15-4
3-1-03	177020-16-5
3-1-03	179678-26-3
3-1-03	179678-27-4
3-1-03	179678-28-5
3-1-03	179678-29-6
3-1-03	179678-30-9
3-1-03	179678-31-0
3-1-03	179678-32-1
3-1-03	179678-33-2
3-1-03	18259-05-7
3-1-03	2050-67-1
3-1-03	2050-68-2
3-1-03	2051-24-3
3-1-03	2051-60-7
3-1-03	2051-61-8
3-1-03	2051-62-9
3-1-03	205991-67-9
3-1-03	205991-68-0
3-1-03	205991-69-1
3-1-03	205991-70-4
3-1-03	207004-27-1
3-1-03	207004-28-2
3-1-03	207004-29-3
3-1-03	207004-30-6
3-1-03	207004-31-7
3-1-03	207004-32-8
3-1-03	207004-33-9
3-1-03	207004-34-0
3-1-03	207004-35-1
3-1-03	207004-36-2
3-1-03	2136-99-4
3-1-03	228420-06-2
3-1-03	228420-07-3
3-1-03	2437-79-8
3-1-03	25323-68-6
3-1-03	25429-29-2
3-1-03	25512-42-9
3-1-03	25569-80-6
3-1-03	26601-64-9
3-1-03	26914-33-0
3-1-03	27323-18-8
3-1-03	27417-48-7
3-1-03	28655-71-2
3-1-03	2974-90-5
3-1-03	2974-92-7
3-1-03	30605-61-9
3-1-03	31472-83-0
3-1-03	31508-00-6
3-1-03	32598-10-0
3-1-03	32598-11-1
3-1-03	32598-12-2
3-1-03	32598-13-3
3-1-03	32598-14-4
3-1-03	32690-93-0
3-1-03	32774-16-6
3-1-03	33025-41-1
3-1-03	33039-81-5
3-1-03	33091-17-7
3-1-03	33146-45-1
3-1-03	33284-50-3
3-1-03	33284-52-5
3-1-03	33284-53-6
3-1-03	33284-54-7
3-1-03	33979-03-2
3-1-03	34883-39-1
3-1-03	34883-41-5
3-1-03	34883-43-7
3-1-03	35065-27-1
3-1-03	35065-28-2
3-1-03	35065-29-3
3-1-03	35065-30-6
3-1-03	35693-92-6
3-1-03	35693-99-3
3-1-03	35694-04-3
3-1-03	35694-06-5
3-1-03	35694-08-7
3-1-03	36559-22-5
3-1-03	37317-41-2
3-1-03	37324-23-5
3-1-03	37353-63-2
3-1-03	37680-65-2
3-1-03	37680-66-3
3-1-03	37680-68-5
3-1-03	37680-69-6
3-1-03	37680-73-2
3-1-03	38379-99-6
3-1-03	38380-01-7
3-1-03	38380-02-8
3-1-03	38380-03-9
3-1-03	38380-04-0
3-1-03	38380-05-1
3-1-03	38380-07-3
3-1-03	38380-08-4
3-1-03	38411-22-2
3-1-03	38411-25-5
3-1-03	38444-73-4
3-1-03	38444-76-7
3-1-03	38444-77-8
3-1-03	38444-78-9
3-1-03	38444-81-4
3-1-03	38444-84-7
3-1-03	38444-85-8
3-1-03	38444-86-9
3-1-03	38444-87-0
3-1-03	38444-88-1
3-1-03	38444-90-5
3-1-03	38444-93-8
3-1-03	39485-83-1
3-1-03	39635-31-9
3-1-03	39635-32-0
3-1-03	39635-33-1
3-1-03	39635-34-2
3-1-03	39635-35-3
3-1-03	40186-70-7
3-1-03	40186-71-8
3-1-03	40186-72-9
3-1-03	41411-61-4
3-1-03	41411-62-5
3-1-03	41411-63-6
3-1-03	41411-64-7
3-1-03	41464-39-5
3-1-03	41464-40-8
3-1-03	41464-41-9
3-1-03	41464-42-0
3-1-03	41464-43-1
3-1-03	41464-46-4
3-1-03	41464-47-5
3-1-03	41464-48-6
3-1-03	41464-49-7
3-1-03	41464-51-1
3-1-03	42740-50-1
3-1-03	51908-16-8
3-1-03	52663-58-8
3-1-03	52663-59-9
3-1-03	52663-60-2
3-1-03	52663-61-3
3-1-03	52663-62-4
3-1-03	52663-63-5
3-1-03	52663-64-6
3-1-03	52663-65-7
3-1-03	52663-66-8
3-1-03	52663-67-9
3-1-03	52663-68-0
3-1-03	52663-69-1
3-1-03	52663-70-4
3-1-03	52663-71-5
3-1-03	52663-72-6
3-1-03	52663-73-7
3-1-03	52663-74-8
3-1-03	52663-75-9
3-1-03	52663-76-0
3-1-03	52663-77-1
3-1-03	52663-78-2
3-1-03	52663-79-3
3-1-03	52704-70-8
3-1-03	52712-04-6
3-1-03	52712-05-7
3-1-03	52744-13-5
3-1-03	53469-21-9
3-1-03	53555-66-1
3-1-03	53742-07-7
3-1-03	54230-22-7
3-1-03	55215-17-3
3-1-03	55215-18-4
3-1-03	55312-69-1
3-1-03	55684-91-8
3-1-03	55702-45-9
3-1-03	55702-46-0
3-1-03	55712-37-3
3-1-03	55720-44-0
3-1-03	55722-26-4
3-1-03	56030-56-9
3-1-03	56558-16-8
3-1-03	56558-17-9
3-1-03	56558-18-0
3-1-03	57465-28-8
3-1-03	59291-64-4
3-1-03	59291-65-5
3-1-03	60145-20-2
3-1-03	60145-21-3
3-1-03	60145-22-4
3-1-03	60145-23-5
3-1-03	60233-24-1
3-1-03	60233-25-2
3-1-03	61798-70-7
3-1-03	62461-62-5
3-1-03	62796-65-0
3-1-03	64427-28-7
3-1-03	65510-44-3
3-1-03	65510-45-4
3-1-03	68194-04-7
3-1-03	68194-05-8
3-1-03	68194-06-9
3-1-03	68194-07-0
3-1-03	68194-08-1
3-1-03	68194-09-2
3-1-03	68194-10-5
3-1-03	68194-11-6
3-1-03	68194-12-7
3-1-03	68194-13-8
3-1-03	68194-14-9
3-1-03	68194-15-0
3-1-03	68194-16-1
3-1-03	68194-17-2
3-1-03	69782-90-7
3-1-03	69782-91-8
3-1-03	7012-37-5
3-1-03	70362-41-3
3-1-03	70362-45-7
3-1-03	70362-46-8
3-1-03	70362-47-9
3-1-03	70362-48-0
3-1-03	70362-49-1
3-1-03	70362-50-4
3-1-03	70424-67-8
3-1-03	70424-68-9
3-1-03	70424-69-0
3-1-03	70424-70-3
3-1-03	73575-52-7
3-1-03	73575-53-8
3-1-03	73575-54-9
3-1-03	73575-55-0
3-1-03	73575-56-1
3-1-03	73575-57-2
3-1-03	74338-23-1
3-1-03	74338-24-2
3-1-03	74472-33-6
3-1-03	74472-34-7
3-1-03	74472-35-8
3-1-03	74472-36-9
3-1-03	74472-37-0
3-1-03	74472-38-1
3-1-03	74472-39-2
3-1-03	74472-40-5
3-1-03	74472-41-6
3-1-03	74472-42-7
3-1-03	74472-43-8
3-1-03	74472-44-9
3-1-03	74472-45-0
3-1-03	74472-46-1
3-1-03	74472-47-2
3-1-03	74472-48-3
3-1-03	74472-49-4
3-1-03	74472-50-7
3-1-03	74472-51-8
3-1-03	74472-52-9
3-1-03	74472-53-0
3-1-03	74487-85-7
3-1-03	76842-07-4
3-1-03	80333-65-9
3-1-03	80333-65-9
3-1-03	94487-00-0
3-1-03	97122-18-4
3-1-03	97122-20-8
3-1-03	99554-08-2
3-1-03	99554-09-3
3-1-03	99554-10-6
3-1-03	99554-11-7
3-1-03	99554-12-8
3-1-03	99554-13-9
3-1-03	UN2315
3-1-03	UN3432
3-1-04	119-93-7
3-1-04	41766-75-0
3-1-04	612-82-8
3-1-04	64969-36-4
3-1-04	74753-18-7
3-1-04	7563-59-9
3-1-04	RR-02091-7
3-1-05	119-90-4
3-1-05	20282-70-6
3-1-05	20325-40-0
3-1-05	59777-10-5
3-1-05	91-91-8
3-1-05	91-93-0
3-1-05	RR-02088-2
3-1-06	10039-31-3
3-1-06	10210-64-7
3-1-06	1111-71-3
3-1-06	11133-98-5
3-1-06	12009-99-3
3-1-06	12010-12-7
3-1-06	12069-36-2
3-1-06	12161-82-9
3-1-06	12228-40-9
3-1-06	12232-25-6
3-1-06	12232-27-8
3-1-06	12232-67-6
3-1-06	12291-87-1
3-1-06	12323-05-6
3-1-06	12323-05-6
3-1-06	12400-16-7
3-1-06	12428-23-8
3-1-06	12429-94-6
3-1-06	12536-51-5
3-1-06	12536-52-6
3-1-06	125466-18-4
3-1-06	1268721-56-7
3-1-06	12770-50-2
3-1-06	1304-49-0
3-1-06	1304-54-7
3-1-06	1304-56-9
3-1-06	13106-47-3
3-1-06	1319-43-3
3-1-06	1332-52-1
3-1-06	13327-32-7
3-1-06	13466-27-8
3-1-06	13510-48-0
3-1-06	13510-49-1
3-1-06	13597-95-0
3-1-06	13597-96-1
3-1-06	13597-99-4
3-1-06	13598-00-0
3-1-06	13598-15-7
3-1-06	13598-22-6
3-1-06	13598-26-0
3-1-06	13814-50-1
3-1-06	13871-27-7
3-1-06	13874-36-7
3-1-06	13966-02-4
3-1-06	13966-02-4
3-1-06	14215-00-0
3-1-06	14215-00-0
3-1-06	14216-88-7
3-1-06	14390-89-7
3-1-06	14390-89-7
3-1-06	14874-86-3
3-1-06	148896-39-3
3-1-06	14902-95-5
3-1-06	15191-85-2
3-1-06	15339-40-9
3-1-06	15499-68-0
3-1-06	16166-89-5
3-1-06	16923-64-1
3-1-06	183480-25-3
3-1-06	1837-99-6
3-1-06	18983-72-7
3-1-06	19049-40-2
3-1-06	19181-26-1
3-1-06	204847-07-4
3-1-06	20768-68-7
3-1-06	22537-20-8
3-1-06	2399-81-7
3-1-06	25638-88-4
3-1-06	278600-28-5
3-1-06	30374-53-9
3-1-06	30913-98-5
3-1-06	3173-18-0
3-1-06	35089-00-0
3-1-06	37227-61-5
3-1-06	39413-47-3
3-1-06	506-63-8
3-1-06	506-66-1
3-1-06	53514-39-9
3-1-06	53684-48-3
3-1-06	542-63-2
3-1-06	543-81-7
3-1-06	55158-44-6
3-1-06	57620-29-8
3-1-06	58127-61-0
3-1-06	58500-38-2
3-1-06	608529-54-0
3-1-06	61279-73-0
3-1-06	61279-74-1
3-1-06	61279-75-2
3-1-06	61279-76-3
3-1-06	63915-76-4
3-1-06	63990-88-5
3-1-06	64059-26-3
3-1-06	66104-24-3
3-1-06	7440-41-7
3-1-06	756857-80-4
3-1-06	7787-46-4
3-1-06	7787-47-5
3-1-06	7787-49-7
3-1-06	7787-50-0
3-1-06	7787-52-2
3-1-06	7787-53-3
3-1-06	7787-54-4
3-1-06	7787-55-5
3-1-06	7787-56-6
3-1-06	97330-34-2
3-1-06	RR-00557-2
3-1-06	RR-04797-2
3-1-06	RR-100836-2
3-1-06	RR-100837-3
3-1-06	RR-100838-4
3-1-06	RR-100839-5
3-1-06	RR-122532-7
3-1-06	RR-145860-2
3-1-06	RR-55480-3
3-1-06	RR-56351-9
3-1-06	UN1566
3-1-06	UN1567
3-1-06	UN2464
3-1-07	98-07-7
3-1-07	UN2226
9-01	100-56-1
9-01	100-57-2
9-01	102-98-7
9-01	103-27-5
9-01	10366-02-6
9-01	104-59-6
9-01	104-60-9
9-01	112415-59-5
9-01	1126-48-3
9-01	1142-64-9
9-01	1192-89-8
9-01	1214247-08-1
9-01	122-64-5
9-01	12406-51-8
9-01	129-16-8
9-01	1320-80-5
9-01	13302-00-6
9-01	1336-57-8
9-01	1337-06-0
9-01	1337-09-3
9-01	138-85-2
9-01	14110-97-5
9-01	14235-86-0
9-01	14315-77-6
9-01	14354-56-4
9-01	14874-55-6
9-01	15785-93-0
9-01	17456-26-7
9-01	17689-59-7
9-01	19447-62-2
9-01	22450-90-4
9-01	2279-64-3
9-01	23319-66-6
9-01	2440-34-8
9-01	24425-43-2
9-01	24579-90-6
9-01	24579-91-7
9-01	24806-32-4
9-01	26544-04-7
9-01	26545-49-3
9-01	2701-61-3
9-01	27236-65-3
9-01	27360-58-3
9-01	27605-30-7
9-01	2777-37-9
9-01	28086-13-7
9-01	3076-91-3
9-01	31224-71-2
9-01	31632-68-5
9-01	3198-04-7
9-01	32407-99-1
9-01	3294-57-3
9-01	3294-58-4
9-01	3294-60-8
9-01	34732-46-2
9-01	35678-47-8
9-01	3570-80-7
9-01	36568-91-9
9-01	4386-35-0
9-01	498-73-7
9-01	52795-88-7
9-01	537-64-4
9-01	539-43-5
9-01	54129-03-2
9-01	54295-90-8
9-01	55-68-5
9-01	55728-51-3
9-01	56724-82-4
9-01	5722-59-8
9-01	584-18-9
9-01	587-85-9
9-01	59-85-8
9-01	5955-19-1
9-01	616-99-9
9-01	61792-06-1
9-01	61840-45-7
9-01	62-38-4
9-01	62050-76-4
9-01	623-07-4
9-01	6273-99-0
9-01	6283-24-5
9-01	63325-16-6
9-01	63468-53-1
9-01	63951-06-4
9-01	63951-09-7
9-01	64049-27-0
9-01	64049-28-1
9-01	64684-45-3
9-01	66827-74-5
9-01	68201-97-8
9-01	73548-15-9
9-01	75268-98-3
9-01	8003-05-2
9-01	8013-47-6
9-01	823-04-1
9-01	854874-41-2
9-01	859033-90-2
9-01	90-03-9
9-01	92473-75-1
9-01	93882-20-3
9-01	94-43-9
9-01	94070-92-5
9-01	94070-93-6
9-01	94276-88-7
9-01	94277-53-9
9-01	973-17-1
9-01	RR-00005-5
9-01	UN1674
9-01	UN1894
9-01	UN1895
9-02	100-99-2
9-02	102-67-0
9-02	10449-71-5
9-02	1070-00-4
9-02	1116-70-7
9-02	1116-73-0
9-02	1191-15-7
9-02	12075-68-2
9-02	12076-83-4
9-02	12080-90-9
9-02	12542-85-7
9-02	130565-62-7
9-02	132071-39-7
9-02	13319-61-4
9-02	13482-15-0
9-02	1529-57-3
9-02	1529-58-4
9-02	1529-59-5
9-02	15455-52-4
9-02	16216-31-2
9-02	1726-65-4
9-02	1726-66-5
9-02	1779-25-5
9-02	1888-87-5
9-02	20259-40-9
9-02	2036-15-9
9-02	2040-00-8
9-02	2180-65-6
9-02	22853-46-9
9-02	26628-81-9
9-02	3041-23-4
9-02	33075-37-5
9-02	3711-23-7
9-02	37167-65-0
9-02	42916-36-9
9-02	4731-36-6
9-02	55949-15-0
9-02	56095-72-8
9-02	563-43-9
9-02	5804-85-3
9-02	65514-51-4
9-02	6651-25-8
9-02	6651-26-9
9-02	6651-27-0
9-02	67905-39-9
9-02	75-24-1
9-02	8065-64-3
9-02	8067-60-5
9-02	84012-67-9
9-02	845524-94-9
9-02	865-37-2
9-02	871-27-2
9-02	871-89-6
9-02	96-10-6
9-02	97-93-8
9-02	P-87-1758
9-02	P-88-1145
9-02	RR-00022-6
9-02	RR-01361-6
9-03	10217-65-9
9-03	10217-67-1
9-03	10217-68-2
9-03	103399-29-7
9-03	107-26-6
9-03	107-27-7
9-03	107-28-8
9-03	1071-39-2
9-03	108-07-6
9-03	109-62-6
9-03	11004-81-2
9-03	113170-85-7
9-03	115-09-3
9-03	1184-57-2
9-03	123-88-6
9-03	12542-90-4
9-03	130995-49-2
9-03	13294-23-0
9-03	143-36-2
9-03	148-61-8
9-03	2141-27-7
9-03	2235-25-8
9-03	22967-92-6
9-03	23065-35-2
9-03	23587-90-8
9-03	2440-40-6
9-03	2440-42-8
9-03	2440-45-1
9-03	24423-68-5
9-03	25948-50-9
9-03	2597-97-9
9-03	26535-94-4
9-03	28519-24-6
9-03	29138-86-1
9-03	3626-13-9
9-03	362653-08-5
9-03	3810-81-9
9-03	502-39-6
9-03	506-83-2
9-03	51622-02-7
9-03	517-16-8
9-03	54-64-8
9-03	543-63-5
9-03	5902-76-1
9-03	593-74-8
9-03	5964-24-9
9-03	627-44-1
9-03	628-85-3
9-03	629-35-6
9-03	6795-81-9
9-03	691-88-3
9-03	77536-61-9
9-03	8030-32-8
9-03	8030-33-9
9-03	86-85-1
9-03	878791-13-0
9-03	RR-00004-4
9-03	RR-01858-6
9-03	UN1244
9-04	10043-01-3
9-04	10043-67-1
9-04	10090-53-6
9-04	10124-27-3
9-04	101707-17-9
9-04	1107613-92-2
9-04	1107614-02-7
9-04	11097-68-0
9-04	1123762-30-0
9-04	113962-66-6
9-04	114442-10-3
9-04	1161430-81-4
9-04	118-96-7
9-04	118064-75-8
9-04	12042-91-0
9-04	121-82-4
9-04	121630-48-6
9-04	121739-79-5
9-04	1228935-67-8
9-04	12393-50-9
9-04	124027-27-6
9-04	125690-94-0
9-04	12598-12-8
9-04	12766-45-9
9-04	1302-42-7
9-04	1302-52-9
9-04	131315-49-6
9-04	1313195-43-5
9-04	1327-41-9
9-04	1332483-60-9
9-04	13473-90-0
9-04	13530-50-2
9-04	135864-70-9
9-04	136752-29-9
9-04	1374563-19-5
9-04	1374563-22-0
9-04	139939-73-4
9-04	1424805-45-7
9-04	1424809-08-4
9-04	143230-54-0
9-04	144388-28-3
9-04	14682-66-7
9-04	14696-77-6
9-04	1469908-91-5
9-04	15098-87-0
9-04	15477-33-5
9-04	15671-97-3
9-04	15743-20-1
9-04	1621997-91-8
9-04	162264-71-3
9-04	162535-15-1
9-04	167140-05-8
9-04	16828-11-8
9-04	1709832-51-8
9-04	17927-65-0
9-04	1799386-26-7
9-04	180395-80-6
9-04	1818401-35-2
9-04	182260-45-3
9-04	1826890-06-5
9-04	183257-07-0
9-04	185464-37-3
9-04	19088-11-0
9-04	19239-71-5
9-04	19443-16-4
9-04	1946759-18-7
9-04	19511-55-8
9-04	195436-38-5
9-04	1980845-19-9
9-04	2014335-16-9
9-04	220685-69-8
9-04	2247261-17-0
9-04	2247261-42-1
9-04	2247261-50-1
9-04	2250318-40-0
9-04	22515-37-3
9-04	2412445-90-8
9-04	245064-40-8
9-04	25295-24-3
9-04	255839-01-1
9-04	257888-99-6
9-04	2701539-61-7
9-04	2758176-71-3
9-04	2826961-24-2
9-04	2832056-54-7
9-04	2923573-53-7
9-04	2923573-54-8
9-04	2923573-55-9
9-04	2924823-56-1
9-04	29756-98-7
9-04	298688-47-8
9-04	30145-44-9
9-04	32056-15-8
9-04	328402-73-9
9-04	32867-90-6
9-04	33789-40-1
9-04	349608-51-1
9-04	35851-62-8
9-04	35851-69-5
9-04	37202-64-5
9-04	37226-46-3
9-04	39148-24-8
9-04	39302-71-1
9-04	39332-62-2
9-04	39380-80-8
9-04	41630-01-7
9-04	477951-22-7
9-04	52667-15-9
9-04	54413-15-9
9-04	56803-01-1
9-04	56831-66-4
9-04	60945-31-5
9-04	64441-77-6
9-04	672263-85-3
9-04	67713-16-0
9-04	7360-53-4
9-04	7429-90-5
9-04	7446-70-0
9-04	745062-58-2
9-04	7758-17-0
9-04	7784-11-4
9-04	7784-13-6
9-04	7784-15-8
9-04	7784-18-1
9-04	7784-24-9
9-04	7784-25-0
9-04	7784-26-1
9-04	7784-27-2
9-04	7784-31-8
9-04	78413-87-3
9-04	79586-02-0
9-04	80006-43-5
9-04	8012-66-6
9-04	80341-19-1
9-04	808739-25-5
9-04	813-92-3
9-04	84861-98-3
9-04	851541-97-4
9-04	91728-14-2
9-04	929897-91-6
9-04	929897-93-8
9-04	929898-03-3
9-04	934749-46-9
9-04	NA9260
9-04	RR-00021-5
9-04	UN0393
9-04	UN1309
9-04	UN1396
9-04	UN1438
9-04	UN1726
9-04	UN1819
9-04	UN2581
9-04	UN2812
9-05	100011-37-8
9-05	10025-91-9
9-05	10042-99-6
9-05	10049-22-6
9-05	100656-54-0
9-05	100817-46-7
9-05	10090-54-7
9-05	10101-91-4
9-05	10101-91-4
9-05	101200-57-1
9-05	101200-58-2
9-05	101200-60-6
9-05	101200-61-7
9-05	101227-27-4
9-05	101294-99-9
9-05	101500-43-0
9-05	101519-68-0
9-05	101794-79-0
9-05	102110-39-4
9-05	102110-40-7
9-05	102110-44-1
9-05	102110-60-1
9-05	102129-38-4
9-05	102262-17-9
9-05	10433-06-4
9-05	104812-37-5
9-05	10521-30-9
9-05	106160-94-5
9-05	106175-35-3
9-05	106436-67-3
9-05	1078716-00-3
9-05	1079803-62-5
9-05	109037-75-4
9-05	110093-36-2
9-05	110464-12-5
9-05	11062-30-9
9-05	110687-68-8
9-05	11071-15-1
9-05	11083-22-0
9-05	11089-58-0
9-05	11098-88-7
9-05	111058-26-5
9-05	11112-10-0
9-05	11115-68-7
9-05	11138-63-9
9-05	11142-43-1
9-05	11142-43-1
9-05	111906-29-7
9-05	1128070-79-0
9-05	114760-49-5
9-05	117011-47-9
9-05	118574-16-6
9-05	12001-86-4
9-05	12014-29-8
9-05	12014-33-4
9-05	12018-07-4
9-05	12018-68-7
9-05	12019-92-0
9-05	12020-24-5
9-05	12022-92-3
9-05	12022-93-4
9-05	12024-80-5
9-05	12029-86-6
9-05	12031-08-2
9-05	12031-08-2
9-05	12032-10-9
9-05	12032-82-5
9-05	12032-97-2
9-05	12034-75-2
9-05	12035-01-7
9-05	12035-23-3
9-05	12035-52-8
9-05	12035-53-9
9-05	12036-46-3
9-05	12037-90-0
9-05	12038-22-1
9-05	12038-62-9
9-05	12038-99-2
9-05	12039-31-5
9-05	12039-33-7
9-05	12039-34-8
9-05	12039-35-9
9-05	12039-36-0
9-05	12039-37-1
9-05	12039-38-2
9-05	12039-39-3
9-05	12039-40-6
9-05	12039-41-7
9-05	12039-42-8
9-05	12044-88-1
9-05	12050-65-6
9-05	12050-79-2
9-05	12050-87-2
9-05	12052-42-5
9-05	12052-43-6
9-05	12053-12-2
9-05	12054-21-6
9-05	12054-25-0
9-05	12055-65-1
9-05	12056-11-0
9-05	12057-10-2
9-05	12057-30-6
9-05	12057-75-9
9-05	12058-86-5
9-05	12064-03-8
9-05	12064-72-1
9-05	12066-81-8
9-05	12066-88-5
9-05	12067-17-3
9-05	12067-31-1
9-05	12067-35-5
9-05	12067-37-7
9-05	12067-38-8
9-05	12106-31-9
9-05	12110-39-3
9-05	121239-75-6
9-05	12125-10-9
9-05	12142-69-7
9-05	12157-70-9
9-05	12160-22-4
9-05	12166-11-9
9-05	12166-36-8
9-05	12166-38-0
9-05	12166-39-1
9-05	12182-69-3
9-05	12186-97-9
9-05	12187-20-1
9-05	12187-84-7
9-05	12196-60-0
9-05	12208-13-8
9-05	12210-98-9
9-05	12227-91-7
9-05	12227-91-7
9-05	12255-36-6
9-05	12263-39-7
9-05	12266-38-5
9-05	12274-42-9
9-05	12286-37-2
9-05	12294-12-1
9-05	12299-73-9
9-05	12314-11-3
9-05	12323-20-5
9-05	12323-25-0
9-05	12323-26-1
9-05	12323-32-9
9-05	12325-74-5
9-05	12325-75-6
9-05	12333-35-6
9-05	12333-57-2
9-05	12339-09-2
9-05	12339-41-2
9-05	12339-41-2
9-05	12339-97-8
9-05	12340-34-0
9-05	123402-86-8
9-05	12345-15-2
9-05	12346-31-5
9-05	12359-48-7
9-05	12361-66-9
9-05	12372-51-9
9-05	12412-52-1
9-05	12423-58-4
9-05	12431-81-1
9-05	12434-10-5
9-05	12437-29-5
9-05	12440-49-2
9-05	12440-52-7
9-05	124740-41-6
9-05	12503-49-0
9-05	12504-54-0
9-05	12504-55-1
9-05	125054-47-9
9-05	12507-68-5
9-05	12510-28-0
9-05	12515-76-3
9-05	12535-04-5
9-05	1253906-76-1
9-05	12550-17-3
9-05	125662-42-2
9-05	125662-57-9
9-05	12594-53-5
9-05	12597-17-0
9-05	12627-52-0
9-05	126506-93-2
9-05	12655-04-8
9-05	12655-06-0
9-05	12656-50-7
9-05	12656-50-7
9-05	1266534-73-9
9-05	12673-86-8
9-05	126803-19-8
9-05	12710-25-7
9-05	127153-81-5
9-05	127320-89-2
9-05	12737-02-9
9-05	127386-54-3
9-05	12780-90-4
9-05	12784-26-8
9-05	12786-74-2
9-05	12786-81-1
9-05	12786-82-2
9-05	128221-48-7
9-05	129003-31-2
9-05	129680-26-8
9-05	1300-14-7
9-05	1302-47-2
9-05	13059-67-1
9-05	1309-64-4
9-05	1312-41-0
9-05	1314-60-9
9-05	1315-04-4
9-05	1315-05-5
9-05	1317-86-8
9-05	1317-98-2
9-05	1317-98-2
9-05	1320-57-6
9-05	1327-33-9
9-05	1327-50-0
9-05	132826-46-1
9-05	133-51-7
9-05	133152-67-7
9-05	1332-41-8
9-05	1332-43-0
9-05	1332-51-0
9-05	1332-81-6
9-05	1333-30-8
9-05	1333-78-4
9-05	133915-53-4
9-05	133915-54-5
9-05	134164-24-2
9-05	13433-92-6
9-05	1344-34-9
9-05	1345-04-6
9-05	13510-89-9
9-05	135691-31-5
9-05	135929-41-8
9-05	136472-10-1
9-05	136472-10-1
9-05	137002-11-0
9-05	1370442-66-2
9-05	137083-27-3
9-05	13776-84-6
9-05	138-31-8
9-05	13816-38-1
9-05	13890-80-7
9-05	139301-16-9
9-05	13968-50-8
9-05	13968-50-8
9-05	14090-94-9
9-05	14104-34-8
9-05	141067-75-6
9-05	14119-16-5
9-05	14129-12-5
9-05	141651-31-2
9-05	141733-48-4
9-05	14176-81-9
9-05	142164-48-5
9-05	142164-53-2
9-05	142164-57-6
9-05	142300-77-4
9-05	14234-35-6
9-05	14234-35-6
9-05	14265-72-6
9-05	14284-27-6
9-05	14331-88-5
9-05	14331-88-5
9-05	14374-79-9
9-05	14374-79-9
9-05	14391-67-4
9-05	14391-68-5
9-05	14391-68-5
9-05	14459-54-2
9-05	14459-60-0
9-05	14486-20-5
9-05	145076-33-1
9-05	14683-10-4
9-05	14683-10-4
9-05	14693-02-8
9-05	14700-09-5
9-05	148054-44-8
9-05	148709-58-4
9-05	148709-59-5
9-05	14913-58-7
9-05	14914-68-2
9-05	14914-68-2
9-05	14939-42-5
9-05	14972-90-8
9-05	15120-50-0
9-05	151227-85-9
9-05	15123-77-0
9-05	15273-81-1
9-05	152761-81-4
9-05	1538-59-6
9-05	1538-62-1
9-05	15432-85-6
9-05	154396-41-5
9-05	154718-31-7
9-05	15489-16-4
9-05	15513-75-4
9-05	155916-06-6
9-05	15593-75-6
9-05	15600-71-2
9-05	157368-22-4
9-05	15755-18-7
9-05	15755-18-7
9-05	15755-27-8
9-05	15755-27-8
9-05	15756-29-3
9-05	15756-29-3
9-05	15756-32-8
9-05	15756-32-8
9-05	15756-34-0
9-05	15756-34-0
9-05	15756-35-1
9-05	15756-35-1
9-05	1586-91-0
9-05	15874-48-3
9-05	15874-49-4
9-05	15874-50-7
9-05	15874-51-8
9-05	15874-52-9
9-05	15890-25-2
9-05	159120-95-3
9-05	15991-76-1
9-05	160125-91-7
9-05	16039-64-8
9-05	16210-51-8
9-05	16450-50-3
9-05	16455-98-4
9-05	164578-04-5
9-05	164846-99-5
9-05	16521-45-2
9-05	16756-85-7
9-05	16823-94-2
9-05	16871-80-0
9-05	16893-92-8
9-05	16894-69-2
9-05	16921-90-7
9-05	16923-35-6
9-05	16925-25-0
9-05	16941-06-3
9-05	16949-12-5
9-05	16950-06-4
9-05	17156-77-3
9-05	17220-70-1
9-05	17620-10-9
9-05	17620-10-9
9-05	17856-92-7
9-05	17857-44-2
9-05	178989-93-0
9-05	17901-09-6
9-05	180795-32-8
9-05	18380-68-2
9-05	18424-17-4
9-05	1843-42-1
9-05	186419-12-5
9-05	18770-47-3
9-05	189154-86-7
9-05	19033-63-7
9-05	194549-90-1
9-05	19638-16-5
9-05	1986-66-9
9-05	20328-96-5
9-05	20346-77-4
9-05	20720-76-7
9-05	2098834-39-8
9-05	212793-41-4
9-05	21432-78-0
9-05	21450-52-2
9-05	2155-73-9
9-05	2155-74-0
9-05	2155-75-1
9-05	2155-81-9
9-05	2185-78-6
9-05	219717-42-7
9-05	22537-51-5
9-05	22877-95-8
9-05	23099-82-3
9-05	23325-09-9
9-05	23601-23-2
9-05	23713-48-6
9-05	2376284-81-8
9-05	2379331-66-3
9-05	23854-38-8
9-05	23940-36-5
9-05	2400970-89-8
9-05	240141-93-9
9-05	24626-20-8
9-05	24931-44-0
9-05	24964-91-8
9-05	25152-52-7
9-05	25285-72-7
9-05	255877-15-7
9-05	25751-57-9
9-05	25889-81-0
9-05	26042-64-8
9-05	26209-91-6
9-05	26209-91-6
9-05	26282-95-1
9-05	2629-47-2
9-05	264921-16-6
9-05	26810-97-9
9-05	26864-36-8
9-05	27253-22-1
9-05	27279-76-1
9-05	27288-44-4
9-05	28300-74-5
9-05	28767-59-1
9-05	289483-12-1
9-05	289483-12-1
9-05	28980-47-4
9-05	28980-48-5
9-05	28980-49-6
9-05	29095-38-3
9-05	29638-69-5
9-05	29664-84-4
9-05	29671-18-9
9-05	29736-75-2
9-05	30004-57-0
9-05	304-61-0
9-05	305-97-5
9-05	3064-61-7
9-05	30718-75-3
9-05	30927-36-7
9-05	30952-14-8
9-05	31219-54-2
9-05	312308-62-6
9-05	31589-39-6
9-05	32465-49-9
9-05	32516-50-0
9-05	3264-67-3
9-05	328-55-2
9-05	334490-51-6
9-05	33908-66-6
9-05	33910-86-0
9-05	33992-50-6
9-05	342043-86-1
9-05	34521-09-0
9-05	34755-53-8
9-05	35724-06-2
9-05	36121-95-6
9-05	3643-76-3
9-05	36971-66-1
9-05	37204-11-8
9-05	37215-27-3
9-05	37223-55-5
9-05	37256-15-8
9-05	37256-16-9
9-05	37257-75-3
9-05	37308-30-8
9-05	37367-15-0
9-05	37367-17-2
9-05	37367-80-9
9-05	378253-02-2
9-05	378253-03-3
9-05	378253-07-7
9-05	378253-08-8
9-05	38057-02-2
9-05	38668-35-8
9-05	38897-60-8
9-05	39294-08-1
9-05	39349-74-1
9-05	39356-80-4
9-05	39357-02-3
9-05	39357-85-2
9-05	39357-86-3
9-05	39412-44-7
9-05	39427-02-6
9-05	39466-73-4
9-05	3958-19-8
9-05	40718-46-5
9-05	4126-81-2
9-05	41422-59-7
9-05	41494-34-2
9-05	41494-35-3
9-05	42427-72-5
9-05	42611-90-5
9-05	4263-38-1
9-05	4292-34-6
9-05	4379-85-5
9-05	44628-70-8
9-05	472969-22-5
9-05	4756-75-6
9-05	4933-27-1
9-05	5035-52-9
9-05	5035-58-5
9-05	50789-88-3
9-05	50789-88-3
9-05	50814-97-6
9-05	509121-40-8
9-05	51138-28-4
9-05	51311-89-8
9-05	51312-15-3
9-05	51429-91-5
9-05	51787-30-5
9-05	51787-30-5
9-05	51845-73-9
9-05	51900-05-1
9-05	52037-42-0
9-05	52503-06-7
9-05	526-50-1
9-05	52933-74-1
9-05	52933-75-2
9-05	53028-50-5
9-05	53120-23-3
9-05	53262-48-9
9-05	53318-72-2
9-05	535-46-6
9-05	53856-17-0
9-05	539-54-8
9-05	5395-43-7
9-05	54075-76-2
9-05	545386-98-9
9-05	54576-53-3
9-05	54764-32-8
9-05	54764-32-8
9-05	54847-25-5
9-05	5496-71-9
9-05	554-76-7
9-05	55467-74-8
9-05	55576-04-0
9-05	55576-05-1
9-05	5609-80-3
9-05	56668-68-9
9-05	57741-04-5
9-05	57762-28-4
9-05	57840-38-7
9-05	57898-46-1
9-05	57997-56-5
9-05	58164-88-8
9-05	5835-64-3
9-05	58428-34-5
9-05	58814-38-3
9-05	59372-48-4
9-05	594-10-5
9-05	594-31-0
9-05	5965-33-3
9-05	59778-51-7
9-05	59872-00-3
9-05	59922-49-5
9-05	60001-03-8
9-05	603-36-1
9-05	61142-81-2
9-05	61288-66-2
9-05	61349-45-9
9-05	61349-47-1
9-05	61358-23-4
9-05	61642-33-9
9-05	6169-12-6
9-05	617-85-6
9-05	61869-49-6
9-05	62010-30-4
9-05	62010-31-5
9-05	62339-51-9
9-05	62712-21-4
9-05	62851-41-6
9-05	6295-12-1
9-05	63172-17-8
9-05	63439-16-7
9-05	63513-30-4
9-05	63994-33-2
9-05	64011-26-3
9-05	64011-35-4
9-05	64011-36-5
9-05	64013-14-5
9-05	64024-08-4
9-05	64046-93-1
9-05	64070-10-6
9-05	64070-11-7
9-05	64070-12-8
9-05	64070-14-0
9-05	64093-53-4
9-05	64296-67-9
9-05	64417-77-2
9-05	64475-90-7
9-05	64553-20-4
9-05	64604-85-9
9-05	64885-57-0
9-05	6533-78-4
9-05	6535-15-5
9-05	6543-62-0
9-05	65722-68-1
9-05	65997-18-4
9-05	66103-03-5
9-05	666263-51-0
9-05	667463-25-4
9-05	66922-79-0
9-05	67251-37-0
9-05	67251-40-5
9-05	67296-48-4
9-05	67711-96-0
9-05	67711-98-2
9-05	67711-99-3
9-05	6780-10-5
9-05	68083-87-4
9-05	68186-90-3
9-05	68187-00-8
9-05	68187-20-2
9-05	68187-54-2
9-05	68189-16-2
9-05	68332-69-4
9-05	68411-49-4
9-05	68412-38-4
9-05	68784-55-4
9-05	68784-78-1
9-05	68794-85-4
9-05	688013-91-4
9-05	68921-97-1
9-05	68933-55-1
9-05	68937-04-2
9-05	68937-20-2
9-05	68951-38-2
9-05	68953-72-0
9-05	68954-54-1
9-05	68956-96-7
9-05	68957-23-3
9-05	68989-19-5
9-05	69011-08-1
9-05	69012-20-0
9-05	69012-72-2
9-05	69029-45-4
9-05	69029-50-1
9-05	69029-51-2
9-05	69029-58-9
9-05	69029-87-4
9-05	6923-52-0
9-05	6939-83-9
9-05	694503-46-3
9-05	69459-69-4
9-05	69545-71-7
9-05	69600-03-9
9-05	69892-82-6
9-05	69991-68-0
9-05	7010-38-0
9-05	70225-54-6
9-05	70247-82-4
9-05	70495-28-2
9-05	70514-71-5
9-05	7065-22-7
9-05	70969-69-6
9-05	71077-18-4
9-05	71119-45-4
9-05	71119-49-8
9-05	71215-72-0
9-05	71449-78-0
9-05	71463-61-1
9-05	71566-48-8
9-05	71747-80-3
9-05	71786-70-4
9-05	71850-71-0
9-05	71850-72-1
9-05	71850-86-7
9-05	71850-87-8
9-05	71850-88-9
9-05	71949-30-9
9-05	72017-60-8
9-05	72121-43-8
9-05	72121-43-8
9-05	72166-93-9
9-05	72479-88-0
9-05	72924-94-8
9-05	72926-13-7
9-05	73063-67-9
9-05	73071-00-8
9-05	73482-18-5
9-05	73508-21-1
9-05	73892-02-1
9-05	73912-61-5
9-05	74038-45-2
9-05	74365-27-8
9-05	7440-36-0
9-05	7446-32-4
9-05	7578-07-6
9-05	7647-18-9
9-05	76543-23-2
9-05	77114-79-5
9-05	7783-56-4
9-05	7783-70-2
9-05	7789-61-9
9-05	7790-44-5
9-05	7791-08-4
9-05	7791-16-4
9-05	7803-52-3
9-05	8007-18-9
9-05	8007-28-1
9-05	8011-72-1
9-05	8011-73-2
9-05	8012-00-8
9-05	8012-64-4
9-05	80640-84-2
9-05	81776-61-6
9-05	84184-48-5
9-05	84238-43-7
9-05	84314-10-3
9-05	84776-00-1
9-05	84777-04-8
9-05	84929-82-8
9-05	84949-18-8
9-05	85307-36-4
9-05	86221-76-3
9-05	86831-40-5
9-05	875817-23-5
9-05	87709-41-9
9-05	87856-03-9
9-05	88966-67-0
9-05	89452-37-9
9-05	896-29-7
9-05	89899-81-0
9-05	90170-79-9
9-05	90177-43-8
9-05	90552-50-4
9-05	90552-50-4
9-05	91051-98-8
9-05	92089-68-4
9-05	92128-37-5
9-05	92200-97-0
9-05	92202-25-0
9-05	926280-53-7
9-05	92687-27-9
9-05	92687-28-0
9-05	92687-31-5
9-05	92731-36-7
9-05	930120-90-4
9-05	93091-03-3
9-05	93776-64-8
9-05	93840-05-2
9-05	93840-06-3
9-05	93840-07-4
9-05	93844-22-5
9-05	94228-51-0
9-05	94442-00-9
9-05	94551-66-3
9-05	94551-87-8
9-05	94551-97-0
9-05	94825-20-4
9-05	95046-49-4
9-05	95193-93-4
9-05	95722-64-8
9-05	96195-78-7
9-05	96342-74-4
9-05	97048-22-1
9-05	97048-23-2
9-05	97763-70-7
9-05	98002-59-6
9-05	98517-01-2
9-05	P-93-0606
9-05	P-94-0464
9-05	P-95-0677
9-05	P-95-0724
9-05	RR-00554-9
9-05	RR-00585-6
9-05	RR-00675-7
9-05	RR-01639-7
9-05	RR-11146-6
9-05	RR-145866-8
9-05	RR-192911-9
9-05	RR-192912-0
9-05	RR-24352-7
9-05	RR-29525-0
9-05	RR-29526-1
9-05	RR-31090-7
9-05	RR-32772-0
9-05	RR-33682-3
9-05	RR-41418-6
9-05	RR-42178-3
9-05	RR-43729-6
9-05	RR-45492-2
9-05	RR-66993-2
9-05	RR-66994-3
9-05	RR-66996-5
9-05	RR-93835-2
9-05	UN1550
9-05	UN1551
9-05	UN1730
9-05	UN1731
9-05	UN1732
9-05	UN1733
9-05	UN2676
9-05	UN2871
9-06	1000844-74-5
9-06	10025-94-2
9-06	100402-47-9
9-06	100403-01-8
9-06	100403-11-0
9-06	100403-12-1
9-06	10098-91-6
9-06	10098-91-6
9-06	1013326-60-7
9-06	101357-09-9
9-06	101357-10-2
9-06	101357-11-3
9-06	101357-12-4
9-06	102110-16-7
9-06	102110-37-2
9-06	1028764-48-8
9-06	10361-92-9
9-06	10361-93-0
9-06	10527-41-0
9-06	106496-81-5
9-06	106496-82-6
9-06	110123-45-0
9-06	11099-13-1
9-06	11108-03-5
9-06	11129-32-1
9-06	11130-29-3
9-06	1123577-09-2
9-06	114012-65-6
9-06	114168-16-0
9-06	12003-86-0
9-06	12005-21-9
9-06	12008-32-1
9-06	12017-71-9
9-06	12027-88-2
9-06	12032-75-6
9-06	12036-87-2
9-06	12039-19-9
9-06	12043-30-0
9-06	12052-62-9
9-06	12052-70-9
9-06	12063-56-8
9-06	12067-55-9
9-06	12071-35-1
9-06	12186-97-9
9-06	12253-70-2
9-06	12255-48-0
9-06	12294-01-8
9-06	12340-04-4
9-06	1236208-79-9
9-06	12397-01-2
9-06	12412-59-8
9-06	12421-82-8
9-06	12426-34-5
9-06	12426-35-6
9-06	12438-71-0
9-06	12439-98-4
9-06	12797-68-1
9-06	1294-07-1
9-06	130028-09-0
9-06	1311-34-8
9-06	1314-36-9
9-06	132305-04-5
9-06	13469-98-2
9-06	13470-38-7
9-06	13470-40-1
9-06	13470-40-1
9-06	13494-98-9
9-06	13510-71-9
9-06	1351400-69-5
9-06	1351478-63-1
9-06	1352121-27-7
9-06	13566-12-6
9-06	13598-57-7
9-06	13692-92-7
9-06	13701-72-9
9-06	13709-49-4
9-06	13773-69-8
9-06	138009-63-9
9-06	1391150-71-2
9-06	1393690-01-1
9-06	13982-36-0
9-06	13982-36-0
9-06	13990-54-0
9-06	14017-56-2
9-06	1403582-14-8
9-06	14060-30-1
9-06	14234-24-3
9-06	14234-24-3
9-06	14274-68-1
9-06	14274-68-1
9-06	1428541-30-3
9-06	14286-95-4
9-06	14373-91-2
9-06	14723-99-0
9-06	147829-57-0
9-06	14794-98-0
9-06	14809-53-1
9-06	14809-53-1
9-06	1482515-09-2
9-06	14981-70-5
9-06	14981-70-5
9-06	15162-95-5
9-06	15422-71-6
9-06	15422-71-6
9-06	15422-72-7
9-06	15422-72-7
9-06	154357-86-5
9-06	15552-06-4
9-06	15554-47-9
9-06	15632-39-0
9-06	1565803-50-0
9-06	15751-59-4
9-06	15751-59-4
9-06	160537-98-4
9-06	1615212-74-2
9-06	1628473-53-9
9-06	1633871-09-6
9-06	16469-22-0
9-06	18404-01-8
9-06	184674-71-3
9-06	19186-73-3
9-06	208778-33-0
9-06	209418-02-0
9-06	209418-03-1
9-06	209418-04-2
9-06	210583-08-7
9-06	2172-12-5
9-06	22537-40-2
9-06	23363-14-6
9-06	25764-13-0
9-06	258282-68-7
9-06	26997-52-4
9-06	27151-36-6
9-06	312739-77-8
9-06	322407-70-5
9-06	34895-02-8
9-06	37265-86-4
9-06	378784-93-1
9-06	378784-96-4
9-06	378784-98-6
9-06	38245-39-5
9-06	39271-65-3
9-06	39271-65-3
9-06	41242-12-0
9-06	476413-07-7
9-06	500784-58-7
9-06	501423-23-0
9-06	50916-75-1
9-06	52934-13-1
9-06	556-28-5
9-06	55763-23-0
9-06	55859-81-9
9-06	56089-44-2
9-06	57158-22-2
9-06	57417-69-3
9-06	57584-28-8
9-06	57584-28-8
9-06	59843-26-4
9-06	60495-89-8
9-06	61349-33-5
9-06	64417-98-7
9-06	664996-65-0
9-06	67023-60-3
9-06	68585-80-8
9-06	68585-81-9
9-06	68585-82-0
9-06	68585-83-1
9-06	68585-84-2
9-06	68585-85-3
9-06	68585-86-4
9-06	68585-87-5
9-06	68585-88-6
9-06	68609-45-0
9-06	68683-17-0
9-06	68784-54-3
9-06	68784-82-7
9-06	68784-83-8
9-06	68908-48-5
9-06	68908-71-4
9-06	71011-09-1
9-06	71243-80-6
9-06	71799-67-2
9-06	74060-54-1
9-06	7440-65-5
9-06	7446-33-5
9-06	74930-76-0
9-06	7789-62-0
9-06	849213-95-2
9-06	851675-64-4
9-06	867-68-5
9-06	880649-77-4
9-06	896728-11-3
9-06	94481-63-7
9-06	97375-22-9
9-06	P-84-0187
9-06	RR-00618-8
9-06	RR-09929-6
9-07	10025-82-8
9-07	100656-55-1
9-07	1018852-65-7
9-07	102091-56-5
9-07	106070-25-1
9-07	12010-46-7
9-07	12010-47-8
9-07	12018-94-9
9-07	12018-95-0
9-07	12018-96-1
9-07	12030-14-7
9-07	12030-24-9
9-07	12056-07-4
9-07	12125-53-0
9-07	12136-26-4
9-07	12148-78-6
9-07	12167-90-7
9-07	1239902-45-4
9-07	12672-70-7
9-07	12672-71-8
9-07	1303-11-3
9-07	13074-68-5
9-07	1312-41-0
9-07	1312-43-2
9-07	1312-45-4
9-07	1315508-87-2
9-07	1338813-59-4
9-07	13464-82-9
9-07	13465-09-3
9-07	13465-10-6
9-07	13465-14-0
9-07	13510-35-5
9-07	1352828-70-6
9-07	13529-74-3
9-07	1370553-14-2
9-07	13709-93-8
9-07	13770-61-1
9-07	13779-78-7
9-07	13966-94-4
9-07	139767-61-6
9-07	14133-75-6
9-07	14166-78-0
9-07	14191-71-0
9-07	14280-53-6
9-07	14391-66-3
9-07	143983-91-9
9-07	14405-45-9
9-07	14693-82-4
9-07	14833-35-3
9-07	14834-18-5
9-07	14885-78-0
9-07	14914-66-0
9-07	15078-72-5
9-07	15750-15-9
9-07	16731-79-6
9-07	19567-64-7
9-07	20471-73-2
9-07	20471-73-2
9-07	20661-21-6
9-07	20694-56-8
9-07	22398-80-7
9-07	22519-64-8
9-07	244274-11-1
9-07	25114-58-3
9-07	25617-98-5
9-07	26209-91-6
9-07	27765-48-6
9-07	30734-38-4
9-07	3385-78-2
9-07	37257-75-3
9-07	37362-82-6
9-07	378253-33-9
9-07	378253-34-0
9-07	378759-60-5
9-07	378759-66-1
9-07	378759-77-4
9-07	378762-18-6
9-07	378789-47-0
9-07	40399-07-3
9-07	4194-69-8
9-07	50800-85-6
9-07	50814-97-6
9-07	50926-11-9
9-07	51341-34-5
9-07	52350-34-2
9-07	55326-87-9
9-07	56094-49-6
9-07	56668-68-9
9-07	57344-73-7
9-07	59392-50-6
9-07	60459-04-3
9-07	60662-14-8
9-07	60815-94-3
9-07	66027-93-8
9-07	66027-94-9
9-07	67816-06-2
9-07	67906-11-0
9-07	68310-35-0
9-07	68611-66-5
9-07	69011-67-2
9-07	69029-48-7
9-07	69029-49-8
9-07	69029-56-7
9-07	69029-64-7
9-07	69029-69-2
9-07	69029-90-9
9-07	69029-92-1
9-07	69375-27-5
9-07	71011-07-9
9-07	71243-84-0
9-07	71630-92-7
9-07	71747-80-3
9-07	7440-74-6
9-07	76129-48-1
9-07	7783-52-0
9-07	817163-79-4
9-07	84012-59-9
9-07	85307-36-4
9-07	87224-89-3
9-07	87224-90-6
9-07	90412-06-9
9-07	91078-80-7
9-07	91771-29-8
9-07	92274-82-3
9-07	923-34-2
9-07	94113-54-9
9-07	94233-20-2
9-07	94236-82-5
9-07	94236-83-6
9-07	94265-92-6
9-07	945764-31-8
9-07	RR-00600-8
9-07	RR-04097-1
9-07	RR-145905-8
9-08	10025-93-1
9-08	10026-10-5
9-08	100403-10-9
9-08	10049-14-6
9-08	10102-06-4
9-08	10138-94-0
9-08	10380-31-1
9-08	12007-36-2
9-08	12007-84-0
9-08	12036-71-4
9-08	12037-84-2
9-08	12039-14-4
9-08	12039-85-9
9-08	12070-09-6
9-08	12071-33-9
9-08	12134-48-4
9-08	12138-21-5
9-08	12544-62-6
9-08	1293289-56-1
9-08	1314-64-3
9-08	1344-57-6
9-08	1344-58-7
9-08	1344-59-8
9-08	13470-20-7
9-08	13470-22-9
9-08	13510-99-1
9-08	13520-83-7
9-08	13536-84-0
9-08	13568-61-1
9-08	13598-56-6
9-08	13721-34-1
9-08	13763-23-0
9-08	13775-06-9
9-08	13775-07-0
9-08	13775-18-3
9-08	13780-21-7
9-08	13966-29-5
9-08	13968-55-3
9-08	13982-01-9
9-08	13982-70-2
9-08	14158-29-3
9-08	14269-75-1
9-08	14972-01-1
9-08	15117-96-1
9-08	15137-19-6
9-08	15687-53-3
9-08	15700-08-0
9-08	15743-51-8
9-08	15780-33-3
9-08	15905-86-9
9-08	16984-59-1
9-08	17192-72-2
9-08	17712-38-8
9-08	18039-69-5
9-08	18077-77-5
9-08	18433-48-2
9-08	19525-15-6
9-08	2031-89-2
9-08	20596-91-2
9-08	20596-93-4
9-08	20910-28-5
9-08	20910-28-5
9-08	23086-58-0
9-08	24678-82-8
9-08	25658-43-9
9-08	33959-50-1
9-08	36478-76-9
9-08	39136-40-8
9-08	51680-55-8
9-08	541-09-3
9-08	54327-77-4
9-08	60542-74-7
9-08	6159-44-0
9-08	65137-03-3
9-08	66735-86-2
9-08	67939-77-9
9-08	68956-97-8
9-08	71767-12-9
9-08	7440-61-1
9-08	7783-22-4
9-08	7783-81-5
9-08	7790-63-8
9-08	7791-26-6
9-08	85536-79-4
9-08	93763-02-1
9-08	99800-13-2
9-08	RR-00044-2
9-08	RR-00045-3
9-08	RR-00617-7
9-08	RR-136471-2
9-08	RR-136472-3
9-08	RR-146116-1
9-08	RR-146118-3
9-08	RR-164825-5
9-08	RR-164827-7
9-08	UN2977
9-08	UN2978
9-09	10022-68-1
9-09	100402-53-7
9-09	10060-09-0
9-09	100656-55-1
9-09	101012-89-9
9-09	101012-93-5
9-09	101012-94-6
9-09	10108-64-2
9-09	10124-36-4
9-09	101356-99-4
9-09	101357-00-0
9-09	101357-01-1
9-09	101357-02-2
9-09	101357-03-3
9-09	101357-04-4
9-09	10163-13-0
9-09	10196-67-5
9-09	102110-30-5
9-09	102184-95-2
9-09	10325-94-7
9-09	10326-28-0
9-09	1043412-76-5
9-09	1043877-50-4
9-09	10468-30-1
9-09	104698-09-1
9-09	10471-46-2
9-09	104907-96-2
9-09	105034-60-4
9-09	106070-27-3
9-09	106097-46-5
9-09	106218-86-4
9-09	106389-75-7
9-09	106496-20-2
9-09	106496-20-2
9-09	106520-07-4
9-09	106603-47-8
9-09	1067-32-9
9-09	108706-30-5
9-09	108706-31-6
9-09	11091-69-3
9-09	11112-63-3
9-09	11113-51-2
9-09	11129-14-9
9-09	11129-14-9
9-09	113128-07-7
9-09	116086-43-2
9-09	116391-72-1
9-09	116854-17-2
9-09	116920-59-3
9-09	117912-89-7
9-09	117912-90-0
9-09	117912-91-1
9-09	1191-79-3
9-09	119222-01-4
9-09	12001-20-6
9-09	12006-15-4
9-09	12014-14-1
9-09	12014-28-7
9-09	12014-29-8
9-09	12014-33-4
9-09	12139-22-9
9-09	12139-23-0
9-09	12185-56-7
9-09	12185-64-7
9-09	12187-14-3
9-09	12213-70-6
9-09	12214-12-9
9-09	1224515-43-8
9-09	12292-07-8
9-09	12380-95-9
9-09	12400-33-8
9-09	12442-27-2
9-09	125687-98-1
9-09	12626-36-7
9-09	12656-57-4
9-09	12685-29-9
9-09	1306-13-4
9-09	1306-19-0
9-09	1306-23-6
9-09	1306-24-7
9-09	1306-25-8
9-09	130917-47-4
9-09	131500-00-0
9-09	132295-56-8
9-09	132295-57-9
9-09	1345-09-1
9-09	1345-10-4
9-09	13464-92-1
9-09	13477-17-3
9-09	13477-19-5
9-09	13477-20-8
9-09	13477-21-9
9-09	13477-22-0
9-09	13477-23-1
9-09	135742-32-4
9-09	13589-17-8
9-09	13601-63-3
9-09	136543-49-2
9-09	136543-50-5
9-09	136543-51-6
9-09	13701-66-1
9-09	13755-33-4
9-09	13760-37-7
9-09	13814-59-0
9-09	13814-62-5
9-09	13832-25-2
9-09	13847-17-1
9-09	13890-84-1
9-09	13966-86-4
9-09	13972-68-4
9-09	14010-06-1
9-09	14017-36-8
9-09	14067-62-0
9-09	141-00-4
9-09	14109-32-1
9-09	14109-32-1
9-09	14177-24-3
9-09	14177-24-3
9-09	14184-47-5
9-09	14215-29-3
9-09	14239-68-0
9-09	14312-00-6
9-09	14336-66-4
9-09	14336-66-4
9-09	14336-68-6
9-09	14336-68-6
9-09	1436666-97-5
9-09	143983-90-8
9-09	14402-75-6
9-09	1441148-55-5
9-09	14429-85-7
9-09	1448522-72-2
9-09	14486-19-2
9-09	14518-94-6
9-09	14520-70-8
9-09	14566-86-0
9-09	14689-45-3
9-09	14709-52-5
9-09	14709-52-5
9-09	14874-24-9
9-09	14923-81-0
9-09	14949-59-8
9-09	14949-60-1
9-09	15139-70-5
9-09	15139-70-5
9-09	15244-35-6
9-09	15276-40-1
9-09	15337-60-7
9-09	15600-62-1
9-09	15630-39-4
9-09	15682-87-8
9-09	15708-29-9
9-09	15743-19-8
9-09	15851-44-2
9-09	15852-14-9
9-09	16039-55-7
9-09	16056-72-7
9-09	16105-06-9
9-09	1623456-05-2
9-09	163961-08-8
9-09	1645316-98-8
9-09	16593-57-0
9-09	167077-85-2
9-09	16986-83-7
9-09	17010-21-8
9-09	17033-07-7
9-09	17329-48-5
9-09	1773514-66-1
9-09	1773514-92-3
9-09	18532-52-0
9-09	18532-58-6
9-09	1884414-00-9
9-09	18897-36-4
9-09	18974-20-4
9-09	18991-05-4
9-09	19010-65-2
9-09	19010-79-8
9-09	190899-29-7
9-09	19262-93-2
9-09	1926976-90-0
9-09	19651-91-3
9-09	20571-45-3
9-09	20648-91-3
9-09	2087110-63-0
9-09	21041-95-2
9-09	210909-42-5
9-09	21150-88-9
9-09	21328-74-5
9-09	2134593-22-7
9-09	21360-94-1
9-09	2191-10-8
9-09	2196169-62-5
9-09	2223-93-0
9-09	22465-18-5
9-09	22537-48-0
9-09	22750-53-4
9-09	22750-54-5
9-09	23100-72-3
9-09	2408-86-8
9-09	2412416-26-1
9-09	2420-97-5
9-09	2420-98-6
9-09	24345-60-6
9-09	24558-49-4
9-09	24558-49-4
9-09	245727-62-2
9-09	2485700-58-9
9-09	2490500-45-1
9-09	25685-75-0
9-09	26006-65-5
9-09	26006-69-9
9-09	2605-44-9
9-09	26264-48-2
9-09	2641128-84-7
9-09	2724228-22-0
9-09	27476-27-3
9-09	2749963-13-9
9-09	28038-18-8
9-09	28038-25-7
9-09	28041-77-2
9-09	28302-54-7
9-09	2847-16-7
9-09	28825-30-1
9-09	2888539-04-4
9-09	29398-76-3
9-09	29398-76-3
9-09	29736-89-8
9-09	2984549-53-1
9-09	29870-72-2
9-09	2996841-70-2
9-09	29977-13-7
9-09	3026-22-0
9-09	30304-32-6
9-09	303114-50-3
9-09	30363-28-1
9-09	30623-04-2
9-09	307531-70-0
9-09	30905-38-5
9-09	30905-38-5
9-09	309242-71-5
9-09	31017-44-4
9-09	31119-53-6
9-09	31215-94-8
9-09	32593-99-0
9-09	34100-40-8
9-09	34303-23-6
9-09	34330-64-8
9-09	34345-39-6
9-09	34410-88-3
9-09	35658-65-2
9-09	35803-35-1
9-09	36211-44-6
9-09	36931-18-7
9-09	37131-86-5
9-09	37364-06-0
9-09	378253-44-2
9-09	378253-44-2
9-09	378253-45-3
9-09	378253-45-3
9-09	378253-46-4
9-09	378253-46-4
9-09	38386-25-3
9-09	38517-19-0
9-09	405884-26-6
9-09	41113-59-1
9-09	4167-05-9
9-09	4390-97-0
9-09	4464-23-7
9-09	4476-04-4
9-09	4696-59-7
9-09	49707-39-3
9-09	49784-42-1
9-09	49784-44-3
9-09	506-82-1
9-09	50648-02-7
9-09	5112-16-3
9-09	51222-60-7
9-09	513-78-0
9-09	52037-44-2
9-09	52337-78-7
9-09	53168-83-5
9-09	53168-85-7
9-09	53846-34-7
9-09	542-83-6
9-09	543-90-8
9-09	55060-82-7
9-09	55425-74-6
9-09	55700-14-6
9-09	56982-42-4
9-09	5743-04-4
9-09	58339-34-7
9-09	592-02-9
9-09	59223-35-7
9-09	61129-40-6
9-09	61789-34-2
9-09	61951-96-0
9-09	62149-56-8
9-09	62642-07-3
9-09	62642-07-3
9-09	62865-26-3
9-09	62930-81-8
9-09	63400-09-9
9-09	6427-86-7
9-09	64681-08-9
9-09	654054-66-7
9-09	65997-18-4
9-09	67906-19-8
9-09	67939-62-2
9-09	67989-93-9
9-09	68092-45-5
9-09	68131-58-8
9-09	68131-59-9
9-09	68214-25-5
9-09	68309-98-8
9-09	68332-81-0
9-09	68409-82-5
9-09	68441-39-4
9-09	68478-53-5
9-09	68479-13-0
9-09	68512-49-2
9-09	68512-50-5
9-09	68512-51-6
9-09	68583-43-7
9-09	68583-44-8
9-09	68583-45-9
9-09	68584-41-8
9-09	68584-42-9
9-09	68784-10-1
9-09	68784-55-4
9-09	68784-58-7
9-09	68855-80-1
9-09	68859-25-6
9-09	68876-84-6
9-09	68876-90-4
9-09	68876-98-2
9-09	68876-99-3
9-09	68877-00-9
9-09	68877-01-0
9-09	68891-87-2
9-09	68953-39-9
9-09	68954-18-7
9-09	68956-81-0
9-09	68966-97-2
9-09	69011-66-1
9-09	69011-67-2
9-09	69011-69-4
9-09	69011-70-7
9-09	69012-21-1
9-09	69012-44-8
9-09	69012-51-7
9-09	69012-57-3
9-09	69012-63-1
9-09	69012-67-5
9-09	69029-48-7
9-09	69029-49-8
9-09	69029-63-6
9-09	69029-69-2
9-09	69029-70-5
9-09	69029-77-2
9-09	69029-78-3
9-09	69029-81-8
9-09	69029-89-6
9-09	69029-90-9
9-09	69029-91-0
9-09	69029-92-1
9-09	69029-95-4
9-09	69029-96-5
9-09	69121-20-6
9-09	69190-99-4
9-09	695161-38-7
9-09	70084-75-2
9-09	70206-08-5
9-09	7058-55-1
9-09	71231-59-9
9-09	71243-75-9
9-09	71411-66-0
9-09	71436-99-2
9-09	71599-06-9
9-09	71861-27-3
9-09	72172-64-6
9-09	72275-93-5
9-09	72589-96-9
9-09	72828-62-7
9-09	72869-26-2
9-09	72869-63-7
9-09	72968-34-4
9-09	7346-68-1
9-09	73941-35-2
9-09	74178-35-1
9-09	74231-61-1
9-09	74278-22-1
9-09	7440-43-9
9-09	7495-93-4
9-09	7544-40-3
9-09	7568-37-8
9-09	76093-98-6
9-09	76835-97-7
9-09	76871-66-4
9-09	77289-75-9
9-09	7789-42-6
9-09	7790-78-5
9-09	7790-79-6
9-09	7790-80-9
9-09	7790-81-0
9-09	7790-82-1
9-09	7790-83-2
9-09	7790-84-3
9-09	7790-85-4
9-09	79490-00-9
9-09	79990-52-6
9-09	8048-07-5
9-09	814-88-0
9-09	84696-56-0
9-09	84878-36-4
9-09	84878-37-5
9-09	84878-48-8
9-09	84878-51-3
9-09	84953-43-5
9-09	85117-02-8
9-09	85117-20-0
9-09	85586-15-8
9-09	85688-00-2
9-09	85958-86-7
9-09	85994-31-6
9-09	865-38-3
9-09	87835-30-1
9-09	89759-80-8
9-09	90194-35-7
9-09	90218-85-2
9-09	90342-19-1
9-09	90411-62-4
9-09	90529-78-5
9-09	905982-64-1
9-09	90604-89-0
9-09	90604-90-3
9-09	91053-44-0
9-09	91053-46-2
9-09	91053-47-3
9-09	91697-35-7
9-09	92062-13-0
9-09	92128-37-5
9-09	92257-06-2
9-09	92257-11-9
9-09	92704-12-6
9-09	92704-15-9
9-09	92704-19-3
9-09	92704-24-0
9-09	92797-28-9
9-09	93367-04-5
9-09	93686-40-9
9-09	93820-02-1
9-09	93858-50-5
9-09	93894-07-6
9-09	93894-08-7
9-09	93894-09-8
9-09	93894-10-1
9-09	93965-24-3
9-09	93965-30-1
9-09	93983-65-4
9-09	94232-49-2
9-09	94247-16-2
9-09	94275-93-1
9-09	94275-94-2
9-09	94551-70-9
9-09	94551-79-8
9-09	94551-80-1
9-09	95892-12-9
9-09	97259-82-0
9-09	99587-10-7
9-09	99749-34-5
9-09	RR-00559-4
9-09	RR-01638-6
9-09	RR-01915-8
9-09	RR-02247-9
9-09	RR-04012-0
9-09	RR-06942-1
9-09	RR-10389-9
9-09	RR-11151-3
9-09	RR-11152-4
9-09	RR-13216-1
9-09	RR-14283-6
9-09	RR-145869-1
9-09	RR-17718-4
9-09	RR-17718-4
9-09	RR-41296-4
9-09	RR-42177-2
9-09	RR-42178-3
9-09	RR-42180-7
9-09	RR-42183-0
9-09	RR-42187-4
9-09	RR-42805-7
9-09	RR-56254-9
9-09	RR-64385-6
9-09	RR-93912-8
9-09	UN2570
9-10	10294-26-5
9-10	11113-87-4
9-10	1147709-34-9
9-10	12002-67-4
9-10	12005-82-2
9-10	12344-40-0
9-10	12376-95-3
9-10	12553-68-3
9-10	12587-98-3
9-10	13497-94-4
9-10	13974-19-1
9-10	14104-20-2
9-10	1423809-66-8
9-10	14242-05-8
9-10	14325-99-6
9-10	14331-86-3
9-10	14333-39-2
9-10	14391-65-2
9-10	14391-76-5
9-10	146-84-9
9-10	14833-32-0
9-10	14928-14-4
9-10	14967-69-2
9-10	15116-79-7
9-10	15124-04-6
9-10	15336-58-0
9-10	15634-29-4
9-10	15760-04-0
9-10	15760-07-3
9-10	16920-45-9
9-10	172826-34-5
9-10	188916-45-2
9-10	188916-46-3
9-10	19287-89-9
9-10	204594-09-2
9-10	2541-67-5
9-10	26042-63-7
9-10	26042-64-8
9-10	26088-37-9
9-10	26330-60-9
9-10	31890-20-7
9-10	331717-44-3
9-10	34445-07-3
9-10	378784-20-4
9-10	378784-21-5
9-10	378784-22-6
9-10	378784-23-7
9-10	378784-24-8
9-10	44236-30-8
9-10	454467-21-1
9-10	506-61-6
9-10	5610-59-3
9-10	563-63-3
9-10	70251-05-7
9-10	7440-22-4
9-10	745795-74-8
9-10	7761-88-8
9-10	7775-41-9
9-10	7783-92-8
9-10	7783-93-9
9-10	7783-98-4
9-10	7783-99-5
9-10	7784-05-6
9-10	7784-08-9
9-10	8012-12-2
9-10	87354-45-8
9-10	87370-84-1
9-10	930120-90-4
9-10	RR-00041-9
9-10	UN1493
9-10	UN1683
9-11	100085-47-0
9-11	10022-47-6
9-11	10022-48-7
9-11	100231-60-5
9-11	10025-73-7
9-11	10027-12-0
9-11	10031-16-0
9-11	10031-25-1
9-11	10031-37-5
9-11	10031-37-5
9-11	10034-82-9
9-11	10039-53-9
9-11	100402-65-1
9-11	100468-44-8
9-11	10049-05-5
9-11	10049-10-2
9-11	10049-11-3
9-11	10049-25-9
9-11	10060-08-9
9-11	10060-12-5
9-11	100629-17-2
9-11	100656-50-6
9-11	100908-09-6
9-11	10101-53-8
9-11	10101-75-4
9-11	10101-75-4
9-11	101027-05-8
9-11	10103-47-6
9-11	10127-05-6
9-11	10127-27-2
9-11	10127-28-3
9-11	101357-08-8
9-11	101359-30-2
9-11	10141-00-1
9-11	101607-36-7
9-11	101672-09-7
9-11	10170-68-0
9-11	101836-91-3
9-11	1018900-84-9
9-11	102110-69-0
9-11	102110-72-5
9-11	102262-17-9
9-11	102262-20-4
9-11	102262-21-5
9-11	102262-22-6
9-11	102262-23-7
9-11	102322-77-0
9-11	102381-84-0
9-11	102382-72-9
9-11	10241-21-1
9-11	10241-27-7
9-11	102496-08-2
9-11	102506-12-7
9-11	102561-72-8
9-11	102561-73-9
9-11	102782-47-8
9-11	102782-48-9
9-11	102782-49-0
9-11	102782-50-3
9-11	10279-42-2
9-11	10279-63-7
9-11	10294-40-3
9-11	10294-52-7
9-11	10294-53-8
9-11	1029600-34-7
9-11	103241-63-0
9-11	10343-55-2
9-11	10343-58-5
9-11	103458-48-6
9-11	103651-07-6
9-11	103651-08-7
9-11	103671-34-7
9-11	10380-20-8
9-11	10380-30-0
9-11	103819-10-9
9-11	104105-46-6
9-11	104316-82-7
9-11	104316-83-8
9-11	104466-01-5
9-11	104466-02-6
9-11	104791-17-5
9-11	104791-31-3
9-11	104815-52-3
9-11	10588-01-9
9-11	106065-05-8
9-11	106084-79-1
9-11	106168-42-7
9-11	1066-30-4
9-11	106866-56-2
9-11	1079350-90-5
9-11	1088355-13-8
9-11	109048-90-0
9-11	109125-50-0
9-11	109125-51-1
9-11	109125-62-4
9-11	109201-26-5
9-11	109225-23-2
9-11	1093852-36-8
9-11	109414-04-2
9-11	109657-68-3
9-11	109657-69-4
9-11	110375-89-8
9-11	110375-90-1
9-11	110532-38-2
9-11	110553-28-1
9-11	11103-86-9
9-11	111031-82-4
9-11	11104-59-9
9-11	11104-65-7
9-11	11113-70-5
9-11	11114-46-8
9-11	11114-92-4
9-11	11115-74-5
9-11	11115-74-5
9-11	11118-57-3
9-11	11119-70-3
9-11	111256-87-2
9-11	112285-78-6
9-11	112510-35-7
9-11	112764-80-4
9-11	112764-81-5
9-11	112764-82-6
9-11	113015-82-0
9-11	113163-33-0
9-11	114374-61-7
9-11	114886-92-9
9-11	114886-93-0
9-11	114886-94-1
9-11	114886-95-2
9-11	114886-96-3
9-11	114886-97-4
9-11	114886-98-5
9-11	114886-99-6
9-11	114887-00-2
9-11	114887-04-6
9-11	114959-47-6
9-11	114959-48-7
9-11	115341-05-4
9-11	115465-57-1
9-11	115517-69-6
9-11	115517-70-9
9-11	115517-71-0
9-11	115658-56-5
9-11	115658-57-6
9-11	115949-83-2
9-11	115949-89-8
9-11	116032-59-8
9-11	116049-38-8
9-11	116305-12-5
9-11	116565-73-2
9-11	116565-74-3
9-11	117527-94-3
9-11	118460-97-2
9-11	118496-41-6
9-11	118556-91-5
9-11	118685-18-0
9-11	118685-19-1
9-11	118685-33-9
9-11	118716-61-3
9-11	118716-62-4
9-11	1187200-64-1
9-11	118870-19-2
9-11	1189-85-1
9-11	1191429-72-7
9-11	1191464-81-9
9-11	119535-63-6
9-11	119654-54-5
9-11	119801-45-5
9-11	12000-34-9
9-11	12001-89-7
9-11	12001-99-9
9-11	12006-79-0
9-11	12006-80-3
9-11	12007-16-8
9-11	12007-38-4
9-11	12007-88-4
9-11	12011-60-8
9-11	12011-61-9
9-11	12011-63-1
9-11	12012-35-0
9-11	12013-31-9
9-11	12016-69-2
9-11	12017-79-7
9-11	12017-86-6
9-11	12017-94-6
9-11	12018-00-7
9-11	12018-01-8
9-11	12018-08-5
9-11	12018-09-6
9-11	12018-10-9
9-11	12018-17-6
9-11	12018-18-7
9-11	12018-19-8
9-11	12018-22-3
9-11	12018-32-5
9-11	12018-34-7
9-11	12018-36-9
9-11	12018-40-5
9-11	120418-78-2
9-11	120418-79-3
9-11	120418-80-6
9-11	120418-81-7
9-11	12045-40-8
9-11	12045-71-5
9-11	120522-64-7
9-11	120522-66-9
9-11	12053-00-8
9-11	12053-12-2
9-11	12053-13-3
9-11	12053-18-8
9-11	12053-26-8
9-11	12053-27-9
9-11	12053-29-1
9-11	12053-39-3
9-11	12053-47-3
9-11	120558-28-3
9-11	120573-95-7
9-11	120574-56-3
9-11	12068-77-8
9-11	12069-41-9
9-11	12075-40-0
9-11	12082-08-5
9-11	1208240-55-4
9-11	12083-24-8
9-11	12083-33-9
9-11	12099-17-1
9-11	12105-81-6
9-11	12108-11-1
9-11	12115-65-0
9-11	12116-44-8
9-11	12125-72-3
9-11	121281-35-4
9-11	12129-27-0
9-11	12129-67-8
9-11	12134-11-1
9-11	12134-17-7
9-11	12134-19-9
9-11	12154-63-1
9-11	12158-37-1
9-11	12158-48-4
9-11	12158-49-5
9-11	12170-19-3
9-11	12182-76-2
9-11	12182-82-0
9-11	12182-82-0
9-11	12190-87-3
9-11	12190-88-4
9-11	12190-91-9
9-11	12190-92-0
9-11	12213-61-5
9-11	12218-36-9
9-11	12218-94-9
9-11	12218-95-0
9-11	12218-96-1
9-11	12218-99-4
9-11	12220-52-9
9-11	12220-77-8
9-11	12220-85-8
9-11	12220-90-5
9-11	12225-64-8
9-11	12226-00-5
9-11	12231-18-4
9-11	12235-24-4
9-11	12237-22-8
9-11	12238-55-0
9-11	12241-41-7
9-11	12254-85-2
9-11	122564-98-1
9-11	122619-87-8
9-11	12269-80-6
9-11	12270-05-2
9-11	12285-50-6
9-11	12287-02-4
9-11	1229022-62-1
9-11	12314-42-0
9-11	123193-41-9
9-11	12324-05-9
9-11	12324-08-2
9-11	12326-98-6
9-11	123333-98-2
9-11	12336-95-7
9-11	12392-64-2
9-11	12409-08-4
9-11	12427-37-1
9-11	12433-14-6
9-11	12433-24-8
9-11	12433-30-6
9-11	12433-50-0
9-11	125233-42-3
9-11	12527-08-1
9-11	125297-06-5
9-11	125297-07-6
9-11	125378-90-7
9-11	125378-92-9
9-11	125378-93-0
9-11	125378-94-1
9-11	125378-95-2
9-11	12542-51-7
9-11	12548-37-7
9-11	12552-55-5
9-11	12617-87-7
9-11	12619-84-0
9-11	12626-43-6
9-11	12626-44-7
9-11	12629-02-6
9-11	12638-07-2
9-11	12645-11-3
9-11	12653-55-3
9-11	12653-68-8
9-11	12656-85-8
9-11	12680-48-7
9-11	12689-83-7
9-11	12705-38-3
9-11	12709-98-7
9-11	1271-24-5
9-11	1271-54-1
9-11	1271220-40-6
9-11	1271729-19-1
9-11	1271729-20-4
9-11	127278-99-3
9-11	12737-27-8
9-11	12737-97-2
9-11	12768-76-2
9-11	12777-94-5
9-11	127851-78-9
9-11	128448-04-4
9-11	128715-37-7
9-11	128976-28-3
9-11	129984-38-9
9-11	129984-39-0
9-11	13007-92-6
9-11	13011-63-7
9-11	13011-65-9
9-11	1304-75-2
9-11	130701-55-2
9-11	1308-09-4
9-11	1308-13-0
9-11	1308-14-1
9-11	1308-29-8
9-11	1308-31-2
9-11	1308-38-9
9-11	1310414-90-4
9-11	131162-93-1
9-11	131461-87-5
9-11	131549-38-7
9-11	13221-10-8
9-11	1323950-28-2
9-11	132435-13-3
9-11	132435-14-4
9-11	132539-03-8
9-11	132539-05-0
9-11	1328-67-2
9-11	13308-40-2
9-11	13318-01-9
9-11	1333-82-0
9-11	1335-24-6
9-11	133556-24-8
9-11	1336-14-7
9-11	13423-61-5
9-11	1344-37-2
9-11	1344-38-3
9-11	1344-74-7
9-11	13444-75-2
9-11	13446-72-5
9-11	13446-73-6
9-11	13453-35-5
9-11	13453-35-5
9-11	13454-78-9
9-11	13455-25-9
9-11	13463-42-8
9-11	13465-34-4
9-11	13465-34-4
9-11	13473-75-1
9-11	13475-98-4
9-11	13475-98-4
9-11	13477-01-5
9-11	13477-01-5
9-11	13478-06-3
9-11	13478-28-9
9-11	1350718-36-3
9-11	1351377-69-9
9-11	13517-17-4
9-11	13520-66-6
9-11	13530-65-9
9-11	13530-67-1
9-11	13530-68-2
9-11	13537-21-8
9-11	13548-38-4
9-11	13548-42-0
9-11	13548-43-1
9-11	13569-75-0
9-11	13573-16-5
9-11	13573-17-6
9-11	13601-11-1
9-11	136141-00-9
9-11	13675-47-3
9-11	13765-19-0
9-11	137904-18-8
9-11	13820-25-2
9-11	13825-86-0
9-11	13843-81-7
9-11	13907-45-4
9-11	13907-47-6
9-11	1391351-00-0
9-11	1391764-70-7
9-11	13930-94-4
9-11	139460-45-0
9-11	139728-49-7
9-11	13977-71-4
9-11	14018-95-2
9-11	14024-50-1
9-11	140835-91-2
9-11	14104-85-9
9-11	1416147-57-3
9-11	14216-88-7
9-11	14217-01-7
9-11	14244-35-0
9-11	1426817-51-7
9-11	14282-33-8
9-11	143065-90-1
9-11	14307-33-6
9-11	14307-35-8
9-11	14312-00-6
9-11	14320-13-9
9-11	14325-26-9
9-11	14392-02-0
9-11	144246-96-8
9-11	14445-91-1
9-11	144855-63-0
9-11	14489-25-9
9-11	14507-18-7
9-11	14592-89-3
9-11	14639-25-9
9-11	14640-57-4
9-11	14675-41-3
9-11	14676-93-8
9-11	1469859-20-8
9-11	14721-18-7
9-11	14766-82-6
9-11	148262-86-6
9-11	14833-09-1
9-11	149564-65-8
9-11	149564-66-9
9-11	149626-00-6
9-11	14976-80-8
9-11	14977-61-8
9-11	14982-80-0
9-11	14986-48-2
9-11	15005-90-0
9-11	15096-41-0
9-11	15123-22-5
9-11	15242-96-3
9-11	15244-38-9
9-11	15275-09-9
9-11	15363-19-6
9-11	15363-28-7
9-11	15417-46-6
9-11	15418-25-4
9-11	154857-50-8
9-11	155067-80-4
9-11	15586-38-6
9-11	15586-38-6
9-11	15597-88-3
9-11	15659-56-0
9-11	156816-50-1
9-11	15713-60-7
9-11	15758-14-2
9-11	158086-59-0
9-11	1587696-88-5
9-11	15907-14-9
9-11	15928-77-5
9-11	15930-94-6
9-11	159518-93-1
9-11	159574-72-8
9-11	15977-59-0
9-11	16037-50-6
9-11	160514-18-1
9-11	16065-83-1
9-11	160673-88-1
9-11	160867-07-2
9-11	160869-69-2
9-11	160869-74-9
9-11	160901-47-3
9-11	16091-77-3
9-11	1609493-04-0
9-11	1610419-57-2
9-11	1610954-05-6
9-11	1624-02-8
9-11	16284-59-6
9-11	16286-27-4
9-11	164057-73-2
9-11	16432-36-3
9-11	165589-75-3
9-11	16565-94-9
9-11	16569-85-0
9-11	16569-86-1
9-11	16569-87-2
9-11	166269-55-2
9-11	16671-27-5
9-11	16922-87-5
9-11	16923-74-3
9-11	17099-80-8
9-11	17135-66-9
9-11	171966-37-3
9-11	171966-38-4
9-11	171966-39-5
9-11	171966-40-8
9-11	171966-42-0
9-11	171966-43-1
9-11	171966-44-2
9-11	171966-45-3
9-11	172018-28-9
9-11	172343-57-6
9-11	172343-59-8
9-11	172343-60-1
9-11	172343-61-2
9-11	172777-20-7
9-11	172777-25-2
9-11	172825-43-3
9-11	172928-54-0
9-11	172928-56-2
9-11	17593-70-3
9-11	17836-27-0
9-11	178452-71-6
9-11	178452-72-7
9-11	1792172-36-1
9-11	180262-71-9
9-11	181028-80-8
9-11	181768-98-9
9-11	18324-39-5
9-11	183858-81-3
9-11	18432-25-2
9-11	18454-12-1
9-11	184719-87-7
9-11	18540-29-9
9-11	185464-26-0
9-11	18756-42-8
9-11	18756-44-0
9-11	188300-41-6
9-11	188785-87-7
9-11	18906-50-8
9-11	18984-90-2
9-11	18987-99-0
9-11	190525-00-9
9-11	191358-82-4
9-11	19154-29-1
9-11	19154-30-4
9-11	19154-31-5
9-11	192662-33-2
9-11	19441-09-9
9-11	19512-14-2
9-11	195161-82-1
9-11	19583-99-4
9-11	196696-68-1
9-11	19717-98-7
9-11	199384-58-2
9-11	20039-37-6
9-11	20195-23-7
9-11	20203-47-8
9-11	20249-21-2
9-11	20492-50-6
9-11	20714-20-9
9-11	20770-05-2
9-11	21178-63-2
9-11	21180-84-7
9-11	212716-69-3
9-11	212716-70-6
9-11	21409-48-3
9-11	21679-31-2
9-11	219539-04-5
9-11	219828-32-7
9-11	220767-90-8
9-11	221455-10-3
9-11	22323-45-1
9-11	22323-45-1
9-11	22541-79-3
9-11	225797-70-6
9-11	22967-36-8
9-11	23371-94-0
9-11	23371-94-0
9-11	237391-94-5
9-11	24094-93-7
9-11	24256-56-2
9-11	24305-97-3
9-11	24328-40-3
9-11	24381-60-0
9-11	24381-61-1
9-11	24613-89-6
9-11	24669-13-4
9-11	24934-60-9
9-11	25013-81-4
9-11	25013-82-5
9-11	2508-97-6
9-11	25182-44-9
9-11	25718-61-0
9-11	26299-14-9
9-11	26342-61-0
9-11	26416-07-9
9-11	27096-04-4
9-11	27115-36-2
9-11	27133-42-2
9-11	27133-66-0
9-11	27425-58-7
9-11	27425-60-1
9-11	27519-39-7
9-11	27787-63-9
9-11	27849-89-4
9-11	27850-15-3
9-11	27882-76-4
9-11	28084-27-7
9-11	28155-72-8
9-11	28161-99-1
9-11	292609-13-3
9-11	294202-64-5
9-11	29632-23-3
9-11	29689-14-3
9-11	29890-29-7
9-11	29991-00-2
9-11	30112-70-0
9-11	3023293-39-9
9-11	30441-38-4
9-11	30596-51-1
9-11	30737-19-0
9-11	30785-74-1
9-11	31087-39-5
9-11	31303-42-1
9-11	31636-06-3
9-11	31714-55-3
9-11	32517-36-5
9-11	327177-98-0
9-11	32732-14-2
9-11	33270-70-1
9-11	33518-89-7
9-11	33661-40-4
9-11	34156-26-8
9-11	34215-66-2
9-11	34415-65-1
9-11	34430-82-5
9-11	3444-17-5
9-11	34448-20-9
9-11	34481-85-1
9-11	34493-01-1
9-11	346693-15-0
9-11	346693-16-1
9-11	346709-18-0
9-11	346709-19-1
9-11	346709-20-4
9-11	34848-09-4
9-11	36011-51-5
9-11	36221-65-5
9-11	36352-77-9
9-11	36563-89-0
9-11	36633-33-7
9-11	36655-14-8
9-11	3700-69-4
9-11	371973-51-2
9-11	37224-56-9
9-11	37224-57-0
9-11	37235-82-8
9-11	37300-23-5
9-11	37337-13-6
9-11	37367-87-6
9-11	37382-24-4
9-11	375844-55-6
9-11	375844-57-8
9-11	375844-58-9
9-11	375844-65-8
9-11	37809-34-0
9-11	3843-17-2
9-11	38455-77-5
9-11	38459-17-5
9-11	38833-00-0
9-11	38845-55-5
9-11	39002-49-8
9-11	39275-63-3
9-11	39297-19-3
9-11	39322-04-8
9-11	39345-92-1
9-11	39378-25-1
9-11	39380-78-4
9-11	39400-35-6
9-11	39430-51-8
9-11	39455-56-6
9-11	39609-25-1
9-11	40278-59-9
9-11	40752-90-7
9-11	41189-36-0
9-11	41261-95-4
9-11	41579-63-9
9-11	41646-40-6
9-11	41741-86-0
9-11	42208-99-1
9-11	4493-37-2
9-11	47865-34-9
9-11	47872-95-7
9-11	47872-97-9
9-11	49663-84-5
9-11	499126-69-1
9-11	50316-88-6
9-11	50497-83-1
9-11	50497-85-3
9-11	50525-41-2
9-11	50525-58-1
9-11	50922-29-7
9-11	50925-66-1
9-11	50929-82-3
9-11	51022-91-4
9-11	51053-45-3
9-11	51147-75-2
9-11	51222-17-4
9-11	51329-63-6
9-11	51472-11-8
9-11	51888-17-6
9-11	51899-02-6
9-11	52110-72-2
9-11	52256-37-8
9-11	52256-39-0
9-11	52256-40-3
9-11	52277-71-1
9-11	52277-74-4
9-11	52440-39-8
9-11	52455-30-8
9-11	52587-68-5
9-11	52677-44-8
9-11	52677-57-3
9-11	52869-79-1
9-11	52953-39-6
9-11	52953-41-0
9-11	52953-42-1
9-11	53036-44-5
9-11	53036-47-8
9-11	53206-40-9
9-11	53206-41-0
9-11	53295-04-8
9-11	53529-09-2
9-11	53749-20-5
9-11	53809-63-5
9-11	54306-63-7
9-11	54322-60-0
9-11	54692-53-4
9-11	54991-58-1
9-11	55039-14-0
9-11	55136-34-0
9-11	55147-94-9
9-11	55353-02-1
9-11	553650-13-8
9-11	55392-76-2
9-11	55613-78-0
9-11	55657-54-0
9-11	55809-98-8
9-11	55917-86-7
9-11	5601-29-6
9-11	5610-64-0
9-11	561029-54-7
9-11	56110-75-9
9-11	56237-72-0
9-11	56269-88-6
9-11	56320-90-2
9-11	56466-00-3
9-11	56549-24-7
9-11	56660-19-6
9-11	56663-29-7
9-11	56730-34-8
9-11	56819-40-0
9-11	57033-98-4
9-11	57072-40-9
9-11	57108-69-7
9-11	57131-76-7
9-11	57131-77-8
9-11	57206-81-2
9-11	57206-83-4
9-11	57456-13-0
9-11	57486-05-2
9-11	57486-12-1
9-11	57674-14-3
9-11	57693-14-8
9-11	57790-30-4
9-11	58319-32-7
9-11	58640-42-9
9-11	59157-64-1
9-11	59178-46-0
9-11	59307-44-7
9-11	59307-46-9
9-11	59307-49-2
9-11	59330-20-0
9-11	59335-19-2
9-11	59335-21-6
9-11	59459-49-3
9-11	59459-52-8
9-11	59518-88-6
9-11	60763-96-4
9-11	61120-84-1
9-11	61204-26-0
9-11	61275-47-6
9-11	61512-60-5
9-11	61513-05-1
9-11	61513-06-2
9-11	61513-07-3
9-11	61623-21-0
9-11	61725-78-8
9-11	61725-86-8
9-11	61788-69-0
9-11	61813-59-0
9-11	61901-87-9
9-11	61916-41-4
9-11	61916-42-5
9-11	61931-16-6
9-11	61931-53-1
9-11	61931-84-8
9-11	62037-24-5
9-11	62498-20-8
9-11	62524-44-1
9-11	62654-05-1
9-11	62744-21-2
9-11	628-52-4
9-11	63020-43-9
9-11	63182-21-8
9-11	63231-86-7
9-11	63388-88-5
9-11	63497-09-6
9-11	6370-08-7
9-11	6370-09-8
9-11	6370-12-3
9-11	6370-14-5
9-11	6370-15-6
9-11	63815-15-6
9-11	63872-05-9
9-11	63910-74-7
9-11	63950-89-0
9-11	63982-58-1
9-11	6407-99-4
9-11	6408-02-2
9-11	6408-05-5
9-11	6408-06-6
9-11	6408-15-7
9-11	6408-19-1
9-11	6408-22-6
9-11	6408-26-0
9-11	6408-29-3
9-11	6408-31-7
9-11	6408-33-9
9-11	6408-34-0
9-11	64093-79-4
9-11	6427-90-3
9-11	64452-96-6
9-11	6449-00-9
9-11	64523-06-4
9-11	64560-69-6
9-11	64560-71-0
9-11	6459-65-0
9-11	64611-70-7
9-11	64611-72-9
9-11	64611-73-0
9-11	6472-55-5
9-11	6505-91-5
9-11	65229-24-5
9-11	65277-39-6
9-11	65504-45-2
9-11	65629-44-9
9-11	65664-27-9
9-11	65718-42-5
9-11	65979-96-6
9-11	66006-52-8
9-11	66009-93-6
9-11	66010-29-5
9-11	66142-95-8
9-11	6656-00-4
9-11	6656-01-5
9-11	6656-02-6
9-11	66860-79-5
9-11	67109-27-7
9-11	6717-29-9
9-11	6717-33-5
9-11	67352-35-6
9-11	67352-37-8
9-11	67414-28-2
9-11	67800-97-9
9-11	67800-98-0
9-11	67874-39-9
9-11	67893-10-1
9-11	67924-22-5
9-11	67939-06-4
9-11	67989-83-7
9-11	67989-91-7
9-11	68039-62-3
9-11	68039-63-4
9-11	68039-65-6
9-11	68132-92-3
9-11	68133-82-4
9-11	68141-02-6
9-11	68155-48-6
9-11	68186-88-9
9-11	68186-90-3
9-11	68186-91-4
9-11	68186-92-5
9-11	68186-96-9
9-11	68187-09-7
9-11	68187-11-1
9-11	68187-12-2
9-11	68187-27-9
9-11	68187-49-5
9-11	68187-53-1
9-11	68187-56-4
9-11	68189-81-1
9-11	68201-65-0
9-11	68201-73-0
9-11	68201-74-1
9-11	68214-26-6
9-11	68214-27-7
9-11	68227-17-8
9-11	68239-51-0
9-11	68239-52-1
9-11	68334-57-6
9-11	68368-55-8
9-11	68368-56-9
9-11	68406-65-5
9-11	68411-09-6
9-11	68448-46-4
9-11	68458-80-0
9-11	68475-49-0
9-11	68478-55-7
9-11	68478-56-8
9-11	68479-93-6
9-11	68479-94-7
9-11	68479-95-8
9-11	68512-47-0
9-11	68516-21-2
9-11	68516-25-6
9-11	68517-00-0
9-11	68517-01-1
9-11	68541-69-5
9-11	68541-70-8
9-11	68541-71-9
9-11	68541-72-0
9-11	68553-01-5
9-11	68555-06-6
9-11	68556-27-4
9-11	68583-47-1
9-11	685853-81-0
9-11	68610-93-5
9-11	68610-94-6
9-11	68611-42-7
9-11	68683-16-9
9-11	68784-60-1
9-11	68833-89-6
9-11	68833-90-9
9-11	68891-96-3
9-11	68891-97-4
9-11	68891-98-5
9-11	68891-99-6
9-11	68900-70-9
9-11	68900-71-0
9-11	68900-72-1
9-11	68900-97-0
9-11	68901-05-3
9-11	68909-42-2
9-11	68909-79-5
9-11	68910-42-9
9-11	68911-01-3
9-11	68912-09-4
9-11	68912-10-7
9-11	68912-11-8
9-11	68918-74-1
9-11	68921-68-6
9-11	68922-28-1
9-11	68938-87-4
9-11	68954-19-8
9-11	68957-69-7
9-11	68958-93-0
9-11	68958-96-3
9-11	68966-87-0
9-11	68966-88-1
9-11	68966-92-7
9-11	68966-94-9
9-11	68966-99-4
9-11	68988-70-5
9-11	68988-71-6
9-11	69011-07-0
9-11	69011-08-1
9-11	69011-62-7
9-11	69068-10-6
9-11	69155-38-0
9-11	69373-03-1
9-11	69882-08-2
9-11	69943-64-2
9-11	69943-65-3
9-11	69943-66-4
9-11	69991-68-0
9-11	69991-69-1
9-11	69997-91-7
9-11	70029-25-3
9-11	70145-53-8
9-11	70179-70-3
9-11	70198-31-1
9-11	70209-86-8
9-11	70209-87-9
9-11	70236-40-7
9-11	70236-42-9
9-11	70236-49-6
9-11	70236-55-4
9-11	70236-56-5
9-11	70236-57-6
9-11	70236-60-1
9-11	70236-61-2
9-11	70236-62-3
9-11	70247-73-3
9-11	70247-75-5
9-11	70247-77-7
9-11	70281-39-9
9-11	70281-41-3
9-11	70288-95-8
9-11	70529-04-3
9-11	70703-37-6
9-11	70776-54-4
9-11	70776-97-5
9-11	70788-62-4
9-11	70788-63-5
9-11	70815-17-7
9-11	70833-33-9
9-11	70833-35-1
9-11	70833-36-2
9-11	70851-41-1
9-11	70880-00-1
9-11	70880-01-2
9-11	70880-02-3
9-11	70892-42-1
9-11	70892-94-3
9-11	70900-26-4
9-11	70942-15-3
9-11	70969-49-2
9-11	70984-09-7
9-11	71032-93-4
9-11	71076-98-7
9-11	71205-50-0
9-11	71308-50-4
9-11	71343-04-9
9-11	71361-25-6
9-11	71550-00-0
9-11	71566-29-5
9-11	71566-31-9
9-11	71566-33-1
9-11	71598-27-1
9-11	71598-32-8
9-11	71598-33-9
9-11	71598-34-0
9-11	71598-35-1
9-11	71608-45-2
9-11	71608-46-3
9-11	71631-15-7
9-11	71648-65-2
9-11	71701-12-7
9-11	71701-13-8
9-11	71701-15-0
9-11	71701-16-1
9-11	71735-55-2
9-11	71735-58-5
9-11	71750-83-9
9-11	71767-18-5
9-11	71786-50-0
9-11	71786-51-1
9-11	71786-52-2
9-11	71786-53-3
9-11	71839-77-5
9-11	71839-79-7
9-11	71839-80-0
9-11	71839-81-1
9-11	71839-83-3
9-11	71839-85-5
9-11	71839-90-2
9-11	71839-91-3
9-11	71889-21-9
9-11	71902-28-8
9-11	72017-66-4
9-11	72139-07-2
9-11	72252-58-5
9-11	72259-07-5
9-11	72259-15-5
9-11	72259-16-6
9-11	72269-42-2
9-11	72275-69-5
9-11	72379-38-5
9-11	72379-39-6
9-11	72391-06-1
9-11	72403-65-7
9-11	72403-66-8
9-11	72429-11-9
9-11	72429-12-0
9-11	72453-60-2
9-11	72467-46-0
9-11	72479-29-9
9-11	72479-31-3
9-11	72479-91-5
9-11	72479-92-6
9-11	72479-93-7
9-11	72479-94-8
9-11	72479-95-9
9-11	72496-90-3
9-11	72509-81-0
9-11	72574-52-8
9-11	72623-96-2
9-11	72709-84-3
9-11	72765-46-9
9-11	72765-47-0
9-11	72796-98-6
9-11	72796-99-7
9-11	72797-00-3
9-11	72797-01-4
9-11	72797-02-5
9-11	72797-03-6
9-11	72797-04-7
9-11	72797-05-8
9-11	72797-06-9
9-11	72797-07-0
9-11	72797-10-5
9-11	72797-11-6
9-11	72797-12-7
9-11	72797-13-8
9-11	72812-20-5
9-11	72812-21-6
9-11	72812-22-7
9-11	72812-23-8
9-11	72812-24-9
9-11	72812-25-0
9-11	72812-26-1
9-11	72812-27-2
9-11	72812-28-3
9-11	72812-29-4
9-11	72812-30-7
9-11	72812-31-8
9-11	72812-32-9
9-11	72812-33-0
9-11	72812-34-1
9-11	72812-35-2
9-11	72812-36-3
9-11	72812-37-4
9-11	72812-38-5
9-11	72828-26-3
9-11	72829-08-4
9-11	72829-32-4
9-11	72829-34-6
9-11	72845-51-3
9-11	72845-52-4
9-11	72845-53-5
9-11	72845-54-6
9-11	72845-55-7
9-11	72845-56-8
9-11	72845-57-9
9-11	72845-58-0
9-11	72845-59-1
9-11	72845-60-4
9-11	72845-61-5
9-11	72845-62-6
9-11	72845-64-8
9-11	72845-65-9
9-11	72845-66-0
9-11	72845-67-1
9-11	72845-68-2
9-11	72845-69-3
9-11	72845-70-6
9-11	72845-72-8
9-11	72845-73-9
9-11	72845-74-0
9-11	72845-75-1
9-11	72846-03-8
9-11	72846-04-9
9-11	72854-28-5
9-11	72854-29-6
9-11	72854-30-9
9-11	72854-31-0
9-11	72854-32-1
9-11	72854-34-3
9-11	72854-35-4
9-11	72869-27-3
9-11	72869-40-0
9-11	72869-41-1
9-11	72869-42-2
9-11	72869-43-3
9-11	72869-44-4
9-11	72869-45-5
9-11	72869-46-6
9-11	72869-47-7
9-11	72869-48-8
9-11	72869-49-9
9-11	72869-50-2
9-11	72869-51-3
9-11	72869-52-4
9-11	72869-53-5
9-11	72869-54-6
9-11	72869-55-7
9-11	72869-56-8
9-11	72869-57-9
9-11	72869-58-0
9-11	72869-59-1
9-11	72869-60-4
9-11	72869-61-5
9-11	72869-83-1
9-11	72869-85-3
9-11	72905-92-1
9-11	72906-13-9
9-11	72906-58-2
9-11	72906-60-6
9-11	72928-72-4
9-11	72928-74-6
9-11	72928-75-7
9-11	72928-78-0
9-11	72928-79-1
9-11	72928-80-4
9-11	72928-81-5
9-11	72928-82-6
9-11	72928-83-7
9-11	72928-84-8
9-11	72928-85-9
9-11	72928-86-0
9-11	72928-87-1
9-11	72928-88-2
9-11	72928-89-3
9-11	72928-90-6
9-11	72939-56-1
9-11	72939-57-2
9-11	72939-58-3
9-11	72962-19-7
9-11	72968-16-2
9-11	72968-17-3
9-11	72968-18-4
9-11	72968-19-5
9-11	72968-20-8
9-11	72968-21-9
9-11	72968-22-0
9-11	72986-48-2
9-11	72986-63-1
9-11	72986-64-2
9-11	72986-65-3
9-11	72986-66-4
9-11	72986-67-5
9-11	72986-68-6
9-11	72986-69-7
9-11	72986-70-0
9-11	72986-71-1
9-11	72986-72-2
9-11	72986-73-3
9-11	72986-74-4
9-11	72986-75-5
9-11	72986-77-7
9-11	72986-78-8
9-11	72986-79-9
9-11	72986-81-3
9-11	72986-84-6
9-11	72986-85-7
9-11	72986-86-8
9-11	72986-87-9
9-11	72986-88-0
9-11	72986-89-1
9-11	72986-91-5
9-11	72986-92-6
9-11	72986-93-7
9-11	72986-94-8
9-11	72986-95-9
9-11	72986-96-0
9-11	72986-97-1
9-11	72986-98-2
9-11	72986-99-3
9-11	72987-00-9
9-11	72987-01-0
9-11	72987-02-1
9-11	72987-03-2
9-11	72987-04-3
9-11	72987-05-4
9-11	72987-08-7
9-11	72987-09-8
9-11	72987-11-2
9-11	72987-12-3
9-11	72987-13-4
9-11	72987-15-6
9-11	72993-54-5
9-11	73003-22-2
9-11	73003-25-5
9-11	73003-26-6
9-11	73003-27-7
9-11	73003-29-9
9-11	73003-30-2
9-11	73003-31-3
9-11	73003-32-4
9-11	73003-33-5
9-11	73003-34-6
9-11	73003-92-6
9-11	73003-93-7
9-11	73003-94-8
9-11	73003-95-9
9-11	73003-96-0
9-11	73003-97-1
9-11	73003-98-2
9-11	73018-70-9
9-11	73018-71-0
9-11	73018-72-1
9-11	73018-73-2
9-11	73018-74-3
9-11	73018-75-4
9-11	73018-76-5
9-11	73018-77-6
9-11	73018-78-7
9-11	73018-79-8
9-11	73018-85-6
9-11	73018-86-7
9-11	73038-31-0
9-11	73049-38-4
9-11	73049-90-8
9-11	73049-91-9
9-11	73070-35-6
9-11	73070-36-7
9-11	73195-16-1
9-11	73210-88-5
9-11	73246-98-7
9-11	73275-56-6
9-11	73275-57-7
9-11	73287-39-5
9-11	73287-40-8
9-11	73287-41-9
9-11	73287-43-1
9-11	73287-44-2
9-11	73287-45-3
9-11	73287-46-4
9-11	7329-33-1
9-11	73297-00-4
9-11	73297-01-5
9-11	73297-11-7
9-11	73297-12-8
9-11	73297-13-9
9-11	73297-15-1
9-11	73297-20-8
9-11	73324-04-6
9-11	73324-05-7
9-11	73324-06-8
9-11	73324-10-4
9-11	73334-12-0
9-11	73347-81-6
9-11	73360-60-8
9-11	73360-61-9
9-11	73360-62-0
9-11	73360-63-1
9-11	73360-64-2
9-11	73360-65-3
9-11	73378-61-7
9-11	73398-67-1
9-11	73398-68-2
9-11	73507-06-9
9-11	73507-08-1
9-11	73507-09-2
9-11	73507-10-5
9-11	73507-13-8
9-11	73507-15-0
9-11	73507-16-1
9-11	73507-17-2
9-11	73507-18-3
9-11	73507-25-2
9-11	73507-64-9
9-11	73507-65-0
9-11	73507-68-3
9-11	73507-69-4
9-11	73507-72-9
9-11	73513-78-7
9-11	73513-79-8
9-11	73513-80-1
9-11	73514-04-2
9-11	73559-51-0
9-11	73559-52-1
9-11	74051-91-5
9-11	74063-47-1
9-11	74082-16-9
9-11	74196-15-9
9-11	74196-16-0
9-11	74196-17-1
9-11	74231-70-2
9-11	74278-22-1
9-11	74313-68-1
9-11	74354-92-0
9-11	74358-83-1
9-11	7440-47-3
9-11	74411-37-3
9-11	74411-39-5
9-11	74421-71-9
9-11	74426-82-7
9-11	74507-61-2
9-11	745829-51-0
9-11	74665-01-3
9-11	74920-95-9
9-11	75150-09-3
9-11	75199-03-0
9-11	75199-04-1
9-11	75199-05-2
9-11	75199-06-3
9-11	75199-07-4
9-11	75199-08-5
9-11	75214-56-1
9-11	75214-57-2
9-11	75214-58-3
9-11	75214-65-2
9-11	75214-68-5
9-11	75214-69-6
9-11	75214-70-9
9-11	75234-41-2
9-11	75268-74-5
9-11	75268-75-6
9-11	75268-76-7
9-11	75268-78-9
9-11	75300-72-0
9-11	75300-73-1
9-11	75300-74-2
9-11	75578-75-5
9-11	75601-78-4
9-11	75660-32-1
9-11	75718-03-5
9-11	75790-67-9
9-11	75920-34-2
9-11	76899-34-8
9-11	77242-26-3
9-11	7738-94-5
9-11	77496-01-6
9-11	7758-97-6
9-11	7775-11-3
9-11	7778-50-9
9-11	7784-01-2
9-11	7784-02-3
9-11	77847-23-5
9-11	77847-24-6
9-11	7788-96-7
9-11	7788-97-8
9-11	7788-98-9
9-11	7788-99-0
9-11	7789-00-6
9-11	7789-01-7
9-11	7789-02-8
9-11	7789-04-0
9-11	7789-06-2
9-11	7789-07-3
9-11	7789-08-4
9-11	7789-09-5
9-11	7789-10-8
9-11	7789-12-0
9-11	7789-73-3
9-11	7791-14-2
9-11	78592-92-4
9-11	79135-15-2
9-11	79371-81-6
9-11	79502-95-7
9-11	79665-38-6
9-11	79682-34-1
9-11	79828-43-6
9-11	79828-44-7
9-11	79978-83-9
9-11	8005-36-5
9-11	8006-30-2
9-11	8012-76-8
9-11	80440-73-9
9-11	80476-37-5
9-11	8049-64-7
9-11	8069-32-7
9-11	8075-74-9
9-11	80997-91-7
9-11	80997-92-8
9-11	80997-93-9
9-11	80997-94-0
9-11	80997-95-1
9-11	81002-10-0
9-11	81013-01-6
9-11	81209-53-2
9-11	81361-04-8
9-11	81361-05-9
9-11	81361-06-0
9-11	81372-34-1
9-11	814-90-4
9-11	81457-66-1
9-11	81642-71-9
9-11	81827-72-7
9-11	81827-73-8
9-11	82246-45-5
9-11	82338-75-8
9-11	82338-77-0
9-11	82338-78-1
9-11	82457-11-2
9-11	82457-13-4
9-11	82640-06-0
9-11	82676-67-3
9-11	82933-88-8
9-11	82933-89-9
9-11	82933-90-2
9-11	83027-56-9
9-11	83027-57-0
9-11	83027-58-1
9-11	83232-44-4
9-11	83232-45-5
9-11	83232-46-6
9-11	83232-47-7
9-11	83232-48-8
9-11	83232-49-9
9-11	83232-50-2
9-11	83232-51-3
9-11	83249-26-7
9-11	83249-27-8
9-11	83249-62-1
9-11	83249-63-2
9-11	83249-64-3
9-11	83249-65-4
9-11	83249-66-5
9-11	83249-67-6
9-11	83270-49-9
9-11	83377-66-6
9-11	83562-94-1
9-11	83588-58-3
9-11	83588-59-4
9-11	83732-89-2
9-11	83732-90-5
9-11	83732-91-6
9-11	83732-92-7
9-11	83732-93-8
9-11	83732-94-9
9-11	83732-95-0
9-11	83732-96-1
9-11	83732-97-2
9-11	83732-98-3
9-11	83733-00-0
9-11	83733-01-1
9-11	83733-02-2
9-11	83733-03-3
9-11	83733-04-4
9-11	83733-05-5
9-11	83733-06-6
9-11	83733-07-7
9-11	83733-08-8
9-11	83733-09-9
9-11	83733-10-2
9-11	83733-12-4
9-11	83733-14-6
9-11	83733-15-7
9-11	83733-16-8
9-11	83733-17-9
9-11	83733-18-0
9-11	83733-19-1
9-11	83733-20-4
9-11	83733-21-5
9-11	83733-23-7
9-11	83733-24-8
9-11	83748-22-5
9-11	83748-23-6
9-11	83803-63-8
9-11	83803-64-9
9-11	83803-66-1
9-11	83803-68-3
9-11	83803-70-7
9-11	83804-09-5
9-11	83804-10-8
9-11	83804-11-9
9-11	83804-12-0
9-11	83804-13-1
9-11	83804-14-2
9-11	83804-15-3
9-11	83804-16-4
9-11	83817-77-0
9-11	83833-37-8
9-11	83846-44-0
9-11	83863-35-8
9-11	83863-36-9
9-11	83863-37-0
9-11	83863-38-1
9-11	83863-39-2
9-11	83949-51-3
9-11	83949-53-5
9-11	83949-54-6
9-11	83949-55-7
9-11	83949-56-8
9-11	83949-59-1
9-11	83949-60-4
9-11	83949-61-5
9-11	83984-90-1
9-11	84000-95-3
9-11	84030-54-6
9-11	84030-55-7
9-11	84030-57-9
9-11	84030-63-7
9-11	84057-74-9
9-11	84074-46-4
9-11	84082-98-4
9-11	84082-99-5
9-11	84099-97-8
9-11	84144-94-5
9-11	84145-95-9
9-11	84179-66-8
9-11	84195-80-2
9-11	84195-81-3
9-11	84195-82-4
9-11	84195-83-5
9-11	84195-84-6
9-11	84195-87-9
9-11	84195-88-0
9-11	84195-89-1
9-11	84195-90-4
9-11	84195-91-5
9-11	84195-92-6
9-11	84204-63-7
9-11	84215-37-2
9-11	84215-38-3
9-11	84215-39-4
9-11	84215-40-7
9-11	84215-41-8
9-11	84434-74-2
9-11	84501-45-1
9-11	84682-43-9
9-11	84682-44-0
9-11	84682-45-1
9-11	84682-46-2
9-11	84777-12-8
9-11	84777-13-9
9-11	84777-14-0
9-11	84777-15-1
9-11	84777-16-2
9-11	84777-17-3
9-11	84777-18-4
9-11	84777-19-5
9-11	84777-20-8
9-11	84777-21-9
9-11	84777-22-0
9-11	84777-23-1
9-11	84777-60-6
9-11	84777-70-8
9-11	84777-72-0
9-11	84812-61-3
9-11	84812-63-5
9-11	848393-12-4
9-11	848440-78-8
9-11	848779-19-1
9-11	84878-20-6
9-11	84878-21-7
9-11	84896-45-7
9-11	84961-40-0
9-11	84961-41-1
9-11	84961-84-2
9-11	84961-85-3
9-11	84961-86-4
9-11	84962-27-6
9-11	84962-28-7
9-11	84962-32-3
9-11	84989-19-5
9-11	84989-20-8
9-11	84989-21-9
9-11	84989-22-0
9-11	84989-24-2
9-11	84989-25-3
9-11	84989-26-4
9-11	84989-27-5
9-11	84989-45-7
9-11	85005-53-4
9-11	85017-78-3
9-11	85029-57-8
9-11	85029-58-9
9-11	85029-59-0
9-11	85049-61-2
9-11	85049-62-3
9-11	85049-63-4
9-11	85049-64-5
9-11	85049-65-6
9-11	85049-66-7
9-11	85049-67-8
9-11	85049-68-9
9-11	85049-69-0
9-11	85049-70-3
9-11	85049-71-4
9-11	85068-39-9
9-11	85085-79-6
9-11	85085-81-0
9-11	85099-42-9
9-11	85099-44-1
9-11	85116-65-0
9-11	85116-66-1
9-11	85117-20-0
9-11	85117-52-8
9-11	85117-53-9
9-11	85118-16-7
9-11	85118-17-8
9-11	85118-18-9
9-11	85118-20-3
9-11	85136-44-3
9-11	85168-72-5
9-11	85186-12-5
9-11	85186-13-6
9-11	85186-62-5
9-11	85186-63-6
9-11	85186-64-7
9-11	85186-66-9
9-11	85186-67-0
9-11	85186-69-2
9-11	85186-70-5
9-11	85187-07-1
9-11	85187-09-3
9-11	85251-54-3
9-11	85251-86-1
9-11	85252-26-2
9-11	85305-02-8
9-11	85392-56-9
9-11	85392-61-6
9-11	85392-63-8
9-11	85407-92-7
9-11	85407-93-8
9-11	85408-46-4
9-11	85409-47-8
9-11	85440-80-8
9-11	85443-53-4
9-11	85443-55-6
9-11	85443-56-7
9-11	85443-57-8
9-11	85443-59-0
9-11	85443-60-3
9-11	85443-61-4
9-11	85443-62-5
9-11	85443-63-6
9-11	85443-64-7
9-11	85443-66-9
9-11	85443-67-0
9-11	85443-68-1
9-11	85443-70-5
9-11	85452-86-4
9-11	85455-32-9
9-11	85455-34-1
9-11	85480-61-1
9-11	85480-62-2
9-11	85480-63-3
9-11	85480-64-4
9-11	85480-65-5
9-11	85507-82-0
9-11	85536-24-9
9-11	85561-43-9
9-11	85631-45-4
9-11	85631-46-5
9-11	85631-47-6
9-11	85650-72-2
9-11	85650-73-3
9-11	85737-08-2
9-11	85737-10-6
9-11	85737-11-7
9-11	85737-12-8
9-11	85737-13-9
9-11	85763-68-4
9-11	85828-73-5
9-11	85828-74-6
9-11	85828-75-7
9-11	85828-76-8
9-11	85828-85-9
9-11	85828-86-0
9-11	85828-87-1
9-11	85828-88-2
9-11	85828-90-6
9-11	85865-79-8
9-11	85865-83-4
9-11	85865-87-8
9-11	85865-88-9
9-11	85865-89-0
9-11	85895-65-4
9-11	85896-33-9
9-11	85896-34-0
9-11	85896-35-1
9-11	85896-36-2
9-11	85896-37-3
9-11	85896-38-4
9-11	85896-39-5
9-11	85896-40-8
9-11	85896-41-9
9-11	85896-42-0
9-11	85896-43-1
9-11	85896-44-2
9-11	85896-45-3
9-11	85896-46-4
9-11	85896-47-5
9-11	85896-48-6
9-11	85896-49-7
9-11	85940-15-4
9-11	85958-77-6
9-11	85958-79-8
9-11	85958-81-2
9-11	85958-82-3
9-11	85958-83-4
9-11	85958-84-5
9-11	85958-85-6
9-11	85958-90-3
9-11	85959-72-4
9-11	85959-74-6
9-11	85959-76-8
9-11	85959-79-1
9-11	85959-80-4
9-11	85959-84-8
9-11	86014-63-3
9-11	86014-66-6
9-11	86242-89-9
9-11	86242-90-2
9-11	86262-20-6
9-11	86437-46-9
9-11	871483-10-2
9-11	874326-73-5
9-11	87912-16-1
9-11	879214-58-1
9-11	88031-28-1
9-11	88272-68-8
9-11	88330-20-5
9-11	88377-66-6
9-11	89107-32-4
9-11	89899-24-1
9-11	89899-25-2
9-11	89923-63-7
9-11	89952-87-4
9-11	90014-70-3
9-11	90241-26-2
9-11	90269-10-6
9-11	90294-35-2
9-11	90294-36-3
9-11	90294-37-4
9-11	90294-38-5
9-11	90294-39-6
9-11	90294-40-9
9-11	90294-41-0
9-11	90294-42-1
9-11	90294-43-2
9-11	90294-44-3
9-11	90294-45-4
9-11	90294-46-5
9-11	90294-47-6
9-11	90294-48-7
9-11	90294-49-8
9-11	90294-50-1
9-11	90294-51-2
9-11	90294-52-3
9-11	90294-53-4
9-11	90294-54-5
9-11	90294-55-6
9-11	90294-56-7
9-11	90294-57-8
9-11	90294-58-9
9-11	90294-59-0
9-11	90294-60-3
9-11	90294-61-4
9-11	90294-62-5
9-11	90294-63-6
9-11	90294-64-7
9-11	90294-65-8
9-11	90294-66-9
9-11	90294-67-0
9-11	90294-68-1
9-11	90294-69-2
9-11	90294-70-5
9-11	90294-71-6
9-11	90294-72-7
9-11	90294-73-8
9-11	90294-74-9
9-11	90294-75-0
9-11	90294-76-1
9-11	90294-77-2
9-11	90294-78-3
9-11	90341-42-7
9-11	9044-10-4
9-11	90480-93-6
9-11	90677-69-3
9-11	90677-70-6
9-11	90740-30-0
9-11	91002-17-4
9-11	91052-93-6
9-11	91081-74-2
9-11	91082-81-4
9-11	91144-27-3
9-11	91144-28-4
9-11	91159-19-2
9-11	91672-56-9
9-11	91672-57-0
9-11	91672-58-1
9-11	91672-59-2
9-11	91672-60-5
9-11	91672-61-6
9-11	91672-62-7
9-11	91672-63-8
9-11	91672-64-9
9-11	91672-65-0
9-11	91672-66-1
9-11	91672-67-2
9-11	91672-68-3
9-11	91672-70-7
9-11	91672-71-8
9-11	91697-12-0
9-11	91722-70-2
9-11	91745-37-8
9-11	91782-58-0
9-11	91782-59-1
9-11	91992-99-3
9-11	92202-10-3
9-11	92203-02-6
9-11	92203-03-7
9-11	92388-81-3
9-11	92456-59-2
9-11	92502-52-8
9-11	93028-32-1
9-11	93028-33-2
9-11	932384-12-8
9-11	93293-65-3
9-11	93572-59-9
9-11	93572-86-2
9-11	93572-87-3
9-11	93573-23-0
9-11	93606-19-0
9-11	93606-20-3
9-11	93693-29-9
9-11	93693-30-2
9-11	93776-32-0
9-11	93776-33-1
9-11	93776-35-3
9-11	93776-37-5
9-11	93783-53-0
9-11	93783-56-3
9-11	93783-57-4
9-11	93783-61-0
9-11	93783-62-1
9-11	93783-63-2
9-11	93783-71-2
9-11	93783-72-3
9-11	93820-13-4
9-11	93820-14-5
9-11	93820-16-7
9-11	93820-70-3
9-11	93820-71-4
9-11	93820-72-5
9-11	93839-66-8
9-11	93839-67-9
9-11	93843-04-0
9-11	93891-79-3
9-11	93893-29-9
9-11	93924-35-7
9-11	93940-24-0
9-11	93940-27-3
9-11	93940-42-2
9-11	93940-68-2
9-11	93941-95-8
9-11	93941-96-9
9-11	93952-24-0
9-11	93962-87-9
9-11	93962-90-4
9-11	93964-92-2
9-11	93964-93-3
9-11	93964-94-4
9-11	94016-43-0
9-11	94021-50-8
9-11	94021-52-0
9-11	94021-55-3
9-11	94021-56-4
9-11	94232-45-8
9-11	94232-45-8
9-11	94232-91-4
9-11	94232-92-5
9-11	94232-93-6
9-11	94232-94-7
9-11	94232-95-8
9-11	94232-96-9
9-11	94232-98-1
9-11	94233-12-2
9-11	94233-13-3
9-11	94233-14-4
9-11	94233-15-5
9-11	94233-16-6
9-11	94233-17-7
9-11	94246-67-0
9-11	94247-65-1
9-11	94275-74-8
9-11	94275-85-1
9-11	94276-21-8
9-11	94276-22-9
9-11	94276-24-1
9-11	94276-26-3
9-11	94276-27-4
9-11	94276-28-5
9-11	94276-29-6
9-11	94276-30-9
9-11	94276-31-0
9-11	94276-32-1
9-11	94276-33-2
9-11	94276-35-4
9-11	94276-36-5
9-11	94276-37-6
9-11	94276-43-4
9-11	94276-64-9
9-11	94276-65-0
9-11	94276-66-1
9-11	94276-67-2
9-11	94276-69-4
9-11	94276-70-7
9-11	94276-80-9
9-11	94276-81-0
9-11	94276-95-6
9-11	94277-59-5
9-11	94277-60-8
9-11	94277-61-9
9-11	94277-62-0
9-11	94277-63-1
9-11	94277-67-5
9-11	94277-68-6
9-11	94277-69-7
9-11	94277-70-0
9-11	94277-71-1
9-11	94277-74-4
9-11	94292-05-4
9-11	94292-06-5
9-11	94292-08-7
9-11	94333-35-4
9-11	94350-11-5
9-11	94551-58-3
9-11	94552-19-9
9-11	94552-20-2
9-11	94933-05-8
9-11	94979-18-7
9-11	94979-19-8
9-11	95008-81-4
9-11	95046-44-9
9-11	95193-71-8
9-11	95193-93-4
9-11	95193-95-6
9-11	95409-74-8
9-11	95465-96-6
9-11	95465-97-7
9-11	95873-74-8
9-11	95873-75-9
9-11	95892-09-4
9-11	95892-10-7
9-11	95892-11-8
9-11	960246-23-5
9-11	96030-95-4
9-11	96293-54-8
9-11	96395-62-9
9-11	96508-11-1
9-11	96508-12-2
9-11	96690-54-9
9-11	97158-56-0
9-11	97171-70-5
9-11	97298-47-0
9-11	97338-20-0
9-11	97338-21-1
9-11	97338-22-2
9-11	97338-25-5
9-11	97338-26-6
9-11	97392-82-0
9-11	97403-81-1
9-11	97416-91-6
9-11	97416-93-8
9-11	97416-94-9
9-11	97467-62-4
9-11	97467-63-5
9-11	97592-67-1
9-11	97659-24-0
9-11	97659-40-0
9-11	97660-63-4
9-11	97692-41-6
9-11	97808-72-5
9-11	97808-73-6
9-11	97808-94-1
9-11	97809-02-4
9-11	97862-11-8
9-11	97862-12-9
9-11	97862-13-0
9-11	97862-14-1
9-11	97862-65-2
9-11	98004-61-6
9-11	98072-82-3
9-11	98171-55-2
9-11	98171-56-3
9-11	98171-57-4
9-11	98171-58-5
9-11	98171-59-6
9-11	98171-60-9
9-11	98171-61-0
9-11	98690-34-7
9-11	98903-88-9
9-11	99148-50-2
9-11	99148-51-3
9-11	99328-47-9
9-11	99328-50-4
9-11	P-82-0418
9-11	P-82-0677
9-11	P-82-0681
9-11	P-83-0452
9-11	P-83-0677
9-11	P-83-0849
9-11	P-84-0917
9-11	P-87-0506
9-11	P-87-0683
9-11	P-88-1651
9-11	P-88-1730
9-11	RR-00023-7
9-11	RR-00025-9
9-11	RR-00026-0
9-11	RR-00070-4
9-11	RR-00634-8
9-11	RR-01513-4
9-11	RR-01554-3
9-11	RR-01620-6
9-11	RR-01791-4
9-11	RR-02096-2
9-11	RR-02247-9
9-11	RR-02524-1
9-11	RR-03889-1
9-11	RR-04060-8
9-11	RR-04063-1
9-11	RR-04100-9
9-11	RR-04234-2
9-11	RR-04241-1
9-11	RR-04352-7
9-11	RR-04577-2
9-11	RR-04768-7
9-11	RR-04769-8
9-11	RR-04964-9
9-11	RR-06925-0
9-11	RR-09766-5
9-11	RR-09914-9
9-11	RR-10463-2
9-11	RR-11153-5
9-11	RR-11154-6
9-11	RR-11155-7
9-11	RR-11156-8
9-11	RR-12069-4
9-11	RR-14172-0
9-11	RR-145634-4
9-11	RR-145878-2
9-11	RR-14713-7
9-11	RR-152293-6
9-11	RR-16884-3
9-11	RR-17986-2
9-11	RR-19486-5
9-11	RR-19562-0
9-11	RR-19567-5
9-11	RR-19918-8
9-11	RR-21457-3
9-11	RR-24296-6
9-11	RR-24450-8
9-11	RR-42523-0
9-11	RR-45029-3
9-11	RR-46315-0
9-11	RR-53129-3
9-11	RR-53130-6
9-11	RR-55510-2
9-11	RR-56255-0
9-11	RR-56583-3
9-11	RR-63189-0
9-11	RR-88152-7
9-11	UN1439
9-11	UN1463
9-11	UN1756
9-11	UN1757
9-11	UN1758
9-11	UN2240
9-11	UN2720
9-12	1002-88-6
9-12	100231-59-2
9-12	10026-17-2
9-12	10026-18-3
9-12	10026-19-4
9-12	10026-19-4
9-12	10026-20-7
9-12	10026-21-8
9-12	10026-22-9
9-12	10026-23-0
9-12	10026-24-1
9-12	10029-36-4
9-12	100329-54-2
9-12	10101-56-1
9-12	10101-56-1
9-12	10101-57-2
9-12	10101-58-3
9-12	1011477-51-2
9-12	10124-43-3
9-12	1012881-41-2
9-12	10139-54-5
9-12	10141-05-6
9-12	10170-27-1
9-12	10170-78-2
9-12	10198-40-0
9-12	10210-68-1
9-12	102242-60-4
9-12	102262-20-4
9-12	102262-21-5
9-12	102262-22-6
9-12	10241-04-0
9-12	102601-60-5
9-12	10294-50-5
9-12	103241-62-9
9-12	10393-49-4
9-12	104586-41-6
9-12	104815-53-4
9-12	105038-79-7
9-12	105187-12-0
9-12	105267-82-1
9-12	1052689-87-8
9-12	10534-83-5
9-12	10534-85-7
9-12	10534-86-8
9-12	10534-89-1
9-12	105883-52-1
9-12	106699-36-9
9-12	107391-54-8
9-12	107592-59-6
9-12	107598-50-5
9-12	107630-45-5
9-12	108916-09-2
9-12	1094215-76-5
9-12	1096078-93-1
9-12	11005-93-9
9-12	11037-08-4
9-12	11068-34-1
9-12	11068-91-0
9-12	11070-96-5
9-12	11077-19-3
9-12	11079-03-1
9-12	11103-91-6
9-12	11104-61-3
9-12	111057-98-8
9-12	11107-01-0
9-12	11108-68-2
9-12	11113-57-8
9-12	11114-92-4
9-12	11139-24-5
9-12	112653-89-1
9-12	113066-89-0
9-12	113329-94-5
9-12	113663-43-7
9-12	114818-38-1
9-12	114818-39-2
9-12	114818-40-5
9-12	114818-41-6
9-12	114818-42-7
9-12	114819-02-2
9-12	114901-09-6
9-12	114901-10-9
9-12	114950-15-1
9-12	116912-63-1
9-12	117091-68-6
9-12	117412-28-9
9-12	118044-55-6
9-12	119333-99-2
9-12	119633-64-6
9-12	119920-13-7
9-12	12006-77-8
9-12	12006-78-9
9-12	12013-10-4
9-12	12015-75-7
9-12	12016-69-2
9-12	12016-80-7
9-12	12017-00-4
9-12	12017-01-5
9-12	12017-12-8
9-12	12017-13-9
9-12	12017-38-8
9-12	12017-43-5
9-12	12017-50-4
9-12	12017-61-7
9-12	12017-65-1
9-12	12017-67-3
9-12	12017-68-4
9-12	12017-71-9
9-12	12017-76-4
9-12	12021-67-9
9-12	12044-42-7
9-12	12045-01-1
9-12	12052-28-7
9-12	12052-42-5
9-12	12052-62-9
9-12	12052-64-1
9-12	12052-70-9
9-12	12052-78-7
9-12	12069-68-0
9-12	12078-25-0
9-12	12086-86-1
9-12	121053-28-9
9-12	121053-29-0
9-12	121053-30-3
9-12	12134-02-0
9-12	12139-70-7
9-12	12139-93-4
9-12	12144-85-3
9-12	12187-43-8
9-12	12187-46-1
9-12	12190-79-3
9-12	1219711-24-6
9-12	12214-13-0
9-12	12256-04-1
9-12	12263-08-0
9-12	12268-07-4
9-12	12297-66-4
9-12	12305-84-9
9-12	12314-24-8
9-12	12314-25-9
9-12	123334-29-2
9-12	123334-29-2
9-12	124222-14-6
9-12	124222-15-7
9-12	124222-16-8
9-12	124222-17-9
9-12	124222-18-0
9-12	12427-42-8
9-12	1245917-70-7
9-12	12515-29-6
9-12	12516-51-7
9-12	12516-52-8
9-12	125252-57-5
9-12	125271-30-9
9-12	125328-48-5
9-12	125352-02-5
9-12	125352-03-6
9-12	125378-88-3
9-12	125378-89-4
9-12	125378-91-8
9-12	125408-78-8
9-12	12549-23-4
9-12	12553-61-6
9-12	125552-50-3
9-12	1255925-80-4
9-12	12560-36-0
9-12	12602-23-2
9-12	12619-68-0
9-12	1262279-30-0
9-12	1262279-31-1
9-12	12629-02-6
9-12	12638-07-2
9-12	12640-46-9
9-12	12653-56-4
9-12	12672-27-4
9-12	12672-51-4
9-12	126924-31-0
9-12	12715-61-6
9-12	12718-69-3
9-12	12737-30-3
9-12	12769-25-4
9-12	1277-43-6
9-12	12771-87-8
9-12	127758-92-3
9-12	128090-06-2
9-12	128409-73-4
9-12	129618-34-4
9-12	129618-36-6
9-12	129618-38-8
9-12	129618-39-9
9-12	13011-62-6
9-12	130114-33-9
9-12	130330-97-1
9-12	130391-06-9
9-12	1307-85-3
9-12	1307-86-4
9-12	1307-96-6
9-12	1307-99-9
9-12	130725-91-6
9-12	13078-49-4
9-12	1308-04-9
9-12	1308-06-1
9-12	131097-43-3
9-12	13115-03-2
9-12	1314094-34-2
9-12	1317-42-6
9-12	1332-70-3
9-12	1332-71-4
9-12	1332-82-7
9-12	1333-88-6
9-12	13408-73-6
9-12	13408-78-1
9-12	13422-51-0
9-12	13422-52-1
9-12	13422-53-2
9-12	13422-55-4
9-12	1345-16-0
9-12	1345-19-3
9-12	13455-25-9
9-12	13455-27-1
9-12	13455-28-2
9-12	13455-31-7
9-12	13455-33-9
9-12	13455-34-0
9-12	13455-34-0
9-12	13455-34-0
9-12	13455-36-2
9-12	13478-09-6
9-12	13478-33-6
9-12	13494-89-8
9-12	1350718-36-3
9-12	135374-79-7
9-12	135443-46-8
9-12	135556-77-3
9-12	135556-78-4
9-12	135556-88-6
9-12	13586-38-4
9-12	13586-82-8
9-12	13586-84-0
9-12	135926-88-4
9-12	13595-74-9
9-12	13596-21-9
9-12	13596-22-0
9-12	13596-45-7
9-12	13596-46-8
9-12	136-52-7
9-12	13600-98-1
9-12	13601-38-2
9-12	13681-88-4
9-12	13701-68-3
9-12	1374881-30-7
9-12	137506-60-6
9-12	137506-60-6
9-12	137525-12-3
9-12	13762-14-6
9-12	13762-15-7
9-12	13782-01-9
9-12	13782-02-0
9-12	1380168-21-7
9-12	13817-37-3
9-12	13821-10-8
9-12	13821-10-8
9-12	13841-80-0
9-12	13859-51-3
9-12	13869-30-2
9-12	13870-90-1
9-12	13963-58-1
9-12	13981-38-9
9-12	13981-50-5
9-12	13981-83-4
9-12	13982-25-7
9-12	139939-65-4
9-12	14017-41-5
9-12	14023-85-9
9-12	14024-48-7
9-12	14025-10-6
9-12	14025-11-7
9-12	14033-48-8
9-12	14039-23-7
9-12	14049-79-7
9-12	14093-03-9
9-12	14096-82-3
9-12	14123-08-1
9-12	14126-32-0
9-12	14128-95-1
9-12	14167-18-1
9-12	14172-90-8
9-12	14216-74-1
9-12	14217-00-6
9-12	14239-07-7
9-12	14240-12-1
9-12	14283-12-6
9-12	14285-59-7
9-12	14323-57-0
9-12	14325-03-2
9-12	14355-30-7
9-12	1438896-92-4
9-12	14405-50-6
9-12	144437-67-2
9-12	14518-26-4
9-12	14525-26-9
9-12	14553-20-9
9-12	14564-70-6
9-12	14582-18-4
9-12	14590-13-7
9-12	14590-19-3
9-12	14591-57-2
9-12	14640-56-3
9-12	14649-73-1
9-12	14652-46-1
9-12	14666-94-5
9-12	14666-96-7
9-12	14690-59-6
9-12	147014-72-0
9-12	147014-87-7
9-12	14707-82-5
9-12	14732-58-2
9-12	147515-52-4
9-12	1481694-62-5
9-12	14897-04-2
9-12	14916-48-4
9-12	14931-83-0
9-12	14960-16-8
9-12	14965-99-2
9-12	15040-52-5
9-12	15041-07-3
9-12	15136-66-0
9-12	15136-95-5
9-12	15137-09-4
9-12	15188-91-7
9-12	15218-44-7
9-12	15238-00-3
9-12	15244-74-3
9-12	15275-08-8
9-12	15322-24-4
9-12	15377-79-4
9-12	15391-24-9
9-12	15392-59-3
9-12	154779-73-4
9-12	15520-31-7
9-12	15520-84-0
9-12	15528-31-1
9-12	155737-56-7
9-12	1560-69-6
9-12	15605-72-8
9-12	15665-62-0
9-12	15671-27-9
9-12	15684-35-2
9-12	15731-88-1
9-12	15742-33-3
9-12	157583-32-9
9-12	158646-92-5
9-12	1588-79-0
9-12	15974-34-2
9-12	15977-60-3
9-12	15977-81-8
9-12	16039-54-6
9-12	16092-38-9
9-12	160936-12-9
9-12	161279-45-4
9-12	161279-65-8
9-12	16256-07-8
9-12	164057-75-4
9-12	16544-92-6
9-12	16842-03-8
9-12	16971-12-3
9-12	16972-55-7
9-12	16996-52-4
9-12	170021-46-2
9-12	17034-55-8
9-12	171200-71-8
9-12	172030-06-7
9-12	172777-24-1
9-12	17375-31-4
9-12	17409-91-5
9-12	17410-09-2
9-12	17443-29-7
9-12	17581-57-6
9-12	17632-19-8
9-12	176763-62-5
9-12	177256-35-8
9-12	17786-31-1
9-12	177997-13-6
9-12	17829-66-2
9-12	178959-25-6
9-12	18130-42-2
9-12	18195-32-9
9-12	18201-52-0
9-12	182442-95-1
9-12	182496-55-5
9-12	18285-21-7
9-12	183858-81-3
9-12	184637-91-0
9-12	18488-96-5
9-12	185461-93-2
9-12	18616-48-3
9-12	186373-01-3
9-12	18639-97-9
9-12	18718-10-0
9-12	18727-04-3
9-12	188264-84-8
9-12	189139-63-7
9-12	189279-89-8
9-12	189279-89-8
9-12	189279-89-8
9-12	19019-51-3
9-12	19052-32-5
9-12	19106-33-3
9-12	191233-75-7
9-12	19154-72-4
9-12	19173-71-8
9-12	19192-71-3
9-12	19224-80-7
9-12	193214-24-3
9-12	193293-67-3
9-12	19330-29-1
9-12	195161-79-6
9-12	19648-83-0
9-12	19998-88-0
9-12	20161-50-6
9-12	202916-56-1
9-12	20427-11-6
9-12	20506-24-5
9-12	20623-13-6
9-12	206986-92-7
9-12	207124-67-2
9-12	207124-68-3
9-12	207124-69-4
9-12	207803-51-8
9-12	2087499-33-8
9-12	21041-93-0
9-12	21158-51-0
9-12	212250-92-5
9-12	21361-38-6
9-12	214142-68-4
9-12	21679-46-9
9-12	22088-57-9
9-12	221315-92-0
9-12	22465-48-1
9-12	22541-53-3
9-12	22541-63-5
9-12	22584-72-1
9-12	22631-65-8
9-12	22853-45-8
9-12	23208-66-4
9-12	23209-26-9
9-12	23272-52-8
9-12	23295-32-1
9-12	23380-38-3
9-12	23384-69-2
9-12	234446-82-3
9-12	23670-59-9
9-12	23689-74-9
9-12	239097-11-1
9-12	23949-78-2
9-12	24212-54-2
9-12	24215-94-9
9-12	24436-34-8
9-12	24657-85-0
9-12	24704-41-4
9-12	24719-19-5
9-12	24828-46-4
9-12	24917-04-2
9-12	25139-08-6
9-12	25215-19-4
9-12	25215-19-4
9-12	25215-19-4
9-12	25360-65-0
9-12	256431-41-1
9-12	25729-03-7
9-12	259259-80-8
9-12	25971-15-7
9-12	26076-28-8
9-12	26220-72-4
9-12	26264-28-8
9-12	26305-75-9
9-12	2631628-78-7
9-12	26490-63-1
9-12	26603-20-3
9-12	26686-74-8
9-12	26921-01-7
9-12	26998-20-9
9-12	27016-73-5
9-12	27085-12-7
9-12	27253-31-2
9-12	27685-51-4
9-12	27736-00-1
9-12	27792-36-5
9-12	28029-53-0
9-12	28038-39-3
9-12	28903-71-1
9-12	29058-84-2
9-12	29383-29-7
9-12	2952663-95-3
9-12	29616-23-7
9-12	29871-10-1
9-12	29904-98-1
9-12	29973-37-3
9-12	29977-10-4
9-12	29998-71-8
9-12	3017-60-5
9-12	30621-99-9
9-12	30638-08-5
9-12	30752-89-7
9-12	30875-93-5
9-12	31586-68-2
9-12	32322-13-7
9-12	32441-17-1
9-12	32486-57-0
9-12	32517-38-7
9-12	3252-99-1
9-12	3267-76-3
9-12	3317-67-7
9-12	33270-74-5
9-12	33327-32-1
9-12	33593-50-9
9-12	33960-07-5
9-12	34240-80-7
9-12	34262-88-9
9-12	34523-71-2
9-12	34664-47-6
9-12	34735-28-9
9-12	361346-80-7
9-12	36217-04-6
9-12	36499-65-7
9-12	36550-56-8
9-12	36835-61-7
9-12	37210-16-5
9-12	37264-96-3
9-12	37329-49-0
9-12	37367-90-1
9-12	37382-24-4
9-12	378253-51-1
9-12	378253-51-1
9-12	378253-52-2
9-12	378253-52-2
9-12	378253-53-3
9-12	378253-53-3
9-12	37981-00-3
9-12	38218-51-8
9-12	38218-77-8
9-12	38233-75-9
9-12	38582-17-1
9-12	38625-84-2
9-12	39361-75-6
9-12	39394-76-8
9-12	40621-10-1
9-12	41122-85-4
9-12	41325-63-7
9-12	41663-81-4
9-12	41751-89-7
9-12	42183-35-7
9-12	42183-36-8
9-12	42978-77-8
9-12	43184-77-6
9-12	44433-52-5
9-12	49651-10-7
9-12	49676-83-7
9-12	496862-98-7
9-12	50136-28-2
9-12	50525-57-0
9-12	50696-78-1
9-12	508202-43-5
9-12	51053-44-2
9-12	51084-32-3
9-12	51140-33-1
9-12	51184-26-0
9-12	513-79-1
9-12	51806-61-2
9-12	51839-24-8
9-12	52012-11-0
9-12	52256-38-9
9-12	52270-44-7
9-12	52277-69-7
9-12	52277-72-2
9-12	52277-73-3
9-12	52308-79-9
9-12	52729-67-6
9-12	52810-40-9
9-12	53108-49-9
9-12	53108-50-2
9-12	53149-77-2
9-12	53433-12-8
9-12	53927-86-9
9-12	542-84-7
9-12	544-18-3
9-12	54437-56-8
9-12	54846-43-4
9-12	55158-44-6
9-12	55448-22-1
9-12	55494-92-3
9-12	55494-93-4
9-12	55668-56-9
9-12	55802-87-4
9-12	55870-93-4
9-12	55870-94-5
9-12	55963-70-7
9-12	56060-88-9
9-12	56792-69-9
9-12	57364-75-7
9-12	57454-67-8
9-12	57454-67-8
9-12	57454-67-8
9-12	58197-53-8
9-12	58288-50-9
9-12	58302-43-5
9-12	58591-45-0
9-12	5931-89-5
9-12	59461-30-2
9-12	59487-93-3
9-12	59561-07-8
9-12	59561-55-6
9-12	5965-38-8
9-12	60109-88-8
9-12	60406-95-3
9-12	60459-08-7
9-12	61045-13-4
9-12	61419-68-9
9-12	6147-53-1
9-12	61789-50-2
9-12	61789-51-3
9-12	61789-52-4
9-12	61864-72-0
9-12	61969-42-4
9-12	62207-76-5
9-12	6255-07-8
9-12	62598-42-9
9-12	62647-83-0
9-12	62782-24-5
9-12	63287-28-5
9-12	63413-04-7
9-12	63497-09-6
9-12	63588-34-1
9-12	63597-33-1
9-12	63640-17-5
9-12	63971-70-0
9-12	6401-84-9
9-12	6421-64-3
9-12	6424-15-3
9-12	6460-02-2
9-12	64611-71-8
9-12	652131-56-1
9-12	65335-15-1
9-12	65453-05-6
9-12	65492-00-4
9-12	65492-00-4
9-12	65997-18-4
9-12	66104-83-4
9-12	66288-88-8
9-12	6667-75-0
9-12	6700-85-2
9-12	67292-36-8
9-12	67486-73-1
9-12	6771-86-4
9-12	67711-89-1
9-12	67801-57-4
9-12	67815-64-9
9-12	67875-38-1
9-12	67906-18-7
9-12	67906-22-3
9-12	67906-23-4
9-12	67924-23-6
9-12	67952-53-8
9-12	67952-74-3
9-12	67968-64-3
9-12	67968-65-4
9-12	67968-66-5
9-12	67969-67-9
9-12	68-19-9
9-12	68000-01-1
9-12	68016-03-5
9-12	68025-39-8
9-12	68033-18-1
9-12	68123-03-5
9-12	68130-37-0
9-12	68132-93-4
9-12	68133-85-7
9-12	68152-91-0
9-12	68186-85-6
9-12	68186-86-7
9-12	68186-87-8
9-12	68186-89-0
9-12	68186-97-0
9-12	68187-05-3
9-12	68187-11-1
9-12	68187-40-6
9-12	68187-49-5
9-12	68187-50-8
9-12	68189-40-2
9-12	68201-98-9
9-12	68213-72-9
9-12	68239-47-4
9-12	68239-55-4
9-12	68239-56-5
9-12	68239-57-6
9-12	68239-58-7
9-12	68279-06-1
9-12	68409-81-4
9-12	68411-08-5
9-12	68412-74-8
9-12	68413-61-6
9-12	68442-96-6
9-12	68449-39-8
9-12	68457-13-6
9-12	68457-90-9
9-12	68475-45-6
9-12	68478-57-9
9-12	68478-58-0
9-12	68512-31-2
9-12	68553-15-1
9-12	6856-47-9
9-12	68568-52-5
9-12	68584-96-3
9-12	68608-09-3
9-12	68608-93-5
9-12	68609-02-9
9-12	68610-13-9
9-12	68647-47-2
9-12	68784-10-1
9-12	68811-46-1
9-12	68811-50-7
9-12	68855-86-7
9-12	68928-31-4
9-12	68955-83-9
9-12	68956-82-1
9-12	68958-90-7
9-12	68966-95-0
9-12	68966-96-1
9-12	68966-98-3
9-12	68988-10-3
9-12	69011-09-2
9-12	69012-37-9
9-12	69012-51-7
9-12	69012-71-1
9-12	69012-72-2
9-12	69098-14-2
9-12	69140-59-6
9-12	69140-60-9
9-12	69178-34-3
9-12	69178-42-3
9-12	69198-43-2
9-12	69278-74-6
9-12	69292-92-8
9-12	69893-68-1
9-12	69898-68-6
9-12	69934-86-7
9-12	70131-61-2
9-12	70179-69-0
9-12	70227-96-2
9-12	70236-41-8
9-12	70236-43-0
9-12	70236-44-1
9-12	70236-59-8
9-12	70247-32-4
9-12	70247-74-4
9-12	70247-76-6
9-12	70281-40-2
9-12	70529-03-2
9-12	70693-07-1
9-12	70776-55-5
9-12	70815-19-9
9-12	70833-34-0
9-12	70851-34-2
9-12	70936-53-7
9-12	71-48-7
9-12	71060-75-8
9-12	71243-97-5
9-12	71562-83-9
9-12	71566-26-2
9-12	71566-27-3
9-12	71566-34-2
9-12	71566-39-7
9-12	71566-55-7
9-12	71603-79-7
9-12	71701-14-9
9-12	71735-52-9
9-12	71735-59-6
9-12	71735-61-0
9-12	71786-54-4
9-12	71839-74-2
9-12	71839-76-4
9-12	71839-84-4
9-12	71839-87-7
9-12	71839-88-8
9-12	71888-93-2
9-12	71957-08-9
9-12	71963-57-0
9-12	72102-52-4
9-12	72208-07-2
9-12	72245-25-1
9-12	72253-09-9
9-12	72269-32-0
9-12	72391-09-4
9-12	72391-10-7
9-12	72403-31-7
9-12	72403-32-8
9-12	72403-33-9
9-12	72403-34-0
9-12	72479-33-5
9-12	72479-96-0
9-12	72496-88-9
9-12	72797-08-1
9-12	72797-09-2
9-12	72797-14-9
9-12	72828-26-3
9-12	72829-33-5
9-12	72845-76-2
9-12	72869-26-2
9-12	72869-37-5
9-12	728945-44-6
9-12	72905-57-8
9-12	72906-12-8
9-12	72928-76-8
9-12	72928-77-9
9-12	72928-91-7
9-12	72932-56-0
9-12	72987-06-5
9-12	72987-07-6
9-12	73005-84-2
9-12	73018-84-5
9-12	73038-30-9
9-12	73195-17-2
9-12	73297-09-3
9-12	73297-10-6
9-12	73297-17-3
9-12	73324-01-3
9-12	73324-02-4
9-12	73455-76-2
9-12	73507-63-8
9-12	73507-66-1
9-12	73507-67-2
9-12	73507-73-0
9-12	73612-40-5
9-12	73612-41-6
9-12	739352-37-5
9-12	74082-15-8
9-12	74196-11-5
9-12	74196-12-6
9-12	74196-13-7
9-12	74196-18-2
9-12	74196-19-3
9-12	74220-71-6
9-12	7440-48-4
9-12	74427-91-1
9-12	74499-63-1
9-12	74507-62-3
9-12	74665-01-3
9-12	749216-83-9
9-12	749798-18-3
9-12	75027-71-3
9-12	75042-71-6
9-12	75214-67-4
9-12	75214-71-0
9-12	75214-72-1
9-12	75234-42-3
9-12	75284-36-5
9-12	75300-75-3
9-12	75314-27-1
9-12	75364-04-4
9-12	7542-09-8
9-12	75522-91-7
9-12	75557-21-0
9-12	75752-30-6
9-12	758634-43-4
9-12	7646-79-9
9-12	76762-27-1
9-12	77630-54-7
9-12	7785-24-2
9-12	7785-24-2
9-12	7788-94-5
9-12	7789-43-7
9-12	7791-13-1
9-12	78091-12-0
9-12	79135-28-7
9-12	79151-78-3
9-12	79215-59-1
9-12	79803-78-4
9-12	79817-88-2
9-12	79817-89-3
9-12	79953-72-3
9-12	79973-42-5
9-12	8011-87-8
9-12	8012-02-0
9-12	8021-83-8
9-12	8023-26-5
9-12	80290-99-9
9-12	8039-03-0
9-12	80546-49-2
9-12	80648-59-5
9-12	811-53-0
9-12	81342-98-5
9-12	81361-02-6
9-12	814-89-1
9-12	81955-22-8
9-12	82338-72-5
9-12	82338-74-7
9-12	82457-28-1
9-12	82556-12-5
9-12	82556-13-6
9-12	83249-68-7
9-12	83249-69-8
9-12	83249-70-1
9-12	83249-71-2
9-12	83249-72-3
9-12	83249-73-4
9-12	83270-30-8
9-12	83417-32-7
9-12	83417-33-8
9-12	83417-34-9
9-12	83711-42-6
9-12	83711-43-7
9-12	83711-44-8
9-12	83733-13-5
9-12	83733-22-6
9-12	83803-62-7
9-12	83803-65-0
9-12	83804-04-0
9-12	83804-07-3
9-12	83804-08-4
9-12	83817-76-9
9-12	83817-78-1
9-12	83817-79-2
9-12	83847-05-6
9-12	83847-06-7
9-12	83863-97-2
9-12	83863-98-3
9-12	83864-23-7
9-12	83864-24-8
9-12	83898-69-5
9-12	83970-30-3
9-12	84030-58-0
9-12	84030-59-1
9-12	84057-73-8
9-12	84066-83-1
9-12	84066-84-2
9-12	84066-85-3
9-12	84082-96-2
9-12	84145-31-3
9-12	84176-59-0
9-12	84195-99-3
9-12	84204-70-6
9-12	84215-43-0
9-12	84255-51-6
9-12	84255-52-7
9-12	84255-53-8
9-12	84281-83-4
9-12	84282-04-2
9-12	84282-05-3
9-12	84282-06-4
9-12	84282-07-5
9-12	84282-28-0
9-12	84304-11-0
9-12	84304-12-1
9-12	84367-83-9
9-12	84367-84-0
9-12	84418-53-1
9-12	84418-54-2
9-12	84418-55-3
9-12	84418-56-4
9-12	84713-03-1
9-12	84777-24-2
9-12	84777-25-3
9-12	84777-67-3
9-12	84777-68-4
9-12	84777-69-5
9-12	84777-71-9
9-12	84777-73-1
9-12	84788-14-7
9-12	84812-60-2
9-12	84812-62-4
9-12	84912-03-8
9-12	84912-04-9
9-12	84961-42-2
9-12	84989-48-0
9-12	84989-53-7
9-12	85006-35-5
9-12	85017-77-2
9-12	85017-77-2
9-12	85049-49-6
9-12	85049-72-5
9-12	85049-73-6
9-12	85049-74-7
9-12	85049-75-8
9-12	85049-76-9
9-12	85135-78-0
9-12	85135-79-1
9-12	85168-70-3
9-12	85168-71-4
9-12	85168-73-6
9-12	85186-65-8
9-12	85186-68-1
9-12	85187-42-4
9-12	85187-58-2
9-12	85203-44-7
9-12	85204-09-7
9-12	85566-25-2
9-12	85650-70-0
9-12	85650-71-1
9-12	85737-17-3
9-12	85828-91-7
9-12	85828-92-8
9-12	85895-65-4
9-12	85958-76-5
9-12	85958-78-7
9-12	85959-73-5
9-12	85959-75-7
9-12	85959-78-0
9-12	85994-37-2
9-12	866-81-9
9-12	86697-17-8
9-12	87211-44-7
9-12	87391-39-7
9-12	87914-02-1
9-12	87947-13-5
9-12	88330-21-6
9-12	887113-50-0
9-12	89899-23-0
9-12	90043-99-5
9-12	90294-79-4
9-12	90294-80-7
9-12	90294-81-8
9-12	90294-82-9
9-12	90294-83-0
9-12	90294-84-1
9-12	90294-85-2
9-12	90294-86-3
9-12	90294-87-4
9-12	90342-30-6
9-12	90431-89-3
9-12	91031-16-2
9-12	91053-45-1
9-12	91053-46-2
9-12	91053-47-3
9-12	91081-75-3
9-12	91144-26-2
9-12	91672-72-9
9-12	91672-73-0
9-12	91672-74-1
9-12	91672-75-2
9-12	91672-76-3
9-12	91672-77-4
9-12	91672-78-5
9-12	91672-79-6
9-12	91672-80-9
9-12	91672-81-0
9-12	91672-82-1
9-12	91672-83-2
9-12	91672-84-3
9-12	91672-85-4
9-12	917-69-1
9-12	91782-60-4
9-12	91782-61-5
9-12	917893-06-2
9-12	91844-81-4
9-12	918539-18-1
9-12	92112-83-9
9-12	92200-85-6
9-12	92201-51-9
9-12	92257-03-9
9-12	92257-04-0
9-12	92257-08-4
9-12	92258-02-1
9-12	922733-64-0
9-12	922735-41-9
9-12	922735-42-0
9-12	922735-43-1
9-12	92502-53-9
9-12	92703-96-3
9-12	929-87-3
9-12	93028-48-9
9-12	93062-36-3
9-12	93062-37-4
9-12	93165-90-3
9-12	93166-11-1
9-12	932-69-4
9-12	93338-23-9
9-12	93572-88-4
9-12	93572-89-5
9-12	93572-90-8
9-12	93573-24-1
9-12	93601-32-2
9-12	936554-28-8
9-12	93686-41-0
9-12	93764-01-3
9-12	93776-34-2
9-12	93776-36-4
9-12	93776-58-0
9-12	93783-58-5
9-12	93783-60-9
9-12	93783-75-6
9-12	93805-27-7
9-12	93820-10-1
9-12	93820-12-3
9-12	93820-17-8
9-12	93820-73-6
9-12	93820-74-7
9-12	93821-22-8
9-12	93894-62-3
9-12	93894-63-4
9-12	93918-17-3
9-12	93918-18-4
9-12	93918-19-5
9-12	93940-23-9
9-12	93940-37-5
9-12	93940-43-3
9-12	93940-44-4
9-12	93940-45-5
9-12	93940-46-6
9-12	93940-96-6
9-12	93964-01-3
9-12	93964-02-4
9-12	93964-03-5
9-12	93964-86-4
9-12	93964-97-7
9-12	93965-34-5
9-12	93983-06-3
9-12	93983-67-6
9-12	94021-58-6
9-12	94086-50-7
9-12	94114-42-8
9-12	94232-44-7
9-12	94232-84-5
9-12	94232-89-0
9-12	94232-97-0
9-12	94232-99-2
9-12	94233-08-6
9-12	94233-10-0
9-12	94233-18-8
9-12	94246-68-1
9-12	94246-69-2
9-12	94246-70-5
9-12	94246-71-6
9-12	94246-88-5
9-12	94246-89-6
9-12	94266-16-7
9-12	94276-71-8
9-12	94276-72-9
9-12	94276-73-0
9-12	94276-74-1
9-12	94276-77-4
9-12	94277-51-7
9-12	94277-52-8
9-12	94277-78-8
9-12	94292-07-6
9-12	94333-37-6
9-12	94481-61-5
9-12	94551-96-9
9-12	94624-01-8
9-12	94648-71-2
9-12	94786-94-4
9-12	94979-20-1
9-12	95046-44-9
9-12	95046-47-2
9-12	95046-48-3
9-12	952441-16-6
9-12	952716-55-1
9-12	95461-80-6
9-12	95465-96-6
9-12	95873-73-7
9-12	96413-15-9
9-12	96413-16-0
9-12	97126-35-7
9-12	97338-24-4
9-12	97434-88-3
9-12	97434-89-4
9-12	97434-90-7
9-12	97488-85-2
9-12	97553-53-2
9-12	97592-68-2
9-12	97660-39-4
9-12	97660-40-7
9-12	97975-95-6
9-12	99492-72-5
9-12	99624-18-7
9-12	99749-23-2
9-12	P-00-0072
9-12	P-04-0156
9-12	P-82-0646
9-12	P-83-0053
9-12	P-86-0037
9-12	P-87-0597
9-12	P-88-1110
9-12	P-88-2260
9-12	P-89-1042
9-12	P-90-0373
9-12	P-92-1340
9-12	P-95-0644
9-12	P-95-1238
9-12	P-95-1239
9-12	P-95-1905
9-12	P-97-0471
9-12	RR-00107-0
9-12	RR-02516-1
9-12	RR-04028-8
9-12	RR-07206-0
9-12	RR-07288-8
9-12	RR-09586-3
9-12	RR-09913-8
9-12	RR-10332-2
9-12	RR-12400-5
9-12	RR-145880-6
9-12	RR-16472-7
9-12	RR-16473-8
9-12	RR-17268-9
9-12	RR-17722-0
9-12	RR-19053-4
9-12	RR-193432-3
9-12	RR-24169-0
9-12	RR-24170-3
9-12	RR-28669-1
9-12	RR-30385-5
9-12	RR-31108-0
9-12	RR-31876-3
9-12	RR-31936-8
9-12	RR-33925-3
9-12	RR-40755-6
9-12	RR-41010-6
9-12	RR-41279-3
9-12	RR-41616-0
9-12	RR-42856-8
9-12	RR-43729-6
9-12	RR-43733-2
9-12	RR-45116-1
9-12	RR-46258-8
9-12	RR-50391-3
9-12	RR-50392-4
9-12	RR-53412-3
9-12	RR-53479-2
9-12	RR-54368-0
9-12	RR-54368-0
9-12	RR-55398-0
9-12	RR-56105-7
9-12	RR-56106-8
9-12	RR-56107-9
9-12	RR-62883-1
9-12	RR-85864-0
9-12	RR-85865-1
9-12	RR-85866-2
9-12	RR-85867-3
9-12	RR-85868-4
9-12	RR-85869-5
9-12	RR-93905-9
9-12	UN1318
9-12	UN2001
9-13	100085-31-2
9-13	1001417-33-9
9-13	100208-51-3
9-13	10026-11-6
9-13	100402-39-9
9-13	100402-40-2
9-13	100402-80-0
9-13	100402-97-9
9-13	100402-98-0
9-13	100402-99-1
9-13	100403-00-7
9-13	10101-52-7
9-13	101033-44-7
9-13	10119-31-0
9-13	102110-69-0
9-13	102184-95-2
9-13	1026016-67-0
9-13	1028827-90-8
9-13	102958-43-0
9-13	102979-93-1
9-13	103373-95-1
9-13	103475-11-2
9-13	10377-98-7
9-13	10377-99-8
9-13	1041011-14-6
9-13	104814-64-4
9-13	106603-77-4
9-13	106804-23-3
9-13	107068-33-7
9-13	107069-18-1
9-13	107069-19-2
9-13	1071-76-7
9-13	1072413-89-8
9-13	107534-15-6
9-13	108915-49-7
9-13	108916-32-1
9-13	109657-88-7
9-13	109766-33-8
9-13	109766-35-0
9-13	109780-54-3
9-13	109780-55-4
9-13	110157-82-9
9-13	110392-54-6
9-13	110392-55-7
9-13	110620-82-1
9-13	110620-83-2
9-13	110620-84-3
9-13	110620-85-4
9-13	110620-86-5
9-13	110620-87-6
9-13	110620-88-7
9-13	110641-82-2
9-13	110659-93-3
9-13	110687-32-6
9-13	110779-67-4
9-13	11078-65-2
9-13	11105-03-6
9-13	11105-16-1
9-13	11108-72-8
9-13	111083-78-4
9-13	111146-87-3
9-13	11117-90-1
9-13	11129-15-0
9-13	11130-31-7
9-13	11130-32-8
9-13	11146-73-9
9-13	112180-94-6
9-13	112243-78-4
9-13	112414-85-4
9-13	113042-21-0
9-13	113042-22-1
9-13	113184-20-6
9-13	113252-64-5
9-13	113384-28-4
9-13	1134791-55-1
9-13	1138454-45-1
9-13	114168-16-0
9-13	114756-47-7
9-13	114756-48-8
9-13	114756-49-9
9-13	114756-50-2
9-13	114937-83-6
9-13	115701-70-7
9-13	116065-79-3
9-13	116590-70-6
9-13	116590-71-7
9-13	116590-72-8
9-13	116590-73-9
9-13	116590-74-0
9-13	116612-82-9
9-13	116640-40-5
9-13	117101-65-2
9-13	117166-53-7
9-13	117167-50-7
9-13	117753-51-2
9-13	117946-09-5
9-13	118217-11-1
9-13	118320-84-6
9-13	118321-42-9
9-13	119397-93-2
9-13	12004-83-0
9-13	12009-21-1
9-13	12013-47-7
9-13	12021-43-1
9-13	12021-95-3
9-13	12021-96-4
9-13	12021-97-5
9-13	12023-45-9
9-13	12027-83-7
9-13	12030-98-7
9-13	120305-56-8
9-13	12031-83-3
9-13	12032-31-4
9-13	12036-01-0
9-13	12036-23-6
9-13	12036-39-4
9-13	12036-67-8
9-13	12036-70-3
9-13	12037-00-2
9-13	12037-22-8
9-13	12037-72-8
9-13	12039-15-5
9-13	12039-90-6
9-13	12039-97-3
9-13	12045-28-2
9-13	12045-64-6
9-13	12046-91-2
9-13	12048-52-1
9-13	12059-93-7
9-13	12060-01-4
9-13	12060-18-3
9-13	12070-14-3
9-13	12109-71-6
9-13	121110-32-5
9-13	121129-71-3
9-13	121339-52-4
9-13	12138-26-0
9-13	12139-23-0
9-13	12142-92-6
9-13	12148-49-1
9-13	121543-39-3
9-13	12157-80-1
9-13	12158-58-6
9-13	12160-12-2
9-13	12161-08-9
9-13	12166-47-1
9-13	12201-48-8
9-13	12211-03-9
9-13	12231-53-7
9-13	12331-30-5
9-13	12351-33-6
9-13	123627-59-8
9-13	123627-60-1
9-13	123627-61-2
9-13	123627-62-3
9-13	123627-63-4
9-13	12367-52-1
9-13	12409-02-8
9-13	12412-94-1
9-13	124319-53-5
9-13	12438-51-6
9-13	124504-07-0
9-13	124504-35-4
9-13	124504-36-5
9-13	124504-37-6
9-13	124504-38-7
9-13	124504-39-8
9-13	124504-40-1
9-13	124504-41-2
9-13	124504-42-3
9-13	124504-43-4
9-13	124504-44-5
9-13	124504-45-6
9-13	124504-46-7
9-13	124546-10-7
9-13	1245817-44-0
9-13	124945-51-3
9-13	12503-89-8
9-13	125046-23-3
9-13	12532-12-6
9-13	125328-52-1
9-13	12534-23-5
9-13	12538-92-0
9-13	125380-32-7
9-13	125380-33-8
9-13	1255709-69-3
9-13	125693-49-4
9-13	125809-84-9
9-13	125809-85-0
9-13	125809-86-1
9-13	125809-87-2
9-13	125809-88-3
9-13	125904-14-5
9-13	125904-15-6
9-13	125904-16-7
9-13	125913-22-6
9-13	12600-79-2
9-13	1260119-00-3
9-13	12626-81-2
9-13	12627-75-7
9-13	12627-76-8
9-13	126603-96-1
9-13	126603-97-2
9-13	126603-98-3
9-13	126642-97-5
9-13	1268363-49-0
9-13	12688-15-2
9-13	126941-29-5
9-13	12713-24-5
9-13	12738-56-6
9-13	12741-10-5
9-13	12741-11-6
9-13	12742-60-8
9-13	12795-51-6
9-13	12795-52-7
9-13	128798-93-6
9-13	1291-32-3
9-13	129774-17-0
9-13	130087-22-8
9-13	130241-82-6
9-13	130280-01-2
9-13	130280-02-3
9-13	130280-03-4
9-13	130280-04-5
9-13	130280-05-6
9-13	130359-00-1
9-13	130638-79-8
9-13	130961-24-9
9-13	1311-54-2
9-13	1314-23-4
9-13	131553-53-2
9-13	131913-91-2
9-13	13242-21-2
9-13	132510-07-7
9-13	132824-82-9
9-13	132824-83-0
9-13	132826-60-9
9-13	132826-62-1
9-13	132826-63-2
9-13	132826-64-3
9-13	132826-65-4
9-13	133631-37-5
9-13	13421-85-7
9-13	134375-99-8
9-13	1344-21-4
9-13	134776-43-5
9-13	134854-71-0
9-13	134854-72-1
9-13	134889-50-2
9-13	134910-86-4
9-13	1349696-92-9
9-13	13520-92-8
9-13	13565-97-4
9-13	135699-34-2
9-13	1358567-57-3
9-13	1358567-59-5
9-13	136575-45-6
9-13	1367565-67-0
9-13	13708-67-3
9-13	13746-89-9
9-13	13765-12-3
9-13	13765-95-2
9-13	13772-29-7
9-13	13773-58-5
9-13	13773-58-5
9-13	13777-25-8
9-13	13782-18-8
9-13	1381839-91-3
9-13	13824-85-6
9-13	13826-66-9
9-13	13859-62-6
9-13	13871-10-8
9-13	139201-77-7
9-13	139201-78-8
9-13	1392310-32-5
9-13	13967-71-0
9-13	13981-27-6
9-13	13986-26-0
9-13	13986-27-1
9-13	14013-09-3
9-13	1403239-99-5
9-13	14118-83-3
9-13	14284-24-3
9-13	14311-93-4
9-13	143928-79-4
9-13	1439658-36-2
9-13	14475-63-9
9-13	14475-73-1
9-13	1449279-30-4
9-13	14536-19-7
9-13	1456524-56-3
9-13	14644-61-2
9-13	14681-75-5
9-13	146955-66-0
9-13	146987-99-7
9-13	147129-85-9
9-13	14928-30-4
9-13	14940-68-2
9-13	1494665-52-9
9-13	14985-18-3
9-13	15041-14-2
9-13	15104-99-1
9-13	151574-11-7
9-13	15169-55-8
9-13	151767-62-3
9-13	151789-13-8
9-13	151840-68-5
9-13	151911-65-8
9-13	152323-96-1
9-13	152585-50-7
9-13	15292-27-0
9-13	15298-38-1
9-13	153382-69-5
9-13	153590-16-0
9-13	153679-91-5
9-13	154339-84-1
9-13	15461-27-5
9-13	154906-09-9
9-13	15529-67-6
9-13	15578-19-5
9-13	155925-27-2
9-13	15667-84-2
9-13	156738-28-2
9-13	1570062-08-6
9-13	15743-56-3
9-13	15751-77-6
9-13	15844-92-5
9-13	159793-35-8
9-13	1604798-57-3
9-13	16092-48-1
9-13	160965-30-0
9-13	161075-36-1
9-13	1613508-72-7
9-13	1617532-81-6
9-13	1641563-82-7
9-13	1648540-19-5
9-13	167291-02-3
9-13	16853-74-0
9-13	16919-31-6
9-13	16923-95-8
9-13	16925-26-1
9-13	1702636-77-8
9-13	17211-55-1
9-13	17250-81-6
9-13	17275-59-1
9-13	173612-36-7
9-13	174206-15-6
9-13	174206-16-7
9-13	174514-58-0
9-13	174633-44-4
9-13	17501-44-9
9-13	176948-84-8
9-13	183075-56-1
9-13	18312-04-4
9-13	18428-88-1
9-13	184777-75-1
9-13	185739-90-6
9-13	188417-76-7
9-13	19527-80-1
9-13	195327-78-7
9-13	19696-82-3
9-13	19764-74-0
9-13	197980-53-3
9-13	200444-20-8
9-13	202862-74-6
9-13	203191-29-1
9-13	205592-53-6
9-13	20645-04-9
9-13	2081-12-1
9-13	2093943-43-0
9-13	210909-39-0
9-13	214402-07-0
9-13	216859-08-4
9-13	2171-98-4
9-13	2233-42-3
9-13	22464-99-9
9-13	22473-71-8
9-13	22569-47-7
9-13	226996-19-6
9-13	22830-18-8
9-13	22886-75-5
9-13	23288-53-1
9-13	23337-55-5
9-13	23519-77-9
9-13	235433-35-9
9-13	23570-56-1
9-13	23845-55-8
9-13	23940-69-4
9-13	24356-01-2
9-13	24735-35-1
9-13	253779-60-1
9-13	254889-70-8
9-13	25658-42-8
9-13	25710-96-7
9-13	265646-48-8
9-13	265647-11-8
9-13	28132-50-5
9-13	289885-00-3
9-13	308084-09-5
9-13	30868-50-9
9-13	30868-51-0
9-13	30868-55-4
9-13	30937-72-5
9-13	3227-63-2
9-13	32321-65-6
9-13	32535-84-5
9-13	328385-27-9
9-13	328385-29-1
9-13	330601-22-4
9-13	34370-53-1
9-13	34806-73-0
9-13	34842-61-0
9-13	350028-38-5
9-13	35674-39-6
9-13	365494-43-5
9-13	36577-48-7
9-13	366497-20-3
9-13	37189-44-9
9-13	37221-92-4
9-13	37299-67-5
9-13	37306-42-6
9-13	37342-97-5
9-13	37382-38-0
9-13	375822-21-2
9-13	37999-72-7
9-13	38999-98-3
9-13	39049-04-2
9-13	39290-95-4
9-13	39302-29-9
9-13	39318-32-6
9-13	39361-75-6
9-13	39387-81-0
9-13	402724-28-1
9-13	41635-48-7
9-13	42037-27-4
9-13	42040-79-9
9-13	42040-80-2
9-13	4229-34-9
9-13	42612-06-6
9-13	512179-63-4
9-13	51229-90-4
9-13	5153-24-2
9-13	51601-43-5
9-13	51680-56-9
9-13	52037-76-0
9-13	5206-47-3
9-13	52110-05-1
9-13	52382-29-3
9-13	52933-62-7
9-13	53125-66-9
9-13	53169-24-7
9-13	53608-79-0
9-13	53801-45-9
9-13	53807-65-1
9-13	54736-16-2
9-13	55799-19-4
9-13	56048-44-3
9-13	56572-83-9
9-13	56730-15-5
9-13	56797-10-5
9-13	56902-79-5
9-13	57158-29-9
9-13	57219-64-4
9-13	59125-91-6
9-13	59317-24-7
9-13	59597-78-3
9-13	60569-64-4
9-13	60637-59-4
9-13	60676-90-6
9-13	60909-47-9
9-13	60969-08-6
9-13	61461-40-3
9-13	617720-06-6
9-13	62010-10-0
9-13	62317-00-4
9-13	63868-82-6
9-13	64417-98-7
9-13	64554-82-1
9-13	65137-05-5
9-13	65997-18-4
9-13	66336-96-7
9-13	66402-68-4
9-13	67642-21-1
9-13	676597-77-6
9-13	67893-01-0
9-13	68153-62-8
9-13	68186-95-8
9-13	68187-01-9
9-13	68187-13-3
9-13	68187-15-5
9-13	68187-64-4
9-13	68309-95-5
9-13	68411-14-3
9-13	68412-79-3
9-13	68441-06-5
9-13	68457-89-6
9-13	68457-90-9
9-13	68510-95-2
9-13	68555-04-4
9-13	68607-35-2
9-13	68757-56-2
9-13	68862-34-0
9-13	68909-34-2
9-13	68918-33-2
9-13	68926-31-8
9-13	68937-53-1
9-13	68955-26-0
9-13	68988-10-3
9-13	68989-42-4
9-13	69011-09-2
9-13	69011-10-5
9-13	69011-53-6
9-13	69670-72-0
9-13	70495-28-2
9-13	70592-82-4
9-13	70692-93-2
9-13	70692-94-3
9-13	70692-95-4
9-13	70714-64-6
9-13	70983-41-4
9-13	70983-50-5
9-13	71243-77-1
9-13	71243-85-1
9-13	71243-91-9
9-13	71799-67-2
9-13	71888-59-0
9-13	71965-17-8
9-13	71975-59-2
9-13	72017-87-9
9-13	72536-12-0
9-13	72828-62-7
9-13	72854-21-8
9-13	72968-34-4
9-13	73264-99-0
9-13	73364-10-0
9-13	736175-02-3
9-13	736175-24-9
9-13	73649-21-5
9-13	7446-31-3
9-13	7446-31-3
9-13	74751-86-3
9-13	75149-95-0
9-13	7585-20-8
9-13	76560-79-7
9-13	76560-79-7
9-13	7699-43-6
9-13	7704-99-6
9-13	7783-64-4
9-13	787550-74-7
9-13	78818-95-8
9-13	79803-80-8
9-13	80155-52-8
9-13	82600-11-1
9-13	82996-23-4
9-13	82996-23-4
9-13	830355-29-8
9-13	83711-54-0
9-13	83711-55-1
9-13	84057-78-3
9-13	84057-79-4
9-13	84057-80-7
9-13	84057-81-8
9-13	84067-12-9
9-13	84067-13-0
9-13	84067-14-1
9-13	84074-44-2
9-13	84074-45-3
9-13	84583-86-8
9-13	84583-87-9
9-13	84583-88-0
9-13	84583-89-1
9-13	84583-91-5
9-13	84776-50-1
9-13	85536-76-1
9-13	85626-36-4
9-13	85763-76-4
9-13	85763-77-5
9-13	85885-66-1
9-13	863493-20-3
9-13	869287-83-2
9-13	872207-74-4
9-13	872207-80-2
9-13	872215-16-2
9-13	872215-18-4
9-13	873376-07-9
9-13	88937-09-1
9-13	90269-03-7
9-13	90387-53-4
9-13	90604-73-2
9-13	90604-74-3
9-13	90604-75-4
9-13	90604-76-5
9-13	90604-77-6
9-13	90604-78-7
9-13	90604-79-8
9-13	90604-80-1
9-13	91051-02-4
9-13	91697-50-6
9-13	91723-01-2
9-13	91770-87-5
9-13	92201-10-0
9-13	92201-11-1
9-13	93783-73-4
9-13	93821-43-3
9-13	93840-08-5
9-13	93965-25-4
9-13	93965-33-4
9-13	93980-88-2
9-13	93983-70-1
9-13	94021-88-2
9-13	94021-89-3
9-13	94023-24-2
9-13	94086-48-3
9-13	942472-72-2
9-13	942472-78-8
9-13	94276-53-6
9-13	94276-54-7
9-13	94276-55-8
9-13	94277-64-2
9-13	94279-56-8
9-13	94279-57-9
9-13	94279-60-4
9-13	943230-04-4
9-13	94386-15-9
9-13	943895-94-1
9-13	94536-69-3
9-13	94581-21-2
9-13	94938-95-1
9-13	949569-08-8
9-13	95046-44-9
9-13	95193-95-6
9-13	956593-50-3
9-13	96690-79-8
9-13	96690-80-1
9-13	96690-81-2
9-13	96690-82-3
9-13	97171-79-4
9-13	97235-50-2
9-13	97375-39-8
9-13	97434-88-3
9-13	97434-89-4
9-13	97434-90-7
9-13	97435-22-8
9-13	97660-76-9
9-13	97660-77-0
9-13	97809-03-5
9-13	97862-03-8
9-13	97890-93-2
9-13	97925-91-2
9-13	97953-18-9
9-13	98106-52-6
9-13	98106-53-7
9-13	98106-54-8
9-13	98106-55-9
9-13	98171-77-8
9-13	99343-77-8
9-13	99343-80-3
9-13	99343-81-4
9-13	99343-82-5
9-13	99343-83-6
9-13	99749-34-5
9-13	P-00-0552
9-13	P-00-0749
9-13	P-00-1046
9-13	P-01-0153
9-13	P-01-0775
9-13	P-83-0832
9-13	P-86-0354
9-13	P-86-0923
9-13	P-87-1061
9-13	P-87-1233
9-13	P-90-1603
9-13	P-93-0200
9-13	P-97-0189
9-13	RR-00624-6
9-13	RR-04027-7
9-13	RR-04032-4
9-13	RR-07288-8
9-13	RR-09702-9
9-13	RR-09703-0
9-13	RR-146072-6
9-13	RR-24169-0
9-13	RR-24354-9
9-13	RR-30322-0
9-13	RR-30385-5
9-13	RR-30464-3
9-13	RR-30465-4
9-13	RR-30479-0
9-13	RR-30480-3
9-13	RR-30481-4
9-13	RR-48323-8
9-13	RR-64470-2
9-13	RR-88106-1
9-13	UN0236
9-13	UN1517
9-13	UN2503
9-13	UN2728
9-13	Y-87-0163
9-14	10031-18-2
9-14	10031-47-7
9-14	10045-94-0
9-14	10048-99-4
9-14	10112-91-1
9-14	10124-48-8
9-14	101672-18-8
9-14	10415-75-5
9-14	10451-12-4
9-14	106218-86-4
9-14	11083-41-3
9-14	11110-52-4
9-14	11113-51-2
9-14	12055-37-7
9-14	12068-90-5
9-14	12136-15-1
9-14	12298-67-8
9-14	12344-40-0
9-14	123720-03-6
9-14	12508-72-4
9-14	12514-41-9
9-14	12653-71-3
9-14	1267499-88-6
9-14	127026-24-8
9-14	127026-24-8
9-14	13004-83-6
9-14	1310-88-9
9-14	1312-01-2
9-14	1312-03-4
9-14	1327160-06-4
9-14	1335-31-5
9-14	13437-80-4
9-14	1344-45-2
9-14	1344-45-2
9-14	1344-48-5
9-14	13444-75-2
9-14	1345-09-1
9-14	13464-28-3
9-14	13465-31-1
9-14	13465-31-1
9-14	13465-33-3
9-14	13465-34-4
9-14	13465-37-7
9-14	134762-05-3
9-14	13766-41-1
9-14	13766-44-4
9-14	13876-85-2
9-14	13932-02-0
9-14	13967-25-4
9-14	13981-51-6
9-14	13981-51-6
9-14	13982-78-0
9-14	13982-78-0
9-14	14099-12-8
9-14	14215-33-9
9-14	143197-63-1
9-14	14376-09-1
9-14	14459-36-0
9-14	14836-60-3
9-14	149038-91-5
9-14	14990-20-6
9-14	15064-97-8
9-14	15116-82-2
9-14	15136-95-5
9-14	1520097-13-5
9-14	152923-45-0
9-14	15313-18-5
9-14	1537199-53-3
9-14	15384-08-4
9-14	15385-57-6
9-14	15385-58-7
9-14	156234-43-4
9-14	156234-44-5
9-14	15634-23-8
9-14	15682-88-9
9-14	15756-15-7
9-14	15829-53-5
9-14	16003-82-0
9-14	17470-61-0
9-14	175695-12-2
9-14	19122-79-3
9-14	19122-79-3
9-14	20564-21-0
9-14	20582-71-2
9-14	20601-83-6
9-14	20720-76-7
9-14	20820-45-5
9-14	21908-53-2
9-14	22323-45-1
9-14	22330-18-3
9-14	226922-80-1
9-14	25587-94-4
9-14	26522-91-8
9-14	26579-33-9
9-14	27228-67-7
9-14	27575-47-9
9-14	27685-51-4
9-14	28953-04-0
9-14	29870-72-2
9-14	304656-34-6
9-14	304656-34-6
9-14	31065-88-0
9-14	326494-11-5
9-14	33445-15-7
9-14	33960-08-6
9-14	37020-93-2
9-14	37237-15-3
9-14	37320-91-5
9-14	37340-23-1
9-14	378782-04-8
9-14	378782-05-9
9-14	378782-08-2
9-14	378782-18-4
9-14	38232-63-2
9-14	39377-58-7
9-14	39448-57-2
9-14	42240-20-0
9-14	51312-24-4
9-14	51595-71-2
9-14	51887-47-9
9-14	53007-72-0
9-14	54428-47-6
9-14	57363-77-6
9-14	58570-91-5
9-14	591-89-9
9-14	592-04-1
9-14	592-85-8
9-14	5970-29-6
9-14	628-86-4
9-14	68833-55-6
9-14	72780-86-0
9-14	73491-34-6
9-14	73513-17-4
9-14	7439-97-6
9-14	7451-91-4
9-14	7487-94-7
9-14	749262-24-6
9-14	7546-30-7
9-14	7616-83-3
9-14	7774-29-0
9-14	7782-66-3
9-14	7782-77-6
9-14	7782-86-7
9-14	7783-30-4
9-14	7783-32-6
9-14	7783-33-7
9-14	7783-34-8
9-14	7783-35-9
9-14	7783-36-0
9-14	7783-39-3
9-14	7784-03-4
9-14	7784-37-4
9-14	7789-10-8
9-14	7789-47-1
9-14	8011-93-6
9-14	8028-34-0
9-14	8030-64-6
9-14	8031-27-4
9-14	8046-70-6
9-14	820986-03-6
9-14	82151-04-0
9-14	82980-40-3
9-14	879681-01-3
9-14	92114-96-0
9-14	92200-97-0
9-14	92355-34-5
9-14	92786-62-4
9-14	94022-47-6
9-14	94238-21-8
9-14	96906-16-0
9-14	RR-00569-6
9-14	RR-04677-5
9-14	RR-145946-7
9-14	RR-42082-6
9-14	RR-56263-0
9-14	RR-56357-5
9-14	RR-58673-2
9-14	RR-87612-0
9-14	UN0135
9-14	UN1623
9-14	UN1624
9-14	UN1625
9-14	UN1626
9-14	UN1627
9-14	UN1630
9-14	UN1636
9-14	UN1638
9-14	UN1642
9-14	UN1643
9-14	UN1645
9-14	UN2809
9-15	1000-40-4
9-15	100045-83-8
9-15	10008-90-9
9-15	1002-53-5
9-15	10025-69-1
9-15	10026-06-9
9-15	10031-24-0
9-15	10039-33-5
9-15	100656-50-6
9-15	100656-56-2
9-15	10074-32-5
9-15	100835-88-9
9-15	10101-75-4
9-15	101012-88-8
9-15	1011-95-6
9-15	10113-34-5
9-15	101319-72-6
9-15	101319-94-2
9-15	1015-27-6
9-15	1015-53-8
9-15	101830-33-5
9-15	101880-98-2
9-15	10192-92-4
9-15	10203-52-8
9-15	1021-22-3
9-15	102110-65-6
9-15	102110-66-7
9-15	102250-64-6
9-15	102423-87-0
9-15	102622-67-3
9-15	102667-32-3
9-15	10294-70-9
9-15	103044-42-4
9-15	103270-64-0
9-15	103289-30-1
9-15	10347-38-3
9-15	103532-44-1
9-15	104133-03-1
9-15	10428-19-0
9-15	10428-22-5
9-15	104359-06-0
9-15	104959-77-5
9-15	104959-82-2
9-15	105018-58-4
9-15	105494-65-3
9-15	10584-97-1
9-15	10584-98-2
9-15	10586-78-4
9-15	1059-35-4
9-15	10603-63-1
9-15	106178-37-4
9-15	1064-10-4
9-15	1066-44-0
9-15	1066-45-1
9-15	1066-57-5
9-15	1066-77-9
9-15	1067-29-4
9-15	1067-33-0
9-15	1067-52-3
9-15	1067-55-6
9-15	1067-97-6
9-15	1070-91-3
9-15	107040-94-8
9-15	108110-01-6
9-15	108189-00-0
9-15	108537-06-0
9-15	108772-35-6
9-15	1089-59-4
9-15	109054-07-1
9-15	109298-02-4
9-15	1103-05-5
9-15	110586-22-6
9-15	110586-23-7
9-15	11097-63-5
9-15	11108-69-3
9-15	111108-89-5
9-15	11111-26-5
9-15	11113-92-1
9-15	1112-56-7
9-15	1112-63-6
9-15	1118-14-5
9-15	1118-42-9
9-15	1118-46-3
9-15	112309-68-9
9-15	112326-79-1
9-15	1124-19-2
9-15	112492-63-4
9-15	112747-58-7
9-15	113289-86-4
9-15	113289-87-5
9-15	113289-90-0
9-15	113289-91-1
9-15	1135-99-5
9-15	115920-72-4
9-15	116315-17-4
9-15	116430-10-5
9-15	1171949-49-7
9-15	117732-68-0
9-15	1178-79-6
9-15	1185-73-5
9-15	1185-81-5
9-15	119192-22-2
9-15	12009-18-6
9-15	12010-67-2
9-15	12013-46-6
9-15	12019-69-1
9-15	12026-24-3
9-15	12027-61-1
9-15	12027-70-2
9-15	12027-96-2
9-15	12032-29-0
9-15	12035-38-0
9-15	12036-31-6
9-15	12036-37-2
9-15	12040-02-7
9-15	12044-32-5
9-15	1204812-53-2
9-15	1204812-53-2
9-15	12054-72-7
9-15	12058-66-1
9-15	12059-23-3
9-15	12125-03-0
9-15	12138-89-5
9-15	12139-93-4
9-15	12142-33-5
9-15	12143-34-9
9-15	12209-98-2
9-15	12238-53-8
9-15	12255-99-1
9-15	12286-33-8
9-15	12306-28-4
9-15	1231728-34-9
9-15	12324-56-0
9-15	12324-60-6
9-15	12333-97-0
9-15	12358-89-3
9-15	12379-54-3
9-15	12396-93-9
9-15	124504-99-0
9-15	124505-02-8
9-15	1245941-87-0
9-15	1245941-99-4
9-15	124873-62-7
9-15	124873-63-8
9-15	12515-32-1
9-15	125199-87-3
9-15	12534-17-7
9-15	12534-33-7
9-15	12597-76-1
9-15	1262-21-1
9-15	1262-78-8
9-15	12673-86-8
9-15	12684-28-5
9-15	126857-67-8
9-15	127279-03-2
9-15	12737-14-3
9-15	12738-87-3
9-15	12777-45-6
9-15	128093-63-0
9-15	128221-48-7
9-15	1294-75-3
9-15	130920-68-2
9-15	13121-70-5
9-15	13121-71-6
9-15	13121-76-1
9-15	1314-10-9
9-15	1314-95-0
9-15	1315-01-1
9-15	1315-06-6
9-15	1317-45-9
9-15	13173-04-1
9-15	13241-48-0
9-15	132641-04-4
9-15	13269-74-4
9-15	132822-49-2
9-15	132822-50-5
9-15	13293-57-7
9-15	13302-06-2
9-15	13302-08-4
9-15	1332-29-2
9-15	13323-62-1
9-15	13323-63-2
9-15	13331-52-7
9-15	13355-96-9
9-15	13356-08-6
9-15	13356-20-2
9-15	13362-00-0
9-15	13387-91-2
9-15	133988-84-8
9-15	13413-18-8
9-15	13435-05-7
9-15	1344-13-4
9-15	1345-19-3
9-15	1345-24-0
9-15	13467-96-4
9-15	13468-00-3
9-15	13472-47-4
9-15	13497-25-1
9-15	1353053-96-9
9-15	13550-56-6
9-15	136482-55-8
9-15	137297-08-6
9-15	1374645-21-2
9-15	13782-22-4
9-15	13814-97-6
9-15	13826-70-5
9-15	138556-84-0
9-15	13931-79-8
9-15	13931-79-8
9-15	139353-88-1
9-15	1394228-66-0
9-15	13966-06-8
9-15	13966-06-8
9-15	14101-95-2
9-15	14104-17-7
9-15	14208-54-9
9-15	14214-24-5
9-15	14254-05-8
9-15	14254-22-9
9-15	14275-57-1
9-15	14332-39-9
9-15	143929-06-0
9-15	14417-93-7
9-15	144377-64-0
9-15	14456-69-0
9-15	1446-45-3
9-15	1446491-57-1
9-15	14488-53-0
9-15	1449-55-4
9-15	14526-18-2
9-15	14536-20-0
9-15	1461-22-9
9-15	1461-23-0
9-15	1461-25-2
9-15	14683-06-8
9-15	14683-07-9
9-15	14683-08-0
9-15	147049-02-3
9-15	147049-09-0
9-15	14764-54-6
9-15	147716-03-8
9-15	14806-91-8
9-15	14844-29-2
9-15	149610-66-2
9-15	14974-55-1
9-15	15007-55-3
9-15	15082-85-6
9-15	15142-98-0
9-15	151436-98-5
9-15	151686-34-9
9-15	15220-82-3
9-15	15257-25-7
9-15	1528-01-4
9-15	1528-07-0
9-15	1529-30-2
9-15	15304-57-1
9-15	15336-98-8
9-15	15414-98-9
9-15	154194-72-6
9-15	1542381-47-4
9-15	15481-47-7
9-15	15481-48-8
9-15	15535-69-0
9-15	15535-79-2
9-15	15546-11-9
9-15	15546-12-0
9-15	15546-16-4
9-15	15571-58-1
9-15	15571-59-2
9-15	15571-60-5
9-15	15578-26-4
9-15	15578-32-2
9-15	15597-43-0
9-15	15652-38-7
9-15	15660-29-4
9-15	15666-28-1
9-15	15666-29-2
9-15	15690-89-8
9-15	15700-33-1
9-15	15719-34-3
9-15	15720-78-2
9-15	15785-44-1
9-15	15807-28-0
9-15	15832-50-5
9-15	15853-77-7
9-15	158707-50-7
9-15	15880-66-7
9-15	16009-86-2
9-15	160525-70-2
9-15	160709-63-7
9-15	16091-18-2
9-15	160994-54-7
9-15	16122-27-3
9-15	16284-54-1
9-15	1631-73-8
9-15	163206-28-8
9-15	1632373-06-8
9-15	16408-15-4
9-15	16413-88-0
9-15	16645-96-8
9-15	16715-89-2
9-15	16893-93-9
9-15	16902-02-6
9-15	16919-46-3
9-15	16924-51-9
9-15	16960-53-5
9-15	1702279-08-0
9-15	1702279-15-9
9-15	17036-31-6
9-15	17192-54-0
9-15	17209-76-6
9-15	172305-49-6
9-15	172344-80-8
9-15	172777-09-2
9-15	172777-10-5
9-15	17313-85-8
9-15	17374-81-1
9-15	17381-88-3
9-15	17480-26-1
9-15	17523-06-7
9-15	17563-48-3
9-15	17578-54-0
9-15	17586-94-6
9-15	17601-12-6
9-15	17869-84-0
9-15	17869-91-9
9-15	17955-46-3
9-15	17973-82-9
9-15	17977-68-3
9-15	17997-47-6
9-15	1800376-54-8
9-15	1803-12-9
9-15	181494-05-3
9-15	18211-61-5
9-15	18253-54-8
9-15	182688-91-1
9-15	182810-42-0
9-15	18282-10-5
9-15	18380-71-7
9-15	18380-72-8
9-15	18403-67-3
9-15	18472-93-0
9-15	185915-28-0
9-15	18653-83-3
9-15	18824-11-8
9-15	18841-52-6
9-15	18961-66-5
9-15	1907-13-7
9-15	1912-83-0
9-15	1912-84-1
9-15	1913978-89-8
9-15	191617-06-8
9-15	19269-42-2
9-15	19307-28-9
9-15	19429-30-2
9-15	19464-55-2
9-15	19496-16-3
9-15	1954-36-5
9-15	19632-45-2
9-15	19704-60-0
9-15	19706-58-2
9-15	1983-10-4
9-15	20004-12-0
9-15	20153-49-5
9-15	20153-50-8
9-15	201687-57-2
9-15	201687-58-3
9-15	2021246-27-3
9-15	20258-69-9
9-15	20258-71-3
9-15	202875-90-9
9-15	20332-10-9
9-15	20363-05-7
9-15	20369-63-5
9-15	20451-90-5
9-15	205323-28-0
9-15	20556-89-2
9-15	2056906-49-9
9-15	20961-09-5
9-15	20991-95-1
9-15	210894-86-3
9-15	2114423-18-4
9-15	2117-50-2
9-15	211990-09-9
9-15	2131735-89-0
9-15	214917-43-8
9-15	215186-99-5
9-15	2155-70-6
9-15	21619-67-0
9-15	21651-19-4
9-15	2176-98-9
9-15	217805-02-2
9-15	217805-03-3
9-15	2179-92-2
9-15	2179-99-9
9-15	21843-46-9
9-15	21941-99-1
9-15	21986-78-7
9-15	22022-70-4
9-15	2214286-15-2
9-15	22205-26-1
9-15	22205-30-7
9-15	2232-69-1
9-15	22330-14-9
9-15	22535-42-8
9-15	22535-43-9
9-15	22673-19-4
9-15	22709-76-8
9-15	22709-77-9
9-15	2273-43-0
9-15	2273-45-2
9-15	2273-46-3
9-15	2273-48-5
9-15	2273-51-0
9-15	22750-57-8
9-15	22771-17-1
9-15	22771-18-2
9-15	2279-76-7
9-15	228262-76-8
9-15	23072-08-4
9-15	23120-99-2
9-15	23292-85-5
9-15	23507-57-5
9-15	235102-07-5
9-15	23519-66-6
9-15	23535-89-9
9-15	23654-14-0
9-15	23668-76-0
9-15	23716-85-0
9-15	23850-94-4
9-15	2406-65-7
9-15	24124-25-2
9-15	24291-45-0
9-15	24291-51-8
9-15	24305-22-4
9-15	24379-26-8
9-15	24396-70-1
9-15	24396-71-2
9-15	24432-06-2
9-15	24493-51-4
9-15	24577-34-2
9-15	24660-23-9
9-15	247041-56-1
9-15	24850-33-7
9-15	25044-90-0
9-15	25044-92-2
9-15	25150-98-5
9-15	25151-00-2
9-15	25168-21-2
9-15	25168-22-3
9-15	25168-23-4
9-15	25168-24-5
9-15	25248-71-9
9-15	25267-66-7
9-15	25324-56-5
9-15	25430-97-1
9-15	25637-27-8
9-15	25711-26-6
9-15	25791-99-5
9-15	25852-70-4
9-15	2587-76-0
9-15	2591-32-4
9-15	25955-19-5
9-15	26087-56-9
9-15	26239-64-5
9-15	26292-98-8
9-15	26302-30-7
9-15	26325-96-2
9-15	26354-15-4
9-15	26354-18-7
9-15	26377-04-8
9-15	26401-86-5
9-15	26401-97-8
9-15	2641-56-7
9-15	26410-42-4
9-15	26562-01-6
9-15	265998-56-9
9-15	26636-01-1
9-15	2669-35-4
9-15	26738-80-7
9-15	26761-46-6
9-15	26821-65-8
9-15	26864-37-9
9-15	26864-39-1
9-15	26872-61-7
9-15	26896-31-1
9-15	26903-07-1
9-15	26903-07-1
9-15	26962-68-5
9-15	27107-88-6
9-15	27107-89-7
9-15	27147-18-8
9-15	27189-59-9
9-15	27194-44-1
9-15	27371-95-5
9-15	27440-55-7
9-15	27517-48-2
9-15	27550-52-3
9-15	27605-35-2
9-15	27615-98-1
9-15	2767-41-1
9-15	2767-47-7
9-15	2767-54-6
9-15	2767-55-7
9-15	2767-61-5
9-15	27790-37-0
9-15	2781-09-1
9-15	2781-10-4
9-15	2791-60-8
9-15	2800-96-6
9-15	28089-34-1
9-15	28308-70-5
9-15	28375-10-2
9-15	2847-58-7
9-15	2847-65-6
9-15	2857-03-6
9-15	28570-24-3
9-15	28570-25-4
9-15	2865-19-2
9-15	28653-36-3
9-15	28660-63-1
9-15	28660-67-5
9-15	28675-83-4
9-15	286938-79-2
9-15	2879-85-8
9-15	28801-69-6
9-15	2897-46-3
9-15	28980-49-6
9-15	29134-69-8
9-15	2943-86-4
9-15	29457-48-5
9-15	2949-42-0
9-15	29492-49-7
9-15	29575-02-8
9-15	29859-88-9
9-15	29881-72-9
9-15	29910-14-3
9-15	30051-58-2
9-15	30099-72-0
9-15	301-10-0
9-15	30115-44-7
9-15	30207-05-7
9-15	3021-41-8
9-15	3023-92-5
9-15	3026-81-1
9-15	3033-29-2
9-15	30383-06-3
9-15	30395-90-5
9-15	30395-91-6
9-15	30406-43-0
9-15	30860-66-3
9-15	3090-35-5
9-15	3090-36-6
9-15	3091-18-7
9-15	3091-25-6
9-15	3091-27-8
9-15	3091-32-5
9-15	31045-95-1
9-15	31228-82-7
9-15	31430-86-1
9-15	3151-41-5
9-15	31709-32-7
9-15	31710-35-7
9-15	31718-66-8
9-15	31732-71-5
9-15	31781-13-2
9-15	31794-56-6
9-15	32011-18-0
9-15	32011-19-1
9-15	32104-27-1
9-15	32296-03-0
9-15	32296-04-1
9-15	3231-93-4
9-15	32312-33-7
9-15	32509-49-2
9-15	3267-78-5
9-15	32673-05-5
9-15	33220-53-0
9-15	33397-45-4
9-15	33397-79-4
9-15	3342-67-4
9-15	3342-69-6
9-15	33466-31-8
9-15	3349-36-8
9-15	3349-38-0
9-15	33550-22-0
9-15	33568-99-9
9-15	336879-56-2
9-15	33703-04-7
9-15	33754-29-9
9-15	34152-36-8
9-15	34275-60-0
9-15	34349-21-8
9-15	3440-79-7
9-15	3465-73-4
9-15	3465-74-5
9-15	3465-75-6
9-15	3465-77-8
9-15	34871-84-6
9-15	3493-67-2
9-15	35104-88-2
9-15	3531-43-9
9-15	353747-42-9
9-15	353747-43-0
9-15	353747-44-1
9-15	353747-45-2
9-15	353747-46-3
9-15	353747-47-4
9-15	353747-48-5
9-15	3542-36-7
9-15	35569-11-0
9-15	3572-47-2
9-15	358-50-9
9-15	3582-17-0
9-15	3587-18-6
9-15	3590-59-8
9-15	3590-67-8
9-15	3590-83-8
9-15	3590-84-9
9-15	3594-15-8
9-15	35984-19-1
9-15	36118-60-2
9-15	36253-76-6
9-15	3634-62-6
9-15	364041-81-6
9-15	36432-42-5
9-15	3644-29-9
9-15	3644-32-4
9-15	3644-37-9
9-15	3644-38-0
9-15	3646-94-4
9-15	3648-18-8
9-15	36631-23-9
9-15	36643-28-4
9-15	3669-02-1
9-15	36881-21-7
9-15	37074-33-2
9-15	37349-59-0
9-15	37362-82-6
9-15	37645-34-4
9-15	3765-65-9
9-15	378784-62-4
9-15	378784-63-5
9-15	378784-64-6
9-15	378784-65-7
9-15	379-51-1
9-15	379-52-2
9-15	38438-11-8
9-15	38455-77-5
9-15	38480-25-0
9-15	38620-15-4
9-15	3865-34-7
9-15	3865-35-8
9-15	38732-53-5
9-15	38802-82-3
9-15	3912-86-5
9-15	39400-24-3
9-15	39403-64-0
9-15	39412-44-7
9-15	39445-33-5
9-15	39467-03-3
9-15	3955-81-5
9-15	39637-16-6
9-15	39670-15-0
9-15	39717-39-0
9-15	4027-13-8
9-15	4027-14-9
9-15	4027-17-2
9-15	4027-18-3
9-15	405230-74-2
9-15	40609-56-1
9-15	40968-77-2
9-15	41083-11-8
9-15	41086-64-0
9-15	4117-92-4
9-15	4150-34-9
9-15	4151-92-2
9-15	4154-35-2
9-15	415725-20-1
9-15	42378-34-7
9-15	4253-22-9
9-15	427-45-2
9-15	4288-15-7
9-15	429-30-1
9-15	429-77-6
9-15	43136-18-1
9-15	4327-98-4
9-15	4342-30-7
9-15	4342-33-0
9-15	4342-36-3
9-15	4401-37-0
9-15	4403-63-8
9-15	4419-22-1
9-15	45095-86-1
9-15	45234-42-2
9-15	45314-70-3
9-15	4588-60-7
9-15	4628-88-0
9-15	4638-25-9
9-15	4644-96-6
9-15	4713-59-1
9-15	4731-77-5
9-15	4756-53-0
9-15	47562-29-8
9-15	47672-31-1
9-15	4775-88-6
9-15	4782-29-0
9-15	47823-32-5
9-15	4808-30-4
9-15	4848-63-9
9-15	49538-98-9
9-15	49556-16-3
9-15	4981-24-2
9-15	5035-67-6
9-15	5035-68-7
9-15	50378-14-8
9-15	50788-67-5
9-15	50851-45-1
9-15	50926-11-9
9-15	50972-73-1
9-15	5107-58-4
9-15	5107-59-5
9-15	51287-83-3
9-15	51287-84-4
9-15	51375-45-2
9-15	51541-60-7
9-15	51590-67-1
9-15	51682-76-9
9-15	51682-77-0
9-15	51815-14-6
9-15	51952-23-9
9-15	51983-04-1
9-15	52012-26-7
9-15	52082-48-1
9-15	52112-09-1
9-15	52120-23-7
9-15	52120-31-7
9-15	52120-32-8
9-15	52132-44-2
9-15	52165-03-4
9-15	52262-58-5
9-15	52276-41-2
9-15	52433-96-2
9-15	52434-36-3
9-15	52434-42-1
9-15	52434-43-2
9-15	52628-34-9
9-15	52642-42-9
9-15	52671-35-9
9-15	52671-36-0
9-15	52682-64-1
9-15	52683-17-7
9-15	5271-60-3
9-15	52722-81-3
9-15	52907-83-2
9-15	52907-84-3
9-15	53040-42-9
9-15	53050-36-5
9-15	53100-69-9
9-15	53149-60-3
9-15	53169-23-6
9-15	53202-61-2
9-15	53236-83-2
9-15	53404-82-3
9-15	53408-94-9
9-15	53466-85-6
9-15	53478-57-2
9-15	53478-61-8
9-15	53584-15-9
9-15	54068-28-9
9-15	54235-66-4
9-15	54581-65-6
9-15	5462-26-0
9-15	54849-38-6
9-15	5488-45-9
9-15	55128-73-9
9-15	55216-04-1
9-15	55230-73-4
9-15	55230-77-8
9-15	55280-70-1
9-15	55348-64-6
9-15	55353-53-2
9-15	55353-55-4
9-15	55353-59-8
9-15	55410-80-5
9-15	55568-37-1
9-15	5587-52-0
9-15	56-24-6
9-15	56-35-9
9-15	56-36-0
9-15	56046-99-2
9-15	56091-37-3
9-15	56149-55-4
9-15	56225-49-1
9-15	563-25-7
9-15	56323-17-2
9-15	56323-19-4
9-15	56508-29-3
9-15	56533-00-7
9-15	56573-85-4
9-15	56808-12-9
9-15	56875-68-4
9-15	57-52-3
9-15	57057-50-8
9-15	57105-89-2
9-15	57547-75-8
9-15	57583-34-3
9-15	57583-35-4
9-15	5762-18-5
9-15	57654-67-8
9-15	57754-92-4
9-15	57808-37-4
9-15	57813-60-2
9-15	57813-62-4
9-15	57875-67-9
9-15	58098-20-7
9-15	58180-75-9
9-15	5827-56-5
9-15	5827-57-6
9-15	5827-58-7
9-15	5837-26-3
9-15	58392-08-8
9-15	58392-72-6
9-15	5847-48-3
9-15	5847-51-8
9-15	5847-52-9
9-15	5847-53-0
9-15	5847-54-1
9-15	5847-55-2
9-15	58636-10-5
9-15	5883-36-3
9-15	59020-10-9
9-15	59061-51-7
9-15	59118-76-2
9-15	59118-77-3
9-15	59118-79-5
9-15	59118-80-8
9-15	59118-81-9
9-15	59118-93-3
9-15	59118-99-9
9-15	59119-04-9
9-15	59138-44-2
9-15	59157-52-7
9-15	59185-95-4
9-15	5926-79-4
9-15	594-27-4
9-15	59452-78-7
9-15	595-90-4
9-15	59571-08-3
9-15	5967-09-9
9-15	597-64-8
9-15	59766-21-1
9-15	59849-87-5
9-15	59849-88-6
9-15	59948-27-5
9-15	59963-28-9
9-15	60083-70-7
9-15	60083-70-7
9-15	60268-12-4
9-15	6031-41-0
9-15	60388-47-8
9-15	60494-17-9
9-15	60494-18-0
9-15	60494-19-1
9-15	6056-50-4
9-15	60585-20-8
9-15	60659-60-1
9-15	60659-61-2
9-15	60911-92-4
9-15	61057-41-8
9-15	61133-55-9
9-15	61163-13-1
9-15	61241-05-2
9-15	61467-81-0
9-15	61470-33-5
9-15	61470-34-6
9-15	61599-28-8
9-15	61746-04-1
9-15	6180-99-0
9-15	6180-99-0
9-15	61813-52-3
9-15	61912-55-8
9-15	61947-30-6
9-15	62044-47-7
9-15	6208-26-0
9-15	62149-82-0
9-15	62292-58-4
9-15	62312-12-3
9-15	62480-03-9
9-15	62556-18-7
9-15	62765-61-1
9-15	62817-88-3
9-15	6288-34-2
9-15	63397-60-4
9-15	63438-80-2
9-15	638-39-1
9-15	6381-06-2
9-15	63869-87-4
9-15	639-58-7
9-15	63979-62-4
9-15	64011-39-8
9-15	64036-46-0
9-15	6452-61-5
9-15	6452-62-6
9-15	6454-35-9
9-15	64549-05-9
9-15	64685-79-6
9-15	64685-80-9
9-15	64926-50-7
9-15	6493-69-2
9-15	6517-25-5
9-15	65264-08-6
9-15	65264-09-7
9-15	65291-39-6
9-15	65301-38-4
9-15	65308-00-1
9-15	65540-76-3
9-15	65924-19-8
9-15	661-69-8
9-15	66161-18-0
9-15	66499-05-6
9-15	66603-07-4
9-15	66779-19-9
9-15	668-34-8
9-15	6688-50-2
9-15	66899-69-2
9-15	66899-70-5
9-15	67053-59-2
9-15	67053-64-9
9-15	67053-64-9
9-15	67057-32-3
9-15	67057-34-5
9-15	673502-01-7
9-15	67361-76-6
9-15	67361-77-7
9-15	67410-20-2
9-15	67445-50-5
9-15	67562-44-1
9-15	67649-65-4
9-15	67701-37-5
9-15	67704-30-7
9-15	67708-87-6
9-15	67772-01-4
9-15	67827-58-1
9-15	67827-59-2
9-15	67859-55-6
9-15	67859-59-0
9-15	67859-61-4
9-15	67859-62-5
9-15	67859-63-6
9-15	67859-64-7
9-15	67859-65-8
9-15	67874-41-3
9-15	67874-42-4
9-15	67874-45-7
9-15	67874-46-8
9-15	67874-47-9
9-15	67874-48-0
9-15	67874-49-1
9-15	67874-51-5
9-15	67874-54-8
9-15	67905-20-8
9-15	67905-21-9
9-15	67905-22-0
9-15	67907-14-6
9-15	67907-15-7
9-15	67924-24-7
9-15	67936-79-2
9-15	67939-23-5
9-15	67939-28-0
9-15	67939-64-4
9-15	681-99-2
9-15	68109-85-3
9-15	68109-86-4
9-15	68109-87-5
9-15	68109-88-6
9-15	68133-04-0
9-15	68186-93-6
9-15	68187-05-3
9-15	68187-54-2
9-15	682-00-8
9-15	682-32-6
9-15	68201-92-3
9-15	6821-94-9
9-15	68239-46-3
9-15	68239-50-9
9-15	68298-36-2
9-15	68298-37-3
9-15	68298-38-4
9-15	68298-39-5
9-15	68298-40-8
9-15	68298-42-0
9-15	68298-43-1
9-15	68299-15-0
9-15	68299-23-0
9-15	683-18-1
9-15	68406-52-0
9-15	68412-36-2
9-15	68412-50-0
9-15	68420-14-4
9-15	68420-16-6
9-15	68441-20-3
9-15	68442-12-6
9-15	68460-05-9
9-15	68460-06-0
9-15	68478-76-2
9-15	68512-27-6
9-15	68538-86-3
9-15	68584-62-3
9-15	68584-66-7
9-15	68608-09-3
9-15	68725-14-4
9-15	68725-15-5
9-15	68738-82-9
9-15	68785-38-6
9-15	68794-06-9
9-15	688-73-3
9-15	68921-71-1
9-15	68928-34-7
9-15	68928-37-0
9-15	68928-38-1
9-15	68928-39-2
9-15	68928-40-5
9-15	68928-41-6
9-15	68928-42-7
9-15	68928-44-9
9-15	68928-47-2
9-15	68928-48-3
9-15	68928-49-4
9-15	68928-50-7
9-15	68928-52-9
9-15	68928-76-7
9-15	68928-78-9
9-15	68937-12-2
9-15	68938-97-6
9-15	68955-07-7
9-15	68974-77-6
9-15	68988-11-4
9-15	68988-12-5
9-15	68988-58-9
9-15	68990-28-3
9-15	69011-52-5
9-15	69039-26-5
9-15	69064-21-7
9-15	69226-43-3
9-15	69226-44-4
9-15	69226-45-5
9-15	69226-46-6
9-15	69226-47-7
9-15	69239-37-8
9-15	6931-76-6
9-15	695165-22-1
9-15	69536-57-8
9-15	69537-35-5
9-15	69679-28-3
9-15	69799-37-7
9-15	69882-12-8
9-15	69898-18-6
9-15	6994-59-8
9-15	6995-92-2
9-15	70024-86-1
9-15	70103-43-4
9-15	70303-46-7
9-15	70303-47-8
9-15	70605-35-5
9-15	70620-28-9
9-15	7067-44-9
9-15	70729-71-4
9-15	70750-24-2
9-15	70892-97-6
9-15	70892-98-7
9-15	7094-94-2
9-15	70942-28-8
9-15	70942-29-9
9-15	70942-30-2
9-15	70942-31-3
9-15	70942-34-6
9-15	70942-35-7
9-15	70942-36-8
9-15	70942-46-0
9-15	70942-47-1
9-15	70969-63-0
9-15	70969-67-4
9-15	70969-68-5
9-15	70969-72-1
9-15	70974-33-3
9-15	71010-86-1
9-15	71061-19-3
9-15	71092-26-7
9-15	71119-47-6
9-15	71119-48-7
9-15	71243-84-0
9-15	7141-19-7
9-15	71510-19-5
9-15	71599-08-1
9-15	71631-13-5
9-15	71828-07-4
9-15	71865-66-2
9-15	72231-02-8
9-15	7224-23-9
9-15	7224-27-3
9-15	72253-67-9
9-15	72259-65-5
9-15	72305-84-1
9-15	72480-35-4
9-15	72986-37-9
9-15	73003-70-0
9-15	7304-48-5
9-15	7324-74-5
9-15	7324-77-8
9-15	73246-84-1
9-15	73246-85-2
9-15	7342-38-3
9-15	7342-39-4
9-15	7342-45-2
9-15	7342-47-4
9-15	73520-82-8
9-15	7392-96-3
9-15	73926-90-6
9-15	73927-86-3
9-15	73927-87-4
9-15	73927-88-5
9-15	73927-89-6
9-15	73927-90-9
9-15	73927-91-0
9-15	73927-92-1
9-15	73927-93-2
9-15	73927-94-3
9-15	73927-95-4
9-15	73927-96-5
9-15	73927-97-6
9-15	73927-98-7
9-15	73927-99-8
9-15	73928-00-4
9-15	7393-43-3
9-15	73940-85-9
9-15	73940-86-0
9-15	73940-87-1
9-15	73940-88-2
9-15	73940-89-3
9-15	7399-02-2
9-15	74007-80-0
9-15	7414-81-5
9-15	74162-83-7
9-15	74177-50-7
9-15	7423-27-0
9-15	7428-79-7
9-15	7437-35-6
9-15	7440-31-5
9-15	74512-59-7
9-15	74563-66-9
9-15	74774-66-6
9-15	7486-35-3
9-15	7488-55-3
9-15	74913-27-2
9-15	74913-29-4
9-15	74925-56-7
9-15	74957-03-2
9-15	75030-30-7
9-15	75113-32-5
9-15	75113-33-6
9-15	75113-34-7
9-15	75113-35-8
9-15	75113-36-9
9-15	75113-37-0
9-15	75113-38-1
9-15	75113-40-5
9-15	75113-42-7
9-15	75113-43-8
9-15	75113-44-9
9-15	75139-28-5
9-15	75149-37-0
9-15	752-58-9
9-15	753-61-7
9-15	753-73-1
9-15	75319-87-8
9-15	7532-85-6
9-15	75457-52-2
9-15	7552-16-1
9-15	7552-19-4
9-15	75533-11-8
9-15	7580-74-7
9-15	7580-76-9
9-15	75831-41-3
9-15	76-63-1
9-15	76-87-9
9-15	76093-98-6
9-15	761-44-4
9-15	76148-13-5
9-15	76162-34-0
9-15	76214-87-4
9-15	7637-13-0
9-15	7646-78-8
9-15	76461-84-2
9-15	76468-20-7
9-15	7653-28-3
9-15	765922-96-1
9-15	7664-98-4
9-15	77-58-7
9-15	77-80-5
9-15	7772-99-8
9-15	7774-76-7
9-15	7783-47-3
9-15	7783-62-2
9-15	7789-67-5
9-15	7790-47-8
9-15	77900-69-7
9-15	77928-59-7
9-15	78-04-6
9-15	78-06-8
9-15	78-20-6
9-15	78182-42-0
9-15	78230-05-4
9-15	78230-06-5
9-15	78370-01-1
9-15	78763-54-9
9-15	78899-76-0
9-15	78917-85-8
9-15	79330-84-0
9-15	79357-68-9
9-15	79357-72-5
9-15	79403-36-4
9-15	79494-57-8
9-15	79922-74-0
9-15	80233-79-0
9-15	8028-83-9
9-15	80497-89-8
9-15	8062-08-6
9-15	81034-75-5
9-15	811-73-4
9-15	813-19-4
9-15	814-94-8
9-15	81489-56-7
9-15	815-85-0
9-15	81514-95-6
9-15	818-08-6
9-15	819-21-6
9-15	82364-22-5
9-15	82554-77-6
9-15	82734-44-9
9-15	82963-02-8
9-15	83447-69-2
9-15	83500-88-3
9-15	83514-66-3
9-15	83833-21-0
9-15	83833-23-2
9-15	83833-24-3
9-15	83833-25-4
9-15	83833-26-5
9-15	83833-27-6
9-15	83833-28-7
9-15	83846-45-1
9-15	83898-44-6
9-15	83898-45-7
9-15	83898-46-8
9-15	83898-47-9
9-15	83898-48-0
9-15	83898-49-1
9-15	83898-50-4
9-15	83898-51-5
9-15	83898-52-6
9-15	83898-53-7
9-15	83898-54-8
9-15	83898-55-9
9-15	83898-56-0
9-15	83898-57-1
9-15	83898-58-2
9-15	83898-59-3
9-15	83898-60-6
9-15	84012-65-7
9-15	84012-66-8
9-15	84029-40-3
9-15	84029-62-9
9-15	84029-63-0
9-15	84029-64-1
9-15	84029-72-1
9-15	84029-73-2
9-15	84029-74-3
9-15	84029-75-4
9-15	84029-76-5
9-15	84029-77-6
9-15	84029-78-7
9-15	84029-79-8
9-15	84029-80-1
9-15	84029-81-2
9-15	84030-41-1
9-15	84030-42-2
9-15	84030-43-3
9-15	84030-44-4
9-15	84030-45-5
9-15	84030-46-6
9-15	84030-47-7
9-15	84030-61-5
9-15	84051-94-5
9-15	84142-18-7
9-15	84144-93-4
9-15	84145-12-0
9-15	84332-95-6
9-15	84332-96-7
9-15	84332-97-8
9-15	84332-98-9
9-15	84370-78-5
9-15	84668-41-7
9-15	84696-55-9
9-15	84712-69-6
9-15	84712-70-9
9-15	84775-68-8
9-15	84776-00-1
9-15	84776-04-5
9-15	84777-54-8
9-15	84787-73-5
9-15	84787-74-6
9-15	84787-79-1
9-15	84787-80-4
9-15	84788-16-9
9-15	84788-17-0
9-15	84803-43-0
9-15	84837-25-2
9-15	84864-54-0
9-15	84896-41-3
9-15	84896-44-6
9-15	84962-42-5
9-15	85290-45-5
9-15	85371-54-6
9-15	85391-79-3
9-15	85391-80-6
9-15	85391-81-7
9-15	85392-75-2
9-15	85392-76-3
9-15	85409-17-2
9-15	85424-96-0
9-15	85424-97-1
9-15	85536-72-7
9-15	85536-73-8
9-15	85566-78-5
9-15	85665-63-0
9-15	85702-55-2
9-15	85702-56-3
9-15	85702-57-4
9-15	85702-74-5
9-15	85702-75-6
9-15	85702-76-7
9-15	85702-77-8
9-15	85702-78-9
9-15	85702-85-8
9-15	85702-86-9
9-15	85702-87-0
9-15	85702-88-1
9-15	85873-44-5
9-15	85938-40-5
9-15	85938-41-6
9-15	85938-42-7
9-15	85938-43-8
9-15	85938-44-9
9-15	85938-45-0
9-15	85938-46-1
9-15	85938-47-2
9-15	85938-48-3
9-15	85938-49-4
9-15	85938-50-7
9-15	85938-51-8
9-15	85938-52-9
9-15	85938-53-0
9-15	85958-87-8
9-15	85959-77-9
9-15	86022-43-7
9-15	863987-21-7
9-15	863987-67-1
9-15	866-55-7
9-15	867-36-7
9-15	869-59-0
9-15	869901-24-6
9-15	870-08-6
9-15	87735-26-0
9-15	877610-76-9
9-15	88727-31-5
9-15	88727-33-7
9-15	892-20-6
9-15	894-09-7
9-15	89930-84-7
9-15	900-95-8
9-15	90127-45-0
9-15	90170-31-3
9-15	90170-33-5
9-15	90170-34-6
9-15	90170-35-7
9-15	90170-36-8
9-15	90170-37-9
9-15	90170-38-0
9-15	90170-39-1
9-15	90170-40-4
9-15	90264-80-5
9-15	90268-67-0
9-15	90268-72-7
9-15	90288-21-4
9-15	90342-41-9
9-15	90388-33-3
9-15	90459-98-6
9-15	90529-64-9
9-15	90529-85-4
9-15	90529-88-7
9-15	90552-58-2
9-15	90552-61-7
9-15	90552-62-8
9-15	90552-63-9
9-15	90552-64-0
9-15	90552-66-2
9-15	90552-67-3
9-15	90552-68-4
9-15	90552-69-5
9-15	90552-70-8
9-15	90552-71-9
9-15	90583-80-5
9-15	910-06-5
9-15	91053-46-2
9-15	913382-76-0
9-15	91422-01-4
9-15	91648-37-2
9-15	91648-38-3
9-15	91648-39-4
9-15	91648-71-4
9-15	91679-78-6
9-15	91782-35-3
9-15	91782-47-7
9-15	91782-48-8
9-15	91782-92-2
9-15	919-28-8
9-15	92154-74-0
9-15	923954-49-8
9-15	92502-48-2
9-15	92502-51-7
9-15	92502-58-4
9-15	93166-09-7
9-15	934-56-5
9-15	93686-50-1
9-15	93686-51-2
9-15	93686-52-3
9-15	93686-53-4
9-15	93778-53-1
9-15	93805-32-4
9-15	93805-54-0
9-15	93819-95-5
9-15	93839-24-8
9-15	93840-03-0
9-15	93841-41-9
9-15	93841-42-0
9-15	93841-43-1
9-15	93857-17-1
9-15	93857-18-2
9-15	93893-96-0
9-15	93893-97-1
9-15	93893-98-2
9-15	93918-30-0
9-15	93918-33-3
9-15	93918-35-5
9-15	93918-37-7
9-15	93925-40-7
9-15	93925-41-8
9-15	93925-42-9
9-15	93925-43-0
9-15	93925-44-1
9-15	93925-45-2
9-15	93951-17-8
9-15	93951-53-2
9-15	93965-21-0
9-15	93965-22-1
9-15	93965-26-5
9-15	93965-27-6
9-15	93981-44-3
9-15	94021-54-2
9-15	94022-46-5
9-15	94023-65-1
9-15	94042-69-0
9-15	94095-56-4
9-15	94109-28-1
9-15	94109-31-6
9-15	94134-56-2
9-15	94237-39-5
9-15	94246-99-8
9-15	94275-72-6
9-15	94275-86-2
9-15	94279-11-5
9-15	94333-39-8
9-15	94349-25-4
9-15	94349-26-5
9-15	94349-27-6
9-15	94410-05-6
9-15	94442-03-2
9-15	94551-58-3
9-15	94551-73-2
9-15	94551-86-7
9-15	94551-97-0
9-15	94850-90-5
9-15	94857-33-7
9-15	94891-36-8
9-15	95046-44-9
9-15	95873-60-2
9-15	962-89-0
9-15	96407-98-6
9-15	96407-99-7
9-15	96446-11-6
9-15	96521-04-9
9-15	96690-45-8
9-15	97102-86-8
9-15	97198-18-0
9-15	97259-90-0
9-15	97280-80-3
9-15	97392-78-4
9-15	974-29-8
9-15	97485-46-6
9-15	97922-83-3
9-15	97953-08-7
9-15	98358-14-6
9-15	98966-48-4
9-15	993-16-8
9-15	993-50-0
9-15	993-74-8
9-15	994-31-0
9-15	994-32-1
9-15	994-71-8
9-15	994-89-8
9-15	994-99-0
9-15	996-08-7
9-15	996-37-2
9-15	997-50-2
9-15	99963-78-7
9-15	P-86-0623
9-15	RR-00042-0
9-15	RR-00043-1
9-15	RR-00134-3
9-15	RR-00399-6
9-15	RR-00615-5
9-15	RR-01198-3
9-15	RR-01199-4
9-15	RR-02528-5
9-15	RR-02529-6
9-15	RR-02530-9
9-15	RR-02531-0
9-15	RR-02532-1
9-15	RR-02533-2
9-15	RR-02534-3
9-15	RR-04201-3
9-15	RR-04205-7
9-15	RR-109331-8
9-15	RR-146041-9
9-15	RR-163140-9
9-15	RR-163141-0
9-15	RR-184837-9
9-15	RR-30319-5
9-15	RR-30320-8
9-15	RR-30404-1
9-15	RR-31161-5
9-15	RR-40755-6
9-15	RR-45114-9
9-15	RR-45115-0
9-15	RR-46564-5
9-15	RR-51623-4
9-15	RR-53985-5
9-15	RR-54373-7
9-15	RR-54374-8
9-15	RR-54380-6
9-15	RR-55197-3
9-15	RR-55544-2
9-15	RR-57645-4
9-15	RR-57666-9
9-15	RR-58136-2
9-15	RR-60258-4
9-15	RR-87847-7
9-15	UN1827
9-15	UN2440
9-15	UN2440
9-16	10025-68-0
9-16	10026-03-6
9-16	10026-21-8
9-16	10026-23-0
9-16	10031-45-5
9-16	10039-31-3
9-16	100403-63-2
9-16	10060-09-0
9-16	10101-96-9
9-16	10101-99-2
9-16	10102-12-2
9-16	10102-18-8
9-16	10102-23-5
9-16	10112-94-4
9-16	101357-00-0
9-16	101357-01-1
9-16	101357-02-2
9-16	101357-03-3
9-16	101357-04-4
9-16	10161-84-9
9-16	101672-11-1
9-16	102110-61-2
9-16	10214-40-1
9-16	10236-58-5
9-16	10294-32-3
9-16	10326-29-1
9-16	1034144-42-7
9-16	10431-47-7
9-16	10486-58-5
9-16	1049-38-3
9-16	10504-99-1
9-16	105257-50-9
9-16	106097-46-5
9-16	106804-81-3
9-16	107068-76-8
9-16	108424-99-3
9-16	108425-00-9
9-16	1092379-04-8
9-16	109339-79-9
9-16	109339-80-2
9-16	110620-89-8
9-16	110720-61-1
9-16	110781-18-5
9-16	110781-19-6
9-16	110987-60-5
9-16	11112-63-3
9-16	11115-99-4
9-16	11125-23-8
9-16	11133-88-3
9-16	111369-71-2
9-16	111369-72-3
9-16	11140-60-6
9-16	11140-61-7
9-16	111568-26-4
9-16	112073-63-9
9-16	112099-83-9
9-16	112131-82-5
9-16	112131-87-0
9-16	112285-95-7
9-16	1123-91-7
9-16	112965-42-1
9-16	1132-39-4
9-16	113228-99-2
9-16	113229-01-9
9-16	113329-64-9
9-16	113553-55-2
9-16	115233-24-4
9-16	115493-57-7
9-16	116065-96-4
9-16	116099-09-3
9-16	116473-38-2
9-16	116812-56-7
9-16	117449-21-5
9-16	117449-22-6
9-16	118340-36-6
9-16	118478-84-5
9-16	1187-56-0
9-16	1189246-68-1
9-16	1195144-19-4
9-16	12002-67-4
9-16	12002-86-7
9-16	12006-05-2
9-16	12006-06-3
9-16	12014-94-7
9-16	120148-08-5
9-16	120149-75-9
9-16	120149-76-0
9-16	12018-83-6
9-16	12018-95-0
9-16	12020-04-1
9-16	12020-38-1
9-16	12020-66-5
9-16	12024-11-2
9-16	12024-24-7
9-16	12024-90-7
9-16	12029-87-7
9-16	12031-51-5
9-16	12033-59-9
9-16	12034-77-4
9-16	12035-33-5
9-16	12036-87-2
9-16	12038-08-3
9-16	12038-64-1
9-16	12039-21-3
9-16	12039-51-9
9-16	12039-52-0
9-16	12039-53-1
9-16	12039-54-2
9-16	12039-55-3
9-16	12044-31-4
9-16	12044-57-4
9-16	12053-13-3
9-16	12054-10-3
9-16	12056-07-4
9-16	12058-18-3
9-16	12065-10-0
9-16	12065-11-1
9-16	12067-45-7
9-16	12067-46-8
9-16	12068-69-8
9-16	12068-80-3
9-16	12069-00-0
9-16	12136-60-6
9-16	12137-13-2
9-16	12137-76-7
9-16	12138-21-5
9-16	1214720-55-4
9-16	12162-21-9
9-16	12162-60-6
9-16	12163-21-2
9-16	12164-90-8
9-16	12166-43-7
9-16	12166-47-1
9-16	12201-85-3
9-16	1220118-41-1
9-16	12213-70-6
9-16	12214-12-9
9-16	122163-00-2
9-16	1221821-47-1
9-16	12232-25-6
9-16	122572-70-7
9-16	122572-71-8
9-16	12299-33-1
9-16	12299-34-2
9-16	12299-35-3
9-16	12299-42-2
9-16	12299-46-6
9-16	12299-51-3
9-16	12299-98-8
9-16	123517-16-8
9-16	123517-41-9
9-16	12397-00-1
9-16	12397-16-9
9-16	12400-33-8
9-16	124205-86-3
9-16	12534-09-7
9-16	1253906-76-1
9-16	125694-36-2
9-16	1258273-87-8
9-16	12626-31-2
9-16	12626-36-7
9-16	12640-29-8
9-16	12640-30-1
9-16	12640-89-0
9-16	12641-96-2
9-16	126424-27-9
9-16	126424-28-0
9-16	126424-29-1
9-16	126424-33-7
9-16	12656-50-7
9-16	12656-57-4
9-16	126999-21-1
9-16	127242-58-4
9-16	127276-99-7
9-16	127277-00-3
9-16	12733-65-2
9-16	127764-45-8
9-16	129618-34-4
9-16	130110-53-1
9-16	130110-54-2
9-16	1302-09-6
9-16	1302-82-5
9-16	1303-36-2
9-16	1303-37-3
9-16	1303-62-4
9-16	1304-39-8
9-16	1305-84-6
9-16	1306-24-7
9-16	1307-99-9
9-16	1308-79-8
9-16	1310-32-3
9-16	1312-74-9
9-16	1313-04-8
9-16	1313-22-0
9-16	1313-85-5
9-16	1314-05-2
9-16	1315-05-5
9-16	1315-06-6
9-16	1315-07-7
9-16	1315-08-8
9-16	1315-09-9
9-16	131599-73-0
9-16	131599-74-1
9-16	131599-76-3
9-16	1317-41-5
9-16	133333-94-5
9-16	133927-17-0
9-16	13410-01-0
9-16	13446-28-1
9-16	1345-10-4
9-16	13465-62-8
9-16	13465-66-2
9-16	1357629-22-1
9-16	13597-46-1
9-16	13597-54-1
9-16	136-92-5
9-16	136543-49-2
9-16	136543-50-5
9-16	136543-51-6
9-16	1369526-72-6
9-16	13718-59-7
9-16	13768-86-0
9-16	13780-18-2
9-16	13814-59-0
9-16	13814-62-5
9-16	14013-56-0
9-16	14019-91-1
9-16	14124-68-6
9-16	141676-86-0
9-16	14265-71-5
9-16	14265-71-5
9-16	1436428-29-3
9-16	144-34-3
9-16	144507-49-3
9-16	14459-36-0
9-16	1449-68-9
9-16	14590-19-3
9-16	14590-38-6
9-16	1462878-70-1
9-16	1464-42-2
9-16	1464-43-3
9-16	14687-60-6
9-16	14687-60-6
9-16	146922-05-6
9-16	14696-77-6
9-16	1482-82-2
9-16	14902-95-5
9-16	14986-91-5
9-16	15025-89-5
9-16	1504562-52-0
9-16	15060-62-5
9-16	15123-69-0
9-16	15123-92-9
9-16	15123-97-4
9-16	15168-20-4
9-16	1520097-13-5
9-16	15422-57-8
9-16	15422-57-8
9-16	15422-58-9
9-16	15422-58-9
9-16	15498-87-0
9-16	15572-25-5
9-16	15586-47-7
9-16	15593-51-8
9-16	15593-52-9
9-16	15593-61-0
9-16	15615-72-2
9-16	15702-34-8
9-16	15758-45-9
9-16	15758-45-9
9-16	15855-80-8
9-16	1603-84-5
9-16	1605283-50-8
9-16	16142-89-5
9-16	1623456-05-2
9-16	1627498-60-5
9-16	1645316-98-8
9-16	1666-13-3
9-16	174817-89-1
9-16	17508-29-1
9-16	1755-36-8
9-16	17697-12-0
9-16	17852-69-6
9-16	1799735-35-5
9-16	18312-66-8
9-16	1879054-37-1
9-16	1898210-10-0
9-16	18987-38-7
9-16	19188-18-2
9-16	19632-73-6
9-16	19869-93-3
9-16	19869-93-3
9-16	20405-64-5
9-16	20541-49-5
9-16	20601-83-6
9-16	2068005-39-8
9-16	2087110-63-0
9-16	20960-77-4
9-16	21198-79-8
9-16	21559-14-8
9-16	2179-79-5
9-16	2196169-62-5
9-16	2222122-62-3
9-16	22541-55-5
9-16	2412416-26-1
9-16	2414965-66-3
9-16	24493-83-2
9-16	24493-84-3
9-16	24495-43-0
9-16	24495-59-8
9-16	24687-31-8
9-16	24687-35-2
9-16	2490500-45-1
9-16	25425-97-2
9-16	25468-09-1
9-16	2574-71-2
9-16	2578-27-0
9-16	2578-28-1
9-16	25930-79-4
9-16	26046-90-2
9-16	26271-85-2
9-16	264921-16-6
9-16	2697-61-2
9-16	26970-82-1
9-16	272-30-0
9-16	2724228-22-0
9-16	273-15-4
9-16	2749963-13-9
9-16	2777-58-4
9-16	2786-43-8
9-16	2818-88-4
9-16	2818-89-5
9-16	2870-37-3
9-16	2870-38-4
9-16	288-05-1
9-16	2897-21-4
9-16	29411-74-3
9-16	2946-15-8
9-16	2946-17-0
9-16	2946-20-5
9-16	29528-97-0
9-16	29621-88-3
9-16	29680-54-4
9-16	2996841-70-2
9-16	309242-70-4
9-16	309242-71-5
9-16	31052-43-4
9-16	31052-46-7
9-16	3211-76-5
9-16	32835-25-9
9-16	32835-32-8
9-16	33144-86-4
9-16	33609-19-7
9-16	3425-46-5
9-16	34276-89-6
9-16	34837-55-3
9-16	35350-43-7
9-16	3542-13-0
9-16	35498-95-4
9-16	36297-89-9
9-16	37256-15-8
9-16	37256-16-9
9-16	37256-19-2
9-16	37258-85-8
9-16	37276-15-6
9-16	37280-17-4
9-16	37359-15-2
9-16	37368-02-8
9-16	37773-02-7
9-16	378784-17-9
9-16	378784-19-1
9-16	38650-20-3
9-16	3878-44-2
9-16	39399-60-5
9-16	39404-76-7
9-16	39712-38-4
9-16	39981-05-0
9-16	40093-99-0
9-16	41262-21-9
9-16	41292-06-2
9-16	42423-89-2
9-16	42905-02-2
9-16	4671-93-6
9-16	4730-83-0
9-16	50378-83-1
9-16	506-80-9
9-16	50647-14-8
9-16	50829-23-7
9-16	50926-12-0
9-16	50954-17-1
9-16	5117-16-8
9-16	5117-17-9
9-16	51682-05-4
9-16	51682-74-7
9-16	51682-77-0
9-16	51694-22-5
9-16	51799-69-0
9-16	51882-60-1
9-16	52126-83-7
9-16	52513-84-5
9-16	52685-95-7
9-16	5270-30-4
9-16	53800-83-2
9-16	5456-28-0
9-16	55259-49-9
9-16	5533-46-0
9-16	55425-27-9
9-16	55811-25-1
9-16	56051-04-8
9-16	56051-08-2
9-16	56093-45-9
9-16	56253-60-2
9-16	5707-04-0
9-16	57478-60-1
9-16	57673-50-4
9-16	57897-99-1
9-16	58127-88-1
9-16	5819-01-2
9-16	58339-34-7
9-16	593-79-3
9-16	59918-84-2
9-16	60763-24-8
9-16	60860-63-1
9-16	60940-34-3
9-16	62042-25-5
9-16	627-53-2
9-16	628-39-7
9-16	62930-81-8
9-16	630-10-4
9-16	63090-47-1
9-16	63149-25-7
9-16	63795-61-9
9-16	63815-64-5
9-16	63815-75-8
9-16	63815-76-9
9-16	63815-80-5
9-16	63815-98-5
9-16	63816-07-9
9-16	63816-14-8
9-16	63816-15-9
9-16	63816-16-0
9-16	63816-17-1
9-16	63870-44-0
9-16	63870-48-4
9-16	63906-49-0
9-16	63906-50-3
9-16	63907-45-9
9-16	63981-20-4
9-16	63981-21-5
9-16	64046-00-0
9-16	645-96-5
9-16	6486-05-1
9-16	65294-08-8
9-16	66142-22-1
9-16	66375-26-6
9-16	66455-76-3
9-16	67014-91-9
9-16	67465-26-3
9-16	67711-96-0
9-16	67711-97-1
9-16	67711-98-2
9-16	67711-99-3
9-16	67712-00-9
9-16	67800-88-8
9-16	6810-64-6
9-16	68413-87-6
9-16	68443-89-0
9-16	68516-47-2
9-16	68541-88-8
9-16	68555-40-8
9-16	68758-81-6
9-16	69012-41-5
9-16	69029-55-6
9-16	69029-88-5
9-16	695161-38-7
9-16	6996-92-5
9-16	70134-26-8
9-16	70679-43-5
9-16	70714-63-5
9-16	70867-60-6
9-16	70942-37-9
9-16	7101-31-7
9-16	71098-88-9
9-16	71243-75-9
9-16	72473-22-4
9-16	72491-44-2
9-16	72828-62-7
9-16	72924-94-8
9-16	7310-87-4
9-16	73506-32-8
9-16	73508-21-1
9-16	7370-58-3
9-16	74037-18-6
9-16	7446-08-4
9-16	7446-15-3
9-16	7446-17-5
9-16	7446-21-1
9-16	7446-22-2
9-16	7446-24-4
9-16	7446-34-6
9-16	7488-51-9
9-16	7488-56-4
9-16	75926-26-0
9-16	76213-48-4
9-16	7782-49-2
9-16	7782-82-3
9-16	7783-00-8
9-16	7783-07-5
9-16	7783-08-6
9-16	7783-19-9
9-16	7783-21-3
9-16	7783-43-9
9-16	7783-79-1
9-16	7784-05-6
9-16	7784-07-8
9-16	7787-41-9
9-16	7788-94-5
9-16	7789-51-7
9-16	7789-52-8
9-16	7789-65-3
9-16	7790-59-2
9-16	7790-71-8
9-16	7790-74-1
9-16	7791-23-3
9-16	83783-61-3
9-16	84255-09-4
9-16	845890-99-5
9-16	85050-02-8
9-16	85050-03-9
9-16	85539-83-9
9-16	856616-83-6
9-16	860308-46-9
9-16	873660-49-2
9-16	877454-24-5
9-16	879546-05-1
9-16	88608-76-8
9-16	89703-05-9
9-16	90218-42-1
9-16	90466-79-8
9-16	909-64-8
9-16	920-25-2
9-16	92062-13-0
9-16	92128-37-5
9-16	92484-66-7
9-16	93838-99-4
9-16	93839-00-0
9-16	93857-70-6
9-16	93857-89-7
9-16	93964-28-4
9-16	94158-30-2
9-16	94166-38-8
9-16	94166-40-2
9-16	94213-13-5
9-16	957799-13-2
9-16	95788-45-7
9-16	97507-71-6
9-16	98191-69-6
9-16	988-93-2
9-16	99811-54-8
9-16	RR-00485-3
9-16	RR-00612-2
9-16	RR-01919-2
9-16	RR-04026-6
9-16	RR-04552-3
9-16	RR-14741-1
9-16	RR-14872-1
9-16	RR-34608-7
9-16	RR-34653-2
9-16	RR-35224-9
9-16	RR-35401-8
9-16	RR-35957-9
9-16	RR-36767-9
9-16	RR-37334-2
9-16	RR-37537-1
9-16	RR-38927-5
9-16	RR-42178-3
9-16	RR-42851-3
9-16	RR-43729-6
9-16	RR-43833-5
9-16	RR-45490-0
9-16	RR-46259-9
9-16	RR-46260-2
9-16	RR-46261-3
9-16	RR-56256-1
9-16	UN1905
9-16	UN2194
9-16	UN2202
9-16	UN2630
9-16	UN2657
9-16	UN2879
9-17	10031-59-1
9-17	10102-45-1
9-17	113835-49-7
9-17	12026-06-1
9-17	12039-17-7
9-17	12039-52-0
9-17	12048-36-1
9-17	123038-26-6
9-17	12396-77-9
9-17	12507-30-1
9-17	12507-33-4
9-17	12556-14-8
9-17	1310-83-4
9-17	1314-12-1
9-17	13453-30-0
9-17	13453-32-2
9-17	13453-33-3
9-17	13453-34-4
9-17	13453-35-5
9-17	13453-37-7
9-17	13453-38-8
9-17	13453-40-2
9-17	13453-45-7
9-17	13701-90-1
9-17	13746-98-0
9-17	13826-63-6
9-17	13901-25-2
9-17	13968-51-9
9-17	14012-92-1
9-17	14107-52-9
9-17	14219-90-0
9-17	14324-88-0
9-17	14767-09-0
9-17	15064-65-0
9-17	15064-66-1
9-17	15123-92-9
9-17	15596-83-5
9-17	15634-29-4
9-17	15671-21-3
9-17	15720-55-5
9-17	15720-57-7
9-17	15743-50-7
9-17	15843-14-8
9-17	16142-89-5
9-17	16222-66-5
9-17	16222-66-5
9-17	16901-76-1
9-17	18235-46-6
9-17	18277-70-8
9-17	193561-54-5
9-17	19859-84-8
9-17	20398-06-5
9-17	20712-47-4
9-17	207738-09-8
9-17	20908-85-4
9-17	21707-27-7
9-17	23586-53-0
9-17	24093-49-0
9-17	25369-72-6
9-17	25491-50-3
9-17	2570-63-0
9-17	25822-21-3
9-17	25955-51-5
9-17	26683-69-2
9-17	2757-18-8
9-17	28038-29-1
9-17	28038-30-4
9-17	29095-38-3
9-17	29809-42-5
9-17	30737-24-7
9-17	31293-42-2
9-17	34156-26-8
9-17	34822-90-7
9-17	3535-84-0
9-17	3671-95-2
9-17	37333-30-5
9-17	37667-57-5
9-17	37667-58-6
9-17	378784-59-9
9-17	378784-61-3
9-17	39262-04-9
9-17	51833-34-2
9-17	563-68-8
9-17	57017-94-4
9-17	57232-83-4
9-17	58806-19-2
9-17	60969-19-9
9-17	623903-27-5
9-17	62811-75-0
9-17	63906-56-9
9-17	6533-73-9
9-17	71929-23-2
9-17	73491-36-8
9-17	7440-28-0
9-17	7446-18-6
9-17	7783-57-5
9-17	7789-27-7
9-17	7791-12-0
9-17	80057-39-2
9-17	82870-81-3
9-17	84057-85-2
9-17	87993-82-6
9-17	92257-11-9
9-17	94022-47-6
9-17	992-98-3
9-17	RR-00048-6
9-17	UN2573
9-17	UN2727
9-18	10213-10-2
9-18	10213-10-2
9-18	11105-11-6
9-18	11120-25-5
9-18	12026-92-5
9-18	12026-93-6
9-18	12027-38-2
9-18	12028-06-7
9-18	12028-48-7
9-18	12028-64-7
9-18	12141-67-2
9-18	12208-54-7
9-18	12398-61-7
9-18	12520-88-6
9-18	12593-69-0
9-18	1290611-51-6
9-18	1311-93-9
9-18	13283-01-7
9-18	13472-45-2
9-18	13520-76-8
9-18	13520-78-0
9-18	1373772-04-3
9-18	1446344-33-7
9-18	14683-32-0
9-18	14932-41-3
9-18	14983-48-3
9-18	15055-23-9
9-18	15749-43-6
9-18	15749-44-7
9-18	15749-46-9
9-18	15855-75-1
9-18	24421-27-0
9-18	340154-00-9
9-18	37349-36-3
9-18	37374-90-6
9-18	44142-66-7
9-18	51374-04-0
9-18	68443-09-4
9-18	68444-39-3
9-18	7440-33-7
9-18	7790-60-5
9-18	89127-99-1
9-18	97808-99-6
9-18	99548-93-3
9-18	RR-00008-8
9-19	11139-79-0
9-19	12031-66-2
9-19	12034-15-0
9-19	12047-34-6
9-19	12065-74-6
9-19	12158-56-4
9-19	12231-98-0
9-19	12292-07-8
9-19	12293-61-7
9-19	12333-74-3
9-19	12376-95-3
9-19	12653-86-0
9-19	1314-61-0
9-19	13982-00-8
9-19	1425543-21-0
9-19	14391-27-6
9-19	14683-36-4
9-19	15055-22-8
9-19	1508310-03-9
9-19	15701-16-3
9-19	15701-21-0
9-19	15701-22-1
9-19	15758-54-0
9-19	15758-55-1
9-19	15759-26-9
9-19	15759-27-0
9-19	15759-28-1
9-19	15759-29-2
9-19	1803311-52-5
9-19	184226-71-9
9-19	206991-05-1
9-19	22095-77-8
9-19	378784-30-6
9-19	378784-35-1
9-19	378784-36-2
9-19	406687-12-5
9-19	53095-18-4
9-19	59763-75-6
9-19	65607-95-6
9-19	7440-25-7
9-20	10025-77-1
9-20	10028-21-4
9-20	10028-21-4
9-20	10028-22-5
9-20	10030-90-7
9-20	10031-26-2
9-20	10045-89-3
9-20	10058-42-1
9-20	100656-50-6
9-20	100656-52-8
9-20	10101-60-7
9-20	101033-43-6
9-20	10124-49-9
9-20	10138-04-2
9-20	10179-73-4
9-20	102-54-5
9-20	102110-49-6
9-20	10213-94-2
9-20	102262-21-5
9-20	102262-22-6
9-20	10294-53-8
9-20	10361-13-4
9-20	103690-85-3
9-20	104199-50-0
9-20	104199-51-1
9-20	10421-48-4
9-20	10450-55-2
9-20	104815-18-1
9-20	105057-82-7
9-20	105118-94-3
9-20	11079-05-3
9-20	11087-25-5
9-20	11095-66-2
9-20	11120-06-2
9-20	11121-95-2
9-20	11129-47-8
9-20	111687-36-6
9-20	1120-45-2
9-20	112764-77-9
9-20	114948-49-1
9-20	115100-55-5
9-20	117198-20-6
9-20	1185-57-5
9-20	119029-85-5
9-20	12013-33-1
9-20	12022-46-7
9-20	12023-20-0
9-20	12023-25-5
9-20	12023-27-7
9-20	12023-64-2
9-20	12062-26-9
9-20	12062-85-0
9-20	12063-56-8
9-20	12068-35-8
9-20	12068-77-8
9-20	12068-86-9
9-20	12078-32-9
9-20	12086-40-7
9-20	12093-10-6
9-20	12152-94-2
9-20	12153-89-8
9-20	12154-95-9
9-20	121714-78-1
9-20	12178-83-5
9-20	12180-80-2
9-20	12194-95-5
9-20	122489-39-8
9-20	12258-96-7
9-20	12278-69-2
9-20	12289-44-0
9-20	12300-26-4
9-20	12318-51-3
9-20	12389-15-0
9-20	12389-75-2
9-20	12410-14-9
9-20	124222-18-0
9-20	124268-99-1
9-20	124269-00-7
9-20	12432-30-3
9-20	125304-21-4
9-20	12549-23-4
9-20	125494-55-5
9-20	12609-95-9
9-20	1271-42-7
9-20	1271-51-8
9-20	1271-55-2
9-20	1271-86-9
9-20	1271-94-9
9-20	1272-29-3
9-20	1272-44-2
9-20	127279-03-2
9-20	1273-71-8
9-20	1273-89-8
9-20	1274-00-6
9-20	1274-08-4
9-20	1277-58-3
9-20	12786-09-3
9-20	1287-09-8
9-20	1291-47-0
9-20	1293-87-4
9-20	1299332-62-9
9-20	1300-10-3
9-20	1301-70-8
9-20	130622-20-7
9-20	1310-45-8
9-20	1313195-45-7
9-20	1316-97-8
9-20	13268-42-3
9-20	1330-26-3
9-20	1332-08-7
9-20	1333-00-2
9-20	1335-56-4
9-20	1336-80-7
9-20	1338-16-5
9-20	13463-40-6
9-20	13463-43-9
9-20	13463-43-9
9-20	13476-08-9
9-20	13478-10-9
9-20	13537-24-1
9-20	13601-19-9
9-20	13718-65-5
9-20	13718-66-6
9-20	13746-66-2
9-20	13755-33-4
9-20	13755-38-9
9-20	13815-13-9
9-20	13815-30-0
9-20	13821-06-2
9-20	13821-08-4
9-20	13821-10-8
9-20	13870-24-1
9-20	13877-16-2
9-20	13877-16-2
9-20	13918-37-1
9-20	13933-23-8
9-20	13939-33-8
9-20	13943-58-3
9-20	13963-59-2
9-20	1398052-86-2
9-20	139939-63-2
9-20	14013-71-9
9-20	14013-86-6
9-20	14017-39-1
9-20	14024-17-0
9-20	14024-18-1
9-20	14038-43-8
9-20	14038-75-6
9-20	141-01-5
9-20	14104-77-9
9-20	14165-53-8
9-20	14170-30-0
9-20	1419873-89-4
9-20	142042-22-6
9-20	14217-21-1
9-20	14221-47-7
9-20	14221-48-8
9-20	142340-43-0
9-20	14239-49-7
9-20	14263-81-1
9-20	14285-56-4
9-20	142906-29-4
9-20	14319-01-8
9-20	14323-17-2
9-20	14402-89-2
9-20	14434-22-1
9-20	14451-00-4
9-20	14459-95-1
9-20	14460-02-7
9-20	14481-29-9
9-20	14481-40-4
9-20	14484-64-1
9-20	14507-18-7
9-20	14526-32-0
9-20	14534-87-3
9-20	145401-57-6
9-20	14552-49-9
9-20	14586-54-0
9-20	14589-06-1
9-20	14634-91-4
9-20	14635-18-8
9-20	14639-04-4
9-20	14709-56-9
9-20	14709-57-0
9-20	14709-62-7
9-20	14729-84-1
9-20	14729-89-6
9-20	14768-11-7
9-20	14840-55-2
9-20	14841-10-2
9-20	14866-25-2
9-20	14874-78-3
9-20	14875-96-8
9-20	14878-31-0
9-20	14878-96-7
9-20	14883-34-2
9-20	14883-46-6
9-20	14940-41-1
9-20	14948-71-1
9-20	149850-38-4
9-20	15226-45-6
9-20	15244-10-7
9-20	15244-10-7
9-20	15258-80-7
9-20	15274-99-4
9-20	15283-51-9
9-20	15321-51-4
9-20	15388-48-4
9-20	15389-73-8
9-20	15438-31-0
9-20	15489-90-4
9-20	15526-61-1
9-20	15530-87-7
9-20	15555-71-2
9-20	15600-49-4
9-20	15630-64-5
9-20	15635-53-7
9-20	15656-03-8
9-20	15669-30-4
9-20	15708-41-5
9-20	15708-42-6
9-20	15740-92-8
9-20	15773-23-6
9-20	15819-11-1
9-20	15843-42-2
9-20	158800-95-4
9-20	16009-13-5
9-20	16143-80-9
9-20	16399-77-2
9-20	16455-61-1
9-20	16485-47-5
9-20	165373-75-1
9-20	16547-58-3
9-20	167614-40-6
9-20	17022-52-5
9-20	17084-02-5
9-20	17088-06-1
9-20	17099-81-9
9-20	17126-46-4
9-20	17169-60-7
9-20	17217-76-4
9-20	17375-41-6
9-20	17375-41-6
9-20	17569-89-0
9-20	176365-29-0
9-20	17685-52-8
9-20	18154-32-0
9-20	1834-30-6
9-20	18497-67-1
9-20	18601-34-8
9-20	18829-42-0
9-20	18990-23-3
9-20	19034-12-9
9-20	19105-78-3
9-20	192319-44-1
9-20	19381-50-1
9-20	19529-38-5
9-20	19529-39-6
9-20	19529-40-9
9-20	19583-54-1
9-20	1976-84-7
9-20	2002-18-8
9-20	2002-18-8
9-20	20174-73-6
9-20	20249-47-2
9-20	20259-31-8
9-20	20259-32-9
9-20	20344-49-4
9-20	20438-93-1
9-20	20542-97-6
9-20	20955-11-7
9-20	21265-50-9
9-20	21393-59-9
9-20	2140-52-5
9-20	21626-24-4
9-20	22242-53-1
9-20	22681-81-8
9-20	22830-45-1
9-20	22967-42-6
9-20	23032-72-6
9-20	23335-74-2
9-20	2338-05-8
9-20	23383-11-1
9-20	23408-95-9
9-20	23606-37-3
9-20	23700-19-8
9-20	24290-40-2
9-20	24390-15-6
9-20	24411-12-9
9-20	24808-52-4
9-20	25424-72-0
9-20	25459-79-4
9-20	25869-00-5
9-20	25869-98-1
9-20	26273-46-1
9-20	26508-33-8
9-20	28633-45-6
9-20	2944-65-2
9-20	2944-66-3
9-20	2944-67-4
9-20	2944-68-5
9-20	29507-61-7
9-20	2980-59-8
9-20	299-29-6
9-20	301-05-3
9-20	301-06-4
9-20	30386-85-7
9-20	3047-59-4
9-20	3094-87-9
9-20	3130-28-7
9-20	31494-35-6
9-20	31904-29-7
9-20	32760-75-1
9-20	32760-80-8
9-20	32994-57-3
9-20	33911-71-6
9-20	34541-04-3
9-20	3522-50-7
9-20	35725-46-3
9-20	36-73-7
9-20	36215-91-5
9-20	36619-30-4
9-20	36682-41-4
9-20	37220-42-1
9-20	37318-94-8
9-20	37349-14-7
9-20	38658-53-6
9-20	39114-45-9
9-20	39458-91-8
9-20	409-16-5
9-20	409-16-5
9-20	41014-96-4
9-20	4119-52-2
9-20	43212-87-9
9-20	43218-58-2
9-20	497092-38-3
9-20	50293-39-5
9-20	5058-42-4
9-20	50643-00-0
9-20	50792-65-9
9-20	51041-36-2
9-20	51181-50-1
9-20	51267-92-6
9-20	5136-76-5
9-20	516-03-0
9-20	516-03-0
9-20	51818-55-4
9-20	52031-09-1
9-20	52118-12-4
9-20	52270-45-8
9-20	52336-55-7
9-20	52645-49-5
9-20	52933-62-7
9-20	53684-61-0
9-20	53858-58-5
9-20	54373-70-5
9-20	54862-84-9
9-20	54959-35-2
9-20	55488-18-1
9-20	55488-87-4
9-20	555-34-0
9-20	555-36-2
9-20	555-76-0
9-20	55648-23-2
9-20	55648-90-3
9-20	56172-58-8
9-20	563-71-3
9-20	56525-23-6
9-20	57898-49-4
9-20	58228-03-8
9-20	58694-78-3
9-20	5905-51-1
9-20	5905-52-2
9-20	5915-66-2
9-20	59733-73-2
9-20	6010-09-9
9-20	60318-31-2
9-20	6047-13-8
9-20	6047-25-2
9-20	60684-13-1
9-20	63589-50-4
9-20	63589-59-3
9-20	63600-31-7
9-20	64082-35-5
9-20	64147-48-4
9-20	64333-00-2
9-20	64611-69-4
9-20	6535-20-2
9-20	6585-53-1
9-20	67055-35-0
9-20	67055-36-1
9-20	67953-73-5
9-20	68109-59-1
9-20	68201-80-9
9-20	68201-81-0
9-20	68201-82-1
9-20	68209-43-8
9-20	68209-44-9
9-20	68209-45-0
9-20	68209-66-5
9-20	68209-67-6
9-20	68213-78-5
9-20	68259-19-8
9-20	68411-12-1
9-20	68411-13-2
9-20	68413-60-5
9-20	68510-43-0
9-20	68516-46-1
9-20	68833-87-4
9-20	68834-18-4
9-20	68834-38-8
9-20	68928-29-0
9-20	68958-52-1
9-20	68964-18-1
9-20	68988-35-2
9-20	69346-26-5
9-20	69399-95-7
9-20	69916-59-2
9-20	70084-66-1
9-20	70399-13-2
9-20	7050-19-3
9-20	70519-09-4
9-20	7100-07-4
9-20	71437-01-9
9-20	71662-50-5
9-20	71672-87-2
9-20	71990-21-1
9-20	72187-17-8
9-20	72207-76-2
9-20	72207-77-3
9-20	72252-39-2
9-20	72319-11-0
9-20	72376-32-0
9-20	72479-30-2
9-20	72479-34-6
9-20	72480-07-0
9-20	72496-86-7
9-20	72496-87-8
9-20	7276-58-6
9-20	72779-11-4
9-20	72828-17-2
9-20	72828-51-4
9-20	72901-53-2
9-20	72906-14-0
9-20	73018-40-3
9-20	7321-53-1
9-20	73297-21-9
9-20	73297-23-1
9-20	73507-31-0
9-20	73507-70-7
9-20	73533-36-5
9-20	7360-47-6
9-20	73690-83-2
9-20	74196-14-8
9-20	74204-29-8
9-20	74356-11-9
9-20	74449-50-6
9-20	7459-88-3
9-20	7487-54-9
9-20	75864-23-2
9-20	76034-19-0
9-20	7705-08-0
9-20	7705-12-6
9-20	7705-15-9
9-20	7720-78-7
9-20	77214-82-5
9-20	77280-84-3
9-20	7758-94-3
9-20	7779-63-7
9-20	7782-61-8
9-20	7782-63-0
9-20	7783-50-8
9-20	7783-83-7
9-20	7783-84-8
9-20	7783-85-9
9-20	7783-86-0
9-20	7789-28-8
9-20	7789-46-0
9-20	79135-18-5
9-20	79135-21-0
9-20	79135-24-3
9-20	79135-27-6
9-20	79665-39-7
9-20	79665-40-0
9-20	79665-42-2
9-20	79704-00-0
9-20	79817-90-6
9-20	80063-37-2
9-20	80063-38-3
9-20	80063-40-7
9-20	80063-42-9
9-20	80083-42-7
9-20	8012-47-3
9-20	80410-35-1
9-20	8050-93-9
9-20	8060-18-2
9-20	8063-79-4
9-20	82338-76-9
9-20	82597-91-9
9-20	82640-18-4
9-20	82707-46-8
9-20	82807-83-8
9-20	84030-25-1
9-20	84030-26-2
9-20	84144-90-1
9-20	84522-39-4
9-20	84583-71-1
9-20	84583-72-2
9-20	84583-78-8
9-20	84583-84-6
9-20	84583-85-7
9-20	84682-41-7
9-20	84682-48-4
9-20	84777-31-1
9-20	84777-34-4
9-20	84777-66-2
9-20	84878-22-8
9-20	85117-21-1
9-20	85136-49-8
9-20	85169-09-1
9-20	85187-44-6
9-20	85187-45-7
9-20	85200-40-4
9-20	85392-58-1
9-20	85392-59-2
9-20	85959-68-8
9-20	85993-25-5
9-20	85994-36-1
9-20	86014-76-8
9-20	9004-66-4
9-20	9009-88-5
9-20	90412-14-9
9-20	90412-19-4
9-20	9044-58-0
9-20	9061-47-6
9-20	91081-74-2
9-20	91082-81-4
9-20	91154-97-1
9-20	91671-77-1
9-20	91671-78-2
9-20	91671-79-3
9-20	91671-80-6
9-20	91722-70-2
9-20	91723-00-1
9-20	91782-87-5
9-20	92200-90-3
9-20	92200-91-4
9-20	93346-52-2
9-20	93573-04-7
9-20	93762-57-3
9-20	93776-38-6
9-20	93776-39-7
9-20	93776-70-6
9-20	93783-74-5
9-20	93839-97-5
9-20	93843-05-1
9-20	93894-59-8
9-20	93894-60-1
9-20	93894-61-2
9-20	93918-11-7
9-20	93918-12-8
9-20	93918-67-3
9-20	93920-15-1
9-20	93920-16-2
9-20	93920-17-3
9-20	93926-61-5
9-20	93963-86-1
9-20	93964-87-5
9-20	93964-96-6
9-20	93981-08-9
9-20	93981-34-1
9-20	93981-36-3
9-20	93981-37-4
9-20	93981-41-0
9-20	93981-42-1
9-20	93981-43-2
9-20	93981-45-4
9-20	93981-46-5
9-20	93981-47-6
9-20	94020-86-7
9-20	94020-90-3
9-20	94021-51-9
9-20	94232-89-0
9-20	94233-22-4
9-20	94275-76-0
9-20	94275-77-1
9-20	94276-44-5
9-20	94276-45-6
9-20	94276-89-8
9-20	94276-94-5
9-20	94277-04-0
9-20	94333-36-5
9-20	94825-16-8
9-20	95009-03-3
9-20	95873-76-0
9-20	959928-40-6
9-20	97171-69-2
9-20	97211-69-3
9-20	97280-84-7
9-20	97434-80-5
9-20	97552-71-1
9-20	97806-24-1
9-20	98072-82-3
9-20	98561-38-7
9-20	98978-63-3
9-20	99116-27-5
9-20	99116-28-6
9-20	99148-47-7
9-20	NA1759
9-20	NA1760
9-20	RR-00521-0
9-20	UN1466
9-20	UN1773
9-20	UN2582
9-21	10026-07-0
9-21	10028-16-7
9-21	10028-16-7
9-21	10028-16-7
9-21	10031-27-3
9-21	10049-23-7
9-21	100656-53-9
9-21	10101-83-4
9-21	10102-20-2
9-21	104276-82-6
9-21	1043412-76-5
9-21	1043877-50-4
9-21	105425-53-4
9-21	106218-86-4
9-21	106566-58-9
9-21	106770-07-4
9-21	107129-43-1
9-21	107129-45-3
9-21	109973-85-5
9-21	11073-85-1
9-21	11099-09-5
9-21	11113-51-2
9-21	11120-48-2
9-21	111821-78-4
9-21	112667-95-5
9-21	116117-03-4
9-21	116836-04-5
9-21	118574-16-6
9-21	118963-17-0
9-21	119617-22-0
9-21	12002-99-2
9-21	12006-61-0
9-21	12009-36-8
9-21	12010-57-0
9-21	12010-73-0
9-21	12013-57-9
9-21	12014-97-0
9-21	12017-13-9
9-21	12018-96-1
9-21	12019-23-7
9-21	12019-52-2
9-21	1202-36-4
9-21	12020-39-2
9-21	12020-69-8
9-21	12023-03-9
9-21	12024-14-5
9-21	12024-27-0
9-21	12025-39-7
9-21	12031-53-7
9-21	12032-44-9
9-21	12032-88-1
9-21	12032-89-2
9-21	12034-41-2
9-21	12034-83-2
9-21	12035-35-7
9-21	12038-12-9
9-21	12039-37-1
9-21	12040-02-7
9-21	12040-08-3
9-21	12040-11-8
9-21	12040-12-9
9-21	12040-13-0
9-21	12040-16-3
9-21	12041-42-8
9-21	12043-29-7
9-21	12044-54-1
9-21	12053-39-3
9-21	12058-20-7
9-21	12067-00-4
9-21	12067-31-1
9-21	12067-66-2
9-21	12067-75-3
9-21	12067-76-4
9-21	12068-90-5
9-21	12125-58-5
9-21	12125-63-2
9-21	12136-59-3
9-21	12138-37-3
9-21	12142-40-4
9-21	12142-88-0
9-21	12159-43-2
9-21	12160-99-5
9-21	12163-22-3
9-21	12164-01-1
9-21	12166-44-8
9-21	12166-69-7
9-21	12166-71-1
9-21	12186-84-4
9-21	12187-02-9
9-21	12191-06-9
9-21	12210-70-7
9-21	12232-27-8
9-21	1224515-43-8
9-21	12249-68-2
9-21	12256-65-4
9-21	12260-55-8
9-21	123333-66-4
9-21	12367-49-6
9-21	124058-74-8
9-21	12521-74-3
9-21	12530-07-3
9-21	1256909-95-1
9-21	1257633-00-3
9-21	12597-49-8
9-21	12599-35-8
9-21	12653-91-7
9-21	126638-48-0
9-21	12689-99-5
9-21	1269232-64-5
9-21	12795-09-4
9-21	128196-69-0
9-21	128196-70-3
9-21	1293990-86-9
9-21	129618-34-4
9-21	130358-77-9
9-21	130358-78-0
9-21	130358-79-1
9-21	1304-82-1
9-21	1306-25-8
9-21	131163-33-2
9-21	1312-45-4
9-21	1314-91-6
9-21	1315-11-3
9-21	132111-03-6
9-21	1327-50-0
9-21	13344-46-2
9-21	134325-12-5
9-21	134349-81-8
9-21	13451-14-4
9-21	13451-17-7
9-21	13451-18-8
9-21	13453-06-0
9-21	13466-24-5
9-21	134741-28-9
9-21	134775-57-8
9-21	13494-80-9
9-21	13520-55-3
9-21	137322-20-4
9-21	13812-57-2
9-21	13812-58-3
9-21	13845-35-7
9-21	13981-49-2
9-21	1417714-34-1
9-21	14234-28-7
9-21	14269-71-7
9-21	14304-79-1
9-21	14304-80-4
9-21	1440529-21-4
9-21	1447821-19-3
9-21	1448522-72-2
9-21	14683-12-6
9-21	1472644-99-7
9-21	14899-38-8
9-21	149081-89-0
9-21	14929-69-2
9-21	15080-52-1
9-21	15125-45-8
9-21	1520097-11-3
9-21	15571-91-2
9-21	15701-09-4
9-21	15759-52-1
9-21	15851-40-8
9-21	15851-44-2
9-21	15851-47-5
9-21	15851-49-7
9-21	15851-52-2
9-21	15851-53-3
9-21	15852-05-8
9-21	15852-08-1
9-21	15852-09-2
9-21	15852-10-5
9-21	15852-14-9
9-21	15852-21-8
9-21	15885-40-2
9-21	15885-42-4
9-21	15885-43-5
9-21	15899-92-0
9-21	162410-92-6
9-21	16893-14-4
9-21	16925-35-2
9-21	17112-43-5
9-21	1884414-00-9
9-21	1899002-67-5
9-21	190899-29-7
9-21	2017-01-8
9-21	20334-43-4
9-21	20456-48-8
9-21	20730-46-5
9-21	20941-65-5
9-21	2097729-73-0
9-21	2098487-24-0
9-21	210902-79-7
9-21	210902-84-4
9-21	213405-66-4
9-21	21883-56-7
9-21	22261-92-3
9-21	22262-19-7
9-21	22451-06-5
9-21	226922-80-1
9-21	23100-72-3
9-21	2409067-85-0
9-21	24270-51-7
9-21	24727-23-9
9-21	25005-56-5
9-21	25268-69-3
9-21	25284-83-7
9-21	257292-73-2
9-21	26006-71-3
9-21	26722-44-1
9-21	2712640-33-8
9-21	2888539-04-4
9-21	28914-29-6
9-21	2984549-53-1
9-21	29853-65-4
9-21	29870-72-2
9-21	30145-38-1
9-21	303114-50-3
9-21	32294-60-3
9-21	32321-65-6
9-21	34729-54-9
9-21	35515-91-4
9-21	35745-75-6
9-21	37043-71-3
9-21	37293-14-4
9-21	37318-74-4
9-21	378784-46-4
9-21	378784-49-7
9-21	378784-50-0
9-21	378784-51-1
9-21	378784-52-2
9-21	378784-53-3
9-21	378784-54-4
9-21	39082-23-0
9-21	39327-87-2
9-21	39427-02-6
9-21	39473-96-6
9-21	39933-52-3
9-21	42081-47-0
9-21	4294-65-9
9-21	4533-03-3
9-21	4551-16-0
9-21	51112-72-2
9-21	51682-06-5
9-21	52623-77-5
9-21	58500-12-2
9-21	59114-56-6
9-21	593-80-6
9-21	61377-32-0
9-21	627-54-3
9-21	63044-22-4
9-21	63044-25-7
9-21	63044-26-8
9-21	63044-42-8
9-21	63091-70-3
9-21	64093-53-4
9-21	64272-70-4
9-21	65709-65-1
9-21	65762-28-9
9-21	66712-78-5
9-21	67711-95-9
9-21	67711-96-0
9-21	67711-97-1
9-21	67711-98-2
9-21	67711-99-3
9-21	67712-00-9
9-21	69029-49-8
9-21	69029-55-6
9-21	69029-69-2
9-21	69029-71-6
9-21	69029-73-8
9-21	69029-86-3
9-21	69431-11-4
9-21	70495-35-1
9-21	70627-65-5
9-21	712354-41-1
9-21	7446-07-3
9-21	75492-45-4
9-21	761447-58-9
9-21	76845-82-4
9-21	77446-39-0
9-21	7783-09-7
9-21	7783-80-4
9-21	7789-54-0
9-21	7790-48-9
9-21	7790-58-1
9-21	7803-68-1
9-21	83817-35-0
9-21	84135-96-6
9-21	84438-44-8
9-21	84438-47-1
9-21	84438-48-2
9-21	84438-49-3
9-21	86045-52-5
9-21	86381-95-5
9-21	87817-35-4
9-21	905982-64-1
9-21	92062-13-0
9-21	92128-37-5
9-21	93658-88-9
9-21	94022-10-3
9-21	957799-15-4
9-21	RR-00614-4
9-21	RR-14249-4
9-21	UN2195
9-21	UN3284
9-22	100021-78-1
9-22	100063-55-6
9-22	100208-79-5
9-22	100231-69-4
9-22	100231-70-7
9-22	10027-30-2
9-22	10027-32-4
9-22	10031-43-3
9-22	10031-45-5
9-22	10031-47-7
9-22	10031-48-8
9-22	10031-48-8
9-22	100402-65-1
9-22	100403-36-9
9-22	100403-50-7
9-22	100403-57-4
9-22	100545-46-8
9-22	10060-13-6
9-22	100656-54-0
9-22	100656-55-1
9-22	1007578-75-7
9-22	10085-76-4
9-22	100995-81-1
9-22	10102-90-6
9-22	101027-05-8
9-22	10103-48-7
9-22	10103-61-4
9-22	101033-43-6
9-22	10124-44-4
9-22	10125-13-0
9-22	10127-06-7
9-22	101356-96-1
9-22	101357-00-0
9-22	101357-01-1
9-22	101377-53-1
9-22	101408-30-4
9-22	101519-50-0
9-22	101540-04-9
9-22	101540-06-1
9-22	101540-07-2
9-22	101678-62-0
9-22	101702-28-7
9-22	102110-42-9
9-22	102110-49-6
9-22	102110-61-2
9-22	102110-62-3
9-22	10214-40-1
9-22	102242-87-5
9-22	102262-21-5
9-22	102262-23-7
9-22	102262-31-7
9-22	102262-32-8
9-22	102262-33-9
9-22	102340-17-0
9-22	102424-25-9
9-22	10248-55-2
9-22	102525-64-4
9-22	102561-74-0
9-22	10257-54-2
9-22	1026175-06-3
9-22	102682-87-1
9-22	10279-43-3
9-22	10290-09-2
9-22	10290-12-7
9-22	10294-46-9
9-22	10300-74-0
9-22	103170-25-8
9-22	103192-59-2
9-22	103192-60-5
9-22	103192-62-7
9-22	10327-05-6
9-22	103332-04-3
9-22	103443-42-1
9-22	103443-43-2
9-22	10345-26-3
9-22	103458-49-7
9-22	103458-50-0
9-22	103458-51-1
9-22	103458-52-2
9-22	103458-53-3
9-22	103479-10-3
9-22	103530-80-9
9-22	103534-14-1
9-22	103570-41-8
9-22	1036286-41-5
9-22	103650-96-0
9-22	103650-97-1
9-22	103650-98-2
9-22	103694-84-4
9-22	10378-29-7
9-22	10380-28-6
9-22	10380-29-7
9-22	103818-83-3
9-22	10401-50-0
9-22	10401-50-0
9-22	10402-15-0
9-22	10402-16-1
9-22	104026-44-0
9-22	104466-03-7
9-22	104492-02-6
9-22	104719-58-6
9-22	10482-39-0
9-22	104921-99-5
9-22	105041-78-9
9-22	105302-42-9
9-22	10534-87-9
9-22	1056464-08-4
9-22	105803-01-8
9-22	105883-51-0
9-22	1062580-12-4
9-22	106404-06-2
9-22	106804-12-0
9-22	107068-76-8
9-22	1071838-81-7
9-22	107539-20-8
9-22	107566-93-8
9-22	1078726-27-8
9-22	1078726-28-9
9-22	1079350-81-4
9-22	1079440-35-9
9-22	108137-02-6
9-22	1082606-32-3
9-22	108300-90-9
9-22	108347-99-5
9-22	108374-34-1
9-22	108424-99-3
9-22	108425-00-9
9-22	108513-89-9
9-22	109037-79-8
9-22	109048-90-0
9-22	109184-18-1
9-22	1092077-72-9
9-22	109225-23-2
9-22	109319-61-1
9-22	109675-77-6
9-22	109766-95-2
9-22	109851-29-8
9-22	11006-34-1
9-22	110620-89-8
9-22	11065-66-0
9-22	11070-95-4
9-22	11075-32-4
9-22	11078-26-5
9-22	110781-18-5
9-22	110781-19-6
9-22	110799-38-7
9-22	110827-72-0
9-22	110827-73-1
9-22	11091-65-9
9-22	11097-56-6
9-22	110987-60-5
9-22	11104-65-7
9-22	1111-67-7
9-22	11113-59-0
9-22	11114-42-4
9-22	11115-78-9
9-22	11118-59-5
9-22	11121-95-2
9-22	111211-36-0
9-22	111239-50-0
9-22	11129-27-4
9-22	11129-83-2
9-22	11129-84-3
9-22	11133-98-5
9-22	111369-71-2
9-22	111369-72-3
9-22	111568-26-4
9-22	1117-94-8
9-22	111719-81-4
9-22	111719-82-5
9-22	111907-01-8
9-22	111977-80-1
9-22	111977-81-2
9-22	1120-44-1
9-22	112073-63-9
9-22	112099-83-9
9-22	112131-82-5
9-22	112131-87-0
9-22	112285-78-6
9-22	112764-77-9
9-22	113329-64-9
9-22	1135443-52-5
9-22	1135443-53-6
9-22	1135443-76-3
9-22	113553-55-2
9-22	113573-08-3
9-22	113894-87-4
9-22	1140527-05-4
9-22	114060-59-2
9-22	114535-79-4
9-22	114553-49-0
9-22	115233-24-4
9-22	115284-42-9
9-22	115487-36-0
9-22	115517-69-6
9-22	115517-70-9
9-22	115517-71-0
9-22	115535-39-2
9-22	115866-07-4
9-22	116107-50-7
9-22	116812-56-7
9-22	116912-62-0
9-22	1169940-97-9
9-22	117127-26-1
9-22	117449-21-5
9-22	117449-22-6
9-22	117697-22-0
9-22	118-20-7
9-22	118202-86-1
9-22	118244-01-2
9-22	118392-20-4
9-22	1184-54-9
9-22	1184-64-1
9-22	118478-84-5
9-22	118632-35-2
9-22	118669-33-3
9-22	118685-20-4
9-22	118685-21-5
9-22	118716-59-9
9-22	118800-27-4
9-22	118805-49-5
9-22	119131-62-3
9-22	1192-40-1
9-22	1192872-61-9
9-22	119636-57-6
9-22	12002-03-8
9-22	12004-15-8
9-22	1200437-05-3
9-22	12005-75-3
9-22	12006-17-6
9-22	12013-15-9
9-22	12017-79-7
9-22	12018-10-9
9-22	12018-79-0
9-22	12018-83-6
9-22	12018-94-9
9-22	12018-95-0
9-22	12018-96-1
9-22	12019-06-6
9-22	12019-08-8
9-22	12019-11-3
9-22	12019-23-7
9-22	12019-27-1
9-22	12019-52-2
9-22	12019-57-7
9-22	12019-69-1
9-22	12042-92-1
9-22	1205098-34-5
9-22	12053-18-8
9-22	12054-07-8
9-22	12054-10-3
9-22	12054-21-6
9-22	12054-25-0
9-22	12054-29-4
9-22	12062-24-7
9-22	12068-80-3
9-22	12069-69-1
9-22	12070-39-2
9-22	120883-69-4
9-22	121029-09-2
9-22	121176-52-1
9-22	12125-21-2
9-22	12132-93-3
9-22	12134-35-9
9-22	12134-37-1
9-22	12134-40-6
9-22	12158-74-6
9-22	12158-75-7
9-22	12158-96-2
9-22	12159-07-8
9-22	12167-76-9
9-22	12168-20-6
9-22	12169-66-3
9-22	12175-02-9
9-22	12189-76-3
9-22	12191-17-2
9-22	1219596-32-3
9-22	122163-00-2
9-22	1221821-47-1
9-22	12219-50-0
9-22	12219-50-0
9-22	12220-45-0
9-22	12222-00-3
9-22	12222-02-5
9-22	12222-04-7
9-22	12224-94-1
9-22	12224-95-2
9-22	12224-96-3
9-22	12225-36-4
9-22	12225-39-7
9-22	12226-06-1
9-22	12226-38-9
9-22	12226-75-4
9-22	12228-45-4
9-22	122284-73-5
9-22	12236-60-1
9-22	12237-59-1
9-22	12237-62-6
9-22	12237-63-7
9-22	12238-09-4
9-22	12239-87-1
9-22	12240-11-8
9-22	12249-45-5
9-22	12250-93-0
9-22	122572-70-7
9-22	122572-71-8
9-22	12258-96-7
9-22	12258-96-7
9-22	12262-29-2
9-22	12262-33-8
9-22	12276-01-6
9-22	12285-50-6
9-22	122996-62-7
9-22	12310-22-4
9-22	123517-16-8
9-22	123517-41-9
9-22	1235343-10-8
9-22	123550-50-5
9-22	123550-51-6
9-22	12356-86-4
9-22	123571-07-3
9-22	12366-05-1
9-22	12366-06-2
9-22	123754-25-6
9-22	12400-75-8
9-22	124205-86-3
9-22	124222-15-7
9-22	124222-16-8
9-22	124222-17-9
9-22	124222-18-0
9-22	124316-01-4
9-22	12433-14-6
9-22	12433-90-8
9-22	12444-49-4
9-22	124594-13-4
9-22	1246457-56-6
9-22	1246457-57-7
9-22	124719-24-0
9-22	1247867-76-0
9-22	12517-41-8
9-22	125233-42-3
9-22	12527-63-8
9-22	12527-72-9
9-22	125302-01-4
9-22	125329-08-0
9-22	125352-04-7
9-22	125352-10-5
9-22	125390-11-6
9-22	12540-13-5
9-22	1254333-41-9
9-22	1254513-17-1
9-22	12558-58-6
9-22	1256282-29-7
9-22	125845-24-1
9-22	12597-70-5
9-22	12597-71-6
9-22	12599-35-8
9-22	12617-87-7
9-22	12619-69-1
9-22	12622-74-1
9-22	12633-95-3
9-22	12643-19-5
9-22	126637-70-5
9-22	126637-71-6
9-22	12674-28-1
9-22	127242-58-4
9-22	127274-53-7
9-22	127276-99-7
9-22	127277-00-3
9-22	127279-03-2
9-22	12737-44-9
9-22	127542-87-4
9-22	127546-06-9
9-22	12767-67-8
9-22	127672-86-0
9-22	12769-07-2
9-22	12769-08-3
9-22	12770-96-6
9-22	12774-48-0
9-22	127795-52-2
9-22	127814-43-1
9-22	127822-02-0
9-22	12795-09-4
9-22	128116-15-4
9-22	128281-89-0
9-22	128691-57-6
9-22	128763-07-5
9-22	129212-10-8
9-22	129266-65-5
9-22	129618-34-4
9-22	129618-35-5
9-22	129618-36-6
9-22	129618-38-8
9-22	129618-39-9
9-22	129824-95-9
9-22	129824-96-0
9-22	129870-84-4
9-22	129874-15-3
9-22	1299-88-3
9-22	129984-40-3
9-22	13005-35-1
9-22	13007-93-7
9-22	13011-68-2
9-22	13011-69-3
9-22	13011-70-6
9-22	130120-56-8
9-22	130120-57-9
9-22	130144-46-6
9-22	1301639-09-7
9-22	1301639-10-0
9-22	130201-51-3
9-22	1303-92-0
9-22	130328-19-7
9-22	1308-09-4
9-22	1308-57-2
9-22	1308-78-7
9-22	1308-79-8
9-22	1308-80-1
9-22	1308790-39-7
9-22	13092-67-6
9-22	13102-26-6
9-22	131127-35-0
9-22	131127-36-1
9-22	131127-37-2
9-22	131127-38-3
9-22	1313741-22-8
9-22	1314035-92-1
9-22	131446-86-1
9-22	1314884-83-7
9-22	1317-38-0
9-22	1317-39-1
9-22	1317-40-4
9-22	1317-41-5
9-22	1319-45-5
9-22	1319006-94-4
9-22	13194-92-8
9-22	132-15-0
9-22	132-71-8
9-22	13217-74-8
9-22	132295-56-8
9-22	132295-57-9
9-22	1325-28-6
9-22	1325-32-2
9-22	1326-77-8
9-22	1326-78-9
9-22	1326-80-3
9-22	1327-02-2
9-22	1327-07-7
9-22	1327-08-8
9-22	1327-73-7
9-22	1327-76-0
9-22	1327-86-2
9-22	1327-89-5
9-22	1328-51-4
9-22	1328-52-5
9-22	1328-53-6
9-22	1328-54-7
9-22	1328-71-8
9-22	132879-97-1
9-22	1330-37-6
9-22	1330-38-7
9-22	1330-39-8
9-22	1330-40-1
9-22	1332-03-2
9-22	1332-14-5
9-22	1332-40-7
9-22	1332-65-6
9-22	133214-12-7
9-22	1333-22-8
9-22	133353-46-5
9-22	133353-47-6
9-22	1334431-98-9
9-22	1335-23-5
9-22	1335-24-6
9-22	1335122-97-8
9-22	1336-14-7
9-22	1336-15-8
9-22	1337-20-8
9-22	1338-02-9
9-22	13395-16-9
9-22	13426-91-0
9-22	1344-66-7
9-22	1344-67-8
9-22	1344-69-0
9-22	1344-70-3
9-22	1344-71-4
9-22	1344-71-4
9-22	1344-72-5
9-22	1344-73-6
9-22	1344-74-7
9-22	1345-20-6
9-22	13454-88-1
9-22	1345811-16-6
9-22	13468-85-4
9-22	134737-18-1
9-22	134758-96-6
9-22	134759-19-6
9-22	13476-79-4
9-22	13478-34-7
9-22	13478-34-7
9-22	13478-34-7
9-22	13478-36-9
9-22	13478-41-6
9-22	13479-54-4
9-22	1351192-50-1
9-22	1351192-51-2
9-22	1351192-52-3
9-22	135403-53-1
9-22	135429-22-0
9-22	135429-23-1
9-22	13548-42-0
9-22	135519-18-5
9-22	135519-19-6
9-22	135519-20-9
9-22	135544-20-6
9-22	13569-92-1
9-22	13587-24-1
9-22	13587-25-2
9-22	13587-26-3
9-22	13587-29-6
9-22	13587-35-4
9-22	13601-13-3
9-22	13601-75-7
9-22	136048-67-4
9-22	136048-68-5
9-22	13675-47-3
9-22	13681-87-3
9-22	13682-73-0
9-22	137-29-1
9-22	137002-26-7
9-22	13715-19-0
9-22	13767-34-5
9-22	13767-71-0
9-22	13770-18-8
9-22	13773-00-7
9-22	13812-58-3
9-22	13814-81-8
9-22	138210-92-1
9-22	13822-80-5
9-22	13867-72-6
9-22	13870-80-9
9-22	13876-85-2
9-22	13877-24-2
9-22	13877-25-3
9-22	13878-44-9
9-22	139076-62-3
9-22	13927-71-4
9-22	13933-17-0
9-22	139566-53-3
9-22	13978-70-6
9-22	13981-25-4
9-22	13982-06-4
9-22	13985-65-4
9-22	139892-42-5
9-22	13991-90-7
9-22	139939-69-8
9-22	1400683-45-5
9-22	14013-02-6
9-22	14017-38-0
9-22	14024-13-6
9-22	14024-52-3
9-22	14025-15-1
9-22	14040-02-9
9-22	14040-05-2
9-22	14050-01-2
9-22	14067-34-6
9-22	140871-20-1
9-22	141048-13-7
9-22	14119-06-3
9-22	14126-50-2
9-22	14128-84-8
9-22	1412895-32-9
9-22	1415993-71-3
9-22	1415993-73-5
9-22	14167-15-8
9-22	14172-91-9
9-22	1417714-34-1
9-22	141788-40-1
9-22	142-71-2
9-22	14215-30-6
9-22	14215-52-2
9-22	14241-92-0
9-22	1426155-87-4
9-22	14263-73-1
9-22	14264-30-3
9-22	14264-31-4
9-22	14276-53-0
9-22	14283-05-7
9-22	14284-06-1
9-22	14285-61-1
9-22	14302-13-7
9-22	1431851-77-2
9-22	14324-82-4
9-22	143350-47-4
9-22	14336-80-2
9-22	1435135-35-5
9-22	14363-26-9
9-22	143775-89-7
9-22	144044-42-8
9-22	14409-63-3
9-22	144717-97-5
9-22	1447821-19-3
9-22	14481-39-1
9-22	14481-40-4
9-22	144971-10-8
9-22	144972-86-1
9-22	14518-21-9
9-22	14518-26-4
9-22	14523-00-3
9-22	14523-25-2
9-22	14552-35-3
9-22	146504-31-6
9-22	14654-63-8
9-22	14692-76-3
9-22	147-13-7
9-22	147-14-8
9-22	14708-11-3
9-22	14709-56-9
9-22	14709-71-8
9-22	14721-21-2
9-22	14735-84-3
9-22	147550-61-6
9-22	14763-77-0
9-22	14763-77-0
9-22	14781-45-4
9-22	14832-14-5
9-22	14840-55-2
9-22	14876-43-8
9-22	149-11-1
9-22	14915-37-8
9-22	149343-84-0
9-22	14958-34-0
9-22	14984-71-5
9-22	149850-38-4
9-22	149858-63-9
9-22	150206-21-6
9-22	150522-10-4
9-22	151183-29-8
9-22	151183-30-1
9-22	151183-31-2
9-22	151198-68-4
9-22	15123-69-0
9-22	151239-14-4
9-22	15128-03-7
9-22	1512859-54-9
9-22	15158-11-9
9-22	151590-86-2
9-22	151604-82-9
9-22	15168-20-4
9-22	15170-14-6
9-22	15170-19-1
9-22	15170-74-8
9-22	15188-78-0
9-22	15191-80-7
9-22	15192-76-4
9-22	15200-31-4
9-22	15225-85-1
9-22	152261-41-1
9-22	152323-95-0
9-22	15240-24-1
9-22	15280-33-8
9-22	15281-91-1
9-22	15293-86-4
9-22	15414-04-7
9-22	15418-16-3
9-22	154240-34-3
9-22	154288-91-2
9-22	15432-57-2
9-22	15442-49-6
9-22	15443-06-8
9-22	15454-74-7
9-22	15489-27-7
9-22	15489-72-2
9-22	15550-32-0
9-22	15559-47-4
9-22	155613-89-1
9-22	155835-80-6
9-22	155903-69-8
9-22	15593-15-4
9-22	15610-76-1
9-22	15627-09-5
9-22	15680-42-9
9-22	156830-72-7
9-22	15709-82-7
9-22	157232-68-3
9-22	15738-74-6
9-22	15739-03-4
9-22	15739-09-0
9-22	15757-86-5
9-22	15823-71-9
9-22	15852-05-8
9-22	158640-34-7
9-22	158852-56-3
9-22	158852-57-4
9-22	158853-86-2
9-22	15907-03-6
9-22	159518-91-9
9-22	159574-70-6
9-22	159574-71-7
9-22	159574-73-9
9-22	159604-93-0
9-22	159604-94-1
9-22	159604-96-3
9-22	15975-60-7
9-22	16003-82-0
9-22	16038-15-6
9-22	16039-52-4
9-22	16040-69-0
9-22	16045-88-8
9-22	16048-96-7
9-22	16049-09-5
9-22	160709-61-5
9-22	16071-80-0
9-22	16071-84-4
9-22	16071-86-6
9-22	160798-98-1
9-22	160828-78-4
9-22	160830-00-2
9-22	160869-75-0
9-22	160901-48-4
9-22	160901-54-2
9-22	160935-33-1
9-22	16102-92-4
9-22	16109-82-3
9-22	16143-77-4
9-22	16143-79-6
9-22	16143-81-0
9-22	161566-74-1
9-22	16286-27-4
9-22	1630800-70-2
9-22	163237-16-9
9-22	16337-64-7
9-22	163557-38-8
9-22	16389-59-6
9-22	164058-22-4
9-22	164578-05-6
9-22	16509-22-1
9-22	16521-34-9
9-22	165373-75-1
9-22	16570-28-8
9-22	167614-40-6
9-22	167614-41-7
9-22	167972-58-9
9-22	16828-14-1
9-22	16828-95-8
9-22	168850-75-7
9-22	16903-61-0
9-22	1708103-91-6
9-22	1708103-96-1
9-22	17084-40-1
9-22	1713250-52-2
9-22	171727-36-9
9-22	171727-39-2
9-22	171866-24-3
9-22	172031-67-3
9-22	172141-26-3
9-22	172201-86-4
9-22	172201-87-5
9-22	172308-31-5
9-22	17263-56-8
9-22	172826-46-9
9-22	17470-61-0
9-22	17500-49-1
9-22	175386-67-1
9-22	17599-81-4
9-22	17653-76-8
9-22	177322-39-3
9-22	177529-54-3
9-22	177646-05-8
9-22	17836-27-0
9-22	17856-17-6
9-22	1808110-27-1
9-22	181424-93-1
9-22	1818338-87-2
9-22	18253-80-0
9-22	18253-80-0
9-22	18347-30-3
9-22	184007-78-1
9-22	184246-81-9
9-22	184674-23-5
9-22	184765-88-6
9-22	18492-21-2
9-22	185461-92-1
9-22	185827-91-2
9-22	185829-44-1
9-22	186811-56-3
9-22	18718-12-2
9-22	187547-44-0
9-22	188920-96-9
9-22	188920-97-0
9-22	18906-50-8
9-22	18911-01-8
9-22	189240-43-5
9-22	18925-86-5
9-22	18939-61-2
9-22	18970-62-2
9-22	18972-70-8
9-22	18973-62-1
9-22	18974-18-0
9-22	189896-42-2
9-22	19004-19-4
9-22	19025-98-0
9-22	19025-98-0
9-22	190258-21-0
9-22	190280-64-9
9-22	19179-44-3
9-22	191865-02-8
9-22	192230-32-3
9-22	192726-54-8
9-22	19332-78-6
9-22	19372-21-5
9-22	19426-70-1
9-22	19426-73-4
9-22	194554-01-3
9-22	194554-64-8
9-22	194614-54-5
9-22	195161-80-9
9-22	19662-59-0
9-22	19864-62-1
9-22	20074-76-4
9-22	20234-67-7
9-22	20240-06-6
9-22	20255-20-3
9-22	203052-44-2
9-22	20405-12-3
9-22	20405-64-5
9-22	20424-95-7
9-22	20427-59-2
9-22	20543-04-8
9-22	20563-00-2
9-22	206010-31-3
9-22	20654-09-5
9-22	207869-03-2
9-22	20908-85-4
9-22	209343-48-6
9-22	20936-31-6
9-22	20936-33-8
9-22	20960-01-4
9-22	2102-06-9
9-22	210902-84-4
9-22	211564-97-5
9-22	211925-80-3
9-22	21246-18-4
9-22	213190-86-4
9-22	2133832-31-0
9-22	213531-97-6
9-22	213539-83-4
9-22	21405-81-2
9-22	21707-45-9
9-22	220971-30-2
9-22	2218-80-6
9-22	22205-45-4
9-22	22221-10-9
9-22	22891-51-6
9-22	229326-15-2
9-22	229326-16-3
9-22	22992-79-6
9-22	22992-79-6
9-22	22992-96-7
9-22	23087-46-9
9-22	23325-63-5
9-22	23399-19-1
9-22	234446-82-3
9-22	235772-41-5
9-22	23642-01-5
9-22	23658-53-9
9-22	23658-54-0
9-22	23909-66-2
9-22	23970-06-1
9-22	23970-24-3
9-22	24111-17-9
9-22	24381-58-6
9-22	244244-86-8
9-22	24484-01-3
9-22	245678-20-0
9-22	251654-72-5
9-22	25215-53-6
9-22	25267-55-4
9-22	253167-36-1
9-22	25360-62-7
9-22	25447-55-6
9-22	25481-20-3
9-22	25512-09-8
9-22	25512-11-2
9-22	25512-12-3
9-22	25512-85-0
9-22	25721-57-7
9-22	25828-75-5
9-22	25869-11-8
9-22	259748-83-9
9-22	25986-23-6
9-22	26061-35-8
9-22	26317-27-1
9-22	26321-58-4
9-22	26400-93-1
9-22	264233-64-9
9-22	26506-47-8
9-22	265669-02-1
9-22	26570-87-6
9-22	26656-82-6
9-22	2676888-58-5
9-22	26854-10-4
9-22	26864-44-8
9-22	26893-93-6
9-22	26950-07-2
9-22	27004-40-6
9-22	27121-30-8
9-22	27121-79-5
9-22	27137-19-5
9-22	2720483-60-1
9-22	27228-67-7
9-22	27269-47-2
9-22	273404-95-8
9-22	27360-85-6
9-22	27405-89-6
9-22	27569-07-9
9-22	27601-14-5
9-22	27601-15-6
9-22	27614-70-6
9-22	27614-71-7
9-22	27614-75-1
9-22	27614-80-8
9-22	27744-35-0
9-22	27787-63-9
9-22	28038-29-1
9-22	28069-65-0
9-22	281664-46-8
9-22	28302-36-5
9-22	28356-46-9
9-22	28407-37-6
9-22	28451-28-7
9-22	28469-62-7
9-22	2850-65-9
9-22	28553-45-9
9-22	28566-83-8
9-22	28632-29-3
9-22	28632-30-6
9-22	28654-73-1
9-22	28777-01-7
9-22	28802-09-7
9-22	28901-96-4
9-22	289632-60-6
9-22	29058-90-0
9-22	2917-31-9
9-22	29188-28-1
9-22	292140-30-8
9-22	29713-19-7
9-22	29719-96-8
9-22	29728-96-9
9-22	29763-53-9
9-22	29871-13-4
9-22	2991368-86-4
9-22	29961-99-7
9-22	30053-43-1
9-22	302-07-8
9-22	30272-90-3
9-22	304671-71-4
9-22	30638-09-6
9-22	30638-10-9
9-22	30644-11-2
9-22	31058-64-7
9-22	31089-39-1
9-22	31102-54-2
9-22	3112-74-1
9-22	31235-28-6
9-22	31243-88-6
9-22	31278-57-6
9-22	31278-65-6
9-22	31323-25-8
9-22	31361-57-6
9-22	3164-31-6
9-22	31765-95-4
9-22	32276-75-8
9-22	3251-23-8
9-22	32510-27-3
9-22	32575-57-8
9-22	32628-05-0
9-22	32680-29-8
9-22	3271-87-2
9-22	32817-15-5
9-22	33010-91-2
9-22	33113-08-5
9-22	331283-85-3
9-22	33271-65-7
9-22	33481-16-2
9-22	33636-93-0
9-22	33643-73-1
9-22	33773-63-6
9-22	33864-99-2
9-22	34010-85-0
9-22	34262-89-0
9-22	34371-82-9
9-22	34371-83-0
9-22	34418-24-1
9-22	3444-14-2
9-22	3444-14-2
9-22	345338-75-2
9-22	34567-54-9
9-22	34754-33-1
9-22	34771-63-6
9-22	34831-02-2
9-22	34836-53-8
9-22	34870-85-4
9-22	34946-82-2
9-22	349652-31-9
9-22	350600-52-1
9-22	35121-64-3
9-22	35206-70-3
9-22	35254-76-3
9-22	35254-77-4
9-22	35322-29-3
9-22	354994-06-2
9-22	35718-34-4
9-22	35745-23-4
9-22	35788-00-2
9-22	36090-21-8
9-22	36190-66-6
9-22	36485-85-5
9-22	36495-85-9
9-22	36580-17-3
9-22	36655-19-3
9-22	366803-74-9
9-22	36759-10-1
9-22	36812-50-7
9-22	371159-68-1
9-22	371973-48-7
9-22	371973-49-8
9-22	37220-44-3
9-22	37223-52-2
9-22	37223-81-7
9-22	37233-52-6
9-22	37279-47-3
9-22	37279-53-1
9-22	37279-53-1
9-22	37279-54-2
9-22	37279-62-2
9-22	37294-24-9
9-22	37337-11-4
9-22	37337-13-6
9-22	373383-89-2
9-22	37340-12-8
9-22	37359-15-2
9-22	37396-60-4
9-22	37979-85-4
9-22	38218-87-0
9-22	38465-60-0
9-22	38828-82-9
9-22	388616-20-4
9-22	38884-10-5
9-22	38886-67-8
9-22	3890-89-9
9-22	38994-57-9
9-22	39208-15-6
9-22	392718-62-6
9-22	39290-85-2
9-22	393523-87-0
9-22	39361-73-4
9-22	39362-52-2
9-22	39377-49-6
9-22	39378-75-1
9-22	39380-65-9
9-22	39401-12-2
9-22	39403-88-8
9-22	39412-44-7
9-22	39445-33-5
9-22	39445-37-9
9-22	39473-10-4
9-22	39702-40-4
9-22	401803-97-2
9-22	40452-11-7
9-22	41127-68-8
9-22	41276-95-3
9-22	41380-06-7
9-22	4162-43-0
9-22	417707-11-0
9-22	4180-12-5
9-22	42152-46-5
9-22	423724-63-4
9-22	42485-64-3
9-22	42490-09-5
9-22	42616-63-7
9-22	42739-64-0
9-22	43043-77-2
9-22	43061-87-6
9-22	434336-74-0
9-22	4367-08-2
9-22	438468-58-7
9-22	45650-15-5
9-22	45650-15-5
9-22	47107-74-4
9-22	47110-30-5
9-22	472956-91-5
9-22	479541-17-8
9-22	48138-75-6
9-22	495405-74-8
9-22	495405-75-9
9-22	496923-23-0
9-22	50315-14-5
9-22	50400-19-6
9-22	50642-99-4
9-22	50814-30-7
9-22	50884-01-0
9-22	50922-31-1
9-22	50935-56-3
9-22	51095-70-6
9-22	51139-42-5
9-22	51139-43-6
9-22	5128-10-9
9-22	51331-32-9
9-22	51366-17-7
9-22	51481-19-7
9-22	51554-05-3
9-22	51653-13-5
9-22	51681-26-6
9-22	51819-19-3
9-22	51912-52-8
9-22	52418-31-2
9-22	52454-54-3
9-22	52499-70-4
9-22	52503-64-7
9-22	52691-95-9
9-22	527-09-3
9-22	52856-54-9
9-22	52933-45-6
9-22	52953-36-3
9-22	53028-77-6
9-22	53044-06-7
9-22	53108-47-7
9-22	53124-89-3
9-22	53156-93-7
9-22	53224-08-1
9-22	53231-49-5
9-22	5328-04-1
9-22	53289-89-7
9-22	533-01-7
9-22	53404-24-3
9-22	53421-36-6
9-22	53555-23-0
9-22	536974-53-5
9-22	53721-10-1
9-22	53801-63-1
9-22	53802-06-5
9-22	5393-04-4
9-22	53988-93-5
9-22	540-16-9
9-22	54175-26-7
9-22	54227-68-8
9-22	5423-38-1
9-22	54253-62-2
9-22	54366-11-9
9-22	544-19-4
9-22	544-92-3
9-22	54427-07-5
9-22	54427-17-7
9-22	54446-14-9
9-22	54453-03-1
9-22	54678-23-8
9-22	5468-83-7
9-22	547-56-8
9-22	54816-20-5
9-22	5497-52-9
9-22	54999-30-3
9-22	55072-57-6
9-22	55158-44-6
9-22	55200-89-0
9-22	55353-02-1
9-22	55468-24-1
9-22	55524-45-3
9-22	55632-67-2
9-22	55671-32-4
9-22	55671-32-4
9-22	55721-06-7
9-22	55819-49-3
9-22	55819-50-6
9-22	55945-96-5
9-22	55948-03-3
9-22	56047-80-4
9-22	56207-93-3
9-22	56405-02-8
9-22	56530-90-6
9-22	56626-06-3
9-22	56832-15-6
9-22	569316-88-7
9-22	57036-53-0
9-22	57145-80-9
9-22	57347-17-8
9-22	573983-15-0
9-22	57425-52-2
9-22	57596-11-9
9-22	57602-19-4
9-22	57655-28-4
9-22	57781-96-1
9-22	57916-96-8
9-22	57917-38-1
9-22	58601-87-9
9-22	58640-42-9
9-22	58675-51-7
9-22	5893-61-8
9-22	5893-64-1
9-22	5893-66-3
9-22	59160-73-5
9-22	59160-79-1
9-22	59219-07-7
9-22	59330-20-0
9-22	59518-91-1
9-22	5965-40-2
9-22	598-54-9
9-22	59966-88-0
9-22	60065-34-1
9-22	6020-30-0
9-22	6020-30-0
9-22	60265-89-6
9-22	60351-11-3
9-22	60351-12-4
9-22	6046-93-1
9-22	6046-97-5
9-22	6046-99-7
9-22	60764-72-9
9-22	60764-75-2
9-22	60880-51-5
9-22	60937-79-3
9-22	60976-91-2
9-22	61027-69-8
9-22	61091-23-4
9-22	61103-22-8
9-22	61482-17-5
9-22	61489-66-5
9-22	61489-77-8
9-22	61512-64-9
9-22	61537-10-8
9-22	61573-60-2
9-22	61607-82-7
9-22	61641-50-7
9-22	61788-34-9
9-22	61789-22-8
9-22	61814-39-9
9-22	61827-83-6
9-22	61912-85-4
9-22	62008-24-6
9-22	62271-30-1
9-22	62320-94-9
9-22	62364-11-8
9-22	62726-15-2
9-22	62975-02-4
9-22	63035-26-7
9-22	63105-49-7
9-22	63126-89-6
9-22	633343-78-9
9-22	63373-74-0
9-22	63395-37-9
9-22	63427-32-7
9-22	63440-50-6
9-22	63526-72-7
9-22	63588-36-3
9-22	63950-02-7
9-22	63982-56-9
9-22	6408-20-4
9-22	6408-21-5
9-22	6408-23-7
9-22	6416-10-0
9-22	6418-65-1
9-22	64333-57-9
9-22	64333-62-6
9-22	64443-05-6
9-22	64567-64-2
9-22	6459-63-8
9-22	64659-59-2
9-22	64659-60-5
9-22	64883-30-3
9-22	65104-05-4
9-22	65105-03-5
9-22	65121-91-7
9-22	65138-80-9
9-22	65138-81-0
9-22	65138-82-1
9-22	65138-83-2
9-22	65150-84-7
9-22	65168-06-1
9-22	6533-47-7
9-22	65330-59-8
9-22	65555-90-0
9-22	65732-10-7
9-22	65929-10-4
9-22	65997-18-4
9-22	660-60-6
9-22	66019-06-5
9-22	66085-74-3
9-22	66121-19-5
9-22	66142-98-1
9-22	66142-99-2
9-22	66225-59-0
9-22	66225-60-3
9-22	66225-64-7
9-22	66225-65-8
9-22	66256-76-6
9-22	66276-83-3
9-22	66317-91-7
9-22	66358-72-3
9-22	66418-17-5
9-22	66418-18-6
9-22	6656-03-7
9-22	6656-04-8
9-22	6661-33-2
9-22	66860-79-5
9-22	66923-66-8
9-22	67028-54-0
9-22	67053-86-5
9-22	6717-36-8
9-22	67177-88-2
9-22	67181-98-0
9-22	67340-41-4
9-22	6739-62-4
9-22	676123-47-0
9-22	67689-48-9
9-22	67689-49-0
9-22	67711-87-9
9-22	67711-88-0
9-22	67711-89-1
9-22	67711-90-4
9-22	67711-91-5
9-22	67711-92-6
9-22	67711-93-7
9-22	67711-94-8
9-22	67711-95-9
9-22	67711-96-0
9-22	67711-97-1
9-22	67711-98-2
9-22	67711-99-3
9-22	67712-00-9
9-22	67800-99-1
9-22	67801-00-7
9-22	67827-85-4
9-22	67828-07-3
9-22	67828-23-3
9-22	67828-28-8
9-22	67859-40-9
9-22	67859-43-2
9-22	67859-44-3
9-22	67859-46-5
9-22	67859-50-1
9-22	67892-59-5
9-22	67893-09-8
9-22	67906-20-1
9-22	67939-30-4
9-22	67952-80-1
9-22	67952-81-2
9-22	67968-25-6
9-22	6798-03-4
9-22	67989-88-2
9-22	67989-89-3
9-22	67999-65-9
9-22	68015-79-2
9-22	68025-42-3
9-22	68035-71-2
9-22	68037-34-3
9-22	68037-35-4
9-22	68037-36-5
9-22	68039-60-1
9-22	68039-61-2
9-22	68039-64-5
9-22	68084-48-0
9-22	68110-18-9
9-22	68123-45-5
9-22	68131-74-8
9-22	68132-91-2
9-22	68133-81-3
9-22	68134-59-8
9-22	68140-31-8
9-22	68140-32-9
9-22	68140-34-1
9-22	68140-35-2
9-22	68140-36-3
9-22	68140-37-4
9-22	68155-91-9
9-22	68155-92-0
9-22	681847-78-9
9-22	68186-91-4
9-22	68201-66-1
9-22	68214-29-9
9-22	68239-45-2
9-22	68239-53-2
9-22	68239-54-3
9-22	68239-59-8
9-22	68308-19-0
9-22	68310-83-8
9-22	68318-39-8
9-22	68324-29-8
9-22	68341-09-3
9-22	6837-87-2
9-22	68391-62-8
9-22	68398-35-6
9-22	68400-21-5
9-22	68400-22-6
9-22	68400-23-7
9-22	68400-24-8
9-22	68406-65-5
9-22	68411-02-9
9-22	68411-03-0
9-22	68411-04-1
9-22	68411-05-2
9-22	68411-06-3
9-22	68411-07-4
9-22	68425-85-4
9-22	68425-86-5
9-22	68439-42-9
9-22	68441-43-0
9-22	68441-64-5
9-22	68442-63-7
9-22	68442-64-8
9-22	68442-86-4
9-22	68475-46-7
9-22	68477-11-2
9-22	68512-13-0
9-22	68512-14-1
9-22	68512-23-2
9-22	68512-24-3
9-22	68512-49-2
9-22	68512-50-5
9-22	68512-51-6
9-22	68515-67-3
9-22	68516-98-3
9-22	68516-99-4
9-22	68555-96-4
9-22	68583-43-7
9-22	68584-42-9
9-22	68585-51-3
9-22	68585-52-4
9-22	68585-91-1
9-22	68585-93-3
9-22	68586-04-9
9-22	68604-54-6
9-22	68608-72-0
9-22	68609-03-0
9-22	68611-66-5
9-22	68611-68-7
9-22	68611-70-1
9-22	68630-79-5
9-22	68647-43-8
9-22	68784-10-1
9-22	68784-84-9
9-22	68833-88-5
9-22	68855-30-1
9-22	68855-31-2
9-22	68876-98-2
9-22	68877-00-9
9-22	68908-94-1
9-22	68909-43-3
9-22	68909-44-4
9-22	68912-12-9
9-22	68921-55-1
9-22	68954-20-1
9-22	68958-91-8
9-22	68966-89-2
9-22	68966-90-5
9-22	68967-01-1
9-22	68967-02-2
9-22	68975-64-4
9-22	68975-66-6
9-22	68986-76-5
9-22	68987-61-1
9-22	68987-62-2
9-22	68987-63-3
9-22	68987-64-4
9-22	68992-20-1
9-22	69011-56-9
9-22	69011-58-1
9-22	69011-95-6
9-22	69012-16-4
9-22	69012-17-5
9-22	69012-18-6
9-22	69012-19-7
9-22	69012-20-0
9-22	69012-22-2
9-22	69012-26-6
9-22	69012-38-0
9-22	69012-45-9
9-22	69012-47-1
9-22	69012-50-6
9-22	69012-51-7
9-22	69012-52-8
9-22	69012-54-0
9-22	69012-56-2
9-22	69012-58-4
9-22	69012-67-5
9-22	69012-71-1
9-22	69012-72-2
9-22	69012-74-4
9-22	69012-75-5
9-22	69012-76-6
9-22	69012-77-7
9-22	69012-78-8
9-22	69029-47-6
9-22	69029-57-8
9-22	69029-58-9
9-22	69029-94-3
9-22	69029-97-6
9-22	69029-98-7
9-22	69030-02-0
9-22	69121-18-2
9-22	69121-24-0
9-22	69121-25-1
9-22	69140-61-0
9-22	69227-01-6
9-22	69278-95-1
9-22	69278-96-2
9-22	69418-68-4
9-22	69431-77-2
9-22	69682-18-4
9-22	69721-07-9
9-22	69868-09-3
9-22	69898-57-3
9-22	70161-20-5
9-22	70236-50-9
9-22	70236-52-1
9-22	70236-53-2
9-22	70236-54-3
9-22	70247-71-1
9-22	70247-72-2
9-22	70247-84-6
9-22	70247-85-7
9-22	70304-36-8
9-22	70304-38-0
9-22	70304-39-1
9-22	70304-40-4
9-22	70410-28-5
9-22	70472-78-5
9-22	70493-34-4
9-22	70529-02-1
9-22	7057-72-9
9-22	70581-71-4
9-22	70693-19-5
9-22	70714-64-6
9-22	70750-63-9
9-22	70776-00-0
9-22	70776-13-5
9-22	70879-63-9
9-22	70880-03-4
9-22	70892-30-7
9-22	70892-31-8
9-22	70892-50-1
9-22	70955-63-4
9-22	70955-64-5
9-22	70983-44-7
9-22	70983-45-8
9-22	70983-56-1
9-22	71002-21-6
9-22	71002-22-7
9-22	71032-92-3
9-22	71042-99-4
9-22	71076-99-8
9-22	71097-29-5
9-22	71097-30-8
9-22	711030-33-0
9-22	71215-74-2
9-22	71215-75-3
9-22	71299-09-7
9-22	71396-24-2
9-22	7144-37-8
9-22	71484-80-5
9-22	71566-20-6
9-22	71566-21-7
9-22	71566-22-8
9-22	71566-24-0
9-22	71566-25-1
9-22	71598-36-2
9-22	71617-30-6
9-22	71617-68-0
9-22	71617-70-4
9-22	71630-92-7
9-22	717096-44-1
9-22	71735-53-0
9-22	71735-54-1
9-22	71735-56-3
9-22	71735-57-4
9-22	71735-60-9
9-22	71735-62-1
9-22	71735-63-2
9-22	71735-64-3
9-22	71735-65-4
9-22	71745-82-9
9-22	71786-55-5
9-22	71788-32-4
9-22	71819-72-2
9-22	71873-62-6
9-22	71873-63-7
9-22	71889-03-7
9-22	71889-04-8
9-22	71889-43-5
9-22	71949-28-5
9-22	71962-07-7
9-22	72066-64-9
9-22	72139-06-1
9-22	72139-09-4
9-22	72139-10-7
9-22	72139-11-8
9-22	72152-46-6
9-22	72152-47-7
9-22	72152-55-7
9-22	72152-68-2
9-22	72152-69-3
9-22	72152-70-6
9-22	72152-71-7
9-22	7219-11-6
9-22	72207-64-8
9-22	72207-65-9
9-22	72208-06-1
9-22	72214-17-6
9-22	72252-61-0
9-22	72264-74-5
9-22	72275-81-1
9-22	72275-98-0
9-22	72374-88-0
9-22	72379-02-3
9-22	72379-03-4
9-22	72391-05-0
9-22	72391-07-2
9-22	72391-08-3
9-22	72403-30-6
9-22	72403-38-4
9-22	72403-39-5
9-22	72403-40-8
9-22	72428-96-7
9-22	72428-99-0
9-22	72479-32-4
9-22	72479-97-1
9-22	72480-58-1
9-22	72480-60-5
9-22	72506-31-1
9-22	72514-83-1
9-22	72623-97-3
9-22	7268-92-0
9-22	72749-49-6
9-22	72749-50-9
9-22	72749-51-0
9-22	72749-52-1
9-22	72749-53-2
9-22	72779-62-5
9-22	72805-42-6
9-22	72828-16-1
9-22	72828-27-4
9-22	72828-28-5
9-22	72829-35-7
9-22	72854-33-2
9-22	72854-36-5
9-22	72854-39-8
9-22	72854-40-1
9-22	72855-57-3
9-22	72859-90-6
9-22	72869-26-2
9-22	72869-28-4
9-22	72869-37-5
9-22	72869-84-2
9-22	72882-28-1
9-22	72894-04-3
9-22	72905-93-2
9-22	72905-94-3
9-22	72905-95-4
9-22	72905-96-5
9-22	72905-97-6
9-22	72905-98-7
9-22	72905-99-8
9-22	72906-00-4
9-22	72906-01-5
9-22	72906-19-5
9-22	72906-61-7
9-22	72906-62-8
9-22	72906-63-9
9-22	72906-64-0
9-22	72906-65-1
9-22	72915-82-3
9-22	72927-72-1
9-22	72928-60-0
9-22	72928-61-1
9-22	72928-62-2
9-22	72928-71-3
9-22	72939-55-0
9-22	72953-54-9
9-22	72953-55-0
9-22	72968-23-1
9-22	72968-24-2
9-22	72984-30-6
9-22	72984-31-7
9-22	72984-32-8
9-22	73018-42-5
9-22	73018-43-6
9-22	73018-44-7
9-22	73018-45-8
9-22	73018-46-9
9-22	73018-47-0
9-22	73018-87-8
9-22	73038-37-6
9-22	73049-92-0
9-22	73050-33-6
9-22	73070-37-8
9-22	730935-81-6
9-22	73156-86-2
9-22	73188-73-5
9-22	732199-83-6
9-22	73287-47-5
9-22	73287-48-6
9-22	73296-92-1
9-22	73297-22-0
9-22	73297-24-2
9-22	73297-25-3
9-22	73297-26-4
9-22	73297-36-6
9-22	73323-17-8
9-22	73324-03-5
9-22	73378-62-8
9-22	73378-63-9
9-22	73378-64-0
9-22	73378-65-1
9-22	73455-75-1
9-22	73495-36-0
9-22	73507-19-4
9-22	73507-21-8
9-22	73507-22-9
9-22	73507-23-0
9-22	73507-24-1
9-22	73507-26-3
9-22	73507-27-4
9-22	73507-28-5
9-22	73507-29-6
9-22	73507-37-6
9-22	73507-39-8
9-22	73507-71-8
9-22	73513-81-2
9-22	73513-82-3
9-22	73514-01-9
9-22	73514-02-0
9-22	73514-03-1
9-22	73559-41-8
9-22	73560-40-4
9-22	736076-00-9
9-22	73637-19-1
9-22	73637-19-1
9-22	73650-11-0
9-22	73836-75-6
9-22	739339-56-1
9-22	740050-08-2
9-22	74077-29-5
9-22	74082-14-7
9-22	74181-84-3
9-22	74204-30-1
9-22	74315-47-2
9-22	74315-47-2
9-22	74332-41-5
9-22	7440-50-8
9-22	74404-49-2
9-22	74432-30-7
9-22	74449-65-3
9-22	74449-66-4
9-22	7447-39-4
9-22	74577-19-8
9-22	74587-42-1
9-22	74592-98-6
9-22	74592-99-7
9-22	74593-00-3
9-22	74593-01-4
9-22	74610-56-3
9-22	74642-98-1
9-22	74664-50-9
9-22	74685-92-0
9-22	74708-59-1
9-22	7481-27-8
9-22	748705-84-2
9-22	749144-68-1
9-22	7492-68-4
9-22	749887-18-1
9-22	75082-22-3
9-22	75101-28-9
9-22	75125-62-1
9-22	75150-07-1
9-22	75150-08-2
9-22	75173-67-0
9-22	75173-68-1
9-22	75199-09-6
9-22	75199-10-9
9-22	752139-51-8
9-22	75214-59-4
9-22	75214-64-1
9-22	75214-66-3
9-22	752152-93-5
9-22	752157-53-2
9-22	75247-18-6
9-22	75268-77-8
9-22	75284-35-4
9-22	75284-37-6
9-22	75300-76-4
9-22	75300-77-5
9-22	75422-19-4
9-22	75422-20-7
9-22	754935-23-4
9-22	75508-34-8
9-22	75523-88-5
9-22	75732-01-3
9-22	75881-23-1
9-22	760902-85-0
9-22	761356-37-0
9-22	7617-31-4
9-22	76199-83-2
9-22	763020-68-4
9-22	76359-37-0
9-22	76407-89-1
9-22	76494-22-9
9-22	7681-65-4
9-22	77001-44-6
9-22	77097-86-0
9-22	77111-29-6
9-22	7721-15-5
9-22	774132-85-3
9-22	775235-53-5
9-22	7758-89-6
9-22	7758-98-7
9-22	7758-99-8
9-22	77743-24-9
9-22	7778-41-8
9-22	77840-01-8
9-22	7787-70-4
9-22	7789-07-3
9-22	7789-19-7
9-22	7789-45-9
9-22	7798-23-4
9-22	78170-27-1
9-22	78181-07-4
9-22	78413-59-9
9-22	78709-73-6
9-22	78885-60-6
9-22	78969-81-0
9-22	79135-29-8
9-22	79135-30-1
9-22	79152-56-0
9-22	79152-58-2
9-22	79357-67-8
9-22	79357-68-9
9-22	79357-72-5
9-22	79357-78-1
9-22	79357-80-5
9-22	79357-80-5
9-22	79357-81-6
9-22	79357-83-8
9-22	79665-39-7
9-22	79665-40-0
9-22	79665-42-2
9-22	79704-00-0
9-22	79855-91-7
9-22	79855-92-8
9-22	79953-86-9
9-22	80042-44-0
9-22	80056-12-8
9-22	8011-63-0
9-22	8012-69-9
9-22	8014-85-5
9-22	80146-12-9
9-22	80146-13-0
9-22	80146-14-1
9-22	80146-15-2
9-22	8028-73-7
9-22	80289-21-0
9-22	80431-67-0
9-22	80431-68-1
9-22	80448-87-9
9-22	80448-88-0
9-22	8049-11-4
9-22	8063-57-8
9-22	8065-68-7
9-22	8066-21-5
9-22	8069-53-2
9-22	8070-45-9
9-22	807622-86-2
9-22	81180-93-0
9-22	81273-54-3
9-22	814-81-3
9-22	814-91-5
9-22	81457-64-9
9-22	81457-65-0
9-22	81478-26-4
9-22	815-82-7
9-22	81611-05-4
9-22	81626-37-1
9-22	81737-16-8
9-22	81737-17-9
9-22	819-74-9
9-22	819860-69-0
9-22	819860-85-0
9-22	82010-82-0
9-22	82010-82-0
9-22	82027-59-6
9-22	82027-60-9
9-22	82230-89-5
9-22	82338-76-9
9-22	82457-12-3
9-22	82469-75-8
9-22	82640-07-1
9-22	82864-55-9
9-22	82864-56-0
9-22	82864-57-1
9-22	82864-58-2
9-22	83027-55-8
9-22	83073-98-7
9-22	83232-52-4
9-22	83232-53-5
9-22	83232-54-6
9-22	83232-55-7
9-22	83232-56-8
9-22	83417-35-0
9-22	83534-18-3
9-22	83562-89-4
9-22	83615-05-8
9-22	83804-05-1
9-22	83863-34-7
9-22	83949-57-9
9-22	83949-58-0
9-22	83951-72-8
9-22	84012-10-2
9-22	84049-36-5
9-22	84057-70-5
9-22	84057-71-6
9-22	84066-86-4
9-22	84082-87-1
9-22	84082-88-2
9-22	84082-89-3
9-22	84082-90-6
9-22	84082-91-7
9-22	84082-92-8
9-22	84082-95-1
9-22	84100-66-3
9-22	84129-18-0
9-22	84129-19-1
9-22	84144-90-1
9-22	84145-36-8
9-22	84145-48-2
9-22	84195-85-7
9-22	84195-98-2
9-22	84196-27-0
9-22	84196-28-1
9-22	84215-63-4
9-22	84238-48-2
9-22	84238-49-3
9-22	84238-50-6
9-22	84238-51-7
9-22	84282-29-1
9-22	84501-46-2
9-22	84501-47-3
9-22	84583-67-5
9-22	84583-71-1
9-22	84583-72-2
9-22	84583-77-7
9-22	84583-78-8
9-22	84583-84-6
9-22	84583-85-7
9-22	84682-48-4
9-22	84713-02-0
9-22	84773-84-2
9-22	84773-85-3
9-22	84773-86-4
9-22	84773-87-5
9-22	84777-26-4
9-22	84777-31-1
9-22	84777-34-4
9-22	84823-11-0
9-22	84836-95-3
9-22	848393-12-4
9-22	84929-84-0
9-22	84929-85-1
9-22	84929-86-2
9-22	84961-87-5
9-22	84989-28-6
9-22	84989-29-7
9-22	84989-30-0
9-22	84989-31-1
9-22	84989-32-2
9-22	84989-33-3
9-22	84989-34-4
9-22	84989-35-5
9-22	84989-55-9
9-22	85005-54-5
9-22	85049-29-2
9-22	85080-51-9
9-22	850813-15-9
9-22	85085-84-3
9-22	85099-45-2
9-22	850994-04-6
9-22	85117-21-1
9-22	85118-11-2
9-22	85118-12-3
9-22	85118-13-4
9-22	85186-14-7
9-22	85186-15-8
9-22	85186-16-9
9-22	85186-17-0
9-22	85187-41-3
9-22	85203-72-1
9-22	85205-70-5
9-22	85237-49-6
9-22	85237-50-9
9-22	85237-51-0
9-22	85255-95-4
9-22	85256-45-7
9-22	85256-77-5
9-22	85269-40-5
9-22	85269-41-6
9-22	85269-42-7
9-22	85269-43-8
9-22	85269-44-9
9-22	85269-51-8
9-22	85269-52-9
9-22	85269-53-0
9-22	85281-56-7
9-22	85283-48-3
9-22	85305-04-0
9-22	85305-05-1
9-22	85305-07-3
9-22	85305-08-4
9-22	85338-12-1
9-22	85338-13-2
9-22	85338-14-3
9-22	85338-15-4
9-22	85338-16-5
9-22	85392-46-7
9-22	85392-74-1
9-22	85408-53-3
9-22	85410-17-9
9-22	85480-66-6
9-22	85480-67-7
9-22	85480-68-8
9-22	85480-69-9
9-22	85480-78-0
9-22	85567-02-8
9-22	85567-04-0
9-22	85585-86-0
9-22	85585-87-1
9-22	85585-88-2
9-22	85585-89-3
9-22	85585-90-6
9-22	85585-91-7
9-22	85614-41-1
9-22	85631-07-8
9-22	85631-08-9
9-22	85631-09-0
9-22	85631-10-3
9-22	85631-11-4
9-22	85631-95-4
9-22	85631-96-5
9-22	85648-20-0
9-22	85650-74-4
9-22	85650-75-5
9-22	85650-76-6
9-22	85650-77-7
9-22	85650-78-8
9-22	85650-96-0
9-22	85650-97-1
9-22	85650-98-2
9-22	85665-46-9
9-22	85665-47-0
9-22	85665-48-1
9-22	85737-14-0
9-22	85737-18-4
9-22	85745-52-4
9-22	85763-60-6
9-22	85763-61-7
9-22	857641-44-2
9-22	85865-84-5
9-22	85865-85-6
9-22	85865-86-7
9-22	85883-84-7
9-22	85958-88-9
9-22	85958-89-0
9-22	85959-71-3
9-22	85977-50-0
9-22	86014-67-7
9-22	86014-68-8
9-22	86014-69-9
9-22	86014-70-2
9-22	86014-71-3
9-22	86014-72-4
9-22	86014-73-5
9-22	86014-74-6
9-22	86014-75-7
9-22	86024-59-1
9-22	86024-60-4
9-22	86101-71-5
9-22	86101-72-6
9-22	86101-73-7
9-22	86101-74-8
9-22	86101-75-9
9-22	86101-76-0
9-22	86101-77-1
9-22	86242-87-7
9-22	86242-88-8
9-22	86242-91-3
9-22	86242-92-4
9-22	86262-21-7
9-22	863781-22-0
9-22	86437-45-8
9-22	86437-48-1
9-22	86437-49-2
9-22	86442-15-1
9-22	86457-81-0
9-22	86457-82-1
9-22	86457-83-2
9-22	86457-84-3
9-22	866-82-0
9-22	866114-86-5
9-22	86753-78-8
9-22	87140-43-0
9-22	872217-78-2
9-22	876132-97-7
9-22	877454-24-5
9-22	87835-31-2
9-22	878390-73-9
9-22	882878-51-5
9-22	88358-67-2
9-22	88548-02-1
9-22	88859-94-3
9-22	89030-95-5
9-22	89038-03-9
9-22	89139-22-0
9-22	89553-15-1
9-22	89696-02-6
9-22	89797-01-3
9-22	898287-57-5
9-22	898565-48-5
9-22	89899-26-3
9-22	89899-27-4
9-22	89899-28-5
9-22	89910-72-5
9-22	89933-61-9
9-22	89933-65-3
9-22	9001-53-0
9-22	90014-70-3
9-22	9002-29-3
9-22	900531-39-7
9-22	9007-39-0
9-22	90130-10-2
9-22	90171-11-2
9-22	9019-44-7
9-22	90247-33-9
9-22	90247-34-0
9-22	90247-35-1
9-22	90247-36-2
9-22	90294-70-5
9-22	90294-89-6
9-22	90294-90-9
9-22	90294-91-0
9-22	90294-92-1
9-22	90294-93-2
9-22	90294-94-3
9-22	90294-95-4
9-22	90294-96-5
9-22	90294-97-6
9-22	90294-98-7
9-22	90294-99-8
9-22	90295-00-4
9-22	90295-02-6
9-22	90295-03-7
9-22	90295-04-8
9-22	90295-05-9
9-22	90295-06-0
9-22	90295-07-1
9-22	90295-08-2
9-22	90295-09-3
9-22	90295-10-6
9-22	90295-11-7
9-22	90295-12-8
9-22	90295-13-9
9-22	90295-14-0
9-22	90295-15-1
9-22	90295-16-2
9-22	90295-17-3
9-22	90295-18-4
9-22	90295-19-5
9-22	90295-20-8
9-22	90295-21-9
9-22	90295-22-0
9-22	90295-23-1
9-22	90295-24-2
9-22	90295-25-3
9-22	90295-26-4
9-22	90295-27-5
9-22	90295-28-6
9-22	90295-29-7
9-22	90295-30-0
9-22	90295-31-1
9-22	90295-32-2
9-22	90295-33-3
9-22	90295-34-4
9-22	90295-35-5
9-22	90295-36-6
9-22	90341-57-4
9-22	90341-58-5
9-22	90341-59-6
9-22	90341-60-9
9-22	90341-61-0
9-22	90341-62-1
9-22	90341-63-2
9-22	90341-64-3
9-22	90341-65-4
9-22	90341-66-5
9-22	90341-67-6
9-22	90341-68-7
9-22	90341-69-8
9-22	90341-70-1
9-22	90341-71-2
9-22	90341-72-3
9-22	90341-73-4
9-22	90341-74-5
9-22	90341-75-6
9-22	90412-14-9
9-22	90452-20-3
9-22	9054-89-1
9-22	90651-64-2
9-22	906648-17-7
9-22	906713-86-8
9-22	90677-78-4
9-22	91031-79-7
9-22	91053-45-1
9-22	91053-46-2
9-22	91053-47-3
9-22	91081-71-9
9-22	91081-72-0
9-22	91081-73-1
9-22	91081-74-2
9-22	91082-26-7
9-22	91082-84-7
9-22	91364-56-6
9-22	914378-31-7
9-22	91670-37-0
9-22	91672-86-5
9-22	91672-87-6
9-22	91672-88-7
9-22	91672-89-8
9-22	91672-90-1
9-22	91672-91-2
9-22	91672-92-3
9-22	91672-93-4
9-22	91672-94-5
9-22	91745-42-5
9-22	91745-43-6
9-22	92129-57-2
9-22	92200-86-7
9-22	92200-87-8
9-22	92202-46-5
9-22	92302-64-2
9-22	92332-18-8
9-22	92414-47-6
9-22	924902-00-1
9-22	92623-82-0
9-22	92731-39-0
9-22	92908-13-9
9-22	92908-14-0
9-22	92908-15-1
9-22	92908-46-8
9-22	92909-14-3
9-22	929689-97-4
9-22	929805-29-8
9-22	929875-82-1
9-22	93455-91-5
9-22	93572-65-7
9-22	93572-91-9
9-22	93572-92-0
9-22	93572-93-1
9-22	93572-96-4
9-22	93572-97-5
9-22	93572-98-6
9-22	93746-30-6
9-22	93762-51-7
9-22	93762-52-8
9-22	93776-43-3
9-22	93776-48-8
9-22	93776-49-9
9-22	93776-50-2
9-22	93776-51-3
9-22	93776-52-4
9-22	93776-53-5
9-22	93776-54-6
9-22	93776-55-7
9-22	937807-13-1
9-22	93783-55-2
9-22	93803-81-7
9-22	93805-30-2
9-22	93820-75-8
9-22	93840-74-5
9-22	93858-17-4
9-22	93858-18-5
9-22	93858-19-6
9-22	93858-39-0
9-22	93858-40-3
9-22	93858-41-4
9-22	93861-17-7
9-22	93893-72-2
9-22	93918-22-0
9-22	93918-23-1
9-22	93918-24-2
9-22	93918-68-4
9-22	93921-06-3
9-22	93924-04-0
9-22	93924-94-8
9-22	93924-95-9
9-22	93939-67-4
9-22	93940-93-3
9-22	93940-95-5
9-22	93951-22-5
9-22	93962-86-8
9-22	93963-85-0
9-22	93964-38-6
9-22	93964-39-7
9-22	93966-92-8
9-22	93971-95-0
9-22	93981-05-6
9-22	93982-82-2
9-22	94020-83-4
9-22	94020-92-5
9-22	94021-49-5
9-22	94021-57-5
9-22	94022-93-2
9-22	94031-29-5
9-22	94086-51-8
9-22	94086-58-5
9-22	94114-41-7
9-22	94114-42-8
9-22	941301-08-2
9-22	94159-25-8
9-22	94233-01-9
9-22	94233-32-6
9-22	94233-35-9
9-22	94233-36-0
9-22	94233-37-1
9-22	94233-38-2
9-22	94246-65-8
9-22	94246-73-8
9-22	94246-75-0
9-22	94246-76-1
9-22	94247-64-0
9-22	94275-75-9
9-22	94276-46-7
9-22	94276-47-8
9-22	94276-68-3
9-22	94276-75-2
9-22	94276-76-3
9-22	94276-78-5
9-22	94276-79-6
9-22	94276-86-5
9-22	94277-09-5
9-22	94277-10-8
9-22	94277-11-9
9-22	94277-12-0
9-22	94277-13-1
9-22	94277-14-2
9-22	94277-15-3
9-22	94277-16-4
9-22	94277-17-5
9-22	94277-54-0
9-22	94277-73-3
9-22	94277-75-5
9-22	94277-77-7
9-22	94279-42-2
9-22	94314-07-5
9-22	944730-39-6
9-22	94502-52-0
9-22	94534-99-3
9-22	94551-59-4
9-22	94551-71-0
9-22	94551-72-1
9-22	94551-74-3
9-22	94551-81-2
9-22	94551-87-8
9-22	94551-88-9
9-22	94551-89-0
9-22	94552-01-9
9-22	94552-02-0
9-22	94624-19-8
9-22	94701-72-1
9-22	94805-01-3
9-22	94956-11-3
9-22	95009-01-1
9-22	95009-03-3
9-22	95046-49-4
9-22	95145-52-1
9-22	95370-52-8
9-22	95370-53-9
9-22	95660-31-4
9-22	95873-71-5
9-22	95873-72-6
9-22	95917-74-1
9-22	95976-70-8
9-22	96024-35-0
9-22	96591-22-9
9-22	96956-51-3
9-22	97198-18-0
9-22	97211-69-3
9-22	97280-84-7
9-22	97358-68-4
9-22	97380-88-6
9-22	97392-83-1
9-22	97403-79-7
9-22	97416-92-7
9-22	97434-80-5
9-22	97592-60-4
9-22	97592-69-3
9-22	97592-70-6
9-22	97592-71-7
9-22	97659-67-1
9-22	97660-26-9
9-22	97660-41-8
9-22	97660-42-9
9-22	97660-43-0
9-22	97707-98-7
9-22	97808-74-7
9-22	97808-75-8
9-22	97808-76-9
9-22	97808-77-0
9-22	97809-03-5
9-22	97862-46-9
9-22	98072-83-4
9-22	98171-63-2
9-22	98246-91-4
9-22	98467-38-0
9-22	98654-21-8
9-22	98710-86-2
9-22	98765-70-9
9-22	99118-57-7
9-22	99148-45-5
9-22	99148-46-6
9-22	99148-47-7
9-22	99148-52-4
9-22	99149-47-0
9-22	99328-50-4
9-22	99548-94-4
9-22	99625-26-0
9-22	99749-28-7
9-22	P-00-0364
9-22	P-00-0365
9-22	P-00-1057
9-22	P-01-0922
9-22	P-02-0338
9-22	P-02-0893
9-22	P-03-0037
9-22	P-03-0038
9-22	P-80-0102
9-22	P-82-0291
9-22	P-82-0485
9-22	P-82-0518
9-22	P-82-0651
9-22	P-82-0652
9-22	P-82-0702
9-22	P-83-0114
9-22	P-83-0115
9-22	P-83-0243
9-22	P-83-0270
9-22	P-83-0367
9-22	P-83-0378
9-22	P-83-0379
9-22	P-83-0495
9-22	P-83-0893
9-22	P-83-1043
9-22	P-83-1044
9-22	P-84-0063
9-22	P-84-0179
9-22	P-84-1107
9-22	P-84-1132
9-22	P-84-1152
9-22	P-85-1096
9-22	P-85-1314
9-22	P-86-1162
9-22	P-87-0126
9-22	P-88-2087
9-22	P-90-0534
9-22	P-90-1506
9-22	P-90-1796
9-22	P-91-0156
9-22	P-91-0969
9-22	P-91-1278
9-22	P-92-0021
9-22	P-92-0053
9-22	P-93-0711
9-22	P-93-0842
9-22	P-93-0846
9-22	P-93-1557
9-22	P-94-0137
9-22	P-94-0580
9-22	P-94-1752
9-22	P-95-1124
9-22	P-95-1887
9-22	P-96-0329
9-22	P-97-0384
9-22	P-97-0569
9-22	P-98-0117
9-22	P-99-0105
9-22	P-99-0752
9-22	RR-00228-8
9-22	RR-00595-8
9-22	RR-02117-0
9-22	RR-02211-7
9-22	RR-02247-9
9-22	RR-02424-8
9-22	RR-02604-0
9-22	RR-02772-5
9-22	RR-03690-8
9-22	RR-04218-2
9-22	RR-08428-6
9-22	RR-08678-2
9-22	RR-08828-8
9-22	RR-09042-6
9-22	RR-09679-7
9-22	RR-09680-0
9-22	RR-09681-1
9-22	RR-09682-2
9-22	RR-10594-2
9-22	RR-10874-7
9-22	RR-10975-1
9-22	RR-11265-2
9-22	RR-113381-9
9-22	RR-120976-3
9-22	RR-145684-4
9-22	RR-145882-8
9-22	RR-16986-8
9-22	RR-17049-0
9-22	RR-171585-1
9-22	RR-17354-6
9-22	RR-18723-5
9-22	RR-18868-1
9-22	RR-19354-4
9-22	RR-23940-7
9-22	RR-24168-9
9-22	RR-24315-2
9-22	RR-24357-2
9-22	RR-24506-7
9-22	RR-24507-8
9-22	RR-24575-0
9-22	RR-24753-0
9-22	RR-24754-1
9-22	RR-24756-3
9-22	RR-24758-5
9-22	RR-24761-0
9-22	RR-24763-2
9-22	RR-30436-9
9-22	RR-30437-0
9-22	RR-30438-1
9-22	RR-30439-2
9-22	RR-30494-9
9-22	RR-30497-2
9-22	RR-30633-2
9-22	RR-31075-8
9-22	RR-31468-1
9-22	RR-31469-2
9-22	RR-31471-6
9-22	RR-31873-0
9-22	RR-31964-2
9-22	RR-32823-4
9-22	RR-40755-6
9-22	RR-41488-0
9-22	RR-41489-1
9-22	RR-42562-7
9-22	RR-46124-5
9-22	RR-46125-6
9-22	RR-51621-2
9-22	RR-52452-7
9-22	RR-63041-1
9-22	RR-64140-7
9-22	RR-69084-6
9-22	RR-92419-6
9-22	UN1585
9-22	UN1586
9-22	UN1679
9-22	UN1761
9-22	UN2316
9-22	UN2317
9-22	UN2721
9-22	UN2802
9-23	10031-13-7
9-23	10031-21-7
9-23	10031-21-7
9-23	10031-22-8
9-23	100402-96-8
9-23	100656-49-3
9-23	100656-51-7
9-23	100656-53-9
9-23	100656-54-0
9-23	100656-55-1
9-23	100656-56-2
9-23	100822-74-0
9-23	10099-62-4
9-23	10099-74-8
9-23	10099-76-0
9-23	10099-79-3
9-23	10101-44-7
9-23	10101-63-0
9-23	101419-68-5
9-23	10190-55-3
9-23	102047-25-6
9-23	102110-24-7
9-23	102110-26-9
9-23	102110-36-1
9-23	102110-48-5
9-23	102110-49-6
9-23	102110-60-1
9-23	102110-61-2
9-23	102110-62-3
9-23	10214-39-8
9-23	102423-87-0
9-23	10294-47-0
9-23	10294-58-3
9-23	10382-36-2
9-23	106160-94-5
9-23	106496-44-0
9-23	106804-23-3
9-23	106804-81-3
9-23	108350-80-7
9-23	108424-14-2
9-23	108424-15-3
9-23	108424-16-4
9-23	109882-46-4
9-23	110687-39-3
9-23	11113-70-5
9-23	11116-83-9
9-23	11119-70-3
9-23	11120-22-2
9-23	11120-55-1
9-23	1145660-51-0
9-23	114830-97-6
9-23	1160353-52-5
9-23	116565-73-2
9-23	116565-74-3
9-23	116666-25-2
9-23	118217-11-1
9-23	119801-45-5
9-23	120119-64-4
9-23	12013-69-3
9-23	12017-86-6
9-23	12023-90-4
9-23	12029-23-1
9-23	12034-30-9
9-23	12034-88-7
9-23	12036-31-6
9-23	12036-76-9
9-23	12048-28-1
9-23	12059-89-1
9-23	12060-00-3
9-23	12060-01-4
9-23	12065-68-8
9-23	12065-90-6
9-23	12069-00-0
9-23	121054-00-0
9-23	12135-36-3
9-23	12137-74-5
9-23	12138-48-6
9-23	12141-20-7
9-23	12157-94-7
9-23	12202-17-4
9-23	12205-72-0
9-23	12213-61-5
9-23	12213-74-0
9-23	12214-45-8
9-23	122162-56-5
9-23	122466-83-5
9-23	12266-38-5
9-23	12268-84-7
9-23	12333-97-0
9-23	12356-42-2
9-23	12359-22-7
9-23	12359-23-8
9-23	12372-45-1
9-23	12377-69-4
9-23	12397-06-7
9-23	12397-26-1
9-23	12412-94-1
9-23	12435-47-1
9-23	1245817-44-0
9-23	124826-86-4
9-23	12503-65-0
9-23	125454-11-7
9-23	125634-26-6
9-23	1256909-95-1
9-23	1257633-00-3
9-23	12608-25-2
9-23	12612-47-4
9-23	12619-84-0
9-23	12626-81-2
9-23	12627-67-7
9-23	12653-68-8
9-23	12656-85-8
9-23	12673-46-0
9-23	12673-93-7
9-23	12673-93-7
9-23	12676-62-9
9-23	12684-19-4
9-23	12684-34-3
9-23	12687-78-4
9-23	12709-98-7
9-23	12710-25-7
9-23	127279-03-2
9-23	12737-97-2
9-23	12737-98-3
9-23	12765-51-4
9-23	12774-29-7
9-23	1287784-11-5
9-23	128976-28-3
9-23	129618-34-4
9-23	13009-77-3
9-23	130680-19-2
9-23	1308-29-8
9-23	1309-59-7
9-23	1309-60-0
9-23	1310-03-8
9-23	1311-11-1
9-23	1314-27-8
9-23	1314-41-6
9-23	1314-87-0
9-23	1314-91-6
9-23	1314087-54-1
9-23	1314087-56-3
9-23	1317-36-8
9-23	1319-46-6
9-23	132003-12-4
9-23	1323950-28-2
9-23	1331-70-0
9-23	133315-99-8
9-23	1335-25-7
9-23	1335-32-6
9-23	13424-46-9
9-23	13427-42-4
9-23	1344-36-1
9-23	1344-37-2
9-23	1344-38-3
9-23	1344-40-7
9-23	13453-57-1
9-23	13453-60-6
9-23	13453-62-8
9-23	13453-65-1
9-23	13453-66-2
9-23	13463-30-4
9-23	13478-50-7
9-23	13510-89-9
9-23	13510-91-3
9-23	13510-96-8
9-23	13566-17-1
9-23	135699-34-2
9-23	13637-76-8
9-23	136596-82-2
9-23	1369526-72-6
9-23	13701-91-2
9-23	13703-85-0
9-23	13765-90-7
9-23	13767-78-7
9-23	13778-36-4
9-23	13779-93-6
9-23	13814-96-5
9-23	13826-65-8
9-23	13845-31-3
9-23	13845-35-7
9-23	13931-84-5
9-23	13966-28-4
9-23	14013-09-3
9-23	14034-76-5
9-23	14105-08-9
9-23	14105-09-0
9-23	14119-28-9
9-23	14119-29-0
9-23	14119-30-3
9-23	1421258-73-2
9-23	14255-04-0
9-23	14287-09-3
9-23	1428856-88-5
9-23	1429516-97-1
9-23	14307-44-9
9-23	143928-79-4
9-23	14402-61-0
9-23	1450900-87-4
9-23	1462878-70-1
9-23	14643-03-9
9-23	14648-48-7
9-23	14650-47-6
9-23	14687-25-3
9-23	14720-53-7
9-23	1493800-25-1
9-23	14986-72-2
9-23	15061-40-2
9-23	15067-28-4
9-23	15092-94-1
9-23	153679-91-5
9-23	153679-91-5
9-23	15521-60-5
9-23	15576-47-3
9-23	15739-80-7
9-23	15752-86-0
9-23	15804-54-3
9-23	15816-77-0
9-23	15845-52-0
9-23	15851-47-5
9-23	15887-88-4
9-23	15906-71-5
9-23	15907-04-7
9-23	16038-76-9
9-23	16040-38-3
9-23	1605283-50-8
9-23	16180-04-4
9-23	16450-50-3
9-23	16521-45-2
9-23	16645-99-1
9-23	16646-00-7
9-23	168456-68-6
9-23	1702636-77-8
9-23	17239-87-1
9-23	17398-75-3
9-23	17398-75-3
9-23	175448-53-0
9-23	176547-68-5
9-23	1799735-35-5
9-23	181768-98-9
9-23	18256-98-9
9-23	18279-21-5
9-23	18454-12-1
9-23	1879054-37-1
9-23	188417-76-7
9-23	1887168-54-8
9-23	1898210-10-0
9-23	189829-60-5
9-23	1899002-67-5
9-23	19372-22-6
9-23	19423-89-3
9-23	1951408-54-0
9-23	19696-90-3
9-23	19783-14-3
9-23	200444-20-8
9-23	2068005-39-8
9-23	2068005-40-1
9-23	207500-00-3
9-23	207500-00-3
9-23	20837-86-9
9-23	20890-10-2
9-23	2093943-43-0
9-23	2095571-59-6
9-23	2097729-73-0
9-23	2098487-24-0
9-23	2098815-17-7
9-23	2222122-62-3
9-23	2222122-63-4
9-23	22438-69-3
9-23	22569-74-0
9-23	2409067-85-0
9-23	2414965-66-3
9-23	2437245-44-6
9-23	24824-71-3
9-23	2508-97-6
9-23	2516245-98-8
9-23	25510-11-6
9-23	25659-31-8
9-23	25666-92-6
9-23	2568498-72-4
9-23	25725-28-4
9-23	257292-73-2
9-23	25808-74-6
9-23	26006-62-2
9-23	26265-65-6
9-23	2712640-33-8
9-23	27486-00-6
9-23	29134-88-1
9-23	29729-00-8
9-23	30719-10-9
9-23	33011-59-5
9-23	33940-95-3
9-23	34018-28-5
9-23	35112-70-0
9-23	35229-41-5
9-23	35254-34-3
9-23	35498-15-8
9-23	35830-81-0
9-23	3687-31-8
9-23	37185-13-0
9-23	37189-44-9
9-23	37194-88-0
9-23	37196-28-4
9-23	37221-92-4
9-23	37223-83-9
9-23	37223-83-9
9-23	37224-42-3
9-23	37224-42-3
9-23	37240-96-3
9-23	37251-28-8
9-23	37316-84-0
9-23	37361-76-5
9-23	37382-38-0
9-23	378253-10-2
9-23	378253-11-3
9-23	39345-91-0
9-23	39377-56-5
9-23	39386-06-6
9-23	39387-81-0
9-23	39390-00-6
9-23	39412-44-7
9-23	41547-50-6
9-23	42579-89-5
9-23	469906-25-0
9-23	50816-00-7
9-23	51329-63-6
9-23	51404-69-4
9-23	51682-73-6
9-23	51682-74-7
9-23	51899-02-6
9-23	52014-33-2
9-23	52231-92-2
9-23	52440-39-8
9-23	52732-72-6
9-23	52869-79-1
9-23	53096-04-1
9-23	53529-09-2
9-23	53807-64-0
9-23	54692-53-4
9-23	56572-83-9
9-23	56730-15-5
9-23	56730-34-8
9-23	57456-13-0
9-23	58572-21-7
9-23	592-05-2
9-23	592-87-0
9-23	59707-49-2
9-23	598-63-0
9-23	60525-54-4
9-23	61461-40-3
9-23	61513-05-1
9-23	61513-06-2
9-23	61513-07-3
9-23	61869-44-1
9-23	61981-10-0
9-23	62010-25-7
9-23	62042-25-5
9-23	62229-08-7
9-23	63653-42-9
9-23	63916-96-1
9-23	64470-66-2
9-23	64470-66-2
9-23	64523-06-4
9-23	65119-94-0
9-23	65229-22-3
9-23	65863-24-3
9-23	65996-76-1
9-23	65997-18-4
9-23	67711-86-8
9-23	67711-91-5
9-23	67711-92-6
9-23	67711-93-7
9-23	67711-94-8
9-23	67711-96-0
9-23	67711-98-2
9-23	67711-99-3
9-23	68130-19-8
9-23	68187-20-2
9-23	68189-41-3
9-23	68332-81-0
9-23	68411-78-9
9-23	68411-78-9
9-23	68555-05-5
9-23	68555-07-7
9-23	68585-90-0
9-23	68784-53-2
9-23	68784-74-7
9-23	68784-75-8
9-23	68784-76-9
9-23	68891-87-2
9-23	68937-05-3
9-23	68987-33-7
9-23	69011-07-0
9-23	69011-54-7
9-23	69011-59-2
9-23	69011-60-5
9-23	69011-70-7
9-23	69011-86-5
9-23	69012-20-0
9-23	69012-22-2
9-23	69012-26-6
9-23	69012-43-7
9-23	69012-56-2
9-23	69012-57-3
9-23	69012-60-8
9-23	69012-63-1
9-23	69012-65-3
9-23	69012-67-5
9-23	69012-70-0
9-23	69012-71-1
9-23	69012-72-2
9-23	69012-78-8
9-23	69029-45-4
9-23	69029-46-5
9-23	69029-47-6
9-23	69029-48-7
9-23	69029-49-8
9-23	69029-50-1
9-23	69029-51-2
9-23	69029-52-3
9-23	69029-53-4
9-23	69029-55-6
9-23	69029-57-8
9-23	69029-58-9
9-23	69029-60-3
9-23	69029-61-4
9-23	69029-62-5
9-23	69029-63-6
9-23	69029-64-7
9-23	69029-65-8
9-23	69029-66-9
9-23	69029-67-0
9-23	69029-68-1
9-23	69029-69-2
9-23	69029-70-5
9-23	69029-71-6
9-23	69029-72-7
9-23	69029-74-9
9-23	69029-78-3
9-23	69029-79-4
9-23	69029-80-7
9-23	69029-81-8
9-23	69029-83-0
9-23	69029-84-1
9-23	69029-85-2
9-23	69029-87-4
9-23	69029-88-5
9-23	69029-89-6
9-23	69029-90-9
9-23	69029-91-0
9-23	69029-92-1
9-23	69029-93-2
9-23	69029-95-4
9-23	69029-96-5
9-23	69029-97-6
9-23	69227-11-8
9-23	69670-72-0
9-23	70145-53-8
9-23	70514-05-5
9-23	70514-37-3
9-23	7056-83-9
9-23	71630-92-7
9-23	71799-66-1
9-23	724427-66-1
9-23	73513-16-3
9-23	7439-92-1
9-23	7446-10-8
9-23	7446-14-2
9-23	7446-15-3
9-23	7446-27-7
9-23	7488-51-9
9-23	76093-98-6
9-23	7645-25-2
9-23	7758-95-4
9-23	7758-97-6
9-23	7759-01-5
9-23	7783-46-2
9-23	7783-59-7
9-23	7784-40-9
9-23	78690-68-3
9-23	79393-68-3
9-23	8005-36-5
9-23	8012-00-8
9-23	8012-76-8
9-23	8049-64-7
9-23	811-54-1
9-23	81209-53-2
9-23	82669-93-0
9-23	82800-11-1
9-23	83689-82-1
9-23	84195-51-7
9-23	84195-60-8
9-23	84195-61-9
9-23	84583-61-9
9-23	84776-00-1
9-23	85117-02-8
9-23	851754-81-9
9-23	85536-79-4
9-23	85764-81-4
9-23	85941-57-7
9-23	886883-98-3
9-23	89054-03-5
9-23	90431-29-1
9-23	90583-07-6
9-23	90583-37-2
9-23	91053-46-2
9-23	91053-47-3
9-23	91053-49-5
9-23	91388-81-7
9-23	92257-11-9
9-23	93215-61-3
9-23	93763-87-2
9-23	93821-47-7
9-23	93821-70-6
9-23	93821-72-8
9-23	940949-96-2
9-23	94492-43-0
9-23	94551-60-7
9-23	94551-62-9
9-23	94551-64-1
9-23	94551-66-3
9-23	94551-70-9
9-23	94551-71-0
9-23	94551-72-1
9-23	94551-73-2
9-23	94551-74-3
9-23	94551-78-7
9-23	94551-79-8
9-23	94551-86-7
9-23	94551-87-8
9-23	94551-97-0
9-23	94551-99-2
9-23	94552-00-8
9-23	94552-05-3
9-23	95046-44-9
9-23	95046-49-4
9-23	953087-97-3
9-23	96690-46-9
9-23	97808-88-3
9-23	97889-90-2
9-23	97926-57-3
9-23	97953-08-7
9-23	98072-44-7
9-23	98219-71-7
9-23	98246-91-4
9-23	99328-54-8
9-23	RR-00538-9
9-23	RR-145683-3
9-23	RR-14783-1
9-23	RR-19231-4
9-23	RR-44401-9
9-23	UN0129
9-23	UN1469
9-23	UN1470
9-23	UN1620
9-23	UN1794
9-23	UN1872
9-23	UN2989
9-23	UN3408
9-24	10028-18-9
9-24	100438-90-2
9-24	10101-96-9
9-24	10101-97-0
9-24	10101-98-1
9-24	10101-99-2
9-24	101239-20-7
9-24	102110-49-6
9-24	1021552-48-6
9-24	1023309-94-5
9-24	10294-65-2
9-24	1033772-47-2
9-24	10345-27-4
9-24	1035211-50-7
9-24	10381-36-9
9-24	10471-42-8
9-24	10471-47-3
9-24	1047996-27-9
9-24	105029-70-7
9-24	105883-48-5
9-24	105884-35-3
9-24	105892-90-8
9-24	106316-55-6
9-24	106340-73-2
9-24	106340-74-3
9-24	106340-75-4
9-24	106747-79-9
9-24	107372-45-2
9-24	107593-02-2
9-24	1080518-91-7
9-24	108599-78-6
9-24	108599-79-7
9-24	108818-89-9
9-24	11068-91-0
9-24	11071-48-0
9-24	11079-07-5
9-24	11099-02-8
9-24	11105-19-4
9-24	11106-97-1
9-24	11113-73-8
9-24	11113-74-9
9-24	11113-75-0
9-24	11115-99-4
9-24	11121-96-3
9-24	11133-76-9
9-24	11140-03-7
9-24	11140-03-7
9-24	11146-73-9
9-24	111532-88-8
9-24	111614-54-1
9-24	111706-41-3
9-24	111706-42-4
9-24	111706-43-5
9-24	111721-39-2
9-24	111792-92-8
9-24	111866-22-9
9-24	112084-17-0
9-24	112653-88-0
9-24	112711-07-6
9-24	112874-99-4
9-24	112965-42-1
9-24	113066-89-0
9-24	113329-92-3
9-24	113738-82-2
9-24	113894-88-5
9-24	113894-89-6
9-24	115683-18-6
9-24	116443-84-6
9-24	117127-26-1
9-24	117454-32-7
9-24	117989-29-4
9-24	117991-29-4
9-24	117991-30-7
9-24	118716-60-2
9-24	119989-34-3
9-24	1200116-89-7
9-24	12003-78-0
9-24	12004-35-2
9-24	12004-71-6
9-24	120045-16-1
9-24	12007-00-0
9-24	12007-01-1
9-24	12007-02-2
9-24	12011-78-8
9-24	120156-44-7
9-24	120156-44-7
9-24	12018-18-7
9-24	12031-41-3
9-24	12031-65-1
9-24	12031-75-3
9-24	12034-55-8
9-24	12035-36-8
9-24	12035-38-0
9-24	12035-39-1
9-24	12035-50-6
9-24	12035-51-7
9-24	12035-52-8
9-24	12035-57-3
9-24	12035-60-8
9-24	12035-64-2
9-24	12035-71-1
9-24	12035-72-2
9-24	12035-77-7
9-24	12044-65-4
9-24	12045-56-6
9-24	12045-58-8
9-24	12045-67-9
9-24	12054-48-7
9-24	12059-14-2
9-24	12059-23-3
9-24	12068-59-6
9-24	12068-61-0
9-24	12084-10-5
9-24	121053-30-3
9-24	121053-32-5
9-24	121053-33-6
9-24	121053-36-9
9-24	12107-46-9
9-24	12122-15-5
9-24	12125-56-3
9-24	12137-08-5
9-24	12137-09-6
9-24	12137-12-1
9-24	12137-13-2
9-24	12142-88-0
9-24	12142-92-6
9-24	12164-90-8
9-24	12168-54-6
9-24	12170-92-2
9-24	12174-14-0
9-24	12175-27-8
9-24	12196-72-4
9-24	12201-85-3
9-24	12201-89-7
9-24	12227-91-7
9-24	12229-03-7
9-24	12244-51-8
9-24	12255-10-6
9-24	12255-11-7
9-24	12255-80-0
9-24	12256-33-6
9-24	12259-56-2
9-24	12263-13-7
9-24	1227263-18-4
9-24	12275-13-7
9-24	12315-33-2
9-24	12325-84-7
9-24	12334-31-5
9-24	123516-73-4
9-24	123516-74-5
9-24	12359-17-0
9-24	124222-15-7
9-24	124222-16-8
9-24	124222-17-9
9-24	124222-18-0
9-24	124222-19-1
9-24	124260-75-9
9-24	124594-15-6
9-24	124747-65-5
9-24	124827-66-3
9-24	12503-49-0
9-24	12503-53-6
9-24	12519-85-6
9-24	125275-86-7
9-24	125275-87-8
9-24	12534-09-7
9-24	125378-87-2
9-24	12604-68-1
9-24	12605-70-8
9-24	12607-70-4
9-24	12612-55-4
9-24	12612-55-4
9-24	12619-90-8
9-24	12635-29-9
9-24	12638-07-2
9-24	12645-32-8
9-24	12645-50-0
9-24	12653-76-8
9-24	12661-84-6
9-24	12673-58-4
9-24	12675-92-2
9-24	12688-64-1
9-24	1271-28-9
9-24	12710-36-0
9-24	12737-30-3
9-24	12794-26-2
9-24	12795-30-1
9-24	128607-90-9
9-24	128607-91-0
9-24	128607-92-1
9-24	129188-37-0
9-24	129188-38-1
9-24	129188-39-2
9-24	1293-95-4
9-24	1295-35-8
9-24	129618-34-4
9-24	129618-35-5
9-24	129618-36-6
9-24	129618-38-8
9-24	129680-25-7
9-24	13001-15-5
9-24	13005-31-7
9-24	13007-90-4
9-24	1303-13-5
9-24	1303-22-6
9-24	1307699-76-8
9-24	13077-29-7
9-24	131163-08-1
9-24	1313-99-1
9-24	13138-45-9
9-24	1314-04-1
9-24	1314-05-2
9-24	1314-06-3
9-24	131866-99-4
9-24	131896-79-2
9-24	13319-83-0
9-24	133290-55-8
9-24	1333123-32-2
9-24	13408-70-3
9-24	1344-49-6
9-24	13462-88-9
9-24	13462-90-3
9-24	13463-39-3
9-24	134631-46-2
9-24	134737-17-0
9-24	13477-70-8
9-24	13477-93-5
9-24	13477-94-6
9-24	13477-97-9
9-24	13478-00-7
9-24	13478-93-8
9-24	134830-74-3
9-24	134831-06-4
9-24	13520-61-1
9-24	13601-55-3
9-24	13637-71-3
9-24	13654-40-5
9-24	13689-92-4
9-24	137136-40-4
9-24	13770-89-3
9-24	13775-54-7
9-24	13778-29-5
9-24	13783-64-7
9-24	13826-95-4
9-24	13842-46-1
9-24	13859-60-4
9-24	13859-65-9
9-24	13859-68-2
9-24	13869-33-5
9-24	13877-20-8
9-24	13927-77-0
9-24	13931-83-4
9-24	13940-83-5
9-24	139562-87-1
9-24	13977-71-4
9-24	13981-37-8
9-24	13981-99-2
9-24	139939-67-6
9-24	14024-60-3
9-24	14038-85-8
9-24	14055-02-8
9-24	14055-19-7
9-24	14100-15-3
9-24	14126-37-5
9-24	14167-20-5
9-24	14172-92-0
9-24	14177-51-6
9-24	14177-55-0
9-24	14216-75-2
9-24	142164-39-4
9-24	14220-17-8
9-24	14221-00-2
9-24	14264-16-5
9-24	14267-17-5
9-24	14323-41-2
9-24	14324-74-4
9-24	14332-32-2
9-24	14332-33-3
9-24	14332-34-4
9-24	14336-70-0
9-24	14363-30-5
9-24	14396-43-1
9-24	14406-66-7
9-24	14406-71-4
9-24	14428-08-1
9-24	14434-67-4
9-24	14448-18-1
9-24	14448-69-2
9-24	14481-08-4
9-24	14482-69-0
9-24	14507-36-9
9-24	14516-71-3
9-24	14522-99-7
9-24	14550-87-9
9-24	14647-23-5
9-24	14708-14-6
9-24	14721-18-7
9-24	147395-45-7
9-24	14833-49-9
9-24	148732-74-5
9-24	14874-77-2
9-24	14874-78-3
9-24	14875-95-7
9-24	149272-90-2
9-24	14931-84-1
9-24	14932-64-0
9-24	14949-69-0
9-24	14998-37-9
9-24	15060-62-5
9-24	15099-34-0
9-24	15133-82-1
9-24	151436-99-6
9-24	15187-91-4
9-24	151994-98-8
9-24	15242-92-9
9-24	15244-37-8
9-24	15274-43-8
9-24	15317-78-9
9-24	15415-30-2
9-24	154779-74-5
9-24	15492-42-9
9-24	15521-65-0
9-24	155737-57-8
9-24	155773-70-9
9-24	155773-71-0
9-24	15586-38-6
9-24	155937-95-4
9-24	15596-82-4
9-24	15608-15-8
9-24	15629-92-2
9-24	15635-42-4
9-24	15684-36-3
9-24	15694-70-9
9-24	15699-18-0
9-24	15699-20-4
9-24	15708-55-1
9-24	15751-00-5
9-24	15766-33-3
9-24	15780-33-3
9-24	15843-02-4
9-24	15843-91-1
9-24	15851-52-2
9-24	15852-21-8
9-24	15905-81-4
9-24	15905-81-4
9-24	15954-96-8
9-24	15975-34-5
9-24	16039-61-5
9-24	16083-14-0
9-24	16122-03-5
9-24	16263-35-7
9-24	162684-16-4
9-24	16337-84-1
9-24	164144-91-6
9-24	16432-37-4
9-24	16456-84-1
9-24	166520-64-5
9-24	16699-63-1
9-24	16812-54-7
9-24	17030-01-2
9-24	17169-61-8
9-24	17218-47-2
9-24	17220-70-1
9-24	17237-93-3
9-24	172398-90-2
9-24	172777-26-3
9-24	172777-27-4
9-24	17301-01-8
9-24	17375-04-1
9-24	173936-51-1
9-24	17523-24-9
9-24	17593-69-0
9-24	17638-48-1
9-24	177997-13-6
9-24	17861-62-0
9-24	179865-13-5
9-24	180997-14-2
9-24	18195-55-6
9-24	18195-55-6
9-24	182442-95-1
9-24	18283-82-4
9-24	18534-07-1
9-24	185461-96-5
9-24	18642-20-1
9-24	18718-11-1
9-24	18721-51-2
9-24	18756-97-3
9-24	18824-79-8
9-24	189139-63-7
9-24	18958-57-1
9-24	18958-62-8
9-24	18972-69-5
9-24	18984-98-0
9-24	19232-05-4
9-24	193214-24-3
9-24	193215-53-1
9-24	19372-20-4
9-24	194044-27-4
9-24	195161-84-3
9-24	198831-12-8
9-24	19999-87-2
9-24	20249-62-1
9-24	20302-82-3
9-24	203212-67-3
9-24	203645-17-4
9-24	20437-10-9
9-24	20467-91-8
9-24	205057-15-4
9-24	20543-06-0
9-24	20597-89-1
9-24	207569-15-1
9-24	207803-51-8
9-24	2087499-33-8
9-24	209668-02-0
9-24	210902-79-7
9-24	21264-77-7
9-24	215191-83-6
9-24	21707-27-7
9-24	21784-78-1
9-24	219782-27-1
9-24	219948-04-6
9-24	21996-43-0
9-24	2223-95-2
9-24	22451-23-6
9-24	22484-07-7
9-24	22605-92-1
9-24	2267994-84-1
9-24	227623-80-5
9-24	23232-50-0
9-24	23852-73-5
9-24	24151-25-5
9-24	24270-51-7
9-24	242802-21-7
9-24	24440-79-7
9-24	24640-21-9
9-24	24803-99-4
9-24	25358-06-9
9-24	25481-21-4
9-24	25749-08-0
9-24	26024-55-5
9-24	26043-11-8
9-24	264921-97-3
9-24	26603-21-4
9-24	27016-75-7
9-24	27494-85-5
9-24	27574-34-1
9-24	27637-46-3
9-24	27835-99-0
9-24	28038-27-9
9-24	28371-07-5
9-24	28680-76-4
9-24	28923-39-9
9-24	28984-20-5
9-24	29046-78-4
9-24	29204-84-0
9-24	29317-63-3
9-24	296800-21-0
9-24	304695-77-0
9-24	30868-55-4
9-24	30947-30-9
9-24	312696-09-6
9-24	313223-18-6
9-24	313223-18-6
9-24	31748-25-1
9-24	31886-51-8
9-24	31904-79-7
9-24	32441-17-1
9-24	3264-82-2
9-24	32990-64-0
9-24	332343-04-1
9-24	3333-67-3
9-24	3349-06-2
9-24	3349-08-4
9-24	33637-76-2
9-24	33637-77-3
9-24	33882-09-6
9-24	339311-41-0
9-24	339527-86-5
9-24	33992-50-6
9-24	34109-80-3
9-24	34304-82-0
9-24	343630-64-8
9-24	34404-42-7
9-24	34492-97-2
9-24	34492-97-2
9-24	34831-03-3
9-24	34875-54-2
9-24	35884-66-3
9-24	36026-88-7
9-24	36153-28-3
9-24	36252-60-5
9-24	36259-37-7
9-24	36545-21-8
9-24	36897-37-7
9-24	37187-84-1
9-24	37211-05-5
9-24	37227-61-5
9-24	373-02-4
9-24	37321-15-6
9-24	375380-39-5
9-24	38465-55-3
9-24	38727-83-2
9-24	38780-90-4
9-24	3882-73-3
9-24	38951-94-9
9-24	38951-97-2
9-24	39033-91-5
9-24	39049-81-5
9-24	3906-55-6
9-24	39303-46-3
9-24	39380-74-0
9-24	39430-27-8
9-24	39691-34-4
9-24	39819-65-3
9-24	409334-62-9
9-24	41476-75-9
9-24	41685-66-9
9-24	420849-75-8
9-24	42126-46-5
9-24	42612-06-6
9-24	42739-61-7
9-24	427884-48-8
9-24	42844-93-9
9-24	43158-99-2
9-24	44121-71-3
9-24	4454-16-4
9-24	46370-07-4
9-24	47726-62-5
9-24	480445-87-2
9-24	494197-74-9
9-24	494197-76-1
9-24	4995-91-9
9-24	501953-51-1
9-24	502927-11-9
9-24	50897-08-0
9-24	51185-42-3
9-24	51222-18-5
9-24	51269-44-4
9-24	51274-96-5
9-24	51449-18-4
9-24	51467-07-3
9-24	51575-27-0
9-24	51818-56-5
9-24	51912-52-8
9-24	51931-46-5
9-24	51944-07-1
9-24	51944-07-1
9-24	52013-44-2
9-24	52022-10-3
9-24	52057-73-5
9-24	52261-08-2
9-24	52486-98-3
9-24	52486-99-4
9-24	52496-91-0
9-24	52502-12-2
9-24	52610-81-8
9-24	52625-25-9
9-24	53199-85-2
9-24	53527-81-4
9-24	53809-86-2
9-24	54576-53-3
9-24	547-67-1
9-24	553-71-9
9-24	55401-12-2
9-24	55467-74-8
9-24	557-12-0
9-24	557-19-7
9-24	5581-60-2
9-24	55868-93-4
9-24	56408-24-3
9-24	56557-00-7
9-24	57925-44-7
9-24	58320-35-7
9-24	58591-45-0
9-24	5964-71-6
9-24	59836-85-0
9-24	60120-57-2
9-24	6018-89-9
9-24	6018-92-4
9-24	6018-94-6
9-24	6059-24-1
9-24	6059-24-1
9-24	60700-37-0
9-24	60765-13-1
9-24	60871-84-3
9-24	61106-39-6
9-24	61300-98-9
9-24	61431-86-5
9-24	61725-51-7
9-24	61788-71-4
9-24	62010-30-4
9-24	6283-67-6
9-24	6283-68-7
9-24	63085-06-3
9-24	63091-15-6
9-24	63353-43-5
9-24	63427-32-7
9-24	635680-62-5
9-24	63588-33-0
9-24	63597-34-2
9-24	63640-18-6
9-24	63850-92-0
9-24	63938-16-9
9-24	6421-65-4
9-24	64568-51-0
9-24	64696-98-6
9-24	65140-00-3
9-24	65229-23-4
9-24	65272-92-6
9-24	65405-96-1
9-24	65997-18-4
9-24	66197-14-6
9-24	66467-44-5
9-24	67292-34-6
9-24	67562-43-0
9-24	67632-50-2
9-24	67711-89-1
9-24	67711-91-5
9-24	67711-92-6
9-24	67763-27-3
9-24	67806-76-2
9-24	67906-12-1
9-24	67952-41-4
9-24	67952-43-6
9-24	67952-69-6
9-24	67968-22-3
9-24	68016-03-5
9-24	68025-13-8
9-24	68025-40-1
9-24	68025-41-2
9-24	68052-00-6
9-24	68130-19-8
9-24	68130-36-9
9-24	68131-74-8
9-24	68133-84-6
9-24	68134-59-8
9-24	68186-85-6
9-24	68186-89-0
9-24	68187-10-0
9-24	68189-15-1
9-24	68309-97-7
9-24	68334-36-1
9-24	68391-37-7
9-24	68401-87-6
9-24	68412-18-0
9-24	68412-19-1
9-24	68412-20-4
9-24	68449-39-8
9-24	68511-62-6
9-24	68512-22-1
9-24	68515-84-4
9-24	68583-44-8
9-24	68584-42-9
9-24	68585-48-8
9-24	68585-93-3
9-24	68607-31-8
9-24	68610-24-2
9-24	68611-43-8
9-24	68698-80-6
9-24	68758-60-1
9-24	68758-62-3
9-24	68784-84-9
9-24	68849-07-0
9-24	68912-08-3
9-24	68958-86-1
9-24	68958-87-2
9-24	68958-88-3
9-24	68958-89-4
9-24	69011-05-8
9-24	69011-64-9
9-24	69012-20-0
9-24	69012-50-6
9-24	69012-51-7
9-24	69098-15-3
9-24	69524-96-5
9-24	69599-22-0
9-24	699012-90-3
9-24	70692-93-2
9-24	70729-79-2
9-24	70776-98-6
9-24	70824-02-1
9-24	70833-37-3
9-24	70974-36-6
9-24	71050-57-2
9-24	71077-18-4
9-24	71215-73-1
9-24	71215-97-9
9-24	71215-98-0
9-24	71243-96-4
9-24	71327-12-3
9-24	71605-83-9
9-24	71631-15-7
9-24	71720-48-4
9-24	71767-12-9
9-24	71889-20-8
9-24	71889-22-0
9-24	71939-11-2
9-24	71957-07-8
9-24	72139-08-3
9-24	72152-45-5
9-24	72162-32-4
9-24	72229-81-3
9-24	72252-57-4
9-24	72253-10-2
9-24	72319-19-8
9-24	72453-55-5
9-24	7250-60-4
9-24	72813-81-1
9-24	72828-53-6
9-24	72986-45-9
9-24	73482-18-5
9-24	738587-10-5
9-24	73882-06-1
9-24	73882-10-7
9-24	73892-02-1
9-24	73963-97-0
9-24	74195-78-1
9-24	74365-18-7
9-24	74399-84-1
9-24	7440-02-0
9-24	74646-29-0
9-24	75178-20-0
9-24	75559-55-6
9-24	75578-87-9
9-24	7580-31-6
9-24	75864-35-6
9-24	76231-24-8
9-24	76625-10-0
9-24	7718-54-9
9-24	77245-35-3
9-24	774180-11-9
9-24	7757-95-1
9-24	7785-20-8
9-24	7786-81-4
9-24	7789-49-3
9-24	7789-49-3
9-24	7790-34-3
9-24	7791-20-0
9-24	79102-62-8
9-24	79121-51-0
9-24	79357-65-6
9-24	79745-01-0
9-24	79817-91-7
9-24	8007-18-9
9-24	8049-16-9
9-24	8049-31-8
9-24	83864-02-2
9-24	83898-70-8
9-24	84144-92-3
9-24	84604-95-5
9-24	84682-59-7
9-24	84776-45-4
9-24	84852-35-7
9-24	84852-36-8
9-24	84852-37-9
9-24	84852-38-0
9-24	84852-39-1
9-24	848779-18-0
9-24	85026-81-9
9-24	85135-77-9
9-24	85166-19-4
9-24	85269-39-2
9-24	85298-61-9
9-24	85480-75-7
9-24	85508-42-5
9-24	85508-43-6
9-24	85508-44-7
9-24	85508-45-8
9-24	85508-46-9
9-24	85551-28-6
9-24	85585-97-3
9-24	85585-98-4
9-24	85585-99-5
9-24	85586-46-5
9-24	85958-80-1
9-24	862365-66-0
9-24	86249-83-4
9-24	88248-60-6
9-24	89073-36-9
9-24	90053-13-7
9-24	90459-30-6
9-24	90459-31-7
9-24	90459-32-8
9-24	90459-33-9
9-24	90459-34-0
9-24	90459-35-1
9-24	90459-36-2
9-24	90552-50-4
9-24	91053-45-1
9-24	91053-46-2
9-24	91053-47-3
9-24	91082-81-4
9-24	91082-84-7
9-24	91235-82-4
9-24	91697-41-5
9-24	91845-72-6
9-24	91995-23-2
9-24	92078-03-0
9-24	92129-56-1
9-24	92129-57-2
9-24	92170-59-7
9-24	92200-98-1
9-24	92200-99-2
9-24	92502-55-1
9-24	93-74-3
9-24	93571-76-7
9-24	93573-14-9
9-24	93573-15-0
9-24	93573-16-1
9-24	93573-17-2
9-24	93762-59-5
9-24	93891-86-2
9-24	93920-08-2
9-24	93920-09-3
9-24	93920-10-6
9-24	93939-76-5
9-24	93983-68-7
9-24	94114-42-8
9-24	94232-44-7
9-24	94232-84-5
9-24	94275-78-2
9-24	94551-87-8
9-24	94552-58-6
9-24	94552-59-7
9-24	94891-42-6
9-24	94891-43-7
9-24	95046-44-9
9-24	95046-47-2
9-24	95193-93-4
9-24	95193-95-6
9-24	97280-68-7
9-24	97404-21-2
9-24	97404-22-3
9-24	97435-21-7
9-24	97660-42-9
9-24	98246-91-4
9-24	99587-11-8
9-24	99601-92-0
9-24	99601-93-1
9-24	99749-23-2
9-24	P-03-0307
9-24	P-04-0353
9-24	P-85-0300
9-24	P-85-1034
9-24	P-86-0034
9-24	P-87-0209
9-24	P-88-1853
9-24	P-88-1994
9-24	P-94-1449
9-24	RR-00038-4
9-24	RR-00376-9
9-24	RR-00522-1
9-24	RR-00571-0
9-24	RR-00798-7
9-24	RR-00800-4
9-24	RR-04029-9
9-24	RR-04535-2
9-24	RR-04616-2
9-24	RR-04617-3
9-24	RR-04822-6
9-24	RR-08431-1
9-24	RR-08443-5
9-24	RR-08561-0
9-24	RR-09031-3
9-24	RR-09055-1
9-24	RR-09280-8
9-24	RR-10235-2
9-24	RR-24447-3
9-24	RR-30490-5
9-24	RR-40755-6
9-24	RR-58049-4
9-24	RR-63049-9
9-24	UN1653
9-24	UN2725
9-24	UN2726
9-25	10025-99-7
9-25	10026-00-3
9-25	100432-45-9
9-25	100432-46-0
9-25	110972-89-9
9-25	1148146-08-0
9-25	12012-50-9
9-25	12033-81-7
9-25	12035-82-4
9-25	12073-36-8
9-25	12129-03-2
9-25	12144-54-6
9-25	12152-26-0
9-25	1219456-34-4
9-25	12266-72-7
9-25	12285-90-4
9-25	12325-31-4
9-25	127521-16-8
9-25	1276559-63-7
9-25	1299-91-8
9-25	1307-80-8
9-25	1307-82-0
9-25	131620-42-3
9-25	1332-75-8
9-25	1332-76-9
9-25	1335-29-1
9-25	13454-96-1
9-25	13455-12-4
9-25	13693-05-5
9-25	1380586-71-9
9-25	13815-39-9
9-25	13820-41-2
9-25	13820-46-7
9-25	13820-56-9
9-25	13826-94-3
9-25	13841-96-8
9-25	13869-38-0
9-25	13933-32-9
9-25	14038-86-9
9-25	14075-08-2
9-25	140889-50-5
9-25	14096-51-6
9-25	14244-60-1
9-25	14286-02-3
9-25	1431865-84-7
9-25	14323-36-5
9-25	143337-19-3
9-25	14402-73-4
9-25	14402-74-5
9-25	14409-61-1
9-25	14444-56-5
9-25	14493-01-7
9-25	14708-49-7
9-25	14873-63-3
9-25	14873-92-8
9-25	148880-59-5
9-25	14913-33-8
9-25	14922-70-4
9-25	14993-39-6
9-25	15055-30-8
9-25	15227-42-6
9-25	15258-91-0
9-25	15278-82-7
9-25	15278-86-1
9-25	15321-27-4
9-25	15321-31-0
9-25	15337-84-5
9-25	15413-19-1
9-25	15442-57-6
9-25	15445-15-5
9-25	15607-55-3
9-25	15614-67-2
9-25	15651-37-3
9-25	15663-27-1
9-25	15670-38-9
9-25	15705-70-1
9-25	15706-36-2
9-25	15706-54-4
9-25	15735-70-3
9-25	15735-74-7
9-25	15978-93-5
9-25	16871-54-8
9-25	16893-05-3
9-25	16902-25-3
9-25	16905-14-9
9-25	16919-58-7
9-25	16920-93-7
9-25	16920-94-8
9-25	16921-30-5
9-25	16923-58-3
9-25	16941-12-1
9-25	16971-49-6
9-25	17031-24-2
9-25	17363-02-9
9-25	174494-25-8
9-25	17522-99-5
9-25	18496-40-7
9-25	18497-13-7
9-25	18497-13-7
9-25	19372-45-3
9-25	19426-59-6
9-25	19529-53-4
9-25	19583-77-8
9-25	19583-77-8
9-25	20554-59-0
9-25	20596-34-3
9-25	20634-12-2
9-25	20740-45-8
9-25	21547-63-7
9-25	25478-60-8
9-25	25909-39-1
9-25	26023-84-7
9-25	26023-84-7
9-25	26035-31-4
9-25	29687-31-8
9-25	29830-84-0
9-25	31894-74-3
9-25	32335-93-6
9-25	36732-60-2
9-25	36863-22-6
9-25	378783-15-4
9-25	378783-25-6
9-25	378783-26-7
9-25	38201-97-7
9-25	38416-13-6
9-25	38780-36-8
9-25	38780-43-7
9-25	39277-13-9
9-25	41575-87-5
9-25	41575-94-4
9-25	41666-77-7
9-25	41909-89-1
9-25	46469-97-0
9-25	50525-38-7
9-25	51850-20-5
9-25	52438-26-3
9-25	52672-74-9
9-25	53231-79-1
9-25	55903-50-9
9-25	562-76-5
9-25	562-79-8
9-25	562-81-2
9-25	58601-82-4
9-25	592-06-3
9-25	60134-75-0
9-25	60322-59-0
9-25	60605-43-8
9-25	61420-92-6
9-25	62928-11-4
9-25	64367-82-4
9-25	65849-16-3
9-25	65849-18-5
9-25	67158-54-7
9-25	67924-25-8
9-25	67989-90-6
9-25	68133-59-5
9-25	68133-89-1
9-25	68133-90-4
9-25	68133-91-5
9-25	68145-60-8
9-25	68191-11-7
9-25	68413-57-0
9-25	68516-04-1
9-25	68585-32-0
9-25	68630-78-4
9-25	68928-30-3
9-25	68938-92-1
9-25	68958-84-9
9-25	68958-85-0
9-25	69140-64-3
9-25	69547-11-1
9-25	70227-39-3
9-25	71050-56-1
9-25	71423-58-0
9-25	72151-35-0
9-25	72828-30-9
9-25	73018-55-0
9-25	73398-92-2
9-25	7440-06-4
9-25	74790-08-2
9-25	75559-09-0
9-25	77259-34-8
9-25	7790-46-7
9-25	84151-71-3
9-25	87793-14-4
9-25	94276-87-6
9-25	94442-22-5
9-25	97158-13-9
9-25	97301-98-9
9-25	97392-80-8
9-25	98032-39-4
9-25	RR-00046-4
9-25	UN2507
9-26	1044596-53-3
9-26	109657-77-4
9-26	11129-37-6
9-26	115348-40-8
9-26	12007-23-7
9-26	12012-58-7
9-26	12027-05-3
9-26	12029-21-9
9-26	12029-22-0
9-26	12029-23-1
9-26	12055-23-1
9-26	12055-24-2
9-26	12069-85-1
9-26	1208266-07-2
9-26	12116-66-4
9-26	12162-21-9
9-26	12273-83-5
9-26	12325-59-6
9-26	12401-56-8
9-26	1253105-77-9
9-26	12770-26-2
9-26	13428-80-3
9-26	134514-43-5
9-26	13499-05-3
9-26	13709-52-9
9-26	137390-08-0
9-26	13759-17-6
9-26	13777-22-5
9-26	13777-23-6
9-26	13966-92-2
9-26	1400865-78-2
9-26	14093-11-9
9-26	14093-11-9
9-26	1428333-91-8
9-26	14456-34-9
9-26	148483-08-3
9-26	14900-21-1
9-26	14900-21-1
9-26	14922-51-1
9-26	14922-51-1
9-26	15509-05-4
9-26	15750-13-7
9-26	15750-13-7
9-26	15757-23-0
9-26	15757-23-0
9-26	15823-43-5
9-26	15832-40-3
9-26	15832-40-3
9-26	160614-47-1
9-26	161337-67-3
9-26	16894-92-1
9-26	17475-67-1
9-26	18855-94-2
9-26	19782-68-4
9-26	19824-55-6
9-26	19962-11-9
9-26	19962-12-0
9-26	2010159-43-8
9-26	2171-99-5
9-26	2172-02-3
9-26	21959-05-7
9-26	220492-55-7
9-26	220911-52-4
9-26	22411-22-9
9-26	23845-56-9
9-26	255885-01-9
9-26	25817-87-2
9-26	29492-85-1
9-26	29492-85-1
9-26	29687-28-3
9-26	29687-28-3
9-26	31406-67-4
9-26	33010-55-8
9-26	336102-54-6
9-26	352535-01-4
9-26	37230-84-5
9-26	37230-85-6
9-26	378750-86-8
9-26	378750-86-8
9-26	378750-90-4
9-26	378750-90-4
9-26	378751-20-3
9-26	378751-20-3
9-26	378751-48-5
9-26	378751-48-5
9-26	378751-50-9
9-26	378751-50-9
9-26	39082-23-0
9-26	412316-00-8
9-26	49596-05-6
9-26	521964-95-4
9-26	597552-83-5
9-26	63370-90-1
9-26	68183-87-9
9-26	68193-45-3
9-26	70969-29-8
9-26	71243-76-0
9-26	71243-79-3
9-26	71243-80-6
9-26	72017-88-0
9-26	7440-58-6
9-26	75181-08-7
9-26	78205-93-3
9-26	83311-12-0
9-26	85722-08-3
9-26	85959-83-7
9-26	879658-26-1
9-26	909250-18-6
9-26	939428-39-4
9-26	939429-00-2
9-26	941596-80-1
9-26	P-96-0979
9-26	P-96-0980
9-26	RR-03981-6
9-26	RR-145902-5
9-26	RR-48328-3
9-26	UN1326
9-26	UN2545
9-27	10022-31-8
9-27	100348-34-3
9-27	100444-33-5
9-27	10048-99-4
9-27	101062-40-2
9-27	101356-94-9
9-27	101356-95-0
9-27	101356-96-1
9-27	101356-97-2
9-27	101356-98-3
9-27	10196-68-6
9-27	1025479-00-8
9-27	10294-38-9
9-27	10294-39-0
9-27	103059-92-3
9-27	10326-27-9
9-27	10361-37-2
9-27	10553-31-8
9-27	108015-99-2
9-27	108825-27-0
9-27	1103-38-4
9-27	11092-02-7
9-27	11129-08-1
9-27	115216-77-8
9-27	115218-70-7
9-27	12004-04-5
9-27	12004-05-6
9-27	12009-14-2
9-27	12009-17-5
9-27	12009-18-6
9-27	12009-36-8
9-27	12045-29-3
9-27	12047-11-9
9-27	12047-34-6
9-27	12047-92-6
9-27	12084-29-6
9-27	121029-07-0
9-27	121029-08-1
9-27	12230-71-6
9-27	12231-51-5
9-27	12231-98-0
9-27	12251-19-3
9-27	12254-04-5
9-27	123133-86-8
9-27	123133-87-9
9-27	12323-01-2
9-27	12323-03-4
9-27	12345-15-2
9-27	12370-62-6
9-27	12408-43-4
9-27	12430-73-8
9-27	12589-46-7
9-27	12650-28-1
9-27	12655-04-8
9-27	1269419-45-5
9-27	12712-62-8
9-27	129212-12-0
9-27	129212-14-2
9-27	1299-91-8
9-27	1300-37-4
9-27	1300-92-1
9-27	1304-13-8
9-27	1304-17-2
9-27	1304-28-5
9-27	1304-37-6
9-27	1307295-96-0
9-27	13098-41-4
9-27	13101-62-7
9-27	1320-57-6
9-27	1325-16-2
9-27	13255-26-0
9-27	1332-51-0
9-27	134316-23-7
9-27	13435-46-6
9-27	13465-94-6
9-27	13465-95-7
9-27	13477-00-4
9-27	13477-04-8
9-27	13477-15-1
9-27	13598-03-3
9-27	13701-59-2
9-27	13718-50-8
9-27	13718-55-3
9-27	13718-58-6
9-27	13770-86-0
9-27	13821-06-2
9-27	13840-10-3
9-27	13845-17-5
9-27	13862-62-9
9-27	13967-90-3
9-27	13981-41-4
9-27	14288-73-4
9-27	14378-25-7
9-27	14402-74-5
9-27	14488-59-6
9-27	14523-21-8
9-27	14798-08-4
9-27	14871-79-5
9-27	14871-82-0
9-27	14914-75-1
9-27	15229-36-4
9-27	15600-53-0
9-27	156021-15-7
9-27	15656-86-7
9-27	15673-79-7
9-27	15741-25-0
9-27	15741-29-4
9-27	15782-04-4
9-27	15782-06-6
9-27	15805-42-2
9-27	167398-28-9
9-27	16833-52-6
9-27	169797-19-7
9-27	170831-56-8
9-27	17194-00-2
9-27	17329-46-3
9-27	17594-47-7
9-27	17814-20-9
9-27	17852-98-1
9-27	17989-90-1
9-27	18744-58-6
9-27	18810-58-7
9-27	18879-37-3
9-27	19856-32-7
9-27	20236-55-9
9-27	2090-08-6
9-27	2092-17-3
9-27	21109-95-5
9-27	21598-22-1
9-27	21669-04-5
9-27	22322-71-0
9-27	22326-55-2
9-27	22457-55-2
9-27	22535-45-1
9-27	22561-74-6
9-27	23436-05-7
9-27	23541-42-6
9-27	23588-87-6
9-27	24325-23-3
9-27	24530-53-8
9-27	24557-04-8
9-27	2457-01-4
9-27	25165-45-1
9-27	25619-56-1
9-27	25737-53-5
9-27	26205-08-3
9-27	26264-65-3
9-27	26655-43-6
9-27	26763-02-0
9-27	2678-41-3
9-27	26946-37-2
9-27	27133-66-0
9-27	27184-78-7
9-27	2794-60-7
9-27	27959-78-0
9-27	28575-89-5
9-27	28675-72-1
9-27	28987-17-9
9-27	2914-19-4
9-27	2914-23-0
9-27	29152-54-3
9-27	29202-49-1
9-27	29879-10-5
9-27	30259-97-3
9-27	31416-33-8
9-27	32694-96-5
9-27	32694-96-5
9-27	33429-48-0
9-27	336879-43-7
9-27	33878-10-3
9-27	34079-63-5
9-27	34296-07-6
9-27	35112-53-9
9-27	36211-43-5
9-27	36596-55-1
9-27	37131-86-5
9-27	37185-09-4
9-27	37228-06-1
9-27	37672-83-6
9-27	3781-57-5
9-27	378253-37-3
9-27	378253-38-4
9-27	378253-39-5
9-27	38952-49-7
9-27	38952-51-1
9-27	39278-27-8
9-27	39326-66-4
9-27	39416-30-3
9-27	3955-25-7
9-27	41157-58-8
9-27	41157-62-4
9-27	41407-36-7
9-27	4198-47-4
9-27	4696-54-2
9-27	4722-99-0
9-27	5015-38-3
9-27	50326-33-5
9-27	512-25-4
9-27	515-72-0
9-27	52337-77-6
9-27	52682-64-1
9-27	52788-96-2
9-27	5280-69-3
9-27	52907-83-2
9-27	52934-88-0
9-27	533-00-6
9-27	53652-94-1
9-27	53823-70-4
9-27	53823-72-6
9-27	53887-44-8
9-27	541-43-5
9-27	542-62-1
9-27	54241-05-3
9-27	543-80-6
9-27	54723-39-6
9-27	54983-00-5
9-27	54983-89-0
9-27	55134-50-4
9-27	55135-58-5
9-27	55172-98-0
9-27	55482-31-0
9-27	55719-88-5
9-27	56141-33-4
9-27	562-81-2
9-27	58090-82-7
9-27	5850-87-3
9-27	5858-88-8
9-27	58823-95-3
9-27	58997-79-8
9-27	5908-64-5
9-27	5908-77-0
9-27	5908-78-1
9-27	5908-80-5
9-27	5908-81-6
9-27	5996-16-7
9-27	6035-52-5
9-27	6035-54-7
9-27	61013-97-6
9-27	61129-40-6
9-27	61745-55-9
9-27	61788-50-9
9-27	61789-67-1
9-27	6211-24-1
9-27	62312-94-1
9-27	62669-65-2
9-27	63387-32-6
9-27	6372-81-2
9-27	64755-00-6
9-27	64771-73-9
9-27	6509-22-4
9-27	6548-12-5
9-27	66104-41-4
9-27	66589-16-0
9-27	66905-91-7
9-27	67801-01-8
9-27	67860-62-2
9-27	67874-52-6
9-27	67892-38-0
9-27	67892-41-5
9-27	67892-47-1
9-27	67892-50-6
9-27	67990-34-5
9-27	67990-36-7
9-27	68016-36-4
9-27	68092-47-7
9-27	68188-14-7
9-27	68189-18-4
9-27	68189-25-3
9-27	68368-34-3
9-27	68368-35-4
9-27	68368-36-5
9-27	68399-72-4
9-27	68399-73-5
9-27	68399-74-6
9-27	68399-75-7
9-27	68400-24-8
9-27	68422-67-3
9-27	68442-84-2
9-27	68584-05-4
9-27	68698-60-2
9-27	68698-63-5
9-27	68832-80-4
9-27	68928-54-1
9-27	68929-13-5
9-27	68929-14-6
9-27	68937-19-9
9-27	68959-10-4
9-27	69013-10-1
9-27	69128-08-1
9-27	69128-10-5
9-27	7060-14-2
9-27	70729-66-7
9-27	71411-66-0
9-27	71411-72-8
9-27	71662-16-3
9-27	71735-31-4
9-27	72072-38-9
9-27	72403-47-5
9-27	72765-60-7
9-27	72765-61-8
9-27	72885-34-8
9-27	73384-86-8
9-27	73598-35-3
9-27	73612-30-3
9-27	73612-34-7
9-27	73612-35-8
9-27	73612-37-0
9-27	73612-38-1
9-27	73612-39-2
9-27	73772-35-7
9-27	74113-46-5
9-27	74263-38-0
9-27	7440-39-3
9-27	74920-66-4
9-27	75032-78-9
9-27	75033-30-6
9-27	75522-74-6
9-27	76613-71-3
9-27	7787-33-9
9-27	7787-36-2
9-27	7787-38-4
9-27	7787-39-5
9-27	7791-28-8
9-27	8006-32-4
9-27	8038-35-5
9-27	80822-79-3
9-27	81064-51-9
9-27	81856-06-6
9-27	81986-84-7
9-27	82469-76-9
9-27	83399-82-0
9-27	83581-80-0
9-27	83711-36-8
9-27	83711-37-9
9-27	83711-38-0
9-27	83784-02-5
9-27	838-91-5
9-27	83804-18-6
9-27	84029-82-3
9-27	84030-33-1
9-27	84030-37-5
9-27	84030-38-6
9-27	84030-39-7
9-27	84040-38-0
9-27	84066-75-1
9-27	84315-73-1
9-27	84370-80-9
9-27	84581-19-1
9-27	84604-76-2
9-27	84625-52-5
9-27	84681-75-4
9-27	84681-80-1
9-27	84681-81-2
9-27	84682-41-7
9-27	84696-57-1
9-27	84713-18-8
9-27	84878-35-3
9-27	84929-85-1
9-27	85005-78-3
9-27	85005-81-8
9-27	85005-86-3
9-27	85005-87-4
9-27	85017-88-5
9-27	85391-55-5
9-27	85665-49-2
9-27	85702-49-4
9-27	85702-73-4
9-27	85711-82-6
9-27	85721-16-0
9-27	85721-17-1
9-27	85959-43-9
9-27	85959-44-0
9-27	860389-90-8
9-27	9019-41-4
9-27	923-14-8
9-27	93762-40-4
9-27	93778-54-2
9-27	93803-91-9
9-27	93840-72-3
9-27	93843-12-0
9-27	93858-65-2
9-27	93904-98-4
9-27	93922-04-4
9-27	93942-60-0
9-27	93965-23-2
9-27	93965-28-7
9-27	93965-35-6
9-27	94006-29-8
9-27	94030-87-2
9-27	94109-21-4
9-27	94276-85-4
9-27	94313-94-7
9-27	94481-49-9
9-27	95008-97-2
9-27	95905-86-5
9-27	97158-14-0
9-27	97158-16-2
9-27	97158-26-4
9-27	97280-67-6
9-27	97358-83-3
9-27	97358-84-4
9-27	97403-84-4
9-27	97435-20-6
9-27	97435-22-8
9-27	98072-16-3
9-27	98493-34-6
9-27	98493-36-8
9-27	98978-64-4
9-27	99328-50-4
9-27	99548-93-3
9-27	99587-10-7
9-27	99784-43-7
9-27	RR-00049-7
9-27	RR-42813-7
9-27	UN0224
9-27	UN1400
9-27	UN1445
9-27	UN1446
9-27	UN1447
9-27	UN1448
9-27	UN1565
9-27	UN1571
9-27	UN1884
9-27	UN3405
9-27	UN3406
9-28	100258-44-4
9-28	10031-13-7
9-28	100311-01-1
9-28	10048-95-0
9-28	100482-34-6
9-28	100641-27-8
9-28	100656-54-0
9-28	10080-72-5
9-28	100995-81-1
9-28	10101-57-2
9-28	10102-48-4
9-28	10102-49-5
9-28	10102-50-8
9-28	10102-53-1
9-28	10103-50-1
9-28	10103-60-3
9-28	10103-61-4
9-28	10103-62-5
9-28	10124-50-2
9-28	101319-72-6
9-28	1016982-35-6
9-28	101836-84-4
9-28	101860-05-3
9-28	1018852-64-6
9-28	1018852-65-7
9-28	1018852-79-3
9-28	102055-05-0
9-28	102110-21-4
9-28	102110-48-5
9-28	102110-56-5
9-28	102110-62-3
9-28	102430-06-8
9-28	102516-61-0
9-28	102525-64-4
9-28	10290-12-7
9-28	1032564-26-3
9-28	1032564-28-5
9-28	10326-24-6
9-28	10336-66-0
9-28	10336-68-2
9-28	10336-71-7
9-28	10378-48-0
9-28	104170-16-3
9-28	10476-82-1
9-28	10476-87-6
9-28	106070-25-1
9-28	106097-60-3
9-28	106097-61-4
9-28	106097-62-5
9-28	106097-63-6
9-28	106104-30-7
9-28	106129-90-2
9-28	106194-88-1
9-28	106495-92-5
9-28	106495-95-8
9-28	106604-55-1
9-28	106699-17-6
9-28	106804-39-1
9-28	106804-40-4
9-28	106957-86-2
9-28	107-34-6
9-28	107067-98-1
9-28	107067-99-2
9-28	107103-01-5
9-28	107121-52-8
9-28	107121-53-9
9-28	107251-67-2
9-28	107251-68-3
9-28	107284-23-1
9-28	107391-69-5
9-28	107477-77-0
9-28	107498-96-4
9-28	107636-81-7
9-28	107762-95-8
9-28	107793-14-6
9-28	107793-15-7
9-28	107793-16-8
9-28	107992-66-5
9-28	108424-60-8
9-28	108424-61-9
9-28	108600-27-7
9-28	108801-46-3
9-28	108801-47-4
9-28	108821-70-1
9-28	108821-71-2
9-28	108821-72-3
9-28	108821-73-4
9-28	108821-74-5
9-28	108821-75-6
9-28	108855-42-1
9-28	108855-43-2
9-28	108915-42-0
9-28	1091626-85-5
9-28	109877-61-4
9-28	109882-46-4
9-28	1099648-86-8
9-28	110602-77-2
9-28	110603-58-2
9-28	110603-60-6
9-28	110687-64-4
9-28	11075-32-4
9-28	110781-06-1
9-28	110781-07-2
9-28	110781-08-3
9-28	110832-28-5
9-28	11105-04-7
9-28	11111-46-9
9-28	111242-84-3
9-28	111242-85-4
9-28	11126-73-1
9-28	111419-46-6
9-28	111776-55-7
9-28	112050-17-6
9-28	112070-47-0
9-28	1122-90-3
9-28	112285-95-7
9-28	112286-70-1
9-28	112286-91-6
9-28	112660-19-2
9-28	113015-80-8
9-28	113228-99-2
9-28	113229-01-9
9-28	113515-10-9
9-28	113553-75-6
9-28	113876-86-1
9-28	113919-96-3
9-28	113919-97-4
9-28	113919-98-5
9-28	113920-24-4
9-28	113959-74-3
9-28	114755-61-2
9-28	114756-91-1
9-28	114824-20-3
9-28	114966-14-2
9-28	1153-05-5
9-28	115454-39-2
9-28	115493-57-7
9-28	115728-29-5
9-28	116-49-4
9-28	116065-96-4
9-28	116099-09-3
9-28	116327-09-4
9-28	116359-50-3
9-28	116359-51-4
9-28	116443-03-9
9-28	116473-38-2
9-28	116678-39-8
9-28	116769-68-7
9-28	116769-69-8
9-28	116812-48-7
9-28	116812-72-7
9-28	117003-66-4
9-28	117067-25-1
9-28	117067-26-2
9-28	117067-27-3
9-28	117127-08-9
9-28	117166-17-3
9-28	117166-30-0
9-28	117166-31-1
9-28	117315-65-8
9-28	1174204-79-5
9-28	117746-50-6
9-28	118340-36-6
9-28	118670-41-0
9-28	118670-42-1
9-28	119-96-0
9-28	1192411-43-0
9-28	119354-96-0
9-28	119398-02-6
9-28	119536-09-3
9-28	119576-03-3
9-28	1197-16-6
9-28	119829-06-0
9-28	119829-07-1
9-28	12002-03-8
9-28	12003-04-2
9-28	12005-69-5
9-28	12005-70-8
9-28	12005-75-3
9-28	12005-81-1
9-28	12005-82-2
9-28	12005-86-6
9-28	12005-88-8
9-28	12005-89-9
9-28	12005-92-4
9-28	12005-94-6
9-28	12005-95-7
9-28	12005-96-8
9-28	12005-99-1
9-28	12006-05-2
9-28	12006-06-3
9-28	12006-08-5
9-28	12006-09-6
9-28	12006-10-9
9-28	12006-12-1
9-28	12006-15-4
9-28	12006-21-2
9-28	12006-40-5
9-28	120148-08-5
9-28	120149-75-9
9-28	120149-76-0
9-28	120306-39-0
9-28	120306-40-3
9-28	12044-16-5
9-28	12044-20-1
9-28	12044-21-2
9-28	12044-22-3
9-28	12044-25-6
9-28	12044-28-9
9-28	12044-30-3
9-28	12044-30-3
9-28	12044-31-4
9-28	12044-32-5
9-28	12044-42-7
9-28	12044-49-4
9-28	12044-50-7
9-28	12044-52-9
9-28	12044-54-1
9-28	12044-55-2
9-28	12044-57-4
9-28	12044-65-4
9-28	12044-79-0
9-28	12068-59-6
9-28	12068-61-0
9-28	120804-98-0
9-28	120804-99-1
9-28	121-19-7
9-28	121-59-5
9-28	122285-88-5
9-28	122326-17-4
9-28	12254-85-2
9-28	12254-88-5
9-28	12254-95-4
9-28	12255-04-8
9-28	12255-08-2
9-28	12255-09-3
9-28	12255-10-6
9-28	12255-11-7
9-28	12255-36-6
9-28	12255-39-9
9-28	12255-48-0
9-28	12255-50-4
9-28	12255-53-7
9-28	12255-80-0
9-28	12255-89-9
9-28	12255-99-1
9-28	12256-04-1
9-28	12256-32-5
9-28	12256-33-6
9-28	12271-72-6
9-28	12279-90-2
9-28	12310-22-4
9-28	123334-18-9
9-28	12344-68-2
9-28	12355-85-0
9-28	123627-64-5
9-28	12393-61-2
9-28	124-58-3
9-28	124-65-2
9-28	12414-94-7
9-28	12417-99-1
9-28	124260-75-9
9-28	12445-06-6
9-28	124588-15-4
9-28	12505-63-4
9-28	12511-97-6
9-28	125484-17-5
9-28	125484-18-6
9-28	125687-68-5
9-28	125694-36-2
9-28	125715-67-5
9-28	126-82-9
9-28	12612-21-4
9-28	12626-31-2
9-28	1263481-96-4
9-28	126603-81-4
9-28	126999-21-1
9-28	127-85-5
9-28	12774-48-0
9-28	12777-38-7
9-28	127795-79-3
9-28	12780-90-4
9-28	12795-30-1
9-28	128089-50-9
9-28	128515-50-4
9-28	128515-51-5
9-28	128662-88-4
9-28	129618-34-4
9-28	1299-88-3
9-28	130042-18-1
9-28	1303-00-0
9-28	1303-11-3
9-28	1303-13-5
9-28	1303-18-0
9-28	1303-22-6
9-28	1303-28-2
9-28	1303-32-8
9-28	1303-33-9
9-28	1303-34-0
9-28	1303-36-2
9-28	1303-37-3
9-28	1303-39-5
9-28	130917-47-4
9-28	1314087-58-5
9-28	1315336-31-2
9-28	131599-73-0
9-28	131599-74-1
9-28	131599-76-3
9-28	132-33-2
9-28	13246-32-7
9-28	1327-52-2
9-28	1327-53-3
9-28	132826-04-1
9-28	132851-71-9
9-28	1332-10-1
9-28	1333-25-1
9-28	13355-00-5
9-28	13367-92-5
9-28	133740-71-3
9-28	133927-17-0
9-28	1343-96-0
9-28	1345-20-6
9-28	13453-15-1
9-28	13462-91-4
9-28	13462-93-6
9-28	13462-94-7
9-28	13464-35-2
9-28	13464-36-3
9-28	13464-37-4
9-28	13464-38-5
9-28	13464-39-6
9-28	13464-42-1
9-28	13464-43-2
9-28	13464-44-3
9-28	13464-58-9
9-28	13464-68-1
9-28	13477-04-8
9-28	13477-70-8
9-28	13478-14-3
9-28	13478-34-7
9-28	13478-34-7
9-28	13478-34-7
9-28	13510-31-1
9-28	13510-44-6
9-28	13510-46-8
9-28	13510-72-0
9-28	13510-91-3
9-28	13510-94-6
9-28	135282-54-1
9-28	135282-55-2
9-28	1355049-91-0
9-28	135573-19-2
9-28	135573-20-5
9-28	135573-21-6
9-28	1357629-22-1
9-28	135988-79-3
9-28	136254-80-3
9-28	136299-46-2
9-28	1363218-52-3
9-28	136575-46-7
9-28	136654-91-6
9-28	136654-92-7
9-28	13702-38-0
9-28	137026-16-5
9-28	1370553-14-2
9-28	137575-12-3
9-28	137575-13-4
9-28	13843-65-7
9-28	138608-19-2
9-28	139-93-5
9-28	13911-65-4
9-28	140-45-4
9-28	14034-76-5
9-28	14060-38-9
9-28	14304-78-0
9-28	14304-78-0
9-28	1434046-67-9
9-28	144-21-8
9-28	144-87-6
9-28	1450620-86-6
9-28	14525-25-8
9-28	14644-70-3
9-28	146504-31-6
9-28	14674-83-0
9-28	14687-61-7
9-28	14687-61-7
9-28	14765-72-1
9-28	14809-44-0
9-28	14809-44-0
9-28	14809-45-1
9-28	14809-45-1
9-28	14849-23-1
9-28	14973-92-3
9-28	1499-33-8
9-28	15120-17-9
9-28	15122-58-4
9-28	15194-98-6
9-28	15195-00-3
9-28	15195-06-9
9-28	1535485-71-2
9-28	15422-59-0
9-28	15422-59-0
9-28	15575-20-9
9-28	15575-20-9
9-28	15606-95-8
9-28	15755-33-6
9-28	15755-33-6
9-28	15755-35-8
9-28	15755-35-8
9-28	16102-92-4
9-28	16142-89-5
9-28	164170-84-7
9-28	16509-22-1
9-28	1668-00-4
9-28	16685-55-5
9-28	16685-55-5
9-28	1685247-26-0
9-28	17029-22-0
9-28	17068-85-8
9-28	17068-86-9
9-28	1758-48-1
9-28	1772-02-7
9-28	1776-70-1
9-28	1825302-06-4
9-28	185395-33-9
9-28	188947-55-9
9-28	1929572-29-1
9-28	1940140-03-3
9-28	1979138-53-8
9-28	199744-45-1
9-28	2009382-57-2
9-28	2045-00-3
9-28	2071237-20-0
9-28	2089208-18-2
9-28	21006-73-5
9-28	21093-83-4
9-28	21480-65-9
9-28	2163-77-1
9-28	2163-80-6
9-28	217972-77-5
9-28	21840-08-4
9-28	21892-63-7
9-28	2215-16-9
9-28	2226341-09-7
9-28	2240157-94-0
9-28	2242959-68-6
9-28	22441-45-8
9-28	22538-92-7
9-28	22541-54-4
9-28	22626-92-2
9-28	22739-14-6
9-28	22831-42-1
9-28	22904-84-3
9-28	2294935-60-5
9-28	2321-53-1
9-28	23302-47-8
9-28	23525-22-6
9-28	23582-05-0
9-28	23582-06-1
9-28	23878-46-8
9-28	24440-79-7
9-28	2445-07-0
9-28	24719-13-9
9-28	24719-19-5
9-28	2511147-66-1
9-28	2533-82-6
9-28	27016-73-5
9-28	27016-75-7
9-28	27152-57-4
9-28	27526-45-0
9-28	27569-09-1
9-28	28380-38-3
9-28	2865-70-5
9-28	28837-97-0
9-28	2896-10-8
9-28	28980-47-4
9-28	28980-48-5
9-28	29871-10-1
9-28	29871-13-4
9-28	29935-35-1
9-28	306-12-7
9-28	3141-12-6
9-28	32322-13-7
9-28	32680-29-8
9-28	32775-46-5
9-28	333-25-5
9-28	33382-64-8
9-28	33972-75-7
9-28	35171-52-9
9-28	352030-72-9
9-28	3547-38-4
9-28	35745-11-0
9-28	3599-28-8
9-28	3639-19-8
9-28	36465-76-6
9-28	3687-31-8
9-28	3688-92-4
9-28	37196-28-4
9-28	37226-49-6
9-28	37280-17-4
9-28	37337-11-4
9-28	37382-15-3
9-28	3772-44-9
9-28	385800-12-4
9-28	3861-75-4
9-28	39277-51-5
9-28	39297-24-0
9-28	39310-41-3
9-28	3937-40-4
9-28	39399-60-5
9-28	3969-54-8
9-28	40334-69-8
9-28	40334-70-1
9-28	420-24-6
9-28	4262-43-5
9-28	437-15-0
9-28	4431-24-7
9-28	4519-32-8
9-28	457-60-3
9-28	4656-80-8
9-28	471-35-2
9-28	4808-24-6
9-28	494-79-1
9-28	4964-14-1
9-28	50288-23-8
9-28	503-80-0
9-28	50641-75-3
9-28	507-27-7
9-28	507-28-8
9-28	515-76-4
9-28	520-10-5
9-28	52081-02-4
9-28	52126-83-7
9-28	52740-16-6
9-28	531-72-6
9-28	534-33-8
9-28	53404-12-9
9-28	53404-47-0
9-28	53669-45-7
9-28	538-03-4
9-28	53800-83-2
9-28	53923-27-6
9-28	541-25-3
9-28	5410-29-7
9-28	5425-62-7
9-28	5440-04-0
9-28	549-59-7
9-28	554-72-3
9-28	55588-51-7
9-28	55624-62-9
9-28	557-89-1
9-28	558-31-6
9-28	55957-14-7
9-28	56320-22-0
9-28	56450-43-2
9-28	566188-87-2
9-28	56626-06-3
9-28	56729-51-2
9-28	57673-50-4
9-28	578-94-9
9-28	5785-43-3
9-28	57900-42-2
9-28	58-36-6
9-28	5806-84-8
9-28	5806-89-3
9-28	58076-82-7
9-28	58076-82-7
9-28	58114-73-1
9-28	5814-20-0
9-28	585-54-6
9-28	5892-48-8
9-28	590-34-1
9-28	5902-95-4
9-28	59229-13-9
9-28	593-52-2
9-28	593-58-8
9-28	593-88-4
9-28	593-89-5
9-28	59400-80-5
9-28	59634-20-7
9-28	5968-84-3
9-28	598-14-1
9-28	60154-16-7
9-28	60168-33-4
9-28	6018-31-1
9-28	60189-99-3
9-28	603-32-7
9-28	60646-36-8
9-28	60909-47-9
9-28	60953-19-7
9-28	6101-00-4
9-28	61219-26-9
9-28	6131-99-3
9-28	6131-99-3
9-28	61462-16-6
9-28	617-75-4
9-28	618-22-4
9-28	618-25-7
9-28	618-82-6
9-28	620-27-9
9-28	6217-24-9
9-28	622-68-4
9-28	62337-00-2
9-28	62613-15-4
9-28	62702-52-7
9-28	6306-96-3
9-28	63217-32-3
9-28	63217-33-4
9-28	63468-73-5
9-28	63665-22-5
9-28	637-03-6
9-28	6379-37-9
9-28	6380-34-3
9-28	63957-41-5
9-28	63989-69-5
9-28	64046-74-8
9-28	64046-75-9
9-28	64046-96-4
9-28	64047-01-4
9-28	64048-88-0
9-28	64048-89-1
9-28	64048-90-4
9-28	64048-96-0
9-28	64048-98-2
9-28	64048-99-3
9-28	64049-05-4
9-28	64049-06-5
9-28	64049-08-7
9-28	64049-09-8
9-28	64049-10-1
9-28	64049-11-2
9-28	64049-12-3
9-28	64049-14-5
9-28	64049-15-6
9-28	64049-16-7
9-28	64049-17-8
9-28	64049-22-5
9-28	64049-23-6
9-28	64049-24-7
9-28	64049-25-8
9-28	64070-83-3
9-28	6423-72-9
9-28	64475-90-7
9-28	64684-28-2
9-28	64887-10-1
9-28	64973-06-4
9-28	65113-28-2
9-28	65453-05-6
9-28	6585-53-1
9-28	65997-18-4
9-28	66019-20-3
9-28	6634-88-4
9-28	67226-86-2
9-28	67251-38-1
9-28	676-70-0
9-28	676-71-1
9-28	676-75-5
9-28	67711-96-0
9-28	67712-00-9
9-28	683-43-2
9-28	683-45-4
9-28	686-61-3
9-28	68611-46-1
9-28	68784-76-9
9-28	688-97-1
9-28	68892-01-3
9-28	68951-38-2
9-28	68957-75-5
9-28	69012-20-0
9-28	69012-51-7
9-28	69012-57-3
9-28	69029-49-8
9-28	69029-69-2
9-28	69029-70-5
9-28	69029-78-3
9-28	69029-88-5
9-28	69029-90-9
9-28	69029-97-6
9-28	692-23-9
9-28	692-42-2
9-28	692-95-5
9-28	696-28-6
9-28	6966-64-9
9-28	70333-07-2
9-28	71130-50-2
9-28	71130-51-3
9-28	712-48-1
9-28	72067-67-5
9-28	72845-34-2
9-28	73003-83-5
9-28	73156-86-2
9-28	73688-85-4
9-28	73728-19-5
9-28	7440-38-2
9-28	749262-24-6
9-28	75-60-5
9-28	7631-89-2
9-28	76407-89-1
9-28	7645-25-2
9-28	7681-83-6
9-28	7774-41-6
9-28	7778-39-4
9-28	7778-41-8
9-28	7778-43-0
9-28	7778-44-1
9-28	7784-08-9
9-28	7784-33-0
9-28	7784-34-1
9-28	7784-35-2
9-28	7784-36-3
9-28	7784-37-4
9-28	7784-38-5
9-28	7784-40-9
9-28	7784-41-0
9-28	7784-42-1
9-28	7784-44-3
9-28	7784-45-4
9-28	7784-46-5
9-28	7785-24-2
9-28	7786-36-9
9-28	78331-48-3
9-28	8011-67-4
9-28	8012-54-2
9-28	8012-74-6
9-28	8028-22-6
9-28	8028-23-7
9-28	8028-73-7
9-28	8052-79-7
9-28	8066-44-2
9-28	8073-10-7
9-28	80879-64-7
9-28	80925-03-7
9-28	817163-73-8
9-28	817163-79-4
9-28	817163-85-2
9-28	822-65-1
9-28	829-83-4
9-28	84057-85-2
9-28	84215-47-4
9-28	84215-48-5
9-28	84282-36-0
9-28	84304-15-4
9-28	84304-16-5
9-28	84776-01-2
9-28	85237-42-9
9-28	855886-94-1
9-28	855954-34-6
9-28	856307-43-2
9-28	856565-65-6
9-28	856568-31-5
9-28	878891-76-0
9-28	888030-71-5
9-28	900-77-6
9-28	900531-39-7
9-28	91053-46-2
9-28	91053-47-3
9-28	91053-48-4
9-28	917-76-0
9-28	91724-16-2
9-28	92062-13-0
9-28	92128-37-5
9-28	926-53-4
9-28	93841-79-3
9-28	94113-53-8
9-28	94138-87-1
9-28	94232-26-5
9-28	94278-22-5
9-28	94313-58-3
9-28	945-48-2
9-28	94551-66-3
9-28	94551-87-8
9-28	959925-10-1
9-28	97-44-9
9-28	97404-76-7
9-28	97791-83-8
9-28	98-05-5
9-28	98-14-6
9-28	98-50-0
9-28	98-72-6
9-28	98106-56-0
9-28	98246-91-4
9-28	99035-51-5
9-28	NA1556
9-28	P-91-1278
9-28	RR-00035-1
9-28	RR-00065-7
9-28	RR-00104-7
9-28	RR-00132-1
9-28	RR-00154-7
9-28	RR-00586-7
9-28	RR-00625-7
9-28	RR-00717-0
9-28	RR-00732-9
9-28	RR-00733-0
9-28	RR-00801-5
9-28	RR-01200-0
9-28	RR-01275-9
9-28	RR-01292-0
9-28	RR-01513-4
9-28	RR-01913-6
9-28	RR-02086-0
9-28	RR-03689-5
9-28	RR-04020-0
9-28	RR-06762-9
9-28	RR-07194-3
9-28	RR-10012-9
9-28	RR-10387-7
9-28	RR-10388-8
9-28	RR-10463-2
9-28	RR-11147-7
9-28	RR-11148-8
9-28	RR-12396-6
9-28	RR-12442-5
9-28	RR-12446-9
9-28	RR-12618-1
9-28	RR-12622-7
9-28	RR-12626-1
9-28	RR-13297-8
9-28	RR-14263-2
9-28	RR-14736-4
9-28	RR-17668-1
9-28	RR-19628-1
9-28	RR-209165-8
9-28	RR-42176-1
9-28	RR-42178-3
9-28	RR-42180-7
9-28	RR-42236-6
9-28	RR-42793-0
9-28	RR-42906-1
9-28	RR-43729-6
9-28	RR-43827-7
9-28	RR-46599-6
9-28	RR-55401-8
9-28	RR-58785-9
9-28	RR-58786-0
9-28	UN1546
9-28	UN1553
9-28	UN1554
9-28	UN1555
9-28	UN1558
9-28	UN1559
9-28	UN1560
9-28	UN1561
9-28	UN1562
9-28	UN1572
9-28	UN1573
9-28	UN1585
9-28	UN1586
9-28	UN1606
9-28	UN1607
9-28	UN1608
9-28	UN1621
9-28	UN1622
9-28	UN1623
9-28	UN1678
9-28	UN1683
9-28	UN1685
9-28	UN1686
9-28	UN1688
9-28	UN1691
9-28	UN1698
9-28	UN1699
9-28	UN1712
9-28	UN1892
9-28	UN2027
9-28	UN2188
9-28	UN2473
9-28	UN3450
9-29	10026-17-2
9-29	10028-18-9
9-29	10049-16-8
9-29	102089-31-6
9-29	102931-96-4
9-29	10379-90-5
9-29	1056477-09-8
9-29	1079857-79-6
9-29	1086196-04-4
9-29	109704-86-1
9-29	11111-46-9
9-29	11113-57-8
9-29	11113-59-0
9-29	11113-71-6
9-29	11113-73-8
9-29	11113-87-4
9-29	114675-70-6
9-29	1147709-34-9
9-29	1178564-64-1
9-29	118127-10-9
9-29	1187680-46-1
9-29	12005-82-2
9-29	12005-86-6
9-29	120144-37-8
9-29	12020-82-5
9-29	12021-54-4
9-29	12021-95-3
9-29	12021-96-4
9-29	12021-97-5
9-29	1202391-51-2
9-29	1202864-64-9
9-29	12062-24-7
9-29	12125-01-8
9-29	122141-73-5
9-29	1227263-18-4
9-29	12323-05-6
9-29	12324-56-0
9-29	12324-60-6
9-29	124633-37-0
9-29	12507-30-1
9-29	12507-33-4
9-29	12528-21-1
9-29	1256490-43-3
9-29	1257076-06-4
9-29	125785-15-1
9-29	12592-22-2
9-29	1262801-47-7
9-29	12656-12-1
9-29	12672-67-2
9-29	12692-95-4
9-29	127026-25-9
9-29	12710-06-4
9-29	12712-39-9
9-29	12712-70-8
9-29	127408-00-8
9-29	12741-08-1
9-29	1303-67-9
9-29	1303-68-0
9-29	1309-32-6
9-29	1309-45-1
9-29	1310-02-7
9-29	1310-03-8
9-29	133097-00-4
9-29	13319-75-0
9-29	1332-78-1
9-29	1333-83-1
9-29	133332-88-4
9-29	133951-38-9
9-29	13400-13-0
9-29	1341-49-7
9-29	1344-04-3
9-29	1344-27-0
9-29	13454-88-1
9-29	13455-21-5
9-29	13455-27-1
9-29	1352828-70-6
9-29	13537-32-1
9-29	135446-53-6
9-29	1358567-57-3
9-29	13597-96-1
9-29	1360896-72-5
9-29	136472-10-1
9-29	13755-29-8
9-29	13762-15-7
9-29	13767-36-7
9-29	13773-00-7
9-29	1380514-03-3
9-29	13814-93-2
9-29	13814-96-5
9-29	13814-97-6
9-29	13814-98-7
9-29	13817-36-2
9-29	13817-37-3
9-29	13826-83-0
9-29	13826-88-5
9-29	13859-62-6
9-29	13862-62-9
9-29	13871-27-7
9-29	13876-97-6
9-29	13877-16-2
9-29	13940-83-5
9-29	13981-56-1
9-29	13986-18-0
9-29	140148-87-4
9-29	140406-37-7
9-29	14055-61-9
9-29	14075-53-7
9-29	14104-17-7
9-29	14104-20-2
9-29	1414852-51-9
9-29	14166-78-0
9-29	1423809-66-8
9-29	14283-07-9
9-29	14283-93-3
9-29	1438896-92-4
9-29	144705-55-5
9-29	14486-19-2
9-29	14486-20-5
9-29	1449279-30-4
9-29	14708-11-3
9-29	14708-13-5
9-29	14708-14-6
9-29	14735-84-3
9-29	14874-86-3
9-29	15283-48-4
9-29	15283-51-9
9-29	15298-38-1
9-29	153985-02-5
9-29	15684-36-3
9-29	15818-75-4
9-29	15819-03-1
9-29	159431-44-4
9-29	1602495-57-7
9-29	16099-75-5
9-29	161288-32-0
9-29	161403-69-6
9-29	16166-89-5
9-29	1628788-89-5
9-29	1631149-30-8
9-29	165892-23-9
9-29	16671-27-5
9-29	16871-71-9
9-29	16872-11-0
9-29	16893-85-9
9-29	16893-92-8
9-29	16919-19-0
9-29	16919-31-6
9-29	16923-95-8
9-29	16925-25-0
9-29	16925-26-1
9-29	16925-39-6
9-29	16940-81-1
9-29	16941-11-0
9-29	16941-26-7
9-29	16949-65-8
9-29	16950-06-4
9-29	16961-80-1
9-29	16961-83-4
9-29	16962-40-6
9-29	16984-48-8
9-29	17010-21-8
9-29	17022-86-5
9-29	17029-22-0
9-29	17084-13-8
9-29	17097-13-1
9-29	171611-11-3
9-29	172515-29-6
9-29	172908-18-8
9-29	17347-95-4
9-29	178115-94-1
9-29	17856-92-7
9-29	180724-56-5
9-29	183135-74-2
9-29	18433-42-6
9-29	18623-82-0
9-29	188916-45-2
9-29	188916-46-3
9-29	188920-96-9
9-29	188920-97-0
9-29	18972-56-0
9-29	19121-60-9
9-29	191665-41-5
9-29	19214-61-0
9-29	193340-01-1
9-29	195377-88-9
9-29	19708-89-5
9-29	199744-45-1
9-29	204322-87-2
9-29	2071237-20-0
9-29	21324-39-0
9-29	21324-40-3
9-29	215303-13-2
9-29	221174-64-7
9-29	2240157-94-0
9-29	24626-20-8
9-29	2511147-66-1
9-29	25808-74-6
9-29	25808-75-7
9-29	25868-86-4
9-29	25869-11-8
9-29	25912-95-2
9-29	26042-63-7
9-29	26042-64-8
9-29	26043-11-8
9-29	26490-63-1
9-29	26522-24-7
9-29	27494-85-5
9-29	27519-39-7
9-29	27575-47-9
9-29	27765-48-6
9-29	27860-83-9
9-29	28077-97-6
9-29	285996-05-6
9-29	28953-04-0
9-29	29935-35-1
9-29	30207-06-8
9-29	30744-82-2
9-29	32057-09-3
9-29	326604-75-5
9-29	34445-07-3
9-29	350009-05-1
9-29	35254-34-3
9-29	357290-87-0
9-29	36596-71-1
9-29	36835-64-0
9-29	37204-11-8
9-29	38465-60-0
9-29	39287-69-9
9-29	39357-86-3
9-29	39413-34-8
9-29	39963-03-6
9-29	40718-46-5
9-29	410090-11-8
9-29	41113-59-1
9-29	42590-03-4
9-29	44236-30-8
9-29	496925-14-5
9-29	499988-42-0
9-29	502760-32-9
9-29	52262-58-5
9-29	52697-21-9
9-29	53238-22-5
9-29	54764-32-8
9-29	547767-06-6
9-29	55128-73-9
9-29	59111-23-8
9-29	59217-72-0
9-29	59217-74-2
9-29	59217-75-3
9-29	59219-13-5
9-29	59597-78-3
9-29	60674-95-5
9-29	63990-88-5
9-29	65086-44-4
9-29	65814-43-9
9-29	67112-29-2
9-29	67116-13-6
9-29	672306-79-5
9-29	67953-73-5
9-29	68239-51-0
9-29	70251-05-7
9-29	70786-97-9
9-29	70876-63-0
9-29	70876-64-1
9-29	71965-21-4
9-29	719993-31-4
9-29	72121-43-8
9-29	72802-72-3
9-29	72962-19-7
9-29	72974-14-2
9-29	73640-07-0
9-29	74618-51-2
9-29	74912-23-5
9-29	74925-56-7
9-29	76543-23-2
9-29	76560-79-7
9-29	7664-39-3
9-29	7681-49-4
9-29	7775-41-9
9-29	7782-41-4
9-29	7782-64-1
9-29	7783-37-1
9-29	7783-47-3
9-29	7783-49-5
9-29	7783-55-3
9-29	7783-56-4
9-29	7783-60-0
9-29	7783-61-1
9-29	7783-62-2
9-29	7783-64-4
9-29	7783-66-6
9-29	7783-70-2
9-29	7787-49-7
9-29	7787-50-0
9-29	7788-97-8
9-29	7789-19-7
9-29	7789-21-1
9-29	7789-23-3
9-29	7789-27-7
9-29	7789-29-9
9-29	7790-15-0
9-29	7790-79-6
9-29	79001-09-5
9-29	81586-24-5
9-29	83689-82-1
9-29	845825-70-9
9-29	863982-24-5
9-29	86921-26-8
9-29	876273-89-1
9-29	900178-90-7
9-29	930120-90-4
9-29	939426-00-3
9-29	950196-00-6
9-29	954128-25-7
9-29	954128-26-8
9-29	957554-49-3
9-29	96740-33-9
9-29	96958-96-2
9-29	RR-19841-4
9-29	UN1045
9-29	UN1052
9-29	UN1690
9-29	UN1727
9-29	UN1732
9-29	UN1756
9-29	UN1757
9-29	UN1775
9-29	UN1777
9-29	UN1778
9-29	UN1782
9-29	UN1790
9-29	UN1811
9-29	UN1812
9-29	UN1859
9-29	UN2418
9-29	UN2439
9-29	UN2495
9-29	UN2505
9-29	UN2674
9-29	UN2817
9-29	UN2851
9-29	UN2853
9-29	UN2854
9-29	UN2855
9-29	UN3415
9-29	UN3421
9-29	UN3422
9-30	10031-20-6
9-30	10034-96-5
9-30	100402-46-8
9-30	100402-47-9
9-30	100402-53-7
9-30	100402-65-1
9-30	100402-96-8
9-30	100403-02-9
9-30	10043-84-2
9-30	10101-50-5
9-30	10101-66-3
9-30	10101-68-5
9-30	10102-36-0
9-30	10102-36-0
9-30	10118-76-0
9-30	10124-54-6
9-30	10124-55-7
9-30	101356-94-9
9-30	101357-01-1
9-30	101357-03-3
9-30	101357-04-4
9-30	101357-05-5
9-30	101357-13-5
9-30	101500-43-0
9-30	1016982-35-6
9-30	10170-69-1
9-30	102047-23-4
9-30	102047-24-5
9-30	102047-25-6
9-30	102047-26-7
9-30	102110-21-4
9-30	102110-26-9
9-30	102110-27-0
9-30	102110-31-6
9-30	102110-32-7
9-30	102110-33-8
9-30	102110-36-1
9-30	102262-20-4
9-30	102262-21-5
9-30	102262-22-6
9-30	102262-23-7
9-30	10234-99-8
9-30	10236-39-2
9-30	1029364-19-9
9-30	10294-64-1
9-30	103287-47-4
9-30	10377-62-5
9-30	10377-66-9
9-30	104663-56-1
9-30	104663-56-1
9-30	104663-57-2
9-30	106471-97-0
9-30	106770-07-4
9-30	106829-59-8
9-30	106829-60-1
9-30	109708-05-6
9-30	110739-64-5
9-30	110759-28-9
9-30	110759-29-0
9-30	11097-89-5
9-30	111021-35-3
9-30	11113-71-6
9-30	11115-91-6
9-30	111243-10-8
9-30	111283-62-6
9-30	11129-60-5
9-30	11129-61-6
9-30	11132-35-7
9-30	11132-78-8
9-30	111419-41-1
9-30	111419-42-2
9-30	111419-43-3
9-30	111747-17-2
9-30	111776-56-8
9-30	113553-16-5
9-30	113553-18-7
9-30	113672-10-9
9-30	113787-08-9
9-30	114902-06-6
9-30	114927-28-5
9-30	116348-63-1
9-30	119739-23-0
9-30	119854-89-6
9-30	119855-48-0
9-30	119855-49-1
9-30	119855-50-4
9-30	119883-78-2
9-30	119883-79-3
9-30	119883-80-6
9-30	119941-86-5
9-30	12003-70-2
9-30	12005-95-7
9-30	12005-96-8
9-30	12010-50-3
9-30	12025-99-9
9-30	12032-69-8
9-30	12032-74-5
9-30	12032-75-6
9-30	12032-78-9
9-30	12032-82-5
9-30	12032-85-8
9-30	12032-86-9
9-30	12032-88-1
9-30	12032-89-2
9-30	12032-97-2
9-30	12033-03-3
9-30	12033-07-7
9-30	12033-08-8
9-30	12043-69-5
9-30	12045-15-7
9-30	12045-16-8
9-30	12049-47-7
9-30	12057-17-9
9-30	12057-92-0
9-30	12062-81-6
9-30	12071-17-9
9-30	12121-90-3
9-30	12125-23-4
9-30	12142-41-5
9-30	12157-90-3
9-30	12162-79-7
9-30	12163-00-7
9-30	12163-45-0
9-30	12163-53-0
9-30	12163-59-6
9-30	12163-64-3
9-30	12175-02-9
9-30	12196-74-6
9-30	12205-44-6
9-30	12207-67-9
9-30	12228-50-1
9-30	12228-91-0
9-30	12229-02-6
9-30	12230-80-7
9-30	12232-96-1
9-30	12253-13-3
9-30	12253-45-1
9-30	12260-22-9
9-30	12266-65-8
9-30	12271-96-4
9-30	122790-38-9
9-30	122790-39-0
9-30	12299-98-8
9-30	12357-52-7
9-30	1236208-18-6
9-30	12438-71-0
9-30	124923-56-4
9-30	12502-82-8
9-30	12505-83-8
9-30	12521-74-3
9-30	125465-71-6
9-30	125465-79-4
9-30	12626-88-9
9-30	12645-49-7
9-30	12646-17-2
9-30	12687-82-0
9-30	12713-03-0
9-30	1272410-60-2
9-30	12737-09-6
9-30	12738-03-3
9-30	12758-24-6
9-30	128954-16-5
9-30	129382-63-4
9-30	129382-80-5
9-30	1307699-76-8
9-30	1309-53-1
9-30	1309-55-3
9-30	1309-55-3
9-30	1310-98-1
9-30	1313-13-9
9-30	1313-22-0
9-30	1317-34-6
9-30	1317-35-7
9-30	13224-08-3
9-30	1332-62-3
9-30	1344-43-0
9-30	13444-72-9
9-30	13446-03-2
9-30	13446-10-1
9-30	13446-20-3
9-30	13446-20-3
9-30	13446-34-9
9-30	13446-35-0
9-30	13446-44-1
9-30	13453-79-7
9-30	13456-28-5
9-30	13465-27-5
9-30	13465-27-5
9-30	13465-27-5
9-30	13465-49-1
9-30	134904-59-9
9-30	134904-60-2
9-30	134904-61-3
9-30	134904-62-4
9-30	134904-63-5
9-30	13566-22-8
9-30	13568-32-6
9-30	13568-71-3
9-30	1363198-04-2
9-30	13718-34-8
9-30	137633-98-8
9-30	13770-16-6
9-30	13817-36-2
9-30	13918-22-4
9-30	13966-31-9
9-30	139939-61-0
9-30	14013-15-1
9-30	14038-34-7
9-30	14092-99-0
9-30	14100-30-2
9-30	14154-09-7
9-30	14177-46-9
9-30	14392-03-1
9-30	144437-66-1
9-30	14446-13-0
9-30	144713-07-5
9-30	14485-27-9
9-30	14516-54-2
9-30	14681-52-8
9-30	14690-66-5
9-30	1472644-99-7
9-30	14727-95-8
9-30	14841-83-9
9-30	14986-93-7
9-30	14986-94-8
9-30	14986-95-9
9-30	14999-33-8
9-30	150993-75-2
9-30	15195-58-1
9-30	15244-36-7
9-30	15364-94-0
9-30	153728-36-0
9-30	15609-81-1
9-30	15702-33-7
9-30	15702-34-8
9-30	15710-66-4
9-30	15851-49-7
9-30	15915-03-4
9-30	1679350-32-3
9-30	16962-31-5
9-30	16982-48-2
9-30	17009-27-7
9-30	17141-63-8
9-30	17308-52-0
9-30	17375-02-9
9-30	17375-37-0
9-30	179240-14-3
9-30	182442-95-1
9-30	185299-40-5
9-30	18718-07-5
9-30	18820-29-6
9-30	189139-63-7
9-30	18933-05-6
9-30	195161-78-5
9-30	19893-32-4
9-30	20033-08-3
9-30	20603-88-7
9-30	206452-06-4
9-30	20694-39-7
9-30	209416-66-0
9-30	20959-56-2
9-30	22405-70-5
9-30	22775-65-1
9-30	23414-72-4
9-30	2363126-51-4
9-30	2363126-59-2
9-30	25327-03-1
9-30	25659-29-4
9-30	25808-75-7
9-30	25868-86-4
9-30	27526-45-0
9-30	28041-68-1
9-30	2850-75-1
9-30	30031-44-8
9-30	301678-04-6
9-30	30488-22-3
9-30	304905-29-1
9-30	30744-82-2
9-30	31754-55-9
9-30	31754-56-0
9-30	32916-06-6
9-30	339311-30-7
9-30	34156-69-9
9-30	359427-90-0
9-30	36474-32-5
9-30	36678-21-4
9-30	37187-66-9
9-30	37223-53-3
9-30	378782-03-7
9-30	38639-72-4
9-30	39303-06-5
9-30	39432-47-8
9-30	39438-40-9
9-30	40105-04-2
9-30	50646-06-5
9-30	51349-94-1
9-30	51700-26-6
9-30	52089-06-2
9-30	53731-35-4
9-30	55392-76-2
9-30	56451-33-3
9-30	56729-39-6
9-30	57650-55-2
9-30	598-62-9
9-30	61219-26-9
9-30	64333-01-3
9-30	64333-01-3
9-30	6556-16-7
9-30	65767-17-1
9-30	65996-71-6
9-30	65997-18-4
9-30	66402-68-4
9-30	67181-98-0
9-30	68081-75-4
9-30	68186-94-7
9-30	68186-96-9
9-30	68186-99-2
9-30	68187-64-4
9-30	68410-82-2
9-30	68412-38-4
9-30	68512-50-5
9-30	68555-06-6
9-30	68585-31-9
9-30	68585-91-1
9-30	68608-42-4
9-30	68611-46-1
9-30	68611-47-2
9-30	68611-67-6
9-30	68784-02-1
9-30	68784-13-4
9-30	68784-19-0
9-30	68784-55-4
9-30	68784-58-7
9-30	68784-76-9
9-30	68784-78-1
9-30	68876-90-4
9-30	68876-92-6
9-30	68877-27-0
9-30	69011-04-7
9-30	69012-24-4
9-30	69012-26-6
9-30	69012-28-8
9-30	69012-33-5
9-30	69012-43-7
9-30	69012-49-3
9-30	69012-55-1
9-30	69234-82-8
9-30	69991-68-0
9-30	70248-09-8
9-30	70514-67-9
9-30	70692-94-3
9-30	71630-92-7
9-30	71750-83-9
9-30	73913-06-1
9-30	74114-36-6
9-30	7439-96-5
9-30	7487-89-0
9-30	75864-23-2
9-30	7722-64-7
9-30	7759-00-4
9-30	7773-01-5
9-30	7782-64-1
9-30	7782-76-5
9-30	7782-76-5
9-30	7783-16-6
9-30	7783-53-1
9-30	7783-98-4
9-30	7784-38-5
9-30	7785-19-5
9-30	7785-87-7
9-30	7787-35-1
9-30	7787-36-2
9-30	7790-33-2
9-30	79048-36-5
9-30	79048-36-5
9-30	8031-40-1
9-30	8046-59-1
9-30	8075-39-6
9-30	83503-76-8
9-30	83929-95-7
9-30	84144-93-4
9-30	84144-99-0
9-30	84989-01-5
9-30	860308-46-9
9-30	86090-41-7
9-30	89412-12-4
9-30	91053-46-2
9-30	91081-90-2
9-30	91081-91-3
9-30	91082-85-8
9-30	91082-86-9
9-30	92414-44-3
9-30	94277-05-1
9-30	94551-57-2
9-30	94551-96-9
9-30	94552-05-3
9-30	95046-44-9
9-30	95046-51-8
9-30	97435-23-9
9-30	97553-53-2
9-30	97730-66-0
9-30	99328-48-0
9-30	99328-53-7
9-30	99749-23-2
9-30	RR-00416-0
9-30	RR-03861-9
9-30	RR-13421-4
9-30	RR-145943-4
9-30	RR-16548-0
9-30	UN1448
9-30	UN1456
9-30	UN1490
9-30	UN1503
9-30	UN1515
9-30	UN2724
9-31	100019-57-6
9-31	100019-58-7
9-31	1003300-72-8
9-31	100932-50-1
9-31	1009807-59-3
9-31	1009807-62-8
9-31	10102-40-6
9-31	101062-40-2
9-31	1012044-78-8
9-31	101357-19-1
9-31	1017237-79-4
9-31	101794-79-0
9-31	101849-51-8
9-31	10190-55-3
9-31	101940-06-1
9-31	101940-07-2
9-31	102082-92-8
9-31	10241-05-1
9-31	1025784-96-6
9-31	103443-41-0
9-31	103458-26-0
9-31	103513-39-9
9-31	104062-50-2
9-31	104349-52-2
9-31	104548-59-6
9-31	104548-59-6
9-31	106463-33-6
9-31	106494-94-4
9-31	106494-95-5
9-31	106496-65-5
9-31	106496-74-6
9-31	106496-75-7
9-31	106605-51-0
9-31	106770-42-7
9-31	106770-44-9
9-31	107114-56-7
9-31	107114-57-8
9-31	107114-63-6
9-31	107311-25-1
9-31	107333-79-9
9-31	107637-31-0
9-31	107637-32-1
9-31	107637-33-2
9-31	107637-34-3
9-31	107637-35-4
9-31	107637-36-5
9-31	107763-83-7
9-31	107929-40-8
9-31	108399-42-4
9-31	108399-43-5
9-31	108399-44-6
9-31	108399-45-7
9-31	108399-46-8
9-31	108399-47-9
9-31	108399-48-0
9-31	108399-49-1
9-31	108399-50-4
9-31	108399-51-5
9-31	108399-52-6
9-31	108399-53-7
9-31	108399-54-8
9-31	108399-55-9
9-31	108399-56-0
9-31	108399-57-1
9-31	108399-58-2
9-31	108399-59-3
9-31	108399-60-6
9-31	108424-14-2
9-31	108424-15-3
9-31	108424-16-4
9-31	109490-70-2
9-31	110639-84-4
9-31	110639-85-5
9-31	11065-25-1
9-31	110666-47-2
9-31	110667-26-0
9-31	110667-27-1
9-31	110667-28-2
9-31	110667-29-3
9-31	110687-88-2
9-31	110708-63-9
9-31	11074-63-8
9-31	110771-77-2
9-31	11081-84-8
9-31	1108177-06-5
9-31	11082-09-0
9-31	11098-84-3
9-31	11098-99-0
9-31	11099-00-6
9-31	11104-44-2
9-31	11104-85-1
9-31	11104-88-4
9-31	11104-89-5
9-31	11104-90-8
9-31	11115-97-2
9-31	11119-46-3
9-31	11119-83-8
9-31	11121-95-2
9-31	11128-97-5
9-31	111556-63-9
9-31	111568-43-5
9-31	111568-80-0
9-31	111568-81-1
9-31	112510-41-5
9-31	112548-46-6
9-31	112764-76-8
9-31	112788-56-4
9-31	1128073-76-6
9-31	112909-68-9
9-31	113128-56-6
9-31	113257-30-0
9-31	113257-31-1
9-31	113384-43-3
9-31	113670-97-6
9-31	113670-98-7
9-31	113678-04-9
9-31	113690-93-0
9-31	113690-94-1
9-31	113690-95-2
9-31	113690-96-3
9-31	113725-07-8
9-31	113844-93-2
9-31	113939-39-2
9-31	114105-14-5
9-31	114105-21-4
9-31	114316-51-7
9-31	114663-84-2
9-31	114862-93-0
9-31	114887-05-7
9-31	1150493-60-9
9-31	115232-90-1
9-31	115516-71-7
9-31	116442-78-5
9-31	116442-88-7
9-31	116442-89-8
9-31	116565-73-2
9-31	116640-58-5
9-31	116640-59-6
9-31	116810-46-9
9-31	116812-71-6
9-31	117314-43-9
9-31	117342-25-3
9-31	117595-43-4
9-31	117931-10-9
9-31	117991-26-1
9-31	117991-27-2
9-31	118032-96-5
9-31	118063-53-9
9-31	118321-25-8
9-31	118321-26-9
9-31	118321-27-0
9-31	118321-57-6
9-31	118321-58-7
9-31	118877-73-9
9-31	119667-37-7
9-31	119801-14-8
9-31	119801-15-9
9-31	12003-72-4
9-31	12006-98-3
9-31	12006-99-4
9-31	12007-27-1
9-31	12007-28-2
9-31	12007-97-5
9-31	12011-97-1
9-31	12011-98-2
9-31	12013-21-7
9-31	12023-18-6
9-31	12026-00-5
9-31	12026-57-2
9-31	12026-65-2
9-31	12026-66-3
9-31	12027-12-2
9-31	12027-67-7
9-31	12033-19-1
9-31	12033-29-3
9-31	12033-37-3
9-31	12033-39-5
9-31	12033-40-8
9-31	12049-45-5
9-31	12054-85-2
9-31	12057-23-7
9-31	12058-07-0
9-31	12058-08-1
9-31	12058-11-6
9-31	12058-18-3
9-31	12058-19-4
9-31	12058-20-7
9-31	12058-24-1
9-31	12058-26-3
9-31	1206041-44-2
9-31	12069-89-5
9-31	12069-90-8
9-31	12076-38-9
9-31	12079-83-3
9-31	12091-64-4
9-31	120922-80-7
9-31	12107-35-6
9-31	121072-42-2
9-31	12122-47-3
9-31	12122-48-4
9-31	12125-77-8
9-31	12128-23-3
9-31	12132-04-6
9-31	12135-57-8
9-31	12136-78-6
9-31	12146-37-1
9-31	12151-75-6
9-31	12152-15-7
9-31	12163-67-6
9-31	12163-69-8
9-31	12163-70-1
9-31	12163-74-5
9-31	12163-85-8
9-31	12184-22-4
9-31	12207-64-6
9-31	12207-90-8
9-31	12209-17-5
9-31	12209-18-6
9-31	12213-61-5
9-31	12213-69-3
9-31	12218-71-2
9-31	12224-98-5
9-31	122310-32-1
9-31	122310-33-2
9-31	122310-34-3
9-31	12238-18-5
9-31	12238-23-2
9-31	12263-08-0
9-31	12263-13-7
9-31	12265-21-3
9-31	12305-71-4
9-31	123114-47-6
9-31	123142-20-1
9-31	123142-21-2
9-31	123142-22-3
9-31	12323-01-2
9-31	12325-29-0
9-31	12332-67-1
9-31	12339-22-9
9-31	12351-17-6
9-31	12351-29-0
9-31	12351-35-8
9-31	123517-46-4
9-31	12382-30-8
9-31	12411-64-2
9-31	12412-21-4
9-31	12412-22-5
9-31	12421-54-4
9-31	124230-17-7
9-31	124545-31-9
9-31	124545-85-3
9-31	124567-52-8
9-31	124567-53-9
9-31	12500-91-3
9-31	12501-45-0
9-31	125124-08-5
9-31	12518-76-2
9-31	12519-76-5
9-31	12521-67-4
9-31	12530-25-5
9-31	12543-74-7
9-31	125483-96-7
9-31	12594-27-3
9-31	12612-50-9
9-31	126214-49-1
9-31	12626-91-4
9-31	12627-57-5
9-31	126282-62-0
9-31	12629-02-6
9-31	12640-46-9
9-31	12640-65-2
9-31	126447-24-3
9-31	126478-52-2
9-31	12656-85-8
9-31	12657-22-6
9-31	12673-54-0
9-31	12673-58-4
9-31	12674-41-8
9-31	12680-49-8
9-31	126949-60-8
9-31	126949-63-1
9-31	12704-86-8
9-31	12709-98-7
9-31	127336-61-2
9-31	127336-64-5
9-31	12738-08-8
9-31	1276111-55-7
9-31	12778-14-2
9-31	127814-40-8
9-31	12793-13-4
9-31	128574-42-5
9-31	128574-43-6
9-31	128585-44-4
9-31	128704-79-0
9-31	128975-01-9
9-31	129208-42-0
9-31	129209-03-6
9-31	129262-82-4
9-31	129925-73-1
9-31	129925-74-2
9-31	129925-75-3
9-31	129925-76-4
9-31	130241-17-7
9-31	130241-18-8
9-31	130241-19-9
9-31	130241-20-2
9-31	130277-43-9
9-31	130277-44-0
9-31	130459-28-8
9-31	130680-13-6
9-31	1309-56-4
9-31	1309-56-4
9-31	1310534-87-2
9-31	13106-76-8
9-31	131097-40-0
9-31	131163-67-2
9-31	1313-27-5
9-31	1313-29-7
9-31	1313-30-0
9-31	1317-33-5
9-31	1319083-46-9
9-31	1325-24-2
9-31	1325-74-2
9-31	1325-75-3
9-31	1325-79-7
9-31	1325-80-0
9-31	1325-82-2
9-31	1325-87-7
9-31	1325-88-8
9-31	1325-94-6
9-31	1326-01-8
9-31	1326-03-0
9-31	1326-04-1
9-31	1326-11-0
9-31	132760-14-6
9-31	13320-71-3
9-31	133340-80-4
9-31	1338709-82-2
9-31	134001-07-3
9-31	134382-80-2
9-31	13446-49-6
9-31	13446-57-6
9-31	134535-29-8
9-31	13454-70-1
9-31	134608-87-0
9-31	13466-16-5
9-31	13470-04-7
9-31	134776-01-5
9-31	13478-17-6
9-31	13478-18-7
9-31	134853-62-6
9-31	134853-63-7
9-31	134884-72-3
9-31	1351378-24-9
9-31	13520-59-7
9-31	135544-38-6
9-31	13565-96-3
9-31	13568-40-6
9-31	135849-93-3
9-31	13595-85-2
9-31	13597-64-3
9-31	1359821-13-8
9-31	136097-17-1
9-31	136140-93-7
9-31	13637-68-8
9-31	1366372-99-7
9-31	137025-39-9
9-31	13718-22-4
9-31	13718-70-2
9-31	137486-11-4
9-31	13762-14-6
9-31	13765-74-7
9-31	13765-93-0
9-31	13767-03-8
9-31	13767-32-3
9-31	13769-81-8
9-31	137781-03-4
9-31	13814-75-0
9-31	139220-25-0
9-31	13939-06-5
9-31	1396125-44-2
9-31	13972-68-4
9-31	14013-15-1
9-31	14014-79-0
9-31	14014-90-5
9-31	14055-74-4
9-31	140899-16-7
9-31	14119-13-2
9-31	14119-13-2
9-31	14119-15-4
9-31	14119-15-4
9-31	1415469-55-4
9-31	14177-55-0
9-31	14191-83-4
9-31	14191-83-4
9-31	14221-06-8
9-31	1422970-52-2
9-31	14284-90-3
9-31	142871-49-6
9-31	1440529-21-4
9-31	14456-43-0
9-31	1459765-44-6
9-31	14643-03-9
9-31	14648-48-7
9-31	14666-91-2
9-31	14730-11-1
9-31	14854-24-1
9-31	15059-53-7
9-31	15060-55-6
9-31	15123-80-5
9-31	15190-32-6
9-31	153977-13-0
9-31	15444-66-3
9-31	15593-38-1
9-31	15611-13-9
9-31	15690-77-4
9-31	15690-77-4
9-31	15702-41-7
9-31	159251-13-5
9-31	159653-51-7
9-31	160673-82-5
9-31	1606982-53-9
9-31	16289-82-0
9-31	163702-43-0
9-31	164115-69-9
9-31	1644672-12-7
9-31	167614-27-9
9-31	170297-97-9
9-31	172777-18-3
9-31	172777-19-4
9-31	17476-43-6
9-31	17524-05-9
9-31	1814903-27-9
9-31	18177-91-8
9-31	184910-89-2
9-31	185752-99-2
9-31	185753-01-9
9-31	186432-61-1
9-31	18868-43-4
9-31	18967-85-6
9-31	191674-99-4
9-31	1928735-59-4
9-31	19421-45-5
9-31	19663-15-1
9-31	19680-83-2
9-31	199790-61-9
9-31	20205-60-1
9-31	20507-13-5
9-31	205815-80-1
9-31	209733-38-0
9-31	2134229-22-2
9-31	22648-09-5
9-31	22914-58-5
9-31	236740-70-8
9-31	252368-25-5
9-31	253141-87-6
9-31	253873-83-5
9-31	253873-84-6
9-31	261509-17-5
9-31	27546-07-2
9-31	278186-89-3
9-31	280130-32-7
9-31	28896-18-6
9-31	29879-10-5
9-31	30291-63-5
9-31	304899-36-3
9-31	31051-56-6
9-31	32512-08-6
9-31	32512-11-1
9-31	33056-03-0
9-31	33668-67-6
9-31	34041-09-3
9-31	34346-27-5
9-31	36730-33-3
9-31	36730-35-5
9-31	37211-00-0
9-31	37216-99-2
9-31	37280-68-5
9-31	37296-91-6
9-31	37297-03-3
9-31	37367-98-9
9-31	37370-04-0
9-31	37376-47-9
9-31	378782-19-5
9-31	378782-19-5
9-31	390388-97-3
9-31	39300-67-9
9-31	39312-47-5
9-31	39312-49-7
9-31	39322-07-1
9-31	44513-97-5
9-31	445409-27-8
9-31	449187-65-9
9-31	474795-79-4
9-31	488128-29-6
9-31	496040-92-7
9-31	50412-10-7
9-31	50811-90-0
9-31	50812-08-3
9-31	51200-00-1
9-31	51200-01-2
9-31	51429-74-4
9-31	51845-71-7
9-31	51990-17-1
9-31	52110-07-3
9-31	52595-44-5
9-31	52623-80-0
9-31	52934-88-0
9-31	53986-44-0
9-31	54684-84-3
9-31	54983-00-5
9-31	56216-22-9
9-31	56730-34-8
9-31	56779-83-0
9-31	56780-54-2
9-31	56797-39-8
9-31	57126-31-5
9-31	57449-56-6
9-31	57456-13-0
9-31	57606-42-5
9-31	57609-48-0
9-31	57904-54-8
9-31	57904-55-9
9-31	57904-56-0
9-31	57904-57-1
9-31	57904-58-2
9-31	59088-14-1
9-31	59109-73-8
9-31	59519-73-2
9-31	59560-72-4
9-31	59786-91-3
9-31	60317-96-6
9-31	60317-97-7
9-31	60428-79-7
9-31	60953-15-3
9-31	610785-17-6
9-31	61506-74-9
9-31	61583-60-6
9-31	61725-40-4
9-31	61725-48-2
9-31	61725-50-6
9-31	62169-57-7
9-31	63022-06-0
9-31	63022-11-7
9-31	64523-06-4
9-31	64525-54-8
9-31	65036-95-5
9-31	65235-34-9
9-31	65337-26-0
9-31	65366-87-2
9-31	65997-18-4
9-31	66304-31-2
9-31	66579-19-9
9-31	66589-15-9
9-31	66589-16-0
9-31	66793-35-9
9-31	66828-59-9
9-31	67368-85-8
9-31	67368-86-9
9-31	67953-39-3
9-31	68016-03-5
9-31	68083-41-0
9-31	68083-42-1
9-31	68083-43-2
9-31	68130-36-9
9-31	68130-37-0
9-31	68309-94-4
9-31	68310-07-6
9-31	68334-63-4
9-31	68334-64-5
9-31	68334-65-6
9-31	68400-26-0
9-31	68412-26-0
9-31	68413-81-0
9-31	68443-30-1
9-31	68555-97-5
9-31	68568-65-0
9-31	68585-49-9
9-31	68585-50-2
9-31	68630-90-0
9-31	68647-47-2
9-31	68845-37-4
9-31	68845-38-5
9-31	68954-53-0
9-31	68958-92-9
9-31	68990-30-7
9-31	69011-55-8
9-31	69011-56-9
9-31	69011-57-0
9-31	69011-58-1
9-31	69012-23-3
9-31	69012-40-4
9-31	69012-41-5
9-31	69012-61-9
9-31	69012-68-6
9-31	69012-77-7
9-31	69029-14-7
9-31	69070-63-9
9-31	69070-64-0
9-31	69089-44-7
9-31	69992-70-7
9-31	70145-53-8
9-31	70179-86-1
9-31	710338-01-5
9-31	71243-85-1
9-31	71251-76-8
9-31	71342-89-7
9-31	71630-92-7
9-31	71786-41-9
9-31	71786-59-9
9-31	71888-83-0
9-31	72030-25-2
9-31	72102-38-6
9-31	72269-41-1
9-31	72379-29-4
9-31	72828-19-4
9-31	72906-43-5
9-31	73018-83-4
9-31	73452-98-9
9-31	73680-23-6
9-31	73912-43-3
9-31	74316-36-2
9-31	7439-98-7
9-31	74987-91-0
9-31	75300-71-9
9-31	75627-12-2
9-31	7631-95-0
9-31	7782-91-4
9-31	7783-77-9
9-31	77835-70-2
9-31	7787-37-3
9-31	7789-82-4
9-31	78778-54-8
9-31	799241-27-3
9-31	80031-73-8
9-31	8005-36-5
9-31	80083-40-5
9-31	8030-65-7
9-31	80407-98-3
9-31	81986-84-7
9-31	82391-70-6
9-31	84144-89-8
9-31	84144-90-1
9-31	84144-91-2
9-31	84144-95-6
9-31	84418-66-6
9-31	84696-61-7
9-31	84696-62-8
9-31	85068-46-8
9-31	85186-35-2
9-31	85186-36-3
9-31	85255-51-2
9-31	85536-66-9
9-31	85826-55-7
9-31	85941-74-8
9-31	85959-61-1
9-31	860622-12-4
9-31	86089-09-0
9-31	866105-55-7
9-31	876012-62-3
9-31	87970-74-9
9-31	89114-06-7
9-31	89256-12-2
9-31	89654-51-3
9-31	89654-52-4
9-31	90367-48-9
9-31	90431-89-3
9-31	90431-90-6
9-31	90431-91-7
9-31	906665-74-5
9-31	90901-24-9
9-31	90901-25-0
9-31	91770-33-1
9-31	91980-26-6
9-31	92113-03-6
9-31	923956-62-1
9-31	92799-92-3
9-31	93776-58-0
9-31	93805-29-9
9-31	93840-01-8
9-31	94094-30-1
9-31	94232-43-6
9-31	94277-04-0
9-31	95046-44-9
9-31	957147-41-0
9-31	95917-90-1
9-31	97434-81-6
9-31	97434-82-7
9-31	97434-83-8
9-31	97812-63-0
9-31	97953-19-0
9-31	P-82-0429
9-31	P-85-1285
9-31	P-93-0493
9-31	P-97-0919
9-31	P-99-0534
9-31	RR-00036-2
9-31	RR-00037-3
9-31	RR-00603-1
9-31	RR-03762-7
9-31	RR-04489-3
9-31	RR-122325-2
9-31	RR-122327-4
9-31	RR-122328-5
9-31	RR-122329-6
9-31	RR-122330-9
9-31	RR-122331-0
9-31	RR-122332-1
9-31	RR-122333-2
9-31	RR-122334-3
9-31	RR-122335-4
9-31	RR-122336-5
9-31	RR-122337-6
9-31	RR-128422-6
9-31	RR-145953-6
9-31	RR-150020-5
9-31	RR-16313-3
9-31	RR-23069-3
9-31	RR-23207-5
9-31	RR-23881-3
9-31	RR-24245-5
9-31	RR-30453-0
9-31	RR-32823-4
9-31	RR-36986-8
9-31	RR-45511-8
9-31	RR-46266-8
9-31	RR-46267-9
9-31	RR-46270-4
9-31	RR-48325-0
9-31	RR-50385-5
9-31	RR-50386-6
9-31	RR-56375-7
9-31	RR-57109-5
9-31	RR-64092-6
9-31	RR-87945-8
9-31	RR-88289-3
9-31	RR-88290-6
9-31	RR-88304-5
9-31	RR-88305-6
9-31	RR-88306-7
9-31	RR-88307-8
9-31	RR-88309-0
9-31	RR-90238-5
9-31	UN2508
9-32	10026-19-4
9-32	100267-68-3
9-32	10031-47-7
9-32	10034-85-2
9-32	10043-66-0
9-32	10048-99-4
9-32	10101-63-0
9-32	10139-47-6
9-32	10294-31-2
9-32	10294-70-9
9-32	1043868-97-8
9-32	104732-42-5
9-32	10476-86-5
9-32	1049-38-3
9-32	105034-60-4
9-32	106449-25-6
9-32	107-08-4
9-32	110093-36-2
9-32	11089-41-1
9-32	11104-07-7
9-32	115524-44-2
9-32	117009-50-4
9-32	12027-06-4
9-32	12298-68-9
9-32	12344-40-0
9-32	12358-89-3
9-32	125-26-8
9-32	12527-63-8
9-32	12593-83-8
9-32	130604-19-2
9-32	1335-23-5
9-32	13444-85-4
9-32	13453-24-2
9-32	13455-00-0
9-32	13462-90-3
9-32	13464-76-1
9-32	13470-38-7
9-32	13477-15-1
9-32	13510-35-5
9-32	13517-06-1
9-32	13718-50-8
9-32	13767-71-0
9-32	13777-23-6
9-32	13779-78-7
9-32	13816-38-1
9-32	13876-85-2
9-32	139194-01-7
9-32	139194-04-0
9-32	139194-05-1
9-32	13966-94-4
9-32	14054-17-2
9-32	141-51-5
9-32	141-76-4
9-32	14158-30-6
9-32	14158-31-7
9-32	14158-32-8
9-32	14184-47-5
9-32	143-36-2
9-32	14391-72-1
9-32	144-48-9
9-32	14683-16-0
9-32	14696-82-3
9-32	147937-07-3
9-32	14834-67-4
9-32	14834-68-5
9-32	14914-02-4
9-32	14914-27-3
9-32	1499-33-8
9-32	15046-84-1
9-32	1519044-66-6
9-32	15238-00-3
9-32	15385-57-6
9-32	15480-34-9
9-32	15492-38-3
9-32	15513-84-5
9-32	15513-94-7
9-32	15715-08-9
9-32	15755-17-6
9-32	16003-82-0
9-32	16029-98-4
9-32	161849-41-8
9-32	163207-16-7
9-32	1689-83-4
9-32	172484-65-0
9-32	17470-61-0
9-32	17579-99-6
9-32	19496-16-3
9-32	1978-17-2
9-32	20018-09-1
9-32	2040-00-8
9-32	21109-89-7
9-32	21941-99-1
9-32	23072-08-4
9-32	2314-97-8
9-32	2440-42-8
9-32	24503-90-0
9-32	263005-66-9
9-32	263005-67-0
9-32	265669-02-1
9-32	26914-02-3
9-32	27228-67-7
9-32	272451-65-7
9-32	2797-10-6
9-32	2865-19-2
9-32	28825-30-1
9-32	28825-37-8
9-32	2893-83-6
9-32	29183-64-0
9-32	3001-15-8
9-32	32593-99-0
9-32	35013-90-2
9-32	354-64-3
9-32	36227-79-9
9-32	37320-91-5
9-32	37349-59-0
9-32	378253-31-7
9-32	378253-32-8
9-32	3861-47-0
9-32	3873-20-9
9-32	39377-58-7
9-32	39400-73-2
9-32	39420-39-8
9-32	39425-17-7
9-32	39445-43-7
9-32	39448-53-8
9-32	39448-55-0
9-32	40452-11-7
9-32	405884-26-6
9-32	4206-67-1
9-32	506-78-5
9-32	507-02-8
9-32	513-38-2
9-32	513-48-4
9-32	51847-94-0
9-32	52152-71-3
9-32	53168-85-7
9-32	53572-17-1
9-32	541-28-6
9-32	542-69-8
9-32	55406-53-6
9-32	556-56-9
9-32	558-17-8
9-32	591-50-4
9-32	59216-96-5
9-32	59216-98-7
9-32	59392-50-6
9-32	5965-15-1
9-32	59917-23-6
9-32	61456-02-8
9-32	61456-04-0
9-32	615-41-8
9-32	620-05-3
9-32	623-48-3
9-32	624-31-7
9-32	624-74-8
9-32	624-75-9
9-32	625-95-6
9-32	625-99-0
9-32	628-17-1
9-32	629-27-6
9-32	630-82-0
9-32	64-69-7
9-32	64584-32-3
9-32	6485-58-1
9-32	66456-97-1
9-32	68310-75-8
9-32	69587-11-7
9-32	7342-47-4
9-32	74-88-4
9-32	75-03-6
9-32	75-30-9
9-32	7553-56-2
9-32	7681-11-0
9-32	7681-65-4
9-32	7681-82-5
9-32	77401-30-0
9-32	7758-05-6
9-32	7774-29-0
9-32	777844-76-5
9-32	7783-30-4
9-32	7783-33-7
9-32	7783-66-6
9-32	7783-96-2
9-32	7784-03-4
9-32	7784-45-4
9-32	7787-33-9
9-32	7787-53-3
9-32	7790-30-9
9-32	7790-34-3
9-32	7790-44-5
9-32	7790-47-8
9-32	7790-80-9
9-32	79384-11-5
9-32	8012-81-5
9-32	8012-85-9
9-32	8014-90-2
9-32	8031-47-8
9-32	8049-09-0
9-32	8052-26-4
9-32	80694-81-1
9-32	823-04-1
9-32	82669-93-0
9-32	84826-91-5
9-32	85045-09-6
9-32	865-44-1
9-32	865-50-9
9-32	919797-19-6
9-32	95230-44-7
9-32	RR-108303-0
9-32	UN1638
9-32	UN1643
9-32	UN1723
9-32	UN1787
9-32	UN1898
9-32	UN2197
9-32	UN2390
9-32	UN2392
9-32	UN2495
9-32	UN2644
9-32	UN2653
9-32	UN3495
9-33	100041-37-0
9-33	100084-99-9
9-33	100085-66-3
9-33	100432-49-3
9-33	100432-50-6
9-33	10049-07-7
9-33	100656-52-8
9-33	10139-58-9
9-33	102110-50-9
9-33	10489-46-0
9-33	105164-41-8
9-33	109584-77-2
9-33	109584-78-3
9-33	110532-27-9
9-33	12036-35-0
9-33	12067-06-0
9-33	12081-16-2
9-33	12082-47-2
9-33	12092-47-6
9-33	12124-48-0
9-33	12127-42-3
9-33	12137-27-8
9-33	12192-97-1
9-33	12245-39-5
9-33	12257-42-0
9-33	12279-09-3
9-33	12307-90-3
9-33	12318-21-7
9-33	123542-79-0
9-33	123542-79-0
9-33	12680-36-3
9-33	131796-58-2
9-33	132435-65-5
9-33	13465-43-5
9-33	13569-65-8
9-33	136705-75-4
9-33	136705-77-6
9-33	13783-12-5
9-33	13820-95-6
9-33	13820-96-7
9-33	13845-07-3
9-33	13938-94-8
9-33	14023-02-0
9-33	14056-79-2
9-33	14077-30-6
9-33	142184-30-3
9-33	14234-34-5
9-33	14284-92-5
9-33	14378-53-1
9-33	14378-53-1
9-33	14523-22-9
9-33	14593-70-5
9-33	14652-54-1
9-33	14694-95-2
9-33	14874-82-9
9-33	14913-89-4
9-33	14913-89-4
9-33	14972-02-2
9-33	14972-70-4
9-33	14973-89-8
9-33	14973-92-3
9-33	15306-82-8
9-33	15318-33-9
9-33	15336-18-2
9-33	15444-62-9
9-33	15489-17-5
9-33	15492-38-3
9-33	15529-88-1
9-33	15603-34-6
9-33	15608-29-4
9-33	15706-50-0
9-33	15706-50-0
9-33	15765-79-4
9-33	15765-79-4
9-33	15765-80-7
9-33	15765-80-7
9-33	15765-82-9
9-33	15765-82-9
9-33	15956-28-2
9-33	163207-16-7
9-33	167693-36-9
9-33	168456-84-6
9-33	16970-54-0
9-33	17046-28-5
9-33	17185-29-4
9-33	17712-66-2
9-33	177750-25-3
9-33	185437-81-4
9-33	187682-63-9
9-33	19584-30-6
9-33	197082-00-1
9-33	205064-10-4
9-33	20765-98-4
9-33	20765-98-4
9-33	20792-40-9
9-33	20845-92-5
9-33	210057-23-1
9-33	21264-82-4
9-33	21360-80-5
9-33	21656-02-0
9-33	23043-90-5
9-33	24546-24-5
9-33	25470-96-6
9-33	26105-49-7
9-33	26566-80-3
9-33	28407-51-4
9-33	29998-99-0
9-33	31105-57-4
9-33	32354-50-0
9-33	35138-22-8
9-33	36654-16-7
9-33	36732-58-8
9-33	378783-97-2
9-33	378783-98-3
9-33	378783-99-4
9-33	378784-00-0
9-33	378784-02-2
9-33	39561-32-5
9-33	42204-14-8
9-33	50696-78-1
9-33	52729-53-0
9-33	5503-41-3
9-33	55425-73-5
9-33	56977-92-5
9-33	61180-97-0
9-33	63771-33-5
9-33	64164-17-6
9-33	65980-75-8
9-33	65980-78-1
9-33	67859-71-6
9-33	67906-21-2
9-33	68156-19-4
9-33	68191-12-8
9-33	68413-70-7
9-33	68916-30-3
9-33	72828-33-2
9-33	7440-16-6
9-33	80048-77-7
9-33	81044-09-9
9-33	85117-80-2
9-33	88902-97-0
9-33	90552-47-9
9-33	90552-48-0
9-33	91078-88-5
9-33	91745-77-6
9-33	91745-79-8
9-33	93843-19-7
9-33	93963-87-2
9-33	94022-49-8
9-33	94232-99-2
9-33	97392-79-5
9-33	97592-94-4
9-33	97765-65-6
9-33	97765-77-0
9-33	97766-12-6
9-33	97766-15-9
9-33	97766-32-0
9-33	99326-34-8
9-33	RR-00040-8
9-33	RR-00047-5
9-33	RR-00611-1
9-33	RR-04219-3
9-33	RR-14254-1
9-33	RR-145990-1
9-33	RR-18853-4
9-33	RR-41450-6
9-33	RR-45342-9
