1	61788-33-8
1	RR-13441-8
10[a]	12135-76-1
10[a]	15603-52-8
10[a]	19320-46-8
10[a]	8012-13-3
10[a]	916081-50-0
10[a]	UN2683
10[b]	12124-99-1
10[b]	581801-02-7
10[b]	7725-91-9
10[c]	12135-77-2
10[c]	12259-92-6
10[c]	37243-55-3
10[c]	37294-69-2
10[c]	60581-61-5
10[c]	84100-68-5
10[c]	9046-54-2
10[c]	9046-55-3
10[c]	9062-00-4
10[c]	9080-17-5
10[c]	UN2818
11[a]	96-32-2
11[a]	UN2643
11[b]	105-36-2
11[b]	679806-14-5
11[b]	UN1603
11[c]	35223-80-4
11[d]	18991-98-5
12	135-50-2
12	1743-01-7
12	18589-26-9
12	27931-06-2
12	41016-61-9
12	51761-16-1
12	52085-24-2
12	58306-86-8
12	68540-41-0
12	70714-69-1
12	79873-35-1
12	79873-40-8
12	842-17-1
12	91-59-8
12	RR-02094-0
12	UN1650
13	14414-68-7
13	38668-12-1
13	41195-21-5
13	41766-73-8
13	46310-07-0
13	56481-94-8
13	67632-50-2
13	92-87-5
13	RR-02087-1
13	UN1885
14	92-93-3
15	13164-93-7
15	2113-61-3
15	2429-73-4
15	2429-79-0
15	2429-81-4
15	2429-82-5
15	2429-83-6
15	2429-84-7
15	27336-24-9
15	2893-80-3
15	3476-90-2
15	3530-19-6
15	3567-65-5
15	3626-28-6
15	3811-71-0
15	4335-09-5
15	5422-17-3
15	6360-54-9
15	6426-67-1
15	70146-07-5
15	74220-10-3
15	8014-91-3
15	92-67-1
15	RR-02085-9
16[a]	17398-75-3
16[a]	598-63-0
16[a]	64470-66-2
16[b]	11120-55-1
16[b]	1145660-51-0
16[b]	1160353-52-5
16[b]	13009-77-3
16[b]	1319-46-6
16[b]	1344-36-1
16[b]	1951408-54-0
16[b]	37185-13-0
16[b]	37316-84-0
16[b]	37361-76-5
16[b]	886883-98-3
17[a]	12673-93-7
17[a]	37223-83-9
17[a]	37224-42-3
17[a]	7446-14-2
17[b]	12673-93-7
17[b]	15739-80-7
17[b]	37223-83-9
17[b]	37224-42-3
17[b]	37251-28-8
17[b]	52732-72-6
17[b]	90583-07-6
17[b]	UN1794
18	100-56-1
18	100022-25-1
18	1003-26-5
18	10031-18-2
18	100403-63-2
18	10045-94-0
18	10048-99-4
18	10080-39-4
18	100940-62-3
18	101043-98-5
18	10124-48-8
18	10136-69-3
18	101654-43-7
18	101672-18-8
18	1017-74-9
18	10175-28-7
18	10192-55-9
18	102-98-7
18	102-99-8
18	102110-40-7
18	102110-57-6
18	102110-61-2
18	102110-66-7
18	10217-65-9
18	10217-67-1
18	10217-68-2
18	102280-93-3
18	10271-66-6
18	10284-47-6
18	10284-48-7
18	10284-49-8
18	10299-45-3
18	103332-13-4
18	103369-15-9
18	10338-77-9
18	10338-78-0
18	10338-79-1
18	103399-29-7
18	10341-89-6
18	103458-15-7
18	10361-02-1
18	10366-02-6
18	10375-56-1
18	104-59-6
18	104-60-9
18	10403-65-3
18	10403-66-4
18	104114-64-9
18	10415-75-5
18	1043-49-8
18	104325-07-7
18	104325-08-8
18	104335-53-7
18	104339-46-0
18	10451-12-4
18	10507-38-7
18	10507-40-1
18	10507-41-2
18	10507-42-3
18	105260-39-7
18	106168-40-5
18	107-26-6
18	107-27-7
18	107-28-8
18	1071-39-2
18	1077-98-1
18	108-07-6
18	109-62-6
18	11083-41-3
18	11110-52-4
18	1126-48-3
18	113722-57-9
18	1142-64-9
18	1184-57-2
18	1189-66-8
18	1191-80-6
18	1192-89-8
18	12002-19-6
18	12055-37-7
18	120674-92-2
18	12068-90-5
18	12136-15-1
18	12145-90-3
18	12194-11-5
18	122-64-5
18	122582-67-6
18	12298-67-8
18	12328-03-9
18	12344-40-0
18	123551-50-8
18	124-01-6
18	124-08-3
18	124-82-3
18	12508-72-4
18	12529-66-7
18	12653-71-3
18	127026-24-8
18	1273-75-2
18	127620-35-3
18	129-16-8
18	129-99-7
18	1300-78-3
18	13004-83-6
18	1310-88-9
18	1312-03-4
18	131500-00-0
18	13170-76-8
18	1319-86-4
18	1320-80-5
18	13222-52-1
18	13257-51-7
18	13278-80-3
18	13294-23-0
18	133-58-4
18	133350-44-4
18	133350-45-5
18	1334-77-6
18	133421-58-6
18	1335-31-5
18	1336-57-8
18	1336-96-5
18	13437-80-4
18	1344-45-2
18	1344-48-5
18	13444-75-2
18	1345-09-1
18	13464-28-3
18	13465-31-1
18	13465-33-3
18	13465-34-4
18	13465-37-7
18	13766-41-1
18	13766-44-4
18	138-85-2
18	13876-85-2
18	13932-02-0
18	13967-25-4
18	13981-51-6
18	13982-78-0
18	140-20-5
18	14024-55-6
18	14024-75-0
18	14032-92-9
18	14066-61-6
18	14099-12-8
18	141-51-5
18	14215-33-9
18	14235-86-0
18	14239-51-1
18	143-36-2
18	143197-63-1
18	14354-56-4
18	14376-09-1
18	14459-36-0
18	14783-59-6
18	148-61-8
18	14836-60-3
18	14990-20-6
18	151-38-2
18	152923-45-0
18	1537199-53-3
18	15375-94-7
18	15384-08-4
18	15385-57-6
18	15385-58-7
18	15415-64-2
18	155-85-1
18	15516-76-4
18	156234-43-4
18	156234-44-5
18	15682-88-9
18	15785-93-0
18	15829-53-5
18	1600-27-7
18	16056-34-1
18	16056-37-4
18	16509-11-8
18	16751-55-6
18	17048-37-2
18	17140-73-7
18	175695-12-2
18	17774-09-3
18	1785-43-9
18	178959-28-9
18	17974-95-7
18	18211-85-3
18	18467-88-4
18	18832-83-2
18	18917-83-4
18	18918-06-4
18	18918-17-7
18	19122-79-3
18	19367-79-4
18	19447-62-2
18	19528-48-4
18	19719-72-3
18	20223-84-1
18	2042-50-4
18	20539-85-9
18	20564-21-0
18	20582-71-2
18	20601-83-6
18	20632-18-2
18	20720-76-7
18	20738-78-7
18	20883-32-3
18	21082-50-8
18	21109-99-9
18	2117-39-7
18	21259-76-7
18	21450-81-7
18	21908-53-2
18	22098-38-0
18	22323-45-1
18	22330-18-3
18	2235-25-8
18	22450-90-4
18	2279-64-3
18	22894-47-9
18	22967-92-6
18	23319-66-6
18	23471-13-8
18	23471-23-0
18	23483-74-1
18	23587-90-8
18	2440-29-1
18	2440-34-8
18	2440-40-6
18	2440-42-8
18	2440-45-1
18	24423-68-5
18	24579-90-6
18	24579-91-7
18	24806-32-4
18	2597-92-4
18	2597-93-5
18	2597-95-7
18	2597-97-9
18	26037-72-9
18	261-57-4
18	26114-17-0
18	26522-91-8
18	26535-94-4
18	2654-47-9
18	26552-50-1
18	26579-33-9
18	26719-07-3
18	2701-61-3
18	27228-67-7
18	27236-65-3
18	27360-58-3
18	27575-47-9
18	27605-30-7
18	27685-51-4
18	2777-37-9
18	28086-13-7
18	2845-00-3
18	28752-79-6
18	28752-80-9
18	28953-04-0
18	29053-02-9
18	29138-86-1
18	2923-15-1
18	2949-11-3
18	29870-72-2
18	3021-39-4
18	30366-55-3
18	304-90-5
18	304656-34-6
18	3076-91-3
18	31065-88-0
18	31224-71-2
18	31632-68-5
18	31724-50-2
18	3198-04-7
18	32382-27-7
18	32407-99-1
18	32701-49-8
18	32787-44-3
18	3294-57-3
18	3294-58-4
18	3294-60-8
18	33020-34-7
18	33445-15-7
18	33631-63-9
18	3367-28-0
18	3367-29-1
18	3367-30-4
18	3367-31-5
18	3367-32-6
18	33724-17-3
18	33770-60-4
18	33960-08-6
18	3444-13-1
18	3477-28-9
18	3570-80-7
18	35823-05-3
18	3626-13-9
18	36568-91-9
18	3688-11-7
18	37020-93-2
18	371-76-6
18	37237-15-3
18	37297-87-3
18	37320-91-5
18	37340-23-1
18	3810-81-9
18	38232-63-2
18	39833-87-9
18	40138-90-7
18	40661-97-0
18	4386-35-0
18	4387-13-7
18	4656-04-6
18	4665-55-8
18	486-67-9
18	492-18-2
18	49540-00-3
18	498-73-7
18	502-39-6
18	506-83-2
18	5131-56-6
18	51312-24-4
18	51595-71-2
18	51622-02-7
18	517-16-8
18	51821-32-0
18	5185-84-2
18	525-30-4
18	52795-88-7
18	53007-72-0
18	53010-52-9
18	531-76-0
18	5326-00-1
18	53282-60-3
18	53404-67-4
18	53404-68-5
18	53404-69-6
18	53404-70-9
18	53408-91-6
18	535-55-7
18	53663-14-2
18	537-64-4
18	538-04-5
18	539-43-5
18	54-64-8
18	54129-03-2
18	5416-74-0
18	5421-48-7
18	5428-90-0
18	54295-90-8
18	543-63-5
18	54428-47-6
18	54481-45-7
18	55728-51-3
18	55939-60-1
18	56724-82-4
18	5722-59-8
18	57363-77-6
18	5822-97-9
18	583-15-3
18	5834-81-1
18	584-18-9
18	584-43-0
18	5857-37-4
18	5857-38-5
18	5857-39-6
18	58570-91-5
18	587-85-9
18	588-66-9
18	589-65-1
18	59-85-8
18	5902-76-1
18	5902-79-4
18	5903-10-6
18	591-89-9
18	592-04-1
18	592-63-2
18	592-85-8
18	593-74-8
18	5954-14-3
18	5955-19-1
18	5964-24-9
18	5970-32-1
18	5980-86-9
18	60064-28-0
18	6012-84-6
18	60345-95-1
18	6150-94-3
18	616-99-9
18	61792-06-1
18	62-37-3
18	623-07-4
18	62374-53-2
18	62638-02-2
18	627-44-1
18	6270-99-1
18	6273-99-0
18	628-85-3
18	628-86-4
18	6283-24-5
18	629-35-6
18	62909-81-3
18	631-60-7
18	63325-16-6
18	6336-12-5
18	63382-64-9
18	63468-53-1
18	63549-47-3
18	63868-93-9
18	63868-94-0
18	63868-95-1
18	63868-96-2
18	63868-98-4
18	63869-00-1
18	63869-01-2
18	63869-02-3
18	63869-03-4
18	63869-04-5
18	63869-05-6
18	63869-06-7
18	63869-07-8
18	63869-08-9
18	63905-89-5
18	63907-33-5
18	63937-14-4
18	63951-06-4
18	63951-09-7
18	63990-59-0
18	64025-06-5
18	64048-05-1
18	64048-06-2
18	64048-07-3
18	64048-08-4
18	64049-27-0
18	64049-28-1
18	64058-72-6
18	64058-74-8
18	64082-39-9
18	64491-92-5
18	645-99-8
18	64697-74-1
18	64697-75-2
18	64697-76-3
18	64697-77-4
18	64697-78-5
18	64714-49-4
18	64771-59-1
18	65381-02-4
18	66827-74-5
18	67465-39-8
18	67465-41-2
18	67465-42-3
18	67465-43-4
18	67465-44-5
18	67466-58-4
18	67536-44-1
18	6795-81-9
18	68201-97-8
18	68833-55-6
18	691-88-3
18	6937-66-2
18	70514-23-7
18	71720-55-3
18	72044-13-4
18	72066-32-1
18	72379-35-2
18	72780-86-0
18	73399-68-5
18	73399-71-0
18	73491-34-6
18	73513-17-4
18	73926-87-1
18	73926-88-2
18	73926-89-3
18	73928-11-7
18	73928-12-8
18	749262-24-6
18	7546-30-7
18	7548-26-7
18	75513-04-1
18	7616-83-3
18	762-55-0
18	7620-30-6
18	7681-34-7
18	7756-49-2
18	7774-29-0
18	7782-66-3
18	7782-77-6
18	7782-86-7
18	7783-30-4
18	7783-32-6
18	7783-33-7
18	7783-34-8
18	7783-35-9
18	7783-36-0
18	7783-39-3
18	7784-03-4
18	7784-37-4
18	7789-10-8
18	7789-47-1
18	780-24-5
18	78571-20-7
18	8012-34-8
18	8017-88-7
18	8069-64-5
18	80994-87-2
18	814-82-4
18	82151-04-0
18	823-04-1
18	82980-40-3
18	84029-43-6
18	84973-20-6
18	86-36-2
18	86-85-1
18	89521-44-8
18	90-03-9
18	90584-88-6
18	91081-69-5
18	91082-69-8
18	91722-12-2
18	92062-13-0
18	92200-97-0
18	93820-20-3
18	93882-20-3
18	94-43-9
18	94022-47-6
18	94070-92-5
18	94070-93-6
18	94238-21-8
18	94276-38-7
18	94276-88-7
18	94277-53-9
18	94481-62-6
18	96906-16-0
18	97209-13-7
18	973-17-1
18	RR-00004-4
18	RR-00005-5
18	RR-00138-7
18	RR-00361-2
18	RR-00569-6
18	RR-01294-2
18	RR-01342-3
18	RR-01858-6
18	RR-02536-5
18	RR-04547-6
18	RR-04677-5
18	RR-07193-2
18	RR-145946-7
18	RR-14866-3
18	RR-15850-9
18	RR-194036-9
18	RR-42082-6
18	RR-56263-0
18	RR-56357-5
18	RR-58673-2
18	RR-87612-0
18[a]	123720-03-6
18[a]	13981-51-6
18[a]	13982-78-0
18[a]	149038-91-5
18[a]	15064-97-8
18[a]	15116-82-2
18[a]	15756-15-7
18[a]	378782-04-8
18[a]	378782-05-9
18[a]	378782-08-2
18[a]	378782-18-4
18[a]	51887-47-9
18[a]	7439-97-6
18[a]	8030-64-6
18[a]	8031-27-4
18[a]	92355-34-5
18[a]	92786-62-4
18[a]	UN2809
19	100258-44-4
19	10031-13-7
19	100311-01-1
19	10048-95-0
19	100482-34-6
19	100641-27-8
19	100656-54-0
19	10080-72-5
19	100995-81-1
19	10101-57-2
19	10102-48-4
19	10102-49-5
19	10102-50-8
19	10102-53-1
19	10103-50-1
19	10103-60-3
19	10103-61-4
19	10103-62-5
19	10124-50-2
19	101319-72-6
19	101836-84-4
19	101860-05-3
19	102055-05-0
19	102110-21-4
19	102110-48-5
19	102110-56-5
19	102110-62-3
19	102430-06-8
19	102516-61-0
19	102525-64-4
19	10290-12-7
19	10326-24-6
19	10336-66-0
19	10336-68-2
19	10336-71-7
19	10378-48-0
19	10476-82-1
19	10476-87-6
19	106070-25-1
19	106097-60-3
19	106097-61-4
19	106097-63-6
19	106104-30-7
19	106129-90-2
19	106194-88-1
19	106495-95-8
19	106604-55-1
19	106699-17-6
19	106804-39-1
19	106804-40-4
19	106957-86-2
19	107-34-6
19	107067-98-1
19	107067-99-2
19	107103-01-5
19	107121-52-8
19	107121-53-9
19	107251-67-2
19	107251-68-3
19	107284-23-1
19	107477-77-0
19	107498-96-4
19	107762-95-8
19	107793-14-6
19	107793-15-7
19	107793-16-8
19	107992-66-5
19	108424-60-8
19	108424-61-9
19	108600-27-7
19	108801-46-3
19	108801-47-4
19	108821-70-1
19	108821-71-2
19	108821-72-3
19	108821-73-4
19	108821-74-5
19	108821-75-6
19	108855-42-1
19	108855-43-2
19	109877-61-4
19	109882-46-4
19	110602-77-2
19	110603-58-2
19	110603-60-6
19	110687-64-4
19	110781-06-1
19	110781-07-2
19	110781-08-3
19	110832-28-5
19	111242-84-3
19	111242-85-4
19	111419-46-6
19	111776-55-7
19	112050-17-6
19	112070-47-0
19	112285-95-7
19	113229-01-9
19	113515-10-9
19	113553-75-6
19	113876-86-1
19	113919-96-3
19	113919-97-4
19	113919-98-5
19	113920-24-4
19	113959-74-3
19	114755-61-2
19	114756-91-1
19	114824-20-3
19	1153-05-5
19	115493-57-7
19	116-49-4
19	116065-96-4
19	116099-09-3
19	116473-38-2
19	117746-50-6
19	118340-36-6
19	119-96-0
19	1192411-43-0
19	119354-96-0
19	1197-16-6
19	12002-03-8
19	12005-69-5
19	12005-70-8
19	12005-75-3
19	12005-81-1
19	12005-86-6
19	12005-88-8
19	12005-89-9
19	12005-92-4
19	12005-94-6
19	12005-95-7
19	12005-96-8
19	12005-99-1
19	12006-05-2
19	12006-06-3
19	12006-08-5
19	12006-09-6
19	12006-10-9
19	12006-12-1
19	12006-15-4
19	12006-21-2
19	12006-40-5
19	120148-08-5
19	120149-75-9
19	120149-76-0
19	12044-16-5
19	12044-20-1
19	12044-21-2
19	12044-22-3
19	12044-25-6
19	12044-28-9
19	12044-30-3
19	12044-31-4
19	12044-32-5
19	12044-42-7
19	12044-49-4
19	12044-50-7
19	12044-52-9
19	12044-54-1
19	12044-55-2
19	12044-57-4
19	12044-65-4
19	12044-79-0
19	121-19-7
19	121-59-5
19	12254-85-2
19	12254-88-5
19	12255-04-8
19	12255-08-2
19	12255-09-3
19	12255-10-6
19	12255-11-7
19	12255-36-6
19	12255-39-9
19	12255-48-0
19	12255-50-4
19	12255-53-7
19	12255-80-0
19	12256-04-1
19	12256-33-6
19	12271-72-6
19	12279-90-2
19	12310-22-4
19	12344-68-2
19	124-58-3
19	124-65-2
19	12417-99-1
19	125687-68-5
19	125694-36-2
19	126-82-9
19	12612-21-4
19	12626-31-2
19	126999-21-1
19	127-85-5
19	12774-48-0
19	12777-38-7
19	127795-79-3
19	12795-30-1
19	128662-88-4
19	129618-34-4
19	1303-11-3
19	1303-13-5
19	1303-18-0
19	1303-22-6
19	1303-32-8
19	1303-33-9
19	1303-34-0
19	1303-36-2
19	1303-37-3
19	1303-39-5
19	131599-74-1
19	131599-76-3
19	132-33-2
19	13246-32-7
19	1327-52-2
19	1332-10-1
19	13355-00-5
19	13367-92-5
19	133927-17-0
19	1345-20-6
19	13453-15-1
19	13462-91-4
19	13462-93-6
19	13462-94-7
19	13464-35-2
19	13464-37-4
19	13464-38-5
19	13464-39-6
19	13464-42-1
19	13464-43-2
19	13464-44-3
19	13464-58-9
19	13464-68-1
19	13477-04-8
19	13478-14-3
19	13478-34-7
19	13510-31-1
19	13510-44-6
19	13510-46-8
19	13510-72-0
19	13510-94-6
19	13702-38-0
19	139-93-5
19	13911-65-4
19	140-45-4
19	14060-38-9
19	14304-78-0
19	144-21-8
19	144-87-6
19	14525-25-8
19	14644-70-3
19	146504-31-6
19	14674-83-0
19	14687-61-7
19	14765-72-1
19	14809-44-0
19	14809-45-1
19	14849-23-1
19	14973-92-3
19	1499-33-8
19	15120-17-9
19	15122-58-4
19	15194-98-6
19	15195-00-3
19	15195-06-9
19	15422-59-0
19	15575-20-9
19	15755-33-6
19	15755-35-8
19	16102-92-4
19	16142-89-5
19	16509-22-1
19	1668-00-4
19	16685-55-5
19	17029-22-0
19	17068-85-8
19	1758-48-1
19	1772-02-7
19	1776-70-1
19	185395-33-9
19	2045-00-3
19	21006-73-5
19	21093-83-4
19	21480-65-9
19	2163-77-1
19	2163-80-6
19	21840-08-4
19	21892-63-7
19	2215-16-9
19	22441-45-8
19	22541-54-4
19	22626-92-2
19	22739-14-6
19	22831-42-1
19	2321-53-1
19	23525-22-6
19	23582-05-0
19	23582-06-1
19	23878-46-8
19	2445-07-0
19	24719-13-9
19	24719-19-5
19	2533-82-6
19	27016-73-5
19	27152-57-4
19	27526-45-0
19	27569-09-1
19	2865-70-5
19	28837-97-0
19	2896-10-8
19	28980-47-4
19	28980-48-5
19	29871-10-1
19	29871-13-4
19	29935-35-1
19	306-12-7
19	3141-12-6
19	32680-29-8
19	32775-46-5
19	33382-64-8
19	35171-52-9
19	3547-38-4
19	35745-11-0
19	3599-28-8
19	3639-19-8
19	36465-76-6
19	3687-31-8
19	3688-92-4
19	37226-49-6
19	37337-11-4
19	37382-15-3
19	3772-44-9
19	3861-75-4
19	39297-24-0
19	39310-41-3
19	3937-40-4
19	39399-60-5
19	3969-54-8
19	40334-69-8
19	40334-70-1
19	420-24-6
19	4262-43-5
19	437-15-0
19	4431-24-7
19	4519-32-8
19	457-60-3
19	4656-80-8
19	471-35-2
19	4808-24-6
19	494-79-1
19	4964-14-1
19	50288-23-8
19	503-80-0
19	50641-75-3
19	507-27-7
19	507-28-8
19	515-76-4
19	520-10-5
19	52081-02-4
19	52126-83-7
19	52740-16-6
19	531-72-6
19	534-33-8
19	53404-12-9
19	53404-47-0
19	53669-45-7
19	538-03-4
19	541-25-3
19	5410-29-7
19	5425-62-7
19	5440-04-0
19	549-59-7
19	554-72-3
19	55588-51-7
19	557-89-1
19	558-31-6
19	56320-22-0
19	56450-43-2
19	56729-51-2
19	57673-50-4
19	578-94-9
19	5785-43-3
19	57900-42-2
19	58-36-6
19	5806-84-8
19	5806-89-3
19	58076-82-7
19	5814-20-0
19	585-54-6
19	5892-48-8
19	590-34-1
19	5902-95-4
19	593-52-2
19	593-58-8
19	593-88-4
19	593-89-5
19	59400-80-5
19	5968-84-3
19	598-14-1
19	60154-16-7
19	60168-33-4
19	6018-31-1
19	60189-99-3
19	603-32-7
19	60646-36-8
19	60909-47-9
19	60953-19-7
19	6101-00-4
19	61219-26-9
19	6131-99-3
19	61462-16-6
19	617-75-4
19	618-22-4
19	618-82-6
19	620-27-9
19	6217-24-9
19	622-68-4
19	62337-00-2
19	62613-15-4
19	6306-96-3
19	63217-32-3
19	63217-33-4
19	63468-73-5
19	637-03-6
19	6379-37-9
19	6380-34-3
19	63957-41-5
19	63989-69-5
19	64046-74-8
19	64046-75-9
19	64046-96-4
19	64047-01-4
19	64048-88-0
19	64048-89-1
19	64048-90-4
19	64048-96-0
19	64048-98-2
19	64048-99-3
19	64049-05-4
19	64049-06-5
19	64049-08-7
19	64049-09-8
19	64049-10-1
19	64049-11-2
19	64049-12-3
19	64049-14-5
19	64049-15-6
19	64049-16-7
19	64049-17-8
19	64049-22-5
19	64049-23-6
19	64049-24-7
19	64049-25-8
19	64070-83-3
19	64475-90-7
19	64973-06-4
19	65113-28-2
19	65453-05-6
19	6585-53-1
19	65997-18-4
19	66019-20-3
19	6634-88-4
19	67226-86-2
19	67251-38-1
19	676-70-0
19	676-71-1
19	676-75-5
19	67711-96-0
19	67712-00-9
19	683-43-2
19	683-45-4
19	686-61-3
19	68611-46-1
19	68784-76-9
19	688-97-1
19	68892-01-3
19	68951-38-2
19	68957-75-5
19	69011-59-2
19	69011-60-5
19	69012-20-0
19	69012-51-7
19	69012-57-3
19	69029-45-4
19	69029-49-8
19	69029-51-2
19	69029-67-0
19	69029-69-2
19	69029-70-5
19	69029-78-3
19	69029-88-5
19	69029-90-9
19	69029-97-6
19	692-23-9
19	692-42-2
19	692-95-5
19	696-28-6
19	6966-64-9
19	70333-07-2
19	71130-50-2
19	71130-51-3
19	712-48-1
19	72845-34-2
19	73003-83-5
19	73156-86-2
19	749262-24-6
19	75-60-5
19	7631-89-2
19	7645-25-2
19	7681-83-6
19	7774-41-6
19	7778-41-8
19	7778-43-0
19	7778-44-1
19	7784-08-9
19	7784-33-0
19	7784-34-1
19	7784-35-2
19	7784-36-3
19	7784-37-4
19	7784-38-5
19	7784-41-0
19	7784-42-1
19	7784-44-3
19	7784-45-4
19	7784-46-5
19	7786-36-9
19	78331-48-3
19	8012-54-2
19	8028-73-7
19	8066-44-2
19	80879-64-7
19	80925-03-7
19	822-65-1
19	829-83-4
19	84057-85-2
19	84195-61-9
19	84215-47-4
19	84215-48-5
19	84282-36-0
19	84304-15-4
19	84304-16-5
19	84776-01-2
19	85117-02-8
19	85237-42-9
19	855886-94-1
19	855954-34-6
19	900-77-6
19	91053-46-2
19	91053-47-3
19	91053-48-4
19	917-76-0
19	91724-16-2
19	92062-13-0
19	92128-37-5
19	926-53-4
19	93841-79-3
19	94113-53-8
19	94138-87-1
19	94232-26-5
19	94278-22-5
19	94313-58-3
19	945-48-2
19	94551-66-3
19	97-44-9
19	97404-76-7
19	97791-83-8
19	98-05-5
19	98-14-6
19	98-50-0
19	98-72-6
19	98106-56-0
19	98246-91-4
19	99035-51-5
19	P-91-1278
19	RR-00035-1
19	RR-00065-7
19	RR-00104-7
19	RR-00132-1
19	RR-00154-7
19	RR-00586-7
19	RR-00625-7
19	RR-00717-0
19	RR-00732-9
19	RR-00733-0
19	RR-00801-5
19	RR-01200-0
19	RR-01275-9
19	RR-01292-0
19	RR-01513-4
19	RR-01913-6
19	RR-03689-5
19	RR-04020-0
19	RR-06762-9
19	RR-07194-3
19	RR-10012-9
19	RR-10387-7
19	RR-10388-8
19	RR-10463-2
19	RR-11147-7
19	RR-11148-8
19	RR-12396-6
19	RR-12442-5
19	RR-12446-9
19	RR-12618-1
19	RR-12622-7
19	RR-12626-1
19	RR-13297-8
19	RR-14263-2
19	RR-14736-4
19	RR-17668-1
19	RR-19628-1
19	RR-209165-8
19	RR-42176-1
19	RR-42178-3
19	RR-42180-7
19	RR-42236-6
19	RR-42793-0
19	RR-42906-1
19	RR-43729-6
19	RR-43827-7
19	RR-46599-6
19	RR-55401-8
19	RR-58785-9
19	RR-58786-0
2	1187028-37-0
2	75-01-4
2	UN1086
20	1000-40-4
20	1002-53-5
20	10039-33-5
20	10074-32-5
20	100835-88-9
20	10113-34-5
20	101319-72-6
20	101319-94-2
20	1015-53-8
20	101830-33-5
20	101880-98-2
20	10192-92-4
20	10203-52-8
20	1021-22-3
20	103044-42-4
20	103270-64-0
20	10428-19-0
20	10428-22-5
20	104959-77-5
20	104959-82-2
20	105018-58-4
20	105494-65-3
20	10584-98-2
20	10586-78-4
20	1059-35-4
20	10603-63-1
20	1064-10-4
20	1066-44-0
20	1066-45-1
20	1066-57-5
20	1067-29-4
20	1067-52-3
20	1067-55-6
20	1067-97-6
20	1070-91-3
20	108110-01-6
20	108537-06-0
20	111108-89-5
20	1112-56-7
20	1112-63-6
20	1118-14-5
20	1118-42-9
20	1118-46-3
20	112309-68-9
20	1124-19-2
20	112747-58-7
20	1135-99-5
20	1178-79-6
20	1185-81-5
20	1204812-53-2
20	12379-54-3
20	124504-99-0
20	124505-02-8
20	1262-21-1
20	1262-78-8
20	128093-63-0
20	13121-70-5
20	13173-04-1
20	13269-74-4
20	13302-06-2
20	13302-08-4
20	13323-62-1
20	13323-63-2
20	13331-52-7
20	13355-96-9
20	13356-20-2
20	13362-00-0
20	13387-91-2
20	13413-18-8
20	13435-05-7
20	13467-96-4
20	13468-00-3
20	13497-25-1
20	139353-88-1
20	14208-54-9
20	14214-24-5
20	14254-22-9
20	14275-57-1
20	1446-45-3
20	14488-53-0
20	1449-55-4
20	1461-22-9
20	1461-23-0
20	1461-25-2
20	14764-54-6
20	147716-03-8
20	151436-98-5
20	15220-82-3
20	15257-25-7
20	1528-01-4
20	1529-30-2
20	15336-98-8
20	15481-47-7
20	15481-48-8
20	15535-79-2
20	15546-11-9
20	15546-12-0
20	15546-16-4
20	15571-59-2
20	15571-60-5
20	15597-43-0
20	15652-38-7
20	15666-28-1
20	15666-29-2
20	15719-34-3
20	15853-77-7
20	15880-66-7
20	160709-63-7
20	16091-18-2
20	16122-27-3
20	1631-73-8
20	163206-28-8
20	17036-31-6
20	17209-76-6
20	172777-10-5
20	17313-85-8
20	17523-06-7
20	17578-54-0
20	17586-94-6
20	17973-82-9
20	17997-47-6
20	1803-12-9
20	18403-67-3
20	18824-11-8
20	18961-66-5
20	1907-13-7
20	19429-30-2
20	19464-55-2
20	1954-36-5
20	19704-60-0
20	19706-58-2
20	1983-10-4
20	20004-12-0
20	20153-49-5
20	20153-50-8
20	20332-10-9
20	20369-63-5
20	20451-90-5
20	20556-89-2
20	2117-50-2
20	215186-99-5
20	2155-70-6
20	2176-98-9
20	217805-03-3
20	2179-92-2
20	2179-99-9
20	21843-46-9
20	21986-78-7
20	22205-26-1
20	22205-30-7
20	2232-69-1
20	22330-14-9
20	22535-42-8
20	22709-76-8
20	2273-43-0
20	2273-48-5
20	2273-51-0
20	2279-76-7
20	23292-85-5
20	23654-14-0
20	23850-94-4
20	2406-65-7
20	24124-25-2
20	24291-45-0
20	24291-51-8
20	24379-26-8
20	24577-34-2
20	24660-23-9
20	24850-33-7
20	25150-98-5
20	25151-00-2
20	25168-21-2
20	25168-22-3
20	25168-24-5
20	25430-97-1
20	25637-27-8
20	25711-26-6
20	25852-70-4
20	2587-76-0
20	25955-19-5
20	26239-64-5
20	26292-98-8
20	26302-30-7
20	26354-15-4
20	26354-18-7
20	26377-04-8
20	26401-86-5
20	26401-97-8
20	26410-42-4
20	26636-01-1
20	2669-35-4
20	26738-80-7
20	26761-46-6
20	26821-65-8
20	26864-37-9
20	26864-39-1
20	26896-31-1
20	26962-68-5
20	27107-89-7
20	27147-18-8
20	27189-59-9
20	27440-55-7
20	27550-52-3
20	27605-35-2
20	2767-54-6
20	2767-55-7
20	2767-61-5
20	2781-09-1
20	2791-60-8
20	28089-34-1
20	28308-70-5
20	28375-10-2
20	2847-65-6
20	2857-03-6
20	28570-24-3
20	28570-25-4
20	2865-19-2
20	28653-36-3
20	28660-63-1
20	28660-67-5
20	28801-69-6
20	2897-46-3
20	29134-69-8
20	2943-86-4
20	29457-48-5
20	2949-42-0
20	29492-49-7
20	29575-02-8
20	29881-72-9
20	30099-72-0
20	3021-41-8
20	3023-92-5
20	3026-81-1
20	3033-29-2
20	30860-66-3
20	3090-35-5
20	3090-36-6
20	3091-18-7
20	3091-25-6
20	3091-27-8
20	3091-32-5
20	31045-95-1
20	31430-86-1
20	31709-32-7
20	31732-71-5
20	32011-18-0
20	32011-19-1
20	3267-78-5
20	32673-05-5
20	33397-79-4
20	3342-67-4
20	33466-31-8
20	3349-36-8
20	3349-38-0
20	33550-22-0
20	33568-99-9
20	33703-04-7
20	34152-36-8
20	34349-21-8
20	3440-79-7
20	3465-75-6
20	3465-77-8
20	34871-84-6
20	3531-43-9
20	35569-11-0
20	3572-47-2
20	3582-17-0
20	3587-18-6
20	3590-59-8
20	3590-83-8
20	3590-84-9
20	36118-60-2
20	3634-62-6
20	36432-42-5
20	3644-29-9
20	3644-32-4
20	3644-37-9
20	3644-38-0
20	36631-23-9
20	36643-28-4
20	3669-02-1
20	37074-33-2
20	379-51-1
20	379-52-2
20	38438-11-8
20	38620-15-4
20	3865-34-7
20	3865-35-8
20	3912-86-5
20	39637-16-6
20	4027-13-8
20	4027-14-9
20	4027-17-2
20	4027-18-3
20	4117-92-4
20	4154-35-2
20	42378-34-7
20	4253-22-9
20	429-30-1
20	429-77-6
20	43136-18-1
20	4342-30-7
20	4342-33-0
20	4342-36-3
20	4419-22-1
20	45234-42-2
20	45314-70-3
20	4588-60-7
20	4638-25-9
20	4644-96-6
20	4731-77-5
20	4756-53-0
20	47562-29-8
20	47672-31-1
20	4782-29-0
20	4808-30-4
20	4848-63-9
20	5035-67-6
20	5035-68-7
20	50378-14-8
20	50788-67-5
20	5107-58-4
20	5107-59-5
20	51287-83-3
20	51287-84-4
20	51375-45-2
20	51815-14-6
20	51952-23-9
20	52082-48-1
20	52132-44-2
20	52165-03-4
20	52628-34-9
20	52671-36-0
20	5271-60-3
20	52722-81-3
20	53040-42-9
20	53100-69-9
20	53202-61-2
20	53236-83-2
20	53404-82-3
20	53466-85-6
20	53478-57-2
20	53478-61-8
20	53584-15-9
20	54068-28-9
20	54581-65-6
20	5462-26-0
20	54849-38-6
20	5488-45-9
20	55410-80-5
20	5587-52-0
20	56-24-6
20	56-35-9
20	56-36-0
20	56046-99-2
20	563-25-7
20	56323-17-2
20	56323-19-4
20	56573-85-4
20	56875-68-4
20	57-52-3
20	57057-50-8
20	57105-89-2
20	5762-18-5
20	57754-92-4
20	57808-37-4
20	57813-60-2
20	57813-62-4
20	57875-67-9
20	58098-20-7
20	5827-56-5
20	5827-57-6
20	5827-58-7
20	5837-26-3
20	5847-48-3
20	5847-51-8
20	5847-52-9
20	5847-53-0
20	5847-54-1
20	5847-55-2
20	58636-10-5
20	59020-10-9
20	59061-51-7
20	59118-76-2
20	59118-77-3
20	59118-79-5
20	59118-80-8
20	59118-81-9
20	59118-93-3
20	59138-44-2
20	59157-52-7
20	59185-95-4
20	594-27-4
20	595-90-4
20	59571-08-3
20	5967-09-9
20	597-64-8
20	59963-28-9
20	60083-70-7
20	6031-41-0
20	60494-17-9
20	60494-18-0
20	60494-19-1
20	6056-50-4
20	60585-20-8
20	60659-60-1
20	60659-61-2
20	61241-05-2
20	61467-81-0
20	61470-33-5
20	61470-34-6
20	61599-28-8
20	61746-04-1
20	6180-99-0
20	61813-52-3
20	61912-55-8
20	62149-82-0
20	62312-12-3
20	62480-03-9
20	63397-60-4
20	63438-80-2
20	63869-87-4
20	639-58-7
20	6452-61-5
20	6454-35-9
20	64549-05-9
20	64926-50-7
20	6517-25-5
20	65291-39-6
20	65301-38-4
20	65308-00-1
20	65540-76-3
20	661-69-8
20	66161-18-0
20	66603-07-4
20	668-34-8
20	6688-50-2
20	66899-69-2
20	66899-70-5
20	67053-64-9
20	67057-32-3
20	67057-34-5
20	67361-76-6
20	67361-77-7
20	67410-20-2
20	67649-65-4
20	67701-37-5
20	67772-01-4
20	67827-58-1
20	67827-59-2
20	67859-55-6
20	67859-59-0
20	67859-61-4
20	67859-62-5
20	67859-63-6
20	67859-64-7
20	67859-65-8
20	67874-41-3
20	67874-42-4
20	67874-45-7
20	67874-46-8
20	67874-47-9
20	67874-48-0
20	67874-49-1
20	67874-51-5
20	67874-54-8
20	67905-20-8
20	67905-21-9
20	67905-22-0
20	67907-14-6
20	67907-15-7
20	67924-24-7
20	67936-79-2
20	67939-23-5
20	67939-28-0
20	67939-64-4
20	681-99-2
20	68109-85-3
20	68109-86-4
20	68109-87-5
20	68109-88-6
20	68133-04-0
20	682-32-6
20	68201-92-3
20	6821-94-9
20	68239-46-3
20	68239-50-9
20	68298-36-2
20	68298-37-3
20	68298-38-4
20	68298-39-5
20	68298-40-8
20	68298-42-0
20	68298-43-1
20	68299-15-0
20	68299-23-0
20	68406-52-0
20	68412-36-2
20	68412-50-0
20	68420-14-4
20	68420-16-6
20	68441-20-3
20	68442-12-6
20	68460-05-9
20	68460-06-0
20	68478-76-2
20	68538-86-3
20	68584-62-3
20	68584-66-7
20	68725-14-4
20	68725-15-5
20	688-73-3
20	68928-34-7
20	68928-37-0
20	68928-38-1
20	68928-39-2
20	68928-40-5
20	68928-41-6
20	68928-42-7
20	68928-44-9
20	68928-47-2
20	68928-48-3
20	68928-49-4
20	68928-50-7
20	68928-52-9
20	68928-76-7
20	68928-78-9
20	68955-07-7
20	68974-77-6
20	68988-11-4
20	68988-12-5
20	68988-58-9
20	69039-26-5
20	69226-44-4
20	69226-46-6
20	69226-47-7
20	69239-37-8
20	6931-76-6
20	69537-35-5
20	69799-37-7
20	69882-12-8
20	70024-86-1
20	70303-46-7
20	70303-47-8
20	7067-44-9
20	70729-71-4
20	70750-24-2
20	70892-97-6
20	70892-98-7
20	7094-94-2
20	70942-28-8
20	70942-29-9
20	70942-30-2
20	70942-31-3
20	70942-34-6
20	70942-35-7
20	70942-36-8
20	70942-46-0
20	70942-47-1
20	70969-63-0
20	70969-67-4
20	70969-68-5
20	70969-72-1
20	71119-47-6
20	71119-48-7
20	7141-19-7
20	71510-19-5
20	72231-02-8
20	7224-23-9
20	72259-65-5
20	72305-84-1
20	73003-70-0
20	7304-48-5
20	7324-74-5
20	7324-77-8
20	73246-85-2
20	7342-38-3
20	7342-39-4
20	7342-45-2
20	7342-47-4
20	73926-90-6
20	73927-88-5
20	73927-89-6
20	73927-91-0
20	73927-92-1
20	73927-93-2
20	73927-94-3
20	73927-95-4
20	73927-97-6
20	73927-98-7
20	73927-99-8
20	7393-43-3
20	73940-87-1
20	73940-88-2
20	73940-89-3
20	74007-80-0
20	7414-81-5
20	74162-83-7
20	7437-35-6
20	7486-35-3
20	74957-03-2
20	75113-32-5
20	75113-35-8
20	75113-36-9
20	75149-37-0
20	752-58-9
20	753-61-7
20	7532-85-6
20	75457-52-2
20	7552-16-1
20	7580-74-7
20	76-63-1
20	761-44-4
20	76461-84-2
20	76468-20-7
20	7653-28-3
20	77-80-5
20	77928-59-7
20	78-06-8
20	78-20-6
20	78182-42-0
20	78899-76-0
20	79330-84-0
20	79403-36-4
20	79922-74-0
20	81034-75-5
20	811-73-4
20	813-19-4
20	819-21-6
20	82364-22-5
20	82554-77-6
20	82963-02-8
20	83447-69-2
20	83833-21-0
20	83833-23-2
20	83833-24-3
20	83833-25-4
20	83833-26-5
20	83833-27-6
20	83833-28-7
20	83846-45-1
20	83898-44-6
20	83898-45-7
20	83898-46-8
20	83898-47-9
20	83898-48-0
20	83898-49-1
20	83898-50-4
20	83898-51-5
20	83898-52-6
20	83898-53-7
20	83898-54-8
20	83898-55-9
20	83898-56-0
20	83898-57-1
20	83898-58-2
20	83898-59-3
20	83898-60-6
20	84012-65-7
20	84012-66-8
20	84029-40-3
20	84029-62-9
20	84029-63-0
20	84029-64-1
20	84029-72-1
20	84029-73-2
20	84029-74-3
20	84029-75-4
20	84029-76-5
20	84029-77-6
20	84029-78-7
20	84029-79-8
20	84029-80-1
20	84029-81-2
20	84030-41-1
20	84030-42-2
20	84030-43-3
20	84030-44-4
20	84030-45-5
20	84030-46-6
20	84030-47-7
20	84030-61-5
20	84051-94-5
20	84145-12-0
20	84332-95-6
20	84332-96-7
20	84332-97-8
20	84332-98-9
20	84370-78-5
20	84712-69-6
20	84712-70-9
20	84777-54-8
20	84787-73-5
20	84787-74-6
20	84787-79-1
20	84787-80-4
20	84788-16-9
20	84788-17-0
20	84803-43-0
20	84837-25-2
20	84864-54-0
20	84896-41-3
20	84896-44-6
20	85371-54-6
20	85391-79-3
20	85391-80-6
20	85391-81-7
20	85409-17-2
20	85665-63-0
20	85702-55-2
20	85702-56-3
20	85702-57-4
20	85702-74-5
20	85702-75-6
20	85702-76-7
20	85702-77-8
20	85702-78-9
20	85702-85-8
20	85702-86-9
20	85702-87-0
20	85702-88-1
20	85938-40-5
20	85938-41-6
20	85938-42-7
20	85938-43-8
20	85938-44-9
20	85938-45-0
20	85938-46-1
20	85938-47-2
20	85938-48-3
20	85938-49-4
20	85938-50-7
20	85938-51-8
20	85938-52-9
20	85938-53-0
20	866-55-7
20	869901-24-6
20	870-08-6
20	87735-26-0
20	892-20-6
20	894-09-7
20	90288-21-4
20	90529-64-9
20	90552-67-3
20	90552-68-4
20	90552-69-5
20	910-06-5
20	91422-01-4
20	919-28-8
20	92154-74-0
20	934-56-5
20	93686-53-4
20	93778-53-1
20	93805-32-4
20	93805-54-0
20	93819-95-5
20	93841-41-9
20	93841-42-0
20	93841-43-1
20	93857-17-1
20	93857-18-2
20	93893-96-0
20	93893-97-1
20	93893-98-2
20	93918-30-0
20	93918-33-3
20	93918-35-5
20	93925-43-0
20	93951-17-8
20	93951-53-2
20	93965-21-0
20	93965-22-1
20	93965-26-5
20	93965-27-6
20	93981-44-3
20	94021-54-2
20	94023-65-1
20	94042-69-0
20	94095-56-4
20	94109-28-1
20	94109-31-6
20	94134-56-2
20	94237-39-5
20	94246-99-8
20	94279-11-5
20	94349-25-4
20	94349-26-5
20	94349-27-6
20	94410-05-6
20	94442-03-2
20	94857-33-7
20	95873-60-2
20	96446-11-6
20	97259-90-0
20	97392-78-4
20	974-29-8
20	97922-83-3
20	993-50-0
20	994-31-0
20	994-32-1
20	994-71-8
20	996-08-7
20	996-37-2
20	997-50-2
20	P-86-0623
20	RR-00134-3
20	RR-00399-6
20	RR-01199-4
20	RR-02528-5
20	RR-02529-6
20	RR-02530-9
20	RR-02531-0
20	RR-02532-1
20	RR-02533-2
20	RR-04205-7
20	RR-109331-8
20	RR-163140-9
20	RR-163141-0
20	RR-184837-9
20	RR-30319-5
20	RR-30320-8
20	RR-30404-1
20	RR-31161-5
20	RR-45114-9
20	RR-45115-0
20	RR-46564-5
20	RR-53985-5
20	RR-54373-7
20	RR-54374-8
20	RR-54380-6
20	RR-55197-3
20	RR-55544-2
20	RR-58136-2
20	RR-60258-4
21	75113-37-0
23	10022-68-1
23	100402-53-7
23	10060-09-0
23	100656-55-1
23	101012-89-9
23	101012-93-5
23	101012-94-6
23	101356-99-4
23	101357-00-0
23	101357-01-1
23	101357-02-2
23	101357-03-3
23	101357-04-4
23	10163-13-0
23	10196-67-5
23	102110-30-5
23	102184-95-2
23	10326-28-0
23	10468-30-1
23	104698-09-1
23	10471-46-2
23	104907-96-2
23	105034-60-4
23	106496-20-2
23	106520-07-4
23	106603-47-8
23	1067-32-9
23	108706-30-5
23	108706-31-6
23	11091-69-3
23	11112-63-3
23	11129-14-9
23	113128-07-7
23	116086-43-2
23	116391-72-1
23	116854-17-2
23	116920-59-3
23	117912-89-7
23	117912-90-0
23	117912-91-1
23	1191-79-3
23	119222-01-4
23	12001-20-6
23	12006-15-4
23	12014-14-1
23	12014-28-7
23	12014-29-8
23	12014-33-4
23	12139-22-9
23	12139-23-0
23	12185-56-7
23	12185-64-7
23	12187-14-3
23	12213-70-6
23	12214-12-9
23	12292-07-8
23	12380-95-9
23	12400-33-8
23	12442-27-2
23	125687-98-1
23	12626-36-7
23	12656-57-4
23	12685-29-9
23	1306-24-7
23	1306-25-8
23	131500-00-0
23	132295-56-8
23	132295-57-9
23	1345-09-1
23	13464-92-1
23	13477-17-3
23	13477-19-5
23	13477-20-8
23	13477-21-9
23	13477-22-0
23	13477-23-1
23	135742-32-4
23	13601-63-3
23	136543-49-2
23	136543-50-5
23	136543-51-6
23	13701-66-1
23	13755-33-4
23	13760-37-7
23	13814-59-0
23	13814-62-5
23	13832-25-2
23	13847-17-1
23	13890-84-1
23	13966-86-4
23	13972-68-4
23	14010-06-1
23	14017-36-8
23	14067-62-0
23	141-00-4
23	14109-32-1
23	14109-32-1
23	14177-24-3
23	14184-47-5
23	14215-29-3
23	14239-68-0
23	14312-00-6
23	14336-66-4
23	14336-66-4
23	14336-68-6
23	14336-68-6
23	14402-75-6
23	14486-19-2
23	14518-94-6
23	14520-70-8
23	14566-86-0
23	14689-45-3
23	14709-52-5
23	14709-52-5
23	14874-24-9
23	14923-81-0
23	14949-59-8
23	14949-60-1
23	15139-70-5
23	15139-70-5
23	15244-35-6
23	15337-60-7
23	15600-62-1
23	15630-39-4
23	15682-87-8
23	15708-29-9
23	15743-19-8
23	15851-44-2
23	15852-14-9
23	16039-55-7
23	16056-72-7
23	16105-06-9
23	1623456-05-2
23	16593-57-0
23	16986-83-7
23	17033-07-7
23	17329-48-5
23	1773514-66-1
23	1773514-92-3
23	18532-52-0
23	18532-58-6
23	18897-36-4
23	18974-20-4
23	18991-05-4
23	19010-65-2
23	19010-79-8
23	19262-93-2
23	1926976-90-0
23	19651-91-3
23	20571-45-3
23	20648-91-3
23	21150-88-9
23	21328-74-5
23	2191-10-8
23	2223-93-0
23	22465-18-5
23	22537-48-0
23	22750-53-4
23	22750-54-5
23	2408-86-8
23	2420-97-5
23	2420-98-6
23	24345-60-6
23	24558-49-4
23	25685-75-0
23	2605-44-9
23	26264-48-2
23	27476-27-3
23	28038-18-8
23	28038-25-7
23	28041-77-2
23	2847-16-7
23	29398-76-3
23	29736-89-8
23	29870-72-2
23	29977-13-7
23	3026-22-0
23	30304-32-6
23	303114-50-3
23	30363-28-1
23	30623-04-2
23	307531-70-0
23	30905-38-5
23	30905-38-5
23	31017-44-4
23	31119-53-6
23	31215-94-8
23	34100-40-8
23	34303-23-6
23	34345-39-6
23	34410-88-3
23	35658-65-2
23	35803-35-1
23	36211-44-6
23	36931-18-7
23	37131-86-5
23	37364-06-0
23	378253-44-2
23	378253-44-2
23	378253-45-3
23	378253-45-3
23	378253-46-4
23	378253-46-4
23	38386-25-3
23	38517-19-0
23	4167-05-9
23	4390-97-0
23	4476-04-4
23	4696-59-7
23	49707-39-3
23	49784-42-1
23	49784-44-3
23	506-82-1
23	50648-02-7
23	5112-16-3
23	51222-60-7
23	52337-78-7
23	53846-34-7
23	543-90-8
23	55060-82-7
23	55700-14-6
23	56982-42-4
23	5743-04-4
23	58339-34-7
23	592-02-9
23	59223-35-7
23	61129-40-6
23	61789-34-2
23	61951-96-0
23	62149-56-8
23	62642-07-3
23	62865-26-3
23	63400-09-9
23	6427-86-7
23	64681-08-9
23	654054-66-7
23	65997-18-4
23	67906-19-8
23	67939-62-2
23	67989-93-9
23	68092-45-5
23	68131-58-8
23	68131-59-9
23	68214-25-5
23	68309-98-8
23	68332-81-0
23	68409-82-5
23	68441-39-4
23	68478-53-5
23	68479-13-0
23	68512-49-2
23	68512-50-5
23	68512-51-6
23	68583-43-7
23	68583-44-8
23	68583-45-9
23	68584-41-8
23	68584-42-9
23	68784-10-1
23	68784-55-4
23	68784-58-7
23	68855-80-1
23	68859-25-6
23	68876-84-6
23	68876-90-4
23	68876-98-2
23	68876-99-3
23	68877-00-9
23	68877-01-0
23	68891-87-2
23	68953-39-9
23	68954-18-7
23	68956-81-0
23	68966-97-2
23	69011-66-1
23	69011-67-2
23	69011-69-4
23	69011-70-7
23	69012-21-1
23	69012-44-8
23	69012-51-7
23	69012-57-3
23	69012-63-1
23	69012-67-5
23	69029-48-7
23	69029-49-8
23	69029-63-6
23	69029-69-2
23	69029-70-5
23	69029-77-2
23	69029-78-3
23	69029-81-8
23	69029-89-6
23	69029-90-9
23	69029-91-0
23	69029-92-1
23	69029-95-4
23	69029-96-5
23	69121-20-6
23	69190-99-4
23	70084-75-2
23	70206-08-5
23	7058-55-1
23	71231-59-9
23	71243-75-9
23	71411-66-0
23	71436-99-2
23	71599-06-9
23	71861-27-3
23	72172-64-6
23	72275-93-5
23	72589-96-9
23	72828-62-7
23	72869-26-2
23	72869-63-7
23	72968-34-4
23	73941-35-2
23	74178-35-1
23	74278-22-1
23	7440-43-9
23	7495-93-4
23	7544-40-3
23	7568-37-8
23	76093-98-6
23	76835-97-7
23	76871-66-4
23	7789-42-6
23	7790-78-5
23	7790-81-0
23	7790-82-1
23	7790-83-2
23	7790-84-3
23	7790-85-4
23	79490-00-9
23	79990-52-6
23	8048-07-5
23	814-88-0
23	84696-56-0
23	84878-36-4
23	84878-37-5
23	84878-48-8
23	84878-51-3
23	84953-43-5
23	85117-02-8
23	85117-20-0
23	85586-15-8
23	85688-00-2
23	85958-86-7
23	85994-31-6
23	865-38-3
23	87835-30-1
23	89759-80-8
23	90194-35-7
23	90218-85-2
23	90342-19-1
23	90411-62-4
23	90529-78-5
23	90604-89-0
23	90604-90-3
23	91053-44-0
23	91053-46-2
23	91053-47-3
23	91697-35-7
23	92062-13-0
23	92128-37-5
23	92257-06-2
23	92257-11-9
23	92704-12-6
23	92704-15-9
23	92704-19-3
23	92704-24-0
23	92797-28-9
23	93367-04-5
23	93686-40-9
23	93820-02-1
23	93858-50-5
23	93894-07-6
23	93894-08-7
23	93894-09-8
23	93894-10-1
23	93965-24-3
23	93965-30-1
23	93983-65-4
23	94232-49-2
23	94247-16-2
23	94275-93-1
23	94275-94-2
23	94551-70-9
23	94551-79-8
23	94551-80-1
23	95892-12-9
23	97259-82-0
23	99587-10-7
23	99749-34-5
23	RR-00559-4
23	RR-01638-6
23	RR-01915-8
23	RR-02247-9
23	RR-04012-0
23	RR-06942-1
23	RR-10389-9
23	RR-11151-3
23	RR-11152-4
23	RR-13216-1
23	RR-14283-6
23	RR-145869-1
23	RR-41296-4
23	RR-42177-2
23	RR-42178-3
23	RR-42180-7
23	RR-42183-0
23	RR-42187-4
23	RR-42805-7
23	RR-56254-9
23	RR-64385-6
23	RR-93912-8
23	UN2570
24	76253-60-6
25	81161-70-8
26	99688-47-8
27	100438-90-2
27	10101-97-0
27	10101-98-1
27	102110-49-6
27	1021552-48-6
27	1023309-94-5
27	1033772-47-2
27	1035211-50-7
27	104316-83-8
27	10471-42-8
27	10471-47-3
27	1047996-27-9
27	105029-70-7
27	105883-48-5
27	105884-35-3
27	105892-90-8
27	106316-55-6
27	106340-73-2
27	106340-74-3
27	106340-75-4
27	106747-79-9
27	107372-45-2
27	107593-02-2
27	108599-78-6
27	108599-79-7
27	108818-89-9
27	11068-91-0
27	11071-48-0
27	11079-07-5
27	11105-19-4
27	11106-97-1
27	11115-99-4
27	11121-96-3
27	11133-76-9
27	11140-03-7
27	11146-73-9
27	111532-88-8
27	111614-54-1
27	111706-41-3
27	111706-42-4
27	111706-43-5
27	111721-39-2
27	111792-92-8
27	112084-17-0
27	112653-88-0
27	112711-07-6
27	112874-99-4
27	112965-42-1
27	113329-92-3
27	113738-82-2
27	113894-88-5
27	113894-89-6
27	115683-18-6
27	116443-84-6
27	117127-26-1
27	117454-32-7
27	117989-29-4
27	117991-29-4
27	117991-30-7
27	118716-60-2
27	1200116-89-7
27	12003-78-0
27	12004-71-6
27	120045-16-1
27	12011-78-8
27	120156-44-7
27	12018-18-7
27	12031-41-3
27	12031-75-3
27	12034-55-8
27	12035-50-6
27	12035-51-7
27	12035-52-8
27	12035-57-3
27	12035-60-8
27	12035-77-7
27	12044-65-4
27	12045-56-6
27	12045-58-8
27	12045-67-9
27	12059-23-3
27	121053-30-3
27	121053-32-5
27	121053-33-6
27	121053-36-9
27	12107-46-9
27	12122-15-5
27	12125-56-3
27	12137-08-5
27	12137-09-6
27	12137-13-2
27	12142-92-6
27	12164-90-8
27	12168-54-6
27	12170-92-2
27	12174-14-0
27	12175-27-8
27	12196-72-4
27	12201-85-3
27	12229-03-7
27	12244-51-8
27	12255-10-6
27	12255-11-7
27	12255-80-0
27	12256-33-6
27	12259-56-2
27	12263-13-7
27	12275-13-7
27	12315-33-2
27	12325-84-7
27	12334-31-5
27	123516-73-4
27	123516-74-5
27	12359-17-0
27	124222-15-7
27	124222-16-8
27	124222-17-9
27	124222-18-0
27	124222-19-1
27	124594-15-6
27	124747-65-5
27	124827-66-3
27	12503-49-0
27	12503-53-6
27	125275-86-7
27	125275-87-8
27	12534-09-7
27	125378-87-2
27	12604-68-1
27	12605-70-8
27	12612-55-4
27	12635-29-9
27	12638-07-2
27	12645-50-0
27	12661-84-6
27	12675-92-2
27	12688-64-1
27	1271-28-9
27	12710-36-0
27	12794-26-2
27	12795-30-1
27	128607-90-9
27	128607-91-0
27	128607-92-1
27	129188-37-0
27	129188-38-1
27	129188-39-2
27	1293-95-4
27	1295-35-8
27	129618-34-4
27	129618-35-5
27	129618-36-6
27	129618-38-8
27	129680-25-7
27	13001-15-5
27	13007-90-4
27	1303-13-5
27	1303-22-6
27	1307699-76-8
27	131163-08-1
27	131866-99-4
27	131896-79-2
27	13319-83-0
27	133290-55-8
27	13408-70-3
27	134631-46-2
27	134737-17-0
27	13477-97-9
27	13478-00-7
27	13478-93-8
27	134830-74-3
27	134831-06-4
27	13520-61-1
27	13601-55-3
27	137136-40-4
27	13778-29-5
27	13783-64-7
27	13826-95-4
27	13859-60-4
27	13859-65-9
27	13859-68-2
27	13869-33-5
27	13877-20-8
27	13927-77-0
27	13931-83-4
27	13940-83-5
27	139562-87-1
27	13977-71-4
27	13981-37-8
27	13981-99-2
27	14038-85-8
27	14055-02-8
27	14055-19-7
27	14100-15-3
27	14126-37-5
27	14167-20-5
27	14172-92-0
27	142164-39-4
27	14220-17-8
27	14221-00-2
27	14264-16-5
27	14267-17-5
27	14323-41-2
27	14324-74-4
27	14332-32-2
27	14336-70-0
27	14363-30-5
27	14396-43-1
27	14406-66-7
27	14406-71-4
27	14428-08-1
27	14434-67-4
27	14448-69-2
27	14481-08-4
27	14482-69-0
27	14516-71-3
27	14522-99-7
27	14647-23-5
27	14833-49-9
27	14874-77-2
27	149272-90-2
27	14931-84-1
27	14932-64-0
27	14949-69-0
27	15099-34-0
27	15133-82-1
27	151994-98-8
27	15242-92-9
27	15244-37-8
27	15274-43-8
27	15317-78-9
27	15415-30-2
27	15492-42-9
27	15521-65-0
27	155737-57-8
27	155773-70-9
27	155773-71-0
27	15596-82-4
27	15608-15-8
27	15629-92-2
27	15694-70-9
27	15699-20-4
27	15708-55-1
27	15751-00-5
27	15766-33-3
27	15843-91-1
27	15905-81-4
27	15975-34-5
27	16122-03-5
27	162684-16-4
27	16432-37-4
27	16456-84-1
27	17218-47-2
27	17220-70-1
27	17237-93-3
27	172398-90-2
27	172777-26-3
27	172777-27-4
27	17375-04-1
27	173936-51-1
27	17523-24-9
27	17638-48-1
27	177997-13-6
27	17861-62-0
27	180997-14-2
27	18195-55-6
27	182442-95-1
27	18534-07-1
27	18642-20-1
27	18756-97-3
27	18824-79-8
27	189139-63-7
27	18958-57-1
27	18958-62-8
27	18972-69-5
27	18984-98-0
27	19232-05-4
27	193214-24-3
27	193215-53-1
27	195161-84-3
27	198831-12-8
27	19999-87-2
27	20249-62-1
27	20437-10-9
27	205057-15-4
27	20597-89-1
27	207569-15-1
27	207803-51-8
27	2087499-33-8
27	209668-02-0
27	21264-77-7
27	215191-83-6
27	219948-04-6
27	21996-43-0
27	22451-23-6
27	22484-07-7
27	2267994-84-1
27	227623-80-5
27	23232-50-0
27	23852-73-5
27	24151-25-5
27	24270-51-7
27	24640-21-9
27	24803-99-4
27	25481-21-4
27	25749-08-0
27	26024-55-5
27	264921-97-3
27	26603-21-4
27	27574-34-1
27	27835-99-0
27	28680-76-4
27	28923-39-9
27	28984-20-5
27	29046-78-4
27	29204-84-0
27	296800-21-0
27	304695-77-0
27	30868-55-4
27	30947-30-9
27	312696-09-6
27	313223-18-6
27	31886-51-8
27	31904-79-7
27	32441-17-1
27	3264-82-2
27	32990-64-0
27	33637-76-2
27	33637-77-3
27	33882-09-6
27	339527-86-5
27	33992-50-6
27	34109-80-3
27	34304-82-0
27	343630-64-8
27	34831-03-3
27	35884-66-3
27	36259-37-7
27	36545-21-8
27	36897-37-7
27	37187-84-1
27	37211-05-5
27	37227-61-5
27	375380-39-5
27	38465-55-3
27	38780-90-4
27	3882-73-3
27	38951-94-9
27	38951-97-2
27	39049-81-5
27	39303-46-3
27	39380-74-0
27	39430-27-8
27	41476-75-9
27	41685-66-9
27	42612-06-6
27	42739-61-7
27	427884-48-8
27	42844-93-9
27	47726-62-5
27	480445-87-2
27	494197-74-9
27	494197-76-1
27	501953-51-1
27	502927-11-9
27	50897-08-0
27	51222-18-5
27	51274-96-5
27	51449-18-4
27	51467-07-3
27	51912-52-8
27	51931-46-5
27	51944-07-1
27	52013-44-2
27	52022-10-3
27	52057-73-5
27	52261-08-2
27	52486-98-3
27	52486-99-4
27	52496-91-0
27	52610-81-8
27	53199-85-2
27	53527-81-4
27	53809-86-2
27	54576-53-3
27	55401-12-2
27	55467-74-8
27	5581-60-2
27	55868-93-4
27	56408-24-3
27	56557-00-7
27	57925-44-7
27	5964-71-6
27	59836-85-0
27	60120-57-2
27	6018-89-9
27	6018-92-4
27	6018-94-6
27	6059-24-1
27	60700-37-0
27	60765-13-1
27	60871-84-3
27	61106-39-6
27	61300-98-9
27	61431-86-5
27	61725-51-7
27	61788-71-4
27	62010-30-4
27	6283-67-6
27	6283-68-7
27	63085-06-3
27	63427-32-7
27	635680-62-5
27	63588-33-0
27	63597-34-2
27	63640-18-6
27	63850-92-0
27	63938-16-9
27	64568-51-0
27	64696-98-6
27	65272-92-6
27	65997-18-4
27	66197-14-6
27	66467-44-5
27	67292-34-6
27	67562-43-0
27	67632-50-2
27	67711-89-1
27	67711-91-5
27	67711-92-6
27	67763-27-3
27	67806-76-2
27	67906-12-1
27	67952-41-4
27	67952-69-6
27	67968-22-3
27	68025-13-8
27	68025-40-1
27	68025-41-2
27	68052-00-6
27	68131-74-8
27	68133-84-6
27	68186-85-6
27	68187-10-0
27	68189-15-1
27	68309-97-7
27	68334-36-1
27	68391-37-7
27	68401-87-6
27	68412-18-0
27	68412-19-1
27	68412-20-4
27	68449-39-8
27	68511-62-6
27	68512-22-1
27	68583-44-8
27	68584-42-9
27	68585-48-8
27	68585-93-3
27	68607-31-8
27	68611-43-8
27	68698-80-6
27	68758-60-1
27	68784-84-9
27	68849-07-0
27	68912-08-3
27	68958-86-1
27	68958-87-2
27	68958-88-3
27	68958-89-4
27	69011-05-8
27	69011-59-2
27	69011-60-5
27	69011-64-9
27	69012-20-0
27	69012-51-7
27	69098-15-3
27	69524-96-5
27	69599-22-0
27	699012-90-3
27	70729-79-2
27	70776-98-6
27	70824-02-1
27	70833-37-3
27	70974-36-6
27	71050-57-2
27	71215-73-1
27	71215-97-9
27	71215-98-0
27	71243-96-4
27	71605-83-9
27	71631-15-7
27	71767-12-9
27	71889-20-8
27	71889-22-0
27	71939-11-2
27	72139-08-3
27	72152-45-5
27	72162-32-4
27	72229-81-3
27	72252-57-4
27	72453-55-5
27	7250-60-4
27	72813-81-1
27	72828-53-6
27	72986-45-9
27	738587-10-5
27	73882-06-1
27	73882-10-7
27	73892-02-1
27	74365-18-7
27	74399-84-1
27	7440-02-0
27	75559-55-6
27	75578-87-9
27	75864-35-6
27	76231-24-8
27	76625-10-0
27	77245-35-3
27	7785-20-8
27	7789-49-3
27	7791-20-0
27	79102-62-8
27	79121-51-0
27	79357-65-6
27	79745-01-0
27	79817-91-7
27	8007-18-9
27	8049-16-9
27	8049-31-8
27	83864-02-2
27	83898-70-8
27	84144-92-3
27	84604-95-5
27	84852-38-0
27	85026-81-9
27	85269-39-2
27	85298-61-9
27	85480-75-7
27	85508-42-5
27	85585-97-3
27	85585-98-4
27	85585-99-5
27	85586-46-5
27	85958-80-1
27	86249-83-4
27	90053-13-7
27	90459-30-6
27	90459-31-7
27	90459-32-8
27	90459-33-9
27	90459-34-0
27	90459-35-1
27	90459-36-2
27	91053-45-1
27	91053-46-2
27	91053-47-3
27	91082-81-4
27	91082-84-7
27	91235-82-4
27	91845-72-6
27	91995-23-2
27	92078-03-0
27	92129-56-1
27	92200-98-1
27	92200-99-2
27	92502-55-1
27	93571-76-7
27	93573-14-9
27	93573-15-0
27	93573-16-1
27	93573-17-2
27	93762-59-5
27	93891-86-2
27	93920-08-2
27	93939-76-5
27	94114-42-8
27	94232-44-7
27	94232-84-5
27	94275-78-2
27	94891-42-6
27	94891-43-7
27	95046-44-9
27	95046-47-2
27	95193-93-4
27	95193-95-6
27	97280-68-7
27	97404-21-2
27	97404-22-3
27	97435-21-7
27	97660-42-9
27	98246-91-4
27	99587-11-8
27	99749-23-2
27	P-03-0307
27	P-04-0353
27	P-85-0300
27	P-85-1034
27	P-86-0034
27	P-87-0209
27	P-88-1853
27	P-88-1994
27	P-94-1449
27	RR-00038-4
27	RR-00376-9
27	RR-00522-1
27	RR-00571-0
27	RR-00798-7
27	RR-00800-4
27	RR-04029-9
27	RR-04535-2
27	RR-04616-2
27	RR-04617-3
27	RR-04822-6
27	RR-08431-1
27	RR-08443-5
27	RR-08561-0
27	RR-09031-3
27	RR-09055-1
27	RR-09280-8
27	RR-10235-2
27	RR-24447-3
27	RR-30490-5
27	RR-40755-6
27	RR-58049-4
28	100-41-4
28	100-41-4
28	100-41-4
28	100-44-7
28	100-63-0
28	1000818-40-5
28	10022-48-7
28	10022-68-1
28	100234-53-5
28	10026-22-9
28	10026-24-1
28	10028-18-9
28	10031-16-0
28	10034-82-9
28	10034-82-9
28	10034-93-2
28	10039-31-3
28	10039-55-1
28	100402-65-1
28	100468-44-8
28	10048-95-0
28	100494-20-0
28	10060-08-9
28	10060-08-9
28	1006710-56-0
28	100683-97-4
28	100683-98-5
28	100683-99-6
28	100684-02-4
28	100684-03-5
28	100684-04-6
28	100684-05-7
28	100684-33-1
28	100684-37-5
28	100684-38-6
28	100684-49-9
28	100684-51-3
28	100801-63-6
28	100801-65-8
28	100801-66-9
28	101-14-4
28	101-61-1
28	101-77-9
28	101-80-4
28	101-90-6
28	10101-75-4
28	10101-96-9
28	10101-97-0
28	10101-98-1
28	10102-48-4
28	10102-49-5
28	10102-50-8
28	10103-50-1
28	10103-60-3
28	10103-61-4
28	10103-62-5
28	10108-64-2
28	10124-36-4
28	10124-43-3
28	101316-45-4
28	101316-49-8
28	101316-56-7
28	101316-57-8
28	101316-59-0
28	101316-62-5
28	101316-63-6
28	101316-66-9
28	101316-67-0
28	101316-69-2
28	101316-70-5
28	101316-71-6
28	101316-72-7
28	101316-76-1
28	101316-83-0
28	101316-84-1
28	101316-85-2
28	101316-86-3
28	101316-87-4
28	10141-05-6
28	101631-14-5
28	101631-16-7
28	101631-20-3
28	101794-74-5
28	101794-75-6
28	101794-76-7
28	101794-90-5
28	101794-91-6
28	101794-95-0
28	101794-96-1
28	101794-97-2
28	101794-98-3
28	101794-99-4
28	101795-01-1
28	101795-02-2
28	1018852-64-6
28	1018900-84-9
28	101896-26-8
28	101896-27-9
28	101896-28-0
28	10198-40-0
28	10210-64-7
28	102110-14-5
28	102110-15-6
28	102110-21-4
28	102110-55-4
28	10217-52-4
28	10294-52-7
28	10294-53-8
28	102962-29-8
28	103-33-3
28	103-65-1
28	10300-74-0
28	103112-35-2
28	103122-66-3
28	10325-94-7
28	10345-27-4
28	10381-36-9
28	104306-46-9
28	10439-39-1
28	10476-82-1
28	105-05-5
28	105287-28-3
28	1053658-43-7
28	1053659-79-2
28	105567-86-0
28	1057722-40-3
28	10588-01-9
28	106-47-8
28	106-87-6
28	106-89-8
28	106-91-2
28	106-93-4
28	106-97-8
28	106-99-0
28	106495-92-5
28	106496-20-2
28	107-06-2
28	107-13-1
28	107-30-2
28	1074-17-5
28	1074-43-7
28	1074-55-1
28	1076-43-3
28	107719-55-1
28	108-67-8
28	108-71-4
28	1080-16-6
28	108066-98-4
28	108225-03-2
28	108608-60-2
28	1088355-13-8
28	109-66-0
28	109202-58-6
28	109351-74-8
28	1099648-86-8
28	110-00-9
28	110-57-6
28	110670-65-0
28	11099-02-8
28	1111-71-3
28	11113-73-8
28	11113-74-9
28	11113-75-0
28	11115-74-5
28	11132-10-8
28	11133-98-5
28	1116-54-7
28	1120-71-4
28	112068-71-0
28	112307-73-0
28	113066-89-0
28	1135443-45-6
28	115-07-1
28	1156543-56-4
28	1158237-02-5
28	116-14-3
28	116010-52-7
28	1163250-22-3
28	116443-03-9
28	116499-75-3
28	116565-73-2
28	116565-74-3
28	116675-43-5
28	1173023-23-8
28	117955-24-5
28	118-74-1
28	1184-66-3
28	118658-99-4
28	1187028-37-0
28	1189-85-1
28	119-61-9
28	119-90-4
28	119-93-7
28	1192824-22-8
28	119775-10-9
28	1197872-06-2
28	1198293-68-3
28	120-71-8
28	120-80-9
28	12001-28-4
28	12001-29-5
28	12004-35-2
28	12007-00-0
28	12007-01-1
28	12007-02-2
28	12007-16-8
28	12009-99-3
28	12010-12-7
28	12017-86-6
28	12018-09-6
28	12018-32-5
28	12031-65-1
28	12035-36-8
28	12035-38-0
28	12035-39-1
28	12035-64-2
28	12035-71-1
28	12035-72-2
28	12044-50-7
28	12054-48-7
28	12059-14-2
28	12068-59-6
28	12068-61-0
28	120859-32-7
28	121-14-2
28	1213224-27-1
28	12137-08-5
28	12137-12-1
28	121382-27-2
28	12142-88-0
28	121448-83-7
28	121509-79-3
28	121575-60-8
28	12161-82-9
28	121620-46-0
28	121620-47-1
28	121620-48-2
28	1217187-52-4
28	12172-67-7
28	12172-73-5
28	122-60-1
28	122-66-7
28	12201-89-7
28	122070-78-4
28	122070-79-5
28	122070-80-8
28	1221168-60-0
28	12213-61-5
28	12228-40-9
28	12232-25-6
28	12232-27-8
28	12232-67-6
28	12236-56-5
28	122384-77-4
28	122384-78-5
28	12254-95-4
28	12257-99-7
28	12259-56-2
28	1227263-18-4
28	1227476-28-9
28	122775-19-3
28	122785-80-2
28	1228454-65-6
28	12291-87-1
28	123-91-1
28	12323-05-6
28	12324-05-9
28	12324-08-2
28	12355-85-0
28	12400-16-7
28	12426-98-1
28	124260-75-9
28	12428-23-8
28	12429-94-6
28	12433-14-6
28	12433-50-0
28	124594-15-6
28	124779-54-0
28	12503-98-9
28	12504-67-5
28	12510-42-8
28	12519-56-1
28	12519-85-6
28	12536-51-5
28	12536-52-6
28	125466-18-4
28	126-99-8
28	12607-70-4
28	12619-90-8
28	12653-76-8
28	12656-85-8
28	126699-69-2
28	12673-58-4
28	12680-48-7
28	126872-19-3
28	12737-30-3
28	127641-75-2
28	12770-50-2
28	12774-48-0
28	129829-22-7
28	129899-34-9
28	1302-52-9
28	1303-00-0
28	1303-28-2
28	1303-39-5
28	1304-54-7
28	1304-56-9
28	1306-13-4
28	1306-19-0
28	1306-23-6
28	1308-09-4
28	130983-70-9
28	1309882-90-3
28	13106-47-3
28	1313-99-1
28	13138-45-9
28	1314-04-1
28	1314-05-2
28	1314-06-3
28	1314-62-1
28	13164-93-7
28	131891-38-8
28	1319-43-3
28	132-32-1
28	132207-32-0
28	132207-33-1
28	132207-34-2
28	132207-35-3
28	1326305-81-0
28	1327-52-2
28	1327-53-3
28	1332-52-1
28	13327-32-7
28	1333-82-0
28	1333123-32-2
28	13360-57-1
28	13403-37-7
28	13423-61-5
28	1344-37-2
28	1344-49-6
28	1344-74-7
28	13446-72-5
28	13446-73-6
28	13453-35-5
28	13454-78-9
28	13455-25-9
28	13455-34-0
28	13462-88-9
28	13462-90-3
28	13462-91-4
28	13462-93-6
28	13464-38-5
28	13464-44-3
28	13464-68-1
28	13464-80-7
28	13464-97-6
28	13464-98-7
28	13465-34-4
28	13466-27-8
28	13473-75-1
28	13477-01-5
28	13477-04-8
28	13477-70-8
28	13478-00-7
28	13478-14-3
28	13478-34-7
28	135-01-3
28	135-50-2
28	13510-44-6
28	13510-48-0
28	13510-49-1
28	13517-17-4
28	13520-61-1
28	13530-65-9
28	13530-65-9
28	13530-67-1
28	13530-68-2
28	13537-45-6
28	13548-42-0
28	1356922-63-8
28	13589-17-8
28	135926-88-4
28	13597-96-1
28	13597-99-4
28	13598-00-0
28	13598-15-7
28	13598-22-6
28	13598-26-0
28	13637-71-3
28	13654-40-5
28	136601-30-4
28	13675-47-3
28	13689-92-4
28	137-17-7
28	13702-38-0
28	13716-94-4
28	137506-60-6
28	13762-80-6
28	13765-19-0
28	13770-89-3
28	13775-54-7
28	13775-80-9
28	13778-29-5
28	13842-46-1
28	13843-65-7
28	13843-81-7
28	1386503-01-0
28	13871-27-7
28	13874-36-7
28	139-65-1
28	13907-45-4
28	1391351-00-0
28	13940-83-5
28	139443-72-4
28	13966-02-4
28	13966-02-4
28	13981-38-9
28	13981-50-5
28	13981-83-4
28	13982-25-7
28	139939-65-4
28	139939-67-6
28	14011-37-1
28	14018-95-2
28	14018-95-2
28	1402835-26-0
28	14034-76-5
28	1406-55-9
28	1408062-28-1
28	14093-03-9
28	141-93-5
28	14104-85-9
28	14109-32-1
28	1416946-65-0
28	14177-24-3
28	14177-51-6
28	14177-55-0
28	14215-00-0
28	14216-75-2
28	14216-88-7
28	14216-88-7
28	142175-32-4
28	142661-36-7
28	142844-00-6
28	14307-33-6
28	14307-35-8
28	14312-00-6
28	14332-34-4
28	14336-66-4
28	14336-68-6
28	1434046-67-9
28	1436666-97-5
28	14390-89-7
28	14390-89-7
28	1441148-55-5
28	14414-68-7
28	14445-91-1
28	14448-18-1
28	14507-36-9
28	1451188-70-7
28	1454308-15-6
28	14550-87-9
28	145583-77-3
28	14567-73-8
28	1458011-73-8
28	1464-53-5
28	14644-70-3
28	146504-31-6
28	14690-59-6
28	146915-55-1
28	14708-14-6
28	14709-52-5
28	14721-18-7
28	1476-11-5
28	148031-02-1
28	1482-80-0
28	148263-71-2
28	148434-03-1
28	148477-71-8
28	148584-48-9
28	14874-78-3
28	14874-86-3
28	148896-39-3
28	14902-95-5
28	14913-74-7
28	14977-61-8
28	14998-37-9
28	15060-62-5
28	150825-44-8
28	15099-34-0
28	151-56-4
28	15120-17-9
28	15139-70-5
28	15191-85-2
28	15199-43-6
28	152024-73-2
28	1522-92-5
28	15244-35-6
28	153067-81-3
28	153305-02-3
28	15339-40-9
28	154643-50-2
28	154779-74-5
28	15499-68-0
28	15586-38-6
28	155937-95-4
28	15606-95-8
28	156131-38-3
28	15684-36-3
28	15699-18-0
28	15780-33-3
28	15823-35-5
28	15843-02-4
28	15851-52-2
28	15852-21-8
28	15905-81-4
28	160073-05-2
28	160278-55-7
28	16033-71-9
28	16037-50-6
28	16039-61-5
28	16071-86-6
28	16083-14-0
28	1609158-91-9
28	1624-02-8
28	16256-07-8
28	1632-89-9
28	16337-84-1
28	163498-05-3
28	164058-22-4
28	164144-91-6
28	16456-84-1
28	16474-89-8
28	16474-90-1
28	16544-92-6
28	16565-94-9
28	166165-37-3
28	166269-55-2
28	1664-98-8
28	166520-64-5
28	16699-63-1
28	167972-08-9
28	16812-54-7
28	168331-52-0
28	16835-99-7
28	16923-64-1
28	169957-95-3
28	17082-12-1
28	17169-61-8
28	172928-47-1
28	17301-01-8
28	1743-01-7
28	174973-66-1
28	1758-88-9
28	17593-69-0
28	17638-48-1
28	17647-74-4
28	176598-18-8
28	177256-35-8
28	179472-56-1
28	179865-13-5
28	181768-98-9
28	18195-55-6
28	18201-52-0
28	182115-04-4
28	1825302-06-4
28	18283-82-4
28	183592-61-2
28	1836-75-5
28	1837-99-6
28	184288-32-2
28	18454-12-1
28	184637-91-0
28	184892-22-6
28	184963-09-5
28	18534-07-1
28	18540-29-9
28	185461-96-5
28	18589-26-9
28	186673-39-2
28	18718-11-1
28	18721-51-2
28	18836-29-8
28	189-55-9
28	189-64-0
28	18906-50-8
28	189279-89-8
28	18961-44-9
28	18961-45-0
28	18983-72-7
28	19034-08-3
28	19049-40-2
28	191-30-0
28	19154-72-4
28	19181-26-1
28	192-97-2
28	1937-37-7
28	19372-20-4
28	194091-52-6
28	19481-10-8
28	195161-79-6
28	196413-10-2
28	1979138-53-8
28	19807-00-2
28	20039-37-6
28	200577-85-1
28	2009382-57-2
28	201732-55-0
28	201749-62-4
28	20203-47-8
28	20214-07-7
28	202149-12-0
28	20282-70-6
28	203212-67-3
28	20325-40-0
28	203300-26-9
28	203645-17-4
28	203645-18-5
28	203812-34-4
28	204570-16-1
28	20469-71-0
28	20492-50-6
28	205-82-3
28	205-99-2
28	20543-06-0
28	207-08-9
28	20768-68-7
28	20773-28-8
28	20780-53-4
28	20780-54-5
28	210093-72-4
28	21041-95-2
28	210902-79-7
28	21093-83-4
28	2113-61-3
28	211862-48-5
28	211862-50-9
28	214353-17-0
28	21436-97-5
28	215361-84-5
28	215780-01-1
28	2163-80-6
28	21784-78-1
28	218-01-9
28	219782-27-1
28	220970-37-6
28	2223-95-2
28	22323-45-1
28	22398-80-7
28	2242959-68-6
28	22465-18-5
28	224951-26-2
28	22537-20-8
28	22581-63-1
28	22605-92-1
28	2294935-60-5
28	23232-50-0
28	23268-00-0
28	23355-47-7
28	23488-13-3
28	2399-81-7
28	2425-06-1
28	2429-71-2
28	2429-73-4
28	2429-79-0
28	2429-81-4
28	2429-82-5
28	2429-83-6
28	2429-84-7
28	24440-79-7
28	24613-89-6
28	24719-13-9
28	24719-19-5
28	2475-45-8
28	24786-78-5
28	2485700-58-9
28	24992-55-0
28	2508-97-6
28	251927-12-5
28	25215-19-4
28	25321-14-6
28	25340-17-4
28	25376-45-8
28	25550-14-5
28	25550-49-6
28	25551-13-7
28	25619-60-7
28	25638-88-4
28	256431-41-1
28	2586-57-4
28	259092-53-0
28	2602-46-2
28	26043-11-8
28	26198-63-0
28	26299-14-9
28	2641128-84-7
28	264125-11-3
28	264125-12-4
28	2644-70-4
28	26764-44-3
28	2687-25-4
28	26966-75-6
28	27016-75-7
28	27133-42-2
28	27133-66-0
28	27140-08-5
28	27274-05-1
28	27336-24-9
28	27494-85-5
28	27526-45-0
28	27637-46-3
28	27931-06-2
28	27978-54-7
28	28347-88-8
28	28347-91-3
28	28380-38-3
28	28602-61-1
28	28676-13-3
28	2870-04-4
28	28729-54-6
28	288149-69-9
28	2893-80-3
28	28980-47-4
28	29317-63-3
28	29371-14-0
28	2939-80-2
28	29656-15-3
28	29754-21-0
28	29871-10-1
28	29871-13-4
28	29935-35-1
28	30017-05-1
28	30135-64-9
28	302-01-2
28	3033-77-0
28	30374-53-9
28	30496-13-0
28	308076-74-6
28	308081-76-7
28	30905-38-5
28	30913-98-5
28	313223-18-6
28	3165-93-3
28	3173-18-0
28	31748-25-1
28	31886-26-7
28	32680-29-8
28	3296-90-0
28	330-54-1
28	33327-32-1
28	3333-67-3
28	334-88-3
28	3349-06-2
28	3349-08-4
28	339311-41-0
28	342009-25-0
28	34304-82-0
28	34492-97-2
28	34493-01-1
28	3476-90-2
28	34848-09-4
28	34875-54-2
28	35089-00-0
28	3530-19-6
28	35658-65-2
28	3567-65-5
28	35973-13-8
28	36026-88-7
28	36250-81-4
28	3626-28-6
28	36483-57-5
28	36563-89-0
28	3687-31-8
28	37196-28-4
28	37227-61-5
28	37231-85-9
28	37235-82-8
28	373-02-4
28	37300-23-5
28	37321-15-6
28	37341-05-2
28	37349-32-9
28	378253-44-2
28	378253-45-3
28	378253-46-4
28	378253-51-1
28	378253-52-2
28	378253-53-3
28	37836-27-4
28	3811-71-0
28	38449-92-2
28	38455-77-5
28	385800-12-4
28	38668-12-1
28	390417-24-0
28	3906-55-6
28	39156-41-7
28	39297-19-3
28	39403-88-8
28	39413-47-3
28	39449-24-6
28	39819-65-3
28	399-95-1
28	39935-03-0
28	40722-80-3
28	409-21-2
28	41016-61-9
28	410546-90-6
28	41189-36-0
28	41189-36-0
28	41195-21-5
28	41766-73-8
28	41766-75-0
28	4198-19-0
28	4335-09-5
28	436859-78-8
28	4454-16-4
28	463-60-5
28	463-82-1
28	46310-07-0
28	467-29-8
28	4682-01-3
28	488-23-3
28	49663-84-5
28	4995-91-9
28	50-00-0
28	50-32-8
28	506-63-8
28	506-66-1
28	50813-73-5
28	50922-29-7
28	51-79-6
28	51065-07-7
28	51253-31-7
28	51274-07-8
28	513-78-0
28	513-79-1
28	51557-01-8
28	51575-27-0
28	51594-55-9
28	51761-16-1
28	51818-56-5
28	51899-02-6
28	51944-07-1
28	52014-29-6
28	52033-74-6
28	52037-46-4
28	52085-24-2
28	5216-25-1
28	52285-42-4
28	52399-93-6
28	52502-12-2
28	526-73-8
28	52625-25-9
28	527-53-7
28	527686-65-3
28	53-70-3
28	53027-18-2
28	53404-12-9
28	5341-61-7
28	53514-39-9
28	53684-48-3
28	53799-45-4
28	53799-46-5
28	540-73-8
28	542-56-3
28	542-63-2
28	542-88-1
28	5422-17-3
28	543-81-7
28	54322-60-0
28	54500-13-9
28	546094-13-7
28	54649-88-6
28	54682-86-9
28	547-67-1
28	548-62-9
28	54841-74-6
28	54847-97-1
28	550-08-3
28	55072-59-8
28	55158-44-6
28	55279-88-4
28	553-00-4
28	553-71-9
28	55392-76-2
28	556-52-5
28	557-19-7
28	56-55-3
28	5625-90-1
28	56449-18-4
28	56481-94-8
28	56660-19-6
28	56729-21-6
28	56870-07-6
28	57-14-7
28	57-57-8
28	57044-25-4
28	57158-05-1
28	57214-20-7
28	573-58-0
28	57454-67-8
28	57486-12-1
28	57620-29-8
28	58076-82-7
28	581-89-5
28	581075-33-4
28	58127-61-0
28	58306-86-8
28	58500-38-2
28	58591-45-0
28	58601-87-9
28	59-88-1
28	59-89-2
28	59157-64-1
28	592-62-1
28	59204-10-3
28	593-60-2
28	59777-10-5
28	59779-45-2
28	60-09-3
28	60-34-4
28	6018-89-9
28	602-01-7
28	602-87-9
28	60459-08-7
28	606-20-2
28	610-39-9
28	61076-97-9
28	611-14-3
28	61105-31-5
28	612-52-2
28	612-82-8
28	612-83-9
28	61204-26-0
28	61279-73-0
28	61279-74-1
28	61279-75-2
28	61279-76-3
28	613-35-4
28	6131-99-3
28	6147-53-1
28	615-05-4
28	61513-05-1
28	61513-06-2
28	61513-07-3
28	61641-74-5
28	61701-15-3
28	61789-28-4
28	61789-60-4
28	61789-61-5
28	61789-95-5
28	61790-07-6
28	618-85-9
28	619-15-8
28	61913-12-0
28	61915-27-3
28	62-55-5
28	62-75-9
28	620-14-4
28	620-17-7
28	62024-16-2
28	62086-97-9
28	621-64-7
28	622-96-8
28	62497-63-6
28	625084-37-9
28	62642-07-3
28	627097-62-5
28	63091-15-6
28	63311-47-7
28	634-62-8
28	6360-54-9
28	63686-94-2
28	63908-52-1
28	63915-76-4
28	63990-88-5
28	64-67-5
28	64049-29-2
28	64059-26-3
28	64070-83-3
28	6426-67-1
28	6449-35-0
28	64523-06-4
28	64741-41-9
28	64741-42-0
28	64741-45-3
28	64741-46-4
28	64741-47-5
28	64741-48-6
28	64741-50-0
28	64741-51-1
28	64741-52-2
28	64741-53-3
28	64741-54-4
28	64741-55-5
28	64741-57-7
28	64741-59-9
28	64741-60-2
28	64741-61-3
28	64741-62-4
28	64741-63-5
28	64741-64-6
28	64741-65-7
28	64741-66-8
28	64741-67-9
28	64741-68-0
28	64741-69-1
28	64741-70-4
28	64741-74-8
28	64741-75-9
28	64741-76-0
28	64741-78-2
28	64741-80-6
28	64741-81-7
28	64741-82-8
28	64741-83-9
28	64741-84-0
28	64741-86-2
28	64741-87-3
28	64741-88-4
28	64741-89-5
28	64741-90-8
28	64741-91-9
28	64741-92-0
28	64741-95-3
28	64741-96-4
28	64741-97-5
28	64742-01-4
28	64742-03-6
28	64742-04-7
28	64742-05-8
28	64742-11-6
28	64742-12-7
28	64742-13-8
28	64742-14-9
28	64742-15-0
28	64742-18-3
28	64742-19-4
28	64742-20-7
28	64742-21-8
28	64742-22-9
28	64742-23-0
28	64742-27-4
28	64742-28-5
28	64742-29-6
28	64742-30-9
28	64742-34-3
28	64742-35-4
28	64742-36-5
28	64742-37-6
28	64742-38-7
28	64742-41-2
28	64742-44-5
28	64742-45-6
28	64742-46-7
28	64742-48-9
28	64742-49-0
28	64742-52-5
28	64742-53-6
28	64742-54-7
28	64742-55-8
28	64742-56-9
28	64742-57-0
28	64742-59-2
28	64742-61-6
28	64742-62-7
28	64742-63-8
28	64742-64-9
28	64742-65-0
28	64742-66-1
28	64742-67-2
28	64742-68-3
28	64742-69-4
28	64742-70-7
28	64742-71-8
28	64742-73-0
28	64742-75-2
28	64742-76-3
28	64742-78-5
28	64742-79-6
28	64742-80-9
28	64742-82-1
28	64742-83-2
28	64742-86-5
28	64742-89-8
28	64742-90-1
28	64742-95-6
28	64743-01-7
28	64969-34-2
28	64969-36-4
28	65151-33-9
28	65229-23-4
28	65321-67-7
28	65405-96-1
28	6548-30-7
28	65996-78-3
28	65996-79-4
28	65996-82-9
28	65996-83-0
28	65996-84-1
28	65996-85-2
28	65996-86-3
28	65996-87-4
28	65996-88-5
28	65996-89-6
28	65996-90-9
28	65996-92-1
28	65996-93-2
28	66039-27-8
28	66104-24-3
28	66214-47-9
28	66527-93-3
28	66579-90-6
28	66733-21-9
28	66860-79-5
28	67253-49-0
28	6739-62-4
28	67632-50-2
28	67843-74-7
28	67891-79-6
28	67891-80-9
28	67906-44-9
28	67923-89-1
28	67952-43-6
28	680-31-9
28	68016-03-5
28	6804-07-5
28	68084-09-3
28	68084-22-0
28	68084-23-1
28	68130-19-8
28	68130-36-9
28	68131-49-7
28	68131-75-9
28	68134-59-8
28	68186-89-0
28	68187-56-4
28	68187-57-5
28	68188-48-7
28	68279-06-1
28	68307-98-2
28	68307-99-3
28	68308-00-9
28	68308-01-0
28	68308-03-2
28	68308-04-3
28	68308-05-4
28	68308-06-5
28	68308-07-6
28	68308-08-7
28	68308-09-8
28	68308-10-1
28	68308-11-2
28	68308-12-3
28	68333-22-2
28	68333-25-5
28	68333-26-6
28	68333-27-7
28	68333-28-8
28	68391-11-7
28	68406-65-5
28	68409-99-4
28	68410-05-9
28	68410-71-9
28	68410-96-8
28	68410-97-9
28	68410-98-0
28	68425-29-6
28	68425-35-4
28	68475-57-0
28	68475-58-1
28	68475-59-2
28	68475-60-5
28	68475-70-7
28	68475-79-6
28	68475-80-9
28	68476-26-6
28	68476-29-9
28	68476-32-4
28	68476-33-5
28	68476-40-4
28	68476-42-6
28	68476-46-0
28	68476-47-1
28	68476-49-3
28	68476-50-6
28	68476-55-1
28	68476-85-7
28	68476-86-8
28	68477-23-6
28	68477-29-2
28	68477-30-5
28	68477-31-6
28	68477-33-8
28	68477-34-9
28	68477-35-0
28	68477-38-3
28	68477-50-9
28	68477-53-2
28	68477-55-4
28	68477-61-2
28	68477-65-6
28	68477-66-7
28	68477-67-8
28	68477-68-9
28	68477-69-0
28	68477-70-3
28	68477-71-4
28	68477-72-5
28	68477-73-6
28	68477-74-7
28	68477-75-8
28	68477-76-9
28	68477-77-0
28	68477-79-2
28	68477-80-5
28	68477-81-6
28	68477-82-7
28	68477-83-8
28	68477-84-9
28	68477-85-0
28	68477-86-1
28	68477-87-2
28	68477-89-4
28	68477-90-7
28	68477-91-8
28	68477-92-9
28	68477-93-0
28	68477-94-1
28	68477-95-2
28	68477-96-3
28	68477-97-4
28	68477-98-5
28	68477-99-6
28	68478-00-2
28	68478-01-3
28	68478-02-4
28	68478-03-5
28	68478-04-6
28	68478-05-7
28	68478-12-6
28	68478-13-7
28	68478-15-9
28	68478-16-0
28	68478-17-1
28	68478-21-7
28	68478-22-8
28	68478-24-0
28	68478-25-1
28	68478-26-2
28	68478-27-3
28	68478-28-4
28	68478-29-5
28	68478-30-8
28	68478-32-0
28	68478-33-1
28	68478-34-2
28	68512-61-8
28	68512-62-9
28	68512-78-7
28	68512-91-4
28	68513-02-0
28	68513-03-1
28	68513-14-4
28	68513-15-5
28	68513-16-6
28	68513-17-7
28	68513-18-8
28	68513-19-9
28	68513-26-8
28	68513-63-3
28	68513-65-5
28	68513-65-5
28	68513-65-5
28	68513-66-6
28	68513-69-9
28	68513-87-1
28	68514-15-8
28	68514-30-7
28	68514-31-8
28	68514-36-3
28	68514-79-4
28	68515-84-4
28	68516-20-1
28	68527-15-1
28	68527-16-2
28	68527-18-4
28	68527-19-5
28	68527-21-9
28	68527-22-0
28	68527-23-1
28	68527-26-4
28	68527-27-5
28	68540-41-0
28	68553-00-4
28	68555-24-8
28	68602-82-4
28	68602-83-5
28	68602-84-6
28	68603-00-9
28	68603-01-0
28	68603-03-2
28	68603-08-7
28	68606-10-0
28	68606-11-1
28	68606-25-7
28	68606-26-8
28	68606-27-9
28	68606-34-8
28	68606-35-9
28	68607-11-4
28	68607-30-7
28	68610-24-2
28	68756-79-6
28	68783-00-6
28	68783-04-0
28	68783-06-2
28	68783-07-3
28	68783-08-4
28	68783-09-5
28	68783-12-0
28	68783-13-1
28	68783-64-2
28	68783-65-3
28	68783-66-4
28	68784-60-1
28	68814-67-5
28	68814-89-1
28	68814-90-4
28	68815-21-4
28	68911-58-0
28	68911-59-1
28	68918-99-0
28	68919-00-6
28	68919-01-7
28	68919-02-8
28	68919-03-9
28	68919-04-0
28	68919-05-1
28	68919-06-2
28	68919-07-3
28	68919-08-4
28	68919-09-5
28	68919-10-8
28	68919-11-9
28	68919-12-0
28	68919-20-0
28	68919-37-9
28	68919-39-1
28	68921-08-4
28	68921-09-5
28	68937-63-3
28	68952-76-1
28	68952-77-2
28	68952-79-4
28	68952-80-7
28	68952-81-8
28	68952-82-9
28	68955-27-1
28	68955-28-2
28	68955-29-3
28	68955-33-9
28	68955-34-0
28	68955-35-1
28	68955-36-2
28	68966-43-8
28	68966-50-7
28	68989-88-8
28	68990-61-4
28	69011-07-0
28	69012-50-6
28	69098-14-2
28	69098-15-3
28	70-25-7
28	70146-07-5
28	70161-44-3
28	70206-08-5
28	70210-32-1
28	70248-72-5
28	70321-67-4
28	70321-79-8
28	70321-80-1
28	70357-15-2
28	70592-76-6
28	70592-77-7
28	70592-78-8
28	70632-07-4
28	70632-08-5
28	70692-93-2
28	70714-69-1
28	7077-31-8
28	70987-78-9
28	71-43-2
28	71-48-7
28	71278-41-6
28	71550-22-6
28	71566-41-1
28	71720-48-4
28	71957-07-8
28	72319-19-8
28	72589-96-9
28	72623-85-9
28	72623-86-0
28	72623-87-1
28	7300-23-4
28	73005-84-2
28	73287-56-6
28	7335-65-1
28	73506-32-8
28	73665-18-6
28	74-82-8
28	74-82-8
28	74-84-0
28	74-84-0
28	74-84-0
28	74-85-1
28	74-98-6
28	74-98-6
28	74-98-6
28	74195-78-1
28	74220-10-3
28	74332-73-3
28	7440-41-7
28	7440-43-9
28	7440-48-4
28	74646-29-0
28	74753-18-7
28	74869-21-9
28	74869-22-0
28	75-01-4
28	75-07-0
28	75-21-8
28	75-28-5
28	75-55-8
28	75-56-9
28	75013-58-0
28	75522-93-9
28	75522-94-0
28	75578-75-5
28	7563-59-9
28	75659-72-2
28	75659-73-3
28	75673-34-6
28	75673-35-7
28	75752-17-9
28	7580-31-6
28	76199-83-2
28	7631-89-2
28	76341-26-9
28	764-41-0
28	7645-25-2
28	7646-79-9
28	76647-55-7
28	76899-34-8
28	769126-92-3
28	769134-66-9
28	77-09-8
28	77-78-1
28	7718-54-9
28	77402-03-0
28	77402-05-2
28	77536-66-4
28	77536-67-5
28	77536-68-6
28	7757-95-1
28	7758-01-2
28	7758-97-6
28	7774-41-6
28	7775-11-3
28	7778-39-4
28	7778-41-8
28	7778-43-0
28	7778-44-1
28	7778-50-9
28	7784-01-2
28	7784-02-3
28	7784-37-4
28	7784-38-5
28	7784-40-9
28	7784-41-0
28	7784-44-3
28	7785-20-8
28	7786-81-4
28	7787-46-4
28	7787-47-5
28	7787-49-7
28	7787-50-0
28	7787-52-2
28	7787-53-3
28	7787-54-4
28	7787-55-5
28	7787-56-6
28	7788-98-9
28	7789-00-6
28	7789-01-7
28	7789-06-2
28	7789-09-5
28	7789-10-8
28	7789-12-0
28	7789-12-0
28	7789-49-3
28	7790-78-5
28	7790-79-6
28	7790-84-3
28	7791-13-1
28	7791-14-2
28	7791-20-0
28	78-78-4
28	78-79-5
28	78-87-5
28	78006-92-5
28	7803-57-8
28	78206-91-4
28	78308-32-4
28	78544-49-7
28	78642-65-6
28	79-01-6
28	79-06-1
28	79-44-7
28	79-46-9
28	79-94-7
28	790240-52-7
28	79873-35-1
28	79873-40-8
28	79990-52-6
28	8001-58-9
28	8002-05-9
28	8003-07-4
28	8005-36-5
28	8005-38-7
28	8006-07-3
28	8006-61-9
28	8007-45-2
28	8009-03-8
28	8012-76-8
28	8013-13-6
28	8014-91-3
28	8022-92-2
28	8027-32-5
28	8030-30-6
28	8030-31-7
28	8031-06-9
28	8031-38-7
28	8031-39-8
28	8032-32-4
28	803745-61-1
28	8038-17-3
28	8040-87-7
28	8040-97-9
28	8041-83-6
28	8044-23-3
28	8044-24-4
28	8044-44-8
28	8044-45-9
28	8044-46-0
28	8049-64-7
28	8050-41-7
28	8050-43-9
28	8052-41-3
28	8055-92-3
28	8057-56-5
28	8063-27-2
28	81209-53-2
28	81691-68-1
28	817163-73-8
28	819804-28-9
28	822-36-6
28	823271-95-0
28	828264-64-8
28	83221-70-9
28	83221-79-8
28	83400-08-2
28	83588-58-3
28	83588-59-4
28	83712-44-1
28	83721-51-1
28	83763-66-0
28	83763-77-3
28	83763-78-4
28	838-88-0
28	84-65-1
28	84029-41-4
28	84029-42-5
28	84100-78-7
28	84149-55-3
28	842-17-1
28	84245-12-5
28	84559-91-1
28	84650-02-2
28	84650-03-3
28	84650-04-4
28	84776-45-4
28	84852-35-7
28	84852-36-8
28	84852-37-9
28	84852-39-1
28	84988-93-2
28	84989-03-7
28	84989-04-8
28	84989-05-9
28	84989-06-0
28	84989-07-1
28	84989-09-3
28	84989-10-6
28	84989-11-7
28	84989-12-8
28	85029-51-2
28	85029-74-9
28	85098-84-6
28	85116-53-6
28	85116-58-1
28	85116-59-2
28	85116-60-5
28	85116-61-6
28	85117-03-9
28	85117-20-0
28	85135-77-9
28	85135-91-7
28	85136-74-9
28	85153-20-4
28	85166-19-4
28	852361-03-6
28	85283-97-2
28	85283-98-3
28	854372-97-7
28	85508-43-6
28	85508-44-7
28	85508-45-8
28	85508-46-9
28	85536-17-0
28	85536-19-2
28	85536-20-5
28	85551-28-6
28	856307-43-2
28	856565-65-6
28	857777-38-9
28	858790-60-0
28	85898-88-0
28	862365-66-0
28	86290-81-5
28	863639-26-3
28	865699-83-8
28	86755-24-0
28	872-33-3
28	874-41-9
28	87440-95-7
28	87741-01-3
28	87854-55-5
28	87854-56-6
28	88-72-2
28	88054-16-4
28	88733-28-2
28	888030-71-5
28	89678-75-1
28	90-04-0
28	90-94-8
28	9009-12-5
28	9014-83-9
28	90294-61-4
28	90341-42-7
28	90456-67-0
28	90622-51-8
28	90622-53-0
28	90622-55-2
28	90640-81-6
28	90640-82-7
28	90640-84-9
28	90640-85-0
28	90640-86-1
28	90640-87-2
28	90640-88-3
28	90640-89-4
28	90640-90-7
28	90640-91-8
28	90640-92-9
28	90640-93-0
28	90640-94-1
28	90640-95-2
28	90640-96-3
28	90640-97-4
28	90640-99-6
28	90641-00-2
28	90641-01-3
28	90641-02-4
28	90641-03-5
28	90641-04-6
28	90641-05-7
28	90641-06-8
28	90641-07-9
28	90641-08-0
28	90641-09-1
28	90641-11-5
28	90641-12-6
28	90669-57-1
28	90669-58-2
28	90669-59-3
28	90669-74-2
28	90669-75-3
28	90669-76-4
28	90669-77-5
28	90669-78-6
28	90989-38-1
28	90989-39-2
28	90989-41-6
28	90989-42-7
28	91-22-5
28	91-23-6
28	91-59-8
28	91-91-8
28	91-93-0
28	91-94-1
28	91-95-2
28	91079-47-9
28	91082-50-7
28	91082-52-9
28	91082-53-0
28	913092-91-8
28	91697-23-3
28	91697-41-5
28	91721-99-2
28	91770-57-9
28	91995-14-1
28	91995-15-2
28	91995-16-3
28	91995-17-4
28	91995-18-5
28	91995-20-9
28	91995-31-2
28	91995-34-5
28	91995-35-6
28	91995-38-9
28	91995-39-0
28	91995-40-3
28	91995-41-4
28	91995-42-5
28	91995-45-8
28	91995-48-1
28	91995-49-2
28	91995-50-5
28	91995-51-6
28	91995-52-7
28	91995-53-8
28	91995-54-9
28	91995-61-8
28	91995-66-3
28	91995-68-5
28	91995-73-2
28	91995-75-4
28	91995-76-5
28	91995-77-6
28	91995-78-7
28	91995-79-8
28	92-67-1
28	92-87-5
28	92-93-3
28	92045-12-0
28	92045-14-2
28	92045-15-3
28	92045-16-4
28	92045-17-5
28	92045-18-6
28	92045-19-7
28	92045-20-0
28	92045-22-2
28	92045-23-3
28	92045-29-9
28	92045-42-6
28	92045-43-7
28	92045-49-3
28	92045-50-6
28	92045-51-7
28	92045-52-8
28	92045-53-9
28	92045-55-1
28	92045-57-3
28	92045-58-4
28	92045-59-5
28	92045-60-8
28	92045-61-9
28	92045-62-0
28	92045-63-1
28	92045-64-2
28	92045-65-3
28	92045-71-1
28	92045-72-2
28	92045-77-7
28	92045-80-2
28	92061-86-4
28	92061-92-2
28	92061-93-3
28	92061-94-4
28	92061-97-7
28	92062-00-5
28	92062-04-9
28	92062-09-4
28	92062-10-7
28	92062-11-8
28	92062-15-2
28	92062-20-9
28	92062-22-1
28	92062-26-5
28	92062-27-6
28	92062-28-7
28	92062-29-8
28	92062-33-4
28	92062-34-5
28	92062-36-7
28	92128-94-4
28	92129-09-4
28	92129-57-2
28	92201-59-7
28	92201-60-0
28	92201-97-3
28	92202-10-3
28	92203-02-6
28	92203-03-7
28	924-42-5
28	92704-08-0
28	928113-28-4
28	928208-61-1
28	92843-12-4
28	93165-19-6
28	93165-55-0
28	933-98-2
28	934-74-7
28	934-80-5
28	934750-46-6
28	93571-75-6
28	93572-29-3
28	93572-35-1
28	93572-36-2
28	93572-43-1
28	93763-10-1
28	93763-11-2
28	93763-33-8
28	93763-34-9
28	93763-38-3
28	93763-85-0
28	93821-38-6
28	93821-66-0
28	93857-57-9
28	93920-09-3
28	93920-10-6
28	93924-31-3
28	93924-32-4
28	93924-33-5
28	93924-61-9
28	93964-42-2
28	93964-43-3
28	93964-58-0
28	93964-62-6
28	93964-63-7
28	93964-64-8
28	93983-68-7
28	94-59-7
28	94021-36-0
28	94114-03-1
28	94114-13-3
28	94114-29-1
28	94114-40-6
28	94114-46-2
28	94114-47-3
28	94114-48-4
28	94114-52-0
28	94114-53-1
28	94114-54-2
28	94114-55-3
28	94114-56-4
28	94114-57-5
28	94232-45-8
28	94551-87-8
28	946852-83-1
28	94733-02-5
28	94733-03-6
28	94733-04-7
28	94733-05-8
28	94733-08-1
28	94733-09-2
28	94733-12-7
28	94733-15-0
28	94733-16-1
28	94944-81-7
28	95-06-7
28	95-53-4
28	95-69-2
28	95-80-7
28	95-93-2
28	95009-23-7
28	95371-04-3
28	95371-05-4
28	95371-07-6
28	95371-08-7
28	95465-89-7
28	95566-38-4
28	956229-60-0
28	95918-00-6
28	959925-10-1
28	96-09-3
28	96-12-8
28	96-13-9
28	96-18-4
28	96-23-1
28	96-29-7
28	96591-22-9
28	96690-54-9
28	96690-55-0
28	96778-02-8
28	97-56-3
28	97330-34-2
28	97488-73-8
28	97488-74-9
28	97488-95-4
28	97488-96-5
28	97660-63-4
28	97675-85-9
28	97675-86-0
28	97675-87-1
28	97722-04-8
28	97722-06-0
28	97722-08-2
28	97722-09-3
28	97722-10-6
28	97722-19-5
28	97862-76-5
28	97862-77-6
28	97862-78-7
28	97862-81-2
28	97862-82-3
28	97862-83-4
28	97862-97-0
28	97862-98-1
28	97863-04-2
28	97863-05-3
28	97863-06-4
28	97926-43-7
28	97926-59-5
28	97926-68-6
28	97926-70-0
28	97926-71-1
28	97926-76-6
28	97926-77-7
28	97926-78-8
28	97952-82-4
28	97952-83-5
28	97952-84-6
28	98-07-7
28	98-82-8
28	98072-75-4
28	98072-76-5
28	98072-77-6
28	98072-95-8
28	98072-96-9
28	98072-97-0
28	98073-01-9
28	98073-02-0
28	98073-03-1
28	98104-93-9
28	98219-46-6
28	98219-47-7
28	98219-64-8
28	98478-67-2
28	98503-29-8
28	98913-54-3
28	99-97-8
28	99035-51-5
28	99148-51-3
28	99328-50-4
28	99601-92-0
28	99601-93-1
28	99932-75-9
28	99932-76-0
28	NA1270
28	RR-00025-9
28	RR-00026-0
28	RR-00070-4
28	RR-00132-1
28	RR-00520-9
28	RR-00557-2
28	RR-01620-6
28	RR-01791-4
28	RR-02085-9
28	RR-02086-0
28	RR-02087-1
28	RR-02088-2
28	RR-02089-3
28	RR-02090-6
28	RR-02091-7
28	RR-02093-9
28	RR-02094-0
28	RR-02096-2
28	RR-02247-9
28	RR-03757-0
28	RR-03765-0
28	RR-04091-5
28	RR-04797-2
28	RR-07026-8
28	RR-100836-2
28	RR-100837-3
28	RR-100838-4
28	RR-100839-5
28	RR-122532-7
28	RR-129696-4
28	RR-145682-2
28	RR-145860-2
28	RR-16800-3
28	RR-17715-1
28	RR-17716-2
28	RR-17718-4
28	RR-18786-0
28	RR-19918-8
28	RR-42416-8
28	RR-53129-3
28	RR-53130-6
28	RR-54368-0
28	RR-55480-3
28	RR-56351-9
28	UN1011
28	UN1040
28	UN1071
28	UN1075
28	UN1081
28	UN1085
28	UN1086
28	UN1089
28	UN1093
28	UN1114
28	UN1136
28	UN1163
28	UN1165
28	UN1184
28	UN1185
28	UN1203
28	UN1218
28	UN1239
28	UN1267
28	UN1279
28	UN1280
28	UN1439
28	UN1463
28	UN1484
28	UN1553
28	UN1554
28	UN1559
28	UN1561
28	UN1566
28	UN1567
28	UN1579
28	UN1594
28	UN1595
28	UN1600
28	UN1605
28	UN1650
28	UN1653
28	UN1709
28	UN1710
28	UN1738
28	UN1758
28	UN1885
28	UN1918
28	UN1921
28	UN1969
28	UN1991
28	UN2023
28	UN2029
28	UN2038
28	UN2074
28	UN2212
28	UN2226
28	UN2249
28	UN2262
28	UN2382
28	UN2389
28	UN2572
28	UN2651
28	UN2656
28	UN2725
28	UN2729
28	UN2750
28	UN2862
28	UN3410
28	UN3454
29	100-41-4
29	100-41-4
29	100-41-4
29	10022-68-1
29	10034-82-9
29	100494-20-0
29	100801-63-6
29	100801-65-8
29	100801-66-9
29	101-80-4
29	10108-64-2
29	10124-36-4
29	101316-56-7
29	101316-62-5
29	101316-63-6
29	101316-66-9
29	101316-67-0
29	101316-76-1
29	101316-86-3
29	101316-87-4
29	101631-20-3
29	101794-90-5
29	101794-91-6
29	101794-97-2
29	101794-99-4
29	101795-01-1
29	101795-02-2
29	1018900-84-9
29	101896-26-8
29	101896-27-9
29	101896-28-0
29	102040-01-7
29	102110-14-5
29	102110-15-6
29	102110-55-4
29	103-65-1
29	103122-66-3
29	10325-94-7
29	105-05-5
29	105268-95-9
29	1053658-43-7
29	105567-86-0
29	10588-01-9
29	106-97-8
29	106-99-0
29	10605-21-7
29	1074-17-5
29	1074-43-7
29	1074-55-1
29	1076-43-3
29	108-67-8
29	1088355-13-8
29	109-66-0
29	109202-58-6
29	110342-67-1
29	1135441-25-6
29	1135441-26-7
29	115-07-1
29	1155875-94-7
29	116010-52-7
29	1173023-23-8
29	1198293-68-3
29	12018-32-5
29	1203557-88-3
29	1213224-27-1
29	121448-83-7
29	121509-79-3
29	121620-46-0
29	121620-47-1
29	121620-48-2
29	1217187-52-4
29	122070-79-5
29	122070-80-8
29	122384-78-5
29	122775-19-3
29	12324-05-9
29	12324-08-2
29	1306-13-4
29	130983-70-9
29	1326305-81-0
29	1333-82-0
29	135-01-3
29	13589-17-8
29	1391351-00-0
29	141-93-5
29	14177-24-3
29	142175-32-4
29	1464-53-5
29	14977-61-8
29	151-56-4
29	15244-35-6
29	160278-55-7
29	16033-71-9
29	174973-66-1
29	1758-88-9
29	176598-18-8
29	17804-35-2
29	182115-04-4
29	183592-61-2
29	184288-32-2
29	18755-43-6
29	19034-08-3
29	194091-52-6
29	2040-90-6
29	21041-95-2
29	211862-48-5
29	211862-50-9
29	212384-28-6
29	22465-18-5
29	2451-62-9
29	24992-55-0
29	25340-17-4
29	25550-14-5
29	25551-13-7
29	25619-60-7
29	276680-08-1
29	2870-04-4
29	28729-54-6
29	30512-31-3
29	3296-90-0
29	34848-09-4
29	35658-65-2
29	37341-05-2
29	39357-40-9
29	39413-19-9
29	40722-80-3
29	414867-60-0
29	436859-78-8
29	463-82-1
29	488-23-3
29	50-32-8
29	50813-73-5
29	513-78-0
29	5146-66-7
29	51557-01-8
29	526-73-8
29	52683-56-4
29	527-53-7
29	54682-86-9
29	54847-97-1
29	57158-05-1
29	5843-86-7
29	59653-74-6
29	59758-95-1
29	611-14-3
29	61641-74-5
29	61790-07-6
29	620-14-4
29	620-17-7
29	622-96-8
29	62642-07-3
29	63090-40-4
29	63278-70-6
29	64-67-5
29	64-86-8
29	64741-41-9
29	64741-42-0
29	64741-46-4
29	64741-47-5
29	64741-48-6
29	64741-54-4
29	64741-55-5
29	64741-63-5
29	64741-64-6
29	64741-65-7
29	64741-66-8
29	64741-68-0
29	64741-69-1
29	64741-70-4
29	64741-74-8
29	64741-78-2
29	64741-83-9
29	64741-84-0
29	64741-87-3
29	64741-92-0
29	64742-15-0
29	64742-22-9
29	64742-23-0
29	64742-48-9
29	64742-49-0
29	64742-66-1
29	64742-73-0
29	64742-82-1
29	64742-83-2
29	64742-89-8
29	64742-95-6
29	65996-78-3
29	65996-79-4
29	65996-82-9
29	65996-83-0
29	65996-84-1
29	65996-85-2
29	65996-86-3
29	65996-87-4
29	65996-88-5
29	65996-93-2
29	67891-79-6
29	67891-80-9
29	680-31-9
29	68131-49-7
29	68131-75-9
29	68307-98-2
29	68307-99-3
29	68308-00-9
29	68308-01-0
29	68308-03-2
29	68308-04-3
29	68308-05-4
29	68308-06-5
29	68308-07-6
29	68308-08-7
29	68308-09-8
29	68308-10-1
29	68308-11-2
29	68308-12-3
29	68391-11-7
29	68409-99-4
29	68410-05-9
29	68410-71-9
29	68410-96-8
29	68410-97-9
29	68410-98-0
29	68425-29-6
29	68425-35-4
29	68475-57-0
29	68475-58-1
29	68475-59-2
29	68475-60-5
29	68475-70-7
29	68475-79-6
29	68476-26-6
29	68476-29-9
29	68476-40-4
29	68476-42-6
29	68476-46-0
29	68476-47-1
29	68476-49-3
29	68476-50-6
29	68476-55-1
29	68476-85-7
29	68476-86-8
29	68477-23-6
29	68477-33-8
29	68477-34-9
29	68477-35-0
29	68477-50-9
29	68477-53-2
29	68477-55-4
29	68477-61-2
29	68477-65-6
29	68477-66-7
29	68477-67-8
29	68477-68-9
29	68477-69-0
29	68477-70-3
29	68477-71-4
29	68477-72-5
29	68477-73-6
29	68477-74-7
29	68477-75-8
29	68477-76-9
29	68477-77-0
29	68477-79-2
29	68477-80-5
29	68477-81-6
29	68477-82-7
29	68477-83-8
29	68477-84-9
29	68477-85-0
29	68477-86-1
29	68477-87-2
29	68477-89-4
29	68477-90-7
29	68477-91-8
29	68477-92-9
29	68477-93-0
29	68477-94-1
29	68477-95-2
29	68477-96-3
29	68477-97-4
29	68477-98-5
29	68477-99-6
29	68478-00-2
29	68478-01-3
29	68478-02-4
29	68478-03-5
29	68478-04-6
29	68478-05-7
29	68478-12-6
29	68478-15-9
29	68478-16-0
29	68478-21-7
29	68478-22-8
29	68478-24-0
29	68478-25-1
29	68478-26-2
29	68478-27-3
29	68478-28-4
29	68478-29-5
29	68478-30-8
29	68478-32-0
29	68478-33-1
29	68478-34-2
29	68512-78-7
29	68512-91-4
29	68513-02-0
29	68513-03-1
29	68513-14-4
29	68513-15-5
29	68513-16-6
29	68513-17-7
29	68513-18-8
29	68513-19-9
29	68513-26-8
29	68513-63-3
29	68513-65-5
29	68513-65-5
29	68513-65-5
29	68513-66-6
29	68513-87-1
29	68514-15-8
29	68514-30-7
29	68514-31-8
29	68514-36-3
29	68514-79-4
29	68516-20-1
29	68527-15-1
29	68527-16-2
29	68527-19-5
29	68527-21-9
29	68527-22-0
29	68527-23-1
29	68527-26-4
29	68527-27-5
29	68555-24-8
29	68602-82-4
29	68602-83-5
29	68602-84-6
29	68603-00-9
29	68603-01-0
29	68603-03-2
29	68603-08-7
29	68606-10-0
29	68606-11-1
29	68606-25-7
29	68606-26-8
29	68606-27-9
29	68606-34-8
29	68606-35-9
29	68607-11-4
29	68783-06-2
29	68783-07-3
29	68783-09-5
29	68783-12-0
29	68783-64-2
29	68783-65-3
29	68783-66-4
29	68814-67-5
29	68814-90-4
29	68815-21-4
29	68911-58-0
29	68911-59-1
29	68918-99-0
29	68919-00-6
29	68919-01-7
29	68919-02-8
29	68919-03-9
29	68919-04-0
29	68919-05-1
29	68919-06-2
29	68919-07-3
29	68919-08-4
29	68919-09-5
29	68919-10-8
29	68919-11-9
29	68919-12-0
29	68919-20-0
29	68919-37-9
29	68919-39-1
29	68921-08-4
29	68921-09-5
29	68937-63-3
29	68952-76-1
29	68952-77-2
29	68952-79-4
29	68952-80-7
29	68952-81-8
29	68952-82-9
29	68955-28-2
29	68955-29-3
29	68955-33-9
29	68955-34-0
29	68955-35-1
29	68989-88-8
29	70206-08-5
29	70321-67-4
29	70357-15-2
29	71-43-2
29	72589-96-9
29	73665-18-6
29	74-82-8
29	74-82-8
29	74-84-0
29	74-84-0
29	74-84-0
29	74-85-1
29	74-98-6
29	74-98-6
29	74-98-6
29	75-21-8
29	75-28-5
29	75-56-9
29	77402-03-0
29	77402-05-2
29	7775-11-3
29	7778-50-9
29	7789-00-6
29	7789-09-5
29	7789-12-0
29	7790-78-5
29	7790-79-6
29	7790-84-3
29	7791-14-2
29	78-78-4
29	78308-32-4
29	79-06-1
29	79990-52-6
29	8006-61-9
29	8030-30-6
29	8030-31-7
29	8031-06-9
29	8031-38-7
29	8031-39-8
29	8032-32-4
29	8052-41-3
29	80655-58-9
29	80748-12-5
29	819804-28-9
29	84245-12-5
29	84650-03-3
29	84650-04-4
29	84988-93-2
29	84989-03-7
29	84989-04-8
29	84989-05-9
29	84989-06-0
29	84989-07-1
29	84989-09-3
29	84989-12-8
29	85029-51-2
29	85116-58-1
29	85116-59-2
29	85116-60-5
29	85116-61-6
29	85536-17-0
29	85536-19-2
29	85536-20-5
29	86290-81-5
29	874-41-9
29	87741-01-3
29	88-72-2
29	90456-67-0
29	90622-51-8
29	90622-55-2
29	90640-81-6
29	90640-82-7
29	90640-87-2
29	90640-88-3
29	90640-89-4
29	90640-90-7
29	90640-99-6
29	90641-00-2
29	90641-01-3
29	90641-02-4
29	90641-03-5
29	90641-04-6
29	90641-05-7
29	90641-06-8
29	90641-11-5
29	90641-12-6
29	90989-38-1
29	90989-39-2
29	90989-41-6
29	90989-42-7
29	91079-47-9
29	91082-52-9
29	91082-53-0
29	91995-15-2
29	91995-16-3
29	91995-17-4
29	91995-18-5
29	91995-20-9
29	91995-31-2
29	91995-35-6
29	91995-38-9
29	91995-41-4
29	91995-48-1
29	91995-49-2
29	91995-50-5
29	91995-53-8
29	91995-61-8
29	91995-66-3
29	91995-68-5
29	92045-15-3
29	92045-16-4
29	92045-17-5
29	92045-18-6
29	92045-19-7
29	92045-20-0
29	92045-22-2
29	92045-23-3
29	92045-49-3
29	92045-50-6
29	92045-51-7
29	92045-52-8
29	92045-53-9
29	92045-55-1
29	92045-57-3
29	92045-58-4
29	92045-59-5
29	92045-60-8
29	92045-61-9
29	92045-62-0
29	92045-63-1
29	92045-64-2
29	92045-65-3
29	92045-80-2
29	92061-92-2
29	92062-15-2
29	92062-22-1
29	92062-26-5
29	92062-27-6
29	92062-28-7
29	92062-29-8
29	92062-33-4
29	92062-36-7
29	92128-94-4
29	92201-97-3
29	924-42-5
29	928208-61-1
29	93165-19-6
29	93165-55-0
29	933-98-2
29	934-74-7
29	934-80-5
29	93571-75-6
29	93572-29-3
29	93572-35-1
29	93572-36-2
29	93763-33-8
29	93763-34-9
29	93821-38-6
29	94114-03-1
29	94114-29-1
29	94114-40-6
29	94114-52-0
29	94114-53-1
29	94114-54-2
29	94114-56-4
29	94114-57-5
29	94733-02-5
29	94733-03-6
29	94733-04-7
29	94733-05-8
29	94733-12-7
29	95-93-2
29	95009-23-7
29	95465-89-7
29	96-12-8
29	96690-55-0
29	97722-19-5
29	97926-43-7
29	98219-46-6
29	98219-47-7
29	98503-29-8
29	99932-75-9
29	99932-76-0
29	RR-04091-5
29	RR-17716-2
29	RR-18786-0
29	UN1011
29	UN1040
29	UN1071
29	UN1075
29	UN1114
29	UN1185
29	UN1203
29	UN1280
29	UN1439
29	UN1463
29	UN1594
29	UN1758
29	UN1969
29	UN2074
3	RR-46671-7
30	1001118-18-8
30	10026-22-9
30	10026-24-1
30	10028-16-7
30	10028-18-9
30	10031-13-7
30	10031-21-7
30	10031-22-8
30	10034-82-9
30	100402-96-8
30	10043-35-3
30	100656-49-3
30	100656-51-7
30	100656-53-9
30	100656-54-0
30	100656-55-1
30	100656-56-2
30	100784-20-1
30	100822-74-0
30	100835-88-9
30	100929-97-3
30	10099-74-8
30	10099-76-0
30	10099-79-3
30	10101-63-0
30	10101-97-0
30	10101-98-1
30	101012-92-4
30	101013-06-3
30	10102-48-4
30	10108-64-2
30	101215-76-3
30	10124-36-4
30	10124-43-3
30	101319-72-6
30	101319-94-2
30	101377-47-3
30	10141-05-6
30	101419-68-5
30	10177-50-1
30	1018852-64-6
30	1018900-84-9
30	10190-55-3
30	10198-40-0
30	102040-01-7
30	102047-25-6
30	102110-24-7
30	102110-26-9
30	102110-36-1
30	102110-48-5
30	102110-49-6
30	102110-60-1
30	102110-61-2
30	102110-62-3
30	10214-39-8
30	1021487-49-9
30	102423-87-0
30	102613-50-3
30	1026991-29-6
30	1026991-29-6
30	10294-47-0
30	10294-58-3
30	102967-73-7
30	10332-33-9
30	10332-33-9
30	103361-09-7
30	103427-19-6
30	103730-90-1
30	103730-90-1
30	10382-41-9
30	1039387-27-3
30	1039387-28-4
30	104653-34-1
30	104839-24-9
30	10486-00-7
30	10486-00-7
30	105024-66-6
30	105268-95-9
30	105494-65-3
30	105567-86-0
30	10588-01-9
30	106-87-6
30	106-91-2
30	106-94-5
30	10603-63-1
30	10605-21-7
30	106160-94-5
30	106325-08-0
30	106495-92-5
30	106496-45-1
30	1067-14-7
30	1067-33-0
30	1067-52-3
30	1067-53-4
30	1067-97-6
30	1068-23-1
30	1068-61-7
30	1072-35-1
30	1072-63-5
30	107378-49-4
30	107397-49-9
30	1079390-64-9
30	1083-82-5
30	108350-80-7
30	108424-14-2
30	108424-15-3
30	108424-16-4
30	1088355-13-8
30	109-86-4
30	109630-52-6
30	109702-19-4
30	109707-90-6
30	109882-46-4
30	1099648-86-8
30	110-49-6
30	110-71-4
30	110-80-5
30	110342-67-1
30	110444-90-1
30	110488-70-5
30	11063-58-4
30	11067-80-4
30	110687-39-3
30	110736-51-1
30	1108196-61-7
30	111-15-9
30	111-41-1
30	111-77-3
30	111-96-6
30	111079-49-3
30	11111-26-5
30	11113-50-1
30	11113-70-5
30	11113-73-8
30	11113-74-9
30	11116-83-9
30	11119-70-3
30	11120-22-2
30	111214-56-3
30	111274-79-4
30	11130-12-4
30	11130-13-5
30	11130-13-5
30	11132-10-8
30	11138-47-9
30	11138-47-9
30	111988-49-9
30	112-49-2
30	1120-46-3
30	112288-03-6
30	112961-06-5
30	113096-99-4
30	1135441-11-0
30	1135441-25-6
30	1135441-26-7
30	114012-65-6
30	114057-15-7
30	114601-64-8
30	114830-97-6
30	115-09-3
30	115-96-8
30	1153-06-6
30	115372-65-1
30	1155875-94-7
30	1156543-55-3
30	1158234-15-1
30	115850-69-6
30	115937-89-8
30	1162-06-7
30	116421-26-2
30	116421-29-5
30	116443-03-9
30	116565-73-2
30	116565-74-3
30	116666-25-2
30	116739-98-1
30	117-81-7
30	117-82-8
30	117925-64-1
30	117955-24-5
30	117964-21-3
30	118480-78-7
30	1186126-93-1
30	1186126-94-2
30	1189141-72-7
30	119-05-1
30	119-07-3
30	119-47-1
30	1191-18-0
30	1192-70-7
30	119313-12-1
30	119738-06-6
30	119801-45-5
30	1199553-62-2
30	12001-34-2
30	12008-41-2
30	120119-64-4
30	12013-69-3
30	12017-86-6
30	12018-32-5
30	12023-90-4
30	12029-23-1
30	12034-30-9
30	12034-88-7
30	1203557-88-3
30	12036-31-6
30	12036-76-9
30	12036-93-0
30	12040-72-1
30	12040-72-1
30	12045-54-4
30	12048-28-1
30	1204812-53-2
30	12054-48-7
30	12059-89-1
30	12060-00-3
30	12060-01-4
30	12065-68-8
30	12065-90-6
30	12069-00-0
30	121054-00-0
30	121072-42-2
30	121158-58-5
30	12124-97-9
30	12135-36-3
30	12137-74-5
30	12141-20-7
30	12143-43-0
30	12157-94-7
30	1217267-31-6
30	12179-04-3
30	12202-17-4
30	12205-72-0
30	12213-61-5
30	12214-45-8
30	122162-56-5
30	122332-23-4
30	122466-83-5
30	12254-95-4
30	12257-99-7
30	12261-94-8
30	12266-38-5
30	12267-73-1
30	12268-84-7
30	1227263-18-4
30	12275-07-9
30	122785-80-2
30	1227908-26-0
30	1227947-10-5
30	12280-03-4
30	123-39-7
30	12322-79-1
30	12322-85-9
30	12333-97-0
30	123517-46-4
30	12356-42-2
30	123574-67-4
30	1236181-93-3
30	12372-45-1
30	123720-03-6
30	12377-69-4
30	12379-54-3
30	12397-06-7
30	1240017-47-3
30	12403-82-6
30	12412-92-9
30	12412-94-1
30	1242163-02-5
30	1242163-03-6
30	124222-18-0
30	12435-47-1
30	12447-40-4
30	124594-15-6
30	1245941-87-0
30	1247014-60-3
30	124826-86-4
30	125022-34-6
30	125022-34-6
30	125199-87-3
30	125225-28-7
30	125328-49-6
30	125407-52-5
30	125471-97-8
30	125494-56-6
30	125634-26-6
30	12578-12-0
30	12589-17-2
30	1259534-55-8
30	12597-49-8
30	12607-70-4
30	12608-25-2
30	12612-47-4
30	12612-55-4
30	1262222-67-2
30	1262222-68-3
30	1262279-30-0
30	1262279-31-1
30	1262281-53-7
30	1262281-54-8
30	1262426-51-6
30	12626-81-2
30	12640-42-5
30	12656-69-8
30	12656-85-8
30	126639-29-0
30	12676-62-9
30	12684-10-5
30	12684-19-4
30	1268472-42-9
30	126857-68-9
30	12687-78-4
30	126872-19-3
30	127-19-5
30	12703-76-3
30	12703-76-3
30	12709-98-7
30	127279-03-2
30	12737-12-1
30	12737-98-3
30	12740-44-2
30	12765-51-4
30	12774-29-7
30	127917-29-7
30	12795-04-9
30	128093-63-0
30	128226-81-3
30	128976-28-3
30	129514-93-8
30	129618-34-4
30	13005-31-7
30	1303-00-0
30	1303-86-2
30	1303-96-4
30	130596-72-4
30	130680-19-2
30	1309-60-0
30	13094-04-7
30	131-15-7
30	131-18-0
30	131-72-6
30	1310-03-8
30	1310-03-8
30	1311-11-1
30	13138-45-9
30	1314-27-8
30	1314-41-6
30	1314-87-0
30	1314-91-6
30	1314012-56-0
30	1314087-56-3
30	1314087-69-8
30	1315317-92-0
30	1317-36-8
30	13170-76-8
30	131733-77-2
30	1320-47-4
30	1320-68-9
30	132003-12-4
30	13231-90-8
30	132324-11-9
30	1323439-04-8
30	1326-05-2
30	132641-04-4
30	13266-07-4
30	1327-31-7
30	1330-43-4
30	1330-91-2
30	1330-96-7
30	1330063-14-3
30	13302-06-2
30	1332-28-1
30	13331-52-7
30	1333123-32-2
30	133315-99-8
30	1335-25-7
30	1335-32-6
30	1338-87-0
30	133855-98-8
30	13387-91-2
30	133988-90-6
30	13406-89-8
30	13407-13-1
30	13424-46-9
30	13427-42-4
30	13434-24-7
30	13435-05-7
30	1344-36-1
30	1344-37-2
30	1344-38-3
30	1344-40-7
30	1344-90-7
30	13453-57-1
30	13453-62-8
30	13453-65-1
30	13453-66-2
30	13455-34-0
30	13462-88-9
30	13462-90-3
30	13463-30-4
30	13463-39-3
30	13463-41-7
30	13464-43-2
30	13478-00-7
30	13478-50-7
30	13494-80-9
30	13510-89-9
30	13510-91-3
30	13510-94-6
30	13510-96-8
30	13517-20-9
30	13517-20-9
30	13520-61-1
30	13566-17-1
30	135849-93-3
30	13586-82-8
30	135926-88-4
30	136-51-6
30	136-52-7
30	136-53-8
30	136349-33-2
30	13637-71-3
30	13637-76-8
30	13654-40-5
30	136596-82-2
30	136797-29-0
30	13689-92-4
30	13698-55-0
30	13701-59-2
30	13701-91-2
30	13703-85-0
30	13716-94-4
30	13732-17-7
30	137322-20-4
30	1373494-71-3
30	137506-60-6
30	13764-83-5
30	13767-78-7
30	13770-89-3
30	137718-37-7
30	13778-29-5
30	13778-36-4
30	13779-93-6
30	13779-98-1
30	137885-53-1
30	13814-96-5
30	13826-65-8
30	1383782-37-3
30	13840-56-7
30	13842-46-1
30	13845-31-3
30	13845-35-7
30	1391351-00-0
30	1392498-45-1
30	13931-84-5
30	13940-83-5
30	139522-21-7
30	139522-22-8
30	13966-28-4
30	13966-28-4
30	13981-38-9
30	13981-49-2
30	13981-50-5
30	13981-51-6
30	13981-83-4
30	13982-25-7
30	13982-78-0
30	139939-65-4
30	139939-67-6
30	140-01-2
30	14034-76-5
30	14093-03-9
30	14103-61-8
30	14119-28-9
30	14119-28-9
30	14119-29-0
30	14119-29-0
30	14119-30-3
30	14119-30-3
30	141754-61-2
30	1420-07-1
30	14216-75-2
30	14216-86-5
30	142175-32-4
30	14234-28-7
30	14255-04-0
30	14255-04-0
30	14269-71-7
30	14275-57-1
30	14280-50-3
30	142939-39-7
30	1429425-26-2
30	1429425-28-4
30	143-24-8
30	14304-79-1
30	14304-80-4
30	14312-40-4
30	1434046-67-9
30	14376-32-0
30	14376-54-6
30	143860-04-2
30	14402-61-0
30	1443500-22-8
30	144377-64-0
30	14450-60-3
30	14466-01-4
30	144919-64-2
30	1451188-70-7
30	1451592-07-6
30	1453-58-3
30	14550-87-9
30	14570-16-2
30	14570-16-2
30	146-50-9
30	1461-22-9
30	1461-23-0
30	146117-15-9
30	146479-75-6
30	14648-48-7
30	14683-12-6
30	14687-25-3
30	14687-25-3
30	14690-59-6
30	14708-14-6
30	14720-53-7
30	147716-03-8
30	1478-61-1
30	148-24-3
30	14846-40-3
30	14846-40-3
30	148616-44-8
30	1487-66-7
30	14875-95-7
30	149-11-1
30	149-57-5
30	149038-91-5
30	149202-33-5
30	14931-82-9
30	14986-72-2
30	149864-43-7
30	14998-37-9
30	149984-87-2
30	15060-62-5
30	15064-97-8
30	15067-28-4
30	15067-28-4
30	15092-94-1
30	15092-94-1
30	15099-34-0
30	15116-82-2
30	15120-21-5
30	15120-21-5
30	15125-45-8
30	1512534-40-5
30	15175-63-0
30	15175-77-6
30	151798-26-4
30	15187-16-3
30	1520-78-1
30	152212-20-9
30	15244-35-6
30	15245-44-0
30	1528-01-4
30	15282-88-9
30	15306-30-6
30	153305-02-3
30	15347-55-4
30	15347-57-6
30	153679-91-5
30	153929-54-5
30	1542381-47-4
30	15516-84-4
30	15521-60-5
30	1552323-12-2
30	155399-52-3
30	15571-58-1
30	15586-38-6
30	15590-60-0
30	15590-62-2
30	15590-77-9
30	156107-73-2
30	15684-36-3
30	15686-64-3
30	15696-43-2
30	15699-18-0
30	15701-09-4
30	15708-49-3
30	15748-73-9
30	15752-86-0
30	15752-86-0
30	15756-15-7
30	15759-52-1
30	15768-95-3
30	15768-95-3
30	15773-47-4
30	15773-48-5
30	15773-52-1
30	15773-53-2
30	15773-55-4
30	15773-56-5
30	15804-54-3
30	15816-77-0
30	15816-77-0
30	15843-02-4
30	15843-48-8
30	15845-52-0
30	15851-47-5
30	15887-88-4
30	1589-47-5
30	15905-81-4
30	15906-71-5
30	15907-04-7
30	15935-90-7
30	15956-58-8
30	16038-76-9
30	16039-61-5
30	16040-38-3
30	16083-14-0
30	16118-49-3
30	16180-04-4
30	16183-12-3
30	162342-48-5
30	162400-43-3
30	16256-07-8
30	1628260-45-6
30	16337-84-1
30	163498-05-3
30	163701-88-0
30	163701-93-7
30	1637457-78-3
30	163751-31-3
30	16450-50-3
30	16456-84-1
30	16544-92-6
30	16645-99-1
30	16645-99-1
30	16646-00-7
30	16646-00-7
30	166520-64-5
30	16699-63-1
30	167416-30-0
30	16782-00-6
30	169741-16-6
30	169957-95-3
30	16996-40-0
30	16996-40-0
30	16996-51-3
30	1702279-08-0
30	1702279-15-9
30	17035-66-4
30	17035-66-4
30	17239-87-1
30	17239-87-1
30	172589-69-4
30	172672-41-2
30	172777-22-9
30	17301-01-8
30	17313-85-8
30	173201-80-4
30	17406-54-1
30	174956-83-3
30	175448-53-0
30	17549-30-3
30	17570-76-2
30	175895-38-2
30	17593-69-0
30	1762-26-1
30	1762-26-1
30	1762-27-2
30	1762-27-2
30	1762-28-3
30	1762-28-3
30	1763-23-1
30	17638-48-1
30	17652-47-0
30	177256-35-8
30	17804-35-2
30	17974-04-8
30	17976-43-1
30	179865-13-5
30	17997-47-6
30	1801269-77-1
30	1801269-80-6
30	180129-52-6
30	180472-48-4
30	181591-67-3
30	181768-98-9
30	18195-55-6
30	18201-52-0
30	1825302-06-4
30	18279-19-1
30	18279-20-4
30	18279-21-5
30	18283-82-4
30	18283-88-0
30	18283-88-0
30	183196-57-8
30	1836-75-5
30	18421-60-8
30	184288-32-2
30	18454-12-1
30	184637-91-0
30	18534-07-1
30	185915-28-0
30	18608-34-9
30	186322-74-7
30	18721-51-2
30	18755-43-6
30	188070-59-9
30	18917-82-3
30	189279-89-8
30	19010-66-3
30	19034-08-3
30	19136-34-6
30	19154-72-4
30	1920-90-7
30	1920-90-7
30	19223-62-2
30	192458-89-2
30	192819-80-0
30	19295-82-0
30	19423-89-3
30	195161-79-6
30	19528-55-3
30	19583-54-1
30	196413-10-2
30	19651-80-0
30	19766-89-3
30	19783-14-3
30	1979138-53-8
30	19807-00-2
30	1983-10-4
30	199327-61-2
30	199876-46-5
30	2009382-57-2
30	201230-82-2
30	201732-55-0
30	201742-34-9
30	202054-39-5
30	202149-12-0
30	203300-26-9
30	20369-63-5
30	20383-42-0
30	20403-41-2
30	20403-42-3
30	204322-88-3
30	205180-59-2
30	20534-94-5
30	2056906-49-9
30	207500-00-3
30	20837-86-9
30	208398-70-3
30	20845-92-5
30	20890-10-2
30	20917-34-4
30	20936-32-7
30	209969-79-9
30	210093-72-4
30	2101242-86-6
30	21049-39-8
30	210555-94-5
30	21059-09-6
30	2117-69-3
30	21180-26-7
30	211990-09-9
30	212384-28-6
30	21319-43-7
30	21343-84-0
30	21459-27-8
30	21519-20-0
30	2155-70-6
30	2155-81-9
30	2156592-54-8
30	21600-78-2
30	21774-13-0
30	21774-13-0
30	2179-92-2
30	219782-27-1
30	22221-10-9
30	2223-95-2
30	2229-55-2
30	2233-42-3
30	22330-14-9
30	2242959-68-6
30	22438-69-3
30	22464-99-9
30	22465-18-5
30	2253722-08-4
30	22569-74-0
30	22605-92-1
30	22673-19-4
30	226883-65-4
30	22723-52-0
30	22904-40-1
30	2294935-60-5
30	23232-50-0
30	23296-41-5
30	23621-79-6
30	23654-14-0
30	2388-00-3
30	2388-00-3
30	24124-25-2
30	2420-98-6
30	24291-51-8
30	24432-06-2
30	244778-79-8
30	2457-01-4
30	2457-02-5
30	24593-34-8
30	24602-86-6
30	246180-99-4
30	24804-14-6
30	24824-71-3
30	24850-33-7
30	24952-65-6
30	24952-65-6
30	2508-97-6
30	25103-50-8
30	25155-23-1
30	25167-73-1
30	25215-19-4
30	252189-56-3
30	25510-11-6
30	25550-49-6
30	25659-31-8
30	25666-92-6
30	25711-26-6
30	25721-38-4
30	25725-28-4
30	25737-54-6
30	25808-74-6
30	2587-81-7
30	2587-82-8
30	2587-84-0
30	25987-03-5
30	26043-11-8
30	26077-31-6
30	26138-58-9
30	26239-64-5
30	26265-65-6
30	26354-15-4
30	26354-18-7
30	266692-38-0
30	2669-35-4
30	26856-29-1
30	26864-39-1
30	2687-91-4
30	26896-31-1
30	27147-18-8
30	27189-59-9
30	27236-77-7
30	27253-28-7
30	27253-41-4
30	27360-89-0
30	27366-72-9
30	27399-92-4
30	27399-92-4
30	27459-10-5
30	27486-00-6
30	27486-00-6
30	27494-85-5
30	27496-91-9
30	27554-26-3
30	275818-89-8
30	27605-35-2
30	27637-46-3
30	276680-08-1
30	2781-10-4
30	27923-60-0
30	2795-39-3
30	280144-23-2
30	28089-34-1
30	28106-82-3
30	2813-95-8
30	28267-01-8
30	28375-10-2
30	2857-03-6
30	28653-36-3
30	28772-56-7
30	288-32-4
30	288-88-0
30	288-89-1
30	28801-69-6
30	29081-56-9
30	29317-63-3
30	29457-48-5
30	29457-72-5
30	29473-77-6
30	29597-84-0
30	29729-00-8
30	3002-63-9
30	30051-53-7
30	30099-72-0
30	301-04-2
30	301-08-6
30	301-10-0
30	30698-98-7
30	30719-10-9
30	30860-66-3
30	30873-69-9
30	3090-35-5
30	3090-36-6
30	3108-42-7
30	31089-48-2
30	3121-61-7
30	3124-01-4
30	313223-18-6
30	3138-01-0
30	314057-78-8
30	31430-86-1
30	3164-85-0
30	31732-71-5
30	318995-78-7
30	3204-27-1
30	32112-52-0
30	32296-03-0
30	3249-60-3
30	3249-61-4
30	32536-52-0
30	330-55-2
30	3333-67-3
30	3349-06-2
30	3349-08-4
30	335-67-1
30	335-76-2
30	33513-42-7
30	33550-22-0
30	33627-12-2
30	337513-72-1
30	33918-18-2
30	33940-95-3
30	34018-28-5
30	34041-09-3
30	34295-32-4
30	34304-82-0
30	3440-75-3
30	3440-75-3
30	3444-17-5
30	35029-96-0
30	35040-03-0
30	35112-70-0
30	35229-41-5
30	35296-72-1
30	3542-36-7
30	35430-20-7
30	35498-15-8
30	35658-65-2
30	357290-88-1
30	358-50-9
30	35830-81-0
30	35837-70-8
30	3587-18-6
30	3590-23-6
30	36252-60-5
30	3644-32-4
30	3644-37-9
30	3644-38-0
30	3648-18-8
30	3648-20-2
30	3648-21-3
30	36501-84-5
30	36631-23-9
30	36643-28-4
30	3687-31-8
30	3691-35-8
30	37194-88-0
30	37195-63-4
30	37196-28-4
30	37199-25-0
30	3724-43-4
30	37240-96-3
30	37244-98-7
30	37244-98-7
30	37268-48-7
30	37280-76-5
30	37280-76-5
30	373-02-4
30	37341-05-2
30	375-85-9
30	375-95-1
30	37808-08-5
30	378253-10-2
30	378253-10-2
30	378253-11-3
30	378253-11-3
30	378253-51-1
30	378253-52-2
30	378253-53-3
30	378782-04-8
30	378782-05-9
30	378782-08-2
30	378782-18-4
30	378784-46-4
30	378784-49-7
30	378784-50-0
30	378784-51-1
30	378784-52-2
30	378784-53-3
30	378784-54-4
30	37894-46-5
30	3825-26-1
30	3830-45-3
30	385800-12-4
30	38584-87-1
30	3865-77-8
30	38787-87-0
30	3906-55-6
30	3912-86-5
30	39300-45-3
30	39345-91-0
30	39357-40-9
30	39377-56-5
30	39386-06-6
30	39390-00-6
30	39390-70-0
30	39403-80-0
30	39412-44-7
30	39412-61-8
30	39413-19-9
30	39432-69-4
30	39637-16-6
30	39819-65-3
30	40120-69-2
30	4027-13-8
30	4027-14-9
30	4027-17-2
30	4027-18-3
30	41141-89-3
30	41234-07-5
30	41375-90-0
30	41451-28-9
30	41451-28-9
30	41453-50-3
30	4149-60-4
30	41547-50-6
30	41556-46-1
30	4165-60-0
30	42126-46-5
30	4219-19-6
30	42343-35-1
30	42558-73-6
30	42579-89-5
30	4342-30-7
30	4342-33-0
30	4342-36-3
30	43629-00-1
30	436859-78-8
30	4419-22-1
30	444279-15-6
30	4454-16-4
30	446255-38-5
30	446255-39-6
30	446255-42-1
30	446255-43-2
30	446255-46-5
30	446255-50-1
30	446255-54-5
30	446255-56-7
30	4572-95-6
30	46157-00-0
30	4630-76-6
30	4644-96-6
30	4756-53-0
30	478016-94-3
30	4782-29-0
30	4808-30-4
30	485-31-4
30	4906-87-0
30	49758-21-6
30	4995-91-9
30	50-32-8
30	50319-14-7
30	5035-67-6
30	5035-68-7
30	50354-80-8
30	50471-44-8
30	5072-98-0
30	50729-74-3
30	50825-29-1
30	50885-87-5
30	5107-58-4
30	5107-59-5
30	51105-45-4
30	51148-10-8
30	512-26-5
30	51251-98-0
30	51274-07-8
30	513-79-1
30	51317-24-9
30	51325-28-1
30	51331-05-6
30	51365-70-9
30	51404-69-4
30	51406-57-6
30	51575-27-0
30	51818-56-5
30	51868-24-7
30	51887-47-9
30	51899-02-6
30	51944-07-1
30	52019-27-9
30	52080-60-1
30	52231-92-2
30	52233-42-8
30	5224-23-7
30	52296-79-4
30	52337-73-2
30	52433-96-2
30	52609-46-8
30	52625-25-9
30	52652-59-2
30	52683-48-4
30	52683-56-4
30	52732-72-6
30	52846-30-7
30	52846-30-7
30	52847-85-5
30	53092-86-7
30	53096-04-1
30	53272-22-3
30	53306-52-8
30	53306-54-0
30	53363-96-5
30	53404-12-9
30	53404-82-3
30	53466-66-3
30	53466-85-6
30	53478-61-8
30	53513-80-7
30	53529-09-2
30	537040-81-6
30	53774-35-9
30	53807-25-3
30	53807-64-0
30	5434-72-0
30	54554-36-8
30	546-67-8
30	54631-70-8
30	54650-81-6
30	5488-45-9
30	55172-61-7
30	55219-65-3
30	55276-94-3
30	55276-94-3
30	55279-88-4
30	553-71-9
30	55410-80-5
30	5543-56-6
30	5543-57-7
30	5543-58-8
30	556-52-5
30	5571-36-8
30	55819-02-8
30	56-35-9
30	56-36-0
30	56073-07-5
30	56073-10-0
30	56116-04-2
30	56145-44-9
30	56185-21-8
30	56185-21-8
30	56189-09-4
30	56312-91-5
30	56312-92-6
30	56312-93-7
30	56312-94-8
30	56323-17-2
30	56509-58-1
30	56532-43-5
30	56572-83-9
30	56573-85-4
30	56573-89-8
30	56645-32-0
30	56645-87-5
30	56764-40-0
30	56797-01-4
30	56958-48-6
30	57044-25-4
30	5711-19-3
30	57131-13-2
30	57142-78-6
30	57218-73-2
30	573987-64-1
30	57454-67-8
30	57526-97-3
30	57754-92-4
30	57762-46-6
30	577705-90-9
30	58-55-9
30	58274-53-6
30	5836-29-3
30	58405-97-3
30	5847-48-3
30	5847-51-8
30	5847-52-9
30	5847-53-0
30	58572-21-7
30	5883-36-3
30	59020-10-9
30	59112-13-9
30	59112-68-4
30	592-05-2
30	592-62-1
30	592-87-0
30	59232-96-1
30	59250-02-1
30	59286-40-7
30	595-89-1
30	5967-84-0
30	59707-49-2
30	59758-95-1
30	59948-27-5
30	6018-89-9
30	60207-90-1
30	60251-56-1
30	60459-08-7
30	605-50-5
30	60580-60-1
30	607374-50-5
30	6080-56-4
30	6080-56-4
30	609347-89-9
30	61028-24-8
30	6107-83-1
30	6107-93-3
30	6119-92-2
30	61213-25-0
30	61461-40-3
30	6148-48-7
30	61513-05-1
30	61513-06-2
30	61513-07-3
30	61571-06-0
30	61788-37-2
30	61788-52-1
30	61788-53-2
30	61788-54-3
30	61789-50-2
30	61790-14-5
30	6180-99-0
30	61867-68-3
30	61915-27-3
30	61993-29-1
30	62010-27-9
30	62042-25-5
30	62229-08-7
30	62229-38-3
30	62314-22-1
30	62339-93-9
30	62451-77-8
30	625-45-6
30	625080-35-5
30	62637-99-4
30	62642-07-3
30	62712-14-5
30	629-14-1
30	630-08-0
30	63090-40-4
30	63091-15-6
30	63278-70-6
30	63399-94-0
30	63400-07-7
30	63400-08-8
30	63568-30-9
30	6365-83-9
30	63653-42-9
30	63916-96-1
30	63918-97-8
30	63918-97-8
30	6399-67-3
30	6420-47-9
30	64504-12-7
30	64523-06-4
30	6454-35-9
30	64685-79-6
30	6477-64-1
30	65119-94-0
30	65121-76-8
30	65121-94-0
30	65121-94-0
30	65127-78-8
30	65151-08-8
30	65151-08-8
30	6517-25-5
30	65185-89-9
30	65229-22-3
30	65277-42-1
30	65405-96-1
30	65618-66-8
30	6594-85-0
30	65996-76-1
30	65996-93-2
30	65997-18-4
30	66-81-9
30	66052-95-7
30	6618-03-7
30	6618-03-7
30	66603-07-4
30	66899-70-5
30	67-43-6
30	67057-32-3
30	67057-34-5
30	67071-60-7
30	67556-84-7
30	67674-14-0
30	67701-37-5
30	67711-86-8
30	67711-91-5
30	67711-92-6
30	67711-93-7
30	67711-94-8
30	67711-96-0
30	67711-98-2
30	67711-99-3
30	67772-01-4
30	67797-09-5
30	67874-71-9
30	67952-43-6
30	68-12-2
30	68049-83-2
30	6807-17-6
30	681-99-2
30	68130-19-8
30	68131-60-2
30	68132-23-0
30	68134-59-8
30	68139-27-5
30	68152-99-8
30	68155-47-5
30	68187-37-1
30	68201-81-0
30	683-18-1
30	68332-81-0
30	683777-13-1
30	683777-14-2
30	6838-85-3
30	68409-79-0
30	68411-07-4
30	68411-33-6
30	68411-78-9
30	68424-76-0
30	68442-95-5
30	68515-42-4
30	68515-50-4
30	68515-76-4
30	68515-77-5
30	68515-80-0
30	68528-01-8
30	68553-17-3
30	68553-63-9
30	68555-05-5
30	68555-07-7
30	68585-90-0
30	68586-21-0
30	68603-83-8
30	68603-93-0
30	68604-05-7
30	68604-56-8
30	68605-98-1
30	68610-17-3
30	68610-17-3
30	68694-11-1
30	68725-14-4
30	68725-15-5
30	68784-53-2
30	68784-59-8
30	68784-74-7
30	68784-75-8
30	68784-76-9
30	68794-06-9
30	688-73-3
30	68856-36-0
30	6889-50-5
30	68891-87-2
30	68901-11-1
30	68901-12-2
30	68937-05-3
30	68952-91-0
30	68953-84-4
30	68954-05-2
30	68956-49-0
30	68987-33-7
30	68989-89-9
30	68990-75-0
30	6901-79-7
30	69011-06-9
30	69011-07-0
30	69011-54-7
30	69011-59-2
30	69011-60-5
30	69011-70-7
30	69011-86-5
30	69012-20-0
30	69012-22-2
30	69012-26-6
30	69012-43-7
30	69012-56-2
30	69012-57-3
30	69012-60-8
30	69012-63-1
30	69012-65-3
30	69012-67-5
30	69012-70-0
30	69012-71-1
30	69012-72-2
30	69012-78-8
30	69029-45-4
30	69029-46-5
30	69029-47-6
30	69029-48-7
30	69029-49-8
30	69029-50-1
30	69029-51-2
30	69029-52-3
30	69029-53-4
30	69029-55-6
30	69029-56-7
30	69029-57-8
30	69029-58-9
30	69029-60-3
30	69029-61-4
30	69029-62-5
30	69029-63-6
30	69029-64-7
30	69029-65-8
30	69029-66-9
30	69029-67-0
30	69029-68-1
30	69029-69-2
30	69029-70-5
30	69029-71-6
30	69029-72-7
30	69029-73-8
30	69029-74-9
30	69029-78-3
30	69029-79-4
30	69029-80-7
30	69029-81-8
30	69029-83-0
30	69029-84-1
30	69029-85-2
30	69029-86-3
30	69029-87-4
30	69029-88-5
30	69029-89-6
30	69029-90-9
30	69029-91-0
30	69029-92-1
30	69029-93-2
30	69029-95-4
30	69029-96-5
30	69029-97-6
30	69090-73-9
30	69098-14-2
30	69098-15-3
30	69103-03-3
30	69103-04-4
30	69226-47-7
30	69227-11-8
30	6928-68-3
30	693-98-1
30	69375-27-5
30	69458-54-4
30	695165-22-1
30	69637-83-8
30	69645-40-5
30	69806-50-4
30	70084-67-2
30	70152-36-2
30	70206-08-5
30	70225-14-8
30	70268-38-1
30	70321-55-0
30	70513-89-2
30	70513-89-2
30	70514-05-5
30	70514-37-3
30	7056-83-9
30	70620-28-9
30	70657-70-4
30	70727-02-5
30	70857-56-6
30	70879-91-3
30	70992-84-6
30	70992-85-7
30	70992-86-8
30	70995-63-0
30	71061-19-3
30	71244-15-0
30	71327-12-3
30	71377-02-1
30	7141-19-7
30	71607-43-7
30	71630-92-7
30	71684-29-2
30	71686-03-8
30	71720-48-4
30	71753-04-3
30	71799-66-1
30	71836-04-9
30	71850-09-4
30	71868-10-5
30	71888-89-6
30	71957-07-8
30	72074-94-3
30	7216-95-7
30	72319-19-8
30	72437-77-5
30	724427-66-1
30	724427-66-1
30	72469-41-1
30	724693-69-0
30	72586-00-6
30	72589-96-9
30	72877-97-5
30	7299-89-0
30	73105-55-2
30	7319-86-0
30	732-26-3
30	7329-33-1
30	7342-47-4
30	73927-91-0
30	73927-93-2
30	73927-95-4
30	73927-97-6
30	73927-98-7
30	73940-88-2
30	73940-89-3
30	740776-49-2
30	7414-81-5
30	74261-71-5
30	7428-48-0
30	7428-79-7
30	74356-14-2
30	7437-35-6
30	7439-92-1
30	7439-92-1
30	7439-97-6
30	7440-48-4
30	7442-13-9
30	7442-13-9
30	7446-07-3
30	7446-10-8
30	7446-15-3
30	7446-27-7
30	74499-35-7
30	748160-22-7
30	7486-35-3
30	7488-51-9
30	75-12-7
30	75-21-8
30	75-26-3
30	75-74-1
30	75-74-1
30	75113-35-8
30	75113-37-0
30	75139-28-5
30	75166-25-5
30	752-58-9
30	75448-53-2
30	7575-40-8
30	75768-65-9
30	75789-54-7
30	75790-73-7
30	7580-31-6
30	75881-82-2
30	75980-60-8
30	76093-98-6
30	76162-34-0
30	7632-04-4
30	7632-04-4
30	7645-25-2
30	7646-79-9
30	7653-28-3
30	76560-29-7
30	76835-98-8
30	76925-97-8
30	77-58-7
30	7717-46-6
30	7718-54-9
30	77182-82-2
30	7758-95-4
30	7758-97-6
30	7759-01-5
30	776297-69-9
30	7775-11-3
30	77751-76-9
30	7778-50-9
30	7783-46-2
30	7783-59-7
30	7784-40-9
30	7785-20-8
30	7786-81-4
30	7789-09-5
30	7789-12-0
30	7789-32-4
30	7789-49-3
30	7790-78-5
30	7790-79-6
30	7790-84-3
30	7791-13-1
30	7791-20-0
30	78-00-2
30	78-00-2
30	78-04-6
30	782415-12-7
30	78690-68-3
30	79-16-3
30	79103-58-5
30	79357-62-3
30	79403-36-4
30	79803-79-5
30	79849-02-8
30	79915-08-5
30	79915-09-6
30	79922-74-0
30	80-05-7
30	80-09-1
30	80-43-3
30	80-54-6
30	8005-36-5
30	8012-00-8
30	8012-76-8
30	8018-01-7
30	80209-35-4
30	8028-83-9
30	8030-64-6
30	8031-27-4
30	8033-53-2
30	803683-39-8
30	80387-97-9
30	80449-88-3
30	8049-64-7
30	8064-36-6
30	8065-67-6
30	8065-95-0
30	8069-51-0
30	807306-74-7
30	81-81-2
30	811-54-1
30	81209-53-2
30	813-19-4
30	814-70-0
30	814-93-7
30	81412-43-3
30	81412-57-9
30	815-84-9
30	816-68-2
30	81647-97-4
30	817163-73-8
30	818-08-6
30	819-73-8
30	819804-28-9
30	82063-46-5
30	822-36-6
30	82208-43-3
30	82322-57-4
30	82413-20-5
30	825-91-2
30	82696-30-8
30	82800-11-1
30	82853-20-1
30	83689-82-1
30	83689-82-1
30	83711-45-9
30	83711-46-0
30	83711-47-1
30	83829-68-9
30	83896-77-9
30	84-61-7
30	84-69-5
30	84-74-2
30	84-75-3
30	84-76-4
30	84-77-5
30	84012-65-7
30	84029-40-3
30	84066-98-8
30	84066-99-9
30	84067-00-5
30	84070-12-2
30	84144-92-3
30	84195-51-7
30	84195-60-8
30	84195-61-9
30	84245-12-5
30	84394-98-9
30	84583-61-9
30	84712-69-6
30	84776-00-1
30	84776-36-3
30	84776-45-4
30	84776-53-4
30	84776-54-5
30	84777-06-0
30	84777-54-8
30	84837-22-9
30	84837-25-2
30	84852-34-6
30	84852-35-7
30	84852-36-8
30	84852-37-9
30	84852-39-1
30	848779-18-0
30	84929-94-2
30	84929-95-3
30	84929-96-4
30	84929-97-5
30	84932-15-0
30	84961-75-1
30	85-68-7
30	85049-42-9
30	85117-02-8
30	85135-77-9
30	85166-19-4
30	85168-75-8
30	85168-79-2
30	85203-81-2
30	85292-77-9
30	85305-08-4
30	85391-46-4
30	85391-47-5
30	85391-48-6
30	85391-49-7
30	85391-50-0
30	85391-51-1
30	85391-52-2
30	85391-53-3
30	85391-54-4
30	85392-77-4
30	85392-78-5
30	85409-17-2
30	85446-17-9
30	85508-43-6
30	85508-44-7
30	85508-45-8
30	85508-46-9
30	85509-19-9
30	85536-79-4
30	85551-28-6
30	855843-82-2
30	85682-01-5
30	85764-81-4
30	85851-76-9
30	85851-77-0
30	85851-78-1
30	85851-79-2
30	85851-80-5
30	85851-81-6
30	85851-82-7
30	85851-83-8
30	85851-84-9
30	85851-85-0
30	85851-86-1
30	85851-88-3
30	85851-91-8
30	85851-92-9
30	85865-91-4
30	85865-92-5
30	85873-44-5
30	85938-41-6
30	85938-51-8
30	85938-52-9
30	85941-57-7
30	86202-43-9
30	862365-66-0
30	865699-83-8
30	867-47-0
30	869901-24-6
30	872-33-3
30	872-50-4
30	873-54-1
30	874819-71-3
30	875479-38-2
30	87835-32-3
30	87903-39-7
30	88-85-7
30	88054-16-4
30	88161-12-0
30	881685-58-1
30	886584-11-8
30	88685-10-3
30	888030-71-5
30	89-13-4
30	89-16-7
30	89054-03-5
30	89678-75-1
30	90035-08-8
30	9008-26-8
30	90193-83-2
30	90268-59-0
30	90268-66-9
30	90297-42-0
30	90342-24-8
30	90342-56-6
30	90388-09-3
30	90388-10-6
30	90388-15-1
30	90431-14-4
30	90431-21-3
30	90431-26-8
30	90431-27-9
30	90431-28-0
30	90431-30-4
30	90431-31-5
30	90431-32-6
30	90431-33-7
30	90431-34-8
30	90431-35-9
30	90431-36-0
30	90431-37-1
30	90431-38-2
30	90431-39-3
30	90431-40-6
30	90431-41-7
30	90431-42-8
30	90431-43-9
30	90431-44-0
30	90459-25-9
30	90459-26-0
30	90459-28-2
30	90459-51-1
30	90459-52-2
30	90459-88-4
30	90529-64-9
30	90552-19-5
30	90552-67-3
30	90552-68-4
30	90583-07-6
30	90583-37-2
30	90583-65-6
30	90613-75-5
30	91002-20-9
30	91031-60-6
30	91031-61-7
30	91031-62-8
30	91053-46-2
30	91053-47-3
30	91053-49-5
30	91078-81-8
30	910783-70-9
30	910783-71-0
30	910783-72-1
30	91083-54-4
30	91187-55-2
30	91388-81-7
30	91648-39-4
30	91671-82-8
30	91671-83-9
30	91671-84-0
30	91697-36-8
30	91697-41-5
30	91783-10-7
30	91863-27-3
30	92044-89-8
30	92045-67-5
30	92129-57-2
30	92200-92-5
30	92257-11-9
30	92355-34-5
30	92458-33-8
30	92786-62-4
30	928113-28-4
30	92880-05-2
30	93165-26-5
30	93215-61-3
30	932697-96-6
30	93686-53-4
30	93763-87-2
30	93805-32-4
30	93821-47-7
30	93821-70-6
30	93821-72-8
30	93839-98-6
30	93840-04-1
30	93841-41-9
30	93858-23-2
30	93858-24-3
30	93892-65-0
30	93893-98-2
30	93894-48-5
30	93894-49-6
30	93894-64-5
30	93920-09-3
30	93920-10-6
30	93925-27-0
30	93951-53-2
30	93951-87-2
30	93951-88-3
30	93952-11-5
30	93965-22-1
30	93965-27-6
30	93965-29-8
30	93966-37-1
30	93966-38-2
30	93966-74-6
30	93981-67-0
30	93983-68-7
30	94006-20-9
30	94015-57-3
30	94021-54-2
30	94042-69-0
30	94095-56-4
30	94109-31-6
30	94232-40-3
30	94246-84-1
30	94246-85-2
30	94246-86-3
30	94246-87-4
30	94246-90-9
30	94246-91-0
30	94246-92-1
30	94246-93-2
30	94266-31-6
30	94266-32-7
30	943428-71-5
30	94349-78-7
30	94361-06-5
30	94481-58-0
30	94492-43-0
30	94551-60-7
30	94551-62-9
30	94551-64-1
30	94551-66-3
30	94551-70-9
30	94551-71-0
30	94551-72-1
30	94551-73-2
30	94551-74-3
30	94551-78-7
30	94551-79-8
30	94551-86-7
30	94551-87-8
30	94551-97-0
30	94551-99-2
30	94552-00-8
30	94552-05-3
30	945614-06-2
30	94723-86-1
30	947734-83-0
30	94979-22-3
30	95046-44-9
30	95046-49-4
30	950582-57-7
30	950582-60-2
30	950582-72-6
30	950582-74-8
30	95328-99-7
30	95660-61-0
30	95860-12-1
30	95892-13-0
30	959925-10-1
30	96-12-8
30	96-18-4
30	96-45-7
30	96-46-8
30	96231-36-6
30	96446-11-6
30	96471-22-6
30	96507-76-5
30	96507-78-7
30	96507-79-8
30	96507-80-1
30	96507-81-2
30	96507-82-3
30	96507-83-4
30	96507-84-5
30	96507-85-6
30	96507-86-7
30	96532-79-5
30	96532-80-8
30	96690-46-9
30	96778-02-8
30	97-99-4
30	97488-85-2
30	97675-41-7
30	97692-55-2
30	97808-88-3
30	97889-90-2
30	97925-95-6
30	97926-57-3
30	97952-39-1
30	97953-08-7
30	98-73-7
30	98-95-3
30	98072-44-7
30	98088-96-1
30	98088-97-2
30	98104-93-9
30	98219-71-7
30	98246-91-4
30	98388-00-2
30	98913-54-3
30	99328-54-8
30	994-71-8
30	99749-31-2
30	99932-75-9
30	NA9202
30	P-82-0043
30	RR-00132-1
30	RR-00538-9
30	RR-00630-4
30	RR-01021-9
30	RR-01198-3
30	RR-01292-0
30	RR-01917-0
30	RR-01997-6
30	RR-02574-1
30	RR-02632-4
30	RR-04210-4
30	RR-04210-4
30	RR-06971-6
30	RR-07194-3
30	RR-07764-5
30	RR-10662-7
30	RR-11170-6
30	RR-11171-7
30	RR-113715-1
30	RR-115560-8
30	RR-120898-6
30	RR-123234-4
30	RR-12534-8
30	RR-12535-9
30	RR-12634-1
30	RR-12718-4
30	RR-12719-5
30	RR-12722-0
30	RR-12723-1
30	RR-128514-9
30	RR-13035-8
30	RR-14098-7
30	RR-142560-1
30	RR-14783-1
30	RR-15431-4
30	RR-165809-9
30	RR-165871-5
30	RR-16800-3
30	RR-171582-8
30	RR-171583-9
30	RR-19231-4
30	RR-197909-5
30	RR-21008-2
30	RR-22865-9
30	RR-22866-0
30	RR-22867-1
30	RR-22868-2
30	RR-30195-1
30	RR-31155-7
30	RR-40980-3
30	RR-41296-4
30	RR-41297-5
30	RR-42178-3
30	RR-42180-7
30	RR-42183-0
30	RR-42187-4
30	RR-42199-8
30	RR-42759-8
30	RR-43729-6
30	RR-43733-2
30	RR-43765-0
30	RR-43765-0
30	RR-44401-9
30	RR-45114-9
30	RR-45115-0
30	RR-45494-4
30	RR-47159-0
30	RR-50131-5
30	RR-50263-6
30	RR-50268-1
30	RR-50427-8
30	RR-50428-9
30	RR-50499-4
30	RR-54368-0
30	RR-54612-3
30	RR-60222-2
30	RR-87533-2
30	RR-88264-4
30	RR-89890-8
30	RR-90336-6
30	UN0129
30	UN1016
30	UN1040
30	UN1153
30	UN1171
30	UN1172
30	UN1188
30	UN1189
30	UN1439
30	UN1616
30	UN1662
30	UN2252
30	UN2291
30	UN2725
30	UN2809
30	UN3247
30	UN3247
30	UN3377
30	UN3377
31[a]	8001-58-9
31[b]	61789-28-4
31[c]	84650-04-4
31[d]	90640-84-9
31[e]	101794-92-7
31[e]	65996-91-0
31[f]	90640-80-5
31[g]	65996-85-2
31[h]	8021-39-4
31[i]	122384-78-5
32	67-66-3
32	8013-54-5
32	865-49-6
32	UN1888
34	79-00-5
35	33685-54-0
35	79-34-5
35	UN1702
36	630-20-6
37	76-01-7
37	UN1669
38	75-35-4
38	UN1303
4	1228931-66-5
4	126-72-7
4	1867-14-7
4	55962-48-6
4	68112-30-1
40	RR-88176-5
40	RR-88177-6
40	RR-88178-7
40	RR-88179-8
41	67-72-1
43	101-14-4
43	101-77-9
43	101-80-4
43	106-47-8
43	118685-33-9
43	119-90-4
43	119-93-7
43	120-71-8
43	120859-32-7
43	121509-79-3
43	12236-56-5
43	126699-69-2
43	136601-30-4
43	137-17-7
43	139-65-1
43	142661-36-7
43	148263-71-2
43	28602-61-1
43	28676-13-3
43	29371-14-0
43	46310-07-0
43	51065-07-7
43	54649-88-6
43	56481-94-8
43	59777-10-5
43	60-09-3
43	615-05-4
43	78642-65-6
43	81691-68-1
43	83712-44-1
43	838-88-0
43	85898-88-0
43	90-04-0
43	91-59-8
43	91-94-1
43	913092-91-8
43	92-67-1
43	92-87-5
43	928208-61-1
43	95-53-4
43	95-69-2
43	95-80-7
43	97-56-3
43	99-55-8
43	UN1650
43	UN1709
43	UN1885
43	UN2651
45	117964-21-3
45	1240017-47-3
45	32536-52-0
45	337513-72-1
45	446255-38-5
45	446255-39-6
45	446255-42-1
45	446255-43-2
45	446255-46-5
45	446255-50-1
45	446255-54-5
45	446255-56-7
45	56958-48-6
45	67797-09-5
45	85446-17-9
46[a]	104-40-5
46[a]	11066-49-2
46[a]	1300-16-9
46[a]	1323-65-5
46[a]	136-83-4
46[a]	139-84-4
46[a]	142731-63-3
46[a]	17404-66-9
46[a]	186825-36-5
46[a]	25154-52-3
46[a]	256459-00-4
46[a]	26543-97-5
46[a]	27938-31-4
46[a]	30784-30-6
46[a]	52427-13-1
46[a]	68081-86-7
46[a]	87247-00-5
46[a]	90481-04-2
46[a]	91672-41-2
46[b]	102188-45-4
46[b]	103939-37-3
46[b]	104-35-8
46[b]	105269-88-3
46[b]	106152-98-1
46[b]	107231-62-9
46[b]	11098-16-1
46[b]	11103-60-9
46[b]	11107-93-0
46[b]	111623-62-2
46[b]	112509-36-1
46[b]	114101-89-2
46[b]	1163687-50-0
46[b]	116711-78-5
46[b]	1202388-20-2
46[b]	1202388-26-8
46[b]	123019-34-1
46[b]	123068-21-3
46[b]	124057-60-9
46[b]	127087-87-0
46[b]	12767-68-9
46[b]	12789-12-7
46[b]	12790-67-9
46[b]	137263-06-0
46[b]	139281-67-7
46[b]	141490-14-4
46[b]	142985-89-5
46[b]	143929-07-1
46[b]	14409-72-4
46[b]	167140-06-9
46[b]	172521-16-3
46[b]	1809431-45-5
46[b]	1809431-82-0
46[b]	188612-23-9
46[b]	190856-87-2
46[b]	1943678-94-1
46[b]	202936-22-9
46[b]	20427-84-3
46[b]	205577-03-3
46[b]	20636-48-0
46[b]	2091900-73-9
46[b]	2096976-67-7
46[b]	226225-58-7
46[b]	226225-59-8
46[b]	2323620-11-5
46[b]	2332812-08-3
46[b]	2408592-97-0
46[b]	25640-88-4
46[b]	26027-38-3
46[b]	26264-02-8
46[b]	26571-11-9
46[b]	27176-93-8
46[b]	27176-97-2
46[b]	27177-01-1
46[b]	27177-03-3
46[b]	27177-05-5
46[b]	27177-08-8
46[b]	27288-14-8
46[b]	27942-26-3
46[b]	27942-27-4
46[b]	27986-36-3
46[b]	28136-10-9
46[b]	286015-24-5
46[b]	286015-28-9
46[b]	29594-36-3
46[b]	30676-83-6
46[b]	32196-52-4
46[b]	34166-38-6
46[b]	37187-23-8
46[b]	37205-87-1
46[b]	37210-94-9
46[b]	37230-99-2
46[b]	37280-80-1
46[b]	37291-67-1
46[b]	37336-52-0
46[b]	376647-33-5
46[b]	39289-57-1
46[b]	39316-45-5
46[b]	39316-73-9
46[b]	39346-85-5
46[b]	39373-71-2
46[b]	39392-83-1
46[b]	39393-36-7
46[b]	39421-49-3
46[b]	39453-05-9
46[b]	39454-98-3
46[b]	39475-46-2
46[b]	42617-03-8
46[b]	441352-55-2
46[b]	441352-56-3
46[b]	441352-57-4
46[b]	441352-58-5
46[b]	441352-59-6
46[b]	50855-29-3
46[b]	509171-19-1
46[b]	50934-84-4
46[b]	51059-97-3
46[b]	51609-19-9
46[b]	51668-51-0
46[b]	51938-25-1
46[b]	51938-59-1
46[b]	51938-60-4
46[b]	52012-43-8
46[b]	52038-46-7
46[b]	52051-49-7
46[b]	52434-07-8
46[b]	52440-03-6
46[b]	52440-78-5
46[b]	52440-94-5
46[b]	52504-18-4
46[b]	52504-19-5
46[b]	52683-07-5
46[b]	53125-17-0
46[b]	53529-49-0
46[b]	53663-55-1
46[b]	53763-35-2
46[b]	53763-36-3
46[b]	54174-36-6
46[b]	54985-54-5
46[b]	55126-80-2
46[b]	55838-69-2
46[b]	56590-96-6
46[b]	57308-02-8
46[b]	57321-10-5
46[b]	57571-69-4
46[b]	59330-69-7
46[b]	60098-67-1
46[b]	60476-27-9
46[b]	61614-07-1
46[b]	61840-55-9
46[b]	62169-44-2
46[b]	62229-21-4
46[b]	62229-24-7
46[b]	62229-29-2
46[b]	623588-93-2
46[b]	63440-03-9
46[b]	63798-88-9
46[b]	64296-14-6
46[b]	64940-97-2
46[b]	65035-40-7
46[b]	65035-41-8
46[b]	65455-69-8
46[b]	65455-72-3
46[b]	65777-14-2
46[b]	66525-84-6
46[b]	67053-58-1
46[b]	68412-54-4
46[b]	72847-44-0
46[b]	72847-45-1
46[b]	7311-27-5
46[b]	74434-41-6
46[b]	74656-63-6
46[b]	74749-71-6
46[b]	75882-09-6
46[b]	76829-05-5
46[b]	77271-60-4
46[b]	80341-59-9
46[b]	80966-32-1
46[b]	81296-82-4
46[b]	83271-48-1
46[b]	874461-43-5
46[b]	9016-45-9
46[b]	9021-03-8
46[b]	90452-81-6
46[b]	9067-50-9
46[b]	93095-76-2
46[b]	933050-99-8
46[b]	942205-98-3
46[b]	95828-59-4
46[b]	96231-61-7
46[b]	96957-64-1
46[b]	96958-17-7
46[b]	96958-28-0
46[b]	99402-83-2
46[b]	99531-82-5
46[b]	RR-191287-4
46[b]	RR-191289-6
46[b]	RR-191290-9
46a	102188-45-4
46a	103939-37-3
46a	104-35-8
46a	105269-88-3
46a	106152-98-1
46a	107231-62-9
46a	11098-16-1
46a	11103-60-9
46a	11107-93-0
46a	111623-62-2
46a	112509-36-1
46a	114101-89-2
46a	1163687-50-0
46a	116711-78-5
46a	1202388-20-2
46a	1202388-26-8
46a	123019-34-1
46a	123068-21-3
46a	124057-60-9
46a	127087-87-0
46a	12767-68-9
46a	12789-12-7
46a	12790-67-9
46a	137263-06-0
46a	139281-67-7
46a	141490-14-4
46a	142985-89-5
46a	143929-07-1
46a	14409-72-4
46a	167140-06-9
46a	172521-16-3
46a	1809431-45-5
46a	1809431-82-0
46a	188612-23-9
46a	190856-87-2
46a	1943678-94-1
46a	202936-22-9
46a	20427-84-3
46a	205577-03-3
46a	20636-48-0
46a	2091900-73-9
46a	2096976-67-7
46a	226225-58-7
46a	226225-59-8
46a	2323620-11-5
46a	2332812-08-3
46a	2408592-97-0
46a	25640-88-4
46a	26027-38-3
46a	26264-02-8
46a	26571-11-9
46a	27176-93-8
46a	27176-97-2
46a	27177-01-1
46a	27177-03-3
46a	27177-05-5
46a	27177-08-8
46a	27288-14-8
46a	27942-26-3
46a	27942-27-4
46a	27986-36-3
46a	28136-10-9
46a	286015-24-5
46a	286015-28-9
46a	29594-36-3
46a	30676-83-6
46a	32196-52-4
46a	34166-38-6
46a	37187-23-8
46a	37205-87-1
46a	37210-94-9
46a	37230-99-2
46a	37280-80-1
46a	37291-67-1
46a	37336-52-0
46a	376647-33-5
46a	39289-57-1
46a	39316-45-5
46a	39316-73-9
46a	39346-85-5
46a	39373-71-2
46a	39392-83-1
46a	39393-36-7
46a	39421-49-3
46a	39453-05-9
46a	39454-98-3
46a	39475-46-2
46a	42617-03-8
46a	441352-55-2
46a	441352-56-3
46a	441352-57-4
46a	441352-58-5
46a	441352-59-6
46a	50855-29-3
46a	509171-19-1
46a	50934-84-4
46a	51059-97-3
46a	51609-19-9
46a	51668-51-0
46a	51938-25-1
46a	51938-59-1
46a	51938-60-4
46a	52012-43-8
46a	52038-46-7
46a	52051-49-7
46a	52434-07-8
46a	52440-03-6
46a	52440-78-5
46a	52440-94-5
46a	52504-18-4
46a	52504-19-5
46a	52683-07-5
46a	53125-17-0
46a	53529-49-0
46a	53663-55-1
46a	53763-35-2
46a	53763-36-3
46a	54174-36-6
46a	54985-54-5
46a	55126-80-2
46a	55838-69-2
46a	56590-96-6
46a	57308-02-8
46a	57321-10-5
46a	57571-69-4
46a	59330-69-7
46a	60098-67-1
46a	60476-27-9
46a	61614-07-1
46a	61840-55-9
46a	62169-44-2
46a	62229-21-4
46a	62229-24-7
46a	62229-29-2
46a	623588-93-2
46a	63440-03-9
46a	63798-88-9
46a	64296-14-6
46a	64940-97-2
46a	65035-40-7
46a	65035-41-8
46a	65455-69-8
46a	65455-72-3
46a	65777-14-2
46a	66525-84-6
46a	67053-58-1
46a	68412-54-4
46a	72847-44-0
46a	72847-45-1
46a	7311-27-5
46a	74434-41-6
46a	74656-63-6
46a	74749-71-6
46a	75882-09-6
46a	76829-05-5
46a	77271-60-4
46a	80341-59-9
46a	80966-32-1
46a	81296-82-4
46a	83271-48-1
46a	874461-43-5
46a	9016-45-9
46a	9021-03-8
46a	90452-81-6
46a	9067-50-9
46a	93095-76-2
46a	933050-99-8
46a	942205-98-3
46a	95828-59-4
46a	96231-61-7
46a	96957-64-1
46a	96958-17-7
46a	96958-28-0
46a	99402-83-2
46a	99531-82-5
46a	RR-191287-4
46a	RR-191289-6
46a	RR-191290-9
47	10022-48-7
47	10031-16-0
47	10034-82-9
47	100402-65-1
47	100468-44-8
47	10060-08-9
47	10101-75-4
47	10294-52-7
47	10294-53-8
47	11115-74-5
47	116565-73-2
47	116565-74-3
47	1189-85-1
47	12007-16-8
47	12017-86-6
47	12018-09-6
47	12433-14-6
47	12433-50-0
47	12680-48-7
47	1308-09-4
47	13423-61-5
47	1344-74-7
47	13446-72-5
47	13446-73-6
47	13453-35-5
47	13454-78-9
47	13455-25-9
47	13465-34-4
47	13473-75-1
47	13477-01-5
47	13517-17-4
47	13530-65-9
47	13530-67-1
47	13530-68-2
47	13548-42-0
47	13675-47-3
47	13843-81-7
47	13907-45-4
47	14018-95-2
47	14104-85-9
47	14216-88-7
47	14307-33-6
47	14307-35-8
47	14312-00-6
47	14445-91-1
47	16037-50-6
47	1624-02-8
47	16565-94-9
47	18454-12-1
47	18540-29-9
47	18906-50-8
47	20039-37-6
47	20203-47-8
47	20492-50-6
47	22323-45-1
47	2508-97-6
47	26299-14-9
47	27133-42-2
47	27133-66-0
47	34493-01-1
47	36563-89-0
47	37235-82-8
47	38455-77-5
47	39297-19-3
47	41189-36-0
47	49663-84-5
47	50922-29-7
47	51899-02-6
47	55392-76-2
47	56660-19-6
47	59157-64-1
47	61204-26-0
47	65997-15-1
47	66860-79-5
47	68187-56-4
47	68406-65-5
47	68784-60-1
47	69011-07-0
47	75578-75-5
47	76899-34-8
47	7784-01-2
47	7784-02-3
47	7788-98-9
47	7789-01-7
47	7789-10-8
47	7789-12-0
47	83588-58-3
47	83588-59-4
47	85117-20-0
47	90294-61-4
47	90341-42-7
47	92202-10-3
47	92203-02-6
47	92203-03-7
47	94232-45-8
47	96690-54-9
47	97660-63-4
47	99148-51-3
47	99328-50-4
47	RR-00025-9
47	RR-00026-0
47	RR-00070-4
47	RR-01620-6
47	RR-01791-4
47	RR-02247-9
47	RR-13315-3
47	RR-19918-8
47	RR-53129-3
47	RR-53130-6
48	1053657-77-4
48	108-88-3
48	1124-18-1
48	1202864-97-8
48	1603-99-2
48	2037-26-5
48	UN1294
49	120-82-1
5	1053658-43-7
5	1076-43-3
5	1173023-23-8
5	174973-66-1
5	54682-86-9
5	71-43-2
5	UN1114
50[a]	50-32-8
50[a]	819804-28-9
50[b]	192-97-2
50[c]	56-55-3
50[d]	218-01-9
50[d]	27274-05-1
50[e]	205-99-2
50[e]	858790-60-0
50[f]	205-82-3
50[g]	207-08-9
50[g]	68756-79-6
50[h]	53-70-3
50a[a]	83-32-9
50a[b]	208-96-8
50a[c]	120-12-7
50a[c]	1719-06-8
50a[d]	56-55-3
50a[e]	50-32-8
50a[e]	819804-28-9
50a[f]	205-99-2
50a[f]	858790-60-0
50a[g]	192-97-2
50a[h]	191-24-2
50a[i]	205-82-3
50a[j]	207-08-9
50a[j]	68756-79-6
50a[k]	218-01-9
50a[k]	27274-05-1
50a[l]	53-70-3
50a[m]	206-44-0
50a[m]	93951-69-0
50a[n]	84987-80-4
50a[n]	86-73-7
50a[o]	193-39-5
50a[o]	348085-46-1
50a[p]	1146-65-2
50a[p]	72931-45-4
50a[p]	91-20-3
50a[p]	UN1334
50a[q]	85-01-8
50a[r]	129-00-0
50a[r]	76165-23-6
51[a]	109630-52-6
51[a]	117-81-7
51[a]	126639-29-0
51[a]	137718-37-7
51[a]	205180-59-2
51[a]	275818-89-8
51[a]	40120-69-2
51[a]	50885-87-5
51[a]	607374-50-5
51[a]	8033-53-2
51[a]	82208-43-3
51[a]	93951-87-2
51[b]	84-74-2
51[b]	93952-11-5
51[c]	85-68-7
51[c]	93951-88-3
51[d]	84-69-5
52[a]	105009-97-0
52[a]	14103-61-8
52[a]	14103-61-8
52[a]	20548-62-3
52[a]	20548-62-3
52[a]	28553-12-0
52[a]	41375-91-1
52[a]	58033-90-2
52[a]	68515-48-0
52[a]	70152-36-2
52[a]	70857-56-6
52[a]	71549-78-5
52[a]	71549-78-5
52[a]	85391-48-6
52[a]	85391-49-7
52[a]	85391-50-0
52[a]	85391-51-1
52[a]	85391-52-2
52[a]	85391-53-3
52[a]	85391-54-4
52[a]	85851-76-9
52[a]	85851-77-0
52[a]	85851-78-1
52[a]	85851-79-2
52[a]	85851-80-5
52[a]	85851-84-9
52[a]	97692-55-2
52[a]	98088-97-2
52[b]	105009-98-1
52[b]	1341-39-5
52[b]	148384-02-5
52[b]	26761-40-0
52[b]	68515-49-1
52[c]	117-84-0
52[c]	8031-29-6
52[c]	93952-13-7
54	111-77-3
54	1552323-12-2
55	112-34-5
55	210818-08-9
55	875421-79-7
56	12125-47-2
56	156580-59-5
56	26447-40-5
56	28515-38-0
56	327155-87-3
56	65916-89-4
56[a]	101-68-8
56[a]	1211266-59-9
56[a]	1211316-64-1
56[a]	1220313-65-4
56[a]	1400594-70-8
56[a]	142690-07-1
56[a]	1533423-48-1
56[a]	153986-89-1
56[a]	1588489-56-8
56[a]	201528-77-0
56[a]	2031250-39-0
56[a]	2056146-02-0
56[a]	53633-14-0
56[a]	55157-41-0
56[a]	57460-66-9
56[a]	77090-48-3
56[a]	88001-94-9
56[a]	97568-33-7
56[b]	1400594-69-5
56[b]	5873-54-1
56[c]	2536-05-2
57	110-82-7
57	1735-17-7
57	UN1145
58	1388628-04-3
58	31432-46-9
58	6484-52-2
58	893438-76-1
58	95255-40-6
58	UN0222
58	UN1942
58	UN2426
59	1665-00-5
59	75-09-2
59	UN1593
6[a]	12001-28-4
6[a]	132207-33-1
6[a]	132207-34-2
6[a]	132207-35-3
6[a]	53799-46-5
6[a]	61105-31-5
6[a]	UN2212
6[b]	12172-73-5
6[b]	53799-45-4
6[c]	77536-67-5
6[d]	12172-67-7
6[d]	77536-66-4
6[e]	14567-73-8
6[e]	77536-68-6
6[f]	12001-29-5
6[f]	12426-98-1
6[f]	132207-32-0
6[f]	61076-97-9
60	1198293-68-3
60	122775-19-3
60	79-06-1
60	UN2074
61	1017900-75-2
61	23057-98-9
61	624-49-7
62	103-27-5
62	112415-59-5
62	13302-00-6
62	1337-06-0
62	13864-38-5
62	26544-04-7
62	26545-49-3
62	61840-45-7
62	62-38-4
62	64684-45-3
62	8013-47-6
62	UN1674
63	10031-13-7
63	10031-21-7
63	10031-22-8
63	100402-96-8
63	100656-49-3
63	100656-51-7
63	100656-53-9
63	100656-54-0
63	100656-55-1
63	100656-56-2
63	100822-74-0
63	100929-97-3
63	10099-74-8
63	10099-76-0
63	10099-79-3
63	10101-63-0
63	101012-92-4
63	101013-06-3
63	10102-48-4
63	101419-68-5
63	10177-50-1
63	10190-55-3
63	102047-25-6
63	102110-24-7
63	102110-26-9
63	102110-36-1
63	102110-48-5
63	102110-49-6
63	102110-60-1
63	102110-61-2
63	102110-62-3
63	10214-39-8
63	102423-87-0
63	102613-50-3
63	10294-47-0
63	10294-58-3
63	103427-19-6
63	103730-90-1
63	10382-41-9
63	104839-24-9
63	106160-94-5
63	106496-45-1
63	1067-14-7
63	1068-23-1
63	1068-61-7
63	1072-35-1
63	1079390-64-9
63	1083-82-5
63	108350-80-7
63	108424-14-2
63	108424-15-3
63	108424-16-4
63	109707-90-6
63	109882-46-4
63	11063-58-4
63	110687-39-3
63	11113-70-5
63	11116-83-9
63	11119-70-3
63	11120-22-2
63	1120-46-3
63	114601-64-8
63	114830-97-6
63	1153-06-6
63	1162-06-7
63	116565-73-2
63	116565-74-3
63	116666-25-2
63	116739-98-1
63	1191-18-0
63	119801-45-5
63	120119-64-4
63	12013-69-3
63	12017-86-6
63	12023-90-4
63	12029-23-1
63	12034-30-9
63	12034-88-7
63	12036-31-6
63	12036-76-9
63	12036-93-0
63	12048-28-1
63	12059-89-1
63	12060-00-3
63	12060-01-4
63	12065-68-8
63	12065-90-6
63	12069-00-0
63	121054-00-0
63	121072-42-2
63	12135-36-3
63	12137-74-5
63	12141-20-7
63	12143-43-0
63	12157-94-7
63	12202-17-4
63	12205-72-0
63	12214-45-8
63	122162-56-5
63	122332-23-4
63	122466-83-5
63	12266-38-5
63	12268-84-7
63	12275-07-9
63	1227908-26-0
63	12333-97-0
63	123517-46-4
63	12356-42-2
63	12372-45-1
63	12377-69-4
63	12397-06-7
63	12403-82-6
63	12412-92-9
63	12412-94-1
63	124222-18-0
63	12435-47-1
63	124826-86-4
63	125328-49-6
63	125471-97-8
63	125494-56-6
63	125634-26-6
63	12578-12-0
63	12608-25-2
63	12612-47-4
63	1262279-30-0
63	1262279-31-1
63	12626-81-2
63	12676-62-9
63	12684-19-4
63	126857-68-9
63	12687-78-4
63	12709-98-7
63	127279-03-2
63	12737-98-3
63	12740-44-2
63	12765-51-4
63	12774-29-7
63	127917-29-7
63	128226-81-3
63	128976-28-3
63	129618-34-4
63	130596-72-4
63	130680-19-2
63	1309-60-0
63	13094-04-7
63	1310-03-8
63	1311-11-1
63	1314-27-8
63	1314-41-6
63	1314-87-0
63	1314-91-6
63	1317-36-8
63	132003-12-4
63	13231-90-8
63	1326-05-2
63	13266-07-4
63	1327-31-7
63	133315-99-8
63	1335-25-7
63	133988-90-6
63	13406-89-8
63	13427-42-4
63	1344-36-1
63	1344-38-3
63	1344-40-7
63	13453-57-1
63	13453-62-8
63	13453-65-1
63	13453-66-2
63	13463-30-4
63	13464-43-2
63	13478-50-7
63	13510-89-9
63	13510-91-3
63	13510-94-6
63	13510-96-8
63	13566-17-1
63	135849-93-3
63	13637-76-8
63	136596-82-2
63	13698-55-0
63	13701-91-2
63	13703-85-0
63	13732-17-7
63	13767-78-7
63	13778-36-4
63	13779-93-6
63	13779-98-1
63	13814-96-5
63	13826-65-8
63	13845-31-3
63	13845-35-7
63	13931-84-5
63	139522-21-7
63	139522-22-8
63	13966-28-4
63	14119-28-9
63	14119-29-0
63	14119-30-3
63	141754-61-2
63	14255-04-0
63	14280-50-3
63	14402-61-0
63	14450-60-3
63	14466-01-4
63	1451592-07-6
63	14570-16-2
63	14648-48-7
63	14687-25-3
63	14720-53-7
63	14846-40-3
63	14931-82-9
63	14986-72-2
63	15067-28-4
63	15092-94-1
63	15187-16-3
63	1520-78-1
63	15282-88-9
63	15306-30-6
63	15347-55-4
63	15347-57-6
63	153679-91-5
63	15516-84-4
63	15521-60-5
63	15590-77-9
63	15696-43-2
63	15708-49-3
63	15748-73-9
63	15752-86-0
63	15773-47-4
63	15773-48-5
63	15773-52-1
63	15773-53-2
63	15773-55-4
63	15773-56-5
63	15804-54-3
63	15816-77-0
63	15843-48-8
63	15845-52-0
63	15851-47-5
63	15887-88-4
63	15906-71-5
63	15907-04-7
63	16038-76-9
63	16040-38-3
63	16180-04-4
63	16183-12-3
63	16450-50-3
63	16645-99-1
63	16646-00-7
63	16996-40-0
63	16996-51-3
63	17239-87-1
63	172589-69-4
63	172777-22-9
63	17406-54-1
63	175448-53-0
63	17549-30-3
63	1762-26-1
63	1762-27-2
63	1762-28-3
63	17976-43-1
63	180129-52-6
63	18279-19-1
63	18279-20-4
63	18279-21-5
63	18454-12-1
63	18608-34-9
63	18917-82-3
63	19010-66-3
63	19136-34-6
63	1920-90-7
63	19423-89-3
63	19528-55-3
63	19651-80-0
63	19783-14-3
63	199876-46-5
63	201742-34-9
63	20383-42-0
63	20403-41-2
63	20403-42-3
63	20534-94-5
63	207500-00-3
63	20837-86-9
63	20890-10-2
63	20917-34-4
63	20936-32-7
63	2101242-86-6
63	2117-69-3
63	21180-26-7
63	21319-43-7
63	21459-27-8
63	21519-20-0
63	21600-78-2
63	21774-13-0
63	22438-69-3
63	22569-74-0
63	22723-52-0
63	22904-40-1
63	23621-79-6
63	2388-00-3
63	24824-71-3
63	24952-65-6
63	2508-97-6
63	25510-11-6
63	25659-31-8
63	25666-92-6
63	25721-38-4
63	25725-28-4
63	2587-81-7
63	2587-82-8
63	2587-84-0
63	25987-03-5
63	26265-65-6
63	27253-28-7
63	27253-41-4
63	27486-00-6
63	27496-91-9
63	27923-60-0
63	28267-01-8
63	29473-77-6
63	29597-84-0
63	29729-00-8
63	30051-53-7
63	301-08-6
63	30719-10-9
63	30873-69-9
63	3124-01-4
63	32112-52-0
63	3249-60-3
63	3249-61-4
63	33627-12-2
63	33940-95-3
63	34018-28-5
63	34295-32-4
63	3440-75-3
63	35029-96-0
63	35112-70-0
63	35229-41-5
63	35296-72-1
63	35498-15-8
63	35830-81-0
63	35837-70-8
63	36501-84-5
63	3687-31-8
63	37194-88-0
63	37240-96-3
63	378253-10-2
63	378253-11-3
63	38787-87-0
63	39345-91-0
63	39377-56-5
63	39386-06-6
63	39390-00-6
63	39412-44-7
63	41141-89-3
63	41234-07-5
63	41453-50-3
63	41547-50-6
63	41556-46-1
63	42558-73-6
63	42579-89-5
63	43629-00-1
63	444279-15-6
63	50319-14-7
63	50354-80-8
63	5072-98-0
63	50729-74-3
63	50825-29-1
63	51105-45-4
63	512-26-5
63	51317-24-9
63	51325-28-1
63	51331-05-6
63	51404-69-4
63	51868-24-7
63	51899-02-6
63	52080-60-1
63	52231-92-2
63	5224-23-7
63	52337-73-2
63	52609-46-8
63	52652-59-2
63	52732-72-6
63	52847-85-5
63	53092-86-7
63	53096-04-1
63	53404-12-9
63	53466-66-3
63	53513-80-7
63	53529-09-2
63	53807-64-0
63	5434-72-0
63	54554-36-8
63	546-67-8
63	56189-09-4
63	56572-83-9
63	56764-40-0
63	5711-19-3
63	57142-78-6
63	57218-73-2
63	58274-53-6
63	58405-97-3
63	58572-21-7
63	592-05-2
63	592-87-0
63	595-89-1
63	59707-49-2
63	60251-56-1
63	60580-60-1
63	6080-56-4
63	6107-83-1
63	6107-93-3
63	61461-40-3
63	6148-48-7
63	61788-52-1
63	61788-53-2
63	61788-54-3
63	61789-50-2
63	61790-14-5
63	61867-68-3
63	61993-29-1
63	62042-25-5
63	62229-08-7
63	62451-77-8
63	625080-35-5
63	62637-99-4
63	63399-94-0
63	63400-07-7
63	63400-08-8
63	63568-30-9
63	63653-42-9
63	63916-96-1
63	63918-97-8
63	64504-12-7
63	6477-64-1
63	65119-94-0
63	65121-76-8
63	65121-94-0
63	65127-78-8
63	65151-08-8
63	65229-22-3
63	65996-76-1
63	65997-18-4
63	6618-03-7
63	67674-14-0
63	67711-86-8
63	67711-91-5
63	67711-92-6
63	67711-93-7
63	67711-94-8
63	67711-96-0
63	67711-98-2
63	67711-99-3
63	68131-60-2
63	68132-23-0
63	68139-27-5
63	68152-99-8
63	68155-47-5
63	68187-37-1
63	68332-81-0
63	6838-85-3
63	68409-79-0
63	68411-07-4
63	68411-33-6
63	68411-78-9
63	68424-76-0
63	68442-95-5
63	68515-76-4
63	68515-77-5
63	68515-80-0
63	68553-17-3
63	68553-63-9
63	68555-05-5
63	68555-07-7
63	68585-90-0
63	68586-21-0
63	68603-83-8
63	68603-93-0
63	68604-05-7
63	68604-56-8
63	68605-98-1
63	68610-17-3
63	68784-53-2
63	68784-59-8
63	68784-74-7
63	68784-75-8
63	68784-76-9
63	68891-87-2
63	68901-11-1
63	68901-12-2
63	68937-05-3
63	68952-91-0
63	68954-05-2
63	68956-49-0
63	68987-33-7
63	68989-89-9
63	68990-75-0
63	6901-79-7
63	69011-06-9
63	69011-07-0
63	69011-54-7
63	69011-59-2
63	69011-60-5
63	69011-70-7
63	69011-86-5
63	69012-20-0
63	69012-22-2
63	69012-26-6
63	69012-43-7
63	69012-56-2
63	69012-57-3
63	69012-60-8
63	69012-63-1
63	69012-65-3
63	69012-67-5
63	69012-70-0
63	69012-71-1
63	69012-72-2
63	69012-78-8
63	69029-45-4
63	69029-46-5
63	69029-47-6
63	69029-48-7
63	69029-49-8
63	69029-50-1
63	69029-51-2
63	69029-52-3
63	69029-53-4
63	69029-55-6
63	69029-56-7
63	69029-57-8
63	69029-58-9
63	69029-60-3
63	69029-61-4
63	69029-62-5
63	69029-63-6
63	69029-64-7
63	69029-65-8
63	69029-66-9
63	69029-67-0
63	69029-68-1
63	69029-69-2
63	69029-70-5
63	69029-71-6
63	69029-72-7
63	69029-73-8
63	69029-74-9
63	69029-78-3
63	69029-79-4
63	69029-80-7
63	69029-81-8
63	69029-83-0
63	69029-84-1
63	69029-85-2
63	69029-86-3
63	69029-87-4
63	69029-88-5
63	69029-89-6
63	69029-90-9
63	69029-91-0
63	69029-92-1
63	69029-93-2
63	69029-95-4
63	69029-96-5
63	69029-97-6
63	69090-73-9
63	69103-03-3
63	69103-04-4
63	69227-11-8
63	6928-68-3
63	69637-83-8
63	70084-67-2
63	70268-38-1
63	70321-55-0
63	70513-89-2
63	70514-05-5
63	70514-37-3
63	7056-83-9
63	70727-02-5
63	70879-91-3
63	70995-63-0
63	71630-92-7
63	71684-29-2
63	71686-03-8
63	71753-04-3
63	71799-66-1
63	72437-77-5
63	724427-66-1
63	72469-41-1
63	72586-00-6
63	73105-55-2
63	7319-86-0
63	7428-48-0
63	74356-14-2
63	7439-92-1
63	7442-13-9
63	7446-10-8
63	7446-15-3
63	7488-51-9
63	75-74-1
63	75790-73-7
63	76093-98-6
63	7645-25-2
63	76835-98-8
63	76925-97-8
63	7717-46-6
63	7758-95-4
63	7759-01-5
63	7783-46-2
63	7783-59-7
63	78-00-2
63	78690-68-3
63	79357-62-3
63	79803-79-5
63	79849-02-8
63	79915-08-5
63	79915-09-6
63	8012-00-8
63	811-54-1
63	814-70-0
63	814-93-7
63	81412-57-9
63	815-84-9
63	816-68-2
63	819-73-8
63	825-91-2
63	82696-30-8
63	82800-11-1
63	83689-82-1
63	83711-45-9
63	83711-46-0
63	83711-47-1
63	83896-77-9
63	84066-98-8
63	84066-99-9
63	84067-00-5
63	84144-92-3
63	84195-51-7
63	84195-60-8
63	84195-61-9
63	84394-98-9
63	84583-61-9
63	84776-00-1
63	84776-36-3
63	84776-53-4
63	84776-54-5
63	84837-22-9
63	84852-34-6
63	84929-94-2
63	84929-95-3
63	84929-96-4
63	84929-97-5
63	84961-75-1
63	85049-42-9
63	85117-02-8
63	85292-77-9
63	85305-08-4
63	85392-77-4
63	85392-78-5
63	85536-79-4
63	85682-01-5
63	85764-81-4
63	85865-91-4
63	85865-92-5
63	86202-43-9
63	867-47-0
63	873-54-1
63	87835-32-3
63	87903-39-7
63	88685-10-3
63	89054-03-5
63	9008-26-8
63	90193-83-2
63	90268-59-0
63	90268-66-9
63	90342-24-8
63	90342-56-6
63	90388-09-3
63	90388-10-6
63	90388-15-1
63	90431-14-4
63	90431-21-3
63	90431-26-8
63	90431-27-9
63	90431-28-0
63	90431-30-4
63	90431-31-5
63	90431-32-6
63	90431-33-7
63	90431-34-8
63	90431-35-9
63	90431-36-0
63	90431-37-1
63	90431-38-2
63	90431-39-3
63	90431-40-6
63	90431-41-7
63	90431-42-8
63	90431-43-9
63	90431-44-0
63	90459-25-9
63	90459-26-0
63	90459-28-2
63	90459-51-1
63	90459-52-2
63	90459-88-4
63	90552-19-5
63	90583-07-6
63	90583-37-2
63	90583-65-6
63	91002-20-9
63	91031-60-6
63	91031-61-7
63	91031-62-8
63	91053-46-2
63	91053-47-3
63	91053-49-5
63	91078-81-8
63	91083-54-4
63	91187-55-2
63	91388-81-7
63	91671-82-8
63	91671-83-9
63	91671-84-0
63	91697-36-8
63	91783-10-7
63	92044-89-8
63	92045-67-5
63	92200-92-5
63	92257-11-9
63	93165-26-5
63	93215-61-3
63	93763-87-2
63	93821-47-7
63	93821-70-6
63	93821-72-8
63	93839-98-6
63	93840-04-1
63	93858-23-2
63	93858-24-3
63	93892-65-0
63	93894-48-5
63	93894-49-6
63	93894-64-5
63	93925-27-0
63	93965-29-8
63	93966-37-1
63	93966-38-2
63	93966-74-6
63	93981-67-0
63	94006-20-9
63	94015-57-3
63	94232-40-3
63	94246-84-1
63	94246-85-2
63	94246-86-3
63	94246-87-4
63	94246-90-9
63	94246-91-0
63	94246-92-1
63	94246-93-2
63	94266-31-6
63	94266-32-7
63	94349-78-7
63	94481-58-0
63	94492-43-0
63	94551-60-7
63	94551-62-9
63	94551-64-1
63	94551-66-3
63	94551-70-9
63	94551-71-0
63	94551-72-1
63	94551-73-2
63	94551-74-3
63	94551-78-7
63	94551-79-8
63	94551-86-7
63	94551-97-0
63	94551-99-2
63	94552-00-8
63	94552-05-3
63	95046-44-9
63	95046-49-4
63	95860-12-1
63	95892-13-0
63	96471-22-6
63	96690-46-9
63	97488-85-2
63	97675-41-7
63	97808-88-3
63	97889-90-2
63	97926-57-3
63	97952-39-1
63	97953-08-7
63	98072-44-7
63	98219-71-7
63	98246-91-4
63	99328-54-8
63	99749-31-2
63	P-82-0043
63	RR-00132-1
63	RR-00538-9
63	RR-00630-4
63	RR-01021-9
63	RR-01292-0
63	RR-01917-0
63	RR-01997-6
63	RR-02632-4
63	RR-04210-4
63	RR-07194-3
63	RR-07764-5
63	RR-11170-6
63	RR-11171-7
63	RR-113715-1
63	RR-115560-8
63	RR-120898-6
63	RR-123234-4
63	RR-12534-8
63	RR-12535-9
63	RR-12634-1
63	RR-12718-4
63	RR-12719-5
63	RR-12722-0
63	RR-12723-1
63	RR-128514-9
63	RR-13035-8
63	RR-14098-7
63	RR-14783-1
63	RR-15431-4
63	RR-19231-4
63	RR-21008-2
63	RR-30195-1
63	RR-31155-7
63	RR-40980-3
63	RR-41296-4
63	RR-41297-5
63	RR-42178-3
63	RR-42180-7
63	RR-42183-0
63	RR-42187-4
63	RR-42199-8
63	RR-42759-8
63	RR-43729-6
63	RR-43733-2
63	RR-43765-0
63	RR-44401-9
63	RR-45494-4
63	RR-47159-0
63	RR-50131-5
63	RR-50263-6
63	RR-50268-1
63	RR-50427-8
63	RR-50428-9
63	RR-50499-4
63	RR-54612-3
63	RR-60222-2
63	RR-87533-2
63	RR-88264-4
63	RR-89890-8
63	RR-90336-6
63	UN2291
64	106-46-7
64	3855-82-1
65	10043-02-4
65	10045-89-3
65	10101-60-7
65	10101-66-3
65	10103-43-2
65	10124-31-9
65	10138-04-2
65	10139-51-2
65	10192-29-7
65	10192-30-0
65	10196-04-0
65	10361-29-2
65	10361-65-6
65	10402-23-0
65	1066-33-7
65	107630-41-1
65	108532-40-7
65	11115-67-6
65	11128-98-6
65	12027-67-7
65	12028-06-7
65	12046-71-8
65	12125-01-8
65	127795-79-3
65	12794-95-5
65	13011-54-6
65	13083-04-0
65	13106-76-8
65	1311-93-9
65	13446-09-8
65	13446-10-1
65	13446-48-5
65	13453-06-0
65	13462-93-6
65	13478-16-5
65	13586-38-4
65	13587-26-3
65	13597-86-9
65	13718-41-7
65	13765-35-0
65	13772-16-2
65	13780-11-5
65	13814-87-4
65	13826-83-0
65	13840-04-5
65	13843-59-9
65	13863-45-1
65	14149-70-3
65	14445-91-1
65	14520-70-8
65	14638-69-8
65	14644-70-3
65	14652-46-1
65	14693-62-0
65	14727-95-8
65	14728-39-3
65	14989-27-6
65	15006-70-9
65	15078-94-1
65	15245-12-2
65	15318-60-2
65	1762-95-4
65	19495-85-3
65	19787-76-9
65	19864-63-2
65	202581-61-1
65	20859-38-5
65	20861-69-2
65	21995-29-9
65	21995-30-2
65	21995-31-3
65	21995-32-4
65	21995-33-5
65	21995-34-6
65	21995-38-0
65	22132-71-4
65	22690-72-8
65	22690-73-9
65	22694-75-3
65	22829-17-0
65	22898-09-5
65	24012-08-6
65	25425-97-2
65	25447-33-0
65	25749-08-0
65	27522-09-4
65	27796-66-3
65	30734-38-4
65	32680-29-8
65	32736-64-4
65	33113-08-5
65	37275-77-7
65	40861-29-8
65	506-87-6
65	52458-41-0
65	54378-28-8
65	54390-90-8
65	59157-61-8
65	60676-62-2
65	61482-17-5
65	68333-79-9
65	7637-03-8
65	7722-76-1
65	7773-06-0
65	7783-11-1
65	7783-13-3
65	7783-18-8
65	7783-20-2
65	7783-21-3
65	7783-22-4
65	7783-24-6
65	7783-28-0
65	7783-83-7
65	7783-85-9
65	7784-25-0
65	7784-26-1
65	7784-44-3
65	7785-19-5
65	7785-20-8
65	7785-21-9
65	7788-98-9
65	7790-98-9
65	7803-55-6
65	7803-63-6
65	7803-65-8
65	8000-73-5
65	84000-95-3
65	84057-79-4
65	96379-76-9
65	RR-118932-8
66	137885-53-1
66	1429425-26-2
66	146479-75-6
66	27360-89-0
66	28106-82-3
66	37808-08-5
66	80-05-7
68	15899-31-7
68	16486-94-5
68	16486-96-7
68	17741-60-5
68	1895-26-7
68	2058-94-8
68	21049-38-7
68	2144-54-9
68	307-55-1
68	3658-62-6
68	3658-63-7
68	376-06-7
68	3793-74-6
68	72629-94-8
68	865-86-1
68	RR-189131-2
68	RR-189132-3
68	RR-189133-4
68	RR-189134-5
68	RR-189135-6
68	RR-189136-7
69	1173023-83-0
69	14742-26-8
69	1849-29-2
69	54841-71-3
69	67-56-1
69	811-98-3
69	UN1230
7	545-55-1
7	UN2501
70	104986-37-0
70	117563-66-3
70	1257661-59-8
70	540-97-6
70	541-02-6
70	556-67-2
70	83874-62-8
71	26138-58-9
71	53774-35-9
71	57762-46-6
71	872-50-4
72	100-44-7
72	10022-68-1
72	10034-82-9
72	10048-95-0
72	10060-08-9
72	10102-48-4
72	10102-49-5
72	10102-50-8
72	10103-50-1
72	10103-60-3
72	10103-61-4
72	10103-62-5
72	10108-64-2
72	10124-36-4
72	1018852-64-6
72	1018900-84-9
72	102110-21-4
72	10325-94-7
72	103730-90-1
72	10476-82-1
72	1053658-43-7
72	1053659-79-2
72	10588-01-9
72	106495-92-5
72	106496-20-2
72	1076-43-3
72	108066-98-4
72	1088355-13-8
72	1099648-86-8
72	112068-71-0
72	114057-15-7
72	1156543-56-4
72	1158237-02-5
72	116443-03-9
72	117-82-8
72	1173023-23-8
72	12018-32-5
72	12044-50-7
72	12068-59-6
72	12068-61-0
72	12213-61-5
72	12254-95-4
72	1227476-28-9
72	12324-05-9
72	12324-08-2
72	12355-85-0
72	124260-75-9
72	12656-85-8
72	127-19-5
72	12774-48-0
72	1303-00-0
72	1303-28-2
72	1303-39-5
72	1306-13-4
72	1306-19-0
72	1306-23-6
72	131-18-0
72	1310-03-8
72	1314087-56-3
72	131883-55-1
72	1327-52-2
72	1327-53-3
72	1333-82-0
72	1335-32-6
72	13424-46-9
72	1344-37-2
72	13462-91-4
72	13462-93-6
72	13464-38-5
72	13464-44-3
72	13464-68-1
72	13477-04-8
72	13477-70-8
72	13478-14-3
72	13478-34-7
72	13510-44-6
72	13530-65-9
72	13589-17-8
72	13702-38-0
72	13765-19-0
72	13843-65-7
72	1391351-00-0
72	13966-28-4
72	14018-95-2
72	14034-76-5
72	14109-32-1
72	14119-28-9
72	14119-29-0
72	14119-30-3
72	1416946-65-0
72	14177-24-3
72	14255-04-0
72	14336-66-4
72	14336-68-6
72	1434046-67-9
72	1436666-97-5
72	1441148-55-5
72	14570-16-2
72	14644-70-3
72	146504-31-6
72	14687-25-3
72	14709-52-5
72	14721-18-7
72	14846-40-3
72	14977-61-8
72	149864-43-7
72	15067-28-4
72	15092-94-1
72	15120-17-9
72	15139-70-5
72	15175-63-0
72	15175-77-6
72	15244-35-6
72	15245-44-0
72	15586-38-6
72	15606-95-8
72	15752-86-0
72	15816-77-0
72	1609158-91-9
72	166269-55-2
72	1664-98-8
72	16645-99-1
72	16646-00-7
72	17239-87-1
72	174973-66-1
72	17570-76-2
72	1762-26-1
72	1762-27-2
72	1762-28-3
72	181768-98-9
72	1825302-06-4
72	187112-40-9
72	192-97-2
72	1920-90-7
72	1979138-53-8
72	2009382-57-2
72	20214-07-7
72	205-82-3
72	205-99-2
72	207-08-9
72	21041-95-2
72	21093-83-4
72	21436-97-5
72	2163-80-6
72	21774-13-0
72	218-01-9
72	2242959-68-6
72	22465-18-5
72	2294935-60-5
72	23355-47-7
72	2388-00-3
72	24440-79-7
72	24613-89-6
72	24719-13-9
72	24719-19-5
72	2475-45-8
72	2485700-58-9
72	24952-65-6
72	25808-74-6
72	26138-58-9
72	2641128-84-7
72	27016-75-7
72	27274-05-1
72	27486-00-6
72	27526-45-0
72	28380-38-3
72	28980-47-4
72	29871-10-1
72	29871-13-4
72	29935-35-1
72	301-04-2
72	30905-38-5
72	3165-93-3
72	32680-29-8
72	33513-42-7
72	3440-75-3
72	34848-09-4
72	35658-65-2
72	3687-31-8
72	37196-28-4
72	37300-23-5
72	378253-10-2
72	378253-11-3
72	378253-44-2
72	378253-45-3
72	378253-46-4
72	385800-12-4
72	39156-41-7
72	41189-36-0
72	41451-28-9
72	4219-19-6
72	50-00-0
72	50-32-8
72	513-78-0
72	5216-25-1
72	53-70-3
72	53404-12-9
72	53774-35-9
72	54322-60-0
72	54682-86-9
72	548-62-9
72	553-00-4
72	56-55-3
72	569-61-9
72	57486-12-1
72	57762-46-6
72	58076-82-7
72	59286-40-7
72	605-50-5
72	6080-56-4
72	6131-99-3
72	61513-05-1
72	61513-06-2
72	61513-07-3
72	62642-07-3
72	63918-97-8
72	64070-83-3
72	64523-06-4
72	65121-94-0
72	65151-08-8
72	6594-85-0
72	6618-03-7
72	68-12-2
72	68130-19-8
72	68610-17-3
72	68756-79-6
72	70206-08-5
72	70426-60-7
72	70513-89-2
72	7077-31-8
72	71-43-2
72	71888-89-6
72	724427-66-1
72	72589-96-9
72	7439-92-1
72	7440-43-9
72	7442-13-9
72	7446-27-7
72	74646-29-0
72	75-74-1
72	7631-89-2
72	7645-25-2
72	7758-97-6
72	7774-41-6
72	7775-11-3
72	7778-39-4
72	7778-41-8
72	7778-43-0
72	7778-44-1
72	7778-50-9
72	7784-37-4
72	7784-38-5
72	7784-40-9
72	7784-41-0
72	7784-44-3
72	7789-00-6
72	7789-06-2
72	7789-09-5
72	7789-12-0
72	7790-78-5
72	7790-79-6
72	7790-84-3
72	7791-14-2
72	78-00-2
72	79990-52-6
72	8005-36-5
72	8005-38-7
72	8006-07-3
72	8012-76-8
72	8013-13-6
72	8049-64-7
72	81209-53-2
72	817163-73-8
72	819804-28-9
72	83689-82-1
72	84-75-3
72	856307-43-2
72	856565-65-6
72	858790-60-0
72	85941-57-7
72	872-50-4
72	888030-71-5
72	91-22-5
72	959925-10-1
72	98-07-7
72	99035-51-5
72	RR-00132-1
72	RR-02086-0
72	RR-02096-2
72	RR-02574-1
72	RR-04210-4
72	RR-17718-4
72	RR-43765-0
72	UN0129
72	UN1114
72	UN1439
72	UN1463
72	UN1553
72	UN1554
72	UN1559
72	UN1561
72	UN1579
72	UN1616
72	UN1738
72	UN1758
72	UN2226
72	UN2656
72	UN3410
73	185911-29-9
73	51851-37-7
73	85857-16-5
73	RR-141255-1
74	10347-54-3
74	104-49-4
74	10581-16-5
74	1196157-73-9
74	123-61-5
74	139-25-3
74	16325-38-5
74	16959-10-7
74	17589-24-1
74	177027-34-8
74	23370-68-5
74	23501-81-7
74	25551-28-4
74	2556-36-7
74	25854-16-4
74	26189-89-9
74	26747-90-0
74	27138-32-5
74	27359-20-2
74	2778-41-8
74	28679-16-5
74	28807-72-9
74	31691-26-6
74	32052-51-0
74	34050-00-5
74	34813-62-2
74	34992-02-4
74	38661-72-2
74	39394-45-1
74	4035-89-6
74	4128-73-8
74	42170-25-2
74	4223-09-0
74	45172-15-4
74	4538-42-5
74	4747-90-4
74	5206-52-0
74	5331-87-3
74	55206-98-9
74	55525-54-7
74	74091-64-8
74	79103-62-1
74	9016-87-9
74	99741-73-8
74	RR-00547-0
75	100-00-5
75	100-37-8
75	100-39-0
75	100-40-3
75	100-41-4
75	100-41-4
75	100-41-4
75	100-42-5
75	100-44-7
75	100-46-9
75	100-51-6
75	100-56-1
75	100-57-2
75	100-63-0
75	100-75-4
75	100-92-5
75	100-97-0
75	100-99-2
75	1000-78-8
75	100011-37-8
75	100022-25-1
75	100022-25-1
75	10004-44-1
75	100041-52-9
75	100041-53-0
75	100063-58-9
75	1000693-70-8
75	10007-85-9
75	1000818-40-5
75	100085-31-2
75	1001118-18-8
75	1001387-46-7
75	1001417-33-9
75	1001666-55-2
75	100181-71-3
75	1001913-24-1
75	1001914-35-7
75	1002-28-4
75	1002-36-4
75	1002-69-3
75	10020-05-0
75	100208-51-3
75	1002158-67-9
75	10022-31-8
75	10022-48-7
75	10022-50-1
75	10022-68-1
75	10022-68-1
75	10022-70-5
75	100234-53-5
75	10024-97-2
75	10025-67-9
75	10025-68-0
75	10025-78-2
75	10025-87-3
75	10025-91-9
75	10025-99-7
75	100258-44-4
75	100258-44-4
75	10026-00-3
75	10026-03-6
75	10026-04-7
75	10026-06-9
75	10026-07-0
75	10026-11-6
75	10026-13-8
75	10026-21-8
75	10026-22-9
75	10026-23-0
75	10026-24-1
75	10027-06-2
75	10028-15-6
75	10028-16-7
75	10028-16-7
75	10028-17-8
75	10028-18-9
75	10028-21-4
75	100292-13-5
75	100292-32-8
75	1003-26-5
75	10031-13-7
75	10031-13-7
75	10031-16-0
75	10031-18-2
75	10031-21-7
75	10031-22-8
75	10031-27-3
75	10031-45-5
75	10031-59-1
75	100311-01-1
75	10034-82-9
75	10034-82-9
75	10034-82-9
75	10034-85-2
75	10034-88-5
75	10034-93-2
75	100348-34-3
75	10035-04-8
75	10035-10-6
75	100359-07-7
75	10039-31-3
75	10039-31-3
75	10039-54-0
75	10039-55-1
75	1004-03-1
75	100402-39-9
75	100402-40-2
75	100402-50-4
75	100402-51-5
75	100402-52-6
75	100402-53-7
75	100402-65-1
75	100402-80-0
75	100402-96-8
75	100402-97-9
75	100402-98-0
75	100402-99-1
75	100403-00-7
75	100403-18-7
75	100403-63-2
75	100403-63-2
75	100418-33-5
75	10042-76-9
75	10042-99-6
75	10043-35-3
75	10043-49-9
75	10043-52-4
75	10043-66-0
75	10043-66-0
75	100432-47-1
75	100432-48-2
75	100435-91-4
75	100444-33-5
75	10045-94-0
75	10045-97-3
75	10046-00-1
75	100465-65-4
75	100468-44-8
75	10047-35-5
75	10048-95-0
75	10048-95-0
75	10048-98-3
75	10048-99-4
75	100482-34-6
75	10049-04-4
75	10049-18-0
75	10049-22-6
75	10049-23-7
75	100491-29-0
75	100494-20-0
75	100501-62-0
75	100551-99-3
75	100556-82-9
75	10058-44-3
75	10060-08-9
75	10060-08-9
75	10060-08-9
75	10060-09-0
75	10060-09-0
75	10061-01-5
75	10061-02-6
75	100641-27-8
75	100656-49-3
75	100656-51-7
75	100656-53-9
75	100656-53-9
75	100656-54-0
75	100656-54-0
75	100656-54-0
75	100656-55-1
75	100656-55-1
75	100656-56-2
75	1006710-56-0
75	100683-95-2
75	100683-97-4
75	100683-98-5
75	100683-99-6
75	100684-02-4
75	100684-03-5
75	100684-04-6
75	100684-05-7
75	100684-33-1
75	100684-37-5
75	100684-38-6
75	100684-44-4
75	100684-45-5
75	100684-46-6
75	100684-48-8
75	100684-49-9
75	100684-51-3
75	100684-53-5
75	100684-58-0
75	100684-59-1
75	100684-60-4
75	100684-90-0
75	100735-34-0
75	1007521-14-3
75	1007629-44-8
75	100784-20-1
75	1008-65-7
75	10080-39-4
75	10080-72-5
75	100801-63-6
75	100801-65-8
75	100801-66-9
75	100817-46-7
75	100822-74-0
75	100835-88-9
75	100849-37-4
75	10090-54-7
75	100901-72-2
75	1009080-01-6
75	100912-15-0
75	100920-72-7
75	100929-97-3
75	100940-62-3
75	10097-02-6
75	10097-26-4
75	10098-62-1
75	100986-85-4
75	100988-63-4
75	10099-74-8
75	10099-76-0
75	10099-79-3
75	100995-81-1
75	101-02-0
75	101-05-3
75	101-14-4
75	101-21-3
75	101-27-9
75	101-31-5
75	101-43-9
75	101-43-9
75	101-61-1
75	101-68-8
75	101-72-4
75	101-77-9
75	101-80-4
75	101-83-7
75	101-90-6
75	10101-52-7
75	10101-57-2
75	10101-63-0
75	10101-75-4
75	10101-75-4
75	10101-83-4
75	10101-91-4
75	10101-96-9
75	10101-97-0
75	10101-98-1
75	10101-99-2
75	101012-85-5
75	101012-85-5
75	101012-89-9
75	101012-92-4
75	101012-93-5
75	101012-94-6
75	101012-95-7
75	101013-06-3
75	10102-09-7
75	10102-12-2
75	10102-18-8
75	10102-20-2
75	10102-23-5
75	10102-44-0
75	10102-45-1
75	10102-48-4
75	10102-48-4
75	10102-48-4
75	10102-49-5
75	10102-49-5
75	10102-50-8
75	10102-50-8
75	10102-53-1
75	101027-12-7
75	10103-26-1
75	10103-50-1
75	10103-50-1
75	10103-60-3
75	10103-60-3
75	10103-61-4
75	10103-61-4
75	10103-62-5
75	10103-62-5
75	101033-44-7
75	101043-98-5
75	101051-62-1
75	10108-64-2
75	10112-91-1
75	10112-94-4
75	10118-90-8
75	10119-30-9
75	10119-31-0
75	101200-37-7
75	101200-48-0
75	101200-57-1
75	101200-58-2
75	101200-60-6
75	101200-61-7
75	101205-02-1
75	101215-76-3
75	101227-27-4
75	101239-53-6
75	101239-80-9
75	10124-27-3
75	10124-36-4
75	10124-43-3
75	10124-48-8
75	10124-50-2
75	101294-99-9
75	101316-45-4
75	101316-49-8
75	101316-56-7
75	101316-57-8
75	101316-59-0
75	101316-62-5
75	101316-63-6
75	101316-66-9
75	101316-67-0
75	101316-69-2
75	101316-70-5
75	101316-71-6
75	101316-72-7
75	101316-76-1
75	101316-83-0
75	101316-84-1
75	101316-85-2
75	101316-86-3
75	101316-87-4
75	101319-72-6
75	101319-72-6
75	101319-94-2
75	101324-32-7
75	101324-33-8
75	101356-99-4
75	101357-00-0
75	101357-00-0
75	101357-01-1
75	101357-01-1
75	101357-02-2
75	101357-02-2
75	101357-03-3
75	101357-03-3
75	101357-04-4
75	101357-04-4
75	10136-69-3
75	101360-39-8
75	101377-47-3
75	10138-36-0
75	101408-30-4
75	10141-05-6
75	1014107-91-5
75	101419-68-5
75	10142-77-5
75	101463-69-8
75	101466-43-7
75	1014743-76-0
75	1014978-13-2
75	101500-43-0
75	101505-15-1
75	101513-70-6
75	101519-68-0
75	10158-43-7
75	1015936-91-0
75	10161-84-9
75	10163-13-0
75	101631-14-5
75	101631-16-7
75	101631-20-3
75	1016316-60-1
75	101654-43-7
75	101657-77-6
75	101672-11-1
75	101672-18-8
75	101686-49-1
75	101686-74-2
75	1017-74-9
75	101701-80-8
75	1017183-70-8
75	10175-28-7
75	10177-50-1
75	1017792-00-5
75	101794-74-5
75	101794-75-6
75	101794-76-7
75	101794-79-0
75	101794-90-5
75	101794-91-6
75	101794-92-7
75	101794-95-0
75	101794-96-1
75	101794-97-2
75	101794-98-3
75	101794-99-4
75	101795-01-1
75	101795-02-2
75	101802-54-4
75	101804-03-9
75	101836-84-4
75	1018476-17-9
75	101860-05-3
75	1018807-91-4
75	1018852-64-6
75	1018900-84-9
75	101896-26-8
75	101896-27-9
75	101896-28-0
75	10190-55-3
75	10190-99-5
75	101912-89-4
75	101912-97-4
75	10192-46-8
75	10192-55-9
75	10196-66-4
75	10196-67-5
75	10196-68-6
75	101963-56-8
75	101963-73-9
75	101964-01-6
75	10198-40-0
75	10198-40-0
75	102-06-7
75	102-67-0
75	102-77-2
75	102-98-7
75	102-99-8
75	1020103-34-7
75	1020398-73-5
75	102040-01-7
75	102047-25-6
75	102055-05-0
75	10206-21-0
75	102061-82-5
75	1020714-56-0
75	102086-99-7
75	102089-33-8
75	10210-36-3
75	10210-64-7
75	102110-14-5
75	102110-15-6
75	102110-21-4
75	102110-21-4
75	102110-24-7
75	102110-26-9
75	102110-30-5
75	102110-36-1
75	102110-39-4
75	102110-40-7
75	102110-40-7
75	102110-44-1
75	102110-48-5
75	102110-48-5
75	102110-49-6
75	102110-55-4
75	102110-56-5
75	102110-57-6
75	102110-60-1
75	102110-60-1
75	102110-61-2
75	102110-61-2
75	102110-61-2
75	102110-62-3
75	102110-62-3
75	102110-66-7
75	102110-69-0
75	10213-79-3
75	10213-95-3
75	10214-39-8
75	10214-39-8
75	10214-40-1
75	1021417-41-3
75	1021487-49-9
75	1021498-98-5
75	10217-34-2
75	10217-52-4
75	10217-65-9
75	10217-67-1
75	10217-68-2
75	10218-17-4
75	102184-95-2
75	102184-95-2
75	10220-75-4
75	10222-01-2
75	102256-29-1
75	102256-63-3
75	102256-77-9
75	102256-87-1
75	102262-17-9
75	102278-63-7
75	10228-03-2
75	102280-93-3
75	10229-10-4
75	102323-69-3
75	102324-78-7
75	10233-88-2
75	102333-75-5
75	1023342-65-5
75	1023356-14-0
75	10236-37-0
75	10236-58-5
75	102395-11-9
75	1024-57-3
75	102423-87-0
75	102430-06-8
75	102483-85-2
75	102489-34-9
75	102516-61-0
75	102525-64-4
75	1025343-79-6
75	10257-54-2
75	102613-50-3
75	102634-38-8
75	102634-40-2
75	1026988-42-0
75	1026991-29-6
75	1026991-29-6
75	1027045-74-4
75	10271-66-6
75	102723-11-5
75	102736-13-0
75	1027622-42-9
75	102767-27-1
75	102770-39-8
75	102771-74-4
75	10279-69-3
75	102802-00-6
75	10284-47-6
75	10284-48-7
75	10284-49-8
75	102851-06-9
75	102857-74-9
75	10288-36-5
75	10289-23-3
75	10290-12-7
75	1029220-78-7
75	102931-96-4
75	10294-32-3
75	10294-33-4
75	10294-34-5
75	10294-38-9
75	10294-39-0
75	10294-40-3
75	10294-47-0
75	10294-52-7
75	10294-52-7
75	10294-53-8
75	10294-56-1
75	10294-58-3
75	102958-43-0
75	102962-29-8
75	102967-73-7
75	102979-93-1
75	102980-92-7
75	10299-45-3
75	103-11-7
75	103-12-8
75	103-16-2
75	103-33-3
75	103-65-1
75	103-83-3
75	103-86-6
75	10300-74-0
75	103055-07-8
75	103060-53-3
75	103070-73-1
75	103072-21-5
75	1031-15-8
75	103112-35-2
75	103122-66-3
75	103146-25-4
75	103170-25-8
75	103213-24-7
75	10325-94-7
75	10326-24-6
75	10326-28-0
75	10326-29-1
75	1032826-44-0
75	1032826-45-1
75	1033016-09-9
75	103315-49-7
75	10332-33-9
75	103332-13-4
75	10336-66-0
75	10336-68-2
75	10336-71-7
75	103361-09-7
75	103369-15-9
75	103373-95-1
75	10338-77-9
75	10338-78-0
75	10338-79-1
75	1033821-54-3
75	103399-29-7
75	1034-01-1
75	10341-89-6
75	103427-19-6
75	1034342-45-4
75	1034343-98-0
75	10345-27-4
75	103458-15-7
75	10347-17-8
75	103475-11-2
75	103515-49-7
75	1035159-71-7
75	1035696-44-6
75	10357-99-0
75	10359-84-9
75	103599-13-9
75	103599-14-0
75	1036032-39-9
75	10361-02-1
75	10361-94-1
75	1036286-41-5
75	10366-02-6
75	103730-90-1
75	103730-90-1
75	10375-00-5
75	10375-00-5
75	10375-56-1
75	10377-81-8
75	10377-98-7
75	10378-23-1
75	10378-48-0
75	10379-14-3
75	103792-92-3
75	10380-31-1
75	10381-36-9
75	10382-41-9
75	103842-90-6
75	1038587-78-8
75	1038587-80-2
75	1039387-27-3
75	1039387-28-4
75	103947-10-0
75	103969-79-5
75	104-12-1
75	104-14-3
75	104-15-4
75	104-27-8
75	104-40-5
75	104-55-2
75	104-59-6
75	104-60-9
75	104-78-9
75	104-80-3
75	104-91-6
75	104-98-3
75	10401-67-9
75	10403-65-3
75	10403-66-4
75	104062-50-2
75	104083-03-6
75	1041011-14-6
75	104105-46-6
75	104114-64-9
75	104133-06-4
75	10415-75-5
75	104206-82-8
75	104213-33-4
75	104226-19-9
75	10424-38-1
75	104263-79-8
75	104270-03-3
75	104276-82-6
75	104295-55-8
75	104298-69-3
75	1043-49-8
75	10430-85-0
75	104306-46-9
75	10431-47-7
75	104325-07-7
75	104325-08-8
75	10433-06-4
75	10433-59-7
75	104333-00-8
75	104333-03-1
75	104335-53-7
75	104339-46-0
75	104364-97-8
75	104366-25-8
75	104381-95-5
75	1043892-09-6
75	10439-39-1
75	104407-03-6
75	10442-39-4
75	104432-60-2
75	104468-21-5
75	10449-71-5
75	104491-99-8
75	104492-02-6
75	10451-12-4
75	104512-58-5
75	104512-63-2
75	104558-95-4
75	104645-85-4
75	104653-34-1
75	10468-30-1
75	104698-09-1
75	1047-16-1
75	10471-46-2
75	104732-42-5
75	10475-46-4
75	10476-82-1
75	10476-82-1
75	10476-82-1
75	10476-87-6
75	10476-87-6
75	104782-71-0
75	104788-63-8
75	104810-47-1
75	104810-48-2
75	104812-37-5
75	104814-22-4
75	10482-39-0
75	104839-24-9
75	10485-69-5
75	10486-00-7
75	10486-58-5
75	104860-26-6
75	1049-38-3
75	104903-49-3
75	104907-96-2
75	104912-88-1
75	104912-91-6
75	104912-99-4
75	104913-05-5
75	104913-13-5
75	104921-99-5
75	104958-67-0
75	104986-37-0
75	105-05-5
75	105-16-8
75	105-31-7
75	105-41-9
75	105-45-3
75	105-48-6
75	105-57-7
75	105-59-9
75	105-60-2
75	105-67-9
75	105-83-9
75	1050-48-2
75	105022-71-7
75	105022-72-8
75	105024-66-6
75	105025-74-9
75	105034-60-4
75	10504-99-1
75	105054-14-6
75	1050678-93-7
75	10507-38-7
75	10507-40-1
75	10507-41-2
75	10507-42-3
75	105093-20-7
75	1051370-49-0
75	1051370-53-6
75	1051915-25-3
75	1051930-86-9
75	105239-91-6
75	105254-85-1
75	105257-50-9
75	105260-39-7
75	105268-95-9
75	1052691-24-3
75	105287-28-3
75	1053656-97-5
75	1053657-18-3
75	1053657-23-0
75	1053657-77-4
75	1053658-43-7
75	1053659-55-4
75	1053659-79-2
75	105403-46-1
75	105439-02-9
75	10544-72-6
75	10545-99-0
75	105469-31-6
75	105480-59-9
75	105494-65-3
75	105504-42-5
75	10551-42-5
75	105512-06-9
75	105521-40-2
75	105521-57-1
75	10553-31-8
75	10555-76-7
75	105560-93-8
75	105567-86-0
75	10557-31-0
75	1056477-09-8
75	10567-69-8
75	1057722-40-3
75	1057722-43-6
75	105786-27-4
75	105812-81-5
75	105813-13-6
75	105827-91-6
75	105841-43-8
75	105841-44-9
75	105841-70-1
75	10588-01-9
75	105913-60-8
75	105948-45-6
75	10595-95-6
75	1059548-30-9
75	10596-22-2
75	105996-54-1
75	106-24-1
75	106-35-4
75	106-40-1
75	106-42-3
75	106-44-5
75	106-46-7
75	106-47-8
75	106-49-0
75	106-50-3
75	106-51-4
75	106-63-8
75	106-75-2
75	106-87-6
75	106-88-7
75	106-89-8
75	106-90-1
75	106-91-2
75	106-92-3
75	106-93-4
75	106-94-5
75	106-97-8
75	106-99-0
75	106015-10-5
75	106027-83-2
75	106028-58-4
75	10603-63-1
75	106043-39-4
75	10605-21-7
75	106070-25-1
75	106096-79-1
75	106097-60-3
75	106097-61-4
75	106097-63-6
75	1061-27-4
75	106104-30-7
75	106129-90-2
75	106139-40-6
75	106160-94-5
75	106160-94-5
75	1061621-16-6
75	106168-40-5
75	106175-35-3
75	106177-71-3
75	106194-88-1
75	106207-08-3
75	106210-01-9
75	106210-01-9
75	106210-01-9
75	106210-02-0
75	106210-02-0
75	106210-02-0
75	106216-71-1
75	1062228-50-5
75	106234-23-5
75	106264-79-3
75	106357-76-0
75	106359-91-5
75	106359-93-7
75	106359-94-8
75	106385-26-6
75	1063995-98-1
75	1064-48-8
75	106404-28-8
75	106404-29-9
75	106424-31-1
75	106424-34-4
75	106424-52-6
75	106436-67-3
75	106447-44-3
75	106494-67-1
75	106495-92-5
75	106495-95-8
75	106496-20-2
75	106496-20-2
75	106496-45-1
75	106520-07-4
75	106566-58-9
75	106603-47-8
75	106604-55-1
75	106644-01-3
75	106699-17-6
75	1067-08-9
75	1067-14-7
75	1067-32-9
75	1067-33-0
75	1067-52-3
75	1067-53-4
75	1067-97-6
75	106700-29-2
75	106717-06-0
75	106717-55-9
75	1068-23-1
75	1068-61-7
75	106804-39-1
75	106804-40-4
75	106907-70-4
75	106912-45-2
75	106917-30-0
75	106917-31-1
75	106946-18-3
75	106957-86-2
75	106990-43-6
75	107-02-8
75	107-05-1
75	107-06-2
75	107-13-1
75	107-15-3
75	107-18-6
75	107-19-7
75	107-20-0
75	107-22-2
75	107-26-6
75	107-27-7
75	107-28-8
75	107-30-2
75	107-31-3
75	107-34-6
75	107-41-5
75	107-49-3
75	107-54-0
75	107-64-2
75	107-83-5
75	107-92-6
75	1070-00-4
75	1070-64-0
75	1070-70-8
75	107067-98-1
75	107067-99-2
75	107068-76-8
75	1071-39-2
75	1071-76-7
75	1071-83-6
75	107103-01-5
75	107121-52-8
75	107121-53-9
75	1071221-06-1
75	1072-35-1
75	1072-63-5
75	107231-30-1
75	1072413-89-8
75	107251-67-2
75	107251-68-3
75	107259-48-3
75	107284-23-1
75	107314-16-9
75	107324-82-3
75	107354-69-8
75	107378-49-4
75	107397-49-9
75	1074-17-5
75	1074-43-7
75	1074-55-1
75	107461-82-5
75	107477-77-0
75	107498-96-4
75	1075-61-2
75	107534-15-6
75	107534-96-3
75	107551-67-7
75	107559-52-4
75	107569-51-7
75	1076-43-3
75	107601-04-7
75	107601-05-8
75	107601-06-9
75	107601-07-0
75	107667-02-7
75	1077-98-1
75	107719-55-1
75	107745-71-1
75	107760-16-7
75	107762-95-8
75	107793-14-6
75	107793-15-7
75	107793-16-8
75	1078151-43-5
75	107845-04-5
75	107869-00-1
75	107898-54-4
75	1079-02-3
75	1079126-29-6
75	1079390-64-9
75	107950-89-0
75	1079737-05-5
75	1079803-62-5
75	107989-62-8
75	107991-47-9
75	107992-66-5
75	108-00-9
75	108-01-0
75	108-05-4
75	108-07-6
75	108-08-7
75	108-10-1
75	108-16-7
75	108-18-9
75	108-21-4
75	108-24-7
75	108-30-5
75	108-31-6
75	108-32-7
75	108-38-3
75	108-39-4
75	108-42-9
75	108-44-1
75	108-45-2
75	108-46-3
75	108-62-3
75	108-67-8
75	108-68-9
75	108-69-0
75	108-71-4
75	108-73-6
75	108-77-0
75	108-78-1
75	108-86-1
75	108-87-2
75	108-88-3
75	108-89-4
75	108-90-7
75	108-91-8
75	108-93-0
75	108-95-2
75	1080-16-6
75	108066-98-4
75	108114-39-2
75	108137-02-6
75	108137-10-6
75	1081536-14-2
75	108171-69-3
75	108173-90-6
75	1081805-58-4
75	1081843-15-3
75	1082-56-0
75	1082-57-1
75	108225-03-2
75	108251-59-8
75	108251-60-1
75	1082606-32-3
75	1082707-84-3
75	1082736-74-0
75	1083-82-5
75	108300-90-9
75	108350-80-7
75	108374-34-1
75	108424-14-2
75	108424-15-3
75	108424-16-4
75	108424-60-8
75	108424-61-9
75	108424-99-3
75	108425-00-9
75	108486-13-1
75	1085-98-9
75	108556-05-4
75	108563-17-3
75	108600-27-7
75	108608-60-2
75	1086196-04-4
75	108624-00-6
75	1086269-49-9
75	108650-10-8
75	108673-51-4
75	108706-30-5
75	108706-31-6
75	108728-21-8
75	108736-71-6
75	108772-05-0
75	1087723-67-8
75	1088-11-5
75	108801-46-3
75	108801-47-4
75	108821-70-1
75	108821-71-2
75	108821-72-3
75	108821-73-4
75	108821-74-5
75	108821-75-6
75	108825-27-0
75	108827-18-5
75	1088355-13-8
75	108855-42-1
75	108855-43-2
75	1089713-15-4
75	108987-70-8
75	109-06-8
75	109-16-0
75	109-50-2
75	109-52-4
75	109-55-7
75	109-59-1
75	109-60-4
75	109-61-5
75	109-62-6
75	109-66-0
75	109-73-9
75	109-77-3
75	109-83-1
75	109-86-4
75	109-89-7
75	109-94-4
75	109-99-9
75	109037-74-3
75	109037-75-4
75	109037-78-7
75	109125-56-6
75	109128-19-0
75	109202-58-6
75	1092379-04-8
75	109265-67-0
75	109278-08-2
75	109278-09-3
75	109278-10-6
75	109319-61-1
75	109339-79-9
75	109339-80-2
75	109351-74-8
75	1093852-36-8
75	1094749-54-8
75	109587-16-8
75	109587-17-9
75	109630-52-6
75	1096473-97-0
75	109675-77-6
75	109678-33-3
75	109702-19-4
75	109704-87-2
75	109707-90-6
75	1097640-73-7
75	1097640-76-0
75	109766-33-8
75	109766-35-0
75	109766-76-9
75	109766-95-2
75	109767-80-8
75	109877-61-4
75	109882-46-4
75	109882-46-4
75	109887-53-8
75	1099648-86-8
75	110-00-9
75	110-01-0
75	110-05-4
75	110-16-7
75	110-17-8
75	110-18-9
75	110-45-2
75	110-46-3
75	110-49-6
75	110-54-3
75	110-57-6
75	110-61-2
75	110-65-6
75	110-69-0
75	110-71-4
75	110-74-7
75	110-80-5
75	110-82-7
75	110-85-0
75	110-88-3
75	110-89-4
75	110-91-8
75	110-97-4
75	11003-38-6
75	11004-49-2
75	11005-63-3
75	110069-11-9
75	1101132-67-5
75	110158-22-0
75	110235-47-7
75	11024-20-7
75	110260-50-9
75	11029-12-2
75	1103-38-4
75	110342-67-1
75	110392-54-6
75	110392-55-7
75	110441-65-1
75	110444-90-1
75	110464-12-5
75	110488-70-5
75	110541-80-5
75	110602-77-2
75	110603-58-2
75	110603-60-6
75	110608-37-2
75	110616-89-2
75	110617-56-6
75	11062-30-9
75	110620-89-8
75	11063-58-4
75	110648-35-6
75	110659-93-3
75	11066-49-2
75	11067-80-4
75	110670-33-2
75	110670-65-0
75	110681-06-6
75	110687-39-3
75	110687-64-4
75	110687-68-8
75	1107-26-2
75	11070-05-6
75	11070-44-3
75	11071-15-1
75	110720-61-1
75	110736-41-9
75	110736-51-1
75	1107507-72-1
75	1107613-92-2
75	1107614-02-7
75	11078-22-1
75	110781-06-1
75	110781-07-2
75	110781-08-3
75	110781-18-5
75	110781-19-6
75	110789-63-4
75	110794-22-4
75	110799-28-5
75	1108196-61-7
75	11083-22-0
75	11083-41-3
75	110832-28-5
75	1108610-30-5
75	110866-35-8
75	110871-86-8
75	110877-64-0
75	11089-58-0
75	1109-11-1
75	11091-69-3
75	11092-02-7
75	11095-11-7
75	11095-17-3
75	110952-46-0
75	11096-21-2
75	11096-25-6
75	11096-33-6
75	11096-67-6
75	11096-76-7
75	11097-02-2
75	11097-11-3
75	11097-12-4
75	11097-56-6
75	11097-80-6
75	110972-89-9
75	11098-13-8
75	11098-40-1
75	11098-88-7
75	110987-60-5
75	11099-02-8
75	11099-03-9
75	111-12-6
75	111-14-8
75	111-15-9
75	111-30-8
75	111-40-0
75	111-41-1
75	111-42-2
75	111-44-4
75	111-46-6
75	111-48-8
75	111-65-9
75	111-76-2
75	111-77-3
75	111-86-4
75	111-92-2
75	111-96-6
75	11100-23-5
75	11103-67-6
75	11103-86-9
75	11105-03-6
75	11105-16-1
75	111058-26-5
75	111079-49-3
75	11108-04-6
75	11108-41-1
75	11108-72-8
75	111083-78-4
75	111093-75-5
75	1111-71-3
75	1111-89-3
75	11110-52-4
75	11111-12-9
75	11111-13-0
75	11111-14-1
75	11111-26-5
75	11111-29-8
75	11111-31-2
75	11111-56-1
75	11111-91-4
75	11112-10-0
75	11112-63-3
75	11112-63-3
75	11113-50-1
75	11113-70-5
75	11113-73-8
75	11113-74-9
75	11113-75-0
75	11115-68-7
75	11115-74-5
75	11115-74-5
75	11115-99-4
75	11116-38-4
75	11116-83-9
75	11118-59-5
75	111189-32-3
75	111189-33-4
75	111189-34-5
75	11119-70-3
75	11120-22-2
75	11120-31-3
75	11120-48-2
75	11121-00-9
75	11121-16-7
75	11121-19-0
75	11121-31-6
75	111214-56-3
75	111242-84-3
75	111242-85-4
75	11125-23-8
75	11126-36-6
75	11126-72-0
75	11126-78-6
75	11126-79-7
75	111274-79-4
75	11128-98-6
75	11129-09-2
75	11129-14-9
75	11129-15-0
75	11129-83-2
75	11129-84-3
75	11129-85-4
75	11129-86-5
75	111298-82-9
75	1113-78-6
75	11130-11-3
75	11130-12-4
75	11130-12-4
75	11130-13-5
75	11130-47-5
75	11130-60-2
75	11132-10-8
75	11133-88-3
75	11133-98-5
75	111337-53-2
75	111341-24-3
75	111366-44-0
75	111366-64-4
75	111369-71-2
75	111369-72-3
75	11138-11-7
75	11138-24-2
75	11138-47-9
75	11138-63-9
75	111381-82-9
75	11139-84-7
75	11141-20-1
75	111419-46-6
75	11142-43-1
75	111439-76-0
75	11146-73-9
75	1114797-08-8
75	111487-88-8
75	111487-93-5
75	111517-59-0
75	111522-94-2
75	111536-63-1
75	111565-20-9
75	111568-26-4
75	1115688-11-3
75	1116-39-8
75	1116-54-7
75	1116-61-6
75	1116-70-7
75	1116-73-0
75	111634-12-9
75	111681-72-2
75	1117-37-9
75	1117-41-5
75	111728-58-6
75	111776-55-7
75	111821-21-7
75	111821-78-4
75	111835-66-6
75	111850-24-9
75	111886-17-0
75	111897-22-4
75	111897-24-6
75	111906-29-7
75	111922-61-3
75	111940-93-3
75	111969-64-3
75	111988-49-9
75	112-05-0
75	112-20-9
75	112-24-3
75	112-25-4
75	112-34-5
75	112-49-2
75	112-52-7
75	112-57-2
75	112-59-4
75	112-90-3
75	1120-46-3
75	1120-71-4
75	112002-50-3
75	112006-75-4
75	112050-17-6
75	112068-71-0
75	112070-47-0
75	112073-63-9
75	112084-17-0
75	112099-35-1
75	112099-83-9
75	112131-82-5
75	112131-87-0
75	112180-94-6
75	112186-06-8
75	112193-77-8
75	112195-27-4
75	112226-61-6
75	112242-83-8
75	112243-78-4
75	1122573-46-9
75	112281-77-3
75	112285-95-7
75	112285-95-7
75	112288-03-6
75	1123-63-3
75	1123-91-7
75	112307-73-0
75	1123533-24-3
75	1123596-58-6
75	1124-04-5
75	1124-06-7
75	1124-09-0
75	1124-18-1
75	112415-59-5
75	112498-94-9
75	112498-95-0
75	112498-96-1
75	112498-97-2
75	1126-48-3
75	112704-51-5
75	112772-13-1
75	112811-59-3
75	112813-65-7
75	112941-26-1
75	112961-06-5
75	112965-42-1
75	1129867-34-0
75	113-07-5
75	113-45-1
75	113-59-7
75	113066-89-0
75	113096-99-4
75	113128-07-7
75	113170-04-0
75	113184-20-6
75	1132-39-4
75	1132-95-2
75	113229-01-9
75	113229-01-9
75	113252-64-5
75	113255-32-6
75	113277-73-9
75	113329-64-9
75	113359-04-9
75	1134-94-7
75	1134189-44-8
75	113515-10-9
75	1135441-11-0
75	1135441-25-6
75	1135441-26-7
75	1135442-57-7
75	1135442-68-0
75	1135442-80-6
75	1135442-81-7
75	1135442-86-2
75	1135443-06-9
75	1135443-08-1
75	1135443-10-5
75	1135443-22-9
75	1135443-40-1
75	1135443-45-6
75	1135443-48-9
75	1135443-53-6
75	1135443-55-8
75	1135443-66-1
75	1135443-67-2
75	1135443-72-9
75	1135443-73-0
75	1135443-74-1
75	113553-55-2
75	113553-75-6
75	113584-74-0
75	113601-31-3
75	1136534-55-8
75	113674-04-7
75	113674-95-6
75	113694-52-3
75	113715-25-6
75	113715-27-8
75	113722-57-9
75	113723-03-8
75	1137599-96-2
75	113779-16-1
75	113783-48-5
75	113835-49-7
75	1138454-45-1
75	113876-86-1
75	113919-96-3
75	113919-97-4
75	113919-98-5
75	113920-24-4
75	113932-85-7
75	113959-74-3
75	113962-65-5
75	113962-66-6
75	113963-87-4
75	114-07-8
75	114-49-8
75	114-80-7
75	114012-65-6
75	114013-37-5
75	114057-15-7
75	114087-41-1
75	114087-42-2
75	114119-97-0
75	114168-16-0
75	1141787-00-9
75	1142-64-9
75	114213-96-6
75	114311-32-9
75	114316-51-7
75	114341-88-7
75	114453-69-9
75	114466-53-4
75	114565-65-0
75	114565-66-1
75	114565-70-7
75	1146-65-2
75	1146-95-8
75	114601-64-8
75	114654-29-4
75	114663-84-2
75	114680-00-1
75	114680-61-4
75	1146982-11-7
75	1147-98-4
75	114755-61-2
75	114756-91-1
75	114760-49-5
75	114765-88-7
75	114772-40-6
75	114793-33-8
75	1148146-08-0
75	114824-20-3
75	114830-97-6
75	114975-29-0
75	115-07-1
75	115-09-3
75	115-19-5
75	115-27-5
75	115-32-2
75	115-38-8
75	115-43-5
75	115-46-8
75	115-78-6
75	115-79-7
75	115-96-8
75	115028-55-2
75	115035-41-1
75	115099-55-3
75	115133-45-4
75	1151794-16-9
75	1151915-97-7
75	1151978-80-1
75	115218-70-7
75	115233-24-4
75	115254-44-9
75	115284-42-9
75	1153-05-5
75	1153-06-6
75	115372-65-1
75	1153953-92-4
75	1154-59-2
75	115449-98-4
75	115469-15-3
75	1154866-91-7
75	115493-57-7
75	115493-57-7
75	115509-55-2
75	1155174-27-8
75	115567-56-1
75	1155875-94-7
75	1156492-00-0
75	1156543-55-3
75	1156543-56-4
75	115662-06-1
75	115701-70-7
75	115747-36-9
75	115747-37-0
75	115747-38-1
75	115747-39-2
75	115747-40-5
75	115747-41-6
75	115747-42-7
75	115747-43-8
75	115747-44-9
75	115747-45-0
75	115747-46-1
75	115747-47-2
75	115747-48-3
75	115747-49-4
75	115747-50-7
75	115747-51-8
75	115747-52-9
75	115747-53-0
75	115747-54-1
75	115747-55-2
75	115747-56-3
75	115747-57-4
75	115747-58-5
75	115747-59-6
75	115747-60-9
75	115747-61-0
75	115747-62-1
75	115747-63-2
75	115747-64-3
75	115747-65-4
75	115747-66-5
75	115747-67-6
75	115747-68-7
75	115747-69-8
75	115747-70-1
75	115747-71-2
75	115747-72-3
75	115747-73-4
75	115747-74-5
75	115747-75-6
75	115747-76-7
75	115747-77-8
75	115747-78-9
75	115747-79-0
75	115747-80-3
75	115747-81-4
75	115747-82-5
75	115747-83-6
75	115747-84-7
75	115747-85-8
75	115747-86-9
75	115747-87-0
75	115747-88-1
75	115747-89-2
75	115747-90-5
75	115747-91-6
75	115747-92-7
75	115747-93-8
75	115791-73-6
75	115791-74-7
75	115791-75-8
75	1158234-15-1
75	1158237-02-5
75	115850-69-6
75	1158650-40-8
75	115866-07-4
75	115887-05-3
75	115902-32-4
75	115937-89-8
75	115976-57-3
75	115976-60-8
75	115993-13-0
75	116-14-3
75	116-32-5
75	116-49-4
75	116-66-5
75	116-85-8
75	116-99-4
75	116010-52-7
75	116044-44-1
75	116065-96-4
75	116065-96-4
75	116082-38-3
75	116086-43-2
75	116099-09-3
75	116099-09-3
75	1161074-30-1
75	116117-03-4
75	116117-65-8
75	116134-09-9
75	1161430-81-4
75	116161-20-7
75	116193-72-7
75	1162-06-7
75	116230-20-7
75	116256-11-2
75	1162648-93-2
75	116283-46-6
75	116313-85-0
75	1163250-22-3
75	116335-81-0
75	116340-05-7
75	116391-72-1
75	116397-45-6
75	116421-26-2
75	116421-29-5
75	116443-03-9
75	116468-99-6
75	116473-38-2
75	116473-38-2
75	116499-75-3
75	116502-43-3
75	116502-45-5
75	116503-44-7
75	116565-73-2
75	116565-73-2
75	116565-74-3
75	116565-74-3
75	116573-18-3
75	1166-46-7
75	1166-52-5
75	116666-25-2
75	116675-43-5
75	116680-95-6
75	116708-31-7
75	116723-39-8
75	116723-72-9
75	116728-44-0
75	116739-98-1
75	1167574-49-3
75	116788-82-0
75	116788-85-3
75	116788-91-1
75	116804-25-2
75	116810-46-9
75	116812-56-7
75	116844-92-9
75	116853-25-9
75	116854-17-2
75	116889-78-2
75	116920-59-3
75	117-08-8
75	117-18-0
75	117-80-6
75	117-81-7
75	117-82-8
75	117011-47-9
75	117079-82-0
75	117101-65-2
75	117167-50-7
75	1171949-49-7
75	117209-34-4
75	117216-90-7
75	117276-22-9
75	1172849-57-8
75	1173011-33-0
75	1173011-41-0
75	1173018-35-3
75	1173021-20-9
75	1173023-23-8
75	1173023-73-8
75	1173023-83-0
75	1173151-60-4
75	1173373-14-2
75	117342-25-3
75	117413-19-1
75	117440-50-3
75	117449-21-5
75	117449-22-6
75	1174502-54-5
75	1174554-58-5
75	117467-28-4
75	1174917-56-6
75	117552-81-5
75	117563-66-3
75	117715-57-8
75	117726-80-4
75	117726-81-5
75	117726-82-6
75	117726-83-7
75	117726-84-8
75	117740-28-0
75	117742-91-3
75	117746-50-6
75	117753-51-2
75	117827-06-2
75	1178564-64-1
75	117907-42-3
75	117907-43-4
75	117912-89-7
75	117912-90-0
75	117912-91-1
75	117925-64-1
75	1179540-68-1
75	117955-24-5
75	117955-36-9
75	117964-21-3
75	117989-71-6
75	118-08-1
75	118-48-9
75	118-58-1
75	118-74-1
75	118-75-2
75	118058-74-5
75	118064-75-8
75	118134-30-8
75	118208-02-9
75	118232-59-0
75	118277-31-9
75	1183-35-3
75	118340-04-8
75	118340-36-6
75	118340-36-6
75	1184-57-2
75	1184-66-3
75	1184304-91-3
75	118478-84-5
75	118480-78-7
75	1184921-46-7
75	1185242-62-9
75	118556-91-5
75	118574-16-6
75	118574-16-6
75	118578-11-3
75	118578-14-6
75	1186-52-3
75	118612-00-3
75	1186126-93-1
75	1186126-94-2
75	1186130-36-8
75	1186289-22-4
75	1186289-23-5
75	1186514-28-2
75	118658-98-3
75	118658-99-4
75	1186622-07-0
75	118685-33-9
75	118685-34-0
75	1187-56-0
75	1187028-37-0
75	118712-89-3
75	118725-24-9
75	118731-67-2
75	1187322-61-7
75	1187680-46-1
75	118772-35-3
75	118800-27-4
75	118817-23-5
75	1189-66-8
75	1189-85-1
75	1189096-76-1
75	1189141-72-7
75	1189246-68-1
75	1189330-51-5
75	118939-68-7
75	1189565-70-5
75	118963-17-0
75	118980-02-2
75	1189942-43-5
75	119-05-1
75	119-07-3
75	119-33-5
75	119-34-6
75	119-36-8
75	119-47-1
75	119-61-9
75	119-64-2
75	119-84-6
75	119-90-4
75	119-93-7
75	119-96-0
75	119000-35-0
75	119000-37-2
75	119000-39-4
75	119000-41-8
75	119000-43-0
75	1190126-34-1
75	1190235-62-1
75	1190407-73-8
75	1190729-68-0
75	1190921-64-2
75	1191-15-7
75	1191-18-0
75	1191-47-5
75	1191-79-3
75	1191-79-3
75	1191-80-6
75	119123-34-1
75	119123-35-2
75	119123-36-3
75	119143-30-5
75	119154-86-8
75	119168-77-3
75	119170-41-1
75	1192-70-7
75	1192-89-8
75	119222-01-4
75	1192411-43-0
75	1192555-95-5
75	1192824-22-8
75	1192843-75-6
75	119299-10-4
75	1193-80-2
75	119313-12-1
75	119314-18-0
75	119314-22-6
75	119328-39-1
75	119344-86-4
75	119354-96-0
75	119371-24-3
75	119415-07-5
75	119427-28-0
75	1194406-52-4
75	119446-68-3
75	119462-56-5
75	1194719-36-2
75	119478-56-7
75	119518-37-5
75	1195340-33-0
75	1195388-85-2
75	119540-51-1
75	119543-59-8
75	119543-61-2
75	119543-62-3
75	119543-63-4
75	119543-64-5
75	1195511-56-8
75	1195511-66-0
75	1195521-13-1
75	1195623-19-8
75	119569-79-8
75	119603-94-0
75	119617-22-0
75	119630-46-5
75	119684-24-1
75	119684-28-5
75	1196968-39-4
75	1197-16-6
75	1197-21-3
75	119738-06-6
75	119775-09-6
75	119775-10-9
75	1197872-06-2
75	119801-45-5
75	1198090-46-8
75	1198293-68-3
75	119914-60-2
75	1199553-62-2
75	1199811-14-7
75	119990-11-3
75	1199921-30-6
75	120-12-7
75	120-32-1
75	120-36-5
75	120-39-8
75	120-71-8
75	120-78-5
75	120-80-9
75	120-82-1
75	120-83-2
75	120-92-3
75	12000-34-9
75	12000-49-6
75	12000-52-1
75	12000-58-7
75	12000-59-8
75	12000-64-5
75	12000-69-0
75	12000-93-0
75	12001-20-6
75	12001-28-4
75	12001-29-5
75	12001-34-2
75	12001-86-4
75	12001-99-9
75	12002-03-8
75	12002-17-4
75	12002-19-6
75	12002-67-4
75	12002-86-7
75	12002-99-2
75	120023-42-9
75	12004-04-5
75	12004-05-6
75	12004-35-2
75	12004-83-0
75	1200437-05-3
75	12005-69-5
75	12005-70-8
75	12005-75-3
75	12005-81-1
75	12005-86-6
75	12005-88-8
75	12005-89-9
75	12005-92-4
75	12005-94-6
75	12005-95-7
75	12005-96-8
75	12005-99-1
75	12006-05-2
75	12006-06-3
75	12006-08-5
75	12006-09-6
75	12006-09-6
75	12006-10-9
75	12006-12-1
75	12006-15-4
75	12006-15-4
75	12006-21-2
75	12006-40-5
75	12007-00-0
75	12007-01-1
75	12007-02-2
75	12007-16-8
75	12008-41-2
75	1200828-44-9
75	120086-58-0
75	12009-14-2
75	12009-17-5
75	12009-18-6
75	12009-21-1
75	12009-21-1
75	12009-36-8
75	12009-36-8
75	12009-99-3
75	120092-57-1
75	12010-12-7
75	120119-64-4
75	120126-85-4
75	12013-47-7
75	12013-57-9
75	12013-69-3
75	120138-50-3
75	12014-14-1
75	12014-28-7
75	12014-29-8
75	12014-29-8
75	12014-33-4
75	12014-33-4
75	12014-94-7
75	12014-97-0
75	120144-37-8
75	120146-74-9
75	120148-08-5
75	120148-08-5
75	120149-75-9
75	120149-75-9
75	120149-76-0
75	120149-76-0
75	12015-14-4
75	12017-13-9
75	12017-86-6
75	12017-86-6
75	12018-07-4
75	12018-09-6
75	12018-32-5
75	12018-68-7
75	12018-83-6
75	12018-95-0
75	12018-96-1
75	120187-29-3
75	12019-23-7
75	12019-52-2
75	12019-92-0
75	1202-36-4
75	12020-04-1
75	12020-24-5
75	12020-38-1
75	12020-39-2
75	12020-66-5
75	12020-69-8
75	12020-82-5
75	12021-95-3
75	12022-92-3
75	12022-93-4
75	12023-03-9
75	12023-45-9
75	12023-90-4
75	12024-11-2
75	12024-14-5
75	12024-24-7
75	12024-27-0
75	12024-80-5
75	12024-90-7
75	1202470-88-9
75	12025-39-7
75	12026-06-1
75	12027-83-7
75	1202805-17-1
75	1202863-56-6
75	1202864-64-9
75	1202864-86-5
75	1202864-94-5
75	1202864-97-8
75	1202865-35-7
75	12029-23-1
75	12029-86-6
75	12029-87-7
75	1202965-59-0
75	120298-38-6
75	12030-98-7
75	120307-06-4
75	12031-08-2
75	12031-51-5
75	12031-53-7
75	12031-65-1
75	12031-83-3
75	12032-10-9
75	12032-31-4
75	12032-44-9
75	12032-82-5
75	12032-88-1
75	12032-89-2
75	12032-97-2
75	12033-59-9
75	120334-15-8
75	12034-30-9
75	12034-39-8
75	12034-41-2
75	12034-75-2
75	12034-77-4
75	12034-83-2
75	12034-88-7
75	12035-01-7
75	12035-23-3
75	12035-33-5
75	12035-35-7
75	12035-36-8
75	12035-38-0
75	12035-39-1
75	12035-52-8
75	12035-53-9
75	12035-64-2
75	12035-71-1
75	12035-72-2
75	1203557-88-3
75	1203558-43-3
75	12036-01-0
75	12036-23-6
75	12036-31-6
75	12036-39-4
75	12036-46-3
75	12036-70-3
75	12036-76-9
75	12036-87-2
75	12036-93-0
75	12037-72-8
75	12037-90-0
75	12038-08-3
75	12038-12-9
75	12038-22-1
75	12038-62-9
75	12038-64-1
75	12038-99-2
75	12039-15-5
75	12039-17-7
75	12039-31-5
75	12039-33-7
75	12039-34-8
75	12039-35-9
75	12039-36-0
75	12039-37-1
75	12039-37-1
75	12039-38-2
75	12039-39-3
75	12039-40-6
75	12039-41-7
75	12039-42-8
75	12039-51-9
75	12039-52-0
75	12039-52-0
75	12039-53-1
75	12039-54-2
75	12039-55-3
75	12039-90-6
75	12039-97-3
75	12040-02-7
75	12040-08-3
75	12040-11-8
75	12040-12-9
75	12040-12-9
75	12040-13-0
75	12040-13-0
75	12040-16-3
75	12040-16-3
75	12040-45-8
75	12040-72-1
75	12041-73-5
75	120415-48-7
75	120418-32-8
75	12042-02-3
75	1204229-13-9
75	12043-29-7
75	12044-16-5
75	12044-20-1
75	12044-21-2
75	12044-22-3
75	12044-25-6
75	12044-28-9
75	12044-30-3
75	12044-31-4
75	12044-32-5
75	12044-42-7
75	12044-49-4
75	12044-50-7
75	12044-50-7
75	12044-52-9
75	12044-54-1
75	12044-54-1
75	12044-55-2
75	12044-57-4
75	12044-65-4
75	12044-79-0
75	12044-88-1
75	120447-91-8
75	12045-28-2
75	12045-29-3
75	12045-54-4
75	12045-64-6
75	12046-91-2
75	1204612-62-3
75	12047-11-9
75	12047-27-7
75	12047-34-6
75	1204746-08-6
75	12048-28-1
75	12048-36-1
75	12048-52-1
75	1204812-53-2
75	1205-17-0
75	12050-65-6
75	12050-79-2
75	12050-87-2
75	12052-42-5
75	12052-43-6
75	120528-25-8
75	12053-12-2
75	12053-13-3
75	12053-39-3
75	12054-10-3
75	12054-21-6
75	12054-25-0
75	12054-48-7
75	12055-37-7
75	12055-65-1
75	1205547-89-2
75	12056-07-4
75	12056-11-0
75	12056-51-8
75	1205638-49-8
75	12057-10-2
75	12057-30-6
75	12057-75-9
75	120579-55-7
75	12058-18-3
75	12058-20-7
75	12058-86-5
75	12059-14-2
75	12059-89-1
75	12060-00-3
75	12060-01-4
75	12060-01-4
75	12060-19-4
75	120606-08-8
75	1206159-39-8
75	12064-03-8
75	12064-72-1
75	12065-10-0
75	12065-11-1
75	12065-68-8
75	12065-90-6
75	12066-81-8
75	12066-88-5
75	12067-00-4
75	12067-17-3
75	12067-31-1
75	12067-31-1
75	12067-35-5
75	12067-37-7
75	12067-38-8
75	12067-45-7
75	12067-46-8
75	12067-66-2
75	12067-75-3
75	12067-76-4
75	120674-92-2
75	12068-59-6
75	12068-61-0
75	12068-69-8
75	12068-80-3
75	12068-90-5
75	12068-90-5
75	12069-00-0
75	12069-00-0
75	12069-69-1
75	1207-99-4
75	12070-14-3
75	120797-43-5
75	1208234-88-1
75	120835-39-4
75	120835-40-7
75	120835-41-8
75	120835-42-9
75	120835-43-0
75	120835-44-1
75	120835-45-2
75	120835-46-3
75	120835-48-5
75	120835-49-6
75	120835-50-9
75	120835-51-0
75	120835-52-1
75	120835-53-2
75	120835-54-3
75	120835-55-4
75	120835-56-5
75	120835-57-6
75	120835-58-7
75	120835-60-1
75	120835-61-2
75	120835-62-3
75	120835-63-4
75	120835-64-5
75	120835-65-6
75	120835-66-7
75	120835-67-8
75	120835-68-9
75	120835-69-0
75	120835-70-3
75	120835-71-4
75	120835-72-5
75	120835-73-6
75	120835-74-7
75	120835-75-8
75	120835-76-9
75	120835-77-0
75	120835-78-1
75	120835-79-2
75	120835-80-5
75	120835-81-6
75	120835-82-7
75	120835-83-8
75	120835-85-0
75	120835-86-1
75	120835-87-2
75	120835-88-3
75	120835-89-4
75	120835-90-7
75	120835-91-8
75	120835-92-9
75	120835-93-0
75	120835-94-1
75	120835-95-2
75	120835-96-3
75	120835-97-4
75	120835-98-5
75	120835-99-6
75	120836-00-2
75	120836-01-3
75	120836-02-4
75	120836-03-5
75	120836-04-6
75	120836-05-7
75	120836-06-8
75	120836-11-5
75	120836-12-6
75	120836-13-7
75	120836-14-8
75	120836-16-0
75	120836-17-1
75	120836-18-2
75	12084-29-6
75	120858-00-6
75	120859-32-7
75	120864-21-3
75	120864-22-4
75	120864-23-5
75	120864-24-6
75	120883-94-5
75	120893-78-9
75	1209-98-9
75	12091-08-6
75	12095-09-9
75	120968-17-4
75	121-14-2
75	121-19-7
75	121-43-7
75	121-44-8
75	121-50-6
75	121-57-3
75	121-59-5
75	121-69-7
75	121-75-5
75	121-79-9
75	121-88-0
75	121029-07-0
75	121029-08-1
75	121054-00-0
75	121067-62-7
75	121072-42-2
75	12109-71-6
75	1210992-56-5
75	12110-39-3
75	1211266-59-9
75	12113-04-1
75	1211316-62-9
75	1211316-64-1
75	1211316-67-4
75	121150-61-6
75	121158-58-5
75	121159-18-0
75	121181-85-9
75	1212-72-2
75	121216-78-2
75	12122-67-7
75	121239-75-6
75	12124-87-7
75	12124-89-9
75	12124-97-9
75	121246-28-4
75	12125-01-8
75	12125-02-9
75	12125-33-6
75	12125-47-2
75	12125-58-5
75	12125-63-2
75	121266-93-1
75	121273-37-8
75	121287-35-2
75	121315-16-0
75	1213224-27-1
75	12135-36-3
75	12135-77-2
75	12136-15-1
75	12136-59-3
75	12136-60-6
75	12137-08-5
75	12137-12-1
75	12137-13-2
75	12137-74-5
75	12137-76-7
75	12138-21-5
75	12138-26-0
75	12138-37-3
75	121382-27-2
75	12139-22-9
75	12139-23-0
75	12139-23-0
75	12141-20-7
75	12141-67-2
75	12142-40-4
75	12142-69-7
75	12142-88-0
75	12142-92-6
75	12143-43-0
75	121448-83-7
75	12145-90-3
75	121451-05-6
75	12148-49-1
75	121484-13-7
75	121499-75-0
75	121509-79-3
75	121511-05-5
75	121518-45-4
75	121526-88-3
75	121527-65-9
75	121543-39-3
75	121543-62-2
75	121543-86-0
75	121547-73-7
75	121552-61-2
75	12157-70-9
75	12157-80-1
75	12157-94-7
75	121575-60-8
75	12158-58-6
75	12159-43-2
75	12160-12-2
75	12160-22-4
75	12160-44-0
75	12160-99-5
75	12161-08-9
75	12161-82-9
75	12162-21-9
75	12162-60-6
75	121620-46-0
75	121620-47-1
75	121620-48-2
75	121626-73-1
75	12163-21-2
75	12163-22-3
75	121630-48-6
75	12166-11-9
75	12166-36-8
75	12166-38-0
75	12166-39-1
75	12166-43-7
75	12166-44-8
75	12166-47-1
75	12166-47-1
75	12166-69-7
75	12166-71-1
75	12167-20-3
75	121707-90-2
75	1217187-52-4
75	12172-67-7
75	12172-67-7
75	12172-73-5
75	1217267-31-6
75	121754-49-2
75	12179-04-3
75	1218-35-5
75	12182-69-3
75	12182-82-0
75	12183-96-9
75	12185-10-3
75	12185-56-7
75	12185-64-7
75	12186-84-4
75	12186-97-9
75	12187-02-9
75	12187-14-3
75	12187-20-1
75	12187-84-7
75	121889-80-3
75	121889-90-5
75	12191-06-9
75	12191-17-2
75	12192-57-3
75	12194-11-5
75	121944-29-4
75	1219456-34-4
75	12196-60-0
75	121978-90-3
75	122-09-8
75	122-20-3
75	122-34-9
75	122-39-4
75	122-56-5
75	122-57-6
75	122-60-1
75	122-64-5
75	122-66-7
75	122-99-6
75	1220-94-6
75	12200-64-5
75	12201-48-8
75	12201-85-3
75	12201-89-7
75	1220110-47-3
75	1220112-85-5
75	122012-52-6
75	12202-17-4
75	1220287-86-4
75	1220313-65-4
75	122035-71-6
75	12205-72-0
75	12207-20-4
75	122070-78-4
75	122070-79-5
75	122070-80-8
75	12208-13-8
75	12210-70-7
75	12210-98-9
75	12211-03-9
75	12211-28-8
75	12211-52-8
75	1221168-60-0
75	12213-61-5
75	12213-70-6
75	12213-70-6
75	12214-12-9
75	12214-12-9
75	12214-45-8
75	122141-73-5
75	122147-77-7
75	122147-78-8
75	122162-56-5
75	122163-00-2
75	12217-43-5
75	12217-81-1
75	12217-94-6
75	122177-25-7
75	12219-01-1
75	122199-14-8
75	12220-24-5
75	12221-03-3
75	12221-52-2
75	12221-69-1
75	12222-75-2
75	12223-01-7
75	12223-17-5
75	12223-28-8
75	12223-33-5
75	12223-76-6
75	12224-95-2
75	12225-00-2
75	12225-01-3
75	12225-10-4
75	12225-12-6
75	12225-18-2
75	12225-25-1
75	122252-11-3
75	12226-75-4
75	12227-01-9
75	12227-76-8
75	12227-78-0
75	12227-81-5
75	12227-87-1
75	12227-89-3
75	12227-90-6
75	12227-91-7
75	12228-40-9
75	12231-18-4
75	12231-98-0
75	12232-25-6
75	12232-25-6
75	12232-27-8
75	12232-27-8
75	12232-67-6
75	122332-23-4
75	122333-48-6
75	12236-00-9
75	12236-56-5
75	12236-61-2
75	12236-63-4
75	12236-73-6
75	122361-60-8
75	12237-52-4
75	12237-58-0
75	12237-70-6
75	12237-71-7
75	12237-77-3
75	122371-93-1
75	12238-26-5
75	12238-39-0
75	12238-41-4
75	12238-43-6
75	12238-48-1
75	12238-70-9
75	12238-81-2
75	122384-77-4
75	122384-78-5
75	12240-01-6
75	12240-02-7
75	12240-11-8
75	12240-15-2
75	12244-57-4
75	122466-83-5
75	122485-51-2
75	12251-19-3
75	12254-85-2
75	12254-88-5
75	12254-95-4
75	12255-04-8
75	12255-08-2
75	12255-09-3
75	12255-10-6
75	12255-11-7
75	12255-36-6
75	12255-36-6
75	12255-39-9
75	12255-48-0
75	12255-50-4
75	12255-53-7
75	12255-80-0
75	12256-04-1
75	12256-33-6
75	122564-98-1
75	12257-99-7
75	122572-70-7
75	122572-71-8
75	122582-67-6
75	12259-21-1
75	12259-56-2
75	12259-92-6
75	12260-55-8
75	12261-94-8
75	122619-87-8
75	12262-09-8
75	12262-11-2
75	12262-49-6
75	12262-50-9
75	12262-56-5
75	12262-58-7
75	12262-73-6
75	12266-10-3
75	12266-38-5
75	12266-38-5
75	122665-86-5
75	122666-97-1
75	122667-23-6
75	12267-73-1
75	122677-68-3
75	12268-84-7
75	1226906-55-3
75	12270-13-2
75	1227055-55-1
75	12271-72-6
75	1227263-18-4
75	1227277-87-3
75	12274-42-9
75	1227476-28-9
75	12275-07-9
75	122759-59-5
75	122760-84-3
75	122760-85-4
75	122764-64-1
75	122775-19-3
75	122785-80-2
75	12279-90-2
75	1227908-26-0
75	1227947-10-5
75	12280-03-4
75	1228284-64-7
75	122841-10-5
75	1228454-65-6
75	12286-37-2
75	1228661-69-5
75	1228663-53-3
75	122886-55-9
75	1228929-27-8
75	1229-55-6
75	1229022-62-1
75	122907-77-1
75	12291-87-1
75	1229193-78-5
75	12292-07-8
75	12294-12-1
75	122961-15-3
75	122961-18-6
75	122965-43-9
75	12298-67-8
75	122984-76-3
75	12299-33-1
75	12299-34-2
75	12299-51-3
75	12299-73-9
75	12299-98-8
75	1229972-04-6
75	123-30-8
75	123-31-9
75	123-38-6
75	123-39-7
75	123-42-2
75	123-62-6
75	123-73-9
75	123-82-0
75	123-88-6
75	123-91-1
75	12310-22-4
75	123121-12-0
75	123133-86-8
75	123133-87-9
75	12314-11-3
75	123174-48-1
75	12322-79-1
75	12322-85-9
75	12323-03-4
75	12323-05-6
75	12323-20-5
75	12323-25-0
75	12323-26-1
75	12323-32-9
75	123233-05-6
75	12324-05-9
75	12324-08-2
75	12325-74-5
75	12325-75-6
75	123266-76-2
75	12328-03-9
75	12328-53-9
75	123289-26-9
75	123312-54-9
75	123312-89-0
75	12333-35-6
75	12333-57-2
75	12333-97-0
75	123333-54-0
75	123333-54-0
75	123333-56-2
75	123333-66-4
75	12339-09-2
75	12339-41-2
75	12339-97-8
75	12340-34-0
75	123402-86-8
75	123410-24-2
75	123439-82-7
75	12344-40-0
75	12344-68-2
75	12345-15-2
75	123457-64-7
75	123468-24-6
75	12351-98-3
75	123517-16-8
75	123517-41-9
75	123517-46-4
75	1235442-19-9
75	12355-85-0
75	123551-50-8
75	12356-42-2
75	123565-63-9
75	123574-67-4
75	12359-48-7
75	123599-82-6
75	1236042-79-7
75	12361-66-9
75	1236143-41-1
75	1236181-93-3
75	123627-59-8
75	123627-60-1
75	123627-61-2
75	123627-62-3
75	123627-63-4
75	12367-52-1
75	123683-33-0
75	12370-62-6
75	12372-45-1
75	12372-51-9
75	123720-03-6
75	123748-85-6
75	12377-69-4
75	123773-48-8
75	123780-41-6
75	12379-54-3
75	123795-83-5
75	12380-95-9
75	123807-71-6
75	1238174-19-0
75	1239-45-8
75	12392-58-4
75	123937-38-2
75	123937-46-2
75	123939-44-6
75	12396-77-9
75	12396-99-5
75	12397-06-7
75	12397-16-9
75	12397-39-6
75	123991-13-9
75	1239977-99-1
75	124-01-6
75	124-04-9
75	124-07-2
75	124-08-3
75	124-09-4
75	124-22-1
75	124-30-1
75	124-40-3
75	124-41-4
75	124-58-3
75	124-65-2
75	124-68-5
75	124-82-3
75	124-87-8
75	12400-16-7
75	12400-33-8
75	12400-33-8
75	1240017-47-3
75	12403-82-6
75	124058-74-8
75	124088-59-1
75	12409-02-8
75	124108-56-1
75	12412-21-4
75	12412-22-5
75	12412-52-1
75	12412-92-9
75	12412-94-1
75	12413-45-5
75	124136-47-6
75	12417-99-1
75	124172-53-8
75	124205-86-3
75	1242163-02-5
75	1242163-03-6
75	124222-18-0
75	12423-58-4
75	12426-98-1
75	124260-75-9
75	12427-38-2
75	12428-23-8
75	12429-94-6
75	1243-33-0
75	12430-73-8
75	12431-81-1
75	124319-53-5
75	12433-14-6
75	12433-50-0
75	12433-50-0
75	12434-10-5
75	12435-47-1
75	12437-29-5
75	12439-17-7
75	12440-49-2
75	12440-52-7
75	124411-50-3
75	12442-27-2
75	12447-40-4
75	124495-18-7
75	124537-30-0
75	124538-16-5
75	124584-00-5
75	124594-15-6
75	1245941-87-0
75	124605-82-9
75	124688-01-3
75	1246941-20-7
75	1247014-60-3
75	124719-24-0
75	124719-26-2
75	124737-31-1
75	124740-41-6
75	124751-15-1
75	124760-06-1
75	124765-79-3
75	124779-54-0
75	1248-18-6
75	124826-86-4
75	124942-19-4
75	124945-51-3
75	124961-52-0
75	125-40-6
75	125-64-4
75	125-71-3
75	125022-34-6
75	12503-49-0
75	12503-89-8
75	12503-98-9
75	12504-54-0
75	12504-55-1
75	12504-67-5
75	125046-23-3
75	125051-32-3
75	125054-47-9
75	125054-90-2
75	12507-68-5
75	125078-60-6
75	12508-72-4
75	12510-28-0
75	12510-42-8
75	125116-23-6
75	125147-87-7
75	12515-76-3
75	125166-24-7
75	12519-56-1
75	12519-85-6
75	125199-87-3
75	125224-62-6
75	125225-28-7
75	1252662-61-5
75	12527-08-1
75	12529-66-7
75	125328-49-6
75	125328-52-1
75	125328-86-1
75	12534-23-5
75	12535-04-5
75	12536-51-5
75	12536-52-6
75	1253646-32-0
75	12538-92-0
75	125380-32-7
75	125380-33-8
75	125396-67-0
75	125407-52-5
75	1254182-69-8
75	1254182-70-1
75	12542-35-7
75	125466-18-4
75	125471-97-8
75	125474-34-2
75	125494-56-6
75	125496-22-2
75	12550-17-3
75	12553-68-3
75	12557-88-9
75	1255734-28-1
75	125579-95-5
75	125622-42-6
75	125626-58-6
75	125634-26-6
75	125658-21-1
75	125662-42-2
75	125662-57-9
75	1256701-52-6
75	125671-35-4
75	1256778-77-4
75	125687-68-5
75	125687-98-1
75	125690-94-0
75	125692-96-8
75	125693-49-4
75	125694-36-2
75	1257076-06-4
75	1257422-90-4
75	125756-91-4
75	1257661-59-8
75	12578-12-0
75	125792-14-5
75	125794-71-0
75	125804-20-8
75	1258517-80-4
75	1258795-32-2
75	1258871-72-5
75	125888-87-1
75	12589-17-2
75	12589-46-7
75	125904-14-5
75	125904-15-6
75	125904-16-7
75	125913-22-6
75	125935-91-3
75	1259372-53-6
75	12594-53-5
75	125947-48-0
75	1259523-87-9
75	1259534-55-8
75	12597-17-0
75	12597-49-8
75	12597-49-8
75	125971-57-5
75	126-73-8
75	126-82-9
75	126-85-2
75	126-90-9
75	126-91-0
75	126-93-2
75	126-98-7
75	126-99-8
75	1260-17-9
75	1260119-00-3
75	1260158-01-7
75	126033-27-0
75	1260366-18-4
75	1260379-87-0
75	126038-89-9
75	12607-70-4
75	12608-25-2
75	12612-21-4
75	12612-47-4
75	12612-55-4
75	12619-69-1
75	12619-90-8
75	12622-72-9
75	12622-75-2
75	1262222-67-2
75	1262222-68-3
75	1262279-30-0
75	1262279-31-1
75	1262281-53-7
75	1262281-54-8
75	1262335-14-7
75	1262424-73-6
75	1262426-51-6
75	1262536-22-0
75	12626-20-9
75	12626-31-2
75	12626-31-2
75	12626-36-7
75	12626-36-7
75	12626-81-2
75	12626-81-2
75	12627-52-0
75	1262801-47-7
75	1263-89-4
75	12634-45-6
75	126371-14-0
75	126386-65-0
75	1264-07-9
75	1264-72-8
75	12640-29-8
75	12640-30-1
75	12640-42-5
75	12640-89-0
75	12640-90-3
75	12641-96-2
75	12642-91-0
75	126424-27-9
75	126424-28-0
75	126424-29-1
75	126424-33-7
75	126425-22-7
75	126425-23-8
75	12646-22-9
75	126460-15-9
75	126460-16-0
75	126460-19-3
75	126460-20-6
75	126492-54-4
75	12650-28-1
75	12650-35-0
75	12650-69-0
75	126505-90-6
75	126506-93-2
75	12651-21-7
75	12653-71-3
75	12653-76-8
75	126535-15-7
75	12655-04-8
75	12655-06-0
75	1265528-53-7
75	12656-50-7
75	12656-57-4
75	12656-57-4
75	12656-69-8
75	12656-85-8
75	1265631-68-2
75	126590-09-8
75	126602-78-6
75	126602-89-9
75	126605-73-0
75	1266121-34-9
75	126625-37-4
75	1266250-83-2
75	126637-70-5
75	126638-48-0
75	126639-29-0
75	126642-97-5
75	1266534-73-9
75	126699-69-2
75	12672-67-2
75	12673-58-4
75	12673-65-3
75	12673-72-2
75	12673-82-4
75	12673-86-8
75	126753-03-5
75	12676-23-2
75	12676-27-6
75	12676-46-9
75	12676-62-9
75	12676-62-9
75	126762-84-3
75	12677-13-3
75	12679-58-2
75	12680-07-8
75	12680-09-0
75	12680-48-7
75	12680-62-5
75	126803-19-8
75	126820-93-7
75	126820-94-8
75	126820-95-9
75	126820-96-0
75	126830-02-2
75	12684-10-5
75	12684-19-4
75	12684-28-5
75	12684-31-0
75	126845-69-0
75	1268472-42-9
75	12685-29-9
75	126851-15-8
75	126851-16-9
75	126851-24-9
75	126857-68-9
75	12687-42-2
75	12687-78-4
75	126872-19-3
75	12688-15-2
75	12689-83-7
75	12689-99-5
75	12692-94-3
75	126924-31-0
75	1269620-59-8
75	126968-21-6
75	126968-23-8
75	12698-54-3
75	12698-98-5
75	126990-35-0
75	126999-21-1
75	127-06-0
75	127-18-4
75	127-19-5
75	127-20-8
75	127-33-3
75	127-65-1
75	127-68-4
75	127-69-5
75	127-85-5
75	12701-65-4
75	12701-76-7
75	127026-24-8
75	127026-25-9
75	12703-76-3
75	12703-76-3
75	12705-05-4
75	12707-27-6
75	12707-43-6
75	127088-40-8
75	12709-98-7
75	12712-38-8
75	127128-60-3
75	127128-76-1
75	12713-24-5
75	127153-81-5
75	127176-80-1
75	127176-81-2
75	127194-97-2
75	127242-58-4
75	127276-99-7
75	127277-00-3
75	127279-03-2
75	127289-40-1
75	1273-71-8
75	1273-75-2
75	127302-45-8
75	127320-89-2
75	12733-65-2
75	12737-02-9
75	12737-09-6
75	12737-12-1
75	12737-19-8
75	12737-30-3
75	12737-98-3
75	12738-50-0
75	12738-56-6
75	12738-72-6
75	127386-54-3
75	12740-44-2
75	127408-00-8
75	12741-10-5
75	12742-60-8
75	1274866-89-5
75	12750-92-4
75	127521-16-8
75	127529-01-5
75	127529-03-7
75	127546-06-9
75	127546-11-6
75	127620-33-1
75	127620-35-3
75	127620-35-3
75	127634-24-6
75	12764-71-5
75	127641-75-2
75	12765-51-4
75	12765-80-9
75	1276559-63-7
75	12766-04-0
75	12766-45-9
75	12767-24-7
75	12767-62-3
75	12767-65-6
75	12767-67-8
75	12768-61-5
75	12768-78-4
75	12768-84-2
75	12768-98-8
75	12769-17-4
75	12769-21-0
75	12770-20-6
75	12770-42-2
75	12770-50-2
75	12770-87-5
75	12771-90-3
75	12772-40-6
75	12773-04-5
75	12774-29-7
75	12774-48-0
75	12774-48-0
75	12777-38-7
75	12777-83-2
75	12777-84-3
75	12777-86-5
75	127795-79-3
75	12784-26-8
75	1278524-13-2
75	12786-74-2
75	12786-81-1
75	12786-82-2
75	12789-22-9
75	12789-63-8
75	12790-65-7
75	1279055-25-2
75	127917-29-7
75	12793-53-2
75	12794-10-4
75	12795-04-9
75	12795-09-4
75	12795-30-1
75	12797-71-6
75	12797-72-7
75	127999-62-6
75	128-62-1
75	128-80-3
75	128065-64-5
75	128093-63-0
75	1281-99-8
75	128173-52-4
75	128196-69-0
75	128196-70-3
75	128221-48-7
75	128224-38-4
75	128226-81-3
75	128275-31-0
75	128281-71-0
75	128281-89-0
75	128345-67-5
75	128345-68-6
75	128345-69-7
75	128345-70-0
75	128345-71-1
75	128345-72-2
75	128345-73-3
75	128345-74-4
75	128345-75-5
75	128345-76-6
75	128345-77-7
75	128345-78-8
75	128345-79-9
75	128345-80-2
75	128351-36-0
75	128366-79-0
75	128395-02-8
75	128395-03-9
75	128470-16-6
75	128515-16-2
75	128532-42-3
75	128662-88-4
75	128662-88-4
75	128662-89-5
75	128707-44-8
75	128720-98-9
75	128720-99-0
75	128721-00-6
75	128721-01-7
75	128721-02-8
75	128735-34-2
75	128739-80-0
75	128746-59-8
75	128758-70-3
75	128907-24-4
75	128976-28-3
75	129-06-6
75	129-16-8
75	129-17-9
75	129-64-6
75	129-67-9
75	129-73-7
75	129-99-7
75	129003-31-2
75	1290058-32-0
75	129009-88-7
75	129035-03-6
75	129047-75-2
75	129050-51-7
75	129050-62-0
75	1291-32-3
75	1291057-60-7
75	129119-79-5
75	129131-59-5
75	129205-19-2
75	129212-12-0
75	129212-14-2
75	129212-17-5
75	129217-90-9
75	129218-48-0
75	129228-11-1
75	129228-21-3
75	1292286-79-3
75	129331-09-5
75	129451-49-6
75	129514-93-8
75	129574-07-8
75	129604-78-0
75	129618-34-4
75	129618-34-4
75	129618-34-4
75	129618-34-4
75	129721-88-6
75	1298122-60-7
75	129829-22-7
75	129899-34-9
75	129904-51-4
75	13-13-8
75	130-37-0
75	1300-14-7
75	1300-16-9
75	1300-19-2
75	1300-21-6
75	1300-37-4
75	1300-71-6
75	1300-73-8
75	1300-78-3
75	1300-92-1
75	130014-35-6
75	13004-83-6
75	13005-31-7
75	13005-39-5
75	130066-44-3
75	130066-57-8
75	1301-26-4
75	130110-53-1
75	130110-54-2
75	13014-29-4
75	13019-04-0
75	1302-09-6
75	1302-30-3
75	1302-52-9
75	1302-82-5
75	130201-51-3
75	130201-57-9
75	13023-28-4
75	130232-45-0
75	130263-41-1
75	1303-00-0
75	1303-11-3
75	1303-13-5
75	1303-18-0
75	1303-22-6
75	1303-28-2
75	1303-32-8
75	1303-33-9
75	1303-34-0
75	1303-36-2
75	1303-36-2
75	1303-37-3
75	1303-37-3
75	1303-39-5
75	1303-39-5
75	1303-50-0
75	1303-58-8
75	1303-62-4
75	1303-67-9
75	1303-86-2
75	1303-94-2
75	1303-96-4
75	130328-20-0
75	130358-77-9
75	130358-78-0
75	130358-79-1
75	130392-03-9
75	1304-28-5
75	1304-39-8
75	1304-54-7
75	1304-56-9
75	1304-82-1
75	13048-33-4
75	13048-34-5
75	130498-29-2
75	1305-84-6
75	1305-99-3
75	13055-82-8
75	130555-51-0
75	130555-55-4
75	13059-67-1
75	130596-72-4
75	1306-13-4
75	1306-19-0
75	1306-23-6
75	1306-24-7
75	1306-24-7
75	1306-25-8
75	1306-25-8
75	130603-71-3
75	130609-39-1
75	13067-93-1
75	130680-19-2
75	1307-80-8
75	1307-96-6
75	1307-99-9
75	130728-76-6
75	13073-29-5
75	130730-84-6
75	13074-68-5
75	1308-09-4
75	1308-38-9
75	1308-57-2
75	13083-10-8
75	130835-71-1
75	130841-23-5
75	130865-23-5
75	1309-37-1
75	1309-45-1
75	1309-60-0
75	1309-63-3
75	1309-64-4
75	13092-67-6
75	13094-04-7
75	1309573-29-2
75	130960-03-1
75	1309612-46-1
75	1309774-68-2
75	13098-41-4
75	130983-70-9
75	1309882-90-3
75	1309890-04-7
75	131-15-7
75	131-18-0
75	131-52-2
75	131-72-6
75	1310-03-8
75	1310-03-8
75	1310-32-3
75	1310-58-3
75	1310-73-2
75	1310-83-4
75	1310-88-9
75	13101-62-7
75	1310566-97-2
75	13106-47-3
75	13108-52-6
75	13109-47-2
75	1311-11-1
75	13110-37-7
75	131110-24-2
75	131122-27-5
75	1312-03-4
75	1312-41-0
75	1312-45-4
75	1312-73-8
75	1312-74-9
75	1312159-69-5
75	131223-26-2
75	131238-65-8
75	13127-88-3
75	1312764-88-7
75	1313-04-8
75	1313-22-0
75	1313-27-5
75	1313-60-6
75	1313-82-2
75	1313-84-4
75	1313-85-5
75	1313-99-1
75	131315-46-3
75	1313584-68-7
75	13138-45-9
75	1314-04-1
75	1314-05-2
75	1314-06-3
75	1314-12-1
75	1314-13-2
75	1314-23-4
75	1314-27-8
75	1314-32-5
75	1314-41-6
75	1314-56-3
75	1314-60-9
75	1314-62-1
75	1314-87-0
75	1314-91-6
75	1314-91-6
75	1314-97-2
75	1314012-56-0
75	1314087-39-2
75	1314087-56-3
75	1314087-69-8
75	13141-04-3
75	131455-28-2
75	1314884-83-7
75	13149-00-3
75	1315-04-4
75	1315-05-5
75	1315-05-5
75	1315-06-6
75	1315-07-7
75	1315-09-9
75	1315-11-3
75	131500-00-0
75	131500-00-0
75	1315317-92-0
75	131599-74-1
75	131599-76-3
75	131620-42-3
75	13164-93-7
75	131640-45-4
75	131641-77-5
75	131657-78-8
75	1317-36-8
75	1317-39-1
75	1317-41-5
75	1317-42-6
75	1317-60-8
75	1317-70-0
75	1317-80-2
75	1317-98-2
75	1317-98-2
75	13170-76-8
75	13170-76-8
75	13171-21-6
75	13171-69-2
75	131733-77-2
75	131766-73-9
75	131802-72-7
75	131874-41-4
75	131883-55-1
75	131891-38-8
75	1319-43-3
75	1319-72-8
75	1319-77-3
75	1319-86-4
75	1319006-94-4
75	13194-48-4
75	132-27-4
75	132-32-1
75	132-33-2
75	132-60-5
75	132-98-9
75	1320-07-6
75	1320-09-8
75	1320-18-9
75	1320-47-4
75	1320-68-9
75	1320-80-5
75	132003-12-4
75	132051-71-9
75	132057-06-8
75	1321-08-0
75	1321-10-4
75	1321-23-9
75	1321-34-2
75	1321-39-7
75	1321-42-2
75	1321-64-8
75	132103-60-7
75	132174-48-2
75	1322-13-0
75	1322-37-8
75	132207-32-0
75	132207-33-1
75	132207-33-1
75	132207-34-2
75	132207-35-3
75	13222-52-1
75	132271-09-1
75	132295-56-8
75	132295-57-9
75	1323-31-5
75	1323-65-5
75	13231-90-8
75	132323-44-5
75	132324-11-9
75	132335-57-0
75	1323439-04-8
75	13235-36-4
75	132405-96-0
75	13242-21-2
75	13246-32-7
75	1325-16-2
75	1325-19-5
75	1325-54-8
75	1325-82-2
75	1325-83-3
75	13250-12-9
75	132510-07-7
75	13255-26-0
75	13256-06-9
75	13256-22-9
75	13257-51-7
75	132584-17-9
75	1326-02-9
75	1326-05-2
75	1326305-81-0
75	132641-04-4
75	13266-07-4
75	1326716-94-2
75	1327-31-7
75	1327-33-9
75	1327-50-0
75	1327-50-0
75	1327-52-2
75	1327-52-2
75	1327-53-3
75	13278-80-3
75	1328-02-5
75	1328-51-4
75	1328-53-6
75	132821-58-0
75	132822-20-9
75	132826-46-1
75	132878-86-5
75	132885-85-9
75	1328870-15-0
75	132893-73-3
75	1328985-23-4
75	13292-46-1
75	13294-23-0
75	132983-41-6
75	1329996-89-5
75	133-06-2
75	133-07-3
75	133-09-5
75	133-10-8
75	133-15-3
75	133-51-7
75	133-58-4
75	1330-20-7
75	1330-34-3
75	1330-38-7
75	1330-43-4
75	1330-61-6
75	1330-78-5
75	1330-91-2
75	1330-96-7
75	1330063-14-3
75	13301-61-6
75	13302-06-2
75	133073-73-1
75	133097-00-4
75	1331-68-6
75	1331317-37-3
75	133136-50-2
75	133152-67-7
75	133156-50-0
75	133167-77-8
75	1331834-62-8
75	13319-75-0
75	1332-07-6
75	1332-10-1
75	1332-17-8
75	1332-21-4
75	1332-28-1
75	1332-52-1
75	1332-57-6
75	1332-75-8
75	1332-76-9
75	1332-77-0
75	1332-81-6
75	133248-96-1
75	1332483-60-9
75	13327-32-7
75	1333-30-8
75	1333-73-9
75	1333-78-4
75	1333-81-9
75	1333-82-0
75	1333-83-1
75	1333-86-4
75	13331-52-7
75	1333123-32-2
75	133315-99-8
75	133317-06-3
75	133333-94-5
75	133336-92-2
75	1333479-93-8
75	13335-71-2
75	133350-44-4
75	133350-45-5
75	133353-46-5
75	133353-47-6
75	133394-59-9
75	1334-07-2
75	1334-14-1
75	1334-77-6
75	133413-70-4
75	133421-58-6
75	1334243-56-9
75	13344-46-2
75	1335-25-7
75	1335-29-1
75	1335-31-5
75	1335-31-5
75	1335-32-6
75	1335-54-2
75	1335-66-6
75	1335-69-9
75	133514-97-3
75	13354-54-6
75	13355-00-5
75	133556-17-9
75	13356-08-6
75	1336-21-6
75	1336-27-2
75	1336-57-8
75	1336-67-0
75	1336-88-5
75	1336-96-5
75	13360-57-1
75	133636-82-5
75	13367-92-5
75	1337-06-0
75	1337-15-1
75	1337-36-6
75	1337-39-9
75	133715-91-0
75	133764-14-4
75	1338-87-0
75	1338234-91-5
75	1338439-16-9
75	133855-98-8
75	13387-91-2
75	1338799-01-1
75	133915-53-4
75	133915-54-5
75	13392-18-2
75	133927-17-0
75	13393-93-6
75	133951-38-9
75	133979-16-5
75	133988-90-6
75	134-01-0
75	134-04-3
75	134-31-6
75	134-32-7
75	134-49-6
75	134-62-3
75	134-71-4
75	134-72-5
75	1340-15-4
75	13402-02-3
75	13403-37-7
75	134030-71-0
75	1340579-42-1
75	13406-89-8
75	13407-13-1
75	134092-10-7
75	134098-61-6
75	1341-32-8
75	1341-36-2
75	1341-47-5
75	1341-49-7
75	1341-90-8
75	13410-01-0
75	13410-91-8
75	134164-24-2
75	134191-03-0
75	134191-39-2
75	134191-44-9
75	1342-06-9
75	1342-19-4
75	1342-20-7
75	1342-21-8
75	1342-28-5
75	1342-47-8
75	1342-53-6
75	1342-61-6
75	134206-43-2
75	13421-53-9
75	13421-85-7
75	13423-61-5
75	13423-61-5
75	134237-50-6
75	134237-51-7
75	134237-52-8
75	13424-46-9
75	134240-82-7
75	13427-42-4
75	1343-03-9
75	1343-09-5
75	1343-75-5
75	1343-76-6
75	1343-85-7
75	13433-92-6
75	13434-24-7
75	1343477-79-1
75	13435-05-7
75	13435-20-6
75	13435-46-6
75	13437-80-4
75	134375-99-8
75	1344-08-7
75	1344-21-4
75	1344-29-2
75	1344-34-9
75	1344-36-1
75	1344-37-2
75	1344-38-3
75	1344-40-7
75	1344-45-2
75	1344-48-5
75	1344-49-6
75	1344-66-7
75	1344-74-7
75	1344-81-6
75	1344-90-7
75	13440-78-3
75	13444-75-2
75	13444-75-2
75	13446-48-5
75	13446-72-5
75	13446-72-5
75	13446-73-6
75	1345-04-6
75	1345-05-7
75	1345-09-1
75	1345-09-1
75	1345-11-5
75	1345-20-6
75	13451-08-6
75	13451-17-7
75	13451-18-8
75	13453-03-7
75	13453-06-0
75	13453-15-1
75	13453-30-0
75	13453-32-2
75	13453-33-3
75	13453-34-4
75	13453-35-5
75	13453-35-5
75	13453-37-7
75	13453-38-8
75	13453-40-2
75	13453-45-7
75	13453-57-1
75	13453-62-8
75	13453-65-1
75	13453-66-2
75	13454-78-9
75	13454-78-9
75	13454-83-6
75	13455-25-9
75	13455-25-9
75	13455-34-0
75	134575-17-0
75	134595-59-8
75	13462-88-9
75	13462-90-3
75	13462-91-4
75	13462-91-4
75	13462-93-6
75	13462-93-6
75	13462-94-7
75	134620-00-1
75	13463-30-4
75	13463-39-3
75	13463-41-7
75	13463-43-9
75	13463-67-7
75	134631-46-2
75	13464-28-3
75	13464-35-2
75	13464-37-4
75	13464-38-5
75	13464-38-5
75	13464-39-6
75	13464-42-1
75	13464-43-2
75	13464-43-2
75	13464-44-3
75	13464-44-3
75	13464-58-9
75	13464-68-1
75	13464-68-1
75	13464-77-2
75	13464-80-7
75	13464-92-1
75	13464-97-6
75	13464-98-7
75	13465-08-2
75	13465-31-1
75	13465-33-3
75	13465-34-4
75	13465-34-4
75	13465-34-4
75	13465-37-7
75	13465-66-2
75	13465-94-6
75	13465-94-6
75	13465-95-7
75	13466-20-1
75	13466-21-2
75	13466-24-5
75	13466-24-5
75	13466-27-8
75	134672-84-7
75	13470-05-8
75	13470-06-9
75	134701-20-5
75	13473-75-1
75	13473-75-1
75	13473-75-1
75	13474-64-1
75	13476-55-6
75	13477-00-4
75	13477-01-5
75	13477-01-5
75	13477-04-8
75	13477-04-8
75	13477-04-8
75	13477-10-6
75	13477-17-3
75	13477-19-5
75	13477-20-8
75	13477-21-9
75	13477-22-0
75	13477-23-1
75	13477-29-7
75	13477-70-8
75	13478-00-7
75	13478-14-3
75	13478-14-3
75	13478-34-7
75	13478-34-7
75	13478-50-7
75	134841-35-3
75	134910-86-4
75	13494-27-4
75	13494-80-9
75	134946-66-0
75	13497-77-3
75	13497-84-2
75	1349805-21-5
75	135-01-3
75	135-19-3
75	135-48-8
75	135-50-2
75	135-88-6
75	135043-63-9
75	135043-64-0
75	135043-65-1
75	13510-31-1
75	13510-44-6
75	13510-44-6
75	13510-46-8
75	13510-48-0
75	13510-49-1
75	13510-72-0
75	13510-89-9
75	13510-89-9
75	13510-91-3
75	13510-94-6
75	13510-94-6
75	13510-96-8
75	1351357-43-1
75	13515-40-7
75	135158-54-2
75	13517-08-3
75	13517-17-4
75	13517-17-4
75	13517-20-9
75	13517-24-3
75	135184-96-2
75	1351981-81-1
75	13520-55-3
75	13520-61-1
75	13520-92-8
75	1352121-28-8
75	1352815-51-0
75	13530-65-9
75	13530-65-9
75	13530-65-9
75	13530-67-1
75	13530-68-2
75	135311-02-3
75	135354-40-4
75	13537-45-6
75	135410-20-7
75	1354414-29-1
75	135446-53-6
75	135454-41-0
75	13548-42-0
75	13548-42-0
75	135507-53-8
75	135540-95-3
75	13556-29-1
75	13560-99-1
75	135623-36-8
75	13565-97-4
75	13566-17-1
75	13568-33-7
75	1356922-63-8
75	1357171-90-4
75	135730-81-3
75	135742-32-4
75	1357484-91-3
75	135756-61-5
75	1357997-90-0
75	135849-93-3
75	13586-82-8
75	1358624-38-0
75	135889-00-8
75	13589-17-8
75	135926-88-4
75	135929-41-8
75	13595-25-0
75	13597-46-1
75	13597-54-1
75	13597-96-1
75	13597-99-4
75	13598-00-0
75	13598-03-3
75	13598-15-7
75	13598-22-6
75	13598-26-0
75	13598-36-2
75	1359978-71-4
75	136-17-4
75	136-23-2
75	136-51-6
75	136-52-7
75	136-53-8
75	136-69-6
75	136-70-9
75	136-83-4
75	136-92-5
75	136-94-7
75	1360-39-0
75	13600-98-1
75	13601-63-3
75	1360157-34-1
75	136048-66-3
75	136108-93-5
75	136122-15-1
75	1361252-19-8
75	136154-22-8
75	136210-30-5
75	136210-32-7
75	136213-73-5
75	136213-75-7
75	13624-74-3
75	13624-75-4
75	13624-76-5
75	13624-77-6
75	13624-78-7
75	13624-79-8
75	136248-03-8
75	136276-45-4
75	136298-09-4
75	136338-65-3
75	1363408-62-1
75	136349-33-2
75	136365-67-8
75	13637-71-3
75	13637-76-8
75	136426-54-5
75	136465-81-1
75	136465-99-1
75	136472-10-1
75	136511-39-2
75	13652-74-9
75	13654-40-5
75	136543-49-2
75	136543-50-5
75	136543-51-6
75	136579-67-4
75	136590-25-5
75	136596-82-2
75	136601-30-4
75	13674-87-8
75	13675-47-3
75	136752-29-9
75	136797-29-0
75	13682-73-0
75	13684-56-5
75	136868-91-2
75	13689-92-4
75	136894-88-7
75	136920-10-0
75	13698-55-0
75	136997-71-2
75	137-05-3
75	137-09-7
75	137-17-7
75	137-26-8
75	137-30-4
75	137-42-8
75	137-58-6
75	137002-11-0
75	13701-59-2
75	13701-60-5
75	13701-61-6
75	13701-64-9
75	13701-66-1
75	13701-68-3
75	13701-90-1
75	13701-91-2
75	13702-38-0
75	13702-38-0
75	13703-82-7
75	13703-84-9
75	13703-85-0
75	13703-85-0
75	13703-86-1
75	1370442-66-2
75	13706-86-0
75	13708-67-3
75	13708-67-3
75	137083-27-3
75	13709-93-8
75	13709-94-9
75	137091-34-0
75	13715-19-0
75	13716-94-4
75	13718-50-8
75	13718-55-3
75	13718-58-6
75	13718-59-7
75	13718-59-7
75	137193-60-3
75	13732-17-7
75	137322-20-4
75	137322-21-5
75	1373494-71-3
75	137398-54-0
75	1374563-19-5
75	1374563-22-0
75	13746-89-9
75	13746-98-0
75	137497-18-8
75	137506-60-6
75	137512-74-4
75	137529-96-5
75	137534-82-8
75	13755-33-4
75	13755-38-9
75	137570-57-1
75	137570-58-2
75	137570-59-3
75	137570-60-6
75	137590-32-0
75	137593-96-5
75	137593-97-6
75	13760-37-7
75	137605-95-9
75	13762-80-6
75	13762-83-9
75	13764-83-5
75	13765-19-0
75	13765-95-2
75	13766-41-1
75	13766-44-4
75	13767-36-7
75	13767-68-5
75	13767-78-7
75	13768-00-8
75	13768-86-0
75	13769-41-0
75	1376937-61-9
75	13770-24-6
75	13770-86-0
75	13770-89-3
75	137718-37-7
75	13772-29-7
75	13773-58-5
75	13774-56-6
75	137740-94-4
75	13775-54-7
75	13775-80-9
75	13776-84-6
75	13777-25-8
75	13778-29-5
75	13778-36-4
75	1377807-26-5
75	13779-93-6
75	13779-98-1
75	137796-06-6
75	13780-06-8
75	13780-18-2
75	137803-94-2
75	13782-18-8
75	137864-22-3
75	137885-53-1
75	137891-98-6
75	1379678-84-8
75	1379678-87-1
75	138-31-8
75	138-39-6
75	138-85-2
75	138-86-3
75	1380217-40-2
75	1380226-46-9
75	138072-88-5
75	138072-88-5
75	138072-88-5
75	13812-57-2
75	13812-58-3
75	13813-19-9
75	13814-59-0
75	13814-59-0
75	13814-62-5
75	13814-62-5
75	13814-96-5
75	138157-20-7
75	13816-38-1
75	138164-12-2
75	138164-47-3
75	138182-18-0
75	13820-41-2
75	13820-46-7
75	13820-56-9
75	13821-06-2
75	13821-08-4
75	138210-92-1
75	13824-85-6
75	13825-25-7
75	138257-17-7
75	138257-18-8
75	138257-19-9
75	13826-65-8
75	13826-65-8
75	13826-66-9
75	138271-16-6
75	138273-17-3
75	1382787-02-1
75	13832-25-2
75	1383442-73-6
75	138359-27-0
75	138360-92-6
75	138361-18-9
75	13837-13-3
75	13837-14-4
75	1383782-37-3
75	13840-10-3
75	13840-10-3
75	13840-55-6
75	13840-56-7
75	1384172-26-2
75	13842-46-1
75	13843-65-7
75	13843-81-7
75	1384450-22-9
75	13845-17-5
75	13845-31-3
75	13845-35-7
75	13845-35-7
75	138454-60-1
75	1384584-60-4
75	138464-41-2
75	13847-17-1
75	13847-18-2
75	138526-69-9
75	138533-09-2
75	13859-62-6
75	1386503-01-0
75	138666-92-9
75	13871-10-8
75	13871-27-7
75	13874-36-7
75	13876-85-2
75	138790-64-4
75	138794-43-1
75	1389-34-0
75	13890-80-7
75	13890-80-7
75	13890-81-8
75	13890-82-9
75	13890-83-0
75	13890-84-1
75	13890-84-1
75	13890-85-2
75	13890-86-3
75	13890-87-4
75	13890-88-5
75	138937-28-7
75	139-40-2
75	139-65-1
75	139-68-4
75	139-84-4
75	139-93-5
75	139001-49-3
75	13907-45-4
75	13911-65-4
75	1391351-00-0
75	1391413-98-1
75	139189-30-3
75	139201-77-7
75	139201-78-8
75	1392103-81-9
75	1392204-77-1
75	1392408-16-0
75	1392498-45-1
75	1393-63-1
75	139301-16-9
75	13931-84-5
75	13932-02-0
75	139339-89-2
75	139361-96-9
75	1393678-13-1
75	139385-81-2
75	13940-83-5
75	139411-96-4
75	13943-58-3
75	139443-72-4
75	139468-93-2
75	1394971-11-9
75	13952-84-6
75	139522-21-7
75	139522-22-8
75	139528-85-1
75	139554-29-3
75	139601-06-2
75	13963-58-1
75	139642-59-4
75	13966-00-2
75	13966-02-4
75	13966-02-4
75	13966-06-8
75	13966-28-4
75	13966-29-5
75	13966-32-0
75	13966-86-4
75	13967-25-4
75	13967-50-5
75	13967-71-0
75	13967-71-0
75	13967-73-2
75	13967-90-3
75	13968-50-8
75	13968-50-8
75	13968-51-9
75	13968-51-9
75	13968-51-9
75	139693-44-0
75	13972-68-4
75	1397708-80-3
75	1398052-85-1
75	13981-15-2
75	13981-16-3
75	13981-17-4
75	13981-25-4
75	13981-27-6
75	13981-27-6
75	13981-37-8
75	13981-37-8
75	13981-38-9
75	13981-41-4
75	13981-43-6
75	13981-49-2
75	13981-50-5
75	13981-50-5
75	13981-51-6
75	13981-51-6
75	13981-56-1
75	13981-83-4
75	13981-99-2
75	13982-04-2
75	13982-06-4
75	13982-20-2
75	13982-23-5
75	13982-25-7
75	13982-39-3
75	13982-63-3
75	13982-78-0
75	13982-78-0
75	13983-27-2
75	13986-24-8
75	13986-26-0
75	13986-27-1
75	139939-63-2
75	139939-65-4
75	139939-67-6
75	139939-69-8
75	139939-71-2
75	139968-49-3
75	1399841-69-0
75	1399841-71-4
75	1399841-73-6
75	140-01-2
75	140-20-5
75	140-29-4
75	140-31-8
75	140-41-0
75	140-45-4
75	140-65-8
75	140-66-9
75	140-88-5
75	140-93-2
75	1400594-69-5
75	1400594-70-8
75	1400683-45-5
75	1400974-17-5
75	1401-04-3
75	1401-69-0
75	1401-76-9
75	14010-06-1
75	14011-37-1
75	14012-92-1
75	14013-56-0
75	14013-75-3
75	14014-06-3
75	140148-87-4
75	1401517-00-7
75	14017-36-8
75	14018-95-2
75	14018-95-2
75	14019-91-1
75	1401918-81-7
75	14024-55-6
75	14024-75-0
75	1402835-26-0
75	1403-66-3
75	14032-92-9
75	14032-92-9
75	1403353-18-3
75	14034-57-2
75	14034-76-5
75	14039-25-9
75	1404-04-2
75	1404-90-6
75	140406-37-7
75	1404190-34-6
75	1404365-15-6
75	1405-20-5
75	1405-87-4
75	14055-61-9
75	1406-55-9
75	14060-38-9
75	140623-70-7
75	140623-89-8
75	14066-61-6
75	14067-62-0
75	140681-55-6
75	140697-63-8
75	140698-96-0
75	1408062-28-1
75	140876-12-6
75	140876-13-7
75	140889-50-5
75	14090-94-9
75	140921-24-0
75	140923-17-7
75	14093-03-9
75	14099-12-8
75	141-00-4
75	141-05-9
75	141-10-6
75	141-32-2
75	141-43-5
75	141-51-5
75	141-52-6
75	141-75-3
75	141-78-6
75	141-93-5
75	14103-61-8
75	14104-85-9
75	141048-13-7
75	141067-75-6
75	14107-52-9
75	14107-52-9
75	14109-32-1
75	14109-32-1
75	14109-32-1
75	141112-29-0
75	14118-83-3
75	14119-16-5
75	14119-28-9
75	14119-29-0
75	14119-30-3
75	14123-08-1
75	14124-68-6
75	141250-43-3
75	141263-96-9
75	141263-98-1
75	141264-00-8
75	141264-02-0
75	141264-04-2
75	14128-54-2
75	14129-12-5
75	14129-12-5
75	14129-13-6
75	141303-14-2
75	14133-76-7
75	14147-38-7
75	1414852-51-9
75	141517-21-7
75	14158-30-6
75	14158-31-7
75	14158-32-8
75	14158-34-0
75	1415904-10-7
75	1416043-74-7
75	141614-04-2
75	141614-05-3
75	141631-74-5
75	141631-75-6
75	141631-77-8
75	141645-23-0
75	14165-53-8
75	141651-31-2
75	14166-21-3
75	141668-69-1
75	1416946-65-0
75	1416960-74-1
75	141714-54-7
75	141733-48-4
75	141740-59-2
75	14175-14-5
75	141754-61-2
75	14176-81-9
75	14177-24-3
75	14177-24-3
75	14177-51-6
75	14177-55-0
75	141772-37-4
75	1417782-03-6
75	1417997-02-4
75	1418001-98-5
75	14184-47-5
75	141847-13-4
75	141880-36-6
75	141890-30-4
75	141915-64-2
75	141942-85-0
75	142-04-1
75	142-04-1
75	142-09-6
75	142-14-3
75	142-59-6
75	142-63-2
75	142-64-3
75	142-82-5
75	142-84-7
75	142-90-5
75	142-96-1
75	1420-07-1
75	1420-40-2
75	1421-32-5
75	1421-86-9
75	14214-89-2
75	14215-00-0
75	14215-29-3
75	14215-33-9
75	14216-75-2
75	14216-86-5
75	14216-88-7
75	14216-88-7
75	142164-48-5
75	142164-53-2
75	142164-57-6
75	14217-21-1
75	142175-32-4
75	1421840-08-5
75	14219-90-0
75	1421949-89-4
75	14220-17-8
75	14221-48-8
75	14222-24-3
75	1422250-41-6
75	1422343-79-0
75	1423-46-7
75	14234-28-7
75	14234-35-6
75	14234-35-6
75	14235-86-0
75	14239-51-1
75	14239-68-0
75	14242-12-7
75	14244-62-3
75	142459-58-3
75	142469-14-5
75	142504-34-5
75	1425202-15-8
75	142540-11-2
75	14255-04-0
75	14258-76-5
75	142583-27-5
75	14261-75-7
75	14263-73-1
75	14264-31-4
75	14265-71-5
75	14265-71-5
75	14265-71-5
75	14265-72-6
75	142655-99-0
75	142661-36-7
75	14268-66-7
75	142681-05-8
75	14269-63-7
75	14269-71-7
75	14269-74-0
75	142690-07-1
75	142731-63-3
75	142731-63-3
75	14275-57-1
75	14280-50-3
75	1428190-92-4
75	14284-24-3
75	142844-00-6
75	142859-67-4
75	14286-02-3
75	142877-45-0
75	14288-73-4
75	142888-86-6
75	142891-20-1
75	1428979-52-5
75	1428979-54-7
75	1429-30-7
75	142939-39-7
75	1429425-26-2
75	1429425-28-4
75	142985-31-7
75	143-07-7
75	143-22-6
75	143-24-8
75	143-27-1
75	143-33-9
75	143-36-2
75	143-50-0
75	143-81-7
75	1430053-95-4
75	1430218-91-9
75	14304-78-0
75	14304-78-0
75	14304-79-1
75	14304-80-4
75	14307-33-6
75	14307-35-8
75	14307-35-8
75	143083-95-8
75	14309-40-1
75	14309-41-2
75	1431-21-6
75	14311-93-4
75	14312-00-6
75	14312-00-6
75	14312-00-6
75	14312-40-4
75	14312-40-4
75	1431295-16-7
75	14317-32-9
75	143171-41-9
75	143178-71-6
75	1431865-84-7
75	143197-63-1
75	1432-14-0
75	14320-93-5
75	1432062-26-4
75	143239-08-1
75	14324-55-1
75	14324-88-0
75	143247-75-0
75	14331-86-3
75	14331-88-5
75	14331-88-5
75	14331-90-9
75	14332-34-4
75	143322-57-0
75	14333-33-6
75	14333-39-2
75	143337-19-3
75	143350-47-4
75	143350-89-4
75	14336-66-4
75	14336-66-4
75	14336-68-6
75	14336-68-6
75	14336-70-0
75	143390-89-0
75	1434046-67-9
75	143446-73-5
75	1434578-69-4
75	143468-96-6
75	143477-34-3
75	1435-48-9
75	143504-22-7
75	14354-56-4
75	14355-30-7
75	14363-98-5
75	1436392-20-9
75	1436666-97-5
75	143683-23-2
75	1437084-75-7
75	14371-10-9
75	14374-79-9
75	14374-79-9
75	14376-09-1
75	14376-32-0
75	14376-54-6
75	14378-21-3
75	14378-22-4
75	14378-25-7
75	14380-75-7
75	143860-04-2
75	14390-89-7
75	14390-89-7
75	14391-11-8
75	14391-61-8
75	14391-65-2
75	14391-67-4
75	14391-68-5
75	14391-68-5
75	14391-72-1
75	14391-76-5
75	14391-99-2
75	14392-02-0
75	14392-02-0
75	143925-92-2
75	143928-02-3
75	143928-58-9
75	143928-77-2
75	144-21-8
75	144-34-3
75	144-80-9
75	144-82-1
75	144-87-6
75	14402-61-0
75	14402-75-6
75	14402-75-6
75	14402-89-2
75	144046-24-2
75	144046-25-3
75	144046-32-2
75	1441020-41-2
75	1441148-55-5
75	14414-68-7
75	144171-61-9
75	144177-62-8
75	144246-47-9
75	14426-07-4
75	1443500-22-8
75	144376-83-0
75	144377-64-0
75	144378-13-2
75	14445-91-1
75	14448-18-1
75	14449-90-2
75	14450-60-3
75	144507-49-3
75	144514-14-7
75	1445874-17-8
75	14459-36-0
75	14459-54-2
75	14459-60-0
75	14459-91-7
75	1445960-43-9
75	14460-17-4
75	14460-21-0
75	144644-13-3
75	144647-92-7
75	14466-01-4
75	144700-02-7
75	144705-55-5
75	144736-29-8
75	14474-00-1
75	144740-59-0
75	14475-63-9
75	14475-73-1
75	1447694-91-8
75	1447825-12-8
75	14480-51-4
75	144804-99-9
75	14481-29-9
75	14484-64-1
75	144855-63-0
75	144855-66-3
75	14486-19-2
75	14486-20-5
75	14488-59-6
75	1449-68-9
75	1449007-65-1
75	144919-64-2
75	1449201-78-8
75	1449411-01-1
75	144975-27-9
75	145-39-1
75	145-73-3
75	14504-57-5
75	145052-34-2
75	14507-18-7
75	14507-36-9
75	145076-33-1
75	1451188-70-7
75	145153-52-2
75	1451592-07-6
75	14518-94-6
75	14520-70-8
75	14523-21-8
75	14525-25-8
75	1453-58-3
75	145308-03-8
75	14534-23-7
75	1453489-76-3
75	1453489-91-2
75	1453489-93-4
75	1453489-97-8
75	1453489-99-0
75	1453490-09-9
75	14536-19-7
75	145361-15-5
75	145428-94-0
75	1454308-15-6
75	14544-85-5
75	14545-23-4
75	1454651-17-2
75	1454651-18-3
75	14550-87-9
75	145583-77-3
75	14566-86-0
75	14567-73-8
75	1456717-15-9
75	14570-16-2
75	14570-16-2
75	14572-93-1
75	1458011-73-8
75	145899-78-1
75	14590-19-3
75	14590-38-6
75	145929-31-3
75	14596-37-3
75	14596-37-3
75	146-22-5
75	146-48-5
75	146-50-9
75	1461-22-9
75	1461-23-0
75	146117-15-9
75	146177-84-6
75	1462-73-3
75	146282-59-9
75	146358-95-4
75	14638-08-5
75	1464-42-2
75	1464-43-3
75	1464-53-5
75	14644-61-2
75	14644-70-3
75	14644-70-3
75	146479-75-6
75	14648-48-7
75	146504-31-6
75	146504-31-6
75	1465133-90-7
75	14652-46-1
75	14653-91-9
75	14654-02-5
75	14657-64-8
75	146665-38-5
75	1467078-73-4
75	14674-83-0
75	14681-59-5
75	14681-75-5
75	14681-75-5
75	14682-66-7
75	14683-06-8
75	14683-07-9
75	14683-08-0
75	14683-10-4
75	14683-10-4
75	14683-12-6
75	14683-16-0
75	14686-69-2
75	14687-25-3
75	14687-60-6
75	14687-60-6
75	14687-61-7
75	14687-61-7
75	14687-62-8
75	14689-45-3
75	14690-59-6
75	146915-55-1
75	146922-05-6
75	14693-02-8
75	14694-69-0
75	146955-66-0
75	14696-77-6
75	146987-99-7
75	146990-35-4
75	146997-94-6
75	147-14-8
75	147-20-6
75	147-48-8
75	147-82-0
75	14700-09-5
75	147014-52-6
75	147027-04-1
75	147059-72-1
75	14708-14-6
75	14709-52-5
75	14709-52-5
75	147129-85-9
75	147152-21-4
75	147170-38-5
75	14720-53-7
75	14720-53-7
75	14720-55-9
75	14721-18-7
75	147229-90-1
75	147229-91-2
75	147282-84-6
75	147299-78-3
75	147335-73-7
75	147366-31-2
75	147374-67-2
75	1474045-09-4
75	1474045-10-7
75	1474045-11-8
75	14742-26-8
75	147516-27-6
75	147516-28-7
75	147527-07-9
75	1476-11-5
75	14762-75-5
75	14762-75-5
75	14763-77-0
75	14765-72-1
75	14767-09-0
75	147703-64-8
75	147703-65-9
75	147716-03-8
75	147732-60-3
75	14779-78-3
75	1478-61-1
75	14783-59-6
75	147937-07-3
75	14797-65-0
75	14798-08-4
75	148-24-3
75	148-61-8
75	148-71-0
75	148-72-1
75	1480-19-9
75	148016-81-3
75	148031-02-1
75	14809-44-0
75	14809-44-0
75	14809-45-1
75	14809-45-1
75	14809-47-3
75	148092-93-7
75	148093-32-7
75	14816-18-3
75	1482-15-1
75	1482-80-0
75	1482-82-2
75	148227-32-1
75	148262-86-6
75	148262-93-5
75	148263-71-2
75	148292-42-6
75	148292-86-8
75	148324-78-1
75	14833-09-1
75	14833-23-9
75	14833-26-2
75	14833-32-0
75	14833-49-9
75	14834-18-5
75	14834-67-4
75	14834-68-5
75	148348-13-4
75	14836-60-3
75	14838-15-4
75	148390-75-4
75	1484-13-5
75	148434-03-1
75	14846-40-3
75	14846-40-3
75	148477-71-8
75	14849-23-1
75	148520-85-8
75	148559-96-0
75	148559-97-1
75	148559-98-2
75	148559-99-3
75	148584-48-9
75	1486-01-7
75	148616-44-8
75	1487-66-7
75	148709-58-4
75	148709-59-5
75	14871-79-5
75	14871-82-0
75	148732-74-5
75	14874-24-9
75	14874-78-3
75	14874-86-3
75	14875-95-7
75	148757-89-5
75	14877-64-6
75	148878-18-6
75	148878-21-1
75	148878-22-2
75	148880-59-5
75	148896-39-3
75	14890-53-0
75	14898-79-4
75	14899-38-8
75	14899-38-8
75	149-11-1
75	149-26-8
75	149-30-4
75	149-57-5
75	149013-58-1
75	14902-95-5
75	14902-95-5
75	14903-02-7
75	149030-04-6
75	149038-91-5
75	149057-64-7
75	149057-70-5
75	149057-74-9
75	14908-64-6
75	1491-59-4
75	149118-66-1
75	14913-58-7
75	14913-74-7
75	14914-02-4
75	14914-16-0
75	14914-27-3
75	14914-68-2
75	14914-68-2
75	14914-75-1
75	149144-82-1
75	14916-79-1
75	14916-80-4
75	149172-69-0
75	149202-13-1
75	149202-33-5
75	14922-70-4
75	14923-81-0
75	14928-14-4
75	14928-30-4
75	14928-30-4
75	14929-69-2
75	14931-82-9
75	14932-42-4
75	14932-64-0
75	149330-06-3
75	14939-42-5
75	14940-68-2
75	14949-59-8
75	14949-60-1
75	149530-93-8
75	149564-66-9
75	149579-36-2
75	149591-38-8
75	14965-99-2
75	14967-69-2
75	149675-91-2
75	14972-90-8
75	14973-92-3
75	1497435-71-8
75	14977-61-8
75	14984-71-5
75	149850-29-3
75	149850-30-6
75	149850-31-7
75	14986-72-2
75	14986-91-5
75	149864-43-7
75	149877-41-8
75	1499-33-8
75	14990-20-6
75	14993-39-6
75	149961-52-4
75	149979-41-9
75	14998-37-9
75	149984-87-2
75	150-13-0
75	150-68-5
75	150-76-5
75	150-86-7
75	15000-69-8
75	150139-02-9
75	150202-11-2
75	15024-10-9
75	15025-89-5
75	150315-46-1
75	15041-14-2
75	15046-84-1
75	15046-84-1
75	150522-10-4
75	15055-30-8
75	15060-62-5
75	15064-65-0
75	15064-65-0
75	15064-66-1
75	15064-66-1
75	15064-97-8
75	15067-28-4
75	15080-52-1
75	150812-32-1
75	150825-32-4
75	150825-44-8
75	15086-94-9
75	15087-24-8
75	15092-94-1
75	15099-34-0
75	151-38-2
75	151-50-8
75	151-56-4
75	151-83-7
75	15104-99-1
75	151096-09-2
75	15110-84-6
75	15116-79-7
75	15116-82-2
75	15117-53-0
75	15117-96-1
75	15120-17-9
75	15120-17-9
75	15120-21-5
75	15120-50-0
75	15121-89-8
75	151213-39-7
75	15122-58-4
75	151227-85-9
75	15123-69-0
75	15123-77-0
75	15123-92-9
75	15123-92-9
75	15123-97-4
75	15124-13-7
75	15125-45-8
75	1512534-40-5
75	151257-01-1
75	15128-03-7
75	15139-70-5
75	15139-70-5
75	1514-82-5
75	15141-18-1
75	151436-99-6
75	15146-99-3
75	151517-46-3
75	151527-31-0
75	151528-73-3
75	151574-11-7
75	15158-85-7
75	15159-40-7
75	151616-45-4
75	151638-45-8
75	15165-67-0
75	15168-20-4
75	15175-63-0
75	15175-77-6
75	151767-62-3
75	151768-83-1
75	151789-13-8
75	151798-26-4
75	1518-86-1
75	15183-39-8
75	151840-68-5
75	151860-15-0
75	15187-16-3
75	151882-81-4
75	151896-80-9
75	1519044-64-4
75	1519044-66-6
75	15191-85-2
75	151911-65-8
75	15194-98-6
75	15195-00-3
75	15195-06-9
75	15197-02-1
75	15199-43-6
75	152-72-7
75	152-75-0
75	1520-57-6
75	1520-78-1
75	152024-73-2
75	15209-78-6
75	152166-20-6
75	1522-92-5
75	152212-20-9
75	15229-36-4
75	152323-96-1
75	15244-35-6
75	15244-35-6
75	15245-44-0
75	152460-07-6
75	152585-50-7
75	152630-47-2
75	15273-81-1
75	152743-49-2
75	152761-81-4
75	1528-01-4
75	15280-09-8
75	15282-88-9
75	152828-25-6
75	152848-22-1
75	152881-15-7
75	1529-57-3
75	1529-58-4
75	1529-59-5
75	15292-27-0
75	152923-45-0
75	15293-74-0
75	152949-80-9
75	152992-37-5
75	153-61-7
75	15302-16-6
75	15306-30-6
75	153067-81-3
75	15308-34-6
75	15313-18-5
75	15318-45-3
75	1532594-45-8
75	153305-02-3
75	153316-73-5
75	1533423-47-0
75	1533423-48-1
75	1533423-50-5
75	1533423-51-6
75	15337-60-7
75	15337-60-7
75	153382-69-5
75	153389-31-2
75	15339-40-9
75	1534343-35-5
75	15347-52-1
75	15347-55-4
75	15347-57-6
75	15350-61-5
75	15351-09-4
75	153590-16-0
75	153631-60-8
75	153679-91-5
75	153703-69-6
75	153719-23-4
75	153719-38-1
75	1537199-53-3
75	153733-51-8
75	15375-21-0
75	15375-89-0
75	15375-94-7
75	1538-59-6
75	1538-62-1
75	153832-46-3
75	15384-08-4
75	15385-57-6
75	15385-58-7
75	153859-33-7
75	153929-54-5
75	153929-64-7
75	153986-89-1
75	154-21-2
75	154-41-6
75	154-45-0
75	15415-64-2
75	15419-94-0
75	154212-60-9
75	15422-57-8
75	15422-57-8
75	15422-58-9
75	15422-58-9
75	15422-59-0
75	15422-59-0
75	1542381-47-4
75	154303-16-9
75	15432-85-6
75	15433-45-1
75	154336-20-6
75	154339-84-1
75	154383-48-9
75	154396-41-5
75	15444-43-6
75	154486-26-7
75	154613-01-1
75	154643-50-2
75	15465-13-1
75	154718-31-7
75	154765-32-9
75	154779-74-5
75	15480-34-9
75	1548444-15-0
75	154855-14-8
75	154881-98-8
75	15489-16-4
75	154906-09-9
75	15498-87-0
75	15499-68-0
75	155-01-1
75	155-09-9
75	155-25-9
75	155-85-1
75	155076-64-5
75	1551-02-6
75	155121-10-1
75	155123-44-7
75	15513-75-4
75	15516-76-4
75	15516-84-4
75	155160-86-4
75	15521-60-5
75	1552289-42-5
75	1552323-12-2
75	155280-45-8
75	155280-46-9
75	15529-67-6
75	155328-35-1
75	155399-52-3
75	155421-40-2
75	15545-48-9
75	15552-14-4
75	155522-09-1
75	155522-12-6
75	155569-91-8
75	155601-30-2
75	15566-33-3
75	15566-45-7
75	1556839-80-5
75	1557040-15-9
75	15571-58-1
75	15571-91-2
75	15572-25-5
75	15572-25-5
75	15575-20-9
75	15575-20-9
75	15578-19-5
75	155808-17-6
75	15585-26-9
75	15586-38-6
75	15586-47-7
75	15590-60-0
75	15590-62-2
75	15590-77-9
75	155916-06-6
75	155925-27-2
75	15593-51-8
75	15593-52-9
75	15593-61-0
75	15593-75-6
75	155937-95-4
75	15594-54-4
75	15596-83-5
75	156-08-1
75	156-34-3
75	156-43-4
75	156-59-2
75	156-60-5
75	156-62-7
75	15600-53-0
75	15600-62-1
75	15600-71-2
75	156014-54-9
75	156031-30-0
75	156052-68-5
75	15606-95-8
75	156107-73-2
75	15612-71-2
75	156126-48-6
75	156131-38-3
75	156137-33-6
75	156145-62-9
75	156145-66-3
75	15615-72-2
75	156234-43-4
75	156234-44-5
75	15625-89-5
75	15627-09-5
75	1563-79-7
75	1563-80-0
75	15630-39-4
75	15630-61-2
75	156324-82-2
75	15638-91-2
75	156428-33-0
75	15646-96-5
75	15648-88-1
75	15655-10-4
75	15656-86-7
75	156580-59-5
75	156620-80-3
75	156627-46-2
75	15667-84-2
75	156679-41-3
75	156681-25-3
75	15673-79-7
75	156738-27-1
75	156738-28-2
75	156755-12-3
75	156769-97-0
75	15677-87-9
75	15679-24-0
75	15682-87-8
75	15682-88-9
75	15684-36-3
75	156841-34-8
75	15686-27-8
75	15686-64-3
75	15686-71-2
75	15690-82-1
75	15690-89-8
75	156940-26-0
75	15696-43-2
75	15699-18-0
75	1570-64-5
75	1570-95-2
75	15700-33-1
75	15700-34-2
75	15701-09-4
75	15702-34-8
75	15706-36-2
75	15706-41-9
75	15706-54-4
75	15708-29-9
75	15708-49-3
75	15715-08-9
75	15715-08-9
75	15720-26-0
75	15720-55-5
75	15720-55-5
75	15720-57-7
75	15720-57-7
75	15720-78-2
75	157249-17-7
75	157306-34-8
75	157321-42-1
75	15735-70-3
75	15735-74-7
75	157362-53-3
75	157367-38-9
75	157367-40-3
75	15741-25-0
75	15741-29-4
75	15743-19-8
75	15743-50-7
75	15743-50-7
75	15743-55-2
75	15743-56-3
75	15743-56-3
75	15745-74-1
75	15745-97-8
75	15748-73-9
75	15749-66-3
75	15749-81-2
75	15751-77-6
75	15751-77-6
75	15752-86-0
75	15755-17-6
75	15755-18-7
75	15755-18-7
75	15755-27-8
75	15755-27-8
75	15755-33-6
75	15755-33-6
75	15755-35-8
75	15755-35-8
75	15756-15-7
75	15756-29-3
75	15756-29-3
75	15756-32-8
75	15756-32-8
75	15756-34-0
75	15756-34-0
75	15756-35-1
75	15756-35-1
75	15756-89-5
75	15757-86-5
75	15758-14-2
75	15758-45-9
75	15758-45-9
75	15759-52-1
75	1576-40-5
75	15760-04-0
75	15760-07-3
75	157627-98-0
75	157627-99-1
75	15765-38-5
75	15765-39-6
75	15766-33-3
75	157661-93-3
75	15768-07-7
75	15768-95-3
75	157707-94-3
75	15771-29-6
75	15773-47-4
75	15773-48-5
75	15773-52-1
75	15773-53-2
75	15773-55-4
75	15773-56-5
75	157732-35-9
75	157790-68-6
75	15780-33-3
75	15782-04-4
75	15782-06-6
75	15785-93-0
75	15792-29-7
75	15793-73-4
75	15793-76-7
75	157973-60-9
75	157973-63-2
75	15798-64-8
75	158006-54-3
75	15804-54-3
75	15805-42-2
75	15816-77-0
75	1582-09-8
75	15821-26-8
75	15823-35-5
75	15827-40-4
75	1582784-51-7
75	15829-53-5
75	15832-50-5
75	15843-02-4
75	15843-14-8
75	15843-48-8
75	15844-92-5
75	15845-47-3
75	15845-52-0
75	1584692-77-2
75	15851-40-8
75	15851-44-2
75	15851-44-2
75	15851-47-5
75	15851-47-5
75	15851-49-7
75	15851-52-2
75	15851-53-3
75	158518-86-6
75	15852-05-8
75	15852-08-1
75	15852-09-2
75	15852-10-5
75	15852-14-9
75	15852-14-9
75	15852-21-8
75	15855-80-8
75	158570-99-1
75	158571-57-4
75	158571-58-5
75	1586-91-0
75	158646-92-5
75	1586747-13-8
75	158725-45-2
75	15874-48-3
75	15874-49-4
75	15874-50-7
75	15874-51-8
75	15874-52-9
75	158750-30-2
75	15876-39-8
75	15880-99-6
75	1588489-56-8
75	15885-40-2
75	15885-42-4
75	15885-43-5
75	158853-86-2
75	15887-88-4
75	158894-67-8
75	1589-47-5
75	15890-25-2
75	15892-23-6
75	15899-92-0
75	15905-32-5
75	15905-81-4
75	15906-71-5
75	15907-04-7
75	159104-96-8
75	15912-16-0
75	159120-95-3
75	159172-35-7
75	15918-62-4
75	15922-78-8
75	159235-16-2
75	159251-16-8
75	1593-77-7
75	159317-41-6
75	15935-90-7
75	159405-95-5
75	159431-44-4
75	159474-76-7
75	159520-53-3
75	15956-58-8
75	1596-84-5
75	159604-94-1
75	15972-60-8
75	15973-57-6
75	159778-17-3
75	15978-33-3
75	159793-35-8
75	15980-11-7
75	15991-76-1
75	159939-85-2
75	1600-27-7
75	1600504-91-3
75	160073-05-2
75	160125-91-7
75	160186-10-7
75	160194-26-3
75	160211-89-2
75	160219-76-1
75	160236-81-7
75	160278-55-7
75	1603-84-5
75	1603-99-2
75	16033-71-9
75	160336-35-6
75	16036-87-6
75	16037-50-6
75	16038-76-9
75	16039-55-7
75	16039-61-5
75	1604-26-8
75	1604-29-1
75	1604-35-9
75	16040-38-3
75	160430-64-8
75	16047-22-6
75	16056-34-1
75	16056-37-4
75	16056-72-7
75	160674-45-3
75	160683-19-2
75	16071-86-6
75	16083-14-0
75	160830-00-2
75	1608493-63-5
75	160903-84-4
75	1609158-91-9
75	16092-34-5
75	16092-48-1
75	160928-64-3
75	1609539-69-6
75	160965-30-0
75	160976-13-6
75	160995-24-4
75	16102-92-4
75	1610419-57-2
75	16105-06-9
75	161061-60-5
75	161075-36-1
75	161090-27-3
75	161122-33-4
75	161122-34-5
75	16118-49-3
75	161279-90-9
75	1613165-06-2
75	1613512-65-4
75	1613512-66-5
75	161403-69-6
75	16142-89-5
75	16142-89-5
75	16142-89-5
75	16143-80-9
75	1615226-10-2
75	161544-44-1
75	161628-32-6
75	161628-33-7
75	161628-34-8
75	161717-32-4
75	1617530-25-2
75	16180-04-4
75	16183-12-3
75	161849-41-8
75	161935-19-9
75	161937-12-8
75	1619933-02-6
75	1620207-60-4
75	162031-55-2
75	1620837-35-5
75	1621460-93-2
75	16216-31-2
75	162193-38-6
75	1621997-91-8
75	1622-61-3
75	1622-62-4
75	162208-27-7
75	16222-66-5
75	162221-28-5
75	162221-54-7
75	162241-33-0
75	162342-48-5
75	1623456-05-2
75	1623456-05-2
75	162354-87-2
75	162355-24-0
75	1624-02-8
75	162400-43-3
75	162515-68-6
75	16256-07-8
75	1626357-11-6
75	162707-16-6
75	162744-63-0
75	162774-69-8
75	162774-83-6
75	162786-24-5
75	16279-54-2
75	1628260-45-6
75	162831-66-5
75	1628788-89-5
75	162881-26-7
75	162887-53-8
75	1629869-94-8
75	162994-84-5
75	163062-28-0
75	1630800-70-2
75	1631149-30-8
75	163183-00-4
75	163183-01-5
75	163183-98-0
75	1631962-20-3
75	1632-89-9
75	1632398-54-9
75	163269-30-5
75	1633026-84-2
75	16337-84-1
75	1634-04-4
75	163442-07-7
75	163498-05-3
75	163515-14-8
75	163520-33-0
75	163620-50-6
75	163701-88-0
75	163701-93-7
75	1637232-73-5
75	1637457-78-3
75	163751-31-3
75	163751-89-1
75	1638-05-7
75	163831-67-2
75	163879-69-4
75	1639-60-7
75	163915-23-9
75	16393-49-0
75	164057-73-2
75	164058-21-3
75	164058-22-4
75	164071-41-4
75	164144-91-6
75	1641546-65-7
75	16423-68-0
75	16426-45-2
75	164288-56-6
75	164325-69-3
75	1644062-60-1
75	1644364-49-7
75	16450-50-3
75	16450-50-3
75	1645304-11-5
75	16455-98-4
75	16456-84-1
75	164578-04-5
75	164578-09-0
75	164578-11-4
75	164578-13-6
75	164578-14-7
75	164578-16-9
75	1646200-96-5
75	164637-97-2
75	16474-89-8
75	16474-90-1
75	16484-77-8
75	164846-99-5
75	1648540-19-5
75	16488-84-9
75	164907-72-6
75	164907-73-7
75	164907-74-8
75	16493-35-9
75	16499-74-4
75	16508-79-5
75	16509-11-8
75	16509-22-1
75	165124-03-8
75	16518-48-2
75	1653-56-1
75	16543-55-8
75	16544-92-6
75	165589-75-3
75	16565-94-9
75	16565-94-9
75	16569-85-0
75	16569-86-1
75	1658-56-6
75	165800-03-3
75	16593-57-0
75	16610-63-2
75	166165-37-3
75	166242-53-1
75	166269-55-2
75	1663-39-4
75	166301-21-9
75	16634-82-5
75	16639-66-0
75	1664-98-8
75	16645-96-8
75	16645-99-1
75	16646-00-7
75	16649-49-3
75	1665-00-5
75	166516-01-4
75	166520-64-5
75	166596-68-5
75	1666-13-3
75	16667-06-4
75	16669-27-5
75	16672-87-0
75	1668-00-4
75	1668-86-6
75	16681-74-6
75	16683-64-0
75	16683-65-1
75	16683-71-9
75	16685-55-5
75	16685-55-5
75	166889-67-4
75	166900-80-7
75	166941-59-9
75	16695-22-0
75	166975-78-6
75	16699-63-1
75	167076-44-0
75	1671-41-6
75	1671-49-4
75	1674-56-2
75	167415-42-1
75	167416-30-0
75	167498-52-4
75	1675-54-3
75	16751-55-6
75	1675229-61-4
75	16760-37-5
75	167678-46-8
75	167678-63-9
75	16782-00-6
75	16784-72-8
75	16786-44-0
75	167972-06-7
75	167972-08-9
75	1680-21-3
75	16800-11-6
75	168042-08-8
75	168066-58-8
75	168113-78-8
75	16812-54-7
75	168151-92-6
75	168153-21-7
75	168214-28-6
75	16823-94-2
75	168277-99-4
75	16833-52-6
75	168331-52-0
75	16835-99-7
75	16846-24-5
75	16853-74-0
75	16853-85-3
75	168612-06-4
75	16868-14-7
75	16868-14-7
75	16871-80-0
75	16872-11-0
75	1689-83-4
75	1689-84-5
75	1689-99-2
75	16893-14-4
75	16893-92-8
75	16894-69-2
75	16901-76-1
75	16902-25-3
75	1690350-49-2
75	16904-63-5
75	169102-57-2
75	169104-71-6
75	16914-68-4
75	16919-31-6
75	16919-58-7
75	16921-30-5
75	16923-58-3
75	16923-64-1
75	16923-95-8
75	16925-25-0
75	16925-26-1
75	16925-35-2
75	1693-74-9
75	169314-62-9
75	16938-22-0
75	1694-09-3
75	1694-82-2
75	16941-06-3
75	16941-12-1
75	16941-26-7
75	16949-12-5
75	1695-77-8
75	16950-06-4
75	16961-83-4
75	169741-16-6
75	169797-19-7
75	1698-60-8
75	16984-48-8
75	16986-83-7
75	169939-84-8
75	169957-95-3
75	16996-40-0
75	16996-40-0
75	16996-51-3
75	17010-21-8
75	170153-42-1
75	1702-17-6
75	170222-39-6
75	1702279-08-0
75	1702279-15-9
75	17026-06-1
75	17029-22-0
75	170292-97-4
75	17033-07-7
75	17034-55-8
75	17035-66-4
75	17048-37-2
75	1705-85-7
75	17068-85-8
75	1707-14-8
75	17082-12-1
75	170831-56-8
75	170906-32-8
75	17092-80-7
75	17095-24-8
75	170962-54-6
75	17097-11-9
75	17097-13-1
75	171054-89-0
75	17109-49-8
75	17112-43-5
75	17125-80-3
75	17125-91-6
75	1713-14-0
75	1713-15-1
75	17140-57-7
75	17140-58-8
75	17140-73-7
75	17140-98-6
75	1715-99-7
75	171599-85-2
75	17169-61-8
75	171745-67-8
75	171887-03-9
75	1719-06-8
75	17193-28-1
75	17194-00-2
75	172015-79-1
75	17211-55-1
75	17220-70-1
75	172227-74-6
75	172277-97-3
75	172305-03-2
75	172305-04-3
75	172307-27-6
75	172308-31-5
75	172343-48-5
75	17239-87-1
75	172399-10-9
75	17250-81-6
75	172515-29-6
75	17252-77-6
75	172589-69-4
75	1726-47-2
75	1726-65-4
75	1726-66-5
75	172672-41-2
75	172702-77-1
75	172737-80-3
75	17275-59-1
75	172777-04-7
75	172777-22-9
75	17279-39-9
75	172826-34-5
75	172826-46-9
75	172890-93-6
75	172908-18-8
75	172928-47-1
75	172964-15-7
75	17301-01-8
75	17301-10-9
75	17313-85-8
75	173159-57-4
75	173201-80-4
75	17329-46-3
75	17329-48-5
75	173306-28-0
75	17339-60-5
75	1735-17-7
75	17351-75-6
75	17354-14-2
75	173584-44-6
75	17372-42-8
75	17372-87-1
75	17375-04-1
75	17375-41-6
75	1739-84-0
75	17392-83-5
75	173927-40-7
75	173994-75-7
75	174016-61-6
75	17404-66-9
75	17404-66-9
75	17406-54-1
75	174060-41-4
75	17413-38-6
75	174206-15-6
75	174206-16-7
75	1743-01-7
75	174393-75-0
75	174494-25-8
75	174514-06-8
75	174514-58-0
75	174591-51-6
75	174593-28-3
75	1746-01-6
75	174612-63-6
75	174633-44-4
75	174845-65-9
75	174956-83-3
75	174973-66-1
75	17501-44-9
75	175013-18-0
75	17508-29-1
75	175386-67-1
75	175386-69-3
75	175446-71-6
75	175448-53-0
75	175463-14-6
75	17549-30-3
75	1755-36-8
75	17557-23-2
75	175695-12-2
75	17570-76-2
75	1758-48-1
75	1758-88-9
75	175876-44-5
75	17589-14-9
75	175895-38-2
75	17593-69-0
75	17617-23-1
75	1762-26-1
75	1762-26-1
75	1762-27-2
75	1762-27-2
75	1762-28-3
75	1762-28-3
75	17620-10-9
75	17620-10-9
75	1763-23-1
75	17630-75-0
75	17638-48-1
75	176429-22-4
75	176429-27-9
75	17643-36-6
75	17647-74-4
75	17652-47-0
75	176598-18-8
75	17672-22-9
75	17692-28-3
75	176948-84-8
75	17696-62-7
75	17697-12-0
75	1771-18-2
75	1772-02-7
75	177256-35-8
75	1772606-15-1
75	177322-39-3
75	1773514-66-1
75	1773514-92-3
75	177406-68-7
75	177473-73-3
75	177529-54-3
75	177564-71-5
75	1776-66-5
75	1776-70-1
75	177646-05-8
75	177646-11-6
75	177715-24-1
75	17774-09-3
75	17779-27-0
75	177964-68-0
75	17804-35-2
75	178115-93-0
75	17814-20-9
75	178277-55-9
75	17843-02-6
75	178452-66-9
75	178452-71-6
75	178452-72-7
75	1785-43-9
75	17852-69-6
75	17852-98-1
75	17856-92-7
75	178560-73-1
75	17857-44-2
75	17861-62-0
75	17865-32-6
75	17874-34-9
75	178959-28-9
75	178961-20-1
75	178966-14-8
75	178989-93-0
75	17901-09-6
75	179101-81-6
75	179104-32-6
75	179472-56-1
75	179474-79-4
75	179530-31-5
75	179607-24-0
75	179607-25-1
75	179733-60-9
75	17974-04-8
75	17974-95-7
75	17976-43-1
75	17980-47-1
75	179865-13-5
75	1799386-26-7
75	1799390-27-4
75	17997-47-6
75	1801269-77-1
75	1801269-80-6
75	180129-52-6
75	18015-76-4
75	180472-48-4
75	180616-31-3
75	180637-89-2
75	180778-23-8
75	180795-32-8
75	1808110-27-1
75	180850-95-7
75	18087-70-2
75	1809260-52-3
75	1812-30-2
75	1812-53-9
75	18144-43-9
75	18144-47-3
75	181591-67-3
75	181658-85-5
75	181719-82-4
75	181768-98-9
75	181826-08-4
75	1818338-87-2
75	1818401-35-2
75	181939-29-7
75	18195-55-6
75	18201-52-0
75	182016-11-1
75	1820573-27-0
75	182077-65-2
75	18211-85-3
75	182115-04-4
75	182176-52-9
75	18221-59-5
75	182260-45-3
75	182260-46-4
75	18230-61-0
75	182346-21-0
75	18235-46-6
75	18235-46-6
75	1825302-06-4
75	18266-52-9
75	1826890-03-2
75	1826890-06-5
75	1826890-16-7
75	18279-19-1
75	18279-20-4
75	18279-21-5
75	18283-82-4
75	18283-88-0
75	18299-85-9
75	183075-56-1
75	18312-04-4
75	18312-66-8
75	183130-96-3
75	183135-74-2
75	18318-83-7
75	183196-57-8
75	18323-44-9
75	1834590-43-0
75	183581-68-2
75	183592-61-2
75	1836-75-5
75	183658-27-7
75	18368-64-4
75	1837-99-6
75	18380-68-2
75	183808-13-1
75	183890-12-2
75	184007-78-1
75	18402-84-1
75	18411-36-4
75	18413-17-7
75	18421-60-8
75	18424-17-4
75	18428-88-1
75	184288-31-1
75	184288-32-2
75	1843-42-1
75	18438-09-0
75	18445-58-4
75	18454-12-1
75	18454-12-1
75	184637-62-5
75	184637-63-6
75	184637-88-5
75	184637-91-0
75	18467-88-4
75	18472-87-2
75	184720-17-0
75	184827-20-1
75	184845-37-2
75	18487-39-3
75	184892-22-6
75	1849-29-2
75	184963-09-5
75	18497-13-7
75	185019-20-9
75	18532-52-0
75	18532-58-6
75	185323-71-1
75	18534-07-1
75	185395-33-9
75	18540-29-9
75	185461-93-2
75	185461-95-4
75	185461-96-5
75	185464-26-0
75	185464-37-3
75	185464-44-2
75	185532-71-2
75	185568-48-3
75	18559-59-6
75	18559-94-9
75	185608-75-7
75	185739-90-6
75	1858-47-5
75	185828-91-5
75	18584-79-7
75	18589-26-9
75	185915-28-0
75	1859910-22-7
75	18600-59-4
75	18608-34-9
75	1861-26-3
75	1861-40-1
75	1862-07-3
75	18623-82-0
75	186322-74-7
75	186373-01-3
75	186450-73-7
75	18662-53-8
75	186673-39-2
75	186708-92-9
75	186708-96-3
75	186776-88-5
75	186825-36-5
75	186825-36-5
75	186825-39-8
75	186825-40-1
75	186983-60-8
75	187-83-7
75	187-94-0
75	187-95-1
75	187026-95-5
75	187047-24-1
75	187112-40-9
75	187175-63-9
75	18718-11-1
75	18721-51-2
75	187285-15-0
75	187285-16-1
75	187412-41-5
75	187547-46-2
75	18755-43-6
75	18756-72-4
75	18759-96-1
75	187619-11-0
75	187674-42-6
75	18770-47-3
75	188-00-1
75	188-11-4
75	188-13-6
75	188-42-1
75	188-51-2
75	188-52-3
75	188-67-0
75	188-72-7
75	188-84-1
75	188-87-4
75	188-89-6
75	188-90-9
75	188-91-0
75	188-96-5
75	188070-47-5
75	188070-59-9
75	18829-55-5
75	18832-83-2
75	188357-76-8
75	188357-78-0
75	188357-79-1
75	18836-29-8
75	188364-76-3
75	18840-47-6
75	188448-56-8
75	188735-39-9
75	188763-03-3
75	188785-87-7
75	18879-37-3
75	18880-53-0
75	188907-52-0
75	18897-36-4
75	189-01-5
75	189-18-4
75	189-52-6
75	189-55-9
75	189-64-0
75	189-96-8
75	189012-93-9
75	18906-50-8
75	189084-64-8
75	189084-65-9
75	189084-66-0
75	18911-12-1
75	189154-86-7
75	18917-82-3
75	18917-83-4
75	18918-06-4
75	18918-17-7
75	189195-39-9
75	1892-80-4
75	1892-81-5
75	189278-12-4
75	189279-89-8
75	189282-49-3
75	18933-92-1
75	18960-62-8
75	18961-44-9
75	18961-45-0
75	18967-31-2
75	1897-41-2
75	1897-45-6
75	189702-72-5
75	18972-69-5
75	18972-70-8
75	18974-18-0
75	18974-19-1
75	18974-20-4
75	18974-20-4
75	18983-72-7
75	189832-99-3
75	18987-38-7
75	18991-05-4
75	190-01-2
75	190-05-6
75	190-12-5
75	190-26-1
75	190-31-8
75	190-36-3
75	190-39-6
75	190-47-6
75	190-55-6
75	190-66-9
75	190-70-5
75	190-71-6
75	190-72-7
75	190-74-9
75	190-81-8
75	190-84-1
75	190-87-4
75	190-88-5
75	190-93-2
75	190-95-4
75	19008-43-6
75	190086-22-7
75	19010-65-2
75	19010-66-3
75	19010-79-8
75	19033-63-7
75	19034-08-3
75	190402-10-9
75	19049-40-2
75	19052-67-6
75	19052-68-7
75	19060-15-2
75	190601-97-9
75	19088-11-0
75	19095-88-6
75	19098-16-9
75	191-03-7
75	191-07-1
75	191-13-9
75	191-20-8
75	191-23-1
75	191-26-4
75	191-29-7
75	191-30-0
75	191-32-2
75	191-33-3
75	191-34-4
75	191-46-8
75	191-53-7
75	191-67-3
75	191-68-4
75	191-79-7
75	191-81-1
75	191-85-5
75	191-87-7
75	1910-42-5
75	191114-48-4
75	1912-24-9
75	19121-60-9
75	19122-79-3
75	191226-60-5
75	191234-22-7
75	19136-34-6
75	191362-21-7
75	19153-98-1
75	19153-99-2
75	19154-72-4
75	191606-83-4
75	191665-41-5
75	1917-92-6
75	1917-95-9
75	1917-96-0
75	1918-00-9
75	1918-16-7
75	191807-79-1
75	19181-26-1
75	191877-09-5
75	19188-18-2
75	192-28-9
75	192-35-8
75	192-47-2
75	192-51-8
75	192-58-5
75	192-65-4
75	192-70-1
75	192-87-0
75	192-89-2
75	192-97-2
75	1920-90-7
75	1920-90-7
75	192076-92-9
75	19223-62-2
75	192230-72-1
75	192458-89-2
75	19247-05-3
75	19259-90-6
75	19262-93-2
75	1926976-90-0
75	192725-50-1
75	1928-37-6
75	1928-38-7
75	1928-39-8
75	1928-40-1
75	1928-43-4
75	1928-44-5
75	1928-45-6
75	1928-47-8
75	1928-57-0
75	1928-61-6
75	192819-80-0
75	192823-90-8
75	19286-75-0
75	1928718-93-7
75	1929-73-3
75	1929-86-8
75	19295-82-0
75	193-09-9
75	193-11-3
75	193-21-5
75	193-27-1
75	193-43-1
75	193-69-1
75	19301-88-3
75	193159-06-7
75	193198-03-7
75	19333-07-4
75	1934-21-0
75	193487-08-0
75	193562-37-7
75	1936-15-8
75	19361-62-7
75	19367-79-4
75	1937-37-7
75	19372-20-4
75	19381-50-1
75	19387-91-8
75	193898-52-1
75	1939-36-2
75	19398-06-2
75	194-58-1
75	194-69-4
75	194-84-3
75	194023-00-2
75	194091-52-6
75	19417-15-3
75	19423-89-3
75	1943-82-4
75	19438-59-6
75	19438-59-6
75	19438-60-9
75	19438-63-2
75	19438-64-3
75	1944-12-3
75	19447-62-2
75	19448-61-4
75	194491-31-1
75	19450-38-5
75	194549-90-1
75	194554-64-8
75	194602-27-2
75	1946759-18-7
75	19480-40-1
75	19481-10-8
75	19485-03-1
75	19488-81-4
75	194936-84-0
75	195-00-6
75	195-06-2
75	195-19-7
75	195-88-0
75	195-90-4
75	1951-97-9
75	195161-79-6
75	195161-80-9
75	195161-82-1
75	195161-84-3
75	195161-85-4
75	195245-66-0
75	19527-02-7
75	19527-80-1
75	19528-48-4
75	19528-55-3
75	195436-38-5
75	195740-11-5
75	19583-54-1
75	19583-77-8
75	19583-77-8
75	196-28-1
75	196-36-1
75	196-42-9
75	196-45-2
75	196-46-3
75	196-52-1
75	196-64-5
75	196-77-0
75	196-78-1
75	19632-73-6
75	19638-16-5
75	196413-10-2
75	196414-34-3
75	19642-99-0
75	19651-80-0
75	19651-91-3
75	196522-51-7
75	196696-68-1
75	19696-82-3
75	196966-17-3
75	197-61-5
75	197-69-3
75	197-70-6
75	197-74-0
75	197-79-5
75	197179-61-6
75	19719-72-3
75	19750-95-9
75	19764-74-0
75	19766-89-3
75	19770-52-6
75	19780-84-8
75	197809-38-4
75	19781-81-8
75	19783-14-3
75	1979138-53-8
75	197980-53-3
75	198-19-6
75	198-46-9
75	198-55-0
75	198-93-6
75	198-95-8
75	19807-00-2
75	198213-15-9
75	19824-61-4
75	1983-10-4
75	198351-78-9
75	198352-30-6
75	198352-33-9
75	19853-79-3
75	19856-32-7
75	19859-84-8
75	1986-66-9
75	19869-93-3
75	19869-93-3
75	198694-76-7
75	198831-98-0
75	198831-99-1
75	198832-03-0
75	199-21-3
75	199-54-2
75	199-95-1
75	19900-65-3
75	199281-21-5
75	199327-61-2
75	199384-58-2
75	199685-35-3
75	199790-61-9
75	199876-46-5
75	200-63-5
75	200-71-5
75	20039-37-6
75	200401-83-8
75	20043-94-1
75	20050-14-0
75	200509-41-7
75	20055-01-0
75	200577-85-1
75	2008-39-1
75	2008-46-0
75	200863-18-9
75	200889-05-0
75	20091-45-6
75	2009382-57-2
75	201-06-9
75	201-27-4
75	201-42-3
75	201-65-0
75	201-72-9
75	20108-78-5
75	201097-94-1
75	2011-67-8
75	201230-82-2
75	201290-01-9
75	2014335-16-9
75	201463-85-6
75	201528-77-0
75	201536-77-8
75	2015955-51-6
75	2016-42-4
75	2016-57-1
75	201732-55-0
75	201742-34-9
75	201749-62-4
75	201799-71-5
75	2019-69-4
75	202-03-9
75	202-33-5
75	202-94-8
75	202-98-2
75	20203-47-8
75	202054-39-5
75	202134-79-0
75	20214-07-7
75	202149-12-0
75	20219-29-8
75	202197-26-0
75	20223-84-1
75	20232-24-0
75	20234-67-7
75	20236-55-9
75	202420-04-0
75	202483-63-4
75	20249-47-2
75	202581-61-1
75	20259-40-9
75	2028-63-9
75	20282-70-6
75	203-06-5
75	203-07-6
75	203-11-2
75	203-12-3
75	203-13-4
75	203-18-9
75	203-20-3
75	203-21-4
75	203-25-8
75	203-33-8
75	203-64-5
75	203-80-5
75	2030-63-9
75	203009-17-0
75	20305-50-4
75	2031250-39-0
75	20313-52-4
75	20316-06-7
75	20316-44-3
75	2032-75-9
75	203212-67-3
75	20325-40-0
75	20328-78-3
75	20328-96-5
75	203300-24-7
75	203300-26-9
75	203313-25-1
75	20334-41-2
75	20334-43-4
75	20346-77-4
75	203497-53-4
75	2035-66-7
75	2035-72-5
75	203514-07-2
75	20354-26-1
75	2036-15-9
75	203645-17-4
75	203645-18-5
75	20368-45-0
75	20369-63-5
75	2037-26-5
75	203812-34-4
75	20383-42-0
75	20389-61-1
75	20398-06-5
75	204-89-7
75	2040-90-6
75	204013-22-9
75	20403-41-2
75	20403-42-3
75	20405-64-5
75	2042-14-0
75	2042-50-4
75	204254-96-6
75	20427-59-2
75	204270-19-9
75	204322-88-3
75	20436-53-7
75	2045-00-3
75	204570-16-1
75	204594-09-2
75	20469-71-0
75	204854-16-0
75	20492-50-6
75	20495-12-9
75	20495-14-1
75	20495-15-2
75	204975-24-6
75	204987-58-6
75	204996-41-8
75	205-12-9
75	205-82-3
75	205-83-4
75	205-97-0
75	205-99-2
75	2050-34-2
75	2051-79-8
75	2051-85-6
75	205105-68-6
75	205110-48-1
75	205180-59-2
75	20534-94-5
75	20539-27-9
75	20539-51-9
75	20539-85-9
75	20541-49-5
75	20542-97-6
75	20543-06-0
75	20548-08-7
75	20548-54-3
75	205501-13-9
75	205510-53-8
75	20554-59-0
75	2056146-02-0
75	20564-21-0
75	2056906-49-9
75	20571-45-3
75	205764-96-1
75	20582-71-2
75	20594-49-4
75	206-06-4
75	20601-83-6
75	20601-83-6
75	206010-31-3
75	20609-60-3
75	20620-87-5
75	20627-73-0
75	20632-18-2
75	20645-04-9
75	20648-91-3
75	2065-75-0
75	20654-88-0
75	206565-89-1
75	20690-61-3
75	207-02-3
75	207-08-9
75	207-18-1
75	207-83-0
75	20720-76-7
75	20720-76-7
75	20738-78-7
75	20739-58-6
75	2074-50-2
75	207500-00-3
75	20768-68-7
75	20773-28-8
75	207738-09-8
75	20780-53-4
75	20780-54-5
75	20786-60-1
75	207869-03-2
75	2081-12-1
75	208117-76-4
75	20816-12-0
75	2082-81-7
75	208266-18-6
75	2082751-40-2
75	20830-81-3
75	20837-86-9
75	208398-70-3
75	2084-55-1
75	2084-56-2
75	20845-01-6
75	20845-92-5
75	208519-32-8
75	208535-04-0
75	208538-34-5
75	208728-20-5
75	208728-21-6
75	20883-32-3
75	20890-10-2
75	208990-07-2
75	2090-08-6
75	20917-34-4
75	2092-17-3
75	2092-56-0
75	209343-48-6
75	20936-32-7
75	2094-99-7
75	20940-37-8
75	20941-65-5
75	209467-52-7
75	2095-01-4
75	2095-02-5
75	20960-77-4
75	209909-86-4
75	209969-79-9
75	210-65-1
75	21006-73-5
75	210093-72-4
75	2101242-86-6
75	21028-49-9
75	210290-06-5
75	210357-81-6
75	21041-95-2
75	21049-39-8
75	210555-94-5
75	21059-09-6
75	2106-05-0
75	210818-08-9
75	21082-50-8
75	210880-92-5
75	2109-22-0
75	210902-79-7
75	21093-83-4
75	21093-83-4
75	211-91-6
75	21109-99-9
75	2111100-94-6
75	211299-54-6
75	2113-61-3
75	21136-70-9
75	21150-88-9
75	211510-16-6
75	211564-97-5
75	2117-11-5
75	2117-39-7
75	2117-69-3
75	21175-64-4
75	2118-39-0
75	21180-26-7
75	211862-45-2
75	211862-46-3
75	211862-48-5
75	211862-50-9
75	211862-52-1
75	211925-80-3
75	21198-79-8
75	211990-09-9
75	212-41-9
75	212-54-4
75	212059-00-2
75	212059-26-2
75	2122-19-2
75	2122-20-5
75	212247-03-5
75	212384-28-6
75	21245-01-2
75	212555-08-3
75	21259-76-7
75	212652-59-0
75	212793-41-4
75	213-44-5
75	213-46-7
75	21319-43-7
75	213190-86-4
75	21328-74-5
75	21343-84-0
75	213530-35-9
75	21361-93-3
75	21369-64-2
75	21370-21-8
75	213762-89-1
75	213880-86-5
75	213972-06-6
75	213972-07-7
75	214-13-1
75	214-15-3
75	214-16-4
75	214-17-5
75	214-63-1
75	214-91-5
75	21423-08-5
75	214265-38-0
75	21432-78-0
75	214353-17-0
75	21436-96-4
75	21436-97-5
75	21436-98-6
75	214362-06-8
75	214402-07-0
75	214417-91-1
75	214478-05-4
75	21450-52-2
75	21450-81-7
75	214540-86-0
75	21459-27-8
75	214686-31-4
75	21480-65-9
75	215-11-2
75	215-26-9
75	215-58-7
75	215-95-2
75	215-96-3
75	21512-95-8
75	21519-20-0
75	2152-34-3
75	215247-95-3
75	215361-84-5
75	21547-63-7
75	2155-30-8
75	2155-70-6
75	2155-73-9
75	2155-74-0
75	2155-75-1
75	2155-81-9
75	2155-81-9
75	21559-14-8
75	2156-96-9
75	2156-97-0
75	215612-56-9
75	21564-17-0
75	2156592-54-8
75	2157-01-9
75	215780-01-1
75	21581-60-2
75	21583-33-5
75	21593-23-7
75	21598-22-1
75	216-00-2
75	216-07-9
75	216-08-0
75	216-48-8
75	21600-78-2
75	216082-57-4
75	21616-59-1
75	2162-73-4
75	2162-98-3
75	2163-77-1
75	2163-80-6
75	2163-80-6
75	2164-08-1
75	21643-42-5
75	21669-04-5
75	2167-85-3
75	217-37-8
75	217-42-5
75	217-54-9
75	217-59-4
75	2171-98-4
75	21723-40-0
75	217487-17-7
75	2177-70-0
75	21774-13-0
75	21774-13-0
75	21784-78-1
75	2179-79-5
75	2179-92-2
75	2179-92-2
75	218-01-9
75	2180-65-6
75	21800-13-5
75	21840-08-4
75	218459-95-1
75	2185-78-6
75	2186-24-5
75	2186-25-6
75	218625-68-4
75	218625-70-8
75	218625-72-0
75	21883-56-7
75	21892-63-7
75	21908-53-2
75	2191-10-8
75	219315-45-4
75	219717-42-7
75	219782-27-1
75	21983-80-2
75	219840-96-7
75	219861-18-4
75	220-77-9
75	220-78-0
75	220-82-6
75	220-97-3
75	22006-17-3
75	220150-59-4
75	2202-23-5
75	220444-73-5
75	2206-26-0
75	220620-09-7
75	2207-04-7
75	2207-50-3
75	220713-25-7
75	220713-31-5
75	220713-32-6
75	220713-36-0
75	220727-26-4
75	220750-19-6
75	220756-60-5
75	220787-06-4
75	220812-51-1
75	22083-76-7
75	22094-83-3
75	22095-52-9
75	220970-37-6
75	220971-30-2
75	22098-38-0
75	221-15-8
75	2210-28-8
75	2210-63-1
75	2210-79-9
75	221006-80-0
75	2212-53-5
75	2212-54-6
75	2212-67-1
75	221215-20-9
75	221354-37-6
75	2215-16-9
75	221548-98-7
75	221658-08-8
75	22199-08-2
75	222-51-5
75	222-54-8
75	222-58-2
75	222-75-3
75	222-78-6
75	222-81-1
75	222-88-8
75	222-93-5
75	22203-98-1
75	22214-62-6
75	22221-10-9
75	22224-92-6
75	2223-82-7
75	2223-93-0
75	2223-95-2
75	22259-30-9
75	22260-42-0
75	222835-65-6
75	222835-66-7
75	222835-68-9
75	222835-69-0
75	222835-70-3
75	222835-72-5
75	222835-74-7
75	222835-77-0
75	22288-41-1
75	2229-55-2
75	223-31-4
75	223-66-5
75	2231343-05-6
75	22323-45-1
75	22323-45-1
75	22323-45-1
75	22327-39-5
75	2233-42-3
75	2233-42-3
75	22330-14-9
75	22330-18-3
75	223492-88-4
75	2235-25-8
75	22366-99-0
75	223705-57-5
75	22374-57-8
75	223785-87-3
75	22379-77-7
75	22398-80-7
75	224-41-9
75	2240-14-4
75	22411-22-9
75	224181-26-4
75	2242757-54-4
75	2242959-68-6
75	2243-62-1
75	22432-68-4
75	22438-69-3
75	2244-16-8
75	2244-21-5
75	22441-45-8
75	224427-14-9
75	22450-90-4
75	22454-04-2
75	22457-55-2
75	224635-63-6
75	22464-99-9
75	22464-99-9
75	22465-18-5
75	22465-18-5
75	22471-55-2
75	2247261-17-0
75	2247261-42-1
75	2247261-50-1
75	22473-71-8
75	224778-67-0
75	224951-26-2
75	224963-00-2
75	225-83-2
75	2250318-40-0
75	225107-31-3
75	2251116-56-8
75	22535-45-1
75	22537-20-8
75	22537-48-0
75	22537-51-5
75	22537-56-0
75	2253722-08-4
75	22541-54-4
75	22541-55-5
75	22561-74-6
75	22564-99-4
75	22569-47-7
75	22569-74-0
75	2257421-96-6
75	22581-63-1
75	226-86-8
75	226-88-0
75	2260-50-6
75	22605-92-1
75	226065-73-2
75	22626-92-2
75	226555-16-4
75	22673-19-4
75	22681-81-8
75	226883-65-4
75	226904-79-6
75	22691-02-7
75	22694-75-3
75	226992-37-6
75	226996-19-6
75	227-04-3
75	227-07-6
75	227-09-8
75	227-50-9
75	227085-51-0
75	22723-52-0
75	22725-06-0
75	227313-49-7
75	22733-74-0
75	22739-14-6
75	2274-11-5
75	227453-69-2
75	22750-53-4
75	22750-54-5
75	22775-12-8
75	2279-64-3
75	22802-35-3
75	228120-10-3
75	22830-18-8
75	22831-42-1
75	228574-04-7
75	22868-13-9
75	22877-95-8
75	22886-75-5
75	22894-47-9
75	22904-40-1
75	2294935-60-5
75	22950-29-4
75	22961-82-6
75	22967-92-6
75	2300-66-5
75	2302-17-2
75	2303-16-4
75	2303-17-5
75	230309-67-8
75	23031-25-6
75	23031-32-5
75	2307-55-3
75	23085-60-1
75	23092-17-3
75	2310-17-0
75	23103-98-2
75	2312-35-8
75	2314-97-8
75	2315-02-8
75	23155-02-4
75	23181-49-9
75	231946-75-1
75	23197-61-7
75	232-54-2
75	2321-07-5
75	2321-53-1
75	23214-92-8
75	232259-02-8
75	23232-50-0
75	23238-59-7
75	232598-90-2
75	23268-00-0
75	23277-52-3
75	23288-53-1
75	23296-41-5
75	23307-89-3
75	23319-66-6
75	23331-03-5
75	23337-55-5
75	23355-47-7
75	23355-64-8
75	23359-62-8
75	23371-94-0
75	23384-69-2
75	234096-34-5
75	23410-25-5
75	23422-53-9
75	23436-05-7
75	23436-05-7
75	234439-30-6
75	23471-13-8
75	23471-23-0
75	23479-08-5
75	23483-74-1
75	23488-13-3
75	235-92-7
75	2350-11-0
75	2351150-23-5
75	23519-77-9
75	23525-22-6
75	2353-45-9
75	23541-42-6
75	235433-35-9
75	23564-05-8
75	2357-47-3
75	23570-56-1
75	23580-51-0
75	23582-05-0
75	23582-06-1
75	23586-53-0
75	23586-55-2
75	23587-90-8
75	23588-87-6
75	23601-23-2
75	23621-79-6
75	23637-34-5
75	23654-14-0
75	23660-44-8
75	23713-48-6
75	23720-59-4
75	23724-81-4
75	237391-94-5
75	23758-42-1
75	23758-43-2
75	23774-70-1
75	2377780-57-7
75	23783-26-8
75	2379-74-0
75	238-04-0
75	238-84-6
75	2380-86-1
75	2380-94-1
75	238088-70-5
75	2381-21-7
75	23819-11-6
75	2385-85-5
75	23854-38-8
75	2386-87-0
75	23878-46-8
75	2388-00-3
75	2388-00-3
75	2388-40-1
75	23887-31-2
75	239-60-1
75	239-85-0
75	239-98-5
75	2390-59-2
75	2390-60-5
75	239110-15-7
75	2392-42-9
75	23940-36-5
75	23940-69-4
75	239446-62-9
75	23950-58-5
75	2397-76-4
75	2399-81-7
75	23992-32-7
75	240-04-0
75	2400970-89-8
75	240141-93-9
75	24046-61-5
75	2407-94-5
75	2408-36-8
75	2408-86-8
75	24085-06-1
75	241-28-1
75	24124-25-2
75	2412445-90-8
75	24166-13-0
75	24197-34-0
75	242-47-7
75	2420-97-5
75	2420-98-6
75	2420-98-6
75	2421-28-5
75	24219-37-2
75	24221-86-1
75	2424-53-5
75	24243-97-8
75	2425-06-1
75	2425-79-8
75	2425-85-6
75	2426-02-0
75	2426-08-6
75	24267-56-9
75	24270-51-7
75	24279-39-8
75	2429-71-2
75	2429-73-4
75	2429-79-0
75	2429-81-4
75	2429-82-5
75	2429-83-6
75	2429-84-7
75	24291-51-8
75	243-17-4
75	2430-46-8
75	2431-50-7
75	243121-01-9
75	243130-22-5
75	24325-23-3
75	24345-60-6
75	24356-01-2
75	243662-67-1
75	2437-29-8
75	24377-84-2
75	243858-01-7
75	243858-60-8
75	243869-48-9
75	2439-01-2
75	2439-10-3
75	2439-99-8
75	243973-20-8
75	2440-29-1
75	2440-34-8
75	2440-40-6
75	2440-42-8
75	2440-45-1
75	24403-04-1
75	24423-68-5
75	244244-86-8
75	24432-06-2
75	24440-79-7
75	24448-24-6
75	24448-73-5
75	2445-07-0
75	2445-83-2
75	244634-31-9
75	244778-79-8
75	24493-83-2
75	24493-84-3
75	24495-43-0
75	24495-59-8
75	24503-90-0
75	2451-62-9
75	245125-70-6
75	24518-47-6
75	24530-53-8
75	24545-86-6
75	2455-24-5
75	2455522-12-8
75	24556-64-7
75	24557-04-8
75	24558-01-8
75	24558-49-4
75	245654-34-6
75	245669-68-5
75	2457-01-4
75	2457-01-4
75	2457-02-5
75	24579-90-6
75	24579-91-7
75	24580-89-0
75	24593-34-8
75	24596-19-8
75	24602-86-6
75	24613-89-6
75	246178-32-5
75	246180-99-4
75	24626-20-8
75	24634-61-5
75	2464-48-4
75	2464-48-4
75	2465-27-2
75	24687-31-8
75	24687-35-2
75	24699-42-1
75	247050-57-3
75	24706-25-0
75	247151-36-6
75	24717-72-4
75	24719-13-9
75	24719-13-9
75	24719-19-5
75	24719-19-5
75	2472-17-5
75	2473-03-2
75	24735-35-1
75	24748-23-0
75	2475-45-8
75	2475-46-9
75	24754-03-8
75	24777-23-9
75	2478-20-8
75	24786-78-5
75	248-83-9
75	248-93-1
75	24804-14-6
75	24806-32-4
75	24824-71-3
75	24828-38-4
75	24850-33-7
75	24856-00-6
75	2485700-58-9
75	24871-38-3
75	248928-56-5
75	24934-60-9
75	2495-25-2
75	2495-27-4
75	2495-35-4
75	24952-65-6
75	24952-65-6
75	24964-91-8
75	249757-59-3
75	24976-60-1
75	2498-76-2
75	2499-58-3
75	2499-59-4
75	2499-95-8
75	24992-55-0
75	250-25-9
75	25013-17-6
75	25057-89-0
75	250599-19-0
75	25063-23-4
75	250639-69-1
75	25068-38-6
75	250688-43-8
75	25070-31-9
75	2508-97-6
75	2508-97-6
75	25094-02-4
75	25103-50-8
75	2512-29-0
75	251358-28-8
75	25137-75-1
75	2514-53-6
75	25152-52-7
75	25154-52-3
75	25155-23-1
75	25165-45-1
75	25167-73-1
75	25168-15-4
75	25168-15-4
75	25168-26-7
75	25188-34-5
75	25188-41-4
75	25188-42-5
75	2519-30-4
75	251927-12-5
75	25215-19-4
75	252188-71-9
75	252189-56-3
75	25221-70-9
75	252368-25-5
75	25244-91-1
75	252579-81-0
75	25268-69-3
75	2527-66-4
75	25285-72-7
75	252962-41-7
75	252977-62-1
75	2530-97-4
75	2530009-82-4
75	25314-61-8
75	25317-33-3
75	25321-14-6
75	25321-34-0
75	25323-30-2
75	25323-69-7
75	2533-82-6
75	253310-52-0
75	253326-55-5
75	25340-17-4
75	2536-05-2
75	253683-89-5
75	25376-45-8
75	25383-07-7
75	2541-69-7
75	25425-97-2
75	2545-59-7
75	25468-09-1
75	254889-70-8
75	2549-53-3
75	25491-50-3
75	25495-81-2
75	25510-11-6
75	255381-16-9
75	255387-46-3
75	25550-14-5
75	25550-49-6
75	25550-51-0
75	25550-58-7
75	25551-13-7
75	255831-11-9
75	255831-13-1
75	255839-01-1
75	25584-83-2
75	25587-94-4
75	25596-52-5
75	25619-56-1
75	25619-60-7
75	25634-93-9
75	256369-40-1
75	25637-99-4
75	25638-88-4
75	25640-74-8
75	256431-41-1
75	256439-71-1
75	256459-00-4
75	25646-71-3
75	25646-77-9
75	25658-42-8
75	25659-31-8
75	25666-92-6
75	25677-40-1
75	2567725-07-7
75	25685-75-0
75	25689-44-5
75	2569-01-9
75	2570-26-5
75	2570-63-0
75	25710-96-7
75	25711-26-6
75	25717-18-4
75	25721-38-4
75	25725-28-4
75	25727-26-8
75	25737-53-5
75	25737-54-6
75	2574-71-2
75	25751-57-9
75	2576469-81-1
75	2577-72-2
75	2578-28-1
75	257888-99-6
75	258-31-1
75	258-33-3
75	258-36-6
75	258-38-8
75	2580-56-5
75	25808-74-6
75	2581-34-2
75	25822-21-3
75	258278-97-6
75	258339-97-8
75	2586-57-4
75	25869-00-5
75	2587-76-0
75	2587-81-7
75	2587-82-8
75	2587-84-0
75	25889-81-0
75	25897-48-7
75	259-06-3
75	259092-53-0
75	259222-76-9
75	2593-15-9
75	25930-79-4
75	25953-19-9
75	25955-51-5
75	25956-17-6
75	25965-81-5
75	25967-29-7
75	2597-92-4
75	2597-93-5
75	2597-95-7
75	2597-97-9
75	2597-97-9
75	259729-76-5
75	25987-03-5
75	2602-46-2
75	26023-84-7
75	26023-84-7
75	26037-72-9
75	26038-87-9
75	26038-90-4
75	26040-51-7
75	260415-81-4
75	26042-64-8
75	26043-11-8
75	26046-90-2
75	2605-44-9
75	26061-47-2
75	26062-16-8
75	2606843-55-2
75	26077-31-6
75	26088-14-2
75	261-57-4
75	2610-10-8
75	2610-11-9
75	2610-86-8
75	2611-82-7
75	26114-17-0
75	26116-56-3
75	2612-54-6
75	26138-58-9
75	2614-06-4
75	26157-73-3
75	26172-54-3
75	26172-55-4
75	26190-91-0
75	261921-78-2
75	26198-63-0
75	26209-91-6
75	26218-04-2
75	26239-64-5
75	26259-45-0
75	26264-48-2
75	26264-65-3
75	26265-65-6
75	26266-63-7
75	26271-85-2
75	2629-47-2
75	26299-14-9
75	2630-13-9
75	2630-15-1
75	2630-16-2
75	263005-66-9
75	26302-40-9
75	2633-67-2
75	2634-33-5
75	26354-15-4
75	26354-18-7
75	2636-14-8
75	2636-16-0
75	2636-17-1
75	2636-18-2
75	26399-36-0
75	26403-08-7
75	2641128-84-7
75	264125-11-3
75	264125-12-4
75	2644-70-4
75	26445-73-8
75	26447-14-3
75	26447-40-5
75	2646-78-8
75	26471-62-5
75	2650-18-2
75	26522-91-8
75	26523-78-4
75	26530-20-1
75	26535-94-4
75	2654-47-9
75	26543-97-5
75	26543-97-5
75	26552-50-1
75	265646-48-8
75	265647-11-8
75	26579-33-9
75	26590-20-5
75	26602-93-7
75	26603-62-3
75	26627-46-3
75	26635-64-3
75	2664-55-3
75	26651-96-7
75	26652-09-5
75	26655-43-6
75	266675-13-2
75	266692-38-0
75	26683-69-2
75	26683-69-2
75	2669-35-4
75	267-21-0
75	26719-07-3
75	2676-33-7
75	26761-45-5
75	26764-44-3
75	2678-41-3
75	26787-78-0
75	26793-60-2
75	26793-61-3
75	268-40-6
75	26810-97-9
75	2682-20-4
75	26837-67-2
75	26856-29-1
75	26864-36-8
75	26864-39-1
75	2687-25-4
75	2687-91-4
75	2687-94-7
75	2687-96-9
75	26896-31-1
75	26912-64-1
75	26915-12-8
75	26915-78-6
75	26946-37-2
75	2696-43-7
75	26966-75-6
75	2697-61-2
75	26970-82-1
75	26970-82-1
75	26973-24-0
75	2699-11-8
75	2701-61-3
75	2701539-61-7
75	27016-73-5
75	27016-75-7
75	2702-72-9
75	27043-84-1
75	2704650-42-8
75	27057-57-4
75	2706608-32-2
75	27080-42-8
75	27083-27-8
75	27121-04-6
75	27133-42-2
75	27133-66-0
75	27133-66-0
75	27140-08-5
75	27147-18-8
75	27152-57-4
75	27184-78-7
75	27184-78-7
75	27189-59-9
75	272-30-0
75	27208-37-3
75	27223-35-4
75	27228-67-7
75	27236-65-3
75	27236-77-7
75	272460-97-6
75	27253-22-1
75	27253-28-7
75	27253-41-4
75	27274-05-1
75	27279-76-1
75	27288-44-4
75	273-15-4
75	27336-24-9
75	2735-98-0
75	27360-58-3
75	27360-89-0
75	27366-72-9
75	27399-23-1
75	27399-92-4
75	27399-92-4
75	27419-20-1
75	27459-10-5
75	27459-90-1
75	2746-19-2
75	27460-02-2
75	27476-27-3
75	2748-74-5
75	27486-00-6
75	27494-85-5
75	27496-91-9
75	27498-36-8
75	2751-09-9
75	27519-02-4
75	27522-09-4
75	27526-45-0
75	27526-45-0
75	275363-11-6
75	27538-35-8
75	27540-70-1
75	27554-26-3
75	2756-57-2
75	2756222-57-6
75	27569-09-1
75	2757-18-8
75	27575-47-9
75	2758-42-1
75	27581-27-7
75	2758176-71-3
75	275818-89-8
75	27605-30-7
75	27605-35-2
75	2761-09-3
75	27610-45-3
75	27610-48-6
75	27624-67-5
75	27637-46-3
75	276680-08-1
75	2768-02-7
75	27685-40-1
75	27685-51-4
75	27706-08-7
75	27735-63-3
75	27735-63-3
75	27735-64-4
75	27735-64-4
75	2774-84-7
75	27757-79-5
75	2777-37-9
75	2777-58-4
75	2778-42-9
75	27798-46-5
75	2781-10-4
75	278186-89-3
75	2782-57-2
75	2783-94-0
75	2784-36-3
75	2786-43-8
75	27871-49-4
75	2788-74-1
75	27923-60-0
75	27931-06-2
75	27936-16-9
75	27938-31-4
75	27939-60-2
75	2794-60-7
75	2795-39-3
75	27959-78-0
75	2797-51-5
75	27978-54-7
75	27985-80-4
75	27988-77-8
75	2799-16-8
75	2799-17-9
75	280144-17-4
75	280144-19-6
75	280144-23-2
75	28020-38-4
75	28038-18-8
75	28038-25-7
75	28041-77-2
75	28044-82-8
75	2807-30-9
75	28077-97-6
75	28086-13-7
75	28089-34-1
75	28106-82-3
75	2813-95-8
75	28132-50-5
75	2814-77-9
75	281664-46-8
75	2818-88-4
75	2818-89-5
75	2820-37-3
75	2820-51-1
75	282528-79-4
75	28267-01-8
75	2826961-24-2
75	2828-72-0
75	28300-74-5
75	283157-58-4
75	283159-90-0
75	283167-56-6
75	283171-26-6
75	2832-40-8
75	2832056-54-7
75	2833-30-9
75	2834-00-6
75	28343-58-0
75	28347-88-8
75	28347-91-3
75	2835-98-5
75	28355-56-8
75	28375-10-2
75	28376-22-9
75	28380-38-3
75	28449-96-9
75	2845-00-3
75	2845-03-6
75	28453-74-9
75	2847-16-7
75	28473-03-2
75	2849-98-1
75	28515-38-0
75	2855-13-2
75	2857-03-6
75	28575-89-5
75	2858-66-4
75	285979-72-8
75	28600-35-3
75	28600-36-4
75	28602-61-1
75	28602-75-7
75	28605-64-3
75	28625-02-7
75	28643-67-6
75	2865-70-5
75	28653-36-3
75	2867-47-2
75	28675-72-1
75	28675-80-1
75	28676-13-3
75	28685-18-9
75	2869-34-3
75	28692-38-8
75	28698-31-9
75	2870-04-4
75	2870-32-8
75	2870-37-3
75	2870-38-4
75	2870-71-5
75	287098-90-2
75	2872-48-2
75	2872-52-8
75	28729-54-6
75	28752-79-6
75	28752-80-9
75	28752-93-4
75	2876-06-4
75	28772-56-7
75	287958-12-7
75	288-05-1
75	288-32-4
75	288-88-0
75	288-89-1
75	28801-69-6
75	288149-69-9
75	28825-30-1
75	288323-20-6
75	28837-97-0
75	28879-19-8
75	28905-40-0
75	28911-01-5
75	2892133-77-4
75	2893-78-9
75	2893-80-3
75	2894-67-9
75	289483-12-1
75	28953-04-0
75	2896-10-8
75	2897-21-4
75	2898-12-6
75	2898-84-2
75	28980-47-4
75	28980-47-4
75	28980-47-4
75	28980-48-5
75	28980-48-5
75	28980-49-6
75	28981-97-7
75	28987-17-9
75	29033-29-2
75	29053-02-9
75	29081-56-9
75	2909-52-6
75	29095-38-3
75	29095-38-3
75	29138-86-1
75	2914-19-4
75	2914-23-0
75	2914-69-4
75	29152-54-3
75	29158-97-2
75	29171-23-1
75	29177-84-2
75	2918-23-2
75	29202-49-1
75	2921-92-8
75	29212-82-6
75	2923-15-1
75	2923-19-5
75	2923573-53-7
75	2923573-54-8
75	2923573-55-9
75	2924-67-6
75	2924823-56-1
75	29278-08-8
75	29317-63-3
75	29320-38-5
75	29328-30-1
75	29362-83-2
75	29371-14-0
75	293733-21-8
75	2939-80-2
75	29398-76-3
75	294-90-6
75	29411-74-3
75	29412-88-2
75	29413-62-5
75	294202-64-5
75	29426-92-4
75	29457-48-5
75	29457-72-5
75	2946-15-8
75	2946-17-0
75	2946-20-5
75	29467-01-4
75	29473-77-6
75	2949-11-3
75	29519-65-1
75	29528-97-0
75	2953-03-9
75	2955-38-6
75	29562-46-7
75	29590-42-9
75	29597-84-0
75	29604-34-0
75	2961-62-8
75	29617-66-1
75	29621-88-3
75	29638-69-5
75	29656-15-3
75	29663-11-4
75	29664-84-4
75	29671-18-9
75	29680-54-4
75	29687-31-8
75	2971-38-2
75	29729-00-8
75	2973-21-9
75	2973-59-3
75	29736-75-2
75	29736-89-8
75	29754-21-0
75	29785-47-5
75	29790-52-1
75	298-12-4
75	298-81-7
75	29809-42-5
75	29829-51-4
75	29853-65-4
75	29857-72-5
75	298688-47-8
75	298688-49-0
75	29870-72-2
75	29870-72-2
75	29870-72-2
75	29870-99-3
75	29871-10-1
75	29871-10-1
75	29871-13-4
75	29871-13-4
75	29873-36-7
75	29879-10-5
75	29879-37-6
75	299-42-3
75	29935-35-1
75	29935-35-1
75	29964-84-9
75	2997-45-7
75	2997-92-4
75	29975-16-4
75	29977-13-7
75	2998-08-5
75	2998-18-7
75	2998-23-4
75	2999-74-8
75	300-62-9
75	300-76-5
75	30017-05-1
75	3002-63-9
75	30031-44-8
75	30043-49-3
75	30051-53-7
75	3006-10-8
75	3006-82-4
75	300690-18-0
75	30075-29-7
75	30099-72-0
75	301-03-1
75	301-04-2
75	301-05-3
75	301-08-6
75	301-10-0
75	3011-59-4
75	30135-64-9
75	30141-77-6
75	3017-23-0
75	302-01-2
75	302-17-0
75	302-27-2
75	302-40-9
75	302-70-5
75	302-79-4
75	302-97-6
75	3021-39-4
75	30259-97-3
75	3026-22-0
75	302912-49-8
75	3030-47-5
75	30304-32-6
75	303040-91-7
75	303114-50-3
75	303114-50-3
75	3033-77-0
75	30363-28-1
75	30366-55-3
75	30374-53-9
75	3039-00-7
75	30392-41-7
75	304-90-5
75	3041-23-4
75	30418-38-3
75	304656-34-6
75	304675-78-3
75	30485-87-1
75	30485-88-2
75	30485-90-6
75	3049-31-8
75	30495-79-5
75	30495-83-1
75	30496-13-0
75	305-13-5
75	305-97-5
75	3050-88-2
75	30512-31-3
75	30525-89-4
75	30562-34-6
75	30578-37-1
75	306-03-6
75	306-12-7
75	306-53-6
75	30623-04-2
75	3064-61-7
75	3066-71-5
75	30698-98-7
75	30718-75-3
75	30719-10-9
75	30737-24-7
75	307531-70-0
75	3076-04-8
75	3076-91-3
75	30784-30-6
75	30784-30-6
75	30785-74-1
75	308076-74-6
75	308081-76-7
75	308084-09-5
75	3084-48-8
75	30848-25-0
75	30860-66-3
75	30864-28-9
75	30868-50-9
75	30868-51-0
75	30868-55-4
75	3087-16-9
75	30873-69-9
75	308795-57-5
75	309-00-2
75	309-29-5
75	309-43-3
75	3090-35-5
75	3090-36-6
75	30905-38-5
75	30905-38-5
75	30909-04-7
75	30910-35-1
75	30913-98-5
75	3092-17-9
75	30922-30-6
75	30927-36-7
75	30937-72-5
75	30952-14-8
75	31012-04-1
75	31017-44-4
75	31052-43-4
75	31052-46-7
75	31065-88-0
75	31079-13-7
75	3108-42-7
75	31089-48-2
75	31094-53-8
75	311-45-5
75	31119-53-6
75	31124-69-3
75	3113-18-6
75	3114-55-4
75	31142-87-7
75	3116-76-5
75	31160-64-2
75	31160-66-4
75	31166-17-3
75	31166-18-4
75	3118-97-6
75	3121-61-7
75	31215-94-8
75	31219-54-2
75	31224-71-2
75	312308-62-6
75	3124-01-4
75	31258-44-3
75	312600-89-8
75	31269-83-7
75	31278-65-6
75	313-65-5
75	313-67-7
75	313-97-3
75	31300-71-7
75	3131-52-0
75	31316-19-5
75	313223-18-6
75	31333-13-8
75	31361-99-6
75	31363-92-5
75	31372-91-5
75	3138-01-0
75	31394-54-4
75	31395-95-6
75	314-19-2
75	314-51-2
75	314057-78-8
75	3141-12-6
75	31416-33-8
75	31430-86-1
75	31440-29-6
75	31480-93-0
75	31506-43-1
75	31540-94-0
75	31541-02-3
75	31541-07-8
75	31589-39-6
75	31632-68-5
75	3164-85-0
75	31649-91-9
75	3165-93-3
75	31717-87-0
75	31724-50-2
75	3173-18-0
75	3173-72-6
75	31732-71-5
75	31748-25-1
75	3179-47-3
75	3179-89-3
75	3179-90-6
75	31797-85-0
75	3183-17-3
75	31886-26-7
75	31890-20-7
75	318960-29-1
75	318995-78-7
75	319-84-6
75	319-85-7
75	319-86-8
75	31906-04-4
75	31921-36-5
75	31931-97-2
75	3194-55-6
75	31949-37-8
75	3198-04-7
75	3198-07-0
75	3198-38-7
75	320-51-4
75	3204-27-1
75	32047-53-3
75	32057-09-3
75	321-96-0
75	3211-76-5
75	32112-52-0
75	3215-70-1
75	321679-52-1
75	321852-27-1
75	32188-07-1
75	321912-47-4
75	3227-63-2
75	32289-58-0
75	32294-60-3
75	32296-03-0
75	323179-22-2
75	32321-65-6
75	32321-65-6
75	32327-52-9
75	3233-36-1
75	32351-70-5
75	3236-71-3
75	32360-05-7
75	3238-60-6
75	32382-27-7
75	32407-99-1
75	32446-62-1
75	32458-20-1
75	32465-49-9
75	3248-91-7
75	3248-93-9
75	32480-08-3
75	32486-57-0
75	3249-60-3
75	3249-61-4
75	3250-74-6
75	3251-56-7
75	32516-50-0
75	3253-39-2
75	32534-81-9
75	32535-84-5
75	32536-52-0
75	3254-93-1
75	3260-87-5
75	3264-67-3
75	3266-99-7
75	326604-75-5
75	3267-10-5
75	32680-29-8
75	32680-29-8
75	32701-49-8
75	327155-75-9
75	327155-87-3
75	32729-71-8
75	32733-02-1
75	3275-73-8
75	32757-10-1
75	32775-46-5
75	32779-11-6
75	32783-54-3
75	32787-44-3
75	32795-97-4
75	328-55-2
75	328-74-5
75	32835-25-9
75	32835-32-8
75	32838-21-4
75	32838-23-6
75	328402-73-9
75	32850-84-3
75	32867-90-6
75	32881-40-6
75	329-71-5
75	32911-59-4
75	32915-78-9
75	32915-79-0
75	329184-61-4
75	329202-13-3
75	3294-57-3
75	3294-58-4
75	3294-60-8
75	32953-89-2
75	32954-54-4
75	3296-90-0
75	32986-56-4
75	330-54-1
75	330-55-2
75	33019-35-1
75	33020-34-7
75	33069-04-4
75	33089-61-1
75	33144-86-4
75	331473-08-6
75	331679-21-1
75	33171-04-9
75	33203-82-6
75	332350-93-3
75	33239-19-9
75	3327-22-8
75	33327-32-1
75	3333-67-3
75	333401-53-9
75	33379-31-6
75	33382-64-8
75	334-48-5
75	334-88-3
75	33402-03-8
75	3342-61-8
75	33445-15-7
75	334490-51-6
75	334869-08-8
75	3349-06-2
75	3349-08-4
75	335-67-1
75	335-76-2
75	33505-70-3
75	3351-28-8
75	335104-84-2
75	33513-42-7
75	3353-12-6
75	3353-51-3
75	33550-22-0
75	33609-19-7
75	33610-13-8
75	33627-12-2
75	33631-63-9
75	33648-22-5
75	33660-59-2
75	3367-28-0
75	3367-29-1
75	3367-30-4
75	3367-31-5
75	3367-32-6
75	33671-46-4
75	336879-43-7
75	337-37-1
75	337-38-2
75	337-39-3
75	33724-17-3
75	337505-21-2
75	337513-72-1
75	33770-60-4
75	3380-30-1
75	3380-34-5
75	33831-83-3
75	33838-52-7
75	338735-71-0
75	33878-10-3
75	339-43-5
75	33908-66-6
75	33910-86-0
75	33918-18-2
75	33921-12-9
75	33925-73-4
75	339311-41-0
75	33940-95-3
75	33952-38-4
75	339530-81-3
75	33960-08-6
75	33964-24-8
75	33966-50-6
75	33992-50-6
75	34018-28-5
75	34036-80-1
75	34041-09-3
75	34075-45-1
75	34079-63-5
75	340810-38-0
75	34090-76-1
75	340964-12-7
75	341-00-4
75	34100-40-8
75	341026-59-3
75	34123-59-6
75	34131-99-2
75	341972-31-4
75	342009-25-0
75	342043-86-1
75	342043-92-9
75	342043-93-0
75	34214-82-9
75	3425-46-5
75	3425-89-6
75	34256-82-1
75	342632-51-3
75	34276-89-6
75	34295-32-4
75	34296-07-6
75	34303-23-6
75	34304-82-0
75	34345-39-6
75	34368-04-2
75	34370-53-1
75	3440-75-3
75	3440-75-3
75	3441-14-3
75	34410-88-3
75	3442-21-5
75	3442-78-2
75	3444-13-1
75	3444-17-5
75	34464-37-4
75	34464-60-3
75	34492-97-2
75	34493-01-1
75	345-78-8
75	34517-88-9
75	34521-09-0
75	345338-75-2
75	34567-54-9
75	3457-61-2
75	34640-92-1
75	3468-63-1
75	34681-10-2
75	34729-54-9
75	347383-14-6
75	34755-53-8
75	3476-90-2
75	3477-28-9
75	34787-01-4
75	348-54-9
75	34822-90-7
75	34837-55-3
75	34842-61-0
75	34848-09-4
75	3486-30-4
75	348635-87-0
75	34866-46-1
75	34866-47-2
75	34875-54-2
75	34876-18-1
75	34902-62-0
75	349466-39-3
75	349608-51-1
75	34977-63-4
75	35000-38-5
75	350009-05-1
75	35029-96-0
75	35038-60-9
75	35040-03-0
75	35073-27-9
75	3508-71-2
75	35089-00-0
75	35112-53-9
75	35112-70-0
75	35145-02-9
75	35171-52-9
75	351903-26-9
75	351984-70-8
75	3520-42-1
75	3520-72-7
75	352031-28-8
75	3521-79-7
75	35229-41-5
75	35233-69-3
75	3524-68-3
75	35296-72-1
75	3530-19-6
75	3530-36-7
75	35309-99-0
75	353239-57-3
75	3535-84-0
75	35350-43-7
75	3536-49-0
75	3542-36-7
75	35430-20-7
75	35438-81-4
75	35438-81-4
75	35438-81-4
75	35457-80-8
75	3547-33-9
75	3547-38-4
75	35498-15-8
75	35498-15-8
75	35498-95-4
75	355120-85-3
75	35515-91-4
75	355401-08-0
75	35554-44-0
75	35575-96-3
75	35585-58-1
75	35607-66-0
75	3562-55-8
75	3564-21-4
75	35658-65-2
75	35658-65-2
75	3567-65-5
75	3567-69-9
75	35674-39-6
75	35691-65-7
75	35699-67-3
75	357-21-1
75	357-57-3
75	357-70-0
75	3570-80-7
75	3572-52-9
75	35724-06-2
75	357290-88-1
75	35745-11-0
75	35763-26-9
75	3577-01-3
75	35772-90-8
75	35783-57-4
75	358-50-9
75	358-52-1
75	35803-35-1
75	35823-05-3
75	35830-81-0
75	35837-70-8
75	35851-69-5
75	3587-18-6
75	3590-16-7
75	3590-23-6
75	35950-52-8
75	359630-27-6
75	35973-13-8
75	3599-28-8
75	3599-58-4
75	36-73-7
75	36026-88-7
75	36065-10-8
75	36073-50-4
75	36121-95-6
75	36123-69-0
75	36195-33-2
75	36211-43-5
75	36211-44-6
75	36227-43-7
75	36250-81-4
75	36252-60-5
75	3626-13-9
75	3626-28-6
75	36297-89-9
75	363-51-9
75	363138-44-7
75	3634-83-1
75	36341-27-2
75	36344-96-4
75	36347-13-4
75	36347-14-5
75	36362-09-1
75	3639-19-8
75	36394-75-9
75	36396-19-7
75	364365-31-1
75	3644-32-4
75	3644-37-9
75	3644-38-0
75	36447-36-6
75	36465-76-6
75	36474-85-8
75	3648-18-8
75	3648-20-2
75	3648-21-3
75	36483-57-5
75	365-26-4
75	36501-84-5
75	36508-91-5
75	36547-79-2
75	36563-89-0
75	36568-91-9
75	36577-48-7
75	36596-55-1
75	36631-23-9
75	36635-35-5
75	36643-28-4
75	366791-32-4
75	367-21-5
75	367-25-9
75	367-29-3
75	367-34-0
75	36717-39-2
75	36734-19-7
75	36735-22-5
75	3675-63-6
75	367523-08-8
75	3681-73-0
75	36835-64-0
75	3685-84-5
75	36861-47-9
75	3687-31-8
75	3687-31-8
75	3687-31-8
75	3688-11-7
75	3688-92-4
75	368867-99-6
75	3691-35-8
75	36931-18-7
75	369371-25-5
75	3697-24-3
75	36971-66-1
75	370-14-9
75	37020-93-2
75	37042-87-8
75	37043-71-3
75	3708-20-1
75	370868-42-1
75	37091-66-0
75	371-40-4
75	371-76-6
75	37102-63-9
75	37107-00-9
75	3711-23-7
75	37131-86-5
75	37131-86-5
75	37139-21-2
75	37143-54-7
75	37148-27-9
75	3715-90-0
75	37167-65-0
75	37184-50-2
75	37184-52-4
75	37185-09-4
75	37187-64-7
75	37187-68-1
75	371921-29-8
75	371921-40-3
75	371921-41-4
75	371921-63-0
75	37194-88-0
75	37195-63-4
75	37196-28-4
75	37196-29-5
75	371973-51-2
75	37199-25-0
75	37199-66-9
75	372-19-0
75	372-85-0
75	37202-64-5
75	37205-60-0
75	37205-94-0
75	37208-29-0
75	37211-46-4
75	37215-27-3
75	372151-71-8
75	37217-92-8
75	37220-49-8
75	37221-82-2
75	37223-69-1
75	37223-81-7
75	37226-11-2
75	37226-49-6
75	37227-61-5
75	37228-06-1
75	37228-06-1
75	37228-07-2
75	37229-06-4
75	37230-74-3
75	37230-92-5
75	37230-94-7
75	37230-95-8
75	37230-96-9
75	37231-85-9
75	37235-59-9
75	37235-82-8
75	37237-15-3
75	3724-43-4
75	37240-96-3
75	37243-55-3
75	37243-66-6
75	37243-67-7
75	37244-98-7
75	37245-61-7
75	37251-33-5
75	37256-19-2
75	37258-85-8
75	37259-58-8
75	37265-21-7
75	37268-48-7
75	37270-82-9
75	37271-10-6
75	37271-91-3
75	37275-77-7
75	37276-15-6
75	37279-54-2
75	37279-62-2
75	37280-76-5
75	37288-76-9
75	37291-75-1
75	37291-80-8
75	37291-81-9
75	37293-07-5
75	37293-14-4
75	37294-18-1
75	37294-69-2
75	37297-87-3
75	373-02-4
75	37301-04-5
75	37305-82-1
75	37306-42-6
75	37307-45-2
75	37307-55-4
75	37307-56-5
75	37307-78-1
75	37308-30-8
75	37312-62-2
75	37317-45-6
75	37317-74-1
75	37318-74-4
75	37320-91-5
75	37321-15-6
75	37325-21-6
75	37333-09-8
75	37333-30-5
75	37333-45-2
75	37334-76-2
75	37335-15-2
75	37337-11-4
75	37337-60-3
75	37338-63-9
75	3734-67-6
75	37340-12-8
75	37340-23-1
75	37341-05-2
75	37342-16-8
75	37342-17-9
75	37342-97-5
75	37343-88-7
75	37345-34-9
75	37348-56-4
75	37348-57-5
75	37349-32-9
75	37349-35-2
75	37349-49-8
75	37350-34-8
75	37355-84-3
75	37357-73-6
75	37359-15-2
75	37359-43-6
75	3736-08-1
75	37360-93-3
75	37361-24-3
75	37361-25-4
75	37364-06-0
75	37367-15-0
75	37367-17-2
75	37367-80-9
75	37367-90-1
75	37368-02-8
75	37370-29-9
75	37370-59-5
75	37376-47-9
75	37382-15-3
75	37396-60-4
75	3741-77-3
75	37441-29-5
75	37441-37-5
75	37443-42-8
75	37475-01-7
75	37488-75-8
75	37488-76-9
75	375-85-9
75	375-95-1
75	37509-99-2
75	37517-28-5
75	3761-53-3
75	37620-20-5
75	3765-78-4
75	376588-17-9
75	3766-27-6
75	37672-83-6
75	3772-44-9
75	37721-71-4
75	3775-90-4
75	37769-53-2
75	37773-02-7
75	37785-57-2
75	37808-08-5
75	37809-34-0
75	3781-57-5
75	378253-02-2
75	378253-03-3
75	378253-07-7
75	378253-08-8
75	378253-10-2
75	378253-11-3
75	378253-31-7
75	378253-32-8
75	378253-37-3
75	378253-38-4
75	378253-39-5
75	378253-42-0
75	378253-43-1
75	378253-44-2
75	378253-44-2
75	378253-45-3
75	378253-45-3
75	378253-46-4
75	378253-46-4
75	378253-51-1
75	378253-52-2
75	378253-53-3
75	37832-42-1
75	37836-27-4
75	3785-21-5
75	37866-45-8
75	378750-66-4
75	378750-69-7
75	378782-04-8
75	378782-05-9
75	378782-08-2
75	378782-18-4
75	378782-28-6
75	378783-15-4
75	378783-25-6
75	378783-26-7
75	378784-17-9
75	378784-19-1
75	378784-20-4
75	378784-21-5
75	378784-22-6
75	378784-23-7
75	378784-24-8
75	378784-46-4
75	378784-49-7
75	378784-50-0
75	378784-51-1
75	378784-52-2
75	378784-53-3
75	378784-54-4
75	378784-59-9
75	378784-59-9
75	378784-61-3
75	378784-61-3
75	378784-62-4
75	378784-63-5
75	378784-64-6
75	378784-65-7
75	378784-99-7
75	378785-07-0
75	37893-02-0
75	37894-46-5
75	37911-28-7
75	37924-13-3
75	379722-73-3
75	37999-72-7
75	38004-58-9
75	38029-10-6
75	38057-02-2
75	3810-80-8
75	3810-81-9
75	38102-62-4
75	3811-25-4
75	3811-71-0
75	3811-73-2
75	3813-05-6
75	3813-14-7
75	3813-14-7
75	3814-93-5
75	3818-62-0
75	3819-14-5
75	38232-63-2
75	38233-75-9
75	3825-26-1
75	38295-16-8
75	3830-45-3
75	38304-91-5
75	38313-81-4
75	38386-25-3
75	383889-26-7
75	383889-27-8
75	38411-13-1
75	38411-64-2
75	38449-92-2
75	38455-77-5
75	3847-58-3
75	38473-42-6
75	38497-16-4
75	38497-16-4
75	385-13-7
75	385-14-8
75	38517-19-0
75	3855-82-1
75	38577-97-8
75	385800-12-4
75	38584-87-1
75	38585-74-9
75	38605-30-0
75	3861-47-0
75	3861-75-4
75	3862-73-5
75	3865-77-8
75	38650-20-3
75	38668-12-1
75	38668-35-8
75	38677-81-5
75	38719-68-5
75	38733-15-2
75	3876-10-6
75	3878-19-1
75	3878-44-2
75	38787-87-0
75	38821-53-3
75	3886-69-9
75	3886-69-9
75	38897-60-8
75	389-08-2
75	38901-82-5
75	389057-90-3
75	38952-49-7
75	38952-51-1
75	38965-71-8
75	38999-98-3
75	390-28-3
75	3902-71-4
75	390388-97-3
75	39041-00-4
75	390417-24-0
75	39049-04-2
75	3906-55-6
75	39082-23-0
75	39089-11-7
75	39089-12-8
75	39089-13-9
75	39089-14-0
75	39089-15-1
75	39089-16-2
75	39089-17-3
75	3912-86-5
75	39145-59-0
75	39148-24-8
75	39156-41-7
75	3922-90-5
75	3926-62-3
75	39262-04-9
75	392711-47-6
75	392711-58-9
75	392718-62-6
75	39277-51-5
75	39277-59-3
75	39277-78-6
75	39278-27-8
75	39281-05-5
75	39283-21-1
75	39284-88-3
75	39287-69-9
75	39288-99-8
75	39289-84-4
75	39290-73-8
75	39290-85-2
75	39290-95-4
75	39291-21-9
75	39291-64-0
75	39294-08-1
75	39296-08-7
75	39296-09-8
75	39296-11-2
75	39296-15-6
75	39297-19-3
75	39297-24-0
75	393-36-2
75	393-39-5
75	39300-45-3
75	39300-53-3
75	39302-29-9
75	39302-71-1
75	39303-46-3
75	39309-87-0
75	39310-24-2
75	39310-30-0
75	39310-41-3
75	39315-77-0
75	39318-32-6
75	39320-58-6
75	39326-66-4
75	39332-62-2
75	39335-09-6
75	39336-60-2
75	39345-91-0
75	39346-39-9
75	39349-74-1
75	39349-91-2
75	393509-79-0
75	393517-29-8
75	39354-67-1
75	39354-86-4
75	39356-80-4
75	39357-02-3
75	39357-09-0
75	39357-40-9
75	39357-85-2
75	39360-64-0
75	39361-73-4
75	39361-75-6
75	39362-25-9
75	39362-27-1
75	39362-45-3
75	39362-52-2
75	39363-62-7
75	39363-63-8
75	39363-65-0
75	3937-40-4
75	39373-81-4
75	39377-49-6
75	39377-56-5
75	39378-26-2
75	39378-29-5
75	39378-55-7
75	39378-75-1
75	39379-02-7
75	39380-65-9
75	39380-77-3
75	39386-06-6
75	39387-78-5
75	39389-49-6
75	3939-47-7
75	39390-00-6
75	39390-70-0
75	39390-77-7
75	39390-87-9
75	39399-60-5
75	39400-72-1
75	39400-80-1
75	39403-80-0
75	39403-88-8
75	39405-18-0
75	39405-35-1
75	39405-56-6
75	39412-44-7
75	39412-44-7
75	39412-57-2
75	39412-61-8
75	39413-19-9
75	39413-47-3
75	39416-30-3
75	39419-66-4
75	39421-77-7
75	39422-04-3
75	39427-02-6
75	39427-02-6
75	39432-69-4
75	39433-05-1
75	39434-34-9
75	39444-39-8
75	39445-43-7
75	39448-57-2
75	39449-24-6
75	39450-01-6
75	39453-22-0
75	39454-54-1
75	39454-55-2
75	39454-69-8
75	39456-80-9
75	39456-86-5
75	39461-16-0
75	39461-17-1
75	39461-36-4
75	39470-62-7
75	39470-82-1
75	39470-83-2
75	39471-00-6
75	39473-10-4
75	39473-11-5
75	39475-52-0
75	39478-78-9
75	395-28-8
75	395069-05-3
75	3953-10-4
75	3953-30-8
75	3955-25-7
75	39562-16-8
75	39562-17-9
75	39562-27-1
75	3958-19-8
75	396-01-0
75	39637-16-6
75	3969-54-8
75	39698-25-4
75	39712-38-4
75	39807-15-3
75	39819-65-3
75	39833-87-9
75	398469-95-9
75	39881-32-8
75	399-95-1
75	39923-41-6
75	39933-52-3
75	39935-03-0
75	39981-05-0
75	40054-69-1
75	4008-48-4
75	400882-07-7
75	40093-99-0
75	40105-04-2
75	40120-69-2
75	40138-90-7
75	4016-14-2
75	40188-41-8
75	402-47-1
75	4023-02-3
75	40263-64-7
75	4027-13-8
75	4027-14-9
75	4027-17-2
75	4027-18-3
75	402724-28-1
75	40292-82-8
75	402925-67-1
75	4032-26-2
75	40334-69-8
75	40334-70-1
75	403597-90-0
75	40390-11-2
75	40390-12-3
75	40390-13-4
75	40390-14-5
75	404-82-0
75	40443-27-4
75	40487-42-1
75	40497-29-8
75	40507-78-6
75	40507-80-0
75	40507-86-6
75	40563-35-7
75	40583-17-3
75	405884-26-6
75	40607-48-5
75	406488-30-0
75	40649-36-3
75	40661-97-0
75	4067-16-7
75	4067-30-5
75	406935-45-3
75	40701-06-2
75	40702-26-9
75	40722-80-3
75	4074-88-8
75	4083-64-1
75	408346-58-7
75	4084-38-2
75	40860-79-5
75	409-21-2
75	4098-71-9
75	40991-37-5
75	41016-61-9
75	410546-90-6
75	41055-63-4
75	41083-11-8
75	4109-15-3
75	41107-56-6
75	41141-89-3
75	41157-58-8
75	41157-62-4
75	4117-14-0
75	41189-36-0
75	41189-36-0
75	41189-36-0
75	41195-21-5
75	41201-60-9
75	41234-07-5
75	41239-66-1
75	4126-81-2
75	41261-95-4
75	41262-21-9
75	4129-84-4
75	412908-40-8
75	412909-17-2
75	41311-17-5
75	41375-90-0
75	4139-50-8
75	41407-36-7
75	41422-59-7
75	41451-28-9
75	41451-28-9
75	41453-50-3
75	41466-07-3
75	41481-66-7
75	41483-43-6
75	414867-60-0
75	41487-19-8
75	4149-60-4
75	41494-34-2
75	41494-35-3
75	41527-41-7
75	41528-82-9
75	41547-50-6
75	41556-46-1
75	41570-61-0
75	4159-29-9
75	41630-01-7
75	4165-60-0
75	4165-61-1
75	4167-05-9
75	416845-43-7
75	4170-30-3
75	4171-13-5
75	4172-46-7
75	41766-73-8
75	41766-75-0
75	41862-94-6
75	4187-86-4
75	41870-52-4
75	418768-49-7
75	418768-50-0
75	41909-89-1
75	4191-73-5
75	41935-48-2
75	41944-89-2
75	419553-44-9
75	41959-35-7
75	4197-25-5
75	4198-19-0
75	4198-47-4
75	420-04-2
75	420-13-3
75	420-24-6
75	4200-95-7
75	42031-19-6
75	42031-28-7
75	42037-27-4
75	42040-79-9
75	42040-80-2
75	4208-80-4
75	420839-53-8
75	42126-46-5
75	42126-84-1
75	42138-26-1
75	42138-27-2
75	42138-30-7
75	4214-48-6
75	42145-91-5
75	42146-13-4
75	4219-19-6
75	4221-99-2
75	42221-52-3
75	422314-32-7
75	422556-08-9
75	4229-34-9
75	4229-69-0
75	42315-22-0
75	42343-35-1
75	42413-03-6
75	42423-89-2
75	42425-86-5
75	42427-72-5
75	42428-47-7
75	4245-35-6
75	4247-02-3
75	42498-58-8
75	42509-80-8
75	42558-73-6
75	42579-89-5
75	42579-89-5
75	42612-06-6
75	42612-21-5
75	42612-34-0
75	42612-56-6
75	42613-33-2
75	42616-63-7
75	42618-03-1
75	42618-09-7
75	4262-43-5
75	426218-78-2
75	4263-38-1
75	4274-38-8
75	4277-06-9
75	42774-15-2
75	42794-76-3
75	42850-69-1
75	42851-11-6
75	42905-02-2
75	42916-36-9
75	4292-34-6
75	42928-85-8
75	42939-70-8
75	42939-72-0
75	429685-07-4
75	4297-92-1
75	42978-66-5
75	4299-07-4
75	43028-69-9
75	43031-21-6
75	43080-23-5
75	43090-85-3
75	43094-80-0
75	43121-43-3
75	43126-82-5
75	43133-95-5
75	43136-35-2
75	4314-14-1
75	43143-11-9
75	43151-99-1
75	43218-56-0
75	4325-51-3
75	433215-26-0
75	433282-33-8
75	4335-09-5
75	4338-60-7
75	4339-05-3
75	434-43-5
75	4342-30-7
75	4342-33-0
75	4342-36-3
75	435-97-2
75	4353-72-4
75	436-40-8
75	43629-00-1
75	4366-18-1
75	4367-08-2
75	4368-56-3
75	436859-78-8
75	4369-14-6
75	437-15-0
75	4372-02-5
75	4372-73-0
75	4378-36-3
75	4379-85-5
75	4386-35-0
75	4387-13-7
75	439-14-5
75	4390-97-0
75	4396-01-4
75	439680-76-9
75	439919-47-8
75	4403-32-1
75	4403-32-1
75	4403-70-7
75	4419-22-1
75	44209-64-5
75	44209-72-5
75	4424-06-0
75	44246-22-2
75	442523-55-9
75	442536-99-4
75	443-48-1
75	443-86-7
75	4430-18-6
75	4431-24-7
75	4438-16-8
75	444279-15-6
75	445-02-3
75	445-03-4
75	4454-16-4
75	445423-98-3
75	44607-13-8
75	446255-38-5
75	446255-39-6
75	446255-42-1
75	446255-43-2
75	446255-46-5
75	446255-50-1
75	446255-54-5
75	446255-56-7
75	446279-85-2
75	44628-70-8
75	4464-23-7
75	4464-58-8
75	4466-64-2
75	447-41-6
75	4474-24-2
75	4476-04-4
75	4482-25-1
75	4482-55-7
75	4484-20-2
75	448923-71-5
75	44914-03-6
75	44919-97-3
75	449752-61-8
75	449753-82-6
75	45016-65-7
75	45019-22-5
75	4513-36-4
75	4513-44-4
75	4519-32-8
75	452-69-7
75	452-71-1
75	452-77-7
75	4524-95-2
75	45294-18-6
75	45294-21-1
75	45296-31-9
75	45302-49-6
75	454-79-5
75	454184-09-9
75	454467-21-1
75	4548-53-2
75	4549-40-0
75	45497-73-2
75	455-14-1
75	45505-34-8
75	45514-38-3
75	4552-79-8
75	4558-12-7
75	4564-87-8
75	457-60-3
75	457-87-4
75	4572-95-6
75	45737-84-6
75	4574-60-1
75	457624-86-1
75	457652-80-1
75	457883-16-8
75	457899-96-6
75	458-24-2
75	458-37-7
75	458-88-8
75	459411-10-0
75	4595-26-0
75	45981-71-3
75	46002-56-6
75	461-78-9
75	461-96-1
75	46157-00-0
75	462093-27-2
75	462651-43-0
75	463-04-7
75	463-57-0
75	463-60-5
75	463-71-8
75	463-82-1
75	4630-76-6
75	46310-07-0
75	463311-95-7
75	4636-83-3
75	464-06-2
75	4644-96-6
75	46492-07-3
75	465-16-7
75	465-42-9
75	465-73-6
75	4655-34-9
75	4656-04-6
75	4656-80-8
75	466-68-2
75	4664-16-8
75	4665-55-8
75	4669-26-5
75	467-29-8
75	467-60-7
75	467-63-0
75	4671-93-6
75	46729-07-1
75	46729-07-1
75	4682-01-3
75	4684-87-1
75	468644-47-5
75	469-21-6
75	469-62-5
75	469-78-3
75	4692-37-9
75	4696-54-2
75	4696-57-5
75	4696-59-7
75	4697-36-3
75	469888-21-9
75	4699-61-0
75	4699-62-1
75	4699-63-2
75	4699-64-3
75	4699-65-4
75	470-38-2
75	470462-49-8
75	47073-92-7
75	4708-61-6
75	471-34-1
75	471-35-2
75	47170-56-9
75	4719-04-4
75	4722-99-0
75	472969-22-5
75	4730-83-0
75	4731-36-6
75	473256-73-4
75	4736-49-6
75	47367-75-9
75	47424-12-4
75	475-80-9
75	475472-70-9
75	4756-19-8
75	4756-53-0
75	4756-75-6
75	476-39-1
75	476300-64-8
75	477-29-2
75	477-30-5
75	477-63-4
75	477-73-6
75	477-75-8
75	47743-68-0
75	4777-37-1
75	4779-94-6
75	477904-35-1
75	477904-36-2
75	477904-37-3
75	477904-39-5
75	477951-22-7
75	478016-94-3
75	478183-48-1
75	4782-29-0
75	478314-69-1
75	478856-60-9
75	479-23-2
75	479-81-2
75	479-92-5
75	479401-05-3
75	47999-51-9
75	48076-38-6
75	4808-24-6
75	4808-30-4
75	481-06-1
75	481047-48-7
75	481047-48-7
75	48122-14-1
75	4813-57-4
75	48141-64-6
75	482-44-0
75	483-17-0
75	483-18-1
75	484-20-8
75	4846-91-7
75	4849-90-5
75	485-31-4
75	4850-67-3
75	4857-81-2
75	486-17-9
75	486-67-9
75	488-23-3
75	488787-59-3
75	488787-59-3
75	489466-64-0
75	4906-87-0
75	491611-08-6
75	492-18-2
75	492-80-8
75	4920-77-8
75	4921-97-5
75	4933-27-1
75	4938-72-1
75	4938-72-1
75	494-79-1
75	494769-17-4
75	494793-67-8
75	494848-07-6
75	494848-23-6
75	494851-77-3
75	494851-98-8
75	495-54-5
75	49540-00-3
75	49594-70-9
75	496-67-3
75	496-72-0
75	4964-14-1
75	49663-84-5
75	496916-40-6
75	496925-14-5
75	497-19-8
75	497-75-6
75	49707-39-3
75	49719-63-3
75	49719-64-4
75	49720-84-5
75	49745-95-1
75	49758-21-6
75	49784-42-1
75	49784-44-3
75	498-73-7
75	49805-30-3
75	4986-89-4
75	499126-69-1
75	4995-91-9
75	499583-31-2
75	50-00-0
75	50-01-1
75	50-06-6
75	50-14-6
75	50-18-0
75	50-29-3
75	50-32-8
75	50-33-9
75	50-35-1
75	50-37-3
75	50-48-6
75	50-49-7
75	50-53-3
75	50-59-9
75	50-98-6
75	500-34-5
75	500717-36-2
75	500791-70-8
75	501-53-1
75	5015-38-3
75	5016-81-9
75	502-39-6
75	502-59-0
75	502-65-8
75	50288-23-8
75	50295-88-0
75	503-01-5
75	503-80-0
75	50319-14-7
75	50326-33-5
75	5035-52-9
75	5035-58-5
75	5035-67-6
75	5035-68-7
75	50354-80-8
75	50356-12-2
75	50356-21-3
75	50356-22-4
75	50356-23-5
75	50356-25-7
75	50375-48-9
75	50378-83-1
75	503842-49-7
75	504-18-7
75	5042-54-6
75	50471-44-8
75	50563-36-5
75	50594-66-6
75	506-61-6
75	506-63-8
75	506-64-9
75	506-65-0
75	506-66-1
75	506-78-5
75	506-80-9
75	506-82-1
75	506-83-2
75	50610-28-1
75	50619-00-6
75	5064-31-3
75	50641-13-9
75	50641-75-3
75	50642-22-3
75	50642-36-9
75	50642-55-2
75	50642-78-9
75	50642-99-4
75	50647-14-8
75	50648-02-7
75	50698-54-9
75	507-27-7
75	507-28-8
75	507-45-9
75	50715-28-1
75	50717-45-8
75	5072-98-0
75	50727-49-6
75	50727-50-9
75	50727-51-0
75	50727-52-1
75	50727-53-2
75	50727-54-3
75	50727-55-4
75	50727-56-5
75	50729-74-3
75	50789-88-3
75	508-75-8
75	508-77-0
75	50809-35-3
75	50809-64-8
75	50811-86-4
75	50813-53-1
75	50813-73-5
75	50814-12-5
75	50814-73-8
75	508202-43-5
75	50825-29-1
75	50829-23-7
75	50853-47-9
75	50858-71-4
75	50864-67-0
75	50864-80-7
75	50885-87-5
75	50888-64-7
75	5089-20-3
75	509-34-2
75	509-42-2
75	509-84-2
75	50905-10-7
75	509121-40-8
75	50922-29-7
75	50922-59-3
75	50924-44-2
75	50926-12-0
75	50926-17-5
75	50926-55-1
75	50929-03-8
75	50933-80-7
75	50934-74-2
75	50935-56-3
75	50936-52-2
75	50936-53-3
75	50954-17-1
75	50957-62-5
75	50972-56-0
75	50972-58-2
75	50974-99-7
75	50975-37-6
75	50978-48-8
75	50982-74-6
75	50984-64-0
75	50985-14-3
75	50985-24-5
75	50985-29-0
75	51-03-6
75	51-06-9
75	51-18-3
75	51-19-4
75	51-21-8
75	51-24-1
75	51-26-3
75	51-28-5
75	51-34-3
75	51-41-2
75	51-43-4
75	51-55-8
75	51-61-6
75	51-64-9
75	51-68-3
75	51-75-2
75	51-79-6
75	51-84-3
75	51004-71-8
75	51005-19-7
75	5102-83-0
75	51026-91-6
75	51026-92-7
75	51028-73-0
75	51065-07-7
75	5107-01-7
75	5107-58-4
75	5107-59-5
75	51085-52-0
75	511-49-9
75	511-75-1
75	51105-45-4
75	51112-72-2
75	5112-16-3
75	511262-76-3
75	51138-28-4
75	51140-43-3
75	51148-10-8
75	511534-54-6
75	51156-89-9
75	51158-20-4
75	5117-12-4
75	5117-16-8
75	5117-17-9
75	51173-63-8
75	51178-75-7
75	512-25-4
75	512-26-5
75	512-56-1
75	512179-63-4
75	51222-60-7
75	51222-60-7
75	51229-78-8
75	51235-04-2
75	5124-30-1
75	51251-98-0
75	51252-88-1
75	51253-31-7
75	51267-92-6
75	51273-81-5
75	51274-03-4
75	51274-07-8
75	513-49-5
75	513-77-9
75	513-78-0
75	513-79-1
75	51305-35-2
75	5131-24-8
75	5131-56-6
75	5131-58-8
75	5131-66-8
75	51311-89-8
75	51312-15-3
75	51312-24-4
75	51317-24-9
75	51325-28-1
75	51329-73-8
75	51331-05-6
75	51331-32-9
75	51338-27-3
75	51365-70-9
75	51374-31-3
75	5138-86-3
75	51385-03-6
75	51390-14-8
75	51393-99-8
75	51394-03-7
75	51395-42-7
75	514-78-3
75	51404-69-4
75	51406-57-6
75	51414-25-6
75	51426-08-5
75	51429-91-5
75	5143-30-6
75	51443-71-1
75	51443-72-2
75	51443-73-3
75	5146-66-7
75	51481-65-3
75	51484-87-8
75	515-72-0
75	515-74-2
75	515-76-4
75	51506-29-7
75	5153-24-2
75	5153-64-0
75	51540-81-9
75	51553-00-5
75	51557-01-8
75	5156-41-2
75	51570-30-0
75	51575-27-0
75	51575-80-5
75	51580-86-0
75	51594-55-9
75	51595-71-2
75	516-02-9
75	5160-02-1
75	51601-43-5
75	51609-24-6
75	51621-87-5
75	51622-02-7
75	51653-13-5
75	51668-62-3
75	51673-84-8
75	51680-56-9
75	51694-22-5
75	517-16-8
75	51753-57-2
75	51761-16-1
75	51762-05-1
75	51786-53-9
75	51787-30-5
75	51799-69-0
75	518-20-7
75	518-39-8
75	518-46-7
75	518-47-8
75	518035-23-9
75	518051-66-6
75	51810-46-9
75	51811-48-4
75	51818-56-5
75	51821-32-0
75	51833-34-2
75	51845-73-9
75	51846-25-4
75	51847-94-0
75	5185-84-2
75	51855-90-4
75	51868-24-7
75	51882-60-1
75	51887-47-9
75	51899-02-6
75	51899-02-6
75	519-49-3
75	51900-05-1
75	51912-10-8
75	51931-23-8
75	51938-69-3
75	51944-07-1
75	51952-49-9
75	51990-13-7
75	52-01-7
75	52-24-4
75	52-31-3
75	52-43-7
75	52-51-7
75	52-68-6
75	52-86-8
75	52-88-0
75	520-10-5
75	520-52-5
75	52001-89-5
75	52002-14-9
75	52004-55-4
75	52011-87-7
75	52014-29-6
75	52019-27-9
75	52033-74-6
75	52037-42-0
75	52037-46-4
75	52037-47-5
75	52037-76-0
75	52038-45-6
75	52044-58-3
75	52051-70-4
75	52051-82-8
75	52052-16-1
75	5206-47-3
75	52080-60-1
75	52081-02-4
75	52085-24-2
75	52110-05-1
75	52123-49-6
75	52126-83-7
75	52136-25-1
75	5216-25-1
75	521947-27-3
75	522-00-9
75	522-48-5
75	52229-82-0
75	52231-92-2
75	52232-05-0
75	52232-75-4
75	52233-42-8
75	52234-82-9
75	52238-56-9
75	5224-23-7
75	52276-55-8
75	52276-97-8
75	52285-42-4
75	52296-79-4
75	52298-41-6
75	52306-33-9
75	52325-89-0
75	52337-73-2
75	52337-77-6
75	52337-78-7
75	5234-68-4
75	52340-19-9
75	52350-34-2
75	52365-33-0
75	52365-63-6
75	52366-88-8
75	52366-88-8
75	52382-29-3
75	52399-93-6
75	52427-13-1
75	52427-13-1
75	52433-96-2
75	52440-51-4
75	52458-41-0
75	52460-86-3
75	52463-83-9
75	52467-63-7
75	52497-46-8
75	52499-70-4
75	525-30-4
75	5250-39-5
75	52502-12-2
75	52503-06-7
75	52513-84-5
75	52519-66-1
75	52519-67-2
75	52539-51-2
75	52556-42-0
75	525584-40-1
75	526-36-3
75	526-37-4
75	526-50-1
75	526-73-8
75	526-75-0
75	52609-46-8
75	52623-24-2
75	52623-77-5
75	52624-13-2
75	52625-25-9
75	52627-52-8
75	52627-68-6
75	52627-94-8
75	52645-53-1
75	52652-59-2
75	52658-19-2
75	52663-81-7
75	52667-88-6
75	52671-45-1
75	52683-48-4
75	52683-49-5
75	52683-56-4
75	52685-95-7
75	52697-21-9
75	52697-24-2
75	527-53-7
75	5270-30-4
75	5271-27-2
75	52714-88-2
75	52714-96-2
75	52732-72-6
75	52740-16-6
75	52748-69-3
75	52757-89-8
75	527686-65-3
75	52783-21-8
75	52795-88-7
75	528-53-0
75	528-58-5
75	528-92-7
75	5280-68-2
75	5280-69-3
75	52803-29-9
75	5281-04-9
75	52846-30-7
75	52847-85-5
75	52870-46-9
75	52879-10-4
75	528838-89-3
75	52888-80-9
75	52907-17-2
75	52907-38-7
75	52933-62-7
75	52933-74-1
75	52933-75-2
75	52934-88-0
75	52953-83-0
75	52964-42-8
75	52985-09-8
75	52985-93-0
75	53-33-8
75	53-70-3
75	53-73-6
75	530-08-5
75	530-34-7
75	53007-72-0
75	53010-52-9
75	53021-66-2
75	53025-84-6
75	53026-61-2
75	53026-80-5
75	53027-18-2
75	53027-88-6
75	53028-50-5
75	53028-65-2
75	53028-77-6
75	53028-82-3
75	5306-98-9
75	5307-00-6
75	5307-02-8
75	5307-14-2
75	53073-28-2
75	53078-85-6
75	5308-71-4
75	53086-28-5
75	53092-86-7
75	53095-31-1
75	53095-52-6
75	53096-04-1
75	531-59-9
75	531-72-6
75	531-76-0
75	531-85-1
75	531-86-2
75	53120-23-3
75	53125-66-9
75	53127-14-3
75	53135-64-1
75	53156-62-0
75	53156-66-4
75	53156-67-5
75	53168-85-7
75	53169-24-7
75	53192-27-1
75	532-03-6
75	532-82-1
75	53200-30-9
75	53208-23-4
75	53224-08-1
75	53238-86-1
75	53238-87-2
75	53239-67-1
75	53239-68-2
75	53240-95-2
75	53250-83-2
75	5326-00-1
75	53262-48-9
75	53272-22-3
75	53282-60-3
75	5329-14-6
75	533-00-6
75	533-23-3
75	533-31-3
75	533-73-3
75	533-74-4
75	53303-76-7
75	53306-52-8
75	53306-54-0
75	5333-84-6
75	53363-96-5
75	534-33-8
75	534-52-1
75	53404-01-6
75	53404-02-7
75	53404-12-9
75	53404-12-9
75	53404-12-9
75	53404-34-5
75	53404-35-6
75	53404-36-7
75	53404-37-8
75	53404-38-9
75	53404-47-0
75	53404-67-4
75	53404-68-5
75	53404-69-6
75	53404-70-9
75	53404-82-3
75	53404-86-7
75	53404-86-7
75	53408-91-6
75	53408-94-9
75	5341-61-7
75	53466-66-3
75	53466-77-6
75	53466-78-7
75	53466-85-6
75	53467-05-3
75	53467-11-1
75	53467-12-2
75	53478-61-8
75	535-37-5
75	535-46-6
75	535-55-7
75	535-89-7
75	53513-80-7
75	53514-39-9
75	53527-81-4
75	53529-07-0
75	53529-09-2
75	53529-37-6
75	53535-28-7
75	53535-29-8
75	53535-36-7
75	53555-65-0
75	53570-97-1
75	53570-98-2
75	535950-32-4
75	536-21-0
75	536-24-3
75	536-33-4
75	536-47-0
75	53608-79-0
75	53609-64-6
75	53633-14-0
75	53637-13-1
75	53652-94-1
75	53657-16-2
75	53663-14-2
75	53664-59-8
75	53669-45-7
75	53681-78-0
75	53684-48-3
75	537-46-2
75	537-64-4
75	537-65-5
75	537040-81-6
75	53774-35-9
75	53799-45-4
75	53799-46-5
75	538-03-4
75	538-04-5
75	538-66-9
75	538-75-0
75	53801-45-9
75	53802-06-5
75	53807-25-3
75	53807-64-0
75	53807-65-1
75	53823-70-4
75	53823-72-6
75	53846-34-7
75	53848-17-2
75	5385-22-8
75	5385-75-1
75	53851-02-8
75	53856-17-0
75	53858-93-8
75	53894-37-4
75	539-43-5
75	539-54-8
75	5390-04-5
75	53906-68-6
75	53917-99-0
75	5392-40-5
75	53933-48-5
75	53936-56-4
75	5395-43-7
75	53974-16-6
75	539820-31-0
75	539821-35-7
75	53988-78-6
75	53988-80-0
75	53989-04-1
75	53994-73-3
75	54-04-6
75	54-11-5
75	54-36-4
75	54-49-9
75	54-64-8
75	54-71-7
75	54-85-3
75	540-23-8
75	540-25-0
75	540-37-4
75	540-43-2
75	540-59-0
75	540-73-8
75	540-84-1
75	5400-74-8
75	54018-73-4
75	54018-92-7
75	54059-75-5
75	5406-86-0
75	54060-92-3
75	54063-54-6
75	54066-28-3
75	54075-76-2
75	541-20-8
75	541-22-0
75	541-25-3
75	541-41-3
75	541-43-5
75	541-64-0
75	541-69-5
75	541-70-8
75	541-85-5
75	5410-29-7
75	5412-36-2
75	54129-03-2
75	5413-75-2
75	5416-74-0
75	54181-75-8
75	54182-71-7
75	54182-73-9
75	54193-32-7
75	542-11-0
75	542-11-0
75	542-14-3
75	542-15-4
75	542-16-5
75	542-55-2
75	542-56-3
75	542-62-1
75	542-63-2
75	542-75-6
75	542-83-6
75	542-84-7
75	542-88-1
75	5421-48-7
75	5422-17-3
75	54236-98-5
75	54241-05-3
75	5425-62-7
75	54253-62-2
75	5428-02-4
75	5428-54-6
75	5428-90-0
75	54295-90-8
75	543-63-5
75	543-80-6
75	543-81-7
75	543-82-8
75	543-90-8
75	54322-20-2
75	54322-60-0
75	54325-99-4
75	54328-11-9
75	54335-17-0
75	5434-72-0
75	54350-59-3
75	54352-05-5
75	54373-70-5
75	54385-93-2
75	54387-02-9
75	54392-14-2
75	544-63-8
75	544-92-3
75	544-97-8
75	5440-04-0
75	54412-40-7
75	54428-47-6
75	54449-74-0
75	54452-17-4
75	54466-29-4
75	544700-08-5
75	54481-45-7
75	545-80-2
75	54500-13-9
75	54527-73-0
75	545386-98-9
75	54554-36-8
75	5456-02-0
75	5456-28-0
75	54563-88-1
75	54576-53-3
75	5459-37-0
75	546-32-7
75	546-67-8
75	5460-31-1
75	546094-08-0
75	546094-13-7
75	54630-47-6
75	54631-70-8
75	54649-88-6
75	54650-81-6
75	54650-95-2
75	54661-91-5
75	54667-63-9
75	5468-75-7
75	54682-86-9
75	54684-06-9
75	54686-91-8
75	54693-04-8
75	547-57-9
75	547-64-8
75	547-67-1
75	5470-11-1
75	5470-82-6
75	54723-39-6
75	54725-25-6
75	54736-16-2
75	54764-32-8
75	547767-06-6
75	548-00-5
75	548-26-5
75	548-35-6
75	548-62-9
75	54841-71-3
75	54841-72-4
75	54841-74-6
75	548460-64-6
75	54847-25-5
75	54847-97-1
75	54848-06-5
75	5486-77-1
75	54879-20-8
75	5488-45-9
75	549-18-8
75	549-59-7
75	5496-71-9
75	54961-30-7
75	54983-00-5
75	54983-89-0
75	55-16-3
75	55-18-5
75	55-38-9
75	55-48-1
75	55-55-0
75	55-63-0
75	55-65-2
75	55-68-5
75	55-86-7
75	55-97-0
75	550-08-3
75	55060-82-7
75	55066-49-4
75	55068-84-3
75	55068-85-4
75	55072-59-8
75	551-13-3
75	55134-50-4
75	55135-58-5
75	55146-10-6
75	55157-41-0
75	55158-44-6
75	55172-50-4
75	55172-61-7
75	55172-98-0
75	55199-93-4
75	552-22-7
75	552-30-7
75	552-46-5
75	552-79-4
75	55204-38-1
75	55206-66-1
75	55208-64-5
75	5521-55-1
75	55219-65-3
75	552316-51-5
75	552320-00-0
75	55248-04-9
75	55256-32-1
75	55259-49-9
75	55268-75-2
75	55276-94-3
75	55279-88-4
75	55285-14-8
75	55289-36-6
75	553-00-4
75	553-69-5
75	553-71-9
75	55318-23-5
75	5533-46-0
75	55353-08-7
75	55353-34-9
75	55353-42-9
75	55354-32-0
75	5538-41-0
75	55392-76-2
75	554-00-7
75	554-72-3
75	554-76-7
75	55406-53-6
75	55410-80-5
75	55425-27-9
75	55426-95-4
75	5543-56-6
75	5543-57-7
75	5543-58-8
75	5543-79-3
75	55462-93-6
75	55464-96-5
75	55467-74-8
75	55482-31-0
75	555-08-8
75	55512-33-9
75	55555-96-9
75	55556-10-0
75	55576-04-0
75	55576-05-1
75	55584-55-9
75	55585-07-4
75	55588-51-7
75	55599-54-7
75	556-52-5
75	556-56-9
75	556-61-6
75	556-67-2
75	55600-37-8
75	55607-95-9
75	55617-55-5
75	5562-64-1
75	55624-62-9
75	55659-55-7
75	5567-15-7
75	557-18-6
75	557-19-7
75	557-20-0
75	557-21-1
75	557-89-1
75	55700-14-6
75	5571-36-8
75	55719-88-5
75	5572-06-5
75	55728-51-3
75	5575-21-3
75	5577-43-5
75	55774-24-8
75	55799-19-4
75	558-31-6
75	5580-32-5
75	5581-35-1
75	55811-25-1
75	55818-73-0
75	55819-02-8
75	55819-29-9
75	55819-32-4
75	55819-49-3
75	55837-15-5
75	55838-66-9
75	558443-52-0
75	55845-90-4
75	55870-88-7
75	55871-05-1
75	55879-73-7
75	5588-10-3
75	5588-22-7
75	5588-29-4
75	5591-29-7
75	5591-47-9
75	55922-77-5
75	55927-87-2
75	55930-35-3
75	55939-60-1
75	55945-59-0
75	55962-74-8
75	55963-79-6
75	55964-95-9
75	55965-84-9
75	5598-13-0
75	55990-77-7
75	56-18-8
75	56-23-5
75	56-25-7
75	56-35-9
75	56-36-0
75	56-38-2
75	56-49-5
75	56-55-3
75	56-75-7
75	560-21-4
75	560-53-2
75	56003-83-9
75	56004-61-6
75	56004-61-6
75	56042-25-2
75	56051-04-8
75	56051-08-2
75	56073-07-5
75	56073-10-0
75	56073-24-6
75	56084-03-8
75	5609-80-3
75	56093-45-9
75	56095-72-8
75	561-86-4
75	5610-64-0
75	56110-51-1
75	56110-75-9
75	56116-04-2
75	56124-62-0
75	56136-34-6
75	56141-33-4
75	56145-44-9
75	5617-26-5
75	56172-56-6
75	56172-57-7
75	56172-58-8
75	56181-09-0
75	56185-21-8
75	56187-47-4
75	56189-09-4
75	562-49-2
75	562-81-2
75	562-81-2
75	5625-90-1
75	56253-60-2
75	56257-79-5
75	56257-80-8
75	56257-90-0
75	56258-35-6
75	56274-59-0
75	56274-95-4
75	562836-84-4
75	563-04-2
75	563-16-6
75	563-47-3
75	563-68-8
75	563-96-2
75	56309-94-5
75	56310-06-6
75	56312-91-5
75	56312-92-6
75	56312-93-7
75	56312-94-8
75	56320-22-0
75	56320-90-2
75	56323-17-2
75	56330-88-2
75	56341-08-3
75	56375-83-8
75	56391-56-1
75	564-02-3
75	564-25-0
75	56420-45-2
75	56449-18-4
75	56449-43-5
75	56449-52-6
75	56449-78-6
75	56450-43-2
75	56480-56-9
75	56481-76-6
75	56481-93-7
75	56481-94-8
75	56493-02-8
75	56493-03-9
75	56496-88-9
75	56499-45-7
75	565-59-3
75	565-68-4
75	565-75-3
75	56509-48-9
75	56509-58-1
75	56532-43-5
75	56533-00-7
75	56549-34-9
75	56552-15-9
75	56572-34-0
75	56572-83-9
75	56573-10-5
75	56573-57-0
75	56573-65-0
75	56573-85-4
75	56573-89-8
75	56588-87-5
75	5659-78-9
75	56591-09-4
75	56592-00-8
75	56601-85-5
75	566149-76-6
75	56634-95-8
75	56645-28-4
75	56645-30-8
75	56645-31-9
75	56645-32-0
75	56645-87-5
75	56660-19-6
75	56724-82-4
75	56729-21-6
75	56729-25-0
75	56729-26-1
75	56729-51-2
75	56730-57-5
75	56764-40-0
75	56776-01-3
75	56795-67-6
75	56796-20-4
75	56797-01-4
75	56797-10-5
75	56797-39-8
75	5683-74-9
75	56832-73-6
75	56870-07-6
75	569-61-9
75	569-64-2
75	56902-79-5
75	56913-43-0
75	56932-44-6
75	56932-45-7
75	56958-48-6
75	56982-42-4
75	57-06-7
75	57-14-7
75	57-24-9
75	57-33-0
75	57-43-2
75	57-44-3
75	57-47-6
75	57-53-4
75	57-57-8
75	57-64-7
75	57-66-9
75	57-74-9
75	57-92-1
75	57-96-5
75	57-97-6
75	570-24-1
75	57018-04-9
75	57018-52-7
75	57035-13-9
75	57043-35-3
75	57044-25-4
75	5707-04-0
75	57073-47-9
75	57074-21-2
75	571-58-4
75	57107-66-1
75	57109-90-7
75	5711-19-3
75	57110-29-9
75	57131-13-2
75	57142-78-6
75	57158-05-1
75	57158-29-9
75	57206-86-7
75	57214-20-7
75	57218-73-2
75	57219-64-4
75	5722-59-8
75	57232-83-4
75	57280-22-5
75	57284-90-9
75	573-56-8
75	573-58-0
75	57350-77-3
75	57363-77-6
75	57374-49-9
75	5739-81-1
75	573987-64-1
75	574-93-6
75	5742-17-6
75	5742-19-8
75	57425-06-6
75	57425-52-2
75	57425-61-3
75	5743-04-4
75	57435-86-6
75	57447-81-1
75	57454-67-8
75	57460-66-9
75	574737-69-2
75	575-38-2
75	57524-53-5
75	57526-81-5
75	57526-97-3
75	57534-13-1
75	57534-21-1
75	57547-75-8
75	57570-09-9
75	57583-34-3
75	57583-35-4
75	57593-74-5
75	576-26-1
75	576-68-1
75	57608-04-5
75	57620-29-8
75	57657-49-5
75	57673-50-4
75	57673-50-4
75	57693-04-6
75	577-71-9
75	57741-04-5
75	57754-92-4
75	57755-20-1
75	57762-28-4
75	57762-46-6
75	57769-67-2
75	57769-74-1
75	57769-75-2
75	57769-94-5
75	577705-90-9
75	57789-81-8
75	5779-54-4
75	578-94-9
75	57801-81-7
75	57837-19-1
75	57840-38-7
75	5785-43-3
75	57876-52-5
75	5788-17-0
75	57897-99-1
75	57898-46-1
75	579-56-6
75	57900-42-2
75	57916-96-8
75	57917-17-6
75	57960-19-7
75	57966-95-7
75	57968-70-4
75	57987-55-0
75	57997-56-5
75	57999-49-2
75	58-00-4
75	58-25-3
75	58-36-6
75	58-46-8
75	58-55-9
75	58-73-1
75	58-89-9
75	58-90-2
75	58029-37-1
75	58029-38-2
75	58029-39-3
75	58029-40-6
75	58029-41-7
75	58029-42-8
75	58029-43-9
75	58029-44-0
75	58029-45-1
75	58029-47-3
75	5803-81-6
75	58052-05-4
75	58052-99-6
75	5806-84-8
75	5806-89-3
75	58076-82-7
75	58076-82-7
75	58090-82-7
75	581-89-5
75	581075-33-4
75	58127-61-0
75	58127-88-1
75	58128-36-2
75	58128-38-4
75	5814-20-0
75	58164-88-8
75	58180-28-2
75	5819-01-2
75	5821-51-2
75	5822-97-9
75	58238-72-5
75	58238-73-6
75	58274-53-6
75	5828-51-3
75	58291-77-3
75	58299-26-6
75	58299-27-7
75	583-15-3
75	583-48-2
75	583-68-6
75	583-75-5
75	58306-86-8
75	58308-22-8
75	58339-34-7
75	58339-34-7
75	58339-39-2
75	5834-81-1
75	5835-64-3
75	5836-29-3
75	58391-87-0
75	58392-89-5
75	58392-92-0
75	584-00-9
75	584-02-1
75	584-18-9
75	584-43-0
75	584-84-9
75	584-94-1
75	58405-97-3
75	58428-34-5
75	5843-82-3
75	5843-86-7
75	5847-48-3
75	5847-51-8
75	5847-52-9
75	5847-53-0
75	585-07-9
75	585-54-6
75	5850-87-3
75	58500-38-2
75	58516-14-6
75	58517-29-6
75	58560-83-1
75	5857-37-4
75	5857-38-5
75	5857-39-6
75	58570-91-5
75	58572-21-7
75	58572-71-7
75	5858-81-1
75	5858-88-8
75	58591-45-0
75	58594-72-2
75	586-06-1
75	586-11-8
75	58601-87-9
75	5862-77-1
75	5863-51-4
75	586372-44-3
75	5869-17-0
75	5869-30-7
75	5869-31-8
75	587-85-9
75	587-98-4
75	5873-16-5
75	5873-54-1
75	5874-97-5
75	5877-42-9
75	58787-03-4
75	588-66-9
75	58806-19-2
75	58823-95-3
75	5883-36-3
75	58834-75-6
75	58856-63-6
75	58856-82-9
75	58858-18-7
75	58865-77-3
75	5888-33-5
75	589-34-4
75	589-43-5
75	589-53-7
75	589-65-1
75	589-81-1
75	589-90-2
75	5890-10-8
75	5892-11-5
75	5892-48-8
75	58947-99-2
75	58957-92-9
75	58997-79-8
75	58998-51-9
75	59-01-8
75	59-05-2
75	59-33-6
75	59-42-7
75	59-46-1
75	59-47-2
75	59-50-7
75	59-63-2
75	59-85-8
75	59-88-1
75	59-89-2
75	59-99-4
75	590-34-1
75	590-35-2
75	590-73-8
75	59004-71-6
75	59004-72-7
75	5902-76-1
75	5902-79-4
75	5902-95-4
75	59020-10-9
75	59029-19-5
75	59029-57-1
75	5903-10-6
75	5908-77-0
75	5908-78-1
75	5908-80-5
75	5908-81-6
75	5908-95-2
75	5908-99-6
75	5909-04-6
75	591-19-5
75	591-65-1
75	591-76-4
75	591-78-6
75	591-89-9
75	591-89-9
75	59111-23-8
75	59111-82-9
75	59112-13-9
75	59112-68-4
75	59114-56-6
75	5912-86-7
75	59121-99-2
75	59125-51-8
75	59135-90-9
75	59157-64-1
75	59164-71-5
75	592-01-8
75	592-02-9
75	592-04-1
75	592-04-1
75	592-05-2
75	592-05-2
75	592-06-3
75	592-13-2
75	592-27-8
75	592-34-7
75	592-62-1
75	592-63-2
75	592-84-7
75	592-85-8
75	592-87-0
75	59204-10-3
75	5921-73-3
75	59217-75-3
75	59223-35-7
75	59227-88-2
75	59232-96-1
75	59250-02-1
75	59286-40-7
75	593-52-2
75	593-58-8
75	593-60-2
75	593-74-8
75	593-79-3
75	593-80-6
75	593-88-4
75	593-89-5
75	593-90-8
75	5932-68-3
75	59320-13-7
75	59330-52-8
75	59337-93-8
75	5934-11-2
75	5936-16-3
75	59372-48-4
75	594-10-5
75	594-31-0
75	594-82-1
75	59400-80-5
75	59447-55-1
75	59459-14-2
75	59459-23-3
75	59459-27-7
75	59467-70-8
75	59473-30-2
75	5949-29-1
75	59493-72-0
75	595-89-1
75	59518-91-1
75	59539-76-3
75	5954-14-3
75	5955-19-1
75	59598-67-3
75	59598-68-4
75	59598-69-5
75	59598-70-8
75	59598-84-4
75	59599-00-7
75	596-03-2
75	5964-24-9
75	5965-33-3
75	59653-74-6
75	5967-37-3
75	5967-42-0
75	5967-44-2
75	5967-84-0
75	5968-11-6
75	5968-84-3
75	5969-82-4
75	5970-32-1
75	59707-49-2
75	59719-94-7
75	5972-97-4
75	59737-00-7
75	59737-31-4
75	59758-95-1
75	59777-10-5
75	59778-51-7
75	59778-57-3
75	59779-45-2
75	5979-28-2
75	59792-63-1
75	598-14-1
75	598-56-1
75	598-78-7
75	5980-86-9
75	5984-58-7
75	59863-84-2
75	59872-00-3
75	59888-66-3
75	5989-27-5
75	5989-54-8
75	59890-36-7
75	59890-37-8
75	599-00-8
75	599-79-1
75	59918-84-2
75	59922-49-5
75	59948-27-5
75	59948-36-6
75	5996-16-7
75	59966-88-0
75	60-00-4
75	60-09-3
75	60-11-7
75	60-13-9
75	60-31-1
75	60-32-2
75	60-34-4
75	60-35-5
75	60-40-2
75	60-41-3
75	60-46-8
75	60-54-8
75	60-56-0
75	60-57-1
75	6000-59-5
75	60000-97-7
75	60001-03-8
75	60004-81-1
75	60007-95-6
75	60007-96-7
75	60018-94-2
75	60030-72-0
75	60037-69-6
75	60052-92-8
75	60064-28-0
75	60065-70-5
75	60083-79-6
75	60098-53-5
75	601-77-4
75	6012-21-1
75	6012-23-3
75	6012-84-6
75	60120-40-3
75	60154-16-7
75	60160-75-0
75	60168-33-4
75	60168-88-9
75	6018-19-5
75	6018-31-1
75	6018-89-9
75	60181-70-6
75	60189-99-3
75	6019-02-9
75	6019-03-0
75	6019-04-1
75	6019-06-3
75	6019-09-6
75	60195-52-0
75	602-01-7
75	602-87-9
75	60202-19-9
75	60207-90-1
75	60250-80-8
75	60251-56-1
75	60267-31-4
75	603-32-7
75	603-36-1
75	603-85-0
75	60322-59-0
75	6034-57-7
75	60345-43-9
75	60345-95-1
75	60348-60-9
75	6035-52-5
75	6035-54-7
75	60372-77-2
75	60382-89-0
75	604-75-1
75	6041-94-7
75	60443-17-6
75	60459-08-7
75	60488-29-1
75	60491-10-3
75	60498-30-8
75	605-50-5
75	6051-75-8
75	6053-68-5
75	6055-19-2
75	6055-69-2
75	6056-14-0
75	60568-05-0
75	60568-40-3
75	60580-60-1
75	60581-61-5
75	6059-25-2
75	606-20-2
75	60605-43-8
75	60606-56-6
75	60608-94-8
75	60646-36-8
75	6065-27-6
75	60658-04-0
75	60676-90-6
75	60687-93-6
75	60704-17-8
75	60723-49-1
75	607374-50-5
75	607502-71-6
75	60763-24-8
75	608-26-4
75	608-27-5
75	608-31-1
75	608-73-1
75	6080-56-4
75	6080-56-4
75	60800-54-6
75	60811-21-4
75	60820-94-2
75	60831-77-8
75	60860-63-1
75	60869-65-0
75	60880-51-5
75	60880-53-7
75	60880-83-3
75	60880-86-6
75	6089-04-9
75	60894-16-8
75	609-26-7
75	60909-47-9
75	60909-47-9
75	6091-12-9
75	6091-13-0
75	60927-30-2
75	609347-89-9
75	60937-79-3
75	6094-40-2
75	60940-34-3
75	60953-19-7
75	60969-19-9
75	60974-06-3
75	6099-90-7
75	61-12-1
75	61-16-5
75	61-32-5
75	61-33-6
75	61-56-3
75	61-72-3
75	61-73-4
75	61-75-6
75	61-76-7
75	61-80-3
75	61-82-5
75	610-39-9
75	6101-00-4
75	6101-00-4
75	6101-01-5
75	6101-02-6
75	6101-03-7
75	6101-04-8
75	6101-05-9
75	6101-06-0
75	6101-07-1
75	6101-09-3
75	6101-42-4
75	61013-97-6
75	61028-24-8
75	61036-62-2
75	61036-82-6
75	6106-22-5
75	6107-83-1
75	6107-93-3
75	61076-97-9
75	6108-10-7
75	6108-11-8
75	6108-12-9
75	6108-13-0
75	61091-23-4
75	611-14-3
75	61105-31-5
75	61129-40-6
75	61129-40-6
75	6114-26-7
75	61142-81-2
75	61167-58-6
75	61167-60-0
75	6119-92-2
75	61197-73-7
75	612-52-2
75	612-64-6
75	612-82-8
75	612-83-9
75	61204-26-0
75	61213-25-0
75	61219-26-9
75	61260-05-7
75	61261-16-3
75	61270-58-4
75	61279-73-0
75	61279-74-1
75	61279-75-2
75	61279-76-3
75	61287-42-1
75	61288-66-2
75	613-03-6
75	613-06-9
75	613-26-3
75	613-35-4
75	6131-24-4
75	6131-99-3
75	6131-99-3
75	6132-02-1
75	613262-31-0
75	61332-27-2
75	61349-45-9
75	61349-47-1
75	61356-27-2
75	61356-34-1
75	61358-23-4
75	61373-95-3
75	61379-65-5
75	614-00-6
75	614-94-8
75	6140-74-5
75	6140-75-6
75	61420-92-6
75	61461-40-3
75	61462-16-6
75	6147-37-1
75	6147-53-1
75	61477-96-1
75	6148-48-7
75	61489-66-5
75	61489-77-8
75	6149-63-9
75	61497-49-2
75	615-05-4
75	615-16-7
75	615-28-1
75	615-36-1
75	615-43-0
75	615-46-3
75	615-50-9
75	615-53-2
75	615-62-3
75	615-65-6
75	615-66-7
75	615-74-7
75	6150-94-3
75	61512-59-2
75	61513-05-1
75	61513-06-2
75	61513-07-3
75	6152-33-6
75	61537-10-8
75	61539-83-1
75	61551-69-7
75	61566-91-4
75	61571-06-0
75	6158-11-8
75	6158-12-9
75	6159-83-7
75	61597-96-4
75	616-47-7
75	616-99-9
75	61614-29-7
75	6164-98-3
75	61641-74-5
75	61642-33-9
75	6165-76-0
75	61673-79-8
75	61674-62-2
75	6169-10-4
75	6169-12-6
75	617-54-9
75	617-55-0
75	617-75-4
75	617-78-7
75	617-85-6
75	61701-15-3
75	61702-44-1
75	61711-38-4
75	61721-07-1
75	61745-55-9
75	61763-30-2
75	617720-06-6
75	61788-37-2
75	61788-45-2
75	61788-46-3
75	61788-50-9
75	61788-52-1
75	61788-53-2
75	61788-54-3
75	61789-28-4
75	61789-34-2
75	61789-50-2
75	61789-60-4
75	61789-61-5
75	61789-67-1
75	61789-95-5
75	61790-07-6
75	61790-14-5
75	61790-33-8
75	61790-48-5
75	61792-06-1
75	61792-07-2
75	618-22-4
75	618-26-8
75	618-36-0
75	618-82-6
75	618-85-9
75	6180-99-0
75	61807-67-8
75	61813-60-3
75	61826-76-4
75	61840-45-7
75	61852-27-5
75	61867-68-3
75	61869-49-6
75	61891-42-7
75	619-05-6
75	619-15-8
75	619-18-1
75	619-45-4
75	619-99-8
75	6191-53-3
75	61913-12-0
75	61915-27-3
75	6192-52-5
75	619297-89-1
75	61932-63-6
75	6195-20-6
75	61951-51-7
75	61951-96-0
75	61971-47-9
75	61991-18-2
75	61993-29-1
75	62-13-5
75	62-31-7
75	62-37-3
75	62-38-4
75	62-53-3
75	62-55-5
75	62-56-6
75	62-67-9
75	62-73-7
75	62-75-9
75	620-14-4
75	620-17-7
75	620-27-9
75	62010-10-0
75	62010-27-9
75	62010-30-4
75	62010-31-5
75	62013-04-1
75	62024-16-2
75	62042-25-5
75	62042-25-5
75	6208-20-4
75	62086-97-9
75	621-64-7
75	6211-24-1
75	62138-52-7
75	62139-95-1
75	62140-21-0
75	62140-56-1
75	62149-56-8
75	62169-25-9
75	62169-28-2
75	62169-29-3
75	6217-24-9
75	6219-73-4
75	622-62-8
75	622-68-4
75	622-96-8
75	62201-70-1
75	62202-86-2
75	62203-24-1
75	62229-08-7
75	62229-38-3
75	62229-51-0
75	62243-32-7
75	62268-47-7
75	623-07-4
75	623-43-8
75	62312-94-1
75	62314-22-1
75	623158-96-3
75	623158-97-4
75	62317-00-4
75	62337-00-2
75	62338-64-1
75	62339-51-9
75	62339-93-9
75	62374-53-2
75	623903-27-5
75	624-18-0
75	624-29-3
75	624-83-9
75	624-86-2
75	624-92-0
75	62406-73-9
75	62451-77-8
75	62459-34-1
75	62476-59-9
75	62478-82-4
75	6248-20-0
75	62488-19-1
75	62488-20-4
75	62497-63-6
75	625-45-6
75	625-55-8
75	625080-35-5
75	625084-37-9
75	6252-76-2
75	62534-71-8
75	6259-76-3
75	626-01-7
75	62601-75-6
75	62601-76-7
75	6261-22-9
75	6261-30-9
75	62610-39-3
75	62610-77-9
75	62613-15-4
75	62637-99-4
75	62638-02-2
75	62642-07-3
75	62642-07-3
75	62655-59-8
75	62669-65-2
75	627-41-8
75	627-44-1
75	627-53-2
75	627-54-3
75	6270-99-1
75	627097-62-5
75	62712-14-5
75	62712-21-4
75	6273-99-0
75	62782-03-0
75	628-11-5
75	628-39-7
75	628-85-3
75	628-86-4
75	62811-75-0
75	6283-24-5
75	6283-63-2
75	6285-06-9
75	62851-41-6
75	62865-26-3
75	62886-92-4
75	62887-23-4
75	62893-19-0
75	629-14-1
75	629-35-6
75	62909-81-3
75	62924-70-3
75	62929-91-3
75	6295-12-1
75	63-25-2
75	63-74-1
75	63-75-2
75	63-98-9
75	630-08-0
75	630-10-4
75	630-60-4
75	63055-40-3
75	6306-96-3
75	63090-40-4
75	63091-15-6
75	631-60-7
75	63116-94-9
75	63133-82-4
75	63149-25-7
75	63156-11-6
75	6317-18-6
75	63172-17-8
75	63172-55-4
75	63187-91-7
75	632-55-3
75	632-99-5
75	63217-32-3
75	63217-33-4
75	63218-07-5
75	63261-47-2
75	63267-52-7
75	63278-70-6
75	63284-32-2
75	63284-33-3
75	633-03-4
75	633-96-5
75	63310-00-9
75	63310-09-8
75	63311-47-7
75	63325-16-6
75	633343-78-9
75	6334-99-2
75	6336-12-5
75	63364-00-1
75	63382-64-9
75	63387-32-6
75	63399-94-0
75	634-03-7
75	634-08-2
75	634-62-8
75	634-67-3
75	634-91-3
75	634-93-5
75	63400-07-7
75	63400-08-8
75	63400-09-9
75	6341-97-5
75	63427-32-7
75	63428-96-6
75	63440-25-5
75	63449-41-2
75	63466-71-7
75	63468-53-1
75	63468-73-5
75	63500-71-0
75	63513-30-4
75	63517-86-2
75	63525-90-6
75	63527-52-6
75	635305-12-3
75	63549-47-3
75	63562-33-4
75	63568-30-9
75	6358-30-1
75	6358-31-2
75	6358-37-8
75	6358-69-6
75	6358-85-6
75	63589-43-5
75	6359-82-6
75	63598-72-1
75	636-21-5
75	636-30-6
75	6360-54-9
75	63616-15-9
75	63619-09-0
75	6364-17-6
75	63645-17-0
75	6365-73-7
75	6365-83-9
75	63653-42-9
75	636588-30-2
75	63660-97-9
75	63661-06-3
75	63661-31-4
75	63681-54-9
75	63686-94-2
75	6369-59-1
75	6369-96-6
75	6369-97-7
75	6369-97-7
75	637-03-6
75	6370-23-6
75	63704-81-4
75	63705-05-5
75	6371-76-2
75	6371-96-6
75	6372-81-2
75	6373-73-5
75	6373-74-6
75	6373-79-1
75	63740-41-0
75	63748-59-4
75	63767-86-2
75	63774-55-0
75	6379-37-9
75	63793-40-8
75	63795-61-9
75	63799-24-6
75	638-03-9
75	638-49-3
75	6380-34-3
75	63815-64-5
75	63815-75-8
75	63815-76-9
75	63815-80-5
75	63815-98-5
75	63816-07-9
75	63816-14-8
75	63816-15-9
75	63816-16-0
75	63816-17-1
75	6385-62-2
75	63868-82-6
75	63868-93-9
75	63868-94-0
75	63868-95-1
75	63868-96-2
75	63868-98-4
75	63869-00-1
75	63869-01-2
75	63869-02-3
75	63869-03-4
75	63869-04-5
75	63869-05-6
75	63869-06-7
75	63869-07-8
75	63869-08-9
75	63870-44-0
75	63870-48-4
75	63885-01-8
75	63905-89-5
75	63905-90-8
75	63906-49-0
75	63906-50-3
75	63906-56-9
75	63907-33-5
75	63907-45-9
75	63908-52-1
75	63915-76-4
75	63916-96-1
75	63918-97-8
75	63918-97-8
75	63937-14-4
75	63951-06-4
75	63951-09-7
75	63957-41-5
75	63957-41-5
75	63981-01-1
75	63981-20-4
75	63981-21-5
75	63989-69-5
75	6399-67-3
75	63990-59-0
75	63990-88-5
75	63993-57-7
75	63993-58-8
75	64-02-8
75	64-13-1
75	64-18-6
75	64-19-7
75	64-43-7
75	64-47-1
75	64-65-3
75	64-67-5
75	64-69-7
75	64-73-3
75	64-75-5
75	64-77-7
75	64-86-8
75	64011-26-3
75	64011-35-4
75	64011-35-4
75	64011-36-5
75	64011-36-5
75	64013-14-5
75	64019-93-8
75	64024-08-4
75	64025-06-5
75	64046-00-0
75	64046-74-8
75	64046-75-9
75	64046-93-1
75	64046-96-4
75	64047-01-4
75	64048-05-1
75	64048-06-2
75	64048-07-3
75	64048-08-4
75	64048-88-0
75	64048-89-1
75	64048-90-4
75	64048-96-0
75	64048-98-2
75	64048-99-3
75	64049-05-4
75	64049-06-5
75	64049-08-7
75	64049-09-8
75	64049-10-1
75	64049-11-2
75	64049-12-3
75	64049-14-5
75	64049-15-6
75	64049-16-7
75	64049-17-8
75	64049-22-5
75	64049-23-6
75	64049-24-7
75	64049-25-8
75	64049-27-0
75	64049-28-1
75	64049-29-2
75	64058-72-6
75	64058-74-8
75	64059-26-3
75	64063-37-2
75	64070-10-6
75	64070-14-0
75	64070-83-3
75	64070-83-3
75	64070-92-4
75	64070-98-0
75	6408-26-0
75	64082-39-9
75	64086-14-2
75	64086-16-4
75	64091-91-4
75	64093-53-4
75	64093-53-4
75	641-19-0
75	6410-32-8
75	6410-38-4
75	6410-39-5
75	6410-40-8
75	6410-41-9
75	64137-52-6
75	6415-90-3
75	6416-01-9
75	6416-06-4
75	6416-73-5
75	6417-43-2
75	6417-43-2
75	6417-83-0
75	64176-52-9
75	64176-61-0
75	64176-66-5
75	64177-03-3
75	642-62-6
75	6420-47-9
75	64217-62-5
75	6424-33-5
75	642458-21-7
75	6426-67-1
75	6427-86-7
75	64294-91-3
75	64296-67-9
75	643-84-5
75	64308-15-2
75	64333-57-9
75	64333-62-6
75	64339-51-1
75	64359-81-5
75	644-26-8
75	6441-77-6
75	6441-93-6
75	64417-77-2
75	64417-98-7
75	64427-56-1
75	64461-15-0
75	64475-90-7
75	64475-90-7
75	6448-95-9
75	64485-90-1
75	6449-35-0
75	64491-92-5
75	645-74-9
75	645-96-5
75	645-99-8
75	64503-02-2
75	64504-12-7
75	64523-06-4
75	6454-35-9
75	64553-31-7
75	64553-67-9
75	64553-71-5
75	64554-82-1
75	64598-23-8
75	64604-85-9
75	64641-52-7
75	64666-35-9
75	64667-17-0
75	64681-08-9
75	64684-45-3
75	64685-79-6
75	64697-74-1
75	64697-75-2
75	64697-76-3
75	64697-77-4
75	64697-78-5
75	6471-50-7
75	6471-51-8
75	64714-49-4
75	64719-41-1
75	64741-36-2
75	64741-41-9
75	64741-42-0
75	64741-45-3
75	64741-46-4
75	64741-47-5
75	64741-48-6
75	64741-50-0
75	64741-51-1
75	64741-52-2
75	64741-53-3
75	64741-54-4
75	64741-55-5
75	64741-57-7
75	64741-59-9
75	64741-60-2
75	64741-61-3
75	64741-62-4
75	64741-63-5
75	64741-64-6
75	64741-65-7
75	64741-66-8
75	64741-67-9
75	64741-68-0
75	64741-69-1
75	64741-70-4
75	64741-74-8
75	64741-75-9
75	64741-76-0
75	64741-77-1
75	64741-78-2
75	64741-80-6
75	64741-81-7
75	64741-82-8
75	64741-83-9
75	64741-84-0
75	64741-86-2
75	64741-87-3
75	64741-88-4
75	64741-89-5
75	64741-90-8
75	64741-91-9
75	64741-92-0
75	64741-95-3
75	64741-96-4
75	64741-97-5
75	64742-01-4
75	64742-03-6
75	64742-04-7
75	64742-05-8
75	64742-11-6
75	64742-12-7
75	64742-13-8
75	64742-14-9
75	64742-15-0
75	64742-18-3
75	64742-19-4
75	64742-20-7
75	64742-21-8
75	64742-22-9
75	64742-23-0
75	64742-27-4
75	64742-28-5
75	64742-29-6
75	64742-30-9
75	64742-34-3
75	64742-35-4
75	64742-36-5
75	64742-37-6
75	64742-38-7
75	64742-41-2
75	64742-44-5
75	64742-45-6
75	64742-46-7
75	64742-48-9
75	64742-49-0
75	64742-52-5
75	64742-53-6
75	64742-54-7
75	64742-55-8
75	64742-56-9
75	64742-57-0
75	64742-59-2
75	64742-61-6
75	64742-62-7
75	64742-63-8
75	64742-64-9
75	64742-65-0
75	64742-66-1
75	64742-67-2
75	64742-68-3
75	64742-69-4
75	64742-70-7
75	64742-71-8
75	64742-73-0
75	64742-75-2
75	64742-76-3
75	64742-78-5
75	64742-79-6
75	64742-80-9
75	64742-82-1
75	64742-83-2
75	64742-86-5
75	64742-89-8
75	64742-90-1
75	64742-95-6
75	64743-01-7
75	64754-96-7
75	64755-00-6
75	6476-03-5
75	64768-34-9
75	6477-64-1
75	64771-59-1
75	64771-73-9
75	648434-07-5
75	6485-40-1
75	6485-67-2
75	6486-23-3
75	6487-51-0
75	64885-57-0
75	64925-48-0
75	64952-97-2
75	64969-34-2
75	64969-36-4
75	64973-06-4
75	65-19-0
75	65-29-2
75	65-30-5
75	65-31-6
75	65-49-6
75	65-85-0
75	6505-28-8
75	6505-30-2
75	6505-86-8
75	65052-63-3
75	65072-04-0
75	65085-01-0
75	65086-44-4
75	6509-22-4
75	6509-46-2
75	651032-78-9
75	65113-28-2
75	65119-94-0
75	65121-76-8
75	65121-94-0
75	65121-94-0
75	65127-78-8
75	65129-07-9
75	65129-11-5
75	65151-08-8
75	65151-08-8
75	65151-33-9
75	6517-25-5
75	65185-89-9
75	65195-55-3
75	65197-96-8
75	652-18-6
75	6521-29-5
75	65222-40-4
75	65229-22-3
75	65229-23-4
75	65232-89-5
75	65233-49-0
75	65271-80-9
75	65277-42-1
75	6528-34-3
75	65294-08-8
75	653-81-6
75	65321-67-7
75	65322-65-8
75	6533-70-6
75	6533-73-9
75	6533-78-4
75	65337-13-5
75	65337-82-8
75	6535-15-5
75	6535-42-8
75	6535-46-2
75	65355-10-4
75	65357-77-9
75	65381-02-4
75	65381-32-0
75	65381-34-2
75	65381-35-3
75	65405-96-1
75	654054-66-7
75	6543-62-0
75	65453-05-6
75	65455-44-9
75	6548-12-5
75	6548-30-7
75	6549-06-0
75	65497-07-6
75	6550-19-2
75	65500-67-6
75	65514-51-4
75	65544-34-5
75	65555-90-0
75	65618-66-8
75	6563-83-3
75	65637-71-0
75	65652-44-0
75	657-24-9
75	65701-47-5
75	65703-76-6
75	65721-84-8
75	65721-85-9
75	65722-68-1
75	65753-47-1
75	65756-41-4
75	65777-20-0
75	65777-22-2
75	65783-53-1
75	658080-64-9
75	65814-43-9
75	6585-53-1
75	658700-90-4
75	658700-91-5
75	65900-41-6
75	65907-30-4
75	6591-68-0
75	65916-89-4
75	6592-85-4
75	65929-27-3
75	65931-38-6
75	65931-39-7
75	65931-45-5
75	6594-85-0
75	65950-04-1
75	6596-37-8
75	6596-38-9
75	65982-50-5
75	65996-76-1
75	65996-78-3
75	65996-79-4
75	65996-82-9
75	65996-83-0
75	65996-84-1
75	65996-85-2
75	65996-86-3
75	65996-87-4
75	65996-88-5
75	65996-89-6
75	65996-90-9
75	65996-91-0
75	65996-92-1
75	65996-93-2
75	65997-18-4
75	65997-18-4
75	65997-18-4
75	65997-18-4
75	65997-18-4
75	66-23-9
75	66-32-0
75	66-56-8
75	66-76-2
75	66-79-5
75	66-81-9
75	66019-20-3
75	66039-27-8
75	66052-95-7
75	66057-65-6
75	66063-57-8
75	66075-60-3
75	66083-89-4
75	66083-91-8
75	66083-92-9
75	66101-52-8
75	66103-03-5
75	66104-24-3
75	66104-41-4
75	66121-19-5
75	6613-44-1
75	66142-22-1
75	66148-78-5
75	66152-77-0
75	66173-72-6
75	66174-02-5
75	6618-03-7
75	6618-03-7
75	66195-31-1
75	66214-47-9
75	66230-04-4
75	66240-71-9
75	66246-88-6
75	66252-28-6
75	6626-92-2
75	6631-94-3
75	66336-96-7
75	6634-88-4
75	66346-04-1
75	66359-86-2
75	66368-96-5
75	66393-62-2
75	664-95-9
75	6640-27-3
75	66402-68-4
75	66422-06-8
75	66423-05-0
75	66423-13-0
75	66423-13-0
75	66429-35-4
75	66441-23-4
75	66455-19-4
75	66455-22-9
75	66455-76-3
75	664995-57-7
75	6651-25-8
75	6651-26-9
75	6651-27-0
75	66525-27-7
75	66527-93-3
75	66531-87-1
75	6655-84-1
75	66554-50-5
75	66554-69-6
75	66566-48-1
75	66579-90-6
75	66589-16-0
75	6659-58-1
75	66592-87-8
75	666-52-4
75	66603-07-4
75	66603-10-9
75	66612-11-1
75	666263-51-0
75	66708-07-4
75	66710-66-5
75	66733-21-9
75	66746-42-7
75	667463-25-4
75	66758-31-4
75	66771-70-8
75	66796-55-2
75	66813-73-8
75	66827-74-5
75	66860-79-5
75	66899-70-5
75	66904-22-1
75	66904-23-2
75	66915-36-4
75	66915-45-5
75	66922-79-0
75	6693-90-9
75	66938-41-8
75	66995-96-8
75	67-20-9
75	67-43-6
75	67-45-8
75	67-48-1
75	67-56-1
75	67-63-0
75	67-64-1
75	67-66-3
75	67-68-5
75	67-72-1
75	67-96-9
75	67-97-0
75	67014-36-2
75	67014-91-9
75	67028-97-1
75	6703-67-9
75	67051-64-3
75	67051-83-6
75	67053-84-3
75	67053-85-4
75	67053-86-5
75	67057-32-3
75	67057-34-5
75	6706-82-7
75	67071-60-7
75	671-95-4
75	67112-29-2
75	67116-13-6
75	67129-08-2
75	67167-41-3
75	671774-75-7
75	67185-62-0
75	67226-86-2
75	67251-37-0
75	67251-38-1
75	67251-40-5
75	67253-49-0
75	67267-34-9
75	67282-23-9
75	67287-53-0
75	67296-48-4
75	673-31-4
75	67306-00-7
75	67340-41-4
75	67382-92-7
75	6739-62-4
75	67401-50-7
75	674282-80-5
75	6746-94-7
75	67465-26-3
75	67465-39-8
75	67465-41-2
75	67465-42-3
75	67465-43-4
75	67465-44-5
75	67466-58-4
75	67485-29-4
75	675120-38-4
75	675141-16-9
75	67523-25-5
75	67523-25-5
75	67536-44-1
75	6754-27-4
75	67556-84-7
75	67564-91-4
75	67577-85-9
75	676-70-0
75	676-71-1
75	676-75-5
75	67614-05-5
75	67621-55-0
75	67621-72-1
75	67627-67-2
75	67632-50-2
75	67634-07-5
75	67642-21-1
75	67657-12-9
75	67674-14-0
75	67701-37-5
75	67711-86-8
75	67711-91-5
75	67711-92-6
75	67711-93-7
75	67711-94-8
75	67711-95-9
75	67711-96-0
75	67711-96-0
75	67711-96-0
75	67711-96-0
75	67711-96-0
75	67711-97-1
75	67711-97-1
75	67711-98-2
75	67711-98-2
75	67711-98-2
75	67711-98-2
75	67711-99-3
75	67711-99-3
75	67711-99-3
75	67711-99-3
75	67712-00-9
75	67712-00-9
75	67712-00-9
75	67739-11-1
75	67746-30-9
75	67757-43-1
75	67772-01-4
75	67797-09-5
75	6780-13-8
75	67800-88-8
75	67801-01-8
75	67801-65-4
75	678155-43-6
75	67843-74-7
75	67845-79-8
75	67859-40-9
75	67859-41-0
75	67859-43-2
75	67859-44-3
75	67859-48-7
75	67859-69-2
75	67859-70-5
75	67860-62-2
75	67874-52-6
75	67874-71-9
75	67891-79-6
75	67891-80-9
75	67892-38-0
75	67892-41-5
75	67892-47-1
75	67892-50-6
75	67893-01-0
75	678970-15-5
75	678970-16-6
75	678970-17-7
75	67905-09-3
75	67905-39-9
75	67905-42-4
75	67905-45-7
75	67905-46-8
75	67905-49-1
75	67905-56-0
75	67906-13-2
75	67906-15-4
75	67906-16-5
75	67906-19-8
75	67906-20-1
75	67906-21-2
75	67906-44-9
75	67920-91-6
75	67922-25-2
75	67922-26-3
75	67923-89-1
75	67939-62-2
75	67939-82-6
75	6795-81-9
75	67952-43-6
75	67952-49-2
75	67968-63-2
75	67989-90-6
75	67989-91-7
75	67989-93-9
75	67990-05-0
75	67990-34-5
75	67990-36-7
75	68-11-1
75	68-12-2
75	68-35-9
75	68-41-7
75	68-88-2
75	680-31-9
75	68003-13-4
75	68016-03-5
75	68030-79-5
75	68037-91-2
75	68039-48-5
75	68039-49-6
75	6804-07-5
75	68049-83-2
75	6807-17-6
75	68081-86-7
75	68083-87-4
75	68084-09-3
75	68084-22-0
75	68084-23-1
75	68092-45-5
75	68092-47-7
75	681-99-2
75	681001-41-2
75	681225-93-4
75	68123-26-2
75	68130-19-8
75	68130-36-9
75	68131-49-7
75	68131-57-7
75	68131-58-8
75	68131-59-9
75	68131-60-2
75	68131-73-7
75	68131-75-9
75	68132-19-4
75	68132-23-0
75	68134-59-8
75	68139-27-5
75	68152-99-8
75	68153-42-4
75	68153-62-8
75	68155-27-1
75	68155-47-5
75	68157-60-8
75	68171-26-6
75	681847-78-9
75	68186-89-0
75	68186-90-3
75	68186-95-8
75	68187-00-8
75	68187-01-9
75	68187-13-3
75	68187-15-5
75	68187-37-1
75	68187-49-5
75	68187-54-2
75	68187-56-4
75	68187-57-5
75	68187-64-4
75	68188-14-7
75	68188-48-7
75	68189-16-2
75	68189-18-4
75	68189-25-3
75	68201-15-0
75	68201-16-1
75	68201-19-4
75	68201-81-0
75	68201-97-8
75	68214-05-1
75	68214-25-5
75	68224-31-7
75	68228-01-3
75	68239-84-9
75	68274-97-5
75	68279-06-1
75	683-18-1
75	683-43-2
75	683-45-4
75	68307-82-4
75	68307-98-2
75	68307-99-3
75	68308-00-9
75	68308-01-0
75	68308-03-2
75	68308-04-3
75	68308-05-4
75	68308-06-5
75	68308-07-6
75	68308-08-7
75	68308-09-8
75	68308-10-1
75	68308-11-2
75	68308-12-3
75	68309-95-5
75	68309-98-8
75	68332-69-4
75	68332-81-0
75	68332-81-0
75	68333-22-2
75	68333-25-5
75	68333-26-6
75	68333-27-7
75	68333-28-8
75	68334-30-5
75	6834-92-0
75	68359-37-5
75	68365-87-7
75	68368-34-3
75	68368-35-4
75	68368-36-5
75	6837-46-3
75	683777-13-1
75	683777-14-2
75	68379-55-5
75	6838-85-3
75	68391-11-7
75	68391-13-9
75	68399-72-4
75	68399-73-5
75	68399-74-6
75	68399-75-7
75	684-93-5
75	68400-24-8
75	68401-81-0
75	68401-82-1
75	68406-65-5
75	68409-79-0
75	68409-82-5
75	68409-99-4
75	68410-05-9
75	68410-71-9
75	68410-96-8
75	68410-97-9
75	68410-98-0
75	68411-07-4
75	68411-14-3
75	68411-33-6
75	68411-49-4
75	68411-78-9
75	68412-38-4
75	68412-41-9
75	68412-79-3
75	68413-87-6
75	68417-62-9
75	68417-63-0
75	68422-67-3
75	68424-76-0
75	68425-29-6
75	68425-33-2
75	68425-35-4
75	68425-67-2
75	68441-06-5
75	68441-39-4
75	68442-67-1
75	68442-91-1
75	68442-95-5
75	68443-35-6
75	68443-89-0
75	68457-89-6
75	68457-90-9
75	68462-52-2
75	68475-57-0
75	68475-58-1
75	68475-59-2
75	68475-60-5
75	68475-70-7
75	68475-79-6
75	68475-80-9
75	68476-26-6
75	68476-29-9
75	68476-30-2
75	68476-31-3
75	68476-32-4
75	68476-33-5
75	68476-34-6
75	68476-40-4
75	68476-42-6
75	68476-46-0
75	68476-47-1
75	68476-49-3
75	68476-50-6
75	68476-55-1
75	68476-85-7
75	68476-86-8
75	68477-23-6
75	68477-29-2
75	68477-30-5
75	68477-31-6
75	68477-33-8
75	68477-34-9
75	68477-35-0
75	68477-38-3
75	68477-50-9
75	68477-53-2
75	68477-55-4
75	68477-61-2
75	68477-65-6
75	68477-66-7
75	68477-67-8
75	68477-68-9
75	68477-69-0
75	68477-70-3
75	68477-71-4
75	68477-72-5
75	68477-73-6
75	68477-74-7
75	68477-75-8
75	68477-76-9
75	68477-77-0
75	68477-79-2
75	68477-80-5
75	68477-81-6
75	68477-82-7
75	68477-83-8
75	68477-84-9
75	68477-85-0
75	68477-86-1
75	68477-87-2
75	68477-89-4
75	68477-90-7
75	68477-91-8
75	68477-92-9
75	68477-93-0
75	68477-94-1
75	68477-95-2
75	68477-96-3
75	68477-97-4
75	68477-98-5
75	68477-99-6
75	68478-00-2
75	68478-01-3
75	68478-02-4
75	68478-03-5
75	68478-04-6
75	68478-05-7
75	68478-12-6
75	68478-13-7
75	68478-15-9
75	68478-16-0
75	68478-17-1
75	68478-21-7
75	68478-22-8
75	68478-24-0
75	68478-25-1
75	68478-26-2
75	68478-27-3
75	68478-28-4
75	68478-29-5
75	68478-30-8
75	68478-32-0
75	68478-33-1
75	68478-34-2
75	68478-41-1
75	68478-53-5
75	68478-64-8
75	68479-13-0
75	68479-98-1
75	68497-58-5
75	68510-95-2
75	68510-98-5
75	68512-49-2
75	68512-50-5
75	68512-51-6
75	68512-61-8
75	68512-62-9
75	68512-78-7
75	68512-90-3
75	68512-91-4
75	68513-02-0
75	68513-03-1
75	68513-14-4
75	68513-15-5
75	68513-16-6
75	68513-17-7
75	68513-18-8
75	68513-19-9
75	68513-26-8
75	68513-63-3
75	68513-65-5
75	68513-65-5
75	68513-65-5
75	68513-66-6
75	68513-69-9
75	68513-87-1
75	68514-15-8
75	68514-30-7
75	68514-31-8
75	68514-36-3
75	68514-62-5
75	68514-79-4
75	68515-42-4
75	68515-50-4
75	68515-76-4
75	68515-77-5
75	68515-80-0
75	68515-84-4
75	68515-89-9
75	68515-91-3
75	68515-94-6
75	68516-20-1
75	68516-47-2
75	68516-78-9
75	68516-81-4
75	68525-58-6
75	68527-15-1
75	68527-16-2
75	68527-18-4
75	68527-19-5
75	68527-21-9
75	68527-22-0
75	68527-23-1
75	68527-26-4
75	68527-27-5
75	68527-59-3
75	68528-01-8
75	68540-41-0
75	68541-88-8
75	68552-31-8
75	68552-44-3
75	68553-00-4
75	68553-17-3
75	68553-63-9
75	68555-04-4
75	68555-05-5
75	68555-07-7
75	68555-24-8
75	68555-40-8
75	68555-97-5
75	68583-43-7
75	68583-44-8
75	68583-45-9
75	68584-05-4
75	68584-35-0
75	68584-41-8
75	68584-42-9
75	68585-90-0
75	68586-07-2
75	68586-21-0
75	68593-66-8
75	686-61-3
75	68602-82-4
75	68602-83-5
75	68602-84-6
75	68603-00-9
75	68603-01-0
75	68603-03-2
75	68603-08-7
75	68603-10-1
75	68603-83-8
75	68603-93-0
75	68604-05-7
75	68604-56-8
75	68605-30-1
75	68605-98-1
75	68606-10-0
75	68606-11-1
75	68606-25-7
75	68606-26-8
75	68606-27-9
75	68606-34-8
75	68606-35-9
75	68607-11-4
75	68607-30-7
75	68607-35-2
75	68609-93-8
75	68609-97-2
75	68610-17-3
75	68610-17-3
75	68610-24-2
75	68611-46-1
75	68611-66-5
75	68612-94-2
75	6864-37-5
75	6865-35-6
75	68694-11-1
75	68698-60-2
75	68698-63-5
75	687-47-8
75	68725-14-4
75	68725-15-5
75	68737-61-1
75	68756-79-6
75	68757-56-2
75	68758-81-6
75	6876-12-6
75	68783-00-6
75	68783-04-0
75	68783-06-2
75	68783-07-3
75	68783-08-4
75	68783-09-5
75	68783-12-0
75	68783-13-1
75	68783-64-2
75	68783-65-3
75	68783-66-4
75	68784-10-1
75	68784-53-2
75	68784-55-4
75	68784-55-4
75	68784-58-7
75	68784-59-8
75	68784-60-1
75	68784-74-7
75	68784-74-7
75	68784-75-8
75	68784-75-8
75	68784-76-9
75	68784-76-9
75	68784-78-1
75	68794-06-9
75	688-73-3
75	688-84-6
75	688-97-1
75	688013-91-4
75	688046-61-9
75	68814-67-5
75	68814-89-1
75	68814-90-4
75	68815-21-4
75	68821-97-6
75	68832-80-4
75	68833-55-6
75	68855-79-8
75	68855-80-1
75	68856-36-0
75	68858-89-9
75	68859-25-6
75	68859-59-6
75	68860-54-8
75	68862-34-0
75	68864-89-1
75	68876-83-5
75	68876-84-6
75	68876-86-8
75	68876-90-4
75	68876-90-4
75	68876-91-5
75	68876-92-6
75	68876-98-2
75	68876-99-3
75	68877-00-9
75	68877-01-0
75	68877-30-5
75	6889-50-5
75	68891-87-2
75	68891-87-2
75	68892-01-3
75	68894-03-1
75	689-12-3
75	68901-11-1
75	68901-12-2
75	68909-17-1
75	68909-34-2
75	68911-58-0
75	68911-59-1
75	68916-52-9
75	68918-33-2
75	68918-99-0
75	68919-00-6
75	68919-01-7
75	68919-02-8
75	68919-03-9
75	68919-04-0
75	68919-05-1
75	68919-06-2
75	68919-07-3
75	68919-08-4
75	68919-09-5
75	68919-10-8
75	68919-11-9
75	68919-12-0
75	68919-20-0
75	68919-37-9
75	68919-39-1
75	68921-08-4
75	68921-09-5
75	68921-61-9
75	68921-62-0
75	68921-97-1
75	68926-31-8
75	68927-42-4
75	68928-29-0
75	68928-54-1
75	68928-99-4
75	68929-13-5
75	68929-14-6
75	68933-55-1
75	68935-25-1
75	68935-26-2
75	68937-04-2
75	68937-05-3
75	68937-19-9
75	68937-20-2
75	68937-53-1
75	68937-63-3
75	68943-45-3
75	68951-38-2
75	68951-38-2
75	68952-76-1
75	68952-77-2
75	68952-79-4
75	68952-80-7
75	68952-81-8
75	68952-82-9
75	68952-91-0
75	68953-38-8
75	68953-39-9
75	68953-72-0
75	68953-84-4
75	68954-05-2
75	68954-18-7
75	68954-54-1
75	68955-26-0
75	68955-27-1
75	68955-28-2
75	68955-29-3
75	68955-33-9
75	68955-34-0
75	68955-35-1
75	68955-36-2
75	68955-78-2
75	68955-79-3
75	68956-49-0
75	68956-81-0
75	68956-96-7
75	68957-23-3
75	68957-75-5
75	68957-94-8
75	68958-89-4
75	68959-10-4
75	68961-31-9
75	68966-43-8
75	68966-50-7
75	68966-63-2
75	68966-97-2
75	68975-64-4
75	68987-33-7
75	68988-10-3
75	68989-19-5
75	68989-42-4
75	68989-88-8
75	68989-89-9
75	6899-11-2
75	68990-27-2
75	68990-61-4
75	68990-75-0
75	69-23-8
75	69-53-4
75	69-57-8
75	69-72-7
75	6901-79-7
75	69011-06-9
75	69011-07-0
75	69011-07-0
75	69011-08-1
75	69011-09-2
75	69011-10-5
75	69011-53-6
75	69011-54-7
75	69011-59-2
75	69011-59-2
75	69011-59-2
75	69011-60-5
75	69011-60-5
75	69011-60-5
75	69011-66-1
75	69011-67-2
75	69011-69-4
75	69011-70-7
75	69011-70-7
75	69011-86-5
75	69012-20-0
75	69012-20-0
75	69012-20-0
75	69012-21-1
75	69012-22-2
75	69012-26-6
75	69012-41-5
75	69012-43-7
75	69012-44-8
75	69012-50-6
75	69012-51-7
75	69012-51-7
75	69012-56-2
75	69012-57-3
75	69012-57-3
75	69012-57-3
75	69012-60-8
75	69012-63-1
75	69012-63-1
75	69012-65-3
75	69012-67-5
75	69012-67-5
75	69012-70-0
75	69012-71-1
75	69012-72-2
75	69012-72-2
75	69012-78-8
75	69013-10-1
75	690269-32-0
75	69029-38-5
75	69029-45-4
75	69029-45-4
75	69029-45-4
75	69029-46-5
75	69029-47-6
75	69029-48-7
75	69029-48-7
75	69029-49-8
75	69029-49-8
75	69029-49-8
75	69029-49-8
75	69029-50-1
75	69029-50-1
75	69029-51-2
75	69029-51-2
75	69029-51-2
75	69029-52-3
75	69029-53-4
75	69029-53-4
75	69029-55-6
75	69029-55-6
75	69029-55-6
75	69029-56-7
75	69029-57-8
75	69029-58-9
75	69029-58-9
75	69029-60-3
75	69029-61-4
75	69029-62-5
75	69029-63-6
75	69029-63-6
75	69029-64-7
75	69029-65-8
75	69029-66-9
75	69029-67-0
75	69029-67-0
75	69029-68-1
75	69029-69-2
75	69029-69-2
75	69029-69-2
75	69029-69-2
75	69029-70-5
75	69029-70-5
75	69029-70-5
75	69029-71-6
75	69029-71-6
75	69029-72-7
75	69029-73-8
75	69029-73-8
75	69029-74-9
75	69029-77-2
75	69029-78-3
75	69029-78-3
75	69029-78-3
75	69029-78-3
75	69029-79-4
75	69029-80-7
75	69029-81-8
75	69029-81-8
75	69029-81-8
75	69029-83-0
75	69029-84-1
75	69029-85-2
75	69029-86-3
75	69029-86-3
75	69029-87-4
75	69029-87-4
75	69029-88-5
75	69029-88-5
75	69029-88-5
75	69029-89-6
75	69029-89-6
75	69029-90-9
75	69029-90-9
75	69029-90-9
75	69029-90-9
75	69029-91-0
75	69029-91-0
75	69029-92-1
75	69029-92-1
75	69029-93-2
75	69029-95-4
75	69029-95-4
75	69029-95-4
75	69029-96-5
75	69029-96-5
75	69029-96-5
75	69029-97-6
75	69029-97-6
75	6903-18-0
75	69045-82-5
75	69045-84-7
75	69049-77-0
75	69073-21-8
75	69090-73-9
75	69094-18-4
75	69098-14-2
75	69098-15-3
75	691-88-3
75	69103-03-3
75	69103-04-4
75	6912-63-6
75	6912-85-2
75	69121-20-6
75	69128-08-1
75	69128-10-5
75	69190-99-4
75	692-23-9
75	692-42-2
75	692-95-5
75	69222-05-5
75	69226-47-7
75	69226-91-1
75	69227-11-8
75	69227-51-6
75	6923-22-4
75	6923-52-0
75	69234-04-4
75	69237-09-8
75	6928-68-3
75	693-98-1
75	69319-23-9
75	69319-46-6
75	6933-10-4
75	6933-90-0
75	69344-71-4
75	6937-66-2
75	69375-27-5
75	6939-83-9
75	694-64-4
75	69431-11-4
75	69431-77-2
75	69458-54-4
75	69459-69-4
75	69462-12-0
75	695165-22-1
75	69545-71-7
75	696-28-6
75	69600-03-9
75	69637-83-8
75	69645-40-5
75	6966-64-9
75	6968-24-7
75	69712-56-7
75	69723-05-3
75	69739-16-8
75	6975-94-6
75	69771-31-9
75	69772-40-3
75	69788-75-6
75	69806-50-4
75	69825-83-8
75	69892-82-6
75	69899-40-7
75	6990-06-3
75	69929-18-6
75	6996-92-5
75	69960-65-2
75	69991-68-0
75	70-25-7
75	70-30-4
75	700-13-0
75	700-38-9
75	700-82-3
75	70024-68-9
75	70026-36-7
75	7005-78-9
75	7006-08-8
75	70066-35-2
75	70084-67-2
75	70084-75-2
75	70084-75-2
75	7009-49-6
75	7010-38-0
75	70134-26-8
75	70134-37-1
75	70146-07-5
75	70152-36-2
75	70161-44-3
75	70165-37-6
75	70170-61-5
75	70179-83-8
75	70179-86-1
75	70179-87-2
75	70206-08-5
75	70206-08-5
75	70206-61-0
75	70210-32-1
75	70213-44-4
75	7022-92-6
75	70225-14-8
75	70225-54-6
75	70227-39-3
75	70247-82-4
75	70248-72-5
75	70248-73-6
75	70264-94-7
75	70266-85-2
75	70266-86-3
75	70268-38-1
75	7027-11-4
75	70294-89-2
75	70303-46-7
75	70303-47-8
75	70321-55-0
75	70321-67-4
75	70321-79-8
75	70321-80-1
75	70333-07-2
75	70357-15-2
75	70371-19-6
75	70377-94-5
75	70404-76-1
75	70419-10-2
75	70419-11-3
75	70425-46-6
75	70426-60-7
75	70445-33-9
75	70458-96-7
75	70495-28-2
75	70495-28-2
75	70495-35-1
75	70513-89-2
75	70513-89-2
75	70514-05-5
75	70514-23-7
75	70514-37-3
75	70514-71-5
75	705301-21-9
75	7056-83-9
75	70563-58-5
75	7057-57-0
75	7058-55-1
75	70592-76-6
75	70592-77-7
75	70592-78-8
75	70592-82-4
75	7060-14-2
75	7060-82-4
75	70609-98-2
75	70620-28-9
75	70630-17-0
75	70632-07-4
75	70632-08-5
75	70632-40-5
75	7065-22-7
75	70657-70-4
75	70679-43-5
75	70692-93-2
75	70692-94-3
75	70692-95-4
75	70693-57-1
75	70699-53-5
75	70699-55-7
75	70703-39-8
75	70714-63-5
75	70714-64-6
75	70714-69-1
75	70726-45-3
75	70727-02-5
75	70729-66-7
75	7077-31-8
75	70776-35-1
75	7078-98-0
75	7080-50-4
75	7081-53-0
75	70829-12-8
75	70849-05-7
75	7085-19-0
75	7085-85-0
75	70857-56-6
75	70867-60-6
75	70876-63-0
75	70876-64-1
75	70879-91-3
75	709-55-7
75	70936-97-9
75	70942-37-9
75	70956-28-4
75	70969-69-6
75	70983-41-4
75	70983-50-5
75	70984-10-0
75	70987-78-9
75	70992-84-6
75	70992-85-7
75	70992-86-8
75	70995-63-0
75	71-23-8
75	71-36-3
75	71-41-0
75	71-43-2
75	71-48-7
75	71-73-8
75	71-78-3
75	71-81-8
75	71-91-0
75	7101-31-7
75	71011-12-6
75	71060-87-2
75	71060-88-3
75	71061-19-3
75	71084-08-7
75	71119-45-4
75	71119-49-8
75	71124-11-3
75	71130-50-2
75	71130-51-3
75	71134-97-9
75	712-48-1
75	71215-63-9
75	71215-72-0
75	71215-79-7
75	71216-07-4
75	71231-59-9
75	71243-75-9
75	71243-75-9
75	71243-77-1
75	71243-85-1
75	71243-91-9
75	71244-15-0
75	71267-22-6
75	71278-41-6
75	71281-30-6
75	71283-80-2
75	71302-79-9
75	71308-16-2
75	71327-12-3
75	71377-02-1
75	71383-94-3
75	7141-19-7
75	71411-65-9
75	71411-66-0
75	71411-66-0
75	71411-72-8
75	71420-85-4
75	71436-99-2
75	71449-78-0
75	71463-61-1
75	71486-78-7
75	7149-75-9
75	71503-41-8
75	71526-07-3
75	71526-69-7
75	71549-80-9
75	71550-12-4
75	71550-22-6
75	71551-14-9
75	71566-41-1
75	71566-48-8
75	71599-06-9
75	71607-43-7
75	71618-18-3
75	71629-74-8
75	71630-92-7
75	716377-02-5
75	71662-16-3
75	71662-32-3
75	71684-29-2
75	71685-50-2
75	71686-03-8
75	71720-48-4
75	71720-55-3
75	71724-05-5
75	7173-51-5
75	71735-31-4
75	71751-41-2
75	71753-04-3
75	71769-53-4
75	7177-45-9
75	71771-90-9
75	71786-49-7
75	71786-70-4
75	71799-66-1
75	71799-66-1
75	71799-67-2
75	71807-37-9
75	71832-78-5
75	71836-04-9
75	71850-09-4
75	71850-71-0
75	71850-72-1
75	71850-86-7
75	71850-87-8
75	71850-88-9
75	71861-27-3
75	71868-10-5
75	71888-59-0
75	71888-89-6
75	719-96-0
75	71929-23-2
75	71949-30-9
75	71954-29-5
75	71954-30-8
75	71957-07-8
75	71965-02-1
75	71965-17-8
75	71965-91-8
75	71975-58-1
75	71975-59-2
75	719776-96-2
75	719993-31-4
75	72-20-8
75	72-48-0
75	72016-32-1
75	72017-60-8
75	72017-87-9
75	72027-96-4
75	72033-43-3
75	72044-13-4
75	72057-10-4
75	72057-11-5
75	72061-90-6
75	72066-32-1
75	72072-38-9
75	72074-94-3
75	72088-81-4
75	72088-82-5
75	72121-43-8
75	72145-92-7
75	72145-94-9
75	7216-95-7
75	72162-08-4
75	72166-93-9
75	72172-64-6
75	72175-85-0
75	7220-79-3
75	72209-03-1
75	72214-34-7
75	722454-16-2
75	7226-23-5
75	72269-91-1
75	72275-93-5
75	723-38-6
75	723-46-6
75	72319-19-8
75	72332-33-3
75	7235-40-7
75	72379-35-2
75	72403-47-5
75	72413-00-4
75	72432-82-7
75	72437-77-5
75	724427-66-1
75	72469-41-1
75	724693-69-0
75	72479-88-0
75	72490-01-8
75	72491-44-2
75	72514-40-0
75	72514-83-1
75	725253-72-5
75	72528-69-9
75	72531-53-4
75	72536-89-1
75	72558-82-8
75	72559-06-9
75	72561-05-8
75	72584-59-9
75	72586-00-6
75	72589-96-9
75	72589-96-9
75	72608-12-9
75	72623-85-9
75	72623-86-0
75	72623-87-1
75	72650-28-3
75	72650-40-9
75	72706-17-3
75	72711-53-6
75	72765-60-7
75	72765-61-8
75	72779-62-5
75	72780-86-0
75	7279-75-6
75	72793-59-0
75	728010-31-9
75	72802-72-3
75	72828-02-5
75	72828-03-6
75	72828-36-5
75	72828-41-2
75	72828-46-7
75	72828-49-0
75	72828-62-7
75	72828-62-7
75	72828-62-7
75	7283-42-3
75	72830-09-2
75	72845-34-2
75	72854-21-8
75	72869-26-2
75	72869-63-7
75	72869-86-4
75	72877-97-5
75	728855-47-8
75	729-43-1
75	72906-42-4
75	72906-58-2
75	72926-13-7
75	72931-45-4
75	72931-46-5
75	72939-51-6
75	72963-72-5
75	72968-34-4
75	72968-34-4
75	72980-78-0
75	72986-34-6
75	7299-89-0
75	73-48-3
75	730-40-5
75	7300-23-4
75	73003-83-5
75	73005-84-2
75	73020-07-2
75	73057-36-0
75	73063-67-9
75	7307-55-3
75	73071-00-8
75	73086-01-8
75	73086-02-9
75	73086-03-0
75	73096-98-7
75	731-27-1
75	731-27-1
75	7310-87-4
75	73105-55-2
75	73138-82-6
75	73156-15-7
75	73156-86-2
75	7319-86-0
75	732-11-6
75	732-26-3
75	732284-91-2
75	73246-45-4
75	73287-56-6
75	7329-33-1
75	732983-53-8
75	73299-28-2
75	7331-52-4
75	7335-65-1
75	7336-27-8
75	73364-10-0
75	73384-59-5
75	73384-86-8
75	73388-54-2
75	73399-68-5
75	73399-71-0
75	7340-90-1
75	73413-19-1
75	7342-47-4
75	734522-99-7
75	73468-61-8
75	73491-34-6
75	73491-36-8
75	73506-32-8
75	73506-32-8
75	73513-17-4
75	73513-42-5
75	73560-38-0
75	73560-40-4
75	73573-87-2
75	73581-79-0
75	73598-35-3
75	736-79-8
75	7361-37-7
75	73612-30-3
75	73612-32-5
75	73612-34-7
75	73612-35-8
75	73612-37-0
75	73612-38-1
75	73612-39-2
75	736175-02-3
75	736175-24-9
75	73664-18-3
75	73665-18-6
75	73694-07-2
75	73697-13-9
75	7370-58-3
75	73729-23-4
75	73732-52-2
75	73733-38-7
75	737776-59-9
75	737776-68-0
75	73791-47-6
75	738-70-5
75	73800-74-5
75	73800-76-7
75	73807-39-3
75	7383-19-9
75	7383-20-2
75	7383-22-4
75	73830-73-6
75	73855-45-5
75	73892-02-1
75	73904-83-3
75	73926-87-1
75	73926-88-2
75	73926-89-3
75	73927-91-0
75	73927-93-2
75	73927-95-4
75	73927-97-6
75	73927-98-7
75	73928-11-7
75	73928-11-7
75	73928-12-8
75	73935-21-4
75	73940-88-2
75	73940-89-3
75	73941-35-2
75	7397-46-8
75	73989-30-7
75	74-31-7
75	74-55-5
75	74-82-8
75	74-82-8
75	74-83-9
75	74-84-0
75	74-84-0
75	74-84-0
75	74-85-1
75	74-87-3
75	74-88-4
75	74-89-5
75	74-90-8
75	74-96-4
75	74-98-6
75	74-98-6
75	74-98-6
75	74011-58-8
75	74037-18-6
75	74038-45-2
75	74070-46-5
75	740776-49-2
75	74087-86-8
75	74091-63-7
75	74096-75-6
75	74109-45-8
75	7411-47-4
75	74113-46-5
75	741267-31-2
75	7414-81-5
75	74178-35-1
75	74182-35-7
75	74195-78-1
75	74220-10-3
75	7425-14-1
75	7426-07-5
75	74261-71-5
75	74263-38-0
75	74278-22-1
75	7428-48-0
75	7428-79-7
75	7429-90-5
75	74296-11-0
75	74313-73-8
75	74318-12-0
75	74332-73-3
75	74335-56-1
75	74336-37-1
75	74338-72-0
75	74356-14-2
75	74365-27-8
75	7437-35-6
75	7439-92-1
75	7439-93-2
75	7439-97-6
75	7440-00-8
75	7440-02-0
75	7440-06-4
75	7440-09-7
75	7440-22-4
75	7440-23-5
75	7440-28-0
75	7440-31-5
75	7440-36-0
75	7440-38-2
75	7440-39-3
75	7440-41-7
75	7440-43-9
75	7440-44-0
75	7440-47-3
75	7440-48-4
75	7440-50-8
75	7440-57-5
75	7440-66-6
75	7440-67-7
75	74401-04-0
75	744149-53-9
75	7442-13-9
75	7442-13-9
75	74431-23-5
75	74434-44-9
75	7446-07-3
75	7446-08-4
75	7446-09-5
75	7446-10-8
75	7446-11-9
75	7446-13-1
75	7446-15-3
75	7446-15-3
75	7446-17-5
75	7446-18-6
75	7446-19-7
75	7446-20-0
75	7446-21-1
75	7446-22-2
75	7446-22-2
75	7446-27-7
75	7446-31-3
75	7446-32-4
75	7446-34-6
75	7446-70-0
75	74469-00-4
75	74499-35-7
75	74504-20-4
75	74520-92-6
75	74555-91-2
75	74564-76-4
75	74577-96-1
75	745795-74-8
75	745822-74-6
75	745822-78-0
75	74586-53-1
75	7459-97-4
75	74592-66-8
75	74618-51-2
75	74639-40-0
75	74646-29-0
75	74665-60-4
75	74734-16-0
75	74751-86-3
75	74753-15-4
75	74753-18-7
75	7480-35-5
75	748160-22-7
75	7486-35-3
75	74869-21-9
75	74869-22-0
75	7487-94-7
75	74871-35-5
75	74872-03-0
75	748740-60-5
75	7488-51-9
75	7488-51-9
75	7488-56-4
75	7489-18-1
75	749-13-3
75	74913-15-8
75	7492-31-1
75	74920-66-4
75	74926-18-4
75	749262-24-6
75	749262-24-6
75	7495-93-4
75	74968-36-8
75	75-00-3
75	75-01-4
75	75-02-5
75	75-04-7
75	75-05-8
75	75-07-0
75	75-09-2
75	75-12-7
75	75-15-0
75	75-21-8
75	75-24-1
75	75-25-2
75	75-26-3
75	75-28-5
75	75-31-0
75	75-34-3
75	75-35-4
75	75-36-5
75	75-44-5
75	75-50-3
75	75-55-8
75	75-56-9
75	75-60-5
75	75-65-0
75	75-74-1
75	75-74-1
75	75-75-2
75	75-78-5
75	75-79-6
75	75-80-9
75	75-83-2
75	75-85-4
75	75-91-2
75	75-99-0
75	75013-58-0
75	75025-97-7
75	75026-75-4
75	75032-78-9
75	75033-30-6
75	75037-67-1
75	750564-56-8
75	75113-32-5
75	75113-35-8
75	75113-37-0
75	75139-28-5
75	75149-95-0
75	75164-71-5
75	75166-25-5
75	752-58-9
75	752-61-4
75	75241-08-6
75	753-73-1
75	7530-87-2
75	7534-94-3
75	7534-94-3
75	75389-89-8
75	7544-40-3
75	75448-53-2
75	75449-86-4
75	75449-88-6
75	75449-89-7
75	75449-90-0
75	75449-91-1
75	75449-92-2
75	75449-94-4
75	75449-96-6
75	75449-99-9
75	75450-00-9
75	75458-21-8
75	75459-00-6
75	75459-01-7
75	75459-02-8
75	75459-04-0
75	75459-05-1
75	75459-08-4
75	75459-09-5
75	7546-30-7
75	7547-66-2
75	7548-26-7
75	75497-64-2
75	7550-45-0
75	75511-91-0
75	75513-04-1
75	75513-83-6
75	75519-75-4
75	75522-74-6
75	75522-93-9
75	75522-94-0
75	75526-90-8
75	7553-56-2
75	75532-46-6
75	75553-31-0
75	75578-75-5
75	7563-59-9
75	75635-23-3
75	75659-72-2
75	75659-73-3
75	75660-25-2
75	75662-41-8
75	75673-34-6
75	75673-35-7
75	7568-37-8
75	75696-02-5
75	757-58-4
75	7572-29-4
75	75736-33-3
75	7575-40-8
75	75752-17-9
75	75757-39-0
75	75768-65-9
75	7578-07-6
75	75789-54-7
75	75790-73-7
75	758-12-3
75	7580-31-6
75	75831-40-2
75	75831-44-6
75	7585-14-0
75	7585-20-8
75	7585-41-3
75	75881-82-2
75	759-73-9
75	75926-26-0
75	75935-32-9
75	75944-36-4
75	75980-60-8
75	76-01-7
75	76-03-9
75	76-05-1
75	76-06-2
75	76-44-8
75	76-59-5
75	76-60-8
75	76-73-3
75	76-74-4
75	76-75-5
75	76-87-9
75	7601-90-3
75	76014-81-8
75	76093-98-6
75	76093-98-6
75	760981-83-7
75	76145-91-0
75	7616-83-3
75	76162-34-0
75	76162-35-1
75	76199-83-2
75	762-55-0
75	762-75-4
75	7620-30-6
75	76201-36-0
75	76213-48-4
75	7631-89-2
75	7631-89-2
75	76313-96-7
75	7632-00-0
75	7632-04-4
75	76341-26-9
75	7636-75-1
75	7637-07-2
75	76398-99-7
75	764-01-2
75	764-41-0
75	764-60-3
75	7640-37-1
75	76416-61-0
75	76445-05-1
75	7645-25-2
75	7645-25-2
75	7645-25-2
75	7646-78-8
75	7646-79-9
75	7646-85-7
75	7646-93-7
75	7647-01-0
75	7647-18-9
75	76470-66-1
75	7649-63-0
75	76508-02-6
75	7653-28-3
75	76560-28-6
75	76560-29-7
75	76560-79-7
75	7659-95-2
75	765922-96-1
75	76596-57-1
75	76596-58-2
75	76610-84-9
75	76611-53-5
75	76613-71-3
75	76632-92-3
75	7664-38-2
75	7664-39-3
75	7664-41-7
75	7664-93-9
75	766444-83-1
75	76646-91-8
75	76647-55-7
75	76723-98-3
75	76727-41-8
75	767341-00-4
75	76738-62-0
75	76759-99-4
75	76774-43-1
75	768-56-9
75	7681-06-3
75	7681-34-7
75	7681-38-1
75	7681-49-4
75	7681-52-9
75	7681-57-4
75	7681-79-0
75	7681-83-6
75	76823-15-9
75	76823-93-3
75	7683-59-2
75	76835-97-7
75	76835-98-8
75	768390-32-5
75	76855-69-1
75	76871-66-4
75	7689-57-8
75	76899-34-8
75	769126-92-3
75	769134-66-9
75	76925-97-8
75	76932-17-7
75	7696-12-0
75	7697-37-2
75	7698-05-7
75	7699-00-5
75	7699-43-6
75	77-02-1
75	77-09-8
75	77-15-6
75	77-21-4
75	77-22-5
75	77-26-9
75	77-28-1
75	77-36-1
75	77-38-3
75	77-47-4
75	77-58-7
75	77-65-6
75	77-73-6
75	77-78-1
75	77-92-9
75	77000-13-6
75	77001-45-7
75	7704-34-9
75	7704-99-6
75	7705-13-7
75	7705-14-8
75	770677-61-7
75	770722-36-6
75	770722-46-8
75	77090-48-3
75	771-29-9
75	77107-21-2
75	77108-06-6
75	77114-79-5
75	77126-00-2
75	771478-66-1
75	7717-46-6
75	7718-54-9
75	77182-82-2
75	7719-09-7
75	7719-12-2
75	7720-78-7
75	7721-11-1
75	77210-89-0
75	77212-96-5
75	77214-82-5
75	7722-64-7
75	7722-84-1
75	7723-14-0
75	7726-95-6
75	7727-21-1
75	7727-43-7
75	7727-54-0
75	77302-65-9
75	77303-24-3
75	773058-82-5
75	7733-02-0
75	77341-67-4
75	77342-17-7
75	77342-18-8
75	77342-19-9
75	77360-52-2
75	77375-79-2
75	7738-94-5
75	77392-70-2
75	77402-03-0
75	77402-05-2
75	77430-44-5
75	7745-91-7
75	77462-60-3
75	77466-28-5
75	77536-66-4
75	77536-67-5
75	77536-68-6
75	77546-17-9
75	77546-18-0
75	7756-49-2
75	7757-74-6
75	7757-95-1
75	7758-01-2
75	7758-09-0
75	7758-95-4
75	7758-97-6
75	7758-98-7
75	7758-99-8
75	7759-01-5
75	7761-88-8
75	776297-69-9
75	776326-15-9
75	77641-00-0
75	77641-59-9
75	7766-61-2
75	77671-22-8
75	776995-07-4
75	7774-29-0
75	7774-34-7
75	7774-41-6
75	7774-41-6
75	7775-11-3
75	7775-19-1
75	77751-76-9
75	7778-39-4
75	7778-41-8
75	7778-41-8
75	7778-43-0
75	7778-43-0
75	7778-44-1
75	7778-44-1
75	7778-50-9
75	7778-54-3
75	7778-73-6
75	777891-21-1
75	7779-31-9
75	7779-31-9
75	7782-40-3
75	7782-41-4
75	7782-42-5
75	7782-45-8
75	7782-49-2
75	7782-50-5
75	7782-63-0
75	7782-66-3
75	7782-77-6
75	7782-82-3
75	7782-86-7
75	7783-00-8
75	7783-07-5
75	7783-08-6
75	7783-09-7
75	7783-19-9
75	7783-21-3
75	7783-30-4
75	7783-32-6
75	7783-33-7
75	7783-34-8
75	7783-35-9
75	7783-36-0
75	7783-37-1
75	7783-39-3
75	7783-43-9
75	7783-46-2
75	7783-56-4
75	7783-57-5
75	7783-59-7
75	7783-64-4
75	7783-70-2
75	7783-79-1
75	7783-80-4
75	7783-99-5
75	77835-70-2
75	7784-01-2
75	7784-01-2
75	7784-02-3
75	7784-03-4
75	7784-05-6
75	7784-07-8
75	7784-08-9
75	7784-13-6
75	7784-33-0
75	7784-34-1
75	7784-35-2
75	7784-36-3
75	7784-37-4
75	7784-37-4
75	7784-37-4
75	7784-38-5
75	7784-38-5
75	7784-40-9
75	7784-41-0
75	7784-41-0
75	7784-42-1
75	7784-44-3
75	7784-44-3
75	7784-45-4
75	7784-46-5
75	7785-20-8
75	778577-53-0
75	778592-37-3
75	7786-36-9
75	7786-81-4
75	778611-86-2
75	7787-32-8
75	7787-35-1
75	7787-36-2
75	7787-37-3
75	7787-39-5
75	7787-41-9
75	7787-41-9
75	7787-42-0
75	7787-46-4
75	7787-47-5
75	7787-49-7
75	7787-50-0
75	7787-52-2
75	7787-53-3
75	7787-54-4
75	7787-55-5
75	7787-56-6
75	7788-98-9
75	7788-98-9
75	7789-00-6
75	7789-01-7
75	7789-01-7
75	7789-06-2
75	7789-09-5
75	7789-10-8
75	7789-10-8
75	7789-12-0
75	7789-12-0
75	7789-21-1
75	7789-23-3
75	7789-24-4
75	7789-27-7
75	7789-29-9
75	7789-32-4
75	7789-40-4
75	7789-42-6
75	7789-47-1
75	7789-49-3
75	7789-51-7
75	7789-52-8
75	7789-54-0
75	7789-60-8
75	7789-61-9
75	7789-65-3
75	7790-15-0
75	7790-30-9
75	7790-44-5
75	7790-48-9
75	7790-58-1
75	7790-59-2
75	7790-78-5
75	7790-78-5
75	7790-79-6
75	7790-80-9
75	7790-81-0
75	7790-82-1
75	7790-83-2
75	7790-83-2
75	7790-84-3
75	7790-84-3
75	7790-85-4
75	7790-94-5
75	7791-08-4
75	7791-12-0
75	7791-13-1
75	7791-14-2
75	7791-16-4
75	7791-20-0
75	7791-23-3
75	7791-25-5
75	779343-34-9
75	7795-34-8
75	78-00-2
75	78-00-2
75	78-04-6
75	78-10-4
75	78-11-5
75	78-12-6
75	78-18-2
75	78-30-8
75	78-32-0
75	78-41-1
75	78-44-4
75	78-50-2
75	78-59-1
75	78-70-6
75	78-78-4
75	78-79-5
75	78-83-1
75	78-87-5
75	78-88-6
75	78-90-0
75	78-92-2
75	78-93-3
75	78-96-6
75	780-24-5
75	78006-92-5
75	7803-49-8
75	7803-51-2
75	7803-52-3
75	7803-57-8
75	7803-68-1
75	781-43-1
75	78110-38-0
75	78169-47-8
75	78170-27-1
75	782-23-0
75	78206-91-4
75	78214-29-6
75	782415-12-7
75	78246-05-6
75	782475-36-9
75	78308-32-4
75	78330-15-1
75	78331-48-3
75	78404-17-8
75	78413-59-9
75	784139-72-6
75	784157-49-9
75	78531-59-6
75	78531-60-9
75	78531-61-0
75	78544-49-7
75	78564-77-9
75	78571-20-7
75	78597-12-3
75	78642-65-6
75	78686-40-5
75	78690-68-3
75	78690-69-4
75	78729-86-9
75	78733-32-1
75	787550-74-7
75	78818-95-8
75	78850-37-0
75	78887-71-5
75	78918-91-9
75	78948-79-5
75	78964-85-9
75	78989-43-2
75	79-00-5
75	79-01-6
75	79-03-8
75	79-04-9
75	79-06-1
75	79-07-2
75	79-08-3
75	79-09-4
75	79-10-7
75	79-11-8
75	79-16-3
75	79-20-9
75	79-21-0
75	79-22-1
75	79-27-6
75	79-29-8
75	79-30-1
75	79-33-4
75	79-36-7
75	79-41-4
75	79-43-6
75	79-44-7
75	79-46-9
75	79-57-2
75	79-93-6
75	79-94-7
75	790240-46-9
75	790240-52-7
75	79055-72-4
75	79082-07-8
75	79103-58-5
75	79108-01-3
75	79185-77-6
75	79200-56-9
75	79215-57-9
75	79217-82-6
75	79234-33-6
75	79241-46-6
75	79257-48-0
75	79277-18-2
75	79350-37-1
75	79352-72-0
75	79357-62-3
75	79403-36-4
75	794457-85-5
75	79463-77-7
75	79489-99-9
75	79490-00-9
75	79562-15-5
75	79568-78-8
75	79585-43-6
75	79586-44-0
75	79586-96-2
75	79617-97-3
75	79622-59-6
75	79637-11-9
75	79726-19-5
75	79803-79-5
75	79803-80-8
75	79815-20-6
75	79818-96-5
75	79849-02-8
75	798556-12-4
75	798556-14-6
75	79873-35-1
75	79873-40-8
75	79896-87-0
75	79915-08-5
75	79915-09-6
75	79921-09-8
75	79922-74-0
75	79944-37-9
75	79956-56-2
75	79983-71-4
75	79986-26-8
75	79990-52-6
75	79990-52-6
75	80-05-7
75	80-08-0
75	80-09-1
75	80-15-9
75	80-33-1
75	80-38-6
75	80-43-3
75	80-47-7
75	80-54-6
75	80-62-6
75	80-75-1
75	80-77-3
75	8000-07-5
75	8000-31-5
75	8000-44-0
75	80006-43-5
75	8001-28-3
75	8001-35-2
75	8001-58-9
75	8002-05-9
75	8002-07-1
75	8002-84-4
75	8002-87-7
75	8002-94-6
75	8003-05-2
75	8003-07-4
75	8003-22-3
75	8003-33-6
75	8004-53-3
75	8004-54-4
75	8004-87-3
75	8004-92-0
75	8005-01-4
75	8005-03-6
75	8005-36-5
75	8005-38-7
75	80057-39-2
75	8006-07-3
75	8006-30-2
75	8006-32-4
75	8006-61-9
75	8006-62-0
75	8006-64-2
75	8006-93-7
75	8006-99-3
75	80066-48-4
75	8007-00-9
75	8007-13-4
75	8007-18-9
75	8007-28-1
75	8007-30-5
75	8007-40-7
75	8007-42-9
75	8007-45-2
75	8007-48-5
75	8007-57-6
75	8007-59-8
75	8007-93-0
75	80076-45-5
75	8009-03-8
75	80094-39-9
75	8011-62-9
75	8011-63-0
75	8011-84-5
75	8011-97-0
75	8012-00-8
75	8012-00-8
75	8012-01-9
75	8012-05-3
75	8012-12-2
75	8012-34-8
75	8012-53-1
75	8012-54-2
75	8012-76-8
75	8012-81-5
75	8012-85-9
75	8012-96-2
75	8013-13-6
75	8013-23-8
75	8013-47-6
75	8013-49-8
75	8013-51-2
75	8013-54-5
75	8013-63-6
75	8013-70-5
75	8014-65-1
75	8014-90-2
75	8014-91-3
75	8014-92-4
75	8014-94-6
75	8014-95-7
75	8015-67-6
75	80155-52-8
75	8016-00-0
75	8016-42-0
75	8017-28-5
75	8017-86-5
75	8017-88-7
75	8017-89-8
75	8017-90-1
75	8017-97-8
75	8018-01-7
75	80195-36-4
75	801997-18-2
75	80209-35-4
75	80214-20-6
75	80214-83-1
75	8022-04-6
75	8022-76-2
75	8022-86-4
75	8022-90-0
75	8022-92-2
75	8022-94-4
75	8023-21-0
75	8023-22-1
75	8023-25-4
75	8023-29-8
75	8023-30-1
75	8023-88-9
75	8024-00-8
75	8024-12-2
75	8024-19-9
75	8024-54-2
75	8025-81-8
75	8026-09-3
75	8026-94-6
75	8027-02-9
75	8027-16-5
75	8027-32-5
75	8027-38-1
75	8027-73-4
75	8027-81-4
75	80277-95-8
75	8028-24-8
75	8028-52-2
75	8028-57-7
75	8028-73-7
75	8028-82-8
75	8028-83-9
75	8028-89-5
75	802862-59-5
75	8030-24-8
75	8030-30-6
75	8030-31-7
75	8030-64-6
75	8031-06-9
75	8031-10-5
75	8031-27-4
75	8031-33-2
75	8031-34-3
75	8031-38-7
75	8031-39-8
75	8031-47-8
75	8031-48-9
75	8032-32-4
75	8033-53-2
75	8033-73-6
75	8034-99-9
75	80341-19-1
75	8035-00-5
75	8035-01-6
75	8035-04-9
75	8035-05-0
75	8035-06-1
75	803683-39-8
75	80370-57-6
75	803745-61-1
75	8038-17-3
75	8038-60-6
75	80387-97-9
75	8040-87-7
75	8040-97-9
75	8041-83-6
75	8044-23-3
75	8044-24-4
75	8044-44-8
75	8044-45-9
75	8044-46-0
75	80449-88-3
75	80449-98-5
75	8045-11-2
75	8046-59-1
75	8047-00-5
75	8047-36-7
75	8047-69-6
75	8048-07-5
75	8048-15-5
75	8048-22-4
75	8048-66-6
75	8048-69-9
75	8049-00-1
75	8049-31-8
75	8049-46-5
75	8049-50-1
75	8049-64-7
75	8049-84-1
75	80498-23-3
75	8050-04-2
75	8050-09-7
75	8050-10-0
75	8050-14-4
75	8050-32-6
75	8050-41-7
75	8050-42-8
75	8050-43-9
75	8050-67-7
75	8050-82-6
75	8051-02-3
75	8051-03-4
75	8052-10-6
75	8052-26-4
75	8052-31-1
75	8052-40-2
75	8052-41-3
75	8052-42-4
75	8052-47-9
75	8052-88-8
75	8053-08-5
75	8053-09-6
75	8053-63-2
75	8054-98-6
75	8055-92-3
75	8057-56-5
75	8057-70-3
75	8057-83-8
75	8059-42-5
75	8059-66-3
75	8059-74-3
75	8060-18-2
75	8062-13-3
75	80621-81-4
75	8063-06-7
75	8063-19-2
75	8063-27-2
75	8063-79-4
75	8064-36-6
75	8065-67-6
75	8065-95-0
75	80655-58-9
75	80657-64-3
75	8066-44-2
75	8067-17-2
75	8068-73-3
75	8069-51-0
75	8069-64-5
75	8070-07-3
75	8070-53-9
75	80701-92-4
75	80702-61-0
75	8071-51-0
75	8072-21-7
75	8072-39-7
75	807261-60-5
75	8073-23-2
75	807306-74-7
75	80748-12-5
75	8076-16-2
75	8076-55-9
75	807622-86-2
75	807629-71-6
75	807629-76-1
75	80822-79-3
75	80844-07-1
75	80867-26-1
75	80879-64-7
75	80879-64-7
75	80925-02-6
75	80925-03-7
75	80925-03-7
75	80994-87-2
75	81-14-1
75	81-15-2
75	81-48-1
75	81-81-2
75	81-88-9
75	81012-98-8
75	81032-32-8
75	81064-51-9
75	811-54-1
75	811-98-3
75	81103-11-9
75	81180-93-0
75	81209-53-2
75	813-19-4
75	81334-34-1
75	814-70-0
75	814-82-4
75	814-88-0
75	814-93-7
75	81412-43-3
75	81412-57-9
75	81431-41-6
75	81458-12-0
75	815-84-9
75	81546-15-8
75	81586-24-5
75	816-68-2
75	81604-53-7
75	81605-65-4
75	81612-16-0
75	81612-54-6
75	81647-97-4
75	81691-68-1
75	817-09-4
75	81708-87-4
75	817163-73-8
75	81732-65-2
75	81752-87-6
75	81776-61-6
75	818-08-6
75	818-61-1
75	818-72-4
75	81801-12-9
75	81818-54-4
75	81843-58-5
75	81855-87-0
75	81856-06-6
75	81880-96-8
75	81892-73-1
75	81897-47-4
75	81898-60-4
75	819-73-8
75	81918-50-5
75	819804-28-9
75	819860-69-0
75	819860-85-0
75	81992-66-7
75	82-68-8
75	82-92-8
75	82005-07-0
75	82005-09-2
75	82009-34-5
75	82041-23-4
75	82047-85-6
75	82063-46-5
75	82069-14-5
75	820975-89-1
75	82110-72-3
75	82151-04-0
75	82196-81-4
75	82197-12-4
75	82197-46-4
75	82197-54-4
75	82197-93-1
75	822-06-0
75	822-13-9
75	822-36-6
75	822-65-1
75	822-89-9
75	82208-43-3
75	82219-78-1
75	82249-35-2
75	823-04-1
75	823-40-5
75	82322-57-4
75	823271-95-0
75	82356-51-2
75	82375-49-3
75	82380-18-5
75	82391-14-8
75	82413-20-5
75	82419-36-1
75	82469-76-9
75	824958-44-3
75	825-91-2
75	82547-58-8
75	82560-06-3
75	82560-54-1
75	826-62-0
75	82600-58-6
75	82601-24-9
75	82619-04-3
75	82628-46-4
75	82633-79-2
75	82657-04-3
75	82696-30-8
75	827300-06-1
75	82785-55-5
75	828-00-2
75	82800-11-1
75	828264-64-8
75	82853-20-1
75	82853-32-5
75	82857-68-9
75	82870-81-3
75	829-74-3
75	829-83-4
75	82905-01-9
75	82911-69-1
75	82941-06-8
75	82980-40-3
75	82985-35-1
75	82996-23-4
75	83-12-5
75	83-66-9
75	83-79-4
75	83-88-5
75	83008-56-4
75	83016-70-0
75	83045-02-7
75	83055-99-6
75	83056-32-0
75	83138-28-7
75	832-92-8
75	83202-85-1
75	83221-70-9
75	83221-79-8
75	83259-64-7
75	83399-82-0
75	83400-08-2
75	83412-54-8
75	83450-60-6
75	835-31-4
75	83513-30-8
75	83581-80-0
75	83588-55-0
75	83588-58-3
75	83588-59-4
75	83623-61-4
75	83626-30-6
75	83648-84-4
75	83689-82-1
75	83689-82-1
75	83711-36-8
75	83711-37-9
75	83711-38-0
75	83711-45-9
75	83711-46-0
75	83711-47-1
75	83711-54-0
75	83711-55-1
75	83711-69-7
75	83711-72-2
75	83712-43-0
75	83712-44-1
75	83721-51-1
75	83763-66-0
75	83763-77-3
75	83763-78-4
75	83771-46-4
75	83783-61-3
75	83784-02-5
75	83786-06-5
75	838-88-0
75	83803-98-9
75	83803-99-0
75	83804-18-6
75	83829-68-9
75	83855-46-3
75	83855-85-0
75	83857-41-4
75	83857-96-9
75	83874-62-8
75	83896-77-9
75	83899-23-4
75	83905-01-5
75	83918-57-4
75	83926-73-2
75	83968-67-6
75	839705-03-2
75	84-22-0
75	84-61-7
75	84-65-1
75	84-69-5
75	84-74-2
75	84-75-3
75	84-76-4
75	84-77-5
75	84-80-0
75	84012-65-7
75	84012-67-9
75	84029-40-3
75	84029-41-4
75	84029-42-5
75	84029-43-6
75	84029-82-3
75	84029-89-0
75	84030-33-1
75	84030-37-5
75	84030-38-6
75	84030-39-7
75	84030-53-5
75	84030-79-5
75	84040-38-0
75	84041-65-6
75	840499-87-8
75	84055-65-2
75	84057-78-3
75	84057-79-4
75	84057-80-7
75	84057-81-8
75	84057-85-2
75	84057-85-2
75	84066-73-9
75	84066-74-0
75	84066-75-1
75	84066-98-8
75	84066-99-9
75	84067-00-5
75	84067-12-9
75	84067-13-0
75	84067-14-1
75	84070-12-2
75	84074-44-2
75	84074-45-3
75	84087-01-4
75	841-67-8
75	84100-23-2
75	84100-68-5
75	84100-78-7
75	84144-92-3
75	84149-55-3
75	84195-51-7
75	84195-60-8
75	84195-60-8
75	84195-61-9
75	84195-61-9
75	84196-22-5
75	842-07-9
75	842-17-1
75	84215-47-4
75	84215-48-5
75	84238-43-7
75	84238-60-8
75	84245-12-5
75	84255-09-4
75	84255-15-2
75	84255-16-3
75	84282-36-0
75	84304-15-4
75	84304-16-5
75	84305-41-9
75	84314-10-3
75	84315-73-1
75	84332-86-5
75	84370-80-9
75	84379-13-5
75	84394-98-9
75	84420-28-0
75	844491-96-9
75	84559-91-1
75	845752-15-0
75	84581-19-1
75	845825-70-9
75	84583-61-9
75	84583-86-8
75	84583-87-9
75	84583-88-0
75	84583-89-1
75	84583-91-5
75	846-49-1
75	846-50-4
75	846-70-8
75	84603-50-9
75	84603-51-0
75	84603-65-6
75	84603-73-6
75	84604-18-2
75	84604-76-2
75	84605-21-0
75	84625-52-5
75	84649-73-0
75	84649-94-5
75	84650-02-2
75	84650-03-3
75	84650-04-4
75	84650-62-4
75	84653-18-9
75	84681-75-4
75	84681-80-1
75	84681-81-2
75	84682-41-7
75	84696-03-7
75	84696-08-2
75	84696-23-1
75	84696-25-3
75	84696-42-4
75	84696-56-0
75	84696-57-1
75	84696-61-7
75	84712-69-6
75	84713-18-8
75	84754-86-9
75	84775-56-4
75	84776-00-1
75	84776-00-1
75	84776-01-2
75	84776-36-3
75	84776-45-4
75	84776-50-1
75	84776-53-4
75	84776-54-5
75	84777-04-8
75	84777-06-0
75	84777-54-8
75	847871-03-8
75	84793-24-8
75	847968-13-2
75	848-75-9
75	84826-91-5
75	84837-22-9
75	84837-25-2
75	84842-81-9
75	84842-86-4
75	84842-89-7
75	84842-90-0
75	84842-92-2
75	84842-94-4
75	84852-15-3
75	84852-34-6
75	84852-35-7
75	84852-36-8
75	84852-37-9
75	84852-39-1
75	848585-66-0
75	84875-67-2
75	848779-18-0
75	84878-35-3
75	84878-36-4
75	84878-37-5
75	84878-48-8
75	84878-51-3
75	84880-03-5
75	848887-61-6
75	848900-16-3
75	84929-77-1
75	84929-82-8
75	84929-85-1
75	84929-94-2
75	84929-95-3
75	84929-96-4
75	84929-97-5
75	84930-15-4
75	84932-15-0
75	84932-33-2
75	84948-57-2
75	84949-18-8
75	84953-43-5
75	84957-29-9
75	84957-30-2
75	84961-75-1
75	84973-20-6
75	84988-93-2
75	84989-03-7
75	84989-04-8
75	84989-05-9
75	84989-06-0
75	84989-07-1
75	84989-09-3
75	84989-10-6
75	84989-11-7
75	84989-12-8
75	85-00-7
75	85-42-7
75	85-43-8
75	85-44-9
75	85-68-7
75	85-79-0
75	85-83-6
75	85-86-9
75	85005-57-8
75	85005-78-3
75	85005-81-8
75	85005-86-3
75	85005-87-4
75	850203-00-8
75	85029-51-2
75	85029-74-9
75	85045-09-6
75	85049-40-7
75	85049-42-9
75	85049-84-9
75	85049-85-0
75	85050-02-8
75	85050-03-9
75	85068-46-8
75	85085-17-2
75	850856-47-2
75	85098-84-6
75	85099-50-9
75	85099-51-0
75	851-84-3
75	85101-00-4
75	85114-00-7
75	85116-53-6
75	85116-58-1
75	85116-59-2
75	85116-60-5
75	85116-61-6
75	85116-75-2
75	85117-00-6
75	85117-02-8
75	85117-02-8
75	85117-02-8
75	85117-02-8
75	85117-03-9
75	85117-20-0
75	85117-20-0
75	85117-20-0
75	85117-59-5
75	85135-77-9
75	85135-91-7
75	85136-74-9
75	851379-03-8
75	85153-20-4
75	85153-92-0
75	85153-93-1
75	85166-19-4
75	85168-75-8
75	85168-79-2
75	85186-32-9
75	85186-44-3
75	85203-81-2
75	85205-48-7
75	85205-70-5
75	852361-03-6
75	85237-42-9
75	852403-68-0
75	85255-95-4
75	85256-45-7
75	85256-77-5
75	85283-97-2
75	85283-98-3
75	85292-77-9
75	85305-08-4
75	85306-26-9
75	85391-46-4
75	85391-47-5
75	85391-48-6
75	85391-49-7
75	85391-50-0
75	85391-51-1
75	85391-52-2
75	85391-53-3
75	85391-54-4
75	85391-55-5
75	85392-77-4
75	85392-78-5
75	85404-16-6
75	85404-17-7
75	85404-18-8
75	85404-21-3
75	85404-22-4
75	85404-24-6
75	85407-90-5
75	85409-17-2
75	854372-97-7
75	85446-17-9
75	854644-96-5
75	854870-24-9
75	854880-15-2
75	854893-20-2
75	85497-02-5
75	85508-43-6
75	85508-44-7
75	85508-45-8
75	85508-46-9
75	85509-19-9
75	85535-84-8
75	85535-85-9
75	85536-10-3
75	85536-17-0
75	85536-19-2
75	85536-20-5
75	85536-76-1
75	85536-79-4
75	85537-28-6
75	85537-69-5
75	85539-83-9
75	855426-80-1
75	855469-82-8
75	855478-16-9
75	85551-28-6
75	85566-21-8
75	85566-82-1
75	85566-83-2
75	85566-84-3
75	85566-85-4
75	85566-86-5
75	85566-87-6
75	85566-88-7
75	85566-89-8
75	85566-90-1
75	85566-91-2
75	85566-92-3
75	85566-93-4
75	85566-94-5
75	85566-95-6
75	85566-96-7
75	85566-97-8
75	85566-98-9
75	85566-99-0
75	85567-00-6
75	855843-82-2
75	85585-32-6
75	85586-14-7
75	85586-15-8
75	855886-94-1
75	855954-34-6
75	856062-06-1
75	856258-48-5
75	85626-36-4
75	856302-53-9
75	856307-43-2
75	856307-56-7
75	856315-34-9
75	856315-67-8
75	856565-65-6
75	856565-78-1
75	856568-15-5
75	856587-22-9
75	856615-63-9
75	856646-54-3
75	85665-96-9
75	85665-97-0
75	856793-27-6
75	85682-01-5
75	85688-00-2
75	856993-13-0
75	85702-49-4
75	85702-73-4
75	85702-90-5
75	857020-72-5
75	85711-82-6
75	85721-16-0
75	85721-17-1
75	85721-33-1
75	85736-97-6
75	85736-98-7
75	857370-42-4
75	857483-23-9
75	85763-44-6
75	85763-76-4
75	85763-77-5
75	85764-81-4
75	85771-77-3
75	85776-14-3
75	857777-38-9
75	85782-82-7
75	85851-76-9
75	85851-77-0
75	85851-78-1
75	85851-79-2
75	85851-80-5
75	85851-81-6
75	85851-82-7
75	85851-83-8
75	85851-84-9
75	85851-85-0
75	85851-86-1
75	85851-88-3
75	85851-91-8
75	85851-92-9
75	85858-60-2
75	858642-85-0
75	85865-91-4
75	85865-92-5
75	858711-57-6
75	85873-44-5
75	858790-60-0
75	858829-10-4
75	858831-93-3
75	85885-66-1
75	85898-88-0
75	85902-02-9
75	859039-00-2
75	859039-47-7
75	85909-41-7
75	85916-84-3
75	85938-41-6
75	85938-51-8
75	85938-52-9
75	85941-57-7
75	859528-12-4
75	85954-11-6
75	85958-86-7
75	85959-43-9
75	85959-44-0
75	859629-60-0
75	85994-31-6
75	86-13-5
75	86-22-6
75	86-30-6
75	86-36-2
75	86-50-0
75	86-85-1
75	86-88-4
75	86-91-9
75	860-22-0
75	860440-31-9
75	86087-04-9
75	86090-48-4
75	86090-60-0
75	861455-28-9
75	86168-12-9
75	86178-38-3
75	861800-35-3
75	86197-47-9
75	86202-43-9
75	86221-76-3
75	862365-66-0
75	86249-20-9
75	86280-78-6
75	86290-81-5
75	86329-08-0
75	863639-26-3
75	863781-22-0
75	86386-75-6
75	86393-05-7
75	86393-07-9
75	86393-34-2
75	86393-35-3
75	863982-24-5
75	86403-32-9
75	86403-41-0
75	86442-22-0
75	864745-22-2
75	86484-91-5
75	865-33-8
75	865-34-9
75	865-37-2
75	865-38-3
75	865-49-6
75	865-50-9
75	865089-22-1
75	86513-49-7
75	865272-16-8
75	86552-32-1
75	865699-83-8
75	86608-70-0
75	866114-86-5
75	866228-30-0
75	866531-40-0
75	866762-19-8
75	867-47-0
75	86702-80-9
75	86702-99-0
75	867060-75-1
75	86722-66-9
75	86753-29-9
75	86755-24-0
75	868-77-9
75	86803-90-9
75	868272-78-0
75	86830-29-7
75	86831-40-5
75	86836-28-4
75	868587-17-1
75	86893-15-4
75	869-59-0
75	86923-11-7
75	86924-52-9
75	86946-91-0
75	86954-36-1
75	869843-71-0
75	869901-24-6
75	87-05-8
75	87-08-1
75	87-10-5
75	87-12-7
75	87-33-2
75	87-59-2
75	87-60-5
75	87-62-7
75	87-63-8
75	87-64-9
75	87-66-1
75	87-86-5
75	87-90-1
75	87025-52-3
75	87059-16-3
75	871-27-2
75	871-89-6
75	871-91-0
75	87128-90-3
75	87133-56-0
75	87134-92-7
75	87172-89-2
75	87199-17-5
75	872-33-3
75	872-50-4
75	872051-56-4
75	87209-90-3
75	872207-74-4
75	872207-80-2
75	872215-16-2
75	872215-18-4
75	87247-00-5
75	873-32-5
75	873-54-1
75	87308-54-1
75	87308-55-2
75	87308-56-3
75	87308-57-4
75	87308-59-6
75	87308-60-9
75	87308-61-0
75	87308-62-1
75	87308-63-2
75	87308-65-4
75	87333-22-0
75	87354-45-8
75	873660-49-2
75	87370-84-1
75	873788-00-2
75	873857-62-6
75	87392-12-9
75	87397-48-6
75	874-41-9
75	874217-11-5
75	874217-12-6
75	874217-13-7
75	87440-95-7
75	87460-09-1
75	874819-71-3
75	874967-67-6
75	875121-65-6
75	875421-79-7
75	875479-38-2
75	875516-06-6
75	87552-80-5
75	875538-26-4
75	875572-56-8
75	876132-97-7
75	876273-90-4
75	87667-20-7
75	87691-88-1
75	87709-41-9
75	87714-45-2
75	87731-18-8
75	87741-01-3
75	87787-67-5
75	87820-88-0
75	87835-30-1
75	87835-32-3
75	878390-73-9
75	87852-56-0
75	87852-72-0
75	87854-55-5
75	87854-56-6
75	87856-03-9
75	878632-79-2
75	87867-96-7
75	878759-26-3
75	878903-72-1
75	87903-39-7
75	879546-05-1
75	879636-47-2
75	879648-13-2
75	879669-53-1
75	87993-82-6
75	88-04-0
75	88-06-2
75	88-10-8
75	88-12-0
75	88-17-5
75	88-22-2
75	88-29-9
75	88-72-2
75	88-85-7
75	88-89-1
75	88001-94-9
75	88032-08-0
75	880359-15-9
75	88040-23-7
75	88054-16-4
75	88150-42-9
75	88154-35-2
75	88161-12-0
75	881685-58-1
75	881738-49-4
75	88205-06-5
75	88218-60-4
75	88250-32-2
75	88357-62-4
75	884244-75-1
75	884660-79-1
75	88491-15-0
75	88504-76-1
75	88527-61-1
75	88528-26-1
75	88542-81-8
75	88558-41-2
75	885613-63-8
75	88608-76-8
75	88651-75-6
75	88652-03-3
75	886584-11-8
75	88660-49-5
75	88660-50-8
75	88660-51-9
75	88660-52-0
75	88660-53-1
75	88660-54-2
75	88660-55-3
75	88660-56-4
75	88660-57-5
75	88660-58-6
75	88660-59-7
75	88660-60-0
75	88660-62-2
75	88660-63-3
75	88671-89-0
75	88673-56-7
75	88673-57-8
75	88685-10-3
75	88733-28-2
75	88778-74-9
75	88784-33-2
75	888030-71-5
75	88805-65-6
75	88918-84-7
75	88937-09-1
75	88966-67-0
75	889688-86-2
75	88976-55-0
75	88985-15-3
75	89-13-4
75	89-16-7
75	89-32-7
75	89-61-2
75	89-83-8
75	89-98-5
75	890044-91-4
75	89054-03-5
75	890704-54-8
75	890719-21-8
75	89079-92-5
75	89125-89-3
75	89190-94-3
75	89190-98-7
75	893427-14-0
75	89365-50-4
75	89370-71-8
75	89392-03-0
75	89415-87-2
75	89417-06-1
75	89452-37-9
75	89485-84-7
75	89485-85-8
75	89491-81-6
75	89521-44-8
75	89544-40-1
75	89544-48-9
75	896-29-7
75	896506-46-0
75	89666-59-1
75	89678-75-1
75	89698-92-0
75	89703-05-9
75	897393-42-9
75	89759-80-8
75	897937-66-5
75	89797-01-3
75	898287-57-5
75	89899-81-0
75	89900-19-6
75	89958-15-6
75	89959-98-8
75	89961-16-0
75	89997-54-6
75	89997-63-7
75	90-03-9
75	90-04-0
75	90-05-1
75	90-15-3
75	90-30-2
75	90-39-1
75	90-41-5
75	90-43-7
75	90-49-3
75	90-69-7
75	90-72-2
75	90-82-4
75	90-84-6
75	90-94-8
75	900-77-6
75	900-95-8
75	9001-00-7
75	9001-05-2
75	9001-12-1
75	9001-33-6
75	9001-72-3
75	9001-73-4
75	9001-75-6
75	9001-76-7
75	9001-92-7
75	9001-98-3
75	90015-00-2
75	900160-17-0
75	900178-90-7
75	9002-07-7
75	9002-59-9
75	9002-91-9
75	90035-08-8
75	9004-07-3
75	90046-04-1
75	90064-23-6
75	9007-33-4
75	9007-35-6
75	90076-65-6
75	900786-57-4
75	9008-26-8
75	9009-12-5
75	9010-02-0
75	9010-92-8
75	90106-13-1
75	90131-43-4
75	9014-01-1
75	9014-83-9
75	90147-54-9
75	90149-16-9
75	9015-70-7
75	9015-99-0
75	9016-72-2
75	90170-79-9
75	90177-43-8
75	9019-41-4
75	90193-83-2
75	90194-35-7
75	90194-48-2
75	90207-46-8
75	90218-42-1
75	90218-85-2
75	90219-01-5
75	9025-29-0
75	9025-49-4
75	90268-59-0
75	90268-66-9
75	90269-03-7
75	90274-24-1
75	9028-00-6
75	9028-05-1
75	90294-61-4
75	90297-42-0
75	9031-73-6
75	90320-46-0
75	90341-42-7
75	90342-19-1
75	90342-24-8
75	90342-56-6
75	9036-06-0
75	90387-53-4
75	90388-09-3
75	90388-10-6
75	90388-15-1
75	9039-61-6
75	90411-62-4
75	904293-27-2
75	904293-28-3
75	90431-14-4
75	90431-21-3
75	90431-26-8
75	90431-27-9
75	90431-28-0
75	90431-30-4
75	90431-31-5
75	90431-32-6
75	90431-33-7
75	90431-34-8
75	90431-35-9
75	90431-36-0
75	90431-37-1
75	90431-38-2
75	90431-39-3
75	90431-40-6
75	90431-41-7
75	90431-42-8
75	90431-43-9
75	90431-44-0
75	9044-10-4
75	9045-36-7
75	90452-20-3
75	90452-21-4
75	90452-23-6
75	90452-98-5
75	90456-67-0
75	90457-82-2
75	90459-25-9
75	90459-26-0
75	90459-28-2
75	90459-51-1
75	90459-52-2
75	90459-88-4
75	9046-53-1
75	9046-54-2
75	9046-55-3
75	9046-56-4
75	90466-79-8
75	90481-04-2
75	9049-54-1
75	9050-21-9
75	90507-06-5
75	90529-64-9
75	90529-78-5
75	90530-21-5
75	90530-22-6
75	90530-23-7
75	90530-24-8
75	90530-25-9
75	90530-26-0
75	90530-27-1
75	90530-28-2
75	90530-29-3
75	90530-30-6
75	90530-31-7
75	90530-34-0
75	90530-35-1
75	90530-36-2
75	90530-37-3
75	90530-38-4
75	90530-39-5
75	90530-40-8
75	90530-41-9
75	90530-42-0
75	90530-43-1
75	90530-44-2
75	90530-45-3
75	90530-46-4
75	90530-47-5
75	90530-48-6
75	90551-75-0
75	90551-76-1
75	90551-77-2
75	90551-78-3
75	90551-79-4
75	90551-80-7
75	90551-81-8
75	90551-82-9
75	90551-83-0
75	90551-84-1
75	90551-85-2
75	90551-86-3
75	90551-87-4
75	90551-88-5
75	90551-89-6
75	90551-90-9
75	90551-91-0
75	90551-92-1
75	90551-93-2
75	90551-94-3
75	90551-95-4
75	90551-96-5
75	90551-97-6
75	90551-98-7
75	90551-99-8
75	90552-00-4
75	90552-01-5
75	90552-02-6
75	90552-03-7
75	90552-04-8
75	90552-05-9
75	90552-06-0
75	90552-07-1
75	90552-08-2
75	90552-09-3
75	90552-10-6
75	90552-11-7
75	90552-12-8
75	90552-13-9
75	90552-14-0
75	90552-15-1
75	90552-16-2
75	90552-19-5
75	90552-20-8
75	90552-22-0
75	90552-24-2
75	90552-25-3
75	90552-26-4
75	90552-50-4
75	90552-67-3
75	90552-68-4
75	905572-85-2
75	90583-07-6
75	90583-37-2
75	90583-65-6
75	90584-88-6
75	90598-98-4
75	90604-73-2
75	90604-74-3
75	90604-75-4
75	90604-76-5
75	90604-77-6
75	90604-78-7
75	90604-79-8
75	90604-80-1
75	90604-89-0
75	90604-90-3
75	90613-75-5
75	9062-00-4
75	9062-30-0
75	90622-51-8
75	90622-53-0
75	90622-55-2
75	9063-47-2
75	90640-32-7
75	90640-80-5
75	90640-81-6
75	90640-82-7
75	90640-84-9
75	90640-85-0
75	90640-86-1
75	90640-87-2
75	90640-88-3
75	90640-89-4
75	90640-90-7
75	90640-91-8
75	90640-92-9
75	90640-93-0
75	90640-94-1
75	90640-95-2
75	90640-96-3
75	90640-97-4
75	90640-99-6
75	90641-00-2
75	90641-01-3
75	90641-02-4
75	90641-03-5
75	90641-04-6
75	90641-05-7
75	90641-06-8
75	90641-07-9
75	90641-08-0
75	90641-09-1
75	90641-11-5
75	90641-12-6
75	906507-37-7
75	90651-64-2
75	90657-55-9
75	90669-53-7
75	90669-55-9
75	90669-57-1
75	90669-58-2
75	90669-59-3
75	90669-74-2
75	90669-75-3
75	90669-76-4
75	90669-77-5
75	90669-78-6
75	9067-41-8
75	9067-81-6
75	9068-59-1
75	9068-82-0
75	9071-94-7
75	907204-31-3
75	9073-77-2
75	9073-78-3
75	9073-79-4
75	9074-07-1
75	9080-17-5
75	9080-55-1
75	9080-56-2
75	9081-30-5
75	9081-91-8
75	9083-76-5
75	9084-94-0
75	9086-62-8
75	9086-65-1
75	9087-26-7
75	9087-76-7
75	90884-29-0
75	90886-53-6
75	909-64-8
75	90907-93-0
75	90937-10-3
75	90937-12-5
75	90937-13-6
75	909403-78-7
75	90960-67-1
75	909873-99-0
75	90989-38-1
75	90989-39-2
75	90989-41-6
75	90989-42-7
75	90989-50-7
75	91-08-7
75	91-20-3
75	91-22-5
75	91-23-6
75	91-59-8
75	91-68-9
75	91-80-5
75	91-81-6
75	91-91-8
75	91-93-0
75	91-94-1
75	91-95-2
75	91-97-4
75	91000-35-0
75	91002-05-0
75	91002-06-1
75	91002-07-2
75	91002-20-9
75	91029-98-0
75	91031-60-6
75	91031-61-7
75	91031-62-8
75	91051-02-4
75	91051-36-4
75	91051-98-8
75	91053-44-0
75	91053-46-2
75	91053-46-2
75	91053-46-2
75	91053-46-2
75	91053-47-3
75	91053-47-3
75	91053-47-3
75	91053-47-3
75	91053-48-4
75	91053-49-5
75	91078-81-8
75	910783-70-9
75	910783-71-0
75	910783-72-1
75	91079-47-9
75	91081-69-5
75	91082-50-7
75	91082-52-9
75	91082-53-0
75	91082-65-4
75	91082-69-8
75	91083-54-4
75	91098-28-1
75	91125-43-8
75	911674-82-3
75	91187-55-2
75	91198-78-6
75	912677-42-0
75	91273-04-0
75	912849-92-4
75	913092-91-8
75	91313-64-3
75	91315-44-5
75	91316-44-8
75	91388-81-7
75	914378-31-7
75	914651-14-2
75	91484-71-8
75	91484-73-0
75	915-30-0
75	915-67-3
75	915070-50-7
75	916431-34-0
75	91648-03-2
75	91648-39-4
75	91671-82-8
75	91671-83-9
75	91671-84-0
75	91672-41-2
75	91673-30-2
75	91696-67-2
75	91696-72-9
75	91697-23-3
75	91697-34-6
75	91697-35-7
75	91697-36-8
75	91697-41-5
75	91697-50-6
75	917-58-8
75	917-76-0
75	91721-99-2
75	91722-00-8
75	91722-12-2
75	91723-01-2
75	91724-16-2
75	91728-14-2
75	917483-69-3
75	91770-03-5
75	91770-57-9
75	91770-87-5
75	91773-48-7
75	91783-02-7
75	91783-10-7
75	91832-40-5
75	91844-56-3
75	91844-57-4
75	91853-67-7
75	91863-27-3
75	918779-70-1
75	91884-86-5
75	918962-66-0
75	919-28-8
75	919-30-2
75	919284-21-2
75	91995-14-1
75	91995-15-2
75	91995-16-3
75	91995-17-4
75	91995-18-5
75	91995-20-9
75	91995-31-2
75	91995-34-5
75	91995-35-6
75	91995-38-9
75	91995-39-0
75	91995-40-3
75	91995-41-4
75	91995-42-5
75	91995-45-8
75	91995-48-1
75	91995-49-2
75	91995-50-5
75	91995-51-6
75	91995-52-7
75	91995-53-8
75	91995-54-9
75	91995-61-8
75	91995-66-3
75	91995-68-5
75	91995-73-2
75	91995-75-4
75	91995-76-5
75	91995-77-6
75	91995-78-7
75	91995-79-8
75	92-13-7
75	92-24-0
75	92-33-1
75	92-39-7
75	92-44-4
75	92-52-4
75	92-67-1
75	92-84-2
75	92-87-5
75	92-93-3
75	920-25-2
75	920-36-5
75	920-42-3
75	92044-82-1
75	92044-89-8
75	92044-97-8
75	92045-02-8
75	92045-12-0
75	92045-14-2
75	92045-15-3
75	92045-16-4
75	92045-17-5
75	92045-18-6
75	92045-19-7
75	92045-20-0
75	92045-22-2
75	92045-23-3
75	92045-29-9
75	92045-42-6
75	92045-43-7
75	92045-49-3
75	92045-50-6
75	92045-51-7
75	92045-52-8
75	92045-53-9
75	92045-55-1
75	92045-57-3
75	92045-58-4
75	92045-59-5
75	92045-60-8
75	92045-61-9
75	92045-62-0
75	92045-63-1
75	92045-64-2
75	92045-65-3
75	92045-67-5
75	92045-71-1
75	92045-72-2
75	92045-77-7
75	92045-80-2
75	92061-86-4
75	92061-92-2
75	92061-93-3
75	92061-94-4
75	92061-97-7
75	92062-00-5
75	92062-04-9
75	92062-09-4
75	92062-10-7
75	92062-11-8
75	92062-13-0
75	92062-13-0
75	92062-13-0
75	92062-13-0
75	92062-13-0
75	92062-15-2
75	92062-20-9
75	92062-22-1
75	92062-26-5
75	92062-27-6
75	92062-28-7
75	92062-29-8
75	92062-33-4
75	92062-34-5
75	92062-36-7
75	92075-35-9
75	92089-68-4
75	92091-28-6
75	92112-69-1
75	92113-10-5
75	921213-37-8
75	92128-37-5
75	92128-37-5
75	92128-37-5
75	92128-37-5
75	92128-37-5
75	92128-94-4
75	92129-09-4
75	92129-57-2
75	92200-78-7
75	92200-92-5
75	92200-97-0
75	92200-97-0
75	92201-10-0
75	92201-11-1
75	92201-59-7
75	92201-60-0
75	92201-97-3
75	92202-10-3
75	92202-25-0
75	92203-02-6
75	92203-03-7
75	92213-62-2
75	92257-06-2
75	92257-11-9
75	92257-11-9
75	92257-11-9
75	922728-11-8
75	923-14-8
75	923-26-2
75	92355-34-5
75	923924-50-9
75	923927-02-0
75	924-16-3
75	924-42-5
75	92411-20-6
75	92457-17-5
75	92458-33-8
75	92481-09-9
75	92481-10-2
75	92484-48-5
75	92484-66-7
75	924902-00-1
75	925-60-0
75	925-94-0
75	92511-22-3
75	92585-24-5
75	92586-98-6
75	925914-34-7
75	926-53-4
75	92619-43-7
75	926280-53-7
75	92665-29-7
75	92687-27-9
75	92687-28-0
75	92687-31-5
75	927-74-2
75	927-80-0
75	927-86-6
75	92704-08-0
75	92704-12-6
75	92704-15-9
75	92704-19-3
75	92704-24-0
75	92731-36-7
75	92761-26-7
75	92771-56-7
75	92783-52-3
75	92785-38-1
75	92786-62-4
75	92797-28-9
75	92797-44-9
75	928-90-5
75	928-93-8
75	928113-28-4
75	92818-46-7
75	928208-61-1
75	92843-12-4
75	92851-98-4
75	92874-95-8
75	928770-37-0
75	92880-05-2
75	92909-14-3
75	92952-81-3
75	929698-33-9
75	929875-82-1
75	93-05-0
75	93-14-1
75	93-30-1
75	93-65-2
75	93-71-0
75	93-72-1
75	93-76-5
75	93-78-7
75	93-79-8
75	930-55-2
75	93028-28-5
75	93028-52-5
75	93076-03-0
75	930792-25-9
75	93085-22-4
75	93091-03-3
75	93107-30-3
75	93122-98-6
75	93165-19-6
75	93165-26-5
75	93165-55-0
75	93195-85-8
75	93196-73-7
75	93208-38-9
75	93215-61-3
75	93218-05-4
75	932697-96-6
75	93289-29-3
75	933-98-2
75	93367-04-5
75	93384-78-2
75	93384-96-4
75	93388-66-0
75	934-74-7
75	934-80-5
75	934-85-0
75	934588-09-7
75	93460-77-6
75	934749-46-9
75	934750-46-6
75	935-79-5
75	935701-76-1
75	93571-75-6
75	93572-29-3
75	93572-35-1
75	93572-36-2
75	93572-43-1
75	936009-28-8
75	93616-39-8
75	93629-90-4
75	93633-79-5
75	93658-88-9
75	93672-52-7
75	93686-39-6
75	93686-40-9
75	93686-53-4
75	937-41-7
75	93762-40-4
75	93763-10-1
75	93763-11-2
75	93763-14-5
75	93763-33-8
75	93763-34-9
75	93763-38-3
75	93763-85-0
75	93763-87-2
75	93776-64-8
75	93778-54-2
75	93779-51-2
75	93783-73-4
75	93803-91-9
75	93804-08-1
75	93804-09-2
75	93804-10-5
75	93804-11-6
75	93804-12-7
75	93804-45-6
75	93804-46-7
75	93804-47-8
75	93804-48-9
75	93804-49-0
75	93804-50-3
75	93804-51-4
75	93804-52-5
75	93804-53-6
75	93804-54-7
75	93804-55-8
75	93804-56-9
75	93805-32-4
75	93820-02-1
75	93820-20-3
75	93820-55-4
75	93820-56-5
75	93820-61-2
75	93820-62-3
75	93821-09-1
75	93821-10-4
75	93821-38-6
75	93821-43-3
75	93821-47-7
75	93821-66-0
75	93821-70-6
75	93821-72-8
75	93838-99-4
75	93839-00-0
75	93839-98-6
75	93840-04-1
75	93840-05-2
75	93840-06-3
75	93840-07-4
75	93840-08-5
75	93840-72-3
75	93841-23-7
75	93841-41-9
75	93841-47-5
75	93841-48-6
75	93841-49-7
75	93841-79-3
75	93843-12-0
75	93844-22-5
75	93857-57-9
75	93857-70-6
75	93857-89-7
75	93857-95-5
75	93857-96-6
75	93857-97-7
75	93857-98-8
75	93857-99-9
75	93858-00-5
75	93858-01-6
75	93858-12-9
75	93858-23-2
75	93858-24-3
75	93858-50-5
75	93858-65-2
75	93858-74-3
75	93882-20-3
75	93892-65-0
75	93893-98-2
75	93894-07-6
75	93894-08-7
75	93894-09-8
75	93894-10-1
75	93894-48-5
75	93894-49-6
75	93894-64-5
75	93904-98-4
75	93920-09-3
75	93920-10-6
75	93922-04-4
75	93924-31-3
75	93924-32-4
75	93924-33-5
75	93924-61-9
75	93925-26-9
75	93925-27-0
75	93940-83-1
75	93941-81-2
75	93941-82-3
75	93942-60-0
75	93951-53-2
75	93951-87-2
75	93951-88-3
75	93952-11-5
75	93952-24-0
75	93957-50-7
75	93962-84-6
75	93964-28-4
75	93964-42-2
75	93964-43-3
75	93964-58-0
75	93964-62-6
75	93964-63-7
75	93964-64-8
75	93965-22-1
75	93965-23-2
75	93965-24-3
75	93965-25-4
75	93965-27-6
75	93965-28-7
75	93965-29-8
75	93965-30-1
75	93965-33-4
75	93965-35-6
75	93966-37-1
75	93966-38-2
75	93966-74-6
75	93980-88-2
75	93981-67-0
75	93983-15-4
75	93983-23-4
75	93983-65-4
75	93983-68-7
75	93983-70-1
75	94-07-5
75	94-09-7
75	94-11-1
75	94-12-2
75	94-14-4
75	94-18-8
75	94-20-2
75	94-23-5
75	94-24-6
75	94-25-7
75	94-36-0
75	94-37-1
75	94-43-9
75	94-59-7
75	94-70-2
75	94-74-6
75	94-75-7
75	94-79-1
75	94-80-4
75	94-91-7
75	94-96-2
75	94006-00-5
75	94006-20-9
75	94006-29-8
75	94015-57-3
75	94021-36-0
75	94021-54-2
75	94021-76-8
75	94021-88-2
75	94021-89-3
75	94022-10-3
75	94022-47-6
75	94022-47-6
75	94023-24-2
75	94030-87-2
75	94042-69-0
75	94043-04-6
75	94050-51-8
75	94050-90-5
75	94070-92-5
75	94070-93-6
75	94082-85-6
75	94086-48-3
75	940888-75-5
75	94095-56-4
75	94097-88-8
75	94108-65-3
75	94108-75-5
75	94109-21-4
75	94109-31-6
75	94113-53-8
75	94114-03-1
75	94114-13-3
75	94114-29-1
75	94114-40-6
75	94114-46-2
75	94114-47-3
75	94114-48-4
75	94114-52-0
75	94114-53-1
75	94114-54-2
75	94114-55-3
75	94114-56-4
75	94114-57-5
75	94114-58-6
75	94114-59-7
75	94128-03-7
75	94128-04-8
75	94133-75-2
75	94133-77-4
75	94133-85-4
75	94134-45-9
75	94134-45-9
75	94134-46-0
75	94134-46-0
75	94138-80-4
75	94138-81-5
75	94138-82-6
75	94138-83-7
75	94138-84-8
75	94138-85-9
75	94138-86-0
75	94138-87-1
75	94158-30-2
75	94158-72-2
75	94158-94-8
75	94158-95-9
75	94158-96-0
75	94158-97-1
75	94158-98-2
75	94158-99-3
75	94159-00-9
75	94159-01-0
75	94159-02-1
75	94159-03-2
75	94159-12-3
75	94159-13-4
75	94159-14-5
75	94159-15-6
75	94159-16-7
75	94159-21-4
75	94159-22-5
75	94166-38-8
75	94166-40-2
75	94166-62-8
75	94213-13-5
75	942266-56-0
75	94228-51-0
75	94232-26-5
75	94232-38-9
75	94232-40-3
75	94232-45-8
75	94232-49-2
75	94238-21-8
75	94246-84-1
75	94246-85-2
75	94246-86-3
75	94246-87-4
75	94246-90-9
75	94246-91-0
75	94246-92-1
75	94246-93-2
75	94247-04-8
75	94247-05-9
75	94247-06-0
75	94247-07-1
75	94247-08-2
75	94247-09-3
75	94247-16-2
75	94247-36-6
75	94247-67-3
75	942472-72-2
75	942472-78-8
75	94248-41-6
75	94248-42-7
75	942621-44-5
75	94266-31-6
75	94266-32-7
75	94271-03-1
75	94274-21-2
75	94275-93-1
75	94275-94-2
75	94276-38-7
75	94276-53-6
75	94276-54-7
75	94276-55-8
75	94276-85-4
75	94276-88-7
75	94277-53-9
75	94277-64-2
75	94278-22-5
75	94279-45-5
75	94279-56-8
75	94279-57-9
75	94279-60-4
75	943-17-9
75	943-88-4
75	94313-58-3
75	94313-94-7
75	94335-94-1
75	943428-71-5
75	943443-44-5
75	94346-09-5
75	94349-78-7
75	94361-06-5
75	94369-44-5
75	94386-15-9
75	94386-45-5
75	944314-72-1
75	94442-00-9
75	94481-42-2
75	94481-49-9
75	94481-58-0
75	94481-62-6
75	94492-43-0
75	945-48-2
75	94536-69-3
75	94551-60-7
75	94551-62-9
75	94551-64-1
75	94551-66-3
75	94551-66-3
75	94551-66-3
75	94551-70-9
75	94551-70-9
75	94551-71-0
75	94551-72-1
75	94551-73-2
75	94551-74-3
75	94551-78-7
75	94551-79-8
75	94551-79-8
75	94551-80-1
75	94551-86-7
75	94551-87-8
75	94551-96-9
75	94551-97-0
75	94551-97-0
75	94551-99-2
75	94552-00-8
75	94552-05-3
75	94553-25-0
75	945610-97-9
75	945614-06-2
75	94581-21-2
75	945843-99-2
75	94596-45-9
75	94612-91-6
75	946525-05-9
75	946852-83-1
75	94691-47-1
75	94700-17-1
75	94723-86-1
75	94733-02-5
75	94733-03-6
75	94733-04-7
75	94733-05-8
75	94733-08-1
75	94733-09-2
75	94733-12-7
75	94733-15-0
75	94733-16-1
75	94765-75-0
75	947734-83-0
75	94800-10-9
75	94825-20-4
75	94891-40-4
75	94938-95-1
75	94944-81-7
75	94977-27-2
75	94979-22-3
75	95-06-7
75	95-13-6
75	95-25-0
75	95-33-0
75	95-47-6
75	95-48-7
75	95-50-1
75	95-51-2
75	95-53-4
75	95-54-5
75	95-55-6
75	95-63-6
75	95-64-7
75	95-65-8
75	95-68-1
75	95-69-2
75	95-70-5
75	95-74-9
75	95-76-1
75	95-78-3
75	95-79-4
75	95-80-7
75	95-81-8
75	95-82-9
75	95-85-2
75	95-86-3
75	95-87-4
75	95-92-1
75	95-93-2
75	95-95-4
75	95008-97-2
75	95009-10-2
75	95009-19-1
75	95009-23-7
75	95032-44-3
75	95046-44-9
75	95046-44-9
75	95046-49-4
75	95046-49-4
75	950582-57-7
75	950582-60-2
75	950582-72-6
75	950582-74-8
75	950837-40-8
75	950907-45-6
75	951317-92-3
75	95154-01-1
75	95193-93-4
75	95193-95-6
75	95266-40-3
75	95327-25-6
75	95327-28-9
75	95327-98-3
75	95328-99-7
75	95371-04-3
75	95371-05-4
75	95371-07-6
75	95371-08-7
75	954-16-5
75	954148-35-7
75	95465-85-3
75	95465-89-7
75	95478-50-5
75	95500-19-9
75	955156-62-4
75	95566-38-4
75	95576-40-2
75	956229-60-0
75	956491-27-3
75	95660-31-4
75	95660-38-1
75	95660-49-4
75	95660-61-0
75	95690-49-6
75	95718-78-8
75	95722-64-8
75	957554-95-9
75	957761-04-5
75	95788-45-7
75	95828-55-0
75	95860-12-1
75	95892-12-9
75	95892-13-0
75	95905-86-5
75	95912-44-0
75	959151-93-0
75	95917-74-1
75	95917-83-2
75	95918-00-6
75	959699-83-3
75	95979-76-3
75	959925-10-1
75	95998-58-6
75	96-09-3
75	96-12-8
75	96-13-9
75	96-14-0
75	96-18-4
75	96-23-1
75	96-29-7
75	96-33-3
75	96-34-4
75	96-45-7
75	96-46-8
75	96-63-9
75	960053-05-8
75	96024-35-0
75	960246-23-5
75	96041-58-6
75	96055-45-7
75	96118-96-6
75	96119-46-9
75	96119-80-1
75	96122-95-1
75	96195-78-7
75	96231-36-6
75	963-07-5
75	96314-26-0
75	96322-46-2
75	96342-74-4
75	96352-24-8
75	96420-31-4
75	96446-11-6
75	96471-22-6
75	96507-76-5
75	96507-78-7
75	96507-79-8
75	96507-80-1
75	96507-81-2
75	96507-82-3
75	96507-83-4
75	96507-84-5
75	96507-85-6
75	96507-86-7
75	96510-68-8
75	96510-86-0
75	96532-79-5
75	96532-80-8
75	96561-37-4
75	96561-42-1
75	96562-58-2
75	96566-70-0
75	96591-22-9
75	966-62-1
75	96680-15-8
75	96680-59-0
75	96690-46-9
75	96690-54-9
75	96690-55-0
75	96690-79-8
75	96690-80-1
75	96690-81-2
75	96690-82-3
75	96726-79-3
75	96740-33-9
75	96778-02-8
75	96906-16-0
75	96915-18-3
75	96915-19-4
75	96915-20-7
75	96915-21-8
75	96923-04-5
75	96958-96-2
75	97-02-9
75	97-18-7
75	97-23-4
75	97-44-9
75	97-54-1
75	97-56-3
75	97-63-2
75	97-64-3
75	97-74-5
75	97-77-8
75	97-86-9
75	97-88-1
75	97-90-5
75	97-93-8
75	97-94-9
75	97-99-4
75	97048-22-1
75	97048-23-2
75	97101-46-7
75	97124-07-7
75	97130-83-1
75	97158-14-0
75	97158-16-2
75	97158-26-4
75	97158-26-4
75	97171-79-4
75	97171-83-0
75	97190-15-3
75	97209-13-7
75	97235-50-2
75	97259-82-0
75	97269-75-5
75	97280-67-6
75	973-17-1
75	97301-98-9
75	97330-34-2
75	97358-83-3
75	97358-84-4
75	97375-39-8
75	97380-88-6
75	97403-84-4
75	97404-14-3
75	97404-76-7
75	97434-88-3
75	97434-89-4
75	97434-90-7
75	97435-20-6
75	97435-22-8
75	97435-22-8
75	97468-35-4
75	97488-73-8
75	97488-74-9
75	97488-85-2
75	97488-95-4
75	97488-96-5
75	97502-49-3
75	97507-71-6
75	97519-39-6
75	97568-16-6
75	97568-33-7
75	97635-42-2
75	97635-44-4
75	97635-46-6
75	97659-38-6
75	97659-39-7
75	97659-39-7
75	97660-08-7
75	97660-63-4
75	97660-76-9
75	97660-77-0
75	97675-23-5
75	97675-41-7
75	97675-45-1
75	97675-62-2
75	97675-69-9
75	97675-72-4
75	97675-85-9
75	97675-86-0
75	97675-87-1
75	97675-88-2
75	97675-89-3
75	97675-90-6
75	97676-35-2
75	97692-55-2
75	97708-44-6
75	97709-01-8
75	97722-04-8
75	97722-06-0
75	97722-08-2
75	97722-09-3
75	97722-10-6
75	97722-19-5
75	97763-70-7
75	97780-06-8
75	97791-83-8
75	97793-37-8
75	97794-07-5
75	97808-88-3
75	97809-03-5
75	97859-57-9
75	97862-03-8
75	97862-22-1
75	97862-76-5
75	97862-77-6
75	97862-78-7
75	97862-81-2
75	97862-82-3
75	97862-83-4
75	97862-97-0
75	97862-98-1
75	97863-04-2
75	97863-05-3
75	97863-06-4
75	97888-41-0
75	97889-90-2
75	97890-93-2
75	97925-91-2
75	97925-95-6
75	97926-43-7
75	97926-57-3
75	97926-59-5
75	97926-68-6
75	97926-70-0
75	97926-71-1
75	97926-76-6
75	97926-77-7
75	97926-78-8
75	97928-93-3
75	97929-50-5
75	97930-07-9
75	97938-05-1
75	97948-14-6
75	97952-39-1
75	97952-82-4
75	97952-83-5
75	97952-84-6
75	97953-08-7
75	97953-18-9
75	98-00-0
75	98-01-1
75	98-05-5
75	98-07-7
75	98-14-6
75	98-16-8
75	98-29-3
75	98-50-0
75	98-54-4
75	98-72-6
75	98-73-7
75	98-82-8
75	98-83-9
75	98-84-0
75	98-86-2
75	98-87-3
75	98-88-4
75	98-95-3
75	98-96-4
75	980-26-7
75	980-71-2
75	98002-59-6
75	98032-39-4
75	98036-34-1
75	98072-16-3
75	98072-44-7
75	98072-62-9
75	98072-63-0
75	98072-75-4
75	98072-76-5
75	98072-77-6
75	98072-95-8
75	98072-96-9
75	98072-97-0
75	98073-01-9
75	98073-02-0
75	98073-03-1
75	98079-51-7
75	98084-77-6
75	98084-96-9
75	98088-96-1
75	98088-97-2
75	98104-93-9
75	98106-52-6
75	98106-53-7
75	98106-54-8
75	98106-55-9
75	98106-56-0
75	98114-32-0
75	98171-77-8
75	98191-69-6
75	98219-46-6
75	98219-47-7
75	98219-64-8
75	98219-71-7
75	98246-91-4
75	98246-91-4
75	98249-01-5
75	98377-35-6
75	98388-00-2
75	98391-07-2
75	98392-15-5
75	98478-67-2
75	98493-34-6
75	98493-36-8
75	985-16-0
75	98503-29-8
75	98518-05-9
75	98527-29-8
75	98712-72-2
75	98748-11-9
75	98769-75-6
75	988-93-2
75	98809-11-1
75	98824-35-2
75	98866-06-9
75	98886-44-3
75	989-38-8
75	98913-54-3
75	98978-64-4
75	99-45-6
75	99-49-0
75	99-53-6
75	99-55-8
75	99-57-0
75	99-86-5
75	99-97-8
75	99-98-9
75	99031-66-0
75	99035-51-5
75	99035-51-5
75	99095-19-9
75	99105-77-8
75	99108-56-2
75	99113-75-4
75	99129-21-2
75	99148-51-3
75	99149-43-6
75	99199-90-3
75	992-98-3
75	993-16-8
75	99328-50-4
75	99328-50-4
75	99328-54-8
75	99328-54-8
75	99343-77-8
75	99343-80-3
75	99343-81-4
75	99343-82-5
75	99343-83-6
75	994-71-8
75	99400-50-7
75	99464-83-2
75	99469-99-5
75	99548-93-3
75	99587-10-7
75	99587-10-7
75	99601-92-0
75	99601-92-0
75	99601-93-1
75	99601-93-1
75	99610-72-7
75	99665-00-6
75	99688-47-8
75	99749-31-2
75	99749-34-5
75	99749-34-5
75	99752-20-2
75	99771-32-1
75	99784-43-7
75	99811-54-8
75	99817-36-4
75	999-61-1
75	99932-75-9
75	99932-76-0
75	NA1270
75	NA1350
75	NA2212
75	NA2448
75	NA9191
75	NA9202
75	NA9260
75	P-00-0552
75	P-00-0749
75	P-00-1046
75	P-01-0153
75	P-01-0775
75	P-82-0043
75	P-83-0832
75	P-83-0837
75	P-83-1307
75	P-86-0354
75	P-86-0923
75	P-87-0765
75	P-87-1061
75	P-87-1233
75	P-87-1758
75	P-88-1050
75	P-88-1145
75	P-89-0772
75	P-90-1603
75	P-91-1278
75	P-93-0200
75	P-93-0606
75	P-94-0464
75	P-95-0677
75	P-95-0724
75	P-97-0189
75	RR-00004-4
75	RR-00005-5
75	RR-00022-6
75	RR-00025-9
75	RR-00026-0
75	RR-00035-1
75	RR-00048-6
75	RR-00065-7
75	RR-00070-4
75	RR-00104-7
75	RR-00132-1
75	RR-00132-1
75	RR-00132-1
75	RR-00138-7
75	RR-00154-7
75	RR-00361-2
75	RR-00378-1
75	RR-00380-5
75	RR-00382-7
75	RR-00414-8
75	RR-00485-3
75	RR-00520-9
75	RR-00538-9
75	RR-00554-9
75	RR-00557-2
75	RR-00559-4
75	RR-00568-5
75	RR-00569-6
75	RR-00575-4
75	RR-00585-6
75	RR-00586-7
75	RR-00592-5
75	RR-00593-6
75	RR-00594-7
75	RR-00612-2
75	RR-00614-4
75	RR-00624-6
75	RR-00625-7
75	RR-00630-4
75	RR-00675-7
75	RR-00717-0
75	RR-00732-9
75	RR-00733-0
75	RR-00801-5
75	RR-01021-9
75	RR-01198-3
75	RR-01200-0
75	RR-01264-6
75	RR-01275-9
75	RR-01292-0
75	RR-01292-0
75	RR-01294-2
75	RR-01342-3
75	RR-01361-6
75	RR-01473-3
75	RR-01474-4
75	RR-01513-4
75	RR-01620-6
75	RR-01622-8
75	RR-01638-6
75	RR-01639-7
75	RR-01709-4
75	RR-01743-6
75	RR-01773-2
75	RR-01791-4
75	RR-01808-6
75	RR-01858-6
75	RR-01913-6
75	RR-01915-8
75	RR-01917-0
75	RR-01919-2
75	RR-01997-6
75	RR-02085-9
75	RR-02086-0
75	RR-02087-1
75	RR-02088-2
75	RR-02089-3
75	RR-02090-6
75	RR-02091-7
75	RR-02093-9
75	RR-02094-0
75	RR-02096-2
75	RR-02247-9
75	RR-02247-9
75	RR-02534-3
75	RR-02536-5
75	RR-02541-2
75	RR-02542-3
75	RR-02546-7
75	RR-02552-5
75	RR-02554-7
75	RR-02560-5
75	RR-02566-1
75	RR-02567-2
75	RR-02569-4
75	RR-02570-7
75	RR-02572-9
75	RR-02574-1
75	RR-02577-4
75	RR-02588-7
75	RR-02606-2
75	RR-02608-4
75	RR-02609-5
75	RR-02610-8
75	RR-02612-0
75	RR-02613-1
75	RR-02614-2
75	RR-02616-4
75	RR-02632-4
75	RR-02732-7
75	RR-02790-7
75	RR-02800-2
75	RR-03689-5
75	RR-03757-0
75	RR-03759-2
75	RR-03761-6
75	RR-03762-7
75	RR-03764-9
75	RR-03765-0
75	RR-03820-0
75	RR-04012-0
75	RR-04015-3
75	RR-04020-0
75	RR-04026-6
75	RR-04027-7
75	RR-04032-4
75	RR-04062-0
75	RR-04091-5
75	RR-04196-3
75	RR-04210-4
75	RR-04210-4
75	RR-04237-5
75	RR-04522-7
75	RR-04547-6
75	RR-04552-3
75	RR-04611-7
75	RR-04677-5
75	RR-04797-2
75	RR-04817-9
75	RR-04924-1
75	RR-04925-2
75	RR-04927-4
75	RR-04929-6
75	RR-04932-1
75	RR-04934-3
75	RR-04936-5
75	RR-04938-7
75	RR-04939-8
75	RR-04940-1
75	RR-04941-2
75	RR-04944-5
75	RR-04945-6
75	RR-04946-7
75	RR-04947-8
75	RR-04948-9
75	RR-04949-0
75	RR-04950-3
75	RR-04952-5
75	RR-04953-6
75	RR-04954-7
75	RR-04955-8
75	RR-04956-9
75	RR-04957-0
75	RR-04958-1
75	RR-04959-2
75	RR-04960-5
75	RR-04961-6
75	RR-04962-7
75	RR-04963-8
75	RR-04964-9
75	RR-04965-0
75	RR-04968-3
75	RR-04969-4
75	RR-04970-7
75	RR-04972-9
75	RR-04974-1
75	RR-04975-2
75	RR-04977-4
75	RR-04978-5
75	RR-04979-6
75	RR-04980-9
75	RR-04982-1
75	RR-04983-2
75	RR-04984-3
75	RR-04985-4
75	RR-04986-5
75	RR-04987-6
75	RR-04988-7
75	RR-04989-8
75	RR-04990-1
75	RR-04991-2
75	RR-04992-3
75	RR-04993-4
75	RR-04994-5
75	RR-04995-6
75	RR-04996-7
75	RR-04997-8
75	RR-04998-9
75	RR-04999-0
75	RR-05000-0
75	RR-05003-3
75	RR-05004-4
75	RR-05007-7
75	RR-05008-8
75	RR-05009-9
75	RR-05010-2
75	RR-05011-3
75	RR-05012-4
75	RR-05013-5
75	RR-05014-6
75	RR-05015-7
75	RR-05016-8
75	RR-05017-9
75	RR-05018-0
75	RR-05019-1
75	RR-05021-5
75	RR-05022-6
75	RR-05023-7
75	RR-05025-9
75	RR-05026-0
75	RR-05027-1
75	RR-05028-2
75	RR-05029-3
75	RR-05030-6
75	RR-05032-8
75	RR-05033-9
75	RR-05035-1
75	RR-05037-3
75	RR-05039-5
75	RR-05040-8
75	RR-05042-0
75	RR-05043-1
75	RR-05044-2
75	RR-05045-3
75	RR-05046-4
75	RR-05048-6
75	RR-05049-7
75	RR-05050-0
75	RR-05052-2
75	RR-05053-3
75	RR-05054-4
75	RR-05055-5
75	RR-05059-9
75	RR-05061-3
75	RR-05062-4
75	RR-05063-5
75	RR-05064-6
75	RR-05065-7
75	RR-05068-0
75	RR-05071-5
75	RR-05072-6
75	RR-05073-7
75	RR-05076-0
75	RR-05077-1
75	RR-05079-3
75	RR-05080-6
75	RR-05083-9
75	RR-05085-1
75	RR-05087-3
75	RR-05088-4
75	RR-05092-0
75	RR-05093-1
75	RR-05094-2
75	RR-05095-3
75	RR-05098-6
75	RR-05099-7
75	RR-05100-3
75	RR-05101-4
75	RR-05103-6
75	RR-05104-7
75	RR-05105-8
75	RR-05106-9
75	RR-05108-1
75	RR-05110-5
75	RR-05111-6
75	RR-05112-7
75	RR-05113-8
75	RR-05114-9
75	RR-05119-4
75	RR-05120-7
75	RR-05121-8
75	RR-05122-9
75	RR-05123-0
75	RR-05127-4
75	RR-05129-6
75	RR-06640-0
75	RR-06711-8
75	RR-06762-9
75	RR-06942-1
75	RR-06956-7
75	RR-06958-9
75	RR-06960-3
75	RR-06961-4
75	RR-06962-5
75	RR-06967-0
75	RR-06971-6
75	RR-06973-8
75	RR-06974-9
75	RR-06975-0
75	RR-06976-1
75	RR-06982-9
75	RR-06986-3
75	RR-06987-4
75	RR-06989-6
75	RR-06990-9
75	RR-06998-7
75	RR-07010-0
75	RR-07015-5
75	RR-07016-6
75	RR-07021-3
75	RR-07022-4
75	RR-07023-5
75	RR-07025-7
75	RR-07026-8
75	RR-07027-9
75	RR-07028-0
75	RR-07030-4
75	RR-07034-8
75	RR-07035-9
75	RR-07036-0
75	RR-07038-2
75	RR-07046-2
75	RR-07047-3
75	RR-07048-4
75	RR-07052-0
75	RR-07053-1
75	RR-07054-2
75	RR-07055-3
75	RR-07056-4
75	RR-07058-6
75	RR-07059-7
75	RR-07063-3
75	RR-07064-4
75	RR-07066-6
75	RR-07067-7
75	RR-07069-9
75	RR-07072-4
75	RR-07074-6
75	RR-07076-8
75	RR-07077-9
75	RR-07079-1
75	RR-07080-4
75	RR-07081-5
75	RR-07083-7
75	RR-07084-8
75	RR-07193-2
75	RR-07194-3
75	RR-07194-3
75	RR-07288-8
75	RR-07313-2
75	RR-07760-1
75	RR-07764-5
75	RR-09702-9
75	RR-09703-0
75	RR-10012-9
75	RR-100836-2
75	RR-100837-3
75	RR-100838-4
75	RR-100839-5
75	RR-10387-7
75	RR-10388-8
75	RR-10389-9
75	RR-10463-2
75	RR-10662-7
75	RR-10694-5
75	RR-10799-3
75	RR-10803-2
75	RR-10875-8
75	RR-10888-3
75	RR-10942-2
75	RR-10956-8
75	RR-11119-3
75	RR-11146-6
75	RR-11147-7
75	RR-11148-8
75	RR-11151-3
75	RR-11152-4
75	RR-11170-6
75	RR-11171-7
75	RR-11265-2
75	RR-11276-5
75	RR-11283-4
75	RR-11291-4
75	RR-11301-9
75	RR-11313-3
75	RR-11321-3
75	RR-11341-7
75	RR-11354-2
75	RR-113715-1
75	RR-11394-0
75	RR-11396-2
75	RR-114259-2
75	RR-11517-3
75	RR-115560-8
75	RR-11597-9
75	RR-11607-4
75	RR-11609-6
75	RR-11655-2
75	RR-11676-7
75	RR-11710-2
75	RR-11714-6
75	RR-11720-4
75	RR-11725-9
75	RR-11727-1
75	RR-11746-4
75	RR-11750-0
75	RR-11757-7
75	RR-11759-9
75	RR-11871-8
75	RR-11876-3
75	RR-11877-4
75	RR-11898-9
75	RR-120898-6
75	RR-12107-3
75	RR-122532-7
75	RR-123234-4
75	RR-123349-4
75	RR-123350-7
75	RR-123351-8
75	RR-12396-6
75	RR-12442-5
75	RR-12446-9
75	RR-12534-8
75	RR-12535-9
75	RR-12618-1
75	RR-12622-7
75	RR-12626-1
75	RR-12634-1
75	RR-12718-4
75	RR-12719-5
75	RR-12722-0
75	RR-12723-1
75	RR-127564-5
75	RR-127565-6
75	RR-127566-7
75	RR-127567-8
75	RR-127570-3
75	RR-127571-4
75	RR-127619-3
75	RR-127620-6
75	RR-127621-7
75	RR-127622-8
75	RR-127623-9
75	RR-127624-0
75	RR-127679-5
75	RR-127680-8
75	RR-127681-9
75	RR-127682-0
75	RR-127683-1
75	RR-127684-2
75	RR-127685-3
75	RR-127686-4
75	RR-127687-5
75	RR-127688-6
75	RR-128399-4
75	RR-128514-9
75	RR-129696-4
75	RR-129754-7
75	RR-13035-8
75	RR-13216-1
75	RR-13297-8
75	RR-135707-9
75	RR-13660-7
75	RR-14098-7
75	RR-142034-4
75	RR-14249-4
75	RR-142560-1
75	RR-14263-2
75	RR-14283-6
75	RR-145630-0
75	RR-145682-2
75	RR-145683-3
75	RR-145684-4
75	RR-145685-5
75	RR-145860-2
75	RR-145866-8
75	RR-145869-1
75	RR-145946-7
75	RR-146072-6
75	RR-146498-8
75	RR-146499-9
75	RR-14736-4
75	RR-14741-1
75	RR-14783-1
75	RR-14866-3
75	RR-14872-1
75	RR-14981-5
75	RR-153040-1
75	RR-15431-4
75	RR-15850-9
75	RR-15936-4
75	RR-16517-3
75	RR-165218-2
75	RR-16541-3
75	RR-16559-3
75	RR-16560-6
75	RR-16561-7
75	RR-16572-0
75	RR-165809-9
75	RR-165871-5
75	RR-16610-9
75	RR-16613-2
75	RR-16628-9
75	RR-16631-4
75	RR-16634-7
75	RR-16644-9
75	RR-16653-0
75	RR-16656-3
75	RR-16682-5
75	RR-16693-8
75	RR-16714-6
75	RR-16717-9
75	RR-16734-0
75	RR-16746-4
75	RR-16800-3
75	RR-16801-4
75	RR-16810-5
75	RR-16811-6
75	RR-168954-9
75	RR-16932-4
75	RR-16974-4
75	RR-17014-9
75	RR-17016-1
75	RR-17018-3
75	RR-17028-5
75	RR-17047-8
75	RR-17049-0
75	RR-17083-2
75	RR-17145-9
75	RR-171582-8
75	RR-171583-9
75	RR-17168-6
75	RR-17173-3
75	RR-17222-5
75	RR-17241-8
75	RR-17255-4
75	RR-17256-5
75	RR-17268-9
75	RR-17276-9
75	RR-17297-4
75	RR-17302-4
75	RR-17306-8
75	RR-17308-0
75	RR-17425-4
75	RR-17543-9
75	RR-17557-5
75	RR-17562-2
75	RR-17563-3
75	RR-17568-8
75	RR-17668-1
75	RR-17712-8
75	RR-17714-0
75	RR-17715-1
75	RR-17716-2
75	RR-17717-3
75	RR-17718-4
75	RR-17723-1
75	RR-178343-3
75	RR-178348-8
75	RR-18028-9
75	RR-18045-0
75	RR-18050-7
75	RR-18054-1
75	RR-18109-9
75	RR-18124-8
75	RR-18135-1
75	RR-18207-0
75	RR-18219-4
75	RR-18220-7
75	RR-18256-9
75	RR-18266-1
75	RR-18302-8
75	RR-183061-1
75	RR-18312-0
75	RR-18350-6
75	RR-183556-9
75	RR-183610-8
75	RR-18378-8
75	RR-18387-9
75	RR-18436-1
75	RR-18445-2
75	RR-18448-5
75	RR-18522-8
75	RR-185487-1
75	RR-18595-5
75	RR-18621-0
75	RR-18632-3
75	RR-18638-9
75	RR-18741-7
75	RR-18761-1
75	RR-187714-1
75	RR-18786-0
75	RR-18801-2
75	RR-189150-5
75	RR-189151-6
75	RR-189153-8
75	RR-190043-2
75	RR-190266-5
75	RR-19231-4
75	RR-192711-3
75	RR-192712-4
75	RR-192793-1
75	RR-192911-9
75	RR-192912-0
75	RR-193200-9
75	RR-19328-2
75	RR-194036-9
75	RR-19628-1
75	RR-197909-5
75	RR-19907-5
75	RR-19918-8
75	RR-206935-4
75	RR-206936-5
75	RR-206937-6
75	RR-209165-8
75	RR-21008-2
75	RR-210851-2
75	RR-22865-9
75	RR-22866-0
75	RR-22867-1
75	RR-22868-2
75	RR-24169-0
75	RR-24293-3
75	RR-24352-7
75	RR-24354-9
75	RR-28402-6
75	RR-28551-8
75	RR-28596-1
75	RR-28690-8
75	RR-28751-4
75	RR-28789-8
75	RR-28827-7
75	RR-28915-6
75	RR-28942-9
75	RR-29040-4
75	RR-29354-9
75	RR-29495-1
75	RR-29525-0
75	RR-29526-1
75	RR-30195-1
75	RR-30322-0
75	RR-30371-9
75	RR-30385-5
75	RR-30464-3
75	RR-30465-4
75	RR-30479-0
75	RR-30480-3
75	RR-30481-4
75	RR-31090-7
75	RR-31155-7
75	RR-31813-8
75	RR-31950-6
75	RR-32772-0
75	RR-32933-9
75	RR-33045-0
75	RR-33219-4
75	RR-33228-5
75	RR-33239-8
75	RR-33356-2
75	RR-33359-5
75	RR-33608-3
75	RR-33657-2
75	RR-33658-3
75	RR-33682-3
75	RR-33876-1
75	RR-34608-7
75	RR-34653-2
75	RR-35224-9
75	RR-35401-8
75	RR-35957-9
75	RR-36767-9
75	RR-37334-2
75	RR-37537-1
75	RR-38927-5
75	RR-40980-3
75	RR-41021-9
75	RR-41296-4
75	RR-41296-4
75	RR-41297-5
75	RR-41418-6
75	RR-42002-0
75	RR-42008-6
75	RR-42039-3
75	RR-42082-6
75	RR-42171-6
75	RR-42176-1
75	RR-42177-2
75	RR-42178-3
75	RR-42178-3
75	RR-42178-3
75	RR-42178-3
75	RR-42178-3
75	RR-42180-7
75	RR-42180-7
75	RR-42180-7
75	RR-42183-0
75	RR-42183-0
75	RR-42187-4
75	RR-42187-4
75	RR-42199-8
75	RR-42236-6
75	RR-42413-5
75	RR-42416-8
75	RR-42516-1
75	RR-42528-5
75	RR-42529-6
75	RR-42594-5
75	RR-42595-6
75	RR-42596-7
75	RR-42599-0
75	RR-42610-8
75	RR-42612-0
75	RR-42616-4
75	RR-42621-1
75	RR-42622-2
75	RR-42623-3
75	RR-42625-5
75	RR-42628-8
75	RR-42630-2
75	RR-42631-3
75	RR-42632-4
75	RR-42638-0
75	RR-42655-1
75	RR-42662-0
75	RR-42759-8
75	RR-42793-0
75	RR-42805-7
75	RR-42851-3
75	RR-42882-0
75	RR-42906-1
75	RR-43137-8
75	RR-43138-9
75	RR-43139-0
75	RR-43140-3
75	RR-43141-4
75	RR-43143-6
75	RR-43144-7
75	RR-43146-9
75	RR-43149-2
75	RR-43150-5
75	RR-43152-7
75	RR-43153-8
75	RR-43154-9
75	RR-43156-1
75	RR-43157-2
75	RR-43158-3
75	RR-43159-4
75	RR-43160-7
75	RR-43161-8
75	RR-43164-1
75	RR-43165-2
75	RR-43166-3
75	RR-43167-4
75	RR-43168-5
75	RR-43169-6
75	RR-43170-9
75	RR-43174-3
75	RR-43175-4
75	RR-43180-1
75	RR-43182-3
75	RR-43187-8
75	RR-43188-9
75	RR-43189-0
75	RR-43190-3
75	RR-43191-4
75	RR-43192-5
75	RR-43193-6
75	RR-43194-7
75	RR-43216-6
75	RR-43217-7
75	RR-43218-8
75	RR-43220-2
75	RR-43221-3
75	RR-43222-4
75	RR-43729-6
75	RR-43729-6
75	RR-43729-6
75	RR-43729-6
75	RR-43733-2
75	RR-43765-0
75	RR-43765-0
75	RR-43827-7
75	RR-43833-5
75	RR-44401-9
75	RR-45114-9
75	RR-45115-0
75	RR-45228-8
75	RR-45229-9
75	RR-45343-0
75	RR-45490-0
75	RR-45492-2
75	RR-45494-4
75	RR-46222-6
75	RR-46223-7
75	RR-46224-8
75	RR-46225-9
75	RR-46226-0
75	RR-46227-1
75	RR-46259-9
75	RR-46260-2
75	RR-46261-3
75	RR-46599-6
75	RR-47159-0
75	RR-48074-0
75	RR-48075-1
75	RR-48323-8
75	RR-49566-9
75	RR-49567-0
75	RR-50131-5
75	RR-50263-6
75	RR-50268-1
75	RR-50427-8
75	RR-50428-9
75	RR-50499-4
75	RR-51068-9
75	RR-51201-6
75	RR-51423-8
75	RR-51424-9
75	RR-51425-0
75	RR-51426-1
75	RR-51427-2
75	RR-51428-3
75	RR-51429-4
75	RR-51430-7
75	RR-51432-9
75	RR-51433-0
75	RR-51434-1
75	RR-51435-2
75	RR-51436-3
75	RR-51437-4
75	RR-51438-5
75	RR-51439-6
75	RR-51440-9
75	RR-51442-1
75	RR-51443-2
75	RR-51444-3
75	RR-51445-4
75	RR-51446-5
75	RR-51447-6
75	RR-51448-7
75	RR-51449-8
75	RR-51450-1
75	RR-51452-3
75	RR-51453-4
75	RR-51454-5
75	RR-51455-6
75	RR-51456-7
75	RR-51457-8
75	RR-51458-9
75	RR-51459-0
75	RR-51460-3
75	RR-51461-4
75	RR-51462-5
75	RR-51463-6
75	RR-51464-7
75	RR-51465-8
75	RR-51466-9
75	RR-51467-0
75	RR-51468-1
75	RR-51471-6
75	RR-51472-7
75	RR-51473-8
75	RR-51474-9
75	RR-51475-0
75	RR-51476-1
75	RR-51477-2
75	RR-51478-3
75	RR-51479-4
75	RR-51480-7
75	RR-51481-8
75	RR-51482-9
75	RR-51483-0
75	RR-51484-1
75	RR-51485-2
75	RR-51486-3
75	RR-51487-4
75	RR-51488-5
75	RR-51489-6
75	RR-51490-9
75	RR-51491-0
75	RR-51492-1
75	RR-51493-2
75	RR-51494-3
75	RR-51495-4
75	RR-51496-5
75	RR-51497-6
75	RR-51498-7
75	RR-51499-8
75	RR-51500-4
75	RR-51501-5
75	RR-51502-6
75	RR-51503-7
75	RR-51504-8
75	RR-51509-3
75	RR-51510-6
75	RR-51511-7
75	RR-51512-8
75	RR-51556-0
75	RR-51558-2
75	RR-51559-3
75	RR-51561-7
75	RR-51562-8
75	RR-51563-9
75	RR-51564-0
75	RR-51565-1
75	RR-51566-2
75	RR-51567-3
75	RR-51568-4
75	RR-51577-5
75	RR-51578-6
75	RR-51579-7
75	RR-51580-0
75	RR-51581-1
75	RR-51582-2
75	RR-51583-3
75	RR-51584-4
75	RR-51585-5
75	RR-51586-6
75	RR-51587-7
75	RR-51588-8
75	RR-51589-9
75	RR-51590-2
75	RR-51591-3
75	RR-51592-4
75	RR-53129-3
75	RR-53130-6
75	RR-54368-0
75	RR-54518-6
75	RR-54520-0
75	RR-54521-1
75	RR-54522-2
75	RR-54567-5
75	RR-54568-6
75	RR-54569-7
75	RR-54612-3
75	RR-54614-5
75	RR-54615-6
75	RR-54616-7
75	RR-54617-8
75	RR-54624-7
75	RR-54762-6
75	RR-54763-7
75	RR-54764-8
75	RR-54765-9
75	RR-54766-0
75	RR-54767-1
75	RR-54768-2
75	RR-54769-3
75	RR-54770-6
75	RR-54771-7
75	RR-54772-8
75	RR-54773-9
75	RR-54774-0
75	RR-54775-1
75	RR-54776-2
75	RR-54777-3
75	RR-54778-4
75	RR-54779-5
75	RR-54780-8
75	RR-54781-9
75	RR-54783-1
75	RR-54784-2
75	RR-54785-3
75	RR-54786-4
75	RR-54787-5
75	RR-54790-0
75	RR-54791-1
75	RR-54792-2
75	RR-54793-3
75	RR-54794-4
75	RR-54795-5
75	RR-54796-6
75	RR-54798-8
75	RR-54799-9
75	RR-54800-5
75	RR-54801-6
75	RR-54803-8
75	RR-54804-9
75	RR-54805-0
75	RR-54806-1
75	RR-54807-2
75	RR-54808-3
75	RR-54810-7
75	RR-54813-0
75	RR-54814-1
75	RR-54815-2
75	RR-54820-9
75	RR-54821-0
75	RR-54822-1
75	RR-54823-2
75	RR-54824-3
75	RR-54825-4
75	RR-54826-5
75	RR-54827-6
75	RR-54828-7
75	RR-54830-1
75	RR-54831-2
75	RR-54832-3
75	RR-54834-5
75	RR-54835-6
75	RR-54836-7
75	RR-54837-8
75	RR-54838-9
75	RR-54839-0
75	RR-54840-3
75	RR-54841-4
75	RR-54842-5
75	RR-54843-6
75	RR-54844-7
75	RR-54845-8
75	RR-54846-9
75	RR-54847-0
75	RR-54849-2
75	RR-54850-5
75	RR-54851-6
75	RR-54852-7
75	RR-54853-8
75	RR-54854-9
75	RR-54855-0
75	RR-54856-1
75	RR-54857-2
75	RR-55401-8
75	RR-55480-3
75	RR-55803-2
75	RR-55830-5
75	RR-55831-6
75	RR-56254-9
75	RR-56256-1
75	RR-56263-0
75	RR-56351-9
75	RR-56357-5
75	RR-57604-5
75	RR-57605-6
75	RR-58667-4
75	RR-58670-9
75	RR-58673-2
75	RR-58674-3
75	RR-58675-4
75	RR-58677-6
75	RR-58678-7
75	RR-58681-2
75	RR-58682-3
75	RR-58686-7
75	RR-58687-8
75	RR-58688-9
75	RR-58689-0
75	RR-58690-3
75	RR-58785-9
75	RR-58786-0
75	RR-59573-3
75	RR-59758-0
75	RR-59941-7
75	RR-59999-5
75	RR-60000-0
75	RR-60001-1
75	RR-60002-2
75	RR-60004-4
75	RR-60006-6
75	RR-60007-7
75	RR-60008-8
75	RR-60009-9
75	RR-60010-2
75	RR-60011-3
75	RR-60012-4
75	RR-60014-6
75	RR-60015-7
75	RR-60018-0
75	RR-60019-1
75	RR-60020-4
75	RR-60021-5
75	RR-60024-8
75	RR-60025-9
75	RR-60059-9
75	RR-60084-0
75	RR-60222-2
75	RR-63046-6
75	RR-63047-7
75	RR-63049-9
75	RR-63050-2
75	RR-63051-3
75	RR-63064-8
75	RR-63450-4
75	RR-63470-8
75	RR-63471-9
75	RR-63472-0
75	RR-63473-1
75	RR-63474-2
75	RR-63475-3
75	RR-63476-4
75	RR-63477-5
75	RR-63478-6
75	RR-63479-7
75	RR-63480-0
75	RR-63481-1
75	RR-63482-2
75	RR-63483-3
75	RR-63484-4
75	RR-63485-5
75	RR-63488-8
75	RR-63489-9
75	RR-63490-2
75	RR-63491-3
75	RR-63492-4
75	RR-63493-5
75	RR-63498-0
75	RR-63499-1
75	RR-63502-9
75	RR-63503-0
75	RR-63506-3
75	RR-63507-4
75	RR-63510-9
75	RR-63511-0
75	RR-63514-3
75	RR-63515-4
75	RR-63516-5
75	RR-63517-6
75	RR-63518-7
75	RR-63519-8
75	RR-63520-1
75	RR-63521-2
75	RR-63524-5
75	RR-63525-6
75	RR-63526-7
75	RR-63527-8
75	RR-63539-2
75	RR-63540-5
75	RR-63541-6
75	RR-63542-7
75	RR-63543-8
75	RR-63544-9
75	RR-63545-0
75	RR-63546-1
75	RR-63547-2
75	RR-63548-3
75	RR-63549-4
75	RR-63550-7
75	RR-63551-8
75	RR-63554-1
75	RR-63555-2
75	RR-63556-3
75	RR-63557-4
75	RR-63558-5
75	RR-63559-6
75	RR-63560-9
75	RR-63561-0
75	RR-63562-1
75	RR-63563-2
75	RR-63564-3
75	RR-63565-4
75	RR-63566-5
75	RR-63567-6
75	RR-63568-7
75	RR-63569-8
75	RR-63570-1
75	RR-63571-2
75	RR-63574-5
75	RR-63575-6
75	RR-63576-7
75	RR-63577-8
75	RR-63578-9
75	RR-63579-0
75	RR-63580-3
75	RR-63581-4
75	RR-63582-5
75	RR-63583-6
75	RR-63584-7
75	RR-63585-8
75	RR-63586-9
75	RR-63587-0
75	RR-63588-1
75	RR-63589-2
75	RR-63590-5
75	RR-63591-6
75	RR-63592-7
75	RR-63593-8
75	RR-63596-1
75	RR-63597-2
75	RR-63598-3
75	RR-63599-4
75	RR-63600-0
75	RR-63601-1
75	RR-63602-2
75	RR-63603-3
75	RR-63604-4
75	RR-63605-5
75	RR-63606-6
75	RR-63607-7
75	RR-63608-8
75	RR-63609-9
75	RR-63610-2
75	RR-63611-3
75	RR-63612-4
75	RR-63613-5
75	RR-63614-6
75	RR-63615-7
75	RR-63616-8
75	RR-63617-9
75	RR-63618-0
75	RR-63619-1
75	RR-63620-4
75	RR-63621-5
75	RR-63622-6
75	RR-63623-7
75	RR-63624-8
75	RR-63625-9
75	RR-63626-0
75	RR-63627-1
75	RR-63628-2
75	RR-63629-3
75	RR-63630-6
75	RR-63631-7
75	RR-63632-8
75	RR-63633-9
75	RR-63634-0
75	RR-63635-1
75	RR-63636-2
75	RR-63637-3
75	RR-63640-8
75	RR-63641-9
75	RR-63642-0
75	RR-63643-1
75	RR-63646-4
75	RR-63647-5
75	RR-63648-6
75	RR-63649-7
75	RR-63650-0
75	RR-63651-1
75	RR-63656-6
75	RR-63657-7
75	RR-63658-8
75	RR-63659-9
75	RR-63662-4
75	RR-63663-5
75	RR-63668-0
75	RR-63669-1
75	RR-63670-4
75	RR-63671-5
75	RR-63672-6
75	RR-63673-7
75	RR-63678-2
75	RR-63679-3
75	RR-63682-8
75	RR-63683-9
75	RR-63684-0
75	RR-63685-1
75	RR-63688-4
75	RR-63689-5
75	RR-63696-4
75	RR-63697-5
75	RR-63702-5
75	RR-63703-6
75	RR-63704-7
75	RR-63705-8
75	RR-63706-9
75	RR-63707-0
75	RR-63708-1
75	RR-63709-2
75	RR-63718-3
75	RR-63719-4
75	RR-63724-1
75	RR-63725-2
75	RR-63730-9
75	RR-63731-0
75	RR-63736-5
75	RR-63737-6
75	RR-63740-1
75	RR-63741-2
75	RR-63742-3
75	RR-63743-4
75	RR-63744-5
75	RR-63745-6
75	RR-63746-7
75	RR-63747-8
75	RR-63748-9
75	RR-63749-0
75	RR-63750-3
75	RR-63751-4
75	RR-63752-5
75	RR-63753-6
75	RR-64385-6
75	RR-64470-2
75	RR-66993-2
75	RR-66994-3
75	RR-66996-5
75	RR-81905-6
75	RR-87472-6
75	RR-87533-2
75	RR-87612-0
75	RR-88106-1
75	RR-88264-4
75	RR-89890-8
75	RR-90336-6
75	RR-93835-2
75	RR-93912-8
75	RR-95343-5
75	UN0076
75	UN0129
75	UN0143
75	UN1005
75	UN1008
75	UN1011
75	UN1016
75	UN1017
75	UN1037
75	UN1040
75	UN1045
75	UN1048
75	UN1050
75	UN1052
75	UN1061
75	UN1062
75	UN1063
75	UN1067
75	UN1070
75	UN1071
75	UN1075
75	UN1076
75	UN1079
75	UN1081
75	UN1085
75	UN1086
75	UN1088
75	UN1089
75	UN1090
75	UN1092
75	UN1093
75	UN1098
75	UN1100
75	UN1113
75	UN1114
75	UN1125
75	UN1128
75	UN1131
75	UN1134
75	UN1136
75	UN1143
75	UN1145
75	UN1148
75	UN1153
75	UN1154
75	UN1158
75	UN1160
75	UN1162
75	UN1163
75	UN1165
75	UN1171
75	UN1172
75	UN1173
75	UN1182
75	UN1184
75	UN1185
75	UN1188
75	UN1189
75	UN1190
75	UN1192
75	UN1193
75	UN1199
75	UN1202
75	UN1203
75	UN1208
75	UN1212
75	UN1218
75	UN1219
75	UN1220
75	UN1221
75	UN1230
75	UN1231
75	UN1238
75	UN1239
75	UN1243
75	UN1245
75	UN1247
75	UN1250
75	UN1267
75	UN1274
75	UN1275
75	UN1276
75	UN1279
75	UN1280
75	UN1292
75	UN1294
75	UN1295
75	UN1296
75	UN1297
75	UN1299
75	UN1301
75	UN1303
75	UN1307
75	UN1308
75	UN1309
75	UN1320
75	UN1328
75	UN1334
75	UN1338
75	UN1350
75	UN1358
75	UN1360
75	UN1361
75	UN1362
75	UN1381
75	UN1382
75	UN1385
75	UN1396
75	UN1400
75	UN1403
75	UN1410
75	UN1411
75	UN1415
75	UN1428
75	UN1431
75	UN1435
75	UN1436
75	UN1439
75	UN1444
75	UN1463
75	UN1484
75	UN1490
75	UN1492
75	UN1493
75	UN1504
75	UN1507
75	UN1545
75	UN1547
75	UN1553
75	UN1554
75	UN1558
75	UN1559
75	UN1561
75	UN1562
75	UN1566
75	UN1567
75	UN1570
75	UN1579
75	UN1580
75	UN1591
75	UN1593
75	UN1594
75	UN1595
75	UN1598
75	UN1599
75	UN1600
75	UN1604
75	UN1605
75	UN1611
75	UN1614
75	UN1616
75	UN1624
75	UN1648
75	UN1650
75	UN1653
75	UN1654
75	UN1662
75	UN1669
75	UN1674
75	UN1690
75	UN1692
75	UN1707
75	UN1708
75	UN1709
75	UN1710
75	UN1711
75	UN1715
75	UN1717
75	UN1723
75	UN1726
75	UN1727
75	UN1730
75	UN1731
75	UN1733
75	UN1736
75	UN1737
75	UN1738
75	UN1739
75	UN1741
75	UN1744
75	UN1748
75	UN1752
75	UN1754
75	UN1758
75	UN1764
75	UN1765
75	UN1775
75	UN1777
75	UN1778
75	UN1779
75	UN1783
75	UN1787
75	UN1788
75	UN1789
75	UN1790
75	UN1802
75	UN1805
75	UN1806
75	UN1807
75	UN1808
75	UN1809
75	UN1810
75	UN1811
75	UN1813
75	UN1814
75	UN1815
75	UN1818
75	UN1823
75	UN1824
75	UN1827
75	UN1830
75	UN1831
75	UN1832
75	UN1834
75	UN1836
75	UN1838
75	UN1839
75	UN1840
75	UN1846
75	UN1847
75	UN1848
75	UN1849
75	UN1860
75	UN1873
75	UN1885
75	UN1886
75	UN1888
75	UN1891
75	UN1894
75	UN1895
75	UN1897
75	UN1916
75	UN1917
75	UN1918
75	UN1919
75	UN1921
75	UN1932
75	UN1940
75	UN1969
75	UN1991
75	UN2008
75	UN2009
75	UN2014
75	UN2015
75	UN2022
75	UN2023
75	UN2029
75	UN2031
75	UN2032
75	UN2038
75	UN2048
75	UN2051
75	UN2052
75	UN2054
75	UN2055
75	UN2056
75	UN2073
75	UN2074
75	UN2076
75	UN2077
75	UN2079
75	UN2186
75	UN2197
75	UN2199
75	UN2201
75	UN2208
75	UN2210
75	UN2212
75	UN2213
75	UN2214
75	UN2215
75	UN2218
75	UN2219
75	UN2226
75	UN2227
75	UN2232
75	UN2245
75	UN2248
75	UN2249
75	UN2252
75	UN2257
75	UN2258
75	UN2259
75	UN2261
75	UN2262
75	UN2269
75	UN2270
75	UN2277
75	UN2281
75	UN2283
75	UN2289
75	UN2290
75	UN2291
75	UN2295
75	UN2296
75	UN2303
75	UN2312
75	UN2320
75	UN2331
75	UN2353
75	UN2357
75	UN2362
75	UN2372
75	UN2381
75	UN2382
75	UN2383
75	UN2389
75	UN2393
75	UN2395
75	UN2398
75	UN2401
75	UN2412
75	UN2416
75	UN2439
75	UN2440
75	UN2446
75	UN2447
75	UN2448
75	UN2457
75	UN2465
75	UN2468
75	UN2470
75	UN2471
75	UN2474
75	UN2477
75	UN2480
75	UN2491
75	UN2496
75	UN2507
75	UN2509
75	UN2511
75	UN2514
75	UN2515
75	UN2522
75	UN2525
75	UN2527
75	UN2531
75	UN2554
75	UN2565
75	UN2567
75	UN2570
75	UN2572
75	UN2574
75	UN2579
75	UN2581
75	UN2587
75	UN2590
75	UN2619
75	UN2627
75	UN2630
75	UN2644
75	UN2646
75	UN2647
75	UN2651
75	UN2656
75	UN2659
75	UN2669
75	UN2670
75	UN2672
75	UN2673
75	UN2684
75	UN2686
75	UN2692
75	UN2698
75	UN2699
75	UN2716
75	UN2725
75	UN2729
75	UN2740
75	UN2743
75	UN2750
75	UN2790
75	UN2796
75	UN2809
75	UN2815
75	UN2817
75	UN2818
75	UN2820
75	UN2834
75	UN2840
75	UN2858
75	UN2862
75	UN2865
75	UN2871
75	UN2874
75	UN2875
75	UN2876
75	UN2880
75	UN2947
75	UN2956
75	UN2967
75	UN2968
75	UN2984
75	UN3022
75	UN3079
75	UN3155
75	UN3241
75	UN3247
75	UN3250
75	UN3253
75	UN3284
75	UN3318
75	UN3344
75	UN3377
75	UN3410
75	UN3415
75	UN3421
75	UN3425
75	UN3430
75	UN3434
75	UN3437
75	UN3451
75	UN3452
75	UN3453
75	UN3454
75	UN3455
75	UN3463
75	UN3495
75	Y-87-0163
76	114057-15-7
76	15175-63-0
76	15175-77-6
76	33513-42-7
76	68-12-2
77	1053659-79-2
77	109-87-5
77	112068-71-0
77	1156543-56-4
77	1158237-02-5
77	116-25-6
77	1227476-28-9
77	126-11-4
77	140-95-4
77	1416946-65-0
77	14548-60-8
77	1609158-91-9
77	16228-00-5
77	1664-98-8
77	25035-71-6
77	26811-08-5
77	27636-82-4
77	30007-47-7
77	3586-55-8
77	39236-46-9
77	4080-31-3
77	444-27-9
77	50-00-0
77	51200-87-4
77	5395-50-6
77	6440-58-0
77	68002-18-6
77	68611-64-3
77	7747-35-5
77	78491-02-8
77	8005-38-7
77	8006-07-3
77	8013-13-6
77	9002-81-7
77	9003-08-1
77	9011-05-6
77	9065-13-8
77	RR-135714-8
77	RR-55455-2
78	RR-200604-4
79	21615-47-4
79	2923-26-4
79	307-24-4
79	3109-94-2
79	RR-159629-8
79	RR-166966-5
8	13029-09-9
8	13654-09-6
8	16400-50-3
8	16400-51-4
8	245657-57-2
8	27479-65-8
8	27753-52-2
8	27858-07-7
8	35194-78-6
8	36355-01-8
8	36355-01-8
8	38421-62-4
8	475200-12-5
8	49602-90-6
8	49602-91-7
8	51202-79-0
8	52276-49-0
8	53592-10-2
8	56307-79-0
8	57186-90-0
8	57422-77-2
8	59080-32-9
8	59080-33-0
8	59080-34-1
8	59080-35-2
8	59080-36-3
8	59080-37-4
8	59080-38-5
8	59080-39-6
8	59080-40-9
8	59536-65-1
8	59589-92-3
8	60044-24-8
8	60044-25-9
8	60108-72-7
8	64258-02-2
8	64258-03-3
8	66115-57-9
8	67774-32-7
8	67888-96-4
8	73141-48-7
8	74114-77-5
8	77102-82-0
8	77910-04-4
8	80274-92-6
8	81397-99-1
8	84303-45-7
8	855255-46-8
8	855255-51-5
8	855255-52-6
8	88700-05-4
8	915039-12-2
8	92-86-4
8	942505-32-0
8	942505-33-1
8	942505-34-2
8	942505-35-3
8	942505-36-4
8	945669-03-4
8	955955-53-0
8	96551-70-1
8	97038-95-4
8	97038-96-5
8	97038-97-6
8	97038-98-7
8	97063-75-7
8	RR-00086-2
8	RR-167525-8
80	127-19-5
81	2687-91-4
82	1000-28-8
82	100016-68-0
82	1000509-29-4
82	1000572-70-2
82	10008-97-6
82	1000859-51-7
82	10009-25-3
82	10010-93-2
82	1001557-05-6
82	100221-82-7
82	100221-83-8
82	100221-84-9
82	100221-85-0
82	100234-24-0
82	100278-94-2
82	100279-02-5
82	100279-14-9
82	100279-91-2
82	100279-93-4
82	100280-10-2
82	100280-15-7
82	100280-24-8
82	100280-25-9
82	1003193-97-2
82	1003193-98-3
82	1003193-99-4
82	1003194-00-0
82	1003194-01-1
82	1003194-04-4
82	1003194-07-7
82	1003194-08-8
82	1003194-09-9
82	100331-01-9
82	100331-02-0
82	100331-08-6
82	100333-44-6
82	100333-46-8
82	100341-19-3
82	100341-24-0
82	100341-27-3
82	100341-42-2
82	100341-69-3
82	100341-71-7
82	100342-05-0
82	100342-07-2
82	100345-66-2
82	1003709-86-1
82	100427-76-7
82	100482-47-1
82	100482-54-0
82	100482-55-1
82	100482-56-2
82	100482-67-5
82	100482-86-8
82	1005-73-8
82	1005033-64-6
82	100508-28-9
82	100550-08-1
82	100550-09-2
82	100550-10-5
82	100550-11-6
82	1005771-59-4
82	1006-02-6
82	100603-63-2
82	100645-99-6
82	100646-00-2
82	100646-05-7
82	1006486-98-1
82	1006614-95-4
82	1006614-96-5
82	1006614-97-6
82	1006614-98-7
82	100664-15-1
82	100738-12-3
82	100811-91-4
82	100932-58-9
82	100991-78-4
82	100991-87-5
82	100991-88-6
82	101007-06-1
82	101030-73-3
82	101054-93-7
82	101061-05-6
82	1010786-64-7
82	10116-92-4
82	101182-89-2
82	101198-16-7
82	101221-68-5
82	101247-78-3
82	1012783-70-8
82	1012783-71-9
82	101316-90-9
82	101417-69-0
82	101417-71-4
82	1015420-87-7
82	101564-09-4
82	101564-50-5
82	1016160-78-3
82	1016637-15-2
82	1017237-71-6
82	1017237-78-3
82	1017277-36-9
82	1017281-31-0
82	101756-33-6
82	101831-93-0
82	101832-24-0
82	101832-26-2
82	101832-49-9
82	101832-50-2
82	101833-11-8
82	101833-13-0
82	101833-16-3
82	101834-51-9
82	101858-31-5
82	101858-32-6
82	10186-63-7
82	10186-64-8
82	10186-65-9
82	10186-66-0
82	101896-21-3
82	101896-22-4
82	101908-22-9
82	101913-70-6
82	101913-85-3
82	101913-86-4
82	101913-87-5
82	101913-88-6
82	101913-89-7
82	101913-90-0
82	101914-05-0
82	101914-06-1
82	101931-57-1
82	101931-58-2
82	101931-59-3
82	101931-60-6
82	101931-68-4
82	101932-18-7
82	101940-12-9
82	101947-16-4
82	101948-89-4
82	101952-35-6
82	101975-15-9
82	101976-62-9
82	102071-71-6
82	102116-03-0
82	102117-40-8
82	102129-07-7
82	102129-09-9
82	102129-14-6
82	102197-77-3
82	102206-46-2
82	102206-53-1
82	102206-82-6
82	10224-18-7
82	102259-70-1
82	102335-26-2
82	102367-00-0
82	102367-04-4
82	1023888-52-9
82	102390-98-7
82	1023972-12-4
82	1024003-30-2
82	102489-63-4
82	102489-64-5
82	102489-65-6
82	102489-70-3
82	10249-10-2
82	1025044-20-5
82	1025044-22-7
82	1025044-24-9
82	1025044-26-1
82	102579-26-0
82	102585-21-7
82	1026739-75-2
82	10271-35-9
82	10271-36-0
82	10271-37-1
82	102780-89-2
82	1030606-42-8
82	103082-67-3
82	103119-64-8
82	103188-04-1
82	103188-55-2
82	1031928-86-5
82	103217-78-3
82	103229-77-2
82	103229-89-6
82	103229-91-0
82	10325-10-7
82	10325-14-1
82	1033035-91-4
82	103305-01-7
82	10331-08-5
82	103321-11-5
82	1033630-69-1
82	1034681-41-8
82	103489-99-2
82	103547-54-2
82	103555-98-2
82	103573-07-5
82	1036029-24-9
82	103628-86-0
82	103634-36-2
82	1036375-28-6
82	103654-81-5
82	103697-21-8
82	10372-98-2
82	1038-66-0
82	103831-28-3
82	103831-29-4
82	103833-18-7
82	1040629-78-4
82	104075-36-7
82	104267-74-5
82	104290-39-3
82	104291-39-6
82	1043-50-1
82	104312-38-1
82	10444-89-0
82	104504-30-5
82	104554-44-1
82	104564-28-5
82	104568-24-3
82	104568-28-7
82	104568-29-8
82	104568-31-2
82	1046786-08-6
82	1046864-81-6
82	104698-09-1
82	104721-32-6
82	104725-00-0
82	104745-21-3
82	104780-70-3
82	10487-11-3
82	10493-43-3
82	104939-25-5
82	10495-86-0
82	105198-07-0
82	105311-66-8
82	10536-62-6
82	105416-14-6
82	10543-95-0
82	105462-77-9
82	105560-52-9
82	105579-92-8
82	105602-61-7
82	105602-69-5
82	105656-07-3
82	105681-94-5
82	105774-98-9
82	105923-37-3
82	105935-33-9
82	105936-30-9
82	105955-39-3
82	105988-39-4
82	1060-92-0
82	106036-82-2
82	106054-87-9
82	106065-05-8
82	1060801-98-0
82	1060802-44-9
82	106119-57-7
82	106203-17-2
82	106554-16-9
82	106693-00-9
82	106790-26-5
82	106796-59-2
82	106873-67-0
82	106873-68-1
82	106873-69-2
82	106877-15-0
82	106877-28-5
82	1069085-51-3
82	1069085-53-5
82	107070-94-0
82	107368-63-8
82	1075687-38-5
82	107650-06-6
82	1077-01-6
82	107812-05-5
82	1078142-10-5
82	1078712-88-5
82	1078715-61-3
82	107978-57-4
82	108026-36-4
82	1081782-31-1
82	108196-44-7
82	108427-52-7
82	108451-32-7
82	109065-55-6
82	109074-67-1
82	109134-39-6
82	109230-68-4
82	1092353-05-3
82	1092379-04-8
82	109296-89-1
82	109373-81-1
82	1095-77-8
82	1095-78-9
82	1097631-01-0
82	109799-66-8
82	109856-51-1
82	110035-58-0
82	110070-82-1
82	110086-60-7
82	1102-92-7
82	110254-90-5
82	110260-75-8
82	110388-02-8
82	110538-67-5
82	110570-84-8
82	110570-90-6
82	1105981-44-9
82	110676-15-8
82	1107-00-2
82	11070-66-9
82	110719-85-2
82	110719-86-3
82	1109-15-5
82	110960-47-9
82	111144-99-1
82	111173-25-2
82	1113-69-5
82	111363-99-6
82	111364-00-2
82	111632-55-4
82	111736-89-1
82	111784-55-5
82	111864-94-9
82	111873-33-7
82	111918-97-9
82	112156-74-8
82	112641-20-0
82	1127427-64-8
82	1127427-75-1
82	112754-12-8
82	112754-13-9
82	112820-37-8
82	112972-61-9
82	112981-69-8
82	113089-67-1
82	113114-19-5
82	1132677-78-1
82	113304-06-6
82	113448-90-1
82	1135308-34-7
82	1135682-88-0
82	113584-32-0
82	113584-34-2
82	113584-36-4
82	113659-13-5
82	113659-16-8
82	1137162-24-3
82	1137678-56-8
82	113770-87-9
82	113798-74-6
82	113823-56-6
82	113933-98-5
82	113934-18-2
82	113999-54-5
82	113999-55-6
82	113999-61-4
82	114221-77-1
82	114221-78-2
82	114221-79-3
82	114262-65-6
82	1144512-18-4
82	1144512-34-4
82	1144512-35-5
82	1144512-36-6
82	114519-85-6
82	114611-60-8
82	114810-52-5
82	115-25-3
82	1150655-10-9
82	1151494-33-5
82	1151525-71-1
82	1152098-94-6
82	115249-34-8
82	115340-82-4
82	115340-94-8
82	115340-95-9
82	115340-96-0
82	115341-00-9
82	115416-67-6
82	115464-59-0
82	115479-06-6
82	115535-36-9
82	115585-00-7
82	115781-18-5
82	1158182-59-2
82	116-15-4
82	116089-50-0
82	116107-58-5
82	116177-47-0
82	116177-48-1
82	116177-54-9
82	1161917-33-4
82	1161941-02-1
82	116250-61-4
82	116265-66-8
82	1164461-08-8
82	116537-74-7
82	116584-43-1
82	1171-47-7
82	117146-18-6
82	117205-07-9
82	1173021-96-9
82	117374-31-9
82	117374-32-0
82	117374-33-1
82	117374-38-6
82	117374-41-1
82	1173788-87-8
82	117413-27-1
82	117516-09-3
82	117516-21-9
82	117543-54-1
82	117750-26-2
82	117806-54-9
82	117837-58-8
82	117844-18-5
82	1178899-18-7
82	117948-72-8
82	117948-74-0
82	117948-75-1
82	1180131-16-1
82	118334-94-4
82	118334-96-6
82	118337-75-0
82	118337-76-1
82	118337-77-2
82	118337-78-3
82	118360-70-6
82	1184-97-0
82	118400-71-8
82	118425-75-5
82	118454-01-6
82	1184850-50-7
82	118642-84-5
82	118675-71-1
82	118675-72-2
82	118675-73-3
82	118694-32-9
82	1187-93-5
82	1187440-14-7
82	118777-97-2
82	118826-52-1
82	118841-84-2
82	1189052-97-8
82	118914-93-5
82	118914-94-6
82	118945-64-5
82	118945-65-6
82	1189485-03-7
82	1190430-19-3
82	1190430-20-6
82	1190430-21-7
82	1190430-22-8
82	1190931-34-0
82	1190931-39-5
82	119107-96-9
82	119107-97-0
82	119131-05-4
82	119141-86-5
82	119141-87-6
82	119206-62-1
82	119229-99-1
82	1192593-79-5
82	119285-89-1
82	1193009-93-6
82	1193009-96-9
82	1193009-98-1
82	1193010-01-3
82	119398-75-3
82	119403-53-1
82	119403-54-2
82	119403-58-6
82	119438-11-8
82	119450-58-7
82	119450-66-7
82	119450-72-5
82	119489-67-7
82	119511-16-9
82	1195164-59-0
82	119534-79-1
82	119580-41-5
82	1198-63-6
82	1198-64-7
82	1198296-49-9
82	1198297-33-4
82	1198297-65-2
82	1198297-66-3
82	1198297-67-4
82	1198297-83-4
82	1198429-17-2
82	119895-70-4
82	119986-76-4
82	120030-78-6
82	1201-02-1
82	1201-31-6
82	120110-91-0
82	120123-05-9
82	120219-44-5
82	120219-46-7
82	120219-50-3
82	120226-60-0
82	120253-76-1
82	120464-26-8
82	120464-27-9
82	1204950-97-9
82	1204951-03-0
82	1205020-79-6
82	1206-46-8
82	120623-45-2
82	1206450-09-0
82	1206450-10-3
82	1206684-15-2
82	120674-92-2
82	1207299-71-5
82	1207299-78-2
82	1207462-13-2
82	1207481-10-4
82	1208080-59-4
82	120885-29-2
82	120895-92-3
82	1208950-63-3
82	120903-40-4
82	120945-47-3
82	121068-03-9
82	121103-97-7
82	121177-79-5
82	121190-46-3
82	1212077-14-9
82	121223-84-5
82	1212247-15-8
82	121247-90-3
82	121368-60-3
82	121465-74-5
82	1215851-50-5
82	121617-11-6
82	121618-17-5
82	1216879-97-8
82	121903-59-1
82	121912-23-0
82	121912-24-1
82	121912-25-2
82	121912-27-4
82	121924-88-7
82	121924-89-8
82	122076-00-0
82	1221157-06-7
82	1221157-07-8
82	1221681-75-9
82	122179-35-5
82	122193-68-4
82	122304-67-0
82	1223402-68-3
82	122590-97-0
82	1227002-18-7
82	1227308-85-1
82	1228093-93-3
82	122834-95-1
82	1228350-17-1
82	122998-72-5
82	123068-23-5
82	123085-30-3
82	123088-71-1
82	123116-17-6
82	123171-68-6
82	1233312-86-1
82	1233312-87-2
82	123359-45-5
82	1233879-48-5
82	1233879-49-6
82	123445-18-1
82	1234571-87-9
82	123524-58-3
82	123528-68-7
82	123613-18-3
82	123632-23-5
82	123665-83-8
82	123708-08-7
82	123768-18-3
82	1238137-65-9
82	123825-50-3
82	123825-52-5
82	123825-55-8
82	123973-25-1
82	124008-98-6
82	1240203-07-9
82	1240203-10-4
82	124051-55-4
82	124053-49-2
82	124206-97-9
82	124232-75-3
82	124389-29-3
82	1244062-14-3
82	1244062-15-4
82	1244062-16-5
82	1244062-17-6
82	1244062-18-7
82	124472-66-8
82	124472-68-0
82	1245601-26-6
82	1246525-60-9
82	124750-95-4
82	1248393-88-5
82	1248568-70-8
82	124921-25-1
82	124995-00-2
82	125009-58-7
82	125034-27-7
82	125061-94-1
82	125081-49-4
82	125162-61-0
82	125162-63-2
82	125328-29-2
82	1254468-15-9
82	125607-98-9
82	125635-85-0
82	125635-86-1
82	125640-21-3
82	125658-77-7
82	125660-00-6
82	125672-20-0
82	1257095-32-1
82	125768-41-4
82	125870-53-3
82	1259-35-4
82	1259056-68-2
82	1259487-19-8
82	126015-32-5
82	126049-00-1
82	126105-34-8
82	1262446-13-8
82	1262446-14-9
82	1262679-06-0
82	1262770-54-6
82	126323-49-7
82	1263361-02-9
82	1263361-03-0
82	1264198-78-8
82	1268707-97-6
82	126927-97-7
82	127003-77-4
82	1270179-82-2
82	1270179-93-5
82	1270180-02-3
82	1270180-04-5
82	127133-54-4
82	127133-57-7
82	127377-12-2
82	1274722-59-6
82	1276043-56-1
82	127733-47-5
82	127852-28-2
82	1279108-20-1
82	128032-22-4
82	128032-23-5
82	128720-26-3
82	1287702-46-8
82	1287702-47-9
82	1287702-48-0
82	1287702-50-4
82	128917-19-1
82	129051-93-0
82	129051-94-1
82	129257-23-4
82	129301-40-2
82	129301-42-4
82	129453-61-8
82	129498-18-6
82	129560-87-8
82	129560-95-8
82	129560-96-9
82	129560-98-1
82	129590-24-5
82	129783-45-5
82	129813-71-4
82	129846-67-9
82	129991-14-6
82	1300746-85-3
82	130114-31-7
82	130192-28-8
82	1303994-31-1
82	13057-08-4
82	130667-20-8
82	130676-81-2
82	1308677-14-6
82	1309378-06-0
82	13098-39-0
82	1310492-25-1
82	131118-41-7
82	131294-52-5
82	131294-67-2
82	1313024-90-6
82	13140-24-4
82	13140-25-5
82	13140-26-6
82	13140-35-7
82	131545-70-5
82	131545-71-6
82	131628-34-7
82	131651-65-5
82	13171-18-1
82	13173-36-9
82	131851-20-2
82	132114-64-8
82	132182-92-4
82	13221-71-1
82	13230-87-0
82	132424-36-3
82	132424-37-4
82	13252-13-6
82	13252-14-7
82	13252-15-8
82	13257-51-7
82	132673-98-4
82	132843-44-8
82	13285-40-0
82	133001-14-6
82	133299-41-9
82	133310-68-6
82	133310-69-7
82	133310-70-0
82	133310-71-1
82	133310-72-2
82	133310-73-3
82	133331-77-8
82	133377-48-7
82	133384-08-4
82	133391-64-7
82	1334419-24-7
82	1335014-68-0
82	1335496-60-0
82	1335496-61-1
82	133609-46-8
82	1337538-18-7
82	1338083-27-4
82	133911-24-7
82	133921-38-7
82	133964-60-0
82	134051-89-1
82	134051-90-4
82	134051-91-5
82	134051-92-6
82	134052-01-0
82	134052-02-1
82	13417-01-1
82	134330-88-4
82	134330-91-9
82	134330-92-0
82	134330-95-3
82	134380-80-6
82	1346175-94-7
82	134638-94-1
82	13485-61-5
82	135131-50-9
82	135131-53-2
82	135228-60-3
82	1353009-38-7
82	1353009-40-1
82	135339-05-8
82	135440-42-5
82	135462-71-4
82	1354703-21-1
82	135548-22-0
82	1355553-97-7
82	1355553-99-9
82	1355554-03-8
82	1355554-05-0
82	1355554-07-2
82	1355554-12-9
82	1355554-14-1
82	1355554-16-3
82	1355554-19-6
82	1355554-21-0
82	1355554-25-4
82	1355554-27-6
82	1355554-30-1
82	1355554-32-3
82	1355554-34-5
82	1355554-39-0
82	1355554-41-4
82	1355554-44-7
82	1355554-46-9
82	1355554-50-5
82	1355554-53-8
82	1355554-54-9
82	1355554-57-2
82	1355554-59-4
82	1355554-62-9
82	1355554-66-3
82	1355554-68-5
82	1355554-70-9
82	1355554-72-1
82	1355554-74-3
82	1355554-79-8
82	1355554-81-2
82	1355554-84-5
82	1355554-87-8
82	1355554-90-3
82	1355554-94-7
82	1355554-97-0
82	1355554-99-2
82	1355555-01-9
82	1355555-05-3
82	1355555-09-7
82	1355555-11-1
82	1355555-13-3
82	1355555-15-5
82	1355555-19-9
82	1355555-21-3
82	1355555-25-7
82	1355555-26-8
82	135588-58-8
82	135841-49-5
82	135984-67-7
82	135984-68-8
82	136022-83-8
82	136022-86-1
82	136022-87-2
82	136022-91-8
82	1361054-89-8
82	1361253-41-9
82	1363391-48-3
82	1365808-09-8
82	1365808-20-3
82	1366341-52-7
82	136772-44-6
82	136905-37-8
82	136909-72-3
82	136909-75-6
82	136909-80-3
82	136909-85-8
82	13695-31-3
82	1370345-78-0
82	137052-16-5
82	1374418-39-9
82	137506-19-5
82	1379454-92-8
82	1383437-42-0
82	13835-88-6
82	1383918-01-1
82	1384278-50-5
82	13845-92-6
82	13846-22-5
82	138472-76-1
82	138495-42-8
82	138781-42-7
82	139030-54-9
82	139060-76-7
82	139177-63-2
82	139177-64-3
82	139225-92-6
82	139226-05-4
82	1392881-17-2
82	1394041-81-6
82	139613-89-1
82	139613-90-4
82	13973-14-3
82	1401315-53-4
82	1401315-55-6
82	1401422-19-2
82	1401422-21-6
82	1401422-22-7
82	140160-19-6
82	140229-81-8
82	1402929-36-5
82	140369-64-8
82	1404193-88-9
82	1407514-44-6
82	140834-59-9
82	140834-64-6
82	141074-63-7
82	141183-94-0
82	141478-83-3
82	141478-89-9
82	14149-41-8
82	141496-31-3
82	141522-69-2
82	141635-73-6
82	1417316-15-4
82	141822-33-5
82	1419865-30-7
82	1419865-31-8
82	1419865-32-9
82	142010-49-9
82	142033-27-0
82	142083-52-1
82	1421688-36-9
82	1422-65-7
82	1422444-58-3
82	1423-20-7
82	142502-68-9
82	142502-76-9
82	1426840-85-8
82	1426894-99-6
82	1427-89-0
82	142706-74-9
82	1427176-16-6
82	1427176-17-7
82	1427176-19-9
82	1427176-20-2
82	1428569-15-6
82	1428569-18-9
82	1428569-19-0
82	1429188-77-1
82	143094-26-2
82	14318-61-7
82	1433216-34-2
82	1433216-39-7
82	1433216-51-3
82	1433216-60-4
82	143356-32-5
82	143457-82-3
82	143469-51-6
82	143582-62-1
82	143813-70-1
82	143837-48-3
82	144006-68-8
82	144031-01-6
82	1440968-21-7
82	1440968-23-9
82	1440968-24-0
82	1440968-37-5
82	1441382-30-4
82	144237-77-4
82	144317-44-2
82	1444474-83-2
82	144459-62-1
82	1446355-42-5
82	14477-72-6
82	1447923-23-0
82	144862-38-4
82	144862-39-5
82	144862-40-8
82	145327-73-7
82	145477-02-7
82	145510-87-8
82	145510-88-9
82	145510-89-0
82	145510-90-3
82	145663-05-4
82	145663-11-2
82	1456734-51-2
82	1456900-48-3
82	145876-00-2
82	146090-84-8
82	14620-81-6
82	146304-61-2
82	146304-71-4
82	146304-76-9
82	1463426-91-6
82	1463426-93-8
82	1463530-16-6
82	1463530-19-9
82	1463530-23-5
82	14650-24-9
82	146615-73-8
82	146689-46-5
82	14670-68-9
82	146955-22-8
82	1469980-27-5
82	147224-16-6
82	147224-17-7
82	147224-18-8
82	147224-19-9
82	1472634-24-4
82	147274-18-8
82	147290-12-8
82	147492-59-9
82	147545-41-3
82	147874-76-8
82	147916-77-6
82	147916-78-7
82	147916-81-2
82	147986-73-0
82	148043-73-6
82	148043-94-1
82	148192-46-5
82	148240-84-0
82	148240-85-1
82	148240-86-2
82	148240-87-3
82	148240-88-4
82	148240-89-5
82	148626-04-4
82	148684-79-1
82	1492-87-1
82	1493-13-6
82	149652-30-2
82	149724-40-3
82	149790-22-7
82	149838-19-7
82	149981-59-9
82	150135-57-2
82	150225-65-3
82	150333-62-3
82	150409-17-9
82	150409-18-0
82	150409-19-1
82	150618-42-1
82	150625-20-0
82	1512-02-3
82	1513863-82-5
82	151402-74-3
82	1515-05-5
82	1515-14-6
82	1516-64-9
82	15166-00-4
82	15166-06-0
82	151686-30-5
82	1516879-68-7
82	1516885-18-9
82	151707-03-8
82	151707-04-9
82	151772-58-6
82	151772-59-7
82	152076-35-2
82	152128-75-1
82	152192-93-3
82	152220-76-3
82	152286-25-4
82	15242-17-8
82	1526-49-4
82	152682-85-4
82	152718-74-6
82	152751-60-5
82	152894-10-5
82	15290-77-4
82	152914-73-3
82	153273-32-6
82	153273-33-7
82	153296-01-6
82	153325-45-2
82	153339-13-0
82	153463-21-9
82	153817-18-6
82	153910-97-5
82	153910-98-6
82	154159-07-6
82	15435-88-8
82	154375-43-6
82	154381-51-8
82	154478-86-1
82	154478-87-2
82	1545-59-1
82	15453-08-4
82	15453-10-8
82	1546-95-8
82	154628-00-9
82	154628-01-0
82	1547-26-8
82	1547-36-0
82	154717-36-9
82	15498-45-0
82	1550-50-1
82	1557087-30-5
82	15577-26-1
82	1559-07-5
82	15622-57-8
82	156294-55-2
82	156465-44-0
82	156575-40-5
82	15715-47-6
82	15720-98-6
82	15739-82-9
82	15742-62-8
82	1574401-92-5
82	157584-47-9
82	158018-93-0
82	158018-94-1
82	15811-52-6
82	158118-01-5
82	158148-63-1
82	1582-32-7
82	1583-97-7
82	1583-98-8
82	1584-00-5
82	1584-03-8
82	158607-41-1
82	158658-62-9
82	1588522-06-8
82	15899-29-3
82	15899-31-7
82	159142-65-1
82	159241-92-6
82	159355-62-1
82	15959-98-5
82	15960-01-7
82	159752-92-8
82	1598-17-0
82	1600-71-1
82	160228-75-1
82	160336-09-4
82	160336-10-7
82	160336-17-4
82	160336-21-0
82	160402-15-3
82	160402-26-6
82	160460-03-7
82	160460-04-8
82	1604816-60-5
82	1604816-68-3
82	1604816-75-2
82	160498-33-9
82	1606997-39-0
82	1606997-40-3
82	1606997-41-4
82	1606997-42-5
82	160709-28-4
82	160709-33-1
82	1608112-33-9
82	1608112-34-0
82	1608112-35-1
82	1608112-36-2
82	1608112-37-3
82	1608112-38-4
82	1608112-39-5
82	1608112-40-8
82	16083-75-3
82	16083-76-4
82	16083-78-6
82	16083-79-7
82	16083-81-1
82	16083-87-7
82	160845-44-3
82	16090-14-5
82	160901-25-7
82	160965-19-5
82	160994-59-2
82	161075-23-6
82	161075-35-0
82	161075-39-4
82	1610931-26-4
82	1610931-27-5
82	1610931-28-6
82	161123-65-5
82	161212-10-8
82	161212-11-9
82	161212-12-0
82	161212-13-1
82	161212-14-2
82	161212-15-3
82	161212-17-5
82	161212-18-6
82	161212-19-7
82	161212-20-0
82	161212-21-1
82	161212-22-2
82	161212-23-3
82	161212-25-5
82	161212-26-6
82	161212-27-7
82	161212-28-8
82	161212-29-9
82	161261-13-8
82	1612778-34-3
82	1612778-37-6
82	1612778-39-8
82	1612778-40-1
82	1612778-41-2
82	1612778-42-3
82	161278-39-3
82	161278-45-1
82	1619-92-7
82	1620992-19-9
82	1621181-80-3
82	1622133-36-1
82	1622868-66-9
82	1623-05-8
82	162441-56-7
82	162567-79-5
82	163114-33-8
82	163702-05-4
82	163702-06-5
82	163702-07-6
82	163702-08-7
82	1637311-39-7
82	1644-11-7
82	1645298-12-9
82	1645850-46-9
82	1645852-09-0
82	1645852-10-3
82	1646594-71-9
82	1646599-70-3
82	164792-01-2
82	164796-44-5
82	164796-46-7
82	1648534-82-0
82	1648539-69-8
82	1648540-20-8
82	16486-94-5
82	16486-96-7
82	16500-37-1
82	1651-41-8
82	16517-11-6
82	165178-32-5
82	1652-60-4
82	165325-62-2
82	165457-57-8
82	165461-74-5
82	165618-97-3
82	165618-98-4
82	165618-99-5
82	165663-65-0
82	165951-17-7
82	165951-18-8
82	165951-19-9
82	1661005-79-3
82	16627-68-2
82	16627-71-7
82	167289-73-8
82	16753-33-6
82	167631-99-4
82	167641-85-2
82	168169-26-4
82	1682-78-6
82	168332-72-7
82	168632-11-9
82	168834-06-8
82	168920-97-6
82	1691-99-2
82	169213-94-9
82	169213-95-0
82	169289-58-1
82	169289-67-2
82	1692915-43-7
82	169331-74-2
82	1694-30-0
82	169477-62-7
82	170118-61-3
82	170424-64-3
82	170778-67-3
82	171182-86-8
82	171183-94-1
82	171184-15-9
82	171198-24-6
82	17165-55-8
82	17165-56-9
82	1717-50-6
82	171978-95-3
82	17202-41-4
82	172155-07-6
82	172287-15-9
82	172424-98-5
82	1726-50-7
82	172897-75-5
82	172916-27-7
82	17327-33-2
82	17329-79-2
82	1735-48-4
82	1735-87-1
82	17352-09-9
82	1737-33-3
82	174125-96-3
82	17425-25-1
82	174393-72-7
82	174495-83-1
82	174778-59-7
82	174778-60-0
82	17480-16-9
82	17526-97-5
82	17527-29-6
82	175607-87-1
82	17587-22-3
82	175905-36-9
82	1763-28-6
82	17631-67-3
82	17631-68-4
82	1765-48-6
82	1765-92-0
82	176590-84-4
82	1766-41-2
82	176676-70-3
82	1767-94-8
82	176702-71-9
82	176702-72-0
82	176702-73-1
82	176702-74-2
82	176702-75-3
82	176702-76-4
82	176719-69-0
82	1771743-29-3
82	17741-60-5
82	177484-43-4
82	178094-69-4
82	178167-72-1
82	178167-73-2
82	178167-74-3
82	178233-67-5
82	178535-22-3
82	178535-23-4
82	179005-06-2
82	179005-07-3
82	17978-75-5
82	17978-76-6
82	17978-77-7
82	1799-52-6
82	1799-84-4
82	1799-92-4
82	1800-91-5
82	18017-22-6
82	18017-31-7
82	18024-09-4
82	1805-22-7
82	180582-79-0
82	180748-44-1
82	1807944-82-6
82	181042-39-7
82	181044-06-4
82	181059-73-4
82	181214-74-4
82	181214-75-5
82	1812247-17-8
82	1812247-18-9
82	1812247-19-0
82	1812247-20-3
82	1814-80-8
82	181765-99-1
82	182130-12-7
82	182130-14-9
82	182130-15-0
82	182243-54-5
82	182505-69-7
82	182700-79-4
82	1828-40-6
82	183146-60-3
82	18323-96-1
82	18323-97-2
82	18323-98-3
82	1835249-87-0
82	1835250-28-6
82	1835250-47-9
82	1835251-22-3
82	1835251-91-6
82	1835251-92-7
82	1835251-99-4
82	1835252-00-0
82	1835252-03-3
82	1835252-07-7
82	1835255-18-9
82	1835255-24-7
82	1835255-25-8
82	1835255-38-3
82	183733-69-9
82	183873-54-3
82	183873-55-4
82	183873-56-5
82	183873-57-6
82	183997-46-8
82	1840-17-1
82	1841-46-9
82	184711-88-4
82	184783-37-7
82	185230-63-1
82	185701-88-6
82	186043-52-7
82	186043-67-4
82	186397-57-9
82	186406-48-4
82	186406-49-5
82	186599-45-1
82	186599-46-2
82	186599-47-3
82	1868-48-0
82	1868-86-6
82	1869-77-8
82	187039-77-6
82	18739-65-6
82	188034-84-6
82	188189-52-8
82	1882109-59-2
82	1882109-60-5
82	1882109-61-6
82	1882109-62-7
82	1882109-63-8
82	1882109-64-9
82	1882109-65-0
82	1882109-66-1
82	1882109-67-2
82	1882109-68-3
82	1882109-69-4
82	1882109-70-7
82	1882109-71-8
82	1882109-72-9
82	1882109-73-0
82	1882109-74-1
82	1882109-75-2
82	1882109-76-3
82	1882109-80-9
82	1882109-81-0
82	188298-09-1
82	188492-56-0
82	188534-35-2
82	188596-18-1
82	1887067-55-1
82	188838-46-2
82	189160-58-5
82	1892-03-1
82	189217-62-7
82	189237-57-8
82	1893-52-3
82	1895-26-7
82	190605-64-2
82	19106-89-9
82	19108-36-2
82	19108-37-3
82	19108-38-4
82	19116-61-1
82	1911606-13-7
82	19186-73-3
82	192662-29-6
82	193008-44-5
82	19430-93-4
82	194427-39-9
82	1946796-71-9
82	195047-10-0
82	19547-30-9
82	196316-34-4
82	196859-54-8
82	196932-95-3
82	19742-57-5
82	197963-86-3
82	1980039-46-0
82	1980054-34-9
82	1980076-48-9
82	1980786-99-9
82	198283-43-1
82	1992-91-2
82	19932-26-4
82	199530-73-9
82	1996-88-9
82	1997344-07-6
82	1998-53-4
82	1998-67-0
82	20015-46-7
82	20017-48-5
82	20017-49-6
82	20017-50-9
82	20017-51-0
82	20017-54-3
82	20017-56-5
82	200295-54-1
82	200295-55-2
82	200337-06-0
82	2008-06-2
82	200817-54-5
82	200817-55-6
82	200817-56-7
82	20084-49-5
82	20109-59-5
82	20116-32-9
82	20120-44-9
82	203200-76-4
82	203200-82-2
82	203201-05-2
82	203201-14-3
82	203302-98-1
82	203302-99-2
82	203303-00-8
82	203572-45-6
82	203743-03-7
82	204130-95-0
82	2043-47-2
82	204316-01-8
82	204922-38-3
82	2058-94-8
82	20583-66-8
82	2059-15-6
82	205926-51-8
82	206009-80-5
82	206009-81-6
82	2062-98-8
82	2069-86-5
82	2070-60-2
82	2070-70-4
82	207678-51-1
82	208721-05-5
82	2089109-04-4
82	2089109-05-5
82	2089109-06-6
82	2089109-54-4
82	2089109-55-5
82	2089109-56-6
82	2089109-57-7
82	2089109-58-8
82	2089109-59-9
82	2089109-60-2
82	20897-65-8
82	209482-18-8
82	210432-72-7
82	21049-36-5
82	21049-38-7
82	210491-04-6
82	21055-88-9
82	210896-25-6
82	210972-74-0
82	211254-73-8
82	211697-45-9
82	212013-54-2
82	212013-58-6
82	2127-74-4
82	213681-67-5
82	214196-02-8
82	214334-16-4
82	2144-53-8
82	2144-54-9
82	2145-68-8
82	2145-81-5
82	215094-37-4
82	215186-99-5
82	21581-82-8
82	2160-89-6
82	21600-78-2
82	216144-94-4
82	21615-47-4
82	216307-12-9
82	216389-85-4
82	216393-97-4
82	21652-58-4
82	21674-38-4
82	2170200-14-1
82	217474-47-0
82	217805-02-2
82	217805-03-3
82	217824-95-8
82	2192-60-1
82	219484-64-7
82	2195-67-7
82	219557-62-7
82	220075-01-4
82	220237-47-8
82	220237-52-5
82	220369-95-9
82	220426-92-6
82	220469-13-6
82	22052-84-2
82	220689-12-3
82	220713-85-9
82	221455-57-8
82	221455-61-4
82	221455-62-5
82	221455-63-6
82	221455-64-7
82	221455-67-0
82	221455-71-6
82	221455-72-7
82	221455-73-8
82	221466-77-9
82	2218-54-4
82	2222844-89-3
82	222716-67-8
82	2228360-94-7
82	22325-71-9
82	223260-92-2
82	223586-53-6
82	224790-87-8
82	224790-97-0
82	2250-98-8
82	2250081-67-3
82	2252-84-8
82	2261-99-6
82	2263-09-4
82	2264-03-1
82	226409-30-9
82	226575-14-0
82	2266-43-5
82	2266-82-2
82	226909-72-4
82	22715-45-3
82	2284-51-7
82	228569-98-0
82	229957-05-5
82	23069-32-1
82	231301-26-1
82	232267-34-4
82	23228-90-2
82	232587-50-7
82	23375-29-3
82	2340-84-3
82	234096-30-1
82	2342-07-6
82	234433-63-7
82	23453-64-7
82	2355-31-9
82	2355-57-9
82	2356-61-8
82	2357-60-0
82	235772-91-5
82	235775-93-6
82	2358-22-7
82	237738-71-5
82	2378-02-1
82	23790-49-0
82	23790-50-3
82	238098-26-5
82	238098-38-9
82	238403-51-5
82	238420-68-3
82	238420-80-9
82	239463-95-7
82	239463-96-8
82	2395-00-8
82	2396-14-7
82	2396-15-8
82	2396-16-9
82	2396-17-0
82	2396-19-2
82	2396-20-5
82	2396-21-6
82	2396-25-0
82	2396-26-1
82	239795-57-4
82	2398-75-6
82	2398-76-7
82	24010-46-6
82	240121-57-7
82	240129-21-9
82	240129-24-2
82	240129-40-2
82	240129-42-4
82	240408-96-2
82	240497-36-3
82	240801-56-3
82	241148-23-2
82	24120-17-0
82	24120-18-1
82	24120-19-2
82	2412595-98-1
82	24160-20-1
82	241806-75-7
82	242142-82-1
82	242812-05-1
82	243128-40-7
82	243128-41-8
82	243139-60-8
82	243139-62-0
82	243139-64-2
82	24345-51-5
82	243842-15-1
82	243977-25-5
82	24407-09-8
82	24429-61-6
82	24448-09-7
82	24520-19-2
82	245331-02-6
82	245331-40-2
82	245331-49-1
82	24564-77-0
82	246234-80-0
82	24690-53-7
82	247047-61-6
82	24768-65-8
82	24813-57-8
82	24924-36-5
82	24929-99-5
82	24962-65-0
82	2501-01-1
82	25061-59-0
82	25065-50-3
82	250738-42-2
82	250738-43-3
82	250738-44-4
82	250738-45-5
82	250738-46-6
82	25088-69-1
82	251099-16-8
82	25120-52-9
82	25212-05-9
82	252237-39-1
82	252237-40-4
82	25264-81-7
82	25268-77-3
82	252846-11-0
82	25291-17-2
82	253342-14-2
82	253605-71-9
82	25385-72-2
82	253873-70-0
82	254095-33-5
82	25431-45-2
82	254889-10-6
82	254889-67-3
82	25600-64-0
82	25628-08-4
82	25628-11-9
82	25642-11-9
82	25642-22-2
82	25684-89-3
82	25711-77-7
82	25962-44-1
82	25978-98-7
82	25979-02-6
82	2599-84-0
82	26131-32-8
82	261503-40-6
82	261503-44-0
82	261503-74-6
82	261503-82-6
82	261760-03-6
82	261778-38-5
82	26208-02-6
82	262617-19-6
82	26299-59-2
82	2641-34-1
82	264229-79-0
82	26446-59-3
82	2648-47-7
82	26564-96-5
82	26637-68-3
82	26649-23-0
82	26649-26-3
82	26650-08-8
82	26650-09-9
82	26650-10-2
82	26654-97-7
82	26655-00-5
82	267239-61-2
82	2673-15-6
82	26738-51-2
82	267648-90-8
82	26779-98-6
82	269394-08-3
82	2706-89-0
82	2706-90-3
82	2706-91-4
82	2707-72-4
82	2707-76-8
82	2708-03-4
82	2708-07-8
82	2708-54-5
82	2712-83-6
82	2712-85-8
82	27120-63-4
82	273735-34-5
82	273735-38-9
82	273735-43-6
82	273735-78-7
82	275820-27-4
82	27607-36-9
82	27607-42-7
82	27617-34-1
82	27619-94-9
82	27619-97-2
82	27639-98-1
82	277332-95-3
82	27744-59-8
82	27854-30-4
82	27854-31-5
82	27854-33-7
82	27905-45-9
82	2802-65-5
82	2806-15-7
82	2806-16-8
82	281189-83-1
82	283164-62-5
82	283172-09-8
82	28439-77-2
82	28501-21-5
82	28506-33-4
82	28523-86-6
82	2858589-78-1
82	28602-51-9
82	28677-00-1
82	287101-12-6
82	287391-07-5
82	28788-68-3
82	28793-36-4
82	288161-40-0
82	290827-94-0
82	29087-71-6
82	29214-37-7
82	2923-26-4
82	2923-93-5
82	2924-05-2
82	2926-44-5
82	2927-83-5
82	29311-67-9
82	29359-39-5
82	29420-49-3
82	29457-73-6
82	29514-94-1
82	2965-52-8
82	2966-54-3
82	2967-59-1
82	29680-98-6
82	296886-61-8
82	297175-71-4
82	29723-29-3
82	29723-32-8
82	29723-33-9
82	29763-53-9
82	29765-95-5
82	297730-93-9
82	29811-19-6
82	29819-73-6
82	29819-80-5
82	2991-50-6
82	2991-51-7
82	2991-52-8
82	299198-90-6
82	2993-85-3
82	2994-16-3
82	2994-71-0
82	29952-92-9
82	29971-79-7
82	299937-37-4
82	301211-06-3
82	3021-63-4
82	30295-51-3
82	30295-56-8
82	30320-26-4
82	30320-27-5
82	30320-28-6
82	30320-29-7
82	30334-69-1
82	30377-52-7
82	30377-53-8
82	30381-98-7
82	30389-25-4
82	304012-61-1
82	304435-60-7
82	304435-61-8
82	304458-19-3
82	304877-96-1
82	30556-86-6
82	3056-01-7
82	305848-92-4
82	305849-13-2
82	305849-27-8
82	306-91-2
82	306-92-3
82	306-94-5
82	306-95-6
82	306-98-9
82	30670-30-5
82	306935-66-0
82	306973-44-4
82	306973-47-7
82	306974-19-6
82	306974-28-7
82	306974-45-8
82	306974-63-0
82	306975-62-2
82	306975-84-8
82	306975-85-9
82	306976-22-7
82	306976-25-0
82	306976-55-6
82	306977-10-6
82	306977-58-2
82	306978-04-1
82	306978-65-4
82	306979-40-8
82	306980-27-8
82	307-08-4
82	307-29-9
82	307-30-2
82	307-31-3
82	307-34-6
82	307-35-7
82	307-36-8
82	307-37-9
82	307-40-4
82	307-45-9
82	307-46-0
82	307-49-3
82	307-51-7
82	307-55-1
82	307-59-5
82	307-62-0
82	307-70-0
82	307-71-1
82	307-78-8
82	307-87-9
82	307-93-7
82	307-96-0
82	307-98-2
82	30769-88-1
82	30769-91-6
82	308-13-4
82	308-24-7
82	308-26-9
82	308-28-1
82	308-45-2
82	308-48-5
82	309-88-6
82	3107-18-4
82	3107-32-2
82	3108-24-5
82	3109-94-2
82	311-89-7
82	31143-13-2
82	31164-13-3
82	31175-20-9
82	31176-88-2
82	31181-32-5
82	31185-53-2
82	31185-67-8
82	31185-68-9
82	31185-69-0
82	312-19-6
82	312-66-3
82	312-81-2
82	31200-98-3
82	312943-34-3
82	313-72-4
82	313366-93-7
82	31339-60-3
82	313535-73-8
82	314053-71-9
82	31430-72-5
82	31506-32-8
82	31506-34-0
82	316826-59-2
82	316827-33-5
82	317810-57-4
82	317817-24-6
82	320599-24-4
82	322392-46-1
82	322647-82-5
82	322647-83-6
82	32347-41-4
82	32477-35-3
82	325459-91-4
82	325459-92-5
82	32582-74-4
82	32582-75-5
82	325989-96-6
82	32609-65-7
82	32687-76-6
82	327176-80-7
82	327630-34-2
82	328016-16-6
82	328065-29-8
82	328065-54-9
82	328531-06-2
82	32937-02-3
82	329710-76-1
82	330154-39-7
82	33027-66-6
82	330548-64-6
82	330562-41-9
82	330562-42-0
82	330562-43-1
82	330562-44-2
82	331716-84-8
82	332031-88-6
82	332076-28-5
82	332076-33-2
82	332076-34-3
82	332079-07-9
82	332350-90-0
82	333-36-8
82	3330-14-1
82	3330-15-2
82	3330-16-3
82	3345-29-7
82	33496-48-9
82	33496-54-7
82	33496-55-8
82	335-10-4
82	335-14-8
82	335-24-0
82	335-27-3
82	335-35-3
82	335-36-4
82	335-42-2
82	335-54-6
82	335-57-9
82	335-60-4
82	335-65-9
82	335-66-0
82	335-71-7
82	335-77-3
82	335-83-1
82	335-93-3
82	335-95-5
82	335-97-7
82	335-99-9
82	336-07-2
82	336-08-3
82	336-23-2
82	336-30-1
82	336-32-3
82	336-53-8
82	336-59-4
82	336-60-7
82	336-61-8
82	336-62-9
82	336-64-1
82	336-65-2
82	337-83-7
82	337458-27-2
82	338-83-0
82	338-84-1
82	33843-69-5
82	340034-57-3
82	340034-61-9
82	340034-67-5
82	340036-47-7
82	340131-92-2
82	34111-24-5
82	34143-74-3
82	342889-38-7
82	34362-49-7
82	343627-66-7
82	343627-68-9
82	34395-24-9
82	344282-15-1
82	344282-18-4
82	34449-89-3
82	34451-25-7
82	34451-26-8
82	34451-28-0
82	34454-97-2
82	34454-99-4
82	34455-00-0
82	34455-03-3
82	34455-22-6
82	34455-29-3
82	34598-33-9
82	346-10-1
82	34642-43-8
82	34648-00-5
82	346637-99-8
82	347361-45-9
82	34761-47-2
82	34788-82-4
82	34839-44-6
82	35042-99-0
82	350608-55-8
82	350608-60-5
82	350608-65-0
82	351346-36-6
82	352538-84-2
82	353273-22-0
82	35328-43-9
82	354-33-6
82	354-76-7
82	354-88-1
82	354-92-7
82	354-96-1
82	354-97-2
82	355-02-2
82	355-03-3
82	355-04-4
82	355-08-8
82	355-17-9
82	355-22-6
82	355-25-9
82	355-27-1
82	355-28-2
82	355-30-6
82	355-34-0
82	355-37-3
82	355-38-4
82	355-42-0
82	355-46-4
82	355-47-5
82	355-49-7
82	355-63-5
82	355-66-8
82	355-68-0
82	355-74-8
82	355-75-9
82	355-77-1
82	355-80-6
82	355-81-7
82	355-84-0
82	355-86-2
82	355-88-4
82	355-90-8
82	355-91-9
82	355-93-1
82	355-95-3
82	355-98-6
82	355-99-7
82	355822-08-1
82	356-00-3
82	356-02-5
82	356-03-6
82	356-06-9
82	356-24-1
82	356-26-3
82	356-27-4
82	356-28-5
82	356-30-9
82	356-42-3
82	356-47-8
82	356-48-9
82	356-66-1
82	356-69-4
82	356-86-5
82	356056-16-1
82	356795-59-0
82	357-26-6
82	35709-14-9
82	35709-15-0
82	357604-65-0
82	358-21-4
82	359-70-6
82	359-71-7
82	359875-73-3
82	360-89-4
82	36096-97-6
82	36097-07-1
82	361532-17-4
82	36390-03-1
82	36390-05-3
82	36393-27-8
82	36405-47-7
82	3658-62-6
82	3658-63-7
82	36591-89-6
82	365971-87-5
82	36839-94-8
82	36839-95-9
82	36880-07-6
82	36885-31-1
82	36913-91-4
82	36915-03-4
82	36971-66-1
82	37013-72-2
82	37043-12-2
82	3709-70-4
82	3709-71-5
82	37172-87-5
82	371771-07-2
82	37360-98-8
82	37382-64-2
82	374-40-3
82	374-41-4
82	374-51-6
82	374-59-4
82	374-60-7
82	374-76-5
82	374-77-6
82	374-99-2
82	374551-53-8
82	374571-81-0
82	37486-69-4
82	375-00-8
82	375-01-9
82	375-02-0
82	375-03-1
82	375-04-2
82	375-14-4
82	375-17-7
82	375-20-2
82	375-21-3
82	375-22-4
82	375-53-1
82	375-62-2
82	375-72-4
82	375-73-5
82	375-81-5
82	375-82-6
82	375-83-7
82	375-84-8
82	375-92-8
82	375-94-0
82	375-96-2
82	375-97-3
82	37589-57-4
82	376-03-4
82	376-06-7
82	376-14-7
82	376-18-1
82	376-22-7
82	376-27-2
82	376-34-1
82	376-50-1
82	376-56-7
82	376-68-1
82	376-72-7
82	376-73-8
82	376-77-2
82	376-84-1
82	376-87-4
82	376-88-5
82	376-90-9
82	376-98-7
82	37626-13-4
82	376364-33-9
82	376380-66-4
82	376380-76-6
82	376382-61-5
82	376383-49-2
82	37696-83-6
82	37696-86-9
82	377-00-4
82	377-36-6
82	377-38-8
82	377-52-6
82	377-58-2
82	377-64-0
82	377-66-2
82	377-67-3
82	377-73-1
82	377-76-4
82	37759-76-5
82	37759-79-8
82	37759-88-9
82	378-03-0
82	378-08-5
82	378-17-6
82	378-34-7
82	378-75-6
82	378-77-8
82	378-98-3
82	37858-03-0
82	37858-04-1
82	37881-62-2
82	3792-02-7
82	3793-74-6
82	3794-64-7
82	382-10-5
82	382-26-3
82	382-28-5
82	382-31-0
82	3820-83-5
82	383-07-3
82	383145-46-8
82	383177-55-7
82	38392-11-9
82	384-04-3
82	38471-83-9
82	384828-82-4
82	384828-83-5
82	38565-52-5
82	38565-53-6
82	38565-54-7
82	386-84-5
82	3869-06-5
82	3871-50-9
82	3871-99-6
82	3872-25-1
82	38787-57-4
82	38787-60-9
82	38832-94-9
82	38850-52-1
82	38850-58-7
82	38850-60-1
82	38926-19-1
82	390410-82-9
82	3910-82-5
82	39108-34-4
82	391199-64-7
82	39186-68-0
82	39187-41-2
82	39187-47-8
82	391894-95-4
82	391895-07-1
82	39239-77-5
82	39239-79-7
82	3934-23-4
82	393582-59-7
82	393819-33-5
82	39492-88-1
82	39492-89-2
82	39492-90-5
82	39492-91-6
82	39847-37-5
82	39847-41-1
82	399026-30-3
82	400-57-7
82	40002-62-8
82	40143-76-8
82	40143-77-9
82	40143-78-0
82	40143-79-1
82	4021-47-0
82	40365-28-4
82	403656-89-3
82	40464-54-8
82	40573-09-9
82	406-58-6
82	406-78-0
82	40630-22-6
82	40630-61-3
82	40630-65-7
82	40677-94-9
82	4078-29-9
82	4089-57-0
82	4089-58-1
82	4089-61-6
82	41006-33-1
82	41123-44-8
82	41131-07-1
82	41358-63-8
82	41430-70-0
82	4151-50-2
82	41605-57-6
82	41605-60-1
82	41674-07-1
82	417715-98-1
82	4180-26-1
82	4192-05-6
82	41925-33-1
82	41997-13-1
82	42028-44-4
82	42060-64-0
82	42096-33-3
82	42108-79-2
82	422-03-7
82	422-05-9
82	422-61-7
82	422-63-9
82	422-64-0
82	423-01-8
82	423-02-9
82	423-22-3
82	423-41-6
82	423-43-8
82	423-46-1
82	423-47-2
82	423-50-7
82	423-54-1
82	423-56-3
82	423-65-4
82	423-66-5
82	423-82-5
82	423-86-9
82	423-88-1
82	4234-23-5
82	4236-15-1
82	42379-57-7
82	424-01-1
82	424-18-0
82	424-32-8
82	424-36-2
82	424-37-3
82	424-40-8
82	424-54-4
82	424-55-5
82	424-64-6
82	424-66-8
82	425-19-4
82	425-20-7
82	425-21-8
82	425-22-9
82	425-24-1
82	425-38-7
82	425-67-2
82	425-68-3
82	425-88-7
82	42532-60-5
82	42566-65-4
82	425670-64-0
82	426-64-2
82	426-65-3
82	428-59-1
82	429-18-5
82	42942-19-8
82	42977-21-9
82	431-63-0
82	4314-33-4
82	4314-37-8
82	4314-38-9
82	4314-39-0
82	4314-42-5
82	4314-49-2
82	432-08-6
82	443145-46-8
82	445258-02-6
82	445258-05-9
82	4454-57-3
82	446043-85-2
82	4472-70-2
82	44864-55-3
82	449177-94-0
82	45048-62-2
82	45102-52-1
82	45115-53-5
82	451456-30-7
82	45167-47-3
82	452080-67-0
82	45291-33-6
82	45298-90-6
82	45305-66-6
82	459415-06-6
82	464-14-2
82	464-21-1
82	464-35-7
82	467220-81-1
82	467220-84-4
82	470-73-5
82	474511-07-4
82	475630-76-3
82	475654-94-5
82	475678-78-5
82	47795-34-6
82	479029-28-2
82	4798-39-4
82	480438-48-0
82	48076-44-4
82	48077-33-4
82	48077-86-7
82	48077-95-8
82	484024-67-1
82	4943-06-0
82	496032-46-3
82	49676-56-4
82	496805-64-2
82	4980-53-4
82	49859-70-3
82	4998-38-3
82	499975-92-7
82	500218-22-4
82	500776-69-2
82	502457-69-4
82	50285-18-2
82	50285-19-3
82	503189-10-4
82	503189-11-5
82	503284-73-9
82	503287-56-7
82	503296-97-7
82	503297-86-7
82	503299-29-4
82	503299-50-1
82	503564-50-9
82	50428-19-8
82	504396-13-8
82	504435-11-4
82	505063-74-1
82	50598-28-2
82	50598-29-3
82	507225-08-3
82	507453-86-3
82	5081-02-7
82	508194-70-5
82	50836-65-2
82	50836-66-3
82	509072-42-8
82	51032-47-4
82	51035-20-2
82	510732-38-4
82	510732-48-6
82	510733-10-5
82	510734-75-5
82	510774-81-9
82	51114-06-8
82	51114-10-4
82	51114-12-6
82	51114-14-8
82	511271-19-5
82	51142-49-5
82	512179-48-5
82	51241-61-3
82	51249-66-2
82	51249-68-4
82	51249-69-5
82	51249-70-8
82	51294-16-7
82	51445-02-4
82	51502-43-3
82	51502-45-5
82	515152-55-3
82	515163-04-9
82	5158-52-1
82	51588-53-5
82	51800-99-8
82	518045-14-2
82	51814-65-4
82	518358-34-4
82	51851-37-7
82	52026-59-2
82	521069-00-1
82	52112-19-3
82	52299-24-8
82	52299-26-0
82	52299-27-1
82	52450-55-2
82	5246-95-7
82	524726-48-5
82	524726-49-6
82	524729-93-9
82	52481-85-3
82	52512-15-9
82	52584-45-9
82	52591-27-2
82	52700-35-3
82	52717-05-2
82	52717-06-3
82	52835-16-2
82	52956-81-7
82	52956-82-8
82	53122-42-2
82	53517-98-9
82	53580-21-5
82	5360-82-7
82	53638-09-8
82	53638-14-5
82	53749-64-7
82	53826-12-3
82	53826-13-4
82	54009-73-3
82	54009-77-7
82	54009-78-8
82	54009-79-9
82	54009-81-3
82	541514-85-6
82	54302-05-5
82	54326-26-0
82	54336-56-0
82	54336-60-6
82	54387-09-6
82	545359-89-5
82	54572-17-7
82	546063-97-2
82	54640-64-1
82	54733-33-4
82	54735-87-4
82	548479-70-5
82	54864-78-7
82	54949-74-5
82	54949-99-4
82	54950-04-8
82	54950-05-9
82	55003-96-8
82	55009-88-6
82	550301-92-3
82	550302-16-4
82	55120-77-9
82	55154-18-2
82	55181-17-4
82	55427-50-4
82	556050-48-7
82	55621-18-6
82	55621-21-1
82	55716-11-5
82	55756-24-6
82	55776-72-2
82	558-69-0
82	55847-13-7
82	559-11-5
82	559-14-8
82	559-37-5
82	559-40-0
82	559-91-1
82	559-92-2
82	559-94-4
82	559-96-6
82	559-99-9
82	55910-10-6
82	560-01-0
82	560-02-1
82	560092-29-7
82	5611-44-9
82	56112-35-7
82	563-09-7
82	56300-32-4
82	56347-79-6
82	56376-19-3
82	564-10-3
82	564-11-4
82	565-42-4
82	56523-43-4
82	56663-38-8
82	56689-47-5
82	56734-81-7
82	56773-42-3
82	56773-55-8
82	56773-56-9
82	56860-81-2
82	56927-83-4
82	57024-21-2
82	570420-18-7
82	57101-59-4
82	57216-75-8
82	572911-07-0
82	57325-40-3
82	57325-42-5
82	57325-44-7
82	57338-64-4
82	57338-65-5
82	57450-70-1
82	57475-95-3
82	5756-67-2
82	57565-55-6
82	57677-95-9
82	57677-97-1
82	57677-98-2
82	57677-99-3
82	57678-00-9
82	57678-01-0
82	57678-02-1
82	57678-03-2
82	57678-05-4
82	57678-07-6
82	57702-79-1
82	57912-15-9
82	58180-21-5
82	58194-00-6
82	582-00-3
82	5822-85-5
82	58244-27-2
82	58301-28-3
82	58431-33-7
82	58431-34-8
82	58431-35-9
82	58510-75-1
82	58621-71-9
82	58621-72-0
82	58671-28-6
82	58671-32-2
82	58671-35-5
82	58920-31-3
82	58935-89-0
82	58943-98-9
82	58979-41-2
82	59006-65-4
82	59071-10-2
82	59153-45-6
82	59158-81-5
82	594-91-2
82	595-00-6
82	595-26-6
82	59536-17-3
82	59587-38-1
82	59587-39-2
82	59727-25-2
82	59778-97-1
82	59852-65-2
82	60007-37-6
82	60023-26-9
82	60131-27-3
82	6014-75-1
82	60270-55-5
82	60308-66-9
82	60308-67-0
82	60453-92-1
82	60699-51-6
82	60839-98-7
82	60871-96-7
82	60934-65-8
82	609818-38-4
82	6104-17-2
82	6104-22-9
82	610800-34-5
82	61097-79-8
82	61097-96-9
82	61097-98-1
82	61098-00-8
82	61098-01-9
82	61282-83-5
82	61282-89-1
82	61282-91-5
82	6130-43-4
82	61324-27-4
82	61324-28-5
82	61324-29-6
82	61324-30-9
82	61436-04-2
82	6145-05-7
82	61553-62-6
82	615563-01-4
82	61577-14-8
82	61578-74-3
82	61589-64-8
82	61660-12-6
82	61726-43-0
82	61726-44-1
82	61726-45-2
82	61798-68-3
82	61798-69-4
82	61881-12-7
82	61881-15-0
82	6189-00-0
82	61894-06-2
82	61908-82-5
82	62037-80-3
82	62315-07-5
82	62315-14-4
82	62315-18-8
82	62361-02-8
82	62375-54-6
82	62512-90-7
82	62571-55-5
82	626201-15-8
82	62656-67-1
82	62656-72-8
82	62656-73-9
82	62656-74-0
82	62765-24-6
82	62773-05-1
82	627909-24-4
82	62880-93-7
82	62949-64-8
82	630045-89-5
82	63180-06-3
82	63225-54-7
82	63295-18-1
82	63295-20-5
82	63295-27-2
82	63295-28-3
82	63295-29-4
82	63369-94-8
82	63391-84-4
82	63654-40-0
82	63654-41-1
82	63664-52-8
82	6385-15-5
82	63863-43-4
82	63863-44-5
82	63967-41-9
82	63967-42-0
82	63967-46-4
82	6401-01-0
82	6401-02-1
82	6401-03-2
82	64028-06-4
82	64080-43-9
82	64264-44-4
82	64299-47-4
82	64346-90-3
82	64346-91-4
82	64376-86-9
82	64435-67-2
82	646-83-3
82	646-85-5
82	646063-05-0
82	647-12-1
82	647-42-7
82	647-60-9
82	647-78-9
82	647-91-6
82	64739-16-8
82	64773-44-0
82	64790-29-0
82	648-13-5
82	648-19-1
82	648-39-5
82	648-42-0
82	648-43-1
82	64910-98-1
82	64937-81-1
82	649561-66-0
82	650-58-8
82	65086-49-9
82	651-93-4
82	65104-64-5
82	65104-65-6
82	65104-66-7
82	65104-67-8
82	65150-88-1
82	65150-93-8
82	65150-95-0
82	65195-44-0
82	65240-03-1
82	65294-16-8
82	65345-91-7
82	65439-50-1
82	65440-93-9
82	65500-50-7
82	65530-55-4
82	65530-57-6
82	65530-58-7
82	65530-59-8
82	65530-60-1
82	65530-61-2
82	65530-62-3
82	65530-63-4
82	65530-64-5
82	65530-65-6
82	65530-66-7
82	65530-67-8
82	65530-68-9
82	65530-69-0
82	65530-70-3
82	65530-71-4
82	65530-72-5
82	65530-73-6
82	65530-74-7
82	65530-75-8
82	65530-76-9
82	65530-77-0
82	65530-78-1
82	65530-79-2
82	65530-80-5
82	65530-82-7
82	65530-83-8
82	65530-85-0
82	65605-56-3
82	65605-57-4
82	65605-65-4
82	65605-66-5
82	65605-68-7
82	65605-69-8
82	65605-70-1
82	65605-71-2
82	65605-72-3
82	65605-74-5
82	6588-63-2
82	66008-67-1
82	66008-68-2
82	66008-69-3
82	66008-70-6
82	66008-71-7
82	66008-72-8
82	66138-93-0
82	662-00-0
82	662-20-4
82	662-35-1
82	662-50-0
82	66249-21-6
82	66249-23-8
82	66256-52-8
82	663-24-1
82	663-35-4
82	66325-97-1
82	66396-73-4
82	66406-80-2
82	66432-83-5
82	66551-19-7
82	66566-87-8
82	66577-33-1
82	666-26-2
82	66604-83-9
82	66840-50-4
82	66959-14-6
82	67036-08-2
82	67103-04-2
82	67103-05-3
82	67118-49-4
82	67118-55-2
82	67118-57-4
82	671756-62-0
82	674-13-5
82	674786-75-5
82	67584-42-3
82	67584-48-9
82	67584-49-0
82	67584-51-4
82	67584-52-5
82	67584-53-6
82	67584-54-7
82	67584-55-8
82	67584-56-9
82	67584-57-0
82	67584-59-2
82	67584-60-5
82	67584-61-6
82	67584-62-7
82	67584-63-8
82	67710-48-9
82	677324-20-8
82	677324-21-9
82	677324-22-0
82	677324-30-0
82	677324-31-1
82	677324-32-2
82	678-18-2
82	678-26-2
82	678-39-7
82	678-41-1
82	678-45-5
82	678-65-9
82	678-78-4
82	678-93-3
82	678-95-5
82	678-98-8
82	67824-44-6
82	67846-66-6
82	67899-37-0
82	679-00-5
82	679-03-8
82	679-12-9
82	679-46-9
82	67905-19-5
82	67906-38-1
82	67906-39-2
82	67906-40-5
82	67906-41-6
82	67906-42-7
82	67906-70-1
82	67906-73-4
82	67923-61-9
82	67939-33-7
82	67939-36-0
82	67939-61-1
82	67939-87-1
82	67939-89-3
82	67939-90-6
82	67939-91-7
82	67939-92-8
82	67939-93-9
82	67939-94-0
82	67939-96-2
82	67939-97-3
82	67939-98-4
82	67963-75-1
82	67969-65-7
82	67969-69-1
82	680-05-7
82	68015-84-9
82	68015-85-0
82	68015-86-1
82	68015-87-2
82	680187-85-3
82	68025-62-7
82	68037-22-9
82	68052-68-6
82	68081-83-4
82	68084-62-8
82	681-08-3
82	68140-18-1
82	68140-19-2
82	68140-20-5
82	68140-21-6
82	68141-02-6
82	681443-29-8
82	68155-04-4
82	68155-54-4
82	68156-00-3
82	68156-01-4
82	68156-06-9
82	68156-07-0
82	68182-34-3
82	68187-24-6
82	68187-25-7
82	68187-42-8
82	68187-47-3
82	68188-12-5
82	68227-97-4
82	68227-98-5
82	68227-99-6
82	68239-72-5
82	68239-73-6
82	68239-74-7
82	68239-75-8
82	68258-85-5
82	68259-06-3
82	68259-07-4
82	68259-08-5
82	68259-09-6
82	68259-10-9
82	68259-11-0
82	68259-12-1
82	68259-14-3
82	68259-15-4
82	6826-38-6
82	68298-06-6
82	68298-07-7
82	68298-08-8
82	68298-09-9
82	68298-10-2
82	68298-11-3
82	68298-12-4
82	68298-13-5
82	68298-60-2
82	68298-72-6
82	68298-73-7
82	68298-74-8
82	68298-75-9
82	68298-76-0
82	68298-89-5
82	68299-19-4
82	68299-20-7
82	68299-21-8
82	68299-29-6
82	68310-02-1
82	68310-12-3
82	68318-34-3
82	68318-36-5
82	68333-92-6
82	68390-32-9
82	68390-33-0
82	68391-08-2
82	68391-09-3
82	684-32-2
82	68412-68-0
82	68412-69-1
82	685-63-2
82	68516-17-6
82	68526-97-6
82	68541-79-7
82	68555-66-8
82	68555-67-9
82	68555-68-0
82	68555-69-1
82	68555-70-4
82	68555-71-5
82	68555-72-6
82	68555-73-7
82	68555-74-8
82	68555-75-9
82	68555-76-0
82	68555-77-1
82	68555-78-2
82	68555-79-3
82	68608-13-9
82	68608-14-0
82	68758-55-4
82	68758-56-5
82	68784-73-6
82	68805-70-9
82	6884-92-0
82	68957-31-3
82	68957-32-4
82	68957-33-5
82	68957-53-9
82	68957-54-0
82	68957-62-0
82	68957-63-1
82	68988-25-0
82	68988-52-3
82	68988-53-4
82	68988-54-5
82	68988-55-6
82	690-27-7
82	69013-34-9
82	69068-23-1
82	69087-46-3
82	69087-47-4
82	69116-73-0
82	69125-78-6
82	69125-79-7
82	69125-80-0
82	69125-82-2
82	69127-72-6
82	691358-66-4
82	69278-80-4
82	69288-57-9
82	69430-43-9
82	69430-44-0
82	69462-70-0
82	69481-44-3
82	69492-03-1
82	69492-70-2
82	69531-49-3
82	69534-12-9
82	69661-30-9
82	697-11-0
82	697-18-7
82	69804-18-8
82	69804-19-9
82	699-30-9
82	6996-01-6
82	69991-61-3
82	69991-62-4
82	69991-67-9
82	70073-44-8
82	700874-87-9
82	70168-24-0
82	70225-15-9
82	70225-16-0
82	70225-17-1
82	70225-18-2
82	70225-20-6
82	70225-22-8
82	70225-24-0
82	70225-25-1
82	70225-26-2
82	70248-52-1
82	70259-85-7
82	70259-86-8
82	70281-93-5
82	70414-01-6
82	70414-03-8
82	70414-12-9
82	70414-16-3
82	70473-74-4
82	70473-76-6
82	70501-47-2
82	705240-04-6
82	70609-44-8
82	70627-97-3
82	70674-74-7
82	707-71-1
82	70729-63-4
82	70755-50-9
82	70776-76-0
82	70788-53-3
82	7079-86-9
82	70815-05-3
82	70862-62-3
82	70887-84-2
82	70887-88-6
82	70900-34-4
82	70900-35-5
82	70900-36-6
82	70900-37-7
82	70900-38-8
82	70910-41-7
82	709620-35-9
82	7098-02-4
82	70983-59-4
82	70983-60-7
82	70983-61-8
82	70983-62-9
82	71002-40-9
82	71002-41-0
82	71039-88-8
82	71076-47-6
82	71205-28-2
82	71302-72-2
82	71356-38-2
82	71360-30-0
82	71363-70-7
82	71463-74-6
82	71463-78-0
82	71463-79-1
82	71463-80-4
82	71463-81-5
82	714975-28-7
82	714975-29-8
82	714975-34-5
82	71500-44-2
82	71608-37-2
82	71608-38-3
82	71608-39-4
82	71608-40-7
82	71608-43-0
82	71608-58-7
82	71608-60-1
82	71608-61-2
82	71608-63-4
82	71623-69-3
82	71726-31-3
82	71735-32-5
82	7183-59-7
82	7183-60-0
82	71832-66-1
82	72007-68-2
82	72016-05-8
82	722538-68-3
82	72276-05-2
82	72276-06-3
82	72276-07-4
82	72276-08-5
82	7232-74-8
82	72372-80-6
82	72480-32-1
82	72494-14-5
82	72623-70-2
82	72623-77-9
82	72629-94-8
82	72779-04-5
82	72779-05-6
82	72785-08-1
82	72804-48-9
82	72804-49-0
82	72828-80-9
82	72845-29-5
82	72869-27-3
82	72905-91-0
82	72968-38-8
82	72987-44-1
82	73019-19-9
82	73019-20-2
82	73041-05-1
82	7309-84-4
82	731858-13-2
82	731858-15-4
82	73320-57-7
82	73353-25-0
82	73353-26-1
82	7345-49-5
82	736-62-9
82	73602-42-3
82	73602-44-5
82	73602-45-6
82	73602-46-7
82	7365-36-8
82	73772-32-4
82	73772-33-5
82	73772-34-6
82	73782-58-8
82	73829-36-4
82	7383-71-3
82	7385-65-1
82	73928-40-2
82	74067-16-6
82	74256-14-7
82	74256-15-8
82	74328-57-7
82	74338-55-9
82	74405-85-9
82	74427-22-8
82	74499-44-8
82	74499-68-6
82	74499-69-7
82	74499-70-0
82	74499-71-1
82	7459-59-8
82	74701-33-0
82	748785-00-4
82	74942-19-1
82	75032-81-4
82	75032-94-9
82	75032-95-0
82	75042-07-8
82	75046-16-1
82	75180-14-2
82	7526-47-8
82	75260-69-4
82	753501-40-5
82	753501-43-8
82	754-68-7
82	754-79-0
82	754-85-8
82	754-91-6
82	754-96-1
82	754191-93-0
82	755-02-2
82	755-25-9
82	755-40-8
82	755-42-0
82	755-53-3
82	755-88-4
82	755-89-5
82	755698-73-8
82	756-09-2
82	756-12-7
82	756-13-8
82	75668-24-5
82	75668-25-6
82	75668-26-7
82	75668-27-8
82	75668-28-9
82	75743-06-5
82	75823-64-2
82	75824-01-0
82	75888-49-2
82	75895-47-5
82	75988-12-4
82	76-16-4
82	76-19-7
82	76-21-1
82	76-37-9
82	76121-99-8
82	761418-87-5
82	76145-88-5
82	76145-90-9
82	7618-17-9
82	7621-51-4
82	762241-70-3
82	765-63-9
82	765585-55-5
82	766529-12-8
82	76752-82-4
82	76848-68-5
82	76962-34-0
82	77032-23-6
82	77032-24-7
82	77032-27-0
82	77117-48-7
82	77146-66-8
82	773-14-8
82	773136-96-2
82	773869-22-0
82	773895-92-4
82	77549-76-9
82	77620-64-5
82	777931-73-4
82	77893-60-8
82	77953-71-0
82	77958-18-0
82	77970-73-1
82	78225-99-7
82	782390-93-6
82	785-93-3
82	78689-20-0
82	78693-85-3
82	78740-39-3
82	78755-31-4
82	78755-41-6
82	788-41-0
82	78960-85-7
82	78971-81-0
82	78974-41-1
82	78974-42-2
82	790697-52-8
82	79272-26-7
82	793-36-2
82	79630-80-1
82	79780-39-5
82	79851-29-9
82	799267-73-5
82	79963-95-4
82	80010-37-3
82	801-26-3
82	801212-59-9
82	80153-82-8
82	802-93-7
82	80220-63-9
82	80284-42-0
82	80284-51-1
82	80289-21-0
82	80337-25-3
82	80384-59-4
82	80464-74-0
82	80475-32-7
82	80621-17-6
82	80632-82-2
82	80705-13-1
82	80705-15-3
82	80790-98-3
82	80791-09-9
82	80791-11-3
82	80791-12-4
82	80791-16-8
82	80793-17-5
82	80793-20-0
82	80793-21-1
82	80806-68-4
82	808758-67-0
82	80879-54-5
82	80988-54-1
82	81084-29-9
82	811-97-2
82	81190-28-5
82	81190-31-0
82	81190-38-7
82	812-70-4
82	812-72-6
82	812-94-2
82	81290-20-2
82	813-03-6
82	813-06-9
82	813-44-5
82	813-45-6
82	813458-04-7
82	815-06-5
82	815-07-6
82	81664-99-5
82	81674-08-0
82	81769-47-3
82	81769-51-9
82	81769-55-3
82	81769-56-4
82	81769-57-5
82	81790-00-3
82	81790-01-4
82	819-07-8
82	819069-72-2
82	820253-16-5
82	82030-81-7
82	82030-82-8
82	82030-83-9
82	82030-84-0
82	82030-85-1
82	82113-65-3
82	82113-66-4
82	821789-63-3
82	821791-47-3
82	82199-07-3
82	82382-12-5
82	82396-51-8
82	82416-71-5
82	82422-25-1
82	82422-33-1
82	824393-39-7
82	82486-22-4
82	825635-46-9
82	825651-73-8
82	82606-24-4
82	82633-43-0
82	82633-69-0
82	82682-08-4
82	827027-07-6
82	827027-09-8
82	82721-68-4
82	82721-69-5
82	82727-20-6
82	82822-26-2
82	82854-34-0
82	82941-37-5
82	82959-21-5
82	82970-41-0
82	83003-52-5
82	83038-83-9
82	83048-65-1
82	831-75-4
82	831241-91-9
82	83227-62-7
82	83310-58-1
82	83310-97-8
82	83329-16-2
82	83558-87-6
82	83563-58-0
82	83650-67-3
82	83706-95-0
82	83706-96-1
82	83706-97-2
82	83706-99-4
82	83707-01-1
82	83731-88-8
82	83766-52-3
82	83846-71-3
82	84029-52-7
82	84029-54-9
82	84029-56-1
82	84029-58-3
82	84029-60-7
82	84041-66-7
82	84100-12-9
82	84100-13-0
82	84108-41-8
82	84123-65-9
82	84145-17-5
82	84145-18-6
82	84201-60-5
82	84224-48-6
82	84238-52-8
82	84238-62-0
82	84246-29-7
82	84551-43-9
82	845823-12-3
82	845866-80-0
82	84650-68-0
82	847-51-8
82	847925-91-1
82	84808-63-9
82	84808-64-0
82	84808-65-1
82	84932-01-4
82	85068-29-7
82	851535-00-7
82	85177-88-4
82	85187-17-3
82	85211-95-6
82	852204-74-1
82	852527-40-3
82	852527-41-4
82	852527-43-6
82	852527-45-8
82	852527-60-7
82	852527-61-8
82	85284-15-7
82	85284-17-9
82	853928-88-8
82	853929-03-0
82	854095-13-9
82	854992-57-7
82	85567-21-1
82	85567-23-3
82	85571-83-1
82	85600-80-2
82	85631-40-9
82	85631-54-5
82	85665-64-1
82	85665-65-2
82	85665-66-3
82	85665-67-4
82	85681-64-7
82	85711-89-3
82	85720-78-1
82	857285-80-4
82	857637-92-4
82	858-46-8
82	85857-16-5
82	85857-17-6
82	85877-79-8
82	85938-56-3
82	85963-79-7
82	85995-90-0
82	85995-91-1
82	860454-18-8
82	86093-77-8
82	86130-60-1
82	862130-66-3
82	862130-67-4
82	862130-95-8
82	862130-96-9
82	862133-14-0
82	862133-29-7
82	862133-36-6
82	862134-26-7
82	862134-28-9
82	86217-01-8
82	862374-87-6
82	862589-19-3
82	86273-64-5
82	863090-89-5
82	863126-43-6
82	863126-44-7
82	863408-20-2
82	86358-19-2
82	864071-08-9
82	864071-09-0
82	864149-62-2
82	864551-34-8
82	864551-38-2
82	864551-40-6
82	864910-70-3
82	865-71-4
82	865-85-0
82	865-86-1
82	86508-42-1
82	86525-30-6
82	86563-87-3
82	865758-36-7
82	865758-37-8
82	865758-47-0
82	867030-76-0
82	86714-23-0
82	867373-18-0
82	868275-40-5
82	869308-35-0
82	86994-47-0
82	87017-97-8
82	87050-96-2
82	870778-34-0
82	870998-78-0
82	87112-48-9
82	871210-22-9
82	871311-23-8
82	871311-24-9
82	871311-25-0
82	871311-26-1
82	872186-76-0
82	872345-66-9
82	872672-61-2
82	87375-53-9
82	873838-37-0
82	87405-74-1
82	87405-83-2
82	87458-21-7
82	87461-66-3
82	87461-67-4
82	87461-68-5
82	875306-42-6
82	875628-33-4
82	87613-26-1
82	878409-15-5
82	879081-10-4
82	87988-60-1
82	87988-69-0
82	87988-75-8
82	879881-65-9
82	880084-63-9
82	88021-90-3
82	88021-93-6
82	88021-94-7
82	88022-46-2
82	88022-48-4
82	880353-20-8
82	88190-28-7
82	88191-88-2
82	88280-62-0
82	882878-48-0
82	88326-80-1
82	883498-76-8
82	883499-32-9
82	883499-79-4
82	883500-11-6
82	883543-64-4
82	88434-83-7
82	88435-34-1
82	88435-83-0
82	88435-87-4
82	88436-09-3
82	885275-56-9
82	88562-41-8
82	886-35-1
82	886046-97-5
82	886501-26-4
82	887111-61-7
82	887111-62-8
82	88752-37-8
82	88950-94-1
82	88951-00-2
82	88951-14-8
82	88951-15-9
82	88951-16-0
82	88951-17-1
82	88951-18-2
82	88951-19-3
82	88951-20-6
82	88951-21-7
82	88951-22-8
82	88951-23-9
82	88951-24-0
82	88951-25-1
82	88951-26-2
82	88951-27-3
82	88951-28-4
82	88951-29-5
82	88987-13-7
82	889940-13-0
82	889944-77-8
82	89076-11-9
82	89109-68-2
82	89109-69-3
82	89109-70-6
82	89109-71-7
82	89109-72-8
82	89129-68-0
82	89129-70-4
82	89148-14-1
82	892154-51-7
82	892154-66-4
82	892154-91-5
82	892155-14-5
82	892155-19-0
82	892155-69-0
82	89245-13-6
82	893556-35-9
82	89373-67-1
82	89402-42-6
82	89608-45-7
82	89685-61-0
82	89763-93-9
82	89780-02-9
82	89807-87-4
82	89807-88-5
82	89889-20-3
82	89889-22-5
82	89932-69-4
82	89932-74-1
82	89932-76-3
82	89965-72-0
82	90146-96-6
82	90146-97-7
82	90177-96-1
82	90179-39-8
82	90183-56-5
82	90194-06-2
82	90194-07-3
82	902456-09-1
82	90267-56-4
82	90292-28-7
82	90292-29-8
82	90292-31-2
82	90292-32-3
82	90292-33-4
82	90292-35-6
82	90292-38-9
82	90317-74-1
82	90366-81-7
82	90366-94-2
82	90381-08-1
82	903890-42-6
82	90403-88-6
82	904037-24-7
82	90431-85-9
82	904565-42-0
82	90480-57-2
82	90481-10-0
82	90499-29-9
82	90499-30-2
82	90499-31-3
82	90582-01-7
82	905972-83-0
82	906077-31-4
82	90622-43-8
82	90622-71-2
82	90622-99-4
82	90715-84-7
82	907206-01-3
82	907607-07-2
82	907607-08-3
82	90791-28-9
82	908020-52-0
82	909009-42-3
82	909405-48-7
82	909405-49-8
82	90999-86-3
82	90999-87-4
82	91032-01-8
82	91036-71-4
82	91081-09-3
82	912364-40-0
82	914391-37-0
82	914637-05-1
82	914637-49-3
82	91481-65-1
82	915-76-4
82	91508-85-9
82	91543-34-9
82	91543-35-0
82	91615-22-4
82	91648-32-7
82	917561-99-0
82	91770-74-0
82	91770-94-4
82	917920-92-4
82	917951-62-3
82	917966-97-3
82	918-21-8
82	919005-14-4
82	919005-48-4
82	919005-50-8
82	919289-98-8
82	919489-99-9
82	91998-13-9
82	920-66-1
82	92129-34-5
82	921930-69-0
82	922168-38-5
82	922168-41-0
82	922421-40-7
82	92332-25-7
82	92332-26-8
82	92340-26-6
82	923569-79-3
82	924894-08-6
82	924894-11-1
82	925457-51-8
82	92604-91-6
82	92610-11-2
82	92612-52-7
82	92639-87-7
82	92678-93-8
82	92678-96-1
82	92681-65-7
82	926914-55-8
82	92746-93-5
82	927670-12-0
82	927835-01-6
82	928655-42-9
82	92886-04-9
82	92914-86-8
82	92914-88-0
82	92916-37-5
82	929211-36-9
82	92978-07-9
82	92982-03-1
82	93062-53-4
82	93080-42-3
82	93128-61-1
82	93128-66-6
82	93131-73-8
82	931415-52-0
82	931415-53-1
82	93238-00-7
82	93238-01-8
82	932710-57-1
82	93345-48-3
82	93367-04-5
82	93416-26-3
82	93416-31-0
82	934166-50-4
82	93454-70-7
82	93454-71-8
82	93454-72-9
82	93454-73-0
82	93454-74-1
82	93454-75-2
82	93491-54-4
82	935476-95-2
82	935477-01-3
82	935477-04-6
82	935477-07-9
82	935477-16-0
82	93572-72-6
82	93611-23-5
82	936233-19-1
82	93644-65-6
82	93683-27-3
82	93697-09-7
82	937038-66-9
82	93704-25-7
82	93706-76-4
82	93762-09-5
82	93762-10-8
82	93762-11-9
82	93762-12-0
82	93776-00-2
82	93776-01-3
82	93776-02-4
82	93776-03-5
82	93776-04-6
82	93776-05-7
82	93776-06-8
82	93776-07-9
82	93776-08-0
82	93776-09-1
82	93776-10-4
82	93776-11-5
82	93776-12-6
82	93776-13-7
82	93776-14-8
82	93776-15-9
82	93776-19-3
82	93776-20-6
82	93776-21-7
82	93776-22-8
82	93776-23-9
82	93776-24-0
82	93776-25-1
82	93776-26-2
82	93776-27-3
82	93776-28-4
82	93776-29-5
82	93776-30-8
82	93776-31-9
82	93777-12-9
82	93777-13-0
82	93819-97-7
82	93830-92-3
82	93857-42-2
82	93857-43-3
82	93857-44-4
82	93857-45-5
82	93857-46-6
82	93857-47-7
82	93857-48-8
82	93857-49-9
82	93857-50-2
82	93857-51-3
82	93857-52-4
82	93857-53-5
82	93857-54-6
82	93857-55-7
82	93857-56-8
82	93894-52-1
82	93894-53-2
82	93894-54-3
82	93894-55-4
82	93894-56-5
82	93894-57-6
82	93894-65-6
82	93894-66-7
82	93894-67-8
82	93894-68-9
82	93894-70-3
82	93894-71-4
82	93894-73-6
82	93894-74-7
82	93951-33-8
82	93962-52-8
82	94042-94-1
82	94042-95-2
82	94094-26-5
82	94095-37-1
82	94133-90-1
82	94133-91-2
82	94158-20-0
82	94158-60-8
82	94158-61-9
82	94158-62-0
82	94158-63-1
82	94158-64-2
82	94158-65-3
82	94158-66-4
82	94158-67-5
82	94158-68-6
82	94158-69-7
82	94158-70-0
82	94159-79-2
82	94159-80-5
82	94159-81-6
82	94159-82-7
82	94159-83-8
82	94159-84-9
82	94159-85-0
82	94159-86-1
82	94159-87-2
82	94159-88-3
82	94159-89-4
82	94159-90-7
82	94159-91-8
82	94159-92-9
82	94166-88-8
82	94196-26-6
82	94200-42-7
82	94200-43-8
82	94200-44-9
82	94200-45-0
82	94200-46-1
82	94200-47-2
82	94200-48-3
82	94200-49-4
82	94200-50-7
82	94200-51-8
82	94200-52-9
82	94200-53-0
82	94200-54-1
82	94200-55-2
82	94200-56-3
82	94200-57-4
82	942199-24-8
82	94231-56-8
82	94231-57-9
82	94231-58-0
82	94231-59-1
82	94237-07-7
82	94237-08-8
82	94237-11-3
82	94237-12-4
82	94237-13-5
82	94239-04-0
82	94291-75-5
82	94291-76-6
82	94291-77-7
82	94291-78-8
82	94313-84-5
82	94333-56-9
82	94345-13-8
82	943767-44-0
82	943913-15-3
82	94413-32-8
82	944578-05-6
82	94475-68-0
82	94492-37-2
82	94705-65-4
82	94718-24-8
82	94720-20-4
82	948014-40-2
82	94817-79-5
82	94856-24-3
82	95091-35-3
82	95144-12-0
82	95215-99-9
82	95370-51-7
82	95452-53-2
82	95639-15-9
82	95654-14-1
82	956790-67-3
82	95682-66-9
82	95682-67-0
82	957206-65-4
82	957209-18-6
82	95841-80-8
82	95842-02-7
82	95842-03-8
82	958445-44-8
82	958445-54-0
82	958885-20-6
82	95906-13-1
82	959462-53-4
82	959462-54-5
82	959462-55-6
82	96146-02-0
82	96146-10-0
82	96146-12-2
82	96210-37-6
82	96250-49-6
82	96250-52-1
82	96288-56-1
82	96305-13-4
82	96308-32-6
82	96353-69-4
82	96383-57-2
82	96426-90-3
82	96497-21-1
82	96513-97-2
82	96573-73-8
82	96721-81-2
82	96721-82-3
82	96724-20-8
82	97005-61-3
82	97041-10-6
82	97163-17-2
82	97220-62-7
82	97259-81-9
82	97294-02-5
82	97331-50-5
82	97388-28-8
82	97553-95-2
82	97571-69-2
82	97659-47-7
82	97660-44-1
82	97745-82-9
82	98-08-8
82	98008-06-1
82	98010-21-0
82	98065-31-7
82	98151-22-5
82	98219-29-5
82	98241-25-9
82	98561-39-8
82	98561-40-1
82	98561-41-2
82	98573-25-2
82	98789-57-2
82	98873-61-1
82	99089-22-2
82	99156-01-1
82	99338-16-6
82	99908-28-8
82	L-00-0054
82	L-00-0056
82	L-00-0151
82	L-00-0215
82	L-00-0237
82	L-00-0313
82	L-00-0314
82	L-00-0371
82	L-00-0373
82	L-00-0375
82	L-00-0376
82	L-00-0377
82	L-00-0378
82	L-00-0386
82	L-00-0387
82	L-01-0013
82	L-01-0048
82	L-01-0142
82	L-01-0143
82	L-01-0150
82	L-01-0151
82	L-01-0152
82	L-01-0153
82	L-01-0158
82	L-01-0226
82	L-01-0261
82	L-01-0265
82	L-01-0373
82	L-01-0410
82	L-01-0432
82	L-01-0435
82	L-01-0526
82	L-01-0548
82	L-01-0549
82	L-02-0007
82	L-02-0017
82	L-02-0080
82	L-02-0192
82	L-02-0247
82	L-02-0318
82	L-02-0356
82	L-02-0515
82	L-02-0516
82	L-03-0015
82	L-03-0037
82	L-03-0086
82	L-03-0110
82	L-03-0119
82	L-03-0133
82	L-03-0142
82	L-03-0232
82	L-03-0233
82	L-03-0286
82	L-03-0288
82	L-03-0289
82	L-03-0296
82	L-03-0297
82	L-03-0481
82	L-04-0008
82	L-04-0125
82	L-04-0220
82	L-04-0231
82	L-04-0284
82	L-04-0286
82	L-04-0338
82	L-04-0365
82	L-04-0366
82	L-04-0367
82	L-04-0368
82	L-04-0369
82	L-04-0459
82	L-04-0472
82	L-05-0099
82	L-05-0152
82	L-05-0160
82	L-05-0164
82	L-05-0193
82	L-05-0203
82	L-05-0215
82	L-05-0316
82	L-05-0317
82	L-05-0325
82	L-06-0102
82	L-06-0211
82	L-06-0214
82	L-06-0241
82	L-06-0319
82	L-06-0336
82	L-06-0381
82	L-06-0391
82	L-06-0392
82	L-06-0400
82	L-07-0012
82	L-07-0013
82	L-07-0055
82	L-07-0091
82	L-07-0150
82	L-07-0205
82	L-07-0206
82	L-07-0213
82	L-07-0230
82	L-07-0231
82	L-07-0233
82	L-07-0238
82	L-07-0273
82	L-07-0323
82	L-07-0324
82	L-07-0328
82	L-07-0413
82	L-08-0004
82	L-08-0073
82	L-08-0091
82	L-08-0121
82	L-08-0140
82	L-08-0167
82	L-08-0168
82	L-08-0169
82	L-08-0172
82	L-08-0247
82	L-08-0251
82	L-08-0327
82	L-08-0379
82	L-08-0409
82	L-09-0028
82	L-09-0031
82	L-09-0096
82	L-09-0097
82	L-09-0098
82	L-09-0099
82	L-09-0102
82	L-09-0122
82	L-09-0133
82	L-09-0166
82	L-09-0210
82	L-09-0239
82	L-09-0331
82	L-09-0352
82	L-09-0358
82	L-09-0366
82	L-09-0375
82	L-10-0035
82	L-10-0058
82	L-10-0121
82	L-10-0122
82	L-10-0141
82	L-10-0160
82	L-10-0169
82	L-10-0170
82	L-10-0199
82	L-10-0239
82	L-10-0241
82	L-10-0294
82	L-10-0316
82	L-10-0339
82	L-10-0356
82	L-11-0038
82	L-11-0045
82	L-11-0046
82	L-11-0065
82	L-11-0066
82	L-11-0133
82	L-11-0134
82	L-11-0138
82	L-11-0152
82	L-11-0191
82	L-11-0203
82	L-11-0243
82	L-11-0369
82	L-11-0407
82	L-12-0020
82	L-12-0062
82	L-12-0063
82	L-12-0076
82	L-12-0110
82	L-12-0129
82	L-12-0131
82	L-12-0138
82	L-12-0144
82	L-12-0185
82	L-12-0224
82	L-12-0228
82	L-12-0229
82	L-12-0260
82	L-12-0272
82	L-12-0285
82	L-12-0287
82	L-12-0307
82	L-12-0367
82	L-12-0375
82	L-12-0411
82	L-12-0454
82	L-12-0456
82	L-13-0026
82	L-13-0031
82	L-13-0034
82	L-13-0042
82	L-13-0060
82	L-13-0070
82	L-13-0096
82	L-13-0097
82	L-13-0125
82	L-13-0150
82	L-13-0155
82	L-13-0158
82	L-13-0160
82	L-13-0187
82	L-13-0219
82	L-13-0224
82	L-13-0226
82	L-13-0244
82	L-13-0272
82	L-13-0273
82	L-13-0279
82	L-13-0286
82	L-13-0393
82	L-13-0463
82	L-13-0496
82	L-13-0620
82	L-13-0728
82	L-13-0729
82	L-14-0022
82	L-14-0234
82	L-14-0257
82	L-14-0339
82	L-14-0371
82	L-14-0374
82	L-14-0420
82	L-14-0449
82	L-14-0484
82	L-14-0496
82	L-15-0027
82	L-15-0035
82	L-15-0090
82	L-15-0196
82	L-15-0223
82	L-15-0248
82	L-15-0262
82	L-15-0302
82	L-15-0334
82	L-15-0354
82	L-15-0423
82	L-16-0035
82	L-16-0051
82	L-16-0186
82	L-16-0190
82	L-16-0204
82	L-16-0208
82	L-16-0211
82	L-16-0215
82	L-16-0216
82	L-16-0221
82	L-16-0222
82	L-16-0223
82	L-16-0488
82	L-16-0506
82	L-17-0271
82	L-17-0285
82	L-17-0315
82	L-17-0334
82	L-17-0339
82	L-18-0023
82	L-18-0127
82	L-18-0267
82	L-18-0304
82	L-19-0033
82	L-19-0063
82	L-19-0190
82	L-19-0233
82	L-20-0026
82	L-20-0061
82	L-20-0084
82	L-20-0085
82	L-20-0132
82	L-85-0008
82	L-85-0051
82	L-86-0067
82	L-88-0010
82	L-88-0013
82	L-88-0027
82	L-88-0028
82	L-88-0029
82	L-88-0030
82	L-88-0035
82	L-88-0036
82	L-88-0164
82	L-88-0165
82	L-88-0174
82	L-88-0175
82	L-89-0045
82	L-89-0052
82	L-89-0099
82	L-89-0118
82	L-89-0119
82	L-89-0120
82	L-89-0164
82	L-89-0225
82	L-89-0236
82	L-89-0277
82	L-90-0067
82	L-90-0106
82	L-90-0260
82	L-90-0261
82	L-90-0262
82	L-90-0263
82	L-90-0455
82	L-90-0456
82	L-90-0592
82	L-91-0142
82	L-91-0178
82	L-91-0259
82	L-92-0039
82	L-92-0120
82	L-92-0151
82	L-92-0185
82	L-92-0186
82	L-92-0194
82	L-92-0201
82	L-93-0082
82	L-93-0191
82	L-94-0060
82	L-94-0301
82	L-94-0337
82	L-94-0342
82	L-95-0011
82	L-95-0017
82	L-95-0056
82	L-95-0070
82	L-95-0077
82	L-95-0078
82	L-95-0079
82	L-95-0107
82	L-95-0109
82	L-95-0134
82	L-95-0135
82	L-95-0154
82	L-95-0176
82	L-95-0178
82	L-95-0186
82	L-95-0261
82	L-95-0270
82	L-96-0009
82	L-96-0101
82	L-96-0132
82	L-96-0219
82	L-96-0257
82	L-96-0325
82	L-96-0355
82	L-96-0368
82	L-96-0405
82	L-96-0436
82	L-96-0452
82	L-96-0453
82	L-97-0038
82	L-97-0056
82	L-97-0115
82	L-97-0198
82	L-97-0340
82	L-97-0341
82	L-97-0413
82	L-97-0439
82	L-97-0447
82	L-97-0459
82	L-97-0468
82	L-97-0471
82	L-98-0028
82	L-98-0067
82	L-98-0154
82	L-98-0281
82	L-98-0298
82	L-98-0406
82	L-98-0465
82	L-98-0467
82	L-98-0479
82	L-98-0501
82	L-98-0537
82	L-99-0042
82	L-99-0063
82	L-99-0084
82	L-99-0087
82	L-99-0091
82	L-99-0159
82	L-99-0199
82	L-99-0202
82	L-99-0212
82	L-99-0254
82	L-99-0257
82	L-99-0258
82	L-99-0259
82	L-99-0260
82	L-99-0261
82	L-99-0262
82	L-99-0263
82	L-99-0264
82	L-99-0265
82	L-99-0266
82	L-99-0267
82	L-99-0268
82	L-99-0269
82	L-99-0270
82	L-99-0271
82	L-99-0284
82	L-99-0289
82	L-99-0339
82	L-99-0346
82	L-99-0393
82	L-99-0394
82	L-99-0415
82	L-99-0416
82	L-99-0417
82	L-99-0440
82	P-00-0377
82	P-00-0456
82	P-00-0872
82	P-00-0911
82	P-00-1085
82	P-00-1132
82	P-01-0116
82	P-01-0584
82	P-01-0726
82	P-02-0016
82	P-02-0195
82	P-02-0609
82	P-02-0700
82	P-02-0863
82	P-02-0864
82	P-02-0865
82	P-02-0870
82	P-02-0871
82	P-02-0920
82	P-03-0032
82	P-03-0033
82	P-03-0604
82	P-04-0174
82	P-04-0176
82	P-04-0417
82	P-04-0537
82	P-05-0107
82	P-05-0467
82	P-06-0367
82	P-06-0388
82	P-06-0389
82	P-06-0390
82	P-06-0472
82	P-06-0474
82	P-06-0478
82	P-06-0489
82	P-06-0494
82	P-06-0560
82	P-06-0563
82	P-06-0576
82	P-06-0586
82	P-07-0159
82	P-07-0202
82	P-07-0203
82	P-07-0445
82	P-07-0446
82	P-07-0447
82	P-08-0200
82	P-08-0222
82	P-08-0223
82	P-08-0224
82	P-08-0642
82	P-08-0643
82	P-09-0037
82	P-09-0099
82	P-09-0174
82	P-09-0176
82	P-09-0245
82	P-09-0246
82	P-09-0291
82	P-09-0293
82	P-09-0481
82	P-09-0511
82	P-10-0273
82	P-10-0316
82	P-10-0317
82	P-10-0470
82	P-10-0471
82	P-10-0472
82	P-10-0485
82	P-10-0523
82	P-11-0048
82	P-11-0085
82	P-11-0086
82	P-11-0087
82	P-11-0088
82	P-11-0089
82	P-11-0091
82	P-11-0203
82	P-11-0247
82	P-11-0384
82	P-11-0484
82	P-11-0487
82	P-11-0509
82	P-11-0526
82	P-11-0532
82	P-11-0533
82	P-11-0534
82	P-11-0543
82	P-11-0557
82	P-11-0646
82	P-11-0653
82	P-12-0030
82	P-12-0031
82	P-12-0032
82	P-12-0080
82	P-12-0169
82	P-12-0351
82	P-12-0404
82	P-12-0406
82	P-12-0450
82	P-13-0282
82	P-13-0284
82	P-13-0305
82	P-13-0438
82	P-13-0646
82	P-13-0647
82	P-13-0648
82	P-13-0649
82	P-13-0678
82	P-13-0679
82	P-13-0886
82	P-14-0473
82	P-14-0523
82	P-14-0580
82	P-14-0652
82	P-14-0702
82	P-14-0765
82	P-14-0777
82	P-15-0063
82	P-15-0154
82	P-15-0239
82	P-15-0502
82	P-16-0094
82	P-16-0221
82	P-17-0175
82	P-17-0270
82	P-18-0018
82	P-84-0107
82	P-84-0540
82	P-84-0653
82	P-86-0003
82	P-86-0055
82	P-86-0251
82	P-86-0454
82	P-86-0636
82	P-86-0639
82	P-86-0640
82	P-86-0641
82	P-87-0447
82	P-87-0481
82	P-88-0115
82	P-88-0476
82	P-88-0636
82	P-88-0637
82	P-88-1481
82	P-88-1490
82	P-88-1738
82	P-88-2105
82	P-89-0852
82	P-90-0238
82	P-90-0268
82	P-90-0280
82	P-91-1100
82	P-91-1347
82	P-92-0392
82	P-92-0485
82	P-92-1090
82	P-92-1158
82	P-92-1164
82	P-93-0571
82	P-93-1086
82	P-93-1226
82	P-94-0244
82	P-94-0247
82	P-94-1198
82	P-94-1786
82	P-94-1941
82	P-95-0023
82	P-95-0282
82	P-95-2047
82	P-96-1317
82	P-97-0335
82	P-97-1036
82	P-97-1037
82	P-98-0336
82	P-98-0471
82	P-98-0528
82	P-98-0781
82	P-98-0953
82	P-98-1176
82	P-98-1256
82	P-99-1108
82	RR-164714-9
82	RR-16601-8
82	RR-17228-1
82	RR-17305-7
82	RR-200089-7
82	RR-200821-1
82	RR-201398-1
82	RR-202790-9
82	RR-205435-5
82	RR-205536-9
82	RR-206081-3
82	RR-206082-4
82	RR-206083-5
82	RR-206084-6
82	RR-206277-3
82	RR-207452-4
82	RR-207458-0
82	RR-207459-1
82	RR-207460-4
82	RR-207463-7
82	RR-207542-5
82	RR-207543-6
82	RR-207545-8
82	RR-207546-9
82	RR-207559-4
83	121-14-2
9[a]	1393-03-9
9[a]	24404-56-6
9[a]	51746-14-6
9[a]	74499-23-3
9[b]	RR-04598-7
9[c]	RR-04597-6
9[d]	46310-07-0
9[d]	525-64-4
9[d]	56481-94-8
9[d]	72-57-1
9[d]	92-87-5
9[d]	RR-17706-0
9[d]	UN1885
9[e]	552-89-6
9[f]	9004-34-6
9[f]	RR-00514-1
9[f]	RR-00524-3
9[f]	RR-01736-7
