1	10022-68-1
1	100402-53-7
1	10060-09-0
1	100656-55-1
1	101012-89-9
1	101012-93-5
1	101012-94-6
1	10108-64-2
1	10124-36-4
1	101356-99-4
1	101357-00-0
1	101357-01-1
1	101357-02-2
1	101357-03-3
1	101357-04-4
1	10163-13-0
1	10196-67-5
1	102110-30-5
1	102184-95-2
1	10325-94-7
1	10326-28-0
1	1043412-76-5
1	1043877-50-4
1	10468-30-1
1	104698-09-1
1	10471-46-2
1	104907-96-2
1	105034-60-4
1	106070-27-3
1	106097-46-5
1	106218-86-4
1	106389-75-7
1	106496-20-2
1	106496-20-2
1	106520-07-4
1	106603-47-8
1	1067-32-9
1	108706-30-5
1	108706-31-6
1	11091-69-3
1	11112-63-3
1	11113-51-2
1	11129-14-9
1	113128-07-7
1	116086-43-2
1	116391-72-1
1	116854-17-2
1	116920-59-3
1	117912-89-7
1	117912-90-0
1	117912-91-1
1	1191-79-3
1	119222-01-4
1	12001-20-6
1	12006-15-4
1	12014-14-1
1	12014-28-7
1	12014-29-8
1	12014-33-4
1	12139-22-9
1	12139-23-0
1	12157-51-6
1	12185-56-7
1	12185-64-7
1	12187-14-3
1	12213-70-6
1	12214-12-9
1	1224515-43-8
1	12292-07-8
1	12380-95-9
1	12400-33-8
1	12442-27-2
1	125687-98-1
1	12626-36-7
1	12656-57-4
1	12685-29-9
1	12794-87-5
1	1306-13-4
1	1306-19-0
1	1306-23-6
1	1306-24-7
1	1306-25-8
1	130917-47-4
1	131500-00-0
1	132295-56-8
1	132295-57-9
1	1345-09-1
1	1345-10-4
1	13464-92-1
1	13477-17-3
1	13477-19-5
1	13477-20-8
1	13477-21-9
1	13477-22-0
1	13477-23-1
1	135742-32-4
1	13589-17-8
1	13601-63-3
1	136543-49-2
1	136543-50-5
1	136543-51-6
1	13701-66-1
1	13755-33-4
1	13760-37-7
1	13814-59-0
1	13814-62-5
1	13832-25-2
1	13847-17-1
1	13890-84-1
1	13966-86-4
1	13972-68-4
1	14010-06-1
1	14010-06-1
1	14017-36-8
1	14067-62-0
1	141-00-4
1	14109-32-1
1	14109-32-1
1	14177-24-3
1	14177-24-3
1	14184-47-5
1	1421233-56-8
1	14215-29-3
1	14239-68-0
1	14312-00-6
1	14336-66-4
1	14336-66-4
1	14336-68-6
1	14336-68-6
1	1436666-97-5
1	143983-90-8
1	14402-75-6
1	1441148-55-5
1	14429-85-7
1	1448522-72-2
1	14486-19-2
1	14518-94-6
1	14520-70-8
1	14566-86-0
1	14689-45-3
1	14709-52-5
1	14709-52-5
1	14874-24-9
1	14923-81-0
1	14949-59-8
1	14949-60-1
1	15139-70-5
1	15139-70-5
1	15244-35-6
1	15276-40-1
1	15337-60-7
1	15600-62-1
1	15630-39-4
1	15682-87-8
1	15708-29-9
1	15743-19-8
1	15851-44-2
1	15852-14-9
1	16039-55-7
1	16056-72-7
1	16105-06-9
1	1623456-05-2
1	163961-08-8
1	1645316-98-8
1	16593-57-0
1	167077-85-2
1	16986-83-7
1	17010-21-8
1	17033-07-7
1	170904-52-6
1	17329-48-5
1	1773514-66-1
1	1773514-92-3
1	18532-52-0
1	18532-58-6
1	1884414-00-9
1	18897-36-4
1	18974-20-4
1	18991-05-4
1	19010-65-2
1	19010-79-8
1	190899-29-7
1	19262-93-2
1	1926976-90-0
1	19651-91-3
1	20571-45-3
1	20648-91-3
1	2087110-63-0
1	21041-95-2
1	210909-42-5
1	21107-68-6
1	21150-88-9
1	21328-74-5
1	2134593-22-7
1	21360-94-1
1	2162973-80-8
1	2191-10-8
1	2196169-62-5
1	2223-93-0
1	22465-18-5
1	22537-48-0
1	22750-53-4
1	22750-54-5
1	23100-72-3
1	2368220-22-6
1	2408-86-8
1	2409671-03-8
1	2412416-26-1
1	2420-97-5
1	2420-98-6
1	24345-60-6
1	2440134-99-4
1	24558-49-4
1	24558-49-4
1	245727-62-2
1	2485700-58-9
1	2490500-45-1
1	25047-80-7
1	25685-75-0
1	26006-65-5
1	26006-69-9
1	2605-44-9
1	26264-48-2
1	2641128-84-7
1	2724228-22-0
1	27476-27-3
1	2749963-13-9
1	28038-18-8
1	28038-25-7
1	28041-77-2
1	28302-54-7
1	2847-16-7
1	28825-30-1
1	2888539-04-4
1	29398-76-3
1	29398-76-3
1	29736-89-8
1	2984549-53-1
1	29870-72-2
1	2996841-70-2
1	29977-13-7
1	3026-22-0
1	30304-32-6
1	303114-50-3
1	30363-28-1
1	30623-04-2
1	307531-70-0
1	30905-38-5
1	30905-38-5
1	309242-71-5
1	31017-44-4
1	31119-53-6
1	31215-94-8
1	32593-99-0
1	34100-40-8
1	34303-23-6
1	34330-64-8
1	34345-39-6
1	34410-88-3
1	35658-65-2
1	35803-35-1
1	36211-44-6
1	36931-18-7
1	37131-86-5
1	37364-06-0
1	378253-44-2
1	378253-44-2
1	378253-45-3
1	378253-45-3
1	378253-46-4
1	378253-46-4
1	38386-25-3
1	38517-19-0
1	40226-10-6
1	405884-26-6
1	41113-59-1
1	4167-05-9
1	43147-23-5
1	4390-97-0
1	4464-23-7
1	4476-04-4
1	4696-59-7
1	49707-39-3
1	49784-42-1
1	49784-44-3
1	506-82-1
1	50648-02-7
1	5112-16-3
1	51222-60-7
1	513-78-0
1	52037-44-2
1	52094-42-5
1	52309-75-8
1	52337-78-7
1	53168-83-5
1	53168-85-7
1	53846-34-7
1	542-83-6
1	543-90-8
1	55060-82-7
1	55425-74-6
1	55700-14-6
1	56982-42-4
1	5743-04-4
1	58339-34-7
1	592-02-9
1	59223-35-7
1	61129-40-6
1	61789-34-2
1	61951-96-0
1	62149-56-8
1	62642-07-3
1	62642-07-3
1	62865-26-3
1	62930-81-8
1	63400-09-9
1	6427-86-7
1	64681-08-9
1	654054-66-7
1	65997-18-4
1	67906-19-8
1	67939-62-2
1	67989-93-9
1	68092-45-5
1	68131-58-8
1	68131-59-9
1	68214-25-5
1	68309-98-8
1	68332-81-0
1	68409-82-5
1	68441-39-4
1	68478-53-5
1	68479-13-0
1	68512-49-2
1	68512-50-5
1	68512-51-6
1	68583-43-7
1	68583-44-8
1	68583-45-9
1	68584-41-8
1	68584-42-9
1	68784-10-1
1	68784-55-4
1	68784-58-7
1	68855-80-1
1	68859-25-6
1	68876-84-6
1	68876-90-4
1	68876-98-2
1	68876-99-3
1	68877-00-9
1	68877-01-0
1	68891-87-2
1	68953-39-9
1	68954-18-7
1	68956-81-0
1	68966-97-2
1	69011-66-1
1	69011-67-2
1	69011-69-4
1	69011-70-7
1	69012-21-1
1	69012-44-8
1	69012-51-7
1	69012-57-3
1	69012-63-1
1	69012-67-5
1	69029-48-7
1	69029-49-8
1	69029-63-6
1	69029-69-2
1	69029-70-5
1	69029-77-2
1	69029-78-3
1	69029-81-8
1	69029-89-6
1	69029-90-9
1	69029-91-0
1	69029-92-1
1	69029-95-4
1	69029-96-5
1	69121-20-6
1	69190-99-4
1	695161-38-7
1	70084-75-2
1	70206-08-5
1	7058-55-1
1	71231-59-9
1	71243-75-9
1	71411-66-0
1	71436-99-2
1	71599-06-9
1	71861-27-3
1	72172-64-6
1	72275-93-5
1	72589-96-9
1	72828-62-7
1	72869-26-2
1	72869-63-7
1	72968-34-4
1	7346-68-1
1	73941-35-2
1	74178-35-1
1	74231-61-1
1	74278-22-1
1	7440-43-9
1	7487-41-4
1	7495-93-4
1	7544-40-3
1	7568-37-8
1	76093-98-6
1	76835-97-7
1	76871-66-4
1	77289-75-9
1	7789-42-6
1	7790-78-5
1	7790-79-6
1	7790-80-9
1	7790-81-0
1	7790-82-1
1	7790-83-2
1	7790-84-3
1	7790-85-4
1	79490-00-9
1	79990-52-6
1	8048-07-5
1	814-88-0
1	84696-56-0
1	84878-36-4
1	84878-37-5
1	84878-48-8
1	84878-51-3
1	84953-43-5
1	85117-02-8
1	85117-20-0
1	85586-15-8
1	85688-00-2
1	85958-86-7
1	85994-31-6
1	865-38-3
1	87534-89-2
1	87835-30-1
1	89759-80-8
1	90194-35-7
1	90218-85-2
1	90342-19-1
1	90411-62-4
1	90529-78-5
1	905982-64-1
1	90604-89-0
1	90604-90-3
1	91053-44-0
1	91053-46-2
1	91053-47-3
1	91697-35-7
1	92062-13-0
1	92128-37-5
1	92257-06-2
1	92257-11-9
1	92704-12-6
1	92704-15-9
1	92704-19-3
1	92704-24-0
1	92797-28-9
1	93367-04-5
1	93686-40-9
1	93820-02-1
1	93858-50-5
1	93894-07-6
1	93894-08-7
1	93894-09-8
1	93894-10-1
1	93965-24-3
1	93965-30-1
1	93983-65-4
1	94232-49-2
1	94247-16-2
1	94275-93-1
1	94275-94-2
1	94551-70-9
1	94551-79-8
1	94551-80-1
1	95892-12-9
1	97259-82-0
1	99587-10-7
1	99749-34-5
1	P-15-0059
1	RR-00559-4
1	RR-01638-6
1	RR-01915-8
1	RR-02247-9
1	RR-04012-0
1	RR-06942-1
1	RR-10389-9
1	RR-11151-3
1	RR-11152-4
1	RR-13216-1
1	RR-14283-6
1	RR-145869-1
1	RR-17718-4
1	RR-17718-4
1	RR-41296-4
1	RR-42177-2
1	RR-42178-3
1	RR-42180-7
1	RR-42183-0
1	RR-42187-4
1	RR-42805-7
1	RR-56254-9
1	RR-64385-6
1	RR-93912-8
1	UN2570
10	127-18-4
10	UN1897
11	1665-00-5
11	75-09-2
11	UN1593
12	56-23-5
12	UN1846
13	107-06-2
13	52399-93-6
13	UN1184
14	75-35-4
14	UN1303
15	1438395-68-6
15	156-59-2
15	156-60-5
15	43695-79-0
15	540-59-0
15	UN1150
16	71-55-6
16	74552-83-3
16	UN2831
17	79-00-5
18	10061-01-5
18	10061-02-6
18	542-75-6
18	68525-58-6
18	8022-76-2
19	1135443-08-1
19	12680-07-8
19	12680-62-5
19	137-26-8
19	200889-05-0
19	39456-80-9
19	56645-31-9
19	66173-72-6
19	92481-09-9
19	93196-73-7
2	100-45-8
2	100-47-0
2	100-48-1
2	100-54-9
2	100-70-9
2	1001-55-4
2	100124-55-8
2	100134-82-5
2	1003-31-2
2	1003-52-7
2	10036-43-8
2	1003600-51-8
2	100367-55-3
2	100443-95-6
2	100450-10-0
2	100453-11-0
2	100522-75-6
2	100726-23-6
2	100900-25-2
2	100980-86-7
2	101007-06-1
2	1011-92-3
2	101160-73-0
2	101160-75-2
2	101218-28-4
2	10151-78-7
2	10154-75-3
2	1017683-96-3
2	1018-79-7
2	101802-22-6
2	101802-23-7
2	101802-74-8
2	10191-60-3
2	10222-01-2
2	102262-31-7
2	102262-32-8
2	102490-55-1
2	10258-54-5
2	102714-71-6
2	102714-85-2
2	102851-06-9
2	10288-28-5
2	1028842-84-3
2	102984-46-3
2	103013-86-1
2	10340-85-9
2	10340-91-7
2	103833-18-7
2	103919-55-7
2	104-47-2
2	104-85-8
2	10412-98-3
2	104366-25-8
2	10442-39-4
2	10461-98-0
2	105-07-7
2	105-34-0
2	105-56-6
2	10531-13-2
2	10586-17-1
2	106021-42-5
2	1067-47-6
2	106717-55-9
2	1069-55-2
2	107-12-0
2	107-13-1
2	107-14-2
2	107-16-4
2	107-91-5
2	1071-21-2
2	1071-22-3
2	1071-27-8
2	1071801-01-8
2	1075-76-9
2	108443-29-4
2	108890-51-3
2	109-74-0
2	109-75-1
2	109-77-3
2	109-78-4
2	109-82-0
2	1092789-12-2
2	109516-94-1
2	1096078-72-6
2	110-59-8
2	110-61-2
2	110-67-8
2	110101-74-1
2	11037-08-4
2	110866-54-1
2	11096-88-1
2	111-69-3
2	111-94-4
2	111-97-7
2	1111-67-7
2	1116-98-9
2	1118-61-2
2	1119-85-3
2	111940-93-3
2	112-91-4
2	112002-50-3
2	112026-68-3
2	112026-71-8
2	1122-28-7
2	1129-35-7
2	1129282-73-0
2	113007-57-1
2	113506-91-5
2	1135443-55-8
2	114369-43-6
2	1147550-11-5
2	114772-53-1
2	114772-54-2
2	115721-57-8
2	115852-48-7
2	116020-37-2
2	116453-89-5
2	116584-22-6
2	116831-09-5
2	1172-02-7
2	117209-33-3
2	117482-84-5
2	117709-26-9
2	118217-27-9
2	118232-59-0
2	118499-69-7
2	1187-11-7
2	1187-42-4
2	1189-67-9
2	119-95-9
2	1190-16-5
2	119107-37-8
2	1194-02-1
2	1194-65-6
2	119467-19-5
2	119611-00-6
2	1197-19-9
2	1198-30-7
2	120068-37-3
2	120116-88-3
2	1201851-68-4
2	1201897-85-9
2	1202867-06-8
2	1206-15-1
2	1210-12-4
2	121479-48-9
2	121505-17-7
2	121558-18-7
2	1217-45-4
2	1218900-68-5
2	122008-82-6
2	122008-85-9
2	1220632-37-0
2	12211-52-8
2	12237-62-6
2	122371-93-1
2	122453-73-0
2	122454-29-9
2	123-06-8
2	12351-98-3
2	123843-69-6
2	123843-78-7
2	124-12-9
2	125-79-1
2	125148-58-5
2	125185-59-3
2	12539-57-0
2	12542-90-4
2	12549-23-4
2	125805-90-5
2	126-98-7
2	126389-08-0
2	1267499-88-6
2	12679-53-7
2	12692-90-9
2	1269814-32-5
2	127074-43-5
2	1273-71-8
2	12751-50-7
2	12790-65-7
2	128252-19-7
2	1299-91-8
2	1300-10-3
2	13063-43-9
2	13067-93-1
2	13074-68-5
2	13092-67-6
2	131341-86-1
2	131379-24-3
2	131379-26-5
2	131445-37-9
2	131495-40-4
2	1316-91-2
2	131641-62-8
2	13166-10-4
2	131860-33-8
2	131997-95-0
2	132-75-2
2	132112-66-4
2	132112-67-5
2	1327160-06-4
2	13284-42-9
2	1330-26-3
2	13338-63-1
2	1335-31-5
2	13361-30-3
2	13361-31-4
2	13361-32-5
2	13361-34-7
2	133708-36-8
2	134022-72-3
2	13408-62-3
2	134227-45-5
2	13435-20-6
2	13453-34-4
2	13472-08-7
2	13481-25-9
2	1353674-17-5
2	13601-11-1
2	13601-13-3
2	13601-19-9
2	13612-59-4
2	136159-76-7
2	136159-79-0
2	13621-47-1
2	136514-17-5
2	13682-73-0
2	137-05-3
2	13715-19-0
2	13730-09-1
2	137428-29-6
2	13746-66-2
2	137472-69-6
2	13755-38-9
2	13781-53-8
2	137902-95-5
2	13816-33-6
2	13821-06-2
2	13821-08-4
2	13821-10-8
2	139152-08-2
2	139351-77-2
2	139351-78-3
2	13943-58-3
2	139443-69-9
2	13963-58-1
2	13967-50-5
2	139920-32-4
2	13998-03-3
2	140-29-4
2	140-53-4
2	140-87-4
2	1401716-51-5
2	14023-90-6
2	14038-43-8
2	14038-85-8
2	14039-23-7
2	14056-10-1
2	140706-29-2
2	14123-08-1
2	14165-53-8
2	14170-30-0
2	14191-95-8
2	1419873-89-4
2	142019-16-7
2	14217-00-6
2	14217-21-1
2	14220-17-8
2	14220-64-5
2	14221-48-8
2	142347-86-2
2	14239-49-7
2	14244-60-1
2	14244-62-3
2	14263-59-3
2	14263-73-1
2	14264-31-4
2	142653-61-0
2	143-33-9
2	14314-30-8
2	14323-36-5
2	14323-41-2
2	1436-43-7
2	14377-68-5
2	143879-80-5
2	14402-61-0
2	14402-74-5
2	14402-75-6
2	14402-89-2
2	1443-80-7
2	14434-22-1
2	14444-56-5
2	14447-15-5
2	14459-95-1
2	14459-96-2
2	14460-02-7
2	1448-98-2
2	144804-99-9
2	14481-29-9
2	14481-40-4
2	1448962-82-0
2	145150-83-0
2	145370-88-3
2	14542-93-9
2	14564-70-6
2	145918-41-8
2	14618-78-1
2	146781-29-5
2	146781-31-9
2	14763-77-0
2	147770-51-2
2	148-69-6
2	148-87-8
2	148020-35-3
2	14816-18-3
2	14834-18-5
2	14852-62-1
2	14874-78-3
2	14906-59-3
2	14918-21-9
2	1495-50-7
2	14965-99-2
2	149850-30-6
2	149850-38-4
2	149984-83-8
2	149988-44-3
2	149988-45-4
2	15002-31-0
2	15029-30-8
2	151-18-8
2	151-50-8
2	151-63-3
2	151165-11-6
2	1518-16-7
2	151887-87-5
2	152-11-4
2	15268-45-8
2	1527-89-5
2	15280-09-8
2	1529-41-5
2	1530-87-6
2	1530-88-7
2	1530-89-8
2	15301-48-1
2	15313-18-5
2	15328-32-2
2	15333-24-1
2	15373-31-6
2	15377-79-4
2	154180-57-1
2	154920-47-5
2	15545-97-8
2	156-62-7
2	15634-23-8
2	15634-29-4
2	15655-10-4
2	15665-62-0
2	15666-97-4
2	15671-21-3
2	15686-61-0
2	1572-52-7
2	1572-99-2
2	15745-74-1
2	157453-50-4
2	157453-54-8
2	157480-33-6
2	157627-97-9
2	157672-36-1
2	158062-67-0
2	158353-15-2
2	15861-24-2
2	158853-74-8
2	158947-06-9
2	1591-30-6
2	159172-39-1
2	159224-07-4
2	159704-27-5
2	159789-09-0
2	16000-39-8
2	160430-64-8
2	1610803-20-7
2	1617-17-0
2	161755-85-7
2	16213-85-7
2	162650-77-3
2	16297-07-7
2	1633-44-9
2	16359-54-9
2	163725-12-0
2	16397-28-7
2	16529-56-9
2	16529-66-1
2	16532-79-9
2	1656-48-0
2	16582-93-7
2	16588-02-6
2	16617-46-2
2	166432-96-8
2	167306-96-9
2	1674-80-2
2	1675-69-0
2	16849-88-0
2	1689-83-4
2	1689-84-5
2	16932-49-3
2	1711-11-1
2	17201-43-3
2	17216-62-5
2	1722-09-4
2	17231-59-3
2	1733-04-6
2	17354-79-9
2	1738-25-6
2	1738-36-9
2	17420-30-3
2	175859-28-6
2	17601-94-4
2	1762-95-4
2	17640-15-2
2	17722-17-7
2	17756-81-9
2	17823-38-0
2	17823-40-4
2	178664-51-2
2	17932-62-6
2	18136-00-0
2	18156-15-5
2	181587-01-9
2	1820573-27-0
2	18228-28-9
2	1823-91-2
2	18270-61-6
2	18293-53-3
2	18300-91-9
2	1835-49-0
2	1835-65-0
2	18381-45-8
2	18492-21-2
2	18502-05-1
2	1855-63-6
2	185745-56-6
2	1867-10-3
2	18674-52-7
2	1871-96-1
2	18724-70-4
2	187336-44-3
2	187414-06-8
2	1877-72-1
2	1885-29-6
2	1885-35-4
2	1885-38-7
2	1885-76-3
2	1891-95-8
2	18936-17-9
2	1897-41-2
2	1897-43-4
2	1897-52-5
2	18972-69-5
2	18972-70-8
2	18974-18-0
2	18974-19-1
2	191234-22-7
2	191362-21-7
2	19158-51-1
2	19179-31-8
2	1930-72-9
2	194304-33-1
2	19472-74-3
2	19524-05-1
2	1953-99-7
2	19649-68-4
2	19663-17-3
2	19706-80-0
2	1975-78-6
2	19812-93-2
2	19847-12-2
2	1989-32-8
2	199128-35-3
2	19924-43-7
2	2002-18-8
2	200818-58-2
2	2012-81-9
2	2024-83-1
2	20249-47-2
2	2032-34-0
2	2035-66-7
2	2036-13-7
2	2042-37-7
2	20427-11-6
2	2046-18-6
2	205265-14-1
2	205862-65-3
2	2079-89-2
2	20792-41-0
2	20850-49-1
2	208528-35-2
2	20893-30-5
2	209196-69-0
2	20925-27-3
2	2094-98-6
2	20965-27-9
2	210290-06-5
2	210353-83-6
2	211997-96-5
2	21342-85-8
2	2141-62-0
2	21423-81-4
2	21430-69-3
2	21524-39-0
2	2154-70-3
2	21658-95-7
2	21663-61-6
2	2169-69-9
2	2172-51-2
2	21725-46-2
2	21727-09-3
2	2179-92-2
2	21797-13-7
2	2184-88-5
2	21954-81-4
2	21982-43-4
2	220020-37-1
2	22005-33-0
2	2206-26-0
2	22115-41-9
2	221363-40-2
2	22254-88-2
2	222725-48-6
2	2234-26-6
2	22364-68-7
2	2237-30-1
2	224049-04-1
2	2243-27-8
2	2244-07-7
2	22516-99-0
2	22581-05-1
2	22629-49-8
2	22681-81-8
2	22734-04-9
2	2274-42-2
2	22856-30-0
2	23074-42-2
2	2317-22-8
2	23209-26-9
2	23297-50-9
2	23313-68-0
2	2338-75-2
2	2338-76-3
2	23525-22-6
2	2377-81-3
2	23923-29-7
2	23996-12-5
2	23996-16-9
2	23996-25-0
2	2407-68-3
2	2408-36-8
2	2417-90-5
2	24224-99-5
2	24225-08-9
2	2432-74-8
2	2437-25-4
2	24436-34-8
2	24437-41-0
2	2465-93-2
2	24742-30-1
2	24820-56-2
2	24964-64-5
2	25014-41-9
2	25038-47-5
2	250712-20-0
2	2510-55-6
2	2510-95-4
2	25117-74-2
2	25117-75-3
2	25149-46-6
2	25149-47-7
2	252237-53-9
2	2537-48-6
2	2541-67-5
2	25532-89-2
2	25587-94-4
2	25596-52-5
2	2571-54-2
2	25753-25-7
2	25808-30-4
2	25869-00-5
2	25895-60-7
2	25899-50-7
2	2597-97-9
2	26294-98-4
2	26298-93-1
2	2636-26-2
2	2638-94-0
2	26399-71-3
2	26746-21-4
2	26830-95-5
2	26947-41-1
2	26961-27-3
2	2698-41-1
2	2700-22-3
2	27126-93-8
2	27279-62-5
2	2739-97-1
2	27472-21-5
2	2769-64-4
2	2769-71-3
2	27812-34-6
2	27816-23-5
2	27914-15-4
2	28049-61-8
2	28166-41-8
2	28188-41-2
2	28195-00-8
2	2826-26-8
2	28442-30-0
2	28446-68-6
2	28519-24-6
2	28536-58-5
2	28550-63-2
2	2856-63-5
2	28623-46-3
2	287390-66-3
2	28900-10-9
2	2920-38-9
2	29261-33-4
2	2938-69-4
2	2942-58-7
2	2947-60-6
2	2947-61-7
2	2961-62-8
2	2961-63-9
2	2961-67-3
2	2961-68-4
2	29729-00-8
2	2973-50-4
2	29829-51-4
2	29883-15-6
2	2999-46-4
2	3009-97-0
2	3010-02-4
2	3010-04-6
2	3017-23-0
2	3018-12-0
2	302-04-5
2	302-41-0
2	3020-06-2
2	30248-30-7
2	3038-47-9
2	3055-84-3
2	30587-80-5
2	3061-65-2
2	306284-14-0
2	30684-36-7
2	30757-50-7
2	3088-41-3
2	3088-42-4
2	30932-41-3
2	31065-88-0
2	31095-14-4
2	31096-40-9
2	31253-02-8
2	313058-80-9
2	31395-95-6
2	31517-19-8
2	31643-49-9
2	3189-43-3
2	31938-07-5
2	3215-64-3
2	3215-65-4
2	3218-49-3
2	32444-63-6
2	3252-43-5
2	326-62-5
2	32703-80-3
2	3272-08-0
2	32730-85-1
2	328-87-0
2	32804-77-6
2	3288-99-1
2	3315-16-0
2	33252-30-1
2	333-20-0
2	3333-52-6
2	3336-16-1
2	3347-22-6
2	33611-48-2
2	337366-98-0
2	3386-87-6
2	3396-17-6
2	34128-02-4
2	34156-26-8
2	341972-31-4
2	3445-84-9
2	34662-31-2
2	34688-71-6
2	34846-64-5
2	35013-90-2
2	35022-43-6
2	35022-44-7
2	35120-10-6
2	35234-88-9
2	353-85-5
2	3544-25-0
2	35520-41-3
2	35543-25-0
2	356-81-0
2	35691-65-7
2	357-21-1
2	35704-19-9
2	3578-06-1
2	3578-07-2
2	36-73-7
2	3627-62-1
2	36622-33-0
2	36635-61-7
2	368-77-4
2	3695-93-0
2	3695-98-5
2	370-86-5
2	37020-93-2
2	37187-64-7
2	372-09-8
2	373-51-3
2	37345-40-7
2	375-00-8
2	3759-28-2
2	37891-36-4
2	3810-80-8
2	38172-19-9
2	38258-92-3
2	38487-86-4
2	3861-47-0
2	38690-76-5
2	38690-77-6
2	38791-62-7
2	3893-23-0
2	39049-81-5
2	39101-54-7
2	39186-58-8
2	39215-39-9
2	39322-24-2
2	39377-49-6
2	3939-09-1
2	394-47-8
2	39515-40-7
2	39515-41-8
2	39515-47-4
2	40127-89-7
2	40227-17-6
2	4023-53-4
2	40234-39-7
2	403-54-3
2	40401-47-6
2	40784-95-0
2	40817-08-1
2	409-16-5
2	40953-34-2
2	4107-65-7
2	4110-35-4
2	41122-70-7
2	41122-71-8
2	41424-11-7
2	421552-12-7
2	422-04-8
2	42253-96-3
2	4241-27-4
2	4248-33-3
2	42492-95-5
2	4254-02-8
2	42572-30-5
2	42867-40-3
2	43020-38-8
2	43036-06-2
2	43111-44-0
2	4360-47-8
2	4367-08-2
2	4370-12-1
2	4403-61-6
2	4414-88-4
2	4419-11-8
2	4421-08-3
2	4421-09-4
2	4439-02-5
2	4468-48-8
2	4468-59-1
2	447-60-9
2	44898-13-7
2	4542-47-6
2	455-18-5
2	4553-07-5
2	4553-62-2
2	4554-16-9
2	459-22-3
2	4594-78-9
2	460-19-5
2	461-58-5
2	4635-87-4
2	4733-50-0
2	4734-41-2
2	4786-19-0
2	4786-20-3
2	4955-82-2
2	49556-76-5
2	49561-89-9
2	49763-64-6
2	4977-62-2
2	499786-45-7
2	501-00-8
2	5015-38-3
2	502-39-6
2	503-20-8
2	504435-23-8
2	50599-78-5
2	506-61-6
2	506-64-9
2	506-65-0
2	506-68-3
2	506-77-4
2	506-78-5
2	50743-17-4
2	50793-85-6
2	508182-80-7
2	50908-45-7
2	5098-14-6
2	51267-92-6
2	513-96-2
2	51304-58-6
2	51325-91-8
2	5144-10-5
2	5146-66-7
2	51481-61-9
2	51566-62-2
2	51584-70-4
2	51630-58-1
2	51632-29-2
2	51694-22-5
2	51762-67-5
2	51762-68-6
2	51762-94-8
2	51778-95-1
2	51778-96-2
2	51965-61-8
2	52315-06-7
2	52315-07-8
2	5232-99-5
2	52364-71-3
2	52364-72-4
2	52364-73-5
2	52434-27-2
2	52630-99-6
2	52671-32-6
2	52688-11-6
2	52709-84-9
2	52771-22-9
2	529-19-1
2	52918-63-5
2	53028-65-2
2	53153-66-5
2	53179-04-7
2	532-28-5
2	532411-49-7
2	5332-06-9
2	5349-28-0
2	535-37-5
2	53545-96-3
2	53641-60-4
2	53724-78-0
2	53941-45-0
2	5399-02-0
2	540-61-4
2	540-72-7
2	5414-21-1
2	5415-07-6
2	5417-82-3
2	542-54-1
2	542-62-1
2	542-76-7
2	542-83-6
2	542-84-7
2	54211-46-0
2	5432-07-5
2	54373-70-5
2	54381-61-2
2	544-13-8
2	544-92-3
2	54414-88-9
2	5444-02-0
2	5447-66-5
2	545-06-2
2	5457-28-3
2	54578-39-1
2	5459-58-5
2	5466-54-6
2	5467-94-7
2	54673-07-3
2	54798-28-6
2	54841-72-4
2	5500-21-0
2	5532-86-5
2	5537-71-3
2	554-07-4
2	55462-97-0
2	555-21-5
2	555-60-2
2	5558-31-6
2	5558-67-8
2	55600-30-1
2	557-12-0
2	557-13-1
2	557-19-7
2	557-21-1
2	557-42-6
2	55700-96-4
2	55819-76-6
2	560121-52-0
2	5616-32-0
2	562-76-5
2	562-79-8
2	562-81-2
2	56341-36-7
2	5652-84-6
2	56522-24-8
2	5653-62-3
2	5683-74-9
2	56875-27-5
2	5697-44-9
2	57-12-5
2	5715-02-6
2	57597-62-3
2	57710-63-1
2	578006-95-8
2	57966-95-7
2	5798-79-8
2	5804-85-3
2	5810-18-4
2	58160-37-5
2	58264-04-3
2	58449-80-2
2	5848-24-8
2	58632-95-4
2	58728-64-6
2	590-17-0
2	590-28-3
2	59016-56-7
2	591-89-9
2	59182-86-4
2	592-01-8
2	592-04-1
2	592-05-2
2	592-06-3
2	592-51-8
2	592-85-8
2	593-75-9
2	59346-56-4
2	5961-55-7
2	5970-29-6
2	59854-97-6
2	59997-51-2
2	6007-78-9
2	6011-14-9
2	60153-49-3
2	60195-52-0
2	6047-91-2
2	60585-38-8
2	6065-95-8
2	6068-72-0
2	60702-69-4
2	60778-41-8
2	60838-50-8
2	6094-60-6
2	610-66-2
2	61022-89-7
2	611-20-1
2	612-24-8
2	61203-99-4
2	61204-01-1
2	61204-03-3
2	613-46-7
2	613-73-0
2	613-88-7
2	613-90-1
2	61310-53-0
2	6136-68-1
2	6136-93-2
2	614-16-4
2	6140-61-0
2	61540-35-0
2	617-90-3
2	61792-11-8
2	61827-61-0
2	619-24-9
2	619-65-8
2	619-72-7
2	61968-38-5
2	6197-30-4
2	620-22-4
2	621-50-1
2	622-75-3
2	62229-77-0
2	623-00-7
2	623-03-0
2	623-26-7
2	623-49-4
2	6232-19-5
2	624-75-9
2	624-79-3
2	62439-33-2
2	62439-34-3
2	62439-35-4
2	625-28-5
2	626-17-5
2	626-22-2
2	62663-01-8
2	62788-03-8
2	62788-05-0
2	628-20-6
2	628-73-9
2	628-87-5
2	6280-87-1
2	629-08-3
2	629-40-3
2	629-60-7
2	629-63-0
2	629-79-8
2	630-18-2
2	6306-60-1
2	631-57-2
2	63427-32-7
2	63592-54-1
2	63617-56-1
2	63617-60-7
2	63617-61-8
2	63617-62-9
2	63617-63-0
2	63617-64-1
2	63619-09-0
2	638-65-3
2	63908-51-0
2	6393-40-4
2	63935-38-6
2	64046-74-8
2	64049-06-5
2	64049-14-5
2	64049-15-6
2	64049-16-7
2	64113-84-4
2	64248-62-0
2	64248-63-1
2	64248-64-2
2	64257-84-7
2	64415-13-0
2	6443-72-7
2	6443-85-2
2	645-59-0
2	646-20-8
2	647-12-1
2	64985-85-9
2	653-30-5
2	654-01-3
2	656-35-9
2	65652-67-7
2	6574-97-6
2	6575-00-4
2	6575-07-1
2	6575-09-3
2	658-99-1
2	66004-32-8
2	6602-54-6
2	6606-65-1
2	6606-66-2
2	6609-56-9
2	6609-57-0
2	6621-59-6
2	6629-04-5
2	66358-72-3
2	66526-01-0
2	66582-16-9
2	66582-17-0
2	668-45-1
2	66841-25-6
2	670-54-2
2	6701-15-1
2	6701-16-2
2	6701-17-3
2	67035-64-7
2	6719-21-7
2	67284-56-4
2	67355-37-7
2	67375-30-8
2	67821-33-4
2	67859-40-9
2	67859-41-0
2	67859-42-1
2	67859-43-2
2	67859-44-3
2	67859-48-7
2	67886-70-8
2	67906-13-2
2	67906-15-4
2	67906-16-5
2	67906-18-7
2	67906-20-1
2	67906-21-2
2	67944-71-2
2	67989-90-6
2	67989-91-7
2	68-19-9
2	68065-81-6
2	68083-35-2
2	68085-85-8
2	6809-91-2
2	68133-86-8
2	68133-87-9
2	683-45-4
2	68302-13-6
2	68359-37-5
2	68391-13-9
2	68391-42-4
2	6851-36-1
2	6869-07-4
2	68928-29-0
2	68958-89-4
2	68958-90-7
2	68975-64-4
2	693-05-0
2	69350-73-8
2	69409-94-5
2	6952-59-6
2	69584-87-8
2	6975-71-9
2	69866-38-2
2	69866-40-6
2	70026-36-7
2	70124-77-5
2	7035-03-2
2	70591-20-7
2	706-03-6
2	706823-00-9
2	70784-09-7
2	7085-85-0
2	70879-63-9
2	71050-56-1
2	712-74-3
2	71486-84-5
2	7152-40-1
2	7153-22-2
2	71611-31-9
2	7187-01-1
2	7188-38-7
2	71887-25-7
2	71919-48-7
2	71919-49-8
2	72007-50-2
2	72207-63-7
2	72242-75-2
2	72269-54-6
2	72376-32-0
2	72473-22-4
2	7276-58-6
2	72785-09-2
2	72785-10-5
2	72785-11-6
2	72928-30-4
2	72928-55-3
2	73075-19-1
2	7315-17-5
2	7324-02-9
2	7357-70-2
2	73663-75-9
2	73663-76-0
2	73663-77-1
2	73825-69-1
2	73907-82-1
2	73963-97-0
2	74-90-8
2	74238-90-7
2	74240-64-5
2	74240-65-6
2	74240-66-7
2	7451-91-4
2	7468-67-9
2	749216-52-2
2	7498-57-9
2	75-05-8
2	75-86-5
2	75033-04-4
2	75279-55-9
2	75754-69-7
2	75942-37-9
2	75977-95-6
2	76012-28-7
2	7605-28-9
2	76199-85-4
2	764-05-6
2	764-42-1
2	7659-45-2
2	766-05-2
2	766-84-7
2	7663-76-5
2	767-00-0
2	76703-62-3
2	7677-24-9
2	769-28-8
2	769-68-6
2	77-57-6
2	77-81-6
2	771-51-7
2	77122-51-1
2	77122-52-2
2	773-82-0
2	77326-36-4
2	77474-62-5
2	77474-63-6
2	77532-79-7
2	77668-42-9
2	77772-12-4
2	778-94-9
2	7790-01-4
2	78-67-1
2	78-82-0
2	78-97-7
2	78056-67-4
2	78375-48-1
2	78415-72-2
2	79225-55-1
2	79463-77-7
2	8011-93-6
2	80135-31-5
2	8023-26-5
2	8039-03-0
2	80509-48-4
2	80655-58-9
2	80748-12-5
2	80748-81-8
2	80866-78-0
2	80892-60-0
2	80997-84-8
2	81-41-4
2	813-74-1
2	81375-80-6
2	81560-32-9
2	81604-63-9
2	81693-28-9
2	81951-76-0
2	82029-01-4
2	82029-02-5
2	821023-66-9
2	82356-54-5
2	82380-18-5
2	82406-82-4
2	82406-83-5
2	82492-42-0
2	82492-43-1
2	825-52-5
2	83404-52-8
2	83463-62-1
2	83482-57-9
2	83834-04-2
2	83855-46-3
2	83930-92-1
2	84-58-2
2	842170-55-2
2	84632-50-8
2	84870-65-5
2	85068-32-2
2	852246-52-7
2	852379-28-3
2	85547-03-1
2	855786-15-1
2	856294-25-2
2	85782-82-7
2	858235-54-8
2	85896-79-3
2	86-29-3
2	86-53-3
2	860389-90-8
2	862172-63-2
2	86560-93-2
2	86560-94-3
2	86560-95-4
2	86776-50-3
2	86776-51-4
2	86776-52-5
2	86776-54-7
2	86786-89-2
2	868-54-2
2	87073-93-6
2	87073-94-7
2	873-32-5
2	873-62-1
2	873-74-5
2	874-90-8
2	875-35-4
2	875554-86-2
2	877833-74-4
2	87813-07-8
2	879681-01-3
2	882231-01-8
2	88562-25-8
2	88580-93-2
2	88639-41-2
2	88671-89-0
2	89128-08-5
2	89403-99-6
2	89409-90-5
2	89823-23-4
2	9003-54-7
2	9004-41-5
2	91-15-6
2	91465-08-6
2	915-30-0
2	919-31-3
2	92-64-8
2	920-37-6
2	92118-81-5
2	92118-82-6
2	92118-83-7
2	924366-17-6
2	92568-90-6
2	926-64-7
2	929-57-7
2	93-17-4
2	931-53-3
2	931-54-4
2	931-97-5
2	93195-85-8
2	935-44-4
2	93743-04-5
2	939-80-0
2	93957-08-5
2	93957-09-6
2	94-05-3
2	94-21-3
2	94-34-8
2	94088-46-7
2	943-03-3
2	94362-74-0
2	948292-33-9
2	95-11-4
2	95210-41-6
2	95210-42-7
2	95470-64-7
2	95891-30-8
2	95906-28-8
2	95906-29-9
2	95906-30-2
2	95906-34-6
2	96184-40-6
2	96184-42-8
2	96606-37-0
2	97955-44-7
2	98349-22-5
2	99-18-3
2	99039-09-5
2	99196-22-2
2	99601-92-0
2	99601-93-1
2	99749-75-4
2	P-94-1820
2	P-95-2032
2	RR-00085-1
2	RR-00573-2
2	RR-00641-7
2	RR-00642-8
2	RR-00643-9
2	RR-00644-0
2	RR-00645-1
2	RR-00646-2
2	RR-00812-8
2	RR-03677-1
2	RR-03752-5
2	RR-04817-9
2	RR-07078-0
2	RR-08372-7
2	RR-09421-3
2	RR-09422-4
2	RR-10524-8
2	RR-11160-4
2	RR-11161-5
2	RR-11162-6
2	RR-11163-7
2	RR-12623-8
2	RR-12958-8
2	RR-18989-9
2	RR-19262-1
2	RR-23219-9
2	RR-31075-8
2	RR-32086-5
2	RR-32154-0
2	RR-33766-6
2	RR-41550-9
2	RR-42217-3
2	RR-42218-4
2	RR-42516-1
2	RR-42524-1
2	RR-43340-9
2	RR-43341-0
2	RR-43342-1
2	RR-43732-1
2	RR-43826-6
2	RR-45497-7
2	RR-45500-5
2	RR-47813-7
2	UN1026
2	UN1244
2	UN1541
2	UN1565
2	UN1575
2	UN1589
2	UN1614
2	UN1620
2	UN1626
2	UN1636
2	UN1642
2	UN1648
2	UN1653
2	UN1679
2	UN1680
2	UN1684
2	UN1689
2	UN1713
2	UN1889
2	UN1935
2	UN2205
2	UN2224
2	UN2284
2	UN2316
2	UN2317
2	UN2378
2	UN2404
2	UN2411
2	UN2470
2	UN2647
2	UN2668
2	UN3079
20	11141-20-1
20	119603-94-0
20	122-34-9
20	12764-71-5
20	39291-64-0
21	28249-77-6
22	1053658-43-7
22	1076-43-3
22	1173023-23-8
22	174973-66-1
22	54682-86-9
22	71-43-2
22	UN1114
23	10025-68-0
23	10026-03-6
23	10026-21-8
23	10026-23-0
23	10031-45-5
23	10039-31-3
23	100403-63-2
23	10060-09-0
23	10101-96-9
23	10101-99-2
23	10102-12-2
23	10102-18-8
23	10102-23-5
23	10112-94-4
23	101357-00-0
23	101357-01-1
23	101357-02-2
23	101357-03-3
23	101357-04-4
23	10161-84-9
23	101672-11-1
23	102110-61-2
23	10214-40-1
23	10236-58-5
23	10294-32-3
23	10326-29-1
23	1034144-42-7
23	10431-47-7
23	10486-58-5
23	1049-38-3
23	10504-99-1
23	105257-50-9
23	106097-46-5
23	106804-81-3
23	107068-76-8
23	108424-99-3
23	108425-00-9
23	108919-61-5
23	108919-62-6
23	108919-63-7
23	108919-64-8
23	1092379-04-8
23	109339-79-9
23	109339-80-2
23	110620-89-8
23	110720-61-1
23	110781-18-5
23	110781-19-6
23	110987-60-5
23	11112-63-3
23	11115-99-4
23	11125-23-8
23	11133-88-3
23	111369-71-2
23	111369-72-3
23	11140-60-6
23	11140-61-7
23	111568-26-4
23	112073-63-9
23	112099-83-9
23	112131-82-5
23	112131-87-0
23	112285-95-7
23	1123-91-7
23	112965-42-1
23	1132-39-4
23	113228-99-2
23	113229-01-9
23	113329-64-9
23	113553-55-2
23	115233-24-4
23	115493-57-7
23	116065-96-4
23	116099-09-3
23	116473-38-2
23	116812-56-7
23	117449-21-5
23	117449-22-6
23	118340-36-6
23	118478-84-5
23	1187-56-0
23	1189246-68-1
23	1195144-19-4
23	12002-67-4
23	12002-86-7
23	12006-05-2
23	12006-06-3
23	12014-94-7
23	120148-08-5
23	120149-75-9
23	120149-76-0
23	12018-83-6
23	12018-95-0
23	12020-04-1
23	12020-38-1
23	12020-66-5
23	12022-94-5
23	12024-11-2
23	12024-24-7
23	12024-90-7
23	12029-87-7
23	12031-51-5
23	12033-59-9
23	12034-77-4
23	12035-33-5
23	12036-87-2
23	12038-08-3
23	12038-64-1
23	12039-21-3
23	12039-51-9
23	12039-52-0
23	12039-53-1
23	12039-54-2
23	12039-55-3
23	12044-31-4
23	12044-57-4
23	12053-13-3
23	12054-10-3
23	12056-07-4
23	12058-18-3
23	12063-28-4
23	12063-40-0
23	12065-10-0
23	12065-11-1
23	12067-45-7
23	12067-46-8
23	12068-69-8
23	12068-80-3
23	12069-00-0
23	12136-60-6
23	12137-13-2
23	12137-76-7
23	12138-21-5
23	1214720-55-4
23	12162-21-9
23	12162-60-6
23	12163-21-2
23	12164-90-8
23	12166-43-7
23	12166-47-1
23	12179-01-0
23	121949-12-0
23	12201-85-3
23	1220118-41-1
23	12213-70-6
23	12214-12-9
23	122163-00-2
23	1221821-47-1
23	12232-25-6
23	122572-70-7
23	122572-71-8
23	12268-66-5
23	12299-33-1
23	12299-34-2
23	12299-35-3
23	12299-38-6
23	12299-42-2
23	12299-43-3
23	12299-46-6
23	12299-48-8
23	12299-49-9
23	12299-51-3
23	12299-98-8
23	123517-16-8
23	123517-41-9
23	12397-00-1
23	12397-16-9
23	12400-33-8
23	124205-86-3
23	12534-09-7
23	1253906-76-1
23	125694-36-2
23	1258273-87-8
23	12626-31-2
23	12626-36-7
23	12640-29-8
23	12640-30-1
23	12640-89-0
23	12641-96-2
23	126424-27-9
23	126424-28-0
23	126424-29-1
23	126424-30-4
23	126424-31-5
23	126424-32-6
23	126424-33-7
23	12656-50-7
23	12656-57-4
23	126999-21-1
23	127242-58-4
23	127276-99-7
23	127277-00-3
23	127277-01-4
23	127277-02-5
23	127277-03-6
23	12733-65-2
23	127764-45-8
23	128714-96-5
23	128715-78-6
23	129618-34-4
23	130110-53-1
23	130110-54-2
23	130176-30-6
23	130176-31-7
23	130176-32-8
23	130176-33-9
23	1302-09-6
23	1302-82-5
23	1303-36-2
23	1303-37-3
23	1303-62-4
23	1304-39-8
23	1305-84-6
23	1306-24-7
23	1307-99-9
23	1308-79-8
23	130930-70-0
23	130930-71-1
23	130930-72-2
23	130930-73-3
23	130930-74-4
23	130930-75-5
23	130930-76-6
23	130930-77-7
23	130989-19-4
23	1310-32-3
23	131063-24-6
23	131098-48-1
23	1312-74-9
23	1313-04-8
23	1313-22-0
23	1313-85-5
23	1314-05-2
23	1314-86-9
23	1315-05-5
23	1315-06-6
23	1315-07-7
23	1315-08-8
23	1315-09-9
23	131599-73-0
23	131599-74-1
23	131599-76-3
23	1317-41-5
23	132851-72-0
23	133333-94-5
23	133333-95-6
23	133333-96-7
23	133334-06-2
23	133334-07-3
23	133630-12-3
23	133631-64-8
23	133927-17-0
23	13410-01-0
23	13446-28-1
23	1345-10-4
23	13465-62-8
23	13465-66-2
23	134775-50-1
23	1357629-22-1
23	135954-00-6
23	13597-46-1
23	13597-54-1
23	136-92-5
23	136543-49-2
23	136543-50-5
23	136543-51-6
23	136849-35-9
23	1369526-72-6
23	13718-59-7
23	13768-86-0
23	13780-18-2
23	13814-59-0
23	13814-62-5
23	14013-56-0
23	14019-91-1
23	14124-68-6
23	141676-86-0
23	14265-71-5
23	14265-71-5
23	1436428-29-3
23	144-34-3
23	144507-49-3
23	14459-36-0
23	1449-68-9
23	144972-86-1
23	14590-19-3
23	14590-38-6
23	1462878-70-1
23	1464-42-2
23	1464-43-3
23	14687-60-6
23	14687-60-6
23	146922-05-6
23	14696-77-6
23	1482-82-2
23	14832-90-7
23	14902-95-5
23	14984-81-7
23	14986-53-9
23	14986-91-5
23	15025-89-5
23	1504562-52-0
23	15060-62-5
23	15123-69-0
23	15123-92-9
23	15123-97-4
23	15168-20-4
23	1520097-13-5
23	15267-04-6
23	15422-57-8
23	15422-57-8
23	15422-58-9
23	15422-58-9
23	15457-71-3
23	15457-72-4
23	15498-87-0
23	15572-25-5
23	15586-47-7
23	15593-51-8
23	15593-52-9
23	15593-61-0
23	15615-72-2
23	15702-34-8
23	15758-45-9
23	15758-45-9
23	15855-80-8
23	1603-84-5
23	1605283-50-8
23	16142-89-5
23	1623456-05-2
23	1627498-60-5
23	1645316-98-8
23	1666-13-3
23	174817-89-1
23	17508-29-1
23	1755-36-8
23	17587-38-1
23	17587-39-2
23	17587-42-7
23	17697-12-0
23	1773514-66-1
23	1773514-92-3
23	1776097-03-0
23	17852-69-6
23	17893-55-9
23	1799735-35-5
23	18312-66-8
23	1879054-37-1
23	1898210-10-0
23	18987-38-7
23	19188-18-2
23	1926976-90-0
23	19632-73-6
23	19869-93-3
23	19869-93-3
23	20333-40-8
23	20405-64-5
23	20541-49-5
23	20601-83-6
23	20612-73-1
23	2068005-39-8
23	20819-54-9
23	2087110-63-0
23	20960-77-4
23	21198-79-8
23	21559-14-8
23	2179-79-5
23	2196169-62-5
23	2222122-62-3
23	22262-18-6
23	22541-55-5
23	22626-92-2
23	22739-14-6
23	2412416-26-1
23	2414965-66-3
23	2424-09-1
23	24493-83-2
23	24493-84-3
23	24495-43-0
23	24495-59-8
23	24687-31-8
23	24687-35-2
23	247177-47-5
23	2490500-45-1
23	25425-97-2
23	25468-09-1
23	2574-71-2
23	2578-27-0
23	2578-28-1
23	25930-79-4
23	26046-90-2
23	2626-34-8
23	26271-85-2
23	264921-16-6
23	2697-61-2
23	26970-82-1
23	272-30-0
23	27218-12-8
23	2724228-22-0
23	273-15-4
23	2749963-13-9
23	2777-58-4
23	2786-43-8
23	28041-84-1
23	2818-88-4
23	2818-89-5
23	2870-37-3
23	2870-38-4
23	288-05-1
23	2897-21-4
23	29411-74-3
23	2946-15-8
23	2946-17-0
23	2946-20-5
23	29528-97-0
23	29621-88-3
23	29680-54-4
23	2996841-70-2
23	309242-70-4
23	309242-71-5
23	31052-43-4
23	31052-46-7
23	3211-76-5
23	32835-25-9
23	32835-32-8
23	33144-86-4
23	33609-19-7
23	3425-46-5
23	34276-89-6
23	34837-55-3
23	35350-43-7
23	3542-13-0
23	35498-95-4
23	35507-35-8
23	36297-89-9
23	37256-15-8
23	37256-16-9
23	37256-19-2
23	37258-85-8
23	37276-15-6
23	37280-17-4
23	37359-15-2
23	37368-02-8
23	37773-02-7
23	378784-17-9
23	378784-19-1
23	38344-58-0
23	38650-20-3
23	3878-44-2
23	38942-59-5
23	39254-48-3
23	39290-81-8
23	39354-17-1
23	39356-63-3
23	39399-60-5
23	39404-76-7
23	39712-38-4
23	39981-05-0
23	40093-99-0
23	40278-95-3
23	41262-21-9
23	41292-06-2
23	42423-89-2
23	42905-02-2
23	4671-93-6
23	4730-83-0
23	50378-83-1
23	506-80-9
23	50647-14-8
23	50829-23-7
23	50926-12-0
23	50954-17-1
23	5117-16-8
23	5117-17-9
23	51593-99-8
23	51682-05-4
23	51682-74-7
23	51682-77-0
23	51694-22-5
23	51799-69-0
23	51882-60-1
23	52126-83-7
23	52513-84-5
23	52685-95-7
23	5270-30-4
23	53800-83-2
23	53808-74-5
23	53808-76-7
23	5456-28-0
23	55259-49-9
23	5533-46-0
23	55425-27-9
23	55509-78-9
23	55811-25-1
23	56051-04-8
23	56051-08-2
23	56093-45-9
23	56253-60-2
23	5707-04-0
23	57478-60-1
23	57673-50-4
23	57897-99-1
23	58127-88-1
23	5819-01-2
23	58339-34-7
23	593-79-3
23	59544-89-7
23	59918-84-2
23	60763-24-8
23	60860-63-1
23	60940-34-3
23	62042-25-5
23	62524-93-0
23	62559-75-5
23	627-53-2
23	628-39-7
23	62930-81-8
23	630-10-4
23	63090-47-1
23	63149-25-7
23	63795-61-9
23	63815-64-5
23	63815-75-8
23	63815-76-9
23	63815-80-5
23	63815-98-5
23	63816-07-9
23	63816-14-8
23	63816-15-9
23	63816-16-0
23	63816-17-1
23	63870-44-0
23	63870-48-4
23	63906-49-0
23	63906-50-3
23	63907-45-9
23	63981-20-4
23	63981-21-5
23	63990-56-7
23	64046-00-0
23	64046-56-6
23	64050-25-5
23	645-96-5
23	6486-05-1
23	65027-50-1
23	6512-83-0
23	65294-08-8
23	6547-08-6
23	6596-50-5
23	66142-22-1
23	66375-26-6
23	66455-76-3
23	66472-85-3
23	66590-78-1
23	66732-34-1
23	67014-91-9
23	67465-26-3
23	67711-96-0
23	67711-97-1
23	67711-98-2
23	67711-99-3
23	67712-00-9
23	67800-88-8
23	6810-64-6
23	68413-87-6
23	68443-89-0
23	68516-47-2
23	68541-88-8
23	68555-40-8
23	68611-66-5
23	68758-81-6
23	69012-41-5
23	69029-55-6
23	69029-88-5
23	6918-51-0
23	695161-38-7
23	6996-92-5
23	70134-26-8
23	70679-43-5
23	70714-63-5
23	70867-60-6
23	70942-37-9
23	7101-31-7
23	71098-88-9
23	71243-75-9
23	72443-10-8
23	72473-22-4
23	72491-44-2
23	72924-94-8
23	7310-87-4
23	73506-32-8
23	73508-21-1
23	7361-89-9
23	7370-58-3
23	74037-18-6
23	7446-08-4
23	7446-15-3
23	7446-17-5
23	7446-21-1
23	7446-22-2
23	7446-24-4
23	7446-34-6
23	74749-97-6
23	7488-51-9
23	7488-56-4
23	75926-20-4
23	75926-21-5
23	75926-22-6
23	75926-26-0
23	75926-27-1
23	75926-28-2
23	75926-29-3
23	75926-30-6
23	75935-37-4
23	76213-48-4
23	76371-73-8
23	7698-91-1
23	7722-06-7
23	7782-49-2
23	7782-70-9
23	7782-82-3
23	7783-00-8
23	7783-07-5
23	7783-08-6
23	7783-19-9
23	7783-21-3
23	7783-43-9
23	7783-79-1
23	7784-05-6
23	7784-07-8
23	7787-41-9
23	7788-94-5
23	7789-51-7
23	7789-52-8
23	7789-65-3
23	7790-59-2
23	7790-71-8
23	7790-74-1
23	7791-23-3
23	83143-69-5
23	83783-61-3
23	84255-09-4
23	845890-99-5
23	85050-02-8
23	85050-03-9
23	85539-83-9
23	856616-83-6
23	860308-46-9
23	860592-69-4
23	873660-49-2
23	87612-48-4
23	877454-24-5
23	879546-05-1
23	88608-76-8
23	89703-05-9
23	90218-42-1
23	90466-79-8
23	909-64-8
23	920-25-2
23	92062-13-0
23	92128-37-5
23	92484-66-7
23	93838-99-4
23	93839-00-0
23	93857-70-6
23	93857-89-7
23	93964-28-4
23	94158-30-2
23	94166-38-8
23	94166-40-2
23	94213-13-5
23	957799-13-2
23	95788-45-7
23	97507-71-6
23	98191-69-6
23	988-93-2
23	99646-59-0
23	99646-60-3
23	99646-61-4
23	99646-62-5
23	99646-63-6
23	99646-64-7
23	99646-65-8
23	99646-69-2
23	99811-54-8
23	P-15-0059
23	RR-00485-3
23	RR-00612-2
23	RR-01919-2
23	RR-04026-6
23	RR-04552-3
23	RR-14741-1
23	RR-14872-1
23	RR-34608-7
23	RR-34653-2
23	RR-35224-9
23	RR-35401-8
23	RR-35957-9
23	RR-36767-9
23	RR-37334-2
23	RR-37537-1
23	RR-38927-5
23	RR-42178-3
23	RR-42851-3
23	RR-43729-6
23	RR-43833-5
23	RR-45490-0
23	RR-46259-9
23	RR-46260-2
23	RR-46261-3
23	RR-56256-1
23	UN1905
23	UN2194
23	UN2202
23	UN2630
23	UN2657
23	UN2879
24	100-89-0
24	100-89-0
24	1000068-23-4
24	1000068-23-4
24	100124-06-9
24	100124-06-9
24	1001907-57-8
24	1001907-57-8
24	10024-10-9
24	10024-10-9
24	1003298-84-7
24	1003298-84-7
24	1003300-72-8
24	1003300-72-8
24	100379-00-8
24	100379-00-8
24	1003845-06-4
24	1003845-06-4
24	1003845-08-6
24	1003845-08-6
24	1004-35-9
24	1004-35-9
24	10043-11-5
24	10043-11-5
24	10043-35-3
24	10043-35-3
24	10049-36-2
24	10049-36-2
24	100622-34-2
24	100622-34-2
24	100629-17-2
24	100629-17-2
24	100696-37-5
24	100696-37-5
24	1008106-86-2
24	1008106-86-2
24	100858-40-0
24	100858-40-0
24	1008796-82-4
24	1008796-82-4
24	100960-11-0
24	100960-11-0
24	1009807-59-3
24	1009807-59-3
24	100991-78-4
24	100991-78-4
24	101-36-0
24	101-36-0
24	1010068-85-5
24	1010068-85-5
24	1012084-56-8
24	1012084-56-8
24	101251-09-6
24	101251-09-6
24	101269-67-4
24	101269-67-4
24	101359-30-2
24	101359-30-2
24	10164-64-4
24	10164-64-4
24	10167-67-6
24	10167-67-6
24	101794-85-8
24	101794-85-8
24	101794-86-9
24	101794-86-9
24	101830-33-5
24	101830-33-5
24	101896-29-1
24	101896-29-1
24	101896-31-5
24	101896-31-5
24	10192-46-8
24	10192-46-8
24	102-24-9
24	102-24-9
24	102-98-7
24	102-98-7
24	1020537-36-3
24	1020537-36-3
24	102110-26-9
24	102110-26-9
24	102110-27-0
24	102110-27-0
24	102110-28-1
24	102110-28-1
24	102110-29-2
24	102110-29-2
24	10214-39-8
24	10214-39-8
24	10220-75-4
24	10220-75-4
24	1024017-53-5
24	1024017-53-5
24	1025719-23-6
24	1025719-23-6
24	102667-32-3
24	102667-32-3
24	1026991-29-6
24	1026991-29-6
24	1026991-29-6
24	1026991-29-6
24	10290-09-2
24	10290-09-2
24	1029089-63-1
24	1029089-63-1
24	102931-96-4
24	102931-96-4
24	10294-33-4
24	10294-33-4
24	10294-34-5
24	10294-34-5
24	102967-73-7
24	102967-73-7
24	10325-39-0
24	10325-39-0
24	1032758-80-7
24	1032758-80-7
24	1032759-30-0
24	1032759-30-0
24	103287-47-4
24	103287-47-4
24	10332-33-9
24	10332-33-9
24	1033592-49-2
24	1033592-49-2
24	103443-42-1
24	103443-42-1
24	103443-43-2
24	103443-43-2
24	103458-51-1
24	103458-51-1
24	103458-52-2
24	103458-52-2
24	103458-53-3
24	103458-53-3
24	103479-10-3
24	103479-10-3
24	1034924-06-5
24	1034924-06-5
24	103530-80-9
24	103530-80-9
24	103570-41-8
24	103570-41-8
24	10361-94-1
24	10361-94-1
24	10365-98-7
24	10365-98-7
24	103650-99-3
24	103650-99-3
24	1037067-65-4
24	1037067-65-4
24	103749-26-4
24	103749-26-4
24	10377-81-8
24	10377-81-8
24	10379-90-5
24	10379-90-5
24	103799-70-8
24	103799-70-8
24	10380-06-0
24	10380-06-0
24	10388-28-0
24	10388-28-0
24	1039387-27-3
24	1039387-27-3
24	1039387-28-4
24	1039387-28-4
24	103986-53-4
24	103986-53-4
24	103989-84-0
24	103989-84-0
24	104114-70-7
24	104114-70-7
24	104116-17-8
24	104116-17-8
24	104376-24-1
24	104376-24-1
24	1046785-37-8
24	1046785-37-8
24	104716-22-5
24	104716-22-5
24	104780-67-8
24	104780-67-8
24	1048008-82-7
24	1048008-82-7
24	10486-00-7
24	10486-00-7
24	1049687-34-4
24	1049687-34-4
24	10504-60-6
24	10504-60-6
24	105224-90-6
24	105224-90-6
24	10535-03-2
24	10535-03-2
24	10555-76-7
24	10555-76-7
24	105560-52-9
24	105560-52-9
24	1056477-09-8
24	1056477-09-8
24	1058062-64-8
24	1058062-64-8
24	10581-11-0
24	10581-11-0
24	106008-93-9
24	106008-93-9
24	106008-94-0
24	106008-94-0
24	106083-56-1
24	106083-56-1
24	106083-57-2
24	106083-57-2
24	106102-84-5
24	106102-84-5
24	106143-68-4
24	106143-68-4
24	106210-01-9
24	106210-01-9
24	106210-02-0
24	106210-02-0
24	106356-53-0
24	106356-53-0
24	106372-94-5
24	106372-94-5
24	1065010-88-9
24	1065010-88-9
24	106951-44-4
24	106951-44-4
24	106996-53-6
24	106996-53-6
24	107065-10-1
24	107065-10-1
24	107099-99-0
24	107099-99-0
24	107264-09-5
24	107264-09-5
24	1072943-15-7
24	1072943-15-7
24	1072944-18-3
24	1072944-18-3
24	1072951-89-3
24	1072951-89-3
24	1072952-25-0
24	1072952-25-0
24	1073354-70-7
24	1073354-70-7
24	1073354-74-1
24	1073354-74-1
24	1073355-14-2
24	1073355-14-2
24	1073371-99-9
24	1073371-99-9
24	107500-09-4
24	107500-09-4
24	107500-10-7
24	107500-10-7
24	107758-58-7
24	107758-58-7
24	107763-05-3
24	107763-05-3
24	107763-06-4
24	107763-06-4
24	107827-91-8
24	107827-91-8
24	107929-40-8
24	107929-40-8
24	1082208-66-9
24	1082208-66-9
24	108662-77-7
24	108662-77-7
24	1087345-28-5
24	1087345-28-5
24	108847-20-7
24	108847-20-7
24	108847-76-3
24	108847-76-3
24	1088528-17-9
24	1088528-17-9
24	108915-51-1
24	108915-51-1
24	10894-33-4
24	10894-33-4
24	109-63-7
24	109-63-7
24	109001-02-7
24	109001-02-7
24	109299-78-7
24	109299-78-7
24	109339-49-3
24	109339-49-3
24	1093407-58-9
24	1093407-58-9
24	1095-03-0
24	1095-03-0
24	109532-46-9
24	109532-46-9
24	109604-88-8
24	109604-88-8
24	109704-86-1
24	109704-86-1
24	109704-87-2
24	109704-87-2
24	109704-88-3
24	109704-88-3
24	109911-66-2
24	109911-66-2
24	110-51-0
24	110-51-0
24	110271-56-2
24	110271-56-2
24	1104011-35-9
24	1104011-35-9
24	1104637-40-2
24	1104637-40-2
24	110601-75-7
24	110601-75-7
24	110602-07-8
24	110602-07-8
24	110603-36-6
24	110603-36-6
24	110622-74-7
24	110622-74-7
24	110659-93-3
24	110659-93-3
24	1106784-67-1
24	1106784-67-1
24	110686-90-3
24	110686-90-3
24	110687-04-2
24	110687-04-2
24	110687-06-4
24	110687-06-4
24	110687-07-5
24	110687-07-5
24	11070-95-4
24	11070-95-4
24	11070-96-5
24	11070-96-5
24	11071-48-0
24	11071-48-0
24	11071-55-9
24	11071-55-9
24	11081-84-8
24	11081-84-8
24	110831-31-7
24	110831-31-7
24	110881-46-4
24	110881-46-4
24	1109-15-5
24	1109-15-5
24	11092-86-7
24	11092-86-7
24	11097-89-5
24	11097-89-5
24	11099-25-5
24	11099-25-5
24	11113-50-1
24	11113-50-1
24	11121-16-7
24	11121-16-7
24	11128-29-3
24	11128-29-3
24	11128-98-6
24	11128-98-6
24	1113-78-6
24	1113-78-6
24	11130-11-3
24	11130-11-3
24	11130-12-4
24	11130-12-4
24	11130-13-5
24	11130-13-5
24	11138-47-9
24	11138-47-9
24	1115251-57-4
24	1115251-57-4
24	1115639-92-3
24	1115639-92-3
24	1116-39-8
24	1116-39-8
24	1116-61-6
24	1116-61-6
24	111821-49-9
24	111821-49-9
24	112022-83-0
24	112022-83-0
24	112155-41-6
24	112155-41-6
24	112155-42-7
24	112155-42-7
24	112155-43-8
24	112155-43-8
24	112155-44-9
24	112155-44-9
24	112155-45-0
24	112155-45-0
24	112204-57-6
24	112204-57-6
24	112539-55-6
24	112539-55-6
24	112592-62-8
24	112592-62-8
24	112653-88-0
24	112653-88-0
24	112653-89-1
24	112653-89-1
24	112653-90-4
24	112653-90-4
24	112874-88-1
24	112874-88-1
24	112909-91-8
24	112909-91-8
24	113114-04-8
24	113114-04-8
24	113160-32-0
24	113160-32-0
24	1132709-14-8
24	1132709-14-8
24	1132709-15-9
24	1132709-15-9
24	1132709-16-0
24	1132709-16-0
24	1135-51-9
24	1135-51-9
24	113784-20-6
24	113784-20-6
24	113787-07-8
24	113787-07-8
24	113787-08-9
24	113787-08-9
24	113893-08-6
24	113893-08-6
24	1142363-56-1
24	1142363-56-1
24	114367-12-3
24	114367-12-3
24	114492-02-3
24	114492-02-3
24	1147315-11-4
24	1147315-11-4
24	114803-11-1
24	114803-11-1
24	114901-42-7
24	114901-42-7
24	114901-43-8
24	114901-43-8
24	114965-83-2
24	114965-83-2
24	114965-84-3
24	114965-84-3
24	115-81-1
24	115-81-1
24	1150114-77-4
24	1150114-77-4
24	1150114-80-9
24	1150114-80-9
24	115372-65-1
24	115372-65-1
24	115372-66-2
24	115372-66-2
24	115377-94-1
24	115377-94-1
24	115390-29-9
24	115390-29-9
24	1155911-88-8
24	1155911-88-8
24	115656-07-0
24	115656-07-0
24	1158178-98-3
24	1158178-98-3
24	1158840-74-4
24	1158840-74-4
24	115887-05-3
24	115887-05-3
24	1160102-15-7
24	1160102-15-7
24	116049-38-8
24	116049-38-8
24	1160561-31-8
24	1160561-31-8
24	1161937-32-1
24	1161937-32-1
24	116285-03-1
24	116285-03-1
24	116285-04-2
24	116285-04-2
24	116348-63-1
24	116348-63-1
24	116378-40-6
24	116378-40-6
24	116590-53-5
24	116590-53-5
24	1165936-00-4
24	1165936-00-4
24	1167418-13-4
24	1167418-13-4
24	1168135-03-2
24	1168135-03-2
24	116999-16-7
24	116999-16-7
24	117051-57-7
24	117051-57-7
24	117098-93-8
24	117098-93-8
24	117151-71-0
24	117151-71-0
24	117167-50-7
24	117167-50-7
24	117315-62-5
24	117315-62-5
24	117315-63-6
24	117315-63-6
24	117440-22-9
24	117440-22-9
24	117522-01-7
24	117522-01-7
24	117522-03-9
24	117522-03-9
24	117603-38-0
24	117603-38-0
24	1178564-64-1
24	1178564-64-1
24	117947-85-0
24	117947-85-0
24	118062-05-8
24	118062-05-8
24	1184730-82-2
24	1184730-82-2
24	1184850-50-7
24	1184850-50-7
24	118574-17-7
24	118574-17-7
24	118601-90-4
24	118601-90-4
24	118612-00-3
24	118612-00-3
24	1186126-93-1
24	1186126-93-1
24	1186126-94-2
24	1186126-94-2
24	118648-53-6
24	118648-53-6
24	1187571-02-3
24	1187571-02-3
24	118786-96-2
24	118786-96-2
24	1189141-72-7
24	1189141-72-7
24	1189141-74-9
24	1189141-74-9
24	118956-66-4
24	118956-66-4
24	1190226-63-1
24	1190226-63-1
24	119192-22-2
24	119192-22-2
24	1192423-33-8
24	1192423-33-8
24	119264-78-7
24	119264-78-7
24	119495-39-5
24	119495-39-5
24	1195-66-0
24	1195-66-0
24	1195511-56-8
24	1195511-56-8
24	1195511-66-0
24	1195511-66-0
24	1195995-72-2
24	1195995-72-2
24	119618-67-6
24	119618-67-6
24	119634-42-3
24	119634-42-3
24	119719-34-5
24	119719-34-5
24	119719-35-6
24	119719-35-6
24	119719-36-7
24	119719-36-7
24	119719-37-8
24	119719-37-8
24	119720-10-4
24	119720-10-4
24	119855-17-3
24	119855-17-3
24	12001-68-2
24	12001-68-2
24	12005-61-7
24	12005-61-7
24	12005-69-5
24	12005-69-5
24	12005-70-8
24	12005-70-8
24	12006-77-8
24	12006-77-8
24	12006-78-9
24	12006-78-9
24	12006-79-0
24	12006-79-0
24	12006-80-3
24	12006-80-3
24	12006-84-7
24	12006-84-7
24	12006-85-8
24	12006-85-8
24	12006-86-9
24	12006-86-9
24	12006-98-3
24	12006-98-3
24	12006-99-4
24	12006-99-4
24	12007-00-0
24	12007-00-0
24	12007-01-1
24	12007-01-1
24	12007-02-2
24	12007-02-2
24	12007-07-7
24	12007-07-7
24	12007-08-8
24	12007-08-8
24	12007-09-9
24	12007-09-9
24	12007-10-2
24	12007-10-2
24	12007-16-8
24	12007-16-8
24	12007-18-0
24	12007-18-0
24	12007-23-7
24	12007-23-7
24	12007-24-8
24	12007-24-8
24	12007-25-9
24	12007-25-9
24	12007-27-1
24	12007-27-1
24	12007-28-2
24	12007-28-2
24	12007-29-3
24	12007-29-3
24	12007-33-9
24	12007-33-9
24	12007-34-0
24	12007-34-0
24	12007-35-1
24	12007-35-1
24	12007-36-2
24	12007-36-2
24	12007-37-3
24	12007-37-3
24	12007-38-4
24	12007-38-4
24	12007-40-8
24	12007-40-8
24	12007-41-9
24	12007-41-9
24	12007-42-0
24	12007-42-0
24	12007-46-4
24	12007-46-4
24	12007-56-6
24	12007-56-6
24	12007-57-7
24	12007-57-7
24	12007-58-8
24	12007-58-8
24	12007-60-2
24	12007-60-2
24	12007-61-3
24	12007-61-3
24	12007-62-4
24	12007-62-4
24	12007-66-8
24	12007-66-8
24	12007-67-9
24	12007-67-9
24	12007-73-7
24	12007-73-7
24	12007-81-7
24	12007-81-7
24	12007-83-9
24	12007-83-9
24	12007-84-0
24	12007-84-0
24	12007-88-4
24	12007-88-4
24	12007-89-5
24	12007-89-5
24	12007-90-8
24	12007-90-8
24	12007-91-9
24	12007-91-9
24	12007-92-0
24	12007-92-0
24	12007-97-5
24	12007-97-5
24	12007-98-6
24	12007-98-6
24	12007-99-7
24	12007-99-7
24	12008-02-5
24	12008-02-5
24	12008-04-7
24	12008-04-7
24	12008-05-8
24	12008-05-8
24	12008-06-9
24	12008-06-9
24	12008-21-8
24	12008-21-8
24	12008-23-0
24	12008-23-0
24	12008-25-2
24	12008-25-2
24	12008-27-4
24	12008-27-4
24	12008-29-6
24	12008-29-6
24	12008-30-9
24	12008-30-9
24	12008-31-0
24	12008-31-0
24	12008-32-1
24	12008-32-1
24	12008-33-2
24	12008-33-2
24	12008-40-1
24	12008-40-1
24	12008-41-2
24	12008-41-2
24	12008-61-6
24	12008-61-6
24	12008-75-2
24	12008-75-2
24	12008-78-5
24	12008-78-5
24	12008-82-1
24	12008-82-1
24	12011-54-0
24	12011-54-0
24	120114-03-6
24	120114-03-6
24	120149-44-2
24	120149-44-2
24	120153-08-4
24	120153-08-4
24	120307-06-4
24	120307-06-4
24	120317-02-4
24	120317-02-4
24	1203809-92-0
24	1203809-92-0
24	12040-58-3
24	12040-58-3
24	12040-72-1
24	12040-72-1
24	12041-50-8
24	12041-50-8
24	12041-54-2
24	12041-54-2
24	12045-01-1
24	12045-01-1
24	12045-15-7
24	12045-15-7
24	12045-16-8
24	12045-16-8
24	12045-19-1
24	12045-19-1
24	12045-23-7
24	12045-23-7
24	12045-25-9
24	12045-25-9
24	12045-27-1
24	12045-27-1
24	12045-28-2
24	12045-28-2
24	12045-29-3
24	12045-29-3
24	12045-40-8
24	12045-40-8
24	12045-54-4
24	12045-54-4
24	12045-56-6
24	12045-56-6
24	12045-58-8
24	12045-58-8
24	12045-60-2
24	12045-60-2
24	12045-63-5
24	12045-63-5
24	12045-64-6
24	12045-64-6
24	12045-67-9
24	12045-67-9
24	12045-71-5
24	12045-71-5
24	12045-77-1
24	12045-77-1
24	12045-78-2
24	12045-78-2
24	12045-88-4
24	12045-88-4
24	12045-93-1
24	12045-93-1
24	12045-94-2
24	12045-94-2
24	12046-03-6
24	12046-03-6
24	12046-04-7
24	12046-04-7
24	12046-08-1
24	12046-08-1
24	12046-33-2
24	12046-33-2
24	12046-36-5
24	12046-36-5
24	12046-37-6
24	12046-37-6
24	12046-54-7
24	12046-54-7
24	12046-55-8
24	12046-55-8
24	12046-71-8
24	12046-71-8
24	12046-75-2
24	12046-75-2
24	12046-88-7
24	12046-88-7
24	12046-89-8
24	12046-89-8
24	12046-91-2
24	12046-91-2
24	120471-30-9
24	120471-30-9
24	1206641-26-0
24	1206641-26-0
24	12069-32-8
24	12069-32-8
24	12070-78-9
24	12070-78-9
24	12070-92-7
24	12070-92-7
24	12075-36-4
24	12075-36-4
24	12075-73-9
24	12075-73-9
24	120806-21-5
24	120806-21-5
24	120806-22-6
24	120806-22-6
24	120806-23-7
24	120806-23-7
24	12081-54-8
24	12081-54-8
24	12084-74-1
24	12084-74-1
24	121-43-7
24	121-43-7
24	121021-24-7
24	121021-24-7
24	12107-76-5
24	12107-76-5
24	121124-97-8
24	121124-97-8
24	12113-07-4
24	12113-07-4
24	12115-61-6
24	12115-61-6
24	121219-12-3
24	121219-12-3
24	121219-16-7
24	121219-16-7
24	121263-57-8
24	121263-57-8
24	121458-81-9
24	121458-81-9
24	1214752-85-8
24	1214752-85-8
24	1214752-86-9
24	1214752-86-9
24	1214752-87-0
24	1214752-87-0
24	12152-94-2
24	12152-94-2
24	121554-18-5
24	121554-18-5
24	12170-19-3
24	12170-19-3
24	1217267-31-6
24	1217267-31-6
24	12179-04-3
24	12179-04-3
24	12179-62-3
24	12179-62-3
24	121833-97-4
24	121833-97-4
24	121833-98-5
24	121833-98-5
24	122-56-5
24	122-56-5
24	122021-38-9
24	122021-38-9
24	122094-82-0
24	122094-82-0
24	122141-73-5
24	122141-73-5
24	12228-13-6
24	12228-13-6
24	12228-28-3
24	12228-28-3
24	12228-39-6
24	12228-39-6
24	12228-40-9
24	12228-40-9
24	12228-45-4
24	12228-45-4
24	12228-49-8
24	12228-49-8
24	12228-50-1
24	12228-50-1
24	12228-69-2
24	12228-69-2
24	12228-87-4
24	12228-87-4
24	12228-91-0
24	12228-91-0
24	12229-02-6
24	12229-02-6
24	12229-03-7
24	12229-03-7
24	12229-13-9
24	12229-13-9
24	12229-42-4
24	12229-42-4
24	12229-63-9
24	12229-63-9
24	12230-30-7
24	12230-30-7
24	12230-32-9
24	12230-32-9
24	122326-45-8
24	122326-45-8
24	122326-46-9
24	122326-46-9
24	122390-67-4
24	122390-67-4
24	1224696-94-9
24	1224696-94-9
24	122574-96-3
24	122574-96-3
24	12258-53-6
24	12258-53-6
24	12260-22-9
24	12260-22-9
24	122600-40-2
24	122600-40-2
24	122600-41-3
24	122600-41-3
24	12263-77-3
24	12263-77-3
24	1226495-19-7
24	1226495-19-7
24	12265-21-3
24	12265-21-3
24	12267-73-1
24	12267-73-1
24	12271-95-3
24	12271-95-3
24	12271-96-4
24	12271-96-4
24	12271-98-6
24	12271-98-6
24	122775-35-3
24	122775-35-3
24	1227947-10-5
24	1227947-10-5
24	12280-03-4
24	12280-03-4
24	1228691-72-2
24	1228691-72-2
24	1228692-95-2
24	1228692-95-2
24	12291-65-5
24	12291-65-5
24	122996-62-7
24	122996-62-7
24	12305-68-9
24	12305-68-9
24	12305-71-4
24	12305-71-4
24	123051-21-8
24	123051-21-8
24	12307-40-3
24	12307-40-3
24	123088-59-5
24	123088-59-5
24	12310-43-9
24	12310-43-9
24	12310-44-0
24	12310-44-0
24	12310-47-3
24	12310-47-3
24	12313-74-5
24	12313-74-5
24	12316-49-3
24	12316-49-3
24	1231953-83-5
24	1231953-83-5
24	12322-79-1
24	12322-79-1
24	12322-85-9
24	12322-85-9
24	12330-68-6
24	12330-68-6
24	12330-74-4
24	12330-74-4
24	123334-27-0
24	123334-27-0
24	12344-76-2
24	12344-76-2
24	12346-97-3
24	12346-97-3
24	1234633-47-6
24	1234633-47-6
24	12351-99-4
24	12351-99-4
24	12359-99-8
24	12359-99-8
24	1236181-93-3
24	1236181-93-3
24	123627-59-8
24	123627-59-8
24	123627-60-1
24	123627-60-1
24	123627-61-2
24	123627-61-2
24	123627-62-3
24	123627-62-3
24	123627-63-4
24	123627-63-4
24	12386-10-6
24	12386-10-6
24	12409-02-8
24	12409-02-8
24	12409-08-4
24	12409-08-4
24	124205-69-2
24	124205-69-2
24	12421-53-3
24	12421-53-3
24	12421-54-4
24	12421-54-4
24	1242163-02-5
24	1242163-02-5
24	1242163-03-6
24	1242163-03-6
24	12429-66-2
24	12429-66-2
24	12429-94-6
24	12429-94-6
24	12430-27-2
24	12430-27-2
24	124304-90-1
24	124304-90-1
24	124304-91-2
24	124304-91-2
24	124304-92-3
24	124304-92-3
24	124304-95-6
24	124304-95-6
24	1243984-43-1
24	1243984-43-1
24	124411-50-3
24	124411-50-3
24	124423-20-7
24	124423-20-7
24	12446-87-6
24	12446-87-6
24	12447-38-0
24	12447-38-0
24	12447-40-4
24	12447-40-4
24	12447-59-5
24	12447-59-5
24	12447-61-9
24	12447-61-9
24	12448-25-8
24	12448-25-8
24	1246355-63-4
24	1246355-63-4
24	124697-00-3
24	124697-00-3
24	1247014-60-3
24	1247014-60-3
24	124747-65-5
24	124747-65-5
24	124756-59-8
24	124756-59-8
24	125022-34-6
24	125022-34-6
24	125025-86-7
24	125025-86-7
24	12505-77-0
24	12505-77-0
24	12505-83-8
24	12505-83-8
24	125063-87-8
24	125063-87-8
24	125078-58-2
24	125078-58-2
24	12513-18-7
24	12513-18-7
24	12513-27-8
24	12513-27-8
24	12524-03-7
24	12524-03-7
24	12536-51-5
24	12536-51-5
24	12536-52-6
24	12536-52-6
24	12537-86-9
24	12537-86-9
24	12539-98-9
24	12539-98-9
24	125391-69-7
24	125391-69-7
24	12540-04-4
24	12540-04-4
24	125431-77-8
24	125431-77-8
24	125441-92-1
24	125441-92-1
24	12545-87-8
24	12545-87-8
24	12550-98-0
24	12550-98-0
24	125552-50-3
24	125552-50-3
24	1256355-23-3
24	1256355-23-3
24	1256355-32-4
24	1256355-32-4
24	125700-67-6
24	125700-67-6
24	1257554-93-0
24	1257554-93-0
24	1258780-51-6
24	1258780-51-6
24	12589-11-6
24	12589-11-6
24	12589-17-2
24	12589-17-2
24	12589-37-6
24	12589-37-6
24	1259534-55-8
24	1259534-55-8
24	12602-45-8
24	12602-45-8
24	12619-64-6
24	12619-64-6
24	12619-68-0
24	12619-68-0
24	12619-90-8
24	12619-90-8
24	1262222-67-2
24	1262222-67-2
24	1262222-68-3
24	1262222-68-3
24	1262281-53-7
24	1262281-53-7
24	1262281-54-8
24	1262281-54-8
24	1262426-51-6
24	1262426-51-6
24	1262492-42-1
24	1262492-42-1
24	12626-91-4
24	12626-91-4
24	12627-39-3
24	12627-39-3
24	12627-80-4
24	12627-80-4
24	1262801-47-7
24	1262801-47-7
24	1262951-71-2
24	1262951-71-2
24	12631-71-9
24	12631-71-9
24	12634-09-2
24	12634-09-2
24	126345-68-4
24	126345-68-4
24	12640-42-5
24	12640-42-5
24	12653-55-3
24	12653-55-3
24	12653-88-2
24	12653-88-2
24	126604-56-6
24	126604-56-6
24	126604-75-9
24	126604-75-9
24	126604-76-0
24	126604-76-0
24	126661-05-0
24	126661-05-0
24	1266721-18-9
24	1266721-18-9
24	126689-01-8
24	126689-01-8
24	126726-62-3
24	126726-62-3
24	12673-91-5
24	12673-91-5
24	12673-92-6
24	12673-92-6
24	12674-33-8
24	12674-33-8
24	126747-14-6
24	126747-14-6
24	126757-08-2
24	126757-08-2
24	12676-27-6
24	12676-27-6
24	12676-28-7
24	12676-28-7
24	12676-29-8
24	12676-29-8
24	12676-62-9
24	12676-62-9
24	1268472-42-9
24	1268472-42-9
24	1268629-74-8
24	1268629-74-8
24	12688-51-6
24	12688-51-6
24	12688-52-7
24	12688-52-7
24	12692-95-4
24	12692-95-4
24	126931-72-4
24	126931-72-4
24	12703-76-3
24	12703-76-3
24	12703-76-3
24	12703-76-3
24	12707-29-8
24	12707-29-8
24	127087-85-8
24	127087-85-8
24	12710-06-4
24	12710-06-4
24	12712-38-8
24	12712-38-8
24	12712-39-9
24	12712-39-9
24	12712-70-8
24	12712-70-8
24	127241-61-6
24	127241-61-6
24	127335-77-7
24	127335-77-7
24	12737-39-2
24	12737-39-2
24	127408-00-8
24	127408-00-8
24	12741-10-5
24	12741-10-5
24	127486-87-7
24	127486-87-7
24	12758-22-4
24	12758-22-4
24	12758-24-6
24	12758-24-6
24	12767-90-7
24	12767-90-7
24	12769-33-4
24	12769-33-4
24	12777-46-7
24	12777-46-7
24	127800-89-9
24	127800-89-9
24	12785-49-8
24	12785-49-8
24	12788-79-3
24	12788-79-3
24	12794-91-1
24	12794-91-1
24	12795-04-9
24	12795-04-9
24	127972-02-5
24	127972-02-5
24	1282-37-7
24	1282-37-7
24	1283-58-5
24	1283-58-5
24	128312-11-8
24	128312-11-8
24	128376-64-7
24	128376-64-7
24	128388-54-5
24	128388-54-5
24	128409-73-4
24	128409-73-4
24	1284221-62-0
24	1284221-62-0
24	128733-85-7
24	128733-85-7
24	128767-51-1
24	128767-51-1
24	128767-52-2
24	128767-52-2
24	128796-39-4
24	128796-39-4
24	129211-47-8
24	129211-47-8
24	129235-97-8
24	129235-97-8
24	129271-98-3
24	129271-98-3
24	129306-33-8
24	129306-33-8
24	129672-77-1
24	129672-77-1
24	130005-28-6
24	130005-28-6
24	1301243-49-1
24	1301243-49-1
24	1301243-64-0
24	1301243-64-0
24	130125-94-9
24	130125-94-9
24	130125-95-0
24	130125-95-0
24	130125-96-1
24	130125-96-1
24	130144-46-6
24	130144-46-6
24	130293-66-2
24	130293-66-2
24	1303-67-9
24	1303-67-9
24	1303-68-0
24	1303-68-0
24	1303-72-6
24	1303-72-6
24	1303-73-7
24	1303-73-7
24	1303-74-8
24	1303-74-8
24	1303-86-2
24	1303-86-2
24	1303-92-0
24	1303-92-0
24	1303-93-1
24	1303-93-1
24	1303-94-2
24	1303-94-2
24	1303-94-2
24	1303-94-2
24	1303-96-4
24	1303-96-4
24	1303-97-5
24	1303-97-5
24	13034-02-1
24	13034-02-1
24	1304-00-3
24	1304-00-3
24	1304-01-4
24	1304-01-4
24	1304-02-5
24	1304-02-5
24	130459-08-4
24	130459-08-4
24	130536-01-5
24	130536-01-5
24	130540-08-8
24	130540-08-8
24	13061-96-6
24	13061-96-6
24	13072-44-1
24	13072-44-1
24	1310384-51-0
24	1310384-51-0
24	1310384-58-7
24	1310384-58-7
24	131112-05-5
24	131112-05-5
24	1313038-01-5
24	1313038-01-5
24	131344-48-4
24	131344-48-4
24	131347-01-8
24	131347-01-8
24	1314012-56-0
24	1314012-56-0
24	1314087-69-8
24	1314087-69-8
24	1314216-34-6
24	1314216-34-6
24	1315317-92-0
24	1315317-92-0
24	131534-65-1
24	131534-65-1
24	131549-38-7
24	131549-38-7
24	1318-33-8
24	1318-33-8
24	1318-40-7
24	1318-40-7
24	1319-33-1
24	1319-33-1
24	131935-17-6
24	131935-17-6
24	13195-76-1
24	13195-76-1
24	13205-44-2
24	13205-44-2
24	132238-44-9
24	132238-44-9
24	132315-59-4
24	132315-59-4
24	13276-04-5
24	13276-04-5
24	13283-31-3
24	13283-31-3
24	13289-97-9
24	13289-97-9
24	132901-21-4
24	132901-21-4
24	13292-87-0
24	13292-87-0
24	1330-43-4
24	1330-43-4
24	1330063-14-3
24	1330063-14-3
24	13308-51-5
24	13308-51-5
24	133097-00-4
24	133097-00-4
24	13317-64-1
24	13317-64-1
24	13319-75-0
24	13319-75-0
24	1332-07-6
24	1332-07-6
24	1332-28-1
24	1332-28-1
24	1332-77-0
24	1332-77-0
24	1333-73-9
24	1333-73-9
24	13331-23-2
24	13331-23-2
24	13331-27-6
24	13331-27-6
24	13331-55-0
24	13331-55-0
24	133441-42-6
24	133441-42-6
24	133441-46-0
24	133441-46-0
24	1335150-88-3
24	1335150-88-3
24	1337-26-4
24	1337-26-4
24	133730-34-4
24	133730-34-4
24	133951-38-9
24	133951-38-9
24	134030-71-0
24	134030-71-0
24	134150-01-9
24	134150-01-9
24	134161-99-2
24	134161-99-2
24	13423-86-4
24	13423-86-4
24	134398-22-4
24	134398-22-4
24	1344-07-6
24	1344-07-6
24	1344-90-7
24	1344-90-7
24	1345245-20-6
24	1345245-20-6
24	13453-69-5
24	13453-69-5
24	13460-50-9
24	13460-50-9
24	13460-51-0
24	13460-51-0
24	13465-88-8
24	13465-88-8
24	134758-95-5
24	134758-95-5
24	134896-34-7
24	134896-34-7
24	134914-32-2
24	134914-32-2
24	13510-31-1
24	13510-31-1
24	135145-90-3
24	135145-90-3
24	135156-10-4
24	135156-10-4
24	13517-10-7
24	13517-10-7
24	13517-20-9
24	13517-20-9
24	1352828-70-6
24	1352828-70-6
24	13533-00-1
24	13533-00-1
24	135403-53-1
24	135403-53-1
24	135495-66-8
24	135495-66-8
24	135518-85-3
24	135518-85-3
24	1356962-03-2
24	1356962-03-2
24	135884-31-0
24	135884-31-0
24	135890-30-1
24	135890-30-1
24	135929-44-1
24	135929-44-1
24	135954-05-1
24	135954-05-1
24	136040-19-2
24	136040-19-2
24	1361021-23-9
24	1361021-23-9
24	1361021-37-5
24	1361021-37-5
24	136349-33-2
24	136349-33-2
24	136466-94-9
24	136466-94-9
24	136496-72-5
24	136496-72-5
24	13669-76-6
24	13669-76-6
24	136710-93-5
24	136710-93-5
24	136770-24-6
24	136770-24-6
24	136770-25-7
24	136770-25-7
24	136770-26-8
24	136770-26-8
24	136770-27-9
24	136770-27-9
24	13682-77-4
24	13682-77-4
24	136938-73-3
24	136938-73-3
24	136938-74-4
24	136938-74-4
24	136938-75-5
24	136938-75-5
24	136938-76-6
24	136938-76-6
24	136939-06-5
24	136939-06-5
24	137002-26-7
24	137002-26-7
24	13701-59-2
24	13701-59-2
24	13701-60-5
24	13701-60-5
24	13701-61-6
24	13701-61-6
24	13701-64-9
24	13701-64-9
24	13701-66-1
24	13701-66-1
24	13701-67-2
24	13701-67-2
24	13701-68-3
24	13701-68-3
24	13703-82-7
24	13703-82-7
24	13703-84-9
24	13703-84-9
24	13703-85-0
24	13703-85-0
24	13703-86-1
24	13703-86-1
24	13703-94-1
24	13703-94-1
24	13703-96-3
24	13703-96-3
24	13703-99-6
24	13703-99-6
24	13709-66-5
24	13709-66-5
24	13709-86-9
24	13709-86-9
24	13709-93-8
24	13709-93-8
24	13709-94-9
24	13709-94-9
24	13709-95-0
24	13709-95-0
24	137297-49-5
24	137297-49-5
24	13730-91-1
24	13730-91-1
24	1373494-71-3
24	1373494-71-3
24	137456-23-6
24	137456-23-6
24	1374667-27-2
24	1374667-27-2
24	13755-29-8
24	13755-29-8
24	13762-51-1
24	13762-51-1
24	13764-83-5
24	13764-83-5
24	13764-84-6
24	13764-84-6
24	13766-26-2
24	13766-26-2
24	13766-28-4
24	13766-28-4
24	13767-36-7
24	13767-36-7
24	13767-68-5
24	13767-68-5
24	13768-60-0
24	13768-60-0
24	13768-64-4
24	13768-64-4
24	13769-41-0
24	13769-41-0
24	13770-24-6
24	13770-24-6
24	13773-00-7
24	13773-00-7
24	13774-56-6
24	13774-56-6
24	13780-71-7
24	13780-71-7
24	138-88-5
24	138-88-5
24	138072-88-5
24	138072-88-5
24	13813-78-0
24	13813-78-0
24	13813-79-1
24	13813-79-1
24	13814-93-2
24	13814-93-2
24	13814-96-5
24	13814-96-5
24	13814-97-6
24	13814-97-6
24	13814-98-7
24	13814-98-7
24	13826-27-2
24	13826-27-2
24	13826-83-0
24	13826-83-0
24	13826-86-3
24	13826-86-3
24	13826-88-5
24	13826-88-5
24	138265-88-0
24	138265-88-0
24	1383706-94-2
24	1383706-94-2
24	1383782-37-3
24	1383782-37-3
24	1383793-75-6
24	1383793-75-6
24	1383931-70-1
24	1383931-70-1
24	13840-10-3
24	13840-10-3
24	13840-54-5
24	13840-54-5
24	13840-55-6
24	13840-55-6
24	13840-56-7
24	13840-56-7
24	13840-87-4
24	13840-87-4
24	13840-88-5
24	13840-88-5
24	13840-94-3
24	13840-94-3
24	1384165-12-1
24	1384165-12-1
24	13862-62-9
24	13862-62-9
24	138642-62-3
24	138642-62-3
24	13876-97-6
24	13876-97-6
24	13876-98-7
24	13876-98-7
24	13877-16-2
24	13877-16-2
24	13877-16-2
24	13877-16-2
24	13877-20-8
24	13877-20-8
24	138900-55-7
24	138900-55-7
24	139-04-8
24	139-04-8
24	13922-41-3
24	13922-41-3
24	139301-27-2
24	139301-27-2
24	139354-75-9
24	139354-75-9
24	13965-73-6
24	13965-73-6
24	139754-81-7
24	139754-81-7
24	139911-27-6
24	139911-27-6
24	140-02-3
24	140-02-3
24	140148-87-4
24	140148-87-4
24	1402929-36-5
24	1402929-36-5
24	14034-78-7
24	14034-78-7
24	14044-65-6
24	14044-65-6
24	14047-29-1
24	14047-29-1
24	14059-35-9
24	14059-35-9
24	14060-30-1
24	14060-30-1
24	140623-89-8
24	140623-89-8
24	14066-12-7
24	14066-12-7
24	14066-13-8
24	14066-13-8
24	14066-17-2
24	14066-17-2
24	140681-55-6
24	140681-55-6
24	140681-69-2
24	140681-69-2
24	14075-53-7
24	14075-53-7
24	14089-96-4
24	14089-96-4
24	14090-22-3
24	14090-22-3
24	14104-17-7
24	14104-17-7
24	14104-20-2
24	14104-20-2
24	14104-97-3
24	14104-97-3
24	14105-09-0
24	14105-09-0
24	141091-37-4
24	141091-37-4
24	1414852-51-9
24	1414852-51-9
24	141714-54-7
24	141714-54-7
24	141785-76-4
24	141785-76-4
24	141981-64-8
24	141981-64-8
24	142172-51-8
24	142172-51-8
24	1423-26-3
24	1423-26-3
24	1423-27-4
24	1423-27-4
24	1423809-66-8
24	1423809-66-8
24	142517-56-4
24	142517-56-4
24	1426169-41-6
24	1426169-41-6
24	14283-07-9
24	14283-07-9
24	14283-93-3
24	14283-93-3
24	1428333-90-7
24	1428333-90-7
24	1428333-91-8
24	1428333-91-8
24	1429516-97-1
24	1429516-97-1
24	143-66-8
24	143-66-8
24	14312-40-4
24	14312-40-4
24	14320-98-0
24	14320-98-0
24	14321-02-9
24	14321-02-9
24	14323-64-9
24	14323-64-9
24	14323-65-0
24	14323-65-0
24	143314-16-3
24	143314-16-3
24	143418-49-9
24	143418-49-9
24	14355-21-6
24	14355-21-6
24	14355-30-7
24	14355-30-7
24	143651-26-7
24	143651-26-7
24	1438896-92-4
24	1438896-92-4
24	1439384-78-7
24	1439384-78-7
24	144104-59-6
24	144104-59-6
24	144188-76-1
24	144188-76-1
24	1443500-22-8
24	1443500-22-8
24	1443531-60-9
24	1443531-60-9
24	1443765-60-3
24	1443765-60-3
24	144432-78-0
24	144432-78-0
24	144432-85-9
24	144432-85-9
24	144481-06-1
24	144481-06-1
24	14452-61-0
24	14452-61-0
24	14480-05-8
24	14480-05-8
24	14485-18-8
24	14485-18-8
24	14485-20-2
24	14485-20-2
24	14486-19-2
24	14486-19-2
24	14486-20-5
24	14486-20-5
24	1448671-27-9
24	1448671-27-9
24	1448962-82-0
24	1448962-82-0
24	144919-64-2
24	144919-64-2
24	145240-28-4
24	145240-28-4
24	145413-17-8
24	145413-17-8
24	145459-43-4
24	145459-43-4
24	145477-02-7
24	145477-02-7
24	14568-16-2
24	14568-16-2
24	1458684-27-9
24	1458684-27-9
24	145965-14-6
24	145965-14-6
24	146140-95-6
24	146140-95-6
24	14635-75-7
24	14635-75-7
24	146397-16-2
24	146397-16-2
24	14643-62-0
24	14643-62-0
24	146449-90-3
24	146449-90-3
24	14650-00-1
24	14650-00-1
24	14660-17-4
24	14660-17-4
24	146631-00-7
24	146631-00-7
24	14680-77-4
24	14680-77-4
24	146862-02-4
24	146862-02-4
24	14697-50-8
24	14697-50-8
24	1469984-11-9
24	1469984-11-9
24	14708-11-3
24	14708-11-3
24	14708-13-5
24	14708-13-5
24	14708-14-6
24	14708-14-6
24	147102-03-2
24	147102-03-2
24	147102-97-4
24	147102-97-4
24	1471314-23-4
24	1471314-23-4
24	14720-53-7
24	14720-53-7
24	14720-55-9
24	14720-55-9
24	1472633-72-9
24	1472633-72-9
24	1473420-34-6
24	1473420-34-6
24	14735-84-3
24	14735-84-3
24	14750-98-2
24	14750-98-2
24	147621-18-9
24	147621-18-9
24	1481-38-5
24	1481-38-5
24	148493-34-9
24	148493-34-9
24	148546-82-1
24	148546-82-1
24	148713-70-6
24	148713-70-6
24	14874-10-3
24	14874-10-3
24	14874-70-5
24	14874-70-5
24	148839-33-2
24	148839-33-2
24	148861-07-8
24	148861-07-8
24	14890-53-0
24	14890-53-0
24	149-13-3
24	149-13-3
24	14900-39-1
24	14900-39-1
24	149027-54-3
24	149027-54-3
24	149104-88-1
24	149104-88-1
24	149104-90-5
24	149104-90-5
24	149105-19-1
24	149105-19-1
24	14940-94-4
24	14940-94-4
24	1495-72-3
24	1495-72-3
24	149507-26-6
24	149507-26-6
24	149557-18-6
24	149557-18-6
24	149682-75-7
24	149682-75-7
24	149749-62-2
24	149749-62-2
24	149749-63-3
24	149749-63-3
24	14975-23-6
24	14975-23-6
24	14983-42-7
24	14983-42-7
24	150-46-9
24	150-46-9
24	15003-70-0
24	15003-70-0
24	15016-42-9
24	15016-42-9
24	15016-43-0
24	15016-43-0
24	150255-96-2
24	150255-96-2
24	150691-04-6
24	150691-04-6
24	151169-67-4
24	151169-67-4
24	151169-74-3
24	151169-74-3
24	151169-75-4
24	151169-75-4
24	15120-21-5
24	15120-21-5
24	15124-13-7
24	15124-13-7
24	1516-55-8
24	1516-55-8
24	151706-14-8
24	151706-14-8
24	1520030-54-9
24	1520030-54-9
24	152221-33-5
24	152221-33-5
24	15246-28-3
24	15246-28-3
24	15277-97-1
24	15277-97-1
24	15278-77-0
24	15278-77-0
24	15283-48-4
24	15283-48-4
24	15283-51-9
24	15283-51-9
24	15293-74-0
24	15293-74-0
24	15293-77-3
24	15293-77-3
24	153035-56-4
24	153035-56-4
24	153035-62-2
24	153035-62-2
24	153096-90-3
24	153096-90-3
24	153122-60-2
24	153122-60-2
24	153148-27-7
24	153148-27-7
24	153254-09-2
24	153254-09-2
24	153325-45-2
24	153325-45-2
24	1533406-38-0
24	1533406-38-0
24	153624-38-5
24	153624-38-5
24	153624-44-3
24	153624-44-3
24	153624-46-5
24	153624-46-5
24	15387-98-1
24	15387-98-1
24	153965-50-5
24	153965-50-5
24	1542157-45-8
24	1542157-45-8
24	154230-29-2
24	154230-29-2
24	15433-36-0
24	15433-36-0
24	15433-40-6
24	15433-40-6
24	154518-35-1
24	154518-35-1
24	154855-73-9
24	154855-73-9
24	154960-10-8
24	154960-10-8
24	155123-44-7
24	155123-44-7
24	15522-59-5
24	15522-59-5
24	15525-13-0
24	15525-13-0
24	15525-15-2
24	15525-15-2
24	15538-67-7
24	15538-67-7
24	15582-80-6
24	15582-80-6
24	15595-91-2
24	15595-91-2
24	15621-47-3
24	15621-47-3
24	15640-93-4
24	15640-93-4
24	15648-16-5
24	15648-16-5
24	15652-65-0
24	15652-65-0
24	156545-07-2
24	156545-07-2
24	156635-87-9
24	156635-87-9
24	156641-98-4
24	156641-98-4
24	156682-54-1
24	156682-54-1
24	156684-91-2
24	156684-91-2
24	15675-97-5
24	15675-97-5
24	15681-89-7
24	15681-89-7
24	15684-35-2
24	15684-35-2
24	15684-36-3
24	15684-36-3
24	15688-21-8
24	15688-21-8
24	15689-07-3
24	15689-07-3
24	157410-23-6
24	157410-23-6
24	15768-95-3
24	15768-95-3
24	157834-21-4
24	157834-21-4
24	15819-03-1
24	15819-03-1
24	1582-24-7
24	1582-24-7
24	15834-46-5
24	15834-46-5
24	158523-05-8
24	158523-05-8
24	15875-25-9
24	15875-25-9
24	158895-16-0
24	158895-16-0
24	158895-17-1
24	158895-17-1
24	159020-59-4
24	159020-59-4
24	159119-10-5
24	159119-10-5
24	15915-03-4
24	15915-03-4
24	159191-56-7
24	159191-56-7
24	15930-18-4
24	15930-18-4
24	15935-90-7
24	15935-90-7
24	159565-88-5
24	159565-88-5
24	160032-40-6
24	160032-40-6
24	1602495-57-7
24	1602495-57-7
24	16045-88-8
24	16045-88-8
24	160591-91-3
24	160591-91-3
24	160611-21-2
24	160611-21-2
24	160798-95-8
24	160798-95-8
24	160798-96-9
24	160798-96-9
24	160798-97-0
24	160798-97-0
24	16089-83-1
24	16089-83-1
24	161088-90-0
24	161088-90-0
24	1611441-08-7
24	1611441-08-7
24	161308-26-5
24	161308-26-5
24	1613508-72-7
24	1613508-72-7
24	1613511-59-3
24	1613511-59-3
24	161374-81-8
24	161374-81-8
24	16152-51-5
24	16152-51-5
24	1615228-07-3
24	1615228-07-3
24	1615228-13-1
24	1615228-13-1
24	161907-80-8
24	161907-80-8
24	161950-10-3
24	161950-10-3
24	162101-25-9
24	162101-25-9
24	162101-31-7
24	162101-31-7
24	1622210-63-2
24	1622210-63-2
24	1622210-64-3
24	1622210-64-3
24	162241-33-0
24	162241-33-0
24	16239-25-1
24	16239-25-1
24	1624850-63-0
24	1624850-63-0
24	162607-15-0
24	162607-15-0
24	162607-18-3
24	162607-18-3
24	162607-20-7
24	162607-20-7
24	162662-27-3
24	162662-27-3
24	1628073-40-4
24	1628073-40-4
24	1628260-45-6
24	1628260-45-6
24	1630-79-1
24	1630-79-1
24	163105-89-3
24	163105-89-3
24	163105-90-6
24	163105-90-6
24	1631149-30-8
24	1631149-30-8
24	163129-14-4
24	163129-14-4
24	16339-28-9
24	16339-28-9
24	16343-08-1
24	16343-08-1
24	163517-56-4
24	163517-56-4
24	163517-62-2
24	163517-62-2
24	163616-01-1
24	163616-01-1
24	163678-43-1
24	163678-43-1
24	163701-88-0
24	163701-88-0
24	163701-93-7
24	163701-93-7
24	163701-95-9
24	163701-95-9
24	163701-97-1
24	163701-97-1
24	163751-28-8
24	163751-28-8
24	163751-29-9
24	163751-29-9
24	163751-31-3
24	163751-31-3
24	163858-17-1
24	163858-17-1
24	1638608-70-4
24	1638608-70-4
24	164014-95-3
24	164014-95-3
24	164220-57-9
24	164220-57-9
24	16430-93-6
24	16430-93-6
24	164461-18-1
24	164461-18-1
24	165059-42-7
24	165059-42-7
24	165191-87-7
24	165191-87-7
24	165390-92-1
24	165390-92-1
24	166316-48-9
24	166316-48-9
24	166328-16-1
24	166328-16-1
24	166514-73-4
24	166514-73-4
24	166526-82-5
24	166526-82-5
24	16664-33-8
24	16664-33-8
24	167077-83-0
24	167077-83-0
24	167747-78-6
24	167747-78-6
24	167776-69-4
24	167776-69-4
24	1679-18-1
24	1679-18-1
24	168267-41-2
24	168267-41-2
24	168267-99-0
24	168267-99-0
24	168278-04-4
24	168278-04-4
24	16859-20-4
24	16859-20-4
24	168618-42-6
24	168618-42-6
24	168641-59-6
24	168641-59-6
24	16872-09-6
24	16872-09-6
24	16872-11-0
24	16872-11-0
24	16883-45-7
24	16883-45-7
24	16903-32-5
24	16903-32-5
24	16903-52-9
24	16903-52-9
24	16903-61-0
24	16903-61-0
24	1692-15-5
24	1692-15-5
24	1692-25-7
24	1692-25-7
24	1693-71-6
24	1693-71-6
24	16940-17-3
24	16940-17-3
24	16940-66-2
24	16940-66-2
24	16949-15-8
24	16949-15-8
24	16962-07-5
24	16962-07-5
24	16970-81-3
24	16970-81-3
24	16971-82-7
24	16971-82-7
24	16986-24-6
24	16986-24-6
24	17035-66-4
24	17035-66-4
24	170557-43-4
24	170557-43-4
24	17083-85-1
24	17083-85-1
24	17097-11-9
24	17097-11-9
24	17097-12-0
24	17097-12-0
24	170981-26-7
24	170981-26-7
24	171364-80-0
24	171364-80-0
24	171364-83-3
24	171364-83-3
24	17156-85-3
24	17156-85-3
24	171915-81-4
24	171915-81-4
24	172018-47-2
24	172018-47-2
24	172146-69-9
24	172146-69-9
24	1722-26-5
24	1722-26-5
24	172515-29-6
24	172515-29-6
24	172732-52-4
24	172732-52-4
24	172908-18-8
24	172908-18-8
24	172975-69-8
24	172975-69-8
24	1730-69-4
24	1730-69-4
24	17313-85-8
24	17313-85-8
24	17372-42-8
24	17372-42-8
24	173730-24-0
24	173730-24-0
24	1739-52-2
24	1739-52-2
24	1739-53-3
24	1739-53-3
24	17440-85-6
24	17440-85-6
24	174669-73-9
24	174669-73-9
24	174778-59-7
24	174778-59-7
24	174778-60-0
24	174778-60-0
24	175883-60-0
24	175883-60-0
24	175883-62-2
24	175883-62-2
24	175883-63-3
24	175883-63-3
24	17596-45-1
24	17596-45-1
24	176046-02-9
24	176046-02-9
24	17631-41-3
24	17631-41-3
24	1765-93-1
24	1765-93-1
24	176976-42-4
24	176976-42-4
24	17702-41-9
24	17702-41-9
24	17745-45-8
24	17745-45-8
24	17747-81-8
24	17747-81-8
24	177490-82-3
24	177490-82-3
24	1776-66-5
24	1776-66-5
24	17768-83-1
24	17768-83-1
24	178233-72-2
24	178233-72-2
24	178439-26-4
24	178439-26-4
24	17865-11-1
24	17865-11-1
24	178752-79-9
24	178752-79-9
24	17927-57-0
24	17927-57-0
24	17933-03-8
24	17933-03-8
24	17950-04-8
24	17950-04-8
24	17979-81-6
24	17979-81-6
24	179897-94-0
24	179897-94-0
24	179899-07-1
24	179899-07-1
24	1803-36-7
24	1803-36-7
24	180472-48-4
24	180472-48-4
24	180516-87-4
24	180516-87-4
24	18099-45-1
24	18099-45-1
24	181-77-1
24	181-77-1
24	181120-10-5
24	181120-10-5
24	181219-01-2
24	181219-01-2
24	181259-35-8
24	181259-35-8
24	1813-60-1
24	1813-60-1
24	181797-81-9
24	181797-81-9
24	182163-96-8
24	182163-96-8
24	182235-77-4
24	182235-77-4
24	182344-16-7
24	182344-16-7
24	182344-18-9
24	182344-18-9
24	182344-23-6
24	182344-23-6
24	18283-88-0
24	18283-88-0
24	18283-88-0
24	18283-88-0
24	18283-93-7
24	18283-93-7
24	1830-95-1
24	1830-95-1
24	183135-74-2
24	183135-74-2
24	183158-34-1
24	183158-34-1
24	183290-62-2
24	183290-62-2
24	18352-86-8
24	18352-86-8
24	1838-13-7
24	1838-13-7
24	183960-95-4
24	183960-95-4
24	1840-60-4
24	1840-60-4
24	18424-08-3
24	18424-08-3
24	18433-84-6
24	18433-84-6
24	18583-60-3
24	18583-60-3
24	1863118-29-9
24	1863118-29-9
24	1868-76-4
24	1868-76-4
24	188582-63-0
24	188582-63-0
24	188920-96-9
24	188920-96-9
24	188920-97-0
24	188920-97-0
24	18909-68-7
24	18909-68-7
24	18909-69-8
24	18909-69-8
24	189315-02-4
24	189315-02-4
24	189947-86-2
24	189947-86-2
24	19013-38-8
24	19013-38-8
24	190280-66-1
24	190280-66-1
24	190788-59-1
24	190788-59-1
24	19088-11-0
24	19088-11-0
24	190903-71-0
24	190903-71-0
24	1911-95-1
24	1911-95-1
24	191162-39-7
24	191162-39-7
24	191162-40-0
24	191162-40-0
24	19142-30-4
24	19142-30-4
24	19162-21-1
24	19162-21-1
24	191665-41-5
24	191665-41-5
24	192182-54-0
24	192182-54-0
24	192182-56-2
24	192182-56-2
24	19223-62-2
24	19223-62-2
24	192332-89-1
24	192332-89-1
24	19287-45-7
24	19287-45-7
24	19287-88-8
24	19287-88-8
24	19306-59-3
24	19306-59-3
24	19324-14-2
24	19324-14-2
24	193687-63-7
24	193687-63-7
24	193829-80-0
24	193829-80-0
24	193906-27-3
24	193906-27-3
24	19399-03-2
24	19399-03-2
24	19442-58-1
24	19442-58-1
24	19465-30-6
24	19465-30-6
24	19536-84-6
24	19536-84-6
24	19585-43-4
24	19585-43-4
24	195967-39-6
24	195967-39-6
24	196083-18-8
24	196083-18-8
24	196212-27-8
24	196212-27-8
24	19624-22-7
24	19624-22-7
24	19708-89-5
24	19708-89-5
24	197223-36-2
24	197223-36-2
24	1993-03-9
24	1993-03-9
24	200443-98-7
24	200443-98-7
24	201733-56-4
24	201733-56-4
24	201802-67-7
24	201802-67-7
24	20190-34-5
24	20190-34-5
24	20205-91-8
24	20205-91-8
24	2023-36-1
24	2023-36-1
24	20236-81-1
24	20236-81-1
24	20255-41-8
24	20255-41-8
24	203389-28-0
24	203389-28-0
24	20346-99-0
24	20346-99-0
24	203927-98-4
24	203927-98-4
24	20436-27-5
24	20436-27-5
24	204841-19-0
24	204841-19-0
24	2049-55-0
24	2049-55-0
24	205393-22-2
24	205393-22-2
24	20542-97-6
24	20542-97-6
24	20571-45-3
24	20571-45-3
24	206185-77-5
24	206185-77-5
24	20620-87-5
24	20620-87-5
24	20648-89-9
24	20648-89-9
24	20654-88-0
24	20654-88-0
24	206551-43-1
24	206551-43-1
24	206658-89-1
24	206658-89-1
24	206760-59-0
24	206760-59-0
24	20740-05-0
24	20740-05-0
24	207803-51-8
24	207803-51-8
24	20786-60-1
24	20786-60-1
24	208399-66-0
24	208399-66-0
24	2087499-33-8
24	2087499-33-8
24	20905-32-2
24	20905-32-2
24	20905-35-5
24	20905-35-5
24	2095571-59-6
24	2095571-59-6
24	21097-80-3
24	21097-80-3
24	21105-05-5
24	21105-05-5
24	21107-27-7
24	21107-27-7
24	2118-02-7
24	2118-02-7
24	21205-65-2
24	21205-65-2
24	21205-91-4
24	21205-91-4
24	212271-71-1
24	212271-71-1
24	212386-71-5
24	212386-71-5
24	212837-49-5
24	212837-49-5
24	213211-69-9
24	213211-69-9
24	213318-44-6
24	213318-44-6
24	21368-35-4
24	21368-35-4
24	214210-21-6
24	214210-21-6
24	214360-45-9
24	214360-45-9
24	214360-46-0
24	214360-46-0
24	214360-51-7
24	214360-51-7
24	214360-59-5
24	214360-59-5
24	2145-24-6
24	2145-24-6
24	21482-59-7
24	21482-59-7
24	214907-24-1
24	214907-24-1
24	215527-70-1
24	215527-70-1
24	21555-99-7
24	21555-99-7
24	2156-04-9
24	2156-04-9
24	21581-60-2
24	21581-60-2
24	215951-86-3
24	215951-86-3
24	216019-28-2
24	216019-28-2
24	216485-86-8
24	216485-86-8
24	2167-26-2
24	2167-26-2
24	2169-38-2
24	2169-38-2
24	216987-54-1
24	216987-54-1
24	2177237-24-8
24	2177237-24-8
24	21797-13-7
24	21797-13-7
24	21872-70-8
24	21872-70-8
24	219489-09-5
24	219489-09-5
24	219735-99-6
24	219735-99-6
24	219834-95-4
24	219834-95-4
24	22029-89-6
24	22029-89-6
24	220465-43-0
24	220465-43-0
24	22086-53-9
24	22086-53-9
24	220986-52-7
24	220986-52-7
24	221006-70-8
24	221006-70-8
24	221037-98-5
24	221037-98-5
24	221290-14-8
24	221290-14-8
24	22232-01-5
24	22232-01-5
24	22237-12-3
24	22237-12-3
24	22237-13-4
24	22237-13-4
24	22237-20-3
24	22237-20-3
24	22238-17-1
24	22238-17-1
24	22238-19-3
24	22238-19-3
24	22276-63-7
24	22276-63-7
24	22293-00-1
24	22293-00-1
24	223463-14-7
24	223463-14-7
24	223595-20-8
24	223595-20-8
24	22379-77-7
24	22379-77-7
24	22450-96-0
24	22450-96-0
24	22450-97-1
24	22450-97-1
24	22450-98-2
24	22450-98-2
24	22454-04-2
24	22454-04-2
24	22465-03-8
24	22465-03-8
24	2248-34-2
24	2248-34-2
24	2253722-08-4
24	2253722-08-4
24	22547-65-5
24	22547-65-5
24	22560-16-3
24	22560-16-3
24	22560-21-0
24	22560-21-0
24	22637-20-3
24	22637-20-3
24	226396-31-2
24	226396-31-2
24	226396-32-3
24	226396-32-3
24	2265-38-5
24	2265-38-5
24	22694-75-3
24	22694-75-3
24	227305-69-3
24	227305-69-3
24	22784-01-6
24	22784-01-6
24	22829-50-1
24	22829-50-1
24	228731-13-3
24	228731-13-3
24	230299-21-5
24	230299-21-5
24	230299-46-4
24	230299-46-4
24	23112-96-1
24	23112-96-1
24	23162-15-4
24	23162-15-4
24	23273-02-1
24	23273-02-1
24	23296-39-1
24	23296-39-1
24	23361-55-9
24	23361-55-9
24	23361-56-0
24	23361-56-0
24	2340-23-0
24	2340-23-0
24	23436-05-7
24	23436-05-7
24	23453-39-6
24	23453-39-6
24	23458-88-0
24	23458-88-0
24	23507-71-3
24	23507-71-3
24	23532-74-3
24	23532-74-3
24	2355-56-8
24	2355-56-8
24	2357-51-9
24	2357-51-9
24	236103-00-7
24	236103-00-7
24	236389-21-2
24	236389-21-2
24	2367-19-3
24	2367-19-3
24	237429-33-3
24	237429-33-3
24	23753-67-5
24	23753-67-5
24	23777-55-1
24	23777-55-1
24	23777-80-2
24	23777-80-2
24	23778-08-7
24	23778-08-7
24	23834-96-0
24	23834-96-0
24	23840-95-1
24	23840-95-1
24	2396648-06-7
24	2396648-06-7
24	24067-17-2
24	24067-17-2
24	24151-54-0
24	24151-54-0
24	2430-46-8
24	2430-46-8
24	24378-36-7
24	24378-36-7
24	24378-37-8
24	24378-37-8
24	24378-38-9
24	24378-38-9
24	24388-23-6
24	24388-23-6
24	244193-52-0
24	244193-52-0
24	244205-40-1
24	244205-40-1
24	24425-43-2
24	24425-43-2
24	244761-29-3
24	244761-29-3
24	24502-52-1
24	24502-52-1
24	245069-55-0
24	245069-55-0
24	24564-52-1
24	24564-52-1
24	245735-90-4
24	245735-90-4
24	246023-54-1
24	246023-54-1
24	24624-45-1
24	24624-45-1
24	2467-12-1
24	2467-12-1
24	2467-13-2
24	2467-13-2
24	2467-15-4
24	2467-15-4
24	2467-16-5
24	2467-16-5
24	2467-18-7
24	2467-18-7
24	247564-72-3
24	247564-72-3
24	2479-64-3
24	2479-64-3
24	248270-25-9
24	248270-25-9
24	24833-44-1
24	24833-44-1
24	24848-81-5
24	24848-81-5
24	248924-59-6
24	248924-59-6
24	248939-45-9
24	248939-45-9
24	248939-62-0
24	248939-62-0
24	24917-15-5
24	24917-15-5
24	25015-63-8
24	25015-63-8
24	250578-38-2
24	250578-38-2
24	250734-47-5
24	250734-47-5
24	25156-16-5
24	25156-16-5
24	25395-32-8
24	25395-32-8
24	25487-66-5
24	25487-66-5
24	25573-61-9
24	25573-61-9
24	2559-35-5
24	2559-35-5
24	25783-22-6
24	25783-22-6
24	25869-93-6
24	25869-93-6
24	258865-48-4
24	258865-48-4
24	25895-60-7
24	25895-60-7
24	25895-62-9
24	25895-62-9
24	25912-95-2
24	25912-95-2
24	25966-12-5
24	25966-12-5
24	26023-72-3
24	26023-72-3
24	26038-87-9
24	26038-87-9
24	26038-90-4
24	26038-90-4
24	26076-46-0
24	26076-46-0
24	26124-86-7
24	26124-86-7
24	26156-84-3
24	26156-84-3
24	26248-41-9
24	26248-41-9
24	26401-30-9
24	26401-30-9
24	2641-68-1
24	2641-68-1
24	264232-42-0
24	264232-42-0
24	26445-82-9
24	26445-82-9
24	264615-47-6
24	264615-47-6
24	26490-63-1
24	26490-63-1
24	26522-24-7
24	26522-24-7
24	26545-48-2
24	26545-48-2
24	2665-11-4
24	2665-11-4
24	2665-12-5
24	2665-12-5
24	2665-13-6
24	2665-13-6
24	26851-55-8
24	26851-55-8
24	269409-70-3
24	269409-70-3
24	269409-73-6
24	269409-73-6
24	269410-00-6
24	269410-00-6
24	269410-08-4
24	269410-08-4
24	269410-22-2
24	269410-22-2
24	27081-10-3
24	27081-10-3
24	27184-78-7
24	27184-78-7
24	27329-70-0
24	27329-70-0
24	27340-43-8
24	27340-43-8
24	27399-92-4
24	27399-92-4
24	27399-92-4
24	27399-92-4
24	274-07-7
24	274-07-7
24	27413-92-9
24	27413-92-9
24	27494-85-5
24	27494-85-5
24	27519-39-7
24	27519-39-7
24	27522-09-4
24	27522-09-4
24	27676-48-8
24	27676-48-8
24	27735-90-6
24	27735-90-6
24	27765-48-6
24	27765-48-6
24	27860-83-9
24	27860-83-9
24	278782-57-3
24	278782-57-3
24	27918-79-2
24	27918-79-2
24	279261-81-3
24	279261-81-3
24	279262-11-2
24	279262-11-2
24	279263-10-4
24	279263-10-4
24	2797-28-6
24	2797-28-6
24	280-64-8
24	280-64-8
24	28016-59-3
24	28016-59-3
24	2802-68-8
24	2802-68-8
24	28109-81-1
24	28109-81-1
24	282101-95-5
24	282101-95-5
24	28249-66-3
24	28249-66-3
24	283-56-7
24	283-56-7
24	28362-31-4
24	28362-31-4
24	28535-03-7
24	28535-03-7
24	28611-39-4
24	28611-39-4
24	286961-14-6
24	286961-14-6
24	287944-16-5
24	287944-16-5
24	28853-06-7
24	28853-06-7
24	28879-19-8
24	28879-19-8
24	2890-88-2
24	2890-88-2
24	28912-93-8
24	28912-93-8
24	28965-70-0
24	28965-70-0
24	290331-71-4
24	290331-71-4
24	2907-13-3
24	2907-13-3
24	2907-20-2
24	2907-20-2
24	29089-62-1
24	29089-62-1
24	29158-40-5
24	29158-40-5
24	29158-97-2
24	29158-97-2
24	2926-55-8
24	2926-55-8
24	292609-13-3
24	292609-13-3
24	2929-85-3
24	2929-85-3
24	2929-87-5
24	2929-87-5
24	293302-63-3
24	293302-63-3
24	2938-83-2
24	2938-83-2
24	29382-00-1
24	29382-00-1
24	29407-88-3
24	29407-88-3
24	29462-57-5
24	29462-57-5
24	29668-15-3
24	29668-15-3
24	2991267-35-5
24	2991267-35-5
24	29957-59-3
24	29957-59-3
24	30031-44-8
24	30031-44-8
24	30036-02-3
24	30036-02-3
24	302348-51-2
24	302348-51-2
24	302790-70-1
24	302790-70-1
24	30374-53-9
24	30374-53-9
24	30411-66-6
24	30411-66-6
24	30418-59-8
24	30418-59-8
24	304858-67-1
24	304858-67-1
24	3053-68-7
24	3053-68-7
24	305448-92-4
24	305448-92-4
24	305832-67-1
24	305832-67-1
24	30641-57-7
24	30641-57-7
24	30684-36-7
24	30684-36-7
24	306934-95-2
24	306934-95-2
24	30698-98-7
24	30698-98-7
24	30744-82-2
24	30744-82-2
24	307492-75-7
24	307492-75-7
24	308062-97-7
24	308062-97-7
24	308103-40-4
24	308103-40-4
24	30844-74-7
24	30844-74-7
24	3087-80-7
24	3087-80-7
24	3088-77-5
24	3088-77-5
24	3088-78-6
24	3088-78-6
24	3088-79-7
24	3088-79-7
24	30989-05-0
24	30989-05-0
24	30989-06-1
24	30989-06-1
24	30989-07-2
24	30989-07-2
24	31012-04-1
24	31012-04-1
24	3108-15-4
24	3108-15-4
24	31224-71-2
24	31224-71-2
24	31240-52-5
24	31240-52-5
24	31259-85-5
24	31259-85-5
24	313545-20-9
24	313545-20-9
24	313545-41-4
24	313545-41-4
24	313545-72-1
24	313545-72-1
24	313546-16-6
24	313546-16-6
24	315220-11-2
24	315220-11-2
24	31649-91-9
24	31649-91-9
24	31754-00-4
24	31754-00-4
24	31783-54-7
24	31783-54-7
24	318-50-3
24	318-50-3
24	32153-96-1
24	32153-96-1
24	32316-92-0
24	32316-92-0
24	32327-52-9
24	32327-52-9
24	3244-41-5
24	3244-41-5
24	32446-62-1
24	32446-62-1
24	325-51-9
24	325-51-9
24	325142-87-8
24	325142-87-8
24	32554-52-2
24	32554-52-2
24	32554-53-3
24	32554-53-3
24	3262-89-3
24	3262-89-3
24	32692-78-7
24	32692-78-7
24	32760-75-1
24	32760-75-1
24	328404-31-5
24	328404-31-5
24	32841-83-1
24	32841-83-1
24	32867-90-6
24	32867-90-6
24	328956-60-1
24	328956-60-1
24	328956-61-2
24	328956-61-2
24	329214-79-1
24	329214-79-1
24	32970-52-8
24	32970-52-8
24	330793-01-6
24	330793-01-6
24	331443-21-1
24	331443-21-1
24	332079-07-9
24	332079-07-9
24	332154-57-1
24	332154-57-1
24	333432-28-3
24	333432-28-3
24	33462-80-5
24	33462-80-5
24	33462-81-6
24	33462-81-6
24	334658-75-2
24	334658-75-2
24	33678-01-2
24	33678-01-2
24	33725-74-5
24	33725-74-5
24	33727-95-6
24	33727-95-6
24	338-38-5
24	338-38-5
24	338454-14-1
24	338454-14-1
24	338949-42-1
24	338949-42-1
24	33981-21-4
24	33981-21-4
24	33981-22-5
24	33981-22-5
24	33991-41-2
24	33991-41-2
24	34010-85-0
24	34010-85-0
24	34063-29-1
24	34063-29-1
24	34099-73-5
24	34099-73-5
24	341-02-6
24	341-02-6
24	3410-35-3
24	3410-35-3
24	34216-27-8
24	34216-27-8
24	34269-30-2
24	34269-30-2
24	342905-92-4
24	342905-92-4
24	34420-17-2
24	34420-17-2
24	34524-20-4
24	34524-20-4
24	345269-15-0
24	345269-15-0
24	34567-47-0
24	34567-47-0
24	34574-27-1
24	34574-27-1
24	345984-11-4
24	345984-11-4
24	346-80-5
24	346-80-5
24	347-46-6
24	347-46-6
24	34762-89-5
24	34762-89-5
24	34762-90-8
24	34762-90-8
24	34776-99-3
24	34776-99-3
24	348098-29-3
24	348098-29-3
24	3488-87-7
24	3488-87-7
24	350-67-4
24	350-67-4
24	350-70-9
24	350-70-9
24	350009-05-1
24	350009-05-1
24	35020-53-2
24	35020-53-2
24	350602-69-6
24	350602-69-6
24	351019-18-6
24	351019-18-6
24	35138-22-8
24	35138-22-8
24	351422-73-6
24	351422-73-6
24	351457-64-2
24	351457-64-2
24	352303-67-4
24	352303-67-4
24	352525-91-8
24	352525-91-8
24	352525-94-1
24	352525-94-1
24	352525-98-5
24	352525-98-5
24	352530-23-5
24	352530-23-5
24	352530-24-6
24	352530-24-6
24	352534-80-6
24	352534-80-6
24	352534-82-8
24	352534-82-8
24	352534-84-0
24	352534-84-0
24	352534-85-1
24	352534-85-1
24	352535-96-7
24	352535-96-7
24	35254-34-3
24	35254-34-3
24	353-42-4
24	353-42-4
24	353-43-5
24	353-43-5
24	35438-70-1
24	35438-70-1
24	35498-15-8
24	35498-15-8
24	355004-67-0
24	355004-67-0
24	35585-58-1
24	35585-58-1
24	358718-11-3
24	358718-11-3
24	358718-17-9
24	358718-17-9
24	358718-21-5
24	358718-21-5
24	36140-17-7
24	36140-17-7
24	36140-19-9
24	36140-19-9
24	361543-99-9
24	361543-99-9
24	362045-65-6
24	362045-65-6
24	36254-91-8
24	36254-91-8
24	36314-25-7
24	36314-25-7
24	363166-79-4
24	363166-79-4
24	36409-65-1
24	36409-65-1
24	36422-95-4
24	36422-95-4
24	364794-79-6
24	364794-79-6
24	36490-77-4
24	36490-77-4
24	365-33-3
24	365-33-3
24	36530-06-0
24	36530-06-0
24	36576-70-2
24	36576-70-2
24	36595-00-3
24	36595-00-3
24	36645-73-5
24	36645-73-5
24	367-46-4
24	367-46-4
24	368-39-8
24	368-39-8
24	368-40-1
24	368-40-1
24	36835-64-0
24	36835-64-0
24	369-57-3
24	369-57-3
24	36936-37-5
24	36936-37-5
24	371766-08-4
24	371766-08-4
24	37190-23-1
24	37190-23-1
24	37195-62-3
24	37195-62-3
24	37195-63-4
24	37195-63-4
24	37199-25-0
24	37199-25-0
24	372-44-1
24	372-44-1
24	372-56-5
24	372-56-5
24	372-84-9
24	372-84-9
24	372-85-0
24	372-85-0
24	37221-82-2
24	37221-82-2
24	37228-06-1
24	37228-06-1
24	37228-07-2
24	37228-07-2
24	37233-78-6
24	37233-78-6
24	37244-98-7
24	37244-98-7
24	372521-91-0
24	372521-91-0
24	37269-74-2
24	37269-74-2
24	37275-77-7
24	37275-77-7
24	37280-76-5
24	37280-76-5
24	372963-49-0
24	372963-49-0
24	372963-50-3
24	372963-50-3
24	37298-41-2
24	37298-41-2
24	373-56-8
24	373-56-8
24	373-57-9
24	373-57-9
24	373-61-5
24	373-61-5
24	37331-49-0
24	37331-49-0
24	373384-14-6
24	373384-14-6
24	37340-67-3
24	37340-67-3
24	37341-47-2
24	37341-47-2
24	37342-53-3
24	37342-53-3
24	37342-73-7
24	37342-73-7
24	37349-35-2
24	37349-35-2
24	37352-55-9
24	37352-55-9
24	37354-60-2
24	37354-60-2
24	37367-77-4
24	37367-77-4
24	37367-90-1
24	37367-90-1
24	374538-01-9
24	374538-01-9
24	374538-03-1
24	374538-03-1
24	374790-99-5
24	374790-99-5
24	37490-33-8
24	37490-33-8
24	376584-63-3
24	376584-63-3
24	3776-04-3
24	3776-04-3
24	38013-08-0
24	38013-08-0
24	380151-85-9
24	380151-85-9
24	380427-38-3
24	380427-38-3
24	380430-49-9
24	380430-49-9
24	380430-53-5
24	380430-53-5
24	380430-56-8
24	380430-56-8
24	380430-59-1
24	380430-59-1
24	380430-60-4
24	380430-60-4
24	380430-65-9
24	380430-65-9
24	380430-67-1
24	380430-67-1
24	380430-68-2
24	380430-68-2
24	38050-71-4
24	38050-71-4
24	38115-19-4
24	38115-19-4
24	381248-04-0
24	381248-04-0
24	38233-75-9
24	38233-75-9
24	38313-81-4
24	38313-81-4
24	38347-42-1
24	38347-42-1
24	38465-60-0
24	38465-60-0
24	385370-80-9
24	385370-80-9
24	387-41-7
24	387-41-7
24	38721-52-7
24	38721-52-7
24	389621-80-1
24	389621-80-1
24	389621-81-2
24	389621-81-2
24	3900-89-8
24	3900-89-8
24	39047-21-7
24	39047-21-7
24	391894-93-2
24	391894-93-2
24	39290-85-2
24	39290-85-2
24	39326-63-1
24	39326-63-1
24	39328-10-4
24	39328-10-4
24	39377-46-3
24	39377-46-3
24	39383-00-1
24	39383-00-1
24	39383-96-5
24	39383-96-5
24	39405-47-5
24	39405-47-5
24	39409-67-1
24	39409-67-1
24	39434-94-1
24	39434-94-1
24	396131-82-1
24	396131-82-1
24	398-69-6
24	398-69-6
24	39963-03-6
24	39963-03-6
24	3999-38-0
24	3999-38-0
24	3999-42-6
24	3999-42-6
24	40001-25-0
24	40001-25-0
24	400607-46-7
24	400607-46-7
24	400607-47-8
24	400607-47-8
24	400607-48-9
24	400607-48-9
24	40105-04-2
24	40105-04-2
24	40218-49-3
24	40218-49-3
24	402846-78-0
24	402846-78-0
24	40589-08-0
24	40589-08-0
24	406463-06-7
24	406463-06-7
24	406482-19-7
24	406482-19-7
24	406482-20-0
24	406482-20-0
24	4084-36-0
24	4084-36-0
24	4084-48-4
24	4084-48-4
24	408492-28-4
24	408492-28-4
24	40894-88-0
24	40894-88-0
24	409071-16-5
24	409071-16-5
24	40972-86-9
24	40972-86-9
24	41058-99-5
24	41058-99-5
24	41113-59-1
24	41113-59-1
24	411235-57-9
24	411235-57-9
24	41322-34-3
24	41322-34-3
24	4151-80-8
24	4151-80-8
24	41593-56-0
24	41593-56-0
24	41654-51-7
24	41654-51-7
24	41655-17-8
24	41655-17-8
24	41685-84-1
24	41685-84-1
24	41749-18-2
24	41749-18-2
24	41851-38-1
24	41851-38-1
24	419536-33-7
24	419536-33-7
24	420-37-1
24	420-37-1
24	42220-19-9
24	42220-19-9
24	42278-67-1
24	42278-67-1
24	4254-95-9
24	4254-95-9
24	42559-34-2
24	42559-34-2
24	42590-03-4
24	42590-03-4
24	42598-88-9
24	42598-88-9
24	426-79-9
24	426-79-9
24	42727-95-7
24	42727-95-7
24	42801-85-4
24	42801-85-4
24	429-06-1
24	429-06-1
24	429-42-5
24	429-42-5
24	43064-96-6
24	43064-96-6
24	4325-85-3
24	4325-85-3
24	4334-87-6
24	4334-87-6
24	4334-88-7
24	4334-88-7
24	43469-51-8
24	43469-51-8
24	4347-33-5
24	4347-33-5
24	4358-26-3
24	4358-26-3
24	436-59-9
24	436-59-9
24	437-13-8
24	437-13-8
24	4375-83-1
24	4375-83-1
24	4406-77-3
24	4406-77-3
24	44236-30-8
24	44236-30-8
24	4426-47-5
24	4426-47-5
24	442850-89-7
24	442850-89-7
24	4433-63-0
24	4433-63-0
24	443783-82-2
24	443783-82-2
24	4441-56-9
24	4441-56-9
24	444120-91-6
24	444120-91-6
24	444120-94-9
24	444120-94-9
24	4445-09-4
24	4445-09-4
24	444666-39-1
24	444666-39-1
24	446-55-9
24	446-55-9
24	446299-81-6
24	446299-81-6
24	448-61-3
24	448-61-3
24	45172-87-0
24	45172-87-0
24	452080-64-7
24	452080-64-7
24	452080-67-0
24	452080-67-0
24	452972-09-7
24	452972-09-7
24	452972-11-1
24	452972-11-1
24	452972-13-3
24	452972-13-3
24	452972-15-5
24	452972-15-5
24	454482-11-2
24	454482-11-2
24	455-90-3
24	455-90-3
24	456-27-9
24	456-27-9
24	456-39-3
24	456-39-3
24	458532-84-8
24	458532-84-8
24	458532-86-0
24	458532-86-0
24	458532-90-6
24	458532-90-6
24	458532-96-2
24	458532-96-2
24	459-44-9
24	459-44-9
24	459-64-3
24	459-64-3
24	459856-12-3
24	459856-12-3
24	461-44-9
24	461-44-9
24	4611-62-5
24	4611-62-5
24	4612-26-4
24	4612-26-4
24	4612-28-6
24	4612-28-6
24	462-05-5
24	462-05-5
24	462-19-1
24	462-19-1
24	462-33-9
24	462-33-9
24	462-34-0
24	462-34-0
24	4627-10-5
24	4627-10-5
24	464927-76-2
24	464927-76-2
24	467233-25-6
24	467233-25-6
24	46839-29-6
24	46839-29-6
24	4688-74-8
24	4688-74-8
24	4688-76-0
24	4688-76-0
24	4737-50-2
24	4737-50-2
24	474535-27-8
24	474535-27-8
24	47689-51-0
24	47689-51-0
24	478685-71-1
24	478685-71-1
24	480424-54-2
24	480424-54-2
24	480424-63-3
24	480424-63-3
24	480424-68-8
24	480424-68-8
24	480424-69-9
24	480424-69-9
24	480424-86-0
24	480424-86-0
24	480424-93-9
24	480424-93-9
24	480424-98-4
24	480424-98-4
24	480425-35-2
24	480425-35-2
24	480438-74-2
24	480438-74-2
24	480996-05-2
24	480996-05-2
24	48150-45-4
24	48150-45-4
24	481681-02-1
24	481681-02-1
24	4856-95-5
24	4856-95-5
24	486422-59-7
24	486422-59-7
24	486422-68-8
24	486422-68-8
24	488128-27-4
24	488128-27-4
24	4887-24-5
24	4887-24-5
24	496786-98-2
24	496786-98-2
24	496925-14-5
24	496925-14-5
24	497147-93-0
24	497147-93-0
24	4979-72-0
24	4979-72-0
24	500224-31-7
24	500224-31-7
24	503309-11-3
24	503309-11-3
24	505-07-7
24	505-07-7
24	505083-04-5
24	505083-04-5
24	50543-78-7
24	50543-78-7
24	5059-80-3
24	5059-80-3
24	50815-87-7
24	50815-87-7
24	51067-38-0
24	51067-38-0
24	511295-01-5
24	511295-01-5
24	51136-86-8
24	51136-86-8
24	5115-46-8
24	5115-46-8
24	5122-94-1
24	5122-94-1
24	5122-95-2
24	5122-95-2
24	51222-60-7
24	51222-60-7
24	51311-04-7
24	51311-04-7
24	51323-43-4
24	51323-43-4
24	51358-27-1
24	51358-27-1
24	514820-48-5
24	514820-48-5
24	51681-14-2
24	51681-14-2
24	51791-80-1
24	51791-80-1
24	51791-81-2
24	51791-81-2
24	51851-79-7
24	51851-79-7
24	51876-74-5
24	51876-74-5
24	52018-21-0
24	52018-21-0
24	52018-28-7
24	52018-28-7
24	52019-27-9
24	52019-27-9
24	52233-42-8
24	52233-42-8
24	52296-79-4
24	52296-79-4
24	52329-27-8
24	52329-27-8
24	52340-09-7
24	52340-09-7
24	52350-34-2
24	52350-34-2
24	524-95-8
24	524-95-8
24	52458-41-0
24	52458-41-0
24	524730-10-7
24	524730-10-7
24	524744-79-4
24	524744-79-4
24	524744-80-7
24	524744-80-7
24	52555-12-1
24	52555-12-1
24	52623-84-4
24	52623-84-4
24	52712-65-9
24	52712-65-9
24	52846-30-7
24	52846-30-7
24	52933-45-6
24	52933-45-6
24	53091-46-6
24	53091-46-6
24	5314-83-0
24	5314-83-0
24	53239-04-6
24	53239-04-6
24	5337-36-0
24	5337-36-0
24	5337-37-1
24	5337-37-1
24	5337-41-7
24	5337-41-7
24	5337-42-8
24	5337-42-8
24	5337-60-0
24	5337-60-0
24	53370-45-9
24	53370-45-9
24	53529-07-0
24	53529-07-0
24	53587-44-3
24	53587-44-3
24	53663-13-1
24	53663-13-1
24	53934-41-1
24	53934-41-1
24	53992-90-8
24	53992-90-8
24	53992-91-9
24	53992-91-9
24	540-75-0
24	540-75-0
24	5419-55-6
24	5419-55-6
24	54250-41-8
24	54250-41-8
24	54388-43-1
24	54388-43-1
24	5440-19-7
24	5440-19-7
24	54427-07-5
24	54427-07-5
24	5456-05-3
24	5456-05-3
24	5456-06-4
24	5456-06-4
24	54566-73-3
24	54566-73-3
24	54575-49-4
24	54575-49-4
24	54630-47-6
24	54630-47-6
24	54649-97-7
24	54649-97-7
24	5467-74-3
24	5467-74-3
24	54761-91-0
24	54761-91-0
24	547767-06-6
24	547767-06-6
24	54824-38-3
24	54824-38-3
24	54854-14-7
24	54854-14-7
24	55000-96-9
24	55000-96-9
24	55089-03-7
24	55089-03-7
24	55124-14-6
24	55124-14-6
24	55199-96-7
24	55199-96-7
24	5523-19-3
24	5523-19-3
24	55276-94-3
24	55276-94-3
24	552846-17-0
24	552846-17-0
24	55499-43-9
24	55499-43-9
24	55499-44-0
24	55499-44-0
24	55552-70-0
24	55552-70-0
24	55671-55-1
24	55671-55-1
24	5570-18-3
24	5570-18-3
24	5570-19-4
24	5570-19-4
24	5579-16-8
24	5579-16-8
24	55805-58-8
24	55805-58-8
24	55881-03-3
24	55881-03-3
24	56094-49-6
24	56094-49-6
24	56116-04-2
24	56116-04-2
24	56127-33-4
24	56127-33-4
24	56145-44-9
24	56145-44-9
24	56185-21-8
24	56185-21-8
24	56312-91-5
24	56312-91-5
24	56312-92-6
24	56312-92-6
24	56312-93-7
24	56312-93-7
24	56312-94-8
24	56312-94-8
24	56359-96-7
24	56359-96-7
24	56553-60-7
24	56553-60-7
24	56626-44-9
24	56626-44-9
24	569343-09-5
24	569343-09-5
24	56939-87-8
24	56939-87-8
24	56943-26-1
24	56943-26-1
24	57057-98-4
24	57057-98-4
24	57073-75-3
24	57073-75-3
24	57158-30-2
24	57158-30-2
24	5720-05-8
24	5720-05-8
24	5720-06-9
24	5720-06-9
24	5720-07-0
24	5720-07-0
24	57285-94-6
24	57285-94-6
24	57308-14-2
24	57308-14-2
24	5735-41-1
24	5735-41-1
24	57404-76-9
24	57404-76-9
24	5743-34-0
24	5743-34-0
24	57456-63-0
24	57456-63-0
24	5747-23-9
24	5747-23-9
24	57754-92-4
24	57754-92-4
24	57842-27-0
24	57842-27-0
24	57875-98-6
24	57875-98-6
24	57876-06-9
24	57876-06-9
24	579476-63-4
24	579476-63-4
24	57974-63-7
24	57974-63-7
24	5799-67-7
24	5799-67-7
24	580-34-7
24	580-34-7
24	58072-03-0
24	58072-03-0
24	58179-67-2
24	58179-67-2
24	58369-24-7
24	58369-24-7
24	58391-97-2
24	58391-97-2
24	584-59-8
24	584-59-8
24	58450-10-5
24	58450-10-5
24	58572-50-2
24	58572-50-2
24	586-92-5
24	586-92-5
24	58672-61-0
24	58672-61-0
24	58799-13-6
24	58799-13-6
24	59016-56-7
24	59016-56-7
24	59016-93-2
24	59016-93-2
24	590418-08-9
24	590418-08-9
24	591-00-4
24	591-00-4
24	591-92-4
24	591-92-4
24	592-39-2
24	592-39-2
24	593-04-4
24	593-04-4
24	593-90-8
24	593-90-8
24	59327-98-9
24	59327-98-9
24	59330-52-8
24	59330-52-8
24	59495-05-5
24	59495-05-5
24	5967-37-3
24	5967-37-3
24	5967-38-4
24	5967-38-4
24	59719-94-7
24	59719-94-7
24	59720-00-2
24	59720-00-2
24	597554-03-5
24	597554-03-5
24	597581-48-1
24	597581-48-1
24	59794-15-9
24	59794-15-9
24	5980-97-2
24	5980-97-2
24	59802-06-1
24	59802-06-1
24	59817-49-1
24	59817-49-1
24	60063-34-5
24	60063-34-5
24	603122-41-4
24	603122-41-4
24	603122-80-1
24	603122-80-1
24	603122-84-5
24	603122-84-5
24	60569-72-4
24	60569-72-4
24	60633-76-3
24	60633-76-3
24	60669-69-4
24	60669-69-4
24	60674-95-5
24	60674-95-5
24	608529-54-0
24	608529-54-0
24	608529-56-2
24	608529-56-2
24	608529-57-3
24	608529-57-3
24	6087-59-8
24	6087-59-8
24	6098-53-9
24	6098-53-9
24	61028-24-8
24	61028-24-8
24	61063-76-1
24	61063-76-1
24	613660-87-0
24	613660-87-0
24	615561-49-4
24	615561-49-4
24	6162-38-5
24	6162-38-5
24	6165-68-0
24	6165-68-0
24	6165-69-1
24	6165-69-1
24	616880-14-9
24	616880-14-9
24	61789-16-0
24	61789-16-0
24	62050-76-4
24	62050-76-4
24	621-78-3
24	621-78-3
24	62133-36-2
24	62133-36-2
24	62185-81-3
24	62185-81-3
24	62229-38-3
24	62229-38-3
24	62306-79-0
24	62306-79-0
24	62428-08-4
24	62428-08-4
24	62497-91-0
24	62497-91-0
24	62654-11-9
24	62654-11-9
24	62697-74-9
24	62697-74-9
24	6273-99-0
24	6273-99-0
24	62785-41-5
24	62785-41-5
24	627899-90-5
24	627899-90-5
24	62792-13-6
24	62792-13-6
24	62796-26-3
24	62796-26-3
24	628692-15-9
24	628692-15-9
24	62906-35-8
24	62906-35-8
24	62906-36-9
24	62906-36-9
24	62906-37-0
24	62906-37-0
24	62949-01-3
24	62949-01-3
24	62991-16-6
24	62991-16-6
24	63076-51-7
24	63076-51-7
24	63123-42-2
24	63123-42-2
24	63139-21-9
24	63139-21-9
24	63149-30-4
24	63149-30-4
24	63156-11-6
24	63156-11-6
24	631911-01-8
24	631911-01-8
24	63212-53-3
24	63212-53-3
24	63310-16-7
24	63310-16-7
24	63348-81-2
24	63348-81-2
24	6336-45-4
24	6336-45-4
24	635-20-1
24	635-20-1
24	63503-60-6
24	63503-60-6
24	63517-86-2
24	63517-86-2
24	635305-48-5
24	635305-48-5
24	63706-85-4
24	63706-85-4
24	63717-73-7
24	63717-73-7
24	63938-89-6
24	63938-89-6
24	63989-70-8
24	63989-70-8
24	641144-16-3
24	641144-16-3
24	64442-81-5
24	64442-81-5
24	64539-84-0
24	64539-84-0
24	64612-24-4
24	64612-24-4
24	647853-32-5
24	647853-32-5
24	64909-33-7
24	64909-33-7
24	652148-90-8
24	652148-90-8
24	652148-91-9
24	652148-91-9
24	652148-92-0
24	652148-92-0
24	65229-23-4
24	65229-23-4
24	65313-32-8
24	65313-32-8
24	65416-31-1
24	65416-31-1
24	65416-32-2
24	65416-32-2
24	65416-33-3
24	65416-33-3
24	654664-63-8
24	654664-63-8
24	65579-07-9
24	65579-07-9
24	6562-41-0
24	6562-41-0
24	65651-91-4
24	65651-91-4
24	6569-51-3
24	6569-51-3
24	65767-17-1
24	65767-17-1
24	65776-60-5
24	65776-60-5
24	65814-43-9
24	65814-43-9
24	659-18-7
24	659-18-7
24	660-53-7
24	660-53-7
24	660440-57-3
24	660440-57-3
24	660867-80-1
24	660867-80-1
24	661-32-5
24	661-32-5
24	661-36-9
24	661-36-9
24	662138-96-7
24	662138-96-7
24	66337-79-9
24	66337-79-9
24	663954-31-2
24	663954-31-2
24	664339-46-2
24	664339-46-2
24	66456-48-2
24	66456-48-2
24	66472-86-4
24	66472-86-4
24	665-49-6
24	665-49-6
24	666-12-6
24	666-12-6
24	66606-19-7
24	66606-19-7
24	66630-11-3
24	66630-11-3
24	667935-30-0
24	667935-30-0
24	66904-22-1
24	66904-22-1
24	66904-23-2
24	66904-23-2
24	67045-32-3
24	67045-32-3
24	67116-13-6
24	67116-13-6
24	67251-40-5
24	67251-40-5
24	67276-04-4
24	67276-04-4
24	673-24-5
24	673-24-5
24	673-40-5
24	673-40-5
24	6742-94-5
24	6742-94-5
24	6742-95-6
24	6742-95-6
24	674776-54-6
24	674776-54-6
24	674783-29-0
24	674783-29-0
24	674819-26-2
24	674819-26-2
24	67571-42-0
24	67571-42-0
24	676-10-8
24	676-10-8
24	676-13-1
24	676-13-1
24	676-65-3
24	676-65-3
24	676-88-0
24	676-88-0
24	67784-76-3
24	67784-76-3
24	67785-78-8
24	67785-78-8
24	67827-68-3
24	67827-68-3
24	67828-66-4
24	67828-66-4
24	6783-05-7
24	6783-05-7
24	67849-01-8
24	67849-01-8
24	67859-60-3
24	67859-60-3
24	67859-78-3
24	67859-78-3
24	67860-03-1
24	67860-03-1
24	67905-33-3
24	67905-33-3
24	67952-27-6
24	67952-27-6
24	67952-33-4
24	67952-33-4
24	67953-73-5
24	67953-73-5
24	67969-82-8
24	67969-82-8
24	67969-83-9
24	67969-83-9
24	67989-25-7
24	67989-25-7
24	67989-27-9
24	67989-27-9
24	68003-13-4
24	68003-13-4
24	68003-52-1
24	68003-52-1
24	68025-12-7
24	68025-12-7
24	68025-47-8
24	68025-47-8
24	68052-06-2
24	68052-06-2
24	68052-11-9
24	68052-11-9
24	68070-93-9
24	68070-93-9
24	68071-04-5
24	68071-04-5
24	68072-56-0
24	68072-56-0
24	68084-35-5
24	68084-35-5
24	68109-83-1
24	68109-83-1
24	681215-79-2
24	681215-79-2
24	68130-12-1
24	68130-12-1
24	68130-22-3
24	68130-22-3
24	68130-73-4
24	68130-73-4
24	68131-51-1
24	68131-51-1
24	68132-94-5
24	68132-94-5
24	68132-95-6
24	68132-95-6
24	68134-31-6
24	68134-31-6
24	68140-33-0
24	68140-33-0
24	68141-09-3
24	68141-09-3
24	68162-47-0
24	68162-47-0
24	681812-07-7
24	681812-07-7
24	68189-02-6
24	68189-02-6
24	68189-03-7
24	68189-03-7
24	68189-08-2
24	68189-08-2
24	68189-12-8
24	68189-12-8
24	68220-77-9
24	68220-77-9
24	68224-81-7
24	68224-81-7
24	68239-04-3
24	68239-04-3
24	68253-59-8
24	68253-59-8
24	68253-60-1
24	68253-60-1
24	68298-96-4
24	68298-96-4
24	68309-92-2
24	68309-92-2
24	68309-97-7
24	68309-97-7
24	68333-40-4
24	68333-40-4
24	68333-76-6
24	68333-76-6
24	68333-77-7
24	68333-77-7
24	68345-30-2
24	68345-30-2
24	68389-45-7
24	68389-45-7
24	68400-46-4
24	68400-46-4
24	68410-30-0
24	68410-30-0
24	68411-01-8
24	68411-01-8
24	68411-21-2
24	68411-21-2
24	68411-22-3
24	68411-22-3
24	68411-23-4
24	68411-23-4
24	68413-80-9
24	68413-80-9
24	68425-66-1
24	68425-66-1
24	68425-67-2
24	68425-67-2
24	68436-99-7
24	68436-99-7
24	68439-36-1
24	68439-36-1
24	68439-94-1
24	68439-94-1
24	68440-85-7
24	68440-85-7
24	68441-04-3
24	68441-04-3
24	68441-44-1
24	68441-44-1
24	68441-45-2
24	68441-45-2
24	68442-74-0
24	68442-74-0
24	68442-98-8
24	68442-98-8
24	68442-99-9
24	68442-99-9
24	68443-37-8
24	68443-37-8
24	68457-13-6
24	68457-13-6
24	68475-51-4
24	68475-51-4
24	68476-15-3
24	68476-15-3
24	68476-88-0
24	68476-88-0
24	68478-46-6
24	68478-46-6
24	68478-50-2
24	68478-50-2
24	68478-71-7
24	68478-71-7
24	68478-97-7
24	68478-97-7
24	68498-84-0
24	68498-84-0
24	68510-96-3
24	68510-96-3
24	68510-97-4
24	68510-97-4
24	685103-98-4
24	685103-98-4
24	68511-00-2
24	68511-00-2
24	68511-17-1
24	68511-17-1
24	68511-18-2
24	68511-18-2
24	68512-53-8
24	68512-53-8
24	68515-09-3
24	68515-09-3
24	68516-78-9
24	68516-78-9
24	68533-38-0
24	68533-38-0
24	68550-96-9
24	68550-96-9
24	68550-97-0
24	68550-97-0
24	68553-27-5
24	68553-27-5
24	68553-78-6
24	68553-78-6
24	68555-05-5
24	68555-05-5
24	68555-83-9
24	68555-83-9
24	68555-87-3
24	68555-87-3
24	685563-69-3
24	685563-69-3
24	68572-87-2
24	68572-87-2
24	68584-31-6
24	68584-31-6
24	68584-51-0
24	68584-51-0
24	68585-30-8
24	68585-30-8
24	68585-51-3
24	68585-51-3
24	68586-07-2
24	68586-07-2
24	68605-59-4
24	68605-59-4
24	68605-60-7
24	68605-60-7
24	68605-61-8
24	68605-61-8
24	68608-93-5
24	68608-93-5
24	68609-02-9
24	68609-02-9
24	68610-78-6
24	68610-78-6
24	68610-88-8
24	68610-88-8
24	68611-26-7
24	68611-26-7
24	68611-54-1
24	68611-54-1
24	68647-21-2
24	68647-21-2
24	6867-36-3
24	6867-36-3
24	68716-47-2
24	68716-47-2
24	68784-58-7
24	68784-58-7
24	68784-82-7
24	68784-82-7
24	68797-44-4
24	68797-44-4
24	688-71-1
24	688-71-1
24	688-74-4
24	688-74-4
24	68855-38-9
24	68855-38-9
24	68879-47-0
24	68879-47-0
24	68892-01-3
24	68892-01-3
24	68916-41-6
24	68916-41-6
24	68954-06-3
24	68954-06-3
24	68954-07-4
24	68954-07-4
24	68987-30-4
24	68987-30-4
24	68987-53-1
24	68987-53-1
24	68987-54-2
24	68987-54-2
24	68987-55-3
24	68987-55-3
24	68987-56-4
24	68987-56-4
24	69011-48-9
24	69011-48-9
24	69013-15-6
24	69013-15-6
24	69029-40-9
24	69029-40-9
24	690636-28-3
24	690636-28-3
24	69071-29-0
24	69071-29-0
24	69080-34-8
24	69080-34-8
24	69102-85-8
24	69102-85-8
24	692-39-7
24	692-39-7
24	69338-55-2
24	69338-55-2
24	69402-04-6
24	69402-04-6
24	69444-47-9
24	69444-47-9
24	69495-08-5
24	69495-08-5
24	696-99-1
24	696-99-1
24	69756-31-6
24	69756-31-6
24	69898-30-2
24	69898-30-2
24	70098-98-5
24	70098-98-5
24	7024-33-1
24	7024-33-1
24	707542-87-8
24	707542-87-8
24	70801-03-5
24	70801-03-5
24	70892-76-1
24	70892-76-1
24	7091-41-0
24	7091-41-0
24	70914-15-7
24	70914-15-7
24	70942-05-1
24	70942-05-1
24	70955-76-9
24	70955-76-9
24	71002-45-4
24	71002-45-4
24	710948-86-0
24	710948-86-0
24	71129-91-4
24	71129-91-4
24	71243-41-9
24	71243-41-9
24	71243-85-1
24	71243-85-1
24	71250-00-5
24	71250-00-5
24	71377-02-1
24	71377-02-1
24	7141-19-7
24	7141-19-7
24	71436-90-3
24	71436-90-3
24	71463-73-5
24	71463-73-5
24	7150-61-0
24	7150-61-0
24	71522-75-3
24	71522-75-3
24	71522-78-6
24	71522-78-6
24	71550-53-3
24	71550-53-3
24	71550-56-6
24	71550-56-6
24	71597-85-8
24	71597-85-8
24	716326-25-9
24	716326-25-9
24	71786-49-7
24	71786-49-7
24	71786-64-6
24	71786-64-6
24	71808-40-7
24	71808-40-7
24	71820-29-6
24	71820-29-6
24	71839-42-4
24	71839-42-4
24	71839-43-5
24	71839-43-5
24	71839-47-9
24	71839-47-9
24	71839-48-0
24	71839-48-0
24	71852-73-8
24	71852-73-8
24	7187-84-0
24	7187-84-0
24	71888-84-1
24	71888-84-1
24	71889-05-9
24	71889-05-9
24	71893-43-1
24	71893-43-1
24	72066-70-7
24	72066-70-7
24	720702-41-0
24	720702-41-0
24	72102-88-6
24	72102-88-6
24	72108-34-0
24	72108-34-0
24	72125-29-2
24	72125-29-2
24	72140-65-9
24	72140-65-9
24	72169-17-6
24	72169-17-6
24	72252-49-4
24	72252-49-4
24	72259-63-3
24	72259-63-3
24	72275-80-0
24	72275-80-0
24	72316-17-7
24	72316-17-7
24	72316-18-8
24	72316-18-8
24	72470-82-7
24	72470-82-7
24	727708-58-9
24	727708-58-9
24	72802-72-3
24	72802-72-3
24	72828-55-8
24	72828-55-8
24	72847-35-9
24	72847-35-9
24	72869-25-1
24	72869-25-1
24	72905-86-3
24	72905-86-3
24	72962-19-7
24	72962-19-7
24	7297-95-2
24	7297-95-2
24	730971-32-1
24	730971-32-1
24	7318-78-7
24	7318-78-7
24	7318-82-3
24	7318-82-3
24	73183-34-3
24	73183-34-3
24	7322-60-3
24	7322-60-3
24	73263-29-3
24	73263-29-3
24	7337-45-3
24	7337-45-3
24	73398-94-4
24	73398-94-4
24	73399-75-4
24	73399-75-4
24	73412-80-3
24	73412-80-3
24	73452-31-0
24	73452-31-0
24	73452-32-1
24	73452-32-1
24	73468-09-4
24	73468-09-4
24	73469-45-1
24	73469-45-1
24	73688-86-5
24	73688-86-5
24	73688-87-6
24	73688-87-6
24	73688-88-7
24	73688-88-7
24	73688-89-8
24	73688-89-8
24	73688-90-1
24	73688-90-1
24	73688-93-4
24	73688-93-4
24	73698-57-4
24	73698-57-4
24	736989-98-3
24	736989-98-3
24	73758-17-5
24	73758-17-5
24	73758-18-6
24	73758-18-6
24	73758-19-7
24	73758-19-7
24	73758-20-0
24	73758-20-0
24	737776-93-1
24	737776-93-1
24	73852-17-2
24	73852-17-2
24	73852-19-4
24	73852-19-4
24	73852-88-7
24	73852-88-7
24	7397-43-5
24	7397-43-5
24	7397-46-8
24	7397-46-8
24	73987-15-2
24	73987-15-2
24	74-94-2
24	74-94-2
24	74174-50-8
24	74174-50-8
24	74191-71-2
24	74191-71-2
24	742099-80-5
24	742099-80-5
24	7438-18-8
24	7438-18-8
24	7440-42-8
24	7440-42-8
24	74434-12-1
24	74434-12-1
24	7445-38-7
24	7445-38-7
24	7450-34-2
24	7450-34-2
24	74540-86-6
24	74540-86-6
24	74618-51-2
24	74618-51-2
24	74665-10-4
24	74665-10-4
24	747413-21-4
24	747413-21-4
24	74912-23-5
24	74912-23-5
24	749861-77-6
24	749861-77-6
24	75-22-9
24	75-22-9
24	75-23-0
24	75-23-0
24	75113-37-0
24	75113-37-0
24	75117-80-5
24	75117-80-5
24	75167-26-9
24	75167-26-9
24	753-53-7
24	753-53-7
24	753501-40-5
24	753501-40-5
24	753501-42-7
24	753501-42-7
24	753501-43-8
24	753501-43-8
24	7539-58-4
24	7539-58-4
24	7547-96-8
24	7547-96-8
24	7547-97-9
24	7547-97-9
24	75529-20-3
24	75529-20-3
24	75529-21-4
24	75529-21-4
24	75529-26-9
24	75529-26-9
24	75529-27-0
24	75529-27-0
24	75705-21-4
24	75705-21-4
24	7578-36-1
24	7578-36-1
24	7578-40-7
24	7578-40-7
24	75783-29-8
24	75783-29-8
24	75806-94-9
24	75806-94-9
24	75877-08-6
24	75877-08-6
24	75915-45-6
24	75915-45-6
24	75927-49-0
24	75927-49-0
24	75952-58-8
24	75952-58-8
24	760207-76-9
24	760207-76-9
24	76092-58-5
24	76092-58-5
24	76092-59-6
24	76092-59-6
24	760990-10-1
24	760990-10-1
24	7611-14-5
24	7611-14-5
24	761446-44-0
24	761446-44-0
24	761446-45-1
24	761446-45-1
24	762-48-1
24	762-48-1
24	762262-09-9
24	762262-09-9
24	762287-58-1
24	762287-58-1
24	762287-59-2
24	762287-59-2
24	763120-58-7
24	763120-58-7
24	7632-04-4
24	7632-04-4
24	76334-15-1
24	76334-15-1
24	7637-07-2
24	7637-07-2
24	76410-57-6
24	76410-57-6
24	76410-58-7
24	76410-58-7
24	767-23-7
24	767-23-7
24	768-35-4
24	768-35-4
24	7680-99-1
24	7680-99-1
24	76873-78-4
24	76873-78-4
24	772-96-3
24	772-96-3
24	773-01-3
24	773-01-3
24	7739-33-5
24	7739-33-5
24	77704-21-3
24	77704-21-3
24	7775-19-1
24	7775-19-1
24	77783-55-2
24	77783-55-2
24	77794-93-5
24	77794-93-5
24	77816-14-9
24	77816-14-9
24	779331-47-4
24	779331-47-4
24	78198-16-0
24	78198-16-0
24	78246-54-5
24	78246-54-5
24	78527-98-7
24	78527-98-7
24	78666-05-4
24	78666-05-4
24	79255-71-3
24	79255-71-3
24	79288-94-1
24	79288-94-1
24	796122-46-8
24	796122-46-8
24	796122-47-9
24	796122-47-9
24	796122-48-0
24	796122-48-0
24	796851-30-4
24	796851-30-4
24	796879-31-7
24	796879-31-7
24	79723-21-0
24	79723-21-0
24	797755-07-8
24	797755-07-8
24	798573-18-9
24	798573-18-9
24	80041-89-0
24	80041-89-0
24	80146-60-7
24	80146-60-7
24	80146-61-8
24	80146-61-8
24	80146-62-9
24	80146-62-9
24	8027-85-8
24	8027-85-8
24	80290-99-9
24	80290-99-9
24	80460-73-7
24	80460-73-7
24	80479-72-7
24	80479-72-7
24	80500-27-2
24	80500-27-2
24	8063-89-6
24	8063-89-6
24	80634-45-3
24	80634-45-3
24	80994-59-8
24	80994-59-8
24	811-59-6
24	811-59-6
24	811467-59-1
24	811467-59-1
24	81175-90-8
24	81175-90-8
24	81186-27-8
24	81186-27-8
24	811862-91-6
24	811862-91-6
24	81366-97-4
24	81366-97-4
24	814-61-9
24	814-61-9
24	81586-24-5
24	81586-24-5
24	818-91-7
24	818-91-7
24	82039-14-3
24	82039-14-3
24	823-96-1
24	823-96-1
24	824402-68-8
24	824402-68-8
24	824424-36-4
24	824424-36-4
24	82493-16-1
24	82493-16-1
24	827581-01-1
24	827581-01-1
24	827614-64-2
24	827614-64-2
24	827614-69-7
24	827614-69-7
24	832114-06-4
24	832114-06-4
24	832114-08-6
24	832114-08-6
24	832114-11-1
24	832114-11-1
24	83245-20-9
24	83245-20-9
24	83475-25-6
24	83475-25-6
24	83857-81-2
24	83857-81-2
24	83864-02-2
24	83864-02-2
24	83947-56-2
24	83947-56-2
24	84083-13-6
24	84083-13-6
24	84083-14-7
24	84083-14-7
24	84110-40-7
24	84110-40-7
24	84145-49-3
24	84145-49-3
24	84145-75-5
24	84145-75-5
24	84145-77-7
24	84145-77-7
24	84145-78-8
24	84145-78-8
24	84145-81-3
24	84145-81-3
24	84145-84-6
24	84145-84-6
24	84196-02-1
24	84196-02-1
24	84196-04-3
24	84196-04-3
24	84215-46-3
24	84215-46-3
24	84238-10-8
24	84238-10-8
24	84282-32-6
24	84282-32-6
24	84282-33-7
24	84282-33-7
24	84332-91-2
24	84332-91-2
24	843663-18-3
24	843663-18-3
24	84455-32-3
24	84455-32-3
24	844681-82-9
24	844681-82-9
24	844891-04-9
24	844891-04-9
24	84522-10-1
24	84522-10-1
24	84525-73-5
24	84525-73-5
24	845551-44-2
24	845551-44-2
24	845551-45-3
24	845551-45-3
24	845825-70-9
24	845825-70-9
24	845870-55-5
24	845870-55-5
24	845885-86-1
24	845885-86-1
24	84604-31-9
24	84604-31-9
24	84712-69-6
24	84712-69-6
24	847756-88-1
24	847756-88-1
24	84777-09-3
24	84777-09-3
24	847818-55-7
24	847818-55-7
24	847818-70-6
24	847818-70-6
24	847818-74-0
24	847818-74-0
24	847818-79-5
24	847818-79-5
24	84788-07-8
24	84788-07-8
24	848073-80-3
24	848073-80-3
24	84819-41-0
24	84819-41-0
24	848498-67-9
24	848498-67-9
24	848779-87-3
24	848779-87-3
24	849052-15-9
24	849052-15-9
24	849052-17-1
24	849052-17-1
24	849052-18-2
24	849052-18-2
24	849052-19-3
24	849052-19-3
24	849052-20-6
24	849052-20-6
24	849052-23-9
24	849052-23-9
24	849052-24-0
24	849052-24-0
24	849052-26-2
24	849052-26-2
24	849061-99-0
24	849061-99-0
24	849062-00-6
24	849062-00-6
24	849062-01-7
24	849062-01-7
24	849062-03-9
24	849062-03-9
24	849062-04-0
24	849062-04-0
24	849062-05-1
24	849062-05-1
24	849062-06-2
24	849062-06-2
24	849062-07-3
24	849062-07-3
24	849062-09-5
24	849062-09-5
24	849062-10-8
24	849062-10-8
24	849062-13-1
24	849062-13-1
24	849062-18-6
24	849062-18-6
24	849062-20-0
24	849062-20-0
24	849062-21-1
24	849062-21-1
24	849062-23-3
24	849062-23-3
24	849062-26-6
24	849062-26-6
24	849062-29-9
24	849062-29-9
24	849062-31-3
24	849062-31-3
24	849062-32-4
24	849062-32-4
24	849062-38-0
24	849062-38-0
24	849062-40-4
24	849062-40-4
24	849231-16-9
24	849231-16-9
24	849418-65-1
24	849418-65-1
24	849681-77-2
24	849681-77-2
24	849681-81-8
24	849681-81-8
24	849833-86-9
24	849833-86-9
24	850-05-5
24	850-05-5
24	850033-39-5
24	850033-39-5
24	85006-23-1
24	85006-23-1
24	850567-26-9
24	850567-26-9
24	850567-31-6
24	850567-31-6
24	850567-33-8
24	850567-33-8
24	850567-35-0
24	850567-35-0
24	850567-37-2
24	850567-37-2
24	850567-47-4
24	850567-47-4
24	850567-92-9
24	850567-92-9
24	850567-98-5
24	850567-98-5
24	850568-00-2
24	850568-00-2
24	850568-08-0
24	850568-08-0
24	850568-16-0
24	850568-16-0
24	850568-22-8
24	850568-22-8
24	850568-41-1
24	850568-41-1
24	850568-49-9
24	850568-49-9
24	850568-51-3
24	850568-51-3
24	850568-53-5
24	850568-53-5
24	850568-54-6
24	850568-54-6
24	850568-61-5
24	850568-61-5
24	850568-62-6
24	850568-62-6
24	850568-65-9
24	850568-65-9
24	850568-74-0
24	850568-74-0
24	850589-54-7
24	850589-54-7
24	850593-04-3
24	850593-04-3
24	85099-28-1
24	85099-28-1
24	85099-30-5
24	85099-30-5
24	850991-69-4
24	850991-69-4
24	85107-54-6
24	85107-54-6
24	851335-07-4
24	851335-07-4
24	85167-14-2
24	85167-14-2
24	85169-10-4
24	85169-10-4
24	85169-33-1
24	85169-33-1
24	85199-06-0
24	85199-06-0
24	85204-07-5
24	85204-07-5
24	852228-08-1
24	852228-08-1
24	852362-22-2
24	852362-22-2
24	85251-55-4
24	85251-55-4
24	85252-27-3
24	85252-27-3
24	85252-28-4
24	85252-28-4
24	85252-30-8
24	85252-30-8
24	85283-50-7
24	85283-50-7
24	85283-51-8
24	85283-51-8
24	85283-53-0
24	85283-53-0
24	85283-54-1
24	85283-54-1
24	85338-04-1
24	85338-04-1
24	85338-10-9
24	85338-10-9
24	85338-31-4
24	85338-31-4
24	85371-59-1
24	85371-59-1
24	85391-36-2
24	85391-36-2
24	85392-66-1
24	85392-66-1
24	85407-85-8
24	85407-85-8
24	85408-27-1
24	85408-27-1
24	85409-42-3
24	85409-42-3
24	854267-07-5
24	854267-07-5
24	854457-83-3
24	854457-83-3
24	854874-41-2
24	854874-41-2
24	854952-58-2
24	854952-58-2
24	855245-60-2
24	855245-60-2
24	855299-97-7
24	855299-97-7
24	85567-22-2
24	85567-22-2
24	855843-82-2
24	855843-82-2
24	85586-41-0
24	85586-41-0
24	85586-42-1
24	85586-42-1
24	85586-43-2
24	85586-43-2
24	85586-44-3
24	85586-44-3
24	85586-45-4
24	85586-45-4
24	85586-65-8
24	85586-65-8
24	856204-16-5
24	856204-16-5
24	85631-32-9
24	85631-32-9
24	856311-02-9
24	856311-02-9
24	856316-63-7
24	856316-63-7
24	856616-84-7
24	856616-84-7
24	856617-69-1
24	856617-69-1
24	856617-77-1
24	856617-77-1
24	85702-84-7
24	85702-84-7
24	857171-67-6
24	857171-67-6
24	857179-93-2
24	857179-93-2
24	85750-32-9
24	85750-32-9
24	857530-80-4
24	857530-80-4
24	85826-55-7
24	85826-55-7
24	859169-20-3
24	859169-20-3
24	86-58-8
24	86-58-8
24	860382-07-6
24	860382-07-6
24	860392-69-4
24	860392-69-4
24	86143-93-3
24	86143-93-3
24	862723-42-0
24	862723-42-0
24	863753-30-4
24	863753-30-4
24	863975-37-5
24	863975-37-5
24	864377-33-3
24	864377-33-3
24	864754-16-5
24	864754-16-5
24	864754-18-7
24	864754-18-7
24	864910-70-3
24	864910-70-3
24	865812-10-8
24	865812-10-8
24	865869-28-9
24	865869-28-9
24	86595-37-1
24	86595-37-1
24	866607-09-2
24	866607-09-2
24	867044-33-5
24	867044-33-5
24	868-81-5
24	868-81-5
24	868855-76-9
24	868855-76-9
24	86899-77-6
24	86899-77-6
24	870238-65-6
24	870238-65-6
24	870521-30-5
24	870521-30-5
24	870704-19-1
24	870704-19-1
24	870717-92-3
24	870717-92-3
24	870717-93-4
24	870717-93-4
24	870717-98-9
24	870717-98-9
24	870717-99-0
24	870717-99-0
24	870718-00-6
24	870718-00-6
24	870718-06-2
24	870718-06-2
24	870774-25-7
24	870774-25-7
24	870777-21-2
24	870777-21-2
24	870777-29-0
24	870777-29-0
24	870777-31-4
24	870777-31-4
24	870777-32-5
24	870777-32-5
24	870778-83-9
24	870778-83-9
24	870778-87-3
24	870778-87-3
24	870778-89-5
24	870778-89-5
24	870778-90-8
24	870778-90-8
24	870778-91-9
24	870778-91-9
24	870778-93-1
24	870778-93-1
24	870778-96-4
24	870778-96-4
24	870778-99-7
24	870778-99-7
24	870779-00-3
24	870779-00-3
24	870779-02-5
24	870779-02-5
24	871125-80-3
24	871125-80-3
24	871125-83-6
24	871125-83-6
24	871125-86-9
24	871125-86-9
24	871125-91-6
24	871125-91-6
24	871125-94-9
24	871125-94-9
24	871125-95-0
24	871125-95-0
24	871125-97-2
24	871125-97-2
24	871125-98-3
24	871125-98-3
24	871126-00-0
24	871126-00-0
24	871126-05-5
24	871126-05-5
24	871126-15-7
24	871126-15-7
24	871126-19-1
24	871126-19-1
24	871126-25-9
24	871126-25-9
24	871126-28-2
24	871126-28-2
24	871329-52-1
24	871329-52-1
24	871329-59-8
24	871329-59-8
24	871329-60-1
24	871329-60-1
24	871329-82-7
24	871329-82-7
24	871332-95-5
24	871332-95-5
24	871332-97-7
24	871332-97-7
24	871332-99-9
24	871332-99-9
24	871333-01-6
24	871333-01-6
24	871333-02-7
24	871333-02-7
24	871333-98-1
24	871333-98-1
24	87199-14-2
24	87199-14-2
24	87199-15-3
24	87199-15-3
24	87199-16-4
24	87199-16-4
24	87199-17-5
24	87199-17-5
24	87199-18-6
24	87199-18-6
24	872041-85-5
24	872041-85-5
24	872041-86-6
24	872041-86-6
24	872054-54-1
24	872054-54-1
24	872054-57-4
24	872054-57-4
24	872054-59-6
24	872054-59-6
24	872460-12-3
24	872460-12-3
24	872885-08-0
24	872885-08-0
24	873-51-8
24	873-51-8
24	873078-93-4
24	873078-93-4
24	873566-75-7
24	873566-75-7
24	874186-98-8
24	874186-98-8
24	874219-16-6
24	874219-16-6
24	874219-27-9
24	874219-27-9
24	874219-44-0
24	874219-44-0
24	874219-52-0
24	874219-52-0
24	874289-12-0
24	874289-12-0
24	874289-13-1
24	874289-13-1
24	874289-58-4
24	874289-58-4
24	874289-59-5
24	874289-59-5
24	874290-59-2
24	874290-59-2
24	874359-75-8
24	874359-75-8
24	87531-64-4
24	87531-64-4
24	87558-89-2
24	87558-89-2
24	877134-77-5
24	877134-77-5
24	877160-63-9
24	877160-63-9
24	87788-31-6
24	87788-31-6
24	87788-32-7
24	87788-32-7
24	878-23-9
24	878-23-9
24	878775-62-3
24	878775-62-3
24	878792-53-1
24	878792-53-1
24	878795-52-9
24	878795-52-9
24	87912-25-2
24	87912-25-2
24	879630-66-7
24	879630-66-7
24	879632-46-9
24	879632-46-9
24	879632-52-7
24	879632-52-7
24	879635-62-8
24	879635-62-8
24	879655-06-8
24	879655-06-8
24	879655-11-5
24	879655-11-5
24	879669-63-3
24	879669-63-3
24	88004-40-4
24	88004-40-4
24	880262-16-8
24	880262-16-8
24	881302-73-4
24	881302-73-4
24	881402-22-8
24	881402-22-8
24	881410-04-4
24	881410-04-4
24	882670-69-1
24	882670-69-1
24	882678-96-8
24	882678-96-8
24	88314-57-2
24	88314-57-2
24	884507-19-1
24	884507-19-1
24	885068-00-8
24	885068-00-8
24	88526-39-0
24	88526-39-0
24	885692-91-1
24	885692-91-1
24	885698-94-2
24	885698-94-2
24	886536-37-4
24	886536-37-4
24	886584-11-8
24	886584-11-8
24	886747-03-1
24	886747-03-1
24	886853-93-6
24	886853-93-6
24	89147-30-8
24	89147-30-8
24	89171-23-3
24	89171-23-3
24	891827-68-2
24	891827-68-2
24	89325-22-4
24	89325-22-4
24	89415-43-0
24	89415-43-0
24	89466-05-7
24	89466-05-7
24	89466-08-0
24	89466-08-0
24	89488-25-5
24	89488-25-5
24	89490-05-1
24	89490-05-1
24	89513-75-7
24	89513-75-7
24	89598-96-9
24	89598-96-9
24	89641-18-9
24	89641-18-9
24	89694-45-1
24	89694-45-1
24	89694-46-2
24	89694-46-2
24	89694-48-4
24	89694-48-4
24	89787-12-2
24	89787-12-2
24	89878-14-8
24	89878-14-8
24	90002-36-1
24	90002-36-1
24	900178-90-7
24	900178-90-7
24	900796-46-5
24	900796-46-5
24	90111-58-3
24	90111-58-3
24	90268-17-0
24	90268-17-0
24	90268-18-1
24	90268-18-1
24	903550-26-5
24	903550-26-5
24	90387-70-5
24	90387-70-5
24	90431-23-5
24	90431-23-5
24	90431-46-2
24	90431-46-2
24	90431-60-0
24	90431-60-0
24	90431-61-1
24	90431-61-1
24	904326-87-0
24	904326-87-0
24	90459-31-7
24	90459-31-7
24	90530-04-4
24	90530-04-4
24	90555-66-1
24	90555-66-1
24	90568-23-3
24	90568-23-3
24	90604-64-1
24	90604-64-1
24	909122-50-5
24	909122-50-5
24	909709-42-8
24	909709-42-8
24	910783-70-9
24	910783-70-9
24	910783-71-0
24	910783-71-0
24	910783-72-1
24	910783-72-1
24	91129-69-0
24	91129-69-0
24	91158-38-2
24	91158-38-2
24	911708-01-5
24	911708-01-5
24	913292-63-4
24	913292-63-4
24	913835-44-6
24	913835-44-6
24	913835-52-6
24	913835-52-6
24	913835-61-7
24	913835-61-7
24	913835-68-4
24	913835-68-4
24	913835-72-0
24	913835-72-0
24	913835-74-2
24	913835-74-2
24	913835-81-1
24	913835-81-1
24	913835-91-3
24	913835-91-3
24	913835-98-0
24	913835-98-0
24	913836-01-8
24	913836-01-8
24	913836-03-0
24	913836-03-0
24	913836-05-2
24	913836-05-2
24	913836-08-5
24	913836-08-5
24	913836-11-0
24	913836-11-0
24	913836-15-4
24	913836-15-4
24	91388-81-7
24	91388-81-7
24	913961-81-6
24	913961-81-6
24	913961-83-8
24	913961-83-8
24	915763-60-9
24	915763-60-9
24	91648-11-2
24	91648-11-2
24	916486-11-8
24	916486-11-8
24	91696-95-6
24	91696-95-6
24	91696-96-7
24	91696-96-7
24	91696-97-8
24	91696-97-8
24	917471-30-8
24	917471-30-8
24	91769-97-0
24	91769-97-0
24	91770-03-5
24	91770-03-5
24	91771-79-8
24	91771-79-8
24	91771-80-1
24	91771-80-1
24	91771-83-4
24	91771-83-4
24	91771-84-5
24	91771-84-5
24	917757-44-9
24	917757-44-9
24	91782-41-1
24	91782-41-1
24	91782-42-2
24	91782-42-2
24	91782-43-3
24	91782-43-3
24	91782-44-4
24	91782-44-4
24	91782-60-4
24	91782-60-4
24	91782-61-5
24	91782-61-5
24	91782-86-4
24	91782-86-4
24	91845-02-2
24	91845-02-2
24	91845-12-4
24	91845-12-4
24	918524-63-7
24	918524-63-7
24	91863-27-3
24	91863-27-3
24	918643-56-8
24	918643-56-8
24	918655-03-5
24	918655-03-5
24	91983-14-1
24	91983-14-1
24	92113-18-3
24	92113-18-3
24	92128-16-0
24	92128-16-0
24	92128-25-1
24	92128-25-1
24	92200-79-8
24	92200-79-8
24	92201-00-8
24	92201-00-8
24	92257-22-2
24	92257-22-2
24	92275-85-9
24	92275-85-9
24	92332-17-7
24	92332-17-7
24	92473-75-1
24	92473-75-1
24	92502-53-9
24	92502-53-9
24	92502-55-1
24	92502-55-1
24	927384-43-8
24	927384-43-8
24	927384-44-9
24	927384-44-9
24	92797-44-9
24	92797-44-9
24	92880-60-9
24	92880-60-9
24	92908-33-3
24	92908-33-3
24	929250-35-1
24	929250-35-1
24	93062-36-3
24	93062-36-3
24	93062-37-4
24	93062-37-4
24	93165-87-8
24	93165-87-8
24	93165-88-9
24	93165-88-9
24	93165-89-0
24	93165-89-0
24	93236-53-4
24	93236-53-4
24	932697-96-6
24	932697-96-6
24	933-18-6
24	933-18-6
24	933447-02-0
24	933447-02-0
24	933986-97-1
24	933986-97-1
24	93571-70-1
24	93571-70-1
24	936250-17-8
24	936250-17-8
24	936250-20-3
24	936250-20-3
24	936250-21-4
24	936250-21-4
24	936250-22-5
24	936250-22-5
24	936576-64-6
24	936576-64-6
24	93777-11-8
24	93777-11-8
24	93803-04-4
24	93803-04-4
24	938054-63-8
24	938054-63-8
24	93820-50-9
24	93820-50-9
24	938451-30-0
24	938451-30-0
24	93857-71-7
24	93857-71-7
24	93859-15-5
24	93859-15-5
24	93894-58-7
24	93894-58-7
24	93918-81-1
24	93918-81-1
24	93924-04-0
24	93924-04-0
24	93924-91-5
24	93924-91-5
24	93940-37-5
24	93940-37-5
24	93964-01-3
24	93964-01-3
24	93964-02-4
24	93964-02-4
24	93964-03-5
24	93964-03-5
24	93964-49-9
24	93964-49-9
24	93964-50-2
24	93964-50-2
24	93964-51-3
24	93964-51-3
24	93982-94-6
24	93982-94-6
24	94006-32-3
24	94006-32-3
24	94086-71-2
24	94086-71-2
24	94088-77-4
24	94088-77-4
24	94094-28-7
24	94094-28-7
24	94094-29-8
24	94094-29-8
24	94094-31-2
24	94094-31-2
24	94095-04-2
24	94095-04-2
24	94095-05-3
24	94095-05-3
24	94109-34-9
24	94109-34-9
24	94159-20-3
24	94159-20-3
24	94200-67-6
24	94200-67-6
24	94232-62-9
24	94232-62-9
24	94247-66-2
24	94247-66-2
24	94266-00-9
24	94266-00-9
24	94266-01-0
24	94266-01-0
24	94277-53-9
24	94277-53-9
24	94277-88-0
24	94277-88-0
24	94278-23-6
24	94278-23-6
24	94313-53-8
24	94313-53-8
24	94314-05-3
24	94314-05-3
24	94333-76-3
24	94333-76-3
24	94333-79-6
24	94333-79-6
24	944129-07-1
24	944129-07-1
24	945837-57-0
24	945837-57-0
24	947-42-2
24	947-42-2
24	947-42-2
24	947-42-2
24	947533-23-5
24	947533-23-5
24	94839-07-3
24	94839-07-3
24	94850-87-0
24	94850-87-0
24	948592-80-1
24	948592-80-1
24	94891-35-7
24	94891-35-7
24	949084-45-1
24	949084-45-1
24	950582-54-4
24	950582-54-4
24	950582-56-6
24	950582-56-6
24	950582-57-7
24	950582-57-7
24	950582-60-2
24	950582-60-2
24	950582-62-4
24	950582-62-4
24	950582-63-5
24	950582-63-5
24	950582-67-9
24	950582-67-9
24	950582-72-6
24	950582-72-6
24	950582-74-8
24	950582-74-8
24	950582-77-1
24	950582-77-1
24	950582-83-9
24	950582-83-9
24	952514-79-3
24	952514-79-3
24	952666-08-9
24	952666-08-9
24	95371-17-8
24	95371-17-8
24	954128-25-7
24	954128-25-7
24	957034-82-1
24	957034-82-1
24	957060-72-9
24	957060-72-9
24	957060-85-4
24	957060-85-4
24	957060-90-1
24	957060-90-1
24	957062-57-6
24	957062-57-6
24	957062-84-9
24	957062-84-9
24	957063-00-2
24	957063-00-2
24	957066-07-8
24	957066-07-8
24	957066-11-4
24	957066-11-4
24	957120-32-0
24	957120-32-0
24	957121-05-0
24	957121-05-0
24	957198-31-1
24	957198-31-1
24	95905-86-5
24	95905-86-5
24	95984-77-3
24	95984-77-3
24	959996-48-6
24	959996-48-6
24	960-71-4
24	960-71-4
24	96152-35-1
24	96152-35-1
24	96958-96-2
24	96958-96-2
24	97-94-9
24	97-94-9
24	971-66-4
24	971-66-4
24	97171-72-7
24	97171-72-7
24	97358-65-1
24	97358-65-1
24	97559-21-2
24	97559-21-2
24	976-28-3
24	976-28-3
24	97660-73-6
24	97660-73-6
24	97692-53-0
24	97692-53-0
24	97746-91-3
24	97746-91-3
24	97808-11-2
24	97808-11-2
24	97808-25-8
24	97808-25-8
24	97808-26-9
24	97808-26-9
24	97808-37-2
24	97808-37-2
24	97863-03-1
24	97863-03-1
24	97863-08-6
24	97863-08-6
24	97925-96-7
24	97925-96-7
24	97930-40-0
24	97930-40-0
24	97987-95-6
24	97987-95-6
24	97996-39-9
24	97996-39-9
24	97999-31-0
24	97999-31-0
24	98-80-6
24	98-80-6
24	98028-02-5
24	98028-02-5
24	98072-03-8
24	98072-03-8
24	981-87-3
24	981-87-3
24	98139-72-1
24	98139-72-1
24	98171-41-6
24	98171-41-6
24	98219-48-8
24	98219-48-8
24	98223-57-5
24	98223-57-5
24	98242-19-4
24	98242-19-4
24	98259-34-8
24	98259-34-8
24	98437-23-1
24	98437-23-1
24	98437-24-2
24	98437-24-2
24	98546-51-1
24	98546-51-1
24	98701-65-6
24	98701-65-6
24	99349-68-5
24	99349-68-5
24	99377-81-8
24	99377-81-8
24	99548-93-3
24	99548-93-3
24	99624-18-7
24	99624-18-7
24	99747-36-1
24	99747-36-1
24	99768-12-4
24	99768-12-4
24	99769-19-4
24	99769-19-4
24	99770-93-1
24	99770-93-1
24	99811-52-6
24	99811-52-6
24	99811-53-7
24	99811-53-7
24	RR-00598-1
24	RR-00598-1
24	RR-02526-3
24	RR-02526-3
24	RR-02732-7
24	RR-02732-7
24	RR-03820-0
24	RR-03820-0
24	RR-07618-6
24	RR-07618-6
24	RR-120830-6
24	RR-120830-6
24	RR-12112-0
24	RR-12112-0
24	RR-33876-1
24	RR-33876-1
24	RR-33890-9
24	RR-33890-9
24	RR-42941-4
24	RR-42941-4
24	RR-58674-3
24	RR-58674-3
24	RR-60575-4
24	RR-60575-4
24	RR-92912-4
24	RR-92912-4
24	RR-93839-6
24	RR-93839-6
24	RR-96879-6
24	RR-96879-6
24	UN1008
24	UN1008
24	UN1380
24	UN1380
24	UN1413
24	UN1413
24	UN1426
24	UN1426
24	UN1741
24	UN1741
24	UN1742
24	UN1742
24	UN1775
24	UN1775
24	UN1868
24	UN1868
24	UN1870
24	UN1870
24	UN1911
24	UN1911
24	UN2416
24	UN2416
24	UN2604
24	UN2604
24	UN2609
24	UN2609
24	UN2616
24	UN2616
24	UN2692
24	UN2692
24	UN2851
24	UN2851
24	UN2870
24	UN2870
24	UN2965
24	UN2965
24	UN3247
24	UN3247
24	UN3377
24	UN3377
24	UN3419
24	UN3419
25	100-82-3
25	100-82-3
25	10009-20-8
25	10009-20-8
25	10022-50-1
25	10022-50-1
25	10026-17-2
25	10026-17-2
25	10026-18-3
25	10026-18-3
25	10028-18-9
25	10028-18-9
25	10028-19-0
25	10028-19-0
25	10028-20-3
25	10028-20-3
25	1003-98-1
25	1003-98-1
25	1003-99-2
25	1003-99-2
25	1003318-67-9
25	1003318-67-9
25	10036-43-8
25	10036-43-8
25	10036-47-2
25	10036-47-2
25	100361-18-0
25	100361-18-0
25	10042-27-0
25	10042-27-0
25	10042-29-2
25	10042-29-2
25	100478-25-9
25	100478-25-9
25	10049-10-2
25	10049-10-2
25	10049-12-4
25	10049-12-4
25	10049-14-6
25	10049-14-6
25	10049-15-7
25	10049-15-7
25	10049-16-8
25	10049-16-8
25	10049-17-9
25	10049-17-9
25	100490-99-1
25	100490-99-1
25	100491-29-0
25	100491-29-0
25	100497-33-4
25	100497-33-4
25	1005-73-8
25	1005-73-8
25	100501-62-0
25	100501-62-0
25	100568-02-3
25	100568-02-3
25	100568-03-4
25	100568-03-4
25	10057-27-9
25	10057-27-9
25	10057-27-9
25	10057-27-9
25	1006-33-3
25	1006-33-3
25	1006-39-9
25	1006-39-9
25	1006-41-3
25	1006-41-3
25	10060-10-3
25	10060-10-3
25	100633-61-2
25	100633-61-2
25	100696-37-5
25	100696-37-5
25	1007-15-4
25	1007-15-4
25	1007-16-5
25	1007-16-5
25	10086-47-2
25	10086-47-2
25	1009-22-9
25	1009-22-9
25	100980-86-7
25	100980-86-7
25	101-23-5
25	101-23-5
25	101007-06-1
25	101007-06-1
25	101052-11-3
25	101052-11-3
25	101054-93-7
25	101054-93-7
25	101054-97-1
25	101054-97-1
25	101061-04-5
25	101061-04-5
25	101061-05-6
25	101061-05-6
25	101079-29-2
25	101079-29-2
25	1011-15-0
25	1011-15-0
25	1011-16-1
25	1011-16-1
25	10117-11-0
25	10117-11-0
25	101182-89-2
25	101182-89-2
25	101200-55-9
25	101200-55-9
25	101200-57-1
25	101200-57-1
25	101200-58-2
25	101200-58-2
25	101200-60-6
25	101200-60-6
25	101200-61-7
25	101200-61-7
25	101200-62-8
25	101200-62-8
25	101200-63-9
25	101200-63-9
25	101227-27-4
25	101227-27-4
25	101227-28-5
25	101227-28-5
25	101294-98-8
25	101294-98-8
25	101294-99-9
25	101294-99-9
25	101377-47-3
25	101377-47-3
25	1014-81-9
25	1014-81-9
25	101463-69-8
25	101463-69-8
25	101513-70-6
25	101513-70-6
25	10163-15-2
25	10163-15-2
25	101712-20-3
25	101712-20-3
25	1017183-70-8
25	1017183-70-8
25	101896-21-3
25	101896-21-3
25	101896-22-4
25	101896-22-4
25	101896-32-6
25	101896-32-6
25	101947-16-4
25	101947-16-4
25	102061-82-5
25	102061-82-5
25	102089-31-6
25	102089-31-6
25	102122-17-8
25	102122-17-8
25	102275-34-3
25	102275-34-3
25	102488-47-1
25	102488-47-1
25	102490-54-0
25	102490-54-0
25	102687-65-0
25	102687-65-0
25	102714-93-2
25	102714-93-2
25	102738-79-4
25	102738-79-4
25	102801-09-2
25	102801-09-2
25	102851-06-9
25	102851-06-9
25	102931-96-4
25	102931-96-4
25	102984-46-3
25	102984-46-3
25	1030385-16-0
25	1030385-16-0
25	103055-07-8
25	103055-07-8
25	103146-25-4
25	103146-25-4
25	103188-55-2
25	103188-55-2
25	103300-89-6
25	103300-89-6
25	103300-91-0
25	103300-91-0
25	103361-09-7
25	103361-09-7
25	103443-42-1
25	103443-42-1
25	103443-43-2
25	103443-43-2
25	103443-55-6
25	103443-55-6
25	103458-49-7
25	103458-49-7
25	103458-50-0
25	103458-50-0
25	103458-51-1
25	103458-51-1
25	103458-52-2
25	103458-52-2
25	103458-53-3
25	103458-53-3
25	103479-10-3
25	103479-10-3
25	103530-80-9
25	103530-80-9
25	103570-41-8
25	103570-41-8
25	103577-66-8
25	103577-66-8
25	103712-65-8
25	103712-65-8
25	10372-98-2
25	10372-98-2
25	10379-90-5
25	10379-90-5
25	1038-66-0
25	1038-66-0
25	103833-18-7
25	103833-18-7
25	10386-84-2
25	10386-84-2
25	103995-01-3
25	103995-01-3
25	1040032-77-6
25	1040032-77-6
25	1040032-79-8
25	1040032-79-8
25	104040-74-6
25	104040-74-6
25	104040-78-0
25	104040-78-0
25	10405-27-3
25	10405-27-3
25	104147-32-2
25	104147-32-2
25	104241-98-7
25	104241-98-7
25	104242-01-5
25	104242-01-5
25	104267-74-5
25	104267-74-5
25	1043-50-1
25	1043-50-1
25	104333-00-8
25	104333-00-8
25	10442-83-8
25	10442-83-8
25	104425-50-5
25	104425-50-5
25	10444-89-0
25	10444-89-0
25	10457-81-5
25	10457-81-5
25	10457-90-6
25	10457-90-6
25	104581-68-2
25	104581-68-2
25	104801-08-3
25	104801-08-3
25	104860-26-6
25	104860-26-6
25	104888-14-4
25	104888-14-4
25	10493-43-3
25	10493-43-3
25	10493-44-4
25	10493-44-4
25	104958-55-6
25	104958-55-6
25	1049677-77-1
25	1049677-77-1
25	1049687-34-4
25	1049687-34-4
25	1050-79-9
25	1050-79-9
25	105024-66-6
25	105024-66-6
25	105060-59-1
25	105060-59-1
25	105285-26-5
25	105285-26-5
25	10531-50-7
25	10531-50-7
25	10543-95-0
25	10543-95-0
25	10543-95-0
25	10543-95-0
25	105451-79-4
25	105451-79-4
25	10546-01-7
25	10546-01-7
25	105512-06-9
25	105512-06-9
25	105529-58-6
25	105529-58-6
25	105641-23-4
25	105641-23-4
25	1056477-09-8
25	1056477-09-8
25	1057-86-9
25	1057-86-9
25	10581-11-0
25	10581-11-0
25	105812-81-5
25	105812-81-5
25	105813-13-6
25	105813-13-6
25	10585-86-1
25	10585-86-1
25	105942-08-3
25	105942-08-3
25	105942-09-4
25	105942-09-4
25	105956-96-5
25	105956-96-5
25	105996-54-1
25	105996-54-1
25	106021-42-5
25	106021-42-5
25	1062-64-2
25	1062-64-2
25	106349-49-9
25	106349-49-9
25	106359-91-5
25	106359-91-5
25	106372-94-5
25	106372-94-5
25	106404-06-2
25	106404-06-2
25	106465-28-5
25	106465-28-5
25	106496-44-0
25	106496-44-0
25	106795-72-6
25	106795-72-6
25	106917-52-6
25	106917-52-6
25	107-44-8
25	107-44-8
25	1071724-18-9
25	1071724-18-9
25	1072-85-1
25	1072-85-1
25	107215-66-7
25	107215-66-7
25	107215-67-8
25	107215-67-8
25	107263-95-6
25	107263-95-6
25	107264-09-5
25	107264-09-5
25	1072957-71-1
25	1072957-71-1
25	1073-06-9
25	1073-06-9
25	107392-35-8
25	107392-35-8
25	1074-91-5
25	1074-91-5
25	1075754-75-4
25	1075754-75-4
25	1077-01-6
25	1077-01-6
25	107713-58-6
25	107713-58-6
25	107758-58-7
25	107758-58-7
25	107812-05-5
25	107812-05-5
25	1079857-79-6
25	1079857-79-6
25	108196-44-7
25	108196-44-7
25	1082208-66-9
25	1082208-66-9
25	108224-37-9
25	108224-37-9
25	108232-55-9
25	108232-55-9
25	1085-98-9
25	1085-98-9
25	1086196-04-4
25	1086196-04-4
25	108662-84-6
25	108662-84-6
25	108731-70-0
25	108731-70-0
25	109-63-7
25	109-63-7
25	109059-95-2
25	109059-95-2
25	109059-96-3
25	109059-96-3
25	109125-56-6
25	109125-56-6
25	1091628-50-0
25	1091628-50-0
25	109293-97-2
25	109293-97-2
25	109420-66-8
25	109420-66-8
25	1094598-90-9
25	1094598-90-9
25	1095-77-8
25	1095-77-8
25	1095-78-9
25	1095-78-9
25	109516-94-1
25	109516-94-1
25	109532-46-9
25	109532-46-9
25	109604-88-8
25	109604-88-8
25	109613-00-5
25	109613-00-5
25	109704-86-1
25	109704-86-1
25	109704-87-2
25	109704-87-2
25	109704-88-3
25	109704-88-3
25	1098-60-8
25	1098-60-8
25	109828-87-7
25	109828-87-7
25	109887-53-8
25	109887-53-8
25	109961-44-6
25	109961-44-6
25	110003-27-5
25	110003-27-5
25	110053-43-5
25	110053-43-5
25	110283-66-4
25	110283-66-4
25	110286-15-2
25	110286-15-2
25	110286-17-4
25	110286-17-4
25	110570-84-8
25	110570-84-8
25	110570-90-6
25	110570-90-6
25	110570-91-7
25	110570-91-7
25	110570-92-8
25	110570-92-8
25	110587-14-9
25	110587-14-9
25	110622-74-7
25	110622-74-7
25	1107-00-2
25	1107-00-2
25	11083-22-0
25	11083-22-0
25	110877-64-0
25	110877-64-0
25	110881-46-4
25	110881-46-4
25	110903-17-8
25	110903-17-8
25	11091-88-6
25	11091-88-6
25	110932-13-3
25	110932-13-3
25	11095-65-1
25	11095-65-1
25	110956-75-7
25	110956-75-7
25	11104-73-7
25	11104-73-7
25	111058-26-5
25	111058-26-5
25	11111-46-9
25	11111-46-9
25	11113-57-8
25	11113-57-8
25	11113-59-0
25	11113-59-0
25	11113-63-6
25	11113-63-6
25	11113-71-6
25	11113-71-6
25	11113-73-8
25	11113-73-8
25	11113-87-4
25	11113-87-4
25	11113-87-4
25	11113-87-4
25	111173-25-2
25	111173-25-2
25	1112-01-2
25	1112-01-2
25	1112-05-6
25	1112-05-6
25	1112-05-6
25	1112-05-6
25	1112-13-6
25	1112-13-6
25	1112-14-7
25	1112-14-7
25	1112-36-3
25	1112-36-3
25	11128-24-8
25	11128-24-8
25	111483-20-6
25	111483-20-6
25	111483-26-2
25	111483-26-2
25	111512-56-2
25	111512-56-2
25	111512-56-2
25	111512-56-2
25	111850-27-2
25	111850-27-2
25	111872-58-3
25	111872-58-3
25	1120-70-3
25	1120-70-3
25	112026-68-3
25	112026-68-3
25	112026-71-8
25	112026-71-8
25	1121-86-4
25	1121-86-4
25	112281-77-3
25	112281-77-3
25	1123-98-4
25	1123-98-4
25	112492-60-1
25	112492-60-1
25	112704-51-5
25	112704-51-5
25	112730-95-7
25	112730-95-7
25	1128-61-6
25	1128-61-6
25	1128-74-1
25	1128-74-1
25	112811-65-1
25	112811-65-1
25	112820-37-8
25	112820-37-8
25	112839-32-4
25	112839-32-4
25	112839-33-5
25	112839-33-5
25	112898-33-6
25	112898-33-6
25	1130296-65-9
25	1130296-65-9
25	113036-87-6
25	113036-87-6
25	113036-88-7
25	113036-88-7
25	113150-11-1
25	113150-11-1
25	1132-68-9
25	1132-68-9
25	113527-17-6
25	113527-17-6
25	113614-08-7
25	113614-08-7
25	113674-95-6
25	113674-95-6
25	113798-74-6
25	113798-74-6
25	1138-99-4
25	1138-99-4
25	113933-98-5
25	113933-98-5
25	113969-08-7
25	113969-08-7
25	113969-09-8
25	113969-09-8
25	114006-92-7
25	114006-92-7
25	114007-02-2
25	114007-02-2
25	114076-35-6
25	114076-35-6
25	114128-73-3
25	114128-73-3
25	114212-67-8
25	114212-67-8
25	114247-06-2
25	114247-06-2
25	114247-09-5
25	114247-09-5
25	114420-56-3
25	114420-56-3
25	114435-02-8
25	114435-02-8
25	114492-02-3
25	114492-02-3
25	114502-89-5
25	114502-89-5
25	114565-67-2
25	114565-67-2
25	114675-70-6
25	114675-70-6
25	114764-54-4
25	114764-54-4
25	1147709-34-9
25	1147709-34-9
25	115-25-3
25	115-25-3
25	115-26-4
25	115-26-4
25	115007-14-2
25	115007-14-2
25	115144-40-6
25	115144-40-6
25	115487-48-4
25	115487-48-4
25	115499-00-8
25	115499-00-8
25	115592-83-1
25	115592-83-1
25	115715-20-3
25	115715-20-3
25	116-14-3
25	116-14-3
25	116-15-4
25	116-15-4
25	116090-26-7
25	116090-26-7
25	116169-90-5
25	116169-90-5
25	116256-11-2
25	116256-11-2
25	116265-66-8
25	116265-66-8
25	116537-74-7
25	116537-74-7
25	116633-52-4
25	116633-52-4
25	116633-53-5
25	116633-53-5
25	116644-53-2
25	116644-53-2
25	1167055-09-5
25	1167055-09-5
25	116714-46-6
25	116714-46-6
25	116800-49-8
25	116800-49-8
25	116831-09-5
25	116831-09-5
25	116866-99-0
25	116866-99-0
25	116867-32-4
25	116867-32-4
25	116890-51-8
25	116890-51-8
25	116912-36-8
25	116912-36-8
25	117-89-5
25	117-89-5
25	1171-47-7
25	1171-47-7
25	1172-18-5
25	1172-18-5
25	117337-19-6
25	117337-19-6
25	117428-22-5
25	117428-22-5
25	117482-84-5
25	117482-84-5
25	1177-87-3
25	1177-87-3
25	117718-60-2
25	117718-60-2
25	117806-54-9
25	117806-54-9
25	1178564-64-1
25	1178564-64-1
25	117970-90-8
25	117970-90-8
25	118-83-2
25	118-83-2
25	118081-22-4
25	118081-22-4
25	118127-10-9
25	118127-10-9
25	118337-09-0
25	118337-09-0
25	1184-60-7
25	1184-60-7
25	1184-76-5
25	1184-76-5
25	1185282-01-2
25	1185282-01-2
25	118612-00-3
25	118612-00-3
25	118648-53-6
25	118648-53-6
25	1187-93-5
25	1187-93-5
25	118712-89-3
25	118712-89-3
25	1187680-46-1
25	1187680-46-1
25	1189-87-3
25	1189-87-3
25	119126-15-7
25	119126-15-7
25	119131-05-4
25	119131-05-4
25	119275-54-6
25	119275-54-6
25	1194-02-1
25	1194-02-1
25	119478-92-1
25	119478-92-1
25	1195-45-5
25	1195-45-5
25	119544-94-4
25	119544-94-4
25	1198-61-4
25	1198-61-4
25	1198-63-6
25	1198-63-6
25	1198-64-7
25	1198-64-7
25	119916-27-7
25	119916-27-7
25	119916-33-5
25	119916-33-5
25	119973-85-2
25	119973-85-2
25	1200-27-7
25	1200-27-7
25	12003-38-2
25	12003-38-2
25	12005-82-2
25	12005-82-2
25	12005-86-6
25	12005-86-6
25	120068-37-3
25	120068-37-3
25	1201-02-1
25	1201-02-1
25	1201-31-6
25	1201-31-6
25	120100-77-8
25	120100-77-8
25	120144-37-8
25	120144-37-8
25	12015-73-5
25	12015-73-5
25	12020-82-5
25	12020-82-5
25	12021-54-4
25	12021-54-4
25	12021-67-9
25	12021-67-9
25	12021-70-4
25	12021-70-4
25	12021-95-3
25	12021-95-3
25	12021-96-4
25	12021-96-4
25	12021-97-5
25	12021-97-5
25	12022-02-5
25	12022-02-5
25	12022-03-6
25	12022-03-6
25	1202391-51-2
25	1202391-51-2
25	1202864-64-9
25	1202864-64-9
25	120317-02-4
25	120317-02-4
25	1206-46-8
25	1206-46-8
25	120611-30-5
25	120611-30-5
25	12062-13-4
25	12062-13-4
25	12062-24-7
25	12062-24-7
25	12062-25-8
25	12062-25-8
25	12062-26-9
25	12062-26-9
25	12062-40-7
25	12062-40-7
25	12068-36-9
25	12068-36-9
25	1208325-76-1
25	1208325-76-1
25	120890-70-2
25	120890-70-2
25	120903-40-4
25	120903-40-4
25	12091-08-6
25	12091-08-6
25	120945-47-3
25	120945-47-3
25	121-01-7
25	121-01-7
25	121-17-5
25	121-17-5
25	121-50-6
25	121-50-6
25	12110-21-3
25	12110-21-3
25	12115-85-4
25	12115-85-4
25	12116-05-1
25	12116-05-1
25	121240-56-0
25	121240-56-0
25	12125-01-8
25	12125-01-8
25	121263-57-8
25	121263-57-8
25	12134-48-4
25	12134-48-4
25	121376-74-7
25	121376-74-7
25	12140-37-3
25	12140-37-3
25	121451-02-3
25	121451-02-3
25	12159-91-0
25	12159-91-0
25	12159-92-1
25	12159-92-1
25	121612-64-4
25	121612-64-4
25	121612-65-5
25	121612-65-5
25	121626-73-1
25	121626-73-1
25	12168-31-9
25	12168-31-9
25	12170-19-3
25	12170-19-3
25	12178-06-2
25	12178-06-2
25	121873-01-6
25	121873-01-6
25	1219-35-8
25	1219-35-8
25	1219-36-9
25	1219-36-9
25	122008-78-0
25	122008-78-0
25	122008-82-6
25	122008-82-6
25	122008-85-9
25	122008-85-9
25	12206-83-6
25	12206-83-6
25	122111-11-9
25	122111-11-9
25	122141-73-5
25	122141-73-5
25	12239-92-8
25	12239-92-8
25	122453-73-0
25	122453-73-0
25	1224873-71-5
25	1224873-71-5
25	12249-52-4
25	12249-52-4
25	12259-18-6
25	12259-18-6
25	12259-19-7
25	12259-19-7
25	1226495-19-7
25	1226495-19-7
25	1227263-18-4
25	1227263-18-4
25	12280-52-3
25	12280-52-3
25	12280-53-4
25	12280-53-4
25	12280-54-5
25	12280-54-5
25	1228236-36-9
25	1228236-36-9
25	122836-35-5
25	122836-35-5
25	1228691-72-2
25	1228691-72-2
25	1228692-95-2
25	1228692-95-2
25	12291-90-6
25	12291-90-6
25	123038-26-6
25	123038-26-6
25	12307-40-3
25	12307-40-3
25	123171-68-6
25	123171-68-6
25	12323-05-6
25	12323-05-6
25	12323-05-6
25	12323-05-6
25	12324-56-0
25	12324-56-0
25	12324-60-6
25	12324-60-6
25	123249-43-4
25	123249-43-4
25	123447-62-1
25	123447-62-1
25	123560-50-9
25	123560-50-9
25	12361-66-9
25	12361-66-9
25	123843-69-6
25	123843-69-6
25	123843-78-7
25	123843-78-7
25	12397-51-2
25	12397-51-2
25	124-72-1
25	124-72-1
25	124-73-2
25	124-73-2
25	124-94-7
25	124-94-7
25	12411-10-8
25	12411-10-8
25	12422-76-3
25	12422-76-3
25	12427-42-8
25	12427-42-8
25	124409-98-9
25	124409-98-9
25	124426-49-9
25	124426-49-9
25	124495-18-7
25	124495-18-7
25	124633-37-0
25	124633-37-0
25	1250-85-7
25	1250-85-7
25	125051-32-3
25	125051-32-3
25	125054-47-9
25	125054-47-9
25	125061-94-1
25	125061-94-1
25	12507-30-1
25	12507-30-1
25	12507-33-4
25	12507-33-4
25	125109-86-6
25	125109-86-6
25	12528-21-1
25	12528-21-1
25	12528-34-6
25	12528-34-6
25	125304-20-3
25	125304-20-3
25	125391-69-7
25	125391-69-7
25	125455-66-5
25	125455-66-5
25	125476-71-3
25	125476-71-3
25	1255-35-2
25	1255-35-2
25	1256-01-5
25	1256-01-5
25	1256490-43-3
25	1256490-43-3
25	1256919-17-1
25	1256919-17-1
25	125700-67-6
25	125700-67-6
25	1257076-06-4
25	1257076-06-4
25	1257598-43-8
25	1257598-43-8
25	125785-15-1
25	125785-15-1
25	1258780-51-6
25	1258780-51-6
25	1259-35-4
25	1259-35-4
25	12592-22-2
25	12592-22-2
25	12592-31-3
25	12592-31-3
25	125971-96-2
25	125971-96-2
25	125995-03-1
25	125995-03-1
25	126066-30-6
25	126066-30-6
25	1262492-42-1
25	1262492-42-1
25	1262801-47-7
25	1262801-47-7
25	12634-26-3
25	12634-26-3
25	1264757-47-2
25	1264757-47-2
25	126535-15-7
25	126535-15-7
25	12655-98-0
25	12655-98-0
25	12656-12-1
25	12656-12-1
25	126586-91-2
25	126586-91-2
25	12672-67-2
25	12672-67-2
25	12692-95-4
25	12692-95-4
25	127-21-9
25	127-21-9
25	127-31-1
25	127-31-1
25	1270010-83-7
25	1270010-83-7
25	127026-25-9
25	127026-25-9
25	12710-06-4
25	12710-06-4
25	12712-39-9
25	12712-39-9
25	12712-70-8
25	12712-70-8
25	1272398-81-8
25	1272398-81-8
25	1272665-95-8
25	1272665-95-8
25	127294-70-6
25	127294-70-6
25	12737-08-5
25	12737-08-5
25	127404-11-9
25	127404-11-9
25	127408-00-8
25	127408-00-8
25	12741-08-1
25	12741-08-1
25	127486-87-7
25	127486-87-7
25	127564-82-3
25	127564-82-3
25	127564-83-4
25	127564-83-4
25	127564-90-3
25	127564-90-3
25	127564-92-5
25	127564-92-5
25	12770-91-1
25	12770-91-1
25	128035-10-9
25	128035-10-9
25	128173-52-4
25	128173-52-4
25	1282-37-7
25	1282-37-7
25	128273-56-3
25	128273-56-3
25	1283-58-5
25	1283-58-5
25	128433-68-1
25	128433-68-1
25	128439-91-8
25	128439-91-8
25	128621-72-7
25	128621-72-7
25	128639-02-1
25	128639-02-1
25	128651-50-3
25	128651-50-3
25	128903-21-9
25	128903-21-9
25	128903-21-9
25	128903-21-9
25	129373-04-2
25	129373-04-2
25	129630-17-7
25	129630-17-7
25	129630-19-9
25	129630-19-9
25	130000-40-7
25	130000-40-7
25	130025-34-2
25	130025-34-2
25	130114-31-7
25	130114-31-7
25	1302-01-8
25	1302-01-8
25	1302-84-7
25	1302-84-7
25	1303-67-9
25	1303-67-9
25	1303-68-0
25	1303-68-0
25	130339-07-0
25	130339-07-0
25	13036-75-4
25	13036-75-4
25	1304-13-8
25	1304-13-8
25	130414-30-1
25	130414-30-1
25	13057-08-4
25	13057-08-4
25	1306-05-4
25	1306-05-4
25	13071-88-0
25	13071-88-0
25	130755-46-3
25	130755-46-3
25	13081-18-0
25	13081-18-0
25	130841-23-5
25	130841-23-5
25	130879-71-9
25	130879-71-9
25	1309-32-6
25	1309-32-6
25	1309-32-6
25	1309-32-6
25	1309-45-1
25	1309-45-1
25	1309-97-3
25	1309-97-3
25	13098-39-0
25	13098-39-0
25	13098-39-0
25	13098-39-0
25	131-06-6
25	131-06-6
25	1310-02-7
25	1310-02-7
25	1310-03-8
25	1310-03-8
25	1310-11-8
25	1310-11-8
25	1310384-51-0
25	1310384-51-0
25	1310384-58-7
25	1310384-58-7
25	13114-87-9
25	13114-87-9
25	131211-71-7
25	131211-71-7
25	131221-36-8
25	131221-36-8
25	1313038-01-5
25	1313038-01-5
25	131341-86-1
25	131341-86-1
25	13140-24-4
25	13140-24-4
25	13140-25-5
25	13140-25-5
25	13140-26-6
25	13140-26-6
25	131404-17-6
25	131404-17-6
25	131475-57-5
25	131475-57-5
25	13171-18-1
25	13171-18-1
25	13194-67-7
25	13194-67-7
25	131997-95-0
25	131997-95-0
25	1320-37-2
25	1320-37-2
25	1320-39-4
25	1320-39-4
25	1320337-71-0
25	1320337-71-0
25	132182-92-4
25	132182-92-4
25	13221-71-1
25	13221-71-1
25	132229-97-1
25	132229-97-1
25	132324-11-9
25	132324-11-9
25	13252-13-6
25	13252-13-6
25	13252-14-7
25	13252-14-7
25	13252-15-8
25	13252-15-8
25	13257-51-7
25	13257-51-7
25	132645-03-5
25	132645-03-5
25	13269-86-8
25	13269-86-8
25	132843-44-8
25	132843-44-8
25	13285-40-0
25	13285-40-0
25	132998-91-5
25	132998-91-5
25	1330-45-6
25	1330-45-6
25	133097-00-4
25	133097-00-4
25	133098-04-1
25	133098-04-1
25	1331-71-1
25	1331-71-1
25	13311-84-7
25	13311-84-7
25	13319-75-0
25	13319-75-0
25	1332-78-1
25	1332-78-1
25	1333-83-1
25	1333-83-1
25	13331-55-0
25	13331-55-0
25	133332-88-4
25	133332-88-4
25	1335150-88-3
25	1335150-88-3
25	133745-75-2
25	133745-75-2
25	133855-98-8
25	133855-98-8
25	133914-49-5
25	133914-49-5
25	133937-72-1
25	133937-72-1
25	133951-38-9
25	133951-38-9
25	13400-13-0
25	13400-13-0
25	134035-61-3
25	134035-61-3
25	1341-49-7
25	1341-49-7
25	134164-24-2
25	134164-24-2
25	13417-01-1
25	13417-01-1
25	134190-48-0
25	134190-48-0
25	134190-49-1
25	134190-49-1
25	134190-50-4
25	134190-50-4
25	134190-51-5
25	134190-51-5
25	134190-52-6
25	134190-52-6
25	134190-53-7
25	134190-53-7
25	134190-54-8
25	134190-54-8
25	134191-96-1
25	134191-96-1
25	134227-45-5
25	134227-45-5
25	13423-86-4
25	13423-86-4
25	134237-31-3
25	134237-31-3
25	134237-32-4
25	134237-32-4
25	134237-33-5
25	134237-33-5
25	134237-35-7
25	134237-35-7
25	134237-36-8
25	134237-36-8
25	134237-36-8
25	134237-36-8
25	134237-37-9
25	134237-37-9
25	134237-38-0
25	134237-38-0
25	134237-38-0
25	134237-38-0
25	134237-39-1
25	134237-39-1
25	134237-40-4
25	134237-40-4
25	134237-41-5
25	134237-41-5
25	134237-42-6
25	134237-42-6
25	134237-43-7
25	134237-43-7
25	134237-44-8
25	134237-44-8
25	134237-45-9
25	134237-45-9
25	134251-05-1
25	134251-05-1
25	13429-24-8
25	13429-24-8
25	134316-23-7
25	134316-23-7
25	1344-04-3
25	1344-04-3
25	1344-27-0
25	1344-27-0
25	1344-75-8
25	1344-75-8
25	134412-17-2
25	134412-17-2
25	13444-96-7
25	13444-96-7
25	13446-74-7
25	13446-74-7
25	13454-88-1
25	13454-88-1
25	13455-21-5
25	13455-21-5
25	13455-27-1
25	13455-27-1
25	134605-64-4
25	134605-64-4
25	13462-92-5
25	13462-92-5
25	13462-92-5
25	13462-92-5
25	134638-92-9
25	134638-92-9
25	13465-66-2
25	13465-66-2
25	13470-08-1
25	13470-08-1
25	13474-88-9
25	13474-88-9
25	13474-88-9
25	13474-88-9
25	13478-20-1
25	13478-20-1
25	13478-41-6
25	13478-41-6
25	135-09-1
25	135-09-1
25	13520-72-4
25	13520-72-4
25	1352828-70-6
25	1352828-70-6
25	135319-73-2
25	135319-73-2
25	13533-00-1
25	13533-00-1
25	13536-84-0
25	13536-84-0
25	13537-32-1
25	13537-32-1
25	13537-33-2
25	13537-33-2
25	13537-45-6
25	13537-45-6
25	135401-87-5
25	135401-87-5
25	13544-07-5
25	13544-07-5
25	135446-53-6
25	135446-53-6
25	1354631-26-7
25	1354631-26-7
25	13569-23-8
25	13569-23-8
25	13569-27-2
25	13569-27-2
25	13569-28-3
25	13569-28-3
25	13569-80-7
25	13569-80-7
25	135691-31-5
25	135691-31-5
25	135734-59-7
25	135734-59-7
25	135734-60-0
25	135734-60-0
25	13577-71-4
25	13577-71-4
25	1358567-57-3
25	1358567-57-3
25	13595-82-9
25	13595-82-9
25	13596-12-8
25	13596-12-8
25	13596-45-7
25	13596-45-7
25	13597-25-6
25	13597-25-6
25	13597-30-3
25	13597-30-3
25	13597-96-1
25	13597-96-1
25	135990-29-3
25	135990-29-3
25	136013-79-1
25	136013-79-1
25	136013-79-1
25	136013-79-1
25	1360896-72-5
25	1360896-72-5
25	136159-76-7
25	136159-76-7
25	13637-63-3
25	13637-63-3
25	13637-84-8
25	13637-84-8
25	136426-54-5
25	136426-54-5
25	136472-10-1
25	136472-10-1
25	1364933-54-9
25	1364933-54-9
25	1364933-59-4
25	1364933-59-4
25	136514-17-5
25	136514-17-5
25	136639-95-7
25	136639-95-7
25	13669-76-6
25	13669-76-6
25	13670-99-0
25	13670-99-0
25	13693-05-5
25	13693-05-5
25	13695-31-3
25	13695-31-3
25	13708-63-9
25	13708-63-9
25	13709-31-4
25	13709-31-4
25	13709-36-9
25	13709-36-9
25	13709-38-1
25	13709-38-1
25	13709-42-7
25	13709-42-7
25	13709-46-1
25	13709-46-1
25	13709-47-2
25	13709-47-2
25	13709-49-4
25	13709-49-4
25	13709-52-9
25	13709-52-9
25	13709-59-6
25	13709-59-6
25	13709-61-0
25	13709-61-0
25	13709-86-9
25	13709-86-9
25	13718-55-3
25	13718-55-3
25	137234-87-8
25	137234-87-8
25	13738-63-1
25	13738-63-1
25	13755-29-8
25	13755-29-8
25	13760-78-6
25	13760-78-6
25	13760-79-7
25	13760-79-7
25	13760-80-0
25	13760-80-0
25	13760-81-1
25	13760-81-1
25	13760-83-3
25	13760-83-3
25	13762-15-7
25	13762-15-7
25	137641-05-5
25	137641-05-5
25	13765-24-7
25	13765-24-7
25	13765-25-8
25	13765-25-8
25	13765-26-9
25	13765-26-9
25	13766-47-7
25	13766-47-7
25	13767-36-7
25	13767-36-7
25	13768-38-2
25	13768-38-2
25	13773-00-7
25	13773-00-7
25	13773-81-4
25	13773-81-4
25	13775-06-9
25	13775-06-9
25	13775-07-0
25	13775-07-0
25	13775-52-5
25	13775-52-5
25	13775-53-6
25	13775-53-6
25	137756-36-6
25	137756-36-6
25	13779-41-4
25	13779-41-4
25	13780-57-9
25	13780-57-9
25	13782-18-8
25	13782-18-8
25	13782-22-4
25	13782-22-4
25	13783-64-7
25	13783-64-7
25	138-88-5
25	138-88-5
25	1380514-03-3
25	1380514-03-3
25	13814-17-0
25	13814-17-0
25	13814-22-7
25	13814-22-7
25	13814-25-0
25	13814-25-0
25	13814-93-2
25	13814-93-2
25	13814-96-5
25	13814-96-5
25	13814-97-6
25	13814-97-6
25	13814-98-7
25	13814-98-7
25	13815-33-3
25	13815-33-3
25	13817-36-2
25	13817-36-2
25	13817-37-3
25	13817-37-3
25	13821-15-3
25	13821-15-3
25	13821-20-0
25	13821-20-0
25	13824-36-7
25	13824-36-7
25	13826-83-0
25	13826-83-0
25	13826-86-3
25	13826-86-3
25	13826-88-5
25	13826-88-5
25	13827-02-6
25	13827-02-6
25	13827-23-1
25	13827-23-1
25	13827-26-4
25	13827-26-4
25	138271-16-6
25	138271-16-6
25	13830-68-7
25	13830-68-7
25	13838-16-9
25	13838-16-9
25	13841-80-0
25	13841-80-0
25	13842-94-9
25	13842-94-9
25	13845-92-6
25	13845-92-6
25	13846-22-5
25	13846-22-5
25	13847-65-9
25	13847-65-9
25	138495-42-8
25	138495-42-8
25	138526-69-9
25	138526-69-9
25	138577-01-2
25	138577-01-2
25	13859-60-4
25	13859-60-4
25	13859-62-6
25	13859-62-6
25	13859-65-9
25	13859-65-9
25	13862-62-9
25	13862-62-9
25	13867-72-6
25	13867-72-6
25	13871-10-8
25	13871-10-8
25	13871-27-7
25	13871-27-7
25	13873-84-2
25	13873-84-2
25	13874-36-7
25	13874-36-7
25	13876-97-6
25	13876-97-6
25	13877-16-2
25	13877-16-2
25	139194-05-1
25	139194-05-1
25	139195-59-8
25	139195-59-8
25	139301-16-9
25	139301-16-9
25	1393524-84-9
25	1393524-84-9
25	139353-88-1
25	139353-88-1
25	139395-96-3
25	139395-96-3
25	13940-76-6
25	13940-76-6
25	13940-77-7
25	13940-77-7
25	13940-83-5
25	13940-83-5
25	13943-44-7
25	13943-44-7
25	13947-96-1
25	13947-96-1
25	139566-53-3
25	139566-53-3
25	13966-66-0
25	13966-66-0
25	13966-70-6
25	13966-70-6
25	13966-74-0
25	13966-74-0
25	13966-78-4
25	13966-78-4
25	13967-25-4
25	13967-25-4
25	139754-81-7
25	139754-81-7
25	13981-56-1
25	13981-56-1
25	13981-56-1
25	13981-56-1
25	13981-88-9
25	13981-88-9
25	13986-18-0
25	13986-18-0
25	139968-49-3
25	139968-49-3
25	140-75-0
25	140-75-0
25	1400742-13-3
25	1400742-13-3
25	140148-87-4
25	140148-87-4
25	14017-33-5
25	14017-33-5
25	140406-37-7
25	140406-37-7
25	14054-87-6
25	14054-87-6
25	14054-89-8
25	14054-89-8
25	14054-92-3
25	14054-92-3
25	14054-93-4
25	14054-93-4
25	14055-61-9
25	14055-61-9
25	14075-53-7
25	14075-53-7
25	14077-39-5
25	14077-39-5
25	14104-17-7
25	14104-17-7
25	14104-20-2
25	14104-20-2
25	14104-28-0
25	14104-28-0
25	141112-29-0
25	141112-29-0
25	14117-17-0
25	14117-17-0
25	14135-38-7
25	14135-38-7
25	141478-68-4
25	141478-68-4
25	1414852-51-9
25	1414852-51-9
25	141517-21-7
25	141517-21-7
25	14166-78-0
25	14166-78-0
25	141772-37-4
25	141772-37-4
25	14189-31-2
25	14189-31-2
25	1422-53-3
25	1422-53-3
25	1422-54-4
25	1422-54-4
25	1422-98-6
25	1422-98-6
25	1423-10-5
25	1423-10-5
25	1423-13-8
25	1423-13-8
25	1423-26-3
25	1423-26-3
25	1423-27-4
25	1423-27-4
25	1423809-66-8
25	1423809-66-8
25	142459-58-3
25	142459-58-3
25	142469-14-5
25	142469-14-5
25	14255-88-0
25	14255-88-0
25	1426-27-3
25	1426-27-3
25	142623-48-1
25	142623-48-1
25	14263-91-3
25	14263-91-3
25	142636-88-2
25	142636-88-2
25	142636-90-6
25	142636-90-6
25	142636-91-7
25	142636-91-7
25	1427-06-1
25	1427-06-1
25	1427-07-2
25	1427-07-2
25	1427-89-0
25	1427-89-0
25	1428-27-9
25	1428-27-9
25	1428-33-7
25	1428-33-7
25	14283-07-9
25	14283-07-9
25	14283-93-3
25	14283-93-3
25	14290-86-9
25	14290-86-9
25	142994-05-6
25	142994-05-6
25	142994-06-7
25	142994-06-7
25	14312-45-9
25	14312-45-9
25	14323-64-9
25	14323-64-9
25	14323-65-0
25	14323-65-0
25	14324-82-4
25	14324-82-4
25	14333-26-7
25	14333-26-7
25	1435-43-4
25	1435-43-4
25	1435-44-5
25	1435-44-5
25	1435-48-9
25	1435-48-9
25	1435-49-0
25	1435-49-0
25	1435-51-4
25	1435-51-4
25	1435-52-5
25	1435-52-5
25	1435-53-6
25	1435-53-6
25	14353-86-7
25	14353-86-7
25	143683-23-2
25	143683-23-2
25	143683-24-3
25	143683-24-3
25	143701-81-9
25	143701-81-9
25	14371-82-5
25	14371-82-5
25	143782-23-4
25	143782-23-4
25	143879-80-5
25	143879-80-5
25	1438896-92-4
25	1438896-92-4
25	144-49-0
25	144-49-0
25	144026-79-9
25	144026-79-9
25	144171-61-9
25	144171-61-9
25	144481-06-1
25	144481-06-1
25	144675-91-2
25	144675-91-2
25	144705-55-5
25	144705-55-5
25	144740-54-5
25	144740-54-5
25	144740-59-0
25	144740-59-0
25	14480-05-8
25	14480-05-8
25	14484-69-6
25	14484-69-6
25	14486-19-2
25	14486-19-2
25	14486-20-5
25	14486-20-5
25	1449279-30-4
25	1449279-30-4
25	145026-88-6
25	145026-88-6
25	145099-21-4
25	145099-21-4
25	14521-14-3
25	14521-14-3
25	14521-18-7
25	14521-18-7
25	1452383-17-3
25	1452383-17-3
25	14529-33-0
25	14529-33-0
25	14542-23-5
25	14542-23-5
25	14542-23-5
25	14542-23-5
25	145459-43-4
25	145459-43-4
25	14552-19-3
25	14552-19-3
25	145701-21-9
25	145701-21-9
25	145701-23-1
25	145701-23-1
25	145767-97-1
25	145767-97-1
25	145918-41-8
25	145918-41-8
25	145963-84-4
25	145963-84-4
25	146-54-3
25	146-54-3
25	146-56-5
25	146-56-5
25	146-78-1
25	146-78-1
25	146285-04-3
25	146285-04-3
25	14635-75-7
25	14635-75-7
25	14650-00-1
25	14650-00-1
25	14650-24-9
25	14650-24-9
25	14652-54-1
25	14652-54-1
25	146781-29-5
25	146781-29-5
25	146781-31-9
25	146781-31-9
25	146819-41-2
25	146819-41-2
25	14708-11-3
25	14708-11-3
25	14708-13-5
25	14708-13-5
25	14708-14-6
25	14708-14-6
25	147102-03-2
25	147102-03-2
25	147150-35-4
25	147150-35-4
25	14720-21-9
25	14720-21-9
25	14735-84-3
25	14735-84-3
25	147460-41-1
25	147460-41-1
25	147511-69-1
25	147511-69-1
25	147545-41-3
25	147545-41-3
25	14762-94-8
25	14762-94-8
25	147622-85-3
25	147622-85-3
25	1478-61-1
25	1478-61-1
25	1478-73-5
25	1478-73-5
25	14781-45-4
25	14781-45-4
25	1479-58-9
25	1479-58-9
25	147932-37-4
25	147932-37-4
25	147958-78-9
25	147958-78-9
25	148-56-1
25	148-56-1
25	1480-19-9
25	1480-19-9
25	1480-64-4
25	1480-64-4
25	1480-65-5
25	1480-65-5
25	1480-86-0
25	1480-86-0
25	1480-96-2
25	1480-96-2
25	148043-73-6
25	148043-73-6
25	1481-21-6
25	1481-21-6
25	1481-27-2
25	1481-27-2
25	1481-32-9
25	1481-32-9
25	1481-36-3
25	1481-36-3
25	1481-38-5
25	1481-38-5
25	1481-41-0
25	1481-41-0
25	1481-68-1
25	1481-68-1
25	1483-54-1
25	1483-54-1
25	14874-10-3
25	14874-10-3
25	14874-70-5
25	14874-70-5
25	14874-86-3
25	14874-86-3
25	148757-89-5
25	148757-89-5
25	14885-65-5
25	14885-65-5
25	14885-65-5
25	14885-65-5
25	148875-95-0
25	148875-95-0
25	148875-98-3
25	148875-98-3
25	1489-53-8
25	1489-53-8
25	14892-14-9
25	14892-14-9
25	14905-30-7
25	14905-30-7
25	1492-87-1
25	1492-87-1
25	149253-65-6
25	149253-65-6
25	14929-46-5
25	14929-46-5
25	1493-01-2
25	1493-01-2
25	1493-03-4
25	1493-03-4
25	1493-13-6
25	1493-13-6
25	1493-27-2
25	1493-27-2
25	1493-51-2
25	1493-51-2
25	1493-54-5
25	1493-54-5
25	14932-77-5
25	14932-77-5
25	149329-27-1
25	149329-27-1
25	1493800-25-1
25	1493800-25-1
25	1494-26-4
25	1494-26-4
25	149488-93-7
25	149488-93-7
25	14949-69-0
25	14949-69-0
25	1495-50-7
25	1495-50-7
25	149508-90-7
25	149508-90-7
25	14953-28-7
25	14953-28-7
25	149530-93-8
25	149530-93-8
25	1496-36-2
25	1496-36-2
25	149790-22-7
25	149790-22-7
25	14983-08-5
25	14983-08-5
25	149850-29-3
25	149850-29-3
25	149850-31-7
25	149850-31-7
25	149850-32-8
25	149850-32-8
25	14986-57-3
25	14986-57-3
25	150-74-3
25	150-74-3
25	15003-70-0
25	15003-70-0
25	15007-55-3
25	15007-55-3
25	150315-10-9
25	150315-10-9
25	150517-77-4
25	150517-77-4
25	15072-60-3
25	15072-60-3
25	150812-12-7
25	150812-12-7
25	15096-52-3
25	15096-52-3
25	15098-87-0
25	15098-87-0
25	151-67-7
25	151-67-7
25	151-73-5
25	151-73-5
25	1511-62-2
25	1511-62-2
25	1511-67-7
25	1511-67-7
25	1512-27-2
25	1512-27-2
25	1512-28-3
25	1512-28-3
25	1512-30-7
25	1512-30-7
25	1512-43-2
25	1512-43-2
25	1513-25-3
25	1513-25-3
25	1513-44-6
25	1513-44-6
25	1513-45-7
25	1513-45-7
25	1513-60-6
25	1513-60-6
25	1513-62-8
25	1513-62-8
25	1513-65-1
25	1513-65-1
25	1513-66-2
25	1513-66-2
25	1513-69-5
25	1513-69-5
25	1513-88-8
25	1513-88-8
25	15138-76-8
25	15138-76-8
25	1514-52-9
25	1514-52-9
25	1514-82-5
25	1514-82-5
25	1514-85-8
25	1514-85-8
25	1514-87-0
25	1514-87-0
25	1514-96-1
25	1514-96-1
25	1515-14-6
25	1515-14-6
25	1516-64-9
25	1516-64-9
25	15166-00-4
25	15166-00-4
25	15166-06-0
25	15166-06-0
25	151771-08-3
25	151771-08-3
25	151771-09-4
25	151771-09-4
25	15181-47-2
25	15181-47-2
25	1519044-51-9
25	1519044-51-9
25	1519044-52-0
25	1519044-52-0
25	15192-17-3
25	15192-17-3
25	15192-18-4
25	15192-18-4
25	151932-12-6
25	151932-12-6
25	15195-53-6
25	15195-53-6
25	15195-58-1
25	15195-58-1
25	152-97-6
25	152-97-6
25	15205-15-9
25	15205-15-9
25	1522-22-1
25	1522-22-1
25	1522-41-4
25	1522-41-4
25	1524-19-2
25	1524-19-2
25	1524-26-1
25	1524-26-1
25	1524-40-9
25	1524-40-9
25	1524-86-3
25	1524-86-3
25	1524-88-5
25	1524-88-5
25	1525-77-5
25	1525-77-5
25	15252-72-9
25	15252-72-9
25	152521-13-6
25	152521-13-6
25	15257-81-5
25	15257-81-5
25	15258-01-2
25	15258-01-2
25	1526-01-8
25	1526-01-8
25	1526-17-6
25	1526-17-6
25	15283-48-4
25	15283-48-4
25	15283-51-9
25	15283-51-9
25	152894-10-5
25	152894-10-5
25	15290-77-4
25	15290-77-4
25	15298-38-1
25	15298-38-1
25	15320-26-0
25	15320-26-0
25	153233-91-1
25	153233-91-1
25	15339-40-9
25	15339-40-9
25	1535-47-3
25	1535-47-3
25	1535-67-7
25	1535-67-7
25	1535-73-5
25	1535-73-5
25	1535-75-7
25	1535-75-7
25	1536-23-8
25	1536-23-8
25	1537-15-1
25	1537-15-1
25	1537-62-8
25	1537-62-8
25	153985-02-5
25	153985-02-5
25	154-08-5
25	154-08-5
25	154025-04-4
25	154025-04-4
25	154193-90-5
25	154193-90-5
25	1542-18-3
25	1542-18-3
25	1542-23-0
25	1542-23-0
25	15423-85-5
25	15423-85-5
25	154275-25-9
25	154275-25-9
25	154275-26-0
25	154275-26-0
25	1543-72-2
25	1543-72-2
25	1543-73-3
25	1543-73-3
25	15433-36-0
25	15433-36-0
25	15433-40-6
25	15433-40-6
25	154346-21-1
25	154346-21-1
25	1544-19-0
25	1544-19-0
25	1544-53-2
25	1544-53-2
25	1544-68-9
25	1544-68-9
25	1544-86-1
25	1544-86-1
25	15444-43-6
25	15444-43-6
25	154486-27-8
25	154486-27-8
25	15453-08-4
25	15453-08-4
25	15453-10-8
25	15453-10-8
25	15457-05-3
25	15457-05-3
25	154590-04-2
25	154590-04-2
25	1546-78-7
25	1546-78-7
25	1546-79-8
25	1546-79-8
25	1546-80-1
25	1546-80-1
25	1546-95-8
25	1546-95-8
25	15460-49-8
25	15460-49-8
25	15469-38-2
25	15469-38-2
25	1547-26-8
25	1547-26-8
25	1547-87-1
25	1547-87-1
25	1548-13-6
25	1548-13-6
25	1548-18-1
25	1548-18-1
25	1548-68-1
25	1548-68-1
25	1548-74-9
25	1548-74-9
25	1548-84-1
25	1548-84-1
25	1549-35-5
25	1549-35-5
25	154960-10-8
25	154960-10-8
25	15498-45-0
25	15498-45-0
25	155-10-2
25	155-10-2
25	1550-35-2
25	1550-35-2
25	1550-50-1
25	1550-50-1
25	1551-39-9
25	1551-39-9
25	15510-60-8
25	15510-60-8
25	155123-44-7
25	155123-44-7
25	15532-75-9
25	15532-75-9
25	155352-07-1
25	155352-07-1
25	15538-93-9
25	15538-93-9
25	155522-05-7
25	155522-05-7
25	155522-07-9
25	155522-07-9
25	155522-09-1
25	155522-09-1
25	15577-26-1
25	15577-26-1
25	1559-86-0
25	1559-86-0
25	1559-87-1
25	1559-87-1
25	1559-88-2
25	1559-88-2
25	15595-91-2
25	15595-91-2
25	15600-53-0
25	15600-53-0
25	156294-54-1
25	156294-54-1
25	1565-90-8
25	1565-90-8
25	1566-98-9
25	1566-98-9
25	15684-35-2
25	15684-35-2
25	15684-36-3
25	15684-36-3
25	15687-21-5
25	15687-21-5
25	15688-21-8
25	15688-21-8
25	15720-98-6
25	15720-98-6
25	15742-62-8
25	15742-62-8
25	157453-50-4
25	157453-50-4
25	157453-54-8
25	157453-54-8
25	157627-98-0
25	157627-98-0
25	1578-56-9
25	1578-56-9
25	1578-57-0
25	1578-57-0
25	1578-58-1
25	1578-58-1
25	1578-59-2
25	1578-59-2
25	1578-62-7
25	1578-62-7
25	1578-63-8
25	1578-63-8
25	1579-78-8
25	1579-78-8
25	1579-89-1
25	1579-89-1
25	1580-50-3
25	1580-50-3
25	1580-83-2
25	1580-83-2
25	158062-67-0
25	158062-67-0
25	1581-13-1
25	1581-13-1
25	1581-17-5
25	1581-17-5
25	15811-32-2
25	15811-32-2
25	15811-52-6
25	15811-52-6
25	15814-25-2
25	15814-25-2
25	15818-75-4
25	15818-75-4
25	15819-03-1
25	15819-03-1
25	1582-09-8
25	1582-09-8
25	1582-24-7
25	1582-24-7
25	1582-27-0
25	1582-27-0
25	1583-58-0
25	1583-58-0
25	1583-59-1
25	1583-59-1
25	1583-67-1
25	1583-67-1
25	1583-83-1
25	1583-83-1
25	1583-88-6
25	1583-88-6
25	1583-97-7
25	1583-97-7
25	1583-98-8
25	1583-98-8
25	1584-03-8
25	1584-03-8
25	1584-62-9
25	1584-62-9
25	15845-96-2
25	15845-96-2
25	158585-86-5
25	158585-86-5
25	15875-25-9
25	15875-25-9
25	158755-95-4
25	158755-95-4
25	158895-17-1
25	158895-17-1
25	15894-04-9
25	15894-04-9
25	15899-29-3
25	15899-29-3
25	15899-31-7
25	15899-31-7
25	1591-95-3
25	1591-95-3
25	15912-68-2
25	15912-68-2
25	159120-95-3
25	159120-95-3
25	15930-18-4
25	15930-18-4
25	159431-44-4
25	159431-44-4
25	15948-68-2
25	15948-68-2
25	159518-97-5
25	159518-97-5
25	159526-16-6
25	159526-16-6
25	159560-06-2
25	159560-06-2
25	15957-54-7
25	15957-54-7
25	1597-33-7
25	1597-33-7
25	1597-78-0
25	1597-78-0
25	1597-82-6
25	1597-82-6
25	1598382-00-3
25	1598382-00-3
25	1599-41-3
25	1599-41-3
25	1599-41-3
25	1599-41-3
25	1599-43-5
25	1599-43-5
25	16015-69-3
25	16015-69-3
25	1602495-57-7
25	1602495-57-7
25	16063-80-2
25	16063-80-2
25	16069-78-6
25	16069-78-6
25	160791-64-0
25	160791-64-0
25	1608-51-1
25	1608-51-1
25	16083-14-0
25	16083-14-0
25	16083-62-8
25	16083-62-8
25	16083-64-0
25	16083-64-0
25	16083-78-6
25	16083-78-6
25	16083-87-7
25	16083-87-7
25	160869-75-0
25	160869-75-0
25	16087-65-3
25	16087-65-3
25	16087-67-5
25	16087-67-5
25	16087-68-6
25	16087-68-6
25	16090-14-5
25	16090-14-5
25	16099-75-5
25	16099-75-5
25	16110-68-2
25	16110-68-2
25	161288-32-0
25	161288-32-0
25	161337-67-3
25	161337-67-3
25	161403-69-6
25	161403-69-6
25	1615-75-4
25	1615-75-4
25	161611-74-1
25	161611-74-1
25	16166-89-5
25	16166-89-5
25	1618-64-0
25	1618-64-0
25	1619-92-7
25	1619-92-7
25	1622-62-4
25	1622-62-4
25	1622-79-3
25	1622-79-3
25	1623-05-8
25	1623-05-8
25	1628788-89-5
25	1628788-89-5
25	16297-07-7
25	16297-07-7
25	1630-77-9
25	1630-77-9
25	1630-78-0
25	1630-78-0
25	1631149-30-8
25	1631149-30-8
25	1632411-86-9
25	1632411-86-9
25	163678-43-1
25	163678-43-1
25	163702-05-4
25	163702-05-4
25	163702-06-5
25	163702-06-5
25	163702-07-6
25	163702-07-6
25	163702-08-7
25	163702-08-7
25	1643-26-1
25	1643-26-1
25	1643-73-8
25	1643-73-8
25	1643-97-6
25	1643-97-6
25	164383-26-0
25	164383-26-0
25	1644-11-7
25	1644-11-7
25	1644-21-9
25	1644-21-9
25	1644-68-4
25	1644-68-4
25	1644-96-8
25	1644-96-8
25	16449-54-0
25	16449-54-0
25	1645-24-5
25	1645-24-5
25	1645-65-4
25	1645-65-4
25	1645-71-2
25	1645-71-2
25	1645-75-6
25	1645-75-6
25	1645-83-6
25	1645-83-6
25	1645280-58-5
25	1645280-58-5
25	1647-57-0
25	1647-57-0
25	1648-04-0
25	1648-04-0
25	1648-52-8
25	1648-52-8
25	1648-99-3
25	1648-99-3
25	16486-94-5
25	16486-94-5
25	16486-96-7
25	16486-96-7
25	1649-08-7
25	1649-08-7
25	1649-18-9
25	1649-18-9
25	1651-12-3
25	1651-12-3
25	1651-29-2
25	1651-29-2
25	16517-11-6
25	16517-11-6
25	165178-32-5
25	165178-32-5
25	1652-63-7
25	1652-63-7
25	1652-74-0
25	1652-74-0
25	1652-80-8
25	1652-80-8
25	1652-81-9
25	1652-81-9
25	1652-89-7
25	1652-89-7
25	16544-21-1
25	16544-21-1
25	16544-67-5
25	16544-67-5
25	16557-94-1
25	16557-94-1
25	16574-52-0
25	16574-52-0
25	16582-93-7
25	16582-93-7
25	16583-08-7
25	16583-08-7
25	165892-23-9
25	165892-23-9
25	1662-21-1
25	1662-21-1
25	16627-68-2
25	16627-68-2
25	16642-87-8
25	16642-87-8
25	16642-92-5
25	16642-92-5
25	16671-27-5
25	16671-27-5
25	16702-38-8
25	16702-38-8
25	167306-96-9
25	167306-96-9
25	167412-23-9
25	167412-23-9
25	16744-98-2
25	16744-98-2
25	1675-46-3
25	1675-46-3
25	16766-90-8
25	16766-90-8
25	168113-78-8
25	168113-78-8
25	1682-20-8
25	1682-20-8
25	1682-31-1
25	1682-31-1
25	1682-42-4
25	1682-42-4
25	1682-66-2
25	1682-66-2
25	1682-78-6
25	1682-78-6
25	16827-63-7
25	16827-63-7
25	168278-04-4
25	168278-04-4
25	1683-49-4
25	1683-49-4
25	1683-86-9
25	1683-86-9
25	16871-71-9
25	16871-71-9
25	16871-90-2
25	16871-90-2
25	16872-11-0
25	16872-11-0
25	16893-85-9
25	16893-85-9
25	16893-92-8
25	16893-92-8
25	16893-93-9
25	16893-93-9
25	16903-52-9
25	16903-52-9
25	1691-13-0
25	1691-13-0
25	1691-17-4
25	1691-17-4
25	1691-45-8
25	1691-45-8
25	1691-93-6
25	1691-93-6
25	1691-99-2
25	1691-99-2
25	16918-70-0
25	16918-70-0
25	16919-14-5
25	16919-14-5
25	16919-18-9
25	16919-18-9
25	16919-19-0
25	16919-19-0
25	16919-21-4
25	16919-21-4
25	16919-27-0
25	16919-27-0
25	16919-31-6
25	16919-31-6
25	1692-54-2
25	1692-54-2
25	1692-75-7
25	1692-75-7
25	16921-91-8
25	16921-91-8
25	16921-96-3
25	16921-96-3
25	16923-64-1
25	16923-64-1
25	16923-95-8
25	16923-95-8
25	16924-00-8
25	16924-00-8
25	16924-03-1
25	16924-03-1
25	16924-28-0
25	16924-28-0
25	16924-51-9
25	16924-51-9
25	16925-25-0
25	16925-25-0
25	16925-26-1
25	16925-26-1
25	16925-27-2
25	16925-27-2
25	16925-39-6
25	16925-39-6
25	1693-28-3
25	1693-28-3
25	16940-81-1
25	16940-81-1
25	16940-85-5
25	16940-85-5
25	16941-11-0
25	16941-11-0
25	16941-26-7
25	16941-26-7
25	16949-65-8
25	16949-65-8
25	16950-06-4
25	16950-06-4
25	16961-80-1
25	16961-80-1
25	16961-83-4
25	16961-83-4
25	16962-29-1
25	16962-29-1
25	16962-40-6
25	16962-40-6
25	16962-41-7
25	16962-41-7
25	16962-47-3
25	16962-47-3
25	16965-06-3
25	16965-06-3
25	16978-57-7
25	16978-57-7
25	16984-48-8
25	16984-48-8
25	170015-32-4
25	170015-32-4
25	17003-75-7
25	17003-75-7
25	17003-79-1
25	17003-79-1
25	1701-24-2
25	1701-24-2
25	17010-21-8
25	17010-21-8
25	17022-86-5
25	17022-86-5
25	17029-22-0
25	17029-22-0
25	17068-86-9
25	17068-86-9
25	17084-08-1
25	17084-08-1
25	17084-13-8
25	17084-13-8
25	17097-13-1
25	17097-13-1
25	17099-70-6
25	17099-70-6
25	1711-07-5
25	1711-07-5
25	171104-21-5
25	171104-21-5
25	17111-95-4
25	17111-95-4
25	17116-13-1
25	17116-13-1
25	17125-80-3
25	17125-80-3
25	17135-49-8
25	17135-49-8
25	17140-77-1
25	17140-77-1
25	1716-42-3
25	1716-42-3
25	17165-55-8
25	17165-55-8
25	1717-00-6
25	1717-00-6
25	1717-42-6
25	1717-42-6
25	1717-50-6
25	1717-50-6
25	1717-59-5
25	1717-59-5
25	171915-81-4
25	171915-81-4
25	172018-29-0
25	172018-29-0
25	17202-41-4
25	17202-41-4
25	172074-62-3
25	172074-62-3
25	172074-63-4
25	172074-63-4
25	172074-65-6
25	172074-65-6
25	17209-59-5
25	17209-59-5
25	17209-60-8
25	17209-60-8
25	17250-81-6
25	17250-81-6
25	172515-29-6
25	172515-29-6
25	17256-52-9
25	17256-52-9
25	17256-78-9
25	17256-78-9
25	17257-71-5
25	17257-71-5
25	1726-50-7
25	1726-50-7
25	17275-59-1
25	17275-59-1
25	172883-97-5
25	172883-97-5
25	172908-18-8
25	172908-18-8
25	172912-75-3
25	172912-75-3
25	17322-92-8
25	17322-92-8
25	17329-79-2
25	17329-79-2
25	17347-95-4
25	17347-95-4
25	1735-37-1
25	1735-37-1
25	1735-48-4
25	1735-48-4
25	1735-54-2
25	1735-54-2
25	1735-84-8
25	1735-84-8
25	1735-91-7
25	1735-91-7
25	173584-44-6
25	173584-44-6
25	1736-34-1
25	1736-34-1
25	1736-60-3
25	1736-60-3
25	1736-67-0
25	1736-67-0
25	1736-70-5
25	1736-70-5
25	1736-71-6
25	1736-71-6
25	1736-72-7
25	1736-72-7
25	1737-06-0
25	1737-06-0
25	1737-10-6
25	1737-10-6
25	1737-11-7
25	1737-11-7
25	1737-16-2
25	1737-16-2
25	1737-19-5
25	1737-19-5
25	1737-36-6
25	1737-36-6
25	1737-62-8
25	1737-62-8
25	1737-80-0
25	1737-80-0
25	1737-93-5
25	1737-93-5
25	173903-15-6
25	173903-15-6
25	173980-17-1
25	173980-17-1
25	174060-41-4
25	174060-41-4
25	17408-14-9
25	17408-14-9
25	17409-87-9
25	17409-87-9
25	17409-87-9
25	17409-87-9
25	1741-78-2
25	1741-78-2
25	17425-25-1
25	17425-25-1
25	1743-86-8
25	1743-86-8
25	1743-98-2
25	1743-98-2
25	17439-11-1
25	17439-11-1
25	1744-18-9
25	1744-18-9
25	1744-22-5
25	1744-22-5
25	17442-97-6
25	17442-97-6
25	17442-98-7
25	17442-98-7
25	174514-07-9
25	174514-07-9
25	17463-43-3
25	17463-43-3
25	17481-06-0
25	17481-06-0
25	1749-09-3
25	1749-09-3
25	17499-68-2
25	17499-68-2
25	175079-12-6
25	175079-12-6
25	17526-97-5
25	17526-97-5
25	17527-29-6
25	17527-29-6
25	17527-31-0
25	17527-31-0
25	175278-14-5
25	175278-14-5
25	175463-14-6
25	175463-14-6
25	175859-28-6
25	175859-28-6
25	17587-22-3
25	17587-22-3
25	1759-63-3
25	1759-63-3
25	17594-95-5
25	17594-95-5
25	176046-02-9
25	176046-02-9
25	17607-28-2
25	17607-28-2
25	17617-23-1
25	17617-23-1
25	17618-85-8
25	17618-85-8
25	1763-21-9
25	1763-21-9
25	1763-23-1
25	1763-23-1
25	1763-28-6
25	1763-28-6
25	1763-78-6
25	1763-78-6
25	17631-68-4
25	17631-68-4
25	1764-23-4
25	1764-23-4
25	1764-85-8
25	1764-85-8
25	1765-40-8
25	1765-40-8
25	1765-42-0
25	1765-42-0
25	1765-48-6
25	1765-48-6
25	1765-92-0
25	1765-92-0
25	1766-41-2
25	1766-41-2
25	1766-76-3
25	1766-76-3
25	1766-91-2
25	1766-91-2
25	176969-33-8
25	176969-33-8
25	176969-34-9
25	176969-34-9
25	17705-30-5
25	17705-30-5
25	17715-70-7
25	17715-70-7
25	17741-60-5
25	17741-60-5
25	17747-81-8
25	17747-81-8
25	177484-43-4
25	177484-43-4
25	17777-73-0
25	17777-73-0
25	17787-40-5
25	17787-40-5
25	17809-36-8
25	17809-36-8
25	178094-69-4
25	178094-69-4
25	178115-94-1
25	178115-94-1
25	178198-11-3
25	178198-11-3
25	17823-38-0
25	17823-38-0
25	17823-40-4
25	17823-40-4
25	17823-46-0
25	17823-46-0
25	17856-92-7
25	17856-92-7
25	1786-38-5
25	1786-38-5
25	1789-02-2
25	1789-02-2
25	1789-84-0
25	1789-84-0
25	17902-23-7
25	17902-23-7
25	179101-81-6
25	179101-81-6
25	17926-15-7
25	17926-15-7
25	17950-04-8
25	17950-04-8
25	17950-40-2
25	17950-40-2
25	1796-12-9
25	1796-12-9
25	1796558-39-8
25	1796558-39-8
25	17978-76-6
25	17978-76-6
25	17978-77-7
25	17978-77-7
25	1799-79-7
25	1799-79-7
25	1799-84-4
25	1799-84-4
25	1800-81-3
25	1800-81-3
25	1800-91-5
25	1800-91-5
25	1801-10-1
25	1801-10-1
25	18017-31-7
25	18017-31-7
25	18018-33-2
25	18018-33-2
25	18018-34-3
25	18018-34-3
25	18024-09-4
25	18024-09-4
25	1805-22-7
25	1805-22-7
25	1806-23-1
25	1806-23-1
25	1806-24-2
25	1806-24-2
25	1806-25-3
25	1806-25-3
25	180615-37-6
25	180615-37-6
25	18063-02-0
25	18063-02-0
25	18063-03-1
25	18063-03-1
25	180724-56-5
25	180724-56-5
25	1810-13-5
25	1810-13-5
25	181274-17-9
25	181274-17-9
25	1813-83-8
25	1813-83-8
25	1813-97-4
25	1813-97-4
25	18138-93-7
25	18138-93-7
25	1814-88-6
25	1814-88-6
25	18154-90-0
25	18154-90-0
25	181587-01-9
25	181587-01-9
25	181797-81-9
25	181797-81-9
25	181943-56-6
25	181943-56-6
25	181943-57-7
25	181943-57-7
25	1820573-27-0
25	1820573-27-0
25	1827-27-6
25	1827-27-6
25	1828-09-7
25	1828-09-7
25	1828-12-2
25	1828-12-2
25	183135-74-2
25	183135-74-2
25	18323-96-1
25	18323-96-1
25	18323-97-2
25	18323-97-2
25	18323-98-3
25	18323-98-3
25	183252-42-8
25	183252-42-8
25	18349-09-2
25	18349-09-2
25	18349-11-6
25	18349-11-6
25	1835-49-0
25	1835-49-0
25	1835-61-6
25	1835-61-6
25	1835-65-0
25	1835-65-0
25	18354-35-3
25	18354-35-3
25	183675-82-3
25	183675-82-3
25	18370-59-7
25	18370-59-7
25	18396-20-8
25	18396-20-8
25	1840-19-3
25	1840-19-3
25	1840-42-2
25	1840-42-2
25	1840-60-4
25	1840-60-4
25	1841-19-6
25	1841-19-6
25	1841-46-9
25	1841-46-9
25	1841-85-6
25	1841-85-6
25	1842-05-3
25	1842-05-3
25	18433-42-6
25	18433-42-6
25	18437-78-0
25	18437-78-0
25	1847-24-1
25	1847-24-1
25	185009-39-6
25	185009-39-6
25	185009-43-2
25	185009-43-2
25	18511-62-1
25	18511-62-1
25	18529-01-6
25	18529-01-6
25	18599-20-7
25	18599-20-7
25	18599-21-8
25	18599-21-8
25	18599-22-9
25	18599-22-9
25	1861-40-1
25	1861-40-1
25	18623-82-0
25	18623-82-0
25	18642-20-1
25	18642-20-1
25	1868-00-4
25	1868-00-4
25	1868-53-7
25	1868-53-7
25	1868-64-0
25	1868-64-0
25	1868-76-4
25	1868-76-4
25	1868-85-5
25	1868-85-5
25	1868-86-6
25	1868-86-6
25	1869-24-5
25	1869-24-5
25	1869-25-6
25	1869-25-6
25	1869-67-6
25	1869-67-6
25	1869-77-8
25	1869-77-8
25	1869-92-7
25	1869-92-7
25	1871-72-3
25	1871-72-3
25	1879-72-7
25	1879-72-7
25	1879-77-2
25	1879-77-2
25	1881-07-8
25	1881-07-8
25	1881-20-5
25	1881-20-5
25	188489-07-8
25	188489-07-8
25	188490-07-5
25	188490-07-5
25	1885-48-9
25	1885-48-9
25	188596-18-1
25	188596-18-1
25	18861-57-9
25	18861-57-9
25	188634-90-4
25	188634-90-4
25	188690-77-9
25	188690-77-9
25	188690-78-0
25	188690-78-0
25	188916-45-2
25	188916-45-2
25	188916-46-3
25	188916-46-3
25	188920-96-9
25	188920-96-9
25	188920-97-0
25	188920-97-0
25	18909-69-8
25	18909-69-8
25	1891-90-3
25	1891-90-3
25	1892-03-1
25	1892-03-1
25	1893-33-0
25	1893-33-0
25	1893-52-3
25	1893-52-3
25	1893-91-0
25	1893-91-0
25	1894-71-9
25	1894-71-9
25	18943-30-1
25	18943-30-1
25	18944-77-9
25	18944-77-9
25	1895-19-8
25	1895-19-8
25	1895-26-7
25	1895-26-7
25	1895-39-2
25	1895-39-2
25	18959-30-3
25	18959-30-3
25	1897-50-3
25	1897-50-3
25	1897-52-5
25	1897-52-5
25	18972-56-0
25	18972-56-0
25	18972-60-6
25	18972-60-6
25	18990-42-6
25	18990-42-6
25	19011-80-4
25	19011-80-4
25	190314-43-3
25	190314-43-3
25	19036-73-8
25	19036-73-8
25	19041-01-1
25	19041-01-1
25	19041-02-2
25	19041-02-2
25	19041-02-2
25	19041-02-2
25	19064-18-7
25	19064-18-7
25	19064-24-5
25	19064-24-5
25	19089-73-7
25	19089-73-7
25	19106-89-9
25	19106-89-9
25	1911-95-1
25	1911-95-1
25	19116-63-3
25	19116-63-3
25	19121-60-9
25	19121-60-9
25	19142-30-4
25	19142-30-4
25	191542-01-5
25	191542-01-5
25	191665-41-5
25	191665-41-5
25	19181-26-1
25	19181-26-1
25	19193-50-1
25	19193-50-1
25	19200-21-6
25	19200-21-6
25	19200-76-1
25	19200-76-1
25	19214-61-0
25	19214-61-0
25	19220-93-0
25	19220-93-0
25	1926-93-8
25	1926-93-8
25	1926-94-9
25	1926-94-9
25	193021-34-0
25	193021-34-0
25	19306-59-3
25	19306-59-3
25	193340-01-1
25	193340-01-1
25	19348-50-6
25	19348-50-6
25	193486-83-8
25	193486-83-8
25	193487-54-6
25	193487-54-6
25	19357-83-6
25	19357-83-6
25	1939-18-0
25	1939-18-0
25	1939-19-1
25	1939-19-1
25	1939-21-5
25	1939-21-5
25	1939-24-8
25	1939-24-8
25	1939-27-1
25	1939-27-1
25	1939-29-3
25	1939-29-3
25	19399-03-2
25	19399-03-2
25	19406-49-6
25	19406-49-6
25	19415-51-1
25	19415-51-1
25	19430-93-4
25	19430-93-4
25	1944-05-4
25	1944-05-4
25	19447-71-3
25	19447-71-3
25	194805-07-7
25	194805-07-7
25	19529-53-4
25	19529-53-4
25	195377-88-9
25	195377-88-9
25	1958-93-6
25	1958-93-6
25	19708-89-5
25	19708-89-5
25	1977-00-0
25	1977-00-0
25	1978-17-2
25	1978-17-2
25	1978-33-2
25	1978-33-2
25	1978-37-6
25	1978-37-6
25	1978-38-7
25	1978-38-7
25	1978-39-8
25	1978-39-8
25	1978-61-6
25	1978-61-6
25	19788-77-3
25	19788-77-3
25	1979-29-9
25	1979-29-9
25	1979-36-8
25	1979-36-8
25	1983-10-4
25	1983-10-4
25	19842-76-3
25	19842-76-3
25	19883-78-4
25	19883-78-4
25	19888-56-3
25	19888-56-3
25	199119-58-9
25	199119-58-9
25	1992-09-2
25	1992-09-2
25	1992-15-0
25	1992-15-0
25	1993-03-9
25	1993-03-9
25	1993-63-1
25	1993-63-1
25	19932-26-4
25	19932-26-4
25	1994-13-4
25	1994-13-4
25	1995-76-2
25	1995-76-2
25	1996-29-8
25	1996-29-8
25	1996-30-1
25	1996-30-1
25	1996-41-4
25	1996-41-4
25	1996-44-7
25	1996-44-7
25	1996-88-9
25	1996-88-9
25	1997-15-5
25	1997-15-5
25	1997-73-5
25	1997-73-5
25	1997-80-4
25	1997-80-4
25	199744-45-1
25	199744-45-1
25	1998-53-4
25	1998-53-4
25	1998-66-9
25	1998-66-9
25	1999-00-4
25	1999-00-4
25	20006-68-2
25	20006-68-2
25	2002-29-1
25	2002-29-1
25	2002-72-4
25	2002-72-4
25	2003-10-3
25	2003-10-3
25	200513-42-4
25	200513-42-4
25	20082-71-7
25	20082-71-7
25	20095-20-9
25	20095-20-9
25	2010-61-9
25	2010-61-9
25	20109-59-5
25	20109-59-5
25	20153-49-5
25	20153-49-5
25	20153-50-8
25	20153-50-8
25	20200-22-0
25	20200-22-0
25	2022-78-8
25	2022-78-8
25	2022-85-7
25	2022-85-7
25	202289-38-1
25	202289-38-1
25	2023-36-1
25	2023-36-1
25	2023-48-5
25	2023-48-5
25	20255-41-8
25	20255-41-8
25	20316-35-2
25	20316-35-2
25	20372-63-8
25	20372-63-8
25	20372-78-5
25	20372-78-5
25	2040-90-6
25	2040-90-6
25	20424-95-7
25	20424-95-7
25	2043-47-2
25	2043-47-2
25	2043-52-9
25	2043-52-9
25	2043-53-0
25	2043-53-0
25	2043-54-1
25	2043-54-1
25	2043-55-2
25	2043-55-2
25	2043-57-4
25	2043-57-4
25	204322-87-2
25	204322-87-2
25	204401-87-6
25	204401-87-6
25	20445-31-2
25	20445-31-2
25	20502-77-6
25	20502-77-6
25	2053-81-8
25	2053-81-8
25	2053-96-5
25	2053-96-5
25	2053-99-8
25	2053-99-8
25	2054-00-4
25	2054-00-4
25	2054-01-5
25	2054-01-5
25	2058-94-8
25	2058-94-8
25	20595-30-6
25	20595-30-6
25	2062-25-1
25	2062-25-1
25	2062-26-2
25	2062-26-2
25	2062-77-3
25	2062-77-3
25	2062-78-4
25	2062-78-4
25	2062-84-2
25	2062-84-2
25	2062-98-8
25	2062-98-8
25	2063-78-7
25	2063-78-7
25	20648-89-9
25	20648-89-9
25	20654-98-2
25	20654-98-2
25	20662-52-6
25	20662-52-6
25	20677-77-4
25	20677-77-4
25	2069-14-9
25	2069-14-9
25	2069-32-1
25	2069-32-1
25	2069-41-2
25	2069-41-2
25	2069-48-9
25	2069-48-9
25	2069-50-3
25	2069-50-3
25	2069-52-5
25	2069-52-5
25	2069-86-5
25	2069-86-5
25	2070-70-4
25	2070-70-4
25	2071237-20-0
25	2071237-20-0
25	207738-63-4
25	207738-63-4
25	207740-15-6
25	207740-15-6
25	207740-33-8
25	207740-33-8
25	20786-75-8
25	20786-75-8
25	208246-36-0
25	208246-36-0
25	208528-35-2
25	208528-35-2
25	20859-36-3
25	20859-36-3
25	20859-38-5
25	20859-38-5
25	20919-66-8
25	20919-66-8
25	2093-78-9
25	2093-78-9
25	20972-44-5
25	20972-44-5
25	20981-12-8
25	20981-12-8
25	209861-58-5
25	209861-58-5
25	2098815-17-7
25	2098815-17-7
25	2105-59-1
25	2105-59-1
25	2105-61-5
25	2105-61-5
25	2105-94-4
25	2105-94-4
25	2105-96-6
25	2105-96-6
25	21055-88-9
25	21055-88-9
25	2106-02-7
25	2106-02-7
25	2106-04-9
25	2106-04-9
25	2106-05-0
25	2106-05-0
25	2106-10-7
25	2106-10-7
25	2106-18-5
25	2106-18-5
25	2106-40-3
25	2106-40-3
25	2106-49-2
25	2106-49-2
25	2106-50-5
25	2106-50-5
25	2106-54-9
25	2106-54-9
25	2106-94-7
25	2106-94-7
25	21120-36-5
25	21120-36-5
25	21132-30-9
25	21132-30-9
25	21149-38-2
25	21149-38-2
25	211697-45-9
25	211697-45-9
25	21172-41-8
25	21172-41-8
25	2118-02-7
25	2118-02-7
25	211867-47-9
25	211867-47-9
25	2119-75-7
25	2119-75-7
25	21221-93-2
25	21221-93-2
25	212652-59-0
25	212652-59-0
25	2127-74-4
25	2127-74-4
25	21324-39-0
25	21324-39-0
25	21324-40-3
25	21324-40-3
25	21346-66-7
25	21346-66-7
25	213464-77-8
25	213464-77-8
25	2135-14-0
25	2135-14-0
25	2135-16-2
25	2135-16-2
25	2135-17-3
25	2135-17-3
25	21368-35-4
25	21368-35-4
25	21392-96-1
25	21392-96-1
25	21397-07-9
25	21397-07-9
25	21397-08-0
25	21397-08-0
25	21397-11-5
25	21397-11-5
25	214353-17-0
25	214353-17-0
25	2144-53-8
25	2144-53-8
25	2144-54-9
25	2144-54-9
25	2145-14-4
25	2145-14-4
25	2145-24-6
25	2145-24-6
25	2145-27-9
25	2145-27-9
25	2145-68-8
25	2145-68-8
25	2146-07-8
25	2146-07-8
25	2152-44-5
25	2152-44-5
25	21524-39-0
25	21524-39-0
25	215303-13-2
25	215303-13-2
25	2154-59-8
25	2154-59-8
25	21555-99-7
25	21555-99-7
25	21581-82-8
25	21581-82-8
25	2160-89-6
25	2160-89-6
25	21615-47-4
25	21615-47-4
25	2164-17-2
25	2164-17-2
25	21652-58-4
25	21652-58-4
25	21669-04-5
25	21669-04-5
25	2167-26-2
25	2167-26-2
25	21674-38-4
25	21674-38-4
25	21679-14-1
25	21679-14-1
25	21742-00-7
25	21742-00-7
25	21797-13-7
25	21797-13-7
25	218448-99-8
25	218448-99-8
25	21906-39-8
25	21906-39-8
25	21907-50-6
25	21907-50-6
25	21928-40-5
25	21928-40-5
25	21928-50-7
25	21928-50-7
25	2193-16-0
25	2193-16-0
25	2193-87-5
25	2193-87-5
25	2195-05-3
25	2195-05-3
25	219714-96-2
25	219714-96-2
25	219715-34-1
25	219715-34-1
25	219715-41-0
25	219715-41-0
25	21983-80-2
25	21983-80-2
25	219861-18-4
25	219861-18-4
25	2199-97-5
25	2199-97-5
25	2200-68-2
25	2200-68-2
25	2200-70-6
25	2200-70-6
25	2200-71-7
25	2200-71-7
25	220075-01-4
25	220075-01-4
25	22029-89-6
25	22029-89-6
25	22038-85-3
25	22038-85-3
25	22052-84-2
25	22052-84-2
25	220689-12-3
25	220689-12-3
25	221007-60-9
25	221007-60-9
25	2211-82-7
25	2211-82-7
25	22116-33-2
25	22116-33-2
25	221174-64-7
25	221174-64-7
25	221205-90-9
25	221205-90-9
25	221549-24-2
25	221549-24-2
25	22179-72-2
25	22179-72-2
25	22179-86-8
25	22179-86-8
25	2218-52-2
25	2218-52-2
25	2218-54-4
25	2218-54-4
25	22194-22-5
25	22194-22-5
25	22194-22-5
25	22194-22-5
25	22206-57-1
25	22206-57-1
25	22206-57-1
25	22206-57-1
25	22227-26-5
25	22227-26-5
25	22232-16-2
25	22232-16-2
25	22236-11-9
25	22236-11-9
25	222725-48-6
25	222725-48-6
25	22293-00-1
25	22293-00-1
25	22298-29-9
25	22298-29-9
25	22304-57-0
25	22304-57-0
25	223437-11-4
25	223437-11-4
25	2240-28-0
25	2240-28-0
25	2240157-94-0
25	2240157-94-0
25	22410-44-2
25	22410-44-2
25	2247-78-1
25	2247-78-1
25	2247-88-3
25	2247-88-3
25	2247-91-8
25	2247-91-8
25	22471-86-9
25	22471-86-9
25	2248-46-6
25	2248-46-6
25	2249-28-7
25	2249-28-7
25	22494-42-4
25	22494-42-4
25	2250-36-4
25	2250-36-4
25	2250-98-8
25	2250-98-8
25	2251-50-5
25	2251-50-5
25	2251-65-2
25	2251-65-2
25	2252-37-1
25	2252-37-1
25	2252-44-0
25	2252-44-0
25	2252-50-8
25	2252-50-8
25	2252-51-9
25	2252-51-9
25	2252-62-2
25	2252-62-2
25	2252-63-3
25	2252-63-3
25	2252-78-0
25	2252-78-0
25	2252-79-1
25	2252-79-1
25	2252-80-4
25	2252-80-4
25	2252-83-7
25	2252-83-7
25	2252-84-8
25	2252-84-8
25	22520-96-3
25	22520-96-3
25	2260-24-4
25	2260-24-4
25	2261-83-8
25	2261-83-8
25	2261-99-6
25	2261-99-6
25	2263-09-4
25	2263-09-4
25	22637-20-3
25	22637-20-3
25	2264-03-1
25	2264-03-1
25	2264-91-7
25	2264-91-7
25	226409-30-9
25	226409-30-9
25	2265-64-7
25	2265-64-7
25	2265-91-0
25	2265-91-0
25	2265-92-1
25	2265-92-1
25	2265-93-2
25	2265-93-2
25	2265-94-3
25	2265-94-3
25	2266-47-9
25	2266-47-9
25	22665-62-9
25	22665-62-9
25	2267-23-4
25	2267-23-4
25	2267-25-6
25	2267-25-6
25	2267-40-5
25	2267-40-5
25	2268-05-5
25	2268-05-5
25	2268-15-7
25	2268-15-7
25	2268-16-8
25	2268-16-8
25	2268-17-9
25	2268-17-9
25	2268-46-4
25	2268-46-4
25	22692-16-6
25	22692-16-6
25	22692-17-7
25	22692-17-7
25	22692-17-7
25	22692-17-7
25	22715-45-3
25	22715-45-3
25	22729-75-5
25	22729-75-5
25	22753-80-6
25	22753-80-6
25	22753-81-7
25	22753-81-7
25	22767-90-4
25	22767-90-4
25	2285-12-3
25	2285-12-3
25	22898-01-7
25	22898-01-7
25	22902-93-8
25	22902-93-8
25	22956-47-4
25	22956-47-4
25	22956-48-5
25	22956-48-5
25	23023-91-8
25	23023-91-8
25	23092-17-3
25	23092-17-3
25	2311-00-4
25	2311-00-4
25	2311-13-9
25	2311-13-9
25	2314-97-8
25	2314-97-8
25	2317-91-1
25	2317-91-1
25	23199-56-6
25	23199-56-6
25	2324-98-3
25	2324-98-3
25	23257-44-5
25	23257-44-5
25	2326-26-3
25	2326-26-3
25	23313-92-0
25	23313-92-0
25	23361-56-0
25	23361-56-0
25	2338-54-7
25	2338-54-7
25	2338-71-8
25	2338-71-8
25	2338-75-2
25	2338-75-2
25	2338-76-3
25	2338-76-3
25	23384-72-7
25	23384-72-7
25	2339-59-5
25	2339-59-5
25	2339-78-8
25	2339-78-8
25	2340-23-0
25	2340-23-0
25	2340-57-0
25	2340-57-0
25	2340-59-2
25	2340-59-2
25	2341-22-2
25	2341-22-2
25	2341-25-5
25	2341-25-5
25	2342-07-6
25	2342-07-6
25	2343-36-4
25	2343-36-4
25	2343-89-7
25	2343-89-7
25	2344-29-8
25	2344-29-8
25	23455-88-1
25	23455-88-1
25	23458-88-0
25	23458-88-0
25	23476-71-3
25	23476-71-3
25	23482-34-0
25	23482-34-0
25	23516-79-2
25	23516-79-2
25	2353-58-4
25	2353-58-4
25	2354-05-4
25	2354-05-4
25	2354-06-5
25	2354-06-5
25	2354-89-4
25	2354-89-4
25	2355-31-9
25	2355-31-9
25	2355-56-8
25	2355-56-8
25	2355-57-9
25	2355-57-9
25	2355-59-1
25	2355-59-1
25	2356-16-3
25	2356-16-3
25	2356-53-8
25	2356-53-8
25	2356-62-9
25	2356-62-9
25	2357-47-3
25	2357-47-3
25	2357-51-9
25	2357-51-9
25	2357-52-0
25	2357-52-0
25	2357-60-0
25	2357-60-0
25	23576-23-0
25	23576-23-0
25	2358-03-4
25	2358-03-4
25	2358-29-4
25	2358-29-4
25	2358-41-0
25	2358-41-0
25	2358-54-5
25	2358-54-5
25	23586-53-0
25	23586-53-0
25	23586-55-2
25	23586-55-2
25	2359-60-6
25	2359-60-6
25	23602-78-0
25	23602-78-0
25	23640-96-2
25	23640-96-2
25	23641-05-6
25	23641-05-6
25	23642-66-2
25	23642-66-2
25	2365-85-7
25	2365-85-7
25	2366-36-1
25	2366-36-1
25	2366-52-1
25	2366-52-1
25	2366-62-3
25	2366-62-3
25	2367-19-3
25	2367-19-3
25	2367-76-2
25	2367-76-2
25	2367-82-0
25	2367-82-0
25	2367-91-1
25	2367-91-1
25	23674-86-4
25	23674-86-4
25	2368-17-4
25	2368-17-4
25	2368-49-2
25	2368-49-2
25	2368-53-8
25	2368-53-8
25	2368-80-1
25	2368-80-1
25	2368-93-6
25	2368-93-6
25	2369-11-1
25	2369-11-1
25	2369-12-2
25	2369-12-2
25	2369-13-3
25	2369-13-3
25	2369-18-8
25	2369-18-8
25	2369-19-9
25	2369-19-9
25	2369-37-1
25	2369-37-1
25	2374-14-3
25	2374-14-3
25	23745-86-0
25	23745-86-0
25	2377-27-7
25	2377-27-7
25	2377-81-3
25	2377-81-3
25	23779-95-5
25	23779-95-5
25	23779-96-6
25	23779-96-6
25	23779-97-7
25	23779-97-7
25	23779-98-8
25	23779-98-8
25	23779-99-9
25	23779-99-9
25	2378-02-1
25	2378-02-1
25	2378-08-7
25	2378-08-7
25	238428-78-9
25	238428-78-9
25	2384981-15-9
25	2384981-15-9
25	23851-84-5
25	23851-84-5
25	23854-38-8
25	23854-38-8
25	23869-84-3
25	23869-84-3
25	239110-15-7
25	239110-15-7
25	23915-07-3
25	23915-07-3
25	2392-39-4
25	2392-39-4
25	2395-00-8
25	2395-00-8
25	2396-05-6
25	2396-05-6
25	23961-22-0
25	23961-22-0
25	23961-95-7
25	23961-95-7
25	23969-67-7
25	23969-67-7
25	240494-70-6
25	240494-70-6
25	24106-86-3
25	24106-86-3
25	24106-94-3
25	24106-94-3
25	2413-38-9
25	2413-38-9
25	24175-05-1
25	24175-05-1
25	2418-21-5
25	2418-21-5
25	2418-22-6
25	2418-22-6
25	24216-05-5
25	24216-05-5
25	24270-66-4
25	24270-66-4
25	24279-39-8
25	24279-39-8
25	24312-44-5
25	24312-44-5
25	24320-24-9
25	24320-24-9
25	24356-48-7
25	24356-48-7
25	24358-76-7
25	24358-76-7
25	243858-60-8
25	243858-60-8
25	24394-24-9
25	24394-24-9
25	24394-25-0
25	24394-25-0
25	243968-60-7
25	243968-60-7
25	24407-09-8
25	24407-09-8
25	24448-09-7
25	24448-09-7
25	2448-68-2
25	2448-68-2
25	24503-62-6
25	24503-62-6
25	24520-19-2
25	24520-19-2
25	245331-02-6
25	245331-02-6
25	245331-40-2
25	245331-40-2
25	245331-49-1
25	245331-49-1
25	24540-72-5
25	24540-72-5
25	24564-52-1
25	24564-52-1
25	24589-78-4
25	24589-78-4
25	246234-80-0
25	246234-80-0
25	24626-20-8
25	24626-20-8
25	24668-75-5
25	24668-75-5
25	24678-13-5
25	24678-13-5
25	246871-16-9
25	246871-16-9
25	24751-69-7
25	24751-69-7
25	24753-15-9
25	24753-15-9
25	24753-16-0
25	24753-16-0
25	2476-74-6
25	2476-74-6
25	24821-22-5
25	24821-22-5
25	2488-50-8
25	2488-50-8
25	2489-52-3
25	2489-52-3
25	24924-36-5
25	24924-36-5
25	24937-79-9
25	24937-79-9
25	24937-97-1
25	24937-97-1
25	24980-67-4
25	24980-67-4
25	24981-14-4
25	24981-14-4
25	24993-08-6
25	24993-08-6
25	2501-01-1
25	2501-01-1
25	25038-02-2
25	25038-02-2
25	25038-71-5
25	25038-71-5
25	25038-89-5
25	25038-89-5
25	25067-11-2
25	25067-11-2
25	25088-69-1
25	25088-69-1
25	25096-66-6
25	25096-66-6
25	25101-35-3
25	25101-35-3
25	25101-38-6
25	25101-38-6
25	25101-39-7
25	25101-39-7
25	25101-45-5
25	25101-45-5
25	25101-47-7
25	25101-47-7
25	25108-73-0
25	25108-73-0
25	251099-16-8
25	251099-16-8
25	2511147-66-1
25	2511147-66-1
25	25120-52-9
25	25120-52-9
25	25120-57-4
25	25120-57-4
25	25120-58-5
25	25120-58-5
25	25122-41-2
25	25122-41-2
25	25122-46-7
25	25122-46-7
25	25122-57-0
25	25122-57-0
25	2516-99-6
25	2516-99-6
25	25165-45-1
25	25165-45-1
25	25167-88-8
25	25167-88-8
25	25190-89-0
25	25190-89-0
25	25212-05-9
25	25212-05-9
25	25236-64-0
25	25236-64-0
25	25268-77-3
25	25268-77-3
25	25285-72-7
25	25285-72-7
25	252852-44-1
25	252852-44-1
25	2529-45-5
25	2529-45-5
25	25291-17-2
25	25291-17-2
25	25366-23-8
25	25366-23-8
25	25398-32-7
25	25398-32-7
25	2542-09-8
25	2542-09-8
25	25431-45-2
25	25431-45-2
25	25444-35-3
25	25444-35-3
25	2546-56-7
25	2546-56-7
25	25475-73-4
25	25475-73-4
25	25479-04-3
25	25479-04-3
25	25496-08-6
25	25496-08-6
25	25497-28-3
25	25497-28-3
25	25497-29-4
25	25497-29-4
25	25497-30-7
25	25497-30-7
25	2551-62-4
25	2551-62-4
25	25519-77-1
25	25519-77-1
25	25519-78-2
25	25519-78-2
25	255387-50-9
25	255387-50-9
25	2556-95-8
25	2556-95-8
25	25561-30-2
25	25561-30-2
25	2557-13-3
25	2557-13-3
25	2557-49-5
25	2557-49-5
25	2557-70-2
25	2557-70-2
25	2557-77-9
25	2557-77-9
25	2557-78-0
25	2557-78-0
25	2557-81-5
25	2557-81-5
25	2558-18-1
25	2558-18-1
25	2558-30-7
25	2558-30-7
25	2559-35-5
25	2559-35-5
25	255916-31-5
25	255916-31-5
25	25597-16-4
25	25597-16-4
25	25605-13-4
25	25605-13-4
25	2561-01-5
25	2561-01-5
25	2561-17-3
25	2561-17-3
25	256412-89-2
25	256412-89-2
25	25684-76-8
25	25684-76-8
25	25684-89-3
25	25684-89-3
25	25711-77-7
25	25711-77-7
25	25735-87-9
25	25735-87-9
25	25753-25-7
25	25753-25-7
25	25808-74-6
25	25808-74-6
25	25808-75-7
25	25808-75-7
25	25832-58-0
25	25832-58-0
25	25868-86-4
25	25868-86-4
25	25869-11-8
25	25869-11-8
25	25889-38-7
25	25889-38-7
25	25912-95-2
25	25912-95-2
25	25913-05-7
25	25913-05-7
25	25915-78-0
25	25915-78-0
25	25922-41-2
25	25922-41-2
25	25935-14-2
25	25935-14-2
25	25967-29-7
25	25967-29-7
25	25971-78-2
25	25971-78-2
25	2599-76-0
25	2599-76-0
25	2600-31-9
25	2600-31-9
25	26008-14-0
25	26008-14-0
25	26042-63-7
25	26042-63-7
25	26042-64-8
25	26042-64-8
25	26043-11-8
25	26043-11-8
25	2607-06-9
25	2607-06-9
25	260980-89-0
25	260980-89-0
25	26103-08-2
25	26103-08-2
25	26107-82-4
25	26107-82-4
25	26120-86-5
25	26120-86-5
25	2613-23-2
25	2613-23-2
25	2613-26-5
25	2613-26-5
25	2613-27-6
25	2613-27-6
25	26198-21-0
25	26198-21-0
25	26215-13-4
25	26215-13-4
25	2629-54-1
25	2629-54-1
25	2629-55-2
25	2629-55-2
25	2629-68-7
25	2629-68-7
25	26299-59-2
25	26299-59-2
25	263005-67-0
25	263005-67-0
25	26391-11-7
25	26391-11-7
25	263910-51-6
25	263910-51-6
25	26399-36-0
25	26399-36-0
25	2641-34-1
25	2641-34-1
25	2641-68-1
25	2641-68-1
25	26425-79-6
25	26425-79-6
25	26444-65-5
25	26444-65-5
25	2646-90-4
25	2646-90-4
25	2646-91-5
25	2646-91-5
25	2646-97-1
25	2646-97-1
25	2647-14-5
25	2647-14-5
25	2648-11-5
25	2648-11-5
25	2648-47-7
25	2648-47-7
25	26490-63-1
25	26490-63-1
25	26522-24-7
25	26522-24-7
25	26523-64-8
25	26523-64-8
25	26545-61-9
25	26545-61-9
25	26574-59-4
25	26574-59-4
25	26588-23-8
25	26588-23-8
25	26588-23-8
25	26588-23-8
25	26591-06-0
25	26591-06-0
25	26592-28-9
25	26592-28-9
25	26593-77-1
25	26593-77-1
25	26629-86-7
25	26629-86-7
25	26629-87-8
25	26629-87-8
25	26637-68-3
25	26637-68-3
25	26650-09-9
25	26650-09-9
25	26650-10-2
25	26650-10-2
25	26654-97-7
25	26654-97-7
25	26655-00-5
25	26655-00-5
25	26658-70-8
25	26658-70-8
25	26675-46-7
25	26675-46-7
25	26702-40-9
25	26702-40-9
25	26718-25-2
25	26718-25-2
25	2673-15-6
25	2673-15-6
25	26738-51-2
25	26738-51-2
25	26779-98-6
25	26779-98-6
25	26795-87-9
25	26795-87-9
25	26864-56-2
25	26864-56-2
25	26887-03-6
25	26887-03-6
25	2693-57-4
25	2693-57-4
25	2693-61-0
25	2693-61-0
25	26979-63-5
25	26979-63-5
25	26979-64-6
25	26979-64-6
25	26979-66-8
25	26979-66-8
25	26979-67-9
25	26979-67-9
25	26979-72-6
25	26979-72-6
25	26979-73-7
25	26979-73-7
25	2699-79-8
25	2699-79-8
25	27029-05-6
25	27029-05-6
25	2706-89-0
25	2706-89-0
25	2706-90-3
25	2706-90-3
25	2706-91-4
25	2706-91-4
25	27060-91-9
25	27060-91-9
25	27064-94-4
25	27064-94-4
25	27064-95-5
25	27064-95-5
25	27070-61-7
25	27070-61-7
25	2708-07-8
25	2708-07-8
25	2708-77-2
25	2708-77-2
25	2708-93-2
25	2708-93-2
25	2708-97-6
25	2708-97-6
25	27081-10-3
25	27081-10-3
25	2709-56-0
25	2709-56-0
25	2710-04-5
25	2710-04-5
25	2711-20-8
25	2711-20-8
25	2711-58-2
25	2711-58-2
25	2712-78-9
25	2712-78-9
25	2712-83-6
25	2712-83-6
25	2712-93-8
25	2712-93-8
25	27120-63-4
25	27120-63-4
25	271241-14-6
25	271241-14-6
25	27126-93-8
25	27126-93-8
25	2713-31-7
25	2713-31-7
25	2713-33-9
25	2713-33-9
25	2713-34-0
25	2713-34-0
25	27154-33-2
25	27154-33-2
25	27156-03-2
25	27156-03-2
25	27175-71-9
25	27175-71-9
25	272451-65-7
25	272451-65-7
25	2728-59-8
25	2728-59-8
25	2728-90-7
25	2728-90-7
25	2729-28-4
25	2729-28-4
25	2729-34-2
25	2729-34-2
25	27297-42-3
25	27297-42-3
25	2730-43-0
25	2730-43-0
25	2730-62-3
25	2730-62-3
25	2730-64-5
25	2730-64-5
25	27314-13-2
25	27314-13-2
25	27336-23-8
25	27336-23-8
25	27338-59-6
25	27338-59-6
25	27367-89-1
25	27367-89-1
25	27367-90-4
25	27367-90-4
25	273730-58-8
25	273730-58-8
25	273927-78-9
25	273927-78-9
25	273927-79-0
25	273927-79-0
25	2740-83-2
25	2740-83-2
25	2740-88-7
25	2740-88-7
25	2746-81-8
25	2746-81-8
25	274682-91-6
25	274682-91-6
25	27469-53-0
25	27469-53-0
25	27469-60-9
25	27469-60-9
25	27494-85-5
25	27494-85-5
25	27519-39-7
25	27519-39-7
25	27569-09-1
25	27569-09-1
25	27575-47-9
25	27575-47-9
25	27603-25-4
25	27603-25-4
25	27607-36-9
25	27607-36-9
25	27607-42-7
25	27607-42-7
25	27607-61-0
25	27607-61-0
25	27607-77-8
25	27607-77-8
25	27615-98-1
25	27615-98-1
25	27619-88-1
25	27619-88-1
25	27619-89-2
25	27619-89-2
25	27619-90-5
25	27619-90-5
25	27619-91-6
25	27619-91-6
25	27619-97-2
25	27619-97-2
25	27636-85-7
25	27636-85-7
25	27639-98-1
25	27639-98-1
25	27765-48-6
25	27765-48-6
25	2782-81-2
25	2782-81-2
25	27827-90-3
25	27827-90-3
25	27858-05-5
25	27858-05-5
25	27860-83-9
25	27860-83-9
25	2787-79-3
25	2787-79-3
25	27872-83-9
25	27872-83-9
25	27905-45-9
25	27905-45-9
25	27918-31-6
25	27918-31-6
25	2792-72-5
25	2792-72-5
25	2793-09-1
25	2793-09-1
25	2794-60-7
25	2794-60-7
25	2795-39-3
25	2795-39-3
25	2795-41-7
25	2795-41-7
25	27954-37-6
25	27954-37-6
25	2796-08-9
25	2796-08-9
25	2797-10-6
25	2797-10-6
25	27987-06-0
25	27987-06-0
25	28016-01-5
25	28016-01-5
25	2802-11-1
25	2802-11-1
25	2802-19-9
25	2802-19-9
25	2802-61-1
25	2802-61-1
25	2802-68-8
25	2802-68-8
25	2803-57-8
25	2803-57-8
25	2804-05-9
25	2804-05-9
25	2804-50-4
25	2804-50-4
25	2804-55-9
25	2804-55-9
25	2804-88-8
25	2804-88-8
25	28042-61-7
25	28042-61-7
25	2805-10-9
25	2805-10-9
25	2805-56-3
25	2805-56-3
25	2806-16-8
25	2806-16-8
25	28077-97-6
25	28077-97-6
25	28107-59-7
25	28107-59-7
25	28109-69-5
25	28109-69-5
25	28166-06-5
25	28166-06-5
25	28177-48-2
25	28177-48-2
25	28202-30-4
25	28202-30-4
25	28202-31-5
25	28202-31-5
25	28202-32-6
25	28202-32-6
25	28202-34-8
25	28202-34-8
25	2822-41-5
25	2822-41-5
25	2822-77-7
25	2822-77-7
25	2823-42-9
25	2823-42-9
25	2823-44-1
25	2823-44-1
25	2825-60-7
25	2825-60-7
25	28285-49-6
25	28285-49-6
25	28302-70-7
25	28302-70-7
25	28314-80-9
25	28314-80-9
25	2834-23-3
25	2834-23-3
25	2836-40-0
25	2836-40-0
25	2836-82-0
25	2836-82-0
25	2837-11-8
25	2837-11-8
25	2837-61-8
25	2837-61-8
25	2837-89-0
25	2837-89-0
25	2840-00-8
25	2840-00-8
25	28416-82-2
25	28416-82-2
25	28416-84-4
25	28416-84-4
25	28442-30-0
25	28442-30-0
25	28497-93-0
25	28497-93-0
25	28501-21-5
25	28501-21-5
25	28506-33-4
25	28506-33-4
25	28523-86-6
25	28523-86-6
25	28535-03-7
25	28535-03-7
25	285996-05-6
25	285996-05-6
25	28605-74-5
25	28605-74-5
25	28625-02-7
25	28625-02-7
25	28677-00-1
25	28677-00-1
25	28736-42-7
25	28736-42-7
25	2875-13-0
25	2875-13-0
25	2875-18-5
25	2875-18-5
25	28825-24-3
25	28825-24-3
25	288579-85-1
25	288579-85-1
25	2886-65-9
25	2886-65-9
25	28879-19-8
25	28879-19-8
25	2894-87-3
25	2894-87-3
25	28953-04-0
25	28953-04-0
25	28960-88-5
25	28960-88-5
25	28984-80-7
25	28984-80-7
25	28987-04-4
25	28987-04-4
25	29010-16-0
25	29010-16-0
25	29014-57-1
25	29014-57-1
25	290308-64-4
25	290308-64-4
25	290308-64-4
25	290308-64-4
25	290332-10-4
25	290332-10-4
25	29037-34-1
25	29037-34-1
25	2905-21-7
25	2905-21-7
25	2907-13-3
25	2907-13-3
25	29070-15-3
25	29070-15-3
25	29087-71-6
25	29087-71-6
25	29091-05-2
25	29091-05-2
25	29091-09-6
25	29091-09-6
25	29091-20-1
25	29091-20-1
25	29091-21-2
25	29091-21-2
25	29112-90-1
25	29112-90-1
25	29117-08-6
25	29117-08-6
25	29118-24-9
25	29118-24-9
25	29118-28-3
25	29118-28-3
25	29118-28-3
25	29118-28-3
25	29118-29-4
25	29118-29-4
25	29118-29-4
25	29118-29-4
25	29151-25-5
25	29151-25-5
25	29171-24-2
25	29171-24-2
25	29177-84-2
25	29177-84-2
25	29205-06-9
25	29205-06-9
25	2923-14-0
25	2923-14-0
25	2923-15-1
25	2923-15-1
25	2923-16-2
25	2923-16-2
25	2923-17-3
25	2923-17-3
25	2923-18-4
25	2923-18-4
25	2923-19-5
25	2923-19-5
25	2923-22-0
25	2923-22-0
25	2923-26-4
25	2923-26-4
25	2923-28-6
25	2923-28-6
25	2923-41-3
25	2923-41-3
25	2923-56-0
25	2923-56-0
25	2923-66-2
25	2923-66-2
25	2923-68-4
25	2923-68-4
25	2923-93-5
25	2923-93-5
25	2923-96-8
25	2923-96-8
25	2924-09-6
25	2924-09-6
25	2924-15-4
25	2924-15-4
25	2924-16-5
25	2924-16-5
25	2924-25-6
25	2924-25-6
25	2924-67-6
25	2924-67-6
25	2925-03-3
25	2925-03-3
25	29255-31-0
25	29255-31-0
25	29256-79-9
25	29256-79-9
25	2926-27-4
25	2926-27-4
25	2926-29-6
25	2926-29-6
25	2926-30-9
25	2926-30-9
25	2926-45-6
25	2926-45-6
25	2926-70-7
25	2926-70-7
25	2926-99-0
25	2926-99-0
25	29261-33-4
25	29261-33-4
25	2927-34-6
25	2927-34-6
25	2927-71-1
25	2927-71-1
25	2927-83-5
25	2927-83-5
25	29270-56-2
25	29270-56-2
25	2928-17-8
25	2928-17-8
25	29359-39-5
25	29359-39-5
25	29362-18-3
25	29362-18-3
25	29363-53-9
25	29363-53-9
25	29420-49-3
25	29420-49-3
25	29457-72-5
25	29457-72-5
25	29462-57-5
25	29462-57-5
25	29463-70-5
25	29463-70-5
25	29463-77-2
25	29463-77-2
25	29470-94-8
25	29470-94-8
25	29470-95-9
25	29470-95-9
25	29514-94-1
25	29514-94-1
25	29524-43-4
25	29524-43-4
25	29540-81-6
25	29540-81-6
25	29553-26-2
25	29553-26-2
25	29558-88-1
25	29558-88-1
25	29585-72-6
25	29585-72-6
25	29593-56-4
25	29593-56-4
25	29608-49-9
25	29608-49-9
25	29632-74-4
25	29632-74-4
25	2965-52-8
25	2965-52-8
25	2965-63-1
25	2965-63-1
25	29650-44-0
25	29650-44-0
25	29658-26-2
25	29658-26-2
25	2966-50-9
25	2966-50-9
25	29663-54-5
25	29663-54-5
25	29684-26-2
25	29684-26-2
25	29697-44-7
25	29697-44-7
25	29705-38-2
25	29705-38-2
25	29756-45-4
25	29756-45-4
25	29763-53-9
25	29763-53-9
25	297730-93-9
25	297730-93-9
25	29809-34-5
25	29809-34-5
25	29809-35-6
25	29809-35-6
25	29809-36-7
25	29809-36-7
25	29811-19-6
25	29811-19-6
25	29819-80-5
25	29819-80-5
25	29885-95-8
25	29885-95-8
25	2990-70-7
25	2990-70-7
25	2991-28-8
25	2991-28-8
25	2991-50-6
25	2991-50-6
25	2991-51-7
25	2991-51-7
25	2991-52-8
25	2991-52-8
25	2993-85-3
25	2993-85-3
25	29935-35-1
25	29935-35-1
25	2994-71-0
25	2994-71-0
25	300374-81-6
25	300374-81-6
25	30046-31-2
25	30046-31-2
25	30071-93-3
25	30071-93-3
25	30119-19-8
25	30119-19-8
25	3013-92-1
25	3013-92-1
25	30143-46-5
25	30143-46-5
25	3016-76-0
25	3016-76-0
25	30207-06-8
25	30207-06-8
25	3021-63-4
25	3021-63-4
25	30283-90-0
25	30283-90-0
25	30283-91-1
25	30283-91-1
25	30295-51-3
25	30295-51-3
25	303-04-8
25	303-04-8
25	303-40-2
25	303-40-2
25	30301-73-6
25	30301-73-6
25	303093-83-6
25	303093-83-6
25	303094-48-6
25	303094-48-6
25	30320-26-4
25	30320-26-4
25	30320-27-5
25	30320-27-5
25	30320-29-7
25	30320-29-7
25	30377-52-7
25	30377-52-7
25	30377-53-8
25	30377-53-8
25	30377-62-9
25	30377-62-9
25	30377-63-0
25	30377-63-0
25	30377-68-5
25	30377-68-5
25	30377-70-9
25	30377-70-9
25	3038-47-9
25	3038-47-9
25	3038-48-0
25	3038-48-0
25	30389-25-4
25	30389-25-4
25	30421-59-1
25	30421-59-1
25	30459-17-7
25	30459-17-7
25	3048-01-9
25	3048-01-9
25	30484-77-6
25	30484-77-6
25	30544-47-9
25	30544-47-9
25	30556-86-6
25	30556-86-6
25	30563-77-0
25	30563-77-0
25	30593-65-8
25	30593-65-8
25	306-80-9
25	306-80-9
25	306-83-2
25	306-83-2
25	306-91-2
25	306-91-2
25	306-92-3
25	306-92-3
25	306-94-5
25	306-94-5
25	306-95-6
25	306-95-6
25	306-98-9
25	306-98-9
25	3063-94-3
25	3063-94-3
25	30664-12-1
25	30664-12-1
25	30668-92-9
25	30668-92-9
25	30668-93-0
25	30668-93-0
25	30668-94-1
25	30668-94-1
25	30670-30-5
25	30670-30-5
25	30672-70-9
25	30672-70-9
25	30672-72-1
25	30672-72-1
25	30682-81-6
25	30682-81-6
25	30684-36-7
25	30684-36-7
25	307-08-4
25	307-08-4
25	307-22-2
25	307-22-2
25	307-24-4
25	307-24-4
25	307-29-9
25	307-29-9
25	307-30-2
25	307-30-2
25	307-33-5
25	307-33-5
25	307-34-6
25	307-34-6
25	307-35-7
25	307-35-7
25	307-43-7
25	307-43-7
25	307-45-9
25	307-45-9
25	307-49-3
25	307-49-3
25	307-50-6
25	307-50-6
25	307-51-7
25	307-51-7
25	307-55-1
25	307-55-1
25	307-59-5
25	307-59-5
25	307-60-8
25	307-60-8
25	307-62-0
25	307-62-0
25	307-63-1
25	307-63-1
25	307-70-0
25	307-70-0
25	307-71-1
25	307-71-1
25	307-78-8
25	307-78-8
25	307-87-9
25	307-87-9
25	307-98-2
25	307-98-2
25	30719-68-7
25	30719-68-7
25	30744-82-2
25	30744-82-2
25	30769-88-1
25	30769-88-1
25	30769-91-6
25	30769-91-6
25	308-24-7
25	308-24-7
25	308-26-9
25	308-26-9
25	308-48-5
25	308-48-5
25	308096-48-2
25	308096-48-2
25	30827-99-7
25	30827-99-7
25	308362-88-1
25	308362-88-1
25	30844-74-7
25	30844-74-7
25	30868-50-9
25	30868-50-9
25	30868-51-0
25	30868-51-0
25	30868-55-4
25	30868-55-4
25	30897-90-6
25	30897-90-6
25	309-88-6
25	309-88-6
25	30909-51-4
25	30909-51-4
25	3092-61-3
25	3092-61-3
25	3093-35-4
25	3093-35-4
25	3093-66-1
25	3093-66-1
25	3094-09-5
25	3094-09-5
25	30984-28-2
25	30984-28-2
25	30998-06-2
25	30998-06-2
25	310-71-4
25	310-71-4
25	31002-79-6
25	31002-79-6
25	31057-53-1
25	31057-53-1
25	3107-18-4
25	3107-18-4
25	3107-19-5
25	3107-19-5
25	3107-32-2
25	3107-32-2
25	3108-24-5
25	3108-24-5
25	3108-42-7
25	3108-42-7
25	3109-35-1
25	3109-35-1
25	3109-63-5
25	3109-63-5
25	311-86-4
25	311-86-4
25	311-89-7
25	311-89-7
25	31173-14-5
25	31173-14-5
25	31175-20-9
25	31175-20-9
25	31176-88-2
25	31176-88-2
25	312-30-1
25	312-30-1
25	312-31-2
25	312-31-2
25	312-40-3
25	312-40-3
25	312-63-0
25	312-63-0
25	312-73-2
25	312-73-2
25	312-81-2
25	312-81-2
25	312-93-6
25	312-93-6
25	312-94-7
25	312-94-7
25	312-95-8
25	312-95-8
25	312-96-9
25	312-96-9
25	31200-98-3
25	31200-98-3
25	31214-91-2
25	31214-91-2
25	31240-52-5
25	31240-52-5
25	31251-03-3
25	31251-03-3
25	31272-25-0
25	31272-25-0
25	31287-64-6
25	31287-64-6
25	313-12-2
25	313-12-2
25	313-56-4
25	313-56-4
25	313-72-4
25	313-72-4
25	31352-82-6
25	31352-82-6
25	31375-11-8
25	31375-11-8
25	31392-96-8
25	31392-96-8
25	314-41-0
25	314-41-0
25	314-46-5
25	314-46-5
25	314-98-7
25	314-98-7
25	31429-90-0
25	31429-90-0
25	31429-91-1
25	31429-91-1
25	31430-15-6
25	31430-15-6
25	31431-13-7
25	31431-13-7
25	31431-16-0
25	31431-16-0
25	31431-26-2
25	31431-26-2
25	315-14-0
25	315-14-0
25	315-31-1
25	315-31-1
25	31506-32-8
25	31506-32-8
25	31506-34-0
25	31506-34-0
25	3151-59-5
25	3151-59-5
25	315208-17-4
25	315208-17-4
25	31540-62-2
25	31540-62-2
25	316-46-1
25	316-46-1
25	316-68-7
25	316-68-7
25	317-20-4
25	317-20-4
25	317-46-4
25	317-46-4
25	317-94-2
25	317-94-2
25	3175-24-4
25	3175-24-4
25	3175-25-5
25	3175-25-5
25	3175-26-6
25	3175-26-6
25	31794-92-0
25	31794-92-0
25	3182-26-1
25	3182-26-1
25	318290-98-1
25	318290-98-1
25	31841-41-5
25	31841-41-5
25	319-03-9
25	319-03-9
25	319-24-4
25	319-24-4
25	319-38-0
25	319-38-0
25	319-60-8
25	319-60-8
25	319-88-0
25	319-88-0
25	320-31-0
25	320-31-0
25	320-32-1
25	320-32-1
25	320-35-4
25	320-35-4
25	320-36-5
25	320-36-5
25	320-37-6
25	320-37-6
25	320-38-7
25	320-38-7
25	320-47-8
25	320-47-8
25	320-50-3
25	320-50-3
25	320-51-4
25	320-51-4
25	320-60-5
25	320-60-5
25	320-65-0
25	320-65-0
25	320-76-3
25	320-76-3
25	320-88-7
25	320-88-7
25	320-94-5
25	320-94-5
25	320-98-9
25	320-98-9
25	32001-55-1
25	32001-55-1
25	32004-66-3
25	32004-66-3
25	32004-67-4
25	32004-67-4
25	32004-68-5
25	32004-68-5
25	32057-09-3
25	32057-09-3
25	32085-88-4
25	32085-88-4
25	321-12-0
25	321-12-0
25	321-17-5
25	321-17-5
25	321-21-1
25	321-21-1
25	321-23-3
25	321-23-3
25	321-28-8
25	321-28-8
25	321-37-9
25	321-37-9
25	321-38-0
25	321-38-0
25	321-60-8
25	321-60-8
25	321-69-7
25	321-69-7
25	32107-75-8
25	32107-75-8
25	32130-55-5
25	32130-55-5
25	32137-19-2
25	32137-19-2
25	32137-20-5
25	32137-20-5
25	322-75-8
25	322-75-8
25	322-79-2
25	322-79-2
25	322-97-4
25	322-97-4
25	32240-73-6
25	32240-73-6
25	32247-96-4
25	32247-96-4
25	32287-65-3
25	32287-65-3
25	323-09-1
25	323-09-1
25	32313-27-2
25	32313-27-2
25	32333-53-2
25	32333-53-2
25	32367-42-3
25	32367-42-3
25	3239-44-9
25	3239-44-9
25	3239-45-0
25	3239-45-0
25	324-41-4
25	324-41-4
25	324-57-2
25	324-57-2
25	324-58-3
25	324-58-3
25	324-74-3
25	324-74-3
25	324-80-1
25	324-80-1
25	324-93-6
25	324-93-6
25	324-94-7
25	324-94-7
25	32477-35-3
25	32477-35-3
25	3248-61-1
25	3248-61-1
25	3248-63-3
25	3248-63-3
25	325-51-9
25	325-51-9
25	32539-16-5
25	32539-16-5
25	32554-52-2
25	32554-52-2
25	32554-53-3
25	32554-53-3
25	326-06-7
25	326-06-7
25	326-49-8
25	326-49-8
25	326-62-5
25	326-62-5
25	326-66-9
25	326-66-9
25	326-78-3
25	326-78-3
25	326-90-9
25	326-90-9
25	326-91-0
25	326-91-0
25	32609-65-7
25	32609-65-7
25	3264-92-4
25	3264-92-4
25	326604-75-5
25	326604-75-5
25	32687-76-6
25	32687-76-6
25	327-46-8
25	327-46-8
25	327-51-5
25	327-51-5
25	327-52-6
25	327-52-6
25	327-54-8
25	327-54-8
25	327-75-3
25	327-75-3
25	327-78-6
25	327-78-6
25	327-92-4
25	327-92-4
25	32707-89-4
25	32707-89-4
25	32718-30-2
25	32718-30-2
25	32728-27-1
25	32728-27-1
25	32755-72-9
25	32755-72-9
25	32761-50-5
25	32761-50-5
25	32776-56-0
25	32776-56-0
25	328-67-6
25	328-67-6
25	328-68-7
25	328-68-7
25	328-69-8
25	328-69-8
25	328-70-1
25	328-70-1
25	328-73-4
25	328-73-4
25	328-74-5
25	328-74-5
25	328-75-6
25	328-75-6
25	328-79-0
25	328-79-0
25	328-80-3
25	328-80-3
25	328-84-7
25	328-84-7
25	328-86-9
25	328-86-9
25	328-87-0
25	328-87-0
25	328-89-2
25	328-89-2
25	328-90-5
25	328-90-5
25	328-93-8
25	328-93-8
25	328-96-1
25	328-96-1
25	328-99-4
25	328-99-4
25	32802-40-7
25	32802-40-7
25	32836-39-8
25	32836-39-8
25	32857-62-8
25	32857-62-8
25	32860-39-2
25	32860-39-2
25	329-01-1
25	329-01-1
25	329-15-7
25	329-15-7
25	329-20-4
25	329-20-4
25	329-59-9
25	329-59-9
25	329-97-5
25	329-97-5
25	329-98-6
25	329-98-6
25	329-99-7
25	329-99-7
25	32976-86-6
25	32976-86-6
25	330-11-0
25	330-11-0
25	330-12-1
25	330-12-1
25	330-14-3
25	330-14-3
25	330-15-4
25	330-15-4
25	330-17-6
25	330-17-6
25	330-41-6
25	330-41-6
25	330-68-7
25	330-68-7
25	330-83-6
25	330-83-6
25	330-84-7
25	330-84-7
25	330-93-8
25	330-93-8
25	330-94-9
25	330-94-9
25	3300-51-4
25	3300-51-4
25	33027-66-6
25	33027-66-6
25	33034-18-3
25	33034-18-3
25	3308-94-9
25	3308-94-9
25	331-25-9
25	331-25-9
25	331-54-4
25	331-54-4
25	331-62-4
25	331-62-4
25	331-63-5
25	331-63-5
25	331-64-6
25	331-64-6
25	331-87-3
25	331-87-3
25	3311-94-2
25	3311-94-2
25	3311-99-7
25	3311-99-7
25	3312-04-7
25	3312-04-7
25	33124-50-4
25	33124-50-4
25	33184-16-6
25	33184-16-6
25	33184-52-0
25	33184-52-0
25	332-23-0
25	332-23-0
25	332-25-2
25	332-25-2
25	332-26-3
25	332-26-3
25	332-33-2
25	332-33-2
25	332-34-3
25	332-34-3
25	332-42-3
25	332-42-3
25	332-43-4
25	332-43-4
25	332-48-9
25	332-48-9
25	332-50-3
25	332-50-3
25	332-94-5
25	332-94-5
25	332-97-8
25	332-97-8
25	332-98-9
25	332-98-9
25	332350-90-0
25	332350-90-0
25	332350-93-3
25	332350-93-3
25	33245-39-5
25	33245-39-5
25	33284-45-6
25	33284-45-6
25	333-07-3
25	333-07-3
25	333-23-3
25	333-23-3
25	333-27-7
25	333-27-7
25	333-36-8
25	333-36-8
25	333-47-1
25	333-47-1
25	333-56-2
25	333-56-2
25	333-67-5
25	333-67-5
25	3330-14-1
25	3330-14-1
25	3330-15-2
25	3330-15-2
25	3330-16-3
25	3330-16-3
25	3336-58-1
25	3336-58-1
25	33380-11-9
25	33380-11-9
25	334-28-1
25	334-28-1
25	334-29-2
25	334-29-2
25	334-56-5
25	334-56-5
25	334-59-8
25	334-59-8
25	334-68-9
25	334-68-9
25	334-99-6
25	334-99-6
25	33400-45-2
25	33400-45-2
25	33400-49-6
25	33400-49-6
25	33406-96-1
25	33406-96-1
25	33439-45-1
25	33439-45-1
25	33454-82-9
25	33454-82-9
25	33462-80-5
25	33462-80-5
25	33462-81-6
25	33462-81-6
25	33496-48-9
25	33496-48-9
25	335-05-7
25	335-05-7
25	335-08-0
25	335-08-0
25	335-14-8
25	335-14-8
25	335-24-0
25	335-24-0
25	335-27-3
25	335-27-3
25	335-35-3
25	335-35-3
25	335-36-4
25	335-36-4
25	335-42-2
25	335-42-2
25	335-44-4
25	335-44-4
25	335-45-5
25	335-45-5
25	335-48-8
25	335-48-8
25	335-56-8
25	335-56-8
25	335-57-9
25	335-57-9
25	335-58-0
25	335-58-0
25	335-64-8
25	335-64-8
25	335-65-9
25	335-65-9
25	335-66-0
25	335-66-0
25	335-67-1
25	335-67-1
25	335-70-6
25	335-70-6
25	335-71-7
25	335-71-7
25	335-76-2
25	335-76-2
25	335-77-3
25	335-77-3
25	335-79-5
25	335-79-5
25	335-93-3
25	335-93-3
25	335-95-5
25	335-95-5
25	335-97-7
25	335-97-7
25	335-99-9
25	335-99-9
25	335104-84-2
25	335104-84-2
25	335161-24-5
25	335161-24-5
25	33564-31-7
25	33564-31-7
25	336-06-1
25	336-06-1
25	336-08-3
25	336-08-3
25	336-19-6
25	336-19-6
25	336-34-5
25	336-34-5
25	336-50-5
25	336-50-5
25	336-59-4
25	336-59-4
25	336-61-8
25	336-61-8
25	33628-05-6
25	33628-05-6
25	33628-07-8
25	33628-07-8
25	33678-01-2
25	33678-01-2
25	337-02-0
25	337-02-0
25	337-03-1
25	337-03-1
25	337-20-2
25	337-20-2
25	337-28-0
25	337-28-0
25	33727-95-6
25	33727-95-6
25	337366-98-0
25	337366-98-0
25	337458-27-2
25	337458-27-2
25	33754-49-3
25	33754-49-3
25	33755-46-3
25	33755-46-3
25	33790-67-9
25	33790-67-9
25	338-38-5
25	338-38-5
25	338-64-7
25	338-64-7
25	338-65-8
25	338-65-8
25	338-75-0
25	338-75-0
25	338-76-1
25	338-76-1
25	338-81-8
25	338-81-8
25	338-83-0
25	338-83-0
25	338-84-1
25	338-84-1
25	338-95-4
25	338-95-4
25	338-98-7
25	338-98-7
25	3382-63-6
25	3382-63-6
25	33831-83-3
25	33831-83-3
25	3385-03-3
25	3385-03-3
25	33887-65-9
25	33887-65-9
25	339-25-3
25	339-25-3
25	339-59-3
25	339-59-3
25	339-93-5
25	339-93-5
25	33910-86-0
25	33910-86-0
25	33963-15-4
25	33963-15-4
25	33991-41-2
25	33991-41-2
25	340-04-5
25	340-04-5
25	340-05-6
25	340-05-6
25	340-06-7
25	340-06-7
25	340-07-8
25	340-07-8
25	340-40-9
25	340-40-9
25	34036-07-2
25	34036-07-2
25	34039-01-5
25	34039-01-5
25	34067-44-2
25	34067-44-2
25	34067-70-4
25	34067-70-4
25	34077-87-7
25	34077-87-7
25	34084-50-9
25	34084-50-9
25	34097-16-0
25	34097-16-0
25	341-02-6
25	341-02-6
25	341-27-5
25	341-27-5
25	341-41-3
25	341-41-3
25	341-58-2
25	341-58-2
25	3410-32-0
25	3410-32-0
25	3410-35-3
25	3410-35-3
25	34109-80-3
25	34109-80-3
25	34143-74-3
25	34143-74-3
25	34149-71-8
25	34149-71-8
25	3416-26-0
25	3416-26-0
25	342-23-4
25	342-23-4
25	342-24-5
25	342-24-5
25	342-25-6
25	342-25-6
25	34202-69-2
25	34202-69-2
25	34214-51-2
25	34214-51-2
25	34216-27-8
25	34216-27-8
25	34216-30-3
25	34216-30-3
25	34284-75-8
25	34284-75-8
25	342905-92-4
25	342905-92-4
25	343-01-1
25	343-01-1
25	343-31-7
25	343-31-7
25	34328-46-6
25	34328-46-6
25	34328-61-5
25	34328-61-5
25	34362-49-7
25	34362-49-7
25	34367-37-8
25	34367-37-8
25	34395-24-9
25	34395-24-9
25	344-03-6
25	344-03-6
25	344-04-7
25	344-04-7
25	344-07-0
25	344-07-0
25	344-14-9
25	344-14-9
25	344-18-3
25	344-18-3
25	344-19-4
25	344-19-4
25	344-20-7
25	344-20-7
25	344-38-7
25	344-38-7
25	344-39-8
25	344-39-8
25	344-62-7
25	344-62-7
25	344-65-0
25	344-65-0
25	344-72-9
25	344-72-9
25	344-80-9
25	344-80-9
25	344-95-6
25	344-95-6
25	34415-31-1
25	34415-31-1
25	344239-81-2
25	344239-81-2
25	34445-07-3
25	34445-07-3
25	34449-89-3
25	34449-89-3
25	34451-26-8
25	34451-26-8
25	34454-97-2
25	34454-97-2
25	34454-99-4
25	34454-99-4
25	34455-00-0
25	34455-00-0
25	34455-03-3
25	34455-03-3
25	34455-22-6
25	34455-22-6
25	34455-29-3
25	34455-29-3
25	344562-80-7
25	344562-80-7
25	34482-99-0
25	34482-99-0
25	3449-63-6
25	3449-63-6
25	345-16-4
25	345-16-4
25	345-17-5
25	345-17-5
25	345-18-6
25	345-18-6
25	345-29-9
25	345-29-9
25	345-35-7
25	345-35-7
25	345-55-1
25	345-55-1
25	345-70-0
25	345-70-0
25	345-83-5
25	345-83-5
25	345-89-1
25	345-89-1
25	345-90-4
25	345-90-4
25	345-92-6
25	345-92-6
25	345-94-8
25	345-94-8
25	34523-28-9
25	34523-28-9
25	34568-12-2
25	34568-12-2
25	34586-49-7
25	34586-49-7
25	34586-50-0
25	34586-50-0
25	34598-33-9
25	34598-33-9
25	346-01-0
25	346-01-0
25	346-06-5
25	346-06-5
25	346-10-1
25	346-10-1
25	346-18-9
25	346-18-9
25	346-44-1
25	346-44-1
25	346-55-4
25	346-55-4
25	346-80-5
25	346-80-5
25	347-42-2
25	347-42-2
25	347-46-6
25	347-46-6
25	347-54-6
25	347-54-6
25	347-55-7
25	347-55-7
25	347-63-7
25	347-63-7
25	347-81-9
25	347-81-9
25	347-93-3
25	347-93-3
25	34761-47-2
25	34761-47-2
25	34779-65-2
25	34779-65-2
25	34788-82-4
25	34788-82-4
25	348-19-6
25	348-19-6
25	348-26-5
25	348-26-5
25	348-28-7
25	348-28-7
25	348-36-7
25	348-36-7
25	348-40-3
25	348-40-3
25	348-51-6
25	348-51-6
25	348-52-7
25	348-52-7
25	348-54-9
25	348-54-9
25	348-56-1
25	348-56-1
25	348-57-2
25	348-57-2
25	348-59-4
25	348-59-4
25	348-60-7
25	348-60-7
25	348-61-8
25	348-61-8
25	348-62-9
25	348-62-9
25	348-70-9
25	348-70-9
25	348-83-4
25	348-83-4
25	34830-11-0
25	34830-11-0
25	34839-44-6
25	34839-44-6
25	3486-08-6
25	3486-08-6
25	348635-87-0
25	348635-87-0
25	349-01-9
25	349-01-9
25	349-03-1
25	349-03-1
25	349-04-2
25	349-04-2
25	349-07-5
25	349-07-5
25	349-10-0
25	349-10-0
25	349-20-2
25	349-20-2
25	349-43-9
25	349-43-9
25	349-50-8
25	349-50-8
25	349-55-3
25	349-55-3
25	349-58-6
25	349-58-6
25	349-59-7
25	349-59-7
25	349-65-5
25	349-65-5
25	349-75-7
25	349-75-7
25	349-76-8
25	349-76-8
25	349-78-0
25	349-78-0
25	349-88-2
25	349-88-2
25	349-95-1
25	349-95-1
25	349-96-2
25	349-96-2
25	349-97-3
25	349-97-3
25	34946-82-2
25	34946-82-2
25	350-28-7
25	350-28-7
25	350-29-8
25	350-29-8
25	350-30-1
25	350-30-1
25	350-31-2
25	350-31-2
25	350-40-3
25	350-40-3
25	350-46-9
25	350-46-9
25	350-50-5
25	350-50-5
25	350-51-6
25	350-51-6
25	350-54-9
25	350-54-9
25	350-57-2
25	350-57-2
25	350-67-4
25	350-67-4
25	350-90-3
25	350-90-3
25	350-92-5
25	350-92-5
25	350009-05-1
25	350009-05-1
25	35027-66-8
25	35027-66-8
25	35037-73-1
25	35037-73-1
25	35042-99-0
25	35042-99-0
25	351-03-1
25	351-03-1
25	351-04-2
25	351-04-2
25	351-05-3
25	351-05-3
25	351-16-6
25	351-16-6
25	351-28-0
25	351-28-0
25	351-30-4
25	351-30-4
25	351-32-6
25	351-32-6
25	351-35-9
25	351-35-9
25	351-36-0
25	351-36-0
25	351-38-2
25	351-38-2
25	351-54-2
25	351-54-2
25	351-83-7
25	351-83-7
25	351-95-1
25	351-95-1
25	35122-83-9
25	35122-83-9
25	351227-63-9
25	351227-63-9
25	35138-22-8
25	35138-22-8
25	352-11-4
25	352-11-4
25	352-13-6
25	352-13-6
25	352-24-9
25	352-24-9
25	352-32-9
25	352-32-9
25	352-33-0
25	352-33-0
25	352-34-1
25	352-34-1
25	352-52-3
25	352-52-3
25	352-53-4
25	352-53-4
25	352-63-6
25	352-63-6
25	352-67-0
25	352-67-0
25	352-70-5
25	352-70-5
25	352-87-4
25	352-87-4
25	352-91-0
25	352-91-0
25	352-95-4
25	352-95-4
25	35254-34-3
25	35254-34-3
25	35295-35-3
25	35295-35-3
25	35295-36-4
25	35295-36-4
25	353-03-7
25	353-03-7
25	353-10-6
25	353-10-6
25	353-25-3
25	353-25-3
25	353-36-6
25	353-36-6
25	353-42-4
25	353-42-4
25	353-43-5
25	353-43-5
25	353-49-1
25	353-49-1
25	353-50-4
25	353-50-4
25	353-54-8
25	353-54-8
25	353-55-9
25	353-55-9
25	353-58-2
25	353-58-2
25	353-59-3
25	353-59-3
25	353-61-7
25	353-61-7
25	353-66-2
25	353-66-2
25	353-82-2
25	353-82-2
25	353-83-3
25	353-83-3
25	353-85-5
25	353-85-5
25	353-88-8
25	353-88-8
25	353-93-5
25	353-93-5
25	353-97-9
25	353-97-9
25	353-97-9
25	353-97-9
25	35323-16-1
25	35323-16-1
25	35328-43-9
25	35328-43-9
25	35367-31-8
25	35367-31-8
25	35367-38-5
25	35367-38-5
25	35397-13-8
25	35397-13-8
25	354-04-1
25	354-04-1
25	354-06-3
25	354-06-3
25	354-07-4
25	354-07-4
25	354-08-5
25	354-08-5
25	354-11-0
25	354-11-0
25	354-12-1
25	354-12-1
25	354-14-3
25	354-14-3
25	354-15-4
25	354-15-4
25	354-19-8
25	354-19-8
25	354-20-1
25	354-20-1
25	354-21-2
25	354-21-2
25	354-23-4
25	354-23-4
25	354-24-5
25	354-24-5
25	354-25-6
25	354-25-6
25	354-26-7
25	354-26-7
25	354-27-8
25	354-27-8
25	354-28-9
25	354-28-9
25	354-30-3
25	354-30-3
25	354-32-5
25	354-32-5
25	354-33-6
25	354-33-6
25	354-34-7
25	354-34-7
25	354-37-0
25	354-37-0
25	354-38-1
25	354-38-1
25	354-48-3
25	354-48-3
25	354-51-8
25	354-51-8
25	354-55-2
25	354-55-2
25	354-56-3
25	354-56-3
25	354-58-5
25	354-58-5
25	354-61-0
25	354-61-0
25	354-64-3
25	354-64-3
25	354-65-4
25	354-65-4
25	354-69-8
25	354-69-8
25	354-76-7
25	354-76-7
25	354-83-6
25	354-83-6
25	354-87-0
25	354-87-0
25	354-88-1
25	354-88-1
25	354-92-7
25	354-92-7
25	354-96-1
25	354-96-1
25	354-97-2
25	354-97-2
25	35480-52-5
25	35480-52-5
25	355-02-2
25	355-02-2
25	355-03-3
25	355-03-3
25	355-04-4
25	355-04-4
25	355-08-8
25	355-08-8
25	355-17-9
25	355-17-9
25	355-19-1
25	355-19-1
25	355-20-4
25	355-20-4
25	355-24-8
25	355-24-8
25	355-25-9
25	355-25-9
25	355-27-1
25	355-27-1
25	355-28-2
25	355-28-2
25	355-34-0
25	355-34-0
25	355-37-3
25	355-37-3
25	355-38-4
25	355-38-4
25	355-41-9
25	355-41-9
25	355-42-0
25	355-42-0
25	355-43-1
25	355-43-1
25	355-44-2
25	355-44-2
25	355-46-4
25	355-46-4
25	355-47-5
25	355-47-5
25	355-49-7
25	355-49-7
25	355-50-0
25	355-50-0
25	355-63-5
25	355-63-5
25	355-66-8
25	355-66-8
25	355-68-0
25	355-68-0
25	355-74-8
25	355-74-8
25	355-75-9
25	355-75-9
25	355-80-6
25	355-80-6
25	355-81-7
25	355-81-7
25	355-86-2
25	355-86-2
25	355-93-1
25	355-93-1
25	35523-45-6
25	35523-45-6
25	35560-16-8
25	35560-16-8
25	356-12-7
25	356-12-7
25	356-15-0
25	356-15-0
25	356-18-3
25	356-18-3
25	356-19-4
25	356-19-4
25	356-24-1
25	356-24-1
25	356-26-3
25	356-26-3
25	356-27-4
25	356-27-4
25	356-28-5
25	356-28-5
25	356-34-3
25	356-34-3
25	356-42-3
25	356-42-3
25	356-45-6
25	356-45-6
25	356-47-8
25	356-47-8
25	356-48-9
25	356-48-9
25	356-62-7
25	356-62-7
25	356-81-0
25	356-81-0
25	356-86-5
25	356-86-5
25	357-31-3
25	357-31-3
25	357-47-1
25	357-47-1
25	357-83-5
25	357-83-5
25	357-99-3
25	357-99-3
25	357188-74-0
25	357188-74-0
25	357290-87-0
25	357290-87-0
25	35730-09-7
25	35730-09-7
25	3575-80-2
25	3575-80-2
25	35754-45-1
25	35754-45-1
25	35764-15-9
25	35764-15-9
25	358-21-4
25	358-21-4
25	358-23-6
25	358-23-6
25	358-37-2
25	358-37-2
25	358-43-0
25	358-43-0
25	358-60-1
25	358-60-1
25	358-67-8
25	358-67-8
25	358-74-7
25	358-74-7
25	358-97-4
25	358-97-4
25	3582-17-0
25	3582-17-0
25	35849-45-7
25	35849-45-7
25	35849-47-9
25	35849-47-9
25	35852-58-5
25	35852-58-5
25	35853-41-9
25	35853-41-9
25	35853-45-3
25	35853-45-3
25	35853-55-5
25	35853-55-5
25	35895-69-3
25	35895-69-3
25	35895-70-6
25	35895-70-6
25	359-04-6
25	359-04-6
25	359-06-8
25	359-06-8
25	359-07-9
25	359-07-9
25	359-08-0
25	359-08-0
25	359-10-4
25	359-10-4
25	359-11-5
25	359-11-5
25	359-13-7
25	359-13-7
25	359-19-3
25	359-19-3
25	359-25-1
25	359-25-1
25	359-28-4
25	359-28-4
25	359-29-5
25	359-29-5
25	359-32-0
25	359-32-0
25	359-35-3
25	359-35-3
25	359-37-5
25	359-37-5
25	359-40-0
25	359-40-0
25	359-41-1
25	359-41-1
25	359-58-0
25	359-58-0
25	359-70-6
25	359-70-6
25	359-71-7
25	359-71-7
25	35923-79-6
25	35923-79-6
25	35925-48-5
25	35925-48-5
25	35944-73-1
25	35944-73-1
25	35976-51-3
25	35976-51-3
25	360-03-2
25	360-03-2
25	360-52-1
25	360-52-1
25	360-53-2
25	360-53-2
25	360-54-3
25	360-54-3
25	360-60-1
25	360-60-1
25	360-63-4
25	360-63-4
25	360-64-5
25	360-64-5
25	360-86-1
25	360-86-1
25	360-88-3
25	360-88-3
25	360-89-4
25	360-89-4
25	360-92-9
25	360-92-9
25	3602-47-9
25	3602-47-9
25	36105-20-1
25	36105-20-1
25	361377-29-9
25	361377-29-9
25	3615-21-2
25	3615-21-2
25	3616-78-2
25	3616-78-2
25	36167-63-2
25	36167-63-2
25	362-86-7
25	362-86-7
25	362631-55-8
25	362631-55-8
25	362631-55-8
25	362631-55-8
25	362631-56-9
25	362631-56-9
25	362631-56-9
25	362631-56-9
25	362631-77-4
25	362631-77-4
25	36282-26-5
25	36282-26-5
25	363-06-4
25	363-06-4
25	363-17-7
25	363-17-7
25	363-40-6
25	363-40-6
25	363-51-9
25	363-51-9
25	363-52-0
25	363-52-0
25	363-72-4
25	363-72-4
25	363-73-5
25	363-73-5
25	363-81-5
25	363-81-5
25	3634-08-0
25	3634-08-0
25	36393-27-8
25	36393-27-8
25	364-13-6
25	364-13-6
25	364-30-7
25	364-30-7
25	364-44-3
25	364-44-3
25	364-71-6
25	364-71-6
25	364-73-8
25	364-73-8
25	364-74-9
25	364-74-9
25	364-76-1
25	364-76-1
25	364-78-3
25	364-78-3
25	364-83-0
25	364-83-0
25	364-92-1
25	364-92-1
25	36405-47-7
25	36405-47-7
25	36422-95-4
25	36422-95-4
25	36438-51-4
25	36438-51-4
25	36457-58-6
25	36457-58-6
25	36470-39-0
25	36470-39-0
25	36490-77-4
25	36490-77-4
25	36493-04-6
25	36493-04-6
25	365-21-9
25	365-21-9
25	365-22-0
25	365-22-0
25	365-24-2
25	365-24-2
25	365-34-4
25	365-34-4
25	36525-64-1
25	36525-64-1
25	365400-11-9
25	365400-11-9
25	36556-42-0
25	36556-42-0
25	36556-48-6
25	36556-48-6
25	36556-50-0
25	36556-50-0
25	36556-55-5
25	36556-55-5
25	36556-57-7
25	36556-57-7
25	36556-59-9
25	36556-59-9
25	36567-29-0
25	36567-29-0
25	36576-70-2
25	36576-70-2
25	3658-57-9
25	3658-57-9
25	3658-62-6
25	3658-62-6
25	3658-63-7
25	3658-63-7
25	36591-89-6
25	36591-89-6
25	36595-00-3
25	36595-00-3
25	36596-71-1
25	36596-71-1
25	366-63-2
25	366-63-2
25	366-77-8
25	366-77-8
25	366-99-4
25	366-99-4
25	36654-16-7
25	36654-16-7
25	36670-29-8
25	36670-29-8
25	367-11-3
25	367-11-3
25	367-12-4
25	367-12-4
25	367-21-5
25	367-21-5
25	367-22-6
25	367-22-6
25	367-23-7
25	367-23-7
25	367-24-8
25	367-24-8
25	367-25-9
25	367-25-9
25	367-27-1
25	367-27-1
25	367-29-3
25	367-29-3
25	367-30-6
25	367-30-6
25	367-31-7
25	367-31-7
25	367-32-8
25	367-32-8
25	367-34-0
25	367-34-0
25	367-44-2
25	367-44-2
25	367-46-4
25	367-46-4
25	367-49-7
25	367-49-7
25	367-57-7
25	367-57-7
25	367-64-6
25	367-64-6
25	367-67-9
25	367-67-9
25	367-80-6
25	367-80-6
25	367-81-7
25	367-81-7
25	367-83-9
25	367-83-9
25	367-86-2
25	367-86-2
25	36701-89-0
25	36701-89-0
25	3671-60-1
25	3671-60-1
25	36735-22-5
25	36735-22-5
25	368-05-8
25	368-05-8
25	368-34-3
25	368-34-3
25	368-39-8
25	368-39-8
25	368-43-4
25	368-43-4
25	368-47-8
25	368-47-8
25	368-48-9
25	368-48-9
25	368-53-6
25	368-53-6
25	368-66-1
25	368-66-1
25	368-71-8
25	368-71-8
25	368-72-9
25	368-72-9
25	368-77-4
25	368-77-4
25	368-78-5
25	368-78-5
25	368-88-7
25	368-88-7
25	368-90-1
25	368-90-1
25	368-94-5
25	368-94-5
25	36835-64-0
25	36835-64-0
25	369-12-0
25	369-12-0
25	369-25-5
25	369-25-5
25	369-30-2
25	369-30-2
25	369-33-5
25	369-33-5
25	369-34-6
25	369-34-6
25	369-35-7
25	369-35-7
25	369-36-8
25	369-36-8
25	369-58-4
25	369-58-4
25	369-68-6
25	369-68-6
25	369-77-7
25	369-77-7
25	369-83-5
25	369-83-5
25	36913-91-4
25	36913-91-4
25	3693-39-8
25	3693-39-8
25	370-04-7
25	370-04-7
25	370-22-9
25	370-22-9
25	370-35-4
25	370-35-4
25	370-47-8
25	370-47-8
25	370-50-3
25	370-50-3
25	370-69-4
25	370-69-4
25	370-86-5
25	370-86-5
25	370-95-6
25	370-95-6
25	37013-72-2
25	37013-72-2
25	37028-28-7
25	37028-28-7
25	37028-40-3
25	37028-40-3
25	37031-38-2
25	37031-38-2
25	37078-97-0
25	37078-97-0
25	3709-70-4
25	3709-70-4
25	3709-71-5
25	3709-71-5
25	371-14-2
25	371-14-2
25	371-15-3
25	371-15-3
25	371-24-4
25	371-24-4
25	371-26-6
25	371-26-6
25	371-27-7
25	371-27-7
25	371-40-4
25	371-40-4
25	371-41-5
25	371-41-5
25	371-42-6
25	371-42-6
25	371-48-2
25	371-48-2
25	371-49-3
25	371-49-3
25	371-50-6
25	371-50-6
25	371-54-0
25	371-54-0
25	371-62-0
25	371-62-0
25	371-69-7
25	371-69-7
25	371-76-6
25	371-76-6
25	371-83-5
25	371-83-5
25	371-86-8
25	371-86-8
25	371-92-6
25	371-92-6
25	37103-91-6
25	37103-91-6
25	37161-81-2
25	37161-81-2
25	37194-62-0
25	37194-62-0
25	372-04-3
25	372-04-3
25	372-16-7
25	372-16-7
25	372-18-9
25	372-18-9
25	372-19-0
25	372-19-0
25	372-20-3
25	372-20-3
25	372-25-8
25	372-25-8
25	372-29-2
25	372-29-2
25	372-30-5
25	372-30-5
25	372-31-6
25	372-31-6
25	372-37-2
25	372-37-2
25	372-38-3
25	372-38-3
25	372-39-4
25	372-39-4
25	372-44-1
25	372-44-1
25	372-46-3
25	372-46-3
25	372-47-4
25	372-47-4
25	372-48-5
25	372-48-5
25	372-56-5
25	372-56-5
25	372-62-3
25	372-62-3
25	372-64-5
25	372-64-5
25	372-80-5
25	372-80-5
25	372-84-9
25	372-84-9
25	372-85-0
25	372-85-0
25	37204-11-8
25	37204-11-8
25	372137-35-4
25	372137-35-4
25	37223-53-3
25	37223-53-3
25	37240-32-7
25	37240-32-7
25	37249-79-9
25	37249-79-9
25	37291-85-3
25	37291-85-3
25	373-05-7
25	373-05-7
25	373-14-8
25	373-14-8
25	373-22-8
25	373-22-8
25	373-52-4
25	373-52-4
25	373-53-5
25	373-53-5
25	373-56-8
25	373-56-8
25	373-57-9
25	373-57-9
25	373-61-5
25	373-61-5
25	373-68-2
25	373-68-2
25	373-74-0
25	373-74-0
25	373-80-8
25	373-80-8
25	373-88-6
25	373-88-6
25	373-91-1
25	373-91-1
25	373-96-6
25	373-96-6
25	37317-01-4
25	37317-01-4
25	37338-48-0
25	37338-48-0
25	37340-67-3
25	37340-67-3
25	37346-87-5
25	37346-87-5
25	37346-91-1
25	37346-91-1
25	374-00-5
25	374-00-5
25	374-01-6
25	374-01-6
25	374-07-2
25	374-07-2
25	374-27-6
25	374-27-6
25	374-35-6
25	374-35-6
25	374-40-3
25	374-40-3
25	374-51-6
25	374-51-6
25	374-60-7
25	374-60-7
25	374-77-6
25	374-77-6
25	374-98-1
25	374-98-1
25	374-99-2
25	374-99-2
25	37413-97-1
25	37413-97-1
25	374571-81-0
25	374571-81-0
25	37486-69-4
25	37486-69-4
25	375-00-8
25	375-00-8
25	375-01-9
25	375-01-9
25	375-02-0
25	375-02-0
25	375-03-1
25	375-03-1
25	375-14-4
25	375-14-4
25	375-16-6
25	375-16-6
25	375-22-4
25	375-22-4
25	375-34-8
25	375-34-8
25	375-43-9
25	375-43-9
25	375-45-1
25	375-45-1
25	375-46-2
25	375-46-2
25	375-48-4
25	375-48-4
25	375-50-8
25	375-50-8
25	375-51-9
25	375-51-9
25	375-55-3
25	375-55-3
25	375-62-2
25	375-62-2
25	375-63-3
25	375-63-3
25	375-72-4
25	375-72-4
25	375-73-5
25	375-73-5
25	375-80-4
25	375-80-4
25	375-81-5
25	375-81-5
25	375-82-6
25	375-82-6
25	375-84-8
25	375-84-8
25	375-85-9
25	375-85-9
25	375-88-2
25	375-88-2
25	375-92-8
25	375-92-8
25	375-95-1
25	375-95-1
25	375-96-2
25	375-96-2
25	375-97-3
25	375-97-3
25	37526-59-3
25	37526-59-3
25	37577-24-5
25	37577-24-5
25	37589-57-4
25	37589-57-4
25	376-03-4
25	376-03-4
25	376-04-5
25	376-04-5
25	376-06-7
25	376-06-7
25	376-14-7
25	376-14-7
25	376-18-1
25	376-18-1
25	376-22-7
25	376-22-7
25	376-27-2
25	376-27-2
25	376-34-1
25	376-34-1
25	376-50-1
25	376-50-1
25	376-53-4
25	376-53-4
25	376-68-1
25	376-68-1
25	376-71-6
25	376-71-6
25	376-72-7
25	376-72-7
25	376-73-8
25	376-73-8
25	376-77-2
25	376-77-2
25	376-84-1
25	376-84-1
25	376-87-4
25	376-87-4
25	376-89-6
25	376-89-6
25	376-90-9
25	376-90-9
25	37603-11-5
25	37603-11-5
25	3765-86-4
25	3765-86-4
25	377-00-4
25	377-00-4
25	377-36-6
25	377-36-6
25	377-38-8
25	377-38-8
25	377-71-9
25	377-71-9
25	377-93-5
25	377-93-5
25	37717-21-8
25	37717-21-8
25	37759-72-1
25	37759-72-1
25	37777-76-7
25	37777-76-7
25	378-03-0
25	378-03-0
25	378-13-2
25	378-13-2
25	378-16-5
25	378-16-5
25	378-17-6
25	378-17-6
25	378-22-3
25	378-22-3
25	378-38-1
25	378-38-1
25	378-44-9
25	378-44-9
25	378-59-6
25	378-59-6
25	378-61-0
25	378-61-0
25	378-75-6
25	378-75-6
25	378-76-7
25	378-76-7
25	378-77-8
25	378-77-8
25	37847-52-2
25	37847-52-2
25	37881-62-2
25	37881-62-2
25	37893-02-0
25	37893-02-0
25	379-18-0
25	379-18-0
25	379-50-0
25	379-50-0
25	379-51-1
25	379-51-1
25	379-52-2
25	379-52-2
25	379-95-3
25	379-95-3
25	37924-13-3
25	37924-13-3
25	3793-74-6
25	3793-74-6
25	3794-64-7
25	3794-64-7
25	3796-23-4
25	3796-23-4
25	380-94-9
25	380-94-9
25	3800-06-4
25	3800-06-4
25	38006-74-5
25	38006-74-5
25	3801-06-7
25	3801-06-7
25	3801-89-6
25	3801-89-6
25	38053-99-5
25	38053-99-5
25	38054-01-2
25	38054-01-2
25	38054-03-4
25	38054-03-4
25	38078-09-0
25	38078-09-0
25	381-67-9
25	381-67-9
25	381-72-6
25	381-72-6
25	381-73-7
25	381-73-7
25	381-88-4
25	381-88-4
25	381-98-6
25	381-98-6
25	38194-50-2
25	38194-50-2
25	38196-44-0
25	38196-44-0
25	382-10-5
25	382-10-5
25	382-14-9
25	382-14-9
25	382-21-8
25	382-21-8
25	382-26-3
25	382-26-3
25	382-28-5
25	382-28-5
25	382-30-9
25	382-30-9
25	382-31-0
25	382-31-0
25	382-34-3
25	382-34-3
25	382-66-1
25	382-66-1
25	382-67-2
25	382-67-2
25	382-93-4
25	382-93-4
25	3820-83-5
25	3820-83-5
25	3821-81-6
25	3821-81-6
25	3822-68-2
25	3822-68-2
25	3825-26-1
25	3825-26-1
25	3826-47-9
25	3826-47-9
25	3826-86-6
25	3826-86-6
25	3827-49-4
25	3827-49-4
25	3828-49-7
25	3828-49-7
25	383-07-3
25	383-07-3
25	383-19-7
25	383-19-7
25	383-21-1
25	383-21-1
25	383-29-9
25	383-29-9
25	383-50-6
25	383-50-6
25	383-53-9
25	383-53-9
25	383-61-9
25	383-61-9
25	383-62-0
25	383-62-0
25	383-63-1
25	383-63-1
25	383-64-2
25	383-64-2
25	383-66-4
25	383-66-4
25	383-67-5
25	383-67-5
25	383-88-0
25	383-88-0
25	3830-45-3
25	3830-45-3
25	38347-42-1
25	38347-42-1
25	3836-78-0
25	3836-78-0
25	384-04-3
25	384-04-3
25	384-22-5
25	384-22-5
25	384-64-5
25	384-64-5
25	384-67-8
25	384-67-8
25	384-77-0
25	384-77-0
25	3841-11-0
25	3841-11-0
25	38436-16-7
25	38436-16-7
25	38465-60-0
25	38465-60-0
25	3847-58-3
25	3847-58-3
25	38492-81-8
25	38492-81-8
25	38492-84-1
25	38492-84-1
25	385-00-2
25	385-00-2
25	385-02-4
25	385-02-4
25	3851-60-3
25	3851-60-3
25	38550-34-4
25	38550-34-4
25	38565-52-5
25	38565-52-5
25	38565-53-6
25	38565-53-6
25	38565-54-7
25	38565-54-7
25	386-70-9
25	386-70-9
25	3862-73-5
25	3862-73-5
25	3862-78-0
25	3862-78-0
25	3863-11-4
25	3863-11-4
25	38635-54-0
25	38635-54-0
25	38635-85-7
25	38635-85-7
25	38677-85-9
25	38677-85-9
25	38686-67-8
25	38686-67-8
25	38686-70-3
25	38686-70-3
25	387-43-9
25	387-43-9
25	387-44-0
25	387-44-0
25	387-45-1
25	387-45-1
25	387-59-7
25	387-59-7
25	387-97-3
25	387-97-3
25	3870-07-3
25	3870-07-3
25	38701-74-5
25	38701-74-5
25	3871-50-9
25	3871-50-9
25	3871-82-7
25	3871-82-7
25	3871-99-6
25	3871-99-6
25	3872-25-1
25	3872-25-1
25	3873-20-9
25	3873-20-9
25	38736-15-1
25	38736-15-1
25	3874-54-2
25	3874-54-2
25	388-82-9
25	388-82-9
25	38827-31-5
25	38827-31-5
25	3883-86-1
25	3883-86-1
25	38832-94-9
25	38832-94-9
25	38850-52-1
25	38850-52-1
25	38850-58-7
25	38850-58-7
25	38850-60-1
25	38850-60-1
25	3887-48-7
25	3887-48-7
25	3888-65-1
25	3888-65-1
25	3888-84-4
25	3888-84-4
25	389-31-1
25	389-31-1
25	389-40-2
25	389-40-2
25	38985-64-7
25	38985-64-7
25	390-43-2
25	390-43-2
25	3900-31-0
25	3900-31-0
25	39026-39-6
25	39026-39-6
25	3905-96-2
25	3905-96-2
25	3906-87-4
25	3906-87-4
25	391-02-6
25	391-02-6
25	391-07-1
25	391-07-1
25	391-12-8
25	391-12-8
25	391-54-8
25	391-54-8
25	391-92-4
25	391-92-4
25	39108-34-4
25	39108-34-4
25	3914-19-0
25	3914-19-0
25	39186-68-0
25	39186-68-0
25	3919-74-2
25	3919-74-2
25	392-04-1
25	392-04-1
25	392-09-6
25	392-09-6
25	392-16-5
25	392-16-5
25	392-22-3
25	392-22-3
25	392-41-6
25	392-41-6
25	392-56-3
25	392-56-3
25	392-57-4
25	392-57-4
25	392-58-5
25	392-58-5
25	392-68-7
25	392-68-7
25	392-69-8
25	392-69-8
25	392-71-2
25	392-71-2
25	392-83-6
25	392-83-6
25	392-85-8
25	392-85-8
25	392-86-9
25	392-86-9
25	392-95-0
25	392-95-0
25	39234-82-7
25	39234-82-7
25	39234-86-1
25	39234-86-1
25	39239-77-5
25	39239-77-5
25	3924-70-7
25	3924-70-7
25	39240-97-6
25	39240-97-6
25	39287-69-9
25	39287-69-9
25	39289-28-6
25	39289-28-6
25	393-06-6
25	393-06-6
25	393-09-9
25	393-09-9
25	393-11-3
25	393-11-3
25	393-12-4
25	393-12-4
25	393-36-2
25	393-36-2
25	393-37-3
25	393-37-3
25	393-38-4
25	393-38-4
25	393-39-5
25	393-39-5
25	393-40-8
25	393-40-8
25	393-52-2
25	393-52-2
25	393-53-3
25	393-53-3
25	393-55-5
25	393-55-5
25	393-75-9
25	393-75-9
25	393-77-1
25	393-77-1
25	393-79-3
25	393-79-3
25	393-82-8
25	393-82-8
25	393-85-1
25	393-85-1
25	39300-53-3
25	39300-53-3
25	3932-49-8
25	3932-49-8
25	3932-97-6
25	3932-97-6
25	3934-23-4
25	3934-23-4
25	39349-94-5
25	39349-94-5
25	39357-86-3
25	39357-86-3
25	3936-02-5
25	3936-02-5
25	39383-00-1
25	39383-00-1
25	3939-09-1
25	3939-09-1
25	394-01-4
25	394-01-4
25	394-04-7
25	394-04-7
25	394-25-2
25	394-25-2
25	394-28-5
25	394-28-5
25	394-29-6
25	394-29-6
25	394-30-9
25	394-30-9
25	394-32-1
25	394-32-1
25	394-33-2
25	394-33-2
25	394-35-4
25	394-35-4
25	394-39-8
25	394-39-8
25	394-41-2
25	394-41-2
25	394-42-3
25	394-42-3
25	394-46-7
25	394-46-7
25	394-47-8
25	394-47-8
25	394-50-3
25	394-50-3
25	394-59-2
25	394-59-2
25	394-67-2
25	394-67-2
25	39413-34-8
25	39413-34-8
25	39432-81-0
25	39432-81-0
25	394730-71-3
25	394730-71-3
25	39482-87-6
25	39482-87-6
25	395-23-3
25	395-23-3
25	395-33-5
25	395-33-5
25	395-35-7
25	395-35-7
25	395-44-8
25	395-44-8
25	395-45-9
25	395-45-9
25	395-64-2
25	395-64-2
25	395-68-6
25	395-68-6
25	395-81-3
25	395-81-3
25	395-82-4
25	395-82-4
25	39508-27-5
25	39508-27-5
25	3954-73-2
25	3954-73-2
25	396-30-5
25	396-30-5
25	396-64-5
25	396-64-5
25	39634-42-9
25	39634-42-9
25	397-60-4
25	397-60-4
25	397-62-6
25	397-62-6
25	397-72-8
25	397-72-8
25	398-21-0
25	398-21-0
25	398-23-2
25	398-23-2
25	398-24-3
25	398-24-3
25	398-32-3
25	398-32-3
25	398-62-9
25	398-62-9
25	398-63-0
25	398-63-0
25	398-69-6
25	398-69-6
25	398-99-2
25	398-99-2
25	39818-95-6
25	39818-95-6
25	39823-55-7
25	39823-55-7
25	39877-24-2
25	39877-24-2
25	39885-50-2
25	39885-50-2
25	399-10-0
25	399-10-0
25	399-25-7
25	399-25-7
25	399-28-0
25	399-28-0
25	399-30-4
25	399-30-4
25	399-31-5
25	399-31-5
25	399-35-9
25	399-35-9
25	399-36-0
25	399-36-0
25	399-51-9
25	399-51-9
25	399-52-0
25	399-52-0
25	399-54-2
25	399-54-2
25	399-72-4
25	399-72-4
25	399-74-6
25	399-74-6
25	399-76-8
25	399-76-8
25	399-77-9
25	399-77-9
25	399-92-8
25	399-92-8
25	399-94-0
25	399-94-0
25	399-95-1
25	399-95-1
25	399-96-2
25	399-96-2
25	399-97-3
25	399-97-3
25	39951-83-2
25	39951-83-2
25	39963-03-6
25	39963-03-6
25	39974-35-1
25	39974-35-1
25	39998-81-7
25	39998-81-7
25	400-04-4
25	400-04-4
25	400-36-2
25	400-36-2
25	400-37-3
25	400-37-3
25	400-38-4
25	400-38-4
25	400-44-2
25	400-44-2
25	400-52-2
25	400-52-2
25	400-53-3
25	400-53-3
25	400-54-4
25	400-54-4
25	400-70-4
25	400-70-4
25	400-74-8
25	400-74-8
25	400-76-0
25	400-76-0
25	400-91-9
25	400-91-9
25	400-93-1
25	400-93-1
25	400-98-6
25	400-98-6
25	400-99-7
25	400-99-7
25	40002-62-8
25	40002-62-8
25	40006-49-3
25	40006-49-3
25	4004-97-1
25	4004-97-1
25	4007-34-5
25	4007-34-5
25	400882-07-7
25	400882-07-7
25	401-55-8
25	401-55-8
25	401-56-9
25	401-56-9
25	401-67-2
25	401-67-2
25	401-77-4
25	401-77-4
25	401-78-5
25	401-78-5
25	401-79-6
25	401-79-6
25	401-80-9
25	401-80-9
25	401-81-0
25	401-81-0
25	401-95-6
25	401-95-6
25	401-99-0
25	401-99-0
25	40160-26-7
25	40160-26-7
25	402-10-8
25	402-10-8
25	402-11-9
25	402-11-9
25	402-12-0
25	402-12-0
25	402-13-1
25	402-13-1
25	402-23-3
25	402-23-3
25	402-24-4
25	402-24-4
25	402-31-3
25	402-31-3
25	402-36-8
25	402-36-8
25	402-42-6
25	402-42-6
25	402-43-7
25	402-43-7
25	402-44-8
25	402-44-8
25	402-45-9
25	402-45-9
25	402-46-0
25	402-46-0
25	402-49-3
25	402-49-3
25	402-50-6
25	402-50-6
25	402-51-7
25	402-51-7
25	402-54-0
25	402-54-0
25	402-55-1
25	402-55-1
25	402-63-1
25	402-63-1
25	402-64-2
25	402-64-2
25	402-65-3
25	402-65-3
25	402-66-4
25	402-66-4
25	402-67-5
25	402-67-5
25	402-69-7
25	402-69-7
25	4021-47-0
25	4021-47-0
25	40218-96-0
25	40218-96-0
25	40242-27-1
25	40242-27-1
25	40256-87-9
25	40256-87-9
25	403-13-4
25	403-13-4
25	403-15-6
25	403-15-6
25	403-16-7
25	403-16-7
25	403-17-8
25	403-17-8
25	403-19-0
25	403-19-0
25	403-20-3
25	403-20-3
25	403-21-4
25	403-21-4
25	403-24-7
25	403-24-7
25	403-29-2
25	403-29-2
25	403-33-8
25	403-33-8
25	403-39-4
25	403-39-4
25	403-40-7
25	403-40-7
25	403-41-8
25	403-41-8
25	403-42-9
25	403-42-9
25	403-43-0
25	403-43-0
25	403-45-2
25	403-45-2
25	403-46-3
25	403-46-3
25	403-54-3
25	403-54-3
25	403-90-7
25	403-90-7
25	403-97-4
25	403-97-4
25	404-15-9
25	404-15-9
25	404-24-0
25	404-24-0
25	404-27-3
25	404-27-3
25	404-51-3
25	404-51-3
25	404-70-6
25	404-70-6
25	404-71-7
25	404-71-7
25	404-72-8
25	404-72-8
25	404-82-0
25	404-82-0
25	40464-54-8
25	40464-54-8
25	405-04-9
25	405-04-9
25	405-05-0
25	405-05-0
25	405-09-4
25	405-09-4
25	405-30-1
25	405-30-1
25	405-31-2
25	405-31-2
25	405-43-6
25	405-43-6
25	405-44-7
25	405-44-7
25	405-50-5
25	405-50-5
25	405-51-6
25	405-51-6
25	405-66-3
25	405-66-3
25	405-79-8
25	405-79-8
25	405-85-6
25	405-85-6
25	405-99-2
25	405-99-2
25	405267-45-0
25	405267-45-0
25	40573-09-9
25	40573-09-9
25	40594-35-2
25	40594-35-2
25	406-06-4
25	406-06-4
25	406-10-0
25	406-10-0
25	406-15-5
25	406-15-5
25	406-20-2
25	406-20-2
25	406-23-5
25	406-23-5
25	406-27-9
25	406-27-9
25	406-58-6
25	406-58-6
25	406-74-6
25	406-74-6
25	406-78-0
25	406-78-0
25	406-87-1
25	406-87-1
25	406-90-6
25	406-90-6
25	406-93-9
25	406-93-9
25	406207-51-0
25	406207-51-0
25	40630-61-3
25	40630-61-3
25	40630-63-5
25	40630-63-5
25	40630-65-7
25	40630-65-7
25	40666-16-8
25	40666-16-8
25	40696-41-1
25	40696-41-1
25	407-01-2
25	407-01-2
25	407-12-5
25	407-12-5
25	407-14-7
25	407-14-7
25	407-16-9
25	407-16-9
25	407-20-5
25	407-20-5
25	407-22-7
25	407-22-7
25	407-24-9
25	407-24-9
25	407-25-0
25	407-25-0
25	407-33-0
25	407-33-0
25	407-38-5
25	407-38-5
25	407-47-6
25	407-47-6
25	407-59-0
25	407-59-0
25	407-66-9
25	407-66-9
25	407-74-9
25	407-74-9
25	407-75-0
25	407-75-0
25	4071-01-6
25	4071-01-6
25	40718-46-5
25	40718-46-5
25	40723-80-6
25	40723-80-6
25	40762-15-0
25	40762-15-0
25	40796-29-0
25	40796-29-0
25	408-07-1
25	408-07-1
25	408-38-8
25	408-38-8
25	4084-38-2
25	4084-38-2
25	40856-07-3
25	40856-07-3
25	40862-32-6
25	40862-32-6
25	4089-57-0
25	4089-57-0
25	4089-58-1
25	4089-58-1
25	4089-61-6
25	4089-61-6
25	40894-88-0
25	40894-88-0
25	40906-82-9
25	40906-82-9
25	410090-11-8
25	410090-11-8
25	410094-25-6
25	410094-25-6
25	41029-46-3
25	41029-46-3
25	41058-99-5
25	41058-99-5
25	41107-56-6
25	41107-56-6
25	41113-59-1
25	41113-59-1
25	41123-44-8
25	41123-44-8
25	41201-58-5
25	41201-58-5
25	41205-21-4
25	41205-21-4
25	41213-04-1
25	41213-04-1
25	412928-75-7
25	412928-75-7
25	41322-34-3
25	41322-34-3
25	41333-49-7
25	41333-49-7
25	41333-51-1
25	41333-51-1
25	41358-63-8
25	41358-63-8
25	41360-55-8
25	41360-55-8
25	413615-35-7
25	413615-35-7
25	41428-55-1
25	41428-55-1
25	41430-70-0
25	41430-70-0
25	4149-60-4
25	4149-60-4
25	41494-34-2
25	41494-34-2
25	41494-35-3
25	41494-35-3
25	4151-50-2
25	4151-50-2
25	415682-68-7
25	415682-68-7
25	41593-56-0
25	41593-56-0
25	41604-19-7
25	41604-19-7
25	41627-26-3
25	41627-26-3
25	41674-07-1
25	41674-07-1
25	41766-73-8
25	41766-73-8
25	41767-29-7
25	41767-29-7
25	4180-26-1
25	4180-26-1
25	41804-89-1
25	41804-89-1
25	41925-33-1
25	41925-33-1
25	41934-47-8
25	41934-47-8
25	4196-18-3
25	4196-18-3
25	420-03-1
25	420-03-1
25	420-24-6
25	420-24-6
25	420-26-8
25	420-26-8
25	420-37-1
25	420-37-1
25	420-43-9
25	420-43-9
25	420-44-0
25	420-44-0
25	420-45-1
25	420-45-1
25	420-46-2
25	420-46-2
25	420-47-3
25	420-47-3
25	420-49-5
25	420-49-5
25	420-56-4
25	420-56-4
25	420-87-1
25	420-87-1
25	420-88-2
25	420-88-2
25	420-89-3
25	420-89-3
25	420-97-3
25	420-97-3
25	420-98-4
25	420-98-4
25	420-99-5
25	420-99-5
25	42021-34-1
25	42021-34-1
25	42021-35-2
25	42021-35-2
25	42060-64-0
25	42060-64-0
25	42096-74-2
25	42096-74-2
25	421-01-2
25	421-01-2
25	421-02-3
25	421-02-3
25	421-03-4
25	421-03-4
25	421-04-5
25	421-04-5
25	421-05-6
25	421-05-6
25	421-06-7
25	421-06-7
25	421-07-8
25	421-07-8
25	421-14-7
25	421-14-7
25	421-17-0
25	421-17-0
25	421-20-5
25	421-20-5
25	421-41-0
25	421-41-0
25	421-41-0
25	421-41-0
25	421-46-5
25	421-46-5
25	421-47-6
25	421-47-6
25	421-50-1
25	421-50-1
25	421-52-3
25	421-52-3
25	421-53-4
25	421-53-4
25	421-70-5
25	421-70-5
25	421-73-8
25	421-73-8
25	421-75-0
25	421-75-0
25	421-75-0
25	421-75-0
25	421-78-3
25	421-78-3
25	421-83-0
25	421-83-0
25	421-85-2
25	421-85-2
25	421-90-9
25	421-90-9
25	421-92-1
25	421-92-1
25	421-92-1
25	421-92-1
25	421-94-3
25	421-94-3
25	421-99-8
25	421-99-8
25	42145-66-4
25	42145-66-4
25	42152-46-5
25	42152-46-5
25	42196-31-6
25	42196-31-6
25	422-00-4
25	422-00-4
25	422-01-5
25	422-01-5
25	422-02-6
25	422-02-6
25	422-03-7
25	422-03-7
25	422-04-8
25	422-04-8
25	422-05-9
25	422-05-9
25	422-06-0
25	422-06-0
25	422-22-0
25	422-22-0
25	422-26-4
25	422-26-4
25	422-26-4
25	422-26-4
25	422-29-7
25	422-29-7
25	422-39-9
25	422-39-9
25	422-40-2
25	422-40-2
25	422-41-3
25	422-41-3
25	422-44-6
25	422-44-6
25	422-44-6
25	422-44-6
25	422-48-0
25	422-48-0
25	422-48-0
25	422-48-0
25	422-49-1
25	422-49-1
25	422-50-4
25	422-50-4
25	422-51-5
25	422-51-5
25	422-52-6
25	422-52-6
25	422-52-6
25	422-52-6
25	422-52-6
25	422-52-6
25	422-54-8
25	422-54-8
25	422-55-9
25	422-55-9
25	422-56-0
25	422-56-0
25	422-57-1
25	422-57-1
25	422-59-3
25	422-59-3
25	422-61-7
25	422-61-7
25	422-63-9
25	422-63-9
25	422-64-0
25	422-64-0
25	422-69-5
25	422-69-5
25	422-77-5
25	422-77-5
25	422-78-6
25	422-78-6
25	422-79-7
25	422-79-7
25	422-81-1
25	422-81-1
25	422-85-5
25	422-85-5
25	422-86-6
25	422-86-6
25	422-91-3
25	422-91-3
25	42251-41-2
25	42251-41-2
25	422556-08-9
25	422556-08-9
25	42267-27-6
25	42267-27-6
25	423-31-4
25	423-31-4
25	423-38-1
25	423-38-1
25	423-39-2
25	423-39-2
25	423-46-1
25	423-46-1
25	423-50-7
25	423-50-7
25	423-54-1
25	423-54-1
25	423-55-2
25	423-55-2
25	423-56-3
25	423-56-3
25	423-60-9
25	423-60-9
25	423-62-1
25	423-62-1
25	423-65-4
25	423-65-4
25	423-82-5
25	423-82-5
25	423-86-9
25	423-86-9
25	423-95-0
25	423-95-0
25	42310-84-9
25	42310-84-9
25	4234-23-5
25	4234-23-5
25	4236-15-1
25	4236-15-1
25	424-18-0
25	424-18-0
25	424-20-4
25	424-20-4
25	424-36-2
25	424-36-2
25	424-37-3
25	424-37-3
25	424-40-8
25	424-40-8
25	424-64-6
25	424-64-6
25	4242-31-3
25	4242-31-3
25	4242-38-0
25	4242-38-0
25	42427-72-5
25	42427-72-5
25	42452-55-1
25	42452-55-1
25	42461-84-7
25	42461-84-7
25	425-38-7
25	425-38-7
25	425-61-6
25	425-61-6
25	425-75-2
25	425-75-2
25	425-82-1
25	425-82-1
25	425-87-6
25	425-87-6
25	425-88-7
25	425-88-7
25	425-94-5
25	425-94-5
25	4255-94-1
25	4255-94-1
25	42560-98-5
25	42560-98-5
25	4259-43-2
25	4259-43-2
25	42590-03-4
25	42590-03-4
25	426-13-1
25	426-13-1
25	426-50-6
25	426-50-6
25	426-65-3
25	426-65-3
25	426-75-5
25	426-75-5
25	426-76-6
25	426-76-6
25	426-79-9
25	426-79-9
25	427-24-7
25	427-24-7
25	427-36-1
25	427-36-1
25	427-45-2
25	427-45-2
25	427-53-2
25	427-53-2
25	4274-38-8
25	4274-38-8
25	42771-79-9
25	42771-79-9
25	428-59-1
25	428-59-1
25	428-75-1
25	428-75-1
25	428-76-2
25	428-76-2
25	428-92-2
25	428-92-2
25	428-96-6
25	428-96-6
25	42801-85-4
25	42801-85-4
25	42835-25-6
25	42835-25-6
25	42835-89-2
25	42835-89-2
25	42874-01-1
25	42874-01-1
25	42874-03-3
25	42874-03-3
25	42874-63-5
25	42874-63-5
25	42874-96-4
25	42874-96-4
25	429-06-1
25	429-06-1
25	429-07-2
25	429-07-2
25	429-30-1
25	429-30-1
25	429-41-4
25	429-41-4
25	429-42-5
25	429-42-5
25	429-60-7
25	429-60-7
25	429-67-4
25	429-67-4
25	429-72-1
25	429-72-1
25	429-77-6
25	429-77-6
25	42942-19-8
25	42942-19-8
25	42977-21-9
25	42977-21-9
25	430-40-0
25	430-40-0
25	430-45-5
25	430-45-5
25	430-46-6
25	430-46-6
25	430-50-2
25	430-50-2
25	430-51-3
25	430-51-3
25	430-53-5
25	430-53-5
25	430-55-7
25	430-55-7
25	430-57-9
25	430-57-9
25	430-58-0
25	430-58-0
25	430-66-0
25	430-66-0
25	430-71-7
25	430-71-7
25	430-78-4
25	430-78-4
25	430-85-3
25	430-85-3
25	430-87-5
25	430-87-5
25	430-93-3
25	430-93-3
25	430-96-6
25	430-96-6
25	430-99-9
25	430-99-9
25	4301-50-2
25	4301-50-2
25	431-05-0
25	431-05-0
25	431-06-1
25	431-06-1
25	431-07-2
25	431-07-2
25	431-21-0
25	431-21-0
25	431-23-2
25	431-23-2
25	431-24-3
25	431-24-3
25	431-31-2
25	431-31-2
25	431-32-3
25	431-32-3
25	431-34-5
25	431-34-5
25	431-35-6
25	431-35-6
25	431-36-7
25	431-36-7
25	431-39-0
25	431-39-0
25	431-46-9
25	431-46-9
25	431-47-0
25	431-47-0
25	431-48-1
25	431-48-1
25	431-48-1
25	431-48-1
25	431-51-6
25	431-51-6
25	431-52-7
25	431-52-7
25	431-63-0
25	431-63-0
25	431-65-2
25	431-65-2
25	431-67-4
25	431-67-4
25	431-71-0
25	431-71-0
25	431-78-7
25	431-78-7
25	431-79-8
25	431-79-8
25	431-81-2
25	431-81-2
25	431-82-3
25	431-82-3
25	431-83-4
25	431-83-4
25	431-83-4
25	431-83-4
25	431-86-7
25	431-86-7
25	431-87-8
25	431-87-8
25	431-87-8
25	431-87-8
25	431-88-9
25	431-88-9
25	431-89-0
25	431-89-0
25	43141-66-8
25	43141-66-8
25	432-08-6
25	432-08-6
25	433-06-7
25	433-06-7
25	433-19-2
25	433-19-2
25	433-27-2
25	433-27-2
25	433-28-3
25	433-28-3
25	433-43-2
25	433-43-2
25	433-44-3
25	433-44-3
25	433-52-3
25	433-52-3
25	433-53-4
25	433-53-4
25	433-68-1
25	433-68-1
25	433-94-3
25	433-94-3
25	433-95-4
25	433-95-4
25	433-97-6
25	433-97-6
25	433-98-7
25	433-98-7
25	433939-27-6
25	433939-27-6
25	434-42-4
25	434-42-4
25	434-45-7
25	434-45-7
25	434-64-0
25	434-64-0
25	434-75-3
25	434-75-3
25	434-76-4
25	434-76-4
25	434-90-2
25	434-90-2
25	4351-48-8
25	4351-48-8
25	436-59-9
25	436-59-9
25	437-13-8
25	437-13-8
25	437-15-0
25	437-15-0
25	437-17-2
25	437-17-2
25	437-81-0
25	437-81-0
25	437-82-1
25	437-82-1
25	437-83-2
25	437-83-2
25	437-86-5
25	437-86-5
25	4379-85-5
25	4379-85-5
25	439-12-3
25	439-12-3
25	4394-00-7
25	4394-00-7
25	440-17-5
25	440-17-5
25	440-28-8
25	440-28-8
25	440-29-9
25	440-29-9
25	440-60-8
25	440-60-8
25	441-30-5
25	441-30-5
25	441718-25-8
25	441718-25-8
25	442-09-1
25	442-09-1
25	44236-30-8
25	44236-30-8
25	443-09-4
25	443-09-4
25	443-26-5
25	443-26-5
25	443-33-4
25	443-33-4
25	443-41-4
25	443-41-4
25	443-69-6
25	443-69-6
25	443-73-2
25	443-73-2
25	443-82-3
25	443-82-3
25	443-83-4
25	443-83-4
25	443-84-5
25	443-84-5
25	443-85-6
25	443-85-6
25	443-86-7
25	443-86-7
25	443-88-9
25	443-88-9
25	443-89-0
25	443-89-0
25	443-90-3
25	443-90-3
25	443095-54-3
25	443095-54-3
25	444-14-4
25	444-14-4
25	444-29-1
25	444-29-1
25	444-30-4
25	444-30-4
25	445-01-2
25	445-01-2
25	445-02-3
25	445-02-3
25	445-03-4
25	445-03-4
25	445-05-6
25	445-05-6
25	445-13-6
25	445-13-6
25	445-14-7
25	445-14-7
25	445-26-1
25	445-26-1
25	445-27-2
25	445-27-2
25	445-28-3
25	445-28-3
25	445-29-4
25	445-29-4
25	445-66-9
25	445-66-9
25	445-82-9
25	445-82-9
25	445-83-0
25	445-83-0
25	4459-18-1
25	4459-18-1
25	446-08-2
25	446-08-2
25	446-09-3
25	446-09-3
25	446-10-6
25	446-10-6
25	446-11-7
25	446-11-7
25	446-17-3
25	446-17-3
25	446-24-2
25	446-24-2
25	446-26-4
25	446-26-4
25	446-30-0
25	446-30-0
25	446-31-1
25	446-31-1
25	446-32-2
25	446-32-2
25	446-33-3
25	446-33-3
25	446-34-4
25	446-34-4
25	446-35-5
25	446-35-5
25	446-36-6
25	446-36-6
25	446-48-0
25	446-48-0
25	446-51-5
25	446-51-5
25	446-52-6
25	446-52-6
25	447-03-0
25	447-03-0
25	447-14-3
25	447-14-3
25	447-40-5
25	447-40-5
25	447-43-8
25	447-43-8
25	447-60-9
25	447-60-9
25	447-61-0
25	447-61-0
25	447399-55-5
25	447399-55-5
25	448-19-1
25	448-19-1
25	448-39-5
25	448-39-5
25	448-61-3
25	448-61-3
25	449-81-0
25	449-81-0
25	449177-94-0
25	449177-94-0
25	450-55-5
25	450-55-5
25	450-83-9
25	450-83-9
25	450-88-4
25	450-88-4
25	450-89-5
25	450-89-5
25	450-93-1
25	450-93-1
25	450-95-3
25	450-95-3
25	450-96-4
25	450-96-4
25	451-02-5
25	451-02-5
25	451-46-7
25	451-46-7
25	451-69-4
25	451-69-4
25	451-79-6
25	451-79-6
25	451-80-9
25	451-80-9
25	451-82-1
25	451-82-1
25	45102-52-1
25	45102-52-1
25	45115-53-5
25	45115-53-5
25	4519-39-5
25	4519-39-5
25	4519-40-8
25	4519-40-8
25	452-07-3
25	452-07-3
25	452-08-4
25	452-08-4
25	452-09-5
25	452-09-5
25	452-10-8
25	452-10-8
25	452-14-2
25	452-14-2
25	452-53-9
25	452-53-9
25	452-62-0
25	452-62-0
25	452-63-1
25	452-63-1
25	452-64-2
25	452-64-2
25	452-66-4
25	452-66-4
25	452-67-5
25	452-67-5
25	452-68-6
25	452-68-6
25	452-69-7
25	452-69-7
25	452-70-0
25	452-70-0
25	452-71-1
25	452-71-1
25	452-72-2
25	452-72-2
25	452-73-3
25	452-73-3
25	452-74-4
25	452-74-4
25	452-75-5
25	452-75-5
25	452-76-6
25	452-76-6
25	452-77-7
25	452-77-7
25	452-78-8
25	452-78-8
25	452-79-9
25	452-79-9
25	452-80-2
25	452-80-2
25	452-82-4
25	452-82-4
25	452-83-5
25	452-83-5
25	452-84-6
25	452-84-6
25	452-85-7
25	452-85-7
25	452-92-6
25	452-92-6
25	4522-93-4
25	4522-93-4
25	453-00-9
25	453-00-9
25	453-01-0
25	453-01-0
25	453-13-4
25	453-13-4
25	453-14-5
25	453-14-5
25	453-16-7
25	453-16-7
25	453-18-9
25	453-18-9
25	453-19-0
25	453-19-0
25	453-43-0
25	453-43-0
25	453-71-4
25	453-71-4
25	453-72-5
25	453-72-5
25	4533-89-5
25	4533-89-5
25	454-16-0
25	454-16-0
25	454-31-9
25	454-31-9
25	454-67-1
25	454-67-1
25	454-78-4
25	454-78-4
25	454-79-5
25	454-79-5
25	454-89-7
25	454-89-7
25	454-90-0
25	454-90-0
25	454-92-2
25	454-92-2
25	454-93-3
25	454-93-3
25	454-95-5
25	454-95-5
25	455-00-5
25	455-00-5
25	455-01-6
25	455-01-6
25	455-13-0
25	455-13-0
25	455-14-1
25	455-14-1
25	455-15-2
25	455-15-2
25	455-16-3
25	455-16-3
25	455-18-5
25	455-18-5
25	455-19-6
25	455-19-6
25	455-20-9
25	455-20-9
25	455-21-0
25	455-21-0
25	455-24-3
25	455-24-3
25	455-26-5
25	455-26-5
25	455-32-3
25	455-32-3
25	455-34-5
25	455-34-5
25	455-36-7
25	455-36-7
25	455-37-8
25	455-37-8
25	455-38-9
25	455-38-9
25	455-40-3
25	455-40-3
25	455-68-5
25	455-68-5
25	455-69-6
25	455-69-6
25	455-70-9
25	455-70-9
25	455-71-0
25	455-71-0
25	455-84-5
25	455-84-5
25	455-86-7
25	455-86-7
25	455-87-8
25	455-87-8
25	455-88-9
25	455-88-9
25	455-91-4
25	455-91-4
25	455-93-6
25	455-93-6
25	456-03-1
25	456-03-1
25	456-04-2
25	456-04-2
25	456-06-4
25	456-06-4
25	456-19-9
25	456-19-9
25	456-22-4
25	456-22-4
25	456-24-6
25	456-24-6
25	456-27-9
25	456-27-9
25	456-39-3
25	456-39-3
25	456-41-7
25	456-41-7
25	456-42-8
25	456-42-8
25	456-47-3
25	456-47-3
25	456-48-4
25	456-48-4
25	456-49-5
25	456-49-5
25	456-55-3
25	456-55-3
25	456-56-4
25	456-56-4
25	456-66-6
25	456-66-6
25	456-71-3
25	456-71-3
25	456-88-2
25	456-88-2
25	457-68-1
25	457-68-1
25	457-74-9
25	457-74-9
25	457-79-4
25	457-79-4
25	4571-51-1
25	4571-51-1
25	458-02-6
25	458-02-6
25	458-05-9
25	458-05-9
25	458-09-3
25	458-09-3
25	458-11-7
25	458-11-7
25	458-24-2
25	458-24-2
25	458-45-7
25	458-45-7
25	458-46-8
25	458-46-8
25	458-50-4
25	458-50-4
25	458-71-9
25	458-71-9
25	458-92-4
25	458-92-4
25	459-02-9
25	459-02-9
25	459-03-0
25	459-03-0
25	459-04-1
25	459-04-1
25	459-05-2
25	459-05-2
25	459-19-8
25	459-19-8
25	459-22-3
25	459-22-3
25	459-23-4
25	459-23-4
25	459-25-6
25	459-25-6
25	459-26-7
25	459-26-7
25	459-31-4
25	459-31-4
25	459-32-5
25	459-32-5
25	459-46-1
25	459-46-1
25	459-47-2
25	459-47-2
25	459-56-3
25	459-56-3
25	459-57-4
25	459-57-4
25	459-59-6
25	459-59-6
25	459-60-9
25	459-60-9
25	459-72-3
25	459-72-3
25	459-74-5
25	459-74-5
25	459-98-3
25	459-98-3
25	459-99-4
25	459-99-4
25	4590-57-2
25	4590-57-2
25	460-00-4
25	460-00-4
25	460-08-2
25	460-08-2
25	460-13-9
25	460-13-9
25	460-16-2
25	460-16-2
25	460-25-3
25	460-25-3
25	460-32-2
25	460-32-2
25	460-35-5
25	460-35-5
25	460-37-7
25	460-37-7
25	460-39-9
25	460-39-9
25	460-40-2
25	460-40-2
25	460-43-5
25	460-43-5
25	460-58-2
25	460-58-2
25	460-60-6
25	460-60-6
25	460-61-7
25	460-61-7
25	460-63-9
25	460-63-9
25	460-63-9
25	460-63-9
25	460-67-3
25	460-67-3
25	460-69-5
25	460-69-5
25	460-70-8
25	460-70-8
25	460-71-9
25	460-71-9
25	460-73-1
25	460-73-1
25	460-86-6
25	460-86-6
25	460-88-8
25	460-88-8
25	460-89-9
25	460-89-9
25	460-92-4
25	460-92-4
25	460-99-1
25	460-99-1
25	460092-03-9
25	460092-03-9
25	461-17-6
25	461-17-6
25	461-18-7
25	461-18-7
25	461-31-4
25	461-31-4
25	461-34-7
25	461-34-7
25	461-44-9
25	461-44-9
25	461-49-4
25	461-49-4
25	461-53-0
25	461-53-0
25	461-56-3
25	461-56-3
25	461-64-3
25	461-64-3
25	461-81-4
25	461-81-4
25	461-82-5
25	461-82-5
25	461-84-7
25	461-84-7
25	461-87-0
25	461-87-0
25	461-92-7
25	461-92-7
25	461-96-1
25	461-96-1
25	4611-62-5
25	4611-62-5
25	4615-85-4
25	4615-85-4
25	462-06-6
25	462-06-6
25	462-19-1
25	462-19-1
25	462-23-7
25	462-23-7
25	462-26-0
25	462-26-0
25	462-27-1
25	462-27-1
25	462-31-7
25	462-31-7
25	462-33-9
25	462-33-9
25	462-34-0
25	462-34-0
25	462-38-4
25	462-38-4
25	462-39-5
25	462-39-5
25	462-44-2
25	462-44-2
25	462-68-0
25	462-68-0
25	462-72-6
25	462-72-6
25	463-11-6
25	463-11-6
25	463-16-1
25	463-16-1
25	463-18-3
25	463-18-3
25	463-29-6
25	463-29-6
25	463-39-8
25	463-39-8
25	46383-55-5
25	46383-55-5
25	46383-56-6
25	46383-56-6
25	464-05-1
25	464-05-1
25	464-14-2
25	464-14-2
25	464-36-8
25	464-36-8
25	46495-66-3
25	46495-66-3
25	466-11-5
25	466-11-5
25	47000-42-0
25	47000-42-0
25	47000-92-0
25	47000-92-0
25	471-43-2
25	471-43-2
25	471-44-3
25	471-44-3
25	472969-22-5
25	472969-22-5
25	473-27-8
25	473-27-8
25	47346-96-3
25	47346-96-3
25	47346-97-4
25	47346-97-4
25	475-26-3
25	475-26-3
25	476484-00-1
25	476484-00-1
25	477332-88-0
25	477332-88-0
25	4776-06-1
25	4776-06-1
25	47795-34-6
25	47795-34-6
25	4798-39-4
25	4798-39-4
25	48076-44-4
25	48076-44-4
25	48077-33-4
25	48077-33-4
25	48077-86-7
25	48077-86-7
25	48077-95-8
25	48077-95-8
25	4828-27-7
25	4828-27-7
25	488-98-2
25	488-98-2
25	489-17-8
25	489-17-8
25	4891-71-8
25	4891-71-8
25	490-66-4
25	490-66-4
25	490-97-1
25	490-97-1
25	494793-67-8
25	494793-67-8
25	496-69-5
25	496-69-5
25	49606-44-2
25	49606-44-2
25	49627-22-7
25	49627-22-7
25	49627-27-2
25	49627-27-2
25	496805-64-2
25	496805-64-2
25	496925-14-5
25	496925-14-5
25	49752-90-1
25	49752-90-1
25	498-67-9
25	498-67-9
25	498-74-8
25	498-74-8
25	4980-53-4
25	4980-53-4
25	49859-70-3
25	49859-70-3
25	4989-94-0
25	4989-94-0
25	499-55-8
25	499-55-8
25	499-57-0
25	499-57-0
25	499-90-1
25	499-90-1
25	4998-38-3
25	4998-38-3
25	499988-42-0
25	499988-42-0
25	50-02-2
25	50-02-2
25	50-91-9
25	50-91-9
25	500-73-2
25	500-73-2
25	5002-47-1
25	5002-47-1
25	501-00-8
25	501-00-8
25	501-29-1
25	501-29-1
25	501435-65-0
25	501435-65-0
25	501435-65-0
25	501435-65-0
25	502-36-3
25	502-36-3
25	502760-32-9
25	502760-32-9
25	50285-18-2
25	50285-18-2
25	50285-19-3
25	50285-19-3
25	503-09-3
25	503-09-3
25	503-20-8
25	503-20-8
25	50318-32-6
25	50318-32-6
25	50337-85-4
25	50337-85-4
25	5042-30-8
25	5042-30-8
25	5043-01-6
25	5043-01-6
25	505-07-7
25	505-07-7
25	505-74-8
25	505-74-8
25	50543-78-7
25	50543-78-7
25	50594-44-0
25	50594-44-0
25	50594-66-6
25	50594-66-6
25	50594-77-9
25	50594-77-9
25	50594-82-6
25	50594-82-6
25	50598-28-2
25	50598-28-2
25	50598-29-3
25	50598-29-3
25	5061-70-1
25	5061-70-1
25	50618-92-3
25	50618-92-3
25	50622-51-0
25	50622-51-0
25	50629-82-8
25	50629-82-8
25	50642-23-4
25	50642-23-4
25	50667-69-1
25	50667-69-1
25	507-52-8
25	507-52-8
25	507-55-1
25	507-55-1
25	507-63-1
25	507-63-1
25	50702-51-7
25	50702-51-7
25	5074-71-5
25	5074-71-5
25	50786-80-6
25	50786-80-6
25	50786-82-8
25	50786-82-8
25	508-46-3
25	508-46-3
25	508-46-3
25	508-46-3
25	5081-02-7
25	5081-02-7
25	508210-28-4
25	508210-28-4
25	50824-05-0
25	50824-05-0
25	50830-59-6
25	50830-59-6
25	50844-57-0
25	50844-57-0
25	509-09-1
25	509-09-1
25	50915-05-4
25	50915-05-4
25	50937-96-7
25	50937-96-7
25	50939-39-4
25	50939-39-4
25	51-21-8
25	51-21-8
25	51-65-0
25	51-65-0
25	51022-69-6
25	51022-69-6
25	51023-51-9
25	51023-51-9
25	51032-47-4
25	51032-47-4
25	51037-47-9
25	51037-47-9
25	51037-74-2
25	51037-74-2
25	5104-49-4
25	5104-49-4
25	510757-92-3
25	510757-92-3
25	510759-57-6
25	510759-57-6
25	51112-52-8
25	51112-52-8
25	51142-88-2
25	51142-88-2
25	512-51-6
25	512-51-6
25	51230-18-3
25	51230-18-3
25	51294-16-7
25	51294-16-7
25	51346-64-6
25	51346-64-6
25	51350-73-3
25	51350-73-3
25	514-36-3
25	514-36-3
25	51436-99-8
25	51436-99-8
25	51437-00-4
25	51437-00-4
25	51446-31-2
25	51446-31-2
25	51502-45-5
25	51502-45-5
25	51543-38-5
25	51543-38-5
25	51543-39-6
25	51543-39-6
25	51543-40-9
25	51543-40-9
25	5158-52-1
25	5158-52-1
25	51584-25-9
25	51584-25-9
25	51584-26-0
25	51584-26-0
25	51586-24-4
25	51586-24-4
25	51588-53-5
25	51588-53-5
25	51773-92-3
25	51773-92-3
25	51776-97-7
25	51776-97-7
25	51787-79-2
25	51787-79-2
25	51787-87-2
25	51787-87-2
25	51787-96-3
25	51787-96-3
25	51791-80-1
25	51791-80-1
25	51791-81-2
25	51791-81-2
25	51798-33-5
25	51798-33-5
25	51800-98-7
25	51800-98-7
25	51800-99-8
25	51800-99-8
25	51851-37-7
25	51851-37-7
25	519057-99-9
25	519057-99-9
25	51941-08-3
25	51941-08-3
25	51947-19-4
25	51947-19-4
25	51965-61-8
25	51965-61-8
25	52-70-0
25	52-70-0
25	52-86-8
25	52-86-8
25	52026-59-2
25	52026-59-2
25	52032-20-9
25	52032-20-9
25	521065-36-1
25	521065-36-1
25	5211-44-9
25	5211-44-9
25	52130-86-6
25	52130-86-6
25	52166-82-2
25	52166-82-2
25	52181-51-8
25	52181-51-8
25	52238-92-3
25	52238-92-3
25	52238-94-5
25	52238-94-5
25	52262-58-5
25	52262-58-5
25	5230-78-4
25	5230-78-4
25	52334-81-3
25	52334-81-3
25	52391-89-6
25	52391-89-6
25	52468-60-7
25	52468-60-7
25	5250-39-5
25	5250-39-5
25	52516-30-0
25	52516-30-0
25	52519-51-4
25	52519-51-4
25	52525-43-6
25	52525-43-6
25	52548-96-6
25	52548-96-6
25	52550-45-5
25	52550-45-5
25	52584-45-9
25	52584-45-9
25	52591-27-2
25	52591-27-2
25	52619-02-0
25	52619-02-0
25	52627-52-8
25	52627-52-8
25	52638-78-5
25	52638-78-5
25	52668-06-1
25	52668-06-1
25	52697-21-9
25	52697-21-9
25	527-21-9
25	527-21-9
25	52721-69-4
25	52721-69-4
25	52756-22-6
25	52756-22-6
25	52756-25-9
25	52756-25-9
25	52771-02-5
25	52771-02-5
25	52771-22-9
25	52771-22-9
25	52806-53-8
25	52806-53-8
25	52840-38-7
25	52840-38-7
25	52870-69-6
25	52870-69-6
25	5292-47-7
25	5292-47-7
25	5292-51-3
25	5292-51-3
25	52956-81-7
25	52956-81-7
25	52956-82-8
25	52956-82-8
25	53-33-8
25	53-33-8
25	53-34-9
25	53-34-9
25	530-78-9
25	530-78-9
25	53001-73-3
25	53001-73-3
25	53074-30-9
25	53074-30-9
25	53074-31-0
25	53074-31-0
25	5311-05-7
25	5311-05-7
25	53114-47-9
25	53114-47-9
25	5312-75-4
25	5312-75-4
25	53122-42-2
25	53122-42-2
25	53156-93-7
25	53156-93-7
25	53238-22-5
25	53238-22-5
25	53281-25-7
25	53281-25-7
25	53281-37-1
25	53281-37-1
25	53446-90-5
25	53446-90-5
25	53458-16-5
25	53458-16-5
25	535-52-4
25	535-52-4
25	53514-39-9
25	53514-39-9
25	53515-73-4
25	53515-73-4
25	53518-00-6
25	53518-00-6
25	53518-14-2
25	53518-14-2
25	53518-15-3
25	53518-15-3
25	53518-16-4
25	53518-16-4
25	53518-18-6
25	53518-18-6
25	53518-19-7
25	53518-19-7
25	53531-31-0
25	53531-31-0
25	53531-34-3
25	53531-34-3
25	53542-36-2
25	53542-36-2
25	53542-37-3
25	53542-37-3
25	53542-42-0
25	53542-42-0
25	53542-48-6
25	53542-48-6
25	53591-79-0
25	53591-79-0
25	53591-98-3
25	53591-98-3
25	53663-13-1
25	53663-13-1
25	53692-41-4
25	53692-41-4
25	53692-42-5
25	53692-42-5
25	53692-43-6
25	53692-43-6
25	53692-44-7
25	53692-44-7
25	53692-47-0
25	53692-47-0
25	5374-32-3
25	5374-32-3
25	53772-82-0
25	53772-82-0
25	53772-85-3
25	53772-85-3
25	53780-34-0
25	53780-34-0
25	53780-44-2
25	53780-44-2
25	53933-60-1
25	53933-60-1
25	54-20-6
25	54-20-6
25	54-60-4
25	54-60-4
25	540-36-3
25	540-36-3
25	540-87-4
25	540-87-4
25	54002-59-4
25	54002-59-4
25	54009-73-3
25	54009-73-3
25	54009-77-7
25	54009-77-7
25	54009-78-8
25	54009-78-8
25	54009-79-9
25	54009-79-9
25	54010-75-2
25	54010-75-2
25	54041-17-7
25	54041-17-7
25	54063-32-0
25	54063-32-0
25	54143-56-5
25	54143-56-5
25	54180-05-1
25	54180-05-1
25	54300-32-2
25	54300-32-2
25	54302-04-4
25	54302-04-4
25	54396-44-0
25	54396-44-0
25	54412-40-7
25	54412-40-7
25	54494-56-3
25	54494-56-3
25	54540-58-8
25	54540-58-8
25	54764-32-8
25	54764-32-8
25	54764-32-8
25	54764-32-8
25	54773-19-2
25	54773-19-2
25	54773-20-5
25	54773-20-5
25	547767-06-6
25	547767-06-6
25	548-73-2
25	548-73-2
25	54802-79-8
25	54802-79-8
25	54910-89-3
25	54910-89-3
25	54912-87-7
25	54912-87-7
25	54949-74-5
25	54949-74-5
25	54950-04-8
25	54950-04-8
25	54950-05-9
25	54950-05-9
25	5496-71-9
25	5496-71-9
25	54962-75-3
25	54962-75-3
25	55-91-4
25	55-91-4
25	55028-71-2
25	55028-71-2
25	5509-65-9
25	5509-65-9
25	551-62-2
25	551-62-2
25	55117-15-2
25	55117-15-2
25	55120-75-7
25	55120-75-7
25	55120-77-9
25	55120-77-9
25	55128-73-9
25	55128-73-9
25	55154-18-2
25	55154-18-2
25	55157-25-0
25	55157-25-0
25	55206-24-1
25	55206-24-1
25	55225-96-2
25	55225-96-2
25	5527-94-6
25	5527-94-6
25	5528-43-8
25	5528-43-8
25	55283-68-6
25	55283-68-6
25	55304-75-1
25	55304-75-1
25	5534-05-4
25	5534-05-4
25	5534-13-4
25	5534-13-4
25	55461-42-2
25	55461-42-2
25	55485-74-0
25	55485-74-0
25	55502-53-9
25	55502-53-9
25	55541-30-5
25	55541-30-5
25	55591-23-6
25	55591-23-6
25	557-99-3
25	557-99-3
25	55716-11-5
25	55716-11-5
25	55779-18-5
25	55779-18-5
25	558-21-4
25	558-21-4
25	558-25-8
25	558-25-8
25	558-32-7
25	558-32-7
25	558-69-0
25	558-69-0
25	558-96-3
25	558-96-3
25	558-97-4
25	558-97-4
25	5580-79-0
25	5580-79-0
25	55804-70-1
25	55804-70-1
25	55804-98-3
25	55804-98-3
25	55805-58-8
25	55805-58-8
25	55811-27-3
25	55811-27-3
25	55837-23-5
25	55837-23-5
25	559-11-5
25	559-11-5
25	559-14-8
25	559-14-8
25	559-40-0
25	559-40-0
25	559-94-4
25	559-94-4
25	55910-10-6
25	55910-10-6
25	5593-20-4
25	5593-20-4
25	55949-44-5
25	55949-44-5
25	55949-54-7
25	55949-54-7
25	560-02-1
25	560-02-1
25	56076-21-2
25	56076-21-2
25	5609-80-3
25	5609-80-3
25	5611-51-8
25	5611-51-8
25	56177-80-1
25	56177-80-1
25	56211-60-0
25	56211-60-0
25	56275-41-3
25	56275-41-3
25	56287-74-2
25	56287-74-2
25	56296-78-7
25	56296-78-7
25	563-25-7
25	563-25-7
25	5631-35-6
25	5631-35-6
25	56326-98-8
25	56326-98-8
25	56341-08-3
25	56341-08-3
25	56357-87-0
25	56357-87-0
25	56372-23-7
25	56372-23-7
25	564-10-3
25	564-10-3
25	564-11-4
25	564-11-4
25	56425-84-4
25	56425-84-4
25	56425-91-3
25	56425-91-3
25	56430-99-0
25	56430-99-0
25	56456-47-4
25	56456-47-4
25	56456-50-9
25	56456-50-9
25	56467-05-1
25	56467-05-1
25	56487-95-7
25	56487-95-7
25	565-23-1
25	565-23-1
25	565-42-4
25	565-42-4
25	565-53-7
25	565-53-7
25	565-65-1
25	565-65-1
25	56602-33-6
25	56602-33-6
25	56672-52-7
25	56672-52-7
25	5672-84-4
25	5672-84-4
25	56758-54-4
25	56758-54-4
25	56767-76-1
25	56767-76-1
25	56773-42-3
25	56773-42-3
25	569-06-2
25	569-06-2
25	56933-61-0
25	56933-61-0
25	56933-62-1
25	56933-62-1
25	56995-20-1
25	56995-20-1
25	56996-61-3
25	56996-61-3
25	570-36-5
25	570-36-5
25	57017-94-4
25	57017-94-4
25	57041-67-5
25	57041-67-5
25	571-55-1
25	571-55-1
25	57101-59-4
25	57101-59-4
25	5714-22-7
25	5714-22-7
25	573-03-5
25	573-03-5
25	573-55-7
25	573-55-7
25	5731-10-2
25	5731-10-2
25	57331-14-3
25	57331-14-3
25	5736-49-2
25	5736-49-2
25	57381-34-7
25	57381-34-7
25	57381-39-2
25	57381-39-2
25	57381-51-8
25	57381-51-8
25	57381-56-3
25	57381-56-3
25	574-92-5
25	574-92-5
25	57415-36-8
25	57415-36-8
25	575-03-1
25	575-03-1
25	575-04-2
25	575-04-2
25	575-67-7
25	575-67-7
25	575-85-9
25	575-85-9
25	57570-64-6
25	57570-64-6
25	57589-85-2
25	57589-85-2
25	576-82-9
25	576-82-9
25	576-86-3
25	576-86-3
25	57648-21-2
25	57648-21-2
25	57668-61-8
25	57668-61-8
25	57677-97-1
25	57677-97-1
25	57677-98-2
25	57677-98-2
25	57677-99-3
25	57677-99-3
25	57678-00-9
25	57678-00-9
25	57678-05-4
25	57678-05-4
25	57678-07-6
25	57678-07-6
25	57718-48-6
25	57718-48-6
25	57741-47-6
25	57741-47-6
25	57762-34-2
25	57762-34-2
25	57781-14-3
25	57781-14-3
25	57781-15-4
25	57781-15-4
25	57781-16-5
25	57781-16-5
25	57781-19-8
25	57781-19-8
25	57781-23-4
25	57781-23-4
25	57781-53-0
25	57781-53-0
25	57781-54-1
25	57781-54-1
25	57781-61-0
25	57781-61-0
25	57789-28-3
25	57789-28-3
25	57801-46-4
25	57801-46-4
25	57808-78-3
25	57808-78-3
25	57808-79-4
25	57808-79-4
25	57835-99-1
25	57835-99-1
25	57840-38-7
25	57840-38-7
25	57842-27-0
25	57842-27-0
25	578718-42-0
25	578718-42-0
25	579-39-5
25	579-39-5
25	579-49-7
25	579-49-7
25	57900-42-2
25	57900-42-2
25	57918-22-6
25	57918-22-6
25	57946-56-2
25	57946-56-2
25	57946-63-1
25	57946-63-1
25	57973-67-8
25	57973-67-8
25	57981-02-9
25	57981-02-9
25	5799-67-7
25	5799-67-7
25	580-34-7
25	580-34-7
25	58012-16-1
25	58012-16-1
25	58014-01-0
25	58014-01-0
25	58059-17-9
25	58059-17-9
25	58086-67-2
25	58086-67-2
25	58109-40-3
25	58109-40-3
25	58177-61-0
25	58177-61-0
25	58177-64-3
25	58177-64-3
25	58194-00-6
25	58194-00-6
25	582-73-0
25	582-73-0
25	582-83-2
25	582-83-2
25	582-92-3
25	582-92-3
25	583-16-4
25	583-16-4
25	58373-29-8
25	58373-29-8
25	584-20-3
25	584-20-3
25	584-74-7
25	584-74-7
25	58458-10-9
25	58458-10-9
25	58458-13-2
25	58458-13-2
25	58497-00-0
25	58497-00-0
25	585-36-4
25	585-36-4
25	585-50-2
25	585-50-2
25	58524-83-7
25	58524-83-7
25	585557-68-2
25	585557-68-2
25	58561-84-5
25	58561-84-5
25	58594-74-4
25	58594-74-4
25	58594-77-7
25	58594-77-7
25	586-16-3
25	586-16-3
25	586-20-9
25	586-20-9
25	586-22-1
25	586-22-1
25	58667-63-3
25	58667-63-3
25	58672-61-0
25	58672-61-0
25	587-49-5
25	587-49-5
25	58705-93-4
25	58705-93-4
25	58721-74-7
25	58721-74-7
25	58769-04-3
25	58769-04-3
25	588-25-0
25	588-25-0
25	588-95-4
25	588-95-4
25	58861-53-3
25	58861-53-3
25	58883-50-4
25	58883-50-4
25	589-06-0
25	589-06-0
25	589-79-7
25	589-79-7
25	58915-74-5
25	58915-74-5
25	58920-31-3
25	58920-31-3
25	58930-32-8
25	58930-32-8
25	58979-41-2
25	58979-41-2
25	59006-65-4
25	59006-65-4
25	59016-56-7
25	59016-56-7
25	5903-13-9
25	5903-13-9
25	59047-08-4
25	59047-08-4
25	59071-10-2
25	59071-10-2
25	59089-67-7
25	59089-67-7
25	59089-68-8
25	59089-68-8
25	591-00-4
25	591-00-4
25	591-69-5
25	591-69-5
25	591-74-2
25	591-74-2
25	591-92-4
25	591-92-4
25	59111-23-8
25	59111-23-8
25	59128-97-1
25	59128-97-1
25	59158-81-5
25	59158-81-5
25	59189-04-7
25	59189-04-7
25	59189-06-9
25	59189-06-9
25	59189-07-0
25	59189-07-0
25	59189-51-4
25	59189-51-4
25	5919-89-1
25	5919-89-1
25	59198-70-8
25	59198-70-8
25	592-09-6
25	592-09-6
25	592-39-2
25	592-39-2
25	592-50-7
25	592-50-7
25	592-61-0
25	592-61-0
25	592-92-7
25	592-92-7
25	592-94-9
25	592-94-9
25	59209-97-1
25	59209-97-1
25	59217-72-0
25	59217-72-0
25	59217-74-2
25	59217-74-2
25	59217-75-3
25	59217-75-3
25	59219-13-5
25	59219-13-5
25	593-02-2
25	593-02-2
25	593-04-4
25	593-04-4
25	593-33-9
25	593-33-9
25	593-53-3
25	593-53-3
25	593-70-4
25	593-70-4
25	593-98-6
25	593-98-6
25	59301-66-5
25	59301-66-5
25	59370-37-5
25	59370-37-5
25	59387-91-6
25	59387-91-6
25	59396-50-8
25	59396-50-8
25	59396-51-9
25	59396-51-9
25	594-91-2
25	594-91-2
25	59426-77-6
25	59426-77-6
25	59455-10-6
25	59455-10-6
25	59467-70-8
25	59467-70-8
25	59467-94-6
25	59467-94-6
25	59467-96-8
25	59467-96-8
25	59468-44-9
25	59468-44-9
25	594864-11-6
25	594864-11-6
25	59493-72-0
25	59493-72-0
25	59493-82-2
25	59493-82-2
25	595-88-0
25	595-88-0
25	59536-15-1
25	59536-15-1
25	59536-17-3
25	59536-17-3
25	5954-50-7
25	5954-50-7
25	59561-55-6
25	59561-55-6
25	5958-25-8
25	5958-25-8
25	59587-38-1
25	59587-38-1
25	59597-78-3
25	59597-78-3
25	59634-20-7
25	59634-20-7
25	59680-92-1
25	59680-92-1
25	597-34-2
25	597-34-2
25	59729-32-7
25	59729-32-7
25	59729-33-8
25	59729-33-8
25	59756-57-9
25	59756-57-9
25	59756-60-4
25	59756-60-4
25	59772-70-2
25	59772-70-2
25	59778-97-1
25	59778-97-1
25	598-39-0
25	598-39-0
25	598-67-4
25	598-67-4
25	598-73-2
25	598-73-2
25	598-88-9
25	598-88-9
25	59831-64-0
25	59831-64-0
25	59852-65-2
25	59852-65-2
25	59872-84-3
25	59872-84-3
25	599-00-8
25	599-00-8
25	599-00-8
25	599-00-8
25	599-78-0
25	599-78-0
25	59907-12-9
25	59907-12-9
25	59907-13-0
25	59907-13-0
25	59938-06-6
25	59938-06-6
25	59948-56-0
25	59948-56-0
25	60113-74-8
25	60113-74-8
25	60135-22-0
25	60135-22-0
25	6014-75-1
25	6014-75-1
25	601491-22-9
25	601491-22-9
25	60164-51-4
25	60164-51-4
25	602-94-8
25	602-94-8
25	60270-55-5
25	60270-55-5
25	60285-54-3
25	60285-54-3
25	603-55-4
25	603-55-4
25	60304-36-1
25	60304-36-1
25	60330-12-3
25	60330-12-3
25	6037-91-8
25	6037-91-8
25	60388-23-0
25	60388-23-0
25	60388-24-1
25	60388-24-1
25	60388-36-5
25	60388-36-5
25	60435-94-1
25	60435-94-1
25	60453-87-4
25	60453-87-4
25	60453-89-6
25	60453-89-6
25	60482-69-1
25	60482-69-1
25	60565-88-0
25	60565-88-0
25	60646-30-2
25	60646-30-2
25	60674-95-5
25	60674-95-5
25	60699-51-6
25	60699-51-6
25	60702-69-4
25	60702-69-4
25	60703-66-4
25	60703-66-4
25	60731-73-9
25	60731-73-9
25	60811-21-4
25	60811-21-4
25	60811-24-7
25	60811-24-7
25	60864-38-2
25	60864-38-2
25	60864-39-3
25	60864-39-3
25	60864-40-6
25	60864-40-6
25	60864-41-7
25	60864-41-7
25	60864-42-8
25	60864-42-8
25	60864-43-9
25	60864-43-9
25	60864-44-0
25	60864-44-0
25	60864-45-1
25	60864-45-1
25	60864-46-2
25	60864-46-2
25	60864-47-3
25	60864-47-3
25	60864-48-4
25	60864-48-4
25	60864-49-5
25	60864-49-5
25	60864-52-0
25	60864-52-0
25	60864-53-1
25	60864-53-1
25	60864-54-2
25	60864-54-2
25	60864-55-3
25	60864-55-3
25	60864-62-2
25	60864-62-2
25	60864-66-6
25	60864-66-6
25	60864-68-8
25	60864-68-8
25	60864-69-9
25	60864-69-9
25	60864-70-2
25	60864-70-2
25	60864-71-3
25	60864-71-3
25	60864-73-5
25	60864-73-5
25	60864-74-6
25	60864-74-6
25	60864-76-8
25	60864-76-8
25	6087-13-4
25	6087-13-4
25	6087-16-7
25	6087-16-7
25	6087-17-8
25	6087-17-8
25	60871-83-2
25	60871-83-2
25	60871-96-7
25	60871-96-7
25	60892-57-1
25	60892-57-1
25	60893-97-2
25	60893-97-2
25	60895-22-9
25	60895-22-9
25	60918-85-6
25	60918-85-6
25	60933-18-8
25	60933-18-8
25	60969-19-9
25	60969-19-9
25	60976-91-2
25	60976-91-2
25	6098-53-9
25	6098-53-9
25	60984-93-2
25	60984-93-2
25	60996-20-5
25	60996-20-5
25	6104-17-2
25	6104-17-2
25	61063-76-1
25	61063-76-1
25	61075-86-3
25	61075-86-3
25	61079-72-9
25	61079-72-9
25	61085-37-8
25	61085-37-8
25	61085-41-4
25	61085-41-4
25	61097-79-8
25	61097-79-8
25	61097-96-9
25	61097-96-9
25	61097-98-1
25	61097-98-1
25	61098-01-9
25	61098-01-9
25	61105-08-6
25	61105-08-6
25	61165-75-1
25	61165-75-1
25	61213-25-0
25	61213-25-0
25	61219-93-0
25	61219-93-0
25	61219-95-2
25	61219-95-2
25	61286-62-2
25	61286-62-2
25	61286-65-5
25	61286-65-5
25	6130-43-4
25	6130-43-4
25	61339-35-3
25	61339-35-3
25	61339-36-4
25	61339-36-4
25	61339-37-5
25	61339-37-5
25	61339-38-6
25	61339-38-6
25	61339-44-4
25	61339-44-4
25	61373-95-3
25	61373-95-3
25	614-43-7
25	614-43-7
25	614-50-6
25	614-50-6
25	6140-17-6
25	6140-17-6
25	61422-45-5
25	61422-45-5
25	61433-91-8
25	61433-91-8
25	615257-52-8
25	615257-52-8
25	6154-51-4
25	6154-51-4
25	61577-14-8
25	61577-14-8
25	61618-92-6
25	61618-92-6
25	61623-04-9
25	61623-04-9
25	61660-12-6
25	61660-12-6
25	61718-80-7
25	61718-80-7
25	61721-07-1
25	61721-07-1
25	61765-15-9
25	61765-15-9
25	61798-68-3
25	61798-68-3
25	61798-69-4
25	61798-69-4
25	6185-28-0
25	6185-28-0
25	6186-91-0
25	6186-91-0
25	61869-08-7
25	61869-08-7
25	61886-21-3
25	61886-21-3
25	6189-00-0
25	6189-00-0
25	61988-37-2
25	61988-37-2
25	62-74-8
25	62-74-8
25	620176-90-1
25	620176-90-1
25	62037-80-3
25	62037-80-3
25	62087-82-5
25	62087-82-5
25	62122-17-2
25	62122-17-2
25	62135-12-0
25	62135-12-0
25	62185-70-0
25	62185-70-0
25	62185-71-1
25	62185-71-1
25	6219-97-2
25	6219-97-2
25	62197-94-8
25	62197-94-8
25	62207-76-5
25	62207-76-5
25	6226-25-1
25	6226-25-1
25	62273-09-0
25	62273-09-0
25	623172-56-5
25	623172-56-5
25	62361-02-8
25	62361-02-8
25	62375-54-6
25	62375-54-6
25	62395-25-9
25	62395-25-9
25	624-72-6
25	624-72-6
25	62433-26-5
25	62433-26-5
25	62441-54-7
25	62441-54-7
25	62476-57-7
25	62476-57-7
25	62476-59-9
25	62476-59-9
25	62476-62-4
25	62476-62-4
25	62498-67-3
25	62498-67-3
25	625-98-9
25	625-98-9
25	62549-18-2
25	62549-18-2
25	62586-96-3
25	62586-96-3
25	62601-48-3
25	62601-48-3
25	62613-15-4
25	62613-15-4
25	6263-54-3
25	6263-54-3
25	6264-67-1
25	6264-67-1
25	62654-05-1
25	62654-05-1
25	62654-06-2
25	62654-06-2
25	62662-88-8
25	62662-88-8
25	62666-20-0
25	62666-20-0
25	62681-96-3
25	62681-96-3
25	62681-97-4
25	62681-97-4
25	62681-98-5
25	62681-98-5
25	62681-99-6
25	62681-99-6
25	62859-26-1
25	62859-26-1
25	62924-70-3
25	62924-70-3
25	62933-29-3
25	62933-29-3
25	62933-31-7
25	62933-31-7
25	6294-93-5
25	6294-93-5
25	63034-47-9
25	63034-47-9
25	63131-29-3
25	63131-29-3
25	63134-17-8
25	63134-17-8
25	63149-46-2
25	63149-46-2
25	63180-06-3
25	63180-06-3
25	63212-53-3
25	63212-53-3
25	63217-32-3
25	63217-32-3
25	63217-33-4
25	63217-33-4
25	63284-71-9
25	63284-71-9
25	63295-18-1
25	63295-18-1
25	63295-27-2
25	63295-27-2
25	63295-28-3
25	63295-28-3
25	63295-29-4
25	63295-29-4
25	63333-32-4
25	63333-32-4
25	63333-35-7
25	63333-35-7
25	63405-99-2
25	63405-99-2
25	63450-46-4
25	63450-46-4
25	63516-07-4
25	63516-07-4
25	63561-42-2
25	63561-42-2
25	63654-41-1
25	63654-41-1
25	63692-16-0
25	63692-16-0
25	63729-98-6
25	63729-98-6
25	63734-62-3
25	63734-62-3
25	63742-52-9
25	63742-52-9
25	63782-90-1
25	63782-90-1
25	638-79-9
25	638-79-9
25	63804-15-9
25	63804-15-9
25	63815-67-8
25	63815-67-8
25	63815-68-9
25	63815-68-9
25	63815-69-0
25	63815-69-0
25	63815-72-5
25	63815-72-5
25	63815-85-0
25	63815-85-0
25	63815-86-1
25	63815-86-1
25	63816-04-6
25	63816-04-6
25	63817-39-0
25	63817-39-0
25	63834-91-3
25	63834-91-3
25	63854-31-9
25	63854-31-9
25	63863-43-4
25	63863-43-4
25	63863-44-5
25	63863-44-5
25	63905-11-3
25	63905-11-3
25	63905-85-1
25	63905-85-1
25	63905-86-2
25	63905-86-2
25	63905-88-4
25	63905-88-4
25	63905-90-8
25	63905-90-8
25	63919-01-7
25	63919-01-7
25	63938-10-3
25	63938-10-3
25	63960-71-4
25	63960-71-4
25	63968-85-4
25	63968-85-4
25	63990-88-5
25	63990-88-5
25	640-19-7
25	640-19-7
25	64018-23-1
25	64018-23-1
25	64018-24-2
25	64018-24-2
25	64018-25-3
25	64018-25-3
25	64018-26-4
25	64018-26-4
25	64048-90-4
25	64048-90-4
25	64060-48-6
25	64060-48-6
25	64080-43-9
25	64080-43-9
25	64113-84-4
25	64113-84-4
25	64147-47-3
25	64147-47-3
25	64155-70-0
25	64155-70-0
25	6418-38-8
25	6418-38-8
25	64182-61-2
25	64182-61-2
25	64245-83-6
25	64245-83-6
25	64248-56-2
25	64248-56-2
25	64248-62-0
25	64248-62-0
25	64248-63-1
25	64248-63-1
25	64248-64-2
25	64248-64-2
25	6425-24-7
25	6425-24-7
25	64264-44-4
25	64264-44-4
25	64346-90-3
25	64346-90-3
25	64346-91-4
25	64346-91-4
25	64367-82-4
25	64367-82-4
25	64375-26-4
25	64375-26-4
25	64376-86-9
25	64376-86-9
25	64382-00-9
25	64382-00-9
25	64415-07-2
25	64415-07-2
25	64415-12-9
25	64415-12-9
25	64420-30-0
25	64420-30-0
25	64420-52-6
25	64420-52-6
25	64426-47-7
25	64426-47-7
25	64485-21-8
25	64485-21-8
25	64589-75-9
25	64589-75-9
25	646-58-2
25	646-58-2
25	646-63-9
25	646-63-9
25	646-83-3
25	646-83-3
25	646-85-5
25	646-85-5
25	646-97-9
25	646-97-9
25	64628-44-0
25	64628-44-0
25	64695-78-9
25	64695-78-9
25	647-12-1
25	647-12-1
25	647-42-7
25	647-42-7
25	647-44-9
25	647-44-9
25	64712-27-2
25	64712-27-2
25	648-59-9
25	648-59-9
25	64877-78-7
25	64877-78-7
25	64916-48-9
25	64916-48-9
25	6492-78-0
25	6492-78-0
25	650-20-4
25	650-20-4
25	65059-79-2
25	65059-79-2
25	65072-48-2
25	65072-48-2
25	65086-44-4
25	65086-44-4
25	65086-49-9
25	65086-49-9
25	651-36-5
25	651-36-5
25	651-70-7
25	651-70-7
25	651-80-9
25	651-80-9
25	651-83-2
25	651-83-2
25	651-84-3
25	651-84-3
25	65104-43-0
25	65104-43-0
25	65104-45-2
25	65104-45-2
25	65104-63-4
25	65104-63-4
25	65104-64-5
25	65104-64-5
25	65104-65-6
25	65104-65-6
25	65104-66-7
25	65104-66-7
25	65104-67-8
25	65104-67-8
25	65150-88-1
25	65150-88-1
25	65150-93-8
25	65150-93-8
25	65150-94-9
25	65150-94-9
25	65152-19-4
25	65152-19-4
25	652-03-9
25	652-03-9
25	652-11-9
25	652-11-9
25	652-12-0
25	652-12-0
25	652-18-6
25	652-18-6
25	652-22-2
25	652-22-2
25	652-24-4
25	652-24-4
25	652-29-9
25	652-29-9
25	652-31-3
25	652-31-3
25	652-32-4
25	652-32-4
25	652-34-6
25	652-34-6
25	652-36-8
25	652-36-8
25	652-39-1
25	652-39-1
25	652-40-4
25	652-40-4
25	65208-24-4
25	65208-24-4
25	65208-35-7
25	65208-35-7
25	65269-96-7
25	65269-96-7
25	65291-92-1
25	65291-92-1
25	65294-20-4
25	65294-20-4
25	653-11-2
25	653-11-2
25	653-21-4
25	653-21-4
25	653-30-5
25	653-30-5
25	653-31-6
25	653-31-6
25	653-34-9
25	653-34-9
25	653-35-0
25	653-35-0
25	653-37-2
25	653-37-2
25	65329-80-8
25	65329-80-8
25	654-01-3
25	654-01-3
25	654-47-7
25	654-47-7
25	654-53-5
25	654-53-5
25	654-62-6
25	654-62-6
25	654-66-0
25	654-66-0
25	654-70-6
25	654-70-6
25	654-76-2
25	654-76-2
25	654-87-5
25	654-87-5
25	654-99-9
25	654-99-9
25	65487-67-4
25	65487-67-4
25	655-07-2
25	655-07-2
25	655-14-1
25	655-14-1
25	655-20-9
25	655-20-9
25	655-26-5
25	655-26-5
25	655-32-3
25	655-32-3
25	65510-55-6
25	65510-55-6
25	65510-56-7
25	65510-56-7
25	65530-55-4
25	65530-55-4
25	65530-57-6
25	65530-57-6
25	65530-58-7
25	65530-58-7
25	65530-59-8
25	65530-59-8
25	65530-61-2
25	65530-61-2
25	65530-62-3
25	65530-62-3
25	65530-63-4
25	65530-63-4
25	65530-64-5
25	65530-64-5
25	65530-65-6
25	65530-65-6
25	65530-66-7
25	65530-66-7
25	65530-67-8
25	65530-67-8
25	65530-68-9
25	65530-68-9
25	65530-69-0
25	65530-69-0
25	65530-70-3
25	65530-70-3
25	65530-71-4
25	65530-71-4
25	65530-72-5
25	65530-72-5
25	65530-73-6
25	65530-73-6
25	65530-74-7
25	65530-74-7
25	65530-75-8
25	65530-75-8
25	65530-76-9
25	65530-76-9
25	65530-77-0
25	65530-77-0
25	65530-78-1
25	65530-78-1
25	65530-79-2
25	65530-79-2
25	65530-80-5
25	65530-80-5
25	65530-82-7
25	65530-82-7
25	65530-83-8
25	65530-83-8
25	65530-85-0
25	65530-85-0
25	65545-80-4
25	65545-80-4
25	656-31-5
25	656-31-5
25	656-35-9
25	656-35-9
25	656-42-8
25	656-42-8
25	656-46-2
25	656-46-2
25	656-57-5
25	656-57-5
25	656-64-4
25	656-64-4
25	656-65-5
25	656-65-5
25	656-66-6
25	656-66-6
25	65605-53-0
25	65605-53-0
25	65605-56-3
25	65605-56-3
25	65605-57-4
25	65605-57-4
25	65605-58-5
25	65605-58-5
25	65605-59-6
25	65605-59-6
25	65605-60-9
25	65605-60-9
25	65605-62-1
25	65605-62-1
25	65605-65-4
25	65605-65-4
25	65605-66-5
25	65605-66-5
25	65605-68-7
25	65605-68-7
25	65605-69-8
25	65605-69-8
25	65605-70-1
25	65605-70-1
25	65605-71-2
25	65605-71-2
25	65605-72-3
25	65605-72-3
25	65605-73-4
25	65605-73-4
25	65605-74-5
25	65605-74-5
25	65636-35-3
25	65636-35-3
25	65686-85-3
25	65686-85-3
25	65687-00-5
25	65687-00-5
25	657-06-7
25	657-06-7
25	657-15-8
25	657-15-8
25	657-63-6
25	657-63-6
25	657-78-3
25	657-78-3
25	65702-23-0
25	65702-23-0
25	65702-24-1
25	65702-24-1
25	65753-47-1
25	65753-47-1
25	65762-25-6
25	65762-25-6
25	658-28-6
25	658-28-6
25	658-78-6
25	658-78-6
25	658-89-9
25	658-89-9
25	658-90-2
25	658-90-2
25	658-93-5
25	658-93-5
25	658-99-1
25	658-99-1
25	65814-43-9
25	65814-43-9
25	6588-63-2
25	6588-63-2
25	659-18-7
25	659-18-7
25	659-28-9
25	659-28-9
25	659-30-3
25	659-30-3
25	659-41-6
25	659-41-6
25	659-72-3
25	659-72-3
25	65975-15-7
25	65975-15-7
25	6598-95-4
25	6598-95-4
25	660-12-8
25	660-12-8
25	660-21-9
25	660-21-9
25	660-23-1
25	660-23-1
25	660-53-7
25	660-53-7
25	660-78-6
25	660-78-6
25	66000-40-6
25	66000-40-6
25	66003-78-9
25	66003-78-9
25	66008-67-1
25	66008-67-1
25	66008-68-2
25	66008-68-2
25	66008-69-3
25	66008-69-3
25	66008-70-6
25	66008-70-6
25	66008-71-7
25	66008-71-7
25	66008-72-8
25	66008-72-8
25	66027-94-9
25	66027-94-9
25	66073-54-9
25	66073-54-9
25	66097-76-5
25	66097-76-5
25	661-11-0
25	661-11-0
25	661-32-5
25	661-32-5
25	661-36-9
25	661-36-9
25	661-54-1
25	661-54-1
25	661-68-7
25	661-68-7
25	661-80-3
25	661-80-3
25	661-82-5
25	661-82-5
25	661-95-0
25	661-95-0
25	661-96-1
25	661-96-1
25	661-97-2
25	661-97-2
25	66137-74-4
25	66137-74-4
25	66138-93-0
25	66138-93-0
25	66142-19-6
25	66142-19-6
25	66143-00-8
25	66143-00-8
25	66172-62-1
25	66172-62-1
25	66178-41-4
25	66178-41-4
25	66178-41-4
25	66178-41-4
25	66197-14-6
25	66197-14-6
25	662-01-1
25	662-01-1
25	662-22-6
25	662-22-6
25	662-50-0
25	662-50-0
25	662-58-8
25	662-58-8
25	663-35-4
25	663-35-4
25	66300-61-6
25	66300-61-6
25	66332-96-5
25	66332-96-5
25	66396-73-4
25	66396-73-4
25	665-03-2
25	665-03-2
25	665-05-4
25	665-05-4
25	665-31-6
25	665-31-6
25	665-33-8
25	665-33-8
25	665-46-3
25	665-46-3
25	665-62-3
25	665-62-3
25	665-98-5
25	665-98-5
25	66542-88-9
25	66542-88-9
25	66546-46-1
25	66546-46-1
25	66551-19-7
25	66551-19-7
25	6656-49-1
25	6656-49-1
25	66574-84-3
25	66574-84-3
25	666-23-9
25	666-23-9
25	666-25-1
25	666-25-1
25	666-27-3
25	666-27-3
25	666-48-8
25	666-48-8
25	66684-57-9
25	66684-57-9
25	66684-58-0
25	66684-58-0
25	66684-60-4
25	66684-60-4
25	667-27-6
25	667-27-6
25	667-49-2
25	667-49-2
25	667-50-5
25	667-50-5
25	667430-39-9
25	667430-39-9
25	668-45-1
25	668-45-1
25	66852-54-8
25	66852-54-8
25	66892-34-0
25	66892-34-0
25	669005-94-1
25	669005-94-1
25	66938-86-1
25	66938-86-1
25	66988-93-0
25	66988-93-0
25	67-73-2
25	67-73-2
25	67-78-7
25	67-78-7
25	67000-46-8
25	67000-46-8
25	67028-54-0
25	67028-54-0
25	67098-97-9
25	67098-97-9
25	671-34-1
25	671-34-1
25	671-41-0
25	671-41-0
25	67112-29-2
25	67112-29-2
25	67116-13-6
25	67116-13-6
25	67118-55-2
25	67118-55-2
25	67118-57-4
25	67118-57-4
25	67191-93-9
25	67191-93-9
25	672-30-0
25	672-30-0
25	672-45-7
25	672-45-7
25	672-47-9
25	672-47-9
25	672-57-1
25	672-57-1
25	672-58-2
25	672-58-2
25	672-75-3
25	672-75-3
25	672306-79-5
25	672306-79-5
25	67240-89-5
25	67240-89-5
25	67251-37-0
25	67251-37-0
25	67251-38-1
25	67251-38-1
25	67251-40-5
25	67251-40-5
25	673-24-5
25	673-24-5
25	673-40-5
25	673-40-5
25	673-48-3
25	673-48-3
25	673-97-2
25	673-97-2
25	67338-57-2
25	67338-57-2
25	674-53-3
25	674-53-3
25	674-85-1
25	674-85-1
25	67406-66-0
25	67406-66-0
25	67406-68-2
25	67406-68-2
25	6742-82-1
25	6742-82-1
25	67446-83-7
25	67446-83-7
25	67485-29-4
25	67485-29-4
25	675-14-9
25	675-14-9
25	675-15-0
25	675-15-0
25	675-62-7
25	675-62-7
25	67525-36-4
25	67525-36-4
25	67584-42-3
25	67584-42-3
25	67584-48-9
25	67584-48-9
25	67584-49-0
25	67584-49-0
25	67584-50-3
25	67584-50-3
25	67584-51-4
25	67584-51-4
25	67584-52-5
25	67584-52-5
25	67584-53-6
25	67584-53-6
25	67584-54-7
25	67584-54-7
25	67584-55-8
25	67584-55-8
25	67584-56-9
25	67584-56-9
25	67584-57-0
25	67584-57-0
25	67584-58-1
25	67584-58-1
25	67584-59-2
25	67584-59-2
25	67584-60-5
25	67584-60-5
25	67584-61-6
25	67584-61-6
25	67584-62-7
25	67584-62-7
25	67584-63-8
25	67584-63-8
25	67599-12-6
25	67599-12-6
25	676-65-3
25	676-65-3
25	676-99-3
25	676-99-3
25	67640-14-6
25	67640-14-6
25	676589-26-7
25	676589-26-7
25	67674-48-0
25	67674-48-0
25	67674-53-7
25	67674-53-7
25	677-21-4
25	677-21-4
25	677-25-8
25	677-25-8
25	677-34-9
25	677-34-9
25	677-42-9
25	677-42-9
25	677-52-1
25	677-52-1
25	677-53-2
25	677-53-2
25	677-54-3
25	677-54-3
25	677-55-4
25	677-55-4
25	677-56-5
25	677-56-5
25	677-67-8
25	677-67-8
25	677-68-9
25	677-68-9
25	677-69-0
25	677-69-0
25	677-70-3
25	677-70-3
25	677-71-4
25	677-71-4
25	677-93-0
25	677-93-0
25	6776-48-3
25	6776-48-3
25	67786-14-5
25	67786-14-5
25	6779-72-2
25	6779-72-2
25	678-13-7
25	678-13-7
25	678-18-2
25	678-18-2
25	678-26-2
25	678-26-2
25	678-39-7
25	678-39-7
25	678-41-1
25	678-41-1
25	678-45-5
25	678-45-5
25	678-65-9
25	678-65-9
25	678-77-3
25	678-77-3
25	678-78-4
25	678-78-4
25	678-95-5
25	678-95-5
25	67800-14-0
25	67800-14-0
25	67801-07-4
25	67801-07-4
25	67815-56-9
25	67815-56-9
25	678159-88-1
25	678159-88-1
25	67824-44-6
25	67824-44-6
25	67846-42-8
25	67846-42-8
25	67846-66-6
25	67846-66-6
25	67879-59-8
25	67879-59-8
25	678983-34-1
25	678983-34-1
25	678983-35-2
25	678983-35-2
25	679-84-5
25	679-84-5
25	679-85-6
25	679-85-6
25	679-86-7
25	679-86-7
25	679-87-8
25	679-87-8
25	679-94-7
25	679-94-7
25	679-99-2
25	679-99-2
25	67905-19-5
25	67905-19-5
25	67906-38-1
25	67906-38-1
25	67906-39-2
25	67906-39-2
25	67906-40-5
25	67906-40-5
25	67906-41-6
25	67906-41-6
25	67906-42-7
25	67906-42-7
25	67906-70-1
25	67906-70-1
25	67906-71-2
25	67906-71-2
25	67906-73-4
25	67906-73-4
25	67906-74-5
25	67906-74-5
25	67907-00-0
25	67907-00-0
25	67923-41-5
25	67923-41-5
25	67923-61-9
25	67923-61-9
25	67924-24-7
25	67924-24-7
25	67939-33-7
25	67939-33-7
25	67939-34-8
25	67939-34-8
25	67939-36-0
25	67939-36-0
25	67939-37-1
25	67939-37-1
25	67939-42-8
25	67939-42-8
25	67939-61-1
25	67939-61-1
25	67939-87-1
25	67939-87-1
25	67939-88-2
25	67939-88-2
25	67939-89-3
25	67939-89-3
25	67939-90-6
25	67939-90-6
25	67939-91-7
25	67939-91-7
25	67939-92-8
25	67939-92-8
25	67939-93-9
25	67939-93-9
25	67939-94-0
25	67939-94-0
25	67939-95-1
25	67939-95-1
25	67939-96-2
25	67939-96-2
25	67939-97-3
25	67939-97-3
25	67939-98-4
25	67939-98-4
25	67940-02-7
25	67940-02-7
25	67953-73-5
25	67953-73-5
25	67969-65-7
25	67969-65-7
25	67969-83-9
25	67969-83-9
25	6797-79-1
25	6797-79-1
25	6798-33-0
25	6798-33-0
25	67990-33-4
25	67990-33-4
25	680-05-7
25	680-05-7
25	680-15-9
25	680-15-9
25	68015-84-9
25	68015-84-9
25	68015-85-0
25	68015-85-0
25	68015-86-1
25	68015-86-1
25	68015-87-2
25	68015-87-2
25	68015-88-3
25	68015-88-3
25	68015-89-4
25	68015-89-4
25	68015-90-7
25	68015-90-7
25	68015-91-8
25	68015-91-8
25	68015-92-9
25	68015-92-9
25	68025-62-7
25	68025-62-7
25	68047-38-1
25	68047-38-1
25	68047-39-2
25	68047-39-2
25	68047-42-7
25	68047-42-7
25	68047-43-8
25	68047-43-8
25	68052-68-6
25	68052-68-6
25	68083-86-3
25	68083-86-3
25	68084-26-4
25	68084-26-4
25	68084-62-8
25	68084-62-8
25	68085-85-8
25	68085-85-8
25	681-49-2
25	681-49-2
25	681-97-0
25	681-97-0
25	68110-20-3
25	68110-20-3
25	681129-60-2
25	681129-60-2
25	68127-59-3
25	68127-59-3
25	68132-98-9
25	68132-98-9
25	68134-22-5
25	68134-22-5
25	68134-61-2
25	68134-61-2
25	68141-02-6
25	68141-02-6
25	68155-54-4
25	68155-54-4
25	68155-62-4
25	68155-62-4
25	68156-00-3
25	68156-00-3
25	68156-01-4
25	68156-01-4
25	68156-03-6
25	68156-03-6
25	68156-05-8
25	68156-05-8
25	68156-06-9
25	68156-06-9
25	68156-07-0
25	68156-07-0
25	68156-09-2
25	68156-09-2
25	68156-11-6
25	68156-11-6
25	68156-13-8
25	68156-13-8
25	68158-13-4
25	68158-13-4
25	68171-31-3
25	68171-31-3
25	6818-37-7
25	6818-37-7
25	68182-34-3
25	68182-34-3
25	682-32-6
25	682-32-6
25	68201-72-9
25	68201-72-9
25	68214-23-3
25	68214-23-3
25	68227-20-3
25	68227-20-3
25	68227-87-2
25	68227-87-2
25	68227-94-1
25	68227-94-1
25	68227-96-3
25	68227-96-3
25	68227-97-4
25	68227-97-4
25	68227-98-5
25	68227-98-5
25	68227-99-6
25	68227-99-6
25	68228-00-2
25	68228-00-2
25	68238-92-6
25	68238-92-6
25	68239-02-1
25	68239-02-1
25	68239-43-0
25	68239-43-0
25	68239-51-0
25	68239-51-0
25	68239-72-5
25	68239-72-5
25	68239-73-6
25	68239-73-6
25	68239-74-7
25	68239-74-7
25	68239-75-8
25	68239-75-8
25	68258-85-5
25	68258-85-5
25	68259-06-3
25	68259-06-3
25	68259-07-4
25	68259-07-4
25	68259-08-5
25	68259-08-5
25	68259-09-6
25	68259-09-6
25	68259-10-9
25	68259-10-9
25	68259-11-0
25	68259-11-0
25	68259-12-1
25	68259-12-1
25	68259-13-2
25	68259-13-2
25	68259-14-3
25	68259-14-3
25	68259-15-4
25	68259-15-4
25	68259-38-1
25	68259-38-1
25	68259-39-2
25	68259-39-2
25	682772-46-9
25	682772-46-9
25	68278-23-9
25	68278-23-9
25	68298-06-6
25	68298-06-6
25	68298-07-7
25	68298-07-7
25	68298-08-8
25	68298-08-8
25	68298-09-9
25	68298-09-9
25	68298-10-2
25	68298-10-2
25	68298-11-3
25	68298-11-3
25	68298-12-4
25	68298-12-4
25	68298-13-5
25	68298-13-5
25	68298-60-2
25	68298-60-2
25	68298-62-4
25	68298-62-4
25	68298-72-6
25	68298-72-6
25	68298-73-7
25	68298-73-7
25	68298-74-8
25	68298-74-8
25	68298-75-9
25	68298-75-9
25	68298-76-0
25	68298-76-0
25	68298-78-2
25	68298-78-2
25	68298-79-3
25	68298-79-3
25	68298-80-6
25	68298-80-6
25	68298-81-7
25	68298-81-7
25	68298-86-2
25	68298-86-2
25	68298-89-5
25	68298-89-5
25	68299-19-4
25	68299-19-4
25	68299-20-7
25	68299-20-7
25	68299-21-8
25	68299-21-8
25	68299-29-6
25	68299-29-6
25	68299-39-8
25	68299-39-8
25	683-98-7
25	683-98-7
25	68310-02-1
25	68310-02-1
25	68310-12-3
25	68310-12-3
25	68310-17-8
25	68310-17-8
25	68310-18-9
25	68310-18-9
25	68310-75-8
25	68310-75-8
25	68318-34-3
25	68318-34-3
25	68318-36-5
25	68318-36-5
25	68329-56-6
25	68329-56-6
25	68352-03-4
25	68352-03-4
25	68359-37-5
25	68359-37-5
25	68359-57-9
25	68359-57-9
25	68379-37-3
25	68379-37-3
25	68391-58-2
25	68391-58-2
25	68391-59-3
25	68391-59-3
25	68391-65-1
25	68391-65-1
25	68399-99-5
25	68399-99-5
25	684-07-1
25	684-07-1
25	684-16-2
25	684-16-2
25	684-78-6
25	684-78-6
25	68400-43-1
25	68400-43-1
25	68400-45-3
25	68400-45-3
25	68413-52-5
25	68413-52-5
25	68413-53-6
25	68413-53-6
25	68413-65-0
25	68413-65-0
25	68413-86-5
25	68413-86-5
25	68413-88-7
25	68413-88-7
25	68413-89-8
25	68413-89-8
25	68413-90-1
25	68413-90-1
25	68442-96-6
25	68442-96-6
25	68444-11-1
25	68444-11-1
25	68444-13-3
25	68444-13-3
25	68457-80-7
25	68457-80-7
25	68497-92-7
25	68497-92-7
25	68497-93-8
25	68497-93-8
25	68497-94-9
25	68497-94-9
25	685-27-8
25	685-27-8
25	685-63-2
25	685-63-2
25	685-88-1
25	685-88-1
25	68515-62-8
25	68515-62-8
25	68515-70-8
25	68515-70-8
25	68516-54-1
25	68516-54-1
25	68540-84-1
25	68540-84-1
25	68541-01-5
25	68541-01-5
25	68541-02-6
25	68541-02-6
25	68541-73-1
25	68541-73-1
25	68541-74-2
25	68541-74-2
25	68541-80-0
25	68541-80-0
25	68555-66-8
25	68555-66-8
25	68555-67-9
25	68555-67-9
25	68555-68-0
25	68555-68-0
25	68555-69-1
25	68555-69-1
25	68555-70-4
25	68555-70-4
25	68555-71-5
25	68555-71-5
25	68555-72-6
25	68555-72-6
25	68555-73-7
25	68555-73-7
25	68555-74-8
25	68555-74-8
25	68555-75-9
25	68555-75-9
25	68555-76-0
25	68555-76-0
25	68555-77-1
25	68555-77-1
25	68555-78-2
25	68555-78-2
25	68555-79-3
25	68555-79-3
25	68555-81-7
25	68555-81-7
25	68555-90-8
25	68555-90-8
25	68555-91-9
25	68555-91-9
25	68555-92-0
25	68555-92-0
25	68568-54-7
25	68568-54-7
25	68568-77-4
25	68568-77-4
25	68583-88-0
25	68583-88-0
25	68586-14-1
25	68586-14-1
25	68594-62-7
25	68594-62-7
25	686-54-4
25	686-54-4
25	68602-57-3
25	68602-57-3
25	686276-05-1
25	686276-05-1
25	68631-06-1
25	68631-06-1
25	68649-26-3
25	68649-26-3
25	68664-13-1
25	68664-13-1
25	68672-17-3
25	68672-17-3
25	68694-11-1
25	68694-11-1
25	68705-59-9
25	68705-59-9
25	68725-14-4
25	68725-14-4
25	68735-91-1
25	68735-91-1
25	68738-83-0
25	68738-83-0
25	68744-64-9
25	68744-64-9
25	68758-55-4
25	68758-55-4
25	68758-56-5
25	68758-56-5
25	68758-57-6
25	68758-57-6
25	68785-05-7
25	68785-05-7
25	68785-38-6
25	68785-38-6
25	68791-47-9
25	68791-47-9
25	68797-76-2
25	68797-76-2
25	68805-70-9
25	68805-70-9
25	68815-72-5
25	68815-72-5
25	68834-05-9
25	68834-05-9
25	6884-92-0
25	6884-92-0
25	68844-77-9
25	68844-77-9
25	68849-24-1
25	68849-24-1
25	68867-60-7
25	68867-60-7
25	68867-62-9
25	68867-62-9
25	68877-32-7
25	68877-32-7
25	68877-38-3
25	68877-38-3
25	68877-51-0
25	68877-51-0
25	68891-96-3
25	68891-96-3
25	68891-97-4
25	68891-97-4
25	68891-98-5
25	68891-98-5
25	68891-99-6
25	68891-99-6
25	68892-01-3
25	68892-01-3
25	68900-97-0
25	68900-97-0
25	68900-98-1
25	68900-98-1
25	68901-02-0
25	68901-02-0
25	68909-15-9
25	68909-15-9
25	68911-96-6
25	68911-96-6
25	68912-12-9
25	68912-12-9
25	68933-55-1
25	68933-55-1
25	68957-31-3
25	68957-31-3
25	68957-32-4
25	68957-32-4
25	68957-33-5
25	68957-33-5
25	68957-39-1
25	68957-39-1
25	68957-40-4
25	68957-40-4
25	68957-53-9
25	68957-53-9
25	68957-54-0
25	68957-54-0
25	68957-55-1
25	68957-55-1
25	68957-57-3
25	68957-57-3
25	68957-58-4
25	68957-58-4
25	68957-59-5
25	68957-59-5
25	68957-60-8
25	68957-60-8
25	68957-61-9
25	68957-61-9
25	68957-62-0
25	68957-62-0
25	68957-63-1
25	68957-63-1
25	68958-60-1
25	68958-60-1
25	68958-61-2
25	68958-61-2
25	68959-17-1
25	68959-17-1
25	68959-22-8
25	68959-22-8
25	68975-49-5
25	68975-49-5
25	69-23-8
25	69-23-8
25	690-14-2
25	690-14-2
25	690-22-2
25	690-22-2
25	690-27-7
25	690-27-7
25	690-39-1
25	690-39-1
25	690-56-2
25	690-56-2
25	69013-34-9
25	69013-34-9
25	69045-82-5
25	69045-82-5
25	69045-84-7
25	69045-84-7
25	69064-33-1
25	69064-33-1
25	69080-34-8
25	69080-34-8
25	69087-46-3
25	69087-46-3
25	69087-47-4
25	69087-47-4
25	69095-55-2
25	69095-55-2
25	69116-71-8
25	69116-71-8
25	69116-72-9
25	69116-72-9
25	69116-73-0
25	69116-73-0
25	69121-15-9
25	69121-15-9
25	69121-24-0
25	69121-24-0
25	69140-63-2
25	69140-63-2
25	69155-44-8
25	69155-44-8
25	6917-48-2
25	6917-48-2
25	69184-17-4
25	69184-17-4
25	692-05-7
25	692-05-7
25	692-39-7
25	692-39-7
25	692-49-9
25	692-49-9
25	692-50-2
25	692-50-2
25	69202-10-4
25	69202-10-4
25	6921-22-8
25	6921-22-8
25	69335-91-7
25	69335-91-7
25	69345-50-2
25	69345-50-2
25	69377-81-7
25	69377-81-7
25	69385-30-4
25	69385-30-4
25	69399-79-7
25	69399-79-7
25	694-17-7
25	694-17-7
25	694-62-2
25	694-62-2
25	694-82-6
25	694-82-6
25	69409-94-5
25	69409-94-5
25	69411-05-8
25	69411-05-8
25	6942-39-8
25	6942-39-8
25	69492-03-1
25	69492-03-1
25	69531-41-5
25	69531-41-5
25	69563-88-8
25	69563-88-8
25	69577-65-7
25	69577-65-7
25	69584-87-8
25	69584-87-8
25	696-02-6
25	696-02-6
25	696-06-0
25	696-06-0
25	696-82-2
25	696-82-2
25	696-99-1
25	696-99-1
25	69661-30-9
25	69661-30-9
25	697-11-0
25	697-11-0
25	697-17-6
25	697-17-6
25	697-18-7
25	697-18-7
25	697-73-4
25	697-73-4
25	697-83-6
25	697-83-6
25	69739-34-0
25	69739-34-0
25	69756-53-2
25	69756-53-2
25	69770-45-2
25	69770-45-2
25	698-80-6
25	698-80-6
25	69804-18-8
25	69804-18-8
25	69804-19-9
25	69804-19-9
25	69806-34-4
25	69806-34-4
25	69806-40-2
25	69806-40-2
25	69806-50-4
25	69806-50-4
25	6987-14-0
25	6987-14-0
25	69888-90-0
25	69888-90-0
25	69888-91-1
25	69888-91-1
25	699-30-9
25	699-30-9
25	699-90-1
25	699-90-1
25	699-99-0
25	699-99-0
25	69929-13-1
25	69929-13-1
25	69943-47-1
25	69943-47-1
25	6996-01-6
25	6996-01-6
25	69986-99-8
25	69986-99-8
25	70-00-8
25	70-00-8
25	70-34-8
25	70-34-8
25	700-16-3
25	700-16-3
25	700-17-4
25	700-17-4
25	700-35-6
25	700-35-6
25	700-36-7
25	700-36-7
25	700-37-8
25	700-37-8
25	700-49-2
25	700-49-2
25	700-84-5
25	700-84-5
25	70032-25-6
25	70032-25-6
25	70032-30-3
25	70032-30-3
25	700874-87-9
25	700874-87-9
25	70098-98-5
25	70098-98-5
25	701-27-9
25	701-27-9
25	701-45-1
25	701-45-1
25	701-47-3
25	701-47-3
25	701-83-7
25	701-83-7
25	70124-77-5
25	70124-77-5
25	70141-41-2
25	70141-41-2
25	70158-54-2
25	70158-54-2
25	70158-59-7
25	70158-59-7
25	70192-61-9
25	70192-61-9
25	70192-70-0
25	70192-70-0
25	70192-71-1
25	70192-71-1
25	70192-73-3
25	70192-73-3
25	70192-74-4
25	70192-74-4
25	70192-75-5
25	70192-75-5
25	70192-76-6
25	70192-76-6
25	70192-79-9
25	70192-79-9
25	70192-80-2
25	70192-80-2
25	70192-83-5
25	70192-83-5
25	70192-84-6
25	70192-84-6
25	70192-85-7
25	70192-85-7
25	70192-89-1
25	70192-89-1
25	70225-14-8
25	70225-14-8
25	70225-15-9
25	70225-15-9
25	70225-16-0
25	70225-16-0
25	70225-17-1
25	70225-17-1
25	70225-18-2
25	70225-18-2
25	70225-20-6
25	70225-20-6
25	70225-22-8
25	70225-22-8
25	70225-24-0
25	70225-24-0
25	70225-26-2
25	70225-26-2
25	70248-10-1
25	70248-10-1
25	70248-52-1
25	70248-52-1
25	70251-05-7
25	70251-05-7
25	70259-85-7
25	70259-85-7
25	70259-86-8
25	70259-86-8
25	70281-93-5
25	70281-93-5
25	703-87-7
25	703-87-7
25	703-95-7
25	703-95-7
25	7036-16-0
25	7036-16-0
25	704-10-9
25	704-10-9
25	704-41-6
25	704-41-6
25	704-83-6
25	704-83-6
25	70458-92-3
25	70458-92-3
25	70458-93-4
25	70458-93-4
25	70458-95-6
25	70458-95-6
25	70458-96-7
25	70458-96-7
25	704886-18-0
25	704886-18-0
25	705-24-8
25	705-24-8
25	705-28-2
25	705-28-2
25	705-29-3
25	705-29-3
25	705-31-7
25	705-31-7
25	705-70-4
25	705-70-4
25	70528-89-1
25	70528-89-1
25	70529-02-1
25	70529-02-1
25	70571-70-9
25	70571-70-9
25	70572-60-0
25	70572-60-0
25	706-08-1
25	706-08-1
25	706-27-4
25	706-27-4
25	706-79-6
25	706-79-6
25	70670-78-9
25	70670-78-9
25	70674-74-7
25	70674-74-7
25	707-72-2
25	707-72-2
25	70714-71-5
25	70714-71-5
25	70714-84-0
25	70714-84-0
25	70729-63-4
25	70729-63-4
25	707542-87-8
25	707542-87-8
25	70776-36-2
25	70776-36-2
25	70776-76-0
25	70776-76-0
25	70776-98-6
25	70776-98-6
25	70783-44-7
25	70783-44-7
25	70783-45-8
25	70783-45-8
25	70786-97-9
25	70786-97-9
25	70788-53-3
25	70788-53-3
25	708-64-5
25	708-64-5
25	708-98-5
25	708-98-5
25	70815-05-3
25	70815-05-3
25	70815-20-2
25	70815-20-2
25	70817-81-1
25	70817-81-1
25	70829-12-8
25	70829-12-8
25	70833-38-4
25	70833-38-4
25	70833-54-4
25	70833-54-4
25	70850-11-2
25	70850-11-2
25	70876-63-0
25	70876-63-0
25	70876-64-1
25	70876-64-1
25	70879-45-7
25	70879-45-7
25	70879-46-8
25	70879-46-8
25	70892-42-1
25	70892-42-1
25	709-24-0
25	709-24-0
25	709-60-4
25	709-60-4
25	709-63-7
25	709-63-7
25	70900-34-4
25	70900-34-4
25	70900-35-5
25	70900-35-5
25	70900-36-6
25	70900-36-6
25	70900-37-7
25	70900-37-7
25	70900-38-8
25	70900-38-8
25	70900-40-2
25	70900-40-2
25	70931-08-7
25	70931-08-7
25	70931-18-9
25	70931-18-9
25	70977-46-7
25	70977-46-7
25	70978-57-3
25	70978-57-3
25	710-18-9
25	710-18-9
25	710-65-6
25	710-65-6
25	71002-09-0
25	71002-09-0
25	71002-40-9
25	71002-40-9
25	71002-41-0
25	71002-41-0
25	71036-37-8
25	71036-37-8
25	71074-91-4
25	71074-91-4
25	71076-47-6
25	71076-47-6
25	71077-39-9
25	71077-39-9
25	711-10-4
25	711-10-4
25	711-33-1
25	711-33-1
25	711-38-6
25	711-38-6
25	71113-20-7
25	71113-20-7
25	71121-36-3
25	71121-36-3
25	71130-57-9
25	71130-57-9
25	71173-74-5
25	71173-74-5
25	71173-75-6
25	71173-75-6
25	71173-79-0
25	71173-79-0
25	71173-80-3
25	71173-80-3
25	71215-70-8
25	71215-70-8
25	71215-96-8
25	71215-96-8
25	71230-72-3
25	71230-72-3
25	71230-76-7
25	71230-76-7
25	71230-79-0
25	71230-79-0
25	71230-80-3
25	71230-80-3
25	712351-74-1
25	712351-74-1
25	7125-83-9
25	7125-83-9
25	7125-84-0
25	7125-84-0
25	7125-94-2
25	7125-94-2
25	7125-99-7
25	7125-99-7
25	7126-00-3
25	7126-00-3
25	7126-01-4
25	7126-01-4
25	7126-04-7
25	7126-04-7
25	7126-04-7
25	7126-04-7
25	7126-15-0
25	7126-15-0
25	7126-16-1
25	7126-16-1
25	71278-43-8
25	71278-43-8
25	71281-30-6
25	71281-30-6
25	713-41-7
25	713-41-7
25	713-65-5
25	713-65-5
25	713-85-9
25	713-85-9
25	71302-68-6
25	71302-68-6
25	71302-72-2
25	71302-72-2
25	71356-38-2
25	71356-38-2
25	71411-78-4
25	71411-78-4
25	71422-67-8
25	71422-67-8
25	71449-78-0
25	71449-78-0
25	71463-35-9
25	71463-35-9
25	71463-61-1
25	71463-61-1
25	71463-74-6
25	71463-74-6
25	71463-78-0
25	71463-78-0
25	71463-79-1
25	71463-79-1
25	71463-80-4
25	71463-80-4
25	71463-81-5
25	71463-81-5
25	71486-43-6
25	71486-43-6
25	71487-20-2
25	71487-20-2
25	71500-44-2
25	71500-44-2
25	71549-85-4
25	71549-85-4
25	71549-86-5
25	71549-86-5
25	71550-15-7
25	71550-15-7
25	71550-16-8
25	71550-16-8
25	71550-17-9
25	71550-17-9
25	71550-47-5
25	71550-47-5
25	71566-35-3
25	71566-35-3
25	71583-13-6
25	71583-13-6
25	7159-99-1
25	7159-99-1
25	71598-28-2
25	71598-28-2
25	71598-46-4
25	71598-46-4
25	716-82-5
25	716-82-5
25	71611-31-9
25	71611-31-9
25	71653-64-0
25	71653-64-0
25	71662-36-7
25	71662-36-7
25	71662-37-8
25	71662-37-8
25	71720-86-0
25	71720-86-0
25	71720-91-7
25	71720-91-7
25	71726-31-3
25	71726-31-3
25	71735-31-4
25	71735-31-4
25	71735-32-5
25	71735-32-5
25	71743-98-1
25	71743-98-1
25	71786-70-4
25	71786-70-4
25	718-64-9
25	718-64-9
25	71832-66-1
25	71832-66-1
25	71888-60-3
25	71888-60-3
25	719-60-8
25	719-60-8
25	719-96-0
25	719-96-0
25	71922-95-7
25	71922-95-7
25	71964-99-3
25	71964-99-3
25	71965-21-4
25	71965-21-4
25	71975-60-5
25	71975-60-5
25	71989-89-4
25	71989-89-4
25	71989-92-9
25	71989-92-9
25	71990-01-7
25	71990-01-7
25	719993-31-4
25	719993-31-4
25	720-01-4
25	720-01-4
25	720-94-5
25	720-94-5
25	72076-09-6
25	72076-09-6
25	721-37-9
25	721-37-9
25	72101-30-5
25	72101-30-5
25	72102-61-5
25	72102-61-5
25	72102-63-7
25	72102-63-7
25	72102-94-4
25	72102-94-4
25	72121-43-8
25	72121-43-8
25	72131-76-1
25	72131-76-1
25	72138-93-3
25	72138-93-3
25	72139-13-0
25	72139-13-0
25	72139-17-4
25	72139-17-4
25	72139-22-1
25	72139-22-1
25	72149-69-0
25	72149-69-0
25	72149-71-4
25	72149-71-4
25	72149-72-5
25	72149-72-5
25	72149-73-6
25	72149-73-6
25	72149-74-7
25	72149-74-7
25	72149-75-8
25	72149-75-8
25	72149-76-9
25	72149-76-9
25	72149-77-0
25	72149-77-0
25	72149-78-1
25	72149-78-1
25	72149-79-2
25	72149-79-2
25	72149-81-6
25	72149-81-6
25	72152-49-9
25	72152-49-9
25	72152-51-3
25	72152-51-3
25	72160-69-1
25	72160-69-1
25	72160-70-4
25	72160-70-4
25	72178-02-0
25	72178-02-0
25	72207-97-7
25	72207-97-7
25	72210-68-5
25	72210-68-5
25	72210-77-6
25	72210-77-6
25	72235-51-9
25	72235-51-9
25	72235-52-0
25	72235-52-0
25	72235-53-1
25	72235-53-1
25	72243-89-1
25	72243-89-1
25	72247-41-7
25	72247-41-7
25	72252-48-3
25	72252-48-3
25	72276-05-2
25	72276-05-2
25	72276-06-3
25	72276-06-3
25	72276-07-4
25	72276-07-4
25	72276-08-5
25	72276-08-5
25	72319-13-2
25	72319-13-2
25	72379-41-0
25	72379-41-0
25	72379-43-2
25	72379-43-2
25	72482-64-5
25	72482-64-5
25	72494-14-5
25	72494-14-5
25	72498-89-6
25	72498-89-6
25	725-89-3
25	725-89-3
25	726-21-6
25	726-21-6
25	72619-32-0
25	72619-32-0
25	72629-94-8
25	72629-94-8
25	72630-61-6
25	72630-61-6
25	72630-73-0
25	72630-73-0
25	72659-71-3
25	72659-71-3
25	727-98-0
25	727-98-0
25	727-99-1
25	727-99-1
25	72779-04-5
25	72779-04-5
25	72779-05-6
25	72779-05-6
25	72785-08-1
25	72785-08-1
25	728-80-3
25	728-80-3
25	728-81-4
25	728-81-4
25	728-86-9
25	728-86-9
25	72802-72-3
25	72802-72-3
25	72804-49-0
25	72804-49-0
25	72828-73-0
25	72828-73-0
25	72828-80-9
25	72828-80-9
25	72829-28-8
25	72829-28-8
25	72829-35-7
25	72829-35-7
25	7284-82-4
25	7284-82-4
25	72845-29-5
25	72845-29-5
25	72850-64-7
25	72850-64-7
25	72894-29-2
25	72894-29-2
25	729-81-7
25	729-81-7
25	7292-73-1
25	7292-73-1
25	72962-19-7
25	72962-19-7
25	72974-14-2
25	72974-14-2
25	72987-16-7
25	72987-16-7
25	72987-44-1
25	72987-44-1
25	73-48-3
25	73-48-3
25	73000-03-0
25	73000-03-0
25	73003-60-8
25	73003-60-8
25	73003-61-9
25	73003-61-9
25	73018-93-6
25	73018-93-6
25	73019-06-4
25	73019-06-4
25	73019-07-5
25	73019-07-5
25	73019-19-9
25	73019-19-9
25	73019-20-2
25	73019-20-2
25	73019-28-0
25	73019-28-0
25	73038-33-2
25	73038-33-2
25	7304-48-5
25	7304-48-5
25	7304-53-2
25	7304-53-2
25	7304-53-2
25	7304-53-2
25	7309-84-4
25	7309-84-4
25	731-27-1
25	731-27-1
25	73180-09-3
25	73180-09-3
25	732-95-6
25	732-95-6
25	73257-08-6
25	73257-08-6
25	73275-59-9
25	73275-59-9
25	733-51-7
25	733-51-7
25	73309-73-6
25	73309-73-6
25	73323-17-8
25	73323-17-8
25	7333-84-8
25	7333-84-8
25	73353-25-0
25	73353-25-0
25	73353-26-1
25	73353-26-1
25	7345-49-5
25	7345-49-5
25	73476-21-8
25	73476-21-8
25	73491-36-8
25	73491-36-8
25	735-06-8
25	735-06-8
25	73602-61-6
25	73602-61-6
25	73609-36-6
25	73609-36-6
25	73640-07-0
25	73640-07-0
25	73657-63-3
25	73657-63-3
25	73663-75-9
25	73663-75-9
25	73666-77-0
25	73666-77-0
25	73728-19-5
25	73728-19-5
25	73728-62-8
25	73728-62-8
25	73772-32-4
25	73772-32-4
25	73772-33-5
25	73772-33-5
25	73772-34-6
25	73772-34-6
25	73792-22-0
25	73792-22-0
25	7383-71-3
25	7383-71-3
25	7385-65-1
25	7385-65-1
25	73928-40-2
25	73928-40-2
25	73960-07-3
25	73960-07-3
25	73987-15-2
25	73987-15-2
25	740-20-5
25	740-20-5
25	740-61-4
25	740-61-4
25	74011-58-8
25	74011-58-8
25	74038-74-7
25	74038-74-7
25	74050-97-8
25	74050-97-8
25	74050-98-9
25	74050-98-9
25	74106-60-8
25	74106-60-8
25	74164-35-5
25	74164-35-5
25	74180-15-7
25	74180-15-7
25	74227-35-3
25	74227-35-3
25	74256-14-7
25	74256-14-7
25	74256-15-8
25	74256-15-8
25	74298-73-0
25	74298-73-0
25	7435-12-3
25	7435-12-3
25	74359-02-7
25	74359-02-7
25	74359-03-8
25	74359-03-8
25	74388-34-4
25	74388-34-4
25	74398-72-4
25	74398-72-4
25	7440-72-4
25	7440-72-4
25	7440-73-5
25	7440-73-5
25	74499-68-6
25	74499-68-6
25	74499-69-7
25	74499-69-7
25	74499-70-0
25	74499-70-0
25	74499-71-1
25	74499-71-1
25	7450-97-7
25	7450-97-7
25	7459-59-8
25	7459-59-8
25	74618-51-2
25	74618-51-2
25	74687-14-2
25	74687-14-2
25	74696-73-4
25	74696-73-4
25	749-02-0
25	749-02-0
25	749-13-3
25	749-13-3
25	74912-23-5
25	74912-23-5
25	74925-56-7
25	74925-56-7
25	74925-63-6
25	74925-63-6
25	74925-64-7
25	74925-64-7
25	74971-63-4
25	74971-63-4
25	75-02-5
25	75-02-5
25	75-10-5
25	75-10-5
25	75-23-0
25	75-23-0
25	75-37-6
25	75-37-6
25	75-38-7
25	75-38-7
25	75-43-4
25	75-43-4
25	75-45-6
25	75-45-6
25	75-46-7
25	75-46-7
25	75-61-6
25	75-61-6
25	75-63-8
25	75-63-8
25	75-68-3
25	75-68-3
25	75-69-4
25	75-69-4
25	75-71-8
25	75-71-8
25	75-72-9
25	75-72-9
25	75-73-0
25	75-73-0
25	75-82-1
25	75-82-1
25	75-88-7
25	75-88-7
25	75-89-8
25	75-89-8
25	75-90-1
25	75-90-1
25	75013-56-8
25	75013-56-8
25	75032-81-4
25	75032-81-4
25	75032-94-9
25	75032-94-9
25	75032-95-0
25	75032-95-0
25	75033-26-0
25	75033-26-0
25	75046-16-1
25	75046-16-1
25	75067-66-2
25	75067-66-2
25	75117-80-5
25	75117-80-5
25	75198-83-3
25	75198-83-3
25	75198-85-5
25	75198-85-5
25	75198-86-6
25	75198-86-6
25	75198-87-7
25	75198-87-7
25	75198-88-8
25	75198-88-8
25	75198-89-9
25	75198-89-9
25	75198-90-2
25	75198-90-2
25	75198-91-3
25	75198-91-3
25	75198-93-5
25	75198-93-5
25	75199-01-8
25	75199-01-8
25	75199-09-6
25	75199-09-6
25	75199-10-9
25	75199-10-9
25	75199-18-7
25	75199-18-7
25	75260-69-4
25	75260-69-4
25	75268-65-4
25	75268-65-4
25	75268-66-5
25	75268-66-5
25	75279-55-9
25	75279-55-9
25	753-53-7
25	753-53-7
25	753-59-3
25	753-59-3
25	753-66-2
25	753-66-2
25	753-90-2
25	753-90-2
25	753-98-0
25	753-98-0
25	75330-20-0
25	75330-20-0
25	75372-14-4
25	75372-14-4
25	754-12-1
25	754-12-1
25	754-17-6
25	754-17-6
25	754-34-7
25	754-34-7
25	754-85-8
25	754-85-8
25	754-87-0
25	754-87-0
25	754-91-6
25	754-91-6
25	754-96-1
25	754-96-1
25	754191-93-0
25	754191-93-0
25	75444-64-3
25	75444-64-3
25	75444-65-4
25	75444-65-4
25	75462-59-8
25	75462-59-8
25	755-21-5
25	755-21-5
25	755-25-9
25	755-25-9
25	755-40-8
25	755-40-8
25	755-73-7
25	755-73-7
25	755-95-3
25	755-95-3
25	7550-03-0
25	7550-03-0
25	755037-03-7
25	755037-03-7
25	75507-68-5
25	75507-68-5
25	75511-81-8
25	75511-81-8
25	75513-04-1
25	75513-04-1
25	75522-86-0
25	75522-86-0
25	75535-31-8
25	75535-31-8
25	756-09-2
25	756-09-2
25	756-12-7
25	756-12-7
25	756-13-8
25	756-13-8
25	756-48-9
25	756-48-9
25	756-76-3
25	756-76-3
25	75626-17-4
25	75626-17-4
25	75635-23-3
25	75635-23-3
25	75641-06-4
25	75641-06-4
25	75696-02-5
25	75696-02-5
25	757-17-5
25	757-17-5
25	757-95-9
25	757-95-9
25	75703-13-8
25	75703-13-8
25	7574-44-9
25	7574-44-9
25	7574-44-9
25	7574-44-9
25	75768-65-9
25	75768-65-9
25	7578-36-1
25	7578-36-1
25	7578-40-7
25	7578-40-7
25	758-24-7
25	758-24-7
25	758-33-8
25	758-33-8
25	758-41-8
25	758-41-8
25	758-42-9
25	758-42-9
25	758-48-5
25	758-48-5
25	75853-20-2
25	75853-20-2
25	75867-00-4
25	75867-00-4
25	7589-27-7
25	7589-27-7
25	7589-35-7
25	7589-35-7
25	75908-73-5
25	75908-73-5
25	75970-64-8
25	75970-64-8
25	76-04-0
25	76-04-0
25	76-05-1
25	76-05-1
25	76-11-9
25	76-11-9
25	76-12-0
25	76-12-0
25	76-13-1
25	76-13-1
25	76-14-2
25	76-14-2
25	76-15-3
25	76-15-3
25	76-16-4
25	76-16-4
25	76-17-5
25	76-17-5
25	76-17-5
25	76-17-5
25	76-18-6
25	76-18-6
25	76-19-7
25	76-19-7
25	76-21-1
25	76-21-1
25	76-25-5
25	76-25-5
25	76-37-9
25	76-37-9
25	76-38-0
25	76-38-0
25	76-43-7
25	76-43-7
25	7616-94-6
25	7616-94-6
25	76199-55-8
25	76199-55-8
25	762-49-2
25	762-49-2
25	762-50-5
25	762-50-5
25	762-51-6
25	762-51-6
25	762-56-1
25	762-56-1
25	762-70-9
25	762-70-9
25	76283-09-5
25	76283-09-5
25	763-14-4
25	763-14-4
25	7631-97-2
25	7631-97-2
25	76315-50-9
25	76315-50-9
25	76330-71-7
25	76330-71-7
25	76338-73-3
25	76338-73-3
25	7637-07-2
25	7637-07-2
25	76408-58-7
25	76408-58-7
25	76408-62-3
25	76408-62-3
25	76408-65-6
25	76408-65-6
25	76408-68-9
25	76408-68-9
25	76408-71-4
25	76408-71-4
25	76462-82-3
25	76462-82-3
25	7647-19-0
25	7647-19-0
25	76471-94-8
25	76471-94-8
25	76475-75-7
25	76475-75-7
25	7649-92-5
25	7649-92-5
25	765-63-9
25	765-63-9
25	76541-44-1
25	76541-44-1
25	76543-23-2
25	76543-23-2
25	76552-35-7
25	76552-35-7
25	76560-79-7
25	76560-79-7
25	76564-99-3
25	76564-99-3
25	7657-09-2
25	7657-09-2
25	766-11-0
25	766-11-0
25	766-49-4
25	766-49-4
25	766-98-3
25	766-98-3
25	7664-39-3
25	7664-39-3
25	76674-21-0
25	76674-21-0
25	76703-62-3
25	76703-62-3
25	76703-62-3
25	76703-62-3
25	76752-82-4
25	76752-82-4
25	76769-07-8
25	76769-07-8
25	76784-40-2
25	76784-40-2
25	76784-42-4
25	76784-42-4
25	768-31-0
25	768-31-0
25	768-35-4
25	768-35-4
25	76802-59-0
25	76802-59-0
25	76802-61-4
25	76802-61-4
25	7681-49-4
25	7681-49-4
25	7682-45-3
25	7682-45-3
25	7682-58-8
25	7682-58-8
25	7682-61-3
25	7682-61-3
25	769-10-8
25	769-10-8
25	769-39-1
25	769-39-1
25	769-40-4
25	769-40-4
25	76903-88-3
25	76903-88-3
25	76937-36-5
25	76937-36-5
25	770-95-6
25	770-95-6
25	770722-36-6
25	770722-36-6
25	770722-46-8
25	770722-46-8
25	771-56-2
25	771-56-2
25	771-60-8
25	771-60-8
25	771-61-9
25	771-61-9
25	771-62-0
25	771-62-0
25	771-63-1
25	771-63-1
25	771-69-7
25	771-69-7
25	77130-83-7
25	77130-83-7
25	772-31-6
25	772-31-6
25	772-49-6
25	772-49-6
25	77207-01-3
25	77207-01-3
25	77227-69-1
25	77227-69-1
25	77227-99-7
25	77227-99-7
25	77253-67-9
25	77253-67-9
25	77294-15-6
25	77294-15-6
25	773-14-8
25	773-14-8
25	773-15-9
25	773-15-9
25	773-82-0
25	773-82-0
25	7730-20-3
25	7730-20-3
25	77326-36-4
25	77326-36-4
25	77377-52-7
25	77377-52-7
25	774-18-5
25	774-18-5
25	7743-96-6
25	7743-96-6
25	77501-60-1
25	77501-60-1
25	77501-63-4
25	77501-63-4
25	77501-90-7
25	77501-90-7
25	77532-79-7
25	77532-79-7
25	77549-03-2
25	77549-03-2
25	7758-88-5
25	7758-88-5
25	776-04-5
25	776-04-5
25	777-12-8
25	777-12-8
25	777-33-3
25	777-33-3
25	777-37-7
25	777-37-7
25	777-44-6
25	777-44-6
25	7775-41-9
25	7775-41-9
25	77751-76-9
25	77751-76-9
25	77771-02-9
25	77771-02-9
25	77771-04-1
25	77771-04-1
25	77771-05-2
25	77771-05-2
25	77794-93-5
25	77794-93-5
25	778-26-7
25	778-26-7
25	778-35-8
25	778-35-8
25	778-61-0
25	778-61-0
25	778-94-9
25	778-94-9
25	7782-41-4
25	7782-41-4
25	7782-64-1
25	7782-64-1
25	77822-80-1
25	77822-80-1
25	7783-37-1
25	7783-37-1
25	7783-39-3
25	7783-39-3
25	7783-40-6
25	7783-40-6
25	7783-41-7
25	7783-41-7
25	7783-42-8
25	7783-42-8
25	7783-46-2
25	7783-46-2
25	7783-47-3
25	7783-47-3
25	7783-48-4
25	7783-48-4
25	7783-49-5
25	7783-49-5
25	7783-50-8
25	7783-50-8
25	7783-51-9
25	7783-51-9
25	7783-52-0
25	7783-52-0
25	7783-53-1
25	7783-53-1
25	7783-54-2
25	7783-54-2
25	7783-55-3
25	7783-55-3
25	7783-56-4
25	7783-56-4
25	7783-57-5
25	7783-57-5
25	7783-58-6
25	7783-58-6
25	7783-59-7
25	7783-59-7
25	7783-60-0
25	7783-60-0
25	7783-61-1
25	7783-61-1
25	7783-62-2
25	7783-62-2
25	7783-63-3
25	7783-63-3
25	7783-64-4
25	7783-64-4
25	7783-66-6
25	7783-66-6
25	7783-68-8
25	7783-68-8
25	7783-70-2
25	7783-70-2
25	7783-71-3
25	7783-71-3
25	7783-72-4
25	7783-72-4
25	7783-73-5
25	7783-73-5
25	7783-75-7
25	7783-75-7
25	7783-77-9
25	7783-77-9
25	7783-79-1
25	7783-79-1
25	7783-80-4
25	7783-80-4
25	7783-81-5
25	7783-81-5
25	7783-82-6
25	7783-82-6
25	7783-95-1
25	7783-95-1
25	7784-18-1
25	7784-18-1
25	7784-19-2
25	7784-19-2
25	7784-35-2
25	7784-35-2
25	7784-36-3
25	7784-36-3
25	77847-21-3
25	77847-21-3
25	7787-32-8
25	7787-32-8
25	7787-49-7
25	7787-49-7
25	7787-50-0
25	7787-50-0
25	7787-61-3
25	7787-61-3
25	7787-62-4
25	7787-62-4
25	7787-71-5
25	7787-71-5
25	7788-97-8
25	7788-97-8
25	7789-19-7
25	7789-19-7
25	7789-21-1
25	7789-21-1
25	7789-23-3
25	7789-23-3
25	7789-24-4
25	7789-24-4
25	7789-25-5
25	7789-25-5
25	7789-27-7
25	7789-27-7
25	7789-29-9
25	7789-29-9
25	7789-30-2
25	7789-30-2
25	7789-33-5
25	7789-33-5
25	7789-74-4
25	7789-74-4
25	7789-75-5
25	7789-75-5
25	779-89-5
25	779-89-5
25	7790-15-0
25	7790-15-0
25	7790-79-6
25	7790-79-6
25	7790-89-8
25	7790-89-8
25	7790-91-2
25	7790-91-2
25	77958-18-0
25	77958-18-0
25	7799-55-5
25	7799-55-5
25	7799-56-6
25	7799-56-6
25	77992-29-1
25	77992-29-1
25	78015-65-3
25	78015-65-3
25	78068-85-6
25	78068-85-6
25	782-17-2
25	782-17-2
25	78239-66-4
25	78239-66-4
25	78246-90-9
25	78246-90-9
25	783-06-2
25	783-06-2
25	783-13-1
25	783-13-1
25	784-14-5
25	784-14-5
25	784-38-3
25	784-38-3
25	785-56-8
25	785-56-8
25	78522-47-1
25	78522-47-1
25	78543-06-3
25	78543-06-3
25	78543-08-5
25	78543-08-5
25	78560-44-8
25	78560-44-8
25	78560-45-9
25	78560-45-9
25	78649-43-1
25	78649-43-1
25	78682-09-4
25	78682-09-4
25	787-57-5
25	787-57-5
25	78725-46-9
25	78725-46-9
25	78798-87-5
25	78798-87-5
25	788-41-0
25	788-41-0
25	78840-97-8
25	78840-97-8
25	78863-62-4
25	78863-62-4
25	78915-73-8
25	78915-73-8
25	78923-50-9
25	78923-50-9
25	78971-81-0
25	78971-81-0
25	78974-41-1
25	78974-41-1
25	78974-42-2
25	78974-42-2
25	78987-76-5
25	78987-76-5
25	78987-80-1
25	78987-80-1
25	79-35-6
25	79-35-6
25	79-38-9
25	79-38-9
25	79-47-0
25	79-47-0
25	79-52-7
25	79-52-7
25	79-53-8
25	79-53-8
25	790-69-2
25	790-69-2
25	79001-09-5
25	79001-09-5
25	79070-11-4
25	79070-11-4
25	791-50-4
25	791-50-4
25	79135-93-6
25	79135-93-6
25	79135-94-7
25	79135-94-7
25	79241-46-6
25	79241-46-6
25	79255-71-3
25	79255-71-3
25	79271-56-0
25	79271-56-0
25	79288-94-1
25	79288-94-1
25	792949-74-7
25	792949-74-7
25	79449-96-0
25	79449-96-0
25	79449-99-3
25	79449-99-3
25	79455-63-3
25	79455-63-3
25	79456-26-1
25	79456-26-1
25	79516-67-9
25	79516-67-9
25	79538-32-2
25	79538-32-2
25	796-59-8
25	796-59-8
25	79620-41-0
25	79620-41-0
25	79622-59-6
25	79622-59-6
25	79630-23-2
25	79630-23-2
25	79637-86-8
25	79637-86-8
25	79665-30-8
25	79665-30-8
25	79756-81-3
25	79756-81-3
25	79780-39-5
25	79780-39-5
25	79817-71-3
25	79817-71-3
25	79820-02-3
25	79820-02-3
25	79912-81-5
25	79912-81-5
25	79912-82-6
25	79912-82-6
25	79953-85-8
25	79953-85-8
25	80010-37-3
25	80010-37-3
25	80020-41-3
25	80020-41-3
25	80110-84-5
25	80110-84-5
25	80139-87-3
25	80139-87-3
25	80143-70-0
25	80143-70-0
25	80185-65-5
25	80185-65-5
25	802-93-7
25	802-93-7
25	80228-93-9
25	80228-93-9
25	80272-16-8
25	80272-16-8
25	80272-23-7
25	80272-23-7
25	80272-38-4
25	80272-38-4
25	80474-14-2
25	80474-14-2
25	80475-32-7
25	80475-32-7
25	80479-72-7
25	80479-72-7
25	80518-48-5
25	80518-48-5
25	80573-11-1
25	80573-11-1
25	80584-96-9
25	80584-96-9
25	80584-97-0
25	80584-97-0
25	806-29-1
25	806-29-1
25	80611-73-0
25	80611-73-0
25	80621-17-6
25	80621-17-6
25	80632-82-2
25	80632-82-2
25	8065-71-2
25	8065-71-2
25	8067-59-2
25	8067-59-2
25	807-38-5
25	807-38-5
25	80866-87-1
25	80866-87-1
25	80879-54-5
25	80879-54-5
25	80909-29-1
25	80909-29-1
25	80912-40-9
25	80912-40-9
25	80912-41-0
25	80912-41-0
25	80912-42-1
25	80912-42-1
25	80912-78-3
25	80912-78-3
25	80962-91-0
25	80962-91-0
25	80965-31-7
25	80965-31-7
25	81029-02-9
25	81029-02-9
25	81043-56-3
25	81043-56-3
25	81098-60-4
25	81098-60-4
25	811-59-6
25	811-59-6
25	811-95-0
25	811-95-0
25	811-96-1
25	811-96-1
25	811-97-2
25	811-97-2
25	811467-59-1
25	811467-59-1
25	81190-38-7
25	81190-38-7
25	812-04-4
25	812-04-4
25	812-30-6
25	812-30-6
25	812-94-2
25	812-94-2
25	81228-09-3
25	81228-09-3
25	81290-20-2
25	81290-20-2
25	813-44-5
25	813-44-5
25	813-45-6
25	813-45-6
25	814-61-9
25	814-61-9
25	81406-37-3
25	81406-37-3
25	81416-44-6
25	81416-44-6
25	815-06-5
25	815-06-5
25	815-80-5
25	815-80-5
25	81586-24-5
25	81586-24-5
25	816-38-6
25	816-38-6
25	81613-60-7
25	81613-60-7
25	81760-57-8
25	81760-57-8
25	81761-28-6
25	81761-28-6
25	818-91-7
25	818-91-7
25	818-92-8
25	818-92-8
25	818-99-5
25	818-99-5
25	819-00-1
25	819-00-1
25	819-21-6
25	819-21-6
25	82049-30-7
25	82049-30-7
25	820958-79-0
25	820958-79-0
25	82113-65-3
25	82113-65-3
25	82199-07-3
25	82199-07-3
25	823-56-3
25	823-56-3
25	823-85-8
25	823-85-8
25	82364-22-5
25	82364-22-5
25	82380-18-5
25	82380-18-5
25	82382-12-5
25	82382-12-5
25	824-75-9
25	824-75-9
25	824-80-6
25	824-80-6
25	82419-36-1
25	82419-36-1
25	825-22-9
25	825-22-9
25	82578-00-5
25	82578-00-5
25	82657-04-3
25	82657-04-3
25	82662-44-0
25	82662-44-0
25	82671-02-1
25	82671-02-1
25	82671-06-5
25	82671-06-5
25	827-05-4
25	827-05-4
25	827-08-7
25	827-08-7
25	827-15-6
25	827-15-6
25	827-87-2
25	827-87-2
25	827-88-3
25	827-88-3
25	827-99-6
25	827-99-6
25	828-27-3
25	828-27-3
25	828-73-9
25	828-73-9
25	82830-49-7
25	82830-49-7
25	82832-27-7
25	82832-27-7
25	82832-57-3
25	82832-57-3
25	82964-04-3
25	82964-04-3
25	830-43-3
25	830-43-3
25	830-50-2
25	830-50-2
25	83003-52-5
25	83003-52-5
25	83012-12-8
25	83012-12-8
25	83012-13-9
25	83012-13-9
25	83022-58-6
25	83022-58-6
25	83048-65-1
25	83048-65-1
25	83066-88-0
25	83066-88-0
25	831-75-4
25	831-75-4
25	83121-18-0
25	83121-18-0
25	83124-56-5
25	83124-56-5
25	83124-57-6
25	83124-57-6
25	83124-60-1
25	83124-60-1
25	83164-33-4
25	83164-33-4
25	83168-73-4
25	83168-73-4
25	83171-54-4
25	83171-54-4
25	83171-55-5
25	83171-55-5
25	832-53-1
25	832-53-1
25	832-72-4
25	832-72-4
25	83275-34-7
25	83275-34-7
25	83310-58-1
25	83310-58-1
25	83386-35-0
25	83386-35-0
25	83399-73-9
25	83399-73-9
25	83399-74-0
25	83399-74-0
25	83399-75-1
25	83399-75-1
25	83399-76-2
25	83399-76-2
25	83399-77-3
25	83399-77-3
25	83399-89-7
25	83399-89-7
25	83399-90-0
25	83399-90-0
25	83399-93-3
25	83399-93-3
25	83399-95-5
25	83399-95-5
25	83399-98-8
25	83399-98-8
25	83400-02-6
25	83400-02-6
25	83400-04-8
25	83400-04-8
25	83400-17-3
25	83400-17-3
25	83400-18-4
25	83400-18-4
25	83400-20-8
25	83400-20-8
25	83400-21-9
25	83400-21-9
25	83400-22-0
25	83400-22-0
25	835-58-5
25	835-58-5
25	83503-76-8
25	83503-76-8
25	83558-87-6
25	83558-87-6
25	83589-40-6
25	83589-40-6
25	836-79-3
25	836-79-3
25	836663-71-9
25	836663-71-9
25	83689-82-1
25	83689-82-1
25	837-95-6
25	837-95-6
25	83706-47-2
25	83706-47-2
25	83706-50-7
25	83706-50-7
25	83706-51-8
25	83706-51-8
25	83763-22-8
25	83763-22-8
25	83763-54-6
25	83763-54-6
25	83763-57-9
25	83763-57-9
25	83763-58-0
25	83763-58-0
25	83763-59-1
25	83763-59-1
25	83763-60-4
25	83763-60-4
25	83763-61-5
25	83763-61-5
25	83763-62-6
25	83763-62-6
25	83763-64-8
25	83763-64-8
25	83783-51-1
25	83783-51-1
25	83783-52-2
25	83783-52-2
25	83783-53-3
25	83783-53-3
25	83783-57-7
25	83783-57-7
25	83783-58-8
25	83783-58-8
25	83783-69-1
25	83783-69-1
25	83803-43-4
25	83803-43-4
25	83803-45-6
25	83803-45-6
25	83817-49-6
25	83817-49-6
25	83817-51-0
25	83817-51-0
25	83846-60-0
25	83846-60-0
25	83846-71-3
25	83846-71-3
25	83846-79-1
25	83846-79-1
25	83846-83-7
25	83846-83-7
25	83855-46-3
25	83855-46-3
25	83857-81-2
25	83857-81-2
25	83863-48-3
25	83863-48-3
25	83863-66-5
25	83863-66-5
25	83863-75-6
25	83863-75-6
25	83863-76-7
25	83863-76-7
25	83877-83-2
25	83877-83-2
25	83877-84-3
25	83877-84-3
25	83877-85-4
25	83877-85-4
25	83882-67-1
25	83882-67-1
25	83898-27-5
25	83898-27-5
25	83898-36-6
25	83898-36-6
25	83898-66-2
25	83898-66-2
25	83898-67-3
25	83898-67-3
25	839-78-1
25	839-78-1
25	83918-76-7
25	83918-76-7
25	83929-31-1
25	83929-31-1
25	83936-79-2
25	83936-79-2
25	84029-52-7
25	84029-52-7
25	84029-54-9
25	84029-54-9
25	84029-56-1
25	84029-56-1
25	84029-58-3
25	84029-58-3
25	84029-60-7
25	84029-60-7
25	84030-18-2
25	84030-18-2
25	84041-66-7
25	84041-66-7
25	84100-11-8
25	84100-11-8
25	84100-12-9
25	84100-12-9
25	84100-13-0
25	84100-13-0
25	84100-32-3
25	84100-32-3
25	84100-61-8
25	84100-61-8
25	84100-74-3
25	84100-74-3
25	84100-75-4
25	84100-75-4
25	84145-00-6
25	84145-00-6
25	84145-01-7
25	84145-01-7
25	84145-17-5
25	84145-17-5
25	84145-18-6
25	84145-18-6
25	84145-19-7
25	84145-19-7
25	84145-20-0
25	84145-20-0
25	84145-21-1
25	84145-21-1
25	84145-28-8
25	84145-28-8
25	84145-63-1
25	84145-63-1
25	84145-69-7
25	84145-69-7
25	84145-70-0
25	84145-70-0
25	84176-66-9
25	84176-66-9
25	84196-01-0
25	84196-01-0
25	84196-03-2
25	84196-03-2
25	84196-04-3
25	84196-04-3
25	84196-10-1
25	84196-10-1
25	84206-95-1
25	84206-95-1
25	84255-03-8
25	84255-03-8
25	84260-78-6
25	84260-78-6
25	84260-79-7
25	84260-79-7
25	84282-34-8
25	84282-34-8
25	84282-36-0
25	84282-36-0
25	84282-38-2
25	84282-38-2
25	84282-39-3
25	84282-39-3
25	84304-15-4
25	84304-15-4
25	84304-16-5
25	84304-16-5
25	84315-23-1
25	84315-23-1
25	84434-77-5
25	84434-77-5
25	84455-36-7
25	84455-36-7
25	84461-35-8
25	84461-35-8
25	84466-05-7
25	84466-05-7
25	84473-83-6
25	84473-83-6
25	84478-52-4
25	84478-52-4
25	845-05-6
25	845-05-6
25	84501-68-8
25	84501-68-8
25	84532-72-9
25	84532-72-9
25	845825-70-9
25	845825-70-9
25	84604-32-0
25	84604-32-0
25	84604-67-1
25	84604-67-1
25	84650-68-0
25	84650-68-0
25	84682-24-6
25	84682-24-6
25	84696-91-3
25	84696-91-3
25	84696-96-8
25	84696-96-8
25	847-51-8
25	847-51-8
25	84712-95-8
25	84712-95-8
25	84731-71-5
25	84731-71-5
25	84732-21-8
25	84732-21-8
25	84787-82-6
25	84787-82-6
25	84789-95-7
25	84789-95-7
25	84794-98-9
25	84794-98-9
25	84794-99-0
25	84794-99-0
25	84808-63-9
25	84808-63-9
25	84816-05-7
25	84816-05-7
25	84816-56-8
25	84816-56-8
25	84864-64-2
25	84864-64-2
25	84864-65-3
25	84864-65-3
25	84873-35-8
25	84873-35-8
25	84875-24-1
25	84875-24-1
25	84937-88-2
25	84937-88-2
25	84946-15-6
25	84946-15-6
25	84946-19-0
25	84946-19-0
25	84946-20-3
25	84946-20-3
25	84946-22-5
25	84946-22-5
25	84946-23-6
25	84946-23-6
25	84962-54-9
25	84962-54-9
25	84962-74-3
25	84962-74-3
25	84962-75-4
25	84962-75-4
25	850-05-5
25	850-05-5
25	85013-98-5
25	85013-98-5
25	85050-04-0
25	85050-04-0
25	85068-27-5
25	85068-27-5
25	85068-28-6
25	85068-28-6
25	85068-29-7
25	85068-29-7
25	85068-30-0
25	85068-30-0
25	85068-31-1
25	85068-31-1
25	85068-32-2
25	85068-32-2
25	85068-33-3
25	85068-33-3
25	85068-34-4
25	85068-34-4
25	85068-35-5
25	85068-35-5
25	85068-36-6
25	85068-36-6
25	85085-18-3
25	85085-18-3
25	85089-31-2
25	85089-31-2
25	85098-63-1
25	85098-63-1
25	85098-68-6
25	85098-68-6
25	85098-75-5
25	85098-75-5
25	85098-77-7
25	85098-77-7
25	85098-78-8
25	85098-78-8
25	85099-27-0
25	85099-27-0
25	85099-29-2
25	85099-29-2
25	85099-31-6
25	85099-31-6
25	85117-85-7
25	85117-85-7
25	85117-88-0
25	85117-88-0
25	85117-99-3
25	85117-99-3
25	851179-00-5
25	851179-00-5
25	85118-00-9
25	85118-00-9
25	85118-01-0
25	85118-01-0
25	85118-02-1
25	85118-02-1
25	85118-03-2
25	85118-03-2
25	85118-04-3
25	85118-04-3
25	85118-05-4
25	85118-05-4
25	85118-06-5
25	85118-06-5
25	85118-07-6
25	85118-07-6
25	85118-21-4
25	85118-21-4
25	85118-22-5
25	85118-22-5
25	85118-23-6
25	85118-23-6
25	85118-24-7
25	85118-24-7
25	85118-26-9
25	85118-26-9
25	85118-27-0
25	85118-27-0
25	85118-30-5
25	85118-30-5
25	85118-34-9
25	85118-34-9
25	85153-92-0
25	85153-92-0
25	85169-02-4
25	85169-02-4
25	85177-88-4
25	85177-88-4
25	85187-17-3
25	85187-17-3
25	85187-22-0
25	85187-22-0
25	85187-26-4
25	85187-26-4
25	85222-98-6
25	85222-98-6
25	85222-99-7
25	85222-99-7
25	85237-43-0
25	85237-43-0
25	85237-44-1
25	85237-44-1
25	85237-65-6
25	85237-65-6
25	85248-82-4
25	85248-82-4
25	85284-15-7
25	85284-15-7
25	85284-17-9
25	85284-17-9
25	852913-16-7
25	852913-16-7
25	853-39-4
25	853-39-4
25	85312-59-0
25	85312-59-0
25	85371-59-1
25	85371-59-1
25	85391-22-6
25	85391-22-6
25	85391-83-9
25	85391-83-9
25	85401-48-5
25	85401-48-5
25	85443-44-3
25	85443-44-3
25	854457-83-3
25	854457-83-3
25	85491-26-5
25	85491-26-5
25	85508-11-8
25	85508-11-8
25	85508-36-7
25	85508-36-7
25	85509-19-9
25	85509-19-9
25	855245-60-2
25	855245-60-2
25	85536-80-7
25	85536-80-7
25	85567-21-1
25	85567-21-1
25	85567-23-3
25	85567-23-3
25	85567-44-8
25	85567-44-8
25	856204-16-5
25	856204-16-5
25	856316-63-7
25	856316-63-7
25	85650-47-1
25	85650-47-1
25	85665-64-1
25	85665-64-1
25	85665-65-2
25	85665-65-2
25	85665-66-3
25	85665-66-3
25	85665-67-4
25	85665-67-4
25	85665-84-5
25	85665-84-5
25	85665-96-9
25	85665-96-9
25	85665-97-0
25	85665-97-0
25	856859-79-5
25	856859-79-5
25	85702-69-8
25	85702-69-8
25	85711-89-3
25	85711-89-3
25	857171-67-6
25	857171-67-6
25	857179-93-2
25	857179-93-2
25	85720-78-1
25	85720-78-1
25	85720-79-2
25	85720-79-2
25	85720-80-5
25	85720-80-5
25	85720-81-6
25	85720-81-6
25	85720-82-7
25	85720-82-7
25	85720-83-8
25	85720-83-8
25	85721-01-3
25	85721-01-3
25	85721-02-4
25	85721-02-4
25	85721-03-5
25	85721-03-5
25	85721-04-6
25	85721-04-6
25	85721-06-8
25	85721-06-8
25	85721-08-0
25	85721-08-0
25	85721-09-1
25	85721-09-1
25	85721-10-4
25	85721-10-4
25	85737-06-0
25	85737-06-0
25	85750-31-8
25	85750-31-8
25	85782-82-7
25	85782-82-7
25	858-46-8
25	858-46-8
25	85857-16-5
25	85857-16-5
25	85857-17-6
25	85857-17-6
25	85877-79-8
25	85877-79-8
25	85896-79-3
25	85896-79-3
25	85938-48-3
25	85938-48-3
25	85938-49-4
25	85938-49-4
25	85938-56-3
25	85938-56-3
25	860-39-9
25	860-39-9
25	86023-37-2
25	86023-37-2
25	86060-98-2
25	86060-98-2
25	86130-60-1
25	86130-60-1
25	86143-93-3
25	86143-93-3
25	861647-84-9
25	861647-84-9
25	86209-51-0
25	86209-51-0
25	86393-32-0
25	86393-32-0
25	86393-33-1
25	86393-33-1
25	86393-34-2
25	86393-34-2
25	86393-37-5
25	86393-37-5
25	863982-24-5
25	863982-24-5
25	86422-59-5
25	86422-59-5
25	86479-06-3
25	86479-06-3
25	865-54-3
25	865-54-3
25	865-71-4
25	865-71-4
25	865-77-0
25	865-77-0
25	865-79-2
25	865-79-2
25	865-86-1
25	865-86-1
25	86512-61-0
25	86512-61-0
25	86512-62-1
25	86512-62-1
25	86522-89-6
25	86522-89-6
25	86560-92-1
25	86560-92-1
25	86560-93-2
25	86560-93-2
25	86560-94-3
25	86560-94-3
25	86560-95-4
25	86560-95-4
25	867-84-5
25	867-84-5
25	86714-23-0
25	86714-23-0
25	86760-99-8
25	86760-99-8
25	86776-50-3
25	86776-50-3
25	86776-51-4
25	86776-51-4
25	86776-52-5
25	86776-52-5
25	86776-54-7
25	86776-54-7
25	86786-89-2
25	86786-89-2
25	86811-58-7
25	86811-58-7
25	86815-86-3
25	86815-86-3
25	86918-45-8
25	86918-45-8
25	86921-26-8
25	86921-26-8
25	86960-56-7
25	86960-56-7
25	870-56-4
25	870-56-4
25	87051-43-2
25	87051-43-2
25	870778-34-0
25	870778-34-0
25	87182-96-5
25	87182-96-5
25	87237-48-7
25	87237-48-7
25	87331-13-3
25	87331-13-3
25	87454-84-0
25	87454-84-0
25	874967-67-6
25	874967-67-6
25	87531-85-9
25	87531-85-9
25	87547-04-4
25	87547-04-4
25	87686-42-8
25	87686-42-8
25	87749-50-6
25	87749-50-6
25	87750-50-3
25	87750-50-3
25	87750-58-1
25	87750-58-1
25	87750-59-2
25	87750-59-2
25	87750-60-5
25	87750-60-5
25	87750-61-6
25	87750-61-6
25	87787-49-3
25	87787-49-3
25	87788-31-6
25	87788-31-6
25	879-05-0
25	879-05-0
25	879630-66-7
25	879630-66-7
25	879632-46-9
25	879632-46-9
25	879632-52-7
25	879632-52-7
25	879635-62-8
25	879635-62-8
25	87988-69-0
25	87988-69-0
25	87996-54-1
25	87996-54-1
25	87996-55-2
25	87996-55-2
25	87996-56-3
25	87996-56-3
25	87996-57-4
25	87996-57-4
25	87996-58-5
25	87996-58-5
25	88-16-4
25	88-16-4
25	88-17-5
25	88-17-5
25	88-30-2
25	88-30-2
25	880-78-4
25	880-78-4
25	88149-49-9
25	88149-49-9
25	88159-08-4
25	88159-08-4
25	88248-34-4
25	88248-34-4
25	88314-57-2
25	88314-57-2
25	883243-18-3
25	883243-18-3
25	88439-27-4
25	88439-27-4
25	88485-37-4
25	88485-37-4
25	88505-66-2
25	88505-66-2
25	88508-33-2
25	88508-33-2
25	88569-30-6
25	88569-30-6
25	88569-33-9
25	88569-33-9
25	88569-34-0
25	88569-34-0
25	88569-39-5
25	88569-39-5
25	88606-96-6
25	88606-96-6
25	88645-28-7
25	88645-28-7
25	887148-69-8
25	887148-69-8
25	887919-36-0
25	887919-36-0
25	88795-12-4
25	88795-12-4
25	89-99-6
25	89-99-6
25	89076-28-8
25	89076-28-8
25	89147-30-8
25	89147-30-8
25	89182-94-5
25	89182-94-5
25	893-33-4
25	893-33-4
25	89329-09-9
25	89329-09-9
25	89402-43-7
25	89402-43-7
25	89452-37-9
25	89452-37-9
25	89461-13-2
25	89461-13-2
25	89513-75-7
25	89513-75-7
25	89685-61-0
25	89685-61-0
25	89923-44-4
25	89923-44-4
25	89987-98-4
25	89987-98-4
25	900178-90-7
25	900178-90-7
25	9002-83-9
25	9002-83-9
25	9002-84-0
25	9002-84-0
25	90035-08-8
25	90035-08-8
25	90062-89-8
25	90062-89-8
25	90076-65-6
25	90076-65-6
25	9010-75-7
25	9010-75-7
25	9011-17-0
25	9011-17-0
25	90134-59-1
25	90134-59-1
25	9014-83-9
25	9014-83-9
25	90179-39-8
25	90179-39-8
25	90194-06-2
25	90194-06-2
25	90194-07-3
25	90194-07-3
25	90267-56-4
25	90267-56-4
25	90268-90-9
25	90268-90-9
25	90268-99-8
25	90268-99-8
25	90341-99-4
25	90341-99-4
25	90357-53-2
25	90357-53-2
25	90366-80-6
25	90366-80-6
25	90366-81-7
25	90366-81-7
25	90366-93-1
25	90366-93-1
25	90366-94-2
25	90366-94-2
25	90387-95-4
25	90387-95-4
25	90387-97-6
25	90387-97-6
25	90387-98-7
25	90387-98-7
25	90389-84-7
25	90389-84-7
25	90390-27-5
25	90390-27-5
25	90411-86-2
25	90411-86-2
25	90411-87-3
25	90411-87-3
25	90411-88-4
25	90411-88-4
25	90431-82-6
25	90431-82-6
25	90431-83-7
25	90431-83-7
25	90431-84-8
25	90431-84-8
25	90431-85-9
25	90431-85-9
25	90454-18-5
25	90454-18-5
25	90454-18-5
25	90454-18-5
25	90480-57-2
25	90480-57-2
25	907204-31-3
25	907204-31-3
25	90736-23-5
25	90736-23-5
25	9074-77-5
25	9074-77-5
25	90774-69-9
25	90774-69-9
25	90885-01-1
25	90885-01-1
25	91036-71-4
25	91036-71-4
25	91170-72-8
25	91170-72-8
25	91274-21-4
25	91274-21-4
25	91288-10-7
25	91288-10-7
25	91315-61-6
25	91315-61-6
25	913961-81-6
25	913961-81-6
25	913961-83-8
25	913961-83-8
25	914458-26-7
25	914458-26-7
25	91465-08-6
25	91465-08-6
25	915-76-4
25	915-76-4
25	915288-13-0
25	915288-13-0
25	91615-22-4
25	91615-22-4
25	918-21-8
25	918-21-8
25	918-22-9
25	918-22-9
25	918162-02-4
25	918162-02-4
25	918504-65-1
25	918504-65-1
25	91899-63-7
25	91899-63-7
25	919005-14-4
25	919005-14-4
25	92-30-8
25	92-30-8
25	920-66-1
25	920-66-1
25	920269-33-6
25	920269-33-6
25	92071-84-6
25	92071-84-6
25	92118-81-5
25	92118-81-5
25	92118-82-6
25	92118-82-6
25	92118-83-7
25	92118-83-7
25	92118-84-8
25	92118-84-8
25	92265-81-1
25	92265-81-1
25	92589-17-8
25	92589-17-8
25	926914-55-8
25	926914-55-8
25	927-84-4
25	927-84-4
25	92709-16-5
25	92709-16-5
25	928633-76-5
25	928633-76-5
25	92880-60-9
25	92880-60-9
25	930120-90-4
25	930120-90-4
25	931-91-9
25	931-91-9
25	93106-60-6
25	93106-60-6
25	93107-08-5
25	93107-08-5
25	93107-30-3
25	93107-30-3
25	93343-10-3
25	93343-10-3
25	93384-75-9
25	93384-75-9
25	93384-79-3
25	93384-79-3
25	93384-80-6
25	93384-80-6
25	93384-81-7
25	93384-81-7
25	93480-00-3
25	93480-00-3
25	93480-06-9
25	93480-06-9
25	93480-09-2
25	93480-09-2
25	93516-03-1
25	93516-03-1
25	93611-23-5
25	93611-23-5
25	93705-98-7
25	93705-98-7
25	93743-04-5
25	93743-04-5
25	93762-09-5
25	93762-09-5
25	93762-10-8
25	93762-10-8
25	93762-11-9
25	93762-11-9
25	93762-12-0
25	93762-12-0
25	93776-00-2
25	93776-00-2
25	93776-01-3
25	93776-01-3
25	93776-02-4
25	93776-02-4
25	93776-03-5
25	93776-03-5
25	93776-04-6
25	93776-04-6
25	93776-05-7
25	93776-05-7
25	93776-06-8
25	93776-06-8
25	93776-07-9
25	93776-07-9
25	93776-08-0
25	93776-08-0
25	93776-09-1
25	93776-09-1
25	93776-10-4
25	93776-10-4
25	93776-11-5
25	93776-11-5
25	93776-12-6
25	93776-12-6
25	93776-13-7
25	93776-13-7
25	93776-14-8
25	93776-14-8
25	93776-15-9
25	93776-15-9
25	93776-16-0
25	93776-16-0
25	93776-17-1
25	93776-17-1
25	93776-18-2
25	93776-18-2
25	93776-19-3
25	93776-19-3
25	93776-20-6
25	93776-20-6
25	93776-21-7
25	93776-21-7
25	93776-22-8
25	93776-22-8
25	93776-23-9
25	93776-23-9
25	93776-24-0
25	93776-24-0
25	93776-25-1
25	93776-25-1
25	93776-26-2
25	93776-26-2
25	93776-27-3
25	93776-27-3
25	93776-28-4
25	93776-28-4
25	93776-29-5
25	93776-29-5
25	93776-30-8
25	93776-30-8
25	93776-31-9
25	93776-31-9
25	93777-06-1
25	93777-06-1
25	93777-12-9
25	93777-12-9
25	93777-13-0
25	93777-13-0
25	93777-26-5
25	93777-26-5
25	93777-66-3
25	93777-66-3
25	93778-51-9
25	93778-51-9
25	93803-06-6
25	93803-06-6
25	93804-21-8
25	93804-21-8
25	93804-88-7
25	93804-88-7
25	93819-97-7
25	93819-97-7
25	93839-16-8
25	93839-16-8
25	93839-17-9
25	93839-17-9
25	93839-18-0
25	93839-18-0
25	93839-19-1
25	93839-19-1
25	93840-07-4
25	93840-07-4
25	93841-19-1
25	93841-19-1
25	93856-96-3
25	93856-96-3
25	93857-42-2
25	93857-42-2
25	93857-43-3
25	93857-43-3
25	93857-44-4
25	93857-44-4
25	93857-45-5
25	93857-45-5
25	93857-46-6
25	93857-46-6
25	93857-47-7
25	93857-47-7
25	93857-48-8
25	93857-48-8
25	93857-49-9
25	93857-49-9
25	93857-50-2
25	93857-50-2
25	93857-51-3
25	93857-51-3
25	93857-52-4
25	93857-52-4
25	93857-53-5
25	93857-53-5
25	93857-54-6
25	93857-54-6
25	93857-55-7
25	93857-55-7
25	93857-56-8
25	93857-56-8
25	93857-90-0
25	93857-90-0
25	93858-69-6
25	93858-69-6
25	93894-52-1
25	93894-52-1
25	93894-53-2
25	93894-53-2
25	93894-54-3
25	93894-54-3
25	93894-55-4
25	93894-55-4
25	93894-56-5
25	93894-56-5
25	93894-57-6
25	93894-57-6
25	93894-65-6
25	93894-65-6
25	93894-66-7
25	93894-66-7
25	93894-67-8
25	93894-67-8
25	93894-68-9
25	93894-68-9
25	93894-70-3
25	93894-70-3
25	93894-71-4
25	93894-71-4
25	93894-72-5
25	93894-72-5
25	93894-73-6
25	93894-73-6
25	93894-74-7
25	93894-74-7
25	939-99-1
25	939-99-1
25	93919-56-3
25	93919-56-3
25	93919-57-4
25	93919-57-4
25	93923-93-4
25	93923-93-4
25	93923-94-5
25	93923-94-5
25	93939-74-3
25	93939-74-3
25	93940-69-3
25	93940-69-3
25	93942-41-7
25	93942-41-7
25	93942-42-8
25	93942-42-8
25	939426-00-3
25	939426-00-3
25	93951-33-8
25	93951-33-8
25	93957-49-4
25	93957-49-4
25	93957-50-7
25	93957-50-7
25	93962-52-8
25	93962-52-8
25	93962-54-0
25	93962-54-0
25	93982-47-9
25	93982-47-9
25	94006-14-1
25	94006-14-1
25	94006-35-6
25	94006-35-6
25	94021-77-9
25	94021-77-9
25	94022-94-3
25	94022-94-3
25	94022-95-4
25	94022-95-4
25	94022-96-5
25	94022-96-5
25	94022-97-6
25	94022-97-6
25	94022-98-7
25	94022-98-7
25	94022-99-8
25	94022-99-8
25	94023-00-4
25	94023-00-4
25	94030-95-2
25	94030-95-2
25	94030-96-3
25	94030-96-3
25	94030-97-4
25	94030-97-4
25	94042-94-1
25	94042-94-1
25	94042-95-2
25	94042-95-2
25	94043-06-8
25	94043-06-8
25	94087-40-8
25	94087-40-8
25	94087-97-5
25	94087-97-5
25	94087-99-7
25	94087-99-7
25	94088-00-3
25	94088-00-3
25	94088-45-6
25	94088-45-6
25	94088-46-7
25	94088-46-7
25	94088-80-9
25	94088-80-9
25	94089-09-5
25	94089-09-5
25	94089-10-8
25	94089-10-8
25	94094-26-5
25	94094-26-5
25	94094-50-5
25	94094-50-5
25	94094-55-0
25	94094-55-0
25	94107-57-0
25	94107-57-0
25	94107-63-8
25	94107-63-8
25	94108-54-0
25	94108-54-0
25	94108-55-1
25	94108-55-1
25	94108-56-2
25	94108-56-2
25	94108-96-0
25	94108-96-0
25	94125-34-5
25	94125-34-5
25	94133-62-7
25	94133-62-7
25	94133-63-8
25	94133-63-8
25	94133-64-9
25	94133-64-9
25	94133-65-0
25	94133-65-0
25	94133-66-1
25	94133-66-1
25	94133-67-2
25	94133-67-2
25	94133-68-3
25	94133-68-3
25	94133-69-4
25	94133-69-4
25	94133-70-7
25	94133-70-7
25	94133-72-9
25	94133-72-9
25	94133-73-0
25	94133-73-0
25	94133-90-1
25	94133-90-1
25	94133-91-2
25	94133-91-2
25	94135-30-5
25	94135-30-5
25	94135-31-6
25	94135-31-6
25	94135-37-2
25	94135-37-2
25	94135-38-3
25	94135-38-3
25	94135-40-7
25	94135-40-7
25	94135-58-7
25	94135-58-7
25	94135-91-8
25	94135-91-8
25	94139-03-4
25	94139-03-4
25	94148-56-8
25	94148-56-8
25	94157-91-2
25	94157-91-2
25	94157-92-3
25	94157-92-3
25	94158-20-0
25	94158-20-0
25	94158-60-8
25	94158-60-8
25	94158-61-9
25	94158-61-9
25	94158-62-0
25	94158-62-0
25	94158-63-1
25	94158-63-1
25	94158-64-2
25	94158-64-2
25	94158-65-3
25	94158-65-3
25	94158-66-4
25	94158-66-4
25	94158-67-5
25	94158-67-5
25	94158-68-6
25	94158-68-6
25	94158-69-7
25	94158-69-7
25	94158-70-0
25	94158-70-0
25	94159-76-9
25	94159-76-9
25	94159-77-0
25	94159-77-0
25	94159-78-1
25	94159-78-1
25	94159-79-2
25	94159-79-2
25	94159-80-5
25	94159-80-5
25	94159-81-6
25	94159-81-6
25	94159-82-7
25	94159-82-7
25	94159-83-8
25	94159-83-8
25	94159-84-9
25	94159-84-9
25	94159-85-0
25	94159-85-0
25	94159-86-1
25	94159-86-1
25	94159-87-2
25	94159-87-2
25	94159-88-3
25	94159-88-3
25	94159-89-4
25	94159-89-4
25	94159-90-7
25	94159-90-7
25	94159-91-8
25	94159-91-8
25	94159-92-9
25	94159-92-9
25	94160-37-9
25	94160-37-9
25	94160-38-0
25	94160-38-0
25	94160-39-1
25	94160-39-1
25	942-70-1
25	942-70-1
25	94200-42-7
25	94200-42-7
25	94200-43-8
25	94200-43-8
25	94200-44-9
25	94200-44-9
25	94200-45-0
25	94200-45-0
25	94200-46-1
25	94200-46-1
25	94200-47-2
25	94200-47-2
25	94200-48-3
25	94200-48-3
25	94200-49-4
25	94200-49-4
25	94200-50-7
25	94200-50-7
25	94200-51-8
25	94200-51-8
25	94200-52-9
25	94200-52-9
25	94200-53-0
25	94200-53-0
25	94200-54-1
25	94200-54-1
25	94200-55-2
25	94200-55-2
25	94200-56-3
25	94200-56-3
25	94200-57-4
25	94200-57-4
25	94200-83-6
25	94200-83-6
25	94201-55-5
25	94201-55-5
25	94231-56-8
25	94231-56-8
25	94231-57-9
25	94231-57-9
25	94231-58-0
25	94231-58-0
25	94231-59-1
25	94231-59-1
25	94232-71-0
25	94232-71-0
25	94232-72-1
25	94232-72-1
25	94232-75-4
25	94232-75-4
25	94237-06-6
25	94237-06-6
25	94237-07-7
25	94237-07-7
25	94237-08-8
25	94237-08-8
25	94237-11-3
25	94237-11-3
25	94237-12-4
25	94237-12-4
25	94237-13-5
25	94237-13-5
25	94237-17-9
25	94237-17-9
25	94237-33-9
25	94237-33-9
25	94239-04-0
25	94239-04-0
25	94291-75-5
25	94291-75-5
25	94291-76-6
25	94291-76-6
25	94291-77-7
25	94291-77-7
25	94291-78-8
25	94291-78-8
25	94292-00-9
25	94292-00-9
25	94313-84-5
25	94313-84-5
25	94333-56-9
25	94333-56-9
25	94349-46-9
25	94349-46-9
25	944-43-4
25	944-43-4
25	94481-71-7
25	94481-71-7
25	946-65-6
25	946-65-6
25	946578-00-3
25	946578-00-3
25	94695-52-0
25	94695-52-0
25	94720-90-8
25	94720-90-8
25	94732-98-6
25	94732-98-6
25	94737-81-2
25	94737-81-2
25	94737-82-3
25	94737-82-3
25	94840-77-4
25	94840-77-4
25	95-52-3
25	95-52-3
25	950196-00-6
25	950196-00-6
25	950782-86-2
25	950782-86-2
25	95144-12-0
25	95144-12-0
25	95251-52-8
25	95251-52-8
25	952666-08-9
25	952666-08-9
25	95328-99-7
25	95328-99-7
25	95379-18-3
25	95379-18-3
25	95379-51-4
25	95379-51-4
25	95401-34-6
25	95401-34-6
25	954128-25-7
25	954128-25-7
25	954128-26-8
25	954128-26-8
25	95590-48-0
25	95590-48-0
25	957-56-2
25	957-56-2
25	957554-49-3
25	957554-49-3
25	958445-44-8
25	958445-44-8
25	958807-65-3
25	958807-65-3
25	958811-26-2
25	958811-26-2
25	958811-66-0
25	958811-66-0
25	958823-07-9
25	958823-07-9
25	95977-29-0
25	95977-29-0
25	95977-30-3
25	95977-30-3
25	96-64-0
25	96-64-0
25	96164-66-8
25	96164-66-8
25	96250-37-2
25	96250-37-2
25	96250-38-3
25	96250-38-3
25	96250-42-9
25	96250-42-9
25	96250-49-6
25	96250-49-6
25	96342-74-4
25	96342-74-4
25	96525-23-4
25	96525-23-4
25	96568-04-6
25	96568-04-6
25	96606-37-0
25	96606-37-0
25	96740-33-9
25	96740-33-9
25	96782-78-4
25	96782-78-4
25	96782-93-3
25	96782-93-3
25	96782-94-4
25	96782-94-4
25	96795-39-0
25	96795-39-0
25	96795-40-3
25	96795-40-3
25	96958-96-2
25	96958-96-2
25	97136-02-2
25	97136-02-2
25	97158-42-4
25	97158-42-4
25	97158-53-7
25	97158-53-7
25	97158-54-8
25	97158-54-8
25	97163-17-2
25	97163-17-2
25	97259-81-9
25	97259-81-9
25	97298-47-0
25	97298-47-0
25	973-17-1
25	973-17-1
25	97331-50-5
25	97331-50-5
25	97358-58-2
25	97358-58-2
25	97403-94-6
25	97403-94-6
25	97403-95-7
25	97403-95-7
25	97559-21-2
25	97559-21-2
25	978-62-1
25	978-62-1
25	978-63-2
25	978-63-2
25	97886-45-8
25	97886-45-8
25	97898-34-5
25	97898-34-5
25	97903-70-3
25	97903-70-3
25	97941-21-4
25	97941-21-4
25	98-08-8
25	98-08-8
25	98-15-7
25	98-15-7
25	98-16-8
25	98-16-8
25	98-17-9
25	98-17-9
25	98-46-4
25	98-46-4
25	98-56-6
25	98-56-6
25	98-62-4
25	98-62-4
25	98079-52-8
25	98079-52-8
25	98105-79-4
25	98105-79-4
25	98151-22-5
25	98151-22-5
25	98223-57-5
25	98223-57-5
25	98234-49-2
25	98234-49-2
25	98242-19-4
25	98242-19-4
25	98259-34-8
25	98259-34-8
25	98349-22-5
25	98349-22-5
25	98349-25-8
25	98349-25-8
25	98635-31-5
25	98635-31-5
25	98635-32-6
25	98635-32-6
25	98654-21-8
25	98654-21-8
25	987-18-8
25	987-18-8
25	987-24-6
25	987-24-6
25	98728-78-0
25	98728-78-0
25	98789-57-2
25	98789-57-2
25	989-96-8
25	989-96-8
25	98967-40-9
25	98967-40-9
25	99129-24-5
25	99129-24-5
25	99129-25-6
25	99129-25-6
25	99199-90-3
25	99199-90-3
25	99267-18-2
25	99267-18-2
25	99326-34-8
25	99326-34-8
25	99337-56-1
25	99337-56-1
25	99387-89-0
25	99387-89-0
25	99627-05-1
25	99627-05-1
25	99662-11-0
25	99662-11-0
25	99705-50-7
25	99705-50-7
25	99722-81-3
25	99722-81-3
25	99908-28-8
25	99908-28-8
25	RR-01305-8
25	RR-01305-8
25	RR-02672-2
25	RR-02672-2
25	RR-09007-3
25	RR-09007-3
25	RR-09008-4
25	RR-09008-4
25	RR-09009-5
25	RR-09009-5
25	RR-09012-0
25	RR-09012-0
25	RR-09014-2
25	RR-09014-2
25	RR-09015-3
25	RR-09015-3
25	RR-09016-4
25	RR-09016-4
25	RR-09017-5
25	RR-09017-5
25	RR-09018-6
25	RR-09018-6
25	RR-09019-7
25	RR-09019-7
25	RR-09020-0
25	RR-09020-0
25	RR-09021-1
25	RR-09021-1
25	RR-09022-2
25	RR-09022-2
25	RR-09023-3
25	RR-09023-3
25	RR-09024-4
25	RR-09024-4
25	RR-09025-5
25	RR-09025-5
25	RR-09026-6
25	RR-09026-6
25	RR-09027-7
25	RR-09027-7
25	RR-09409-7
25	RR-09409-7
25	RR-09410-0
25	RR-09410-0
25	RR-09411-1
25	RR-09411-1
25	RR-09413-3
25	RR-09413-3
25	RR-09414-4
25	RR-09414-4
25	RR-100134-9
25	RR-100134-9
25	RR-103527-4
25	RR-103527-4
25	RR-108654-0
25	RR-108654-0
25	RR-110308-8
25	RR-110308-8
25	RR-113742-4
25	RR-113742-4
25	RR-118575-7
25	RR-118575-7
25	RR-119066-5
25	RR-119066-5
25	RR-120975-2
25	RR-120975-2
25	RR-122472-2
25	RR-122472-2
25	RR-12357-9
25	RR-12357-9
25	RR-124084-2
25	RR-124084-2
25	RR-124086-4
25	RR-124086-4
25	RR-18029-0
25	RR-18029-0
25	RR-211367-9
25	RR-211367-9
25	RR-22879-5
25	RR-22879-5
25	RR-24310-7
25	RR-24310-7
25	RR-29003-9
25	RR-29003-9
25	RR-37608-9
25	RR-37608-9
25	RR-44395-8
25	RR-44395-8
25	RR-50887-2
25	RR-50887-2
25	RR-54162-8
25	RR-54162-8
25	RR-56836-5
25	RR-56836-5
25	RR-63777-4
25	RR-63777-4
25	RR-64062-0
25	RR-64062-0
25	RR-64431-5
25	RR-64431-5
25	UN1008
25	UN1008
25	UN1009
25	UN1009
25	UN1018
25	UN1018
25	UN1020
25	UN1020
25	UN1021
25	UN1021
25	UN1022
25	UN1022
25	UN1028
25	UN1028
25	UN1029
25	UN1029
25	UN1045
25	UN1045
25	UN1052
25	UN1052
25	UN1081
25	UN1081
25	UN1690
25	UN1690
25	UN1727
25	UN1727
25	UN1732
25	UN1732
25	UN1742
25	UN1742
25	UN1745
25	UN1745
25	UN1749
25	UN1749
25	UN1756
25	UN1756
25	UN1757
25	UN1757
25	UN1775
25	UN1775
25	UN1776
25	UN1776
25	UN1777
25	UN1777
25	UN1778
25	UN1778
25	UN1782
25	UN1782
25	UN1790
25	UN1790
25	UN1811
25	UN1811
25	UN1812
25	UN1812
25	UN1859
25	UN1859
25	UN1860
25	UN1860
25	UN1941
25	UN1941
25	UN1958
25	UN1958
25	UN1959
25	UN1959
25	UN1974
25	UN1974
25	UN1983
25	UN1983
25	UN2191
25	UN2191
25	UN2194
25	UN2194
25	UN2195
25	UN2195
25	UN2196
25	UN2196
25	UN2307
25	UN2307
25	UN2338
25	UN2338
25	UN2387
25	UN2387
25	UN2417
25	UN2417
25	UN2418
25	UN2418
25	UN2420
25	UN2420
25	UN2439
25	UN2439
25	UN2451
25	UN2451
25	UN2495
25	UN2495
25	UN2505
25	UN2505
25	UN2517
25	UN2517
25	UN2552
25	UN2552
25	UN2604
25	UN2604
25	UN2629
25	UN2629
25	UN2642
25	UN2642
25	UN2655
25	UN2655
25	UN2674
25	UN2674
25	UN2699
25	UN2699
25	UN2817
25	UN2817
25	UN2851
25	UN2851
25	UN2853
25	UN2853
25	UN2854
25	UN2854
25	UN2855
25	UN2855
25	UN2942
25	UN2942
25	UN2948
25	UN2948
25	UN2965
25	UN2965
25	UN2977
25	UN2977
25	UN2978
25	UN2978
25	UN3415
25	UN3415
25	UN3419
25	UN3419
25	UN3421
25	UN3421
25	UN3422
25	UN3422
25	UN3436
25	UN3436
26	1002-16-0
26	1002-89-7
26	10022-31-8
26	10022-68-1
26	10026-22-9
26	100292-13-5
26	10030-52-1
26	10031-34-2
26	10031-43-3
26	10031-49-9
26	10031-49-9
26	10031-51-3
26	10031-51-3
26	10031-53-5
26	10035-06-0
26	10042-76-9
26	10043-27-3
26	10045-89-3
26	10045-94-0
26	10045-95-1
26	100587-94-8
26	100587-95-9
26	10060-13-6
26	10061-11-7
26	100641-13-2
26	100641-16-5
26	100684-57-9
26	100930-32-3
26	10099-59-9
26	10099-67-9
26	10099-74-8
26	10102-03-1
26	10102-05-3
26	10102-06-4
26	10102-09-7
26	10102-45-1
26	10103-47-6
26	10108-73-3
26	101215-76-3
26	101218-28-4
26	10124-31-9
26	10124-37-5
26	10138-01-9
26	10138-04-2
26	10139-51-2
26	10139-58-9
26	10141-05-6
26	10143-38-1
26	101671-90-3
26	10168-80-6
26	10168-81-7
26	10168-82-8
26	101794-87-0
26	10181-37-0
26	101900-58-7
26	10192-29-7
26	10192-30-0
26	10196-04-0
26	10196-18-6
26	102014-65-3
26	102089-31-6
26	10213-12-4
26	10213-15-7
26	102322-79-2
26	102322-80-5
26	102424-22-6
26	102424-23-7
26	1024563-31-2
26	1025479-00-8
26	10277-43-7
26	102813-97-8
26	10294-41-4
26	103051-53-2
26	103051-54-3
26	10308-82-4
26	10325-94-7
26	1032826-40-6
26	10361-29-2
26	10361-44-1
26	10361-46-3
26	10361-65-6
26	10361-80-5
26	10361-83-8
26	10361-93-0
26	10377-60-3
26	10377-66-9
26	10378-47-9
26	10378-47-9
26	103842-90-6
26	10415-75-5
26	10421-48-4
26	10424-65-4
26	104422-11-9
26	104466-05-9
26	104548-59-6
26	10476-90-1
26	104815-18-1
26	104913-20-4
26	10534-86-8
26	1053657-18-3
26	1053660-41-5
26	105468-35-7
26	105469-31-6
26	105554-30-1
26	105659-35-6
26	10580-03-7
26	106168-43-8
26	106232-84-2
26	1066-32-6
26	1066-33-7
26	1068-22-0
26	107552-14-7
26	107630-41-1
26	1079440-70-2
26	108126-46-1
26	108314-12-1
26	108736-71-6
26	109-95-5
26	110-46-3
26	110152-62-0
26	11087-25-5
26	11098-84-3
26	111-22-8
26	1111-78-0
26	11115-67-6
26	11119-83-8
26	11120-25-5
26	111211-35-9
26	11128-97-5
26	11128-98-6
26	1113-38-8
26	1114892-63-5
26	111616-66-1
26	111687-36-6
26	1124383-17-0
26	113114-07-1
26	113131-83-2
26	113131-84-3
26	113506-91-5
26	113669-94-6
26	113669-97-9
26	114459-02-8
26	1147550-11-5
26	114948-49-1
26	115216-77-8
26	116753-68-5
26	117277-88-0
26	1174204-79-5
26	118201-38-0
26	1185-57-5
26	1189-67-9
26	118922-86-4
26	119495-39-5
26	119764-44-2
26	12007-58-8
26	12007-89-5
26	120144-37-8
26	12015-14-4
26	12021-54-4
26	12021-96-4
26	12026-66-3
26	12027-06-4
26	12027-67-7
26	12028-48-7
26	12028-64-7
26	120307-06-4
26	12054-29-4
26	12054-85-2
26	12055-09-3
26	1208112-20-2
26	120883-69-4
26	1209005-90-2
26	1210110-58-9
26	121053-44-9
26	12124-97-9
26	12124-99-1
26	12125-01-8
26	12125-02-9
26	12125-08-5
26	12135-76-1
26	12135-77-2
26	12158-37-1
26	12158-48-4
26	12158-75-7
26	12164-94-2
26	121749-11-9
26	12207-63-5
26	12218-71-2
26	122364-22-1
26	122393-13-9
26	12259-92-6
26	12298-32-7
26	123626-97-1
26	123789-16-2
26	1239135-84-2
26	12398-61-7
26	124-47-0
26	12411-64-2
26	12436-94-1
26	124362-83-0
26	124633-37-0
26	124673-86-5
26	124751-09-3
26	12501-45-0
26	12501-60-9
26	125141-56-2
26	1252662-61-5
26	12530-25-5
26	1256490-43-3
26	1257076-06-4
26	125785-15-1
26	125888-87-1
26	12593-69-0
26	1260366-18-4
26	12640-76-5
26	12673-54-0
26	12674-41-8
26	1269620-59-8
26	127026-24-8
26	127026-25-9
26	12704-86-8
26	127189-98-4
26	12736-99-1
26	127634-24-6
26	127795-79-3
26	128389-75-3
26	128532-42-3
26	128804-20-6
26	129653-91-4
26	129654-61-1
26	129870-74-2
26	130-39-2
26	1300-10-3
26	13011-70-6
26	1304-85-4
26	130604-19-2
26	1307690-40-9
26	13083-04-0
26	13083-04-0
26	1309-32-6
26	13093-17-9
26	131-74-8
26	13106-76-8
26	13126-12-0
26	1313195-41-3
26	1313195-43-5
26	1313195-45-7
26	131324-11-3
26	1313437-27-2
26	1313584-68-7
26	13138-45-9
26	1314094-34-2
26	131446-84-9
26	13177-52-1
26	1319083-46-9
26	132103-60-7
26	13224-08-3
26	13225-10-0
26	13268-42-3
26	1327-34-0
26	1327-35-1
26	132910-26-0
26	1331-61-9
26	1332-75-8
26	1332-76-9
26	1333-00-2
26	133300-54-6
26	133332-88-4
26	1334-07-2
26	1336-21-6
26	1339-76-0
26	1341-49-7
26	134191-62-1
26	13446-10-1
26	13446-18-9
26	13446-48-5
26	13451-19-9
26	13451-19-9
26	134514-43-5
26	13453-38-8
26	13453-76-4
26	13454-83-6
26	13462-93-6
26	13464-77-2
26	13464-97-6
26	13465-08-2
26	13465-14-0
26	13465-31-1
26	13465-31-1
26	13465-43-5
26	13465-60-6
26	13465-94-6
26	13470-05-8
26	13470-06-9
26	13470-07-0
26	13470-40-1
26	13470-40-1
26	13473-90-0
26	13476-08-9
26	13477-34-4
26	13478-00-7
26	13478-38-1
26	13494-90-1
26	13494-98-9
26	135-20-6
26	13510-48-0
26	13520-83-7
26	13533-59-0
26	13533-61-4
26	13536-44-2
26	135446-53-6
26	13548-38-4
26	13550-49-7
26	1355049-91-0
26	13566-21-7
26	13568-33-7
26	13586-38-4
26	13595-24-9
26	13595-83-0
26	13596-46-8
26	13597-84-7
26	13597-99-4
26	13598-65-7
26	135991-41-2
26	13601-08-6
26	13628-49-4
26	136568-54-2
26	13746-89-9
26	13746-96-8
26	13746-98-0
26	13759-83-6
26	13768-67-7
26	13770-61-1
26	13773-58-5
26	13773-69-8
26	13777-04-3
26	13778-29-5
26	13780-06-8
26	13780-11-5
26	13782-01-9
26	137916-01-9
26	138009-61-7
26	1380514-03-3
26	13814-87-4
26	13820-41-2
26	13823-29-5
26	13825-25-7
26	13826-42-1
26	13826-65-8
26	13826-66-9
26	13826-70-5
26	13826-83-0
26	13843-59-9
26	13859-62-6
26	13874-04-9
26	1388628-04-3
26	138926-60-0
26	1396338-21-8
26	1398052-85-1
26	1398052-86-2
26	13986-27-1
26	14013-86-6
26	140456-78-6
26	14055-61-9
26	140899-16-7
26	14104-77-9
26	141102-47-8
26	14165-59-4
26	14177-24-3
26	141959-40-2
26	142-32-5
26	14216-74-1
26	14216-75-2
26	14216-86-5
26	14221-47-7
26	142340-43-0
26	14239-49-7
26	14258-49-2
26	14286-02-3
26	14314-30-8
26	143496-13-3
26	143549-79-5
26	14356-33-3
26	14374-89-1
26	14481-29-9
26	14483-17-1
26	14483-18-2
26	14483-18-2
26	14517-29-4
26	14517-29-4
26	14548-85-7
26	14550-88-0
26	145849-26-9
26	1459765-44-6
26	14652-46-1
26	14690-59-6
26	1469908-91-5
26	147129-88-2
26	147605-75-2
26	14767-04-5
26	14767-04-5
26	148-72-1
26	14836-60-3
26	14846-30-1
26	148732-72-3
26	148732-73-4
26	14874-86-3
26	14876-25-6
26	14913-29-2
26	149765-68-4
26	14984-71-5
26	14985-18-3
26	14985-19-4
26	15008-64-7
26	15040-52-5
26	15060-55-6
26	15066-38-3
26	15078-94-1
26	15099-34-0
26	151574-14-0
26	15226-45-6
26	152264-12-5
26	15245-12-2
26	15268-45-8
26	15276-91-2
26	15283-48-4
26	15318-60-2
26	15336-18-2
26	15336-58-0
26	1537100-89-2
26	153985-02-5
26	154383-48-9
26	154636-59-6
26	154855-73-9
26	15509-05-4
26	15520-84-0
26	15529-88-1
26	15552-06-4
26	15603-34-6
26	15603-52-8
26	15610-76-1
26	15621-57-5
26	15630-61-2
26	15653-40-4
26	15671-97-3
26	15673-81-1
26	15699-18-0
26	15710-66-4
26	15750-45-5
26	15750-45-5
26	15818-75-4
26	15824-31-4
26	15825-24-8
26	15825-70-4
26	15842-29-2
26	15842-29-2
26	15855-75-1
26	15878-77-0
26	158859-30-4
26	159431-44-4
26	16051-48-2
26	16051-77-7
26	16092-48-1
26	16099-75-5
26	160994-74-1
26	16106-20-0
26	161075-04-3
26	161075-05-4
26	161075-13-4
26	161212-18-6
26	161212-19-7
26	161212-28-8
26	161212-29-9
26	161288-32-0
26	161308-16-3
26	161308-17-4
26	161308-23-2
26	16143-77-4
26	16166-89-5
26	1628788-89-5
26	16289-82-0
26	16393-49-0
26	16454-60-7
26	16454-60-7
26	16456-84-1
26	16699-63-1
26	1674-80-2
26	167614-27-9
26	16774-21-3
26	168281-91-2
26	16868-00-1
26	16901-76-1
26	16919-19-0
26	16919-31-6
26	16919-58-7
26	16940-92-4
26	16941-11-0
26	16941-26-7
26	16941-98-3
26	16941-99-4
26	16962-40-6
26	169797-42-6
26	16999-21-6
26	16999-44-3
26	17026-44-7
26	17096-47-8
26	1712-64-7
26	17135-66-9
26	17141-63-8
26	171713-30-7
26	17251-17-1
26	172640-59-4
26	172850-11-2
26	17309-53-4
26	17339-32-1
26	17439-94-0
26	174494-25-8
26	174817-89-1
26	175895-38-2
26	1762-95-4
26	17687-37-5
26	177591-13-8
26	178115-93-0
26	178115-94-1
26	17861-62-0
26	179095-17-1
26	17968-09-1
26	17994-15-9
26	182077-25-4
26	18256-98-9
26	182893-14-7
26	184719-88-8
26	18496-38-3
26	18496-40-7
26	185323-44-8
26	18534-07-1
26	185753-01-9
26	185860-69-9
26	1863-63-4
26	188626-79-1
26	19004-19-4
26	19090-60-9
26	19121-60-9
26	19154-63-3
26	19154-72-4
26	19158-20-4
26	19166-97-3
26	192319-44-1
26	1929572-29-1
26	19320-46-8
26	193340-01-1
26	193829-80-0
26	1941-24-8
26	1941-26-0
26	1941-27-1
26	19511-55-8
26	195460-17-4
26	19598-90-4
26	19598-90-4
26	19696-95-8
26	197393-85-4
26	20249-21-2
26	20266-65-3
26	20266-74-4
26	20394-23-4
26	2040467-53-4
26	204322-87-2
26	204322-88-3
26	20548-08-7
26	20600-87-7
26	20633-11-8
26	20634-12-2
26	206659-00-9
26	20685-78-3
26	20693-15-6
26	20694-39-7
26	207306-13-6
26	20741-00-8
26	20748-72-5
26	207596-32-5
26	20820-44-4
26	2089208-18-2
26	208990-07-2
26	209533-89-1
26	2108-66-9
26	21255-91-4
26	21265-50-9
26	214474-28-9
26	214478-05-4
26	215303-13-2
26	215662-22-9
26	21634-73-1
26	21823-34-7
26	21823-36-9
26	218625-70-8
26	21883-56-7
26	21981-49-7
26	220685-69-8
26	22083-39-2
26	22113-86-6
26	22113-87-7
26	222532-79-8
26	2235-54-3
26	223752-16-7
26	22405-70-5
26	2266555-40-0
26	22690-72-8
26	22690-73-9
26	22694-75-3
26	22763-47-9
26	2278-22-0
26	22832-87-7
26	22842-96-2
26	22907-04-6
26	23032-72-6
26	23074-99-9
26	2315-97-1
26	23232-50-0
26	235772-41-5
26	23606-32-8
26	2391-28-8
26	24011-90-3
26	24168-96-5
26	24169-02-6
26	244066-72-6
26	24657-85-0
26	246848-29-3
26	2501-35-1
26	252189-56-3
26	25238-43-1
26	25295-24-3
26	253779-57-6
26	253779-60-1
26	25425-97-2
26	25447-33-0
26	25447-33-0
26	25468-13-7
26	25512-09-8
26	25512-11-2
26	25512-12-3
26	256341-68-1
26	25822-21-3
26	25869-00-5
26	25933-53-3
26	25933-55-5
26	25954-72-7
26	260792-08-3
26	26192-61-0
26	26447-09-6
26	2650-18-2
26	27014-41-1
26	27096-29-3
26	27096-30-6
26	27096-31-7
26	27247-96-7
26	27321-61-5
26	27522-09-4
26	27546-07-2
26	2764-13-8
26	2787-68-0
26	27896-84-0
26	27967-29-9
26	28079-67-6
26	281665-13-2
26	28499-39-0
26	28551-14-6
26	286940-66-7
26	287735-45-9
26	28836-03-5
26	29081-56-9
26	29111-69-1
26	2921-92-8
26	292135-47-8
26	29320-38-5
26	2944-67-4
26	2950-43-8
26	29519-65-1
26	29595-25-3
26	29636-46-2
26	29674-96-2
26	2980-64-5
26	3012-65-5
26	3021-02-1
26	30236-29-4
26	302911-81-5
26	3032-55-1
26	30381-98-7
26	30488-22-3
26	3051-09-0
26	306973-47-7
26	307314-12-1
26	30781-73-8
26	30880-06-9
26	31058-64-7
26	31095-14-4
26	31097-06-0
26	3129-91-7
26	31300-72-8
26	31432-46-9
26	31516-52-6
26	3164-29-2
26	31691-97-1
26	31890-20-7
26	32321-67-8
26	3251-23-8
26	3255-05-8
26	32612-48-9
26	326494-11-5
26	32863-15-3
26	32916-07-7
26	32916-07-7
26	331412-07-8
26	33247-19-7
26	33497-70-0
26	33836-96-3
26	33960-07-5
26	33960-08-6
26	340127-82-4
26	340154-00-9
26	34255-87-3
26	34316-71-7
26	34323-39-2
26	34330-34-2
26	34367-19-6
26	34401-96-2
26	34423-00-2
26	34432-82-1
26	34513-98-9
26	3454-03-3
26	3458-72-8
26	34728-25-1
26	34839-44-6
26	35054-52-5
26	35209-54-2
26	35297-54-2
26	35311-12-7
26	353274-56-3
26	35648-75-0
26	3566-10-7
26	35688-04-1
26	35725-34-9
26	357290-87-0
26	357290-88-1
26	35938-70-6
26	36478-76-9
26	36548-87-5
26	36596-71-1
26	37189-23-4
26	37203-38-6
26	37216-99-2
26	37217-48-4
26	37226-45-2
26	37228-31-2
26	37233-78-6
26	37243-55-3
26	37279-53-1
26	37294-69-2
26	37307-55-4
26	37307-56-5
26	37307-78-1
26	37309-13-0
26	37317-48-9
26	37361-21-0
26	375822-21-2
26	37836-27-4
26	38184-47-3
26	3825-26-1
26	38271-52-2
26	38483-28-2
26	38647-83-5
26	38714-47-5
26	38723-70-5
26	38780-90-4
26	3880-95-3
26	3882-06-2
26	390375-53-8
26	39275-63-3
26	39323-36-9
26	39383-00-1
26	39423-51-3
26	39455-80-6
26	39561-32-5
26	39599-16-1
26	39680-90-5
26	39698-12-9
26	39839-73-1
26	398469-95-9
26	4000-16-2
26	40036-10-0
26	402591-95-1
26	4041-41-2
26	40507-86-6
26	405108-60-3
26	40956-82-9
26	4149-60-4
26	41663-81-4
26	4201-23-4
26	42590-03-4
26	428816-32-4
26	428833-03-8
26	429-06-1
26	43086-60-8
26	43130-12-7
26	4346-51-4
26	44071-93-4
26	4528-34-1
26	4531-53-7
26	463-04-7
26	4665-58-1
26	4752-86-7
26	478020-05-2
26	481656-51-3
26	494225-57-9
26	502760-32-9
26	50295-88-0
26	50333-23-8
26	503621-50-9
26	506-87-6
26	506-93-4
26	50667-33-9
26	507-47-1
26	50732-69-9
26	50908-84-4
26	50929-82-3
26	50935-18-7
26	51-33-2
26	5108-96-3
26	511534-54-6
26	51374-04-0
26	5144-52-5
26	515-98-0
26	51541-33-4
26	51609-24-6
26	518051-66-6
26	51845-72-8
26	51846-25-4
26	51952-69-3
26	52-88-0
26	52003-58-4
26	52232-74-3
26	52470-25-4
26	52583-42-3
26	52697-21-9
26	52722-38-0
26	52788-53-1
26	528-94-9
26	53025-84-6
26	53026-82-7
26	53095-15-1
26	532-43-4
26	53238-22-5
26	53422-49-4
26	53934-25-1
26	53956-04-0
26	540-69-2
26	540-80-7
26	541-42-4
26	542-15-4
26	542-56-3
26	5421-46-5
26	54288-09-4
26	543-29-3
26	543-87-3
26	54378-28-8
26	54392-33-5
26	544-16-1
26	544-60-5
26	54567-65-6
26	54650-95-2
26	54684-84-3
26	55-63-0
26	55-68-5
26	55185-10-9
26	55185-45-0
26	55819-29-9
26	558443-52-0
26	55871-05-1
26	55935-28-9
26	56227-20-4
26	56532-05-9
26	56633-19-3
26	56768-14-0
26	569-58-4
26	57126-31-5
26	57215-35-7
26	57267-78-4
26	57524-15-9
26	57530-25-3
26	57584-27-7
26	57584-28-8
26	57584-28-8
26	57670-08-3
26	5786-97-0
26	57973-73-6
26	581801-02-7
26	58479-10-0
26	58748-01-9
26	5913-62-2
26	59585-64-7
26	596-16-7
26	5972-72-5
26	598-58-3
26	5984-94-1
26	59890-45-8
26	6009-66-1
26	6009-70-7
26	60347-66-2
26	60350-49-4
26	60491-92-1
26	60539-03-9
26	60581-61-5
26	60649-57-2
26	60674-95-5
26	60676-62-2
26	60945-31-5
26	6106-46-3
26	61320-62-5
26	61461-58-3
26	61467-64-9
26	61763-35-7
26	61789-78-4
26	61931-75-7
26	620-12-2
26	623-87-0
26	624-43-1
26	624-91-9
26	6243-39-6
26	625-58-1
26	627-13-4
26	628-96-6
26	6283-27-8
26	629-39-0
26	629-46-9
26	63026-01-7
26	63026-01-7
26	631-61-8
26	63339-73-1
26	63462-65-7
26	63512-71-0
26	63549-41-7
26	63673-12-1
26	63690-52-8
26	63718-65-0
26	63885-01-8
26	63891-58-7
26	63893-35-6
26	64006-53-7
26	642089-67-6
26	64211-46-7
26	6423-43-4
26	6484-52-2
26	65104-06-5
26	65141-46-0
26	65152-04-7
26	65783-11-1
26	6591-52-2
26	65980-78-1
26	65996-80-7
26	65996-81-8
26	66-32-0
26	66-42-2
26	6609-93-4
26	66097-76-5
26	66256-55-1
26	66492-77-1
26	66579-19-9
26	6659-58-1
26	6659-60-5
26	6659-62-7
26	66849-71-6
26	67124-12-3
26	67167-14-0
26	6721-33-1
26	67596-04-7
26	67711-87-9
26	67785-32-4
26	67859-51-2
26	67939-56-4
26	67952-40-3
26	67953-30-4
26	67969-69-1
26	67970-07-4
26	67970-09-6
26	67989-88-2
26	67990-38-9
26	67990-39-0
26	68003-26-9
26	68003-49-6
26	68036-99-7
26	68039-55-4
26	68130-38-1
26	68132-50-3
26	68155-82-8
26	68188-15-8
26	68239-07-6
26	68309-95-5
26	68310-75-8
26	68333-79-9
26	68391-11-7
26	68391-34-4
26	68411-65-4
26	68412-17-9
26	68425-90-1
26	68426-21-1
26	68511-64-8
26	68584-72-5
26	68584-75-8
26	68603-66-7
26	68610-75-3
26	68630-76-2
26	68647-75-6
26	68648-84-0
26	68649-44-5
26	68650-87-3
26	68783-05-1
26	68783-76-6
26	68784-11-2
26	68784-15-6
26	68797-31-9
26	68833-73-8
26	68833-74-9
26	68833-75-0
26	68833-76-1
26	68833-77-2
26	68845-11-4
26	68877-16-7
26	68877-42-9
26	68891-00-9
26	68891-71-4
26	68909-76-2
26	68909-77-3
26	68910-05-4
26	68911-73-9
26	68915-05-9
26	68919-93-7
26	68921-59-5
26	68928-62-1
26	68928-68-7
26	68928-69-8
26	68928-92-7
26	68937-24-6
26	68937-25-7
26	68937-51-9
26	68938-86-3
26	68951-40-6
26	68953-34-4
26	68953-70-8
26	68954-32-5
26	68955-62-4
26	68955-70-4
26	68955-71-5
26	68955-74-8
26	68956-25-2
26	68956-76-3
26	68988-29-4
26	68991-61-7
26	69011-28-5
26	69012-44-8
26	69234-32-8
26	693-21-0
26	69365-72-6
26	69494-34-4
26	69855-99-8
26	69856-05-9
26	69868-12-8
26	69898-25-5
26	70131-55-4
26	70225-27-3
26	70225-28-4
26	70247-81-3
26	70495-37-3
26	70502-67-9
26	70786-97-9
26	7085-72-5
26	70851-42-2
26	70892-51-2
26	710338-01-5
26	71077-05-9
26	71077-21-9
26	71093-29-3
26	71393-84-5
26	71487-00-8
26	71487-01-9
26	71566-22-8
26	71832-73-0
26	71892-96-1
26	72026-64-3
26	72026-68-7
26	722-56-5
26	72208-04-9
26	72214-27-8
26	72245-27-3
26	72245-28-4
26	72270-39-4
26	72318-99-1
26	72624-01-2
26	72749-50-9
26	72901-37-2
26	72901-38-3
26	72901-40-7
26	72901-41-8
26	72901-42-9
26	72905-93-2
26	72905-95-4
26	72905-96-5
26	72905-97-6
26	72905-98-7
26	72905-99-8
26	72906-01-5
26	72928-19-9
26	73049-76-0
26	73094-38-9
26	73094-40-3
26	73151-29-8
26	7332-16-3
26	73452-98-9
26	73506-77-1
26	73570-52-2
26	73666-66-7
26	73892-07-6
26	73892-08-7
26	73892-09-8
26	74051-90-4
26	74287-36-8
26	74299-76-6
26	74332-41-5
26	74398-55-3
26	745829-51-0
26	7459-97-4
26	74776-29-7
26	74893-00-8
26	74893-78-0
26	75-39-8
26	75-59-2
26	7526-21-8
26	75635-31-3
26	7564-70-7
26	75673-52-8
26	75790-79-3
26	758-14-5
26	75944-36-4
26	7631-99-4
26	7632-00-0
26	7637-03-8
26	76560-29-7
26	7664-41-7
26	76649-35-9
26	76649-37-1
26	76649-41-7
26	76666-04-1
26	7668-65-7
26	76688-85-2
26	7681-32-5
26	7697-37-2
26	77164-68-2
26	7722-76-1
26	7725-91-9
26	7727-54-0
26	7757-79-1
26	7758-09-0
26	7761-88-8
26	7773-06-0
26	77751-76-9
26	7779-88-6
26	7782-61-8
26	7782-78-7
26	7782-86-7
26	7783-18-8
26	7783-19-9
26	7783-20-2
26	7783-21-3
26	7783-22-4
26	7783-28-0
26	7783-34-8
26	7783-83-7
26	7783-85-9
26	7783-99-5
26	7784-25-0
26	7784-26-1
26	7784-27-2
26	7784-44-3
26	7785-20-8
26	7787-38-4
26	7787-55-5
26	7788-98-9
26	7789-02-8
26	7789-09-5
26	7789-18-6
26	7789-32-4
26	7790-15-0
26	7790-69-4
26	7790-83-2
26	7790-98-9
26	78-11-5
26	78017-87-5
26	7803-55-6
26	7803-63-6
26	78330-14-0
26	78989-43-2
26	79574-98-4
26	79771-08-7
26	79771-09-8
26	79990-52-6
26	8003-05-2
26	80044-11-7
26	80066-48-4
26	8007-57-6
26	8007-58-7
26	8012-12-2
26	8012-13-3
26	8013-23-8
26	8013-58-9
26	80209-35-4
26	802862-59-5
26	8046-21-7
26	8046-70-6
26	8050-69-9
26	8050-70-2
26	8053-32-5
26	8061-53-8
26	81012-98-8
26	81044-09-9
26	82089-56-3
26	820986-03-6
26	82168-61-4
26	82280-63-5
26	82486-82-6
26	82486-83-7
26	82497-43-6
26	82850-40-6
26	82944-60-3
26	82998-40-1
26	83311-12-0
26	83615-05-8
26	83833-36-7
26	839684-47-8
26	84002-64-2
26	84100-68-5
26	84145-80-2
26	84238-53-9
26	84255-15-2
26	84682-75-7
26	84788-03-4
26	84962-09-4
26	84988-71-6
26	84988-93-2
26	84988-94-3
26	84988-95-4
26	84988-96-5
26	84988-97-6
26	85049-77-0
26	85049-78-1
26	85068-73-1
26	85422-98-6
26	85531-00-6
26	85566-20-7
26	85566-54-7
26	856119-96-5
26	85631-36-3
26	856326-79-9
26	856577-72-5
26	85688-00-2
26	85874-44-8
26	858824-31-4
26	860540-22-3
26	86089-10-3
26	86089-11-4
26	861794-52-7
26	862599-22-2
26	862780-68-5
26	86290-82-6
26	86298-01-3
26	867060-75-1
26	86924-52-9
26	87-33-2
26	87110-01-8
26	871810-22-9
26	87396-22-3
26	87478-71-5
26	87720-84-1
26	879665-11-9
26	882515-38-0
26	883837-43-2
26	88386-25-8
26	884739-77-9
26	88645-28-7
26	890090-79-6
26	89127-99-1
26	893438-76-1
26	89485-84-7
26	89485-85-8
26	9003-03-6
26	9004-70-0
26	9005-34-9
26	9005-42-9
26	9007-69-6
26	9010-02-0
26	9024-28-6
26	90268-53-4
26	90284-53-0
26	90295-26-4
26	9032-48-8
26	9036-51-5
26	90367-11-6
26	90387-00-1
26	9046-47-3
26	9046-54-2
26	9046-55-3
26	90481-11-1
26	90481-12-2
26	90481-13-3
26	9051-57-4
26	90529-99-0
26	9056-38-6
26	90583-88-3
26	90604-42-5
26	9062-00-4
26	9062-22-0
26	90622-31-4
26	90622-49-4
26	90623-05-5
26	90623-06-6
26	90623-07-7
26	9072-35-9
26	9080-17-5
26	9086-60-6
26	909342-54-7
26	91051-86-4
26	91052-00-5
26	91079-59-3
26	91079-60-6
26	91079-61-7
26	91079-67-3
26	916081-50-0
26	91783-13-0
26	91783-14-1
26	92045-56-2
26	92112-85-1
26	92112-95-3
26	92128-17-1
26	92129-85-6
26	92206-38-7
26	924-43-6
26	92568-90-6
26	926-42-1
26	92623-59-1
26	92731-40-3
26	92731-41-4
26	92731-44-7
26	92739-10-1
26	928-45-0
26	93455-52-8
26	93455-59-5
26	93455-60-8
26	93455-66-4
26	93573-33-2
26	93615-68-0
26	93762-85-7
26	93762-86-8
26	93762-87-9
26	93762-88-0
26	93778-42-8
26	93858-48-1
26	93893-21-1
26	93893-23-3
26	93893-25-5
26	93905-48-7
26	93905-49-8
26	93918-73-1
26	93924-94-8
26	93925-06-5
26	93925-15-6
26	93982-25-3
26	94079-75-1
26	94088-79-6
26	94481-61-5
26	950196-00-6
26	950683-29-1
26	95255-40-6
26	95328-99-7
26	954128-25-7
26	954128-26-8
26	95465-78-4
26	95680-75-4
26	957147-41-0
26	959928-40-6
26	960363-34-2
26	960363-37-5
26	96193-83-8
26	96470-90-5
26	96470-91-6
26	96619-90-8
26	96740-33-9
26	97607-78-8
26	97721-83-0
26	97808-60-1
26	97808-84-9
26	97809-01-3
26	97862-15-2
26	97862-16-3
26	97862-20-9
26	98106-74-2
26	98205-29-9
26	98561-49-0
26	98561-50-3
26	98859-54-2
26	99129-28-9
26	99148-52-4
26	99149-43-6
26	99811-89-9
26	99811-90-2
26	P-03-0064
26	P-83-0069
26	P-83-0578
26	P-84-0478
26	P-86-0301
26	P-90-0145
26	P-94-1449
26	P-95-0535
26	RR-00379-2
26	RR-01770-9
26	RR-03804-0
26	RR-07723-6
26	RR-56211-8
26	RR-60744-3
26	UN0004
26	UN0075
26	UN0133
26	UN0143
26	UN0146
26	UN0220
26	UN0222
26	UN0340
26	UN0341
26	UN0342
26	UN0343
26	UN0402
26	UN1005
26	UN1112
26	UN1194
26	UN1222
26	UN1337
26	UN1357
26	UN1438
26	UN1439
26	UN1442
26	UN1444
26	UN1446
26	UN1451
26	UN1454
26	UN1465
26	UN1466
26	UN1469
26	UN1474
26	UN1477
26	UN1486
26	UN1488
26	UN1493
26	UN1498
26	UN1500
26	UN1507
26	UN1512
26	UN1514
26	UN1546
26	UN1625
26	UN1627
26	UN1727
26	UN1835
26	UN1843
26	UN1865
26	UN1895
26	UN1942
26	UN2031
26	UN2032
26	UN2059
26	UN2073
26	UN2308
26	UN2351
26	UN2426
26	UN2464
26	UN2505
26	UN2506
26	UN2555
26	UN2556
26	UN2557
26	UN2672
26	UN2683
26	UN2687
26	UN2720
26	UN2722
26	UN2724
26	UN2725
26	UN2726
26	UN2727
26	UN2728
26	UN2817
26	UN2818
26	UN2854
26	UN2859
26	UN2861
26	UN2863
26	UN3251
26	UN3270
26	UN3318
26	UN3344
26	UN3370
26	UN3424
26	UN3456
27	1187028-37-0
27	75-01-4
27	UN1086
28	123-91-1
28	17647-74-4
28	28347-88-8
28	28347-91-3
28	39449-24-6
28	54841-74-6
28	UN1165
3	1079803-49-8
3	110616-89-2
3	11111-91-4
3	2104-64-5
3	298-00-0
3	37359-35-6
3	56-38-2
3	63653-66-7
3	8022-00-2
3	8057-70-3
3	867-27-6
3	919-86-8
4	10031-13-7
4	10031-21-7
4	10031-21-7
4	10031-22-8
4	100402-96-8
4	100656-49-3
4	100656-51-7
4	100656-53-9
4	100656-54-0
4	100656-56-2
4	100822-74-0
4	100929-97-3
4	10099-62-4
4	10099-74-8
4	10099-76-0
4	10099-79-3
4	10101-44-7
4	10101-63-0
4	101012-92-4
4	101013-06-3
4	101419-68-5
4	10177-50-1
4	10190-55-3
4	102047-25-6
4	102110-24-7
4	102110-36-1
4	102110-48-5
4	102110-49-6
4	102110-60-1
4	10214-39-8
4	102423-87-0
4	102613-50-3
4	10294-47-0
4	10294-58-3
4	103427-19-6
4	103730-90-1
4	10382-36-2
4	10382-41-9
4	104839-24-9
4	106160-94-5
4	106496-44-0
4	106496-45-1
4	1067-14-7
4	1068-23-1
4	1068-61-7
4	106804-23-3
4	106804-81-3
4	1072-35-1
4	1079390-64-9
4	1083-82-5
4	108350-80-7
4	108424-14-2
4	108424-15-3
4	108424-16-4
4	109707-90-6
4	109882-46-4
4	11063-58-4
4	110687-39-3
4	11097-78-2
4	11113-70-5
4	11116-83-9
4	11119-70-3
4	11120-22-2
4	11120-55-1
4	1120-46-3
4	1145660-51-0
4	114601-64-8
4	114830-97-6
4	1153-06-6
4	1160353-52-5
4	1162-06-7
4	116565-73-2
4	116565-74-3
4	116666-25-2
4	116739-98-1
4	118217-11-1
4	1191-18-0
4	120119-64-4
4	12013-69-3
4	12017-86-6
4	12023-90-4
4	12029-23-1
4	12034-30-9
4	12034-88-7
4	12036-31-6
4	12036-76-9
4	12036-93-0
4	12048-28-1
4	12059-89-1
4	12060-00-3
4	12060-01-4
4	12065-68-8
4	12065-90-6
4	12069-00-0
4	121054-00-0
4	121072-42-2
4	12135-36-3
4	12137-74-5
4	12138-48-6
4	12141-20-7
4	12143-43-0
4	12157-94-7
4	12202-17-4
4	12205-72-0
4	12213-61-5
4	12213-74-0
4	12214-45-8
4	122162-56-5
4	122332-23-4
4	122466-83-5
4	12266-38-5
4	12268-84-7
4	12275-07-9
4	1227908-26-0
4	12333-97-0
4	123517-46-4
4	12356-42-2
4	12359-23-8
4	12372-45-1
4	12377-69-4
4	12397-06-7
4	12397-26-1
4	12403-82-6
4	12412-92-9
4	12412-94-1
4	124222-18-0
4	12435-47-1
4	1245817-44-0
4	124826-86-4
4	12503-65-0
4	125328-49-6
4	12544-05-7
4	125471-97-8
4	125494-56-6
4	125634-26-6
4	1256909-95-1
4	1257633-00-3
4	12578-12-0
4	12608-25-2
4	12612-47-4
4	12619-84-0
4	1262279-30-0
4	1262279-31-1
4	12626-81-2
4	12627-67-7
4	12653-68-8
4	12656-85-8
4	12673-46-0
4	12673-93-7
4	12673-93-7
4	12676-62-9
4	12684-19-4
4	12684-34-3
4	126857-68-9
4	12687-78-4
4	12709-98-7
4	12710-25-7
4	127279-03-2
4	12737-97-2
4	12737-98-3
4	12740-44-2
4	12765-51-4
4	12774-29-7
4	127917-29-7
4	128226-81-3
4	1287784-11-5
4	1294-74-2
4	129618-34-4
4	13009-77-3
4	130596-72-4
4	130680-19-2
4	130730-32-4
4	1308-29-8
4	1309-59-7
4	1309-60-0
4	13094-04-7
4	1310-03-8
4	1311-11-1
4	1314-27-8
4	1314-27-8
4	1314-41-6
4	1314-87-0
4	1314-91-6
4	1314087-54-1
4	1314087-56-3
4	1317-36-8
4	1319-46-6
4	132003-12-4
4	13231-90-8
4	1323950-28-2
4	1326-05-2
4	13266-07-4
4	1327-31-7
4	133315-99-8
4	1335-25-7
4	1335-32-6
4	133988-90-6
4	13406-89-8
4	13424-46-9
4	13427-42-4
4	1344-36-1
4	1344-37-2
4	1344-38-3
4	1344-40-7
4	13453-57-1
4	13453-60-6
4	13453-62-8
4	13453-65-1
4	13453-66-2
4	13463-30-4
4	13464-43-2
4	13478-50-7
4	13510-89-9
4	13510-94-6
4	13510-96-8
4	13566-17-1
4	135699-34-2
4	135849-93-3
4	13637-76-8
4	136596-82-2
4	1369526-72-6
4	13698-55-0
4	13701-91-2
4	13732-17-7
4	13765-90-7
4	13767-78-7
4	13778-36-4
4	13779-93-6
4	13779-98-1
4	13814-96-5
4	13826-65-8
4	13845-31-3
4	13845-35-7
4	13931-84-5
4	139522-21-7
4	139522-22-8
4	13966-28-4
4	14013-09-3
4	14034-76-5
4	14105-08-9
4	14105-09-0
4	14119-28-9
4	14119-29-0
4	14119-30-3
4	141754-61-2
4	1421258-73-2
4	14255-04-0
4	14280-50-3
4	14287-09-3
4	1428856-88-5
4	1429516-97-1
4	14307-44-9
4	143928-79-4
4	14402-61-0
4	14450-60-3
4	14466-01-4
4	1450900-87-4
4	1451592-07-6
4	14570-16-2
4	146104-54-3
4	1462878-70-1
4	14643-03-9
4	14648-48-7
4	14650-47-6
4	14687-25-3
4	14720-53-7
4	148332-23-4
4	14846-40-3
4	14931-82-9
4	1493800-25-1
4	14986-72-2
4	149864-43-7
4	15061-40-2
4	15067-28-4
4	15092-94-1
4	15187-16-3
4	1520-71-4
4	1520-78-1
4	15245-44-0
4	15282-88-9
4	15306-30-6
4	15347-55-4
4	15347-57-6
4	153679-91-5
4	153679-91-5
4	15516-84-4
4	15521-60-5
4	15576-47-3
4	15590-77-9
4	15696-43-2
4	15708-49-3
4	15710-47-1
4	15739-80-7
4	15748-73-9
4	15752-86-0
4	15773-47-4
4	15773-48-5
4	15773-52-1
4	15773-53-2
4	15773-55-4
4	15773-56-5
4	15804-54-3
4	15816-77-0
4	15843-48-8
4	15845-52-0
4	15851-47-5
4	15887-88-4
4	15906-71-5
4	15907-04-7
4	16035-34-0
4	16035-39-5
4	16038-76-9
4	16040-38-3
4	1605283-50-8
4	16180-04-4
4	16183-12-3
4	16183-13-4
4	16450-50-3
4	16521-45-2
4	16645-99-1
4	16646-00-7
4	168456-68-6
4	16893-63-3
4	16996-40-0
4	16996-51-3
4	1702636-77-8
4	17239-87-1
4	172589-69-4
4	172777-22-9
4	17362-65-1
4	17398-75-3
4	17398-75-3
4	17406-54-1
4	17498-10-1
4	175448-53-0
4	17549-30-3
4	17570-76-2
4	1762-26-1
4	1762-27-2
4	1762-28-3
4	176547-68-5
4	17856-14-3
4	17857-60-2
4	17976-43-1
4	17976-44-2
4	17979-75-8
4	1799735-35-5
4	180129-52-6
4	181768-98-9
4	18256-98-9
4	18279-19-1
4	18279-20-4
4	18279-21-5
4	18454-12-1
4	18608-34-9
4	1879054-37-1
4	188417-76-7
4	1887168-54-8
4	18917-82-3
4	1898210-10-0
4	189829-60-5
4	1899002-67-5
4	19010-66-3
4	19136-34-6
4	1920-90-7
4	19372-22-6
4	19389-88-9
4	19423-89-3
4	1951408-54-0
4	19528-55-3
4	19651-80-0
4	19696-90-3
4	19783-14-3
4	199876-46-5
4	200444-20-8
4	201742-34-9
4	20383-42-0
4	20403-41-2
4	20403-42-3
4	20534-94-5
4	2068005-39-8
4	2068005-40-1
4	207500-00-3
4	207500-00-3
4	20837-86-9
4	20890-10-2
4	20917-34-4
4	20936-32-7
4	2093943-43-0
4	2095571-59-6
4	2097729-73-0
4	2098001-96-6
4	2098487-24-0
4	2098815-17-7
4	2101242-86-6
4	21135-97-7
4	2117-69-3
4	21180-26-7
4	21319-43-7
4	21459-27-8
4	21519-20-0
4	21600-78-2
4	21774-13-0
4	21981-95-3
4	2222122-62-3
4	2222122-63-4
4	22438-69-3
4	22569-74-0
4	22723-52-0
4	22904-40-1
4	23188-89-8
4	23621-79-6
4	2388-00-3
4	23884-79-9
4	2409067-85-0
4	2414965-66-3
4	2437245-44-6
4	24824-71-3
4	24952-65-6
4	24988-28-1
4	2508-97-6
4	2516245-98-8
4	25510-11-6
4	25659-31-8
4	25666-92-6
4	2568498-72-4
4	25721-38-4
4	25725-28-4
4	257292-73-2
4	25808-74-6
4	2587-81-7
4	2587-82-8
4	2587-84-0
4	25987-03-5
4	26006-62-2
4	26265-65-6
4	26271-93-2
4	2712640-33-8
4	27253-28-7
4	27253-41-4
4	27486-00-6
4	27496-91-9
4	27923-60-0
4	28267-01-8
4	29134-88-1
4	29473-77-6
4	29597-84-0
4	29729-00-8
4	30051-53-7
4	301-04-2
4	301-07-5
4	301-08-6
4	30478-96-7
4	30719-10-9
4	30873-69-9
4	3124-01-4
4	32112-52-0
4	3249-60-3
4	3249-61-4
4	3268-27-7
4	33011-59-5
4	33627-12-2
4	33940-95-3
4	34018-28-5
4	34295-32-4
4	3440-75-3
4	35029-96-0
4	35112-70-0
4	35229-41-5
4	35254-34-3
4	35296-72-1
4	35498-15-8
4	35830-81-0
4	35837-70-8
4	36501-84-5
4	3687-31-8
4	37185-13-0
4	37189-44-9
4	37194-88-0
4	37196-28-4
4	37221-92-4
4	37223-82-8
4	37223-83-9
4	37223-83-9
4	37223-94-2
4	37224-42-3
4	37224-42-3
4	37240-96-3
4	37251-28-8
4	37280-55-0
4	37316-84-0
4	37361-76-5
4	37382-38-0
4	378253-10-2
4	378253-11-3
4	38787-87-0
4	39345-91-0
4	39377-56-5
4	39380-79-5
4	39386-06-6
4	39387-81-0
4	39390-00-6
4	39412-44-7
4	41141-89-3
4	41234-07-5
4	41453-50-3
4	41547-50-6
4	41556-46-1
4	4219-19-6
4	42558-73-6
4	42579-89-5
4	43135-83-7
4	43629-00-1
4	444279-15-6
4	469906-25-0
4	50319-14-7
4	50354-80-8
4	5072-98-0
4	50729-74-3
4	50816-00-7
4	50825-29-1
4	51105-45-4
4	512-26-5
4	5120-07-0
4	51317-24-9
4	51325-28-1
4	51329-63-6
4	51331-05-6
4	51404-69-4
4	51682-73-6
4	51682-74-7
4	51868-24-7
4	52014-33-2
4	52080-60-1
4	52231-92-2
4	5224-23-7
4	52337-73-2
4	52440-39-8
4	52609-46-8
4	52652-59-2
4	52732-72-6
4	52762-90-0
4	52847-85-5
4	52869-79-1
4	53092-86-7
4	53096-04-1
4	53113-58-9
4	53466-66-3
4	53513-80-7
4	53529-09-2
4	53807-64-0
4	5434-72-0
4	54554-36-8
4	546-67-8
4	54692-53-4
4	56189-09-4
4	562-95-8
4	56267-87-9
4	56572-83-9
4	56730-15-5
4	56730-34-8
4	56764-40-0
4	5711-19-3
4	57142-78-6
4	57218-73-2
4	57456-13-0
4	58274-53-6
4	58405-97-3
4	58572-21-7
4	592-05-2
4	592-87-0
4	59286-40-7
4	595-89-1
4	59707-49-2
4	598-63-0
4	60251-56-1
4	60525-54-4
4	60580-60-1
4	6080-56-4
4	6107-83-1
4	6107-93-3
4	612524-90-0
4	61461-40-3
4	6148-48-7
4	61513-05-1
4	61513-06-2
4	61513-07-3
4	61788-52-1
4	61788-53-2
4	61788-54-3
4	61789-50-2
4	61790-14-5
4	61867-68-3
4	61869-44-1
4	61993-29-1
4	62010-25-7
4	62042-25-5
4	62229-08-7
4	62451-77-8
4	625080-35-5
4	62637-99-4
4	63399-94-0
4	63400-07-7
4	63400-08-8
4	63568-30-9
4	63653-42-9
4	63916-96-1
4	63916-98-3
4	63918-97-8
4	64470-66-2
4	64470-66-2
4	64504-12-7
4	64523-06-4
4	6477-64-1
4	65119-94-0
4	65121-76-8
4	65121-94-0
4	65127-78-8
4	65151-08-8
4	65229-22-3
4	65863-24-3
4	6594-85-0
4	65996-76-1
4	65997-18-4
4	6618-03-7
4	6713-82-2
4	67674-14-0
4	67711-86-8
4	67711-91-5
4	67711-92-6
4	67711-93-7
4	67711-94-8
4	67711-96-0
4	67711-98-2
4	67711-99-3
4	68130-19-8
4	68131-60-2
4	68132-23-0
4	68139-27-5
4	68152-99-8
4	68155-47-5
4	68187-20-2
4	68187-37-1
4	68189-41-3
4	6838-85-3
4	68409-79-0
4	68411-07-4
4	68411-33-6
4	68411-78-9
4	68424-76-0
4	68439-90-7
4	68442-95-5
4	68515-76-4
4	68515-77-5
4	68515-80-0
4	68551-43-9
4	68553-17-3
4	68553-63-9
4	68555-05-5
4	68555-07-7
4	68584-94-1
4	68585-90-0
4	68586-21-0
4	68603-83-8
4	68603-93-0
4	68604-05-7
4	68604-56-8
4	68605-98-1
4	68610-17-3
4	6865-72-1
4	68784-53-2
4	68784-59-8
4	68784-74-7
4	68784-75-8
4	68901-11-1
4	68901-12-2
4	68937-05-3
4	68952-91-0
4	68954-05-2
4	68956-49-0
4	68987-33-7
4	68989-89-9
4	68990-75-0
4	6901-79-7
4	69011-06-9
4	69011-07-0
4	69011-54-7
4	69011-59-2
4	69011-60-5
4	69011-86-5
4	69012-20-0
4	69012-22-2
4	69012-26-6
4	69012-43-7
4	69012-56-2
4	69012-60-8
4	69012-63-1
4	69012-65-3
4	69012-67-5
4	69012-70-0
4	69012-71-1
4	69012-72-2
4	69012-78-8
4	69029-45-4
4	69029-46-5
4	69029-47-6
4	69029-48-7
4	69029-49-8
4	69029-50-1
4	69029-51-2
4	69029-52-3
4	69029-53-4
4	69029-56-7
4	69029-57-8
4	69029-58-9
4	69029-60-3
4	69029-61-4
4	69029-62-5
4	69029-63-6
4	69029-64-7
4	69029-65-8
4	69029-66-9
4	69029-67-0
4	69029-68-1
4	69029-69-2
4	69029-70-5
4	69029-71-6
4	69029-72-7
4	69029-73-8
4	69029-74-9
4	69029-78-3
4	69029-79-4
4	69029-80-7
4	69029-81-8
4	69029-83-0
4	69029-84-1
4	69029-85-2
4	69029-86-3
4	69029-87-4
4	69029-88-5
4	69029-92-1
4	69029-93-2
4	69029-95-4
4	69029-96-5
4	69029-97-6
4	69090-73-9
4	69103-03-3
4	69103-04-4
4	69227-11-8
4	6928-68-3
4	69637-83-8
4	69670-72-0
4	70084-67-2
4	70145-53-8
4	70268-38-1
4	70321-55-0
4	70513-89-2
4	70514-05-5
4	70514-37-3
4	7056-83-9
4	70727-02-5
4	70879-91-3
4	70995-63-0
4	71630-92-7
4	71684-29-2
4	71686-03-8
4	71753-04-3
4	71799-66-1
4	72437-77-5
4	724427-66-1
4	72469-41-1
4	72586-00-6
4	73105-55-2
4	7319-86-0
4	73513-16-3
4	73826-06-9
4	7428-48-0
4	74356-14-2
4	7439-92-1
4	7442-13-9
4	7446-10-8
4	7446-14-2
4	7446-15-3
4	7446-27-7
4	74765-09-6
4	7488-51-9
4	75-74-1
4	75790-73-7
4	76093-98-6
4	7645-25-2
4	76835-98-8
4	76925-97-8
4	7717-46-6
4	7758-95-4
4	7758-97-6
4	7759-01-5
4	7783-46-2
4	7783-59-7
4	7784-40-9
4	78-00-2
4	78690-68-3
4	79357-62-3
4	79393-68-3
4	79803-79-5
4	79849-02-8
4	79915-08-5
4	79915-09-6
4	8005-36-5
4	8012-00-8
4	8012-76-8
4	8049-64-7
4	811-54-1
4	81209-53-2
4	814-70-0
4	814-93-7
4	81412-57-9
4	815-84-9
4	816-68-2
4	819-73-8
4	825-91-2
4	82669-93-0
4	82696-30-8
4	82800-11-1
4	83689-82-1
4	83711-45-9
4	83711-46-0
4	83711-47-1
4	83896-77-9
4	84066-98-8
4	84066-99-9
4	84067-00-5
4	84144-92-3
4	84195-51-7
4	84195-60-8
4	84195-61-9
4	84394-98-9
4	84583-61-9
4	84776-00-1
4	84776-36-3
4	84776-53-4
4	84776-54-5
4	84837-22-9
4	84852-34-6
4	84929-94-2
4	84929-95-3
4	84929-96-4
4	84929-97-5
4	84961-75-1
4	85049-42-9
4	851754-81-9
4	85292-77-9
4	85305-08-4
4	85392-77-4
4	85392-78-5
4	85536-79-4
4	85682-01-5
4	85764-81-4
4	85865-91-4
4	85865-92-5
4	85941-57-7
4	86202-43-9
4	866-87-5
4	867-47-0
4	873-54-1
4	87835-32-3
4	87903-39-7
4	88685-10-3
4	886883-98-3
4	89054-03-5
4	89911-31-9
4	9008-26-8
4	90193-83-2
4	90268-59-0
4	90268-66-9
4	90342-24-8
4	90342-56-6
4	90388-09-3
4	90388-10-6
4	90388-15-1
4	90431-14-4
4	90431-21-3
4	90431-26-8
4	90431-27-9
4	90431-28-0
4	90431-29-1
4	90431-30-4
4	90431-31-5
4	90431-32-6
4	90431-33-7
4	90431-34-8
4	90431-35-9
4	90431-36-0
4	90431-37-1
4	90431-38-2
4	90431-39-3
4	90431-40-6
4	90431-41-7
4	90431-42-8
4	90431-43-9
4	90431-44-0
4	90459-25-9
4	90459-26-0
4	90459-28-2
4	90459-51-1
4	90459-52-2
4	90459-88-4
4	90552-19-5
4	90583-07-6
4	90583-37-2
4	90583-65-6
4	91002-20-9
4	91031-60-6
4	91031-61-7
4	91031-62-8
4	91053-46-2
4	91053-47-3
4	91053-49-5
4	91078-81-8
4	91083-54-4
4	91187-55-2
4	91671-82-8
4	91671-83-9
4	91671-84-0
4	91697-36-8
4	91783-10-7
4	92044-89-8
4	92045-67-5
4	92200-92-5
4	92257-11-9
4	93165-26-5
4	93215-61-3
4	93763-87-2
4	93821-47-7
4	93821-70-6
4	93821-72-8
4	93839-98-6
4	93840-04-1
4	93858-23-2
4	93858-24-3
4	93892-65-0
4	93894-48-5
4	93894-49-6
4	93894-64-5
4	93925-27-0
4	93965-29-8
4	93966-37-1
4	93966-38-2
4	93966-74-6
4	93981-67-0
4	94006-20-9
4	94015-57-3
4	940949-96-2
4	94232-40-3
4	94246-84-1
4	94246-85-2
4	94246-86-3
4	94246-87-4
4	94246-90-9
4	94246-91-0
4	94246-92-1
4	94246-93-2
4	94266-31-6
4	94266-32-7
4	94349-78-7
4	94481-58-0
4	94492-43-0
4	94551-60-7
4	94551-62-9
4	94551-64-1
4	94551-66-3
4	94551-70-9
4	94551-71-0
4	94551-72-1
4	94551-73-2
4	94551-74-3
4	94551-78-7
4	94551-79-8
4	94551-86-7
4	94551-87-8
4	94551-97-0
4	94551-99-2
4	94552-00-8
4	94552-05-3
4	95046-44-9
4	95046-49-4
4	953087-97-3
4	95860-12-1
4	95892-13-0
4	96471-22-6
4	96690-46-9
4	96956-76-2
4	97488-85-2
4	97675-41-7
4	97808-88-3
4	97889-90-2
4	97926-57-3
4	97952-39-1
4	97953-08-7
4	98072-44-7
4	98219-71-7
4	99328-54-8
4	99749-31-2
4	P-82-0043
4	RR-00132-1
4	RR-00538-9
4	RR-00630-4
4	RR-01021-9
4	RR-01292-0
4	RR-01917-0
4	RR-01997-6
4	RR-02574-1
4	RR-02632-4
4	RR-04210-4
4	RR-07194-3
4	RR-07764-5
4	RR-11170-6
4	RR-11171-7
4	RR-113715-1
4	RR-115560-8
4	RR-120898-6
4	RR-123234-4
4	RR-12534-8
4	RR-12535-9
4	RR-12634-1
4	RR-12718-4
4	RR-12719-5
4	RR-12722-0
4	RR-12723-1
4	RR-128514-9
4	RR-13035-8
4	RR-14098-7
4	RR-145683-3
4	RR-14783-1
4	RR-15431-4
4	RR-19231-4
4	RR-21008-2
4	RR-30195-1
4	RR-31155-7
4	RR-40980-3
4	RR-41296-4
4	RR-41297-5
4	RR-42178-3
4	RR-42180-7
4	RR-42183-0
4	RR-42187-4
4	RR-42199-8
4	RR-42759-8
4	RR-43729-6
4	RR-43733-2
4	RR-43765-0
4	RR-44401-9
4	RR-45494-4
4	RR-47159-0
4	RR-50131-5
4	RR-50263-6
4	RR-50268-1
4	RR-50427-8
4	RR-50428-9
4	RR-50499-4
4	RR-54612-3
4	RR-58667-4
4	RR-58670-9
4	RR-60222-2
4	RR-87533-2
4	RR-88264-4
4	RR-89890-8
4	RR-90336-6
4	UN0129
4	UN0130
4	UN1469
4	UN1470
4	UN1616
4	UN1620
4	UN1794
4	UN1872
4	UN2291
4	UN2989
4	UN3408
5	10022-48-7
5	10031-16-0
5	10031-16-0
5	10034-82-9
5	100402-65-1
5	100468-44-8
5	10060-08-9
5	10101-75-4
5	101027-05-8
5	101357-08-8
5	101672-09-7
5	1018900-84-9
5	102262-19-1
5	10294-40-3
5	10294-52-7
5	10294-53-8
5	104316-82-7
5	104316-83-8
5	10588-01-9
5	1088355-13-8
5	109048-90-0
5	109201-26-5
5	109225-23-2
5	109657-68-3
5	109657-69-4
5	11103-86-9
5	11104-65-7
5	11113-70-5
5	11115-74-5
5	11115-74-5
5	11118-57-3
5	11119-70-3
5	11145-38-3
5	111460-82-3
5	112285-78-6
5	113015-82-0
5	115517-69-6
5	115517-70-9
5	115517-71-0
5	115658-56-5
5	115658-57-6
5	115949-83-2
5	115949-89-8
5	116305-12-5
5	116565-73-2
5	1189-85-1
5	119801-45-5
5	12000-34-9
5	12016-69-2
5	12017-79-7
5	12017-86-6
5	12017-94-6
5	12018-09-6
5	12018-10-9
5	12018-18-7
5	12018-19-8
5	12018-32-5
5	12053-18-8
5	12053-47-3
5	120558-28-3
5	12190-88-4
5	12206-12-1
5	12213-61-5
5	12231-18-4
5	12254-85-2
5	12324-05-9
5	12324-08-2
5	12381-48-5
5	12433-14-6
5	12433-24-8
5	12433-30-6
5	12433-50-0
5	125233-42-3
5	12527-08-1
5	125297-07-6
5	12548-37-7
5	12617-87-7
5	12619-84-0
5	12653-68-8
5	12656-85-8
5	12680-48-7
5	12705-38-3
5	12737-97-2
5	12777-94-5
5	128448-04-4
5	128715-37-7
5	128976-28-3
5	1308-09-4
5	1308-13-0
5	1308-29-8
5	131162-93-1
5	1323950-28-2
5	1328-67-2
5	1332-16-7
5	1332-16-7
5	1333-82-0
5	1335-24-6
5	13423-61-5
5	1344-37-2
5	1344-38-3
5	1344-74-7
5	13444-75-2
5	13446-72-5
5	13446-73-6
5	13453-35-5
5	13454-78-9
5	13455-25-9
5	13465-34-4
5	13473-75-1
5	13477-01-5
5	1350718-36-3
5	1351377-69-9
5	13517-17-4
5	13530-65-9
5	13530-67-1
5	13530-68-2
5	13548-42-0
5	136141-00-9
5	13675-47-3
5	13765-19-0
5	137904-18-8
5	13843-81-7
5	13907-45-4
5	13907-47-6
5	1391351-00-0
5	1391764-70-7
5	14018-95-2
5	14104-85-9
5	14216-88-7
5	1426817-51-7
5	14307-33-6
5	14307-35-8
5	14312-00-6
5	14445-91-1
5	14507-18-7
5	14675-41-3
5	14721-18-7
5	14977-61-8
5	15586-38-6
5	15930-94-6
5	16017-38-2
5	16037-50-6
5	1624-02-8
5	16286-27-4
5	16565-94-9
5	16569-85-0
5	16569-86-1
5	16569-87-2
5	166269-55-2
5	1746-09-4
5	1792172-36-1
5	181768-98-9
5	183858-81-3
5	18432-25-2
5	18454-12-1
5	184828-23-7
5	18540-29-9
5	188785-92-4
5	18906-50-8
5	199194-95-1
5	199384-58-2
5	20039-37-6
5	20203-47-8
5	20492-50-6
5	219828-32-7
5	221455-10-3
5	22323-45-1
5	225797-70-6
5	23371-94-0
5	237391-94-5
5	24613-89-6
5	24934-60-9
5	2508-97-6
5	26299-14-9
5	27133-42-2
5	27133-66-0
5	27698-99-3
5	27787-63-9
5	30441-38-4
5	34448-20-9
5	34493-01-1
5	34848-09-4
5	36563-89-0
5	37224-56-9
5	37224-57-0
5	37228-30-1
5	37228-30-1
5	37235-82-8
5	37293-29-1
5	37300-23-5
5	37367-87-6
5	37382-24-4
5	37809-34-0
5	38455-77-5
5	38459-17-5
5	38719-42-5
5	39297-19-3
5	39400-35-6
5	41189-36-0
5	49663-84-5
5	50316-88-6
5	50922-29-7
5	50929-82-3
5	51329-63-6
5	51899-02-6
5	52110-72-2
5	52440-39-8
5	52869-79-1
5	53206-40-9
5	53206-41-0
5	53809-63-5
5	54322-60-0
5	54692-53-4
5	55072-56-5
5	55072-56-5
5	553650-13-8
5	55392-76-2
5	561029-54-7
5	56320-90-2
5	56549-24-7
5	56660-19-6
5	57790-30-4
5	58319-32-7
5	58591-12-1
5	58640-42-9
5	59157-64-1
5	59330-20-0
5	60763-96-4
5	61204-26-0
5	61513-05-1
5	61513-06-2
5	61513-07-3
5	63020-43-9
5	63497-09-6
5	64523-06-4
5	66516-58-3
5	66860-79-5
5	68186-91-4
5	68187-56-4
5	68406-65-5
5	68784-60-1
5	69011-07-0
5	69011-08-1
5	74665-01-3
5	75578-75-5
5	76055-69-1
5	76899-34-8
5	7738-94-5
5	7758-97-6
5	7775-11-3
5	7778-50-9
5	7784-01-2
5	7784-02-3
5	7788-98-9
5	7789-00-6
5	7789-01-7
5	7789-06-2
5	7789-07-3
5	7789-09-5
5	7789-10-8
5	7789-12-0
5	7789-73-3
5	7791-14-2
5	794448-03-6
5	795254-94-3
5	8005-36-5
5	8012-76-8
5	8049-64-7
5	81209-53-2
5	82246-45-5
5	83588-58-3
5	83588-59-4
5	848393-12-4
5	871483-10-2
5	87612-49-5
5	89952-87-4
5	90014-70-3
5	90294-61-4
5	90341-42-7
5	9044-10-4
5	92202-10-3
5	92203-02-6
5	92203-03-7
5	94232-45-8
5	96690-54-9
5	97660-63-4
5	99148-51-3
5	99328-50-4
5	RR-00025-9
5	RR-00026-0
5	RR-00070-4
5	RR-01620-6
5	RR-01791-4
5	RR-02096-2
5	RR-02247-9
5	RR-19918-8
5	RR-53129-3
5	RR-53130-6
5	UN1439
5	UN1463
5	UN1758
6	100258-44-4
6	10031-13-7
6	100311-01-1
6	10048-95-0
6	100482-34-6
6	100641-27-8
6	100656-54-0
6	10080-72-5
6	100995-81-1
6	10101-57-2
6	10102-48-4
6	10102-49-5
6	10102-50-8
6	10102-53-1
6	10103-50-1
6	10103-60-3
6	10103-61-4
6	10103-62-5
6	10124-50-2
6	101319-72-6
6	1016982-35-6
6	101836-84-4
6	101860-05-3
6	1018852-64-6
6	1018852-65-7
6	1018852-79-3
6	102055-05-0
6	102110-21-4
6	102110-56-5
6	102110-62-3
6	102430-06-8
6	102516-61-0
6	102525-64-4
6	10290-12-7
6	1032564-26-3
6	1032564-28-5
6	10326-24-6
6	10336-66-0
6	10336-68-2
6	10336-71-7
6	10378-48-0
6	104170-16-3
6	104404-16-2
6	10476-82-1
6	10476-87-6
6	10553-69-2
6	106070-21-7
6	106070-25-1
6	106097-60-3
6	106097-61-4
6	106097-62-5
6	106097-63-6
6	106104-30-7
6	106129-90-2
6	106194-88-1
6	106495-92-5
6	106495-95-8
6	106604-55-1
6	106699-17-6
6	106804-39-1
6	106804-40-4
6	106957-86-2
6	107-34-6
6	107067-98-1
6	107067-99-2
6	107103-01-5
6	107121-52-8
6	107121-53-9
6	107251-67-2
6	107251-68-3
6	107284-23-1
6	107391-69-5
6	107477-77-0
6	107498-96-4
6	107636-81-7
6	107762-95-8
6	107793-14-6
6	107793-15-7
6	107793-16-8
6	107992-66-5
6	108424-60-8
6	108424-61-9
6	108600-27-7
6	108801-46-3
6	108801-47-4
6	108821-70-1
6	108821-71-2
6	108821-72-3
6	108821-73-4
6	108821-74-5
6	108821-75-6
6	108855-42-1
6	108855-43-2
6	108915-42-0
6	1091626-85-5
6	109877-61-4
6	109882-46-4
6	1099648-86-8
6	110602-77-2
6	110603-58-2
6	110603-60-6
6	110687-64-4
6	11075-32-4
6	110781-06-1
6	110781-07-2
6	110781-08-3
6	110832-28-5
6	11105-04-7
6	11111-46-9
6	111242-84-3
6	111242-85-4
6	11126-73-1
6	111419-46-6
6	111776-55-7
6	112050-17-6
6	112070-47-0
6	112148-64-8
6	1122-90-3
6	112285-95-7
6	112286-70-1
6	112286-91-6
6	112660-19-2
6	113015-80-8
6	113228-99-2
6	113229-01-9
6	113515-10-9
6	113553-75-6
6	113876-86-1
6	113919-96-3
6	113919-97-4
6	113919-98-5
6	113920-24-4
6	113959-74-3
6	114755-61-2
6	114756-91-1
6	114824-20-3
6	114966-14-2
6	1153-05-5
6	115454-39-2
6	115493-57-7
6	115728-29-5
6	116-49-4
6	116065-96-4
6	116099-09-3
6	116327-09-4
6	116359-50-3
6	116359-51-4
6	116443-03-9
6	116473-38-2
6	116678-39-8
6	116769-68-7
6	116769-69-8
6	116812-48-7
6	116812-72-7
6	117003-66-4
6	117067-25-1
6	117067-26-2
6	117067-27-3
6	117127-08-9
6	117166-17-3
6	117166-30-0
6	117166-31-1
6	117315-65-8
6	1174204-79-5
6	117746-50-6
6	117746-55-1
6	118340-36-6
6	118670-41-0
6	118670-42-1
6	119-96-0
6	119172-58-6
6	119172-59-7
6	119172-60-0
6	119172-61-1
6	119172-62-2
6	119173-36-3
6	1192411-43-0
6	119354-96-0
6	119398-02-6
6	119536-09-3
6	119576-03-3
6	1197-16-6
6	119829-06-0
6	119829-07-1
6	12002-03-8
6	12003-04-2
6	12005-69-5
6	12005-70-8
6	12005-75-3
6	12005-81-1
6	12005-82-2
6	12005-86-6
6	12005-88-8
6	12005-89-9
6	12005-92-4
6	12005-94-6
6	12005-95-7
6	12005-96-8
6	12005-99-1
6	12006-05-2
6	12006-06-3
6	12006-08-5
6	12006-09-6
6	12006-10-9
6	12006-12-1
6	12006-15-4
6	12006-21-2
6	12006-40-5
6	120148-08-5
6	120149-75-9
6	120149-76-0
6	120306-39-0
6	120306-40-3
6	12044-16-5
6	12044-20-1
6	12044-21-2
6	12044-22-3
6	12044-25-6
6	12044-28-9
6	12044-30-3
6	12044-30-3
6	12044-30-3
6	12044-31-4
6	12044-32-5
6	12044-42-7
6	12044-49-4
6	12044-50-7
6	12044-52-9
6	12044-54-1
6	12044-55-2
6	12044-57-4
6	12044-65-4
6	12044-79-0
6	12068-59-6
6	12068-61-0
6	120804-98-0
6	120804-99-1
6	121-19-7
6	121-59-5
6	122285-88-5
6	122326-17-4
6	12254-85-2
6	12254-88-5
6	12254-95-4
6	12255-04-8
6	12255-08-2
6	12255-09-3
6	12255-10-6
6	12255-11-7
6	12255-36-6
6	12255-39-9
6	12255-48-0
6	12255-50-4
6	12255-53-7
6	12255-80-0
6	12255-89-9
6	12255-99-1
6	12256-04-1
6	12256-32-5
6	12256-33-6
6	122656-81-9
6	12271-72-6
6	12279-90-2
6	12310-22-4
6	123334-18-9
6	12344-68-2
6	12355-85-0
6	123627-64-5
6	12380-33-5
6	12393-61-2
6	124-58-3
6	124-65-2
6	12414-94-7
6	12417-99-1
6	124260-75-9
6	12445-06-6
6	124588-15-4
6	12505-63-4
6	12511-97-6
6	125484-17-5
6	125484-18-6
6	125687-68-5
6	125694-36-2
6	125715-67-5
6	126-82-9
6	12612-21-4
6	12626-31-2
6	1263481-96-4
6	126603-81-4
6	126999-21-1
6	127-85-5
6	127276-73-7
6	127276-74-8
6	127276-75-9
6	127276-76-0
6	127276-77-1
6	12774-48-0
6	12777-38-7
6	127795-79-3
6	12780-90-4
6	12795-30-1
6	128089-50-9
6	128515-50-4
6	128515-51-5
6	128662-88-4
6	129618-34-4
6	1299-88-3
6	130042-18-1
6	1303-00-0
6	1303-11-3
6	1303-13-5
6	1303-18-0
6	1303-22-6
6	1303-28-2
6	1303-32-8
6	1303-33-9
6	1303-34-0
6	1303-36-2
6	1303-37-3
6	1303-39-5
6	130917-47-4
6	1314087-58-5
6	1315336-31-2
6	131599-73-0
6	131599-74-1
6	131599-76-3
6	132-33-2
6	13246-32-7
6	1327-30-6
6	1327-52-2
6	1327-53-3
6	132826-04-1
6	132851-71-9
6	1332-10-1
6	1333-24-0
6	1333-25-1
6	13355-00-5
6	13367-92-5
6	133740-71-3
6	133927-17-0
6	1343-96-0
6	1345-20-6
6	13453-15-1
6	13462-91-4
6	13462-93-6
6	13462-94-7
6	13464-35-2
6	13464-36-3
6	13464-37-4
6	13464-38-5
6	13464-39-6
6	13464-42-1
6	13464-43-2
6	13464-44-3
6	13464-58-9
6	13464-68-1
6	13466-06-3
6	13477-04-8
6	13477-70-8
6	13478-14-3
6	13478-34-7
6	13478-34-7
6	13478-34-7
6	13510-31-1
6	13510-44-6
6	13510-46-8
6	13510-72-0
6	13510-91-3
6	13510-94-6
6	135282-54-1
6	135282-55-2
6	1355049-91-0
6	135573-19-2
6	135573-20-5
6	135573-21-6
6	1357629-22-1
6	135988-79-3
6	136139-33-8
6	136254-80-3
6	136299-46-2
6	1363218-52-3
6	136575-46-7
6	136629-63-5
6	136654-91-6
6	136654-92-7
6	13702-38-0
6	137026-16-5
6	1370553-14-2
6	137575-12-3
6	137575-13-4
6	13768-07-5
6	13843-65-7
6	138608-19-2
6	139-93-5
6	13911-65-4
6	140-45-4
6	14034-76-5
6	14060-38-9
6	142464-01-5
6	14304-78-0
6	14304-78-0
6	1434046-67-9
6	144-21-8
6	144-87-6
6	1450620-86-6
6	14525-25-8
6	14644-70-3
6	146504-31-6
6	14674-83-0
6	14687-61-7
6	14687-61-7
6	14765-72-1
6	14809-44-0
6	14809-44-0
6	14809-45-1
6	14809-45-1
6	14849-23-1
6	14973-92-3
6	1499-33-8
6	15120-17-9
6	15122-58-4
6	15194-98-6
6	15195-00-3
6	15195-06-9
6	1535485-71-2
6	15422-59-0
6	15422-59-0
6	15575-20-9
6	15575-20-9
6	15606-95-8
6	15755-33-6
6	15755-33-6
6	15755-35-8
6	15755-35-8
6	16102-92-4
6	16142-89-5
6	1621613-53-3
6	164170-84-7
6	16509-22-1
6	1668-00-4
6	16685-55-5
6	16685-55-5
6	1685247-26-0
6	17029-22-0
6	17068-85-8
6	17068-86-9
6	1758-48-1
6	1772-02-7
6	1776-70-1
6	1825302-06-4
6	185395-33-9
6	187086-23-3
6	188947-55-9
6	1929572-29-1
6	1940140-03-3
6	1979138-53-8
6	199744-45-1
6	2009382-57-2
6	2045-00-3
6	2071237-20-0
6	2089208-18-2
6	2092999-60-3
6	21006-73-5
6	21093-83-4
6	21480-65-9
6	2163-77-1
6	2163-80-6
6	217972-77-5
6	21840-08-4
6	21892-63-7
6	2215-16-9
6	2226341-09-7
6	2240157-94-0
6	2242959-68-6
6	22441-45-8
6	22538-92-7
6	22541-54-4
6	22626-92-2
6	22739-14-6
6	22831-42-1
6	22904-84-3
6	2294935-60-5
6	2321-53-1
6	23302-47-8
6	23525-22-6
6	23582-05-0
6	23582-06-1
6	23878-46-8
6	2428630-86-6
6	24440-79-7
6	2445-07-0
6	24719-13-9
6	24719-19-5
6	2511147-66-1
6	2533-82-6
6	27016-73-5
6	27016-75-7
6	27152-57-4
6	27526-45-0
6	27569-09-1
6	28380-38-3
6	2865-70-5
6	28837-97-0
6	2896-10-8
6	28980-47-4
6	28980-48-5
6	29871-10-1
6	29871-12-3
6	29871-13-4
6	29935-35-1
6	306-12-7
6	3141-12-6
6	32322-13-7
6	32680-29-8
6	32775-46-5
6	333-25-5
6	33382-64-8
6	33972-75-7
6	35171-52-9
6	352030-72-9
6	3547-38-4
6	35745-11-0
6	3599-28-8
6	36267-15-9
6	3639-19-8
6	36465-76-6
6	3687-31-8
6	3688-92-4
6	37196-28-4
6	37226-49-6
6	37263-29-9
6	37280-17-4
6	37330-46-4
6	37337-11-4
6	37337-13-6
6	37382-15-3
6	3772-44-9
6	385800-12-4
6	3861-75-4
6	39277-51-5
6	39297-24-0
6	39310-41-3
6	3937-40-4
6	39372-68-4
6	39399-60-5
6	3969-54-8
6	40334-69-8
6	40334-70-1
6	420-24-6
6	4262-43-5
6	437-15-0
6	4431-24-7
6	4519-32-8
6	457-60-3
6	4656-80-8
6	471-35-2
6	4808-24-6
6	494-79-1
6	4964-14-1
6	50288-23-8
6	503-80-0
6	50641-75-3
6	507-27-7
6	507-28-8
6	51021-36-4
6	515-76-4
6	51957-41-6
6	520-10-5
6	52081-02-4
6	52126-83-7
6	52740-16-6
6	52911-56-5
6	531-72-6
6	534-33-8
6	53404-12-9
6	53404-47-0
6	53669-45-7
6	538-03-4
6	53800-83-2
6	53923-27-6
6	541-25-3
6	5410-29-7
6	5425-62-7
6	5440-04-0
6	549-59-7
6	554-72-3
6	55588-51-7
6	55624-62-9
6	557-89-1
6	558-31-6
6	55957-14-7
6	56320-22-0
6	56450-43-2
6	56533-30-3
6	566188-87-2
6	56626-06-3
6	56729-51-2
6	56729-51-2
6	57673-50-4
6	578-94-9
6	5785-43-3
6	57900-42-2
6	58-36-6
6	5806-84-8
6	5806-89-3
6	58076-82-7
6	58076-82-7
6	58114-73-1
6	5814-20-0
6	585-54-6
6	5892-48-8
6	590-34-1
6	5902-95-4
6	59229-13-9
6	593-52-2
6	593-58-8
6	593-88-4
6	593-89-5
6	59400-80-5
6	59634-20-7
6	5968-84-3
6	598-14-1
6	60154-16-7
6	60168-33-4
6	6018-31-1
6	60189-99-3
6	603-32-7
6	60646-36-8
6	60909-47-9
6	60953-19-7
6	6101-00-4
6	61219-26-9
6	6131-99-3
6	6131-99-3
6	61462-16-6
6	617-75-4
6	618-22-4
6	618-25-7
6	618-82-6
6	620-27-9
6	6217-24-9
6	622-68-4
6	62337-00-2
6	62613-15-4
6	62702-52-7
6	6306-96-3
6	63217-32-3
6	63217-33-4
6	63382-64-9
6	63468-73-5
6	63665-22-5
6	637-03-6
6	6379-37-9
6	6380-34-3
6	63957-41-5
6	63989-69-5
6	64046-74-8
6	64046-75-9
6	64046-96-4
6	64047-01-4
6	64048-88-0
6	64048-89-1
6	64048-90-4
6	64048-96-0
6	64048-98-2
6	64048-99-3
6	64049-05-4
6	64049-06-5
6	64049-08-7
6	64049-09-8
6	64049-10-1
6	64049-11-2
6	64049-12-3
6	64049-14-5
6	64049-15-6
6	64049-16-7
6	64049-17-8
6	64049-22-5
6	64049-23-6
6	64049-24-7
6	64049-25-8
6	64070-83-3
6	6423-72-9
6	64475-90-7
6	64684-28-2
6	64887-10-1
6	64973-06-4
6	65113-28-2
6	65313-32-8
6	65453-05-6
6	65676-37-1
6	6585-53-1
6	65997-18-4
6	66019-20-3
6	6634-88-4
6	67226-86-2
6	67251-38-1
6	676-70-0
6	676-71-1
6	676-75-5
6	67711-96-0
6	67712-00-9
6	683-43-2
6	683-45-4
6	686-61-3
6	68611-46-1
6	68784-76-9
6	688-97-1
6	68892-01-3
6	68951-38-2
6	68957-75-5
6	69012-20-0
6	69012-51-7
6	69029-45-4
6	69029-49-8
6	69029-51-2
6	69029-69-2
6	69029-70-5
6	69029-78-3
6	69029-88-5
6	69029-97-6
6	692-23-9
6	692-42-2
6	692-95-5
6	696-28-6
6	6966-64-9
6	70333-07-2
6	71130-50-2
6	71130-51-3
6	712-48-1
6	72067-67-5
6	72845-34-2
6	73003-83-5
6	73156-86-2
6	73688-85-4
6	73728-19-5
6	7440-38-2
6	74646-29-0
6	749262-24-6
6	75-60-5
6	75348-31-1
6	7631-89-2
6	76407-89-1
6	76407-91-5
6	7645-25-2
6	7681-83-6
6	7774-41-6
6	7778-39-4
6	7778-41-8
6	7778-43-0
6	7778-44-1
6	7784-08-9
6	7784-33-0
6	7784-34-1
6	7784-35-2
6	7784-36-3
6	7784-37-4
6	7784-38-5
6	7784-40-9
6	7784-41-0
6	7784-42-1
6	7784-44-3
6	7784-45-4
6	7784-46-5
6	7785-24-2
6	7786-36-9
6	78331-48-3
6	8011-67-4
6	8012-54-2
6	8028-22-6
6	8028-23-7
6	8028-73-7
6	8028-74-8
6	8066-44-2
6	8073-10-7
6	80879-64-7
6	80925-03-7
6	817163-73-8
6	817163-79-4
6	817163-85-2
6	822-65-1
6	829-83-4
6	84057-85-2
6	84215-47-4
6	84215-48-5
6	84282-36-0
6	84304-15-4
6	84304-16-5
6	84776-01-2
6	85237-42-9
6	855886-94-1
6	855954-34-6
6	856307-43-2
6	856565-65-6
6	856568-31-5
6	878891-76-0
6	888030-71-5
6	89067-81-2
6	900-77-6
6	900531-39-7
6	91053-46-2
6	91053-47-3
6	91053-48-4
6	917-76-0
6	91724-16-2
6	92062-13-0
6	92128-37-5
6	926-53-4
6	93841-79-3
6	94113-53-8
6	94138-87-1
6	94232-26-5
6	94278-22-5
6	94313-58-3
6	945-48-2
6	94551-87-8
6	959925-10-1
6	97-44-9
6	97404-76-7
6	97404-76-7
6	97791-83-8
6	98-05-5
6	98-14-6
6	98-50-0
6	98-72-6
6	98106-56-0
6	98246-91-4
6	99035-51-5
6	NA1556
6	P-91-1278
6	RR-00035-1
6	RR-00065-7
6	RR-00104-7
6	RR-00132-1
6	RR-00154-7
6	RR-00586-7
6	RR-00625-7
6	RR-00717-0
6	RR-00732-9
6	RR-00733-0
6	RR-00801-5
6	RR-01200-0
6	RR-01275-9
6	RR-01292-0
6	RR-01513-4
6	RR-01913-6
6	RR-02086-0
6	RR-03689-5
6	RR-04020-0
6	RR-06762-9
6	RR-07194-3
6	RR-10012-9
6	RR-10387-7
6	RR-10388-8
6	RR-10463-2
6	RR-11147-7
6	RR-11148-8
6	RR-12396-6
6	RR-12442-5
6	RR-12446-9
6	RR-12618-1
6	RR-12622-7
6	RR-12626-1
6	RR-13297-8
6	RR-14263-2
6	RR-14736-4
6	RR-17668-1
6	RR-19628-1
6	RR-209165-8
6	RR-42176-1
6	RR-42178-3
6	RR-42180-7
6	RR-42236-6
6	RR-42793-0
6	RR-42906-1
6	RR-43729-6
6	RR-43827-7
6	RR-46599-6
6	RR-55401-8
6	RR-58785-9
6	RR-58786-0
6	UN1546
6	UN1553
6	UN1554
6	UN1555
6	UN1558
6	UN1559
6	UN1560
6	UN1561
6	UN1562
6	UN1572
6	UN1573
6	UN1585
6	UN1586
6	UN1606
6	UN1607
6	UN1608
6	UN1622
6	UN1623
6	UN1678
6	UN1683
6	UN1685
6	UN1686
6	UN1688
6	UN1691
6	UN1691
6	UN1698
6	UN1699
6	UN1712
6	UN1892
6	UN2027
6	UN2188
6	UN2473
6	UN3450
7	100-56-1
7	100-57-2
7	100022-25-1
7	1003-26-5
7	10031-18-2
7	10031-47-7
7	100403-63-2
7	10045-94-0
7	10048-99-4
7	10080-39-4
7	100940-62-3
7	101043-98-5
7	10112-91-1
7	10124-48-8
7	10136-69-3
7	101654-43-7
7	101672-18-8
7	1017-74-9
7	10175-28-7
7	10192-55-9
7	102-98-7
7	102-99-8
7	102110-40-7
7	102110-57-6
7	102110-61-2
7	102110-66-7
7	10217-65-9
7	10217-65-9
7	10217-67-1
7	10217-68-2
7	10217-68-2
7	102280-93-3
7	10271-66-6
7	10284-47-6
7	10284-48-7
7	10284-49-8
7	10299-45-3
7	103-27-5
7	103332-13-4
7	103369-15-9
7	10338-77-9
7	10338-78-0
7	10338-79-1
7	103399-29-7
7	10341-89-6
7	103458-15-7
7	10361-02-1
7	10366-02-6
7	10375-56-1
7	104-59-6
7	104-60-9
7	10403-65-3
7	10403-66-4
7	104114-64-9
7	10415-75-5
7	1043-49-8
7	104325-07-7
7	104325-08-8
7	104335-53-7
7	104339-46-0
7	10451-12-4
7	10507-38-7
7	10507-40-1
7	10507-41-2
7	10507-42-3
7	105260-39-7
7	106168-40-5
7	106218-86-4
7	107-26-6
7	107-27-7
7	107-28-8
7	107-28-8
7	1071-39-2
7	107296-30-0
7	1077-98-1
7	108-07-6
7	109-62-6
7	1091628-50-0
7	11004-81-2
7	11083-41-3
7	11096-61-0
7	11110-52-4
7	11113-51-2
7	112415-59-5
7	1126-48-3
7	113-50-8
7	113170-85-7
7	113722-57-9
7	1142-64-9
7	115-09-3
7	1184-57-2
7	1189-66-8
7	1191-80-6
7	1192-89-8
7	12002-19-6
7	12055-37-7
7	120674-92-2
7	12068-90-5
7	12136-15-1
7	1214247-08-1
7	12145-90-3
7	12194-11-5
7	122-64-5
7	12213-14-8
7	122582-67-6
7	12298-67-8
7	123-88-6
7	12328-03-9
7	12344-40-0
7	123551-50-8
7	123720-03-6
7	124-01-6
7	124-08-3
7	124-82-3
7	12406-51-8
7	12508-72-4
7	12514-41-9
7	12529-66-7
7	12542-90-4
7	12653-71-3
7	1267499-88-6
7	127026-24-8
7	127026-24-8
7	1273-75-2
7	127620-35-3
7	12798-32-2
7	129-16-8
7	129-99-7
7	1300-78-3
7	13004-83-6
7	130973-93-2
7	130995-49-2
7	1310-88-9
7	1312-01-2
7	1312-03-4
7	131500-00-0
7	13170-76-8
7	1319-86-4
7	1320-80-5
7	13222-52-1
7	13257-51-7
7	1327160-06-4
7	13278-80-3
7	13294-23-0
7	133-58-4
7	13302-00-6
7	133350-44-4
7	133350-45-5
7	1334-77-6
7	133421-58-6
7	1335-31-5
7	1336-57-8
7	1336-96-5
7	1337-06-0
7	1337-09-3
7	13437-80-4
7	1344-45-2
7	1344-45-2
7	1344-48-5
7	13444-75-2
7	1345-09-1
7	13464-28-3
7	13465-31-1
7	13465-31-1
7	13465-33-3
7	13465-34-4
7	13465-37-7
7	134762-05-3
7	1356399-46-6
7	136969-76-1
7	13766-41-1
7	13766-44-4
7	138-85-2
7	13864-38-5
7	13876-85-2
7	139116-12-4
7	13932-02-0
7	13967-25-4
7	13981-51-6
7	13981-51-6
7	13982-78-0
7	13982-78-0
7	140-20-5
7	14024-55-6
7	14024-75-0
7	14032-92-9
7	14066-61-6
7	14099-12-8
7	141-51-5
7	14110-97-5
7	1416052-38-4
7	14215-33-9
7	14235-86-0
7	14239-51-1
7	143-36-2
7	14315-77-6
7	143197-63-1
7	14354-56-4
7	14376-09-1
7	14459-36-0
7	14538-12-6
7	145757-52-4
7	14783-59-6
7	148-61-8
7	148333-06-6
7	14836-60-3
7	14874-55-6
7	149038-91-5
7	14990-20-6
7	15064-97-8
7	151-38-2
7	15116-82-2
7	15136-95-5
7	1520097-13-5
7	152923-45-0
7	15313-18-5
7	1537199-53-3
7	15375-94-7
7	15384-08-4
7	15385-57-6
7	15385-58-7
7	15415-64-2
7	155-85-1
7	15516-76-4
7	156234-43-4
7	156234-44-5
7	15634-23-8
7	15682-88-9
7	15756-15-7
7	15785-93-0
7	15829-53-5
7	1600-27-7
7	16003-82-0
7	16056-34-1
7	16056-37-4
7	1645280-58-5
7	16509-11-8
7	16751-55-6
7	17048-37-2
7	17140-73-7
7	172906-39-7
7	17456-26-7
7	17470-61-0
7	175695-12-2
7	17689-59-7
7	17774-09-3
7	1785-43-9
7	178959-28-9
7	17974-95-7
7	18211-85-3
7	18467-88-4
7	18832-83-2
7	18917-83-4
7	18918-06-4
7	18918-17-7
7	19122-79-3
7	19122-79-3
7	19367-79-4
7	19447-62-2
7	19528-48-4
7	19701-15-6
7	19719-72-3
7	20223-84-1
7	2042-50-4
7	20539-85-9
7	20564-21-0
7	20582-71-2
7	20601-83-6
7	20632-18-2
7	20720-76-7
7	20738-78-7
7	20820-45-5
7	20883-32-3
7	21082-50-8
7	21109-99-9
7	2117-39-7
7	21210-21-9
7	21259-76-7
7	2141-27-7
7	21450-81-7
7	21908-53-2
7	22098-38-0
7	22323-45-1
7	22330-18-3
7	2235-25-8
7	22450-90-4
7	226922-80-1
7	2279-64-3
7	22894-47-9
7	22967-92-6
7	23065-35-2
7	23319-66-6
7	23467-15-4
7	23471-13-8
7	23471-23-0
7	23483-74-1
7	23587-90-8
7	23587-90-8
7	2440-29-1
7	2440-34-8
7	2440-40-6
7	2440-42-8
7	2440-45-1
7	24423-68-5
7	24425-43-2
7	24579-90-6
7	24579-91-7
7	24806-32-4
7	25587-94-4
7	25948-50-9
7	2597-92-4
7	2597-93-5
7	2597-95-7
7	2597-97-9
7	26037-72-9
7	261-57-4
7	26114-17-0
7	26522-91-8
7	26535-94-4
7	2654-47-9
7	26544-04-7
7	26545-49-3
7	26552-50-1
7	26579-33-9
7	26719-07-3
7	2701-61-3
7	27228-67-7
7	27236-65-3
7	27360-58-3
7	27575-47-9
7	27605-30-7
7	27685-51-4
7	2777-37-9
7	28086-13-7
7	2845-00-3
7	28519-24-6
7	28752-79-6
7	28752-80-9
7	28953-04-0
7	29053-02-9
7	29138-86-1
7	2923-15-1
7	2949-11-3
7	29870-72-2
7	3021-39-4
7	30366-55-3
7	304-90-5
7	304656-34-6
7	304656-34-6
7	3076-91-3
7	31065-88-0
7	31224-71-2
7	31632-68-5
7	31724-50-2
7	3198-04-7
7	32382-27-7
7	32407-99-1
7	326494-11-5
7	32701-49-8
7	32787-44-3
7	3294-57-3
7	3294-58-4
7	3294-60-8
7	33020-34-7
7	33445-15-7
7	33631-63-9
7	3367-28-0
7	3367-29-1
7	3367-30-4
7	3367-31-5
7	3367-32-6
7	33724-17-3
7	33770-60-4
7	33960-08-6
7	3444-13-1
7	34732-46-2
7	3477-28-9
7	35608-40-3
7	35678-47-8
7	3570-80-7
7	35823-05-3
7	36168-74-8
7	3626-13-9
7	362653-08-5
7	36539-17-0
7	36568-91-9
7	3688-11-7
7	37020-93-2
7	371-76-6
7	37237-15-3
7	37297-87-3
7	37320-91-5
7	37340-23-1
7	378782-04-8
7	378782-05-9
7	378782-08-2
7	378782-18-4
7	3810-81-9
7	38232-63-2
7	39377-58-7
7	39448-57-2
7	39657-41-5
7	39833-87-9
7	40138-90-7
7	40226-10-6
7	40661-97-0
7	42240-20-0
7	4386-35-0
7	4386-88-3
7	4387-13-7
7	4656-04-6
7	4665-55-8
7	486-67-9
7	492-18-2
7	49540-00-3
7	498-73-7
7	502-39-6
7	506-83-2
7	5131-56-6
7	51312-24-4
7	51595-71-2
7	51622-02-7
7	517-16-8
7	51821-32-0
7	5185-84-2
7	51887-47-9
7	525-30-4
7	52795-88-7
7	53007-72-0
7	53010-52-9
7	531-76-0
7	5326-00-1
7	53282-60-3
7	53404-67-4
7	53404-68-5
7	53404-69-6
7	53404-70-9
7	53408-91-6
7	53435-37-3
7	535-55-7
7	53663-14-2
7	537-64-4
7	538-04-5
7	539-43-5
7	54-64-8
7	54129-03-2
7	5416-74-0
7	5421-48-7
7	5428-90-0
7	54295-90-8
7	543-63-5
7	54428-47-6
7	54481-45-7
7	55-68-5
7	55482-91-2
7	55728-51-3
7	55939-60-1
7	56724-81-3
7	56724-82-4
7	5722-59-8
7	57363-77-6
7	58025-44-8
7	5822-97-9
7	583-15-3
7	5834-81-1
7	584-18-9
7	584-43-0
7	5857-37-4
7	5857-38-5
7	5857-39-6
7	58570-91-5
7	587-85-9
7	588-66-9
7	589-65-1
7	59-85-8
7	5902-76-1
7	5902-79-4
7	5903-10-6
7	591-89-9
7	592-04-1
7	592-63-2
7	592-85-8
7	593-74-8
7	5954-14-3
7	5955-19-1
7	5964-24-9
7	5970-29-6
7	5970-32-1
7	5980-86-9
7	60064-28-0
7	6012-84-6
7	60345-95-1
7	6129-23-3
7	6150-94-3
7	616-99-9
7	61792-06-1
7	61840-45-7
7	62-37-3
7	62-38-4
7	62050-76-4
7	623-07-4
7	62374-53-2
7	62638-02-2
7	627-44-1
7	6270-99-1
7	6273-99-0
7	628-85-3
7	628-86-4
7	6283-24-5
7	629-35-6
7	62909-81-3
7	631-60-7
7	63325-16-6
7	6336-12-5
7	63382-64-9
7	63468-53-1
7	63549-47-3
7	63868-93-9
7	63868-94-0
7	63868-95-1
7	63868-96-2
7	63868-98-4
7	63869-00-1
7	63869-01-2
7	63869-02-3
7	63869-03-4
7	63869-04-5
7	63869-05-6
7	63869-06-7
7	63869-07-8
7	63869-08-9
7	63905-89-5
7	63907-33-5
7	63919-18-6
7	63937-14-4
7	63951-06-4
7	63951-09-7
7	63990-59-0
7	64025-05-4
7	64025-06-5
7	64048-05-1
7	64048-06-2
7	64048-07-3
7	64048-08-4
7	64049-27-0
7	64049-28-1
7	64058-72-6
7	64058-74-8
7	64082-39-9
7	64491-92-5
7	645-99-8
7	64684-45-3
7	64697-74-1
7	64697-75-2
7	64697-76-3
7	64697-77-4
7	64697-78-5
7	64714-49-4
7	64771-59-1
7	65381-02-4
7	6569-69-3
7	66827-74-5
7	67465-39-8
7	67465-41-2
7	67465-42-3
7	67465-43-4
7	67465-44-5
7	67466-58-4
7	67536-44-1
7	6795-81-9
7	68201-97-8
7	68448-47-5
7	68833-55-6
7	691-88-3
7	6937-66-2
7	70514-23-7
7	71720-55-3
7	72044-13-4
7	72066-32-1
7	72379-35-2
7	72780-86-0
7	73399-68-5
7	73399-71-0
7	73491-34-6
7	73491-34-6
7	73513-17-4
7	73548-15-9
7	73926-87-1
7	73926-88-2
7	73926-89-3
7	73928-11-7
7	73928-12-8
7	7439-97-6
7	7451-91-4
7	7487-94-7
7	749262-24-6
7	75268-98-3
7	75344-65-9
7	7546-30-7
7	7548-26-7
7	75513-04-1
7	7616-83-3
7	7619-62-7
7	762-55-0
7	7620-30-6
7	7681-34-7
7	77329-67-0
7	77536-61-9
7	7756-49-2
7	7774-29-0
7	7782-66-3
7	7782-77-6
7	7782-86-7
7	7783-30-4
7	7783-32-6
7	7783-33-7
7	7783-34-8
7	7783-35-9
7	7783-36-0
7	7783-39-3
7	7784-03-4
7	7784-37-4
7	7789-10-8
7	7789-47-1
7	780-24-5
7	78571-20-7
7	79268-31-8
7	792952-75-1
7	8003-05-2
7	8011-93-6
7	8012-34-8
7	8013-47-6
7	8017-88-7
7	8028-34-0
7	8030-32-8
7	8030-33-9
7	8030-64-6
7	8031-27-4
7	8046-70-6
7	8069-64-5
7	80994-87-2
7	814-82-4
7	820986-03-6
7	82151-04-0
7	823-04-1
7	82980-40-3
7	84029-43-6
7	84973-20-6
7	854874-41-2
7	856770-63-3
7	859033-90-2
7	86-36-2
7	86-85-1
7	861552-79-6
7	87495-98-5
7	878791-13-0
7	879681-01-3
7	89521-44-8
7	90-03-9
7	90584-88-6
7	91081-69-5
7	91082-69-8
7	91722-12-2
7	92062-13-0
7	92114-96-0
7	92200-97-0
7	92355-34-5
7	92421-68-6
7	92473-75-1
7	92786-62-4
7	93820-20-3
7	93882-20-3
7	94-43-9
7	94022-47-6
7	94070-92-5
7	94070-93-6
7	94238-21-8
7	94276-38-7
7	94276-88-7
7	94277-53-9
7	94481-62-6
7	96906-16-0
7	97209-13-7
7	973-17-1
7	RR-00004-4
7	RR-00005-5
7	RR-00138-7
7	RR-00361-2
7	RR-00569-6
7	RR-01294-2
7	RR-01342-3
7	RR-01858-6
7	RR-01858-6
7	RR-02536-5
7	RR-04547-6
7	RR-04677-5
7	RR-07193-2
7	RR-145946-7
7	RR-14866-3
7	RR-15850-9
7	RR-194036-9
7	RR-42082-6
7	RR-56263-0
7	RR-56357-5
7	RR-58673-2
7	RR-87612-0
7	UN0135
7	UN1244
7	UN1623
7	UN1624
7	UN1625
7	UN1626
7	UN1627
7	UN1629
7	UN1630
7	UN1631
7	UN1636
7	UN1637
7	UN1638
7	UN1639
7	UN1640
7	UN1642
7	UN1643
7	UN1644
7	UN1645
7	UN1674
7	UN1894
7	UN1895
7	UN2809
8	108145-39-7
8	109328-45-2
8	109328-46-3
8	11064-17-8
8	11096-82-5
8	11097-69-1
8	11100-14-4
8	11104-28-2
8	11104-29-3
8	111276-74-5
8	111276-75-6
8	111276-76-7
8	111276-77-8
8	111276-78-9
8	111276-79-0
8	111276-80-3
8	111276-81-4
8	111276-82-5
8	111276-83-6
8	11141-16-5
8	12672-29-6
8	12674-11-2
8	12737-87-0
8	13029-08-8
8	1336-36-3
8	151262-31-6
8	151262-32-7
8	151262-34-9
8	151262-35-0
8	153153-43-6
8	153153-44-7
8	153153-45-8
8	153153-46-9
8	153153-47-0
8	153153-48-1
8	153153-49-2
8	153153-50-5
8	15862-07-4
8	159000-96-1
8	159000-97-2
8	15968-05-5
8	16605-91-7
8	16606-02-3
8	176914-46-8
8	176914-47-9
8	176914-48-0
8	176914-49-1
8	177020-15-4
8	177020-16-5
8	179678-26-3
8	179678-27-4
8	179678-28-5
8	179678-29-6
8	179678-30-9
8	179678-31-0
8	179678-32-1
8	179678-33-2
8	18259-05-7
8	2050-67-1
8	2050-68-2
8	2051-24-3
8	2051-60-7
8	2051-61-8
8	2051-62-9
8	205991-67-9
8	205991-68-0
8	205991-69-1
8	205991-70-4
8	207004-27-1
8	207004-28-2
8	207004-29-3
8	207004-30-6
8	207004-31-7
8	207004-32-8
8	207004-33-9
8	207004-34-0
8	207004-35-1
8	207004-36-2
8	2136-99-4
8	228420-06-2
8	228420-07-3
8	2437-79-8
8	25323-68-6
8	25429-29-2
8	25512-42-9
8	25569-80-6
8	262371-35-7
8	26601-64-9
8	26914-33-0
8	27323-18-8
8	27417-48-7
8	28655-71-2
8	2974-90-5
8	2974-92-7
8	30605-61-9
8	31472-83-0
8	31508-00-6
8	32598-10-0
8	32598-11-1
8	32598-12-2
8	32598-13-3
8	32598-14-4
8	32690-93-0
8	32774-16-6
8	33025-41-1
8	33039-81-5
8	33091-17-7
8	33146-45-1
8	33284-50-3
8	33284-52-5
8	33284-53-6
8	33284-54-7
8	33979-03-2
8	34883-39-1
8	34883-41-5
8	34883-43-7
8	35065-27-1
8	35065-28-2
8	35065-29-3
8	35065-30-6
8	35693-92-6
8	35693-99-3
8	35694-04-3
8	35694-06-5
8	35694-08-7
8	36559-22-5
8	37317-41-2
8	37324-23-5
8	37353-63-2
8	37680-65-2
8	37680-66-3
8	37680-68-5
8	37680-69-6
8	37680-73-2
8	38379-99-6
8	38380-01-7
8	38380-02-8
8	38380-03-9
8	38380-04-0
8	38380-05-1
8	38380-07-3
8	38380-08-4
8	38411-22-2
8	38411-25-5
8	38444-73-4
8	38444-76-7
8	38444-77-8
8	38444-78-9
8	38444-81-4
8	38444-84-7
8	38444-85-8
8	38444-86-9
8	38444-87-0
8	38444-88-1
8	38444-90-5
8	38444-93-8
8	39485-83-1
8	39635-31-9
8	39635-32-0
8	39635-33-1
8	39635-34-2
8	39635-35-3
8	40186-70-7
8	40186-71-8
8	40186-72-9
8	41411-61-4
8	41411-62-5
8	41411-63-6
8	41411-64-7
8	41464-39-5
8	41464-40-8
8	41464-41-9
8	41464-42-0
8	41464-43-1
8	41464-46-4
8	41464-47-5
8	41464-48-6
8	41464-49-7
8	41464-51-1
8	42740-50-1
8	51908-16-8
8	52663-58-8
8	52663-59-9
8	52663-60-2
8	52663-61-3
8	52663-62-4
8	52663-63-5
8	52663-64-6
8	52663-65-7
8	52663-66-8
8	52663-67-9
8	52663-68-0
8	52663-69-1
8	52663-70-4
8	52663-71-5
8	52663-72-6
8	52663-73-7
8	52663-74-8
8	52663-75-9
8	52663-76-0
8	52663-77-1
8	52663-78-2
8	52663-79-3
8	52704-70-8
8	52712-04-6
8	52712-05-7
8	52744-13-5
8	53469-21-9
8	53555-66-1
8	53742-07-7
8	54230-22-7
8	55215-17-3
8	55215-18-4
8	55312-69-1
8	55684-91-8
8	55702-45-9
8	55702-46-0
8	55712-37-3
8	55720-44-0
8	55722-26-4
8	56030-56-9
8	56558-16-8
8	56558-17-9
8	56558-18-0
8	57465-28-8
8	59291-64-4
8	59291-65-5
8	60145-20-2
8	60145-21-3
8	60145-22-4
8	60145-23-5
8	60233-24-1
8	60233-25-2
8	61798-70-7
8	62461-62-5
8	62796-65-0
8	64427-28-7
8	65510-44-3
8	65510-45-4
8	68194-04-7
8	68194-05-8
8	68194-06-9
8	68194-07-0
8	68194-08-1
8	68194-09-2
8	68194-10-5
8	68194-11-6
8	68194-12-7
8	68194-13-8
8	68194-14-9
8	68194-15-0
8	68194-16-1
8	68194-17-2
8	69782-90-7
8	69782-91-8
8	7012-37-5
8	70362-41-3
8	70362-45-7
8	70362-46-8
8	70362-47-9
8	70362-48-0
8	70362-49-1
8	70362-50-4
8	70424-67-8
8	70424-68-9
8	70424-69-0
8	70424-70-3
8	73575-52-7
8	73575-53-8
8	73575-54-9
8	73575-55-0
8	73575-56-1
8	73575-57-2
8	74338-23-1
8	74338-24-2
8	74472-33-6
8	74472-34-7
8	74472-35-8
8	74472-36-9
8	74472-37-0
8	74472-38-1
8	74472-39-2
8	74472-40-5
8	74472-41-6
8	74472-42-7
8	74472-43-8
8	74472-44-9
8	74472-45-0
8	74472-46-1
8	74472-47-2
8	74472-48-3
8	74472-49-4
8	74472-50-7
8	74472-51-8
8	74472-52-9
8	74472-53-0
8	74487-85-7
8	76842-07-4
8	80333-65-9
8	80333-65-9
8	89000-29-3
8	94487-00-0
8	97122-18-4
8	97122-20-8
8	99554-08-2
8	99554-09-3
8	99554-10-6
8	99554-11-7
8	99554-12-8
8	99554-13-9
8	UN2315
8	UN3432
9	52037-46-4
9	79-01-6
9	UN1710
