2-1-1	10025-64-6
2-1-1	10101-38-9
2-1-1	1012066-46-4
2-1-1	10139-47-6
2-1-1	10192-46-8
2-1-1	10196-18-6
2-1-1	102110-33-8
2-1-1	102110-38-3
2-1-1	102819-71-6
2-1-1	10361-94-1
2-1-1	10361-95-2
2-1-1	10379-90-5
2-1-1	1096078-72-6
2-1-1	109657-68-3
2-1-1	109657-69-4
2-1-1	11085-35-1
2-1-1	11103-86-9
2-1-1	11126-29-7
2-1-1	112901-80-1
2-1-1	113015-82-0
2-1-1	115658-56-5
2-1-1	115658-57-6
2-1-1	1162648-93-2
2-1-1	116295-84-2
2-1-1	116305-12-5
2-1-1	1192423-33-8
2-1-1	12008-25-2
2-1-1	12018-19-8
2-1-1	12034-31-0
2-1-1	12036-43-0
2-1-1	12141-50-3
2-1-1	12183-81-2
2-1-1	12190-88-4
2-1-1	12433-50-0
2-1-1	12447-61-9
2-1-1	12513-27-8
2-1-1	12527-08-1
2-1-1	12534-29-1
2-1-1	12651-25-1
2-1-1	12705-38-3
2-1-1	12741-08-1
2-1-1	1276111-55-7
2-1-1	128514-83-0
2-1-1	128975-01-9
2-1-1	1308-13-0
2-1-1	1310329-17-9
2-1-1	131315-46-3
2-1-1	1314-98-3
2-1-1	131853-00-4
2-1-1	1328-67-2
2-1-1	1332-07-6
2-1-1	1332-78-1
2-1-1	1333-33-1
2-1-1	1337-79-7
2-1-1	134092-23-2
2-1-1	13517-27-6
2-1-1	13530-65-9
2-1-1	13566-15-9
2-1-1	13597-44-9
2-1-1	13597-54-1
2-1-1	13597-56-3
2-1-1	13597-65-4
2-1-1	13598-37-3
2-1-1	13637-61-1
2-1-1	13765-93-0
2-1-1	13767-32-3
2-1-1	13770-90-6
2-1-1	137904-18-8
2-1-1	13814-85-2
2-1-1	13814-87-4
2-1-1	13826-55-6
2-1-1	13826-88-5
2-1-1	138265-88-0
2-1-1	1383931-70-1
2-1-1	13847-22-8
2-1-1	13932-17-7
2-1-1	1395893-87-4
2-1-1	13986-18-0
2-1-1	13986-21-5
2-1-1	13986-24-8
2-1-1	13986-24-8
2-1-1	139939-71-2
2-1-1	14014-79-0
2-1-1	14018-95-2
2-1-1	1403589-50-3
2-1-1	1416549-90-0
2-1-1	142044-50-6
2-1-1	14283-93-3
2-1-1	1430716-13-4
2-1-1	14332-59-3
2-1-1	14332-60-6
2-1-1	14519-07-4
2-1-1	14675-41-3
2-1-1	1469984-11-9
2-1-1	14720-55-9
2-1-1	149749-63-3
2-1-1	15060-64-7
2-1-1	15457-98-4
2-1-1	15582-78-2
2-1-1	15819-03-1
2-1-1	158523-05-8
2-1-1	159251-13-5
2-1-1	15930-94-6
2-1-1	16871-71-9
2-1-1	18352-86-8
2-1-1	18428-70-1
2-1-1	18433-42-6
2-1-1	18534-08-2
2-1-1	18622-28-1
2-1-1	19154-63-3
2-1-1	19210-06-1
2-1-1	19262-92-1
2-1-1	19417-15-3
2-1-1	19708-89-5
2-1-1	20427-58-1
2-1-1	20539-12-2
2-1-1	20654-08-4
2-1-1	20712-47-4
2-1-1	209065-88-3
2-1-1	21351-91-7
2-1-1	21351-92-8
2-1-1	227619-99-0
2-1-1	22763-46-8
2-1-1	22842-96-2
2-1-1	23414-72-4
2-1-1	24012-08-6
2-1-1	24606-42-6
2-1-1	24624-45-1
2-1-1	248939-45-9
2-1-1	25638-88-4
2-1-1	26399-71-3
2-1-1	28037-77-6
2-1-1	28038-30-4
2-1-1	28041-67-0
2-1-1	29426-92-4
2-1-1	29604-34-0
2-1-1	3486-35-9
2-1-1	37187-67-0
2-1-1	37221-82-2
2-1-1	37224-32-1
2-1-1	37224-56-9
2-1-1	37224-57-0
2-1-1	37809-34-0
2-1-1	39322-07-1
2-1-1	39413-47-3
2-1-1	40861-29-8
2-1-1	41189-36-0
2-1-1	452069-73-7
2-1-1	49663-84-5
2-1-1	50922-29-7
2-1-1	51839-25-9
2-1-1	51990-17-1
2-1-1	52014-39-8
2-1-1	52488-90-1
2-1-1	52623-80-0
2-1-1	53809-63-5
2-1-1	53917-99-0
2-1-1	54389-17-2
2-1-1	547-68-2
2-1-1	557-34-6
2-1-1	557-42-6
2-1-1	56902-79-5
2-1-1	57572-56-2
2-1-1	57790-30-4
2-1-1	58319-32-7
2-1-1	58968-26-6
2-1-1	59330-52-8
2-1-1	5970-45-6
2-1-1	59786-91-3
2-1-1	613661-28-2
2-1-1	61583-60-6
2-1-1	63020-43-9
2-1-1	63885-01-8
2-1-1	64334-34-5
2-1-1	658697-52-0
2-1-1	68052-05-1
2-1-1	68607-18-1
2-1-1	68611-46-1
2-1-1	68611-47-2
2-1-1	68648-43-1
2-1-1	68705-59-9
2-1-1	68813-94-5
2-1-1	68910-44-1
2-1-1	714217-01-3
2-1-1	71799-66-1
2-1-1	72162-08-4
2-1-1	73545-12-7
2-1-1	73640-07-0
2-1-1	74173-38-9
2-1-1	74182-35-7
2-1-1	7446-19-7
2-1-1	7446-20-0
2-1-1	7446-24-4
2-1-1	7446-26-6
2-1-1	7488-52-0
2-1-1	7646-85-7
2-1-1	7699-45-8
2-1-1	7733-02-0
2-1-1	7779-86-4
2-1-1	7779-88-6
2-1-1	7779-90-0
2-1-1	7783-24-6
2-1-1	7783-49-5
2-1-1	7784-32-9
2-1-1	7790-37-6
2-1-1	7790-65-0
2-1-1	8006-22-2
2-1-1	8006-32-4
2-1-1	80867-26-1
2-1-1	80867-26-1
2-1-1	84332-91-2
2-1-1	847870-16-0
2-1-1	847870-29-5
2-1-1	871114-28-2
2-1-1	871483-10-2
2-1-1	873788-00-2
2-1-1	87502-49-6
2-1-1	88103-06-4
2-1-1	9079-63-4
2-1-1	911421-71-1
2-1-1	950582-77-1
2-1-1	950582-83-9
2-1-1	RR-04199-6
2-1-1	UN1512
2-1-1	UN1513
2-1-1	UN1514
2-1-1	UN1515
2-1-1	UN1840
2-1-1	UN1931
2-1-1	UN2331
2-1-1	UN2469
2-1-1	UN2855
2-1-1-2	66554-51-6
2-1-1-2	7758-19-2
2-1-1-2	UN1496
2-1-1-3	1198293-68-3
2-1-1-3	122775-19-3
2-1-1-3	79-06-1
2-1-1-3	UN2074
2-1-1-4	1265528-53-7
2-1-1-4	1453489-99-0
2-1-1-4	166941-59-9
2-1-1-4	211862-52-1
2-1-1-4	55927-87-2
2-1-1-4	79-10-7
2-1-1-4	UN2218
2-1-1-5	542-56-3
2-1-1-6	110-46-3
2-1-10	27936-40-9
2-1-10	27936-40-9
2-1-10	30583-38-1
2-1-10	30583-38-1
2-1-10	333-41-5
2-1-10	333-41-5
2-1-10	65863-03-8
2-1-10	65863-03-8
2-1-10-2	120144-37-8
2-1-10-2	1257076-06-4
2-1-10-2	127026-25-9
2-1-10-2	1341-49-7
2-1-10-2	135446-53-6
2-1-10-2	14055-61-9
2-1-10-2	159431-44-4
2-1-10-2	1628788-89-5
2-1-10-2	16941-26-7
2-1-10-2	19121-60-9
2-1-10-2	52697-21-9
2-1-10-2	7790-15-0
2-1-10-2	96740-33-9
2-1-10-2	UN1727
2-1-10-2	UN2817
2-1-10-3	108173-90-6
2-1-10-3	13516-27-3
2-1-10-3	57520-17-9
2-1-10-3	79956-56-2
2-1-10-3	RR-16428-3
2-1-100	11095-11-7
2-1-100	11130-47-5
2-1-100	1392204-77-1
2-1-100	51274-03-4
2-1-100	52001-89-5
2-1-100	63-25-2
2-1-100-10	136511-07-4
2-1-100-10	136799-44-5
2-1-100-10	16752-77-5
2-1-100-10	19928-35-9
2-1-100-10	19928-37-1
2-1-100-10	22224-93-7
2-1-100-11	39603-48-0
2-1-100-12	1019-45-0
2-1-100-12	2427-79-4
2-1-100-12	RR-87669-7
2-1-100-13	38212-30-5
2-1-100-14	84145-43-7
2-1-100-15	38869-47-5
2-1-100-16	3811-49-2
2-1-100-17	60-24-2
2-1-100-17	99748-78-4
2-1-100-17	UN2966
2-1-100-18	57755-20-1
2-1-100-18	68-11-1
2-1-100-18	7283-42-3
2-1-100-18	UN1940
2-1-100-19	17090-79-8
2-1-100-19	22373-78-0
2-1-100-19	RR-16430-7
2-1-100-2	5903-13-9
2-1-100-20	7782-65-2
2-1-100-20	UN2192
2-1-100-3	439680-76-9
2-1-100-3	82657-04-3
2-1-100-4	24151-93-7
2-1-100-5	1129-41-5
2-1-100-6	12773-35-2
2-1-100-6	12773-35-2
2-1-100-6	145846-59-9
2-1-100-6	145846-59-9
2-1-100-6	3766-81-2
2-1-100-6	3766-81-2
2-1-100-7	21609-90-5
2-1-100-7	36913-23-2
2-1-100-7	73270-49-2
2-1-100-8	100901-72-2
2-1-100-8	1023356-14-0
2-1-100-8	104-15-4
2-1-100-8	114213-96-6
2-1-100-8	119314-18-0
2-1-100-8	126033-27-0
2-1-100-8	128739-80-0
2-1-100-8	144647-92-7
2-1-100-8	156627-46-2
2-1-100-8	185568-48-3
2-1-100-8	210357-81-6
2-1-100-8	227313-49-7
2-1-100-8	2756222-57-6
2-1-100-8	369371-25-5
2-1-100-8	402-47-1
2-1-100-8	51506-29-7
2-1-100-8	613262-31-0
2-1-100-8	6192-52-5
2-1-100-9	351011-43-3
2-1-100-9	756-79-6
2-1-100-9	880251-70-7
2-1-101	351-05-3
2-1-101-2	24312-44-5
2-1-101-3	110-91-8
2-1-101-3	147366-31-2
2-1-101-3	854893-20-2
2-1-101-3	88542-81-8
2-1-101-3	96122-95-1
2-1-101-3	99108-56-2
2-1-101-3	UN2054
2-1-102	10034-85-2
2-1-102	39445-43-7
2-1-102	8014-90-2
2-1-102	8052-26-4
2-1-102	UN1787
2-1-102	UN2197
2-1-102-2	147937-07-3
2-1-102-2	1519044-66-6
2-1-102-2	74-88-4
2-1-102-2	865-50-9
2-1-102-2	UN2644
2-1-102-3	11054-70-9
2-1-102-3	25999-20-6
2-1-102-3	25999-31-9
2-1-102-3	RR-16429-4
2-1-102-4	111883-06-8
2-1-102-4	1310-76-5
2-1-102-4	16721-80-5
2-1-102-4	64568-18-9
2-1-102-4	UN2318
2-1-102-4	UN2949
2-1-102-5	113584-74-0
2-1-102-5	1313-82-2
2-1-102-5	1313-84-4
2-1-102-5	1447694-91-8
2-1-102-5	27610-45-3
2-1-102-5	UN1385
2-1-102-5	UN1849
2-1-103	12037-82-0
2-1-103	12066-62-5
2-1-103	12165-69-4
2-1-103	129680-27-9
2-1-103	1314-80-3
2-1-103	1314-85-8
2-1-103	132620-99-6
2-1-103	16857-09-3
2-1-103	337913-53-8
2-1-103	341007-60-1
2-1-103	342401-47-2
2-1-103	409325-03-7
2-1-103	62140-13-0
2-1-103	952005-45-7
2-1-103	UN1339
2-1-103	UN1340
2-1-103	UN1341
2-1-103	UN1343
2-1-104	119540-51-1
2-1-104	127529-01-5
2-1-104	13813-19-9
2-1-104	140623-70-7
2-1-104	7664-93-9
2-1-104	UN1830
2-1-104	UN1831
2-1-104	UN1832
2-1-104	UN2796
2-1-105	14012-92-1
2-1-105	37333-30-5
2-1-105	63906-56-9
2-1-105	7446-18-6
2-1-105	87993-82-6
2-1-106	140-56-7
2-1-106	150-70-9
2-1-106	RR-16444-3
2-1-107	12037-79-5
2-1-107	1314-84-7
2-1-107	39342-49-9
2-1-107	67181-74-2
2-1-107	74191-18-7
2-1-107	UN1714
2-1-108	108-46-3
2-1-108	UN2876
2-1-109	5349-28-0
2-1-11	10025-93-1
2-1-11	10026-10-5
2-1-11	10102-06-4
2-1-11	10138-94-0
2-1-11	12036-71-4
2-1-11	12134-48-4
2-1-11	12138-21-5
2-1-11	12138-37-3
2-1-11	12544-62-6
2-1-11	1314-64-3
2-1-11	1344-58-7
2-1-11	1344-59-8
2-1-11	13470-20-7
2-1-11	13470-22-9
2-1-11	13510-99-1
2-1-11	13520-83-7
2-1-11	13536-84-0
2-1-11	13568-61-1
2-1-11	13598-56-6
2-1-11	13721-34-1
2-1-11	13775-06-9
2-1-11	13775-07-0
2-1-11	13775-18-3
2-1-11	13780-21-7
2-1-11	14972-01-1
2-1-11	15137-19-6
2-1-11	15780-33-3
2-1-11	15905-86-9
2-1-11	16984-59-1
2-1-11	17339-32-1
2-1-11	17712-38-8
2-1-11	18039-69-5
2-1-11	18077-77-5
2-1-11	18433-48-2
2-1-11	2031-89-2
2-1-11	20596-91-2
2-1-11	20596-93-4
2-1-11	20910-28-5
2-1-11	20910-28-5
2-1-11	25658-43-9
2-1-11	33959-50-1
2-1-11	36478-76-9
2-1-11	39136-40-8
2-1-11	51680-55-8
2-1-11	541-09-3
2-1-11	60542-74-7
2-1-11	6159-44-0
2-1-11	65137-03-3
2-1-11	66735-86-2
2-1-11	67939-77-9
2-1-11	71767-12-9
2-1-11	7783-22-4
2-1-11	7783-81-5
2-1-11	7791-26-6
2-1-11	85536-79-4
2-1-11	93763-02-1
2-1-11	99800-13-2
2-1-11	RR-00044-2
2-1-11	RR-136471-2
2-1-11	UN2977
2-1-11	UN2978
2-1-11-2	107-15-3
2-1-11-2	6780-13-8
2-1-11-2	8030-24-8
2-1-11-2	85404-18-8
2-1-11-2	UN1604
2-1-11-3	117176-66-6
2-1-11-3	25311-71-1
2-1-11-3	52907-24-1
2-1-11-3	61711-63-5
2-1-11-4	31218-83-4
2-1-110	12679-58-2
2-1-110	83-79-4
2-1-12	2595-54-2
2-1-12-2	13457-18-6
2-1-13	3792-59-4
2-1-13-2	17109-49-8
2-1-13-3	13194-48-4
2-1-13-4	875775-74-9
2-1-13-5	29973-13-5
2-1-14	2104-64-5
2-1-14	65580-79-2
2-1-14	65580-80-5
2-1-14-2	140163-89-9
2-1-14-3	83130-01-2
2-1-14-4	35400-43-2
2-1-14-4	59299-57-9
2-1-14-4	92642-31-4
2-1-14-5	98886-44-3
2-1-14-6	18809-57-9
2-1-14-7	142175-32-4
2-1-14-7	184288-32-2
2-1-14-7	19034-08-3
2-1-14-7	37341-05-2
2-1-14-7	436859-78-8
2-1-14-7	75-21-8
2-1-14-7	99932-75-9
2-1-14-7	UN1040
2-1-15	107-07-3
2-1-15	1867-09-0
2-1-15	UN1135
2-1-15-2	106-89-8
2-1-15-2	109351-74-8
2-1-15-2	13403-37-7
2-1-15-2	36250-81-4
2-1-15-2	51594-55-9
2-1-15-2	67843-74-7
2-1-15-2	9009-12-5
2-1-15-2	UN2023
2-1-15-3	137335-79-6
2-1-15-3	137512-74-4
2-1-15-3	155569-91-8
2-1-15-3	RR-58036-9
2-1-16	113962-65-5
2-1-16	218625-68-4
2-1-16	51005-19-7
2-1-16	61674-62-2
2-1-16	7647-01-0
2-1-16	7698-05-7
2-1-16	UN1050
2-1-16	UN1789
2-1-16	UN2186
2-1-16-2	113962-65-5
2-1-16-2	119540-51-1
2-1-16-2	127529-01-5
2-1-16-2	13813-19-9
2-1-16-2	140623-70-7
2-1-16-2	218625-68-4
2-1-16-2	51005-19-7
2-1-16-2	61674-62-2
2-1-16-2	7647-01-0
2-1-16-2	7664-93-9
2-1-16-2	7698-05-7
2-1-16-2	RR-07765-6
2-1-16-2	UN1050
2-1-16-2	UN1789
2-1-16-2	UN1830
2-1-16-2	UN1831
2-1-16-2	UN1832
2-1-16-2	UN2186
2-1-16-2	UN2796
2-1-17	10112-91-1
2-1-17	39448-57-2
2-1-17	51312-24-4
2-1-17	7546-30-7
2-1-17-2	7719-09-7
2-1-17-2	UN1836
2-1-17-3	13981-43-6
2-1-17-3	14158-34-0
2-1-17-3	15585-26-9
2-1-17-3	7782-50-5
2-1-17-3	UN1017
2-1-18	10035-05-9
2-1-18	10137-74-3
2-1-18	10192-29-7
2-1-18	10294-38-9
2-1-18	10294-47-0
2-1-18	10326-21-3
2-1-18	10361-95-2
2-1-18	11096-45-0
2-1-18	13453-30-0
2-1-18	13453-71-9
2-1-18	13477-00-4
2-1-18	13477-94-6
2-1-18	13510-96-8
2-1-18	136856-45-6
2-1-18	14013-71-9
2-1-18	14721-21-2
2-1-18	14866-68-3
2-1-18	15477-33-5
2-1-18	22750-54-5
2-1-18	26506-47-8
2-1-18	36355-97-2
2-1-18	36355-97-2
2-1-18	36355-97-2
2-1-18	3811-04-9
2-1-18	38869-73-7
2-1-18	38869-74-8
2-1-18	56571-67-6
2-1-18	67952-43-6
2-1-18	7775-09-9
2-1-18	7783-92-8
2-1-18	7784-15-8
2-1-18	7784-15-8
2-1-18	7784-15-8
2-1-18	7791-10-8
2-1-18	80546-49-2
2-1-18	91589-75-2
2-1-18	RR-00201-7
2-1-18	RR-00201-7
2-1-18	RR-04208-0
2-1-18	RR-12151-7
2-1-18	UN1445
2-1-18	UN1452
2-1-18	UN1485
2-1-18	UN1495
2-1-18	UN1506
2-1-18	UN1513
2-1-18	UN2427
2-1-18	UN2428
2-1-18	UN2429
2-1-18	UN2573
2-1-18	UN2721
2-1-18	UN2723
2-1-18	UN3405
2-1-18-2	11096-76-7
2-1-18-2	129-67-9
2-1-18-2	145-73-3
2-1-18-2	17439-94-0
2-1-18-2	2164-07-0
2-1-18-2	349466-39-3
2-1-18-2	857020-72-5
2-1-18-2	RR-11944-8
2-1-18-3	204864-21-1
2-1-18-3	7727-18-6
2-1-18-3	UN2443
2-1-18-4	106-91-2
2-1-18-4	117955-24-5
2-1-18-4	122785-80-2
2-1-18-4	126872-19-3
2-1-18-4	1451188-70-7
2-1-18-4	169957-95-3
2-1-18-4	201732-55-0
2-1-18-4	202149-12-0
2-1-18-4	203300-26-9
2-1-18-4	210093-72-4
2-1-18-4	55279-88-4
2-1-18-4	865699-83-8
2-1-18-4	89678-75-1
2-1-18-4	96778-02-8
2-1-18-4	98104-93-9
2-1-18-5	12789-03-6
2-1-18-5	142507-25-3
2-1-18-5	15189-24-9
2-1-18-5	152322-27-5
2-1-18-5	152322-29-7
2-1-18-5	17436-70-3
2-1-18-5	22212-52-8
2-1-18-5	24143-69-9
2-1-18-5	26703-86-6
2-1-18-5	28140-46-7
2-1-18-5	28181-89-7
2-1-18-5	29555-44-0
2-1-18-5	29555-47-3
2-1-18-5	3734-48-3
2-1-18-5	3734-49-4
2-1-18-5	39400-80-1
2-1-18-5	39765-80-5
2-1-18-5	5103-71-9
2-1-18-5	5103-73-1
2-1-18-5	5103-74-2
2-1-18-5	53637-13-1
2-1-18-5	5566-34-7
2-1-18-5	57-74-9
2-1-18-5	80625-07-6
2-1-19	218625-72-0
2-1-19	37355-84-3
2-1-19	66554-50-5
2-1-19	7722-84-1
2-1-19	8007-30-5
2-1-19	UN2014
2-1-19	UN2015
2-1-19	UN2984
2-1-2	10022-50-1
2-1-2	10031-34-2
2-1-2	1025479-00-8
2-1-2	108314-12-1
2-1-2	109-95-5
2-1-2	115216-77-8
2-1-2	123789-16-2
2-1-2	12640-76-5
2-1-2	13446-48-5
2-1-2	13454-83-6
2-1-2	13465-94-6
2-1-2	13470-06-9
2-1-2	13568-33-7
2-1-2	13600-98-1
2-1-2	13780-06-8
2-1-2	13782-01-9
2-1-2	13825-25-7
2-1-2	13826-63-6
2-1-2	13826-65-8
2-1-2	14286-02-3
2-1-2	14652-46-1
2-1-2	14797-65-0
2-1-2	14984-71-5
2-1-2	1653-42-5
2-1-2	172850-11-2
2-1-2	17861-62-0
2-1-2	182893-14-7
2-1-2	18488-96-5
2-1-2	3129-91-7
2-1-2	31300-72-8
2-1-2	32486-57-0
2-1-2	32863-15-3
2-1-2	463-04-7
2-1-2	51846-25-4
2-1-2	543-67-9
2-1-2	56227-20-4
2-1-2	62076-93-1
2-1-2	629-46-9
2-1-2	638-51-7
2-1-2	74332-41-5
2-1-2	75635-31-3
2-1-2	7632-00-0
2-1-2	7758-09-0
2-1-2	7783-99-5
2-1-2	7787-38-4
2-1-2	7790-83-2
2-1-2	8017-89-8
2-1-2	82497-43-6
2-1-2	82998-40-1
2-1-2	85531-00-6
2-1-2	856577-72-5
2-1-2	924-43-6
2-1-2	94134-31-3
2-1-2	RR-00380-5
2-1-2	RR-01264-6
2-1-2	RR-14244-9
2-1-2	RR-17568-8
2-1-2	RR-47805-7
2-1-2	RR-88300-1
2-1-2	UN1488
2-1-2	UN1500
2-1-2	UN2627
2-1-2	UN2687
2-1-2-2	540-80-7
2-1-2-3	624-91-9
2-1-20	12034-12-7
2-1-20	1313-60-6
2-1-20	55248-04-9
2-1-20	UN1504
2-1-20	UN2547
2-1-21	12263-76-2
2-1-21	124-43-6
2-1-21	12772-89-3
2-1-21	1360537-36-5
2-1-21	37211-55-5
2-1-21	UN1511
2-1-22	10022-68-1
2-1-22	100402-53-7
2-1-22	100656-55-1
2-1-22	101012-89-9
2-1-22	101012-93-5
2-1-22	101012-94-6
2-1-22	10108-64-2
2-1-22	10124-36-4
2-1-22	101356-99-4
2-1-22	101357-00-0
2-1-22	101357-01-1
2-1-22	101357-02-2
2-1-22	101357-03-3
2-1-22	101357-04-4
2-1-22	10163-13-0
2-1-22	10196-67-5
2-1-22	102110-30-5
2-1-22	102184-95-2
2-1-22	10325-94-7
2-1-22	10326-28-0
2-1-22	1043877-50-4
2-1-22	10468-30-1
2-1-22	104698-09-1
2-1-22	10471-46-2
2-1-22	104907-96-2
2-1-22	105034-60-4
2-1-22	106070-27-3
2-1-22	106097-46-5
2-1-22	106218-86-4
2-1-22	106389-75-7
2-1-22	106496-20-2
2-1-22	106496-20-2
2-1-22	106520-07-4
2-1-22	106603-47-8
2-1-22	1067-32-9
2-1-22	108706-30-5
2-1-22	108706-31-6
2-1-22	11091-69-3
2-1-22	11112-63-3
2-1-22	11113-51-2
2-1-22	11129-14-9
2-1-22	11129-14-9
2-1-22	113128-07-7
2-1-22	116086-43-2
2-1-22	116391-72-1
2-1-22	116854-17-2
2-1-22	116920-59-3
2-1-22	117912-89-7
2-1-22	117912-90-0
2-1-22	117912-91-1
2-1-22	1191-79-3
2-1-22	119222-01-4
2-1-22	12001-20-6
2-1-22	12014-14-1
2-1-22	12014-28-7
2-1-22	12014-29-8
2-1-22	12014-33-4
2-1-22	12139-22-9
2-1-22	12139-23-0
2-1-22	12185-56-7
2-1-22	12185-64-7
2-1-22	12187-14-3
2-1-22	12213-70-6
2-1-22	1224515-43-8
2-1-22	12292-07-8
2-1-22	12380-95-9
2-1-22	12400-33-8
2-1-22	12442-27-2
2-1-22	125687-98-1
2-1-22	12626-36-7
2-1-22	12685-29-9
2-1-22	1306-13-4
2-1-22	1306-19-0
2-1-22	1306-23-6
2-1-22	1306-25-8
2-1-22	131500-00-0
2-1-22	132295-56-8
2-1-22	132295-57-9
2-1-22	1345-09-1
2-1-22	1345-10-4
2-1-22	13464-92-1
2-1-22	13477-17-3
2-1-22	13477-19-5
2-1-22	13477-20-8
2-1-22	13477-21-9
2-1-22	13477-22-0
2-1-22	13477-23-1
2-1-22	135742-32-4
2-1-22	13589-17-8
2-1-22	13601-63-3
2-1-22	13701-66-1
2-1-22	13755-33-4
2-1-22	13760-37-7
2-1-22	13814-59-0
2-1-22	13814-62-5
2-1-22	13832-25-2
2-1-22	13847-17-1
2-1-22	13890-84-1
2-1-22	13966-86-4
2-1-22	13972-68-4
2-1-22	14010-06-1
2-1-22	14017-36-8
2-1-22	14067-62-0
2-1-22	141-00-4
2-1-22	14109-32-1
2-1-22	14177-24-3
2-1-22	14177-24-3
2-1-22	14184-47-5
2-1-22	14215-29-3
2-1-22	14239-68-0
2-1-22	14312-00-6
2-1-22	14336-66-4
2-1-22	14336-68-6
2-1-22	1436666-97-5
2-1-22	143983-90-8
2-1-22	1441148-55-5
2-1-22	14429-85-7
2-1-22	1448522-72-2
2-1-22	14486-19-2
2-1-22	14518-94-6
2-1-22	14520-70-8
2-1-22	14566-86-0
2-1-22	14689-45-3
2-1-22	14709-52-5
2-1-22	14874-24-9
2-1-22	14923-81-0
2-1-22	14949-59-8
2-1-22	14949-60-1
2-1-22	15139-70-5
2-1-22	15244-35-6
2-1-22	15276-40-1
2-1-22	15337-60-7
2-1-22	15600-62-1
2-1-22	15630-39-4
2-1-22	15682-87-8
2-1-22	15708-29-9
2-1-22	15743-19-8
2-1-22	15851-44-2
2-1-22	15852-14-9
2-1-22	16039-55-7
2-1-22	16056-72-7
2-1-22	16105-06-9
2-1-22	1623456-05-2
2-1-22	163961-08-8
2-1-22	16593-57-0
2-1-22	167077-85-2
2-1-22	16986-83-7
2-1-22	17010-21-8
2-1-22	17033-07-7
2-1-22	17329-48-5
2-1-22	1773514-66-1
2-1-22	1773514-92-3
2-1-22	18532-52-0
2-1-22	18532-58-6
2-1-22	18897-36-4
2-1-22	18974-20-4
2-1-22	18991-05-4
2-1-22	19010-65-2
2-1-22	19010-79-8
2-1-22	19262-93-2
2-1-22	1926976-90-0
2-1-22	19651-91-3
2-1-22	20571-45-3
2-1-22	20648-91-3
2-1-22	2087110-63-0
2-1-22	21041-95-2
2-1-22	210909-42-5
2-1-22	21150-88-9
2-1-22	21328-74-5
2-1-22	2134593-22-7
2-1-22	21360-94-1
2-1-22	2191-10-8
2-1-22	2223-93-0
2-1-22	22465-18-5
2-1-22	22537-48-0
2-1-22	22750-53-4
2-1-22	22750-54-5
2-1-22	23100-72-3
2-1-22	2408-86-8
2-1-22	2420-97-5
2-1-22	2420-98-6
2-1-22	24345-60-6
2-1-22	24558-49-4
2-1-22	24558-49-4
2-1-22	245727-62-2
2-1-22	2485700-58-9
2-1-22	25685-75-0
2-1-22	26006-65-5
2-1-22	26006-69-9
2-1-22	2605-44-9
2-1-22	26264-48-2
2-1-22	2641128-84-7
2-1-22	2724228-22-0
2-1-22	27476-27-3
2-1-22	2749963-13-9
2-1-22	28038-18-8
2-1-22	28038-25-7
2-1-22	28041-77-2
2-1-22	28302-54-7
2-1-22	2847-16-7
2-1-22	28825-30-1
2-1-22	29398-76-3
2-1-22	29398-76-3
2-1-22	29736-89-8
2-1-22	2984549-53-1
2-1-22	29870-72-2
2-1-22	2996841-70-2
2-1-22	29977-13-7
2-1-22	3026-22-0
2-1-22	30304-32-6
2-1-22	303114-50-3
2-1-22	30363-28-1
2-1-22	30623-04-2
2-1-22	307531-70-0
2-1-22	30905-38-5
2-1-22	31017-44-4
2-1-22	31119-53-6
2-1-22	31215-94-8
2-1-22	32593-99-0
2-1-22	34100-40-8
2-1-22	34303-23-6
2-1-22	34330-64-8
2-1-22	34345-39-6
2-1-22	34410-88-3
2-1-22	35658-65-2
2-1-22	35803-35-1
2-1-22	36211-44-6
2-1-22	36931-18-7
2-1-22	37131-86-5
2-1-22	37364-06-0
2-1-22	378253-44-2
2-1-22	378253-45-3
2-1-22	378253-46-4
2-1-22	38386-25-3
2-1-22	38517-19-0
2-1-22	405884-26-6
2-1-22	41113-59-1
2-1-22	4167-05-9
2-1-22	4390-97-0
2-1-22	4464-23-7
2-1-22	4476-04-4
2-1-22	4696-59-7
2-1-22	49707-39-3
2-1-22	49784-42-1
2-1-22	49784-44-3
2-1-22	506-82-1
2-1-22	50648-02-7
2-1-22	5112-16-3
2-1-22	51222-60-7
2-1-22	513-78-0
2-1-22	52037-44-2
2-1-22	52337-78-7
2-1-22	53168-83-5
2-1-22	53168-85-7
2-1-22	53846-34-7
2-1-22	543-90-8
2-1-22	55060-82-7
2-1-22	55425-74-6
2-1-22	55700-14-6
2-1-22	56982-42-4
2-1-22	5743-04-4
2-1-22	58339-34-7
2-1-22	592-02-9
2-1-22	59223-35-7
2-1-22	61129-40-6
2-1-22	61789-34-2
2-1-22	61951-96-0
2-1-22	62149-56-8
2-1-22	62642-07-3
2-1-22	62642-07-3
2-1-22	62865-26-3
2-1-22	63400-09-9
2-1-22	6427-86-7
2-1-22	64681-08-9
2-1-22	654054-66-7
2-1-22	65997-18-4
2-1-22	67906-19-8
2-1-22	67939-62-2
2-1-22	67989-93-9
2-1-22	68092-45-5
2-1-22	68131-58-8
2-1-22	68131-59-9
2-1-22	68214-25-5
2-1-22	68309-98-8
2-1-22	68332-81-0
2-1-22	68409-82-5
2-1-22	68441-39-4
2-1-22	68478-53-5
2-1-22	68479-13-0
2-1-22	68512-49-2
2-1-22	68512-50-5
2-1-22	68512-51-6
2-1-22	68583-43-7
2-1-22	68583-44-8
2-1-22	68583-45-9
2-1-22	68584-41-8
2-1-22	68584-42-9
2-1-22	68784-10-1
2-1-22	68784-55-4
2-1-22	68784-58-7
2-1-22	68855-80-1
2-1-22	68859-25-6
2-1-22	68876-84-6
2-1-22	68876-90-4
2-1-22	68876-98-2
2-1-22	68876-99-3
2-1-22	68877-00-9
2-1-22	68877-01-0
2-1-22	68891-87-2
2-1-22	68953-39-9
2-1-22	68954-18-7
2-1-22	68956-81-0
2-1-22	68966-97-2
2-1-22	69011-66-1
2-1-22	69011-67-2
2-1-22	69011-69-4
2-1-22	69011-70-7
2-1-22	69012-21-1
2-1-22	69012-44-8
2-1-22	69012-51-7
2-1-22	69012-57-3
2-1-22	69012-63-1
2-1-22	69012-67-5
2-1-22	69029-48-7
2-1-22	69029-49-8
2-1-22	69029-63-6
2-1-22	69029-69-2
2-1-22	69029-70-5
2-1-22	69029-77-2
2-1-22	69029-78-3
2-1-22	69029-81-8
2-1-22	69029-89-6
2-1-22	69029-90-9
2-1-22	69029-91-0
2-1-22	69029-92-1
2-1-22	69029-95-4
2-1-22	69029-96-5
2-1-22	69121-20-6
2-1-22	69190-99-4
2-1-22	70084-75-2
2-1-22	70206-08-5
2-1-22	7058-55-1
2-1-22	71231-59-9
2-1-22	71243-75-9
2-1-22	71411-66-0
2-1-22	71436-99-2
2-1-22	71599-06-9
2-1-22	71861-27-3
2-1-22	72172-64-6
2-1-22	72275-93-5
2-1-22	72589-96-9
2-1-22	72828-62-7
2-1-22	72869-26-2
2-1-22	72869-63-7
2-1-22	72968-34-4
2-1-22	7346-68-1
2-1-22	73941-35-2
2-1-22	74178-35-1
2-1-22	74231-61-1
2-1-22	74278-22-1
2-1-22	7495-93-4
2-1-22	7544-40-3
2-1-22	7568-37-8
2-1-22	76093-98-6
2-1-22	76835-97-7
2-1-22	76871-66-4
2-1-22	77289-75-9
2-1-22	7789-42-6
2-1-22	7790-78-5
2-1-22	7790-79-6
2-1-22	7790-80-9
2-1-22	7790-81-0
2-1-22	7790-82-1
2-1-22	7790-83-2
2-1-22	7790-84-3
2-1-22	7790-85-4
2-1-22	79490-00-9
2-1-22	79990-52-6
2-1-22	8048-07-5
2-1-22	814-88-0
2-1-22	84696-56-0
2-1-22	84878-36-4
2-1-22	84878-37-5
2-1-22	84878-48-8
2-1-22	84878-51-3
2-1-22	84953-43-5
2-1-22	85117-02-8
2-1-22	85117-20-0
2-1-22	85586-15-8
2-1-22	85688-00-2
2-1-22	85958-86-7
2-1-22	85994-31-6
2-1-22	865-38-3
2-1-22	87835-30-1
2-1-22	89759-80-8
2-1-22	90194-35-7
2-1-22	90218-85-2
2-1-22	90342-19-1
2-1-22	90411-62-4
2-1-22	90529-78-5
2-1-22	905982-64-1
2-1-22	90604-89-0
2-1-22	90604-90-3
2-1-22	91053-44-0
2-1-22	91053-46-2
2-1-22	91053-47-3
2-1-22	91697-35-7
2-1-22	92062-13-0
2-1-22	92128-37-5
2-1-22	92257-06-2
2-1-22	92257-11-9
2-1-22	92704-12-6
2-1-22	92704-15-9
2-1-22	92704-19-3
2-1-22	92704-24-0
2-1-22	92797-28-9
2-1-22	93367-04-5
2-1-22	93686-40-9
2-1-22	93820-02-1
2-1-22	93858-50-5
2-1-22	93894-07-6
2-1-22	93894-08-7
2-1-22	93894-09-8
2-1-22	93894-10-1
2-1-22	93965-24-3
2-1-22	93965-30-1
2-1-22	93983-65-4
2-1-22	94232-49-2
2-1-22	94247-16-2
2-1-22	94275-93-1
2-1-22	94275-94-2
2-1-22	94551-70-9
2-1-22	94551-79-8
2-1-22	94551-80-1
2-1-22	95892-12-9
2-1-22	97259-82-0
2-1-22	99587-10-7
2-1-22	99749-34-5
2-1-22	RR-00559-4
2-1-22	RR-01638-6
2-1-22	RR-01915-8
2-1-22	RR-02247-9
2-1-22	RR-04012-0
2-1-22	RR-06942-1
2-1-22	RR-10389-9
2-1-22	RR-11151-3
2-1-22	RR-11152-4
2-1-22	RR-13216-1
2-1-22	RR-14283-6
2-1-22	RR-145869-1
2-1-22	RR-17718-4
2-1-22	RR-41296-4
2-1-22	RR-42177-2
2-1-22	RR-42178-3
2-1-22	RR-42180-7
2-1-22	RR-42183-0
2-1-22	RR-42187-4
2-1-22	RR-42805-7
2-1-22	RR-56254-9
2-1-22	RR-64385-6
2-1-22	RR-93912-8
2-1-22	UN2570
2-1-22-2	11004-81-2
2-1-22-2	113170-85-7
2-1-22-2	130995-49-2
2-1-22-2	2141-27-7
2-1-22-2	23065-35-2
2-1-22-2	25948-50-9
2-1-22-2	362653-08-5
2-1-22-2	54-64-8
2-1-22-2	77536-61-9
2-1-22-2	8030-32-8
2-1-22-2	8030-33-9
2-1-22-2	878791-13-0
2-1-22-3	1016316-60-1
2-1-22-3	64-18-6
2-1-22-3	67382-92-7
2-1-22-3	8006-93-7
2-1-22-3	82069-14-5
2-1-22-3	920-42-3
2-1-22-3	925-94-0
2-1-22-3	UN1779
2-1-22-4	106-42-3
2-1-22-4	108-38-3
2-1-22-4	1330-20-7
2-1-22-4	56004-61-6
2-1-22-4	56004-61-6
2-1-22-4	8026-09-3
2-1-22-4	95-47-6
2-1-22-4	UN1307
2-1-22-5	20214-07-7
2-1-22-5	91-22-5
2-1-22-5	UN2656
2-1-23	10233-88-2
2-1-23	10294-28-7
2-1-23	10294-29-8
2-1-23	10294-30-1
2-1-23	10294-31-2
2-1-23	11092-53-8
2-1-23	11092-54-9
2-1-23	11118-27-7
2-1-23	12192-57-3
2-1-23	12244-57-4
2-1-23	1228031-19-3
2-1-23	126549-44-8
2-1-23	1280655-06-2
2-1-23	1296770-43-8
2-1-23	13005-39-5
2-1-23	130206-49-4
2-1-23	1303-50-0
2-1-23	1303-58-8
2-1-23	1303-60-2
2-1-23	1303-61-3
2-1-23	1335-28-0
2-1-23	13453-07-1
2-1-23	13453-24-2
2-1-23	13464-29-4
2-1-23	13464-76-1
2-1-23	13464-77-2
2-1-23	13682-61-6
2-1-23	137355-36-3
2-1-23	13874-02-7
2-1-23	13874-04-9
2-1-23	13966-47-7
2-1-23	14323-32-1
2-1-23	147142-02-7
2-1-23	15189-51-2
2-1-23	16903-35-8
2-1-23	16961-25-4
2-1-23	172825-39-7
2-1-23	19153-98-1
2-1-23	19153-99-2
2-1-23	202581-61-1
2-1-23	253678-12-5
2-1-23	262846-47-9
2-1-23	26403-08-7
2-1-23	27988-77-8
2-1-23	28600-35-3
2-1-23	28600-36-4
2-1-23	28825-37-8
2-1-23	29156-65-8
2-1-23	30695-60-4
2-1-23	3145-90-2
2-1-23	38295-16-8
2-1-23	39394-92-8
2-1-23	497092-99-6
2-1-23	52562-86-4
2-1-23	67859-69-2
2-1-23	67859-70-5
2-1-23	68927-42-4
2-1-23	71662-32-3
2-1-23	79384-11-5
2-1-23	8011-75-4
2-1-23	81853-52-3
2-1-23	90907-74-7
2-1-23	91947-07-8
2-1-23	94232-38-9
2-1-23	RR-04237-5
2-1-24	101357-29-3
2-1-24	10294-26-5
2-1-24	11078-33-4
2-1-24	11113-87-4
2-1-24	1147709-34-9
2-1-24	119617-22-0
2-1-24	12002-99-2
2-1-24	12041-42-8
2-1-24	12249-68-2
2-1-24	12376-95-3
2-1-24	12513-18-7
2-1-24	12587-98-3
2-1-24	12653-91-7
2-1-24	128196-69-0
2-1-24	128196-70-3
2-1-24	1302-01-8
2-1-24	1302-08-5
2-1-24	131163-33-2
2-1-24	134325-12-5
2-1-24	134349-81-8
2-1-24	13465-88-8
2-1-24	13465-93-5
2-1-24	13465-96-8
2-1-24	13465-97-9
2-1-24	13465-98-0
2-1-24	13497-94-4
2-1-24	14104-20-2
2-1-24	14125-27-0
2-1-24	1423809-66-8
2-1-24	14242-05-8
2-1-24	14325-99-6
2-1-24	15124-04-6
2-1-24	16920-45-9
2-1-24	1701-93-5
2-1-24	172850-11-2
2-1-24	188916-45-2
2-1-24	188916-46-3
2-1-24	19287-89-9
2-1-24	20467-93-0
2-1-24	21548-73-2
2-1-24	22842-84-8
2-1-24	23149-52-2
2-1-24	25822-21-3
2-1-24	26042-63-7
2-1-24	26042-64-8
2-1-24	26088-37-9
2-1-24	265647-11-8
2-1-24	31517-19-8
2-1-24	31890-20-7
2-1-24	3315-16-0
2-1-24	331717-44-3
2-1-24	34445-07-3
2-1-24	37271-93-5
2-1-24	37318-74-4
2-1-24	42572-30-5
2-1-24	42613-24-1
2-1-24	44236-30-8
2-1-24	533-51-7
2-1-24	534-16-7
2-1-24	5610-59-3
2-1-24	563-63-3
2-1-24	60347-66-2
2-1-24	60763-16-8
2-1-24	61022-89-7
2-1-24	63939-08-2
2-1-24	67372-98-9
2-1-24	67859-68-1
2-1-24	70251-05-7
2-1-24	7761-88-8
2-1-24	7775-41-9
2-1-24	777844-76-5
2-1-24	7783-89-3
2-1-24	7783-91-7
2-1-24	7783-92-8
2-1-24	7783-93-9
2-1-24	7783-95-1
2-1-24	7783-96-2
2-1-24	7783-97-3
2-1-24	7783-98-4
2-1-24	7783-99-5
2-1-24	7784-01-2
2-1-24	7784-02-3
2-1-24	7784-09-0
2-1-24	7785-23-1
2-1-24	8012-12-2
2-1-24	8049-09-0
2-1-24	858235-52-6
2-1-24	858235-54-8
2-1-24	930120-90-4
2-1-24	93951-22-5
2-1-24	99573-82-7
2-1-24	RR-04200-2
2-1-24	UN1493
2-1-24-2	1033720-45-4
2-1-24-2	1033720-48-7
2-1-24-2	259744-22-4
2-1-24-2	702627-33-6
2-1-24-2	79-14-1
2-1-25	106-44-5
2-1-25	108-39-4
2-1-25	116804-25-2
2-1-25	1319-77-3
2-1-25	52037-47-5
2-1-25	8003-33-6
2-1-25	8006-62-0
2-1-25	8026-94-6
2-1-25	8027-16-5
2-1-25	95-48-7
2-1-25	UN2022
2-1-25	UN2076
2-1-25	UN3455
2-1-26	10034-82-9
2-1-26	10060-08-9
2-1-26	10101-75-4
2-1-26	10294-40-3
2-1-26	10294-52-7
2-1-26	109048-90-0
2-1-26	109225-23-2
2-1-26	109657-68-3
2-1-26	109657-69-4
2-1-26	11103-86-9
2-1-26	11104-65-7
2-1-26	11113-70-5
2-1-26	11119-70-3
2-1-26	112285-78-6
2-1-26	113015-82-0
2-1-26	115517-69-6
2-1-26	115517-70-9
2-1-26	115517-71-0
2-1-26	115658-56-5
2-1-26	115658-57-6
2-1-26	115949-83-2
2-1-26	115949-89-8
2-1-26	116305-12-5
2-1-26	119801-45-5
2-1-26	12000-34-9
2-1-26	12017-94-6
2-1-26	12053-47-3
2-1-26	120558-28-3
2-1-26	12190-88-4
2-1-26	12213-61-5
2-1-26	12231-18-4
2-1-26	12433-24-8
2-1-26	12433-30-6
2-1-26	12433-50-0
2-1-26	125233-42-3
2-1-26	12527-08-1
2-1-26	125297-07-6
2-1-26	12617-87-7
2-1-26	12619-84-0
2-1-26	12653-68-8
2-1-26	12656-85-8
2-1-26	12680-48-7
2-1-26	12705-38-3
2-1-26	12737-97-2
2-1-26	12777-94-5
2-1-26	128448-04-4
2-1-26	128715-37-7
2-1-26	128976-28-3
2-1-26	1308-13-0
2-1-26	1308-29-8
2-1-26	131162-93-1
2-1-26	1323950-28-2
2-1-26	1328-67-2
2-1-26	1335-24-6
2-1-26	13423-61-5
2-1-26	1344-37-2
2-1-26	13446-72-5
2-1-26	13454-78-9
2-1-26	13455-25-9
2-1-26	13465-34-4
2-1-26	13473-75-1
2-1-26	1350718-36-3
2-1-26	13517-17-4
2-1-26	13530-65-9
2-1-26	13548-42-0
2-1-26	136141-00-9
2-1-26	13765-19-0
2-1-26	137904-18-8
2-1-26	1426817-51-7
2-1-26	14307-35-8
2-1-26	14312-00-6
2-1-26	14507-18-7
2-1-26	14675-41-3
2-1-26	14721-18-7
2-1-26	16037-50-6
2-1-26	16565-94-9
2-1-26	16569-85-0
2-1-26	16569-86-1
2-1-26	16569-87-2
2-1-26	166269-55-2
2-1-26	1792172-36-1
2-1-26	181768-98-9
2-1-26	183858-81-3
2-1-26	18454-12-1
2-1-26	219828-32-7
2-1-26	22323-45-1
2-1-26	225797-70-6
2-1-26	23371-94-0
2-1-26	23371-94-0
2-1-26	24613-89-6
2-1-26	27787-63-9
2-1-26	36563-89-0
2-1-26	37224-56-9
2-1-26	37224-57-0
2-1-26	37235-82-8
2-1-26	37367-87-6
2-1-26	37809-34-0
2-1-26	38459-17-5
2-1-26	39400-35-6
2-1-26	41189-36-0
2-1-26	41261-95-4
2-1-26	49663-84-5
2-1-26	50316-88-6
2-1-26	50922-29-7
2-1-26	50929-82-3
2-1-26	51329-63-6
2-1-26	52110-72-2
2-1-26	52440-39-8
2-1-26	52869-79-1
2-1-26	53096-51-8
2-1-26	53206-40-9
2-1-26	53206-41-0
2-1-26	53809-63-5
2-1-26	54322-60-0
2-1-26	54991-58-1
2-1-26	553650-13-8
2-1-26	561029-54-7
2-1-26	56320-90-2
2-1-26	57790-30-4
2-1-26	58319-32-7
2-1-26	58640-42-9
2-1-26	59330-20-0
2-1-26	60763-96-4
2-1-26	61513-05-1
2-1-26	61513-06-2
2-1-26	61513-07-3
2-1-26	62683-24-3
2-1-26	63020-43-9
2-1-26	64523-06-4
2-1-26	68406-65-5
2-1-26	69011-07-0
2-1-26	7758-97-6
2-1-26	7775-11-3
2-1-26	7784-01-2
2-1-26	7788-98-9
2-1-26	7789-00-6
2-1-26	7789-01-7
2-1-26	7789-06-2
2-1-26	8005-36-5
2-1-26	8012-76-8
2-1-26	8049-64-7
2-1-26	81209-53-2
2-1-26	871483-10-2
2-1-26	90014-70-3
2-1-26	RR-04964-9
2-1-26-2	360577-25-9
2-1-26-2	39394-21-3
2-1-26-2	8073-20-9
2-1-26-2	999-81-5
2-1-26-2	RR-04232-0
2-1-26-3	33439-45-1
2-1-26-4	35996-61-3
2-1-26-5	2274-67-1
2-1-26-6	598-20-9
2-1-26-7	671-04-5
2-1-27	76-06-2
2-1-27	UN1580
2-1-28	1111-89-3
2-1-28	1173018-35-3
2-1-28	1474045-09-4
2-1-28	1474045-10-7
2-1-28	1474045-11-8
2-1-28	16786-44-0
2-1-28	74-87-3
2-1-28	UN1063
2-1-28-10	88-73-3
2-1-28-11	135410-20-7
2-1-28-11	152949-80-9
2-1-28-11	160430-64-8
2-1-28-11	468644-47-5
2-1-28-12	105827-78-9
2-1-28-12	105827-78-9
2-1-28-12	138261-41-3
2-1-28-12	138261-41-3
2-1-28-13	111988-49-9
2-1-28-14	77458-01-6
2-1-28-14	89784-60-1
2-1-28-15	1472050-04-6
2-1-28-16	126-99-8
2-1-28-16	184963-09-5
2-1-28-16	UN1991
2-1-28-2	1256778-77-4
2-1-28-2	79-04-9
2-1-28-2	UN1752
2-1-28-3	95-51-2
2-1-28-4	129558-76-5
2-1-28-5	105779-78-0
2-1-28-6	109-61-5
2-1-28-6	UN2740
2-1-28-7	105-39-5
2-1-28-7	UN1181
2-1-28-8	3926-62-3
2-1-28-8	UN2659
2-1-28-9	100-00-5
2-1-29	1202864-64-9
2-1-29	12672-67-2
2-1-29	1309-45-1
2-1-29	16961-83-4
2-1-29	UN1778
2-1-3	102489-37-2
2-1-3	543-21-5
2-1-3-2	11140-60-6
2-1-3-2	7783-00-8
2-1-30	1202391-51-2
2-1-30	12062-24-7
2-1-30	12655-98-0
2-1-30	12656-12-1
2-1-30	12737-08-5
2-1-30	12741-08-1
2-1-30	1304-13-8
2-1-30	1309-32-6
2-1-30	1309-97-3
2-1-30	1310-02-7
2-1-30	1310-03-8
2-1-30	1320337-71-0
2-1-30	1332-78-1
2-1-30	1344-04-3
2-1-30	1344-27-0
2-1-30	1360896-72-5
2-1-30	16871-71-9
2-1-30	16871-90-2
2-1-30	16893-85-9
2-1-30	16919-19-0
2-1-30	16925-39-6
2-1-30	16949-65-8
2-1-30	16961-80-1
2-1-30	17010-21-8
2-1-30	17125-80-3
2-1-30	17347-95-4
2-1-30	1796558-39-8
2-1-30	18433-42-6
2-1-30	18972-56-0
2-1-30	221174-64-7
2-1-30	25808-74-6
2-1-30	25808-75-7
2-1-30	25868-86-4
2-1-30	25869-11-8
2-1-30	26043-11-8
2-1-30	36596-71-1
2-1-30	39413-34-8
2-1-30	53238-22-5
2-1-30	68239-51-0
2-1-30	74925-56-7
2-1-30	792949-74-7
2-1-30	83689-82-1
2-1-30	RR-54563-1
2-1-30	UN2655
2-1-30	UN2674
2-1-30	UN2853
2-1-30	UN2854
2-1-30	UN2855
2-1-30-2	12503-98-9
2-1-30-2	1314-62-1
2-1-30-2	1408062-28-1
2-1-30-2	166165-37-3
2-1-30-2	172928-47-1
2-1-30-2	184892-22-6
2-1-30-2	200577-85-1
2-1-30-2	203812-34-4
2-1-30-2	251927-12-5
2-1-30-2	410546-90-6
2-1-30-2	56870-07-6
2-1-30-2	581075-33-4
2-1-30-2	828264-64-8
2-1-30-2	854372-97-7
2-1-30-2	857777-38-9
2-1-30-2	863639-26-3
2-1-30-2	87854-55-5
2-1-30-2	87854-56-6
2-1-30-2	934750-46-6
2-1-30-2	UN2862
2-1-30-3	141-78-6
2-1-30-3	UN1173
2-1-30-4	13901-25-2
2-1-30-4	193561-54-5
2-1-30-4	25369-72-6
2-1-30-4	2570-63-0
2-1-30-4	31293-42-2
2-1-30-4	3671-95-2
2-1-30-4	563-68-8
2-1-30-4	62811-75-0
2-1-30-5	53003-10-4
2-1-30-5	55721-31-8
2-1-30-5	RR-16432-9
2-1-30-6	10124-27-3
2-1-30-6	1161430-81-4
2-1-30-6	125690-94-0
2-1-30-6	1332483-60-9
2-1-30-6	1818401-35-2
2-1-30-6	195436-38-5
2-1-30-6	255839-01-1
2-1-30-6	41630-01-7
2-1-30-6	7446-70-0
2-1-30-6	7784-13-6
2-1-30-6	80006-43-5
2-1-30-6	UN1726
2-1-30-6	UN2581
2-1-30-7	7705-07-9
2-1-30-7	UN2441
2-1-30-7	UN2869
2-1-31	12653-71-3
2-1-31	1312-01-2
2-1-31	1344-45-2
2-1-31	15829-53-5
2-1-31	21908-53-2
2-1-31	8028-34-0
2-1-31	UN1641
2-1-31-2	32729-71-8
2-1-31-2	420-04-2
2-1-31-2	65931-45-5
2-1-31-3	6392-46-7
2-1-32	100-45-8
2-1-32	100-47-0
2-1-32	100-48-1
2-1-32	100-70-9
2-1-32	1003-31-2
2-1-32	10036-43-8
2-1-32	1006710-56-0
2-1-32	100900-25-2
2-1-32	1011-92-3
2-1-32	10154-75-3
2-1-32	1017683-96-3
2-1-32	1018-79-7
2-1-32	10191-60-3
2-1-32	10222-01-2
2-1-32	10258-54-5
2-1-32	102714-71-6
2-1-32	10288-28-5
2-1-32	1028842-84-3
2-1-32	102984-46-3
2-1-32	103013-86-1
2-1-32	10340-85-9
2-1-32	103833-18-7
2-1-32	103919-55-7
2-1-32	104-47-2
2-1-32	104-85-8
2-1-32	10412-98-3
2-1-32	104366-25-8
2-1-32	10442-39-4
2-1-32	104581-68-2
2-1-32	105-07-7
2-1-32	105-34-0
2-1-32	105-56-6
2-1-32	10531-13-2
2-1-32	1067-47-6
2-1-32	107-12-0
2-1-32	107-13-1
2-1-32	107-14-2
2-1-32	107-16-4
2-1-32	107-91-5
2-1-32	1071-21-2
2-1-32	1071-22-3
2-1-32	1071-27-8
2-1-32	1075-76-9
2-1-32	108443-29-4
2-1-32	108890-51-3
2-1-32	109-74-0
2-1-32	109-75-1
2-1-32	109-77-3
2-1-32	109-78-4
2-1-32	109-82-0
2-1-32	1092789-12-2
2-1-32	110-59-8
2-1-32	110-61-2
2-1-32	110-67-8
2-1-32	111-69-3
2-1-32	111-94-4
2-1-32	111-97-7
2-1-32	1116-98-9
2-1-32	1118-61-2
2-1-32	1119-85-3
2-1-32	112-91-4
2-1-32	1122-28-7
2-1-32	1129-35-7
2-1-32	1129282-73-0
2-1-32	114772-54-2
2-1-32	115721-57-8
2-1-32	116453-89-5
2-1-32	116584-22-6
2-1-32	1172-02-7
2-1-32	117209-33-3
2-1-32	117482-84-5
2-1-32	1187-11-7
2-1-32	1187-42-4
2-1-32	119-95-9
2-1-32	1190-16-5
2-1-32	1194-02-1
2-1-32	1197-19-9
2-1-32	1197872-06-2
2-1-32	1198-30-7
2-1-32	1202867-06-8
2-1-32	1206-15-1
2-1-32	1210-12-4
2-1-32	121505-17-7
2-1-32	1217-45-4
2-1-32	1218900-68-5
2-1-32	1220632-37-0
2-1-32	1221168-60-0
2-1-32	122371-93-1
2-1-32	122454-29-9
2-1-32	123-06-8
2-1-32	125-79-1
2-1-32	125185-59-3
2-1-32	126-98-7
2-1-32	126389-08-0
2-1-32	127074-43-5
2-1-32	128252-19-7
2-1-32	130166-92-6
2-1-32	13063-43-9
2-1-32	13067-93-1
2-1-32	1309882-90-3
2-1-32	131445-37-9
2-1-32	1316-91-2
2-1-32	131641-62-8
2-1-32	13166-10-4
2-1-32	132-75-2
2-1-32	132112-66-4
2-1-32	132112-67-5
2-1-32	13284-42-9
2-1-32	13338-63-1
2-1-32	13361-30-3
2-1-32	13361-31-4
2-1-32	13361-32-5
2-1-32	13361-34-7
2-1-32	134022-72-3
2-1-32	134227-45-5
2-1-32	13435-20-6
2-1-32	13472-08-7
2-1-32	13481-25-9
2-1-32	1353674-17-5
2-1-32	13612-59-4
2-1-32	13621-47-1
2-1-32	136514-17-5
2-1-32	13730-09-1
2-1-32	137428-29-6
2-1-32	137472-69-6
2-1-32	13781-53-8
2-1-32	137902-95-5
2-1-32	139152-08-2
2-1-32	140-29-4
2-1-32	140-53-4
2-1-32	140-87-4
2-1-32	1401716-51-5
2-1-32	140706-29-2
2-1-32	14191-95-8
2-1-32	14220-64-5
2-1-32	14227-95-3
2-1-32	142347-86-2
2-1-32	1436-43-7
2-1-32	14377-68-5
2-1-32	143879-80-5
2-1-32	1443-80-7
2-1-32	14447-15-5
2-1-32	1448-98-2
2-1-32	144804-99-9
2-1-32	145150-83-0
2-1-32	145370-88-3
2-1-32	14592-56-4
2-1-32	1466-48-4
2-1-32	147770-51-2
2-1-32	148-69-6
2-1-32	148-87-8
2-1-32	14906-59-3
2-1-32	14918-21-9
2-1-32	149850-30-6
2-1-32	149988-44-3
2-1-32	149988-45-4
2-1-32	15029-30-8
2-1-32	151-18-8
2-1-32	151-63-3
2-1-32	1518-16-7
2-1-32	151887-87-5
2-1-32	152-11-4
2-1-32	1527-89-5
2-1-32	1529-41-5
2-1-32	1530-87-6
2-1-32	1530-88-7
2-1-32	1530-89-8
2-1-32	15301-48-1
2-1-32	15328-32-2
2-1-32	154180-57-1
2-1-32	154920-47-5
2-1-32	15545-97-8
2-1-32	1557-59-1
2-1-32	15666-97-4
2-1-32	15686-61-0
2-1-32	1572-52-7
2-1-32	1572-99-2
2-1-32	157627-97-9
2-1-32	15861-24-2
2-1-32	1591-30-6
2-1-32	159224-07-4
2-1-32	159789-09-0
2-1-32	16000-39-8
2-1-32	1617-17-0
2-1-32	161755-85-7
2-1-32	16213-85-7
2-1-32	16297-07-7
2-1-32	1633-44-9
2-1-32	16359-54-9
2-1-32	163725-12-0
2-1-32	1641-09-4
2-1-32	16529-56-9
2-1-32	16529-66-1
2-1-32	16532-79-9
2-1-32	1656-48-0
2-1-32	16582-93-7
2-1-32	16588-02-6
2-1-32	16617-46-2
2-1-32	1675-69-0
2-1-32	16849-88-0
2-1-32	1689-83-4
2-1-32	1689-84-5
2-1-32	16932-49-3
2-1-32	1711-11-1
2-1-32	17174-98-0
2-1-32	17201-43-3
2-1-32	17216-62-5
2-1-32	17231-59-3
2-1-32	1733-04-6
2-1-32	17354-79-9
2-1-32	17362-17-3
2-1-32	1738-25-6
2-1-32	1738-36-9
2-1-32	17420-30-3
2-1-32	17601-94-4
2-1-32	17640-15-2
2-1-32	17722-17-7
2-1-32	17756-81-9
2-1-32	17823-38-0
2-1-32	17823-40-4
2-1-32	178664-51-2
2-1-32	17932-62-6
2-1-32	18136-00-0
2-1-32	18156-15-5
2-1-32	1823-91-2
2-1-32	18270-61-6
2-1-32	18293-53-3
2-1-32	18300-91-9
2-1-32	1835-49-0
2-1-32	1835-65-0
2-1-32	18381-45-8
2-1-32	18502-05-1
2-1-32	1855-63-6
2-1-32	185745-56-6
2-1-32	1867-10-3
2-1-32	1871-96-1
2-1-32	187336-44-3
2-1-32	1877-72-1
2-1-32	1885-29-6
2-1-32	1885-35-4
2-1-32	1885-38-7
2-1-32	1885-76-3
2-1-32	1891-95-8
2-1-32	18936-17-9
2-1-32	1897-41-2
2-1-32	1897-43-4
2-1-32	1897-52-5
2-1-32	191362-21-7
2-1-32	19158-51-1
2-1-32	19179-31-8
2-1-32	1930-72-9
2-1-32	19472-74-3
2-1-32	19649-68-4
2-1-32	19706-80-0
2-1-32	19812-93-2
2-1-32	19847-12-2
2-1-32	19924-43-7
2-1-32	2012-81-9
2-1-32	2024-83-1
2-1-32	2032-34-0
2-1-32	20352-84-5
2-1-32	2036-13-7
2-1-32	2042-37-7
2-1-32	2046-18-6
2-1-32	2079-89-2
2-1-32	20893-30-5
2-1-32	20925-27-3
2-1-32	2094-98-6
2-1-32	20965-27-9
2-1-32	21342-85-8
2-1-32	2141-62-0
2-1-32	21423-81-4
2-1-32	21524-39-0
2-1-32	2154-70-3
2-1-32	21658-95-7
2-1-32	21663-61-6
2-1-32	2169-69-9
2-1-32	2172-51-2
2-1-32	2179-13-7
2-1-32	2184-88-5
2-1-32	21954-81-4
2-1-32	22005-33-0
2-1-32	22115-41-9
2-1-32	221363-40-2
2-1-32	2234-26-6
2-1-32	22364-68-7
2-1-32	2237-30-1
2-1-32	2243-27-8
2-1-32	2244-07-7
2-1-32	22516-99-0
2-1-32	22581-05-1
2-1-32	22734-04-9
2-1-32	2274-42-2
2-1-32	22856-30-0
2-1-32	23074-42-2
2-1-32	2317-22-8
2-1-32	23313-68-0
2-1-32	2338-75-2
2-1-32	2338-76-3
2-1-32	2377-81-3
2-1-32	23923-29-7
2-1-32	23996-12-5
2-1-32	23996-16-9
2-1-32	23996-25-0
2-1-32	2407-68-3
2-1-32	2417-90-5
2-1-32	2432-74-8
2-1-32	24437-41-0
2-1-32	2465-92-1
2-1-32	2465-93-2
2-1-32	24742-30-1
2-1-32	24820-56-2
2-1-32	24964-64-5
2-1-32	250712-20-0
2-1-32	2510-55-6
2-1-32	2510-95-4
2-1-32	25115-74-6
2-1-32	25117-74-2
2-1-32	25117-75-3
2-1-32	25149-46-6
2-1-32	25149-47-7
2-1-32	2526-62-7
2-1-32	252917-06-9
2-1-32	25309-65-3
2-1-32	2537-48-6
2-1-32	2571-54-2
2-1-32	25753-25-7
2-1-32	25808-30-4
2-1-32	25899-50-7
2-1-32	26294-98-4
2-1-32	26830-95-5
2-1-32	26947-41-1
2-1-32	26961-27-3
2-1-32	2698-41-1
2-1-32	2700-22-3
2-1-32	27126-93-8
2-1-32	2739-97-1
2-1-32	27792-36-5
2-1-32	27914-15-4
2-1-32	28049-61-8
2-1-32	28166-41-8
2-1-32	28188-41-2
2-1-32	28195-00-8
2-1-32	2826-26-8
2-1-32	28442-30-0
2-1-32	28446-68-6
2-1-32	2856-63-5
2-1-32	28900-10-9
2-1-32	2920-38-9
2-1-32	29261-33-4
2-1-32	2938-69-4
2-1-32	2942-58-7
2-1-32	2947-60-6
2-1-32	2947-61-7
2-1-32	29754-21-0
2-1-32	29883-15-6
2-1-32	3009-97-0
2-1-32	3010-02-4
2-1-32	3010-04-6
2-1-32	3018-12-0
2-1-32	302-41-0
2-1-32	3038-47-9
2-1-32	3055-84-3
2-1-32	3058-04-6
2-1-32	3058-39-7
2-1-32	30587-80-5
2-1-32	3061-65-2
2-1-32	30684-36-7
2-1-32	30757-50-7
2-1-32	3088-41-3
2-1-32	3088-42-4
2-1-32	31643-49-9
2-1-32	3189-43-3
2-1-32	31938-07-5
2-1-32	3215-64-3
2-1-32	3218-49-3
2-1-32	32444-63-6
2-1-32	3252-43-5
2-1-32	326-62-5
2-1-32	32703-80-3
2-1-32	3272-08-0
2-1-32	32730-85-1
2-1-32	328-87-0
2-1-32	32804-77-6
2-1-32	33252-30-1
2-1-32	3333-52-6
2-1-32	3336-16-1
2-1-32	3347-22-6
2-1-32	33611-48-2
2-1-32	3386-87-6
2-1-32	3396-17-6
2-1-32	34128-02-4
2-1-32	3445-84-9
2-1-32	34662-31-2
2-1-32	34688-71-6
2-1-32	34846-64-5
2-1-32	35013-90-2
2-1-32	35120-10-6
2-1-32	35234-88-9
2-1-32	3544-25-0
2-1-32	35520-41-3
2-1-32	35543-25-0
2-1-32	356-81-0
2-1-32	35607-36-4
2-1-32	35704-19-9
2-1-32	3627-62-1
2-1-32	368-77-4
2-1-32	3695-98-5
2-1-32	370-86-5
2-1-32	372-09-8
2-1-32	3810-80-8
2-1-32	38172-19-9
2-1-32	38258-92-3
2-1-32	38487-86-4
2-1-32	38791-62-7
2-1-32	39101-54-7
2-1-32	39186-58-8
2-1-32	39215-39-9
2-1-32	39322-24-2
2-1-32	3939-09-1
2-1-32	394-47-8
2-1-32	39515-47-4
2-1-32	40127-89-7
2-1-32	40227-17-6
2-1-32	4023-53-4
2-1-32	40234-39-7
2-1-32	403-54-3
2-1-32	40401-47-6
2-1-32	40953-34-2
2-1-32	4107-65-7
2-1-32	4110-35-4
2-1-32	41122-70-7
2-1-32	421552-12-7
2-1-32	42253-96-3
2-1-32	4241-27-4
2-1-32	4248-33-3
2-1-32	42492-95-5
2-1-32	4254-02-8
2-1-32	43020-38-8
2-1-32	43036-06-2
2-1-32	43111-44-0
2-1-32	4403-61-6
2-1-32	4414-88-4
2-1-32	4419-11-8
2-1-32	4421-08-3
2-1-32	4421-09-4
2-1-32	4439-02-5
2-1-32	4468-48-8
2-1-32	4468-59-1
2-1-32	447-60-9
2-1-32	4542-47-6
2-1-32	4543-66-2
2-1-32	455-18-5
2-1-32	4553-07-5
2-1-32	4553-62-2
2-1-32	4554-16-9
2-1-32	459-22-3
2-1-32	4594-78-9
2-1-32	4635-87-4
2-1-32	4733-50-0
2-1-32	4734-41-2
2-1-32	4786-20-3
2-1-32	4955-82-2
2-1-32	49556-76-5
2-1-32	49577-56-2
2-1-32	4977-62-2
2-1-32	499786-45-7
2-1-32	5005-36-7
2-1-32	501-00-8
2-1-32	5015-38-3
2-1-32	503-20-8
2-1-32	504435-23-8
2-1-32	50743-17-4
2-1-32	508182-80-7
2-1-32	50908-45-7
2-1-32	5098-14-6
2-1-32	51304-58-6
2-1-32	51325-91-8
2-1-32	51584-70-4
2-1-32	51630-58-1
2-1-32	51632-29-2
2-1-32	51762-67-5
2-1-32	51762-68-6
2-1-32	51762-94-8
2-1-32	51778-95-1
2-1-32	51778-96-2
2-1-32	52-53-9
2-1-32	52315-06-7
2-1-32	52315-07-8
2-1-32	5232-99-5
2-1-32	52630-99-6
2-1-32	52688-11-6
2-1-32	52771-22-9
2-1-32	529-19-1
2-1-32	52918-63-5
2-1-32	532-28-5
2-1-32	5332-06-9
2-1-32	5334-43-0
2-1-32	5336-75-4
2-1-32	53545-96-3
2-1-32	53724-78-0
2-1-32	53941-45-0
2-1-32	5399-02-0
2-1-32	540-61-4
2-1-32	54088-65-2
2-1-32	5414-21-1
2-1-32	5417-82-3
2-1-32	542-54-1
2-1-32	542-76-7
2-1-32	54381-61-2
2-1-32	544-13-8
2-1-32	54414-88-9
2-1-32	5444-02-0
2-1-32	5447-66-5
2-1-32	545-06-2
2-1-32	5457-28-3
2-1-32	5459-58-5
2-1-32	5466-22-8
2-1-32	5466-54-6
2-1-32	5467-94-7
2-1-32	54673-07-3
2-1-32	54714-50-0
2-1-32	54798-28-6
2-1-32	54824-37-2
2-1-32	5500-21-0
2-1-32	55067-10-2
2-1-32	5532-86-5
2-1-32	5537-71-3
2-1-32	55462-97-0
2-1-32	555-21-5
2-1-32	555-60-2
2-1-32	5558-67-8
2-1-32	55600-30-1
2-1-32	55700-96-4
2-1-32	55819-76-6
2-1-32	5616-32-0
2-1-32	56341-36-7
2-1-32	5652-84-6
2-1-32	5653-62-3
2-1-32	56765-79-8
2-1-32	568591-00-4
2-1-32	56875-27-5
2-1-32	5697-44-9
2-1-32	5715-02-6
2-1-32	5724-56-1
2-1-32	57597-62-3
2-1-32	57710-63-1
2-1-32	5798-79-8
2-1-32	5804-85-3
2-1-32	5807-02-3
2-1-32	5810-18-4
2-1-32	58160-37-5
2-1-32	58264-04-3
2-1-32	58449-80-2
2-1-32	5848-24-8
2-1-32	58632-95-4
2-1-32	58728-64-6
2-1-32	590-17-0
2-1-32	59016-56-7
2-1-32	59182-86-4
2-1-32	592-51-8
2-1-32	59346-56-4
2-1-32	5961-55-7
2-1-32	59708-44-0
2-1-32	59997-51-2
2-1-32	6011-14-9
2-1-32	60153-49-3
2-1-32	6041-28-7
2-1-32	6047-91-2
2-1-32	60585-38-8
2-1-32	6065-95-8
2-1-32	6068-72-0
2-1-32	60702-69-4
2-1-32	60778-41-8
2-1-32	60838-50-8
2-1-32	6094-60-6
2-1-32	610-66-2
2-1-32	611-20-1
2-1-32	612-24-8
2-1-32	613-46-7
2-1-32	613-73-0
2-1-32	613-88-7
2-1-32	613-90-1
2-1-32	61310-53-0
2-1-32	6136-68-1
2-1-32	6136-93-2
2-1-32	614-16-4
2-1-32	6140-61-0
2-1-32	61437-85-2
2-1-32	61540-35-0
2-1-32	617-90-3
2-1-32	61789-53-5
2-1-32	619-24-9
2-1-32	619-65-8
2-1-32	619-72-7
2-1-32	61968-38-5
2-1-32	620-22-4
2-1-32	621-03-4
2-1-32	621-50-1
2-1-32	622-75-3
2-1-32	62229-77-0
2-1-32	623-00-7
2-1-32	623-03-0
2-1-32	623-49-4
2-1-32	6232-19-5
2-1-32	624-75-9
2-1-32	625-28-5
2-1-32	626-22-2
2-1-32	628-20-6
2-1-32	628-73-9
2-1-32	628-87-5
2-1-32	6280-87-1
2-1-32	629-40-3
2-1-32	629-60-7
2-1-32	630-18-2
2-1-32	6304-33-2
2-1-32	6306-60-1
2-1-32	631-57-2
2-1-32	63592-54-1
2-1-32	63619-09-0
2-1-32	638-65-3
2-1-32	63908-52-1
2-1-32	6393-40-4
2-1-32	64113-84-4
2-1-32	64248-62-0
2-1-32	64248-63-1
2-1-32	64248-64-2
2-1-32	64415-13-0
2-1-32	6443-72-7
2-1-32	6443-85-2
2-1-32	645-59-0
2-1-32	646-20-8
2-1-32	647-12-1
2-1-32	653-30-5
2-1-32	654-01-3
2-1-32	656-35-9
2-1-32	65652-67-7
2-1-32	6574-97-6
2-1-32	6574-98-7
2-1-32	6574-99-8
2-1-32	6575-00-4
2-1-32	6575-07-1
2-1-32	6575-09-3
2-1-32	6575-10-6
2-1-32	6575-11-7
2-1-32	658-99-1
2-1-32	6602-54-6
2-1-32	6609-56-9
2-1-32	6609-57-0
2-1-32	6621-59-6
2-1-32	66230-04-4
2-1-32	6629-04-5
2-1-32	66526-01-0
2-1-32	66582-16-9
2-1-32	668-45-1
2-1-32	670-54-2
2-1-32	67035-64-7
2-1-32	6719-21-7
2-1-32	67375-30-8
2-1-32	67821-33-4
2-1-32	67886-70-8
2-1-32	67944-71-2
2-1-32	68083-35-2
2-1-32	68085-85-8
2-1-32	6809-91-2
2-1-32	68302-13-6
2-1-32	68391-42-4
2-1-32	6851-36-1
2-1-32	68514-67-0
2-1-32	6869-07-4
2-1-32	693-05-0
2-1-32	69350-73-8
2-1-32	6952-59-6
2-1-32	69584-87-8
2-1-32	6975-71-9
2-1-32	69866-38-2
2-1-32	70026-36-7
2-1-32	70124-77-5
2-1-32	702-03-4
2-1-32	7035-03-2
2-1-32	70591-20-7
2-1-32	706-03-6
2-1-32	706823-00-9
2-1-32	71097-32-0
2-1-32	712-74-3
2-1-32	71258-18-9
2-1-32	7152-40-1
2-1-32	7153-22-2
2-1-32	71611-31-9
2-1-32	7187-01-1
2-1-32	71887-25-7
2-1-32	72007-50-2
2-1-32	72242-75-2
2-1-32	72650-28-3
2-1-32	73075-19-1
2-1-32	7315-17-5
2-1-32	7327-60-8
2-1-32	7357-70-2
2-1-32	73825-69-1
2-1-32	73907-82-1
2-1-32	74077-58-0
2-1-32	7468-67-9
2-1-32	749216-52-2
2-1-32	7498-57-9
2-1-32	75-86-5
2-1-32	75279-55-9
2-1-32	75942-37-9
2-1-32	76012-28-7
2-1-32	7605-28-9
2-1-32	764-42-1
2-1-32	7659-45-2
2-1-32	766-05-2
2-1-32	766-84-7
2-1-32	7663-76-5
2-1-32	767-00-0
2-1-32	76703-62-3
2-1-32	769-28-8
2-1-32	769-68-6
2-1-32	769126-92-3
2-1-32	769134-66-9
2-1-32	77-57-6
2-1-32	771-51-7
2-1-32	773-82-0
2-1-32	77326-36-4
2-1-32	77474-62-5
2-1-32	77474-63-6
2-1-32	77532-79-7
2-1-32	77772-12-4
2-1-32	778-94-9
2-1-32	7790-01-4
2-1-32	78-67-1
2-1-32	78-82-0
2-1-32	78-97-7
2-1-32	78056-67-4
2-1-32	78415-72-2
2-1-32	78473-00-4
2-1-32	79225-55-1
2-1-32	79463-77-7
2-1-32	79630-23-2
2-1-32	80509-48-4
2-1-32	80748-81-8
2-1-32	80866-78-0
2-1-32	80892-60-0
2-1-32	80997-84-8
2-1-32	813-74-1
2-1-32	81375-80-6
2-1-32	81560-32-9
2-1-32	81693-28-9
2-1-32	81951-76-0
2-1-32	821023-66-9
2-1-32	82380-18-5
2-1-32	825-52-5
2-1-32	83404-52-8
2-1-32	83463-62-1
2-1-32	83482-57-9
2-1-32	83930-92-1
2-1-32	84-58-2
2-1-32	842170-55-2
2-1-32	84632-50-8
2-1-32	84681-83-4
2-1-32	84870-65-5
2-1-32	85068-32-2
2-1-32	855786-15-1
2-1-32	856294-25-2
2-1-32	86-29-3
2-1-32	86-53-3
2-1-32	860389-90-8
2-1-32	862172-63-2
2-1-32	868-54-2
2-1-32	873-32-5
2-1-32	873-62-1
2-1-32	873-74-5
2-1-32	874-90-8
2-1-32	875-35-4
2-1-32	875554-86-2
2-1-32	877833-74-4
2-1-32	87813-07-8
2-1-32	882231-01-8
2-1-32	89128-08-5
2-1-32	89403-99-6
2-1-32	91-15-6
2-1-32	91465-08-6
2-1-32	915-30-0
2-1-32	919-31-3
2-1-32	92-64-8
2-1-32	920-37-6
2-1-32	924366-17-6
2-1-32	926-64-7
2-1-32	93-17-4
2-1-32	931-97-5
2-1-32	935-44-4
2-1-32	939-80-0
2-1-32	94-21-3
2-1-32	94-34-8
2-1-32	94088-46-7
2-1-32	943-03-3
2-1-32	948292-33-9
2-1-32	95-11-4
2-1-32	95210-41-6
2-1-32	95210-42-7
2-1-32	95470-64-7
2-1-32	96606-37-0
2-1-32	97828-37-0
2-1-32	97955-44-7
2-1-32	98349-22-5
2-1-32	99-18-3
2-1-32	99196-22-2
2-1-32	99749-75-4
2-1-32	RR-02898-8
2-1-32	UN1093
2-1-32	UN1541
2-1-32	UN2205
2-1-32	UN2224
2-1-32	UN2284
2-1-32	UN2378
2-1-32	UN2404
2-1-32	UN2411
2-1-32	UN2470
2-1-32	UN2647
2-1-32	UN2668
2-1-32	UN3079
2-1-32-(120)	609346-29-4
2-1-32-(122)	49561-89-9
2-1-32-(123)	22629-49-8
2-1-32-(125)	15373-31-6
2-1-32-(125)	18674-52-7
2-1-32-(125)	26585-74-0
2-1-32-(16)	131379-24-3
2-1-32-(16)	131379-26-5
2-1-32-(16)	53179-04-7
2-1-32-(161)	122453-73-0
2-1-32-(178)	131860-33-8
2-1-32-(28)	11096-88-1
2-1-32-(28)	12679-53-7
2-1-32-(28)	21725-46-2
2-1-32-(3)	1722-09-4
2-1-32-(3)	2206-26-0
2-1-32-(3)	54841-72-4
2-1-32-(3)	62663-01-8
2-1-32-(3)	75-05-8
2-1-32-(3)	UN1648
2-1-32-(57)	139968-49-3
2-1-32-(59)	39515-41-8
2-1-32-(59)	64257-84-7
2-1-32-(6)	120068-37-3
2-1-32-(6)	120068-37-3
2-1-32-(60)	102851-06-9
2-1-32-(60)	69409-94-5
2-1-32-(62)	65731-84-2
2-1-32-(62)	72204-44-5
2-1-32-(63)	66841-25-6
2-1-32-(63)	81604-63-9
2-1-32-(65)	64312-65-8
2-1-32-(65)	64312-68-1
2-1-32-(66)	77122-51-1
2-1-32-(66, 67)	39515-40-7
2-1-32-(67)	77122-52-2
2-1-32-(82)	1820573-27-0
2-1-32-(82)	68359-37-5
2-1-32-(82)	83855-46-3
2-1-32-(82)	85782-82-7
2-1-32-(82)	86560-93-2
2-1-32-(82)	86560-94-3
2-1-32-(82)	86560-95-4
2-1-32-(96)	394730-71-3
2-1-33	5827-05-4
2-1-33-2	100-37-8
2-1-33-2	102802-00-6
2-1-33-2	UN2686
2-1-33-3	12648-52-1
2-1-33-3	23505-41-1
2-1-34	298-04-4
2-1-34-2	11129-09-2
2-1-34-2	12650-35-0
2-1-34-2	2310-17-0
2-1-34-2	29562-46-7
2-1-34-2	54182-71-7
2-1-34-3	13593-03-8
2-1-34-3	37331-41-2
2-1-34-3	54511-12-5
2-1-35	786-19-6
2-1-35-2	18708-86-6
2-1-35-2	18708-87-7
2-1-35-2	470-90-6
2-1-35-2	8018-06-2
2-1-35-2	8067-67-2
2-1-36	11137-49-8
2-1-36	97-17-6
2-1-37	2275-14-1
2-1-37-2	333-29-9
2-1-37-3	182115-04-4
2-1-37-3	64-67-5
2-1-37-3	98503-29-8
2-1-37-3	UN1594
2-1-37-4	12768-48-8
2-1-37-4	12768-48-8
2-1-37-4	2921-88-2
2-1-37-4	2921-88-2
2-1-37-4	39475-55-3
2-1-37-4	39475-55-3
2-1-37-5	18854-01-8
2-1-37-6	13286-32-3
2-1-37-7	115-90-2
2-1-38	56-23-5
2-1-38	UN1846
2-1-38-2	6988-21-2
2-1-38-3	15263-52-2
2-1-38-3	15263-53-3
2-1-38-3	RR-11902-8
2-1-39	5230-87-5
2-1-39-2	1312159-69-5
2-1-39-2	1431295-16-7
2-1-39-2	27936-16-9
2-1-39-2	57570-09-9
2-1-39-2	85-43-8
2-1-39-2	UN2698
2-1-4	14034-57-2
2-1-4	1415719-73-1
2-1-4	142-04-1
2-1-4	17843-02-6
2-1-4	19642-99-0
2-1-4	20305-50-4
2-1-4	2424-53-5
2-1-4	29328-30-1
2-1-4	33921-12-9
2-1-4	37832-42-1
2-1-4	4484-20-2
2-1-4	45497-73-2
2-1-4	51855-90-4
2-1-4	53894-37-4
2-1-4	542-11-0
2-1-4	542-14-3
2-1-4	542-15-4
2-1-4	542-16-5
2-1-4	63957-41-5
2-1-4	71411-65-9
2-1-4	71965-02-1
2-1-4	73928-11-7
2-1-4	95478-50-5
2-1-4	RR-02552-5
2-1-4	UN1548
2-1-4-10	1477-55-0
2-1-4-10	153326-45-5
2-1-4-10	554432-83-6
2-1-4-2	100920-72-7
2-1-4-2	122666-97-1
2-1-4-2	138794-43-1
2-1-4-2	181658-85-5
2-1-4-2	355401-08-0
2-1-4-2	355401-10-4
2-1-4-2	65195-55-3
2-1-4-2	65195-56-4
2-1-4-2	71751-41-2
2-1-4-2	86753-29-9
2-1-4-3	141-43-5
2-1-4-3	9007-33-4
2-1-4-3	UN2491
2-1-4-4	111-41-1
2-1-4-4	51251-98-0
2-1-4-5	1078151-43-5
2-1-4-5	111-40-0
2-1-4-5	203009-17-0
2-1-4-5	26915-78-6
2-1-4-5	419553-44-9
2-1-4-5	53303-76-7
2-1-4-5	54018-92-7
2-1-4-5	59135-90-9
2-1-4-5	73989-30-7
2-1-4-5	8076-55-9
2-1-4-5	859039-00-2
2-1-4-5	94700-17-1
2-1-4-5	98824-35-2
2-1-4-5	UN2079
2-1-4-6	35597-43-4
2-1-4-6	71048-99-2
2-1-4-6	83935-12-0
2-1-4-6	RR-11895-6
2-1-4-7	1674-56-2
2-1-4-7	2799-16-8
2-1-4-7	2799-17-9
2-1-4-7	78-96-6
2-1-4-8	156-87-6
2-1-4-9	116723-72-9
2-1-4-9	129050-51-7
2-1-4-9	161544-44-1
2-1-4-9	177646-11-6
2-1-4-9	25495-81-2
2-1-4-9	2855-13-2
2-1-4-9	45981-71-3
2-1-4-9	50858-71-4
2-1-4-9	52004-55-4
2-1-4-9	52697-24-2
2-1-4-9	71954-29-5
2-1-4-9	71954-30-8
2-1-4-9	UN2289
2-1-40	17974-04-8
2-1-40	21059-09-6
2-1-40	4630-76-6
2-1-40	6399-67-3
2-1-40	66-81-9
2-1-40-2	108-91-8
2-1-40-2	143247-75-0
2-1-40-2	1533423-50-5
2-1-40-2	157973-60-9
2-1-40-2	UN2357
2-1-40-3	108-60-1
2-1-40-3	52438-91-2
2-1-40-3	UN2490
2-1-40-4	1587-41-3
2-1-40-5	609-89-2
2-1-40-5	64047-88-7
2-1-40-5	RR-16445-4
2-1-41	821-10-3
2-1-41-2	106917-52-6
2-1-41-3	611-06-3
2-1-41-4	120-83-2
2-1-41-5	10061-01-5
2-1-41-5	10061-02-6
2-1-41-5	542-75-6
2-1-41-5	68525-58-6
2-1-41-5	8022-76-2
2-1-42	78-34-2
2-1-42-2	101-83-7
2-1-42-2	111487-88-8
2-1-42-2	111487-93-5
2-1-42-2	111522-94-2
2-1-42-2	157973-63-2
2-1-42-2	856793-27-6
2-1-42-2	UN2565
2-1-42-3	126851-24-9
2-1-42-3	154765-32-9
2-1-42-3	446279-85-2
2-1-42-3	7173-51-5
2-1-43	131-89-5
2-1-43-2	121-14-2
2-1-43-2	25321-14-6
2-1-43-2	29656-15-3
2-1-43-2	602-01-7
2-1-43-2	606-20-2
2-1-43-2	610-39-9
2-1-43-2	618-85-9
2-1-43-2	619-15-8
2-1-43-2	84029-41-4
2-1-43-2	84029-42-5
2-1-43-2	RR-42416-8
2-1-43-2	UN1600
2-1-43-2	UN2038
2-1-43-2	UN3454
2-1-44	2813-95-8
2-1-45	152212-20-9
2-1-45	39403-80-0
2-1-45	88-85-7
2-1-46	485-31-4
2-1-46-2	12684-10-5
2-1-46-2	131-72-6
2-1-46-2	39300-45-3
2-1-46-2	57131-13-2
2-1-46-2	57526-97-3
2-1-46-2	6119-92-2
2-1-46-2	71607-43-7
2-1-46-3	55285-14-8
2-1-46-3	73468-61-8
2-1-47	6385-62-2
2-1-47	85-00-7
2-1-47-2	82-66-6
2-1-47-3	1352994-67-2
2-1-47-4	7292-16-2
2-1-48	106-93-4
2-1-48	22581-63-1
2-1-48	56729-21-6
2-1-48	625084-37-9
2-1-48	8003-07-4
2-1-48	UN1605
2-1-49	105567-86-0
2-1-49	96-12-8
2-1-5	100-61-8
2-1-5	103-69-5
2-1-5	1126-78-9
2-1-5	15919-49-0
2-1-5	2655-27-8
2-1-5	29885-95-8
2-1-5	3007-72-5
2-1-5	4348-19-0
2-1-5	589-09-3
2-1-5	622-80-0
2-1-5	66195-24-2
2-1-5	67058-33-7
2-1-5	67915-63-3
2-1-5	768-52-5
2-1-5	RR-04207-9
2-1-5	RR-41977-2
2-1-5	UN2272
2-1-5	UN2294
2-1-5	UN2738
2-1-50	3281-96-7
2-1-50-2	116499-75-3
2-1-50-2	204570-16-1
2-1-50-2	83165-35-9
2-1-50-2	83165-36-0
2-1-50-2	96-13-9
2-1-50-3	108-01-0
2-1-50-3	116134-09-9
2-1-50-3	156681-25-3
2-1-50-3	UN2051
2-1-50-4	114975-29-0
2-1-50-4	124942-19-4
2-1-50-4	134946-66-0
2-1-50-4	141303-14-2
2-1-50-4	1453489-76-3
2-1-50-4	1534343-35-5
2-1-50-4	155280-46-9
2-1-50-4	2867-47-2
2-1-50-4	303040-91-7
2-1-50-4	44919-97-3
2-1-50-4	68224-31-7
2-1-50-4	874217-11-5
2-1-50-4	874217-12-6
2-1-50-4	UN2522
2-1-50-5	23103-98-2
2-1-50-6	31895-21-3
2-1-50-6	31895-22-4
2-1-50-6	RR-17924-8
2-1-50-7	124-40-3
2-1-50-7	2876-06-4
2-1-50-7	UN1160
2-1-50-8	36614-38-7
2-1-51	2674-91-1
2-1-52	640-15-3
2-1-53	11095-17-3
2-1-53	11096-21-2
2-1-53	11111-31-2
2-1-53	11126-72-0
2-1-53	116788-91-1
2-1-53	12772-40-6
2-1-53	55819-32-4
2-1-53	62-73-7
2-1-53	62139-95-1
2-1-53	62655-59-8
2-1-53	8023-22-1
2-1-53	8072-21-7
2-1-53	8072-39-7
2-1-53	8076-16-2
2-1-53	95828-55-0
2-1-54	2597-03-7
2-1-54	61361-99-7
2-1-54	75513-84-7
2-1-54-2	11114-31-1
2-1-54-2	80210-09-9
2-1-54-2	950-37-8
2-1-54-3	82560-54-1
2-1-55	300-76-5
2-1-55	53095-31-1
2-1-55-2	3309-87-3
2-1-55-3	2425-10-7
2-1-55-4	2655-14-3
2-1-56	732-11-6
2-1-56-2	109-55-7
2-1-56-2	1190921-64-2
2-1-56-2	68497-58-5
2-1-56-3	22781-23-3
2-1-57	2275-23-2
2-1-58	11003-53-5
2-1-58	11096-20-1
2-1-58	56833-73-9
2-1-58	60-51-5
2-1-58	79956-18-6
2-1-58-2	7700-17-6
2-1-58-3	3761-41-9
2-1-59	55-38-9
2-1-59-2	6923-22-4
2-1-59-2	83857-41-4
2-1-6	102-27-2
2-1-6	10219-26-8
2-1-6	10219-30-4
2-1-6	10219-31-5
2-1-6	10250-14-3
2-1-6	10387-24-3
2-1-6	10436-75-6
2-1-6	10541-29-4
2-1-6	17650-11-2
2-1-6	2100-43-8
2-1-6	50874-93-6
2-1-6	54837-90-0
2-1-6	54837-93-3
2-1-6	60995-75-7
2-1-6	611-21-2
2-1-6	622-57-1
2-1-6	63549-45-1
2-1-6	696-44-6
2-1-6	7277-86-3
2-1-6	83627-55-8
2-1-6	84875-83-2
2-1-6	94-68-8
2-1-6	RR-04215-9
2-1-6	RR-46221-5
2-1-6	UN2754
2-1-60	10022-48-7
2-1-60	1018900-84-9
2-1-60	104316-82-7
2-1-60	104316-83-8
2-1-60	10588-01-9
2-1-60	1088355-13-8
2-1-60	109201-26-5
2-1-60	12018-32-5
2-1-60	12548-37-7
2-1-60	13446-73-6
2-1-60	13453-35-5
2-1-60	13477-01-5
2-1-60	13530-67-1
2-1-60	13675-47-3
2-1-60	13843-81-7
2-1-60	1391351-00-0
2-1-60	14018-95-2
2-1-60	14104-85-9
2-1-60	14307-33-6
2-1-60	14445-91-1
2-1-60	15586-38-6
2-1-60	20039-37-6
2-1-60	34448-20-9
2-1-60	34493-01-1
2-1-60	37235-82-8
2-1-60	56549-24-7
2-1-60	56660-19-6
2-1-60	7778-50-9
2-1-60	7784-02-3
2-1-60	7789-07-3
2-1-60	7789-09-5
2-1-60	7789-12-0
2-1-60	7789-73-3
2-1-60	82246-45-5
2-1-60	89952-87-4
2-1-60	94232-45-8
2-1-60	RR-04234-2
2-1-60	UN1439
2-1-61	144-62-7
2-1-61	216451-38-6
2-1-61	63504-28-9
2-1-61	97993-78-7
2-1-62	10043-22-8
2-1-62	100655-00-3
2-1-62	10345-26-3
2-1-62	10345-27-4
2-1-62	104026-44-0
2-1-62	10580-03-7
2-1-62	1068-63-9
2-1-62	1078145-68-2
2-1-62	110580-21-7
2-1-62	1113-38-8
2-1-62	112008-41-0
2-1-62	112008-42-1
2-1-62	112008-43-2
2-1-62	112096-91-0
2-1-62	112901-80-1
2-1-62	116295-84-2
2-1-62	116321-85-8
2-1-62	1186-49-8
2-1-62	1186-49-8
2-1-62	1186-50-1
2-1-62	118720-54-0
2-1-62	1190009-16-5
2-1-62	120050-85-3
2-1-62	1227627-67-9
2-1-62	126476-37-7
2-1-62	127-95-7
2-1-62	127-96-8
2-1-62	128226-81-3
2-1-62	129836-95-9
2-1-62	129836-96-0
2-1-62	129836-97-1
2-1-62	131530-68-2
2-1-62	132305-04-5
2-1-62	13268-42-3
2-1-62	1332-44-1
2-1-62	13419-51-7
2-1-62	134447-89-5
2-1-62	137424-82-9
2-1-62	139-42-4
2-1-62	1398531-35-5
2-1-62	14007-60-4
2-1-62	141227-30-7
2-1-62	14194-07-1
2-1-62	14220-20-3
2-1-62	14221-47-7
2-1-62	14239-07-7
2-1-62	14258-49-2
2-1-62	14263-62-8
2-1-62	1430716-13-4
2-1-62	14402-67-6
2-1-62	14481-26-6
2-1-62	14523-21-8
2-1-62	14529-93-2
2-1-62	14536-19-7
2-1-62	14536-20-0
2-1-62	14676-93-8
2-1-62	14677-00-0
2-1-62	14974-48-2
2-1-62	15248-76-7
2-1-62	15275-08-8
2-1-62	15750-47-7
2-1-62	15771-41-2
2-1-62	15843-42-2
2-1-62	15843-43-3
2-1-62	15843-48-8
2-1-62	15955-05-2
2-1-62	1620061-50-8
2-1-62	163019-27-0
2-1-62	16455-98-4
2-1-62	170630-73-6
2-1-62	17480-26-1
2-1-62	17926-77-1
2-1-62	18130-42-2
2-1-62	18369-75-0
2-1-62	18400-37-8
2-1-62	18400-37-8
2-1-62	1860-71-5
2-1-62	20121-11-3
2-1-62	203052-44-2
2-1-62	2031-89-2
2-1-62	2040-52-0
2-1-62	20543-06-0
2-1-62	21348-59-4
2-1-62	21348-60-7
2-1-62	22206-19-5
2-1-62	22992-15-0
2-1-62	23693-49-4
2-1-62	24285-85-6
2-1-62	2437-29-8
2-1-62	244761-29-3
2-1-62	24631-29-6
2-1-62	24804-30-6
2-1-62	25454-23-3
2-1-62	25592-27-2
2-1-62	26677-68-9
2-1-62	26677-68-9
2-1-62	26962-68-5
2-1-62	26997-52-4
2-1-62	27736-00-1
2-1-62	28356-46-9
2-1-62	28877-85-2
2-1-62	28877-86-3
2-1-62	29306-18-1
2-1-62	2944-66-3
2-1-62	2944-67-4
2-1-62	3036-16-6
2-1-62	30737-19-0
2-1-62	30737-24-7
2-1-62	30903-87-8
2-1-62	31038-77-4
2-1-62	31363-92-5
2-1-62	3173-18-0
2-1-62	31791-37-4
2-1-62	31895-22-4
2-1-62	31922-35-7
2-1-62	32064-65-6
2-1-62	3252-68-4
2-1-62	3269-10-1
2-1-62	3269-12-3
2-1-62	3269-15-6
2-1-62	3269-17-8
2-1-62	3426-45-7
2-1-62	3444-13-1
2-1-62	37541-72-3
2-1-62	37887-33-5
2-1-62	40366-48-1
2-1-62	4255-07-6
2-1-62	42715-83-3
2-1-62	4682-08-0
2-1-62	50412-10-7
2-1-62	51011-09-7
2-1-62	51283-38-6
2-1-62	513-80-4
2-1-62	51407-18-2
2-1-62	516-02-9
2-1-62	516-03-0
2-1-62	51621-60-4
2-1-62	51855-90-4
2-1-62	52482-46-9
2-1-62	533-51-7
2-1-62	53421-36-6
2-1-62	53608-87-0
2-1-62	537-03-1
2-1-62	547-66-0
2-1-62	547-67-1
2-1-62	547-68-2
2-1-62	553-91-3
2-1-62	55488-87-4
2-1-62	555-34-0
2-1-62	55671-32-4
2-1-62	563-72-4
2-1-62	57158-22-2
2-1-62	57417-69-3
2-1-62	5794-28-5
2-1-62	58176-72-0
2-1-62	583-52-8
2-1-62	58440-30-5
2-1-62	58567-85-4
2-1-62	5895-86-3
2-1-62	5965-33-3
2-1-62	5965-38-8
2-1-62	5972-72-5
2-1-62	5972-73-6
2-1-62	5972-73-6
2-1-62	6009-70-7
2-1-62	6018-94-6
2-1-62	6047-25-2
2-1-62	6058-43-1
2-1-62	6100-03-4
2-1-62	6100-20-5
2-1-62	61162-50-3
2-1-62	6150-88-5
2-1-62	6153-56-6
2-1-62	6160-36-7
2-1-62	61825-94-3
2-1-62	62-76-0
2-1-62	625-03-6
2-1-62	62778-12-5
2-1-62	62782-24-5
2-1-62	631-62-9
2-1-62	640-67-5
2-1-62	6487-48-5
2-1-62	6591-55-5
2-1-62	66-42-2
2-1-62	69696-88-4
2-1-62	7047-99-6
2-1-62	7057-72-9
2-1-62	70763-81-4
2-1-62	7163-61-3
2-1-62	72869-29-5
2-1-62	736126-91-3
2-1-62	7423-27-0
2-1-62	7631-47-2
2-1-62	76494-22-9
2-1-62	76575-04-7
2-1-62	814-87-9
2-1-62	814-88-0
2-1-62	814-89-1
2-1-62	814-90-4
2-1-62	814-91-5
2-1-62	814-93-7
2-1-62	814-94-8
2-1-62	814-95-9
2-1-62	83178-46-5
2-1-62	83333-20-4
2-1-62	84000-96-4
2-1-62	84057-78-3
2-1-62	84074-45-3
2-1-62	84281-84-5
2-1-62	84583-88-0
2-1-62	84583-89-1
2-1-62	85588-12-1
2-1-62	86570-66-3
2-1-62	867-62-9
2-1-62	867-63-0
2-1-62	867-64-1
2-1-62	867-68-5
2-1-62	89038-03-9
2-1-62	89087-78-5
2-1-62	90583-84-9
2-1-62	91491-30-4
2-1-62	91754-36-8
2-1-62	92473-80-8
2-1-62	92474-45-8
2-1-62	93168-42-4
2-1-62	96413-15-9
2-1-62	96413-16-0
2-1-62	98903-75-4
2-1-62	996-33-8
2-1-62	996-34-9
2-1-62	RR-02783-8
2-1-62	RR-127263-5
2-1-63	1053657-18-3
2-1-63	218625-70-8
2-1-63	52583-42-3
2-1-63	7697-37-2
2-1-63	78989-43-2
2-1-63	8007-58-7
2-1-63	802862-59-5
2-1-63	UN2031
2-1-63	UN2032
2-1-64	10102-45-1
2-1-64	13453-38-8
2-1-64	13746-98-0
2-1-64	16901-76-1
2-1-64	UN2727
2-1-65	1310-58-3
2-1-65	24572-01-8
2-1-65	29857-72-5
2-1-65	71769-53-4
2-1-65	UN1813
2-1-65	UN1814
2-1-66	1262-21-1
2-1-66	139353-88-1
2-1-66	15082-85-6
2-1-66	3644-29-9
2-1-66	379-52-2
2-1-66	639-58-7
2-1-66	68785-38-6
2-1-66	76-87-9
2-1-66	900-95-8
2-1-66	RR-04204-6
2-1-66	RR-16433-0
2-1-66	RR-55196-2
2-1-67	1066-44-0
2-1-67	1066-45-1
2-1-67	1067-97-6
2-1-67	13121-70-5
2-1-67	13121-76-1
2-1-67	1353053-96-9
2-1-67	1461-22-9
2-1-67	1461-23-0
2-1-67	17861-62-0
2-1-67	1983-10-4
2-1-67	2587-76-0
2-1-67	27615-98-1
2-1-67	2767-54-6
2-1-67	3091-32-5
2-1-67	3342-67-4
2-1-67	56-24-6
2-1-67	56-35-9
2-1-67	56-36-0
2-1-67	6288-34-2
2-1-67	68725-14-4
2-1-67	7342-47-4
2-1-67	79922-74-0
2-1-67	85938-52-9
2-1-67	993-50-0
2-1-67	994-32-1
2-1-67	RR-04205-7
2-1-67	RR-04206-8
2-1-67	RR-16435-2
2-1-67	RR-58038-1
2-1-68	12200-64-5
2-1-68	1310-73-2
2-1-68	14014-06-3
2-1-68	8012-01-9
2-1-68	UN1823
2-1-68	UN1824
2-1-68-2	1310-65-2
2-1-68-3	1310-66-3
2-1-68-3	UN2679
2-1-68-3	UN2680
2-1-69	10025-69-1
2-1-69	10026-06-9
2-1-69	10031-24-0
2-1-69	10294-70-9
2-1-69	11113-92-1
2-1-69	115920-72-4
2-1-69	12009-18-6
2-1-69	12010-67-2
2-1-69	12013-46-6
2-1-69	12032-29-0
2-1-69	12058-66-1
2-1-69	12125-03-0
2-1-69	12142-33-5
2-1-69	12143-34-9
2-1-69	12209-98-2
2-1-69	12306-28-4
2-1-69	12324-56-0
2-1-69	12324-60-6
2-1-69	12358-89-3
2-1-69	12515-32-1
2-1-69	12673-86-8
2-1-69	12738-87-3
2-1-69	12777-45-6
2-1-69	1314-95-0
2-1-69	1315-01-1
2-1-69	1344-13-4
2-1-69	13472-47-4
2-1-69	13550-56-6
2-1-69	13814-97-6
2-1-69	13931-79-8
2-1-69	14104-17-7
2-1-69	14417-93-7
2-1-69	14456-69-0
2-1-69	14526-18-2
2-1-69	15142-98-0
2-1-69	15578-26-4
2-1-69	15578-32-2
2-1-69	18653-83-3
2-1-69	19496-16-3
2-1-69	20363-05-7
2-1-69	210894-86-3
2-1-69	24305-22-4
2-1-69	25324-56-5
2-1-69	26903-07-1
2-1-69	2800-96-6
2-1-69	2879-85-8
2-1-69	36881-21-7
2-1-69	37349-59-0
2-1-69	39400-24-3
2-1-69	39467-03-3
2-1-69	4327-98-4
2-1-69	51682-76-9
2-1-69	52262-58-5
2-1-69	52682-64-1
2-1-69	52907-83-2
2-1-69	52907-84-3
2-1-69	55128-73-9
2-1-69	61163-13-1
2-1-69	62556-18-7
2-1-69	638-39-1
2-1-69	69679-28-3
2-1-69	73520-82-8
2-1-69	7488-55-3
2-1-69	74925-56-7
2-1-69	7646-78-8
2-1-69	7772-99-8
2-1-69	7783-47-3
2-1-69	7783-62-2
2-1-69	7789-67-5
2-1-69	7790-47-8
2-1-69	RR-04201-3
2-1-69	UN1827
2-1-69	UN2440
2-1-69	UN2440
2-1-69-2	RR-19290-5
2-1-69-3	113378-31-7
2-1-69-3	119068-77-8
2-1-69-3	RR-54564-2
2-1-69-4	1135442-80-6
2-1-69-4	533-74-4
2-1-69-4	55146-10-6
2-1-7	100011-37-8
2-1-7	10025-91-9
2-1-7	10042-99-6
2-1-7	10049-22-6
2-1-7	100656-54-0
2-1-7	100817-46-7
2-1-7	10090-54-7
2-1-7	10101-91-4
2-1-7	10101-91-4
2-1-7	101200-57-1
2-1-7	101200-58-2
2-1-7	101200-60-6
2-1-7	101200-61-7
2-1-7	101227-27-4
2-1-7	101294-99-9
2-1-7	101500-43-0
2-1-7	101519-68-0
2-1-7	101794-79-0
2-1-7	102110-39-4
2-1-7	102110-40-7
2-1-7	102110-44-1
2-1-7	102110-60-1
2-1-7	102129-38-4
2-1-7	102262-17-9
2-1-7	10433-06-4
2-1-7	104812-37-5
2-1-7	10521-30-9
2-1-7	106160-94-5
2-1-7	106175-35-3
2-1-7	106436-67-3
2-1-7	1078716-00-3
2-1-7	1079803-62-5
2-1-7	109037-75-4
2-1-7	110093-36-2
2-1-7	110464-12-5
2-1-7	11062-30-9
2-1-7	110687-68-8
2-1-7	11071-15-1
2-1-7	11083-22-0
2-1-7	11089-58-0
2-1-7	11098-88-7
2-1-7	111058-26-5
2-1-7	11112-10-0
2-1-7	11115-68-7
2-1-7	11138-63-9
2-1-7	11142-43-1
2-1-7	11142-43-1
2-1-7	111906-29-7
2-1-7	114760-49-5
2-1-7	118574-16-6
2-1-7	12001-86-4
2-1-7	12014-29-8
2-1-7	12014-33-4
2-1-7	12018-07-4
2-1-7	12018-68-7
2-1-7	12019-92-0
2-1-7	12020-24-5
2-1-7	12022-92-3
2-1-7	12022-93-4
2-1-7	12024-80-5
2-1-7	12029-86-6
2-1-7	12031-08-2
2-1-7	12031-08-2
2-1-7	12032-10-9
2-1-7	12032-82-5
2-1-7	12032-97-2
2-1-7	12034-75-2
2-1-7	12035-01-7
2-1-7	12035-23-3
2-1-7	12035-52-8
2-1-7	12035-53-9
2-1-7	12036-46-3
2-1-7	12037-90-0
2-1-7	12038-22-1
2-1-7	12038-62-9
2-1-7	12038-99-2
2-1-7	12039-31-5
2-1-7	12039-33-7
2-1-7	12039-34-8
2-1-7	12039-35-9
2-1-7	12039-36-0
2-1-7	12039-37-1
2-1-7	12039-38-2
2-1-7	12039-39-3
2-1-7	12039-40-6
2-1-7	12039-41-7
2-1-7	12039-42-8
2-1-7	12044-88-1
2-1-7	12050-65-6
2-1-7	12050-79-2
2-1-7	12050-87-2
2-1-7	12052-42-5
2-1-7	12052-43-6
2-1-7	12053-12-2
2-1-7	12054-21-6
2-1-7	12054-25-0
2-1-7	12055-65-1
2-1-7	12056-11-0
2-1-7	12057-10-2
2-1-7	12057-30-6
2-1-7	12057-75-9
2-1-7	12058-86-5
2-1-7	12064-03-8
2-1-7	12064-72-1
2-1-7	12066-81-8
2-1-7	12066-88-5
2-1-7	12067-17-3
2-1-7	12067-31-1
2-1-7	12067-35-5
2-1-7	12067-37-7
2-1-7	12067-38-8
2-1-7	12106-31-9
2-1-7	12110-39-3
2-1-7	121239-75-6
2-1-7	12125-10-9
2-1-7	12142-69-7
2-1-7	12157-70-9
2-1-7	12160-22-4
2-1-7	12166-11-9
2-1-7	12166-36-8
2-1-7	12166-38-0
2-1-7	12166-39-1
2-1-7	12182-69-3
2-1-7	12186-97-9
2-1-7	12187-20-1
2-1-7	12187-84-7
2-1-7	12196-60-0
2-1-7	12208-13-8
2-1-7	12210-98-9
2-1-7	12227-91-7
2-1-7	12263-39-7
2-1-7	12266-38-5
2-1-7	12274-42-9
2-1-7	12286-37-2
2-1-7	12294-12-1
2-1-7	12299-73-9
2-1-7	12314-11-3
2-1-7	12323-20-5
2-1-7	12323-25-0
2-1-7	12323-26-1
2-1-7	12323-32-9
2-1-7	12325-74-5
2-1-7	12325-75-6
2-1-7	12333-35-6
2-1-7	12333-57-2
2-1-7	12339-09-2
2-1-7	12339-41-2
2-1-7	12339-41-2
2-1-7	12339-97-8
2-1-7	12340-34-0
2-1-7	123402-86-8
2-1-7	12345-15-2
2-1-7	12346-31-5
2-1-7	12359-48-7
2-1-7	12361-66-9
2-1-7	12372-51-9
2-1-7	12412-52-1
2-1-7	12423-58-4
2-1-7	12431-81-1
2-1-7	12434-10-5
2-1-7	12437-29-5
2-1-7	12440-49-2
2-1-7	12440-52-7
2-1-7	124740-41-6
2-1-7	12503-49-0
2-1-7	12504-54-0
2-1-7	12504-55-1
2-1-7	125054-47-9
2-1-7	12507-68-5
2-1-7	12510-28-0
2-1-7	12515-76-3
2-1-7	12535-04-5
2-1-7	12550-17-3
2-1-7	125662-42-2
2-1-7	125662-57-9
2-1-7	12594-53-5
2-1-7	12597-17-0
2-1-7	12627-52-0
2-1-7	126506-93-2
2-1-7	12655-04-8
2-1-7	12655-06-0
2-1-7	12656-50-7
2-1-7	1266534-73-9
2-1-7	12673-86-8
2-1-7	126803-19-8
2-1-7	12710-25-7
2-1-7	127153-81-5
2-1-7	127320-89-2
2-1-7	12737-02-9
2-1-7	127386-54-3
2-1-7	12784-26-8
2-1-7	12786-74-2
2-1-7	12786-81-1
2-1-7	12786-82-2
2-1-7	128221-48-7
2-1-7	129003-31-2
2-1-7	1300-14-7
2-1-7	1302-47-2
2-1-7	13059-67-1
2-1-7	1309-64-4
2-1-7	1312-41-0
2-1-7	1314-60-9
2-1-7	1315-04-4
2-1-7	1317-98-2
2-1-7	1317-98-2
2-1-7	1320-57-6
2-1-7	1327-33-9
2-1-7	1327-50-0
2-1-7	132826-46-1
2-1-7	133-51-7
2-1-7	133152-67-7
2-1-7	1332-41-8
2-1-7	1332-43-0
2-1-7	1332-51-0
2-1-7	1332-81-6
2-1-7	1333-30-8
2-1-7	1333-78-4
2-1-7	133915-53-4
2-1-7	133915-54-5
2-1-7	134164-24-2
2-1-7	13433-92-6
2-1-7	1344-34-9
2-1-7	1345-04-6
2-1-7	13510-89-9
2-1-7	135929-41-8
2-1-7	136472-10-1
2-1-7	136472-10-1
2-1-7	137002-11-0
2-1-7	1370442-66-2
2-1-7	137083-27-3
2-1-7	13776-84-6
2-1-7	138-31-8
2-1-7	13816-38-1
2-1-7	13890-80-7
2-1-7	139301-16-9
2-1-7	13968-50-8
2-1-7	14090-94-9
2-1-7	14104-34-8
2-1-7	141067-75-6
2-1-7	14119-16-5
2-1-7	14129-12-5
2-1-7	141651-31-2
2-1-7	141733-48-4
2-1-7	14176-81-9
2-1-7	142164-48-5
2-1-7	142164-53-2
2-1-7	142164-57-6
2-1-7	142300-77-4
2-1-7	14234-35-6
2-1-7	14265-72-6
2-1-7	14284-27-6
2-1-7	14331-88-5
2-1-7	14374-79-9
2-1-7	14391-67-4
2-1-7	14391-68-5
2-1-7	14459-54-2
2-1-7	14459-60-0
2-1-7	14486-20-5
2-1-7	145076-33-1
2-1-7	14683-10-4
2-1-7	14693-02-8
2-1-7	14700-09-5
2-1-7	148054-44-8
2-1-7	148709-58-4
2-1-7	148709-59-5
2-1-7	14913-58-7
2-1-7	14914-68-2
2-1-7	14939-42-5
2-1-7	14972-90-8
2-1-7	15120-50-0
2-1-7	151227-85-9
2-1-7	15123-77-0
2-1-7	15273-81-1
2-1-7	152761-81-4
2-1-7	1538-59-6
2-1-7	1538-62-1
2-1-7	15432-85-6
2-1-7	154396-41-5
2-1-7	154718-31-7
2-1-7	15489-16-4
2-1-7	15513-75-4
2-1-7	155916-06-6
2-1-7	15593-75-6
2-1-7	15600-71-2
2-1-7	157368-22-4
2-1-7	15755-18-7
2-1-7	15755-27-8
2-1-7	15756-29-3
2-1-7	15756-32-8
2-1-7	15756-34-0
2-1-7	15756-35-1
2-1-7	1586-91-0
2-1-7	15874-48-3
2-1-7	15874-49-4
2-1-7	15874-50-7
2-1-7	15874-51-8
2-1-7	15874-52-9
2-1-7	15890-25-2
2-1-7	159120-95-3
2-1-7	15991-76-1
2-1-7	160125-91-7
2-1-7	16039-64-8
2-1-7	16210-51-8
2-1-7	16450-50-3
2-1-7	16455-98-4
2-1-7	164578-04-5
2-1-7	164846-99-5
2-1-7	16521-45-2
2-1-7	16756-85-7
2-1-7	16823-94-2
2-1-7	16871-80-0
2-1-7	16893-92-8
2-1-7	16894-69-2
2-1-7	16921-90-7
2-1-7	16923-35-6
2-1-7	16925-25-0
2-1-7	16941-06-3
2-1-7	16949-12-5
2-1-7	16950-06-4
2-1-7	17156-77-3
2-1-7	17220-70-1
2-1-7	17620-10-9
2-1-7	17856-92-7
2-1-7	17857-44-2
2-1-7	178989-93-0
2-1-7	17901-09-6
2-1-7	180795-32-8
2-1-7	18380-68-2
2-1-7	18424-17-4
2-1-7	1843-42-1
2-1-7	18770-47-3
2-1-7	189154-86-7
2-1-7	19033-63-7
2-1-7	194549-90-1
2-1-7	19638-16-5
2-1-7	1986-66-9
2-1-7	20328-96-5
2-1-7	20346-77-4
2-1-7	20720-76-7
2-1-7	212793-41-4
2-1-7	21432-78-0
2-1-7	21450-52-2
2-1-7	2155-73-9
2-1-7	2155-74-0
2-1-7	2155-75-1
2-1-7	2155-81-9
2-1-7	2185-78-6
2-1-7	219717-42-7
2-1-7	22537-51-5
2-1-7	22877-95-8
2-1-7	23099-82-3
2-1-7	23325-09-9
2-1-7	23601-23-2
2-1-7	23713-48-6
2-1-7	23854-38-8
2-1-7	23940-36-5
2-1-7	2400970-89-8
2-1-7	240141-93-9
2-1-7	24626-20-8
2-1-7	24931-44-0
2-1-7	24964-91-8
2-1-7	25152-52-7
2-1-7	25285-72-7
2-1-7	255877-15-7
2-1-7	25751-57-9
2-1-7	25889-81-0
2-1-7	26042-64-8
2-1-7	26209-91-6
2-1-7	26209-91-6
2-1-7	26282-95-1
2-1-7	2629-47-2
2-1-7	26810-97-9
2-1-7	26864-36-8
2-1-7	27253-22-1
2-1-7	27279-76-1
2-1-7	27288-44-4
2-1-7	28300-74-5
2-1-7	289483-12-1
2-1-7	289483-12-1
2-1-7	28980-47-4
2-1-7	28980-48-5
2-1-7	28980-49-6
2-1-7	29095-38-3
2-1-7	29638-69-5
2-1-7	29664-84-4
2-1-7	29671-18-9
2-1-7	29736-75-2
2-1-7	30004-57-0
2-1-7	304-61-0
2-1-7	305-97-5
2-1-7	3064-61-7
2-1-7	30718-75-3
2-1-7	30927-36-7
2-1-7	30952-14-8
2-1-7	31219-54-2
2-1-7	312308-62-6
2-1-7	31589-39-6
2-1-7	32465-49-9
2-1-7	32516-50-0
2-1-7	3264-67-3
2-1-7	328-55-2
2-1-7	334490-51-6
2-1-7	33908-66-6
2-1-7	33910-86-0
2-1-7	33992-50-6
2-1-7	342043-86-1
2-1-7	34521-09-0
2-1-7	34755-53-8
2-1-7	35724-06-2
2-1-7	36121-95-6
2-1-7	3643-76-3
2-1-7	36971-66-1
2-1-7	37204-11-8
2-1-7	37215-27-3
2-1-7	37223-55-5
2-1-7	37257-75-3
2-1-7	37308-30-8
2-1-7	37367-15-0
2-1-7	37367-17-2
2-1-7	37367-80-9
2-1-7	38057-02-2
2-1-7	38668-35-8
2-1-7	38897-60-8
2-1-7	39294-08-1
2-1-7	39349-74-1
2-1-7	39356-80-4
2-1-7	39357-02-3
2-1-7	39357-85-2
2-1-7	39357-86-3
2-1-7	39412-44-7
2-1-7	39427-02-6
2-1-7	3958-19-8
2-1-7	40718-46-5
2-1-7	4126-81-2
2-1-7	41422-59-7
2-1-7	41494-34-2
2-1-7	41494-35-3
2-1-7	42427-72-5
2-1-7	42611-90-5
2-1-7	4263-38-1
2-1-7	4292-34-6
2-1-7	4379-85-5
2-1-7	44628-70-8
2-1-7	472969-22-5
2-1-7	4756-75-6
2-1-7	4933-27-1
2-1-7	5035-52-9
2-1-7	5035-58-5
2-1-7	50789-88-3
2-1-7	50789-88-3
2-1-7	50814-97-6
2-1-7	509121-40-8
2-1-7	51138-28-4
2-1-7	51311-89-8
2-1-7	51312-15-3
2-1-7	51429-91-5
2-1-7	51787-30-5
2-1-7	51787-30-5
2-1-7	51845-73-9
2-1-7	51900-05-1
2-1-7	52037-42-0
2-1-7	52503-06-7
2-1-7	526-50-1
2-1-7	52933-74-1
2-1-7	52933-75-2
2-1-7	53028-50-5
2-1-7	53120-23-3
2-1-7	53120-23-3
2-1-7	53262-48-9
2-1-7	53318-72-2
2-1-7	535-46-6
2-1-7	53856-17-0
2-1-7	539-54-8
2-1-7	5395-43-7
2-1-7	54075-76-2
2-1-7	545386-98-9
2-1-7	54576-53-3
2-1-7	54764-32-8
2-1-7	54764-32-8
2-1-7	54847-25-5
2-1-7	5496-71-9
2-1-7	554-76-7
2-1-7	55467-74-8
2-1-7	55576-04-0
2-1-7	55576-05-1
2-1-7	5609-80-3
2-1-7	56668-68-9
2-1-7	57741-04-5
2-1-7	57762-28-4
2-1-7	57840-38-7
2-1-7	57898-46-1
2-1-7	57997-56-5
2-1-7	58164-88-8
2-1-7	5835-64-3
2-1-7	58428-34-5
2-1-7	59372-48-4
2-1-7	594-10-5
2-1-7	594-31-0
2-1-7	5965-33-3
2-1-7	59778-51-7
2-1-7	59872-00-3
2-1-7	59922-49-5
2-1-7	60001-03-8
2-1-7	603-36-1
2-1-7	61142-81-2
2-1-7	61288-66-2
2-1-7	61349-45-9
2-1-7	61349-47-1
2-1-7	61358-23-4
2-1-7	61642-33-9
2-1-7	6169-12-6
2-1-7	617-85-6
2-1-7	61869-49-6
2-1-7	62010-30-4
2-1-7	62010-31-5
2-1-7	62339-51-9
2-1-7	62712-21-4
2-1-7	62851-41-6
2-1-7	6295-12-1
2-1-7	63172-17-8
2-1-7	63439-16-7
2-1-7	63513-30-4
2-1-7	63994-33-2
2-1-7	64011-26-3
2-1-7	64011-35-4
2-1-7	64011-36-5
2-1-7	64013-14-5
2-1-7	64024-08-4
2-1-7	64046-93-1
2-1-7	64070-10-6
2-1-7	64070-11-7
2-1-7	64070-12-8
2-1-7	64070-14-0
2-1-7	64093-53-4
2-1-7	64296-67-9
2-1-7	64417-77-2
2-1-7	64475-90-7
2-1-7	64604-85-9
2-1-7	64885-57-0
2-1-7	6533-78-4
2-1-7	6535-15-5
2-1-7	6543-62-0
2-1-7	65722-68-1
2-1-7	65997-18-4
2-1-7	66103-03-5
2-1-7	666263-51-0
2-1-7	667463-25-4
2-1-7	66922-79-0
2-1-7	67251-37-0
2-1-7	67251-40-5
2-1-7	67296-48-4
2-1-7	67711-96-0
2-1-7	67711-98-2
2-1-7	67711-99-3
2-1-7	6780-10-5
2-1-7	68083-87-4
2-1-7	68186-90-3
2-1-7	68187-00-8
2-1-7	68187-20-2
2-1-7	68187-49-5
2-1-7	68187-54-2
2-1-7	68189-16-2
2-1-7	68332-69-4
2-1-7	68411-49-4
2-1-7	68412-38-4
2-1-7	68784-55-4
2-1-7	68784-78-1
2-1-7	68794-85-4
2-1-7	688013-91-4
2-1-7	68921-97-1
2-1-7	68933-55-1
2-1-7	68937-04-2
2-1-7	68937-20-2
2-1-7	68953-72-0
2-1-7	68954-54-1
2-1-7	68956-96-7
2-1-7	68957-23-3
2-1-7	68989-19-5
2-1-7	69011-08-1
2-1-7	69011-59-2
2-1-7	69011-60-5
2-1-7	69012-20-0
2-1-7	69012-72-2
2-1-7	69029-45-4
2-1-7	69029-50-1
2-1-7	69029-51-2
2-1-7	69029-53-4
2-1-7	69029-58-9
2-1-7	69029-87-4
2-1-7	6923-52-0
2-1-7	6939-83-9
2-1-7	694503-46-3
2-1-7	69459-69-4
2-1-7	69545-71-7
2-1-7	69600-03-9
2-1-7	69892-82-6
2-1-7	69991-68-0
2-1-7	7010-38-0
2-1-7	70225-54-6
2-1-7	70247-82-4
2-1-7	70495-28-2
2-1-7	70514-71-5
2-1-7	7065-22-7
2-1-7	70969-69-6
2-1-7	71119-45-4
2-1-7	71119-49-8
2-1-7	71215-72-0
2-1-7	71449-78-0
2-1-7	71463-61-1
2-1-7	71566-48-8
2-1-7	71747-80-3
2-1-7	71786-70-4
2-1-7	71850-71-0
2-1-7	71850-72-1
2-1-7	71850-86-7
2-1-7	71850-87-8
2-1-7	71850-88-9
2-1-7	71949-30-9
2-1-7	72017-60-8
2-1-7	72121-43-8
2-1-7	72121-43-8
2-1-7	72166-93-9
2-1-7	72479-88-0
2-1-7	72926-13-7
2-1-7	73071-00-8
2-1-7	73482-18-5
2-1-7	73892-02-1
2-1-7	74038-45-2
2-1-7	74365-27-8
2-1-7	7446-32-4
2-1-7	7578-07-6
2-1-7	7647-18-9
2-1-7	76543-23-2
2-1-7	77114-79-5
2-1-7	7783-56-4
2-1-7	7783-70-2
2-1-7	7789-61-9
2-1-7	7790-44-5
2-1-7	7791-08-4
2-1-7	7791-16-4
2-1-7	7803-52-3
2-1-7	8007-18-9
2-1-7	8007-28-1
2-1-7	8011-72-1
2-1-7	8011-73-2
2-1-7	8012-00-8
2-1-7	8012-64-4
2-1-7	80640-84-2
2-1-7	81776-61-6
2-1-7	84184-48-5
2-1-7	84195-60-8
2-1-7	84238-43-7
2-1-7	84314-10-3
2-1-7	84776-00-1
2-1-7	84777-04-8
2-1-7	84929-82-8
2-1-7	84949-18-8
2-1-7	85307-36-4
2-1-7	86221-76-3
2-1-7	86831-40-5
2-1-7	875817-23-5
2-1-7	87709-41-9
2-1-7	87856-03-9
2-1-7	88966-67-0
2-1-7	89452-37-9
2-1-7	896-29-7
2-1-7	89899-81-0
2-1-7	90170-79-9
2-1-7	90177-43-8
2-1-7	90552-50-4
2-1-7	91051-98-8
2-1-7	92089-68-4
2-1-7	92128-37-5
2-1-7	92200-97-0
2-1-7	92202-25-0
2-1-7	926280-53-7
2-1-7	92687-27-9
2-1-7	92687-28-0
2-1-7	92687-31-5
2-1-7	92731-36-7
2-1-7	930120-90-4
2-1-7	93091-03-3
2-1-7	93776-64-8
2-1-7	93840-05-2
2-1-7	93840-06-3
2-1-7	93840-07-4
2-1-7	93844-22-5
2-1-7	94228-51-0
2-1-7	94442-00-9
2-1-7	94551-66-3
2-1-7	94551-87-8
2-1-7	94551-97-0
2-1-7	94825-20-4
2-1-7	95046-49-4
2-1-7	95193-93-4
2-1-7	95722-64-8
2-1-7	96195-78-7
2-1-7	96342-74-4
2-1-7	97048-22-1
2-1-7	97048-23-2
2-1-7	97763-70-7
2-1-7	98002-59-6
2-1-7	98517-01-2
2-1-7	P-93-0606
2-1-7	P-94-0464
2-1-7	P-95-0677
2-1-7	P-95-0724
2-1-7	RR-00554-9
2-1-7	RR-00585-6
2-1-7	RR-00675-7
2-1-7	RR-01639-7
2-1-7	RR-11146-6
2-1-7	RR-145866-8
2-1-7	RR-192911-9
2-1-7	RR-192912-0
2-1-7	RR-24352-7
2-1-7	RR-29525-0
2-1-7	RR-29526-1
2-1-7	RR-31090-7
2-1-7	RR-32772-0
2-1-7	RR-33682-3
2-1-7	RR-41418-6
2-1-7	RR-42178-3
2-1-7	RR-43729-6
2-1-7	RR-45492-2
2-1-7	RR-66993-2
2-1-7	RR-66994-3
2-1-7	RR-66996-5
2-1-7	RR-93835-2
2-1-7	UN1550
2-1-7	UN1551
2-1-7	UN1730
2-1-7	UN1731
2-1-7	UN1732
2-1-7	UN1733
2-1-7	UN2676
2-1-70	79-19-6
2-1-71	12676-93-6
2-1-71	12738-47-5
2-1-71	563-12-2
2-1-71-2	39185-89-2
2-1-71-2	8071-14-5
2-1-71-3	14769-73-4
2-1-71-3	16595-80-5
2-1-71-3	32093-35-9
2-1-71-3	5036-02-2
2-1-71-3	6649-23-6
2-1-71-3	RR-30200-1
2-1-71-4	79538-32-2
2-1-71-5	59669-26-0
2-1-71-5	65154-62-3
2-1-71-6	108-62-3
2-1-72	10031-43-3
2-1-72	10031-48-8
2-1-72	10031-48-8
2-1-72	100402-65-1
2-1-72	10060-13-6
2-1-72	10085-76-4
2-1-72	10102-90-6
2-1-72	101027-05-8
2-1-72	10103-48-7
2-1-72	10125-13-0
2-1-72	102262-21-5
2-1-72	10257-54-2
2-1-72	10290-09-2
2-1-72	10294-46-9
2-1-72	103443-42-1
2-1-72	103443-43-2
2-1-72	103458-49-7
2-1-72	103458-50-0
2-1-72	103458-51-1
2-1-72	103458-52-2
2-1-72	103458-53-3
2-1-72	103479-10-3
2-1-72	103530-80-9
2-1-72	103570-41-8
2-1-72	1036286-41-5
2-1-72	109048-90-0
2-1-72	109225-23-2
2-1-72	11078-26-5
2-1-72	11104-65-7
2-1-72	1111-67-7
2-1-72	11113-59-0
2-1-72	11121-95-2
2-1-72	11129-27-4
2-1-72	112285-78-6
2-1-72	1135443-52-5
2-1-72	1135443-53-6
2-1-72	115517-69-6
2-1-72	115517-70-9
2-1-72	115517-71-0
2-1-72	118202-86-1
2-1-72	1184-64-1
2-1-72	1192872-61-9
2-1-72	12013-15-9
2-1-72	12017-79-7
2-1-72	12018-10-9
2-1-72	12019-08-8
2-1-72	12019-11-3
2-1-72	12019-23-7
2-1-72	12019-52-2
2-1-72	12019-57-7
2-1-72	12042-92-1
2-1-72	12053-18-8
2-1-72	12054-29-4
2-1-72	12062-24-7
2-1-72	12069-69-1
2-1-72	12070-39-2
2-1-72	12134-35-9
2-1-72	12158-74-6
2-1-72	12158-75-7
2-1-72	12159-07-8
2-1-72	12167-76-9
2-1-72	12191-17-2
2-1-72	1219596-32-3
2-1-72	12250-93-0
2-1-72	12258-96-7
2-1-72	12285-50-6
2-1-72	12400-75-8
2-1-72	124222-18-0
2-1-72	12433-14-6
2-1-72	124594-13-4
2-1-72	125233-42-3
2-1-72	12527-63-8
2-1-72	12599-35-8
2-1-72	12617-87-7
2-1-72	12622-74-1
2-1-72	12643-19-5
2-1-72	12674-28-1
2-1-72	127279-03-2
2-1-72	12770-96-6
2-1-72	12774-48-0
2-1-72	12795-09-4
2-1-72	1308-09-4
2-1-72	1308-57-2
2-1-72	1308-78-7
2-1-72	1308-80-1
2-1-72	1308790-39-7
2-1-72	1317-39-1
2-1-72	1317-40-4
2-1-72	1332-14-5
2-1-72	1332-40-7
2-1-72	1332-65-6
2-1-72	1333-22-8
2-1-72	1335-23-5
2-1-72	1335-24-6
2-1-72	1336-14-7
2-1-72	1344-66-7
2-1-72	1344-67-8
2-1-72	1344-69-0
2-1-72	1344-71-4
2-1-72	1344-71-4
2-1-72	1344-72-5
2-1-72	13454-88-1
2-1-72	13478-41-6
2-1-72	13548-42-0
2-1-72	13587-24-1
2-1-72	13587-25-2
2-1-72	13587-26-3
2-1-72	13587-29-6
2-1-72	13587-35-4
2-1-72	13601-13-3
2-1-72	13675-47-3
2-1-72	13715-19-0
2-1-72	13767-34-5
2-1-72	13767-71-0
2-1-72	13770-18-8
2-1-72	13773-00-7
2-1-72	13812-58-3
2-1-72	138210-92-1
2-1-72	13867-72-6
2-1-72	13877-25-3
2-1-72	13933-17-0
2-1-72	139939-69-8
2-1-72	14013-02-6
2-1-72	14017-38-0
2-1-72	1412895-32-9
2-1-72	1417714-34-1
2-1-72	142-71-2
2-1-72	14215-30-6
2-1-72	14283-05-7
2-1-72	14336-80-2
2-1-72	1447821-19-3
2-1-72	14481-40-4
2-1-72	14708-11-3
2-1-72	14721-21-2
2-1-72	14735-84-3
2-1-72	14958-34-0
2-1-72	14984-71-5
2-1-72	149850-38-4
2-1-72	15191-80-7
2-1-72	154288-91-2
2-1-72	155903-69-8
2-1-72	15610-76-1
2-1-72	15852-05-8
2-1-72	16102-92-4
2-1-72	16286-27-4
2-1-72	16509-22-1
2-1-72	16570-28-8
2-1-72	1708103-91-6
2-1-72	1708103-96-1
2-1-72	17500-49-1
2-1-72	17599-81-4
2-1-72	177322-39-3
2-1-72	17836-27-0
2-1-72	17856-17-6
2-1-72	18492-21-2
2-1-72	18718-12-2
2-1-72	188920-96-9
2-1-72	188920-97-0
2-1-72	18906-50-8
2-1-72	18939-61-2
2-1-72	18973-62-1
2-1-72	19004-19-4
2-1-72	19372-21-5
2-1-72	19864-62-1
2-1-72	20255-20-3
2-1-72	20427-59-2
2-1-72	20654-09-5
2-1-72	20908-85-4
2-1-72	210902-84-4
2-1-72	22205-45-4
2-1-72	22891-51-6
2-1-72	22992-79-6
2-1-72	235772-41-5
2-1-72	25869-11-8
2-1-72	26506-47-8
2-1-72	265669-02-1
2-1-72	26656-82-6
2-1-72	2676888-58-5
2-1-72	27787-63-9
2-1-72	28038-29-1
2-1-72	29961-99-7
2-1-72	302-07-8
2-1-72	31058-64-7
2-1-72	3251-23-8
2-1-72	32680-29-8
2-1-72	3444-14-2
2-1-72	35788-00-2
2-1-72	37223-52-2
2-1-72	37294-24-9
2-1-72	37396-60-4
2-1-72	38465-60-0
2-1-72	39361-73-4
2-1-72	39377-49-6
2-1-72	40452-11-7
2-1-72	4180-12-5
2-1-72	423724-63-4
2-1-72	42616-63-7
2-1-72	51139-42-5
2-1-72	51139-43-6
2-1-72	51366-17-7
2-1-72	53156-93-7
2-1-72	54175-26-7
2-1-72	54366-11-9
2-1-72	544-19-4
2-1-72	54427-17-7
2-1-72	55200-89-0
2-1-72	55353-02-1
2-1-72	55468-24-1
2-1-72	56832-15-6
2-1-72	573983-15-0
2-1-72	58640-42-9
2-1-72	58675-51-7
2-1-72	5893-61-8
2-1-72	59219-07-7
2-1-72	59330-20-0
2-1-72	598-54-9
2-1-72	60065-34-1
2-1-72	6046-93-1
2-1-72	61482-17-5
2-1-72	62975-02-4
2-1-72	66860-79-5
2-1-72	66923-66-8
2-1-72	68186-91-4
2-1-72	68406-65-5
2-1-72	68833-88-5
2-1-72	70493-34-4
2-1-72	70714-64-6
2-1-72	74315-47-2
2-1-72	74315-47-2
2-1-72	74332-41-5
2-1-72	7447-39-4
2-1-72	7492-68-4
2-1-72	7681-65-4
2-1-72	7758-89-6
2-1-72	7758-98-7
2-1-72	7758-99-8
2-1-72	7787-70-4
2-1-72	7789-07-3
2-1-72	7789-19-7
2-1-72	7789-45-9
2-1-72	7798-23-4
2-1-72	8070-45-9
2-1-72	83615-05-8
2-1-72	848393-12-4
2-1-72	85080-51-9
2-1-72	866114-86-5
2-1-72	90014-70-3
2-1-72	93924-04-0
2-1-72	93951-22-5
2-1-72	97592-60-4
2-1-72	RR-03690-8
2-1-72	UN2721
2-1-72	UN2802
2-1-72-2	1135443-22-9
2-1-72-2	15880-99-6
2-1-72-2	2439-10-3
2-1-72-2	51426-08-5
2-1-72-2	96923-04-5
2-1-72-3	1061621-16-6
2-1-72-3	107324-82-3
2-1-72-3	112-57-2
2-1-72-3	1151794-16-9
2-1-72-3	115254-44-9
2-1-72-3	675120-38-4
2-1-72-3	778611-86-2
2-1-72-3	916431-34-0
2-1-72-3	951317-92-3
2-1-72-3	UN2320
2-1-73	6420-47-9
2-1-73-2	4607-81-2
2-1-74	37333-09-8
2-1-74	50924-44-2
2-1-74	52-68-6
2-1-74	56042-25-2
2-1-74	66758-31-4
2-1-74-2	120-39-8
2-1-74-2	1928-37-6
2-1-74-2	1928-39-8
2-1-74-2	1928-40-1
2-1-74-2	1928-47-8
2-1-74-2	23197-61-7
2-1-74-2	2464-48-4
2-1-74-2	25168-15-4
2-1-74-2	2545-59-7
2-1-74-2	2630-13-9
2-1-74-2	2630-15-1
2-1-74-2	2630-16-2
2-1-74-2	3813-14-7
2-1-74-2	40583-17-3
2-1-74-2	4938-72-1
2-1-74-2	53404-86-7
2-1-74-2	61792-07-2
2-1-74-2	6369-97-7
2-1-74-2	6417-43-2
2-1-74-2	69462-12-0
2-1-74-2	74592-66-8
2-1-74-2	93-76-5
2-1-74-2	93-78-7
2-1-74-2	93-79-8
2-1-74-2	93941-82-3
2-1-74-2	97635-44-4
2-1-74-2	RR-01622-8
2-1-74-3	10025-78-2
2-1-74-3	UN1295
2-1-74-4	155684-07-4
2-1-74-4	155684-39-2
2-1-74-4	98-13-5
2-1-74-4	UN1804
2-1-74-5	96-18-4
2-1-74-6	78-48-8
2-1-74-7	1071724-18-9
2-1-74-7	1075754-75-4
2-1-74-7	132645-03-5
2-1-74-7	146819-41-2
2-1-74-7	1493-13-6
2-1-74-7	410094-25-6
2-1-74-7	66178-41-4
2-1-74-7	686276-05-1
2-1-74-7	83936-79-2
2-1-75	116468-99-6
2-1-75	119-95-9
2-1-75	148-69-6
2-1-75	16518-48-2
2-1-75	22006-17-3
2-1-75	32954-54-4
2-1-75	36717-39-2
2-1-75	540-23-8
2-1-75	540-25-0
2-1-75	636-21-5
2-1-75	638-03-9
2-1-75	64011-35-4
2-1-75	64011-36-5
2-1-75	6578-06-9
2-1-75	67614-05-5
2-1-75	RR-07760-1
2-1-76	108-71-4
2-1-76	12236-56-5
2-1-76	124688-01-3
2-1-76	140697-63-8
2-1-76	15481-68-2
2-1-76	15481-70-6
2-1-76	156031-30-0
2-1-76	25376-45-8
2-1-76	26764-44-3
2-1-76	2687-25-4
2-1-76	26966-75-6
2-1-76	33379-31-6
2-1-76	496-72-0
2-1-76	51019-92-2
2-1-76	5459-85-8
2-1-76	615-45-2
2-1-76	615-50-9
2-1-76	62488-19-1
2-1-76	62488-20-4
2-1-76	636-23-7
2-1-76	6369-59-1
2-1-76	65321-67-7
2-1-76	74283-35-5
2-1-76	74283-36-6
2-1-76	823-40-5
2-1-76	85898-88-0
2-1-76	95-70-5
2-1-76	95-80-7
2-1-76	RR-54565-3
2-1-76	UN1709
2-1-76-2	1053657-77-4
2-1-76-2	108-88-3
2-1-76-2	1124-18-1
2-1-76-2	1202864-97-8
2-1-76-2	1603-99-2
2-1-76-2	2037-26-5
2-1-76-2	UN1294
2-1-77	10031-21-7
2-1-77	10031-21-7
2-1-77	10031-22-8
2-1-77	100402-96-8
2-1-77	100656-49-3
2-1-77	100656-51-7
2-1-77	100656-53-9
2-1-77	100656-54-0
2-1-77	100656-55-1
2-1-77	100656-56-2
2-1-77	100822-74-0
2-1-77	100929-97-3
2-1-77	10099-62-4
2-1-77	10099-74-8
2-1-77	10099-76-0
2-1-77	10099-79-3
2-1-77	10101-44-7
2-1-77	10101-63-0
2-1-77	101012-92-4
2-1-77	101013-06-3
2-1-77	101419-68-5
2-1-77	10177-50-1
2-1-77	10190-55-3
2-1-77	102047-25-6
2-1-77	102110-24-7
2-1-77	102110-26-9
2-1-77	102110-36-1
2-1-77	102110-48-5
2-1-77	102110-49-6
2-1-77	102110-60-1
2-1-77	102110-61-2
2-1-77	102110-62-3
2-1-77	10214-39-8
2-1-77	102423-87-0
2-1-77	102613-50-3
2-1-77	10294-47-0
2-1-77	10294-58-3
2-1-77	103427-19-6
2-1-77	103730-90-1
2-1-77	10382-36-2
2-1-77	10382-41-9
2-1-77	104839-24-9
2-1-77	106160-94-5
2-1-77	106496-44-0
2-1-77	106496-45-1
2-1-77	1067-14-7
2-1-77	1068-23-1
2-1-77	1068-61-7
2-1-77	106804-23-3
2-1-77	1072-35-1
2-1-77	1079390-64-9
2-1-77	1083-82-5
2-1-77	108350-80-7
2-1-77	108424-14-2
2-1-77	108424-15-3
2-1-77	108424-16-4
2-1-77	109707-90-6
2-1-77	109882-46-4
2-1-77	11063-58-4
2-1-77	110687-39-3
2-1-77	11097-78-2
2-1-77	11113-70-5
2-1-77	11116-83-9
2-1-77	11119-70-3
2-1-77	11120-22-2
2-1-77	1120-46-3
2-1-77	114601-64-8
2-1-77	114830-97-6
2-1-77	1153-06-6
2-1-77	1162-06-7
2-1-77	116565-73-2
2-1-77	116565-74-3
2-1-77	116666-25-2
2-1-77	116739-98-1
2-1-77	118217-11-1
2-1-77	1191-18-0
2-1-77	119801-45-5
2-1-77	120119-64-4
2-1-77	12013-69-3
2-1-77	12017-86-6
2-1-77	12023-90-4
2-1-77	12029-23-1
2-1-77	12034-30-9
2-1-77	12034-88-7
2-1-77	12036-31-6
2-1-77	12036-76-9
2-1-77	12036-93-0
2-1-77	12048-28-1
2-1-77	12059-89-1
2-1-77	12060-00-3
2-1-77	12060-01-4
2-1-77	12065-68-8
2-1-77	12065-90-6
2-1-77	121054-00-0
2-1-77	121072-42-2
2-1-77	12135-36-3
2-1-77	12137-74-5
2-1-77	12141-20-7
2-1-77	12143-43-0
2-1-77	12157-94-7
2-1-77	12202-17-4
2-1-77	12205-72-0
2-1-77	12213-61-5
2-1-77	12214-45-8
2-1-77	122162-56-5
2-1-77	122332-23-4
2-1-77	122466-83-5
2-1-77	12266-38-5
2-1-77	12268-84-7
2-1-77	12275-07-9
2-1-77	1227908-26-0
2-1-77	12333-97-0
2-1-77	123517-46-4
2-1-77	12356-42-2
2-1-77	12359-22-7
2-1-77	12359-23-8
2-1-77	12372-45-1
2-1-77	12377-69-4
2-1-77	12397-06-7
2-1-77	12397-06-7
2-1-77	12403-82-6
2-1-77	12412-92-9
2-1-77	12412-94-1
2-1-77	124222-18-0
2-1-77	12435-47-1
2-1-77	1245817-44-0
2-1-77	124826-86-4
2-1-77	125328-49-6
2-1-77	12544-05-7
2-1-77	125454-11-7
2-1-77	125471-97-8
2-1-77	125494-56-6
2-1-77	125634-26-6
2-1-77	1256909-95-1
2-1-77	12578-12-0
2-1-77	12608-25-2
2-1-77	12612-47-4
2-1-77	12619-84-0
2-1-77	1262279-30-0
2-1-77	1262279-31-1
2-1-77	12626-81-2
2-1-77	12627-67-7
2-1-77	12653-68-8
2-1-77	12656-85-8
2-1-77	12673-46-0
2-1-77	12676-62-9
2-1-77	12684-19-4
2-1-77	126857-68-9
2-1-77	12687-78-4
2-1-77	12709-98-7
2-1-77	12710-25-7
2-1-77	127279-03-2
2-1-77	12737-97-2
2-1-77	12737-98-3
2-1-77	12740-44-2
2-1-77	12765-51-4
2-1-77	12774-29-7
2-1-77	127917-29-7
2-1-77	128226-81-3
2-1-77	128976-28-3
2-1-77	129618-34-4
2-1-77	130596-72-4
2-1-77	130680-19-2
2-1-77	130730-32-4
2-1-77	1308-29-8
2-1-77	1309-59-7
2-1-77	1309-60-0
2-1-77	13094-04-7
2-1-77	1310-03-8
2-1-77	1311-11-1
2-1-77	1314-27-8
2-1-77	1314-41-6
2-1-77	1314-41-6
2-1-77	1314-87-0
2-1-77	1314-91-6
2-1-77	1314087-54-1
2-1-77	1314087-56-3
2-1-77	1317-36-8
2-1-77	1319-46-6
2-1-77	132003-12-4
2-1-77	13231-90-8
2-1-77	1323950-28-2
2-1-77	1326-05-2
2-1-77	13266-07-4
2-1-77	1327-31-7
2-1-77	1331-70-0
2-1-77	133315-99-8
2-1-77	1335-25-7
2-1-77	1335-32-6
2-1-77	133988-90-6
2-1-77	13406-89-8
2-1-77	13424-46-9
2-1-77	13427-42-4
2-1-77	1344-36-1
2-1-77	1344-37-2
2-1-77	1344-38-3
2-1-77	1344-40-7
2-1-77	13453-57-1
2-1-77	13453-60-6
2-1-77	13453-62-8
2-1-77	13453-65-1
2-1-77	13453-66-2
2-1-77	13463-30-4
2-1-77	13464-43-2
2-1-77	13478-50-7
2-1-77	13510-89-9
2-1-77	13510-91-3
2-1-77	13510-94-6
2-1-77	13510-96-8
2-1-77	13566-17-1
2-1-77	135699-34-2
2-1-77	135849-93-3
2-1-77	13637-76-8
2-1-77	136596-82-2
2-1-77	1369526-72-6
2-1-77	13698-55-0
2-1-77	13701-91-2
2-1-77	13703-85-0
2-1-77	13732-17-7
2-1-77	13765-90-7
2-1-77	13767-78-7
2-1-77	13778-36-4
2-1-77	13779-93-6
2-1-77	13779-98-1
2-1-77	13814-96-5
2-1-77	13845-31-3
2-1-77	13845-35-7
2-1-77	13931-84-5
2-1-77	139522-21-7
2-1-77	139522-22-8
2-1-77	14013-09-3
2-1-77	14105-08-9
2-1-77	14105-09-0
2-1-77	141754-61-2
2-1-77	1421258-73-2
2-1-77	14280-50-3
2-1-77	14287-09-3
2-1-77	1428856-88-5
2-1-77	1429516-97-1
2-1-77	14307-44-9
2-1-77	143928-79-4
2-1-77	14402-61-0
2-1-77	14450-60-3
2-1-77	14466-01-4
2-1-77	1450900-87-4
2-1-77	1451592-07-6
2-1-77	14570-16-2
2-1-77	146104-54-3
2-1-77	14643-03-9
2-1-77	14648-48-7
2-1-77	14650-47-6
2-1-77	14720-53-7
2-1-77	148332-23-4
2-1-77	14931-82-9
2-1-77	1493800-25-1
2-1-77	14986-72-2
2-1-77	149864-43-7
2-1-77	15187-16-3
2-1-77	1520-78-1
2-1-77	15245-44-0
2-1-77	15282-88-9
2-1-77	15306-30-6
2-1-77	15347-55-4
2-1-77	15347-57-6
2-1-77	153679-91-5
2-1-77	15516-84-4
2-1-77	15521-60-5
2-1-77	15576-47-3
2-1-77	15590-77-9
2-1-77	15696-43-2
2-1-77	15708-49-3
2-1-77	15739-80-7
2-1-77	15748-73-9
2-1-77	15773-47-4
2-1-77	15773-48-5
2-1-77	15773-52-1
2-1-77	15773-53-2
2-1-77	15773-55-4
2-1-77	15773-56-5
2-1-77	15804-54-3
2-1-77	15843-48-8
2-1-77	15845-52-0
2-1-77	15851-47-5
2-1-77	15887-88-4
2-1-77	15906-71-5
2-1-77	15907-04-7
2-1-77	16038-76-9
2-1-77	16040-38-3
2-1-77	1605283-50-8
2-1-77	16180-04-4
2-1-77	16183-12-3
2-1-77	16183-13-4
2-1-77	16450-50-3
2-1-77	16521-45-2
2-1-77	168456-68-6
2-1-77	16893-63-3
2-1-77	16996-40-0
2-1-77	16996-51-3
2-1-77	1702636-77-8
2-1-77	172589-69-4
2-1-77	172777-22-9
2-1-77	17362-65-1
2-1-77	17398-75-3
2-1-77	17398-75-3
2-1-77	17406-54-1
2-1-77	175448-53-0
2-1-77	17549-30-3
2-1-77	17570-76-2
2-1-77	176547-68-5
2-1-77	17856-14-3
2-1-77	17976-43-1
2-1-77	17976-44-2
2-1-77	17979-75-8
2-1-77	1799735-35-5
2-1-77	180129-52-6
2-1-77	181768-98-9
2-1-77	18256-98-9
2-1-77	18279-19-1
2-1-77	18279-20-4
2-1-77	18279-21-5
2-1-77	18454-12-1
2-1-77	18608-34-9
2-1-77	188417-76-7
2-1-77	1887168-54-8
2-1-77	18917-82-3
2-1-77	189829-60-5
2-1-77	1899002-67-5
2-1-77	19010-66-3
2-1-77	19136-34-6
2-1-77	19389-88-9
2-1-77	19423-89-3
2-1-77	19528-55-3
2-1-77	19651-80-0
2-1-77	19696-90-3
2-1-77	19783-14-3
2-1-77	199876-46-5
2-1-77	200444-20-8
2-1-77	201742-34-9
2-1-77	20383-42-0
2-1-77	20403-41-2
2-1-77	20403-42-3
2-1-77	20534-94-5
2-1-77	2068005-40-1
2-1-77	207500-00-3
2-1-77	207500-00-3
2-1-77	20837-86-9
2-1-77	20890-10-2
2-1-77	20917-34-4
2-1-77	20936-32-7
2-1-77	2095571-59-6
2-1-77	2097729-73-0
2-1-77	2098001-96-6
2-1-77	2098487-24-0
2-1-77	2098815-17-7
2-1-77	2101242-86-6
2-1-77	21135-97-7
2-1-77	2117-69-3
2-1-77	21180-26-7
2-1-77	21319-43-7
2-1-77	21459-27-8
2-1-77	21519-20-0
2-1-77	21600-78-2
2-1-77	21774-13-0
2-1-77	2222122-63-4
2-1-77	22438-69-3
2-1-77	22569-74-0
2-1-77	22723-52-0
2-1-77	22904-40-1
2-1-77	23621-79-6
2-1-77	2388-00-3
2-1-77	23884-79-9
2-1-77	2414965-66-3
2-1-77	2437245-44-6
2-1-77	24824-71-3
2-1-77	24952-65-6
2-1-77	24988-28-1
2-1-77	2508-97-6
2-1-77	2516245-98-8
2-1-77	25510-11-6
2-1-77	25659-31-8
2-1-77	25666-92-6
2-1-77	2568498-72-4
2-1-77	25721-38-4
2-1-77	25725-28-4
2-1-77	25808-74-6
2-1-77	2587-81-7
2-1-77	2587-82-8
2-1-77	2587-84-0
2-1-77	25987-03-5
2-1-77	26006-62-2
2-1-77	26265-65-6
2-1-77	2712640-33-8
2-1-77	27253-28-7
2-1-77	27253-41-4
2-1-77	27496-91-9
2-1-77	27923-60-0
2-1-77	28267-01-8
2-1-77	29473-77-6
2-1-77	29597-84-0
2-1-77	29729-00-8
2-1-77	30051-53-7
2-1-77	301-04-2
2-1-77	301-08-6
2-1-77	30719-10-9
2-1-77	30873-69-9
2-1-77	3124-01-4
2-1-77	32112-52-0
2-1-77	3249-60-3
2-1-77	3249-61-4
2-1-77	33011-59-5
2-1-77	33627-12-2
2-1-77	33940-95-3
2-1-77	34018-28-5
2-1-77	34295-32-4
2-1-77	35029-96-0
2-1-77	35112-70-0
2-1-77	35229-41-5
2-1-77	35254-34-3
2-1-77	35296-72-1
2-1-77	35498-15-8
2-1-77	35830-81-0
2-1-77	35837-70-8
2-1-77	36501-84-5
2-1-77	37189-44-9
2-1-77	37194-88-0
2-1-77	37221-92-4
2-1-77	37223-82-8
2-1-77	37223-94-2
2-1-77	37240-96-3
2-1-77	37280-55-0
2-1-77	37382-38-0
2-1-77	38787-87-0
2-1-77	39345-91-0
2-1-77	39377-56-5
2-1-77	39386-06-6
2-1-77	39387-81-0
2-1-77	39390-00-6
2-1-77	41141-89-3
2-1-77	41234-07-5
2-1-77	41453-50-3
2-1-77	41547-50-6
2-1-77	41556-46-1
2-1-77	4219-19-6
2-1-77	42558-73-6
2-1-77	42579-89-5
2-1-77	43629-00-1
2-1-77	444279-15-6
2-1-77	469906-25-0
2-1-77	50319-14-7
2-1-77	50354-80-8
2-1-77	5072-98-0
2-1-77	50729-74-3
2-1-77	50816-00-7
2-1-77	50825-29-1
2-1-77	51105-45-4
2-1-77	512-26-5
2-1-77	51317-24-9
2-1-77	51325-28-1
2-1-77	51329-63-6
2-1-77	51331-05-6
2-1-77	51404-69-4
2-1-77	51682-73-6
2-1-77	51868-24-7
2-1-77	51899-02-6
2-1-77	52014-33-2
2-1-77	52080-60-1
2-1-77	52231-92-2
2-1-77	5224-23-7
2-1-77	52337-73-2
2-1-77	52440-39-8
2-1-77	52609-46-8
2-1-77	52652-59-2
2-1-77	52652-59-2
2-1-77	52652-59-2
2-1-77	52732-72-6
2-1-77	52847-85-5
2-1-77	52869-79-1
2-1-77	53092-86-7
2-1-77	53096-04-1
2-1-77	53113-58-9
2-1-77	53466-66-3
2-1-77	53513-80-7
2-1-77	53529-09-2
2-1-77	53807-64-0
2-1-77	5434-72-0
2-1-77	54554-36-8
2-1-77	546-67-8
2-1-77	54692-53-4
2-1-77	56189-09-4
2-1-77	56572-83-9
2-1-77	56730-15-5
2-1-77	56730-34-8
2-1-77	56764-40-0
2-1-77	5711-19-3
2-1-77	57142-78-6
2-1-77	57218-73-2
2-1-77	57456-13-0
2-1-77	58274-53-6
2-1-77	58405-97-3
2-1-77	58572-21-7
2-1-77	592-87-0
2-1-77	59286-40-7
2-1-77	595-89-1
2-1-77	59707-49-2
2-1-77	598-63-0
2-1-77	60251-56-1
2-1-77	60525-54-4
2-1-77	60580-60-1
2-1-77	6080-56-4
2-1-77	6107-83-1
2-1-77	6107-93-3
2-1-77	6107-93-3
2-1-77	612524-90-0
2-1-77	61461-40-3
2-1-77	6148-48-7
2-1-77	61513-05-1
2-1-77	61513-06-2
2-1-77	61513-07-3
2-1-77	61788-52-1
2-1-77	61788-53-2
2-1-77	61788-54-3
2-1-77	61789-50-2
2-1-77	61790-14-5
2-1-77	61867-68-3
2-1-77	61981-10-0
2-1-77	61993-29-1
2-1-77	62010-25-7
2-1-77	62042-25-5
2-1-77	62229-08-7
2-1-77	62451-77-8
2-1-77	625080-35-5
2-1-77	62637-99-4
2-1-77	63399-94-0
2-1-77	63400-07-7
2-1-77	63400-08-8
2-1-77	63568-30-9
2-1-77	63653-42-9
2-1-77	63916-96-1
2-1-77	63918-97-8
2-1-77	64470-66-2
2-1-77	64470-66-2
2-1-77	64504-12-7
2-1-77	64523-06-4
2-1-77	6477-64-1
2-1-77	65119-94-0
2-1-77	65121-76-8
2-1-77	65127-78-8
2-1-77	65229-22-3
2-1-77	65863-24-3
2-1-77	6594-85-0
2-1-77	65996-76-1
2-1-77	65997-18-4
2-1-77	6618-03-7
2-1-77	67674-14-0
2-1-77	67711-86-8
2-1-77	67711-91-5
2-1-77	67711-92-6
2-1-77	67711-93-7
2-1-77	67711-94-8
2-1-77	67711-96-0
2-1-77	67711-98-2
2-1-77	67711-99-3
2-1-77	68130-19-8
2-1-77	68131-60-2
2-1-77	68132-23-0
2-1-77	68139-27-5
2-1-77	68152-99-8
2-1-77	68155-47-5
2-1-77	68187-20-2
2-1-77	68187-37-1
2-1-77	68332-81-0
2-1-77	6838-85-3
2-1-77	68409-79-0
2-1-77	68411-07-4
2-1-77	68411-33-6
2-1-77	68411-78-9
2-1-77	68411-78-9
2-1-77	68424-76-0
2-1-77	68442-95-5
2-1-77	68515-76-4
2-1-77	68515-77-5
2-1-77	68515-80-0
2-1-77	68553-17-3
2-1-77	68553-63-9
2-1-77	68555-05-5
2-1-77	68555-07-7
2-1-77	68585-90-0
2-1-77	68586-21-0
2-1-77	68603-83-8
2-1-77	68603-93-0
2-1-77	68604-05-7
2-1-77	68604-56-8
2-1-77	68605-98-1
2-1-77	68610-17-3
2-1-77	6865-72-1
2-1-77	68784-53-2
2-1-77	68784-59-8
2-1-77	68784-74-7
2-1-77	68784-75-8
2-1-77	68784-76-9
2-1-77	68891-87-2
2-1-77	68901-11-1
2-1-77	68901-12-2
2-1-77	68937-05-3
2-1-77	68952-91-0
2-1-77	68954-05-2
2-1-77	68956-49-0
2-1-77	68987-33-7
2-1-77	68989-89-9
2-1-77	68990-75-0
2-1-77	6901-79-7
2-1-77	69011-06-9
2-1-77	69011-07-0
2-1-77	69011-54-7
2-1-77	69011-59-2
2-1-77	69011-60-5
2-1-77	69011-70-7
2-1-77	69011-86-5
2-1-77	69012-20-0
2-1-77	69012-22-2
2-1-77	69012-26-6
2-1-77	69012-43-7
2-1-77	69012-56-2
2-1-77	69012-57-3
2-1-77	69012-60-8
2-1-77	69012-63-1
2-1-77	69012-65-3
2-1-77	69012-67-5
2-1-77	69012-70-0
2-1-77	69012-71-1
2-1-77	69012-72-2
2-1-77	69012-78-8
2-1-77	69029-45-4
2-1-77	69029-46-5
2-1-77	69029-47-6
2-1-77	69029-48-7
2-1-77	69029-49-8
2-1-77	69029-51-2
2-1-77	69029-52-3
2-1-77	69029-53-4
2-1-77	69029-55-6
2-1-77	69029-56-7
2-1-77	69029-57-8
2-1-77	69029-58-9
2-1-77	69029-60-3
2-1-77	69029-61-4
2-1-77	69029-62-5
2-1-77	69029-63-6
2-1-77	69029-64-7
2-1-77	69029-65-8
2-1-77	69029-66-9
2-1-77	69029-67-0
2-1-77	69029-68-1
2-1-77	69029-69-2
2-1-77	69029-70-5
2-1-77	69029-71-6
2-1-77	69029-72-7
2-1-77	69029-73-8
2-1-77	69029-74-9
2-1-77	69029-78-3
2-1-77	69029-79-4
2-1-77	69029-80-7
2-1-77	69029-81-8
2-1-77	69029-83-0
2-1-77	69029-84-1
2-1-77	69029-85-2
2-1-77	69029-86-3
2-1-77	69029-87-4
2-1-77	69029-88-5
2-1-77	69029-89-6
2-1-77	69029-90-9
2-1-77	69029-91-0
2-1-77	69029-92-1
2-1-77	69029-93-2
2-1-77	69029-95-4
2-1-77	69029-96-5
2-1-77	69029-97-6
2-1-77	69090-73-9
2-1-77	69103-03-3
2-1-77	69103-04-4
2-1-77	69227-11-8
2-1-77	6928-68-3
2-1-77	69637-83-8
2-1-77	69670-72-0
2-1-77	70084-67-2
2-1-77	70145-53-8
2-1-77	70268-38-1
2-1-77	70321-55-0
2-1-77	70513-89-2
2-1-77	70514-05-5
2-1-77	70514-37-3
2-1-77	7056-83-9
2-1-77	70727-02-5
2-1-77	70879-91-3
2-1-77	70995-63-0
2-1-77	71630-92-7
2-1-77	71684-29-2
2-1-77	71686-03-8
2-1-77	71753-04-3
2-1-77	71799-66-1
2-1-77	72437-77-5
2-1-77	72469-41-1
2-1-77	72586-00-6
2-1-77	73105-55-2
2-1-77	7319-86-0
2-1-77	7428-48-0
2-1-77	74356-14-2
2-1-77	7442-13-9
2-1-77	7446-10-8
2-1-77	7446-14-2
2-1-77	7446-15-3
2-1-77	7446-27-7
2-1-77	74765-09-6
2-1-77	7488-51-9
2-1-77	75790-73-7
2-1-77	76093-98-6
2-1-77	76835-98-8
2-1-77	76925-97-8
2-1-77	7717-46-6
2-1-77	7758-95-4
2-1-77	7758-97-6
2-1-77	7759-01-5
2-1-77	7783-46-2
2-1-77	7783-59-7
2-1-77	78690-68-3
2-1-77	79357-62-3
2-1-77	79803-79-5
2-1-77	79849-02-8
2-1-77	79915-08-5
2-1-77	79915-09-6
2-1-77	8005-36-5
2-1-77	8012-00-8
2-1-77	8012-76-8
2-1-77	8049-64-7
2-1-77	811-54-1
2-1-77	81209-53-2
2-1-77	814-70-0
2-1-77	814-93-7
2-1-77	81412-57-9
2-1-77	815-84-9
2-1-77	816-68-2
2-1-77	819-73-8
2-1-77	825-91-2
2-1-77	82669-93-0
2-1-77	82696-30-8
2-1-77	82800-11-1
2-1-77	83689-82-1
2-1-77	83711-45-9
2-1-77	83711-46-0
2-1-77	83711-47-1
2-1-77	83896-77-9
2-1-77	84066-98-8
2-1-77	84066-99-9
2-1-77	84067-00-5
2-1-77	84144-92-3
2-1-77	84195-51-7
2-1-77	84195-60-8
2-1-77	84195-61-9
2-1-77	84394-98-9
2-1-77	84583-61-9
2-1-77	84776-00-1
2-1-77	84776-36-3
2-1-77	84776-53-4
2-1-77	84776-54-5
2-1-77	84837-22-9
2-1-77	84852-34-6
2-1-77	84929-94-2
2-1-77	84929-95-3
2-1-77	84929-96-4
2-1-77	84929-97-5
2-1-77	84961-75-1
2-1-77	85049-42-9
2-1-77	85117-02-8
2-1-77	851754-81-9
2-1-77	85292-77-9
2-1-77	85305-08-4
2-1-77	85392-77-4
2-1-77	85392-78-5
2-1-77	85536-79-4
2-1-77	85682-01-5
2-1-77	85764-81-4
2-1-77	85865-91-4
2-1-77	85865-92-5
2-1-77	85941-57-7
2-1-77	86202-43-9
2-1-77	867-47-0
2-1-77	873-54-1
2-1-77	87835-32-3
2-1-77	87903-39-7
2-1-77	88685-10-3
2-1-77	89054-03-5
2-1-77	9008-26-8
2-1-77	90193-83-2
2-1-77	90268-59-0
2-1-77	90268-66-9
2-1-77	90342-24-8
2-1-77	90342-56-6
2-1-77	90388-09-3
2-1-77	90388-10-6
2-1-77	90388-15-1
2-1-77	90431-14-4
2-1-77	90431-21-3
2-1-77	90431-26-8
2-1-77	90431-27-9
2-1-77	90431-28-0
2-1-77	90431-30-4
2-1-77	90431-31-5
2-1-77	90431-32-6
2-1-77	90431-33-7
2-1-77	90431-34-8
2-1-77	90431-35-9
2-1-77	90431-36-0
2-1-77	90431-37-1
2-1-77	90431-38-2
2-1-77	90431-39-3
2-1-77	90431-40-6
2-1-77	90431-41-7
2-1-77	90431-42-8
2-1-77	90431-43-9
2-1-77	90431-44-0
2-1-77	90459-25-9
2-1-77	90459-26-0
2-1-77	90459-28-2
2-1-77	90459-51-1
2-1-77	90459-52-2
2-1-77	90459-88-4
2-1-77	90552-19-5
2-1-77	90583-07-6
2-1-77	90583-37-2
2-1-77	90583-65-6
2-1-77	91002-20-9
2-1-77	91031-60-6
2-1-77	91031-61-7
2-1-77	91031-62-8
2-1-77	91053-46-2
2-1-77	91053-47-3
2-1-77	91053-49-5
2-1-77	91078-81-8
2-1-77	91083-54-4
2-1-77	91187-55-2
2-1-77	91388-81-7
2-1-77	91671-82-8
2-1-77	91671-83-9
2-1-77	91671-84-0
2-1-77	91697-36-8
2-1-77	91783-10-7
2-1-77	92044-89-8
2-1-77	92045-67-5
2-1-77	92200-92-5
2-1-77	92257-11-9
2-1-77	93165-26-5
2-1-77	93215-61-3
2-1-77	93763-87-2
2-1-77	93821-47-7
2-1-77	93821-70-6
2-1-77	93821-72-8
2-1-77	93839-98-6
2-1-77	93840-04-1
2-1-77	93858-23-2
2-1-77	93858-24-3
2-1-77	93892-65-0
2-1-77	93894-48-5
2-1-77	93894-49-6
2-1-77	93894-64-5
2-1-77	93925-27-0
2-1-77	93965-29-8
2-1-77	93966-37-1
2-1-77	93966-38-2
2-1-77	93966-74-6
2-1-77	93981-67-0
2-1-77	94006-20-9
2-1-77	94015-57-3
2-1-77	94232-40-3
2-1-77	94246-84-1
2-1-77	94246-85-2
2-1-77	94246-86-3
2-1-77	94246-87-4
2-1-77	94246-90-9
2-1-77	94246-91-0
2-1-77	94246-92-1
2-1-77	94246-93-2
2-1-77	94266-31-6
2-1-77	94266-32-7
2-1-77	94349-78-7
2-1-77	94481-58-0
2-1-77	94492-43-0
2-1-77	94551-60-7
2-1-77	94551-62-9
2-1-77	94551-64-1
2-1-77	94551-66-3
2-1-77	94551-70-9
2-1-77	94551-71-0
2-1-77	94551-72-1
2-1-77	94551-73-2
2-1-77	94551-74-3
2-1-77	94551-78-7
2-1-77	94551-79-8
2-1-77	94551-86-7
2-1-77	94551-87-8
2-1-77	94551-97-0
2-1-77	94551-99-2
2-1-77	94552-00-8
2-1-77	94552-05-3
2-1-77	95046-44-9
2-1-77	95046-49-4
2-1-77	953087-97-3
2-1-77	95860-12-1
2-1-77	95892-13-0
2-1-77	96471-22-6
2-1-77	96690-46-9
2-1-77	96956-76-2
2-1-77	97488-85-2
2-1-77	97675-41-7
2-1-77	97808-88-3
2-1-77	97889-90-2
2-1-77	97926-57-3
2-1-77	97952-39-1
2-1-77	97953-08-7
2-1-77	98072-44-7
2-1-77	98219-71-7
2-1-77	98246-91-4
2-1-77	99328-54-8
2-1-77	99749-31-2
2-1-77	P-82-0043
2-1-77	RR-00132-1
2-1-77	RR-00538-9
2-1-77	RR-00630-4
2-1-77	RR-01021-9
2-1-77	RR-01292-0
2-1-77	RR-01917-0
2-1-77	RR-01997-6
2-1-77	RR-02574-1
2-1-77	RR-02632-4
2-1-77	RR-07194-3
2-1-77	RR-07764-5
2-1-77	RR-11170-6
2-1-77	RR-11171-7
2-1-77	RR-113715-1
2-1-77	RR-115560-8
2-1-77	RR-120898-6
2-1-77	RR-123234-4
2-1-77	RR-12534-8
2-1-77	RR-12535-9
2-1-77	RR-12634-1
2-1-77	RR-12718-4
2-1-77	RR-12719-5
2-1-77	RR-12722-0
2-1-77	RR-12723-1
2-1-77	RR-128514-9
2-1-77	RR-13035-8
2-1-77	RR-14098-7
2-1-77	RR-14783-1
2-1-77	RR-15431-4
2-1-77	RR-19231-4
2-1-77	RR-21008-2
2-1-77	RR-30195-1
2-1-77	RR-31155-7
2-1-77	RR-40980-3
2-1-77	RR-41296-4
2-1-77	RR-41297-5
2-1-77	RR-42178-3
2-1-77	RR-42180-7
2-1-77	RR-42183-0
2-1-77	RR-42187-4
2-1-77	RR-42199-8
2-1-77	RR-42759-8
2-1-77	RR-43729-6
2-1-77	RR-43733-2
2-1-77	RR-43765-0
2-1-77	RR-44401-9
2-1-77	RR-45494-4
2-1-77	RR-47159-0
2-1-77	RR-50131-5
2-1-77	RR-50263-6
2-1-77	RR-50268-1
2-1-77	RR-50427-8
2-1-77	RR-50428-9
2-1-77	RR-50499-4
2-1-77	RR-54612-3
2-1-77	RR-58667-4
2-1-77	RR-58670-9
2-1-77	RR-60222-2
2-1-77	RR-87533-2
2-1-77	RR-88264-4
2-1-77	RR-89890-8
2-1-77	RR-90336-6
2-1-77	UN0129
2-1-77	UN0130
2-1-77	UN1469
2-1-77	UN1470
2-1-77	UN1616
2-1-77	UN1872
2-1-77	UN2291
2-1-77	UN2989
2-1-77	UN3408
2-1-77-2	55134-13-9
2-1-77-2	RR-54561-9
2-1-77-3	1228935-67-8
2-1-77-3	12393-50-9
2-1-77-3	12598-12-8
2-1-77-3	1302-42-7
2-1-77-3	1424805-45-7
2-1-77-3	1424809-08-4
2-1-77-3	162264-71-3
2-1-77-3	180395-80-6
2-1-77-3	7758-17-0
2-1-77-3	UN1819
2-1-77-3	UN2812
2-1-77-4	53558-25-1
2-1-77-4	64060-28-2
2-1-78	355120-85-3
2-1-78	75-15-0
2-1-78	UN1131
2-1-78-2	104-40-5
2-1-78-2	11066-49-2
2-1-78-2	1300-16-9
2-1-78-2	1323-65-5
2-1-78-2	136-83-4
2-1-78-2	139-84-4
2-1-78-2	142731-63-3
2-1-78-2	17404-66-9
2-1-78-2	186825-36-5
2-1-78-2	25154-52-3
2-1-78-2	256459-00-4
2-1-78-2	26543-97-5
2-1-78-2	27938-31-4
2-1-78-2	29832-11-9
2-1-78-2	30784-30-6
2-1-78-2	52427-13-1
2-1-78-2	68081-86-7
2-1-78-2	84852-15-3
2-1-78-2	87247-00-5
2-1-78-2	90481-04-2
2-1-78-2	91672-41-2
2-1-79	10022-31-8
2-1-79	1003049-92-0
2-1-79	10031-16-0
2-1-79	100348-34-3
2-1-79	100403-10-9
2-1-79	100403-18-7
2-1-79	100444-33-5
2-1-79	10048-98-3
2-1-79	100929-81-5
2-1-79	101012-95-7
2-1-79	101062-40-2
2-1-79	101356-94-9
2-1-79	101356-95-0
2-1-79	101356-96-1
2-1-79	101356-97-2
2-1-79	101356-98-3
2-1-79	101357-05-5
2-1-79	10142-77-5
2-1-79	10196-66-4
2-1-79	10196-68-6
2-1-79	102029-51-6
2-1-79	102110-17-8
2-1-79	102110-18-9
2-1-79	102110-22-5
2-1-79	102110-23-6
2-1-79	102110-24-7
2-1-79	102110-25-8
2-1-79	102110-26-9
2-1-79	1025479-00-8
2-1-79	1028693-40-4
2-1-79	1028833-33-1
2-1-79	10294-38-9
2-1-79	10294-39-0
2-1-79	10294-40-3
2-1-79	103059-92-3
2-1-79	103170-25-8
2-1-79	103213-24-7
2-1-79	103213-39-4
2-1-79	103213-43-0
2-1-79	10326-26-8
2-1-79	10326-27-9
2-1-79	103404-58-6
2-1-79	103404-65-5
2-1-79	10361-37-2
2-1-79	10380-31-1
2-1-79	104835-69-0
2-1-79	104872-94-8
2-1-79	104912-88-1
2-1-79	104912-91-6
2-1-79	104912-99-4
2-1-79	104913-05-5
2-1-79	104913-13-5
2-1-79	10553-31-8
2-1-79	10567-69-8
2-1-79	1059108-97-2
2-1-79	106495-56-1
2-1-79	107067-57-2
2-1-79	107103-05-9
2-1-79	107404-96-6
2-1-79	107539-20-8
2-1-79	108015-99-2
2-1-79	1080453-86-6
2-1-79	108392-12-7
2-1-79	108825-27-0
2-1-79	109037-74-3
2-1-79	1103-38-4
2-1-79	11078-62-9
2-1-79	11078-65-2
2-1-79	110832-68-3
2-1-79	110832-69-4
2-1-79	11092-02-7
2-1-79	11116-82-8
2-1-79	11129-08-1
2-1-79	11138-11-7
2-1-79	111907-01-8
2-1-79	112155-15-4
2-1-79	112354-26-4
2-1-79	113672-05-2
2-1-79	113672-06-3
2-1-79	113672-07-4
2-1-79	114901-52-9
2-1-79	115216-77-8
2-1-79	115218-70-7
2-1-79	115233-40-4
2-1-79	115233-41-5
2-1-79	115866-07-4
2-1-79	116107-50-7
2-1-79	116284-73-2
2-1-79	116678-71-8
2-1-79	1183962-04-0
2-1-79	119058-98-9
2-1-79	1191-79-3
2-1-79	119131-62-3
2-1-79	119398-14-0
2-1-79	119575-13-2
2-1-79	119653-14-4
2-1-79	119667-37-7
2-1-79	1198427-29-0
2-1-79	12000-34-9
2-1-79	12004-04-5
2-1-79	12004-05-6
2-1-79	120050-85-3
2-1-79	12007-55-5
2-1-79	12009-08-4
2-1-79	12009-14-2
2-1-79	12009-17-5
2-1-79	12009-18-6
2-1-79	12009-21-1
2-1-79	12009-27-7
2-1-79	12009-29-9
2-1-79	12009-31-3
2-1-79	12009-35-7
2-1-79	12009-36-8
2-1-79	12009-63-1
2-1-79	12027-74-6
2-1-79	12045-29-3
2-1-79	12046-08-1
2-1-79	12047-02-8
2-1-79	12047-11-9
2-1-79	12047-27-7
2-1-79	12047-34-6
2-1-79	12047-64-2
2-1-79	12047-79-9
2-1-79	12047-92-6
2-1-79	120604-62-8
2-1-79	12070-27-8
2-1-79	12084-29-6
2-1-79	120968-17-4
2-1-79	121029-07-0
2-1-79	121029-08-1
2-1-79	1215857-74-1
2-1-79	1217267-31-6
2-1-79	12229-36-6
2-1-79	12229-51-5
2-1-79	12230-71-6
2-1-79	12230-80-7
2-1-79	12231-18-4
2-1-79	12231-50-4
2-1-79	12231-51-5
2-1-79	12231-53-7
2-1-79	12231-98-0
2-1-79	12237-52-4
2-1-79	12237-54-6
2-1-79	12238-39-0
2-1-79	12238-41-4
2-1-79	12238-43-6
2-1-79	12238-75-4
2-1-79	122498-13-9
2-1-79	12251-19-3
2-1-79	12253-23-5
2-1-79	12254-04-5
2-1-79	12271-70-4
2-1-79	1227947-10-5
2-1-79	123133-86-8
2-1-79	123133-87-9
2-1-79	12322-79-1
2-1-79	12323-01-2
2-1-79	12323-03-4
2-1-79	123243-59-4
2-1-79	12336-87-7
2-1-79	1233976-62-9
2-1-79	12345-15-2
2-1-79	123517-47-5
2-1-79	123550-68-5
2-1-79	123550-69-6
2-1-79	123550-70-9
2-1-79	123550-71-0
2-1-79	1235891-53-8
2-1-79	1236181-93-3
2-1-79	123646-69-5
2-1-79	123646-70-8
2-1-79	12370-62-6
2-1-79	12380-72-2
2-1-79	12393-96-3
2-1-79	12408-43-4
2-1-79	12430-73-8
2-1-79	1246286-04-3
2-1-79	124697-11-6
2-1-79	124751-15-1
2-1-79	12507-96-9
2-1-79	125270-44-2
2-1-79	12537-49-4
2-1-79	125687-68-5
2-1-79	125693-49-4
2-1-79	1258591-85-3
2-1-79	12589-46-7
2-1-79	1259534-55-8
2-1-79	1260244-95-8
2-1-79	12642-89-6
2-1-79	12650-28-1
2-1-79	12655-04-8
2-1-79	12656-53-0
2-1-79	126660-36-4
2-1-79	12676-22-1
2-1-79	12688-62-9
2-1-79	1269219-25-1
2-1-79	1269419-45-5
2-1-79	12712-62-8
2-1-79	1273005-45-0
2-1-79	12737-08-5
2-1-79	12737-09-6
2-1-79	129212-12-0
2-1-79	129212-14-2
2-1-79	1297529-82-8
2-1-79	1300-37-4
2-1-79	1300-92-1
2-1-79	1304-13-8
2-1-79	1304-13-8
2-1-79	1304-17-2
2-1-79	1304-28-5
2-1-79	1304-29-6
2-1-79	1304-37-6
2-1-79	1304-40-1
2-1-79	1307295-96-0
2-1-79	13098-41-4
2-1-79	13101-62-7
2-1-79	131127-24-7
2-1-79	131163-78-5
2-1-79	131163-79-6
2-1-79	1313220-99-3
2-1-79	131389-62-3
2-1-79	1314087-69-8
2-1-79	131576-84-6
2-1-79	131914-14-2
2-1-79	1320-57-6
2-1-79	1325-01-5
2-1-79	1325-02-6
2-1-79	1325-16-2
2-1-79	1325-19-5
2-1-79	1325234-06-7
2-1-79	13255-26-0
2-1-79	132827-00-0
2-1-79	132827-01-1
2-1-79	132827-08-8
2-1-79	1330063-14-3
2-1-79	1332-51-0
2-1-79	1333071-50-3
2-1-79	133314-59-7
2-1-79	133314-60-0
2-1-79	133314-61-1
2-1-79	133314-62-2
2-1-79	133314-63-3
2-1-79	133314-64-4
2-1-79	133314-65-5
2-1-79	133314-66-6
2-1-79	133314-67-7
2-1-79	133314-68-8
2-1-79	133314-69-9
2-1-79	133314-70-2
2-1-79	133314-71-3
2-1-79	133314-72-4
2-1-79	133314-73-5
2-1-79	133314-74-6
2-1-79	133314-75-7
2-1-79	133314-76-8
2-1-79	1337864-79-5
2-1-79	1338832-27-1
2-1-79	134316-23-7
2-1-79	13435-46-6
2-1-79	1345-05-7
2-1-79	1345468-64-5
2-1-79	13462-86-7
2-1-79	13465-94-6
2-1-79	13465-95-7
2-1-79	13466-20-1
2-1-79	13466-21-2
2-1-79	13466-24-5
2-1-79	13477-00-4
2-1-79	13477-01-5
2-1-79	13477-04-8
2-1-79	13477-09-3
2-1-79	13477-10-6
2-1-79	13477-15-1
2-1-79	13477-15-1
2-1-79	134883-98-0
2-1-79	13517-08-3
2-1-79	1353332-98-5
2-1-79	1353714-39-2
2-1-79	1354327-81-3
2-1-79	13598-03-3
2-1-79	1363176-84-4
2-1-79	136629-60-2
2-1-79	13701-59-2
2-1-79	1370290-17-7
2-1-79	1370606-12-4
2-1-79	13708-67-3
2-1-79	13718-50-8
2-1-79	13718-55-3
2-1-79	13718-58-6
2-1-79	1373494-71-3
2-1-79	137486-74-9
2-1-79	137511-41-2
2-1-79	137575-49-6
2-1-79	13762-83-9
2-1-79	13770-86-0
2-1-79	13821-06-2
2-1-79	1383782-37-3
2-1-79	13840-10-3
2-1-79	13845-17-5
2-1-79	13847-18-2
2-1-79	13862-62-9
2-1-79	1393740-26-5
2-1-79	1396124-02-9
2-1-79	13966-70-6
2-1-79	13967-90-3
2-1-79	13981-41-4
2-1-79	1415232-60-8
2-1-79	1416453-79-6
2-1-79	141788-40-1
2-1-79	1421460-62-9
2-1-79	14263-62-8
2-1-79	14288-73-4
2-1-79	1429649-57-9
2-1-79	1431849-80-7
2-1-79	14378-25-7
2-1-79	1443982-79-3
2-1-79	1448147-00-9
2-1-79	14488-59-6
2-1-79	1449076-06-5
2-1-79	14523-21-8
2-1-79	1474044-80-8
2-1-79	14798-08-4
2-1-79	14832-97-4
2-1-79	14832-99-6
2-1-79	148520-85-8
2-1-79	1486550-62-2
2-1-79	14871-56-8
2-1-79	14871-79-5
2-1-79	14871-82-0
2-1-79	14899-38-8
2-1-79	14914-75-1
2-1-79	149901-23-5
2-1-79	150400-00-3
2-1-79	150993-75-2
2-1-79	15229-36-4
2-1-79	15232-19-6
2-1-79	152881-15-7
2-1-79	15318-52-2
2-1-79	15337-60-7
2-1-79	15339-40-9
2-1-79	153890-20-1
2-1-79	15552-14-4
2-1-79	15600-53-0
2-1-79	156021-15-7
2-1-79	15656-86-7
2-1-79	15673-79-7
2-1-79	15741-25-0
2-1-79	15741-29-4
2-1-79	15782-04-4
2-1-79	15782-06-6
2-1-79	15805-42-2
2-1-79	15935-90-7
2-1-79	160462-52-2
2-1-79	1610888-18-0
2-1-79	1617523-53-1
2-1-79	16508-79-5
2-1-79	16678-58-3
2-1-79	167398-28-9
2-1-79	16833-52-6
2-1-79	169797-19-7
2-1-79	170717-12-1
2-1-79	170831-56-8
2-1-79	17125-80-3
2-1-79	17187-72-3
2-1-79	17194-00-2
2-1-79	172305-03-2
2-1-79	172305-04-3
2-1-79	172343-48-5
2-1-79	17329-46-3
2-1-79	17594-47-7
2-1-79	17814-20-9
2-1-79	17852-98-1
2-1-79	17989-90-1
2-1-79	181424-93-1
2-1-79	182259-25-2
2-1-79	184674-23-5
2-1-79	184765-88-6
2-1-79	18744-58-6
2-1-79	18810-58-7
2-1-79	18837-96-2
2-1-79	18879-37-3
2-1-79	191865-02-8
2-1-79	195068-51-0
2-1-79	195068-53-2
2-1-79	19856-32-7
2-1-79	199876-46-5
2-1-79	20236-55-9
2-1-79	20313-52-4
2-1-79	203796-96-7
2-1-79	208713-64-8
2-1-79	2090-08-6
2-1-79	2092-17-3
2-1-79	21028-49-9
2-1-79	21109-95-5
2-1-79	21598-22-1
2-1-79	21669-04-5
2-1-79	2202-23-5
2-1-79	22322-71-0
2-1-79	22326-55-2
2-1-79	22457-55-2
2-1-79	225239-81-6
2-1-79	22535-45-1
2-1-79	22541-12-4
2-1-79	22561-74-6
2-1-79	225934-70-3
2-1-79	22887-44-1
2-1-79	229640-62-4
2-1-79	23410-25-5
2-1-79	23436-05-7
2-1-79	23541-42-6
2-1-79	23588-87-6
2-1-79	237755-05-4
2-1-79	24325-23-3
2-1-79	24363-37-9
2-1-79	24378-32-3
2-1-79	24530-53-8
2-1-79	24557-04-8
2-1-79	2457-01-4
2-1-79	24777-23-9
2-1-79	24871-38-3
2-1-79	25070-31-9
2-1-79	25105-31-1
2-1-79	25165-45-1
2-1-79	25417-81-6
2-1-79	25619-56-1
2-1-79	25737-53-5
2-1-79	26124-86-7
2-1-79	26205-08-3
2-1-79	26264-65-3
2-1-79	2636-14-8
2-1-79	2636-16-0
2-1-79	2636-17-1
2-1-79	2636-18-2
2-1-79	26603-62-3
2-1-79	26655-43-6
2-1-79	26763-02-0
2-1-79	2678-41-3
2-1-79	26946-37-2
2-1-79	27133-66-0
2-1-79	27184-78-7
2-1-79	27195-98-8
2-1-79	2794-60-7
2-1-79	27959-78-0
2-1-79	28575-89-5
2-1-79	28675-72-1
2-1-79	28987-17-9
2-1-79	2914-19-4
2-1-79	2914-23-0
2-1-79	29152-54-3
2-1-79	29202-49-1
2-1-79	29879-10-5
2-1-79	30259-97-3
2-1-79	30276-82-5
2-1-79	30848-25-0
2-1-79	30910-35-1
2-1-79	31142-87-7
2-1-79	31278-65-6
2-1-79	31416-33-8
2-1-79	32458-20-1
2-1-79	32694-96-5
2-1-79	32694-96-5
2-1-79	32915-78-9
2-1-79	32915-79-0
2-1-79	333390-86-6
2-1-79	33429-48-0
2-1-79	33660-59-2
2-1-79	336879-43-7
2-1-79	33878-10-3
2-1-79	34079-63-5
2-1-79	34296-07-6
2-1-79	349652-31-9
2-1-79	35112-53-9
2-1-79	358369-13-8
2-1-79	359427-90-0
2-1-79	36211-43-5
2-1-79	36596-55-1
2-1-79	36885-31-1
2-1-79	37131-86-5
2-1-79	37185-09-4
2-1-79	37228-06-1
2-1-79	37265-86-4
2-1-79	37305-89-8
2-1-79	374783-70-7
2-1-79	37672-83-6
2-1-79	3781-57-5
2-1-79	378253-37-3
2-1-79	378253-38-4
2-1-79	378253-39-5
2-1-79	38952-49-7
2-1-79	38952-51-1
2-1-79	39278-27-8
2-1-79	39292-02-9
2-1-79	39317-51-6
2-1-79	39326-66-4
2-1-79	39416-30-3
2-1-79	3955-25-7
2-1-79	40226-30-0
2-1-79	40436-88-2
2-1-79	41157-58-8
2-1-79	41157-62-4
2-1-79	412932-53-7
2-1-79	41407-36-7
2-1-79	4198-47-4
2-1-79	422550-51-4
2-1-79	42579-89-5
2-1-79	438568-53-7
2-1-79	4696-54-2
2-1-79	4696-57-5
2-1-79	4722-99-0
2-1-79	5015-38-3
2-1-79	501680-79-1
2-1-79	502165-56-2
2-1-79	50326-33-5
2-1-79	50864-67-0
2-1-79	51198-70-0
2-1-79	512-25-4
2-1-79	513-77-9
2-1-79	515-72-0
2-1-79	516-02-9
2-1-79	5160-02-1
2-1-79	51956-33-3
2-1-79	52019-27-9
2-1-79	52233-42-8
2-1-79	52296-79-4
2-1-79	52337-77-6
2-1-79	52627-68-6
2-1-79	52682-64-1
2-1-79	52788-96-2
2-1-79	5280-69-3
2-1-79	52869-91-7
2-1-79	52869-93-9
2-1-79	52869-94-0
2-1-79	52907-83-2
2-1-79	52934-88-0
2-1-79	53187-11-4
2-1-79	533-00-6
2-1-79	53652-94-1
2-1-79	53823-70-4
2-1-79	53823-72-6
2-1-79	53887-44-8
2-1-79	541-43-5
2-1-79	54241-05-3
2-1-79	543-80-6
2-1-79	54723-39-6
2-1-79	54983-00-5
2-1-79	54983-89-0
2-1-79	55134-50-4
2-1-79	55135-58-5
2-1-79	55172-98-0
2-1-79	55396-27-5
2-1-79	554402-75-4
2-1-79	55482-31-0
2-1-79	55508-12-8
2-1-79	55719-88-5
2-1-79	56141-33-4
2-1-79	56900-15-3
2-1-79	57158-15-3
2-1-79	58090-82-7
2-1-79	5850-87-3
2-1-79	5858-88-8
2-1-79	58823-95-3
2-1-79	58997-79-8
2-1-79	5908-64-5
2-1-79	5908-64-5
2-1-79	5908-77-0
2-1-79	5908-78-1
2-1-79	5908-80-5
2-1-79	5908-81-6
2-1-79	591-65-1
2-1-79	5996-16-7
2-1-79	6035-52-5
2-1-79	6035-54-7
2-1-79	60495-89-8
2-1-79	61013-97-6
2-1-79	61129-40-6
2-1-79	61233-09-8
2-1-79	61745-55-9
2-1-79	61788-50-9
2-1-79	61789-67-1
2-1-79	61790-48-5
2-1-79	6211-24-1
2-1-79	62229-38-3
2-1-79	62312-94-1
2-1-79	62669-65-2
2-1-79	628706-20-7
2-1-79	63387-32-6
2-1-79	6372-81-2
2-1-79	63774-55-0
2-1-79	63981-01-1
2-1-79	64741-36-2
2-1-79	64754-96-7
2-1-79	64755-00-6
2-1-79	64771-73-9
2-1-79	6509-22-4
2-1-79	6548-12-5
2-1-79	65982-93-6
2-1-79	65997-18-4
2-1-79	66104-41-4
2-1-79	66402-68-4
2-1-79	66455-19-4
2-1-79	66589-15-9
2-1-79	66589-16-0
2-1-79	66905-91-7
2-1-79	67340-41-4
2-1-79	67351-97-7
2-1-79	67621-72-1
2-1-79	67627-67-2
2-1-79	67801-01-8
2-1-79	67860-62-2
2-1-79	67874-52-6
2-1-79	67892-38-0
2-1-79	67892-41-5
2-1-79	67892-47-1
2-1-79	67892-50-6
2-1-79	67990-34-5
2-1-79	67990-36-7
2-1-79	68016-36-4
2-1-79	68092-47-7
2-1-79	68131-57-7
2-1-79	68188-14-7
2-1-79	68189-18-4
2-1-79	68189-25-3
2-1-79	68201-15-0
2-1-79	68201-16-1
2-1-79	68201-19-4
2-1-79	683228-79-7
2-1-79	68368-34-3
2-1-79	68368-35-4
2-1-79	68368-36-5
2-1-79	68399-72-4
2-1-79	68399-73-5
2-1-79	68399-74-6
2-1-79	68399-75-7
2-1-79	68400-24-8
2-1-79	68422-67-3
2-1-79	68425-33-2
2-1-79	68442-67-1
2-1-79	68442-84-2
2-1-79	68476-25-5
2-1-79	68478-41-1
2-1-79	68510-98-5
2-1-79	68514-62-5
2-1-79	68515-89-9
2-1-79	68515-91-3
2-1-79	68515-94-6
2-1-79	68552-31-8
2-1-79	68552-44-3
2-1-79	68584-05-4
2-1-79	68584-35-0
2-1-79	68603-10-1
2-1-79	68605-30-1
2-1-79	68610-24-2
2-1-79	68611-66-5
2-1-79	6865-35-6
2-1-79	68698-60-2
2-1-79	68698-63-5
2-1-79	68784-55-4
2-1-79	68784-74-7
2-1-79	68784-75-8
2-1-79	68832-80-4
2-1-79	68855-79-8
2-1-79	68876-83-5
2-1-79	68876-86-8
2-1-79	68876-90-4
2-1-79	68876-91-5
2-1-79	68876-92-6
2-1-79	68879-75-4
2-1-79	68894-03-1
2-1-79	68928-54-1
2-1-79	68929-13-5
2-1-79	68929-14-6
2-1-79	68937-19-9
2-1-79	68953-38-8
2-1-79	68955-79-3
2-1-79	68959-10-4
2-1-79	68987-33-7
2-1-79	69012-49-3
2-1-79	69013-10-1
2-1-79	69128-08-1
2-1-79	69128-10-5
2-1-79	70024-68-9
2-1-79	70084-75-2
2-1-79	7060-14-2
2-1-79	70699-63-7
2-1-79	70729-66-7
2-1-79	70984-10-0
2-1-79	71411-66-0
2-1-79	71411-72-8
2-1-79	71549-80-9
2-1-79	71662-16-3
2-1-79	71735-31-4
2-1-79	71799-66-1
2-1-79	72072-38-9
2-1-79	72162-08-4
2-1-79	72209-03-1
2-1-79	72403-47-5
2-1-79	72765-60-7
2-1-79	72765-61-8
2-1-79	72828-02-5
2-1-79	72828-36-5
2-1-79	72828-41-2
2-1-79	72828-46-7
2-1-79	72828-49-0
2-1-79	72885-34-8
2-1-79	729609-38-5
2-1-79	73384-86-8
2-1-79	73495-36-0
2-1-79	73598-35-3
2-1-79	73612-30-3
2-1-79	73612-32-5
2-1-79	73612-34-7
2-1-79	73612-35-8
2-1-79	73612-37-0
2-1-79	73612-38-1
2-1-79	73612-39-2
2-1-79	736929-82-1
2-1-79	73772-35-7
2-1-79	73830-73-6
2-1-79	74096-75-6
2-1-79	74113-46-5
2-1-79	74129-00-3
2-1-79	74263-38-0
2-1-79	74313-73-8
2-1-79	74920-66-4
2-1-79	75013-56-8
2-1-79	75032-78-9
2-1-79	75033-30-6
2-1-79	75095-11-3
2-1-79	7530-87-2
2-1-79	75522-74-6
2-1-79	75535-28-3
2-1-79	7585-41-3
2-1-79	76479-06-6
2-1-79	76613-71-3
2-1-79	7727-43-7
2-1-79	7787-32-8
2-1-79	7787-33-9
2-1-79	7787-34-0
2-1-79	7787-35-1
2-1-79	7787-36-2
2-1-79	7787-37-3
2-1-79	7787-38-4
2-1-79	7787-39-5
2-1-79	7787-42-0
2-1-79	7787-45-3
2-1-79	7791-28-8
2-1-79	78330-15-1
2-1-79	8006-32-4
2-1-79	8011-62-9
2-1-79	8038-35-5
2-1-79	8046-59-1
2-1-79	8077-30-3
2-1-79	80822-79-3
2-1-79	81064-51-9
2-1-79	81856-06-6
2-1-79	81986-84-7
2-1-79	82469-76-9
2-1-79	83399-82-0
2-1-79	83581-80-0
2-1-79	83588-55-0
2-1-79	83711-36-8
2-1-79	83711-37-9
2-1-79	83711-38-0
2-1-79	83784-02-5
2-1-79	838-91-5
2-1-79	83804-18-6
2-1-79	84029-82-3
2-1-79	84030-33-1
2-1-79	84030-37-5
2-1-79	84030-38-6
2-1-79	84030-39-7
2-1-79	84040-38-0
2-1-79	84066-73-9
2-1-79	84066-74-0
2-1-79	84066-75-1
2-1-79	84315-73-1
2-1-79	84370-80-9
2-1-79	84581-19-1
2-1-79	84604-76-2
2-1-79	84605-21-0
2-1-79	84625-52-5
2-1-79	84681-75-4
2-1-79	84681-80-1
2-1-79	84681-81-2
2-1-79	84682-41-7
2-1-79	84696-57-1
2-1-79	84713-18-8
2-1-79	847870-14-8
2-1-79	847870-27-3
2-1-79	84843-17-4
2-1-79	84878-35-3
2-1-79	84929-85-1
2-1-79	85005-78-3
2-1-79	85005-81-8
2-1-79	85005-86-3
2-1-79	85005-87-4
2-1-79	85017-88-5
2-1-79	85049-40-7
2-1-79	85117-00-6
2-1-79	85117-59-5
2-1-79	85186-32-9
2-1-79	85186-44-3
2-1-79	852178-29-1
2-1-79	85391-55-5
2-1-79	855843-82-2
2-1-79	85586-14-7
2-1-79	85665-49-2
2-1-79	85702-49-4
2-1-79	85702-73-4
2-1-79	85711-82-6
2-1-79	85721-16-0
2-1-79	85721-17-1
2-1-79	85853-87-8
2-1-79	859505-07-0
2-1-79	85959-43-9
2-1-79	85959-44-0
2-1-79	860389-90-8
2-1-79	892125-11-0
2-1-79	9019-41-4
2-1-79	90194-48-2
2-1-79	90219-01-5
2-1-79	90507-06-5
2-1-79	90669-53-7
2-1-79	90669-55-9
2-1-79	91002-05-0
2-1-79	91002-06-1
2-1-79	91002-07-2
2-1-79	91051-36-4
2-1-79	91648-03-2
2-1-79	91696-67-2
2-1-79	91696-72-9
2-1-79	91697-34-6
2-1-79	91722-00-8
2-1-79	91783-02-7
2-1-79	91844-56-3
2-1-79	91844-57-4
2-1-79	92044-82-1
2-1-79	92044-97-8
2-1-79	92045-02-8
2-1-79	92200-78-7
2-1-79	923-14-8
2-1-79	928048-64-0
2-1-79	93028-28-5
2-1-79	93028-52-5
2-1-79	93165-93-6
2-1-79	932697-96-6
2-1-79	93384-78-2
2-1-79	93686-39-6
2-1-79	93762-40-4
2-1-79	93763-14-5
2-1-79	93763-61-2
2-1-79	93778-54-2
2-1-79	93803-91-9
2-1-79	93820-55-4
2-1-79	93820-56-5
2-1-79	93820-61-2
2-1-79	93820-62-3
2-1-79	93840-72-3
2-1-79	93843-12-0
2-1-79	93858-65-2
2-1-79	93904-98-4
2-1-79	93922-04-4
2-1-79	93925-26-9
2-1-79	93942-60-0
2-1-79	93965-23-2
2-1-79	93965-28-7
2-1-79	93965-35-6
2-1-79	94006-29-8
2-1-79	94030-87-2
2-1-79	94109-21-4
2-1-79	942045-70-7
2-1-79	94276-85-4
2-1-79	94313-94-7
2-1-79	94481-49-9
2-1-79	94552-01-9
2-1-79	94891-40-4
2-1-79	95008-97-2
2-1-79	95009-10-2
2-1-79	950582-72-6
2-1-79	95465-85-3
2-1-79	95905-86-5
2-1-79	96041-58-6
2-1-79	96119-78-7
2-1-79	97158-14-0
2-1-79	97158-16-2
2-1-79	97158-26-4
2-1-79	97280-67-6
2-1-79	97358-83-3
2-1-79	97358-84-4
2-1-79	97403-84-4
2-1-79	97435-20-6
2-1-79	97435-22-8
2-1-79	97468-35-4
2-1-79	97488-85-2
2-1-79	97560-32-2
2-1-79	97675-23-5
2-1-79	97675-41-7
2-1-79	97862-22-1
2-1-79	98072-16-3
2-1-79	98072-62-9
2-1-79	98072-63-0
2-1-79	98219-71-7
2-1-79	98246-90-3
2-1-79	98493-34-6
2-1-79	98493-36-8
2-1-79	98978-64-4
2-1-79	99035-55-9
2-1-79	99328-50-4
2-1-79	99328-54-8
2-1-79	99548-93-3
2-1-79	99587-10-7
2-1-79	99784-43-7
2-1-79	P-02-0999
2-1-79	P-82-0246
2-1-79	P-83-0837
2-1-79	P-83-1307
2-1-79	P-87-0765
2-1-79	P-88-1050
2-1-79	P-89-0772
2-1-79	P-98-0298
2-1-79	P-98-0453
2-1-79	RR-00049-7
2-1-79	RR-00161-6
2-1-79	RR-00555-0
2-1-79	RR-04796-1
2-1-79	RR-142272-6
2-1-79	RR-24191-8
2-1-79	RR-24294-4
2-1-79	RR-24298-8
2-1-79	RR-24424-6
2-1-79	RR-24582-9
2-1-79	RR-30371-9
2-1-79	RR-30402-9
2-1-79	RR-31149-9
2-1-79	RR-31813-8
2-1-79	RR-31950-6
2-1-79	RR-31951-7
2-1-79	RR-31954-0
2-1-79	RR-32700-4
2-1-79	RR-40755-6
2-1-79	RR-40972-3
2-1-79	RR-40973-4
2-1-79	RR-41419-7
2-1-79	RR-42813-7
2-1-79	UN0224
2-1-79	UN1445
2-1-79	UN1446
2-1-79	UN1447
2-1-79	UN1448
2-1-79	UN1449
2-1-79	UN1564
2-1-79	UN1571
2-1-79	UN1884
2-1-79	UN2719
2-1-79	UN2741
2-1-79	UN3405
2-1-79	UN3406
2-1-8	1252662-61-5
2-1-8	125888-87-1
2-1-8	1269620-59-8
2-1-8	1313584-68-7
2-1-8	132103-60-7
2-1-8	1336-21-6
2-1-8	1398052-85-1
2-1-8	16393-49-0
2-1-8	178115-93-0
2-1-8	208990-07-2
2-1-8	214478-05-4
2-1-8	558443-52-0
2-1-8	7664-41-7
2-1-8	8007-57-6
2-1-8	UN1005
2-1-8	UN2073
2-1-8	UN2672
2-1-8	UN3318
2-1-8-2	4439-24-1
2-1-80	101671-90-3
2-1-80	11077-21-7
2-1-80	131-74-8
2-1-80	146-84-9
2-1-80	14866-25-2
2-1-80	16047-08-8
2-1-80	16824-78-5
2-1-80	16824-81-0
2-1-80	18390-55-1
2-1-80	20255-23-6
2-1-80	2450-57-9
2-1-80	2475-58-3
2-1-80	25721-38-4
2-1-80	3324-58-1
2-1-80	340127-82-4
2-1-80	34069-88-0
2-1-80	4041-41-2
2-1-80	405108-60-3
2-1-80	573-83-1
2-1-80	6138-32-5
2-1-80	73771-13-8
2-1-80	74893-78-0
2-1-80	914-45-4
2-1-80	RR-02550-3
2-1-80	UN0004
2-1-80-2	105093-20-7
2-1-80-2	110670-33-2
2-1-80-2	112-24-3
2-1-80-2	1309612-46-1
2-1-80-2	1404190-34-6
2-1-80-2	14175-14-5
2-1-80-2	150139-02-9
2-1-80-2	193487-08-0
2-1-80-2	39421-77-7
2-1-80-2	71124-11-3
2-1-80-2	801997-18-2
2-1-80-2	UN2259
2-1-80-3	1179814-34-6
2-1-80-3	298-07-7
2-1-80-4	95465-99-9
2-1-80-5	10217-52-4
2-1-80-5	65209-65-6
2-1-80-5	65492-74-2
2-1-80-5	7803-57-8
2-1-80-5	79785-97-0
2-1-80-6	109-84-2
2-1-80-6	38271-52-2
2-1-80-6	856640-34-1
2-1-80-6	RR-16446-5
2-1-80-7	110518-19-9
2-1-80-7	120-91-2
2-1-80-7	583-91-5
2-1-80-7	96661-25-5
2-1-81	7803-49-8
2-1-82	10039-54-0
2-1-82	10046-00-1
2-1-82	1085697-83-1
2-1-82	120893-78-9
2-1-82	1257422-90-4
2-1-82	13465-08-2
2-1-82	135484-95-6
2-1-82	13973-61-0
2-1-82	15588-62-2
2-1-82	17256-78-9
2-1-82	18891-24-2
2-1-82	19098-16-9
2-1-82	20845-01-6
2-1-82	22606-42-4
2-1-82	2950-43-8
2-1-82	379722-73-3
2-1-82	4682-08-0
2-1-82	53933-48-5
2-1-82	5470-11-1
2-1-82	58888-47-4
2-1-82	90901-32-9
2-1-82	RR-04538-5
2-1-82	UN2865
2-1-82-2	1229193-78-5
2-1-82-2	153631-60-8
2-1-82-2	88-12-0
2-1-82-2	94800-10-9
2-1-83	3901-59-5
2-1-83	494-52-0
2-1-83	RR-54591-5
2-1-83-2	120-80-9
2-1-83-2	16474-89-8
2-1-83-2	16474-90-1
2-1-83-2	19481-10-8
2-1-83-2	37349-32-9
2-1-83-3	3691-35-8
2-1-84	108-45-2
2-1-84	1266121-34-9
2-1-84	1274866-89-5
2-1-84	13652-74-9
2-1-84	16245-77-5
2-1-84	25265-76-3
2-1-84	39145-59-0
2-1-84	541-69-5
2-1-84	541-70-8
2-1-84	55972-71-9
2-1-84	58180-28-2
2-1-84	615-28-1
2-1-84	624-18-0
2-1-84	95-54-5
2-1-84	RR-04048-2
2-1-84	RR-04196-3
2-1-84	RR-07313-2
2-1-84	RR-16441-0
2-1-84	UN1673
2-1-85	108-95-2
2-1-85	13127-88-3
2-1-85	14534-23-7
2-1-85	50356-25-7
2-1-85	8002-07-1
2-1-85	UN2312
2-1-85-10	96489-71-3
2-1-85-11	27949-52-6
2-1-85-12	119168-77-3
2-1-85-13	88-60-8
2-1-85-14	102089-31-6
2-1-85-14	12125-01-8
2-1-85-14	124633-37-0
2-1-85-14	1256490-43-3
2-1-85-14	133332-88-4
2-1-85-14	153985-02-5
2-1-85-14	15818-75-4
2-1-85-14	16099-75-5
2-1-85-14	161288-32-0
2-1-85-14	178115-94-1
2-1-85-14	204322-87-2
2-1-85-14	215303-13-2
2-1-85-14	357290-87-0
2-1-85-14	502760-32-9
2-1-85-14	70786-97-9
2-1-85-14	950196-00-6
2-1-85-14	UN2505
2-1-85-15	39287-69-9
2-1-85-15	59217-75-3
2-1-85-15	67112-29-2
2-1-85-15	7681-49-4
2-1-85-15	UN1690
2-1-85-15	UN3415
2-1-85-2	80060-09-9
2-1-85-3	65907-30-4
2-1-85-4	134098-61-6
2-1-85-5	1118-46-3
2-1-85-6	767-10-2
2-1-85-7	120928-09-8
2-1-85-8	28449-95-8
2-1-85-8	89-72-5
2-1-85-8	96346-15-5
2-1-85-9	88-18-6
2-1-86	2079-00-7
2-1-87	3513-03-9
2-1-87	51268-85-0
2-1-87	52009-45-7
2-1-87	52009-46-8
2-1-87	53890-98-5
2-1-87	RR-16431-8
2-1-87-2	101324-32-7
2-1-87-2	1087723-67-8
2-1-87-2	1195340-33-0
2-1-87-2	1195623-19-8
2-1-87-2	145428-94-0
2-1-87-2	193198-03-7
2-1-87-2	357-57-3
2-1-87-2	38741-38-7
2-1-87-2	462651-43-0
2-1-87-2	4845-99-2
2-1-87-2	54193-32-7
2-1-87-2	5786-96-9
2-1-87-2	5786-97-0
2-1-87-2	5892-11-5
2-1-87-2	60583-39-3
2-1-87-2	60583-39-3
2-1-87-2	652154-10-4
2-1-87-2	70206-61-0
2-1-87-2	71908-57-1
2-1-87-2	RR-06980-7
2-1-87-2	UN1570
2-1-87-3	598-31-2
2-1-87-3	UN1569
2-1-88	10035-10-6
2-1-88	62140-56-1
2-1-88	UN1048
2-1-88	UN1788
2-1-88-2	1361252-19-8
2-1-88-2	1519044-64-4
2-1-88-2	74-83-9
2-1-88-2	UN1062
2-1-88-3	109-70-6
2-1-88-3	UN2688
2-1-88-4	111872-58-3
2-1-89	12622-75-2
2-1-89	17301-10-9
2-1-89	3039-00-7
2-1-89	33648-22-5
2-1-89	59029-57-1
2-1-89	60-57-1
2-1-9	114-26-1
2-1-9-2	2631-40-5
2-1-90	20437-97-2
2-1-90	25897-48-7
2-1-90	319-84-6
2-1-90	319-85-7
2-1-90	319-86-8
2-1-90	53529-37-6
2-1-90	55963-79-6
2-1-90	58-89-9
2-1-90	60291-32-9
2-1-90	608-73-1
2-1-90	6108-10-7
2-1-90	6108-11-8
2-1-90	6108-12-9
2-1-90	6108-13-0
2-1-90	8007-42-9
2-1-90	8073-23-2
2-1-90	89609-19-8
2-1-91	309-00-2
2-1-91-2	133394-59-9
2-1-91-2	243121-01-9
2-1-91-2	280144-19-6
2-1-91-2	53192-27-1
2-1-91-2	57350-77-3
2-1-91-2	63525-90-6
2-1-91-2	66368-96-5
2-1-91-2	822-06-0
2-1-91-2	824958-44-3
2-1-91-2	88357-62-4
2-1-91-2	UN2281
2-1-91-3	142-62-1
2-1-91-3	53896-26-7
2-1-91-3	UN2829
2-1-91-4	124-09-4
2-1-91-4	UN1783
2-1-92	135-19-3
2-1-92	860440-31-9
2-1-92-2	111-14-8
2-1-92-3	100-20-9
2-1-92-3	106158-15-0
2-1-92-3	108454-76-8
2-1-92-3	188665-55-6
2-1-92-4	1258517-80-4
2-1-92-4	98-88-4
2-1-92-4	UN1736
2-1-93	23720-59-4
2-1-93	37229-06-4
2-1-93	68961-31-9
2-1-93	76-44-8
2-1-94	101802-54-4
2-1-94	1135443-67-2
2-1-94	39390-77-7
2-1-94	87-86-5
2-1-94	UN3155
2-1-95	123333-54-0
2-1-95	131-52-2
2-1-95	172201-30-8
2-1-95	23063-51-6
2-1-95	27735-63-3
2-1-95	27735-64-4
2-1-95	2917-31-9
2-1-95	2917-32-0
2-1-95	32978-79-3
2-1-95	55868-72-9
2-1-95	73680-69-0
2-1-95	7778-73-6
2-1-95	87-76-3
2-1-95	RR-01965-8
2-1-95	UN2567
2-1-95-2	109-52-4
2-1-95-2	12124-87-7
2-1-96	102931-96-4
2-1-96	10379-90-5
2-1-96	1056477-09-8
2-1-96	106372-94-5
2-1-96	107264-09-5
2-1-96	107758-58-7
2-1-96	109532-46-9
2-1-96	109604-88-8
2-1-96	109704-86-1
2-1-96	1178564-64-1
2-1-96	120317-02-4
2-1-96	12170-19-3
2-1-96	122141-73-5
2-1-96	12307-40-3
2-1-96	1262801-47-7
2-1-96	12692-95-4
2-1-96	12710-06-4
2-1-96	12712-39-9
2-1-96	12712-70-8
2-1-96	127408-00-8
2-1-96	127486-87-7
2-1-96	1282-37-7
2-1-96	1283-58-5
2-1-96	129211-47-8
2-1-96	1303-67-9
2-1-96	1303-68-0
2-1-96	133097-00-4
2-1-96	1335150-88-3
2-1-96	133951-38-9
2-1-96	1352828-70-6
2-1-96	13755-29-8
2-1-96	13767-36-7
2-1-96	13773-00-7
2-1-96	138-88-5
2-1-96	13814-93-2
2-1-96	13814-96-5
2-1-96	13814-97-6
2-1-96	13814-98-7
2-1-96	13826-83-0
2-1-96	13826-86-3
2-1-96	13826-88-5
2-1-96	13862-62-9
2-1-96	13877-16-2
2-1-96	140148-87-4
2-1-96	14075-53-7
2-1-96	14104-17-7
2-1-96	14104-20-2
2-1-96	1414852-51-9
2-1-96	1423809-66-8
2-1-96	14283-07-9
2-1-96	14283-93-3
2-1-96	14323-64-9
2-1-96	14323-65-0
2-1-96	1438896-92-4
2-1-96	14486-19-2
2-1-96	14486-20-5
2-1-96	14635-75-7
2-1-96	14650-00-1
2-1-96	14708-11-3
2-1-96	14708-13-5
2-1-96	14708-14-6
2-1-96	14735-84-3
2-1-96	14874-10-3
2-1-96	15003-70-0
2-1-96	15283-51-9
2-1-96	154960-10-8
2-1-96	15684-35-2
2-1-96	15684-36-3
2-1-96	15819-03-1
2-1-96	15930-18-4
2-1-96	1602495-57-7
2-1-96	1631149-30-8
2-1-96	168278-04-4
2-1-96	16872-11-0
2-1-96	172018-47-2
2-1-96	172515-29-6
2-1-96	172908-18-8
2-1-96	176046-02-9
2-1-96	17747-81-8
2-1-96	181797-81-9
2-1-96	183135-74-2
2-1-96	1868-76-4
2-1-96	188920-96-9
2-1-96	188920-97-0
2-1-96	18909-69-8
2-1-96	191665-41-5
2-1-96	19708-89-5
2-1-96	21797-13-7
2-1-96	2248-34-2
2-1-96	2367-19-3
2-1-96	24564-52-1
2-1-96	25912-95-2
2-1-96	26156-84-3
2-1-96	26490-63-1
2-1-96	26522-24-7
2-1-96	27081-10-3
2-1-96	27494-85-5
2-1-96	27519-39-7
2-1-96	27765-48-6
2-1-96	27860-83-9
2-1-96	28535-03-7
2-1-96	29462-57-5
2-1-96	30684-36-7
2-1-96	30744-82-2
2-1-96	307492-75-7
2-1-96	33462-80-5
2-1-96	33462-81-6
2-1-96	33678-01-2
2-1-96	33727-95-6
2-1-96	338-38-5
2-1-96	341-02-6
2-1-96	34216-27-8
2-1-96	347-46-6
2-1-96	350009-05-1
2-1-96	35254-34-3
2-1-96	36422-95-4
2-1-96	36490-77-4
2-1-96	36576-70-2
2-1-96	368-39-8
2-1-96	36835-64-0
2-1-96	38347-42-1
2-1-96	38465-60-0
2-1-96	387-41-7
2-1-96	398-69-6
2-1-96	39963-03-6
2-1-96	40894-88-0
2-1-96	41113-59-1
2-1-96	41322-34-3
2-1-96	420-37-1
2-1-96	42559-34-2
2-1-96	42590-03-4
2-1-96	426-79-9
2-1-96	429-06-1
2-1-96	429-42-5
2-1-96	44236-30-8
2-1-96	448-61-3
2-1-96	456-27-9
2-1-96	456-39-3
2-1-96	4611-62-5
2-1-96	496925-14-5
2-1-96	4979-72-0
2-1-96	50543-78-7
2-1-96	53663-13-1
2-1-96	547767-06-6
2-1-96	55805-58-8
2-1-96	57842-27-0
2-1-96	5799-67-7
2-1-96	58672-61-0
2-1-96	6098-53-9
2-1-96	61063-76-1
2-1-96	63212-53-3
2-1-96	65814-43-9
2-1-96	661-36-9
2-1-96	67116-13-6
2-1-96	673-40-5
2-1-96	67969-83-9
2-1-96	72802-72-3
2-1-96	74618-51-2
2-1-96	74912-23-5
2-1-96	75117-80-5
2-1-96	77794-93-5
2-1-96	79255-71-3
2-1-96	79288-94-1
2-1-96	81586-24-5
2-1-96	84196-04-3
2-1-96	845825-70-9
2-1-96	85371-59-1
2-1-96	88314-57-2
2-1-96	89147-30-8
2-1-96	900178-90-7
2-1-96	92880-60-9
2-1-96	954128-25-7
2-1-96	96958-96-2
2-1-96	98259-34-8
2-1-96	RR-16443-2
2-1-96	UN1775
2-1-96-2	1135443-40-1
2-1-96-2	13598-36-2
2-1-97	1053659-79-2
2-1-97	112068-71-0
2-1-97	1156543-56-4
2-1-97	1158237-02-5
2-1-97	1227476-28-9
2-1-97	1416946-65-0
2-1-97	1609158-91-9
2-1-97	1664-98-8
2-1-97	50-00-0
2-1-97	8005-38-7
2-1-97	8006-07-3
2-1-97	8013-13-6
2-1-98	12324-05-9
2-1-98	12324-08-2
2-1-98	1333-82-0
2-1-98	UN1463
2-1-98-10	119775-09-6
2-1-98-10	1391413-98-1
2-1-98-10	42939-70-8
2-1-98-10	74-89-5
2-1-98-10	85404-17-7
2-1-98-10	UN1061
2-1-98-11	556-61-6
2-1-98-11	UN2477
2-1-98-12	2631-37-0
2-1-98-12	31677-56-2
2-1-98-12	4111-89-1
2-1-98-13	135311-02-3
2-1-98-13	78-93-3
2-1-98-13	UN1193
2-1-98-2	108-24-7
2-1-98-2	16649-49-3
2-1-98-2	UN1715
2-1-98-3	108-31-6
2-1-98-3	1190407-73-8
2-1-98-3	1229972-04-6
2-1-98-3	1380217-40-2
2-1-98-3	184288-31-1
2-1-98-3	UN2215
2-1-98-4	1338439-16-9
2-1-98-4	463311-95-7
2-1-98-4	562836-84-4
2-1-98-4	79-41-4
2-1-98-4	UN2531
2-1-98-5	1032826-40-6
2-1-98-5	105659-35-6
2-1-98-5	72901-37-2
2-1-98-5	72901-38-3
2-1-98-5	72901-40-7
2-1-98-5	72901-41-8
2-1-98-5	72901-42-9
2-1-98-5	7803-55-6
2-1-98-5	UN2859
2-1-98-6	5902-95-4
2-1-98-6	6423-72-9
2-1-98-7	33972-75-7
2-1-98-7	6585-53-1
2-1-98-8	1129867-34-0
2-1-98-8	115449-98-4
2-1-98-8	125756-91-4
2-1-98-8	44209-64-5
2-1-98-8	44209-72-5
2-1-98-8	62203-24-1
2-1-98-8	75-75-2
2-1-98-8	87128-90-3
2-1-98-8	98527-29-8
2-1-98-9	97-65-4
2-1-99	3942-54-9
2-1-99-2	19750-95-9
2-1-99-2	6164-98-3
2-1-99-2	RR-16439-6
2-1-99-3	175013-18-0
2-1-99-4	2346-99-8
2-1-99-5	6465-92-5
2-1-99-6	16079-37-1
2-1-99-6	18984-32-2
2-1-99-7	23135-22-0
2-1-99-8	66952-49-6
2-1-99-9	1135442-75-9
2-1-99-9	41814-78-2
