001-001-00-9	1333-74-0
001-002-00-4	16853-85-3
001-003-00-X	7646-69-7
001-004-00-5	7789-78-8
003-001-00-4	7439-93-2
003-002-00-X	21369-64-2
003-003-00-5	920-36-5
004-001-00-7	7440-41-7
004-002-00-2	RR-00557-2
004-003-00-8	1304-56-9
005-001-00-X	7637-07-2
005-002-00-5	10294-34-5
005-003-00-0	10294-33-4
005-004-00-6	RR-58674-3
005-004-01-3	RR-58675-4
005-005-00-1	121-43-7
005-006-00-7	75113-37-0
005-007-00-2	10043-35-3
005-007-00-2	11113-50-1
005-008-00-8	1303-86-2
005-009-00-3	120307-06-4
005-010-00-9	118612-00-3
005-011-00-4	12179-04-3
005-011-00-4	12267-73-1
005-011-00-4	1303-96-4
005-011-00-4	1330-43-4
005-011-00-4	13840-56-7
005-012-00-X	141714-54-7
005-013-00-5	7397-46-8
005-014-00-0	87199-17-5
005-015-00-6	140681-55-6
005-016-00-1	RR-17315-9
005-020-00-3	12008-41-2
005-020-00-3	12280-03-4
005-022-00-4	10332-33-9
005-022-00-4	11138-47-9
005-022-00-4	12040-72-1
005-022-00-4	15120-21-5
005-023-00-X	10486-00-7
005-023-00-X	13517-20-9
005-023-00-X	37244-98-7
005-023-00-X	RR-128399-4
005-024-00-5	7632-04-4
006-001-00-2	630-08-0
006-002-00-8	75-44-5
006-003-00-3	75-15-0
006-004-00-9	75-20-7
006-005-00-4	137-26-8
006-006-00-X	74-90-8
006-006-01-7	RR-07078-0
006-007-00-5	RR-04817-9
006-008-00-0	86-88-4
006-009-00-6	119-38-0
006-010-00-1	122-15-6
006-011-00-7	63-25-2
006-012-00-2	137-30-4
006-013-00-8	137-42-8
006-014-00-3	142-59-6
006-015-00-9	330-54-1
006-016-00-4	114-26-1
006-017-00-X	116-06-3
006-018-00-5	2032-59-9
006-019-00-0	2303-16-4
006-020-00-6	101-27-9
006-021-00-1	330-55-2
006-022-00-7	1563-67-3
006-023-00-2	2032-65-7
006-024-00-8	140-93-2
006-025-00-3	28434-00-6
006-025-00-3	584-79-2
006-025-00-3	84030-86-4
006-026-00-9	1563-66-2
006-028-00-X	973-21-7
006-029-00-5	6988-21-2
006-030-00-0	759-94-4
006-031-00-6	22259-30-9
006-032-00-1	1746-81-2
006-033-00-7	19937-59-8
006-034-00-2	1114-71-2
006-035-00-8	23103-98-2
006-036-00-3	1929-88-0
006-037-00-9	2631-37-0
006-038-00-4	95-06-7
006-039-00-X	2303-17-5
006-040-00-5	2532-43-6
006-041-00-0	79-44-7
006-042-00-6	150-68-5
006-043-00-1	140-41-0
006-044-00-7	34123-59-6
006-045-00-2	16752-77-5
006-046-00-8	22781-23-3
006-047-00-3	8065-36-9
006-048-00-9	29973-13-5
006-049-00-4	502-55-6
006-050-00-X	4482-55-7
006-051-00-5	14484-64-1
006-052-00-0	23422-53-9
006-053-00-6	2631-40-5
006-054-00-1	315-18-4
006-055-00-7	2425-10-7
006-056-00-2	1129-41-5
006-057-00-8	1929-82-4
006-058-00-3	2163-79-3
006-059-00-9	23135-22-0
006-060-00-4	5259-88-1
006-061-00-X	19622-19-6
006-062-00-5	1918-18-9
006-063-00-0	28249-77-6
006-064-00-6	39196-18-4
006-065-00-1	15271-41-7
006-066-00-7	1929-77-7
006-067-00-2	2655-14-3
006-068-00-8	334-88-3
006-069-00-3	23564-05-8
006-070-00-9	60568-05-0
006-071-00-4	87731-18-8
006-072-00-X	52888-80-9
006-073-00-5	31506-43-1
006-074-00-0	2094-99-7
006-076-00-1	8018-01-7
006-077-00-7	12427-38-2
006-078-00-2	12122-67-7
006-079-00-8	97-77-8
006-080-00-3	97-74-5
006-081-00-9	136-23-2
006-082-00-4	14324-55-1
006-083-00-X	34681-10-2
006-084-00-5	55285-14-8
006-085-00-0	3766-81-2
006-086-00-6	72490-01-8
006-087-00-1	65907-30-4
006-088-00-7	82560-54-1
006-090-00-8	88558-41-2
006-091-00-3	9016-72-2
006-092-00-9	98737-29-2
006-093-00-4	239446-62-9
006-094-00-X	103122-66-3
006-095-00-5	39148-24-8
006-096-00-0	101-21-3
006-097-00-6	13909-63-2
006-098-00-1	134575-17-0
006-099-00-7	232938-43-1
006-101-00-6	RR-04477-9
006-102-00-1	109202-58-6
006-103-00-7	RR-63047-7
006-104-00-2	RR-193200-9
007-001-00-5	7664-41-7
007-001-01-2	1336-21-6
007-002-00-0	10102-44-0
007-002-00-0	10544-72-6
007-003-00-6	999-81-5
007-004-00-1	7697-37-2
007-006-00-2	109-95-5
007-007-00-8	625-58-1
007-008-00-3	302-01-2
007-009-00-9	3129-91-7
007-010-00-4	7632-00-0
007-011-00-X	7758-09-0
007-012-00-5	57-14-7
007-013-00-0	540-73-8
007-014-00-6	RR-02093-9
007-015-00-1	624-86-2
007-016-00-7	544-16-1
007-017-00-2	542-56-3
007-018-00-8	924-43-6
007-019-00-3	540-80-7
007-020-00-9	110-46-3
007-020-00-9	463-04-7
007-020-00-9	RR-17568-8
007-021-00-4	122-66-7
007-022-00-X	148434-03-1
007-023-00-5	121216-78-2
007-024-00-0	36362-09-1
007-025-00-6	81880-96-8
007-026-00-1	122035-71-6
007-027-00-7	771478-66-1
007-028-00-2	13465-08-2
007-029-00-8	95500-19-9
007-030-00-3	RR-183556-9
007-031-00-9	10024-97-2
008-001-00-8	7782-44-7
008-003-00-9	7722-84-1
008-004-00-4	10028-15-6
009-001-00-0	7782-41-4
009-002-00-6	7664-39-3
009-003-00-1	RR-07083-7
009-004-00-7	7681-49-4
009-005-00-2	7789-23-3
009-006-00-8	12125-01-8
009-007-00-3	1333-83-1
009-008-00-9	7789-29-9
009-009-00-4	1341-49-7
009-010-00-X	16872-11-0
009-011-00-5	16961-83-4
009-012-00-0	16871-90-2
009-012-00-0	16893-85-9
009-012-00-0	16919-19-0
009-013-00-6	RR-00314-5
009-014-00-1	25808-74-6
009-015-00-7	2699-79-8
009-016-00-2	13775-53-6
009-016-00-2	15096-52-3
009-017-00-8	12091-08-6
009-018-00-3	16949-65-8
011-001-00-0	7440-23-5
011-002-00-6	1310-73-2
011-003-00-1	1313-60-6
011-004-00-7	26628-22-8
011-005-00-2	497-19-8
011-006-00-8	917-61-3
011-007-00-3	181274-15-7
012-001-00-3	7439-95-4
012-002-00-9	RR-36659-6
012-002-00-9	RR-54613-4
012-003-00-4	RR-00568-5
012-004-00-X	136618-51-4
013-001-00-6	RR-00019-1
013-002-00-1	7429-90-5
013-003-00-7	7446-70-0
013-004-00-2	RR-00022-6
013-005-00-8	55426-95-4
013-006-00-3	149057-70-5
013-007-00-9	138360-92-6
013-008-00-4	7585-14-0
013-009-00-X	RR-11655-2
013-010-00-5	151841-65-5
014-001-00-9	10025-78-2
014-002-00-4	10026-04-7
014-003-00-X	75-78-5
014-004-00-5	75-79-6
014-005-00-0	78-10-4
014-006-00-6	101804-03-9
014-007-00-1	17980-47-1
014-008-00-7	85491-26-5
014-009-00-2	111439-76-0
014-010-00-8	6834-92-0
014-011-00-3	17865-32-6
014-012-00-9	82985-35-1
014-013-00-4	164578-16-9
014-014-00-X	37894-46-5
014-015-00-5	69430-40-6
014-016-00-0	RR-06996-5
014-017-00-6	85509-19-9
014-018-00-1	556-67-2
014-019-00-7	RR-06971-6
014-020-00-2	53863-99-3
014-021-00-8	52301-18-5
014-022-00-3	RR-07031-5
014-023-00-9	125613-45-8
014-024-00-4	121626-74-2
014-025-00-X	102089-33-8
014-026-00-5	770722-36-6
014-027-00-0	770722-46-8
014-028-00-6	193159-06-7
014-029-00-1	156145-66-3
014-030-00-7	137390-08-0
014-031-00-2	18230-61-0
014-032-00-8	126990-35-0
014-033-00-3	125804-20-8
014-034-00-9	1873-90-1
014-035-00-4	10217-34-2
014-036-00-X	105024-66-6
014-037-00-5	34036-80-1
014-038-00-0	220727-26-4
014-039-00-6	142877-45-0
014-041-00-7	201290-01-9
014-042-00-2	156145-62-9
014-043-00-8	RR-18445-2
014-044-00-3	RR-18526-2
014-045-00-9	56450-90-9
014-046-00-4	RR-145682-2
014-047-00-X	RR-01808-6
014-048-00-5	308076-74-6
014-048-00-5	409-21-2
014-049-00-0	2768-02-7
014-050-00-6	1067-53-4
014-052-00-7	68909-20-6
015-001-00-1	12185-10-3
015-002-00-7	7723-14-0
015-003-00-2	1305-99-3
015-004-00-8	20859-73-8
015-005-00-3	12057-74-8
015-006-00-9	1314-84-7
015-007-00-4	7719-12-2
015-008-00-X	10026-13-8
015-009-00-5	10025-87-3
015-010-00-0	1314-56-3
015-011-00-6	7664-38-2
015-012-00-1	1314-85-8
015-013-00-7	78-40-0
015-014-00-2	126-73-8
015-015-00-8	78-30-8
015-016-00-3	78-32-0
015-019-00-X	62-73-7
015-020-00-5	7786-34-7
015-021-00-0	52-68-6
015-022-00-6	13171-21-6
015-023-00-1	108-34-9
015-024-00-7	1031-47-6
015-025-00-2	107-49-3
015-026-00-8	152-16-9
015-027-00-3	3689-24-5
015-028-00-9	298-03-3
015-029-00-4	126-75-0
015-030-00-X	867-27-6
015-031-00-5	919-86-8
015-032-00-0	2275-18-5
015-033-00-6	298-02-2
015-034-00-1	56-38-2
015-035-00-7	298-00-0
015-036-00-2	2104-64-5
015-037-00-8	2275-14-1
015-038-00-3	56-72-4
015-039-00-9	86-50-0
015-040-00-4	333-41-5
015-041-00-X	121-75-5
015-042-00-5	500-28-7
015-043-00-0	5826-76-6
015-044-00-6	786-19-6
015-045-00-1	2595-54-2
015-046-00-7	301-12-2
015-047-00-2	563-12-2
015-048-00-8	55-38-9
015-049-00-3	2778-04-3
015-050-00-9	640-15-3
015-051-00-4	60-51-5
015-052-00-X	299-84-3
015-053-00-5	78-57-9
015-054-00-0	122-14-5
015-055-00-6	300-76-5
015-056-00-1	2642-71-9
015-057-00-7	2540-82-1
015-058-00-2	144-41-2
015-059-00-8	2275-23-2
015-060-00-3	298-04-4
015-061-00-9	115-26-4
015-062-00-4	371-86-8
015-063-00-X	78-34-2
015-064-00-5	4824-78-6
015-065-00-0	2703-37-9
015-066-00-6	1113-02-6
015-067-00-1	2310-17-0
015-068-00-7	97-17-6
015-069-00-2	950-37-8
015-070-00-8	3734-95-0
015-071-00-3	470-90-6
015-072-00-9	6923-22-4
015-073-00-4	141-66-2
015-074-00-X	299-86-5
015-075-00-5	2635-50-9
015-076-00-0	299-45-6
015-077-00-6	7076-53-1
015-078-00-1	17040-19-6
015-079-00-7	30560-19-1
015-080-00-2	919-76-6
015-081-00-8	3244-90-4
015-082-00-3	5834-96-8
015-083-00-9	741-58-2
015-084-00-4	2921-88-2
015-085-00-X	115-78-6
015-086-00-5	572-48-5
015-087-00-0	2636-26-2
015-088-00-6	10311-84-9
015-089-00-1	116-01-8
015-090-00-7	115-90-2
015-091-00-2	944-22-9
015-092-00-8	4104-14-7
015-093-00-3	21609-90-5
015-094-00-9	950-10-7
015-095-00-4	10265-92-6
015-096-00-X	2497-07-6
015-097-00-5	2597-03-7
015-098-00-0	327-98-0
015-099-00-6	23505-41-1
015-100-00-X	14816-18-3
015-101-00-5	732-11-6
015-102-00-0	115-96-8
015-103-00-6	7789-60-8
015-104-00-1	1314-80-3
015-105-00-7	101-02-0
015-106-00-2	680-31-9
015-107-00-8	13194-48-4
015-108-00-3	2104-96-3
015-109-00-9	7700-17-6
015-110-00-4	13067-93-1
015-111-00-X	947-02-4
015-112-00-5	297-97-2
015-113-00-0	57018-04-9
015-114-00-6	24934-91-6
015-115-00-1	21923-23-9
015-116-00-7	682-80-4
015-117-00-2	2587-90-8
015-118-00-8	8065-48-3
015-119-00-3	3254-63-5
015-120-00-9	5131-24-8
015-121-00-4	17109-49-8
015-122-00-X	38260-54-7
015-123-00-5	22224-92-6
015-124-00-0	21548-32-3
015-125-00-6	2439-99-8
015-126-00-1	23560-59-0
015-127-00-7	26087-47-8
015-128-00-2	5827-05-4
015-129-00-8	25311-71-1
015-130-00-3	36614-38-7
015-131-00-9	18854-01-8
015-132-00-4	953-17-3
015-133-00-X	24151-93-7
015-134-00-5	29232-93-7
015-135-00-0	41198-08-7
015-136-00-6	31218-83-4
015-137-00-1	13457-18-6
015-138-00-7	13593-03-8
015-139-00-2	13071-79-9
015-140-00-8	24017-47-8
015-141-00-3	164907-74-8
015-142-00-9	109037-78-7
015-143-00-4	149057-67-0
015-144-00-X	87025-52-3
015-145-00-5	RR-02604-0
015-146-00-0	255881-94-8
015-147-00-6	RR-02606-2
015-148-00-1	51395-42-7
015-149-00-7	RR-02616-4
015-150-00-2	86608-70-0
015-151-00-8	RR-02583-2
015-152-00-3	3811-49-2
015-153-00-9	42509-80-8
015-154-00-4	16672-87-0
015-155-00-X	77182-82-2
015-156-00-5	30864-28-9
015-156-00-5	62610-77-9
015-157-00-0	10294-56-1
015-157-00-0	13598-36-2
015-158-00-6	32760-80-8
015-159-00-1	23783-26-8
015-160-00-7	58834-75-6
015-161-00-2	65232-89-5
015-162-00-8	RR-03762-7
015-163-00-3	145052-34-2
015-164-00-9	36669-85-9
015-165-00-4	RR-07058-6
015-166-00-X	80693-00-1
015-167-00-5	14657-64-8
015-168-00-0	98886-44-3
015-169-00-6	125792-14-5
015-170-00-1	RR-07084-8
015-171-00-7	126019-82-7
015-172-00-2	RR-06973-8
015-173-00-8	117291-73-3
015-174-00-3	82857-68-9
015-175-00-9	35000-38-5
015-176-00-4	116163-96-3
015-177-00-X	83623-61-4
015-178-00-5	25383-07-7
015-179-00-0	166242-53-1
015-180-00-6	137590-32-0
015-181-00-1	7803-51-2
015-182-00-7	10596-22-2
015-183-00-2	16610-63-2
015-184-00-8	RR-11985-7
015-186-00-9	5598-13-0
015-187-00-4	RR-16541-3
015-189-00-5	162881-26-7
015-190-00-0	154862-43-8
015-191-00-6	27460-02-2
015-193-00-7	332350-93-3
015-194-00-2	220689-12-3
015-195-00-8	RR-18595-5
015-196-00-3	RR-18786-0
015-197-00-9	107667-02-7
015-198-00-4	86552-32-1
015-199-00-X	13674-87-8
015-200-00-3	22398-80-7
015-201-00-9	25155-23-1
015-202-00-4	26523-78-4
015-203-00-X	75980-60-8
015-204-00-5	577705-90-9
015-205-00-0	75768-65-9
015-206-00-6	RR-171582-8
015-207-00-1	RR-171583-9
015-208-00-7	18755-43-6
015-209-00-2	512-56-1
016-001-00-4	7783-06-4
016-002-00-X	21109-95-5
016-003-00-5	50864-67-0
016-004-00-0	20548-54-3
016-005-00-6	1344-81-6
016-006-00-1	1312-73-8
016-007-00-7	37199-66-9
016-008-00-2	9080-17-5
016-009-00-8	1313-82-2
016-010-00-3	1344-08-7
016-011-00-9	7446-09-5
016-012-00-4	10025-67-9
016-013-00-X	10545-99-0
016-014-00-5	13451-08-6
016-015-00-0	7719-09-7
016-016-00-6	7791-25-5
016-017-00-1	7790-94-5
016-018-00-7	7789-21-1
016-019-00-2	RR-07048-4
016-020-00-8	7664-93-9
016-021-00-3	74-93-1
016-022-00-9	75-08-1
016-023-00-4	77-78-1
016-024-00-X	1468-37-7
016-025-00-5	149-26-8
016-026-00-0	5329-14-6
016-027-00-6	64-67-5
016-028-00-1	7775-14-6
016-029-00-7	RR-07059-7
016-030-00-2	104-15-4
016-031-00-8	126-33-0
016-032-00-3	1120-71-4
016-033-00-9	13360-57-1
016-034-00-4	81898-60-4
016-035-00-X	93983-23-4
016-036-00-5	149057-72-7
016-037-00-0	85153-93-1
016-038-00-6	86393-35-3
016-039-00-1	149057-74-9
016-040-00-7	162994-84-5
016-041-00-2	94612-72-3
016-042-00-8	85665-97-0
016-043-00-3	106027-83-2
016-044-00-9	478314-69-1
016-045-00-4	108624-00-6
016-046-00-X	7681-38-1
016-047-00-5	85665-96-9
016-048-00-0	115035-41-1
016-049-00-6	148262-93-5
016-050-00-1	118578-11-3
016-051-00-7	106359-91-5
016-052-00-2	102561-46-6
016-053-00-8	RR-02608-4
016-054-00-3	94612-91-6
016-055-00-9	RR-02609-5
016-056-00-4	7646-93-7
016-057-00-X	2633-67-2
016-058-00-5	164637-97-2
016-059-00-0	17339-60-5
016-060-00-6	7727-54-0
016-061-00-1	7727-21-1
016-062-00-7	17606-31-4
016-063-00-2	7681-57-4
016-064-00-8	7631-90-5
016-065-00-3	84057-97-6
016-066-00-9	116912-62-0
016-067-00-4	67811-06-7
016-068-00-X	155160-86-4
016-069-00-5	141915-64-2
016-070-00-0	141420-50-0
016-071-00-6	136248-03-8
016-072-00-1	112195-27-4
016-073-00-7	10591-85-2
016-074-00-2	41201-60-9
016-075-00-8	41481-66-7
016-076-00-3	131538-00-6
016-077-00-9	42413-03-6
016-078-00-4	56187-04-3
016-079-00-X	16695-22-0
016-080-00-5	31361-99-6
016-081-00-0	RR-07021-3
016-082-00-6	126801-58-9
016-083-00-1	135158-54-2
016-084-00-7	94125-34-5
016-085-00-2	104040-78-0
016-086-00-8	109125-56-6
016-087-00-3	104558-95-4
016-088-00-9	71297-11-5
016-089-00-4	RR-11238-9
016-090-00-X	14653-91-9
016-091-00-5	359630-27-6
016-092-00-0	RR-17256-5
016-093-00-6	140698-96-0
016-094-00-1	7704-34-9
016-095-00-7	RR-16561-7
016-096-00-2	79277-27-3
016-097-00-8	32047-53-3
016-098-00-3	624-92-0
017-001-00-7	7782-50-5
017-002-00-2	7647-01-0
017-002-01-X	RR-07028-0
017-003-00-8	13477-00-4
017-004-00-3	3811-04-9
017-005-00-9	7775-09-9
017-006-00-4	7601-90-3
017-007-00-X	13465-95-7
017-008-00-5	7778-74-7
017-009-00-0	7790-98-9
017-010-00-6	7601-89-0
017-011-00-1	7681-52-9
017-012-00-7	7778-54-3
017-013-00-2	10043-52-4
017-014-00-8	12125-02-9
017-015-00-3	61807-67-8
017-016-00-9	1031-15-8
017-017-00-4	120086-58-0
017-018-00-X	220609-41-6
017-019-00-5	54417-53-7
017-020-00-0	13014-29-4
017-021-00-6	136920-10-0
017-023-00-7	197179-61-6
017-026-00-3	10049-04-4
017-026-01-0	RR-07074-6
019-001-00-2	7440-09-7
019-002-00-8	1310-58-3
019-003-00-3	24634-61-5
020-001-00-X	7440-70-2
020-002-00-5	592-01-8
020-003-00-0	RR-16714-6
022-001-00-5	7550-45-0
022-002-00-0	31363-92-5
022-003-00-6	125051-32-3
022-004-00-1	12056-51-8
022-005-00-7	169104-71-6
023-001-00-8	1314-62-1
024-001-00-0	1333-82-0
024-002-00-6	7778-50-9
024-003-00-1	7789-09-5
024-004-00-7	10588-01-9
024-005-00-2	14977-61-8
024-006-00-8	7789-00-6
024-007-00-3	11103-86-9
024-007-00-3	RR-02096-2
024-008-00-9	13765-19-0
024-009-00-4	7789-06-2
024-010-00-X	24613-89-6
024-011-00-5	109125-51-1
024-012-00-0	148262-86-6
024-013-00-6	104105-46-6
024-014-00-1	93952-24-0
024-015-00-7	118556-91-5
024-016-00-2	88377-66-6
024-017-00-8	RR-00026-0
024-018-00-3	7775-11-3
024-019-00-9	RR-16628-9
024-020-00-4	178452-72-7
024-021-00-X	RR-17173-3
025-001-00-3	1313-13-9
025-002-00-9	7722-64-7
025-003-00-4	7785-87-7
025-004-00-X	116633-53-5
025-005-00-5	RR-16548-0
026-001-00-6	100011-37-8
026-002-00-1	117549-13-0
026-003-00-7	7720-78-7
026-003-01-4	7782-63-0
026-004-00-2	12160-44-0
026-005-00-8	10058-44-3
027-001-00-9	7440-48-4
027-002-00-4	1307-96-6
027-003-00-X	1317-42-6
027-004-00-5	7646-79-9
027-005-00-0	10124-43-3
027-006-00-6	71-48-7
027-007-00-1	1675229-61-4
027-008-00-7	RR-17268-9
027-009-00-2	10141-05-6
027-010-00-8	513-79-1
028-001-00-1	13463-39-3
028-002-00-7	7440-02-0
028-002-01-4	RR-63049-9
028-003-00-2	11099-02-8
028-003-00-2	1313-99-1
028-003-00-2	34492-97-2
028-004-00-8	12035-36-8
028-005-00-3	1314-06-3
028-006-00-9	11113-75-0
028-006-00-9	1314-04-1
028-006-00-9	16812-54-7
028-007-00-4	12035-71-1
028-007-00-4	12035-72-2
028-008-00-X	11113-74-9
028-008-00-X	12054-48-7
028-009-00-5	7786-81-4
028-010-00-0	12607-70-4
028-010-00-0	16337-84-1
028-010-00-0	3333-67-3
028-010-00-0	65405-96-1
028-011-00-6	7718-54-9
028-012-00-1	13138-45-9
028-012-00-1	14216-75-2
028-013-00-7	69012-50-6
028-014-00-2	92129-57-2
028-015-00-8	94551-87-8
028-016-00-3	13637-71-3
028-017-00-9	13842-46-1
028-017-00-9	15699-18-0
028-018-00-4	13770-89-3
028-019-00-X	14708-14-6
028-021-00-0	15843-02-4
028-021-00-0	3349-06-2
028-021-00-0	68134-59-8
028-022-00-6	14998-37-9
028-022-00-6	373-02-4
028-024-00-7	553-71-9
028-025-00-2	3906-55-6
028-026-00-8	2223-95-2
028-027-00-3	16039-61-5
028-028-00-9	4995-91-9
028-029-00-4	10028-18-9
028-029-00-4	11132-10-8
028-029-00-4	13462-88-9
028-029-00-4	13462-90-3
028-030-00-X	26043-11-8
028-031-00-5	15060-62-5
028-032-00-0	10381-36-9
028-032-00-0	14332-34-4
028-032-00-0	14448-18-1
028-032-00-0	14507-36-9
028-032-00-0	17169-61-8
028-032-00-0	18718-11-1
028-032-00-0	19372-20-4
028-032-00-0	36026-88-7
028-033-00-6	74195-78-1
028-034-00-1	557-19-7
028-035-00-7	14721-18-7
028-036-00-2	12519-85-6
028-036-00-2	13775-54-7
028-036-00-2	21784-78-1
028-036-00-2	31748-25-1
028-036-00-2	37321-15-6
028-037-00-8	14874-78-3
028-038-00-3	13477-70-8
028-039-00-9	20543-06-0
028-039-00-9	547-67-1
028-040-00-4	12142-88-0
028-041-00-X	12137-12-1
028-042-00-5	74646-29-0
028-043-00-0	12737-30-3
028-043-00-0	58591-45-0
028-043-00-0	68186-89-0
028-044-00-6	12035-38-0
028-045-00-1	15780-33-3
028-046-00-7	13689-92-4
028-047-00-2	15586-38-6
028-048-00-8	10101-96-9
028-049-00-3	1314-05-2
028-050-00-9	68130-19-8
028-051-00-4	12068-61-0
028-051-00-4	27016-75-7
028-052-00-X	68610-24-2
028-053-00-5	14550-87-9
028-053-00-5	67952-43-6
028-053-00-5	71720-48-4
028-054-00-0	13654-40-5
028-054-00-0	16083-14-0
028-054-00-0	18283-82-4
028-054-00-0	18721-51-2
028-054-00-0	22605-92-1
028-054-00-0	27637-46-3
028-054-00-0	29317-63-3
028-054-00-0	3349-08-4
028-054-00-0	39819-65-3
028-054-00-0	4454-16-4
028-054-00-0	51818-56-5
028-054-00-0	52625-25-9
028-054-00-0	71957-07-8
028-054-00-0	72319-19-8
028-054-00-0	7580-31-6
028-054-00-0	84776-45-4
028-054-00-0	84852-35-7
028-054-00-0	84852-36-8
028-054-00-0	84852-37-9
028-054-00-0	84852-39-1
028-054-00-0	85135-77-9
028-054-00-0	85166-19-4
028-054-00-0	85508-43-6
028-054-00-0	85508-44-7
028-054-00-0	85508-45-8
028-054-00-0	85508-46-9
028-054-00-0	85551-28-6
028-054-00-0	91697-41-5
028-054-00-0	93920-09-3
028-054-00-0	93920-10-6
028-054-00-0	93983-68-7
028-055-00-6	15851-52-2
028-055-00-6	15852-21-8
028-055-00-6	68130-36-9
028-055-00-6	7757-95-1
028-056-00-1	12007-00-0
028-056-00-1	12007-01-1
028-056-00-1	12007-02-2
028-056-00-1	12035-64-2
028-056-00-1	12059-14-2
028-056-00-1	12201-89-7
028-056-00-1	12619-90-8
028-056-00-1	65229-23-4
028-057-00-7	12004-35-2
028-057-00-7	12031-65-1
028-057-00-7	12035-39-1
028-057-00-7	12653-76-8
028-057-00-7	12673-58-4
028-057-00-7	14177-51-6
028-057-00-7	14177-55-0
028-057-00-7	52502-12-2
028-057-00-7	68016-03-5
028-057-00-7	68515-84-4
028-057-00-7	70692-93-2
028-058-00-2	113066-89-0
029-001-00-4	7758-89-6
029-002-00-X	1317-39-1
029-003-00-5	1338-02-9
029-004-00-0	7758-98-7
029-005-00-6	118800-27-4
029-006-00-1	108300-90-9
029-007-00-7	89797-01-3
029-008-00-2	54253-62-2
029-009-00-8	93971-95-0
029-010-00-3	101408-30-4
029-011-00-9	150522-10-4
029-012-00-4	124719-24-0
029-013-00-X	130201-51-3
029-014-00-5	171866-24-3
029-015-00-0	1111-67-7
029-016-00-6	1317-38-0
029-017-00-1	1332-65-6
029-018-00-7	12527-76-3
029-018-00-7	1333-22-8
029-019-01-X	RR-145684-4
029-020-00-8	12069-69-1
029-021-00-3	20427-59-2
029-022-00-9	8011-63-0
029-023-00-4	7758-99-8
029-025-00-5	15627-09-5
029-025-00-5	312600-89-8
029-026-00-0	7440-50-8
030-001-00-1	RR-42039-3
030-001-01-9	RR-07072-4
030-003-00-2	7646-85-7
030-004-00-8	544-97-8
030-004-00-8	557-20-0
030-005-00-3	122012-52-6
030-006-00-9	13986-24-8
030-006-00-9	7446-19-7
030-006-00-9	7446-20-0
030-006-00-9	7733-02-0
030-007-00-4	42405-40-3
030-008-00-X	113036-91-2
030-009-00-5	RR-11609-6
030-010-00-0	RR-18313-1
030-011-00-6	7779-90-0
030-012-00-1	169314-88-9
030-013-00-7	1314-13-2
030-015-00-8	RR-28669-1
031-001-00-4	1303-00-0
033-001-00-X	7440-38-2
033-002-00-5	RR-00625-7
033-003-00-0	1327-53-3
033-004-00-6	1303-28-2
033-005-00-1	7778-39-4
033-005-00-1	RR-02086-0
033-006-00-7	7784-42-1
033-007-00-2	4262-43-5
034-001-00-2	7782-49-2
034-002-00-8	RR-00612-2
034-003-00-3	10102-18-8
035-001-00-5	7726-95-6
035-002-00-0	10035-10-6
035-002-01-8	RR-07027-9
035-003-00-6	7758-01-2
035-004-00-1	RR-07030-4
035-005-00-7	12124-97-9
040-001-00-3	7440-67-7
040-002-00-9	RR-07073-5
040-003-00-4	226996-19-6
042-001-00-9	1313-27-5
042-002-00-4	117342-25-3
042-003-00-X	116810-46-9
042-004-00-5	1380226-46-9
042-005-00-0	RR-18632-3
046-001-00-X	134620-00-1
047-001-00-2	7761-88-8
047-002-00-8	RR-16513-9
047-003-00-3	130328-20-0
047-004-00-9	7440-22-4
047-005-00-4	RR-206937-6
047-006-00-X	RR-206936-5
048-001-00-5	RR-00559-4
048-002-00-0	1306-19-0
048-002-00-0	7440-43-9
048-003-00-6	4464-23-7
048-004-00-1	542-83-6
048-005-00-7	17010-21-8
048-006-00-2	7790-79-6
048-007-00-8	7790-80-9
048-008-00-3	10108-64-2
048-009-00-9	10124-36-4
048-010-00-4	1306-23-6
048-011-00-X	RR-17718-4
048-012-00-5	513-78-0
048-013-00-0	21041-95-2
048-014-00-6	10325-94-7
050-001-00-5	7646-78-8
050-002-00-0	13121-70-5
050-003-00-6	900-95-8
050-004-00-1	76-87-9
050-005-00-7	RR-02528-5
050-006-00-2	RR-02529-6
050-007-00-8	RR-02530-9
050-008-00-3	RR-01198-3
050-009-00-9	20153-49-5
050-009-00-9	25637-27-8
050-010-00-4	20153-50-8
050-011-00-X	RR-01199-4
050-012-00-5	1449-55-4
050-012-00-5	3091-32-5
050-012-00-5	7067-44-9
050-013-00-0	RR-02534-3
050-017-00-2	13356-08-6
050-018-00-8	53408-94-9
050-019-00-3	41083-11-8
050-020-00-9	869-59-0
050-021-00-4	3542-36-7
050-022-00-X	683-18-1
050-023-00-5	RR-16958-4
050-024-00-0	RR-18448-5
050-025-00-6	993-16-8
050-026-00-1	57583-34-3
050-027-00-7	15571-58-1
050-028-00-2	57583-35-4
050-029-00-8	753-73-1
050-030-00-3	77-58-7
050-031-00-9	3648-18-8
050-031-00-9	91648-39-4
050-032-00-4	2781-10-4
050-033-00-X	1067-33-0
050-034-00-5	78-04-6
050-035-00-0	818-08-6
051-001-00-8	10025-91-9
051-002-00-3	7647-18-9
051-003-00-9	RR-00585-6
051-004-00-4	7783-56-4
051-005-00-X	1309-64-4
051-006-00-5	71449-78-0
051-007-00-0	71786-70-4
052-001-00-0	13494-80-9
052-002-00-6	7446-07-3
053-001-00-3	7553-56-2
053-002-00-9	10034-85-2
053-002-01-6	RR-07025-7
053-003-00-4	696-33-3
053-004-00-X	1829-27-2
053-005-00-5	178233-72-2
056-001-00-1	1304-29-6
056-002-00-7	RR-04950-3
056-003-00-2	513-77-9
056-004-00-8	10361-37-2
056-005-00-3	13701-59-2
056-006-00-9	10294-40-3
064-001-00-8	51285-81-5
072-001-00-4	22411-22-9
074-001-00-X	12141-67-2
074-002-00-5	121754-49-2
076-001-00-5	20816-12-0
078-001-00-0	RR-03761-6
078-002-00-6	13820-41-2
078-003-00-1	10026-00-3
078-004-00-7	10025-99-7
078-005-00-2	RR-03764-9
078-006-00-8	16923-58-3
078-007-00-3	16921-30-5
078-008-00-9	16919-58-7
078-009-00-4	16941-12-1
078-010-00-X	123439-82-7
078-011-00-5	61420-92-6
078-012-00-0	RR-59941-7
080-001-00-0	7439-97-6
080-002-00-6	RR-00569-6
080-003-00-1	10112-91-1
080-004-00-7	RR-02536-5
080-005-00-2	628-86-4
080-005-01-X	RR-58673-2
080-006-00-8	1335-31-5
080-007-00-3	593-74-8
080-007-00-3	627-44-1
080-008-00-9	100-57-2
080-008-00-9	55-68-5
080-008-00-9	8003-05-2
080-009-00-4	123-88-6
080-010-00-X	7487-94-7
080-011-00-5	62-38-4
080-012-00-0	115-09-3
081-001-00-3	7440-28-0
081-002-00-9	RR-00575-4
081-003-00-4	7446-18-6
082-001-00-6	RR-00630-4
082-002-00-1	RR-02574-1
082-003-00-7	13424-46-9
082-003-01-4	RR-58667-4
082-004-00-2	7758-97-6
082-005-00-8	301-04-2
082-006-00-3	7446-27-7
082-007-00-9	1335-32-6
082-008-00-4	17570-76-2
082-009-00-X	1344-37-2
082-010-00-5	12656-85-8
082-011-00-0	7784-40-9
082-012-00-6	199876-46-5
082-013-00-1	RR-145683-3
082-014-00-7	7439-92-1
092-001-00-8	7440-61-1
092-002-00-3	RR-00617-7
601-001-00-4	74-82-8
601-002-00-X	74-84-0
601-003-00-5	74-98-6
601-004-00-0	106-97-8
601-004-00-0	75-28-5
601-004-01-8	RR-07076-8
601-004-01-8	RR-07079-1
601-005-00-6	463-82-1
601-006-00-1	109-66-0
601-007-00-7	107-83-5
601-007-00-7	75-83-2
601-007-00-7	79-29-8
601-007-00-7	92112-69-1
601-007-00-7	96-14-0
601-007-00-7	RR-183610-8
601-008-00-2	108-08-7
601-008-00-2	142-82-5
601-008-00-2	31394-54-4
601-008-00-2	464-06-2
601-008-00-2	562-49-2
601-008-00-2	565-59-3
601-008-00-2	589-34-4
601-008-00-2	590-35-2
601-008-00-2	591-76-4
601-008-00-2	617-78-7
601-009-00-8	1067-08-9
601-009-00-8	111-65-9
601-009-00-8	26635-64-3
601-009-00-8	540-84-1
601-009-00-8	560-21-4
601-009-00-8	563-16-6
601-009-00-8	564-02-3
601-009-00-8	565-75-3
601-009-00-8	583-48-2
601-009-00-8	584-94-1
601-009-00-8	589-43-5
601-009-00-8	589-53-7
601-009-00-8	589-81-1
601-009-00-8	590-73-8
601-009-00-8	592-13-2
601-009-00-8	592-27-8
601-009-00-8	594-82-1
601-009-00-8	609-26-7
601-009-00-8	619-99-8
601-010-00-3	74-85-1
601-011-00-9	115-07-1
601-012-00-4	106-98-9
601-012-00-4	107-01-7
601-012-00-4	115-11-7
601-012-00-4	25167-67-3
601-012-00-4	590-18-1
601-012-00-4	624-64-6
601-013-00-X	106-99-0
601-014-00-5	78-79-5
601-015-00-0	74-86-2
601-016-00-6	75-19-4
601-017-00-1	110-82-7
601-018-00-7	108-87-2
601-019-00-2	589-90-2
601-020-00-8	71-43-2
601-021-00-3	108-88-3
601-022-00-9	106-42-3
601-022-00-9	108-38-3
601-022-00-9	1330-20-7
601-022-00-9	95-47-6
601-023-00-4	100-41-4
601-024-00-X	98-82-8
601-025-00-5	108-67-8
601-026-00-0	100-42-5
601-027-00-6	98-83-9
601-028-00-1	611-15-4
601-029-00-7	138-86-3
601-029-00-7	5989-54-8
601-029-00-7	6876-12-6
601-029-00-7	7705-14-8
601-030-00-2	287-92-3
601-031-00-8	107-39-1
601-032-00-3	50-32-8
601-033-00-9	56-55-3
601-034-00-4	205-99-2
601-035-00-X	205-82-3
601-036-00-5	207-08-9
601-037-00-0	110-54-3
601-041-00-2	53-70-3
601-042-00-8	92-52-4
601-043-00-3	95-63-6
601-044-00-9	77-73-6
601-045-00-4	119-64-2
601-046-00-X	42152-47-6
601-047-00-5	17092-80-7
601-048-00-0	218-01-9
601-049-00-6	192-97-2
601-051-00-7	768-56-9
601-052-00-2	91-20-3
601-053-00-8	25154-52-3
601-053-00-8	84852-15-3
601-054-00-3	RR-89061-9
601-055-00-9	132983-41-6
601-056-00-4	73807-39-3
601-057-00-X	156679-41-3
601-058-00-5	83648-84-4
601-059-00-0	15768-07-7
601-060-00-6	155522-09-1
601-061-00-1	RR-16610-9
601-062-00-7	151006-59-6
601-063-00-2	151006-61-0
601-065-00-3	RR-11597-9
601-066-00-9	78531-60-9
601-067-00-4	15606-95-8
601-068-00-X	18085-02-4
601-069-00-5	287933-44-2
601-070-00-0	151006-58-5
601-071-00-6	20627-73-0
601-072-00-1	52783-21-8
601-073-00-7	461-96-1
601-074-00-2	426218-78-2
601-075-00-8	151882-81-4
601-076-00-3	6746-94-7
601-077-00-9	196965-91-0
601-078-00-4	RR-17255-4
601-079-00-X	RR-18220-7
601-080-00-5	RR-18348-2
601-081-00-0	4277-06-9
601-082-00-6	RR-129754-7
601-083-00-1	22094-83-3
601-084-00-7	94691-47-1
601-085-00-2	78-78-4
601-087-00-3	25167-70-8
601-088-00-9	100-40-3
601-089-00-4	27519-02-4
601-090-00-X	189-55-9
601-091-00-5	189-64-0
601-092-00-0	191-30-0
601-093-00-6	571-58-4
601-094-00-1	99-87-6
601-095-00-7	99-86-5
601-096-00-2	5989-27-5
601-097-00-8	103-65-1
602-001-00-7	74-87-3
602-002-00-2	74-83-9
602-003-00-8	74-95-3
602-004-00-3	75-09-2
602-005-00-9	74-88-4
602-006-00-4	67-66-3
602-007-00-X	75-25-2
602-008-00-5	56-23-5
602-009-00-0	75-00-3
602-010-00-6	106-93-4
602-011-00-1	75-34-3
602-012-00-7	107-06-2
602-013-00-2	71-55-6
602-014-00-8	79-00-5
602-015-00-3	79-34-5
602-016-00-9	79-27-6
602-017-00-4	76-01-7
602-018-00-X	540-54-5
602-018-00-X	75-29-6
602-019-00-5	106-94-5
602-020-00-0	78-87-5
602-021-00-6	96-12-8
602-022-00-1	543-59-9
602-022-00-1	616-20-6
602-022-00-1	625-29-6
602-023-00-7	75-01-4
602-024-00-2	593-60-2
602-025-00-8	75-35-4
602-026-00-3	156-59-2
602-026-00-3	156-60-5
602-026-00-3	540-59-0
602-027-00-9	79-01-6
602-028-00-4	127-18-4
602-029-00-X	107-05-1
602-030-00-5	10061-01-5
602-030-00-5	542-75-6
602-031-00-0	563-58-6
602-032-00-6	563-47-3
602-033-00-1	108-90-7
602-034-00-7	95-50-1
602-035-00-2	106-46-7
602-036-00-8	126-99-8
602-037-00-3	100-44-7
602-038-00-9	98-07-7
602-039-00-4	1336-36-3
602-040-00-X	106-43-4
602-040-00-X	108-41-8
602-040-00-X	25168-05-2
602-040-00-X	95-49-8
602-041-00-5	1321-64-8
602-042-00-0	608-73-1
602-043-00-6	58-89-9
602-044-00-1	8001-35-2
602-045-00-7	50-29-3
602-046-00-2	76-44-8
602-047-00-8	57-74-9
602-048-00-3	309-00-2
602-049-00-9	60-57-1
602-050-00-4	465-73-6
602-051-00-X	72-20-8
602-052-00-5	115-29-7
602-053-00-0	297-78-9
602-054-00-6	556-56-9
602-055-00-1	74-96-4
602-056-00-7	98-08-8
602-057-00-2	100-39-0
602-058-00-8	98-87-3
602-059-00-3	109-69-3
602-060-00-9	108-86-1
602-061-00-4	116-15-4
602-062-00-X	96-18-4
602-063-00-5	1024-57-3
602-064-00-0	96-23-1
602-065-00-6	118-74-1
602-066-00-1	118-75-2
602-067-00-7	541-73-1
602-068-00-2	2514-53-6
602-069-00-8	7572-29-4
602-070-00-3	77227-99-7
602-071-00-9	99688-47-8
602-072-00-4	76253-60-6
602-073-00-X	764-41-0
602-074-00-5	608-93-5
602-075-00-0	22432-68-4
602-076-00-6	2431-50-7
602-077-00-1	2385-85-5
602-078-00-7	77-47-4
602-079-00-2	78-88-6
602-080-00-8	85535-84-8
602-081-00-3	110877-64-0
602-082-00-9	109678-33-3
602-083-00-4	32534-81-9
602-084-00-X	1717-00-6
602-085-00-5	75-26-3
602-086-00-0	2314-97-8
602-087-00-6	120-82-1
602-088-00-1	96-13-9
602-089-00-7	60811-21-4
602-090-00-2	121626-73-1
602-091-00-8	1435-48-9
602-092-00-3	138526-69-9
602-093-00-9	5216-25-1
602-094-00-4	32536-52-0
602-095-00-X	85535-85-9
602-096-00-5	2437-29-8
602-096-00-5	569-64-2
602-097-00-0	148757-89-5
602-098-00-6	57999-49-2
602-099-00-1	1017183-70-8
602-100-00-5	138495-42-8
602-101-00-0	141772-37-4
602-102-00-6	406-58-6
602-103-00-1	41870-52-4
602-104-00-7	15290-77-4
602-105-00-2	102061-82-5
602-106-00-8	444-14-4
602-107-00-3	33831-83-3
602-108-00-9	4084-38-2
602-109-00-4	25637-99-4
602-109-00-4	3194-55-6
602-110-00-X	116-14-3
602-111-00-5	75-02-5
602-112-00-0	1514-82-5
603-001-00-X	67-56-1
603-002-00-5	64-17-5
603-003-00-0	71-23-8
603-004-00-6	71-36-3
603-005-00-1	75-65-0
603-006-00-7	94624-12-1
603-007-00-2	75-85-4
603-008-00-8	108-11-2
603-009-00-3	108-93-0
603-010-00-9	583-59-5
603-010-00-9	7443-52-9
603-010-00-9	7443-70-1
603-011-00-4	109-86-4
603-012-00-X	110-80-5
603-013-00-5	109-59-1
603-014-00-0	111-76-2
603-015-00-6	107-18-6
603-016-00-1	123-42-2
603-018-00-2	98-00-0
603-019-00-8	115-10-6
603-020-00-3	540-67-0
603-021-00-9	107-25-5
603-022-00-4	60-29-7
603-023-00-X	75-21-8
603-024-00-5	123-91-1
603-025-00-0	109-99-9
603-026-00-6	106-89-8
603-027-00-1	107-21-1
603-028-00-7	107-07-3
603-029-00-2	111-44-4
603-030-00-8	141-43-5
603-031-00-3	110-71-4
603-032-00-9	628-96-6
603-033-00-4	693-21-0
603-033-01-1	RR-58668-5
603-034-00-X	55-63-0
603-034-01-7	RR-58669-6
603-035-00-5	78-11-5
603-035-01-2	RR-58672-1
603-036-00-0	15825-70-4
603-036-01-8	RR-58671-0
603-037-00-6	9004-70-0
603-038-00-1	106-92-3
603-039-00-7	2426-08-6
603-040-00-2	124-41-4
603-040-00-2	865-33-8
603-040-00-2	865-34-9
603-041-00-8	141-52-6
603-041-00-8	917-58-8
603-042-00-3	555-31-7
603-043-00-9	26766-27-8
603-044-00-4	115-32-2
603-045-00-X	108-20-3
603-045-00-X	111-43-3
603-046-00-5	542-88-1
603-047-00-0	108-01-0
603-048-00-6	100-37-8
603-049-00-1	80-06-8
603-050-00-7	24083-03-2
603-051-00-2	97-95-0
603-052-00-8	5131-66-8
603-053-00-3	107-41-5
603-054-00-9	142-96-1
603-055-00-4	75-56-9
603-056-00-X	2186-24-5
603-056-00-X	2186-25-6
603-056-00-X	26447-14-3
603-057-00-5	100-51-6
603-058-00-0	503-30-0
603-059-00-6	111-27-3
603-060-00-1	1464-53-5
603-061-00-7	97-99-4
603-062-00-2	104-80-3
603-063-00-8	556-52-5
603-064-00-3	107-98-2
603-065-00-9	101-90-6
603-066-00-4	106-87-6
603-067-00-X	122-60-1
603-068-00-5	130014-35-6
603-069-00-0	90-72-2
603-070-00-6	124-68-5
603-071-00-1	111-42-2
603-072-00-7	2425-79-8
603-073-00-2	1675-54-3
603-074-00-8	25068-38-6
603-075-00-3	107-30-2
603-076-00-9	110-65-6
603-077-00-4	108-16-7
603-078-00-X	107-19-7
603-079-00-5	105-59-9
603-080-00-0	109-83-1
603-081-00-6	111-48-8
603-082-00-1	78-96-6
603-083-00-7	110-97-4
603-084-00-2	96-09-3
603-085-00-8	52-51-7
603-086-00-3	23947-60-6
603-087-00-9	94-96-2
603-088-00-4	3547-33-9
603-089-00-X	87787-67-5
603-090-00-5	4463-59-6
603-091-00-0	87172-89-2
603-092-00-6	92585-24-5
603-093-00-1	87818-31-3
603-094-00-7	17557-23-2
603-095-00-2	2807-30-9
603-096-00-8	112-34-5
603-097-00-3	122-20-3
603-098-00-9	122-99-6
603-099-00-4	93633-79-5
603-100-00-8	7778-85-0
603-101-00-3	63500-71-0
603-102-00-9	106-88-7
603-103-00-4	68609-97-2
603-104-00-X	60168-88-9
603-105-00-5	110-00-9
603-106-00-0	1589-47-5
603-107-00-6	111-77-3
603-108-00-1	78-83-1
603-109-00-7	RR-50887-2
603-110-00-2	166301-21-9
603-111-00-8	RR-135707-9
603-112-00-3	238088-70-5
603-113-00-9	27610-48-6
603-114-00-4	26912-64-1
603-115-00-X	37859-57-7
603-116-00-5	138271-16-6
603-117-00-0	67-63-0
603-118-00-6	1862-07-3
603-119-00-1	110866-35-8
603-120-00-7	25634-93-9
603-121-00-2	114565-66-1
603-122-00-8	38411-13-1
603-123-00-3	122760-84-3
603-124-00-9	84563-49-5
603-125-00-4	89544-40-1
603-126-00-X	100418-33-5
603-127-00-5	14898-79-4
603-127-00-5	15892-23-6
603-127-00-5	4221-99-2
603-127-00-5	78-92-2
603-128-00-0	613-62-7
603-129-00-6	57018-52-7
603-130-00-1	RR-07003-1
603-131-00-7	RR-06989-6
603-132-00-2	63187-91-7
603-133-00-8	RR-06959-0
603-134-00-3	RR-07040-6
603-135-00-9	RR-06976-1
603-136-00-4	104226-19-9
603-137-00-X	RR-06990-9
603-138-00-5	103694-68-4
603-139-00-0	111-96-6
603-140-00-6	111-46-6
603-141-00-1	RR-07011-1
603-142-00-7	116230-20-7
603-143-00-2	57044-25-4
603-144-00-8	RR-108271-9
603-145-00-3	129228-11-1
603-146-00-9	83016-70-0
603-147-00-4	105812-81-5
603-148-00-X	17351-75-6
603-149-00-5	63767-86-2
603-150-00-0	107898-54-4
603-151-00-6	131320-44-0
603-152-00-1	5406-86-0
603-153-00-7	104333-00-8
603-154-00-2	139504-68-0
603-156-00-3	89544-48-9
603-157-00-9	143747-72-2
603-158-00-4	89079-92-5
603-159-00-X	118562-73-5
603-160-00-5	10221-57-5
603-161-00-0	3459-83-4
603-162-00-6	144736-29-8
603-163-00-1	1570-95-2
603-164-00-7	133909-99-6
603-165-00-2	RR-06958-9
603-166-00-8	51594-55-9
603-167-00-3	6390-69-8
603-168-00-9	70445-33-9
603-169-00-4	109887-53-8
603-170-00-X	67739-11-1
603-171-00-5	38585-74-9
603-172-00-0	773058-82-5
603-173-00-6	57280-22-5
603-174-00-1	83926-73-2
603-175-00-7	112-59-4
603-176-00-2	112-49-2
603-177-00-8	1569-02-4
603-177-00-8	54839-24-6
603-178-00-3	112-25-4
603-179-00-9	50-14-6
603-180-00-4	67-97-0
603-181-00-X	1634-04-4
603-182-00-5	RR-17297-4
603-183-00-0	143-22-6
603-184-00-6	146925-83-9
603-185-00-1	99817-36-4
603-186-00-7	79944-37-9
603-187-00-2	163661-77-6
603-188-00-8	94400-98-3
603-189-00-3	RR-11701-1
603-190-00-9	62406-73-9
603-191-00-4	137658-79-8
603-192-00-X	125474-34-2
603-193-00-5	46492-07-3
603-194-00-0	111-41-1
603-195-00-6	154825-62-4
603-196-00-1	41340-36-7
603-197-00-7	107534-96-3
603-199-00-8	153233-91-1
603-200-00-1	584-02-1
603-200-00-1	71-41-0
603-201-00-7	150-86-7
603-202-00-2	148043-73-6
603-203-00-8	211299-54-6
603-204-00-3	RR-23283-7
603-205-00-9	172015-79-1
603-206-00-4	2032-75-9
603-207-00-X	129228-21-3
603-208-00-5	629-14-1
603-209-00-0	131929-60-7
603-209-00-0	131929-63-0
603-209-00-0	168316-95-8
603-210-00-6	57987-55-0
603-211-00-1	3033-77-0
603-212-00-7	1222-05-5
603-213-00-2	994-05-8
603-214-00-8	1132-95-2
603-215-00-3	162241-33-0
603-216-00-9	7480-35-5
603-217-00-4	161717-32-4
603-220-00-0	72955-94-3
603-221-00-6	214353-17-0
603-221-01-3	RR-60006-6
603-222-00-1	118058-74-5
603-223-00-7	6261-30-9
603-224-00-2	297730-93-9
603-225-00-8	13127-18-9
603-226-00-3	1440-00-2
603-227-00-9	203574-04-3
603-228-00-4	RR-16656-3
603-229-00-X	RR-16734-0
603-230-00-5	338735-71-0
603-231-00-0	46755-94-6
603-232-00-6	434898-80-3
603-233-00-1	RR-28939-4
603-234-00-7	RR-28942-9
603-235-00-2	126-90-9
603-235-00-2	126-91-0
603-235-00-2	78-70-6
603-236-00-8	97925-95-6
603-237-00-3	115850-69-6
603-237-00-3	115937-89-8
603-237-00-3	125225-28-7
603-238-00-9	143-24-8
603-239-00-4	76738-62-0
603-240-00-X	3296-90-0
603-241-00-5	106-24-1
603-243-00-6	1522-92-5
603-243-00-6	36483-57-5
603-244-00-1	RR-197909-5
603-245-00-7	3179-89-3
603-246-00-2	647-42-7
603-247-00-8	68442-91-1
603-248-00-3	4016-14-2
603-249-00-9	2210-79-9
604-001-00-2	108-95-2
604-002-00-8	87-86-5
604-003-00-3	131-52-2
604-003-00-3	7778-73-6
604-004-00-9	106-44-5
604-004-00-9	108-39-4
604-004-00-9	1319-77-3
604-004-00-9	95-48-7
604-005-00-4	123-31-9
604-006-00-X	105-67-9
604-006-00-X	1300-71-6
604-006-00-X	526-75-0
604-006-00-X	576-26-1
604-006-00-X	71975-58-1
604-006-00-X	95-65-8
604-006-00-X	95-87-4
604-007-00-5	135-19-3
604-008-00-0	106-48-9
604-008-00-0	108-43-0
604-008-00-0	25167-80-0
604-008-00-0	95-57-8
604-009-00-6	87-66-1
604-010-00-1	108-46-3
604-011-00-7	120-83-2
604-012-00-2	1570-64-5
604-013-00-8	58-90-2
604-014-00-3	59-50-7
604-015-00-9	70-30-4
604-016-00-4	120-80-9
604-017-00-X	95-95-4
604-018-00-5	88-06-2
604-019-00-0	97-23-4
604-020-00-6	90-43-7
604-021-00-1	132-27-4
604-022-00-7	22961-82-6
604-023-00-2	121518-45-4
604-024-00-8	6807-17-6
604-025-00-3	57246-09-0
604-026-00-9	40278-59-9
604-027-00-4	723-38-6
604-028-00-X	399-95-1
604-029-00-5	90-15-3
604-030-00-0	80-05-7
604-031-00-6	90-05-1
604-032-00-1	89-83-8
604-033-00-7	24342-03-8
604-034-00-2	24197-34-0
604-035-00-8	164907-73-7
604-036-00-3	90884-29-0
604-037-00-9	108-68-9
604-038-00-4	1321-23-9
604-038-00-4	88-04-0
604-039-00-X	66441-23-4
604-040-00-5	72178-02-0
604-041-00-0	50594-66-6
604-041-00-0	62476-59-9
604-042-00-6	104-91-6
604-043-00-1	103-16-2
604-044-00-7	150-76-5
604-045-00-2	700-13-0
604-046-00-8	95235-30-6
604-047-00-3	51601-57-1
604-048-00-9	27955-94-8
604-049-00-4	93589-69-6
604-051-00-5	87113-78-8
604-052-00-0	103597-45-1
604-053-00-6	157661-93-3
604-054-00-1	RR-07036-0
604-055-00-7	85954-11-6
604-056-00-2	99610-72-7
604-057-00-8	RR-153654-5
604-058-00-3	54914-85-1
604-059-00-9	4595-26-0
604-060-00-4	3236-71-3
604-061-00-X	RR-06986-3
604-062-00-5	134701-20-5
604-063-00-0	3131-52-0
604-064-00-6	147315-50-2
604-065-00-1	111850-25-0
604-066-00-7	RR-11294-7
604-067-00-2	RR-11291-4
604-068-00-8	90274-24-1
604-069-00-3	51390-14-8
604-070-00-9	3380-34-5
604-071-00-4	110726-28-8
604-072-00-X	10403-74-4
604-073-00-5	82413-20-5
604-074-00-0	79-94-7
604-075-00-6	140-66-9
604-076-00-1	77-09-8
604-077-00-7	98809-58-6
604-079-00-8	13595-25-0
604-080-00-3	61721-07-1
604-081-00-9	1571-75-1
604-082-00-4	2040-90-6
604-084-00-5	121219-07-6
604-087-00-1	RR-18573-9
604-089-00-2	7340-90-1
604-090-00-8	98-54-4
604-091-00-3	80844-07-1
604-092-00-9	121158-58-5
604-092-00-9	1801269-77-1
604-092-00-9	1801269-80-6
604-092-00-9	210555-94-5
604-092-00-9	74499-35-7
604-093-00-4	120-32-1
604-094-00-X	5912-86-7
604-094-00-X	5932-68-3
604-094-00-X	97-54-1
604-095-00-5	119-47-1
604-096-00-0	51-03-6
604-097-00-6	732-26-3
604-098-00-1	80-09-1
604-099-00-7	1478-61-1
604-100-00-0	1119449-38-5
604-100-00-0	127087-87-0
604-100-00-0	14409-72-4
604-100-00-0	20427-84-3
604-100-00-0	26027-38-3
604-100-00-0	26264-02-8
604-100-00-0	27176-93-8
604-100-00-0	27177-05-5
604-100-00-0	27942-27-4
604-100-00-0	27986-36-3
604-100-00-0	68412-54-4
604-100-00-0	7311-27-5
604-100-00-0	9016-45-9
604-103-00-7	94-91-7
605-001-00-5	50-00-0
605-002-00-0	110-88-3
605-003-00-6	75-07-0
605-004-00-1	123-63-7
605-005-00-7	108-62-3
605-006-00-2	123-72-8
605-007-00-8	534-15-6
605-008-00-3	107-02-8
605-009-00-9	123-73-9
605-009-00-9	4170-30-3
605-010-00-4	98-01-1
605-011-00-X	89-98-5
605-012-00-5	100-52-7
605-013-00-0	15879-93-3
605-014-00-6	302-17-0
605-015-00-1	105-57-7
605-016-00-7	107-22-2
605-017-00-2	646-06-0
605-018-00-8	123-38-6
605-019-00-3	5392-40-5
605-020-00-9	94-59-7
605-021-00-4	91673-30-2
605-022-00-X	111-30-8
605-023-00-5	3380-30-1
605-024-00-0	2973-59-3
605-025-00-6	107-20-0
605-026-00-1	114119-97-0
605-027-00-7	RR-07022-4
605-028-00-2	125109-85-5
605-029-00-8	2109-22-0
605-030-00-3	3353-51-3
605-031-00-9	51673-84-8
605-032-00-4	93957-50-7
605-033-00-X	32480-08-3
605-034-00-5	86803-90-9
605-035-00-0	177964-68-0
605-036-00-6	2065-75-0
605-037-00-1	120578-03-2
605-038-00-7	55066-49-4
605-039-00-2	116313-85-0
605-040-00-8	130066-44-3
605-040-00-8	31906-04-4
605-040-00-8	51414-25-6
605-041-00-3	80-54-6
605-042-00-9	1205-17-0
605-042-00-9	737776-59-9
605-042-00-9	737776-68-0
605-043-00-4	1335-66-6
605-043-00-4	1423-46-7
605-043-00-4	1726-47-2
605-043-00-4	27939-60-2
605-043-00-4	35145-02-9
605-043-00-4	36635-35-5
605-043-00-4	40702-26-9
605-043-00-4	6754-27-4
605-043-00-4	67634-07-5
605-043-00-4	67801-65-4
605-043-00-4	68039-48-5
605-043-00-4	68039-49-6
605-043-00-4	68737-61-1
605-043-00-4	6975-94-6
605-043-00-4	71832-78-5
605-043-00-4	RR-183061-1
606-001-00-8	67-64-1
606-002-00-3	78-93-3
606-003-00-9	106-35-4
606-004-00-4	108-10-1
606-005-00-X	108-83-8
606-006-00-5	96-22-0
606-007-00-0	563-80-4
606-009-00-1	141-79-7
606-010-00-7	108-94-1
606-011-00-2	583-60-8
606-012-00-8	78-59-1
606-013-00-3	106-51-4
606-014-00-9	3691-35-8
606-016-00-X	83-26-1
606-017-00-5	674-82-8
606-018-00-0	117-80-6
606-019-00-6	143-50-0
606-020-00-1	541-85-5
606-021-00-7	872-50-4
606-022-00-2	92-43-3
606-023-00-8	107-70-0
606-024-00-3	110-43-0
606-025-00-9	120-92-3
606-026-00-4	110-12-3
606-027-00-X	123-19-3
606-028-00-5	565-80-0
606-029-00-0	123-54-6
606-030-00-6	591-78-6
606-031-00-1	57-57-8
606-032-00-7	116-16-5
606-033-00-2	20354-26-1
606-034-00-8	21087-64-9
606-035-00-3	1698-60-8
606-036-00-9	2439-01-2
606-037-00-4	43121-43-3
606-038-00-X	82-66-6
606-039-00-5	98181-47-6
606-040-00-0	55845-90-4
606-041-00-6	71868-10-5
606-042-00-1	98-86-2
606-043-00-7	13019-04-0
606-044-00-2	954-16-5
606-045-00-8	19666-30-9
606-046-00-3	3100-36-5
606-047-00-9	119313-12-1
606-048-00-4	129473-78-5
606-049-00-X	78531-61-0
606-050-00-5	72453-58-8
606-051-00-0	61203-83-6
606-052-00-6	54574-82-2
606-053-00-1	96525-23-4
606-054-00-7	141112-29-0
606-055-00-2	92836-10-7
606-056-00-8	116412-83-0
606-057-00-3	40649-36-3
606-058-00-9	21983-80-2
606-059-00-4	86386-75-6
606-060-00-X	RR-07005-3
606-061-00-5	66938-41-8
606-062-00-0	61571-06-0
606-063-00-6	112704-51-5
606-064-00-1	7093-55-2
606-065-00-7	199109-88-1
606-066-00-2	164058-20-2
606-067-00-8	96792-67-5
606-068-00-3	1638-05-7
606-069-00-9	154171-76-3
606-070-00-4	138164-12-2
606-071-00-X	13258-43-0
606-072-00-5	719-86-8
606-073-00-0	90-94-8
606-074-00-6	108982-45-2
606-075-00-1	65855-02-9
606-076-00-7	136465-99-1
606-077-00-2	104872-06-2
606-078-00-8	59227-88-2
606-079-00-3	4299-07-4
606-081-00-4	4229-69-0
606-082-00-X	RR-10803-2
606-083-00-5	137193-60-3
606-084-00-0	484-33-3
606-085-00-6	79200-56-9
606-086-00-1	56973-87-6
606-087-00-7	137234-87-8
606-088-00-2	74338-72-0
606-089-00-8	12223-77-7
606-090-00-3	73096-98-7
606-091-00-9	118289-55-7
606-092-00-4	RR-168317-6
606-093-00-X	95885-13-5
606-094-00-5	172141-29-6
606-095-00-0	49805-30-3
606-096-00-6	130603-71-3
606-097-00-1	23911-85-5
606-098-00-7	158574-65-3
606-099-00-2	61718-80-7
606-100-00-6	94723-86-1
606-101-00-1	165038-51-7
606-102-00-7	79876-59-8
606-103-00-2	260415-81-4
606-104-00-8	78531-59-6
606-105-00-3	226065-73-2
606-106-00-9	83626-30-6
606-107-00-4	1075-89-4
606-108-00-X	756-13-8
606-109-00-5	71308-16-2
606-110-00-0	2833-30-9
606-111-00-6	67014-36-2
606-112-00-1	1668-86-6
606-113-00-7	272460-97-6
606-114-00-2	67887-47-2
606-115-00-8	139001-49-3
606-116-00-3	149979-41-9
606-117-00-9	7078-98-0
606-118-00-4	52870-46-9
606-119-00-X	82356-51-2
606-120-00-5	114625-74-0
606-121-00-0	133636-82-5
606-122-00-6	114341-88-7
606-123-00-1	202483-63-4
606-124-00-7	161462-35-7
606-125-00-2	6777-05-5
606-126-00-8	99788-75-7
606-128-00-9	148935-94-8
606-129-00-4	156732-13-7
606-130-00-X	56309-94-5
606-131-00-5	5571-36-8
606-132-00-0	6563-83-3
606-134-00-1	15375-21-0
606-135-00-7	2550-52-9
606-136-00-2	133413-70-4
606-137-00-8	211387-26-7
606-138-00-3	141645-23-0
606-139-00-9	124379-29-9
606-140-00-4	474510-57-1
606-141-00-X	198213-15-9
606-142-00-5	249630-78-2
606-143-00-0	65195-55-3
606-143-00-0	71751-41-2
606-144-00-6	57960-19-7
606-145-00-1	99105-77-8
606-146-00-7	87820-88-0
606-147-00-2	101205-02-1
606-148-00-8	2244-16-8
606-148-00-8	6485-40-1
606-148-00-8	99-49-0
606-149-00-3	335104-84-2
606-150-00-9	99129-21-2
606-151-00-4	84-65-1
606-152-00-X	688046-61-9
606-153-00-5	119-61-9
606-154-00-0	2797-51-5
606-155-00-6	104-55-2
606-155-00-6	14371-10-9
606-156-00-1	127-06-0
606-157-00-7	18402-84-1
606-158-00-2	119344-86-4
607-001-00-0	64-18-6
607-002-00-6	64-19-7
607-003-00-1	79-11-8
607-004-00-7	76-03-9
607-005-00-2	650-51-1
607-006-00-8	144-62-7
607-007-00-3	RR-02783-8
607-008-00-9	108-24-7
607-009-00-4	85-44-9
607-010-00-X	123-62-6
607-011-00-5	75-36-5
607-012-00-0	98-88-4
607-013-00-6	616-38-6
607-014-00-1	107-31-3
607-015-00-7	109-94-4
607-016-00-2	110-74-7
607-016-00-2	625-55-8
607-017-00-8	542-55-2
607-017-00-8	592-84-7
607-017-00-8	762-75-4
607-018-00-3	110-45-2
607-018-00-3	35073-27-9
607-019-00-9	79-22-1
607-020-00-4	541-41-3
607-021-00-X	79-20-9
607-022-00-5	141-78-6
607-023-00-0	108-05-4
607-024-00-6	108-21-4
607-024-00-6	109-60-4
607-025-00-1	123-86-4
607-026-00-7	105-46-4
607-026-00-7	110-19-0
607-026-00-7	540-88-5
607-027-00-2	554-12-1
607-028-00-8	105-37-3
607-029-00-3	540-42-1
607-029-00-3	590-01-2
607-029-00-3	591-34-4
607-030-00-9	106-36-5
607-031-00-4	109-21-7
607-032-00-X	140-88-5
607-033-00-5	97-88-1
607-034-00-0	96-33-3
607-035-00-6	80-62-6
607-036-00-1	110-49-6
607-037-00-7	111-15-9
607-038-00-2	112-07-2
607-039-00-8	94-75-7
607-040-00-3	RR-02541-2
607-041-00-9	93-76-5
607-042-00-4	RR-01622-8
607-042-00-4	RR-02542-3
607-043-00-X	1918-00-9
607-044-00-5	10007-85-9
607-044-00-5	2300-66-5
607-045-00-0	120-36-5
607-046-00-6	RR-02579-6
607-047-00-1	93-72-1
607-048-00-7	RR-02575-2
607-049-00-2	7085-19-0
607-049-00-2	93-65-2
607-050-00-8	RR-02577-4
607-051-00-3	94-74-6
607-052-00-9	RR-42557-0
607-052-00-9	RR-42558-1
607-053-00-4	94-81-5
607-054-00-X	RR-12008-1
607-054-00-X	RR-42559-2
607-055-00-5	129-67-9
607-056-00-0	5543-57-7
607-056-00-0	5543-58-8
607-056-00-0	81-81-2
607-057-00-6	81-82-3
607-058-00-1	117-52-2
607-059-00-7	5836-29-3
607-060-00-2	66-76-2
607-061-00-8	79-10-7
607-062-00-3	141-32-2
607-063-00-9	79-31-2
607-064-00-4	501-53-1
607-065-00-X	79-08-3
607-066-00-5	79-43-6
607-067-00-0	79-36-7
607-068-00-6	64-69-7
607-069-00-1	105-36-2
607-070-00-7	105-39-5
607-071-00-2	97-63-2
607-072-00-8	818-61-1
607-073-00-3	122-88-3
607-074-00-9	85-34-7
607-075-00-4	14437-17-3
607-076-00-X	2439-10-3
607-077-00-5	136-25-4
607-078-00-0	4301-50-2
607-079-00-6	4234-79-1
607-080-00-1	79-04-9
607-081-00-7	144-49-0
607-082-00-2	RR-02545-6
607-083-00-8	94-82-6
607-084-00-3	RR-02546-7
607-085-00-9	120-51-4
607-086-00-4	131-17-9
607-088-00-5	79-41-4
607-089-00-0	79-09-4
607-090-00-6	68-11-1
607-091-00-1	76-05-1
607-092-00-7	17392-83-5
607-092-00-7	2155-30-8
607-092-00-7	27871-49-4
607-092-00-7	547-64-8
607-093-00-2	79-03-8
607-094-00-8	79-21-0
607-095-00-3	110-16-7
607-096-00-9	108-31-6
607-097-00-4	552-30-7
607-098-00-X	89-32-7
607-099-00-5	2426-02-0
607-099-00-5	26266-63-7
607-099-00-5	85-43-8
607-099-00-5	935-79-5
607-100-00-9	2421-28-5
607-101-00-4	115-27-5
607-102-00-X	13149-00-3
607-102-00-X	14166-21-3
607-102-00-X	85-42-7
607-103-00-5	108-30-5
607-104-00-0	6053-68-5
607-105-00-6	129-64-6
607-105-00-6	2746-19-2
607-105-00-6	826-62-0
607-106-00-1	123748-85-6
607-107-00-7	103-11-7
607-108-00-2	25584-83-2
607-108-00-2	2918-23-2
607-108-00-2	999-61-1
607-109-00-8	13048-33-4
607-110-00-3	3524-68-3
607-111-00-9	15625-89-5
607-112-00-4	2223-82-7
607-113-00-X	97-86-9
607-114-00-5	97-90-5
607-115-00-0	106-63-8
607-116-00-6	3066-71-5
607-117-00-1	106-90-1
607-118-00-7	19485-03-1
607-119-00-2	1070-70-8
607-120-00-8	4074-88-8
607-121-00-3	10027-06-2
607-122-00-9	4986-89-4
607-123-00-4	106-91-2
607-124-00-X	868-77-9
607-125-00-5	2761-09-3
607-125-00-5	923-26-2
607-126-00-0	1680-21-3
607-127-00-6	105-16-8
607-128-00-1	3775-90-4
607-129-00-7	687-47-8
607-129-00-7	97-64-3
607-130-00-2	123-92-2
607-130-00-2	624-41-9
607-130-00-2	626-38-0
607-130-00-2	628-63-7
607-130-00-2	84145-37-9
607-131-00-8	105-68-0
607-131-00-8	2438-20-2
607-131-00-8	624-54-4
607-132-00-3	2867-47-2
607-133-00-9	RR-54520-0
607-133-00-9	RR-54521-1
607-133-00-9	RR-54522-2
607-134-00-4	RR-54567-5
607-134-00-4	RR-54568-6
607-134-00-4	RR-54569-7
607-135-00-X	107-92-6
607-136-00-5	141-75-3
607-137-00-0	105-45-3
607-138-00-6	592-34-7
607-139-00-1	598-78-7
607-140-00-7	79-30-1
607-141-00-2	106-75-2
607-142-00-8	109-61-5
607-143-00-3	109-52-4
607-144-00-9	124-04-9
607-145-00-4	75-75-2
607-146-00-X	110-17-8
607-147-00-5	95-92-1
607-148-00-0	50-01-1
607-149-00-6	51-79-6
607-150-00-1	145-73-3
607-151-00-7	2312-35-8
607-152-00-2	50-31-7
607-153-00-8	3813-05-6
607-154-00-3	22212-55-1
607-155-00-9	2079-00-7
607-156-00-4	80-33-1
607-157-00-X	56073-07-5
607-158-00-5	3926-62-3
607-159-00-0	510-15-6
607-160-00-6	51337-71-4
607-161-00-1	53404-23-2
607-162-00-7	127-20-8
607-162-00-7	75-99-0
607-163-00-2	520-45-6
607-164-00-8	4418-26-2
607-165-00-3	51338-27-3
607-166-00-9	2487-01-6
607-167-00-4	4312-97-4
607-168-00-X	83-59-0
607-169-00-5	62-74-8
607-170-00-0	31895-22-4
607-172-00-1	56073-10-0
607-173-00-7	118578-14-6
607-174-00-2	RR-42413-5
607-175-00-8	39562-27-1
607-176-00-3	RR-02610-8
607-177-00-9	101200-48-0
607-178-00-4	83055-99-6
607-179-00-X	95154-01-1
607-180-00-5	96566-70-0
607-181-00-0	101513-70-6
607-182-00-6	59337-93-8
607-183-00-1	149144-82-1
607-184-00-7	85702-90-5
607-185-00-2	1117-37-9
607-186-00-8	84087-01-4
607-187-00-3	62782-03-0
607-188-00-9	148292-42-6
607-189-00-4	1939-36-2
607-190-00-X	77402-03-0
607-191-00-5	100181-71-3
607-192-00-0	92511-22-3
607-194-00-1	108-32-7
607-195-00-7	108-65-6
607-196-00-2	111-14-8
607-197-00-8	112-05-0
607-198-00-3	121-79-9
607-199-00-9	1034-01-1
607-200-00-2	1166-52-5
607-201-00-8	463-71-8
607-203-00-9	80387-97-9
607-204-00-4	81161-70-8
607-205-00-X	96-34-4
607-206-00-5	105-48-6
607-207-00-0	87237-48-7
607-208-00-6	91853-67-7
607-209-00-1	137398-54-0
607-210-00-7	77402-05-2
607-211-00-2	6386-39-6
607-212-00-8	RR-02588-7
607-213-00-3	67567-23-1
607-214-00-9	19247-05-3
607-215-00-4	107551-67-7
607-216-00-X	164907-72-6
607-217-00-5	147014-52-6
607-218-00-0	15165-67-0
607-219-00-6	62268-47-7
607-221-00-7	130263-41-1
607-222-00-2	63740-41-0
607-223-00-8	118712-89-3
607-224-00-3	39562-17-9
607-225-00-9	15980-11-7
607-226-00-4	RR-54624-7
607-227-00-X	120447-91-8
607-228-00-5	117-82-8
607-229-00-0	88-10-8
607-230-00-6	149-57-5
607-230-00-6	RR-142560-1
607-231-00-1	1702-17-6
607-232-00-7	55512-33-9
607-233-00-2	2499-95-8
607-234-00-8	467-69-6
607-235-00-3	137-05-3
607-236-00-9	7085-85-0
607-237-00-4	72850-64-7
607-238-00-X	102851-06-9
607-239-00-5	39515-41-8
607-240-00-0	11070-44-3
607-240-00-0	1694-82-2
607-240-00-0	26590-20-5
607-240-00-0	34090-76-1
607-240-00-0	3425-89-6
607-240-00-0	42498-58-8
607-240-00-0	5333-84-6
607-241-00-6	19438-60-9
607-241-00-6	25550-51-0
607-241-00-6	48122-14-1
607-241-00-6	57110-29-9
607-242-00-1	117-08-8
607-243-00-7	1982-69-0
607-243-00-7	25059-78-3
607-243-00-7	53404-28-7
607-244-00-2	29590-42-9
607-245-00-8	1663-39-4
607-246-00-3	96-05-9
607-247-00-9	142-90-5
607-248-00-4	132-67-2
607-249-00-X	42978-66-5
607-250-00-5	118-48-9
607-251-00-0	70657-70-4
607-252-00-6	91465-08-6
607-253-00-1	68359-37-5
607-254-00-7	1820573-27-0
607-255-00-2	69377-81-7
607-256-00-8	131860-33-8
607-257-00-3	637-78-5
607-258-00-9	70950-45-7
607-259-00-4	105560-93-8
607-260-00-X	39562-16-8
607-261-00-5	118832-72-7
607-262-00-0	86393-33-1
607-263-00-6	148434-01-9
607-264-00-1	53250-83-2
607-265-00-7	52460-86-3
607-266-00-2	130296-87-6
607-267-00-8	33610-13-8
607-268-00-3	61597-96-4
607-269-00-9	94050-90-5
607-270-00-4	90498-90-1
607-271-00-X	156324-82-2
607-272-00-5	154486-27-8
607-272-00-5	81406-37-3
607-273-00-0	139893-43-9
607-274-00-6	54527-73-0
607-275-00-1	66531-87-1
607-276-00-7	RR-06974-9
607-277-00-2	RR-07023-5
607-278-00-8	RR-07054-2
607-279-00-3	RR-07046-2
607-280-00-9	54322-20-2
607-281-00-4	127519-17-9
607-282-00-X	131266-10-9
607-283-00-5	15121-89-8
607-284-00-0	136213-76-8
607-285-00-6	RR-06961-4
607-286-00-1	141880-36-6
607-287-00-7	690229-09-5
607-288-00-2	148732-74-5
607-289-00-8	105488-33-3
607-290-00-3	RR-06962-5
607-291-00-9	104051-92-5
607-292-00-4	RR-07034-8
607-293-00-X	RR-06960-3
607-294-00-5	RR-07052-0
607-295-00-0	143239-08-1
607-296-00-6	55762-56-6
607-297-00-1	92761-26-7
607-298-00-7	RR-07064-4
607-299-00-2	97101-46-7
607-300-00-6	RR-07066-6
607-301-00-1	RR-07010-0
607-302-00-7	RR-07056-4
607-303-00-2	93107-30-3
607-304-00-8	69806-50-4
607-305-00-3	79241-46-6
607-306-00-9	84332-86-5
607-307-00-4	50471-44-8
607-308-00-X	RR-04015-3
607-309-00-5	128639-02-1
607-310-00-0	143390-89-0
607-311-00-6	25059-80-7
607-312-00-1	625-45-6
607-313-00-7	40292-82-8
607-314-00-2	26225-79-6
607-315-00-8	1071-83-6
607-316-00-3	81591-81-3
607-317-00-9	117-81-7
607-318-00-4	84-74-2
607-319-00-X	52918-63-5
607-320-00-5	130066-57-8
607-321-00-0	73246-45-4
607-322-00-6	107144-30-9
607-323-00-1	123968-25-2
607-324-00-7	RR-06997-6
607-325-00-2	29617-66-1
607-326-00-8	141847-13-4
607-327-00-3	127047-77-2
607-328-00-9	70264-94-7
607-329-00-4	RR-07053-1
607-330-00-X	79815-20-6
607-331-00-5	122586-52-1
607-332-00-0	50715-28-1
607-333-00-6	138359-27-0
607-334-00-1	100501-62-0
607-335-00-7	72619-32-0
607-336-00-2	122760-85-4
607-337-00-8	125078-60-6
607-338-00-3	72531-53-4
607-339-00-9	42221-52-3
607-340-00-4	RR-06968-1
607-341-00-X	26116-56-3
607-342-00-5	69788-75-6
607-343-00-0	RR-07033-7
607-344-00-6	RR-07002-0
607-345-00-1	113963-87-4
607-346-00-7	83708-14-9
607-347-00-2	119299-10-4
607-348-00-8	164058-21-3
607-349-00-3	RR-07043-9
607-350-00-9	136210-32-7
607-351-00-4	69184-17-4
607-352-00-X	1823-59-2
607-353-00-5	80657-64-3
607-354-00-0	2511-00-4
607-355-00-6	15024-10-9
607-356-00-1	22471-55-2
607-357-00-7	131766-73-9
607-358-00-2	54275-93-3
607-359-00-8	76109-32-5
607-360-00-3	133167-77-8
607-361-00-9	96562-58-2
607-362-00-4	RR-07035-9
607-363-00-X	5739-81-1
607-363-00-X	5788-17-0
607-364-00-5	134724-55-3
607-365-00-0	119154-86-8
607-366-00-6	6613-44-1
607-367-00-1	153352-59-1
607-368-00-7	110895-43-7
607-369-00-2	147027-04-1
607-370-00-8	41620-33-1
607-371-00-3	88150-62-3
607-372-00-9	RR-07014-4
607-373-00-4	200509-41-7
607-374-00-X	37441-29-5
607-375-00-5	90035-08-8
607-376-00-0	23085-60-1
607-377-00-6	90657-55-9
607-378-00-1	97148-39-5
607-379-00-7	55349-70-7
607-380-00-2	RR-10888-3
607-381-00-8	RR-11230-1
607-382-00-3	117907-43-4
607-383-00-9	86403-32-9
607-384-00-4	171090-93-0
607-385-00-X	125229-74-5
607-386-00-5	174591-51-6
607-387-00-0	58856-63-6
607-388-00-6	2788-74-1
607-389-00-1	119710-96-2
607-390-00-7	41959-35-7
607-391-00-2	6914-71-2
607-392-00-8	88938-37-8
607-393-00-3	106447-44-3
607-394-00-9	5521-55-1
607-395-00-4	RR-10942-2
607-396-00-X	147783-69-5
607-397-00-5	RR-11517-3
607-398-00-0	125630-94-6
607-399-00-6	104468-21-5
607-400-00-X	32750-89-3
607-401-00-5	88805-65-6
607-402-00-0	153441-77-1
607-403-00-6	RR-11313-3
607-404-00-1	RR-11341-7
607-405-00-7	148348-12-3
607-406-00-2	184637-62-5
607-407-00-8	143468-96-6
607-408-00-3	184637-63-6
607-409-00-9	RR-11394-0
607-410-00-4	779343-34-9
607-411-00-X	70987-78-9
607-412-00-5	133481-10-4
607-413-00-0	96314-26-0
607-415-00-1	RR-16653-0
607-416-00-7	115625-86-0
607-417-00-2	628-11-5
607-418-00-8	26218-04-2
607-419-00-3	166596-68-5
607-420-00-9	10097-02-6
607-421-00-4	52315-07-8
607-422-00-X	67375-30-8
607-423-00-5	RR-42882-0
607-423-00-5	RR-54518-6
607-424-00-0	141517-21-7
607-425-00-6	57837-19-1
607-426-00-1	131-18-0
607-426-00-1	605-50-5
607-426-00-1	776297-69-9
607-426-00-1	84777-06-0
607-427-00-7	56634-95-8
607-428-00-2	64-02-8
607-429-00-8	60-00-4
607-430-00-3	85-68-7
607-431-00-9	23031-36-9
607-432-00-4	178961-20-1
607-432-00-4	87392-12-9
607-432-00-4	RR-63064-8
607-433-00-X	RR-17714-0
607-434-00-5	16484-77-8
607-434-00-5	RR-12107-3
607-435-00-0	111969-64-3
607-436-00-6	776326-15-9
607-437-00-1	252977-62-1
607-438-00-7	112941-26-1
607-439-00-2	37443-42-8
607-440-00-8	144740-59-0
607-441-00-3	167684-63-1
607-442-00-9	87460-09-1
607-444-00-X	35541-81-2
607-445-00-5	77214-82-5
607-446-00-0	155522-12-6
607-447-00-6	156738-27-1
607-448-00-1	652-18-6
607-449-00-7	RR-16517-3
607-450-00-2	89604-92-2
607-451-00-8	161935-19-9
607-453-00-9	172964-15-7
607-454-00-4	116193-72-7
607-455-00-X	172890-93-6
607-456-00-5	143269-74-3
607-457-00-0	172277-97-3
607-458-00-6	RR-16735-1
607-459-00-1	778577-25-6
607-460-00-7	778577-53-0
607-461-00-2	RR-11674-5
607-462-00-8	88230-35-7
607-463-00-3	362-03-8
607-464-00-9	RR-16764-6
607-465-00-4	778583-04-3
607-466-00-X	RR-16794-2
607-467-00-5	56533-00-7
607-468-00-0	RR-16644-9
607-469-00-6	120029-06-3
607-470-00-1	154336-20-6
607-471-00-7	151900-44-6
607-473-00-8	187412-41-5
607-474-00-3	117573-89-4
607-475-00-9	148878-18-6
607-476-00-4	129050-62-0
607-477-00-X	256369-40-1
607-478-00-5	79723-02-7
607-479-00-0	168689-49-4
607-480-00-6	68515-42-4
607-481-00-1	RR-18276-3
607-482-00-7	84793-24-8
607-483-00-2	71888-89-6
607-484-00-8	221452-67-1
607-485-00-3	RR-18296-7
607-486-00-9	110081-40-8
607-487-00-4	RR-10662-7
607-488-00-X	147379-38-2
607-489-00-5	71302-79-9
607-490-00-0	1379678-87-1
607-491-00-6	RR-18054-1
607-492-00-1	141773-73-1
607-493-00-7	78850-37-0
607-494-00-2	52894-02-7
607-495-00-8	168151-92-6
607-496-00-3	126050-54-2
607-497-00-9	346608-13-7
607-498-00-4	3681-73-0
607-499-00-X	RR-16810-5
607-500-00-3	RR-16811-6
607-501-00-9	192268-65-8
607-502-00-4	178277-55-9
607-503-00-X	68957-94-8
607-504-00-5	150202-11-2
607-505-00-0	780759-89-9
607-506-00-6	RR-16962-0
607-507-00-1	187026-95-5
607-508-00-7	RR-16974-4
607-509-00-2	88938-23-2
607-510-00-8	76646-91-8
607-511-00-3	RR-17014-9
607-512-00-9	182926-43-8
607-513-00-4	RR-11676-7
607-514-00-X	134841-35-3
607-515-00-5	147732-60-3
607-516-00-0	105996-54-1
607-517-00-6	76932-17-7
607-518-00-1	302-97-6
607-519-00-7	176429-27-9
607-520-00-2	RR-17276-9
607-521-00-8	136210-30-5
607-522-00-3	184246-86-4
607-523-00-9	371921-29-8
607-524-00-4	RR-18278-5
607-525-00-X	64485-90-1
607-526-00-5	15263-53-3
607-527-00-0	RR-16979-9
607-528-00-6	192725-50-1
607-529-00-1	67299-45-0
607-530-00-7	125643-61-0
607-531-00-2	119916-05-1
607-532-00-8	167944-94-7
607-533-00-3	RR-11321-3
607-534-00-9	60658-04-0
607-535-00-4	619297-89-1
607-536-00-X	13335-71-2
607-537-00-5	RR-16560-6
607-539-00-6	198705-81-6
607-540-00-1	162515-68-6
607-541-00-7	28698-31-9
607-542-00-2	RR-16846-7
607-543-00-8	176429-22-4
607-544-00-3	158585-86-5
607-545-00-9	94346-09-5
607-546-00-4	188070-47-5
607-547-00-X	125496-22-2
607-548-00-5	154486-26-7
607-549-00-0	125778-19-0
607-550-00-6	150812-32-1
607-551-00-1	156126-48-6
607-552-00-7	220229-87-8
607-553-00-2	189702-72-5
607-554-00-8	27624-67-5
607-555-00-3	22288-41-1
607-556-00-9	24085-06-1
607-557-00-4	169939-84-8
607-558-00-X	147027-10-9
607-559-00-5	179986-09-5
607-560-00-0	50905-10-7
607-561-00-6	RR-17145-9
607-562-00-1	98769-75-6
607-563-00-7	171850-30-9
607-564-00-2	51178-75-7
607-565-00-8	88150-42-9
607-566-00-3	RR-201690-2
607-567-00-9	RR-18045-0
607-568-00-4	138666-92-9
607-569-00-X	RR-17222-5
607-570-00-5	71420-85-4
607-571-00-0	57374-49-9
607-572-00-6	162208-27-7
607-573-00-1	RR-17241-8
607-574-00-7	77341-67-4
607-575-00-2	RR-18046-1
607-576-00-8	RR-17254-3
607-577-00-3	RR-18050-7
607-578-00-9	RR-18051-8
607-579-00-4	103976-28-9
607-580-00-X	100491-29-0
607-581-00-5	99469-99-5
607-582-00-0	RR-50888-3
607-583-00-6	188907-52-0
607-584-00-1	215612-56-9
607-585-00-7	250639-69-1
607-586-00-2	6195-20-6
607-587-00-8	67914-69-6
607-588-00-3	RR-18109-9
607-589-00-9	91788-83-9
607-590-00-4	210706-50-6
607-591-00-X	RR-18135-1
607-592-00-5	1379678-91-7
607-593-00-0	159235-16-2
607-594-00-6	204254-96-6
607-595-00-1	208535-04-0
607-596-00-7	132584-17-9
607-597-00-2	371921-41-4
607-598-00-8	212652-59-0
607-599-00-3	68860-54-8
607-600-00-7	236391-76-7
607-601-00-2	220410-74-2
607-602-00-8	122665-86-5
607-603-00-3	193562-37-7
607-604-00-9	26739-54-8
607-605-00-4	144550-06-1
607-606-00-X	86978-24-7
607-607-00-5	RR-18266-1
607-608-00-0	RR-18269-4
607-609-00-6	141942-85-0
607-610-00-1	844491-96-9
607-611-00-7	90886-53-6
607-612-00-2	182176-52-9
607-613-00-8	847871-03-8
607-614-00-3	63562-33-4
607-615-00-9	RR-18350-6
607-616-00-4	86393-34-2
607-617-00-X	10138-36-0
607-618-00-5	130-37-0
607-619-00-0	73581-79-0
607-620-00-6	5064-31-3
607-621-00-1	51596-10-2
607-622-00-7	7425-14-1
607-623-00-2	84-69-5
607-624-00-8	1763-23-1
607-624-00-8	2795-39-3
607-624-00-8	29081-56-9
607-624-00-8	29457-72-5
607-624-00-8	70225-14-8
607-625-00-3	105512-06-9
607-626-00-9	103112-35-2
607-627-00-4	162221-28-5
607-628-00-X	171054-89-0
607-629-00-5	123599-82-6
607-630-00-0	4369-14-6
607-631-00-6	RR-28789-8
607-632-00-1	111244-14-5
607-633-00-7	341026-59-3
607-634-00-2	36394-75-9
607-635-00-8	172737-80-3
607-636-00-3	158894-67-8
607-637-00-9	250688-43-8
607-638-00-4	190085-41-7
607-639-00-X	216698-07-6
607-641-00-0	43028-69-9
607-642-00-6	141631-22-3
607-643-00-1	617-55-0
607-644-00-7	81752-87-6
607-645-00-2	243858-01-7
607-646-00-8	124655-09-0
607-647-00-3	143446-73-5
607-649-00-4	167678-46-8
607-650-00-X	145153-52-2
607-651-00-5	91125-43-8
607-652-00-0	60372-77-2
607-653-00-6	225786-91-4
607-654-00-1	7331-52-4
607-655-00-7	1070-64-0
607-656-00-2	141250-43-3
607-657-00-8	172399-10-9
607-658-00-3	371921-63-0
607-659-00-9	321912-47-4
607-660-00-4	321679-52-1
607-661-00-X	114772-40-6
607-662-00-5	87333-22-0
607-663-00-0	127474-91-3
607-664-00-6	393509-79-0
607-665-00-1	101226-85-1
607-666-00-7	88784-33-2
607-667-00-2	99464-83-2
607-668-00-8	42031-28-7
607-669-00-3	376588-17-9
607-670-00-9	500791-70-8
607-671-00-4	72903-27-6
607-672-00-X	RR-16613-2
607-673-00-5	RR-16652-9
607-675-00-6	RR-18028-9
607-676-00-1	186776-88-5
607-677-00-7	RR-17083-2
607-678-00-2	116044-44-1
607-679-00-8	RR-18378-8
607-680-00-3	1379976-09-6
607-681-00-9	RR-18512-6
607-682-00-4	144413-22-9
607-683-00-X	17779-27-0
607-684-00-5	243662-67-1
607-685-00-0	223705-57-5
607-686-00-6	RR-28751-4
607-687-00-1	RR-28827-7
607-688-00-7	RR-28934-9
607-689-00-2	RR-50050-5
607-690-00-8	255387-46-3
607-691-00-3	RR-29009-5
607-692-00-9	RR-28986-1
607-694-00-X	163520-33-0
607-696-00-0	638-49-3
607-697-00-6	20487-40-5
607-698-00-1	98-73-7
607-699-00-7	82657-04-3
607-700-00-0	144171-61-9
607-700-00-0	173584-44-6
607-702-00-1	84-75-3
607-703-00-7	3825-26-1
607-704-00-2	335-67-1
607-705-00-8	65-85-0
607-706-00-3	2905-69-3
607-707-00-9	71283-80-2
607-708-00-4	124-07-2
607-709-00-X	334-48-5
607-710-00-5	68515-50-4
607-711-00-0	203313-25-1
607-712-00-6	31717-87-0
607-713-00-1	134098-61-6
607-714-00-7	126535-15-7
607-715-00-2	149877-41-8
607-716-00-8	28772-56-7
607-717-00-3	104653-34-1
607-718-00-9	21049-39-8
607-718-00-9	375-95-1
607-718-00-9	4149-60-4
607-719-00-4	84-61-7
607-720-00-X	3108-42-7
607-720-00-X	335-76-2
607-720-00-X	3830-45-3
607-721-00-5	5625-90-1
607-722-00-0	1065124-65-3
607-723-00-6	79538-32-2
607-724-00-1	240494-71-7
607-725-00-7	65733-16-6
607-726-00-2	243973-20-8
607-727-00-8	7696-12-0
607-728-00-3	1166-46-7
607-729-00-9	208465-21-8
607-730-00-4	148477-71-8
607-731-00-X	2302-17-2
607-732-00-5	69-72-7
607-733-00-0	400882-07-7
607-734-00-6	7216-95-7
607-735-00-1	67-43-6
607-736-00-7	140-01-2
607-737-00-2	71850-09-4
607-738-00-8	25319-90-8
607-740-00-9	27554-26-3
607-741-00-4	951659-40-8
607-742-00-X	317815-83-1
607-743-00-5	79-33-4
607-744-00-0	3121-61-7
607-745-00-6	298-12-4
607-746-00-1	70161-44-3
607-747-00-7	10222-01-2
607-748-00-2	21293-29-8
607-749-00-8	119-36-8
607-750-00-3	77-92-9
607-751-00-9	97780-06-8
607-752-00-4	95266-40-3
607-753-00-X	78821-43-9
607-754-00-5	118-58-1
607-755-00-0	1101132-67-5
607-756-00-6	5888-33-5
607-757-00-1	1596-84-5
607-758-00-7	80-51-3
607-759-00-2	1576-35-8
607-760-00-8	15141-18-1
607-761-00-3	375-85-9
607-762-00-9	283159-90-0
607-763-00-4	RR-165871-5
607-764-00-X	2156592-54-8
607-765-00-5	RR-165809-9
607-766-00-0	2082-81-7
607-767-00-6	72869-86-4
607-768-00-1	109-16-0
607-769-00-7	42576-02-3
607-770-00-2	26761-45-5
607-771-00-8	177406-68-7
607-772-00-3	6259-76-3
607-773-00-9	2386-87-0
607-774-00-4	100556-82-9
607-774-00-4	17095-24-8
607-774-00-4	RR-189153-8
607-775-00-X	52556-42-0
607-776-00-5	85114-00-7
607-777-00-0	5160-02-1
607-778-00-6	2455-24-5
607-779-00-1	67968-63-2
607-779-00-1	68609-93-8
607-779-00-1	RR-190266-5
607-780-00-7	111-12-6
608-001-00-3	75-05-8
608-002-00-9	545-06-2
608-003-00-4	107-13-1
608-004-00-X	75-86-5
608-005-00-5	109-74-0
608-006-00-0	1689-84-5
608-007-00-6	1689-83-4
608-008-00-1	107-14-2
608-009-00-7	109-77-3
608-010-00-2	126-98-7
608-011-00-8	460-19-5
608-012-00-3	100-47-0
608-013-00-9	873-32-5
608-014-00-4	1897-45-6
608-015-00-X	1194-65-6
608-016-00-5	1897-41-2
608-017-00-0	1689-99-2
608-018-00-6	3861-47-0
608-019-00-1	78-67-1
608-020-00-7	79463-77-7
608-021-00-2	76823-93-3
608-022-00-8	40188-41-8
608-023-00-3	114369-43-6
608-024-00-9	97460-76-9
608-025-00-4	117568-27-1
608-026-00-X	7027-11-4
608-027-00-5	RR-07017-7
608-028-00-0	147374-67-2
608-029-00-6	68612-94-2
608-030-00-1	147741-93-3
608-031-00-7	97384-48-0
608-032-00-2	135410-20-7
608-032-00-2	160430-64-8
608-033-00-8	75511-91-0
608-034-00-3	122453-73-0
608-035-00-9	RR-16634-7
608-036-00-4	79026-02-1
608-037-00-X	RR-16852-5
608-038-00-5	75490-39-0
608-039-00-0	3508-98-3
608-040-00-6	130755-46-3
608-041-00-1	138401-24-8
608-042-00-7	194602-27-2
608-043-00-2	142653-61-0
608-044-00-8	10461-98-0
608-046-00-9	77889-90-8
608-047-00-4	72752-52-4
608-048-00-X	152630-47-2
608-049-00-5	157362-53-3
608-050-00-0	RR-17311-5
608-051-00-6	219861-18-4
608-052-00-1	128173-52-4
608-053-00-7	103146-25-4
608-054-00-2	658080-64-9
608-055-00-8	120068-37-3
608-056-00-3	RR-17302-4
608-057-00-9	208538-34-5
608-058-00-4	66230-04-4
608-059-00-X	120068-79-3
608-060-00-5	138564-59-7
608-062-00-6	82380-18-5
608-063-00-1	61826-76-4
608-064-00-7	RR-18581-9
608-065-00-2	RR-11898-9
608-066-00-8	RR-42662-0
608-067-00-3	5146-66-7
608-068-00-9	958647-10-4
608-069-00-4	131341-86-1
608-070-00-X	35691-65-7
609-001-00-6	108-03-2
609-002-00-1	79-46-9
609-003-00-7	98-95-3
609-004-00-2	100-25-4
609-004-00-2	25154-54-5
609-004-00-2	528-29-0
609-004-00-2	99-65-0
609-005-00-8	99-35-4
609-006-00-3	99-99-0
609-007-00-9	121-14-2
609-007-00-9	25321-14-6
609-008-00-4	118-96-7
609-009-00-X	88-89-1
609-010-00-5	RR-02550-3
609-011-00-0	606-35-9
609-012-00-6	602-99-3
609-013-00-1	632-92-8
609-015-00-2	100-02-7
609-016-00-8	25550-58-7
609-016-00-8	71629-74-8
609-018-00-9	82-71-3
609-019-00-4	15245-44-0
609-019-01-1	RR-58670-9
609-020-00-X	534-52-1
609-021-00-5	2312-76-7
609-021-00-5	5787-96-2
609-022-00-0	2980-64-5
609-023-00-6	39300-45-3
609-024-00-1	485-31-4
609-025-00-7	88-85-7
609-026-00-2	RR-22865-9
609-026-00-2	RR-22866-0
609-027-00-8	63919-26-6
609-028-00-3	131-89-5
609-029-00-9	RR-43329-4
609-029-00-9	RR-43330-7
609-030-00-4	1420-07-1
609-031-00-X	RR-22867-1
609-031-00-X	RR-22868-2
609-032-00-5	13181-17-4
609-033-00-0	4097-36-3
609-034-00-6	RR-43327-2
609-034-00-6	RR-43328-3
609-035-00-1	79-24-3
609-036-00-7	75-52-5
609-037-00-2	602-87-9
609-038-00-8	581-89-5
609-039-00-3	92-93-3
609-040-00-9	1836-75-5
609-041-00-4	51-28-5
609-042-00-X	40487-42-1
609-043-00-5	82-68-8
609-044-00-0	117-18-0
609-045-00-6	8069-76-9
609-046-00-1	1582-09-8
609-047-00-7	91-23-6
609-048-00-2	127-68-4
609-049-00-8	606-20-2
609-050-00-3	602-01-7
609-051-00-9	610-39-9
609-052-00-4	618-85-9
609-053-00-X	4682-01-3
609-054-00-5	329-71-5
609-054-00-5	573-56-8
609-054-00-5	577-71-9
609-054-00-5	66-56-8
609-054-00-5	RR-00263-1
609-055-00-0	619-15-8
609-056-00-6	69094-18-4
609-057-00-1	3847-58-3
609-058-00-7	5428-02-4
609-059-00-2	131657-78-8
609-060-00-8	92952-81-3
609-061-00-3	94097-88-8
609-062-00-9	24403-04-1
609-063-00-4	59320-13-7
609-064-00-X	104206-82-8
609-065-00-5	88-72-2
609-066-00-0	154212-58-5
609-067-00-6	156769-97-0
609-068-00-1	81-15-2
609-069-00-7	81-14-1
609-070-00-2	130841-23-5
609-071-00-8	RR-142034-4
609-072-00-3	1671-49-4
609-073-00-9	RR-28402-6
609-074-00-4	89-61-2
610-001-00-3	76-06-2
610-002-00-9	594-72-9
610-003-00-4	25567-67-3
610-004-00-X	88-88-0
610-005-00-5	100-00-5
610-006-00-0	41587-36-4
610-007-00-6	600-25-9
610-008-00-1	17742-69-7
610-009-00-7	121-87-9
610-010-00-2	35950-52-8
611-001-00-6	103-33-3
611-002-00-1	495-48-7
611-003-00-7	140-56-7
611-004-00-2	592-62-1
611-005-00-8	16071-86-6
611-006-00-3	97-56-3
611-007-00-9	41814-78-2
611-008-00-4	60-09-3
611-009-00-X	148262-87-7
611-010-00-5	106359-94-8
611-011-00-0	164578-09-0
611-012-00-6	114565-65-0
611-013-00-1	117409-78-6
611-014-00-7	115099-55-3
611-015-00-2	116889-78-2
611-016-00-8	159405-95-5
611-017-00-3	164578-14-7
611-018-00-9	128351-36-0
611-019-00-4	106028-58-4
611-020-00-X	116340-05-7
611-021-00-5	110260-50-9
611-022-00-0	124737-31-1
611-023-00-6	129009-88-7
611-024-00-1	RR-03757-0
611-025-00-7	1937-37-7
611-026-00-2	2602-46-2
611-027-00-8	573-58-0
611-028-00-3	123-77-3
611-029-00-9	RR-03765-0
611-030-00-4	RR-00520-9
611-031-00-X	569-61-9
611-032-00-5	2475-45-8
611-033-00-0	82027-60-9
611-034-00-6	105076-77-5
611-035-00-1	107246-80-0
611-036-00-7	149172-69-0
611-037-00-2	124584-00-5
611-038-00-8	224427-14-9
611-039-00-3	117715-57-8
611-040-00-9	115099-58-6
611-041-00-4	98809-11-1
611-042-00-X	136213-71-3
611-043-00-5	RR-07067-7
611-044-00-0	117527-94-3
611-045-00-6	122063-39-2
611-046-00-1	43151-99-1
611-047-00-7	111381-11-4
611-048-00-2	111381-12-5
611-049-00-8	118658-98-3
611-050-00-3	RR-11354-2
611-051-00-9	136213-74-6
611-052-00-4	148262-89-9
611-053-00-X	2997-92-4
611-055-00-0	2832-40-8
611-056-00-6	842-07-9
611-057-00-1	85136-74-9
611-058-00-7	108225-03-2
611-059-00-2	148878-21-1
611-060-00-8	187285-15-0
611-061-00-3	157627-98-0
611-062-00-9	RR-07047-3
611-063-00-4	164058-22-4
611-064-00-X	124719-26-2
611-065-00-5	111850-24-9
611-066-00-0	130201-57-9
611-067-00-6	25188-46-9
611-068-00-1	85665-98-1
611-069-00-7	RR-07006-4
611-070-00-2	118685-33-9
611-071-00-8	131013-81-5
611-072-00-3	118208-02-9
611-073-00-9	122630-55-1
611-074-00-4	RR-07055-3
611-075-00-X	RR-07069-9
611-076-00-5	117584-16-4
611-077-00-0	126637-70-5
611-078-00-6	159604-94-1
611-079-00-1	147703-64-8
611-080-00-7	147703-65-9
611-081-00-2	141048-13-7
611-082-00-8	RR-07049-5
611-083-00-3	RR-07015-5
611-085-00-4	RR-06987-4
611-086-00-X	RR-07041-7
611-087-00-5	RR-06988-5
611-088-00-0	RR-07063-3
611-089-00-6	136213-73-5
611-090-00-1	93672-52-7
611-091-00-7	134595-59-8
611-092-00-2	192662-33-2
611-093-00-8	146177-84-6
611-094-00-3	143145-93-1
611-095-00-9	89797-03-5
611-096-00-4	149850-30-6
611-097-00-X	RR-06998-7
611-098-00-5	131013-83-7
611-099-00-0	118658-99-4
611-100-00-4	140876-13-7
611-101-00-X	104366-25-8
611-102-00-5	RR-17073-0
611-103-00-0	RR-10875-8
611-104-00-6	RR-10799-3
611-105-00-1	136213-75-7
611-106-00-7	157627-99-1
611-107-00-2	RR-11710-2
611-108-00-8	6527-62-4
611-109-00-3	90880-77-6
611-110-00-9	124605-82-9
611-111-00-4	RR-11265-2
611-112-00-X	RR-11119-3
611-113-00-5	149626-00-6
611-114-00-0	149564-66-9
611-115-00-6	149564-65-8
611-116-00-1	RR-11301-9
611-117-00-7	149850-29-3
611-118-00-2	149850-31-7
611-119-00-8	148878-22-2
611-120-00-3	157707-94-3
611-121-00-9	30785-74-1
611-122-00-4	151436-99-6
611-123-00-X	178452-66-9
611-124-00-5	180778-23-8
611-125-00-0	RR-17028-5
611-126-00-6	174514-06-8
611-127-00-1	RR-17018-3
611-128-00-7	171599-85-2
611-129-00-2	163879-69-4
611-130-00-8	183130-96-3
611-131-00-3	151798-26-4
611-132-00-9	178452-71-6
611-133-00-4	RR-16631-4
611-134-00-X	RR-17016-1
611-135-00-5	RR-17047-8
611-136-00-0	784157-49-9
611-137-00-6	159038-16-1
611-138-00-1	152828-25-6
611-139-00-7	220150-59-4
611-140-00-2	68049-83-2
611-141-00-8	187285-16-1
611-142-00-3	RR-17168-6
611-143-00-9	RR-18124-8
611-144-00-4	214362-06-8
611-145-00-X	RR-18207-0
611-146-00-5	RR-17312-6
611-147-00-0	205764-96-1
611-148-00-6	RR-17308-0
611-149-00-1	193486-83-8
611-150-00-7	252579-81-0
611-151-00-2	495-54-5
611-152-00-8	532-82-1
611-152-00-8	63681-54-9
611-152-00-8	75660-25-2
611-152-00-8	79234-33-6
611-152-00-8	83968-67-6
611-152-00-8	84196-22-5
611-153-00-3	85407-90-5
611-153-00-3	94247-67-3
611-154-00-9	92408-46-3
611-155-00-4	7456-68-0
611-156-00-X	221354-37-6
611-157-00-5	243869-48-9
611-158-00-0	RR-16797-5
611-160-00-1	RR-16945-9
611-161-00-7	371973-51-2
611-162-00-2	1026988-42-0
611-163-00-8	RR-18219-4
611-164-00-3	RR-18229-6
611-165-00-9	RR-18412-3
611-166-00-4	RR-18436-1
611-167-00-X	RR-18723-5
611-168-00-5	RR-18741-7
611-169-00-0	RR-18774-6
611-170-00-6	RR-18779-1
611-171-00-1	RR-18801-2
611-172-00-7	RR-28551-8
611-173-00-2	RR-28690-8
611-174-00-8	457624-86-1
611-175-00-3	RR-28915-6
611-176-00-9	RR-50493-8
611-177-00-4	508202-43-5
611-178-00-X	371921-40-3
611-179-00-5	RR-51068-9
611-180-00-0	RR-16553-7
611-181-00-6	66603-10-9
611-182-00-1	68516-81-4
612-001-00-9	124-40-3
612-001-00-9	74-89-5
612-001-00-9	75-50-3
612-001-01-6	RR-07077-9
612-001-01-6	RR-07080-4
612-001-01-6	RR-07081-5
612-002-00-4	75-04-7
612-003-00-X	109-89-7
612-004-00-5	121-44-8
612-005-00-0	109-73-9
612-006-00-6	107-15-3
612-007-00-1	75-31-0
612-008-00-7	62-53-3
612-009-00-2	RR-02552-5
612-010-00-8	27134-26-5
612-011-00-3	659-49-4
612-012-00-9	100-01-6
612-012-00-9	88-74-4
612-012-00-9	99-09-2
612-013-00-4	121-47-1
612-014-00-X	121-57-3
612-015-00-5	100-61-8
612-016-00-0	121-69-7
612-017-00-6	479-45-8
612-018-00-1	131-73-7
612-019-00-7	2844-92-0
612-020-00-2	134-32-7
612-022-00-3	91-59-8
612-023-00-9	100-63-0
612-023-00-9	27140-08-5
612-023-00-9	52033-74-6
612-023-00-9	59-88-1
612-024-00-4	108-44-1
612-025-00-X	60999-18-0
612-026-00-5	122-39-4
612-027-00-0	1300-73-8
612-028-00-6	106-50-3
612-029-00-1	624-18-0
612-030-00-7	615-50-9
612-030-00-7	6369-59-1
612-031-00-2	2836-04-6
612-031-00-2	99-98-9
612-032-00-8	100-22-1
612-033-00-3	95-55-6
612-034-00-9	96-91-3
612-034-01-6	RR-58685-6
612-035-00-4	90-04-0
612-036-00-X	119-90-4
612-037-00-5	RR-02088-2
612-038-00-0	96-96-8
612-039-00-6	94-70-2
612-040-00-1	97-02-9
612-041-00-7	119-93-7
612-042-00-2	92-87-5
612-043-00-8	2810-74-4
612-044-00-3	613-35-4
612-046-00-4	107-11-9
612-047-00-X	100-46-9
612-048-00-5	142-84-7
612-049-00-0	111-92-2
612-049-00-0	626-23-3
612-050-00-6	108-91-8
612-051-00-1	101-77-9
612-052-00-7	13250-12-9
612-052-00-7	13952-84-6
612-052-00-7	513-49-5
612-053-00-2	103-69-5
612-054-00-8	91-66-7
612-055-00-3	611-21-2
612-055-00-3	623-08-5
612-055-00-3	696-44-6
612-056-00-9	121-72-2
612-056-00-9	609-72-3
612-056-00-9	99-97-8
612-057-00-4	110-85-0
612-057-01-1	RR-190043-2
612-058-00-X	111-40-0
612-059-00-5	112-24-3
612-060-00-0	112-57-2
612-061-00-6	109-55-7
612-062-00-1	104-78-9
612-063-00-7	56-18-8
612-064-00-2	4067-16-7
612-065-00-8	RR-02554-7
612-066-00-3	101-83-7
612-067-00-9	2855-13-2
612-068-00-4	91-94-1
612-069-00-X	RR-02089-3
612-070-00-5	21136-70-9
612-070-00-5	36341-27-2
612-070-00-5	531-85-1
612-070-00-5	531-86-2
612-071-00-0	553-00-4
612-071-00-0	612-52-2
612-072-00-6	92-67-1
612-073-00-1	RR-02085-9
612-074-00-7	103-83-3
612-075-00-2	108-00-9
612-076-00-8	598-56-1
612-077-00-3	62-75-9
612-078-00-9	101-14-4
612-079-00-4	RR-02090-6
612-080-00-X	93-05-0
612-081-00-5	612-82-8
612-081-00-5	64969-36-4
612-081-00-5	74753-18-7
612-082-00-0	62-56-6
612-083-00-6	70-25-7
612-084-00-1	80-08-0
612-085-00-7	838-88-0
612-086-00-2	33089-61-1
612-087-00-8	108173-90-6
612-088-00-3	122-34-9
612-089-00-9	2243-62-1
612-090-00-4	1116-54-7
612-091-00-X	95-53-4
612-092-00-5	1000-78-8
612-093-00-0	104147-32-2
612-094-00-6	113674-95-6
612-095-00-1	113694-52-3
612-096-00-7	492-80-8
612-097-00-2	RR-02560-5
612-098-00-8	621-64-7
612-099-00-3	95-80-7
612-100-00-7	78-90-0
612-101-00-2	100-97-0
612-102-00-8	105-83-9
612-103-00-3	110-18-9
612-104-00-9	124-09-4
612-105-00-4	140-31-8
612-106-00-X	579-66-8
612-107-00-5	618-36-0
612-107-00-5	98-84-0
612-108-00-0	919-30-2
612-109-00-6	3030-47-5
612-110-00-1	6864-37-5
612-111-00-7	823-40-5
612-112-00-2	104-94-9
612-113-00-8	106264-79-3
612-114-00-3	88976-55-0
612-115-00-9	123312-54-9
612-116-00-4	68132-19-4
612-117-00-X	119415-07-5
612-118-00-5	118725-24-9
612-119-00-0	124088-59-1
612-120-00-6	74070-46-5
612-121-00-1	68131-73-7
612-122-00-7	RR-33657-2
612-122-01-4	RR-33658-3
612-123-00-2	10039-54-0
612-123-00-2	5470-11-1
612-124-00-8	138-24-9
612-125-00-3	95-70-5
612-126-00-9	65321-67-7
612-127-00-4	591-27-5
612-128-00-X	123-30-8
612-129-00-5	108-18-9
612-130-00-0	2095-01-4
612-130-00-0	2095-02-5
612-130-00-0	68479-98-1
612-131-00-6	7173-51-5
612-132-00-1	74-31-7
612-133-00-7	25646-77-9
612-134-00-2	25646-71-3
612-135-00-8	135-88-6
612-136-00-3	101-72-4
612-137-00-9	106-47-8
612-138-00-4	57646-30-7
612-139-00-X	73250-68-7
612-140-00-5	63449-41-2
612-141-00-0	19900-65-3
612-142-00-6	90-41-5
612-143-00-1	2051-79-8
612-144-00-7	62924-70-3
612-145-00-2	95-54-5
612-146-00-8	615-28-1
612-147-00-3	108-45-2
612-148-00-9	541-69-5
612-149-00-4	102-06-7
612-150-00-X	118134-30-8
612-151-00-5	25376-45-8
612-152-00-0	62478-82-4
612-153-00-6	132885-85-9
612-154-00-1	95235-29-3
612-155-00-7	93071-94-4
612-156-00-2	RR-145685-5
612-157-00-8	RR-06967-0
612-158-00-3	RR-06970-5
612-159-00-9	147170-38-5
612-160-00-4	106-49-0
612-160-00-4	540-23-8
612-160-00-4	540-25-0
612-161-00-X	87-62-7
612-162-00-5	107-64-2
612-163-00-0	70630-17-0
612-164-00-6	137605-95-9
612-165-00-1	65181-78-4
612-166-00-7	114765-88-7
612-167-00-2	RR-06956-7
612-168-00-8	2840-00-8
612-169-00-3	618-26-8
612-170-00-9	94050-51-8
612-171-00-4	130728-76-6
612-172-00-X	13474-64-1
612-173-00-5	125328-86-1
612-174-00-0	19060-15-2
612-175-00-6	37866-45-8
612-176-00-1	143747-73-3
612-177-00-7	104295-55-8
612-178-00-2	112193-77-8
612-179-00-8	25965-81-5
612-180-00-3	4403-70-7
612-181-00-9	1134-94-7
612-182-00-4	65756-41-4
612-183-00-X	69227-51-6
612-184-00-5	89331-94-2
612-185-00-0	59493-72-0
612-186-00-6	149057-64-7
612-187-00-1	3862-73-5
612-188-00-7	107934-68-9
612-189-00-2	135043-64-0
612-190-00-8	16298-38-7
612-191-00-3	71550-12-4
612-192-00-9	154212-60-9
612-193-00-4	18759-96-1
612-194-00-X	141890-30-4
612-195-00-5	160236-81-7
612-196-00-0	3165-93-3
612-196-00-0	95-69-2
612-197-00-6	137-17-7
612-197-00-6	21436-97-5
612-198-00-1	139-65-1
612-198-00-1	RR-17715-1
612-199-00-7	101-80-4
612-199-00-7	RR-17716-2
612-200-00-0	39156-41-7
612-200-00-0	615-05-4
612-201-00-6	101-61-1
612-202-00-1	95-76-1
612-203-00-7	1379678-84-8
612-204-00-2	548-62-9
612-205-00-8	RR-17717-3
612-206-00-3	131807-57-3
612-207-00-9	156-43-4
612-208-00-4	283167-56-6
612-209-00-X	120-71-8
612-210-00-5	51085-52-0
612-210-00-5	99-55-8
612-211-00-0	170292-97-4
612-212-00-6	24279-39-8
612-213-00-1	148348-13-4
612-214-00-7	89114-90-9
612-215-00-2	179104-32-6
612-216-00-8	19450-38-5
612-217-00-3	37143-54-7
612-219-00-4	103430-24-6
612-220-00-X	153719-38-1
612-221-00-5	4274-38-8
612-222-00-0	104860-26-6
612-223-00-6	186450-73-7
612-224-00-1	121246-28-4
612-225-00-7	294-90-6
612-226-00-2	6903-18-0
612-227-00-8	120606-08-8
612-228-00-3	RR-11276-5
612-229-00-9	110235-47-7
612-230-00-4	RR-18387-9
612-231-00-X	164288-56-6
612-232-00-5	186148-38-9
612-237-00-2	10046-00-1
612-237-00-2	19098-16-9
612-237-00-2	20845-01-6
612-237-00-2	53933-48-5
612-238-00-8	3327-22-8
612-239-00-3	91-95-2
612-240-00-9	53112-28-0
612-241-00-4	142-64-3
612-241-00-4	1951-97-9
612-241-00-4	6094-40-2
612-242-00-X	121552-61-2
612-243-00-5	79617-97-3
612-244-00-0	87691-88-1
612-245-00-6	19398-06-2
612-246-00-1	40722-80-3
612-247-00-7	152828-23-4
612-248-00-2	RR-28596-1
612-249-00-8	159939-85-2
612-250-00-3	3724-43-4
612-251-00-9	51229-78-8
612-252-00-4	138261-41-3
612-253-00-X	RR-60003-3
612-253-01-7	RR-60004-4
612-254-00-5	220444-73-5
612-255-00-0	179474-79-4
612-256-00-6	137864-22-3
612-257-00-1	35687-90-2
612-259-00-2	227085-51-0
612-261-00-3	121451-05-6
612-265-00-5	191617-13-7
612-266-00-0	202197-26-0
612-267-00-6	143925-92-2
612-269-00-7	RR-16729-3
612-270-00-2	RR-18522-8
612-271-00-8	160987-57-5
612-272-00-3	RR-18720-2
612-273-00-9	RR-18761-1
612-274-00-4	839705-03-2
612-275-00-X	206565-89-1
612-276-00-5	500717-36-2
612-277-00-0	586372-44-3
612-278-00-6	1239-45-8
612-279-00-1	144177-62-8
612-280-00-7	132-32-1
612-281-00-2	129-73-7
612-282-00-8	124-30-1
612-283-00-3	112-90-3
612-284-00-9	61788-45-2
612-285-00-4	61788-46-3
612-286-00-X	61790-33-8
612-287-00-5	79622-59-6
612-288-00-0	41483-43-6
612-289-00-6	68694-11-1
612-290-00-1	RR-129696-4
612-291-00-7	95566-38-4
612-292-00-2	60-34-4
612-293-00-8	897393-42-9
612-294-00-3	3006-10-8
612-295-00-9	1861-40-1
612-296-00-4	99-97-8
612-297-00-X	729-43-1
612-298-00-5	68953-84-4
612-299-00-0	67306-00-7
612-300-00-4	90-30-2
612-301-00-X	165252-70-0
613-001-00-1	151-56-4
613-002-00-7	110-86-1
613-003-00-2	6202-15-9
613-004-00-8	535-89-7
613-007-00-4	1014-69-3
613-008-00-X	533-74-4
613-009-00-5	108-77-0
613-010-00-0	834-12-8
613-011-00-6	61-82-5
613-012-00-1	25057-89-0
613-013-00-7	21725-46-2
613-014-00-2	91-53-2
613-015-00-8	14255-88-0
613-016-00-3	3878-19-1
613-017-00-9	134-31-6
613-018-00-4	7411-47-4
613-019-00-X	93-75-4
613-020-00-5	24602-86-6
613-021-00-0	3347-22-6
613-022-00-6	8003-34-7
613-023-00-1	121-21-1
613-024-00-7	121-29-9
613-025-00-2	25402-06-6
613-026-00-8	121-20-0
613-027-00-3	110-89-4
613-028-00-9	110-91-8
613-029-00-4	2782-57-2
613-030-00-X	2244-21-5
613-030-00-X	2893-78-9
613-030-01-7	51580-86-0
613-031-00-5	87-90-1
613-032-00-0	13108-52-6
613-033-00-6	75-55-8
613-034-00-1	1739-84-0
613-035-00-7	616-47-7
613-036-00-2	109-06-8
613-037-00-8	108-89-4
613-038-00-3	91-76-9
613-039-00-9	96-45-7
613-040-00-4	60207-31-0
613-041-00-X	15159-40-7
613-042-00-5	35554-44-0
613-043-00-0	58594-72-2
613-043-00-0	83918-57-4
613-043-01-8	RR-17723-1
613-043-01-8	RR-17724-2
613-044-00-6	133-06-2
613-045-00-1	133-07-3
613-046-00-7	2425-06-1
613-047-00-2	644-64-4
613-048-00-8	10605-21-7
613-049-00-3	17804-35-2
613-050-00-9	6804-07-5
613-051-00-4	2212-67-1
613-052-00-X	1420-06-0
613-053-00-5	101-05-3
613-054-00-0	148-79-8
613-056-00-1	43222-48-6
613-057-00-7	1593-77-7
613-058-00-2	52645-53-1
613-059-00-8	26399-36-0
613-060-00-3	10453-86-8
613-061-00-9	15662-33-6
613-062-00-4	8051-02-3
613-063-00-X	26259-45-0
613-064-00-5	51-14-9
613-065-00-0	1014-70-6
613-066-00-6	33693-04-8
613-067-00-1	139-40-2
613-068-00-7	1912-24-9
613-069-00-2	105-60-2
613-070-00-8	2122-19-2
613-071-00-3	69045-82-5
613-072-00-9	91273-04-0
613-073-00-4	10357-99-0
613-074-00-X	82560-06-3
613-075-00-5	89415-87-2
613-076-00-0	79456-26-1
613-077-00-6	RR-02612-0
613-078-00-1	106990-43-6
613-079-00-7	101051-62-1
613-080-00-2	105254-85-1
613-081-00-8	26576-84-1
613-082-00-3	148292-41-5
613-083-00-9	133514-97-3
613-084-00-4	106359-93-7
613-085-00-X	RR-02613-1
613-086-00-5	58-08-2
613-087-00-0	110-01-0
613-088-00-6	2634-33-5
613-089-00-1	4032-26-2
613-089-00-1	85-00-7
613-089-00-1	94021-76-8
613-090-00-7	1910-42-5
613-090-00-7	2074-50-2
613-091-00-2	29873-36-7
613-091-00-2	4636-83-3
613-092-00-8	66-71-7
613-093-00-3	85153-92-0
613-094-00-9	5248-39-5
613-095-00-4	92484-48-5
613-096-00-X	62096-63-3
613-097-00-5	111298-82-9
613-098-00-0	2687-94-7
613-099-00-6	2687-96-9
613-100-00-X	164578-11-4
613-101-00-5	110799-28-5
613-102-00-0	110488-70-5
613-103-00-6	118685-34-0
613-104-00-1	164578-13-6
613-105-00-7	124537-30-0
613-106-00-2	160683-19-2
613-107-00-8	76508-02-6
613-108-00-3	149-30-4
613-109-00-9	94-37-1
613-110-00-4	61432-55-1
613-111-00-X	288-88-0
613-112-00-5	26530-20-1
613-113-00-0	102-77-2
613-114-00-6	4719-04-4
613-115-00-1	10004-44-1
613-116-00-7	RR-60025-9
613-116-01-4	RR-60024-8
613-117-00-2	83657-24-3
613-118-00-8	37893-02-0
613-119-00-3	21564-17-0
613-120-00-9	28434-01-7
613-121-00-4	64902-72-3
613-122-00-X	75736-33-3
613-123-00-5	33813-20-6
613-124-00-0	67564-91-4
613-125-00-6	78587-05-0
613-126-00-1	81334-34-1
613-127-00-7	24307-26-4
613-128-00-2	67747-09-5
613-129-00-8	41394-05-2
613-131-00-9	57369-32-1
613-132-00-4	51235-04-2
613-133-00-X	2593-15-9
613-134-00-5	88671-89-0
613-135-00-0	120-78-5
613-136-00-6	95-33-0
613-137-00-1	18691-97-9
613-138-00-7	124495-18-7
613-139-00-2	74223-64-6
613-140-00-8	66-81-9
613-141-00-3	93686-63-6
613-142-00-9	121315-16-0
613-143-00-4	10551-42-5
613-144-00-X	125139-08-4
613-145-00-5	77497-97-3
613-146-00-0	4186-71-4
613-147-00-6	111681-72-2
613-148-00-1	143683-23-2
613-149-00-7	96489-71-3
613-150-00-2	128344-23-0
613-151-00-8	104218-44-2
613-152-00-3	89392-03-0
613-153-00-9	16063-70-0
613-154-00-4	5734-64-5
613-155-00-X	89402-43-7
613-156-00-5	83857-96-9
613-157-00-0	54236-98-5
613-158-00-6	69045-84-7
613-159-00-1	120928-09-8
613-160-00-7	125224-62-6
613-161-00-2	76145-91-0
613-162-00-8	100988-63-4
613-163-00-3	120162-55-2
613-164-00-9	142459-58-3
613-165-00-4	144740-54-5
613-166-00-X	103361-09-7
613-167-00-5	55965-84-9
613-168-00-0	88-12-0
613-169-00-6	1484-13-5
613-170-00-1	694-64-4
613-171-00-7	79983-71-4
613-172-00-2	17630-75-0
613-173-00-8	136426-54-5
613-174-00-3	112281-77-3
613-175-00-9	133855-98-8
613-176-00-4	4524-95-2
613-177-00-X	5470-82-6
613-178-00-5	137796-06-6
613-179-00-0	111337-53-2
613-180-00-6	3741-80-8
613-181-00-1	67485-29-4
613-182-00-7	65322-65-8
613-183-00-2	RR-11225-4
613-184-00-8	103969-79-5
613-185-00-3	82633-79-2
613-186-00-9	76855-69-1
613-187-00-4	RR-10956-8
613-188-00-X	116256-11-2
613-189-00-5	52667-88-6
613-190-00-0	149530-93-8
613-191-00-6	143860-04-2
613-192-00-1	151860-15-0
613-193-00-7	251654-72-5
613-194-00-2	163062-28-0
613-195-00-8	18600-59-4
613-196-00-3	168113-78-8
613-197-00-9	187547-46-2
613-198-00-4	145963-84-4
613-199-00-X	RR-16800-3
613-200-00-3	RR-16746-4
613-201-00-9	143322-57-0
613-202-00-4	123312-89-0
613-203-00-X	129630-17-7
613-203-00-X	129630-19-9
613-204-00-5	39807-15-3
613-205-00-0	60207-90-1
613-206-00-6	161326-34-7
613-208-00-7	114311-32-9
613-209-00-2	63645-17-0
613-210-00-8	88128-57-8
613-211-00-3	74401-04-0
613-212-00-9	133467-41-1
613-213-00-4	120807-02-5
613-214-00-X	147613-95-4
613-215-00-5	72830-09-2
613-216-00-0	162208-01-7
613-217-00-6	73754-27-5
613-218-00-1	2380-86-1
613-219-00-7	79185-77-6
613-220-00-2	147086-81-5
613-221-00-8	18368-64-4
613-222-00-3	5117-12-4
613-223-00-9	93957-49-4
613-224-00-4	136122-15-1
613-225-00-X	RR-16765-7
613-226-00-5	163831-67-2
613-227-00-0	99199-90-3
613-228-00-6	793669-26-8
613-229-00-1	106917-31-1
613-230-00-7	145701-23-1
613-231-00-2	28365-08-4
613-232-00-8	163269-30-5
613-233-00-3	56552-15-9
613-234-00-9	18087-70-2
613-235-00-4	6364-17-6
613-236-00-X	65753-47-1
613-237-00-5	133949-92-5
613-238-00-0	81992-66-7
613-239-00-6	64137-52-6
613-241-00-7	3250-74-6
613-242-00-2	191877-09-5
613-243-00-8	182235-14-9
613-244-00-3	21873-52-9
613-245-00-9	94239-04-0
613-246-00-4	103577-66-8
613-247-00-X	107786-36-7
613-248-00-5	2820-37-3
613-249-00-0	155601-30-2
613-250-00-6	145899-78-1
613-251-00-1	180637-89-2
613-253-00-2	RR-18302-8
613-254-00-8	68157-60-8
613-255-00-3	RR-17049-0
613-256-00-9	38313-48-3
613-257-00-4	170222-39-6
613-258-00-X	202420-04-0
613-259-00-5	72963-72-5
613-260-00-0	RR-18312-0
613-261-00-6	4023-02-3
613-262-00-1	180850-95-7
613-263-00-7	RR-17306-8
613-266-00-3	105827-91-6
613-267-00-9	153719-23-4
613-268-00-4	151213-39-7
613-269-00-X	26364-65-8
613-270-00-5	113171-13-4
613-271-00-0	142469-14-5
613-272-00-6	175013-18-0
613-273-00-1	192439-46-6
613-274-00-7	140623-89-8
613-275-00-2	93076-03-0
613-276-00-8	98377-35-6
613-277-00-3	RR-17258-7
613-278-00-9	79568-06-2
613-279-00-4	43057-68-7
613-280-00-X	7226-23-5
613-281-00-5	91-22-5
613-282-00-0	138182-18-0
613-283-00-6	65277-42-1
613-284-00-1	125116-23-6
613-285-00-7	123333-53-9
613-285-00-7	2592-95-2
613-286-00-2	RR-60001-1
613-286-01-X	RR-60002-2
613-287-00-8	160194-26-3
613-288-00-3	135756-61-5
613-289-00-9	142623-48-1
613-290-00-4	189012-93-9
613-291-00-X	106461-41-0
613-292-00-5	26157-73-3
613-293-00-0	444065-11-6
613-294-00-6	379268-96-9
613-295-00-1	363138-44-7
613-296-00-7	RR-16572-0
613-297-00-2	153042-18-3
613-298-00-8	RR-16801-4
613-299-00-3	RR-16932-4
613-300-00-7	RR-18621-0
613-301-00-2	RR-28902-1
613-302-00-8	243858-60-8
613-303-00-3	95737-68-1
613-304-00-9	138937-28-7
613-305-00-4	3147-77-1
613-306-00-X	82911-69-1
613-307-00-5	210880-92-5
613-308-00-0	7305-71-7
613-309-00-6	5271-27-2
613-310-00-1	105813-13-6
613-311-00-7	152460-07-6
613-312-00-2	RR-16693-8
613-313-00-8	173838-67-0
613-314-00-3	7693-82-5
613-315-00-9	RR-18286-5
613-316-00-4	52234-82-9
613-317-00-X	66246-88-6
613-318-00-5	473798-59-3
613-319-00-0	288-32-4
613-320-00-6	2164-08-1
613-321-00-1	86347-14-0
613-322-00-7	55219-65-3
613-323-00-2	5915-41-3
613-324-00-8	148-24-3
613-325-00-3	111988-49-9
613-326-00-9	2682-20-4
613-327-00-4	422556-08-9
613-328-00-X	1072-63-5
613-329-00-5	100784-20-1
613-330-00-0	693-98-1
613-331-00-6	1417782-03-6
613-332-00-1	1003318-67-9
613-333-00-7	13463-41-7
613-334-00-2	61213-25-0
613-335-00-8	64359-81-5
613-336-00-3	2527-66-4
613-337-00-9	178928-70-6
613-338-00-4	35575-96-3
613-339-00-X	1453-58-3
613-340-00-5	81777-89-1
613-341-00-0	74115-24-5
613-342-00-6	58-55-9
613-343-00-1	179101-81-6
613-344-00-7	15922-78-8
613-344-00-7	3811-73-2
613-345-00-2	108-78-1
613-346-00-8	59-89-2
613-347-00-3	119446-68-3
613-348-00-9	989-38-8
613-349-00-4	822-36-6
613-350-00-X	95-14-7
613-351-00-5	29385-43-1
613-352-00-0	81777-95-9
613-353-00-6	26172-54-3
614-001-00-4	54-11-5
614-002-00-X	RR-00378-1
614-003-00-5	57-24-9
614-004-00-0	RR-01709-4
614-005-00-6	64-86-8
614-006-00-1	357-57-3
614-007-00-7	4845-99-2
614-007-00-7	5786-97-0
614-007-00-7	68239-26-9
614-007-00-7	68310-42-9
614-008-00-2	302-27-2
614-009-00-8	RR-02566-1
614-010-00-3	51-55-8
614-011-00-9	RR-02567-2
614-012-00-4	101-31-5
614-013-00-X	RR-02568-3
614-014-00-5	51-34-3
614-015-00-0	RR-02569-4
614-016-00-6	92-13-7
614-017-00-1	RR-02570-7
614-018-00-7	58-74-2
614-019-00-2	RR-02571-8
614-020-00-8	57-47-6
614-021-00-3	RR-02572-9
614-022-00-9	71-63-6
614-023-00-4	299-42-3
614-024-00-X	RR-01773-2
614-025-00-5	630-60-4
614-026-00-0	11005-63-3
614-027-00-6	507-60-8
614-028-00-1	RR-11283-4
614-029-00-7	68784-14-5
614-030-00-2	155569-91-8
615-001-00-7	624-83-9
615-002-00-2	556-61-6
615-003-00-8	463-56-9
615-004-00-3	RR-02573-0
615-005-00-9	101-68-8
615-005-00-9	2536-05-2
615-005-00-9	26447-40-5
615-005-00-9	5873-54-1
615-006-00-4	26471-62-5
615-006-00-4	584-84-9
615-006-00-4	91-08-7
615-008-00-5	4098-71-9
615-009-00-0	5124-30-1
615-010-00-6	15646-96-5
615-010-00-6	16938-22-0
615-011-00-1	822-06-0
615-012-00-7	4083-64-1
615-013-00-2	420-04-2
615-014-00-8	7276-58-6
615-015-00-3	115-31-1
615-016-00-9	590-28-3
615-017-00-4	156-62-7
615-018-00-X	112-56-1
615-019-00-5	538-75-0
615-020-00-0	6317-18-6
615-021-00-6	2451-62-9
615-022-00-1	79277-18-2
615-023-00-7	83056-32-0
615-024-00-2	1943-82-4
615-025-00-8	47073-92-7
615-026-00-3	101657-77-6
615-028-00-4	77375-79-2
615-029-00-X	135540-95-3
615-030-00-5	RR-54523-3
615-030-00-5	RR-54524-4
615-031-00-0	3535-84-0
615-032-00-6	RR-17710-6
615-033-00-1	RR-18336-8
615-034-00-7	RR-18314-2
615-035-00-2	RR-63048-8
615-036-00-8	RR-18332-4
615-037-00-3	RR-18333-5
615-038-00-9	RR-18334-6
615-039-00-4	RR-18335-7
615-044-00-1	104-12-1
615-045-00-7	RR-16717-9
615-046-00-2	2778-42-9
615-047-00-8	3634-83-1
615-048-00-3	2162-73-4
615-049-00-9	RR-192712-4
615-050-00-4	RR-192711-3
615-051-00-X	91-97-4
616-001-00-X	68-12-2
616-002-00-5	640-19-7
616-003-00-0	79-06-1
616-004-00-6	93-71-0
616-005-00-1	1918-13-4
616-006-00-7	1085-98-9
616-007-00-2	957-51-7
616-008-00-8	1918-16-7
616-009-00-3	709-98-8
616-010-00-9	127-65-1
616-011-00-4	127-19-5
616-012-00-X	719-96-0
616-013-00-5	110-69-0
616-014-00-0	96-29-7
616-015-00-6	15972-60-8
616-016-00-1	5836-73-7
616-017-00-7	15263-52-2
616-018-00-2	134-62-3
616-019-00-8	37924-13-3
616-020-00-3	34014-18-1
616-021-00-9	25366-23-8
616-022-00-4	60-35-5
616-023-00-X	RR-02614-2
616-024-00-5	54942-74-4
616-025-00-0	20108-78-5
616-026-00-6	62-55-5
616-027-00-1	68030-79-5
616-028-00-7	108673-51-4
616-029-00-2	66710-66-5
616-030-00-8	30043-49-3
616-031-00-3	50563-36-5
616-032-00-9	83164-33-4
616-033-00-4	69581-33-5
616-034-00-X	24691-76-7
616-035-00-5	166900-80-7
616-035-00-5	57966-95-7
616-036-00-0	79-07-2
616-037-00-6	34256-82-1
616-038-00-1	88918-84-7
616-039-00-7	117827-06-2
616-040-00-2	97888-41-0
616-041-00-8	101664-25-9
616-042-00-3	142859-67-4
616-043-00-9	82558-50-7
616-044-00-4	RR-06993-2
616-045-00-X	122371-93-1
616-046-00-5	RR-06983-0
616-047-00-0	RR-07016-6
616-048-00-6	1939-27-1
616-049-00-1	99141-89-6
616-050-00-7	103055-07-8
616-051-00-2	RR-06978-3
616-052-00-8	75-12-7
616-053-00-3	79-16-3
616-054-00-9	36734-19-7
616-055-00-4	23950-58-5
616-056-00-X	123-39-7
616-057-00-5	RR-07026-8
616-058-00-0	119462-56-5
616-059-00-6	121487-83-0
616-060-00-1	RR-06982-9
616-061-00-7	124172-53-8
616-062-00-2	70693-57-1
616-063-00-8	106917-30-0
616-064-00-3	32998-95-1
616-065-00-9	79881-89-3
616-066-00-4	115662-06-1
616-067-00-X	92683-20-0
616-068-00-5	174393-75-0
616-069-00-0	110560-22-0
616-070-00-6	RR-06995-4
616-071-00-1	RR-06975-0
616-072-00-7	55612-11-8
616-073-00-2	120187-29-3
616-074-00-8	104958-67-0
616-075-00-3	65197-96-8
616-076-00-9	112410-23-8
616-077-00-4	RR-07038-2
616-078-00-X	104541-33-5
616-079-00-5	140921-24-0
616-080-00-0	119018-29-0
616-081-00-6	24856-00-6
616-082-00-1	129604-78-0
616-083-00-7	27080-42-8
616-084-00-2	54390-87-3
616-085-00-8	168900-02-5
616-086-00-3	102387-48-4
616-087-00-9	52658-19-2
616-088-00-4	112006-75-4
616-089-00-X	41107-56-6
616-090-00-5	70918-74-0
616-091-00-0	59653-74-6
616-092-00-6	RR-10694-5
616-093-00-1	129217-90-9
616-094-00-7	58890-25-8
616-095-00-2	43136-14-7
616-096-00-8	110483-07-3
616-097-00-3	83372-55-8
616-098-00-9	119126-15-7
616-099-00-4	135937-20-1
616-100-00-8	10218-17-4
616-101-00-3	149182-72-9
616-102-00-9	RR-11396-2
616-103-00-4	120298-38-6
616-104-00-X	71626-11-4
616-105-00-5	15545-48-9
616-106-00-0	13684-63-4
616-107-00-6	142891-20-1
616-108-00-1	144550-36-7
616-109-00-7	141776-32-1
616-110-00-2	113136-77-9
616-111-00-8	126833-17-8
616-112-00-3	144651-06-9
616-113-00-9	13684-56-5
616-114-00-4	136897-58-0
616-115-00-X	136450-06-1
616-116-00-5	143052-96-4
616-117-00-0	777891-21-1
616-118-00-6	65797-42-4
616-119-00-1	118020-93-2
616-120-00-7	RR-16723-7
616-121-00-2	129205-19-2
616-122-00-8	105726-67-8
616-123-00-3	96141-86-5
616-124-00-9	90076-65-6
616-125-00-4	151338-11-3
616-126-00-X	139756-01-7
616-127-00-5	RR-18256-9
616-127-00-5	RR-206935-4
616-128-00-0	123590-00-1
616-129-00-6	42774-15-2
616-130-00-1	150919-56-5
616-131-00-7	17193-28-1
616-132-00-2	130016-98-7
616-133-00-8	149118-66-1
616-134-00-3	793710-14-2
616-135-00-9	136522-17-3
616-136-00-4	445409-27-8
616-137-00-X	71526-07-3
616-138-00-5	112226-61-6
616-139-00-0	136465-81-1
616-140-00-6	133336-92-2
616-141-00-1	156052-68-5
616-142-00-7	93629-90-4
616-143-00-2	149591-38-8
616-144-00-8	289708-41-4
616-145-00-3	106700-29-2
616-146-00-9	142776-95-2
616-147-00-4	139481-22-4
616-148-00-X	84245-12-5
616-150-00-0	244634-31-9
616-151-00-6	171887-03-9
616-152-00-1	125971-96-2
616-153-00-7	125971-57-5
616-154-00-2	289708-42-5
616-155-00-8	104560-40-9
616-156-00-3	204277-61-2
616-157-00-9	114565-70-7
616-158-00-4	90357-53-2
616-160-00-5	61551-69-7
616-161-00-0	67669-19-6
616-162-00-6	152848-22-1
616-163-00-1	192463-88-0
616-164-00-7	149961-52-4
616-165-00-2	113614-08-7
616-166-00-8	120116-88-3
616-167-00-3	168612-06-4
616-168-00-9	136997-71-2
616-169-00-4	92771-56-7
616-170-00-X	6485-67-2
616-171-00-5	102333-75-5
616-172-00-0	14691-89-5
616-174-00-1	151257-01-1
616-175-00-7	202483-62-3
616-176-00-2	24294-01-7
616-177-00-8	217324-98-6
616-178-00-3	52583-35-4
616-179-00-9	16634-82-5
616-180-00-4	27366-72-9
616-181-00-X	17417-32-2
616-182-00-5	214417-91-1
616-183-00-0	1854-15-5
616-184-00-6	105043-55-8
616-186-00-7	53641-10-4
616-188-00-8	221215-20-9
616-189-00-3	452962-97-9
616-190-00-9	64026-19-3
616-191-00-4	406488-30-0
616-192-00-X	727678-39-9
616-193-00-5	368450-39-9
616-194-00-0	34640-92-1
616-196-00-1	RR-11670-1
616-197-00-7	RR-16926-6
616-198-00-2	911674-82-3
616-200-00-1	RR-18467-8
616-201-00-7	220926-97-6
616-202-00-2	RR-18638-9
616-203-00-8	RR-28787-6
616-204-00-3	122886-55-9
616-205-00-9	67129-08-2
616-206-00-4	101463-69-8
616-207-00-X	27083-27-8
616-207-00-X	32289-58-0
616-208-00-5	2687-91-4
616-209-00-0	120923-37-7
616-210-00-6	119168-77-3
616-211-00-1	189278-12-4
616-212-00-7	55406-53-6
616-213-00-2	374726-62-2
616-214-00-8	139528-85-1
616-215-00-3	163515-14-8
616-216-00-9	158062-67-0
616-217-00-4	946578-00-3
616-218-00-X	1072957-71-1
616-219-00-5	658066-35-4
616-220-00-0	66063-05-6
616-221-00-6	86479-06-3
616-222-00-1	183675-82-3
616-223-00-7	16118-49-3
616-224-00-2	348635-87-0
616-225-00-8	173662-97-0
616-226-00-3	5234-68-4
616-227-00-9	139968-49-3
616-227-00-9	852403-68-0
616-228-00-4	907204-31-3
616-230-00-5	924-42-5
616-231-00-0	494793-67-8
616-232-00-6	140923-17-7
616-233-00-1	175217-20-6
616-234-00-7	1228284-64-7
616-235-00-2	874967-67-6
616-237-00-3	239110-15-7
616-238-00-9	874819-71-3
616-239-00-4	1255734-28-1
616-240-00-X	881685-58-1
616-241-00-5	173159-57-4
616-242-00-0	137641-05-5
616-243-00-6	110-26-9
617-001-00-2	110-05-4
617-002-00-8	80-15-9
617-003-00-3	105-74-8
617-004-00-9	771-29-9
617-006-00-X	80-43-3
617-007-00-5	3457-61-2
617-008-00-0	94-36-0
617-010-00-1	12262-58-7
617-010-00-1	2407-94-5
617-010-00-1	2699-11-8
617-010-00-1	78-18-2
617-010-01-9	RR-58677-6
617-010-01-9	RR-58678-7
617-010-01-9	RR-58681-2
617-010-01-9	RR-58682-3
617-012-00-2	80-47-7
617-013-00-8	116753-76-5
617-014-00-3	104788-63-8
617-015-00-9	895-85-2
617-016-00-4	95718-78-8
617-017-00-X	32144-25-5
617-018-00-5	71566-50-2
617-019-00-0	128275-31-0
617-020-00-6	117663-11-3
617-021-00-1	24748-23-0
617-022-00-7	RR-51201-6
617-023-00-2	75-91-2
617-024-00-8	3006-82-4
647-001-00-8	9001-22-3
647-002-00-3	9012-54-8
647-003-00-9	37329-65-0
647-004-00-4	RR-03758-1
647-005-00-X	9001-00-7
647-006-00-5	9001-33-6
647-007-00-0	9001-73-4
647-008-00-6	9001-75-6
647-009-00-1	9001-98-3
647-010-00-7	9002-07-7
647-011-00-2	9004-07-3
647-012-00-8	9014-01-1
647-013-00-3	9068-59-1
647-014-00-9	RR-03759-2
647-015-00-4	9000-90-2
647-016-00-X	RR-03760-5
647-017-00-5	80498-15-3
648-001-00-0	84650-02-2
648-002-00-6	94114-40-6
648-003-00-1	65996-88-5
648-004-00-7	101896-26-8
648-005-00-2	90989-41-6
648-006-00-8	85536-17-0
648-007-00-3	85536-20-5
648-008-00-9	85536-19-2
648-009-00-4	90641-12-6
648-010-00-X	90989-38-1
648-012-00-0	91995-20-9
648-013-00-6	92062-36-7
648-014-00-1	91995-61-8
648-015-00-7	101316-63-6
648-016-00-2	93821-38-6
648-017-00-8	90641-02-4
648-018-00-3	101316-62-5
648-019-00-9	90641-03-5
648-020-00-4	65996-79-4
648-021-00-X	101794-90-5
648-022-00-5	90640-87-2
648-023-00-0	84650-03-3
648-024-00-6	65996-82-9
648-026-00-7	90641-01-3
648-027-00-2	65996-87-4
648-028-00-8	90640-99-6
648-029-00-3	68391-11-7
648-030-00-9	92062-33-4
648-031-00-4	91082-52-9
648-032-00-X	68937-63-3
648-033-00-5	92062-28-7
648-034-00-0	92062-27-6
648-035-00-6	91082-53-0
648-036-00-1	91995-31-2
648-037-00-7	91995-35-6
648-038-00-2	91995-66-3
648-039-00-8	122070-79-5
648-040-00-3	122070-80-8
648-041-00-9	101316-45-4
648-042-00-4	84989-11-7
648-043-00-X	90640-85-0
648-044-00-5	90640-86-1
648-045-00-0	65996-91-0
648-046-00-6	91995-14-1
648-047-00-1	65996-92-1
648-048-00-7	91995-51-6
648-049-00-2	101316-49-8
648-050-00-8	91995-42-5
648-051-00-3	91995-52-7
648-052-00-9	97926-76-6
648-053-00-4	97926-77-7
648-054-00-X	61789-60-4
648-055-00-5	65996-93-2
648-056-00-0	121575-60-8
648-057-00-6	94114-13-3
648-058-00-1	92061-94-4
648-059-00-7	92062-20-9
648-060-00-2	91082-50-7
648-061-00-8	100684-51-3
648-062-00-3	68990-61-4
648-063-00-9	92062-34-5
648-064-00-4	91697-23-3
648-065-00-X	92045-71-1
648-066-00-5	92045-72-2
648-067-00-0	97926-78-8
648-068-00-6	101316-85-2
648-069-00-1	90669-57-1
648-070-00-7	90669-59-3
648-071-00-2	90669-58-2
648-072-00-8	68188-48-7
648-073-00-3	101794-74-5
648-074-00-9	101794-75-6
648-075-00-4	101794-76-7
648-076-00-X	68187-57-5
648-077-00-5	122070-78-4
648-078-00-0	84989-10-6
648-079-00-6	90640-80-5
648-080-00-1	92061-93-3
648-081-00-7	8007-45-2
648-082-00-2	65996-89-6
648-083-00-8	65996-90-9
648-084-00-3	85029-51-2
648-085-00-9	84650-04-4
648-086-00-4	84989-09-3
648-087-00-X	91995-49-2
648-088-00-5	121620-47-1
648-089-00-0	121620-48-2
648-090-00-6	90640-90-7
648-091-00-1	90641-04-6
648-092-00-7	101896-27-9
648-093-00-2	101794-91-6
648-094-00-8	91995-48-1
648-095-00-3	90641-05-7
648-096-00-9	84989-12-8
648-097-00-4	121620-46-0
648-098-00-X	90640-84-9
648-099-00-5	61789-28-4
648-100-00-9	70321-79-8
648-101-00-4	8001-58-9
648-102-00-X	122384-77-4
648-103-00-5	90640-81-6
648-104-00-0	90640-82-7
648-105-00-6	92061-92-2
648-106-00-1	91995-15-2
648-107-00-7	91995-16-3
648-108-00-2	91995-17-4
648-109-00-8	101316-87-4
648-110-00-3	122384-78-5
648-111-00-9	84988-93-2
648-112-00-4	90640-88-3
648-113-00-X	65996-83-0
648-114-00-5	90640-89-4
648-115-00-0	90641-06-8
648-116-00-6	65996-85-2
648-117-00-1	101316-86-3
648-118-00-7	92062-22-1
648-119-00-2	96690-55-0
648-120-00-8	84989-04-8
648-121-00-3	84989-05-9
648-122-00-9	84989-06-0
648-123-00-4	84989-03-7
648-124-00-X	84989-07-1
648-125-00-5	68477-23-6
648-126-00-0	68555-24-8
648-127-00-6	91079-47-9
648-128-00-1	92062-26-5
648-129-00-7	94114-29-1
648-130-00-2	90641-00-2
648-131-00-8	68513-87-1
648-132-00-3	70321-67-4
648-133-00-9	92062-29-8
648-134-00-4	100801-63-6
648-135-00-X	100801-65-8
648-136-00-5	100801-66-9
648-137-00-0	73665-18-6
648-138-00-6	70321-80-1
648-139-00-1	68815-21-4
648-140-00-7	65996-86-3
648-141-00-2	65996-84-1
648-142-00-8	94114-46-2
648-143-00-3	94114-47-3
648-144-00-9	94114-48-4
648-145-00-4	101316-83-0
648-146-00-X	101316-84-1
648-147-00-5	65996-78-3
648-148-00-0	94114-52-0
648-149-00-6	94114-53-1
648-150-00-1	94114-54-2
648-151-00-7	94114-55-3
648-152-00-2	94114-56-4
648-153-00-8	94114-57-5
648-154-00-3	94114-58-6
648-155-00-9	94114-59-7
648-156-00-4	90641-11-5
649-001-00-3	64742-03-6
649-002-00-9	64742-04-7
649-003-00-4	64742-05-8
649-004-00-X	64742-11-6
649-005-00-5	91995-78-7
649-006-00-0	97722-04-8
649-007-00-6	91770-03-5
649-008-00-1	64741-45-3
649-009-00-7	64741-57-7
649-010-00-2	64741-61-3
649-011-00-8	64741-62-4
649-012-00-3	64741-75-9
649-013-00-9	64741-80-6
649-014-00-4	64741-81-7
649-015-00-X	64742-59-2
649-016-00-5	64742-78-5
649-017-00-0	64742-86-5
649-018-00-6	64742-90-1
649-019-00-1	68333-22-2
649-020-00-7	68333-26-6
649-021-00-2	68333-27-7
649-022-00-8	68333-28-8
649-023-00-3	68476-32-4
649-024-00-9	68476-33-5
649-025-00-4	68478-13-7
649-026-00-X	68478-17-1
649-027-00-5	68512-61-8
649-028-00-0	68512-62-9
649-029-00-6	68513-69-9
649-030-00-1	68553-00-4
649-031-00-7	68607-30-7
649-032-00-2	68783-08-4
649-033-00-8	68783-13-1
649-034-00-3	68955-27-1
649-035-00-9	68955-36-2
649-036-00-4	70592-76-6
649-037-00-X	70592-77-7
649-038-00-5	70592-78-8
649-039-00-0	85117-03-9
649-040-00-6	90669-75-3
649-041-00-1	90669-76-4
649-042-00-7	92045-14-2
649-043-00-2	92061-97-7
649-044-00-8	92201-59-7
649-045-00-3	93821-66-0
649-046-00-9	98219-64-8
649-047-00-4	101316-57-8
649-048-00-X	64741-67-9
649-049-00-5	8002-05-9
649-050-00-0	64741-50-0
649-051-00-6	64741-51-1
649-052-00-1	64741-52-2
649-053-00-7	64741-53-3
649-054-00-2	64742-18-3
649-055-00-8	64742-19-4
649-056-00-3	64742-20-7
649-057-00-9	64742-21-8
649-058-00-4	64742-27-4
649-059-00-X	64742-28-5
649-060-00-5	64742-34-3
649-061-00-0	64742-35-4
649-062-00-6	68477-73-6
649-063-00-1	68477-74-7
649-064-00-7	68477-75-8
649-065-00-2	68477-76-9
649-066-00-8	68477-79-2
649-067-00-3	68477-83-8
649-068-00-9	68477-85-0
649-069-00-4	68477-86-1
649-070-00-X	68477-87-2
649-071-00-5	68477-90-7
649-072-00-0	68477-91-8
649-073-00-6	68477-94-1
649-074-00-1	68477-95-2
649-075-00-7	68477-99-6
649-076-00-2	68478-21-7
649-077-00-8	68478-22-8
649-078-00-3	68478-24-0
649-079-00-9	68478-26-2
649-080-00-4	68478-32-0
649-081-00-X	68478-33-1
649-082-00-5	68478-34-2
649-083-00-0	68512-91-4
649-084-00-6	68513-15-5
649-085-00-1	68513-16-6
649-086-00-7	68513-17-7
649-087-00-2	68513-66-6
649-088-00-8	68514-31-8
649-089-00-3	68514-36-3
649-090-00-9	68527-16-2
649-091-00-4	68527-19-5
649-092-00-X	68602-83-5
649-093-00-5	68606-25-7
649-094-00-0	68606-26-8
649-095-00-6	68606-27-9
649-096-00-1	68606-34-8
649-097-00-7	68783-07-3
649-098-00-2	68783-64-2
649-099-00-8	68783-65-3
649-100-00-1	68918-99-0
649-101-00-7	68919-00-6
649-102-00-2	68919-05-1
649-103-00-8	68919-06-2
649-104-00-3	68919-09-5
649-105-00-9	68919-20-0
649-106-00-4	68919-10-8
649-107-00-X	68952-76-1
649-108-00-5	68952-77-2
649-109-00-0	68952-81-8
649-110-00-6	68952-82-9
649-111-00-1	68955-28-2
649-112-00-7	68955-34-0
649-113-00-2	87741-01-3
649-114-00-8	90622-55-2
649-115-00-3	92045-22-2
649-116-00-9	92045-23-3
649-117-00-4	92045-80-2
649-118-00-X	95465-89-7
649-119-00-5	97722-19-5
649-120-00-0	68477-65-6
649-121-00-6	68477-66-7
649-122-00-1	68477-67-8
649-123-00-7	68477-68-9
649-124-00-2	68477-77-0
649-125-00-8	68477-80-5
649-126-00-3	68477-81-6
649-127-00-9	68477-82-7
649-128-00-4	68477-84-9
649-129-00-X	68477-92-9
649-130-00-5	68477-93-0
649-131-00-0	68477-96-3
649-132-00-6	68477-97-4
649-133-00-1	68477-98-5
649-134-00-7	68478-00-2
649-135-00-2	68478-01-3
649-136-00-8	68478-02-4
649-137-00-3	68478-03-5
649-138-00-9	68478-04-6
649-139-00-4	68478-05-7
649-140-00-X	68478-25-1
649-141-00-5	68478-27-3
649-142-00-0	68478-28-4
649-143-00-6	68478-29-5
649-144-00-1	68478-30-8
649-145-00-7	68513-14-4
649-146-00-2	68513-18-8
649-147-00-8	68513-19-9
649-148-00-3	68527-15-1
649-149-00-9	68602-82-4
649-150-00-4	68602-84-6
649-151-00-X	68607-11-4
649-152-00-5	68783-06-2
649-153-00-0	68814-67-5
649-154-00-6	68814-90-4
649-155-00-1	68911-58-0
649-156-00-7	68911-59-1
649-157-00-2	68919-01-7
649-158-00-8	68919-02-8
649-159-00-3	68919-03-9
649-160-00-9	68919-04-0
649-161-00-4	68919-07-3
649-162-00-X	68919-08-4
649-163-00-5	68919-11-9
649-164-00-0	68919-12-0
649-165-00-6	68952-79-4
649-166-00-1	68952-80-7
649-167-00-7	68955-33-9
649-168-00-2	68989-88-8
649-169-00-8	92045-15-3
649-170-00-3	92045-16-4
649-171-00-9	92045-17-5
649-172-00-4	92045-18-6
649-173-00-X	92045-19-7
649-174-00-5	92045-20-0
649-175-00-0	93924-31-3
649-176-00-6	93924-32-4
649-177-00-1	68131-75-9
649-178-00-7	68307-98-2
649-179-00-2	68307-99-3
649-180-00-8	68308-00-9
649-181-00-3	68308-01-0
649-182-00-9	68308-10-1
649-183-00-4	68308-03-2
649-184-00-X	68308-04-3
649-185-00-5	68308-05-4
649-186-00-0	68308-06-5
649-187-00-6	68308-07-6
649-188-00-1	68308-09-8
649-189-00-7	68308-11-2
649-190-00-2	68308-12-3
649-191-00-8	68409-99-4
649-193-00-9	68475-57-0
649-194-00-4	68475-58-1
649-195-00-X	68475-59-2
649-196-00-5	68475-60-5
649-197-00-0	68476-26-6
649-198-00-6	68476-29-9
649-199-00-1	68476-40-4
649-200-00-5	68476-42-6
649-201-00-0	68476-49-3
649-202-00-6	68476-85-7
649-203-00-1	68476-86-8
649-204-00-7	68477-33-8
649-205-00-2	68477-35-0
649-206-00-8	68477-69-0
649-207-00-3	68477-70-3
649-208-00-9	68477-71-4
649-209-00-4	68477-72-5
649-210-00-X	68308-08-7
649-211-00-5	97862-76-5
649-212-00-0	64741-86-2
649-213-00-6	64741-90-8
649-214-00-1	64741-91-9
649-215-00-7	64742-12-7
649-216-00-2	64742-13-8
649-217-00-8	64742-14-9
649-218-00-3	64742-29-6
649-219-00-9	64742-30-9
649-220-00-4	64742-38-7
649-221-00-X	64742-46-7
649-222-00-5	64742-79-6
649-223-00-0	64742-80-9
649-224-00-6	68334-30-5
649-225-00-1	68476-30-2
649-226-00-7	68476-31-3
649-227-00-2	68476-34-6
649-228-00-8	68477-29-2
649-229-00-3	68477-30-5
649-230-00-9	68477-31-6
649-231-00-4	90640-93-0
649-232-00-X	91995-34-5
649-233-00-5	93924-33-5
649-234-00-0	97488-96-5
649-235-00-6	97675-85-9
649-236-00-1	97675-86-0
649-237-00-7	97722-08-2
649-238-00-2	97862-78-7
649-239-00-8	100683-97-4
649-240-00-3	100683-98-5
649-241-00-9	100683-99-6
649-242-00-4	90622-53-0
649-243-00-X	74869-21-9
649-244-00-5	64742-61-6
649-245-00-0	90669-77-5
649-246-00-6	90669-78-6
649-247-00-1	92062-09-4
649-248-00-7	92062-10-7
649-249-00-2	92062-11-8
649-250-00-8	97863-04-2
649-251-00-3	97863-05-3
649-252-00-9	97863-06-4
649-253-00-4	100684-49-9
649-254-00-X	8009-03-8
649-255-00-5	64743-01-7
649-256-00-0	85029-74-9
649-257-00-6	92045-77-7
649-258-00-1	97862-97-0
649-259-00-7	97862-98-1
649-260-00-2	100684-33-1
649-261-00-8	8006-61-9
649-262-00-3	8030-30-6
649-263-00-9	8032-32-4
649-264-00-4	64741-41-9
649-265-00-X	64741-42-0
649-266-00-5	64741-46-4
649-267-00-0	64742-89-8
649-268-00-6	68410-05-9
649-269-00-1	68514-15-8
649-270-00-7	68606-11-1
649-271-00-2	68783-12-0
649-272-00-8	68921-08-4
649-273-00-3	101631-20-3
649-274-00-9	64741-64-6
649-275-00-4	64741-65-7
649-276-00-X	64741-66-8
649-277-00-5	64741-70-4
649-278-00-0	64741-84-0
649-279-00-6	64741-92-0
649-280-00-1	68410-71-9
649-281-00-7	68425-35-4
649-282-00-2	68527-27-5
649-283-00-8	91995-53-8
649-284-00-3	92045-49-3
649-285-00-9	92045-55-1
649-286-00-4	92045-58-4
649-287-00-X	92045-64-2
649-288-00-5	101316-67-0
649-289-00-0	64741-54-4
649-290-00-6	64741-55-5
649-291-00-1	68476-46-0
649-292-00-7	68783-09-5
649-293-00-2	91995-50-5
649-294-00-8	92045-50-6
649-295-00-3	92045-59-5
649-296-00-9	92128-94-4
649-297-00-4	101794-97-2
649-298-00-X	101896-28-0
649-299-00-5	64741-63-5
649-300-00-9	64741-68-0
649-301-00-4	68475-79-6
649-302-00-X	68476-47-1
649-303-00-5	68478-15-9
649-304-00-0	68513-03-1
649-305-00-6	68513-63-3
649-306-00-1	68514-79-4
649-307-00-7	68919-37-9
649-308-00-2	68955-35-1
649-309-00-8	85116-58-1
649-310-00-3	91995-18-5
649-311-00-9	93571-75-6
649-312-00-4	93572-29-3
649-313-00-X	93572-35-1
649-314-00-5	93572-36-2
649-315-00-0	97862-77-6
649-316-00-6	64741-74-8
649-317-00-1	64741-83-9
649-318-00-7	67891-79-6
649-319-00-2	67891-80-9
649-320-00-8	68425-29-6
649-321-00-3	68475-70-7
649-322-00-9	68603-00-9
649-323-00-4	68603-01-0
649-324-00-X	68603-03-2
649-325-00-5	68955-29-3
649-326-00-0	92045-65-3
649-327-00-6	64742-48-9
649-328-00-1	64742-49-0
649-329-00-7	64742-73-0
649-330-00-2	64742-82-1
649-331-00-8	68410-96-8
649-332-00-3	68410-97-9
649-333-00-9	68410-98-0
649-334-00-4	68512-78-7
649-335-00-X	85116-60-5
649-336-00-5	85116-61-6
649-337-00-0	92045-51-7
649-338-00-6	92045-52-8
649-339-00-1	92045-57-3
649-340-00-7	92045-61-9
649-341-00-2	92062-15-2
649-342-00-8	93165-55-0
649-343-00-3	93763-33-8
649-344-00-9	93763-34-9
649-345-00-4	8052-41-3
649-346-00-X	64741-47-5
649-347-00-5	64741-48-6
649-348-00-0	64741-69-1
649-349-00-6	64741-78-2
649-350-00-1	64741-87-3
649-351-00-7	64742-15-0
649-352-00-2	64742-22-9
649-353-00-8	64742-23-0
649-354-00-3	64742-66-1
649-355-00-9	64742-83-2
649-356-00-4	64742-95-6
649-357-00-X	68131-49-7
649-358-00-5	68477-34-9
649-359-00-0	68477-50-9
649-360-00-6	68477-53-2
649-361-00-1	68477-55-4
649-362-00-7	68477-61-2
649-363-00-2	68477-89-4
649-364-00-8	68478-12-6
649-365-00-3	68478-16-0
649-366-00-9	68513-02-0
649-367-00-4	68516-20-1
649-368-00-X	68527-21-9
649-369-00-5	68527-22-0
649-370-00-0	68527-23-1
649-371-00-6	68527-26-4
649-372-00-1	68603-08-7
649-373-00-7	68606-10-0
649-374-00-2	68783-66-4
649-375-00-8	68919-39-1
649-376-00-3	68921-09-5
649-377-00-9	85116-59-2
649-378-00-4	86290-81-5
649-379-00-X	90989-42-7
649-380-00-5	91995-38-9
649-381-00-0	91995-41-4
649-382-00-6	91995-68-5
649-383-00-1	92045-53-9
649-384-00-7	92045-60-8
649-385-00-2	92045-62-0
649-386-00-8	92045-63-1
649-387-00-3	92201-97-3
649-388-00-9	93165-19-6
649-389-00-4	94114-03-1
649-390-00-X	95009-23-7
649-391-00-5	97926-43-7
649-392-00-0	98219-46-6
649-393-00-6	98219-47-7
649-394-00-1	101316-56-7
649-395-00-7	101316-66-9
649-396-00-2	101316-76-1
649-397-00-8	101795-01-1
649-398-00-3	102110-14-5
649-399-00-9	102110-15-6
649-400-00-2	102110-55-4
649-401-00-8	68476-50-6
649-402-00-3	68476-55-1
649-403-00-9	90989-39-2
649-404-00-4	8008-20-6
649-405-00-X	64742-88-7
649-406-00-5	64742-96-7
649-407-00-0	92045-37-9
649-408-00-6	64742-91-2
649-409-00-1	68477-39-4
649-410-00-7	68477-40-7
649-411-00-2	68477-54-3
649-412-00-8	85116-55-8
649-413-00-3	90640-98-5
649-414-00-9	90641-13-7
649-415-00-4	101316-61-4
649-416-00-X	101631-13-4
649-417-00-5	101316-80-7
649-418-00-0	101631-15-6
649-419-00-6	64741-73-7
649-420-00-1	64741-98-6
649-421-00-7	64742-31-0
649-422-00-2	64742-47-8
649-423-00-8	64742-81-0
649-424-00-3	64742-94-5
649-425-00-9	68333-23-3
649-426-00-4	85116-57-0
649-427-00-X	91770-15-9
649-428-00-5	92045-36-8
649-429-00-0	93763-35-0
649-430-00-6	97488-94-3
649-431-00-1	101316-58-9
649-432-00-7	101316-81-8
649-433-00-2	101316-82-9
649-434-00-8	101631-19-0
649-435-00-3	64741-59-9
649-436-00-9	64741-60-2
649-437-00-4	64741-77-1
649-438-00-X	64741-82-8
649-439-00-5	68333-25-5
649-440-00-0	68475-80-9
649-441-00-6	68477-38-3
649-442-00-1	68527-18-4
649-443-00-7	85116-53-6
649-444-00-2	92045-29-9
649-445-00-8	92062-00-5
649-446-00-3	92062-04-9
649-447-00-9	92201-60-0
649-448-00-4	93763-85-0
649-449-00-X	97675-88-2
649-450-00-5	97926-59-5
649-451-00-0	101316-59-0
649-452-00-6	101631-14-5
649-453-00-1	64741-76-0
649-454-00-7	64741-88-4
649-455-00-2	64741-89-5
649-456-00-8	64741-95-3
649-457-00-3	64741-96-4
649-458-00-9	64741-97-5
649-459-00-4	64742-01-4
649-460-00-X	64742-36-5
649-461-00-5	64742-37-6
649-462-00-0	64742-41-2
649-463-00-6	64742-44-5
649-464-00-1	64742-45-6
649-465-00-7	64742-52-5
649-466-00-2	64742-53-6
649-467-00-8	64742-54-7
649-468-00-3	64742-55-8
649-469-00-9	64742-56-9
649-470-00-4	64742-57-0
649-471-00-X	64742-62-7
649-472-00-5	64742-63-8
649-473-00-0	64742-64-9
649-474-00-6	64742-65-0
649-475-00-1	64742-68-3
649-476-00-7	64742-69-4
649-477-00-2	64742-70-7
649-478-00-8	64742-71-8
649-479-00-3	64742-75-2
649-480-00-9	64742-76-3
649-481-00-4	72623-85-9
649-482-00-X	72623-86-0
649-483-00-5	72623-87-1
649-484-00-0	74869-22-0
649-485-00-6	90640-91-8
649-486-00-1	90640-92-9
649-487-00-7	90640-94-1
649-488-00-2	90640-95-2
649-489-00-8	90640-96-3
649-490-00-3	90640-97-4
649-491-00-9	90669-74-2
649-492-00-4	91770-57-9
649-493-00-X	91995-39-0
649-494-00-5	91995-40-3
649-495-00-0	91995-45-8
649-496-00-6	91995-54-9
649-497-00-1	92045-42-6
649-498-00-7	92045-43-7
649-499-00-2	92061-86-4
649-500-00-6	92129-09-4
649-501-00-1	93572-43-1
649-502-00-7	93763-38-3
649-503-00-2	93924-61-9
649-504-00-8	94733-08-1
649-505-00-3	94733-09-2
649-506-00-9	94733-15-0
649-507-00-4	94733-16-1
649-508-00-X	95371-04-3
649-509-00-5	95371-05-4
649-510-00-0	95371-07-6
649-511-00-6	95371-08-7
649-512-00-1	97488-73-8
649-513-00-7	97488-74-9
649-514-00-2	97488-95-4
649-515-00-8	97675-87-1
649-516-00-3	97722-06-0
649-517-00-9	97722-09-3
649-518-00-4	97722-10-6
649-519-00-X	97862-81-2
649-520-00-5	97862-82-3
649-521-00-0	97862-83-4
649-522-00-6	97926-68-6
649-523-00-1	97926-70-0
649-524-00-7	97926-71-1
649-525-00-2	100684-37-5
649-526-00-8	100684-38-6
649-527-00-3	101316-69-2
649-528-00-9	101316-70-5
649-529-00-4	101316-71-6
649-530-00-X	101316-72-7
649-531-00-5	68783-00-6
649-532-00-0	68783-04-0
649-533-00-6	68814-89-1
649-534-00-1	90641-07-9
649-535-00-7	90641-08-0
649-536-00-2	90641-09-1
649-537-00-8	91995-73-2
649-538-00-3	91995-75-4
649-539-00-9	91995-76-5
649-540-00-4	91995-77-6
649-541-00-X	91995-79-8
649-542-00-5	92704-08-0
649-543-00-0	93763-10-1
649-544-00-6	93763-11-2
649-545-00-1	100684-02-4
649-546-00-7	100684-03-5
649-547-00-2	100684-04-6
649-548-00-8	100684-05-7
649-549-00-3	64742-67-2
649-550-00-9	92045-12-0
650-002-00-6	8006-64-2
650-003-00-1	80-38-6
650-004-00-7	991-42-4
650-005-00-2	83-79-4
650-006-00-8	495-73-8
650-007-00-3	6164-98-3
650-008-00-9	5707-69-7
650-009-00-4	19750-95-9
650-010-00-X	1694-09-3
650-012-00-0	12510-42-8
650-013-00-6	12001-28-4
650-013-00-6	12001-29-5
650-013-00-6	12172-73-5
650-013-00-6	132207-32-0
650-013-00-6	77536-66-4
650-013-00-6	77536-67-5
650-013-00-6	77536-68-6
650-014-00-1	148324-78-1
650-015-00-7	73138-82-6
650-015-00-7	8050-09-7
650-015-00-7	8052-10-6
650-016-00-2	RR-145630-0
650-017-00-8	142844-00-6
650-018-00-3	224635-63-6
650-031-00-4	55-55-0
650-032-00-X	94361-06-5
650-041-00-9	82097-50-5
650-042-00-4	RR-17712-8
650-043-00-X	RR-16704-4
650-044-00-5	158570-99-1
650-045-00-0	RR-11607-4
650-046-00-6	12222-04-7
650-047-00-1	134164-24-2
650-048-00-7	RR-16682-5
650-049-00-2	RR-16559-3
650-050-00-8	RR-17006-9
650-055-00-5	155925-27-2
650-056-00-0	22673-19-4
650-057-00-6	RR-192754-4
650-058-00-1	RR-192793-1
650-059-00-7	89997-63-7
650-060-00-2	RR-210851-2
