1	355120-85-3
1	75-15-0
1	UN1131
10	75-00-3
10	UN1037
102	67-63-0
102	8013-70-5
102	UN1219
105	107-21-1
105	123727-73-1
105	1371582-33-0
105	15054-86-1
105	37221-95-7
105	71767-64-1
106	1194046-20-2
106	170678-59-8
106	190913-75-8
106	201732-70-9
106	26264-14-2
106	4254-14-2
106	4254-15-3
106	4254-16-4
106	57-55-6
106	63625-56-9
107	126-97-6
107	13427-63-9
107	141-43-5
107	14481-63-1
107	15535-29-2
107	210993-53-6
107	2272-11-9
107	26038-87-9
107	28098-03-5
107	30862-35-2
107	4337-66-0
107	4696-48-4
107	4696-49-5
107	4722-98-9
107	53404-52-7
107	61837-79-4
107	6190-70-1
107	64755-10-8
107	64864-07-9
107	663174-48-9
107	67801-50-7
107	68084-35-5
107	68132-47-8
107	68133-90-4
107	68311-02-4
107	72928-20-2
107	73003-73-3
107	74051-86-8
107	74192-14-6
107	80867-10-3
107	82801-62-5
107	84145-60-8
107	867010-54-6
107	86912-67-6
107	886535-50-8
107	89482-34-8
107	9007-33-4
107	91731-99-6
107	93859-02-0
107	94086-82-5
107	94107-62-7
107	99948-85-3
107	UN2491
108	10017-56-8
108	101969-72-6
108	102-71-6
108	105655-27-4
108	117875-77-1
108	126068-67-5
108	1262733-15-2
108	1331-60-8
108	139-96-8
108	14806-72-5
108	1509-21-3
108	154043-69-3
108	161025-29-2
108	16693-53-1
108	173239-06-0
108	173357-38-5
108	20261-61-4
108	21071-31-8
108	21121-22-2
108	2224-49-9
108	22919-56-8
108	24271-46-3
108	244161-36-2
108	24794-58-9
108	25114-70-9
108	258826-04-9
108	2612357-96-5
108	26447-06-3
108	2717-15-9
108	27323-41-7
108	29340-81-6
108	29867-95-6
108	30862-34-1
108	32154-53-3
108	35424-80-7
108	36549-53-8
108	36549-54-9
108	36549-55-0
108	36659-79-7
108	38664-32-3
108	39703-33-8
108	39943-70-9
108	41669-40-3
108	42608-87-7
108	4492-78-8
108	4492-79-9
108	4492-80-2
108	464917-26-8
108	52243-33-1
108	52880-57-6
108	54119-48-1
108	57308-35-7
108	57540-23-5
108	57592-59-3
108	59139-19-4
108	59680-30-7
108	59740-36-2
108	59965-28-5
108	59993-86-1
108	61542-02-7
108	62763-71-7
108	637-39-8
108	64683-40-5
108	65501-69-1
108	65842-83-3
108	66071-88-3
108	66558-66-5
108	68132-46-7
108	68154-24-5
108	68189-01-5
108	68299-02-5
108	68413-73-0
108	68425-56-9
108	68647-70-1
108	68815-25-8
108	68890-95-9
108	70528-84-6
108	71123-79-0
108	71302-67-5
108	71371-60-3
108	73247-58-2
108	7376-31-0
108	7394-38-9
108	7601-53-8
108	77261-06-4
108	78568-66-8
108	84617-26-5
108	85030-07-5
108	85030-08-6
108	85049-97-4
108	85252-21-7
108	86589-25-5
108	89187-80-4
108	89353-55-9
108	91783-04-9
108	93777-52-7
108	94213-53-3
108	97489-19-5
108	97553-74-7
109	107461-82-5
109	111-76-2
109	161279-90-9
11	107-06-2
11	52399-93-6
11	UN1184
110	111-90-0
112	107-22-2
112	83513-30-8
116	108-10-1
116	1338234-91-5
116	134016-39-0
116	UN1245
117	1016316-60-1
117	124347-71-3
117	138214-61-6
117	168967-87-1
117	24794-58-9
117	2787-68-0
117	29867-95-6
117	473774-90-2
117	476628-78-1
117	51301-55-4
117	540-69-2
117	59138-84-0
117	62314-25-4
117	64-18-6
117	67382-92-7
117	68391-54-8
117	80004-10-0
117	8006-93-7
117	82069-14-5
117	89055-16-3
117	90095-36-6
117	920-42-3
117	925-94-0
117	94665-58-4
117	UN1779
118	112-07-2
119	79-11-8
119	UN3250
122	139443-72-4
122	15199-43-6
122	62086-97-9
122	77-78-1
122	98478-67-2
122	UN1595
124	107569-51-7
124	1154866-91-7
124	220713-25-7
124	42031-19-6
124	71-36-3
125	106-42-3
125	108-38-3
125	1330-20-7
125	56004-61-6
125	56004-61-6
125	8026-09-3
125	95-47-6
125	UN1307
126	160336-23-2
126	98-82-8
126	UN1918
131	1006-03-7
131	108-94-1
131	UN1915
132	78-59-1
133	127-41-3
133	1353674-22-2
133	14398-36-8
133	14901-07-6
133	24190-29-2
133	24190-32-7
133	31798-12-6
133	35031-06-2
133	35031-06-2
133	52340-45-1
133	79-76-5
133	79-77-6
133	8013-90-9
134	39390-70-0
134	75166-25-5
134	80-54-6
135	109-99-9
135	1693-74-9
135	77392-70-2
135	UN2056
136	26138-58-9
136	53774-35-9
136	57762-46-6
136	872-50-4
137	1062228-50-5
137	499583-31-2
137	87-90-1
137	UN2468
138	12646-20-7
138	147601-90-9
138	16090-02-1
138	39354-68-2
138	60397-72-0
138	60650-25-1
138	61902-21-4
138	63439-82-7
138	64294-87-7
138	73071-63-3
139	1021487-49-9
139	109702-19-4
139	118480-78-7
139	1192-70-7
139	1199553-62-2
139	1320-68-9
139	1323439-04-8
139	13463-41-7
139	14376-32-0
139	15686-64-3
139	162400-43-3
139	16782-00-6
139	17652-47-0
139	186322-74-7
139	192458-89-2
139	208398-70-3
139	226883-65-4
139	244778-79-8
139	266692-38-0
139	31089-48-2
139	3138-01-0
139	318995-78-7
139	35430-20-7
139	3590-23-6
139	3865-77-8
139	39412-61-8
139	51148-10-8
139	51406-57-6
139	55172-61-7
139	74261-71-5
139	943428-71-5
140	11114-21-9
140	12068-21-2
140	122390-78-7
140	12627-25-7
140	12676-70-9
140	127184-52-5
140	128452-17-5
140	130262-96-3
140	130462-56-5
140	1322-98-1
140	1323-13-3
140	1331-61-9
140	13419-31-3
140	137321-78-9
140	138362-06-8
140	139878-52-7
140	139878-53-8
140	139878-54-9
140	139878-55-0
140	142986-60-5
140	14356-33-3
140	14356-40-2
140	147035-77-6
140	15163-46-9
140	170006-86-7
140	177645-67-9
140	178900-97-5
140	1797-33-7
140	18618-53-6
140	189201-38-5
140	19327-14-1
140	19589-59-4
140	2211-98-5
140	2212-50-2
140	2212-51-3
140	25155-30-0
140	254117-47-0
140	26248-24-8
140	2627-06-7
140	27636-75-5
140	28348-61-0
140	28675-02-7
140	286940-66-7
140	295348-93-5
140	312629-70-2
140	352212-18-1
140	37334-89-7
140	39316-39-7
140	39386-98-6
140	39405-16-8
140	4206-41-1
140	52624-37-0
140	56590-39-7
140	57762-50-2
140	58517-33-2
140	60328-33-8
140	6148-68-1
140	61931-75-7
140	63530-22-3
140	67185-28-8
140	67267-96-3
140	68081-81-2
140	68411-30-3
140	68445-25-0
140	68608-87-7
140	68628-60-4
140	69227-09-4
140	69669-44-9
140	71244-85-4
140	73602-70-7
140	73602-71-8
140	76483-01-7
140	82028-94-2
140	82785-43-1
140	83203-33-2
140	83652-87-3
140	83652-88-4
140	83652-89-5
140	85117-50-6
140	85409-86-5
140	863016-65-3
140	88495-86-7
140	90194-45-9
140	90452-02-1
140	906063-68-1
140	941291-66-3
140	94131-36-9
140	94187-92-5
140	950892-60-1
143	107251-05-8
143	107251-06-9
143	107251-07-0
143	107251-08-1
143	107251-10-5
143	107251-11-6
143	107251-12-7
143	107251-13-8
143	107251-14-9
143	107284-03-7
143	107284-04-8
143	107284-05-9
143	107566-50-7
143	107992-37-0
143	108398-81-8
143	108821-37-0
143	108821-38-1
143	109166-26-9
143	109166-27-0
143	109166-28-1
143	109166-29-2
143	109166-30-5
143	109166-31-6
143	109166-32-7
143	109166-33-8
143	109166-34-9
143	109166-35-0
143	109166-36-1
143	109166-37-2
143	109302-18-3
143	109302-19-4
143	109302-20-7
143	109302-21-8
143	110686-87-8
143	110686-88-9
143	110686-89-0
143	110686-95-8
143	110687-05-3
143	110687-19-9
143	110687-20-2
143	110687-21-3
143	110687-22-4
143	110710-27-5
143	110759-26-7
143	111242-43-4
143	111568-95-7
143	111568-96-8
143	111568-97-9
143	112004-24-7
143	112004-25-8
143	112416-88-3
143	112416-89-4
143	112416-90-7
143	112874-14-3
143	112973-88-3
143	113920-00-6
143	113920-01-7
143	114734-28-0
143	114734-29-1
143	115135-48-3
143	115135-49-4
143	115135-50-7
143	115300-71-5
143	115477-79-7
143	115968-23-5
143	116011-11-1
143	116011-12-2
143	116011-13-3
143	116011-23-5
143	116011-24-6
143	116550-87-9
143	116550-88-0
143	116550-89-1
143	116552-58-0
143	116640-81-4
143	116640-82-5
143	116640-83-6
143	117127-09-0
143	117127-49-8
143	117151-20-9
143	117218-41-4
143	117596-02-8
143	117944-88-4
143	118479-56-4
143	118479-93-9
143	118479-94-0
143	118558-04-6
143	118558-05-7
143	118558-06-8
143	118558-07-9
143	118819-44-6
143	118819-47-9
143	118819-62-8
143	118819-63-9
143	118819-71-9
143	118820-51-2
143	118956-10-8
143	1192824-22-8
143	119575-29-0
143	119666-80-7
143	12070-04-1
143	12071-27-1
143	121009-74-3
143	12144-09-1
143	122016-02-8
143	122362-52-1
143	122362-53-2
143	122362-73-6
143	122526-74-3
143	122526-75-4
143	122573-32-4
143	122680-66-4
143	123010-90-2
143	12326-86-2
143	12327-32-1
143	123610-76-4
143	123968-91-2
143	123968-92-3
143	123968-93-4
143	123968-94-5
143	123968-95-6
143	123968-96-7
143	124204-70-2
143	124204-71-3
143	124229-61-4
143	124275-52-1
143	12504-67-5
143	125980-08-7
143	126283-77-0
143	126302-72-5
143	126414-48-0
143	126603-77-8
143	126731-91-7
143	126731-92-8
143	127576-01-6
143	128585-79-5
143	129131-80-2
143	129344-37-2
143	130392-83-5
143	130393-14-5
143	130680-01-2
143	130988-53-3
143	130988-88-4
143	130988-89-5
143	131047-39-7
143	131047-40-0
143	131047-41-1
143	132002-60-9
143	132238-97-2
143	132266-12-7
143	132266-13-8
143	132266-48-9
143	135141-21-8
143	1356922-63-8
143	137083-44-4
143	1402835-26-0
143	1454308-15-6
143	145583-77-3
143	146915-55-1
143	148031-02-1
143	152024-73-2
143	154643-50-2
143	156131-38-3
143	160073-05-2
143	167972-08-9
143	215780-01-1
143	259092-53-0
143	288149-69-9
143	308076-74-6
143	37231-85-9
143	409-21-2
143	52973-43-0
143	52973-46-3
143	54500-13-9
143	63686-94-2
143	66039-27-8
143	76647-55-7
143	78544-49-7
143	84149-55-3
143	84561-31-9
143	84561-32-0
143	84561-34-2
143	86755-24-0
143	92843-12-4
143	95918-00-6
144	17638-48-1
144	34304-82-0
144	37211-05-5
144	69098-15-3
144	7718-54-9
144	7791-20-0
145	11118-57-3
145	11145-38-3
145	12324-05-9
145	12324-08-2
145	1333-82-0
145	188785-92-4
145	37293-29-1
145	58591-12-1
145	UN1463
146	124594-15-6
146	1333123-32-2
146	13770-89-3
146	20467-91-8
147	13520-92-8
147	15461-27-5
147	7699-43-6
148	10101-97-0
148	10101-98-1
148	10294-65-2
148	13842-46-1
148	139939-67-6
148	15699-18-0
148	15905-81-4
148	21707-27-7
148	25749-08-0
148	28038-27-9
148	32441-17-1
148	409334-62-9
148	7785-20-8
148	7786-81-4
149	107-05-1
149	36813-24-8
149	UN1100
15	119775-09-6
15	135862-86-1
15	1391413-98-1
15	22113-87-7
15	42939-70-8
15	593-51-1
15	74-89-5
15	7436-22-8
15	85404-17-7
15	865-30-5
15	UN1061
150	4439-24-1
151	142-19-8
152	10042-84-9
152	15467-20-6
152	18662-53-8
152	18994-66-6
152	23255-03-0
152	37291-81-9
152	5064-31-3
153	13282-70-7
153	133681-90-0
153	133946-69-7
153	30226-67-6
153	55819-53-9
153	67801-63-2
153	7651-02-7
153	83607-13-0
156	106-44-5
156	108-39-4
156	116804-25-2
156	1319-77-3
156	52037-47-5
156	8003-33-6
156	8006-62-0
156	8026-94-6
156	8027-16-5
156	84989-04-8
156	95-48-7
156	UN2022
156	UN2076
156	UN3455
157	1173021-20-9
157	124765-79-3
157	1322-69-6
157	140-66-9
157	209859-96-1
157	27013-89-4
157	27193-28-8
157	29932-96-5
157	30105-54-5
157	37769-53-2
157	3884-95-5
157	62744-41-6
157	85771-77-3
159	10119-30-9
159	12676-23-2
159	13023-28-4
159	16499-74-4
159	200401-83-8
159	25717-18-4
159	2893-78-9
159	51580-86-0
159	52671-45-1
159	76560-28-6
159	81918-50-5
16	124-40-3
16	136365-67-8
16	2300-66-5
16	286012-99-5
16	2876-06-4
16	37773-96-9
16	506-59-2
16	UN1160
161	100359-37-3
161	105287-10-3
161	1101133-44-1
161	111642-66-1
161	113536-69-9
161	114355-16-7
161	1152316-37-4
161	118215-91-1
161	123140-08-9
161	1266547-92-5
161	129979-04-0
161	132325-46-3
161	1353948-56-7
161	135842-81-8
161	136303-34-9
161	136753-34-9
161	1421768-31-1
161	147881-53-6
161	157856-36-5
161	162122-62-5
161	162730-95-2
161	170427-67-5
161	179045-96-6
161	183599-07-7
161	187758-12-9
161	188899-79-8
161	190605-99-3
161	200444-33-3
161	202833-48-5
161	204720-02-5
161	208472-20-2
161	216973-41-0
161	218949-13-4
161	227796-20-5
161	25052-79-3
161	25549-84-2
161	302578-06-9
161	313991-50-3
161	318474-24-7
161	351210-03-2
161	39283-05-1
161	39301-03-6
161	441742-58-1
161	444573-45-9
161	551943-14-7
161	56048-09-0
161	63993-69-1
161	64059-92-3
161	64441-46-9
161	65852-60-0
161	67017-21-4
161	67167-12-8
161	72870-55-4
161	75718-67-1
161	76559-77-8
161	77847-76-8
161	78003-17-5
161	8049-78-3
161	83856-16-0
161	84420-20-2
161	862135-66-8
161	871118-01-3
161	87210-28-4
161	87912-58-1
161	88402-97-5
161	88650-71-9
161	88895-33-4
161	9003-04-7
161	9033-79-8
161	9035-56-7
161	9080-35-7
161	95077-68-2
162	65996-89-6
162	65996-90-9
162	8007-45-2
162	8050-41-7
162	8050-43-9
162	8055-92-3
163	121575-60-8
163	129-00-0
163	205-99-2
163	218-01-9
163	50-32-8
163	56-55-3
163	61789-60-4
163	61789-61-5
163	65996-93-2
164	101963-56-8
164	10460-00-1
164	111-86-4
164	112-20-9
164	112-90-3
164	124-22-1
164	124-30-1
164	126162-08-1
164	12797-71-6
164	131815-44-6
164	131840-13-6
164	1341-46-4
164	1341-47-5
164	143-27-1
164	1454651-17-2
164	1454651-18-3
164	146997-92-4
164	1533423-47-0
164	163751-89-1
164	174593-28-3
164	17463-34-2
164	1838-19-3
164	191113-89-0
164	2016-42-4
164	2016-54-8
164	2016-57-1
164	2190-04-7
164	2570-26-5
164	258339-97-8
164	258340-53-3
164	25876-34-0
164	26266-59-1
164	27177-40-8
164	28065-97-6
164	28319-20-2
164	2869-34-3
164	32953-54-1
164	33455-14-0
164	37334-76-2
164	39281-05-5
164	39346-20-8
164	39433-05-1
164	39444-39-8
164	4200-95-7
164	457883-16-8
164	52953-83-0
164	54385-93-2
164	54578-32-4
164	54693-04-8
164	55840-90-9
164	56572-34-0
164	60085-15-6
164	60649-27-6
164	60880-83-3
164	61788-45-2
164	61788-46-3
164	61790-18-9
164	61790-33-8
164	62169-25-9
164	66455-22-9
164	68037-91-2
164	68037-92-3
164	68155-27-1
164	7307-55-3
164	73455-75-1
164	73507-37-6
164	745822-74-6
164	745822-78-0
164	8031-10-5
164	8034-99-9
164	8035-00-5
164	8035-01-6
164	8035-04-9
164	8035-05-0
164	8035-06-1
164	8035-73-2
164	8035-81-2
164	8038-60-6
164	85085-84-3
164	85566-21-8
164	89190-94-3
164	90015-00-2
164	90640-32-7
164	929-73-7
165	112-18-5
165	1920-05-4
165	352546-19-1
165	39279-50-0
165	52622-54-5
165	56573-43-4
165	59978-02-8
165	61788-93-0
165	61788-95-2
165	67700-98-5
165	68391-04-8
165	68439-70-3
165	68814-69-7
165	70729-87-2
165	83855-86-1
166	104302-76-3
166	108779-80-2
166	112-02-7
166	12294-25-6
166	129290-73-9
166	139272-33-6
166	146909-27-5
166	217468-43-4
166	53023-95-3
166	57-09-0
166	65060-02-8
166	69217-35-2
166	79631-76-8
166	79728-63-5
167	1100607-35-9
167	126851-24-9
167	148788-55-0
167	148812-65-1
167	154765-32-9
167	20256-56-8
167	210420-85-2
167	2390-68-3
167	446279-85-2
167	7173-51-5
167	82703-31-9
167	894406-76-9
167	97931-37-8
168	10108-91-5
168	104719-58-6
168	107-64-2
168	108385-07-5
168	114656-39-2
168	117342-25-3
168	118488-36-1
168	123312-54-9
168	125635-82-7
168	12677-13-3
168	127560-15-0
168	129119-79-5
168	130869-26-0
168	1309573-29-2
168	132147-88-7
168	134191-39-2
168	134821-46-8
168	134958-13-7
168	134958-14-8
168	137324-08-4
168	14402-30-3
168	1471-93-8
168	151616-45-4
168	16286-48-9
168	1812-53-9
168	18469-21-1
168	31500-63-7
168	32288-33-8
168	32329-01-4
168	3282-73-3
168	3401-74-9
168	35674-62-5
168	3700-67-2
168	3843-16-1
168	3877-26-7
168	51822-75-4
168	59111-82-9
168	60804-35-5
168	63028-40-0
168	63028-41-1
168	66359-86-2
168	678155-43-6
168	67907-18-0
168	67907-20-4
168	68105-02-2
168	70750-63-9
168	70755-46-3
168	70755-47-4
168	71308-04-8
168	71326-37-9
168	7206-39-5
168	76723-98-3
168	80234-51-1
168	811461-85-5
168	81626-37-1
168	86753-78-8
168	942915-51-7
168	96837-08-0
168	RR-122713-0
169	135462-97-4
169	135526-66-8
169	14351-50-9
169	160714-02-3
169	1616935-99-9
169	163221-07-6
169	1643-20-5
169	177162-47-9
169	197730-99-7
169	209122-49-6
169	217643-95-3
169	217821-90-4
169	244235-92-5
169	2571-88-2
169	2605-79-0
169	311814-25-2
169	321723-48-2
169	3332-27-2
169	39363-67-2
169	463328-10-1
169	58968-94-8
169	607690-42-6
169	61788-90-7
169	683806-08-8
169	68390-99-8
169	68955-55-5
169	70592-80-2
169	7128-91-8
169	73502-08-6
169	85408-48-6
169	85408-49-7
169	89258-01-5
17	103812-00-6
17	10424-65-4
17	104422-11-9
17	105468-35-7
17	10581-12-1
17	117277-88-0
17	1226979-35-6
17	123626-97-1
17	1239135-84-2
17	129653-91-4
17	129654-61-1
17	139657-01-5
17	14190-16-0
17	143549-79-5
17	154636-59-6
17	15525-13-0
17	1941-24-8
17	195460-17-4
17	251459-49-1
17	2537-36-2
17	373-68-2
17	3983-91-3
17	40768-19-2
17	53803-13-7
17	558-32-7
17	58345-96-3
17	59138-84-0
17	64-20-0
17	64000-88-0
17	661-36-9
17	75-57-0
17	75-58-1
17	75-59-2
17	78017-87-5
17	79098-37-6
17	79723-02-7
17	80526-82-5
17	811-92-7
17	93615-68-0
17	950683-29-1
17	UN1835
171	100295-82-7
171	100295-83-8
171	10042-59-8
171	10042-59-8
171	10042-59-8
171	10042-59-8
171	10042-59-8
171	10042-59-8
171	100431-82-1
171	100431-82-1
171	100431-87-6
171	100431-87-6
171	100483-74-7
171	100508-45-0
171	100508-45-0
171	100508-45-0
171	100757-71-9
171	100833-63-4
171	101181-74-2
171	101181-74-2
171	101181-74-2
171	101181-74-2
171	10143-20-1
171	10143-20-1
171	10143-20-1
171	10143-20-1
171	10143-20-1
171	10143-23-4
171	10202-77-4
171	10203-28-8
171	10203-30-2
171	10203-32-4
171	10203-33-5
171	102680-34-2
171	102680-34-2
171	102680-34-2
171	10289-68-6
171	102968-75-2
171	102968-76-3
171	10297-57-1
171	10297-57-1
171	10297-57-1
171	10297-57-1
171	10297-57-1
171	10297-57-1
171	103-08-2
171	103-08-2
171	103-08-2
171	103-20-8
171	103088-91-1
171	103088-91-1
171	103088-91-1
171	103088-92-2
171	103088-92-2
171	103088-92-2
171	103184-98-1
171	103184-98-1
171	103184-99-2
171	103184-99-2
171	103227-60-7
171	103227-60-7
171	103227-60-7
171	103227-60-7
171	103360-63-0
171	103360-63-0
171	103360-63-0
171	103496-51-1
171	103496-51-1
171	103496-51-1
171	103496-51-1
171	103496-51-1
171	103496-51-1
171	104-76-7
171	104-76-7
171	104526-49-0
171	104526-49-0
171	104526-49-0
171	104526-49-0
171	104526-49-0
171	104526-49-0
171	105-30-6
171	10522-26-6
171	10524-70-6
171	10524-70-6
171	10524-71-7
171	10524-71-7
171	105485-67-4
171	105485-67-4
171	105485-67-4
171	105485-67-4
171	105485-67-4
171	105485-67-4
171	105485-69-6
171	105485-70-9
171	105485-70-9
171	105485-70-9
171	105485-70-9
171	105485-70-9
171	105485-70-9
171	10575-56-1
171	10575-56-1
171	106-21-8
171	106-21-8
171	106-21-8
171	106-21-8
171	106-21-8
171	106-21-8
171	106-67-2
171	106-67-2
171	106593-58-2
171	1070-32-2
171	1070-32-2
171	107494-37-1
171	108-11-2
171	108-82-7
171	108-82-7
171	108-82-7
171	108-82-7
171	108393-72-2
171	108439-06-1
171	108448-40-4
171	108530-04-7
171	109120-04-9
171	110225-00-8
171	110225-00-8
171	110225-00-8
171	111-27-3
171	111-70-6
171	111-87-5
171	111-87-5
171	11118-23-3
171	111675-51-5
171	111675-51-5
171	111675-55-9
171	111675-55-9
171	111675-56-0
171	111675-56-0
171	111675-61-7
171	111675-61-7
171	111675-63-9
171	111675-63-9
171	111675-69-5
171	111675-69-5
171	111675-75-3
171	111675-75-3
171	111675-76-4
171	111675-76-4
171	111675-78-6
171	111675-79-7
171	1117-60-8
171	1117-60-8
171	1117-60-8
171	1117-60-8
171	1117-60-8
171	1117-60-8
171	111767-96-5
171	111767-98-7
171	111767-99-8
171	111768-00-4
171	111768-01-5
171	111768-02-6
171	111768-03-7
171	111768-04-8
171	111768-05-9
171	111768-06-0
171	111768-08-2
171	111768-09-3
171	111774-57-3
171	111774-57-3
171	112-30-1
171	112-30-1
171	112-30-1
171	112-30-1
171	112-30-1
171	112-42-5
171	112-53-8
171	112-70-9
171	112-72-1
171	112-92-5
171	112-92-5
171	112-92-5
171	1120-06-5
171	1120-06-5
171	1120-06-5
171	1120-06-5
171	1120-06-5
171	113298-92-3
171	113666-64-1
171	115182-86-0
171	115182-86-0
171	115667-95-3
171	1173838-88-4
171	118447-53-3
171	118492-13-0
171	118492-13-0
171	1185-33-7
171	120837-26-5
171	120837-26-5
171	123-17-1
171	123-24-0
171	123-24-0
171	123-24-0
171	123-44-4
171	123-44-4
171	123-96-6
171	123-96-6
171	124702-95-0
171	126950-60-5
171	128441-03-2
171	128441-03-2
171	128973-77-3
171	13023-60-4
171	13023-60-4
171	130322-50-8
171	130322-50-8
171	1320-98-5
171	1322-35-6
171	13231-81-7
171	13254-34-7
171	13254-34-7
171	13254-34-7
171	13254-34-7
171	1331-39-1
171	1331-39-1
171	1331-39-1
171	1331-39-1
171	1331-40-4
171	1331-40-4
171	1333-49-9
171	1333-49-9
171	1333-49-9
171	1333-49-9
171	1333-49-9
171	1333-49-9
171	13332-16-6
171	13332-29-1
171	1336-11-4
171	1336-11-4
171	13432-25-2
171	13432-25-2
171	134633-28-6
171	13471-42-6
171	134766-55-5
171	13501-73-0
171	13501-73-0
171	137008-30-1
171	137008-38-9
171	13848-60-7
171	14202-62-1
171	14202-62-1
171	14202-62-1
171	14202-62-1
171	14202-64-3
171	14202-64-3
171	14202-64-3
171	14202-64-3
171	14202-64-3
171	14202-64-3
171	14250-79-4
171	14250-79-4
171	14250-79-4
171	14250-79-4
171	14250-80-7
171	143-08-8
171	143-08-8
171	143-08-8
171	143819-62-9
171	143819-62-9
171	143819-62-9
171	14499-84-4
171	1454-85-9
171	1454-85-9
171	1454-85-9
171	14609-79-1
171	14609-79-1
171	14609-79-1
171	14609-79-1
171	1484-87-3
171	1484-87-3
171	1484-87-3
171	1484-87-3
171	14852-31-4
171	14852-31-4
171	14852-31-4
171	14852-31-4
171	1489-47-0
171	1489-47-0
171	1489-47-0
171	1489-47-0
171	1489-47-0
171	1489-47-0
171	14898-80-7
171	14979-39-6
171	14979-39-6
171	150138-88-8
171	1502-68-7
171	1502-92-7
171	1502-93-8
171	1502-94-9
171	15071-36-0
171	151-19-9
171	151-19-9
171	151-19-9
171	151-19-9
171	151-19-9
171	151-19-9
171	1517-67-5
171	15250-22-3
171	15250-22-3
171	15250-22-3
171	15250-22-3
171	15250-22-3
171	15250-22-3
171	15340-96-2
171	15340-96-2
171	15340-96-2
171	15340-96-2
171	15340-96-2
171	15340-96-2
171	154170-44-2
171	154170-44-2
171	154170-44-2
171	154170-44-2
171	154170-44-2
171	154170-44-2
171	1561-17-7
171	1565-81-7
171	1565-81-7
171	1565-81-7
171	1565-81-7
171	1565-81-7
171	1572-96-9
171	1573-28-0
171	1573-28-0
171	1573-28-0
171	1573-28-0
171	159848-27-8
171	159848-27-8
171	159848-27-8
171	159848-27-8
171	159848-27-8
171	159848-27-8
171	160611-14-3
171	160935-35-3
171	160935-35-3
171	160935-35-3
171	160935-35-3
171	160935-35-3
171	160935-35-3
171	16325-63-6
171	16325-63-6
171	16404-54-9
171	1653-30-1
171	1653-31-2
171	1653-33-4
171	1653-34-5
171	1653-34-5
171	1653-34-5
171	1653-34-5
171	1653-34-5
171	1653-35-6
171	1653-35-6
171	1653-35-6
171	1653-35-6
171	1653-35-6
171	1653-37-8
171	1653-40-3
171	1653-40-3
171	1656-06-0
171	16651-60-8
171	16651-60-8
171	16651-60-8
171	16813-18-6
171	16813-18-6
171	16813-18-6
171	17015-11-1
171	1705-72-2
171	1705-72-2
171	1705-72-2
171	1705-72-2
171	1705-72-2
171	1705-72-2
171	17092-41-0
171	17092-42-1
171	17092-54-5
171	172821-74-8
171	1767-46-0
171	17670-90-5
171	17670-90-5
171	17670-90-5
171	17687-70-6
171	17687-71-7
171	18352-67-5
171	18352-71-1
171	18371-13-6
171	1838-73-9
171	1838-73-9
171	18450-73-2
171	18450-73-2
171	18450-73-2
171	18450-73-2
171	18450-74-3
171	18450-74-3
171	18450-74-3
171	18450-74-3
171	18479-55-5
171	18479-55-5
171	18479-55-5
171	18479-55-5
171	18479-55-5
171	18479-55-5
171	18479-57-7
171	18479-57-7
171	18479-57-7
171	18479-57-7
171	18479-57-7
171	18479-57-7
171	18479-61-3
171	18479-61-3
171	18479-61-3
171	18479-61-3
171	18479-61-3
171	18479-61-3
171	18541-08-7
171	18541-08-7
171	18541-08-7
171	18541-08-7
171	18541-08-7
171	18541-08-7
171	18593-91-4
171	18593-91-4
171	18593-92-5
171	18593-92-5
171	18675-20-2
171	18675-20-2
171	18675-20-2
171	18675-20-2
171	18675-20-2
171	18675-20-2
171	18675-24-6
171	18720-62-2
171	18720-62-2
171	18720-65-5
171	18720-65-5
171	18720-66-6
171	18720-66-6
171	189021-36-1
171	19113-77-0
171	19113-77-0
171	19138-83-1
171	19264-94-9
171	19398-78-8
171	19398-78-8
171	19398-78-8
171	19398-78-8
171	19398-78-8
171	19398-78-8
171	19411-41-7
171	19411-41-7
171	19549-70-3
171	19549-70-3
171	19549-70-3
171	19549-70-3
171	19549-71-4
171	19549-71-4
171	19549-71-4
171	19549-71-4
171	19549-72-5
171	19549-72-5
171	19549-72-5
171	19549-72-5
171	19549-73-6
171	19549-73-6
171	19549-73-6
171	19549-73-6
171	19549-77-0
171	19549-77-0
171	19549-77-0
171	19549-77-0
171	19549-79-2
171	19549-79-2
171	19549-79-2
171	19549-79-2
171	19550-02-8
171	19550-02-8
171	19550-03-9
171	19550-03-9
171	19550-07-3
171	19550-07-3
171	19550-08-4
171	19550-08-4
171	19550-30-2
171	19780-31-5
171	19780-40-6
171	19780-40-6
171	19780-40-6
171	19780-40-6
171	19780-41-7
171	19780-41-7
171	19780-41-7
171	19780-41-7
171	19780-42-8
171	19780-42-8
171	19780-42-8
171	19780-42-8
171	19780-44-0
171	19780-44-0
171	19780-79-1
171	19781-10-3
171	19781-10-3
171	19781-10-3
171	19781-10-3
171	19781-10-3
171	19781-10-3
171	19781-11-4
171	19781-11-4
171	19781-11-4
171	19781-11-4
171	19781-11-4
171	19781-11-4
171	19781-12-5
171	19781-12-5
171	19781-12-5
171	19781-12-5
171	19781-12-5
171	19781-12-5
171	19781-13-6
171	19781-13-6
171	19781-13-6
171	19781-13-6
171	19781-13-6
171	19781-13-6
171	19781-24-9
171	19781-26-1
171	19781-26-1
171	19781-26-1
171	19781-26-1
171	19781-26-1
171	19781-26-1
171	19781-27-2
171	19781-27-2
171	19781-27-2
171	19781-27-2
171	19781-27-2
171	19781-27-2
171	19781-43-2
171	19781-43-2
171	19781-43-2
171	19781-43-2
171	19781-83-0
171	19781-83-0
171	19781-83-0
171	19781-83-0
171	19841-72-6
171	19841-72-6
171	19841-72-6
171	19841-72-6
171	19841-72-6
171	19841-72-6
171	19870-37-2
171	19965-71-0
171	201057-93-4
171	20180-66-9
171	20194-45-0
171	20194-48-3
171	20194-48-3
171	20194-48-3
171	20194-48-3
171	20281-83-8
171	20281-85-0
171	20281-86-1
171	20281-88-3
171	20281-90-7
171	20281-91-8
171	2051-31-2
171	2051-31-2
171	2051-31-2
171	2051-31-2
171	2051-31-2
171	2051-32-3
171	2051-32-3
171	2051-32-3
171	2051-32-3
171	2051-32-3
171	2051-32-3
171	2051-33-4
171	2051-33-4
171	2051-33-4
171	2051-33-4
171	2051-33-4
171	2051-33-4
171	20592-10-3
171	20592-10-3
171	20592-10-3
171	20592-10-3
171	20592-10-3
171	20592-10-3
171	20680-53-9
171	20680-54-0
171	20680-54-0
171	20680-54-0
171	20818-95-5
171	20818-95-5
171	20818-95-5
171	20818-95-5
171	21078-65-9
171	21078-68-2
171	21078-72-8
171	21078-72-8
171	21078-72-8
171	21078-72-8
171	21078-72-8
171	21078-72-8
171	21078-80-8
171	21078-81-9
171	21078-83-1
171	21078-85-3
171	21078-85-3
171	21078-85-3
171	21078-85-3
171	21078-87-5
171	21078-87-5
171	21078-87-5
171	21078-87-5
171	21078-88-6
171	21078-88-6
171	21078-88-6
171	21078-88-6
171	21102-09-0
171	21102-09-0
171	21102-09-0
171	21102-09-0
171	21102-10-3
171	21102-10-3
171	21102-10-3
171	21102-10-3
171	21102-12-5
171	21102-12-5
171	21102-12-5
171	21102-12-5
171	21102-13-6
171	21102-13-6
171	21102-13-6
171	21102-13-6
171	21242-50-2
171	21242-50-2
171	21570-35-4
171	21570-35-4
171	21964-39-6
171	21964-39-6
171	21964-39-6
171	21974-97-0
171	21974-97-0
171	21974-97-0
171	2198-72-3
171	2198-72-3
171	2198-72-3
171	2198-72-3
171	2198-72-3
171	2198-72-3
171	21987-23-5
171	21987-23-5
171	21987-23-5
171	22025-20-3
171	22025-20-3
171	22417-49-8
171	22418-70-8
171	22469-65-4
171	22469-65-4
171	22469-65-4
171	22469-65-4
171	22658-92-0
171	22658-92-0
171	22663-61-2
171	22663-64-5
171	22663-64-5
171	22663-64-5
171	22663-64-5
171	22663-64-5
171	22663-64-5
171	2313-61-3
171	2313-65-7
171	23171-85-9
171	23171-85-9
171	23418-37-3
171	23418-37-3
171	23418-37-3
171	23418-37-3
171	23418-38-4
171	23418-38-4
171	23418-38-4
171	23418-38-4
171	23418-38-4
171	23418-38-4
171	2370-12-9
171	2370-13-0
171	2370-13-0
171	2370-14-1
171	2370-14-1
171	2370-14-1
171	2370-14-1
171	2370-14-1
171	2370-14-1
171	2370-15-2
171	23708-56-7
171	2425-77-6
171	2425-77-6
171	2425-77-6
171	2425-77-6
171	2430-22-0
171	2430-22-0
171	2430-22-0
171	2430-22-0
171	24448-19-9
171	24448-19-9
171	2490-09-7
171	2490-09-7
171	2490-09-7
171	2490-10-0
171	2490-10-0
171	2490-10-0
171	2490-11-1
171	2490-11-1
171	2490-11-1
171	2490-40-6
171	2490-40-6
171	2490-40-6
171	2490-41-7
171	2490-41-7
171	2490-41-7
171	2490-42-8
171	2490-42-8
171	2490-42-8
171	2490-43-9
171	2490-43-9
171	2490-43-9
171	2490-44-0
171	2490-44-0
171	2490-44-0
171	2490-45-1
171	2490-45-1
171	2490-45-1
171	2490-47-3
171	2490-47-3
171	2490-47-3
171	2490-48-4
171	2490-48-4
171	2490-48-4
171	25237-85-8
171	25339-16-6
171	25339-16-6
171	25339-17-7
171	25339-17-7
171	25339-17-7
171	25339-17-7
171	25339-17-7
171	25354-98-7
171	25354-98-7
171	25354-98-7
171	25354-98-7
171	25354-99-8
171	25354-99-8
171	25354-99-8
171	25354-99-8
171	25355-00-4
171	25355-00-4
171	25355-00-4
171	25355-00-4
171	25355-02-6
171	25355-02-6
171	25355-02-6
171	25355-02-6
171	25355-03-7
171	25355-03-7
171	25355-03-7
171	25355-03-7
171	2541-75-5
171	2541-75-5
171	2541-75-5
171	25428-98-2
171	25452-34-0
171	25452-34-0
171	25452-34-0
171	25452-34-0
171	25452-35-1
171	25452-35-1
171	25452-35-1
171	25452-36-2
171	25452-36-2
171	25452-36-2
171	25564-53-8
171	25564-57-2
171	25564-59-4
171	25564-62-9
171	25570-07-4
171	25570-07-4
171	25570-07-4
171	25570-07-4
171	25570-07-4
171	25570-07-4
171	25570-11-0
171	25917-35-5
171	25966-64-7
171	25966-65-8
171	26073-23-4
171	26073-23-4
171	26073-23-4
171	26073-23-4
171	26209-94-9
171	26215-92-9
171	26248-42-0
171	26248-42-0
171	26248-42-0
171	26248-42-0
171	26330-76-7
171	26401-20-7
171	26432-14-4
171	26432-14-4
171	26432-14-4
171	26432-15-5
171	26432-15-5
171	26432-15-5
171	26533-31-3
171	26533-31-3
171	26533-31-3
171	26533-31-3
171	26533-31-3
171	26533-31-3
171	26533-32-4
171	26533-32-4
171	26533-32-4
171	26533-32-4
171	26533-32-4
171	26533-32-4
171	26533-33-5
171	26533-33-5
171	26533-33-5
171	26533-33-5
171	26533-33-5
171	26533-33-5
171	26533-34-6
171	26533-34-6
171	26533-34-6
171	26533-34-6
171	26533-35-7
171	26533-35-7
171	26533-35-7
171	26533-35-7
171	26549-24-6
171	26549-25-7
171	26549-26-8
171	26549-26-8
171	26762-44-7
171	26762-44-7
171	26762-44-7
171	26952-21-6
171	26952-21-6
171	26981-98-6
171	26981-98-6
171	26981-98-6
171	26981-98-6
171	26981-98-6
171	26981-98-6
171	27196-00-5
171	27243-09-0
171	27243-10-3
171	27342-88-7
171	27458-92-0
171	27458-93-1
171	27458-93-1
171	27458-93-1
171	27458-94-2
171	27458-94-2
171	27458-94-2
171	27458-94-2
171	27522-11-8
171	27644-49-1
171	27644-49-1
171	27644-49-1
171	27644-49-1
171	27649-34-9
171	27649-36-1
171	2768-12-9
171	2768-12-9
171	2768-12-9
171	2768-12-9
171	2768-15-2
171	2768-15-2
171	2768-15-2
171	2768-15-2
171	2768-15-2
171	2768-15-2
171	2768-16-3
171	2768-16-3
171	2768-16-3
171	2768-16-3
171	2768-16-3
171	2768-16-3
171	2768-18-5
171	2768-18-5
171	28339-05-1
171	28929-85-3
171	28929-86-4
171	29354-98-1
171	29354-98-1
171	29354-98-1
171	29354-98-1
171	29678-31-7
171	29678-31-7
171	29678-31-7
171	29678-31-7
171	29678-33-9
171	29678-33-9
171	29678-33-9
171	29678-33-9
171	29772-39-2
171	29772-39-2
171	29772-39-2
171	29772-39-2
171	29772-40-5
171	29772-40-5
171	29772-40-5
171	29772-40-5
171	29772-40-5
171	29772-40-5
171	29835-44-7
171	29843-62-7
171	29843-62-7
171	29843-62-7
171	29843-62-7
171	29843-62-7
171	29843-62-7
171	30207-98-8
171	3054-92-0
171	3054-92-0
171	3121-79-7
171	31271-00-8
171	31334-78-8
171	31334-80-2
171	31367-46-1
171	31367-46-1
171	31389-11-4
171	31389-11-4
171	31389-11-4
171	31389-11-4
171	31389-11-4
171	31841-58-4
171	31841-73-3
171	31841-73-3
171	31841-73-3
171	31841-73-3
171	31841-73-3
171	31841-73-3
171	31841-74-4
171	31841-77-7
171	31841-77-7
171	321901-80-8
171	321901-80-8
171	321901-80-8
171	321901-80-8
171	321901-80-8
171	32444-34-1
171	32579-68-3
171	32579-69-4
171	32579-70-7
171	32836-42-3
171	33234-93-4
171	33234-93-4
171	33234-93-4
171	33234-93-4
171	33234-93-4
171	33234-93-4
171	33758-15-5
171	33758-15-5
171	33758-15-5
171	33758-15-5
171	33758-15-5
171	33758-16-6
171	33758-16-6
171	33758-16-6
171	33758-16-6
171	33758-16-6
171	33933-77-6
171	33933-77-6
171	33933-77-6
171	33933-77-6
171	33933-78-7
171	33933-78-7
171	33933-78-7
171	33933-78-7
171	33933-78-7
171	33933-78-7
171	33933-79-8
171	33933-79-8
171	33933-79-8
171	33933-79-8
171	33933-79-8
171	33933-79-8
171	33933-80-1
171	33943-21-4
171	33943-21-4
171	33943-21-4
171	33943-21-4
171	3396-02-9
171	33969-59-4
171	33978-71-1
171	34019-17-5
171	34197-82-5
171	3452-97-9
171	3452-97-9
171	3452-97-9
171	3452-97-9
171	34760-18-4
171	34760-18-4
171	34760-18-4
171	35119-84-7
171	35177-29-8
171	35177-29-8
171	35177-29-8
171	3525-25-5
171	3525-25-5
171	3525-25-5
171	3525-25-5
171	36311-34-9
171	36311-34-9
171	36311-34-9
171	36311-34-9
171	36400-98-3
171	36400-98-3
171	36400-98-3
171	36633-44-0
171	36633-44-0
171	36633-44-0
171	36633-44-0
171	36633-44-0
171	36633-44-0
171	36653-82-4
171	36653-82-4
171	36653-82-4
171	36653-82-4
171	36730-79-7
171	36730-79-7
171	36730-79-7
171	36730-79-7
171	36730-79-7
171	36794-64-6
171	3730-60-7
171	3730-60-7
171	37490-40-7
171	37493-70-2
171	37769-60-1
171	37849-30-2
171	38206-58-5
171	38395-41-4
171	38395-42-5
171	38395-42-5
171	38395-42-5
171	38395-42-5
171	38395-42-5
171	38395-42-5
171	38443-88-8
171	38514-02-2
171	38514-02-2
171	38514-02-2
171	38514-02-2
171	38514-03-3
171	38514-03-3
171	38514-03-3
171	38514-03-3
171	38514-04-4
171	38514-04-4
171	38514-04-4
171	38514-04-4
171	38514-05-5
171	38514-05-5
171	38514-05-5
171	38514-05-5
171	38514-07-7
171	38514-07-7
171	38514-07-7
171	38514-07-7
171	38514-07-7
171	38514-07-7
171	38514-08-8
171	38514-08-8
171	38514-08-8
171	38514-08-8
171	38514-08-8
171	38514-08-8
171	38514-09-9
171	38514-09-9
171	38514-09-9
171	38514-09-9
171	38514-09-9
171	38514-09-9
171	38514-11-3
171	38514-12-4
171	38514-13-5
171	38514-13-5
171	38514-14-6
171	38514-14-6
171	38514-14-6
171	38514-14-6
171	38514-15-7
171	38514-15-7
171	38514-15-7
171	38514-15-7
171	38514-15-7
171	38514-15-7
171	38636-36-1
171	38713-13-2
171	39003-07-1
171	39106-92-8
171	3913-02-8
171	39387-31-0
171	39433-03-9
171	39457-30-2
171	39465-04-8
171	3965-59-1
171	3965-59-1
171	3970-59-0
171	3970-59-0
171	3970-59-0
171	3970-59-0
171	3970-62-5
171	40225-75-0
171	40225-75-0
171	40225-75-0
171	40225-75-0
171	40435-42-5
171	40435-42-5
171	40435-42-5
171	40435-42-5
171	40589-14-8
171	40589-14-8
171	40589-14-8
171	40589-14-8
171	40589-14-8
171	40589-14-8
171	40589-16-0
171	40853-58-5
171	41065-95-6
171	41065-95-6
171	41096-61-1
171	4128-31-8
171	4128-31-8
171	4131-80-0
171	41444-39-7
171	4166-46-5
171	4166-46-5
171	41744-75-6
171	41744-75-6
171	41744-75-6
171	41746-85-4
171	41884-28-0
171	41884-28-0
171	41884-28-0
171	41884-28-0
171	41884-28-0
171	41884-28-0
171	41902-42-5
171	42007-73-8
171	42007-73-8
171	42007-73-8
171	42007-73-8
171	42007-73-8
171	42007-73-8
171	42072-39-9
171	42072-62-8
171	4209-90-9
171	4209-90-9
171	4209-91-0
171	4209-91-0
171	42184-01-0
171	42328-76-7
171	42328-76-7
171	4272-06-4
171	42763-52-0
171	42763-52-0
171	42763-52-0
171	42842-12-6
171	42842-13-7
171	42928-45-0
171	42928-45-0
171	42928-45-0
171	42928-47-2
171	42928-47-2
171	42928-47-2
171	42928-47-2
171	42930-67-6
171	45235-48-1
171	45235-48-1
171	45235-48-1
171	464-07-3
171	4706-81-4
171	4730-22-7
171	4730-22-7
171	4911-70-0
171	4989-79-1
171	51079-52-8
171	51079-52-8
171	51079-52-8
171	51079-52-8
171	51079-79-9
171	51079-79-9
171	51079-79-9
171	51079-79-9
171	51079-79-9
171	51079-79-9
171	5108-33-8
171	51166-20-2
171	51166-20-2
171	51166-20-2
171	51174-83-5
171	51174-83-5
171	51200-80-7
171	51200-80-7
171	51200-80-7
171	51200-80-7
171	51200-81-8
171	51200-81-8
171	51200-81-8
171	51200-81-8
171	51200-81-8
171	51200-81-8
171	51200-82-9
171	51200-82-9
171	51200-82-9
171	51200-82-9
171	51200-82-9
171	51200-82-9
171	51200-83-0
171	51200-83-0
171	51200-83-0
171	51200-83-0
171	51200-83-0
171	51200-83-0
171	51200-84-1
171	51246-24-3
171	51246-25-4
171	51246-26-5
171	51260-59-4
171	51260-59-4
171	51260-59-4
171	51260-59-4
171	51552-64-8
171	5162-48-1
171	5162-48-1
171	51655-55-1
171	51655-56-2
171	51655-57-3
171	51655-60-8
171	51655-60-8
171	51655-60-8
171	51655-63-1
171	51750-47-1
171	51774-11-9
171	51864-90-5
171	51864-90-5
171	51864-90-5
171	51864-90-5
171	51864-90-5
171	51864-90-5
171	51864-91-6
171	51864-91-6
171	51864-91-6
171	51864-91-6
171	51864-92-7
171	51864-93-8
171	52019-78-0
171	5205-34-5
171	5205-34-5
171	5205-34-5
171	5205-34-5
171	5205-34-5
171	52356-02-2
171	52356-02-2
171	52356-02-2
171	52356-02-2
171	52783-44-5
171	52783-44-5
171	52783-44-5
171	52788-59-7
171	52788-59-7
171	52788-59-7
171	53151-79-4
171	53151-79-4
171	53151-79-4
171	53151-79-4
171	5331-63-5
171	5331-63-5
171	5331-63-5
171	5331-63-5
171	5333-44-8
171	5333-44-8
171	5333-44-8
171	5333-48-2
171	5333-48-2
171	5333-48-2
171	5333-48-2
171	5333-48-2
171	5333-48-2
171	5333-48-2
171	5333-48-2
171	5333-48-2
171	5333-48-2
171	53353-04-1
171	53398-71-3
171	5340-31-8
171	5340-35-2
171	5340-36-3
171	5340-36-3
171	5340-36-3
171	5340-36-3
171	5340-41-0
171	5340-41-0
171	5340-41-0
171	5340-41-0
171	5340-51-2
171	5340-52-3
171	5340-80-7
171	54004-41-0
171	54004-41-0
171	54004-41-0
171	54004-41-0
171	54206-54-1
171	543-49-7
171	54322-29-1
171	54381-03-2
171	54381-04-3
171	54460-99-0
171	54461-00-6
171	54461-00-6
171	54461-00-6
171	5457-42-1
171	54630-50-1
171	54630-50-1
171	54712-26-4
171	54774-83-3
171	54775-01-8
171	54972-97-3
171	55073-86-4
171	55073-86-4
171	55073-86-4
171	55073-86-4
171	55073-86-4
171	55073-86-4
171	55110-82-2
171	55110-82-2
171	55110-82-2
171	55110-82-2
171	55310-58-2
171	55310-58-2
171	55310-58-2
171	55310-58-2
171	55310-59-3
171	55310-59-3
171	55310-59-3
171	55310-59-3
171	55310-60-6
171	55310-60-6
171	55310-60-6
171	55310-60-6
171	55310-61-7
171	55310-61-7
171	55310-61-7
171	55310-61-7
171	55505-23-2
171	55505-24-3
171	55505-24-3
171	55505-24-3
171	55505-24-3
171	55505-25-4
171	55505-25-4
171	55505-25-4
171	55505-25-4
171	55505-25-4
171	55505-25-4
171	55505-26-5
171	55505-26-5
171	55505-26-5
171	55505-26-5
171	55505-26-5
171	55505-26-5
171	55505-27-6
171	55505-27-6
171	55505-27-6
171	55505-27-6
171	55505-27-6
171	55505-27-6
171	55505-28-7
171	55505-29-8
171	55505-33-4
171	55505-34-5
171	55505-34-5
171	55505-34-5
171	55505-34-5
171	55514-25-5
171	55719-99-8
171	55719-99-8
171	55719-99-8
171	55719-99-8
171	55720-01-9
171	55720-04-2
171	55720-04-2
171	55720-04-2
171	55720-04-2
171	55816-16-5
171	55816-16-5
171	55816-16-5
171	55816-16-5
171	55816-16-5
171	55816-16-5
171	55816-17-6
171	5582-82-1
171	5582-82-1
171	56065-39-5
171	56065-40-8
171	56065-40-8
171	56065-40-8
171	56065-40-8
171	56065-40-8
171	56065-40-8
171	56065-41-9
171	56065-41-9
171	56065-41-9
171	56065-41-9
171	56065-41-9
171	56065-41-9
171	56065-42-0
171	56065-42-0
171	56065-42-0
171	56065-42-0
171	56065-42-0
171	56065-42-0
171	56065-43-1
171	56065-43-1
171	56065-43-1
171	56065-43-1
171	56065-43-1
171	56065-43-1
171	56298-90-9
171	56298-90-9
171	56314-72-8
171	56314-73-9
171	56314-74-0
171	56314-75-1
171	56314-76-2
171	56314-77-3
171	565-60-6
171	565-67-3
171	56846-92-5
171	56846-92-5
171	56846-92-5
171	56846-93-6
171	56846-93-6
171	56846-93-6
171	56846-93-6
171	56973-28-5
171	57233-25-7
171	57233-25-7
171	57233-25-7
171	57233-25-7
171	57233-25-7
171	57233-25-7
171	57233-26-8
171	57233-29-1
171	57233-31-5
171	57233-31-5
171	57233-31-5
171	57233-31-5
171	57233-31-5
171	57233-31-5
171	57233-32-6
171	57289-07-3
171	57289-07-3
171	57289-07-3
171	57409-53-7
171	57409-53-7
171	57630-25-8
171	57630-25-8
171	57630-25-8
171	57630-25-8
171	5770-03-6
171	57706-88-4
171	57706-88-4
171	57706-88-4
171	57706-88-4
171	57706-88-4
171	57706-88-4
171	58046-40-5
171	58046-40-5
171	58046-40-5
171	58046-40-5
171	58046-40-5
171	58046-40-5
171	58175-57-8
171	58175-57-8
171	58242-80-1
171	58242-82-3
171	58242-82-3
171	58242-82-3
171	58242-82-3
171	58242-82-3
171	58242-82-3
171	58524-92-8
171	58524-92-8
171	58524-92-8
171	58524-92-8
171	58524-92-8
171	58558-26-2
171	58558-26-2
171	58558-26-2
171	58558-26-2
171	58558-26-2
171	58558-26-2
171	58558-28-4
171	58558-28-4
171	58558-28-4
171	58558-28-4
171	58558-28-4
171	58558-28-4
171	58558-33-1
171	58558-33-1
171	58558-33-1
171	58558-33-1
171	58558-33-1
171	58558-33-1
171	58558-34-2
171	58558-34-2
171	58558-34-2
171	58558-34-2
171	58558-34-2
171	58558-34-2
171	5857-69-2
171	5857-69-2
171	5857-69-2
171	5857-69-2
171	5857-69-2
171	5857-69-2
171	5857-70-5
171	5857-70-5
171	5857-70-5
171	5857-70-5
171	5857-70-5
171	5857-70-5
171	58783-82-7
171	58795-24-7
171	58795-24-7
171	58795-24-7
171	58795-24-7
171	589-35-5
171	589-55-9
171	589-62-8
171	589-62-8
171	589-82-2
171	589-98-0
171	589-98-0
171	590-36-3
171	59056-73-4
171	59056-73-4
171	59056-73-4
171	591-70-8
171	591-70-8
171	591-70-8
171	591-72-0
171	591-72-0
171	591-72-0
171	591-72-0
171	591-73-1
171	591-73-1
171	591-73-1
171	591-73-1
171	59117-31-6
171	59156-74-0
171	59156-74-0
171	59156-74-0
171	59156-75-1
171	59156-75-1
171	59156-75-1
171	59156-75-1
171	59156-76-2
171	59156-76-2
171	59156-76-2
171	59222-84-3
171	593-03-3
171	593-03-3
171	593-03-3
171	593-03-3
171	593-32-8
171	593-32-8
171	593-32-8
171	5932-79-6
171	5932-79-6
171	5932-79-6
171	594-60-5
171	594-83-2
171	595-41-5
171	597-05-7
171	597-05-7
171	597-49-9
171	597-76-2
171	597-76-2
171	597-90-0
171	597-90-0
171	597-90-0
171	597-90-0
171	597-93-3
171	597-96-6
171	5970-63-8
171	5970-63-8
171	59734-23-5
171	59734-23-5
171	59734-23-5
171	59734-23-5
171	5978-70-1
171	5978-70-1
171	598-01-6
171	598-01-6
171	600-36-2
171	60129-23-9
171	60129-23-9
171	60129-23-9
171	60129-23-9
171	60129-24-0
171	60129-24-0
171	60129-24-0
171	6033-23-4
171	6033-24-5
171	60435-70-3
171	60435-70-3
171	60564-75-2
171	60564-76-3
171	60564-76-3
171	60564-77-4
171	60564-78-5
171	60564-78-5
171	60564-78-5
171	60564-78-5
171	60564-79-6
171	60650-33-1
171	60671-32-1
171	60671-32-1
171	60671-32-1
171	60671-32-1
171	60671-32-1
171	60671-32-1
171	60671-33-2
171	60671-34-3
171	60671-35-4
171	60671-36-5
171	60671-37-6
171	60836-07-9
171	60836-07-9
171	60836-07-9
171	60836-07-9
171	60836-07-9
171	60836-07-9
171	60836-08-0
171	60836-08-0
171	60836-08-0
171	60836-08-0
171	60836-08-0
171	60836-08-0
171	609-27-8
171	61169-84-4
171	61169-84-4
171	61184-91-6
171	61184-92-7
171	6144-93-0
171	615-29-2
171	6169-06-8
171	6169-06-8
171	617-29-8
171	61838-24-2
171	61949-26-6
171	61973-86-2
171	61973-86-2
171	61973-86-2
171	61973-86-2
171	6210-51-1
171	62101-31-9
171	62101-32-0
171	62101-33-1
171	623-37-0
171	623-55-2
171	623-93-8
171	623-93-8
171	623-93-8
171	624-08-8
171	624-08-8
171	624-08-8
171	624-22-6
171	624-51-1
171	624-51-1
171	624-51-1
171	624-95-3
171	62417-08-7
171	62417-08-7
171	62417-08-7
171	62417-08-7
171	62417-08-7
171	62417-08-7
171	625-06-9
171	625-23-0
171	625-25-2
171	625-25-2
171	626-89-1
171	626-93-7
171	627-59-8
171	627-98-5
171	62701-49-9
171	628-44-4
171	628-44-4
171	628-44-4
171	628-44-4
171	628-99-9
171	628-99-9
171	628-99-9
171	629-76-5
171	629-76-5
171	629-76-5
171	629-76-5
171	629-76-5
171	62958-39-8
171	62958-40-1
171	62958-41-2
171	6305-71-1
171	63067-46-9
171	63067-46-9
171	63067-46-9
171	63067-47-0
171	63067-47-0
171	63067-47-0
171	63126-08-9
171	63126-08-9
171	63126-08-9
171	63126-08-9
171	63126-09-0
171	63126-09-0
171	63126-09-0
171	63126-09-0
171	63126-09-0
171	63126-09-0
171	63393-82-8
171	63393-83-9
171	6345-85-3
171	63707-89-1
171	63707-89-1
171	63707-90-4
171	63707-90-4
171	63730-39-2
171	63730-39-2
171	63782-91-2
171	63782-91-2
171	63814-74-4
171	64029-94-3
171	64502-86-9
171	64641-46-9
171	6481-95-4
171	6481-95-4
171	65502-58-1
171	65502-58-1
171	65502-61-6
171	65502-61-6
171	65502-61-6
171	65502-61-6
171	6570-87-2
171	65769-10-0
171	65769-10-0
171	65769-10-0
171	65769-10-0
171	65822-93-7
171	65822-93-7
171	65822-93-7
171	65822-93-7
171	65927-60-8
171	65927-60-8
171	65927-60-8
171	65927-60-8
171	66050-98-4
171	66050-99-5
171	66225-51-2
171	66256-41-5
171	66256-41-5
171	66256-41-5
171	66256-41-5
171	66256-41-5
171	66256-41-5
171	66256-46-0
171	66256-46-0
171	66256-46-0
171	66256-46-0
171	66256-46-0
171	66256-46-0
171	66256-47-1
171	66256-47-1
171	66256-47-1
171	66256-47-1
171	66256-47-1
171	66256-47-1
171	66256-50-6
171	66256-50-6
171	66256-50-6
171	66256-50-6
171	66256-50-6
171	66256-50-6
171	66256-62-0
171	66256-62-0
171	66256-62-0
171	66256-62-0
171	66256-62-0
171	66256-62-0
171	66256-65-3
171	66256-65-3
171	66256-65-3
171	66256-65-3
171	66256-65-3
171	66256-65-3
171	66283-22-5
171	66283-22-5
171	6632-94-6
171	66455-17-2
171	66534-89-2
171	66576-24-7
171	66576-24-7
171	66576-25-8
171	66576-25-8
171	66576-34-9
171	66576-34-9
171	66576-35-0
171	66576-35-0
171	66576-55-4
171	66576-55-4
171	66576-56-5
171	66576-56-5
171	66576-57-6
171	66576-57-6
171	66605-94-5
171	66719-32-2
171	66719-32-2
171	66719-32-2
171	66719-32-2
171	66719-32-2
171	66719-32-2
171	66719-33-3
171	66719-33-3
171	66719-33-3
171	66719-33-3
171	66719-33-3
171	66719-33-3
171	66719-34-4
171	66719-34-4
171	66719-34-4
171	66719-34-4
171	66719-34-4
171	66719-34-4
171	66793-71-3
171	66793-71-3
171	66793-71-3
171	66793-71-3
171	66793-73-5
171	66793-73-5
171	66793-73-5
171	66793-73-5
171	66793-84-8
171	66793-84-8
171	66793-84-8
171	66793-84-8
171	66794-05-6
171	66794-05-6
171	66794-05-6
171	66794-05-6
171	66810-87-5
171	66810-87-5
171	66810-87-5
171	66810-87-5
171	67245-18-5
171	67245-18-5
171	67245-18-5
171	67253-82-1
171	67253-82-1
171	67253-82-1
171	67253-83-2
171	67253-83-2
171	67253-83-2
171	67253-84-3
171	67253-84-3
171	67253-84-3
171	67315-12-2
171	67315-12-2
171	67315-12-2
171	67468-87-5
171	67468-87-5
171	67468-87-5
171	67468-87-5
171	67647-32-9
171	67647-32-9
171	67647-32-9
171	67647-32-9
171	67762-25-8
171	67762-30-5
171	67762-41-8
171	67762-42-9
171	67826-97-5
171	68066-05-7
171	68066-05-7
171	68066-05-7
171	68066-05-7
171	68066-05-7
171	68066-05-7
171	68066-05-7
171	68066-05-7
171	68066-05-7
171	68066-05-7
171	68083-56-7
171	68083-56-7
171	68083-56-7
171	68083-56-7
171	68083-56-7
171	68083-56-7
171	68083-56-7
171	68083-56-7
171	68083-56-7
171	68155-00-0
171	68333-80-2
171	6836-38-0
171	6836-40-4
171	6836-40-4
171	6836-40-4
171	6836-40-4
171	6836-40-4
171	68419-45-4
171	68419-45-4
171	68419-45-4
171	68419-45-4
171	68419-45-4
171	68419-45-4
171	68509-47-7
171	68509-47-7
171	68509-48-8
171	68509-48-8
171	68526-85-2
171	68526-86-3
171	68551-07-5
171	68551-08-6
171	68573-13-7
171	68573-14-8
171	68603-15-6
171	68680-98-8
171	68680-98-8
171	68680-98-8
171	68680-98-8
171	68680-98-8
171	68680-98-8
171	68855-55-0
171	68855-56-1
171	6886-16-4
171	6886-16-4
171	690-37-9
171	690-37-9
171	69085-58-1
171	69085-58-1
171	69085-58-1
171	69085-58-1
171	69106-31-6
171	69106-31-6
171	69106-31-6
171	69106-31-6
171	6929-08-4
171	69297-72-9
171	69297-72-9
171	69297-72-9
171	69297-72-9
171	69297-72-9
171	69297-72-9
171	69341-45-3
171	69341-45-3
171	69341-45-3
171	69341-47-5
171	69341-47-5
171	69341-47-5
171	69341-47-5
171	69341-48-6
171	69341-48-6
171	69341-48-6
171	69729-17-5
171	69729-17-5
171	69729-17-5
171	69798-78-3
171	69798-79-4
171	69897-43-4
171	70076-05-0
171	70076-05-0
171	70076-05-0
171	70076-05-0
171	70178-78-8
171	70178-79-9
171	70214-69-6
171	70214-77-6
171	70224-28-1
171	70358-78-0
171	70358-81-5
171	70358-83-7
171	70358-86-0
171	70358-89-3
171	70492-65-8
171	70492-66-9
171	70492-66-9
171	71526-27-7
171	71612-12-9
171	71621-77-7
171	7212-53-5
171	7212-53-5
171	72420-72-5
171	72420-72-5
171	72420-72-5
171	7278-65-1
171	7278-65-1
171	7278-65-1
171	7278-65-1
171	7278-65-1
171	7294-05-5
171	7294-05-5
171	73010-88-5
171	73105-71-2
171	73105-79-0
171	73176-98-4
171	73176-99-5
171	73177-00-1
171	73177-00-1
171	73177-01-2
171	73177-01-2
171	7399-24-8
171	740817-83-8
171	74356-31-3
171	74356-31-3
171	74356-31-3
171	74497-29-3
171	75782-86-4
171	75782-87-5
171	75935-83-0
171	76144-88-2
171	77-74-7
171	77606-45-2
171	77606-45-2
171	77606-45-2
171	77606-45-2
171	77861-53-1
171	77861-53-1
171	77861-53-1
171	78-69-3
171	78-69-3
171	78-69-3
171	78-69-3
171	78-69-3
171	78-69-3
171	79090-61-2
171	79092-28-7
171	79147-59-4
171	79147-59-4
171	79147-59-4
171	79147-60-7
171	79147-60-7
171	79147-60-7
171	79237-71-1
171	79449-64-2
171	79449-64-2
171	79449-64-2
171	79449-64-2
171	79449-64-2
171	79449-64-2
171	79565-94-9
171	79565-94-9
171	79565-94-9
171	79565-95-0
171	79565-95-0
171	79565-95-0
171	79565-96-1
171	79565-96-1
171	79565-96-1
171	79827-42-2
171	79827-42-2
171	79827-42-2
171	79847-79-3
171	79956-98-2
171	8014-32-2
171	80192-55-8
171	80192-55-8
171	80192-55-8
171	80206-82-2
171	8032-08-4
171	8032-09-5
171	8032-10-8
171	8032-14-2
171	80350-64-7
171	80350-64-7
171	80350-64-7
171	80513-04-8
171	80513-04-8
171	80558-38-9
171	80558-38-9
171	80558-38-9
171	80558-38-9
171	80558-38-9
171	80558-38-9
171	80698-14-2
171	81120-76-5
171	81120-76-5
171	81540-78-5
171	81540-78-5
171	81540-78-5
171	81540-79-6
171	81540-79-6
171	81540-79-6
171	817-46-9
171	817-46-9
171	817-46-9
171	817-46-9
171	817-60-7
171	817-60-7
171	817-60-7
171	817-60-7
171	817-91-4
171	817-91-4
171	818-49-5
171	818-81-5
171	818-81-5
171	818-81-5
171	818-81-5
171	820-05-3
171	820-05-3
171	820-05-3
171	820-05-3
171	82147-24-8
171	82409-90-3
171	82409-90-3
171	82409-90-3
171	82409-93-6
171	82409-93-6
171	82409-93-6
171	82409-97-0
171	82409-97-0
171	82409-97-0
171	82409-98-1
171	82409-98-1
171	82409-98-1
171	82409-99-2
171	82409-99-2
171	82409-99-2
171	82409-99-2
171	82410-00-2
171	82410-00-2
171	82410-00-2
171	82749-46-0
171	82749-47-1
171	82749-48-2
171	82749-48-2
171	82749-49-3
171	82749-49-3
171	82749-52-8
171	82749-52-8
171	82749-52-8
171	82749-52-8
171	82749-52-8
171	82749-52-8
171	82749-53-9
171	82749-53-9
171	82749-53-9
171	82749-53-9
171	82749-53-9
171	82749-53-9
171	82749-56-2
171	82749-57-3
171	83377-04-2
171	83377-04-2
171	83377-04-2
171	83377-04-2
171	83377-04-2
171	83474-29-7
171	83615-50-3
171	83970-26-7
171	83970-26-7
171	83970-26-7
171	83970-26-7
171	83970-26-7
171	83970-26-7
171	83995-48-6
171	83995-48-6
171	83995-48-6
171	84110-44-1
171	84110-44-1
171	84110-44-1
171	84110-44-1
171	84110-44-1
171	84110-44-1
171	84110-44-1
171	84110-44-1
171	84110-44-1
171	84161-82-0
171	84161-82-0
171	84161-82-0
171	84534-30-5
171	84534-30-5
171	84534-30-5
171	84567-94-2
171	84621-65-8
171	84621-65-8
171	84621-65-8
171	84621-66-9
171	84621-66-9
171	84621-66-9
171	84709-54-6
171	84709-54-6
171	84709-55-7
171	84709-55-7
171	85099-32-7
171	85099-32-7
171	85099-32-7
171	85099-32-7
171	85099-32-7
171	85099-32-7
171	85153-37-3
171	85153-37-3
171	85153-37-3
171	85153-37-3
171	85153-37-3
171	85153-37-3
171	85391-44-2
171	85391-44-2
171	85391-44-2
171	85391-44-2
171	85391-44-2
171	85391-44-2
171	85391-45-3
171	85391-45-3
171	85391-45-3
171	85391-45-3
171	85391-45-3
171	85391-45-3
171	85508-26-5
171	85508-26-5
171	85508-26-5
171	85617-05-6
171	85712-03-4
171	85712-03-4
171	85712-03-4
171	85712-03-4
171	85712-04-5
171	85712-04-5
171	85712-04-5
171	85712-04-5
171	85712-05-6
171	85712-05-6
171	85712-05-6
171	85712-05-6
171	85712-06-7
171	85712-06-7
171	85712-06-7
171	85712-06-7
171	85763-57-1
171	85763-57-1
171	85763-57-1
171	85763-57-1
171	86414-45-1
171	86414-45-1
171	86414-45-1
171	86414-45-1
171	86414-45-1
171	86414-45-1
171	86423-92-9
171	86470-30-6
171	86571-36-0
171	86571-36-0
171	86571-37-1
171	86571-37-1
171	86606-51-1
171	86693-68-7
171	86883-86-5
171	86883-86-5
171	86883-86-5
171	86883-86-5
171	87118-42-1
171	87118-95-4
171	87187-88-0
171	87187-88-0
171	87187-88-0
171	87187-88-0
171	87187-89-1
171	87187-89-1
171	87187-89-1
171	87187-91-5
171	87187-91-5
171	87187-91-5
171	87187-91-5
171	87189-78-4
171	87247-05-0
171	87247-05-0
171	87247-05-0
171	87247-09-4
171	87247-09-4
171	87247-09-4
171	87247-10-7
171	87247-10-7
171	87247-10-7
171	87247-11-8
171	87247-11-8
171	87247-11-8
171	87247-18-5
171	87247-18-5
171	87247-19-6
171	87247-19-6
171	87247-28-7
171	87247-28-7
171	87247-28-7
171	87247-29-8
171	87247-29-8
171	87247-29-8
171	87247-30-1
171	87247-30-1
171	87247-30-1
171	87247-31-2
171	87247-31-2
171	87247-31-2
171	87247-32-3
171	87247-32-3
171	87247-32-3
171	87247-33-4
171	87247-33-4
171	87247-33-4
171	87247-34-5
171	87247-34-5
171	87247-34-5
171	87247-35-6
171	87247-35-6
171	87247-35-6
171	87247-35-6
171	87383-16-2
171	87383-17-3
171	87383-18-4
171	87383-23-1
171	87383-23-1
171	87383-23-1
171	88331-26-4
171	88776-42-5
171	89051-70-7
171	89051-70-7
171	89051-70-7
171	89051-70-7
171	89051-74-1
171	89051-74-1
171	89051-74-1
171	89051-78-5
171	89051-78-5
171	89051-78-5
171	89319-96-0
171	89319-96-0
171	89319-96-0
171	89319-96-0
171	89319-96-0
171	89319-96-0
171	89319-97-1
171	89319-97-1
171	89319-97-1
171	89319-97-1
171	89319-97-1
171	89319-97-1
171	89319-98-2
171	89319-98-2
171	89319-98-2
171	89319-98-2
171	89319-98-2
171	89319-98-2
171	90105-24-1
171	90105-24-1
171	90105-24-1
171	90105-24-1
171	90365-63-2
171	90365-63-2
171	90663-74-4
171	90663-74-4
171	90663-74-4
171	90670-72-7
171	90835-17-9
171	90835-17-9
171	90835-17-9
171	90835-18-0
171	90835-18-0
171	90835-18-0
171	90835-19-1
171	90835-19-1
171	90835-19-1
171	90835-19-1
171	90835-23-7
171	90835-23-7
171	90835-23-7
171	90835-23-7
171	90835-25-9
171	90835-37-3
171	90835-37-3
171	90835-37-3
171	90835-37-3
171	90835-38-4
171	90835-38-4
171	90835-38-4
171	90835-38-4
171	90835-39-5
171	90835-39-5
171	90835-39-5
171	90835-39-5
171	91328-44-8
171	91328-44-8
171	91328-44-8
171	91328-44-8
171	91328-44-8
171	91328-44-8
171	91482-38-1
171	91681-57-1
171	92180-57-9
171	92180-57-9
171	92180-57-9
171	92180-58-0
171	92180-58-0
171	92180-58-0
171	92340-81-3
171	92353-15-6
171	92353-15-6
171	92353-15-6
171	92353-16-7
171	92353-16-7
171	92353-16-7
171	92353-16-7
171	92353-17-8
171	92353-17-8
171	92353-17-8
171	927-45-7
171	92737-90-1
171	92737-90-1
171	92737-91-2
171	92737-91-2
171	93031-21-1
171	93031-21-1
171	93031-23-3
171	93031-24-4
171	93031-25-5
171	93031-25-5
171	93031-27-7
171	93175-65-6
171	93175-65-6
171	93175-65-6
171	93528-08-6
171	93704-22-4
171	93704-22-4
171	93704-22-4
171	93704-22-4
171	93704-23-5
171	93704-23-5
171	93704-23-5
171	93762-73-3
171	93821-11-5
171	93862-10-3
171	93862-10-3
171	93862-10-3
171	93862-10-3
171	94021-93-9
171	94021-94-0
171	94051-40-8
171	94051-40-8
171	94051-40-8
171	94051-40-8
171	94051-40-8
171	94051-40-8
171	942947-30-0
171	95461-60-2
171	95461-60-2
171	97-95-0
171	97097-70-6
171	97097-70-6
171	97097-70-6
171	97235-27-3
171	97752-24-4
171	97752-24-4
171	97752-24-4
171	97752-24-4
171	97752-25-5
171	97845-27-7
171	97845-27-7
171	97845-27-7
171	97845-27-7
171	97915-30-5
171	97915-30-5
171	97915-30-5
171	97994-56-4
171	98757-89-2
171	98757-89-2
171	98757-89-2
171	98757-89-2
171	98811-97-3
171	98811-97-3
171	98811-97-3
171	98982-97-9
171	98982-97-9
171	98982-97-9
171	98982-97-9
171	99164-04-2
171	99210-87-4
171	99210-88-5
171	99210-88-5
171	99210-88-5
171	99210-88-5
171	99210-89-6
171	99210-89-6
171	99210-89-6
171	99210-89-6
171	99427-18-6
171	99427-18-6
171	99521-77-4
171	99521-77-4
171	99521-77-4
171	99521-77-4
171	99602-93-4
171	99745-76-3
171	99943-33-6
171	99943-33-6
171	99943-33-6
172	1002-62-6
172	1002-82-0
172	104233-68-3
172	124225-51-0
172	133211-24-2
172	133211-25-3
172	137142-60-0
172	14047-60-0
172	143-19-1
172	144696-72-0
172	14912-86-8
172	155215-74-0
172	159258-35-2
172	16558-02-4
172	17265-30-4
172	18175-45-6
172	1984-06-1
172	201612-61-5
172	3015-50-7
172	38725-46-1
172	408-35-5
172	4268-63-7
172	57431-47-7
172	5919-72-2
172	61789-31-9
172	61789-89-7
172	61790-45-2
172	61790-79-2
172	629-25-4
172	67701-10-4
172	67701-11-5
172	67701-14-8
172	67762-24-7
172	67762-50-9
172	68309-30-8
172	68604-35-3
172	68938-26-1
172	8052-48-0
172	822-12-8
172	822-16-2
172	822-17-3
172	85408-69-1
172	91032-12-1
172	91032-13-2
172	99016-47-4
173	1132712-02-7
173	118104-13-5
173	118817-41-7
173	120-40-1
173	12751-06-3
173	1286271-90-6
173	136-26-5
173	137763-96-3
173	1430328-98-5
173	153189-69-6
173	15517-64-3
173	1591830-58-8
173	186615-78-1
173	267663-44-5
173	3077-30-3
173	34202-37-4
173	37345-28-1
173	39341-48-5
173	39390-56-2
173	53028-62-9
173	56448-72-7
173	56832-66-7
173	56863-02-6
173	63091-31-6
173	65256-28-2
173	66984-58-5
173	67785-10-8
173	67785-14-2
173	68153-57-1
173	68155-07-7
173	68155-20-4
173	68440-04-0
173	68440-32-4
173	68603-38-3
173	68603-40-7
173	68603-42-9
173	71343-51-6
173	71343-71-0
173	73380-02-6
173	73807-15-5
173	7545-23-5
173	7545-24-6
173	8036-36-0
173	8036-48-4
173	8040-31-1
173	8040-33-3
173	8051-30-7
173	83452-99-7
173	83590-20-9
173	83652-14-6
173	87714-18-9
173	90651-47-1
173	92680-75-6
173	93-82-3
173	93-83-4
173	94094-32-3
173	94139-13-6
173	95917-64-9
173	97926-10-8
174	1266378-54-4
174	1616934-80-5
174	169762-27-0
174	21244-99-5
174	25054-76-6
174	32954-43-1
174	39761-83-6
174	4292-10-8
174	43126-89-2
174	5437-10-5
174	59272-84-3
174	61789-40-0
174	6179-44-8
174	65277-51-2
174	68928-60-9
174	73772-45-9
174	73772-46-0
174	86243-76-7
174	97862-59-4
175	11066-21-0
175	11067-19-9
175	13502-13-1
175	13502-15-3
175	13502-20-0
175	13513-23-0
175	13513-24-1
175	13513-36-5
175	13513-40-1
175	13513-45-6
175	13513-47-8
175	1431140-33-8
175	189313-53-9
175	19327-30-1
175	20275-74-5
175	29963-33-5
175	4615-11-6
175	4615-13-8
175	54673-97-1
175	6203-63-0
175	6203-64-1
175	65412-44-4
175	67612-03-7
175	68439-57-6
175	68937-98-4
175	7355-88-6
175	93686-14-7
175	93941-93-6
176	2867-47-2
176	46830-22-2
176	6737-24-2
176	97-65-4
176	RR-122803-1
177	11113-74-9
177	12054-48-7
177	862365-66-0
178	10124-65-9
178	105444-19-7
178	106868-38-6
178	109488-73-5
178	1173021-82-3
178	13040-18-1
178	133211-22-0
178	133211-23-1
178	13429-27-1
178	136396-86-6
178	137142-59-7
178	137142-63-3
178	143-18-0
178	146837-11-8
178	17378-35-7
178	17378-36-8
178	17378-39-1
178	22882-82-2
178	23282-34-0
178	23282-35-1
178	244624-99-5
178	25382-44-9
178	25382-45-0
178	2624-31-9
178	3354-62-9
178	3414-89-9
178	38660-45-6
178	50614-01-2
178	53801-37-9
178	55656-86-5
178	593-29-3
178	61789-30-8
178	61790-32-7
178	61790-44-1
178	62916-82-9
178	63541-45-7
178	66072-07-9
178	67701-09-1
178	67762-49-6
178	68002-80-2
178	68153-66-2
178	68527-29-7
178	68599-24-6
178	69669-25-6
178	70969-43-6
178	764-71-6
178	769136-44-9
178	85995-94-4
178	86996-86-3
178	91001-66-0
178	91032-02-9
178	91032-03-0
179	3699-30-7
18	104306-48-1
18	13031-32-8
18	75-52-5
18	UN1261
180	101963-15-9
180	103171-41-1
180	128885-05-2
180	131131-70-9
180	147827-14-3
180	25251-14-3
180	39033-74-4
180	460061-71-6
180	53095-44-6
180	56833-18-2
180	607690-41-5
180	62132-40-5
180	648426-88-4
180	66455-29-6
180	683-10-3
180	68424-94-2
180	77640-81-4
180	89045-97-6
182	10222-01-2
182	63619-09-0
184	1039646-79-1
184	107397-84-2
184	113497-04-4
184	122-18-9
184	122-19-0
184	1231166-23-6
184	124548-64-7
184	139-07-1
184	139-08-2
184	1427499-25-9
184	1427499-26-0
184	143243-76-9
184	147228-81-7
184	1610882-95-5
184	1641-93-6
184	16576-96-8
184	16576-98-0
184	173270-95-6
184	2277-01-2
184	23661-75-8
184	283158-20-3
184	284043-23-8
184	3529-04-2
184	353491-88-0
184	39403-41-3
184	50641-12-8
184	51796-11-3
184	51931-10-3
184	52628-07-6
184	60484-28-8
184	63449-42-3
184	67377-59-7
184	68391-01-5
184	68424-85-1
184	70294-44-9
184	7281-04-1
184	77465-44-2
184	78565-22-7
184	8038-88-8
184	84540-07-8
184	85409-22-9
184	85851-67-8
184	85851-68-9
184	85851-69-0
184	85851-73-6
184	85851-74-7
184	85851-75-8
184	85909-51-9
184	863782-48-3
184	867012-79-1
184	89004-36-4
184	93820-30-5
184	93981-92-1
184	94086-43-8
184	94158-10-8
184	94158-11-9
184	94159-23-6
184	94159-24-7
184	94313-85-6
184	95078-12-9
184	97337-82-1
184	RR-132072-5
184	RR-190372-6
185	6259-76-3
187	1222-05-5
187	80450-66-4
188	101840-73-7
188	11114-30-0
188	111214-24-5
188	1115589-02-0
188	124449-60-1
188	125622-53-9
188	12627-31-5
188	127036-24-2
188	1295500-96-7
188	1295509-79-3
188	1354650-63-7
188	138185-26-9
188	1408318-19-3
188	140881-22-7
188	1416949-69-3
188	142287-15-8
188	1431564-52-1
188	158360-81-7
188	160875-66-1
188	160901-09-7
188	169107-21-5
188	171544-59-5
188	171903-95-0
188	184306-23-8
188	191744-22-6
188	212516-31-9
188	220880-96-6
188	23238-40-6
188	23244-49-7
188	245366-78-3
188	249287-31-8
188	26183-52-8
188	26912-60-7
188	27044-11-7
188	278798-74-6
188	32168-77-7
188	32238-49-6
188	342042-70-0
188	342043-56-5
188	34398-01-1
188	37213-82-4
188	37224-39-8
188	37232-15-8
188	37331-57-0
188	39390-80-2
188	39390-81-3
188	39390-82-4
188	39405-97-5
188	39587-22-9
188	41366-01-2
188	41366-02-3
188	41366-03-4
188	439945-18-3
188	4669-23-2
188	503027-84-7
188	51023-17-7
188	5168-89-8
188	51745-86-9
188	52440-12-7
188	52440-13-8
188	53029-08-6
188	54174-03-7
188	55840-61-4
188	56619-62-6
188	5703-94-6
188	57107-69-4
188	58318-61-9
188	58969-22-5
188	60881-01-8
188	60937-75-9
188	60937-76-0
188	61791-13-7
188	61791-21-7
188	61791-28-4
188	61827-42-7
188	62229-17-8
188	62229-49-6
188	62362-75-8
188	635727-49-0
188	65256-15-7
188	66455-10-5
188	66455-15-0
188	67015-99-0
188	68002-97-1
188	68037-04-7
188	68131-40-8
188	68439-45-2
188	68439-46-3
188	68439-54-3
188	68511-58-0
188	68954-96-1
188	68991-48-0
188	69013-19-0
188	70595-16-3
188	70879-83-3
188	71060-57-6
188	71243-46-4
188	713116-71-3
188	73398-63-7
188	78330-20-8
188	78330-21-9
188	81138-54-7
188	82376-08-7
188	848146-74-7
188	851226-54-5
188	85946-32-3
188	869068-47-3
188	877610-16-7
188	900492-81-1
188	910126-46-4
188	936824-77-0
188	940892-12-6
188	940892-38-6
188	97043-91-9
188	97404-08-5
189	101008-55-3
189	1010802-24-0
189	10138-80-4
189	101840-73-7
189	101840-74-8
189	102329-60-2
189	102342-03-0
189	103819-01-8
189	106232-83-1
189	106254-08-4
189	106254-09-5
189	106856-65-9
189	1075258-12-6
189	1075258-13-7
189	1076240-29-3
189	107853-29-2
189	109370-70-9
189	11106-34-6
189	11114-30-0
189	111214-24-5
189	111366-79-1
189	112481-34-2
189	113285-15-7
189	113716-35-1
189	114766-14-2
189	117533-43-4
189	118997-72-1
189	1206897-84-8
189	1224508-07-9
189	122752-87-8
189	122779-58-2
189	1231209-22-5
189	1235485-65-0
189	124401-71-4
189	125622-53-9
189	12627-31-5
189	1263057-78-8
189	126646-02-4
189	126730-81-2
189	12680-17-0
189	128088-01-7
189	128088-02-8
189	132175-12-3
189	133249-00-0
189	1334-72-1
189	1338464-84-8
189	1341-05-5
189	134634-13-2
189	1361543-25-0
189	136561-93-8
189	1374634-30-6
189	137736-73-3
189	138100-08-0
189	138185-26-9
189	1381887-04-2
189	140881-22-7
189	141489-71-6
189	141875-75-4
189	142901-64-2
189	1437798-98-5
189	145054-32-6
189	14675-38-8
189	147398-17-2
189	147826-40-2
189	148093-10-1
189	148498-91-3
189	152206-24-1
189	155421-87-7
189	156259-66-4
189	1572001-61-6
189	1573124-50-1
189	157627-86-6
189	1589506-93-3
189	1589506-98-8
189	1589511-29-4
189	160745-47-1
189	160901-19-9
189	162122-73-8
189	164715-41-7
189	165943-41-9
189	167397-87-7
189	176235-62-4
189	176596-95-5
189	183117-57-9
189	183147-07-1
189	186762-97-0
189	189388-50-9
189	191546-41-5
189	191549-77-6
189	191744-22-6
189	191744-22-6
189	194739-88-3
189	195395-82-5
189	196004-48-5
189	196623-73-1
189	201746-17-0
189	206565-96-0
189	2136-70-1
189	218607-00-2
189	221642-91-7
189	225375-39-3
189	227612-65-9
189	227624-83-1
189	234761-81-0
189	234761-82-1
189	234761-83-2
189	234764-37-5
189	245366-78-3
189	24938-91-8
189	258278-32-9
189	26636-39-5
189	26636-40-8
189	266678-04-0
189	266678-05-1
189	26826-30-2
189	27306-79-2
189	286015-26-7
189	299938-87-7
189	3055-93-4
189	3055-94-5
189	3055-95-6
189	3055-96-7
189	3055-97-8
189	3055-98-9
189	3055-99-0
189	3056-00-6
189	306295-38-5
189	31798-98-8
189	32126-89-9
189	32128-65-7
189	32196-45-5
189	32241-41-1
189	34398-05-5
189	348113-22-4
189	348616-52-4
189	349587-20-8
189	357177-18-5
189	35919-15-4
189	359786-16-6
189	362661-71-0
189	37211-47-5
189	37213-82-4
189	37224-39-8
189	37231-23-5
189	37232-15-8
189	37331-57-0
189	37337-79-4
189	37343-87-6
189	38471-49-7
189	384842-79-9
189	39283-07-3
189	39289-06-0
189	39316-02-4
189	39316-41-1
189	39363-77-4
189	39365-90-7
189	39390-80-2
189	39390-81-3
189	39390-82-4
189	39404-57-4
189	39405-97-5
189	4403-12-7
189	4536-30-5
189	459409-03-1
189	503027-85-8
189	503027-86-9
189	504414-58-8
189	50815-85-5
189	50815-86-6
189	51023-17-7
189	51426-13-2
189	51745-86-9
189	52440-12-7
189	52440-13-8
189	52504-14-0
189	52504-15-1
189	5274-68-0
189	53026-66-7
189	53029-08-6
189	53239-78-4
189	53241-34-2
189	53800-54-7
189	53858-87-0
189	54066-13-6
189	54174-03-7
189	54190-21-5
189	54351-54-1
189	54398-17-3
189	544481-27-8
189	54668-12-1
189	55247-82-0
189	55599-84-3
189	55840-61-4
189	558452-91-8
189	558452-92-9
189	55892-94-9
189	56093-86-8
189	56274-30-7
189	56590-57-9
189	56939-70-9
189	569654-60-0
189	57244-90-3
189	57534-32-4
189	58057-01-5
189	58969-22-5
189	59217-36-6
189	59217-37-7
189	59419-51-1
189	600156-37-4
189	60098-73-9
189	60120-79-8
189	60408-32-4
189	60636-37-5
189	60828-78-6
189	60881-01-8
189	61373-94-2
189	61702-78-1
189	61710-38-1
189	61791-13-7
189	61791-21-7
189	61791-28-4
189	62229-17-8
189	62229-27-0
189	62229-49-6
189	62362-74-7
189	62362-75-8
189	62362-76-9
189	63654-36-4
189	63709-43-3
189	64772-19-6
189	647835-80-1
189	648426-35-1
189	65256-15-7
189	6540-99-4
189	66048-74-6
189	66455-10-5
189	66455-12-7
189	66455-13-8
189	66455-14-9
189	66455-15-0
189	67015-99-0
189	676256-67-0
189	68002-97-1
189	68015-67-8
189	68037-04-7
189	68131-39-5
189	68131-40-8
189	68154-96-1
189	68213-23-0
189	68439-45-2
189	68439-50-9
189	68439-54-3
189	68511-57-9
189	68511-58-0
189	68526-94-3
189	68551-12-2
189	68603-20-3
189	68908-63-4
189	68951-67-7
189	68954-93-8
189	68954-95-0
189	68991-48-0
189	69011-36-5
189	69013-19-0
189	69344-85-0
189	70694-96-1
189	70709-94-3
189	71011-10-4
189	71243-46-4
189	71636-71-0
189	71932-08-6
189	724459-06-7
189	72905-87-4
189	73145-06-9
189	73398-63-7
189	76090-65-8
189	777931-72-3
189	779349-84-7
189	78330-21-9
189	786657-31-6
189	79217-63-3
189	798544-27-1
189	8027-11-0
189	80702-29-0
189	8076-51-5
189	80941-17-9
189	81138-54-7
189	81690-58-6
189	84133-50-6
189	850355-43-0
189	85087-87-2
189	856005-68-0
189	86547-02-6
189	86727-31-3
189	868668-14-8
189	869069-56-7
189	869893-21-0
189	870083-47-9
189	872426-00-1
189	87296-34-2
189	875119-83-8
189	88085-98-7
189	88507-26-0
189	88762-01-0
189	88995-63-5
189	890898-21-2
189	9002-92-0
189	9004-85-7
189	9008-57-5
189	9015-55-8
189	9016-42-6
189	9016-43-7
189	9033-74-3
189	9033-76-5
189	903524-71-0
189	903524-77-6
189	9043-30-5
189	9063-90-5
189	9067-13-4
189	9079-21-4
189	9082-09-1
189	9083-40-3
189	909706-17-8
189	910567-84-9
189	93357-52-9
189	935753-05-2
189	940892-42-2
189	94189-38-5
189	942439-95-4
189	942929-81-9
189	946527-74-8
189	957761-15-8
189	96638-32-3
189	97043-91-9
189	97955-84-5
19	142175-32-4
19	184288-32-2
19	19034-08-3
19	37341-05-2
19	436859-78-8
19	75-21-8
19	99932-75-9
19	UN1040
190	10138-93-9
190	1069-58-5
190	1200828-44-9
190	121-42-6
190	121-44-8
190	144514-14-7
190	14613-32-2
190	14999-75-8
190	15535-10-1
190	168277-99-4
190	172227-74-6
190	2399-73-7
190	27039-85-6
190	27096-31-7
190	27143-60-8
190	29061-63-0
190	29585-72-6
190	35365-94-7
190	449752-61-8
190	4636-73-1
190	469874-33-7
190	54272-29-6
190	554-68-7
190	62386-97-4
190	636-70-4
190	73510-85-7
190	73602-61-6
190	750564-56-8
190	UN1296
191	75-44-5
191	957761-04-5
191	UN1076
192	13998-03-3
192	143-33-9
192	25596-52-5
192	UN1689
193	101203-69-4
193	11121-28-1
193	112-03-8
193	1120-02-1
193	137261-63-3
193	184921-65-1
193	18684-11-2
193	204529-20-4
193	2870-63-5
193	36087-10-2
193	39336-75-9
193	60976-70-7
193	62132-46-1
193	64049-56-5
193	78480-18-9
193	8028-21-5
193	80702-43-8
193	87553-58-0
193	RR-145134-9
196	123-68-2
199	101-86-0
199	165184-98-5
199	364364-06-7
2	10034-93-2
2	10039-55-1
2	10217-52-4
2	112077-84-6
2	1184-66-3
2	119775-10-9
2	13255-48-6
2	13464-80-7
2	13464-97-6
2	13464-98-7
2	13537-45-6
2	13762-80-6
2	13775-80-9
2	13812-39-0
2	14011-37-1
2	15823-35-5
2	23488-13-3
2	2644-70-4
2	27978-54-7
2	302-01-2
2	31886-26-7
2	37836-27-4
2	40849-90-9
2	5341-61-7
2	59779-45-2
2	65209-65-6
2	65492-74-2
2	66375-32-4
2	6851-03-2
2	7335-65-1
2	73497-82-2
2	75013-58-0
2	7803-57-8
2	78206-91-4
2	79785-97-0
2	95416-15-2
2	UN2029
201	108-67-8
201	25551-13-7
201	526-73-8
201	UN2325
203	108-46-3
203	123-31-9
203	12385-08-9
203	57534-13-1
203	8027-02-9
204	166090-45-5
204	239809-44-0
204	54464-57-2
204	68155-66-8
204	68155-67-9
205	106-02-5
205	81031-90-5
206	105-95-3
206	91462-25-8
207	1205-17-0
208	104-67-6
208	57084-17-0
209	61789-28-4
209	8001-58-9
209	90640-84-9
212	100508-46-1
212	100508-46-1
212	100508-48-3
212	100508-48-3
212	101391-23-5
212	101391-23-5
212	101391-23-5
212	101391-23-5
212	1071-81-4
212	112-40-3
212	112-40-3
212	112-40-3
212	112-40-3
212	112-40-3
212	112-40-3
212	112-95-8
212	1120-21-4
212	1120-21-4
212	1120-21-4
212	1120-21-4
212	1174522-27-0
212	1174522-28-1
212	1174522-33-8
212	1189-99-7
212	1189-99-7
212	1189-99-7
212	1189-99-7
212	1189173-46-3
212	1190-83-6
212	1190-83-6
212	1190-83-6
212	1190-83-6
212	124-18-5
212	124-18-5
212	124-18-5
212	124-18-5
212	129112-13-6
212	129112-13-6
212	129813-66-7
212	129813-67-8
212	129922-19-6
212	13151-34-3
212	13151-35-4
212	132702-84-2
212	13287-23-5
212	13287-23-5
212	13287-23-5
212	13475-78-0
212	13475-81-5
212	13475-82-6
212	142867-27-4
212	142867-27-4
212	1437281-03-2
212	14638-54-1
212	14638-54-1
212	14638-54-1
212	14638-54-1
212	14720-74-2
212	14720-74-2
212	14720-74-2
212	14720-74-2
212	14739-73-2
212	14905-56-7
212	14905-56-7
212	1560-89-0
212	1560-89-0
212	1560-89-0
212	1560-91-4
212	1560-91-4
212	1560-91-4
212	1560-92-5
212	1560-92-5
212	1560-97-0
212	1560-97-0
212	1560-97-0
212	1560-97-0
212	15869-85-9
212	15869-86-0
212	15869-92-8
212	15869-94-0
212	1593849-98-9
212	16651-57-3
212	16651-58-4
212	16651-62-0
212	16747-42-5
212	172343-37-2
212	17301-22-3
212	17301-22-3
212	17301-22-3
212	17301-22-3
212	17301-23-4
212	17301-23-4
212	17301-23-4
212	17301-23-4
212	17301-27-8
212	17301-27-8
212	17301-27-8
212	17301-27-8
212	17301-32-5
212	17301-32-5
212	17301-32-5
212	17301-32-5
212	17301-33-6
212	17301-33-6
212	17301-33-6
212	17301-33-6
212	17301-94-9
212	17302-11-3
212	17302-12-4
212	17302-13-5
212	17302-14-6
212	17302-15-7
212	17302-16-8
212	17302-17-9
212	17302-18-0
212	17302-19-1
212	17302-20-4
212	17302-21-5
212	17302-22-6
212	17302-23-7
212	17302-24-8
212	17302-25-9
212	17302-26-0
212	17302-27-1
212	17302-28-2
212	17302-29-3
212	17302-30-6
212	17302-31-7
212	17302-32-8
212	17312-57-1
212	17312-57-1
212	17312-57-1
212	17312-57-1
212	17312-58-2
212	17312-58-2
212	17312-58-2
212	17312-58-2
212	17312-60-6
212	17312-60-6
212	17312-60-6
212	17312-60-6
212	17312-61-7
212	17312-61-7
212	17312-61-7
212	17312-61-7
212	17312-63-9
212	17312-63-9
212	17312-63-9
212	17312-63-9
212	17312-64-0
212	17312-64-0
212	17312-64-0
212	17312-64-0
212	17312-66-2
212	17312-66-2
212	17312-66-2
212	17312-66-2
212	17312-67-3
212	17312-67-3
212	17312-67-3
212	17312-67-3
212	17312-71-9
212	17312-71-9
212	17312-71-9
212	17312-71-9
212	17312-72-0
212	17312-72-0
212	17312-72-0
212	17312-72-0
212	17312-74-2
212	17312-74-2
212	17312-74-2
212	17312-74-2
212	17312-75-3
212	17312-75-3
212	17312-75-3
212	17312-75-3
212	17312-76-4
212	17312-76-4
212	17312-76-4
212	17312-76-4
212	17312-77-5
212	17312-77-5
212	17312-77-5
212	17312-77-5
212	17312-80-0
212	17312-80-0
212	17312-80-0
212	17312-80-0
212	17312-82-2
212	17312-82-2
212	17312-82-2
212	17312-82-2
212	17453-93-9
212	17453-93-9
212	17453-93-9
212	17453-93-9
212	1809170-78-2
212	185857-36-7
212	18869-72-2
212	18869-72-2
212	18869-72-2
212	18932-14-4
212	19398-77-7
212	19486-08-9
212	19486-08-9
212	19486-08-9
212	20278-84-6
212	20278-84-6
212	20278-84-6
212	20278-84-6
212	20278-85-7
212	20278-85-7
212	20278-85-7
212	20278-85-7
212	20278-87-9
212	20278-87-9
212	20278-87-9
212	20278-87-9
212	20278-88-0
212	20278-88-0
212	20278-88-0
212	20278-88-0
212	20278-89-1
212	20278-89-1
212	20278-89-1
212	20278-89-1
212	20291-95-6
212	20291-95-6
212	20291-95-6
212	20291-95-6
212	2051-30-1
212	20959-33-5
212	20959-33-5
212	20959-33-5
212	21164-95-4
212	21164-95-4
212	21164-95-4
212	222400-21-7
212	246538-76-1
212	246538-78-3
212	25117-26-4
212	25117-26-4
212	25117-34-4
212	25117-34-4
212	2613-61-8
212	2613-61-8
212	2613-61-8
212	2613-61-8
212	26429-11-8
212	26429-11-8
212	26429-11-8
212	26730-19-8
212	26730-19-8
212	26730-20-1
212	26730-20-1
212	26730-21-2
212	26730-21-2
212	26730-95-0
212	26730-95-0
212	26730-95-0
212	26741-13-9
212	26741-13-9
212	26741-13-9
212	2847-72-5
212	2884-06-2
212	289711-48-4
212	289711-49-5
212	308061-46-3
212	308061-47-4
212	308067-68-7
212	3178-30-1
212	31807-55-3
212	331466-38-7
212	34464-38-5
212	34464-41-0
212	34464-42-1
212	34464-42-1
212	34464-42-1
212	34464-42-1
212	34464-42-1
212	34464-43-2
212	34701-49-0
212	34701-49-0
212	34701-49-0
212	34701-49-0
212	34701-50-3
212	34701-50-3
212	3488-14-0
212	3488-14-0
212	3488-14-0
212	3488-14-0
212	35660-96-9
212	35660-96-9
212	35660-96-9
212	35660-96-9
212	36084-05-6
212	36084-05-6
212	364059-53-0
212	364059-57-4
212	364059-75-6
212	3662-85-9
212	3662-85-9
212	3662-85-9
212	3662-85-9
212	3892-00-0
212	3892-00-0
212	3892-00-0
212	40117-45-1
212	4032-92-2
212	4032-92-2
212	4032-92-2
212	4032-92-2
212	4032-93-3
212	4032-93-3
212	4032-93-3
212	4032-93-3
212	4032-94-4
212	4103-17-7
212	4103-17-7
212	42850-20-4
212	42850-21-5
212	42850-22-6
212	42850-23-7
212	49622-18-6
212	49622-18-6
212	49622-18-6
212	49622-18-6
212	512802-76-5
212	5171-84-6
212	52670-32-3
212	52670-33-4
212	52896-77-2
212	52896-77-2
212	52896-77-2
212	52896-77-2
212	52896-78-3
212	52896-78-3
212	52896-78-3
212	52896-78-3
212	52896-90-9
212	52896-93-2
212	52896-93-2
212	52896-93-2
212	52896-93-2
212	52896-94-3
212	52896-94-3
212	52896-94-3
212	52896-94-3
212	52896-95-4
212	52896-95-4
212	52896-95-4
212	52896-95-4
212	52896-97-6
212	52896-97-6
212	52896-97-6
212	52896-97-6
212	52896-98-7
212	52896-98-7
212	52896-98-7
212	52896-98-7
212	53159-66-3
212	53159-66-3
212	53159-66-3
212	53159-66-3
212	53705-35-4
212	53705-35-4
212	53705-35-4
212	53705-35-4
212	54105-65-6
212	54105-65-6
212	54166-31-3
212	54166-31-3
212	54166-31-3
212	54166-31-3
212	54166-32-4
212	544-76-3
212	544-76-3
212	544-76-3
212	54829-04-8
212	54829-05-9
212	54829-13-9
212	54829-14-0
212	54829-17-3
212	54829-21-9
212	54829-22-0
212	54829-26-4
212	54829-27-5
212	54829-31-1
212	54829-31-1
212	54829-31-1
212	54829-31-1
212	54829-32-2
212	54829-32-2
212	54829-32-2
212	54829-32-2
212	54868-81-4
212	54868-81-4
212	54868-81-4
212	54868-81-4
212	54868-82-5
212	54868-82-5
212	54868-82-5
212	54868-82-5
212	54868-83-6
212	54868-83-6
212	54868-83-6
212	54868-83-6
212	54868-84-7
212	54868-84-7
212	54868-84-7
212	54868-84-7
212	54868-85-8
212	54868-85-8
212	54868-85-8
212	54868-85-8
212	54868-86-9
212	54868-86-9
212	54868-86-9
212	54868-86-9
212	54964-06-6
212	55029-16-8
212	55029-16-8
212	55029-16-8
212	55029-16-8
212	55194-09-7
212	55194-09-7
212	55194-09-7
212	55194-10-0
212	55194-10-0
212	55194-10-0
212	55194-11-1
212	55194-11-1
212	55194-12-2
212	55194-12-2
212	55194-18-8
212	55194-18-8
212	55194-18-8
212	55194-18-8
212	55194-27-9
212	55194-27-9
212	55194-27-9
212	55194-27-9
212	55194-48-4
212	55194-48-4
212	55194-48-4
212	55194-49-5
212	55194-49-5
212	55194-50-8
212	55194-50-8
212	55194-50-8
212	55194-51-9
212	55194-51-9
212	55194-51-9
212	55194-52-0
212	55194-52-0
212	55194-54-2
212	55194-54-2
212	55194-54-2
212	55194-55-3
212	55194-55-3
212	55194-60-0
212	55194-60-0
212	55194-76-8
212	55194-76-8
212	55194-76-8
212	55194-76-8
212	55258-13-4
212	55258-14-5
212	55258-17-8
212	55258-17-8
212	55258-17-8
212	55258-17-8
212	55258-18-9
212	55258-18-9
212	55258-18-9
212	55258-18-9
212	55521-33-0
212	55521-33-0
212	55521-33-0
212	56800-06-7
212	56800-06-7
212	56800-06-7
212	58626-37-2
212	58626-37-2
212	58626-37-2
212	5881-17-4
212	5911-04-6
212	5911-05-7
212	593-45-3
212	593-45-3
212	593-45-3
212	6008-17-9
212	6008-17-9
212	60302-21-8
212	60302-22-9
212	60302-22-9
212	60302-22-9
212	60302-22-9
212	60302-23-0
212	60302-27-4
212	60302-28-5
212	6044-71-9
212	6044-71-9
212	6044-71-9
212	6044-71-9
212	6117-97-1
212	6117-97-1
212	6117-97-1
212	6117-97-1
212	61193-21-3
212	61868-21-1
212	61868-22-2
212	61868-23-3
212	61868-24-4
212	61868-25-5
212	61868-26-6
212	61868-27-7
212	61868-28-8
212	61868-29-9
212	61868-30-2
212	61868-31-3
212	61868-32-4
212	61868-33-5
212	61868-34-6
212	61868-35-7
212	61868-36-8
212	61868-37-9
212	61868-38-0
212	61868-39-1
212	61868-40-4
212	61868-41-5
212	61868-42-6
212	61868-43-7
212	61868-44-8
212	61868-45-9
212	61868-46-0
212	61868-47-1
212	61868-48-2
212	61868-49-3
212	61868-50-6
212	61868-51-7
212	61868-52-8
212	61868-53-9
212	61868-54-0
212	61868-55-1
212	61868-56-2
212	61868-57-3
212	61868-58-4
212	61868-59-5
212	61868-60-8
212	61868-61-9
212	61868-62-0
212	61868-63-1
212	61868-64-2
212	61868-65-3
212	61868-66-4
212	61868-67-5
212	61868-68-6
212	61868-69-7
212	61868-70-0
212	61868-71-1
212	61868-72-2
212	61868-73-3
212	61868-74-4
212	61868-75-5
212	61868-76-6
212	61868-77-7
212	61868-78-8
212	61868-79-9
212	61868-80-2
212	61868-81-3
212	61868-82-4
212	61868-83-5
212	61868-84-6
212	61868-85-7
212	61868-86-8
212	61868-87-9
212	61868-88-0
212	61868-91-5
212	61868-92-6
212	61868-93-7
212	61868-94-8
212	61868-95-9
212	61868-96-0
212	61868-97-1
212	61868-98-2
212	61868-99-3
212	61869-00-9
212	61869-01-0
212	61869-02-1
212	61869-03-2
212	62016-14-2
212	62016-15-3
212	62016-16-4
212	62016-17-5
212	62016-18-6
212	62016-19-7
212	62016-20-0
212	62016-21-1
212	62016-22-2
212	62016-23-3
212	62016-24-4
212	62016-25-5
212	62016-26-6
212	62016-27-7
212	62016-28-8
212	62016-29-9
212	62016-30-2
212	62016-31-3
212	62016-32-4
212	62016-33-5
212	62016-34-6
212	62016-35-7
212	62016-36-8
212	62016-37-9
212	62016-38-0
212	62016-39-1
212	62016-40-4
212	62016-41-5
212	62016-42-6
212	62016-43-7
212	62016-44-8
212	62016-45-9
212	62016-46-0
212	62016-47-1
212	62108-23-0
212	62108-23-0
212	62108-23-0
212	62108-23-0
212	62108-26-3
212	62108-26-3
212	62108-26-3
212	62108-26-3
212	62185-53-9
212	62185-53-9
212	62185-53-9
212	62185-53-9
212	62850-21-9
212	62850-21-9
212	62850-21-9
212	629-50-5
212	629-50-5
212	629-50-5
212	629-50-5
212	629-50-5
212	629-50-5
212	629-59-4
212	629-59-4
212	629-59-4
212	629-59-4
212	629-59-4
212	629-62-9
212	629-62-9
212	629-62-9
212	629-78-7
212	629-78-7
212	629-78-7
212	629-92-5
212	629-94-7
212	629-97-0
212	62911-39-1
212	63335-87-5
212	63335-88-6
212	638-67-5
212	638131-95-0
212	6414-96-6
212	6418-43-5
212	6418-43-5
212	6418-44-6
212	6418-44-6
212	6418-44-6
212	646-31-1
212	65431-79-0
212	65431-79-0
212	65431-80-3
212	65431-80-3
212	65431-80-3
212	65700-64-3
212	65700-65-4
212	67167-66-2
212	68551-17-7
212	68551-18-8
212	68551-19-9
212	6876-18-2
212	6876-18-2
212	68991-49-1
212	68991-51-5
212	6975-98-0
212	70084-73-0
212	70622-31-0
212	70622-31-0
212	7146-60-3
212	7154-80-5
212	7154-80-5
212	7154-80-5
212	7154-80-5
212	71561-65-4
212	71561-65-4
212	71561-65-4
212	71592-48-8
212	71592-48-8
212	71685-52-4
212	71685-52-4
212	71685-52-4
212	71958-49-1
212	71958-49-1
212	71958-49-1
212	72123-29-6
212	72123-29-6
212	72123-30-9
212	72123-30-9
212	72123-30-9
212	73138-29-1
212	73636-61-0
212	73636-62-1
212	73636-62-1
212	74286-93-4
212	74286-93-4
212	74286-93-4
212	74286-93-4
212	74286-94-5
212	74286-94-5
212	74286-94-5
212	74286-94-5
212	75935-80-7
212	75935-80-7
212	75935-80-7
212	75935-81-8
212	75935-81-8
212	75935-81-8
212	76092-38-1
212	76092-38-1
212	78887-63-5
212	78887-63-5
212	79004-83-4
212	79004-83-4
212	79004-83-4
212	79004-83-4
212	79004-84-5
212	79004-84-5
212	79004-84-5
212	79004-84-5
212	79996-77-3
212	79996-77-3
212	79996-77-3
212	79996-77-3
212	79996-78-4
212	79996-78-4
212	79996-78-4
212	79996-78-4
212	80264-51-3
212	80264-51-3
212	80264-51-3
212	82306-69-2
212	82306-69-2
212	85946-02-7
212	85946-02-7
212	85946-02-7
212	85946-04-9
212	85946-04-9
212	86661-49-6
212	86661-49-6
212	86661-49-6
212	86661-49-6
212	86661-50-9
212	86661-50-9
212	86661-50-9
212	86661-50-9
212	871-83-0
212	89891-15-6
212	89891-15-6
212	89891-15-6
212	90454-15-2
212	90454-15-2
212	90454-15-2
212	90454-15-2
212	90622-52-9
212	90622-53-0
212	90622-57-4
212	90622-58-5
212	91572-57-5
212	928771-01-1
212	93924-07-3
212	93924-08-4
212	95057-10-6
212	95057-10-6
212	95057-10-6
212	95057-10-6
212	95057-11-7
212	95057-11-7
212	95057-11-7
212	95057-11-7
212	96125-71-2
212	96125-71-2
212	96125-72-3
212	96125-72-3
212	96125-72-3
212	98060-53-8
212	98060-54-9
212	98060-54-9
212	98060-54-9
212	98060-54-9
212	RR-43050-2
212	RR-43050-2
212	RR-43050-2
212	RR-43050-2
212	RR-43052-4
212	RR-43053-5
212	RR-43053-5
212	RR-43053-5
212	RR-43053-5
212	RR-43054-6
212	RR-55988-6
212	RR-55988-6
212	RR-55988-6
213	105956-73-8
213	106396-28-5
213	110162-65-7
213	113255-61-1
213	12640-70-9
213	130390-93-1
213	133136-80-8
213	135843-72-0
213	138893-51-3
213	141092-35-5
213	1420177-77-0
213	154608-80-7
213	1644530-78-8
213	1792189-42-4
213	1859189-40-4
213	1878156-39-8
213	201816-76-4
213	202352-75-8
213	2068022-40-0
213	209122-63-4
213	209453-97-4
213	2101416-24-2
213	2152615-06-8
213	2170442-07-4
213	2222995-19-7
213	2230042-82-5
213	2326599-43-1
213	27136-81-8
213	29732-38-5
213	2978193-97-2
213	336190-18-2
213	435344-47-1
213	51910-13-5
213	52624-44-9
213	53023-94-2
213	56833-49-9
213	577-11-7
213	59030-04-5
213	590366-27-1
213	60202-21-3
213	66812-62-2
213	67924-68-9
213	75418-10-9
213	76689-26-4
213	78207-03-1
213	835616-33-6
214	1000201-72-8
214	1000201-73-9
214	1072-15-7
214	1072-24-8
214	11082-56-7
214	11099-08-4
214	111726-87-5
214	1120-01-0
214	1120-04-3
214	117875-77-1
214	1191-50-0
214	121481-64-9
214	123898-29-3
214	126-92-1
214	12738-53-3
214	12765-21-8
214	129203-37-8
214	13177-52-1
214	1334-67-4
214	1335-72-4
214	13393-71-0
214	139-88-8
214	139-96-8
214	142-31-4
214	142-32-5
214	142-87-0
214	143-00-0
214	145269-44-9
214	1509-21-3
214	151-21-3
214	152155-52-7
214	156108-01-9
214	159258-34-1
214	172826-72-1
214	191490-40-1
214	210297-21-5
214	21142-28-9
214	22088-37-5
214	2235-54-3
214	237743-45-2
214	244066-72-6
214	25542-86-3
214	26856-96-2
214	3026-63-9
214	3026-64-0
214	303179-49-9
214	3032-58-4
214	30862-34-1
214	30862-35-2
214	32687-84-6
214	3282-85-7
214	34506-45-1
214	39384-36-6
214	39479-63-5
214	39943-70-9
214	4492-78-8
214	4492-79-9
214	4492-80-2
214	4696-46-2
214	4696-47-3
214	4696-48-4
214	4696-49-5
214	4722-98-9
214	50996-85-5
214	51222-39-0
214	51541-51-6
214	52304-21-9
214	54119-48-1
214	56595-19-8
214	57176-54-2
214	57689-20-0
214	57689-21-1
214	58640-35-0
214	5910-79-2
214	59862-20-3
214	61711-39-5
214	6190-70-1
214	64346-13-0
214	64441-33-4
214	65104-49-6
214	65104-61-2
214	65121-82-6
214	65121-83-7
214	65842-83-3
214	66161-59-9
214	67633-87-8
214	67633-88-9
214	68081-96-9
214	68130-43-8
214	68299-17-2
214	68585-47-7
214	68815-25-8
214	68890-70-0
214	68955-19-1
214	68955-20-4
214	70495-37-3
214	71123-79-0
214	71317-58-3
214	71371-60-3
214	71948-98-6
214	72906-11-7
214	73003-73-3
214	73296-89-6
214	74433-77-5
214	75037-30-8
214	75037-31-9
214	78204-56-5
214	78204-57-6
214	78568-66-8
214	8012-56-4
214	8048-56-4
214	80867-10-3
214	81628-41-3
214	84176-63-6
214	84617-26-5
214	84681-74-3
214	85252-21-7
214	85409-85-4
214	855947-74-9
214	85681-68-1
214	85909-50-8
214	86014-79-1
214	90583-12-3
214	90583-13-4
214	90583-25-8
214	90583-28-1
214	93859-02-0
214	94086-82-5
214	94107-62-7
214	94110-17-5
214	94110-18-6
214	94133-50-3
214	94200-74-5
214	952055-37-7
214	952092-90-9
214	98598-25-5
214	98735-06-9
214	99948-85-3
216	110343-67-4
216	35724-28-8
216	7212-69-3
217	100511-44-2
217	103736-66-9
217	104365-97-1
217	106908-76-3
217	121682-48-2
217	1261391-40-5
217	1266621-29-7
217	1266621-31-1
217	128189-36-6
217	129130-42-3
217	134579-07-0
217	13502-12-0
217	13710-39-9
217	138360-84-6
217	146437-16-3
217	14860-53-8
217	187285-10-5
217	192526-55-9
217	21089-06-5
217	2666-14-0
217	2809-21-4
217	29329-71-3
217	303177-33-5
217	3794-83-0
217	51888-66-5
217	60376-08-1
217	66052-90-2
217	66216-98-6
217	67953-76-8
217	7414-83-7
217	83047-25-0
217	84852-83-5
217	85188-80-3
217	853028-38-3
217	85985-26-8
217	86159-18-4
217	87977-58-0
217	88394-55-2
218	1002-69-3
218	102736-13-0
218	104948-36-9
218	108171-26-2
218	108688-63-7
218	11098-33-2
218	11104-09-9
218	112-52-7
218	12633-77-1
218	188265-19-2
218	2162-98-3
218	23010-35-7
218	2350-11-0
218	2425-54-9
218	2473-03-2
218	34214-82-9
218	34214-86-3
218	34942-43-3
218	37187-40-9
218	38605-30-0
218	3922-24-5
218	3922-26-7
218	3922-36-9
218	39279-65-7
218	39406-09-2
218	39444-36-5
218	43090-85-3
218	4325-51-3
218	4860-03-1
218	4862-03-7
218	50646-90-7
218	51059-93-9
218	51191-27-6
218	51990-12-6
218	52276-52-5
218	52555-47-2
218	52622-66-9
218	52677-73-3
218	52677-74-4
218	52677-75-5
218	53028-59-4
218	53028-60-7
218	53200-35-4
218	53572-39-7
218	54059-75-5
218	54577-71-8
218	55353-50-9
218	56509-64-9
218	56730-95-1
218	58516-52-2
218	60202-64-4
218	61539-83-1
218	61788-76-9
218	62016-75-5
218	62016-82-4
218	63449-39-8
218	65950-04-1
218	66746-35-8
218	67282-23-9
218	68920-70-7
218	69430-53-1
218	71011-12-6
218	75458-21-8
218	8029-39-8
218	822-13-9
218	84082-38-2
218	85049-26-9
218	85535-84-8
218	85535-85-9
218	85535-86-0
218	900167-11-5
218	RR-126133-2
218	RR-190373-7
219	1052691-24-3
219	116082-38-3
219	1259372-53-6
219	1330-78-5
219	1336-40-9
219	136868-91-2
219	25013-17-6
219	34902-62-0
219	563-04-2
219	56499-45-7
219	56573-10-5
219	68952-35-2
219	69234-04-4
219	72016-32-1
219	73299-28-2
219	77342-17-7
219	77342-18-8
219	77342-19-9
219	78-30-8
219	78-32-0
219	UN2574
22	106-89-8
22	109351-74-8
22	13403-37-7
22	36250-81-4
22	51594-55-9
22	67843-74-7
22	9009-12-5
22	UN2023
220	40766-31-2
220	6165-51-1
220	6165-52-2
220	6196-95-8
220	75898-09-8
220	76090-67-0
220	77973-89-8
220	81749-28-2
220	81749-29-3
220	91376-43-1
221	442523-55-9
221	64359-81-5
222	118955-39-8
222	122304-31-8
222	1242241-45-7
222	129428-64-4
222	1341-06-6
222	194879-92-0
222	37310-96-6
222	54174-54-8
222	60318-54-9
222	62229-28-1
222	68154-33-6
222	8036-82-6
222	851015-03-7
222	861842-35-5
222	9005-64-5
222	9011-30-7
222	9015-57-0
222	9062-73-1
222	93037-36-6
222	RR-168194-3
222	RR-190374-8
222	RR-32353-5
223	1014689-13-4
223	104376-76-3
223	110392-50-2
223	11121-04-3
223	113096-26-7
223	113133-73-6
223	115284-60-1
223	116958-77-1
223	1184178-80-0
223	119764-46-4
223	124124-10-3
223	125736-54-1
223	12627-22-4
223	12627-23-5
223	128482-64-4
223	128664-34-6
223	128835-50-7
223	1307693-64-6
223	131015-92-4
223	1335-73-5
223	134364-63-9
223	136752-27-7
223	1422159-09-8
223	150413-26-6
223	150502-17-3
223	152157-39-6
223	156107-97-0
223	157481-33-9
223	157627-95-7
223	15826-16-1
223	161074-78-8
223	170006-55-0
223	171544-36-8
223	181434-79-7
223	185461-11-4
223	199605-58-8
223	214976-60-0
223	216958-79-1
223	219756-63-5
223	221041-96-9
223	223410-31-9
223	236428-70-9
223	236428-71-0
223	25446-78-0
223	256225-57-7
223	263568-54-3
223	27028-83-7
223	27139-99-7
223	27731-62-0
223	306291-75-8
223	3088-31-1
223	32057-62-8
223	336794-32-2
223	36348-64-8
223	37325-23-8
223	39390-84-6
223	39450-08-3
223	42504-27-8
223	42608-87-7
223	42617-00-5
223	507487-64-1
223	51059-21-3
223	51286-51-2
223	53663-56-2
223	54116-08-4
223	56572-89-5
223	57762-43-3
223	57762-59-1
223	577977-94-7
223	63428-87-5
223	643739-09-7
223	649569-38-0
223	65423-83-8
223	66747-17-9
223	67762-22-5
223	68081-91-4
223	68187-52-0
223	68585-34-2
223	68585-40-0
223	68650-67-9
223	68891-38-3
223	68909-66-0
223	70850-90-7
223	73651-68-0
223	73665-22-2
223	74349-47-6
223	76724-02-2
223	78330-29-7
223	865812-37-9
223	868601-22-3
223	9004-82-4
223	9014-91-9
223	91648-56-5
223	951330-36-2
223	95508-27-3
223	98112-64-2
223	RR-190422-9
224	166516-60-5
224	25212-19-5
224	26568-79-6
224	37280-34-5
224	51329-77-2
224	52847-43-5
224	52932-31-7
224	59680-46-5
224	72246-34-5
224	74504-46-4
224	82056-50-6
224	84836-82-8
224	9036-70-8
224	RR-168197-6
224	RR-168199-8
225	101840-81-7
225	103106-61-2
225	103812-90-4
225	107231-85-6
225	108021-94-9
225	111310-30-6
225	116439-26-0
225	120528-46-3
225	120797-37-7
225	1228530-76-4
225	1262791-71-8
225	126903-38-6
225	129406-02-6
225	133686-81-4
225	1342796-19-3
225	1352205-75-4
225	137397-93-4
225	138069-64-4
225	141255-78-9
225	1422250-40-5
225	143476-94-2
225	147445-25-8
225	153190-02-4
225	154102-11-1
225	154609-09-3
225	154766-26-4
225	160477-36-1
225	162355-20-6
225	162628-81-1
225	172826-96-9
225	178464-28-3
225	183563-24-8
225	184539-09-1
225	203743-04-8
225	203944-48-3
225	208196-65-0
225	209252-36-8
225	211991-83-2
225	212569-27-2
225	219753-20-5
225	283603-33-8
225	300852-58-8
225	315680-13-8
225	32055-14-4
225	37291-69-3
225	37370-30-2
225	379692-85-0
225	39278-75-6
225	478809-08-4
225	484655-09-6
225	50814-42-1
225	51059-16-6
225	51810-20-9
225	54018-19-8
225	56273-49-5
225	59392-73-3
225	612824-05-2
225	61642-52-2
225	66174-31-0
225	667447-28-1
225	69345-95-5
225	71061-20-6
225	74315-87-0
225	75026-14-1
225	76600-86-7
225	81031-80-3
225	81406-01-1
225	83271-42-5
225	83271-43-6
225	83512-90-7
225	85497-20-7
225	86473-20-3
225	87139-88-6
225	87347-64-6
225	875453-93-3
225	88385-52-8
225	88651-68-7
225	9016-87-9
225	912469-29-5
225	913174-25-1
225	94469-81-5
225	96595-70-9
225	97397-19-8
226	164322-86-5
226	502494-01-1
226	56780-58-6
226	587022-42-2
226	60327-37-9
226	686776-35-2
226	71736-33-9
226	74913-99-8
226	9067-36-1
227	119345-04-9
227	RR-19932-6
228	106-94-5
229	108779-79-9
229	1119-94-4
229	112-00-5
229	13623-06-8
229	1379525-85-5
229	1392044-09-5
229	157929-06-1
229	27574-56-7
229	3054-66-8
229	37293-08-6
229	37380-56-6
229	55489-20-8
229	57244-96-9
229	59680-23-8
229	62395-69-1
229	71061-07-9
229	769136-50-7
229	94158-60-8
23	109-86-4
23	UN1188
231	56274-75-0
231	68440-28-8
231	73049-82-8
231	78-23-9
231	8045-34-9
231	84539-95-7
231	85116-82-1
231	85116-93-4
231	85711-45-1
232	142798-19-4
232	20298-69-5
232	20298-70-8
232	301318-15-0
232	88-41-5
233	1262335-14-7
233	98-00-0
233	UN2874
234	101360-15-0
234	102962-53-8
234	104625-85-6
234	104782-72-1
234	104922-39-6
234	105913-47-1
234	105913-54-0
234	110069-63-1
234	11111-70-9
234	11132-69-7
234	113189-14-3
234	118168-84-6
234	123898-28-2
234	1243262-39-6
234	1256795-77-3
234	125857-68-3
234	125857-69-4
234	131094-47-8
234	1356242-46-0
234	1422717-48-3
234	1454600-56-6
234	1465827-28-4
234	154043-69-3
234	1621008-43-2
234	1621388-50-8
234	1621388-51-9
234	165724-08-3
234	1663486-92-7
234	168564-56-5
234	169799-28-4
234	170473-89-9
234	170906-09-9
234	173357-38-5
234	174594-09-3
234	175081-83-1
234	175344-08-8
234	1802847-92-2
234	1854105-15-9
234	196004-34-9
234	198907-38-9
234	2015227-48-0
234	2055985-44-7
234	2080340-46-9
234	2169901-86-2
234	220946-58-7
234	223508-97-2
234	2241078-05-5
234	230287-43-1
234	258826-04-9
234	2650494-19-0
234	26591-51-5
234	27936-81-8
234	28214-57-5
234	2946725-66-0
234	30794-50-4
234	37241-23-9
234	39341-22-5
234	444718-40-5
234	471251-42-0
234	485326-81-6
234	51142-25-7
234	51810-08-3
234	52880-57-6
234	54578-44-8
234	54640-11-8
234	54990-82-8
234	551943-03-4
234	55492-72-3
234	56747-65-0
234	581796-51-2
234	59233-19-1
234	597551-81-0
234	63440-01-7
234	65742-16-7
234	67167-11-7
234	67339-90-6
234	71767-27-6
234	71767-28-7
234	746620-96-2
234	746620-98-4
234	81031-52-9
234	82446-45-5
234	82446-46-6
234	865351-89-9
234	87913-02-8
234	88650-89-9
234	9003-01-4
234	9003-03-6
234	925683-30-3
234	958884-93-0
234	99817-54-6
235	100188-09-8
235	1244744-44-2
235	125121-34-8
235	1253390-06-5
235	127148-71-4
235	132821-53-5
235	142513-13-1
235	1450737-78-6
235	151234-44-5
235	152287-70-2
235	158752-41-1
235	159447-01-5
235	177162-48-0
235	179267-72-2
235	187846-86-2
235	221041-81-2
235	239789-82-3
235	31584-61-9
235	33939-64-9
235	478615-16-6
235	68908-98-5
235	70632-06-3
235	RR-168195-4
236	12626-26-5
236	12626-27-6
236	12788-82-8
236	145019-66-5
236	167490-48-4
236	186690-68-6
236	191677-83-5
236	260396-85-8
236	26635-75-6
236	308062-21-7
236	37219-85-5
236	39339-86-1
236	56748-24-4
236	60283-29-6
236	61791-08-0
236	64706-25-8
236	648426-44-2
236	68155-24-8
236	68425-44-5
236	79217-76-8
236	8033-19-0
236	80445-49-4
236	8051-61-4
236	8051-62-5
236	8051-63-6
236	88241-98-9
236	RR-32273-6
238	7396-58-9
239	1219016-21-3
239	1219027-51-6
239	19309-23-0
239	68527-84-4
24	109-59-1
240	108-61-2
240	110-98-5
240	25265-71-8
240	25322-23-0
240	27941-90-8
240	27941-91-9
240	28678-26-4
240	30370-61-7
240	75047-14-2
240	78644-49-2
241	25268-73-9
241	73138-40-6
241	85186-89-6
241	85566-29-6
241	85883-76-7
241	91050-88-3
241	94581-09-6
245	126753-06-8
245	39347-18-7
245	90-17-5
247	1219027-51-6
247	88380-00-1
249	10461-98-0
25	1053659-79-2
25	112068-71-0
25	1156543-56-4
25	1158237-02-5
25	1227476-28-9
25	1416946-65-0
25	1609158-91-9
25	1664-98-8
25	50-00-0
25	8005-38-7
25	8006-07-3
25	8013-13-6
250	101840-73-7
250	102381-15-7
250	106707-02-2
250	107120-43-4
250	107120-44-5
250	111214-24-5
250	111366-79-1
250	111637-23-1
250	114797-52-3
250	1150565-38-0
250	115453-13-9
250	116464-10-9
250	125622-53-9
250	12656-10-9
250	126646-02-4
250	12679-67-3
250	126879-46-7
250	127162-58-7
250	12772-71-3
250	12790-63-5
250	130419-63-5
250	135454-69-2
250	137505-79-4
250	138185-26-9
250	138874-15-4
250	140881-22-7
250	1433018-70-2
250	145613-03-2
250	145613-04-3
250	145613-05-4
250	145613-06-5
250	1456520-38-9
250	147827-15-4
250	150260-52-9
250	1523474-62-5
250	158453-78-2
250	159131-59-6
250	161622-43-1
250	16979-47-8
250	170516-63-9
250	171286-87-6
250	183147-07-1
250	191549-76-5
250	196004-48-5
250	2136-71-2
250	2136-72-3
250	25190-05-0
250	26636-39-5
250	26636-40-8
250	306966-46-1
250	307965-48-6
250	31586-40-0
250	31586-45-5
250	31798-99-9
250	31800-63-2
250	31899-57-7
250	31917-55-2
250	32054-74-3
250	32054-77-6
250	32070-90-9
250	32127-87-0
250	32128-65-7
250	32168-65-3
250	32236-19-4
250	348113-22-4
250	355131-77-0
250	37230-81-2
250	37260-66-5
250	37317-52-5
250	37332-04-0
250	37332-05-1
250	37336-10-0
250	37336-11-1
250	37337-62-5
250	37359-30-1
250	37370-70-0
250	39290-55-6
250	39384-37-7
250	39384-38-8
250	39384-39-9
250	39404-34-7
250	39404-35-8
250	41669-31-2
250	459409-04-2
250	459409-05-3
250	503027-87-0
250	503027-88-1
250	50813-70-2
250	50813-71-3
250	50957-68-1
250	51109-88-7
250	51877-40-8
250	51888-74-5
250	52292-17-8
250	52440-04-7
250	52440-12-7
250	52440-13-8
250	52452-85-4
250	52504-21-9
250	52504-22-0
250	52609-19-5
250	52627-03-9
250	52732-71-5
250	53124-83-7
250	53663-60-8
250	53800-54-7
250	54174-03-7
250	54351-97-2
250	54578-85-7
250	54824-28-1
250	55247-83-1
250	55464-98-7
250	58056-96-5
250	58339-87-0
250	58857-52-6
250	58969-22-5
250	59494-36-9
250	59890-16-3
250	60328-40-7
250	61276-84-4
250	61791-13-7
250	61791-21-7
250	61791-28-4
250	62229-17-8
250	62229-49-6
250	623588-92-1
250	62887-14-3
250	62887-15-4
250	62887-16-5
250	62887-17-6
250	63172-62-3
250	64060-02-2
250	64296-31-7
250	64415-24-3
250	64425-87-2
250	647858-18-2
250	65104-72-5
250	65431-57-4
250	65489-62-5
250	66015-22-3
250	67015-99-0
250	678155-06-1
250	68002-97-1
250	68154-96-1
250	68155-01-1
250	68188-13-6
250	68213-23-0
250	68439-49-6
250	68526-94-3
250	68551-12-2
250	68603-20-3
250	68920-66-1
250	68954-95-0
250	68991-48-0
250	69013-19-0
250	69227-20-9
250	69364-63-2
250	71011-10-4
250	71243-46-4
250	726175-59-3
250	726175-66-2
250	72905-87-4
250	73398-63-7
250	741258-97-9
250	74749-69-2
250	74749-72-7
250	77282-12-3
250	78690-64-9
250	79586-81-5
250	8013-79-4
250	8013-80-7
250	8013-81-8
250	8036-15-5
250	8036-16-6
250	8038-99-1
250	8049-57-8
250	80700-13-6
250	80701-83-3
250	81138-54-7
250	85941-45-3
250	88995-63-5
250	9004-95-9
250	9004-98-2
250	9005-00-9
250	9007-63-0
250	9040-05-5
250	917245-08-0
250	930296-27-8
250	97043-91-9
250	RR-190166-2
250	RR-198910-2
250	RR-198911-3
251	304675-78-3
251	3811-73-2
251	5412-36-2
251	75164-71-5
251	878632-79-2
252	13435-20-6
252	191234-22-7
252	3017-23-0
252	341972-31-4
252	74-90-8
252	UN1614
253	1431865-87-0
253	84-66-2
254	3380-30-1
257	32289-58-0
257	RR-181837-7
258	101963-15-9
258	2601-33-4
258	41117-57-1
258	460061-71-6
258	53095-44-6
258	56833-18-2
258	62132-40-5
258	66455-29-6
258	68424-94-2
258	77640-81-4
258	98171-34-7
259	12640-85-6
259	13419-61-9
259	13893-34-0
259	15015-81-3
259	163883-58-7
259	2149-63-5
259	2386-53-0
259	27175-90-2
259	27175-91-3
259	37318-07-3
259	54747-73-8
259	5802-89-1
259	5838-34-6
259	5896-54-8
259	61652-79-7
259	68037-49-0
259	68188-18-1
259	68514-78-3
259	68608-15-1
259	6994-45-2
259	73049-80-6
259	85711-69-9
259	85711-70-2
259	91449-66-0
259	97489-15-1
259	RR-93393-7
26	1632-89-9
26	75-07-0
26	UN1089
260	4016-24-4
260	4062-78-6
260	RR-112199-9
261	34455-29-3
262	105287-28-3
262	96-29-7
263	116726-94-4
264	1006730-14-8
264	123-77-3
264	131715-26-9
264	183256-78-2
264	218433-14-8
264	221272-72-6
264	52737-71-0
264	62494-61-5
264	62494-62-6
264	62494-85-3
264	65098-86-4
264	65098-87-5
264	72514-45-5
264	73247-42-4
264	73905-77-8
264	81774-20-1
264	882507-89-3
264	882523-85-5
264	89073-35-8
264	97707-96-5
264	UN3242
265	102040-01-7
265	105268-95-9
265	10605-21-7
265	110342-67-1
265	1135441-26-7
265	1155875-94-7
265	1203557-88-3
265	212384-28-6
265	276680-08-1
265	37574-18-8
265	39413-19-9
265	59758-95-1
265	63090-40-4
265	63278-70-6
265	85187-34-4
266	10213-78-2
266	1079914-70-7
266	109223-82-7
266	11119-98-5
266	1129705-27-6
266	120968-16-3
266	12610-15-0
266	1261038-35-0
266	1261038-37-2
266	12737-49-4
266	1276693-55-0
266	132909-78-5
266	134809-17-9
266	135061-88-0
266	1365658-76-9
266	139465-52-4
266	140608-56-6
266	145445-97-2
266	145699-52-1
266	1541-67-9
266	15520-05-5
266	1627576-29-7
266	173104-11-5
266	176708-39-7
266	18924-66-8
266	18924-67-9
266	211236-23-6
266	220882-18-8
266	26248-66-8
266	26635-80-3
266	26635-92-7
266	26635-94-9
266	284043-71-6
266	29933-69-5
266	31017-83-1
266	31727-16-9
266	320376-56-5
266	37208-37-0
266	37208-38-1
266	374677-09-5
266	38406-51-8
266	39355-58-3
266	39378-85-3
266	39392-85-3
266	439693-70-6
266	502849-71-0
266	51290-41-6
266	52001-65-7
266	53028-70-9
266	53028-71-0
266	53789-65-4
266	55608-16-7
266	55608-17-8
266	55608-18-9
266	56451-60-6
266	58392-21-5
266	60097-32-7
266	61328-31-2
266	61614-03-7
266	61790-82-7
266	61791-14-8
266	61791-24-0
266	61791-26-2
266	61791-31-9
266	61791-44-4
266	62229-30-5
266	63091-06-5
266	63705-00-0
266	64147-39-3
266	65099-75-4
266	66456-78-8
266	66525-82-4
266	66587-55-1
266	68155-33-9
266	68439-72-5
266	68551-36-0
266	68859-80-3
266	69494-73-1
266	71786-60-2
266	71950-59-9
266	72968-37-7
266	73246-96-5
266	74139-37-0
266	79748-21-3
266	80256-99-1
266	8051-49-8
266	8051-50-1
266	8051-51-2
266	8051-52-3
266	8051-53-4
266	8051-54-5
266	8051-55-6
266	8051-56-7
266	8051-57-8
266	8051-58-9
266	8051-59-0
266	80893-20-5
266	865288-96-6
266	88747-41-5
266	88747-42-6
266	9003-93-4
266	90367-28-5
266	91993-34-9
266	95751-70-5
266	95916-71-5
266	96387-74-5
266	99241-69-7
266	RR-198900-0
267	1012789-96-6
267	1119815-54-1
267	130567-74-7
267	161294-46-8
267	166024-31-3
267	166090-87-5
267	32208-04-1
267	RR-198907-7
268	10378-22-0
268	10378-23-1
268	104244-09-9
268	1116-56-9
268	1236140-51-4
268	13235-36-4
268	139-33-3
268	150-38-9
268	17421-79-3
268	1892-64-4
268	194491-31-1
268	37341-71-2
268	42615-28-1
268	50809-35-3
268	6381-92-6
268	64-02-8
268	65501-25-9
268	67401-50-7
268	69772-70-9
268	70699-53-5
268	7379-28-4
268	8013-51-2
268	8014-66-2
268	8023-21-0
268	85715-60-2
268	97928-92-2
268	97928-93-3
269	151820-17-6
269	308081-45-0
269	441053-10-7
269	68213-26-3
269	71808-33-8
269	75601-76-2
269	RR-198908-8
270	1079184-43-2
270	1810046-51-5
270	RR-199065-4
271	101179-12-8
271	101802-11-3
271	102782-43-4
271	103331-86-8
271	103818-93-5
271	111745-55-2
271	1123738-57-7
271	113609-85-1
271	114651-33-1
271	114731-49-6
271	118549-48-7
271	120313-48-6
271	1239615-96-3
271	1239615-99-6
271	1239616-43-3
271	125005-52-9
271	1313885-07-2
271	1338074-03-5
271	1342314-65-1
271	1342314-66-2
271	142986-39-8
271	143477-39-8
271	152231-44-2
271	154518-36-2
271	155683-77-5
271	166736-08-9
271	172588-43-1
271	196413-07-7
271	196823-11-7
271	204336-40-3
271	2243481-13-0
271	31784-67-5
271	332426-86-5
271	37251-67-5
271	37311-00-5
271	37311-01-6
271	37311-02-7
271	37311-04-9
271	374077-78-8
271	39355-32-3
271	39454-67-6
271	39454-76-7
271	39457-21-1
271	50861-66-0
271	521303-08-2
271	52232-09-4
271	52232-10-7
271	52503-51-2
271	52519-95-6
271	53682-02-3
271	56572-85-1
271	56833-62-6
271	61287-28-3
271	61725-89-1
271	61827-84-7
271	63466-91-1
271	63658-45-7
271	64366-70-7
271	64641-48-1
271	65150-81-4
271	68002-96-0
271	68154-97-2
271	68154-98-3
271	68213-24-1
271	68238-81-3
271	68238-82-4
271	68439-30-5
271	68439-51-0
271	68526-95-4
271	68551-13-3
271	68551-14-4
271	68603-25-8
271	68855-08-3
271	68855-09-4
271	68937-66-6
271	68974-05-0
271	68987-81-5
271	69013-18-9
271	69227-21-0
271	69227-22-1
271	70750-27-5
271	72854-13-8
271	73018-31-2
271	73049-34-0
271	73212-00-7
271	73212-01-8
271	73212-02-9
271	73212-06-3
271	73398-63-7
271	769141-33-5
271	78330-23-1
271	848147-98-8
271	849108-38-9
271	863493-97-4
271	863493-98-5
271	9038-29-3
271	9038-43-1
271	9087-53-0
271	RR-198513-3
272	110412-77-6
272	RR-199067-6
273	146222-26-6
273	32761-35-6
273	34397-99-4
273	9006-27-3
273	RR-199068-7
274	129829-22-7
274	13895-77-7
274	1610882-36-4
274	3033-77-0
274	34890-37-4
275	66368-80-7
275	70445-33-9
276	112-34-5
276	210818-08-9
276	875421-79-7
277	127-19-5
278	141-78-6
278	UN1173
279	109-60-4
279	UN1276
28	106139-40-6
28	108-05-4
28	172702-77-1
28	220713-36-0
28	61891-42-7
28	82041-23-4
28	85306-26-9
28	UN1301
280	13197-76-7
280	25590-03-8
281	2210238-56-3
281	6203-79-8
281	92202-35-2
282	2210238-42-7
282	92202-33-0
282	92202-34-1
283	137754-49-5
283	6386-38-5
283	88731-45-7
283	96956-57-9
284	101701-80-8
284	102771-74-4
284	105439-02-9
284	110648-35-6
284	111093-75-5
284	1186289-22-4
284	1199811-14-7
284	1211316-62-9
284	124961-52-0
284	129212-17-5
284	135454-41-0
284	146282-59-9
284	146665-38-5
284	149579-36-2
284	1548444-15-0
284	158750-30-2
284	194936-84-0
284	26602-93-7
284	4098-71-9
284	50974-99-7
284	52985-93-0
284	63793-40-8
284	66708-07-4
284	70936-97-9
284	74091-63-7
284	74520-92-6
284	88778-74-9
284	UN2290
285	54982-83-1
285	85024-16-4
285	91462-24-7
286	1111-67-7
286	18492-21-2
286	26656-82-6
287	181875-97-8
288	103939-39-5
288	106-12-7
288	116810-39-0
288	12772-84-8
288	12789-13-8
288	1341-62-4
288	1356488-85-1
288	141927-22-2
288	1422656-94-7
288	1459222-46-8
288	187620-03-7
288	240111-06-2
288	37223-98-6
288	37223-99-7
288	37330-99-7
288	39287-84-8
288	39316-40-0
288	41139-27-9
288	52504-20-8
288	55126-82-4
288	55945-62-5
288	56449-46-8
288	56449-48-0
288	61791-00-2
288	61791-02-4
288	61791-29-5
288	64540-46-1
288	65071-94-5
288	67775-15-9
288	68015-51-0
288	68153-64-0
288	68154-25-6
288	68474-61-3
288	68921-12-0
288	68989-58-2
288	8013-78-3
288	8044-55-1
288	8051-25-0
288	8051-45-4
288	8051-46-5
288	8051-92-1
288	8051-93-2
288	8051-94-3
288	8052-09-3
288	8061-46-9
288	82905-19-9
288	9004-96-0
288	9007-68-5
288	914926-86-6
289	10042-99-6
289	12281-27-5
289	12412-52-1
289	12423-58-4
289	12786-74-2
289	1309-64-4
289	1314-60-9
289	1317-98-2
289	1327-33-9
289	1332-81-6
289	137853-10-2
289	154396-41-5
289	178989-93-0
289	212793-41-4
289	97048-22-1
289	97048-23-2
290	124-09-4
290	13188-60-8
290	160886-56-6
290	3323-53-3
290	38775-37-0
290	61385-57-7
290	94289-34-6
290	UN1783
291	98-01-1
291	UN1199
292	103779-27-7
292	1089313-48-3
292	110-86-1
292	138513-60-7
292	152758-95-7
292	163392-20-9
292	18820-82-1
292	24057-28-1
292	26412-87-3
292	28322-92-1
292	32001-55-1
292	3427-97-2
292	374549-75-4
292	45410-39-7
292	5153-63-9
292	543-54-4
292	62301-32-0
292	628-13-7
292	6999-00-4
292	71398-22-6
292	7291-22-7
292	733733-47-6
292	82005-06-9
292	85404-19-9
292	85404-20-2
292	857961-06-9
292	UN1282
293	100231-65-0
293	100243-42-3
293	104596-58-9
293	104596-59-0
293	104596-60-3
293	106402-05-5
293	110615-47-9
293	111924-56-2
293	111924-57-3
293	113976-90-2
293	114418-07-4
293	116183-64-3
293	119659-45-9
293	122119-57-7
293	122211-80-7
293	124411-37-6
293	124508-84-5
293	124616-51-9
293	124828-32-6
293	132778-08-6
293	136233-94-8
293	140632-83-3
293	141239-87-4
293	141239-88-5
293	141456-72-6
293	142696-64-8
293	146985-74-2
293	148406-76-2
293	148766-44-3
293	149654-50-2
293	150679-30-4
293	155238-31-6
293	155449-44-8
293	161074-85-7
293	167893-56-3
293	167893-57-4
293	167893-59-6
293	167893-60-9
293	167893-61-0
293	167893-62-1
293	167893-63-2
293	167893-64-3
293	167893-65-4
293	168037-07-8
293	168037-08-9
293	168037-09-0
293	168037-10-3
293	168037-11-4
293	168037-12-5
293	168037-13-6
293	170552-39-3
293	173314-24-4
293	173314-25-5
293	18449-82-6
293	197236-02-5
293	265312-14-9
293	27836-64-2
293	29781-80-4
293	29781-81-5
293	29836-26-8
293	29980-16-3
293	33508-66-6
293	35176-28-4
293	41444-50-2
293	41444-55-7
293	41444-56-8
293	54530-88-0
293	54549-23-4
293	54549-25-6
293	54549-26-7
293	54549-27-8
293	58846-77-8
293	59122-55-3
293	65309-84-4
293	6801-86-1
293	6801-88-3
293	6801-89-4
293	6801-91-8
293	6801-92-9
293	6801-93-0
293	68515-73-1
293	69227-93-6
293	69984-73-2
293	70005-86-6
293	74513-19-2
293	75319-63-0
293	76265-96-8
293	82494-08-4
293	82494-09-5
293	83212-61-7
293	93911-10-5
293	93911-11-6
293	93911-12-7
293	93911-14-9
293	93984-02-2
293	98064-96-1
293	98283-67-1
294	101964-01-6
294	1094749-54-8
294	1376937-61-9
294	2634-33-5
294	40991-37-5
294	54392-14-2
294	552320-00-0
294	75037-67-1
294	919284-21-2
294	97337-82-1
3	110-54-3
3	8031-34-3
31	102256-29-1
31	1254182-69-8
31	96-33-3
31	UN1919
32	140-88-5
32	1441020-41-2
32	UN1917
34	1198293-68-3
34	122775-19-3
34	79-06-1
34	UN2074
35	1338439-16-9
35	463311-95-7
35	562836-84-4
35	79-41-4
35	95893-39-3
35	UN2531
36	13440-78-3
36	1586747-13-8
36	15934-01-7
36	161122-33-4
36	20539-27-9
36	20824-56-0
36	26627-46-3
36	30485-87-1
36	30485-88-2
36	30485-90-6
36	32757-10-1
36	402925-67-1
36	53404-52-7
36	60-00-4
36	66558-66-5
36	675141-16-9
36	94108-75-5
38	2206-26-0
38	54841-72-4
38	75-05-8
38	UN1648
39	1006710-56-0
39	107-13-1
39	1197872-06-2
39	1221168-60-0
39	1309882-90-3
39	29754-21-0
39	63908-52-1
39	769126-92-3
39	769134-66-9
39	UN1093
4	106-99-0
4	1213224-27-1
4	130983-70-9
4	183592-61-2
40	1032826-45-1
40	62-56-6
41	11078-22-1
41	155-01-1
41	97-77-8
42	64440-88-6
43	133394-59-9
43	243121-01-9
43	280144-19-6
43	53192-27-1
43	57350-77-3
43	63525-90-6
43	66368-96-5
43	822-06-0
43	824958-44-3
43	88357-62-4
43	UN2281
45	1053658-43-7
45	1076-43-3
45	1173023-23-8
45	174973-66-1
45	54682-86-9
45	71-43-2
45	UN1114
46	1053657-77-4
46	108-88-3
46	1124-18-1
46	1202864-97-8
46	1603-99-2
46	2037-26-5
46	UN1294
47	100-42-5
47	1161074-30-1
47	1193-80-2
47	1198090-46-8
47	1453489-93-4
47	1646200-96-5
47	19361-62-7
47	2015955-51-6
47	2351150-23-5
47	2576469-81-1
47	2706608-32-2
47	3814-93-5
47	60052-92-8
47	79637-11-9
47	934-85-0
47	UN2055
48	98-83-9
48	UN2303
49	25551-13-7
49	526-73-8
49	95-63-6
5	78-79-5
5	78006-92-5
5	823271-95-0
5	UN1218
50	100-41-4
50	UN1175
51	100-44-7
51	UN1738
53	106-46-7
53	25321-22-6
53	3855-82-1
53	541-73-1
53	95-50-1
54	100849-37-4
54	1415719-73-1
54	142-04-1
54	14545-23-4
54	146997-94-6
54	1533423-51-6
54	1582784-51-7
54	1619933-02-6
54	18960-62-8
54	37342-16-8
54	4165-61-1
54	62-53-3
54	7022-92-6
54	UN1547
54	UN1548
55	106-50-3
55	108-45-2
55	1266121-34-9
55	1274866-89-5
55	25265-76-3
55	UN1673
56	106-50-3
56	25265-76-3
56	95-54-5
56	UN1673
59	4165-60-0
59	98-95-3
59	UN1662
6	1111-89-3
6	1173018-35-3
6	1474045-09-4
6	1474045-10-7
6	1474045-11-8
6	16786-44-0
6	74-87-3
6	UN1063
60	100-00-5
62	108-95-2
62	13127-88-3
62	14534-23-7
62	168967-84-8
62	32580-85-1
62	36443-64-8
62	50356-25-7
62	57671-19-9
62	8002-07-1
62	836684-89-0
62	86003-76-1
62	94159-23-6
62	UN2312
64	102962-45-8
64	128-37-0
64	1394965-02-6
64	1456709-94-6
64	1847425-90-4
64	2055662-96-7
64	259752-53-9
64	290348-23-1
64	338986-13-3
64	36631-28-4
64	42615-30-5
64	50356-19-9
64	50641-99-1
64	52683-46-2
64	53571-70-3
64	58500-82-6
64	83047-16-9
64	97123-41-6
65	120-80-9
65	16474-89-8
65	16474-90-1
65	19481-10-8
65	37349-32-9
66	109630-52-6
66	117-81-7
66	126639-29-0
66	137718-37-7
66	14103-61-8
66	205180-59-2
66	20548-62-3
66	275818-89-8
66	28553-12-0
66	40120-69-2
66	50885-87-5
66	607374-50-5
66	68515-48-0
66	70152-36-2
66	70857-56-6
66	71549-78-5
66	8033-53-2
66	82208-43-3
66	85391-48-6
66	85391-49-7
66	85391-50-0
66	85391-51-1
66	85391-52-2
66	85391-53-3
66	85391-54-4
66	85851-76-9
66	85851-77-0
66	85851-78-1
66	85851-79-2
66	85851-80-5
66	85851-84-9
66	93951-87-2
66	97692-55-2
66	98088-97-2
68	100-21-0
68	211863-90-0
68	211863-92-2
69	28605-64-3
69	552-30-7
69	68864-89-1
69	70425-46-6
69	928770-37-0
70	107065-10-1
71	250578-38-2
74	101-68-8
74	1211266-59-9
74	1211316-64-1
74	1220313-65-4
74	1400594-70-8
74	142690-07-1
74	1533423-48-1
74	153986-89-1
74	1588489-56-8
74	201528-77-0
74	2031250-39-0
74	2056146-02-0
74	53633-14-0
74	55157-41-0
74	57460-66-9
74	77090-48-3
74	88001-94-9
74	97568-33-7
75	137885-53-1
75	1429425-26-2
75	146479-75-6
75	27360-89-0
75	28106-82-3
75	37808-08-5
75	80-05-7
76	1146-65-2
76	72931-45-4
76	91-20-3
76	UN1334
77	107760-16-7
77	1755-01-7
77	275363-11-6
77	45737-84-6
77	54335-17-0
77	77-73-6
77	933-60-8
77	UN2048
8	67-66-3
8	8013-54-5
8	865-49-6
8	UN1888
80	123-91-1
80	17647-74-4
80	28347-88-8
80	28347-91-3
80	39449-24-6
80	54841-74-6
80	UN1165
81	110-91-8
81	113889-09-1
81	13732-62-2
81	147366-31-2
81	2300039-34-1
81	38344-72-8
81	64346-58-3
81	65104-37-2
81	65151-45-3
81	65151-46-4
81	65151-79-3
81	65151-80-6
81	71155-97-0
81	854893-20-2
81	88542-81-8
81	89819-86-3
81	96122-95-1
81	99108-56-2
81	UN2054
82	105-60-2
82	117955-36-9
82	168214-28-6
82	2953-03-9
82	32838-21-4
82	32838-23-6
82	34876-18-1
84	14915-37-8
85	40839-73-4
87	101027-12-7
87	1018476-17-9
87	102256-86-0
87	102256-87-1
87	1033821-54-3
87	1034342-45-4
87	103599-13-9
87	103599-14-0
87	104364-97-8
87	104491-99-8
87	105521-57-1
87	106207-08-3
87	107991-47-9
87	1082736-74-0
87	108556-05-4
87	108728-21-8
87	1096473-97-0
87	110158-22-0
87	11097-80-6
87	11098-13-8
87	11098-40-1
87	11100-23-5
87	11108-41-1
87	11120-31-3
87	11121-19-0
87	11126-36-6
87	1114797-08-8
87	111517-59-0
87	114013-37-5
87	114732-94-4
87	115902-32-4
87	116161-20-7
87	117216-90-7
87	118340-04-8
87	1189565-70-5
87	1190235-62-1
87	1190729-68-0
87	120146-74-9
87	120797-43-5
87	121181-85-9
87	121273-37-8
87	121547-73-7
87	1226906-55-3
87	122729-21-9
87	1233377-31-5
87	123939-44-6
87	125147-87-7
87	1253646-32-0
87	1259928-62-5
87	1270267-49-6
87	127176-80-1
87	127176-81-2
87	127691-67-2
87	128281-71-0
87	130254-18-1
87	132822-20-9
87	132893-73-3
87	1336-88-5
87	1337-15-1
87	138157-20-7
87	138361-18-9
87	139554-29-3
87	1416960-74-1
87	142540-11-2
87	144046-24-2
87	144046-25-3
87	144855-66-3
87	149013-58-1
87	150825-32-4
87	157321-42-1
87	158725-45-2
87	160674-45-3
87	1608493-63-5
87	161937-12-8
87	162031-55-2
87	1645304-11-5
87	1675-54-3
87	167972-06-7
87	168042-08-8
87	1702269-51-9
87	170962-54-6
87	178535-86-9
87	179607-24-0
87	1826890-03-2
87	1826890-16-7
87	183581-68-2
87	183890-12-2
87	187619-11-0
87	188448-56-8
87	189282-49-3
87	191606-83-4
87	20232-24-0
87	219119-50-3
87	220756-60-5
87	222835-65-6
87	222835-66-7
87	222835-68-9
87	222835-69-0
87	222835-70-3
87	222835-72-5
87	222835-74-7
87	222835-77-0
87	25036-25-3
87	25068-38-6
87	26402-79-9
87	294199-99-8
87	306971-28-8
87	339530-81-3
87	35038-60-9
87	353239-57-3
87	36344-96-4
87	36347-13-4
87	36347-14-5
87	367523-08-8
87	37184-50-2
87	37184-52-4
87	37208-29-0
87	37217-92-8
87	37230-74-3
87	37243-66-6
87	37243-67-7
87	37251-33-5
87	37265-21-7
87	37270-82-9
87	37291-75-1
87	37293-07-5
87	37294-18-1
87	37305-82-1
87	37307-45-2
87	37317-45-6
87	37325-21-6
87	37338-63-9
87	37342-17-9
87	37345-34-9
87	37348-56-4
87	37348-57-5
87	37357-73-6
87	37360-93-3
87	383889-26-7
87	383889-27-8
87	39277-59-3
87	39288-99-8
87	39296-08-7
87	39296-09-8
87	39296-11-2
87	39296-15-6
87	39315-77-0
87	39349-91-2
87	39354-86-4
87	39362-25-9
87	39362-45-3
87	39373-81-4
87	39378-29-5
87	39378-55-7
87	39389-49-6
87	39405-18-0
87	39412-57-2
87	39419-66-4
87	39453-22-0
87	39454-54-1
87	39454-69-8
87	39470-62-7
87	395069-05-3
87	42612-34-0
87	42618-03-1
87	470462-49-8
87	47424-12-4
87	50642-36-9
87	50642-55-2
87	50642-78-9
87	51158-20-4
87	51273-81-5
87	51329-73-8
87	51393-99-8
87	51394-03-7
87	51553-00-5
87	52011-87-7
87	52038-45-6
87	52051-70-4
87	52051-82-8
87	52052-16-1
87	52232-05-0
87	52232-75-4
87	52276-55-8
87	52365-33-0
87	52519-66-1
87	52519-67-2
87	52627-94-8
87	52907-38-7
87	53027-88-6
87	53127-14-3
87	53200-30-9
87	53238-86-1
87	53238-87-2
87	53239-67-1
87	53239-68-2
87	53570-97-1
87	53570-98-2
87	53681-78-0
87	53858-93-8
87	54018-73-4
87	54352-05-5
87	55464-96-5
87	55584-55-9
87	55585-07-4
87	55818-73-0
87	56258-35-6
87	56449-43-5
87	56509-48-9
87	57107-66-1
87	57284-90-9
87	57534-21-1
87	57693-04-6
87	58052-05-4
87	58128-38-4
87	58392-89-5
87	58392-92-0
87	58516-14-6
87	58572-71-7
87	59029-19-5
87	59459-14-2
87	59473-30-2
87	59948-36-6
87	60202-19-9
87	60267-31-4
87	60382-89-0
87	60606-56-6
87	60800-54-6
87	60831-77-8
87	60894-16-8
87	61036-82-6
87	61287-42-1
87	61356-27-2
87	61711-38-4
87	61763-30-2
87	61788-97-4
87	61991-18-2
87	62169-28-2
87	62169-29-3
87	62601-75-6
87	62601-76-7
87	62887-23-4
87	63055-40-3
87	63172-55-4
87	63799-24-6
87	63993-57-7
87	63993-58-8
87	64086-14-2
87	64086-16-4
87	64176-52-9
87	64176-61-0
87	64176-66-5
87	64177-03-3
87	64339-51-1
87	65233-49-0
87	65931-38-6
87	65931-39-7
87	66995-96-8
87	67185-62-0
87	681001-41-2
87	68821-97-6
87	69899-40-7
87	70179-83-8
87	70213-44-4
87	70726-45-3
87	71965-91-8
87	72514-40-0
87	73413-19-1
87	74504-20-4
87	74564-76-4
87	75831-44-6
87	78564-77-9
87	79585-43-6
87	8000-31-5
87	80702-61-0
87	81458-12-0
87	81843-58-5
87	81855-87-0
87	82197-12-4
87	82197-46-4
87	83202-85-1
87	848887-61-6
87	85101-00-4
87	85537-69-5
87	86090-60-0
87	9015-99-0
87	9049-54-1
87	9050-21-9
87	9081-91-8
87	9083-76-5
87	9084-94-0
87	9086-62-8
87	9087-26-7
87	9087-76-7
87	917483-69-3
87	922728-11-8
87	934588-09-7
87	945610-97-9
87	950907-45-6
87	95327-25-6
87	96420-31-4
87	96510-68-8
87	97568-16-6
87	97709-01-8
87	99400-50-7
91	101969-71-5
91	111-42-2
91	12068-10-9
91	129240-71-7
91	13961-86-9
91	143-00-0
91	14426-21-2
91	160611-33-6
91	16530-72-6
91	172584-91-7
91	20261-60-3
91	23349-61-3
91	2471-06-9
91	26545-53-9
91	27936-81-8
91	34202-37-4
91	51541-51-6
91	51606-31-6
91	54640-11-8
91	57678-02-1
91	59707-21-0
91	61790-66-7
91	61837-80-7
91	64339-50-0
91	64346-12-9
91	64346-13-0
91	64755-09-5
91	65104-38-3
91	65104-39-4
91	65104-61-2
91	65121-82-6
91	65122-24-9
91	65138-84-3
91	67584-64-9
91	67633-87-8
91	67701-17-1
91	68002-82-4
91	68258-98-0
91	68391-54-8
91	68413-73-0
91	68604-35-3
91	68908-59-8
91	73070-48-1
91	797757-91-6
91	8033-73-6
91	83155-77-5
91	84176-56-7
91	85030-01-9
91	85050-14-2
91	852200-40-9
91	88394-55-2
91	93893-02-8
91	94023-03-7
91	96792-55-1
91	99817-54-6
92	232259-02-8
92	79-21-0
92	89370-71-8
93	108-24-7
93	16649-49-3
93	UN1715
94	1265528-53-7
94	130869-26-0
94	1453489-99-0
94	166941-59-9
94	211862-52-1
94	55927-87-2
94	79-10-7
94	UN2218
95	3926-62-3
95	UN2659
96	110-82-7
96	1735-17-7
96	UN1145
97	10039-54-0
97	120893-78-9
97	1257422-90-4
97	379722-73-3
97	5470-11-1
97	73032-88-9
97	7803-49-8
97	UN2865
