||1000597-52-3||LU:Perfluorohexane-1-sulphonic acid and its salts||||	1000597-52-3
||10026-22-9||LU:Cobalt(II) dinitrate||||	10026-22-9
||100532-36-3||LU:4-Heptylphenol, branched and linear [substances with a linear and/or branched alkyl chain with a carbon number of 7 covalently bound predominantly in position 4 to phenol, covering also UVCB- and well-defined substances which include any of the individual isomers or a combination thereof||||	100532-36-3
||102483-85-2||LU:Cyclohexane-1,2-dicarboxylic anhydride||||	102483-85-2
||102570-52-5||LU:4-Heptylphenol, branched and linear [substances with a linear and/or branched alkyl chain with a carbon number of 7 covalently bound predominantly in position 4 to phenol, covering also UVCB- and well-defined substances which include any of the individual isomers or a combination thereof||||	102570-52-5
||104-35-8||||||AS:branched and linear, substances with a linear and/or branched alkyl chain with a carbon number of 9 covalently bound in position 4 to phenol, ethoxylated covering UVCB- and well-defined substances, polymers and homologues, which include any of the individual isomers and/or combinations thereof	104-35-8
||106599-06-8||LU:Tris(4-nonylphenyl, branched and linear) phosphite (TNPP)||||	106599-06-8
||108427-54-9||LU:Perfluorohexane-1-sulphonic acid and its salts||||	108427-54-9
||108427-55-0||LU:Perfluorohexane-1-sulphonic acid and its salts||||	108427-55-0
||109265-67-0||LU:Cyclohexane-1,2-dicarboxylic anhydride||||	109265-67-0
||109945-70-2||LU:Bis(pentabromophenyl) ether||||	109945-70-2
||111720-41-3||LU:Cyclohexane-1,2-dicarboxylic anhydride||||	111720-41-3
||1139800-98-8||LU:4-Heptylphenol, branched and linear [substances with a linear and/or branched alkyl chain with a carbon number of 7 covalently bound predominantly in position 4 to phenol, covering also UVCB- and well-defined substances which include any of the individual isomers or a combination thereof||||	1139800-98-8
||117276-22-9||LU:Cyclohexane-1,2-dicarboxylic anhydride||||	117276-22-9
||1187817-57-7||LU:Perfluorohexane-1-sulphonic acid and its salts||||	1187817-57-7
||1201677-32-8||LU:Bis(pentabromophenyl) ether||||	1201677-32-8
||12040-72-1||LU:Sodium perborate,perboric acid, sodium salt||||	12040-72-1
||12139-21-8||LU:Cadmium oxide||||	12139-21-8
||122499-17-6||LU:2,3,3,3-Tetrafluoro-2-(heptafluoropropoxy)propionic acid, its salts and its acyl halides||||	122499-17-6
||125022-34-6||LU:Sodium perborate, perboric acid, sodium salt||||	125022-34-6
||127946-28-5||LU:Cyclohexane-1,2-dicarboxylic anhydride||||	127946-28-5
||128049-67-2||LU:trans-Cyclohexane-1,2-dicarboxylic anhydride||||	128049-67-2
||1310480-24-0||LU:Perfluorohexane-1-sulphonic acid and its salts||||	1310480-24-0
||1310480-27-3||LU:Perfluorohexane-1-sulphonic acid and its salts||||	1310480-27-3
||1310480-28-4||LU:Perfluorohexane-1-sulphonic acid and its salts||||	1310480-28-4
||1329995-45-0||LU:Perfluorohexane-1-sulphonic acid and its salts||||	1329995-45-0
||1329995-69-8||LU:Perfluorohexane-1-sulphonic acid and its salts||||	1329995-69-8
||134237-50-6||LU:Hexabromocyclododecane (HBCDD)||||	134237-50-6
||134237-51-7||LU:Hexabromocyclododecane (HBCDD)||||	134237-51-7
||134237-52-8||LU:Hexabromocyclododecane (HBCDD)||||	134237-52-8
||135821-03-3||LU:Dodecachloropentacyclo[12.2.1.16,9.02,13.05,10]octadeca-7,15-diene covering any of its individual anti- and syn-isomers or any combination thereof||||	135821-03-3
||135821-74-8||LU:Dodecachloropentacyclo[12.2.1.16,9.02,13.05,10]octadeca-7,15-diene covering any of its individual anti- and syn-isomers or any combination thereof||||	135821-74-8
||144116-10-9||LU:Perfluorohexane-1-sulphonic acid and its salts||||	144116-10-9
||145538-74-5||LU:Bis(pentabromophenyl) ether||||	145538-74-5
||1462414-59-0||LU:Perfluorohexane-1-sulphonic acid and its salts||||	1462414-59-0
||1471311-26-8||LU:Reaction products of 1,3,4-thiadiazolidine-2,5-dithione, formaldehyde and 4-heptylphenol, branched and linear (RP-HP) [with >=0.1% w/w 4-heptylphenol, branched and linear (4-HPbl)]||||	1471311-26-8
||14890-53-0||LU:Orthoboric acid, sodium salt||||	14890-53-0
||153443-35-7||LU:Perfluorohexane-1-sulphonic acid and its salts||||	153443-35-7
||156609-10-8||||||AS:branched and linear, substances with a linear and/or branched alkyl chain with a carbon number of 9 covalently bound in position 4 to phenol, ethoxylated covering UVCB- and well-defined substances, polymers and homologues, which include any of the individual isomers and/or combinations thereof	156609-10-8
||1718-52-1||||||	1718-52-1
||1719-03-5||||||	1719-03-5
||1782069-81-1||LU:(.+-.)-1,7,7-Trimethyl-3-[(4-methylphenyl)methylene]bicyclo[2.2.1]heptan-2-one covering any of the individual isomers and/or combinations thereof (4-MBC)||||	1782069-81-1
||1824346-00-0||LU:4-Heptylphenol, branched and linear [substances with a linear and/or branched alkyl chain with a carbon number of 7 covalently bound predominantly in position 4 to phenol, covering also UVCB- and well-defined substances which include any of the individual isomers or a combination thereof||||	1824346-00-0
||186309-28-4||LU:5-sec-Butyl-2-(2,4-dimethylcyclohex-3-en-1-yl)-5-methyl-1,3-dioxane [1], 5-sec-butyl-2-(4,6-dimethylcyclohex-3-en-1-yl)-5-methyl-1,3-dioxane [2] [covering any of the individual stereoisomers of [1] and [2] or any combination thereof]||||	186309-28-4
||189274-31-5||LU:Perfluorohexane-1-sulphonic acid and its salts||||	189274-31-5
||198840-65-2||LU:Medium-chain chlorinated paraffins (MCCP)||||	198840-65-2
||201815-17-0||LU:cis-Cyclohexane-1,2-dicarboxylic anhydride||||	201815-17-0
||202189-84-2||LU:Perfluorohexane-1-sulphonic acid and its salts||||	202189-84-2
||20636-48-0||LU:4-Nonylphenol, branched and linear, ethoxylated||||	20636-48-0
||21049-36-5||LU:Perfluoroheptanoic acid and its salts||||	21049-36-5
||213740-81-9||LU:Perfluorohexane-1-sulphonic acid and its salts||||	213740-81-9
||22454-04-2||LU:Orthoboric acid, sodium salt||||	22454-04-2
||2315-61-9||||||AS:621-341-7	2315-61-9
||2315-67-5||||||AS:621-345-9	2315-67-5
||25747-83-5||LU:Orthoboric acid, sodium salt||||	25747-83-5
||27177-01-1||LU:4-Nonylphenol, branched and linear, ethoxylated||||	27177-01-1
||27459-10-5||LU:Phenol, alkylation products||||	27459-10-5
||279240-32-3||LU:cis-Cyclohexane-1,2-dicarboxylic anhydride||||	279240-32-3
||288864-02-8||LU:4-Heptylphenol, branched and linear||||	288864-02-8
||30784-27-1||LU:4-Heptylphenol, branched and linear [substances with a linear and/or branched alkyl chain with a carbon number of 7 covalently bound predominantly in position 4 to phenol, covering also UVCB- and well-defined substances which include any of the individual isomers or a combination thereof||||	30784-27-1
||30784-31-7||LU:4-Heptylphenol, branched and linear [substances with a linear and/or branched alkyl chain with a carbon number of 7 covalently bound predominantly in position 4 to phenol, covering also UVCB- and well-defined substances which include any of the individual isomers or a combination thereof||||	30784-31-7
||31631-13-7||LU:Tris(4-nonylphenyl, branched and linear) phosphite (TNPP)||||	31631-13-7
||33104-11-9||LU:4-Heptylphenol, branched and linear [substances with a linear and/or branched alkyl chain with a carbon number of 7 covalently bound predominantly in position 4 to phenol, covering also UVCB- and well-defined substances which include any of the individual isomers or a combination thereof||||	33104-11-9
||341035-71-0||LU:Perfluorohexane-1-sulphonic acid and its salts||||	341035-71-0
||341548-85-4||LU:Perfluorohexane-1-sulphonic acid and its salts||||	341548-85-4
||34166-38-6||||||AS:branched and linear, substances with a linear and/or branched alkyl chain with a carbon number of 9 covalently bound in position 4 to phenol, ethoxylated covering UVCB- and well-defined substances, polymers and homologues, which include any of the individual isomers and/or combinations thereof	34166-38-6
||343934-04-3||LU:5-sec-Butyl-2-(2,4-dimethylcyclohex-3-en-1-yl)-5-methyl-1,3-dioxane [1], 5-sec-butyl-2-(4,6-dimethylcyclohex-3-en-1-yl)-5-methyl-1,3-dioxane [2] [covering any of the individual stereoisomers of [1] and [2] or any combination thereof]||||	343934-04-3
||343934-05-4||LU:5-sec-Butyl-2-(2,4-dimethylcyclohex-3-en-1-yl)-5-methyl-1,3-dioxane [1], 5-sec-butyl-2-(4,6-dimethylcyclohex-3-en-1-yl)-5-methyl-1,3-dioxane [2] [covering any of the individual stereoisomers of [1] and [2] or any combination thereof]||||	343934-05-4
||350836-93-0||LU:Perfluorohexane-1-sulphonic acid and its salts||||	350836-93-0
||37244-98-7||LU:Sodium perborate, perboric acid, sodium salt||||	37244-98-7
||37872-24-5||LU:4-Heptylphenol, branched and linear [substances with a linear and/or branched alkyl chain with a carbon number of 7 covalently bound predominantly in position 4 to phenol, covering also UVCB- and well-defined substances which include any of the individual isomers or a combination thereof||||	37872-24-5
||3830-45-3||LU:Nonadecafluorodecanoic acid (PFDA) and its sodium and ammonium salts||||	3830-45-3
||41184-65-0||LU:Perfluorohexane-1-sulphonic acid and its salts||||	41184-65-0
||41242-12-0||LU:Perfluorohexane-1-sulphonic acid and its salts||||	41242-12-0
||4149-60-4||||||	4149-60-4
||421555-73-9||LU:Perfluorohexane-1-sulphonic acid and its salts||||	421555-73-9
||421555-74-0||LU:Perfluorohexane-1-sulphonic acid and its salts||||	421555-74-0
||425670-70-8||LU:Perfluorohexane-1-sulphonic acid and its salts||||	425670-70-8
||55120-77-9||LU:Perfluorohexane-1-sulphonic acid and its salts||||	55120-77-9
||57427-55-1||LU:Phenol, alkylation products||||	57427-55-1
||634193-83-2||LU:cis-Cyclohexane-1,2-dicarboxylic anhydride||||	634193-83-2
||6465-71-0||LU:4-Heptylphenol, branched and linear [substances with a linear and/or branched alkyl chain with a carbon number of 7 covalently bound predominantly in position 4 to phenol, covering also UVCB- and well-defined substances which include any of the individual isomers or a combination thereof||||	6465-71-0
||6465-74-3||LU:4-Heptylphenol, branched and linear [substances with a linear and/or branched alkyl chain with a carbon number of 7 covalently bound predominantly in position 4 to phenol, covering also UVCB- and well-defined substances which include any of the individual isomers or a combination thereof||||	6465-74-3
||64685-81-0||||||AS:Reaction mass of DOTE and MOTE	64685-81-0
||65455-72-3||LU:4-Nonylphenol, branched and linear, ethoxylated||||	65455-72-3
||676367-02-5||LU:5-sec-Butyl-2-(2,4-dimethylcyclohex-3-en-1-yl)-5-methyl-1,3-dioxane [1], 5-sec-butyl-2-(4,6-dimethylcyclohex-3-en-1-yl)-5-methyl-1,3-dioxane [2] [covering any of the individual stereoisomers of [1] and [2] or any combination thereof]||||	676367-02-5
||676367-03-6||LU:5-sec-Butyl-2-(2,4-dimethylcyclohex-3-en-1-yl)-5-methyl-1,3-dioxane [1], 5-sec-butyl-2-(4,6-dimethylcyclohex-3-en-1-yl)-5-methyl-1,3-dioxane [2] [covering any of the individual stereoisomers of [1] and [2] or any combination thereof]||||	676367-03-6
||676367-04-7||LU:5-sec-Butyl-2-(2,4-dimethylcyclohex-3-en-1-yl)-5-methyl-1,3-dioxane [1], 5-sec-butyl-2-(4,6-dimethylcyclohex-3-en-1-yl)-5-methyl-1,3-dioxane [2] [covering any of the individual stereoisomers of [1] and [2] or any combination thereof]||||	676367-04-7
||676367-05-8||LU:5-sec-Butyl-2-(2,4-dimethylcyclohex-3-en-1-yl)-5-methyl-1,3-dioxane [1], 5-sec-butyl-2-(4,6-dimethylcyclohex-3-en-1-yl)-5-methyl-1,3-dioxane [2] [covering any of the individual stereoisomers of [1] and [2] or any combination thereof]||||	676367-05-8
||676367-06-9||LU:5-sec-Butyl-2-(2,4-dimethylcyclohex-3-en-1-yl)-5-methyl-1,3-dioxane [1], 5-sec-butyl-2-(4,6-dimethylcyclohex-3-en-1-yl)-5-methyl-1,3-dioxane [2] [covering any of the individual stereoisomers of [1] and [2] or any combination thereof]||||	676367-06-9
||676367-07-0||LU:5-sec-Butyl-2-(2,4-dimethylcyclohex-3-en-1-yl)-5-methyl-1,3-dioxane [1], 5-sec-butyl-2-(4,6-dimethylcyclohex-3-en-1-yl)-5-methyl-1,3-dioxane [2] [covering any of the individual stereoisomers of [1] and [2] or any combination thereof]||||	676367-07-0
||676367-08-1||LU:5-sec-Butyl-2-(2,4-dimethylcyclohex-3-en-1-yl)-5-methyl-1,3-dioxane [1], 5-sec-butyl-2-(4,6-dimethylcyclohex-3-en-1-yl)-5-methyl-1,3-dioxane [2] [covering any of the individual stereoisomers of [1] and [2] or any combination thereof]||||	676367-08-1
||676367-09-2||LU:5-sec-Butyl-2-(2,4-dimethylcyclohex-3-en-1-yl)-5-methyl-1,3-dioxane [1], 5-sec-butyl-2-(4,6-dimethylcyclohex-3-en-1-yl)-5-methyl-1,3-dioxane [2] [covering any of the individual stereoisomers of [1] and [2] or any combination thereof]||||	676367-09-2
||6863-24-7||LU:4-Heptylphenol, branched and linear [substances with a linear and/or branched alkyl chain with a carbon number of 7 covalently bound predominantly in position 4 to phenol, covering also UVCB- and well-defined substances which include any of the individual isomers or a combination thereof||||	6863-24-7
||70136-72-0||LU:Perfluorohexane-1-sulphonic acid and its salts||||	70136-72-0
||71011-12-6||LU:Alkanes, C10-13, chloro (Short Chain Chlorinated Paraffins)||||AS:might contain short-chain chlorinated paraffins	71011-12-6
||71945-81-8||LU:4-Heptylphenol, branched and linear [substances with a linear and/or branched alkyl chain with a carbon number of 7 covalently bound predominantly in position 4 to phenol, covering also UVCB- and well-defined substances which include any of the individual isomers or a combination thereof||||	71945-81-8
||72033-41-1||LU:Perfluorohexane-1-sulphonic acid and its salts||||	72033-41-1
||72861-06-4||LU:4-Heptylphenol, branched and linear [substances with a linear and/or branched alkyl chain with a carbon number of 7 covalently bound predominantly in position 4 to phenol, covering also UVCB- and well-defined substances which include any of the individual isomers or a combination thereof||||	72861-06-4
||741687-98-9||LU:(.+-.)-1,7,7-Trimethyl-3-[(4-methylphenyl)methylene]bicyclo[2.2.1]heptan-2-one covering any of the individual isomers and/or combinations thereof (4-MBC)||||	741687-98-9
||743438-36-0||LU:cis-Cyclohexane-1,2-dicarboxylic anhydride||||	743438-36-0
||75166-30-2||LU:2-(4-tert-Butylbenzyl)propionaldehyde and its individual stereoisomers||||	75166-30-2
||75166-31-3||LU:2-(4-tert-Butylbenzyl)propionaldehyde and its individual stereoisomers||||	75166-31-3
||75579-39-4||LU:2,3,3,3-Tetrafluoro-2-(heptafluoropropoxy)propionic acid, its salts and its acyl halides||||	75579-39-4
||75579-40-7||LU:2,3,3,3-Tetrafluoro-2-(heptafluoropropoxy)propionic acid, its salts and its acyl halides||||	75579-40-7
||776297-69-9||||||	776297-69-9
||7774-41-6||LU:Arsenic Acid||||	7774-41-6
||82382-12-5||LU:Perfluorohexane-1-sulphonic acid and its salts||||	82382-12-5
||852541-21-0||LU:(.+-.)-1,7,7-Trimethyl-3-[(4-methylphenyl)methylene]bicyclo[2.2.1]heptan-2-one covering any of the individual isomers and/or combinations thereof (4-MBC)||||	852541-21-0
||852541-25-4||LU:(.+-.)-1,7,7-Trimethyl-3-[(4-methylphenyl)methylene]bicyclo[2.2.1]heptan-2-one covering any of the individual isomers and/or combinations thereof (4-MBC)||||	852541-25-4
||852541-30-1||LU:(.+-.)-1,7,7-Trimethyl-3-[(4-methylphenyl)methylene]bicyclo[2.2.1]heptan-2-one covering any of the individual isomers and/or combinations thereof (4-MBC)||||	852541-30-1
||854904-92-0||LU:4-Heptylphenol, branched and linear [substances with a linear and/or branched alkyl chain with a carbon number of 7 covalently bound predominantly in position 4 to phenol, covering also UVCB- and well-defined substances which include any of the individual isomers or a combination thereof||||	854904-92-0
||854904-93-1||LU:4-Heptylphenol, branched and linear [substances with a linear and/or branched alkyl chain with a carbon number of 7 covalently bound predominantly in position 4 to phenol, covering also UVCB- and well-defined substances which include any of the individual isomers or a combination thereof||||	854904-93-1
||857629-71-1||LU:4-Heptylphenol, branched and linear [substances with a linear and/or branched alkyl chain with a carbon number of 7 covalently bound predominantly in position 4 to phenol, covering also UVCB- and well-defined substances which include any of the individual isomers or a combination thereof||||	857629-71-1
||861010-65-3||LU:4-Heptylphenol, branched and linear [substances with a linear and/or branched alkyl chain with a carbon number of 7 covalently bound predominantly in position 4 to phenol, covering also UVCB- and well-defined substances which include any of the individual isomers or a combination thereof||||	861010-65-3
||866621-50-3||LU:Perfluorohexane-1-sulphonic acid and its salts||||	866621-50-3
||90568-23-3||LU:Sodium perborate, perboric acid, sodium salt||||	90568-23-3
||910606-39-2||LU:Perfluorohexane-1-sulphonic acid and its salts||||	910606-39-2
||911027-68-4||LU:Perfluorohexane-1-sulphonic acid and its salts||||	911027-68-4
||911027-69-5||LU:Perfluorohexane-1-sulphonic acid and its salts||||	911027-69-5
||911370-98-4||LU:4-Heptylphenol, branched and linear [substances with a linear and/or branched alkyl chain with a carbon number of 7 covalently bound predominantly in position 4 to phenol, covering also UVCB- and well-defined substances which include any of the individual isomers or a combination thereof||||	911370-98-4
||911371-06-7||LU:4-Heptylphenol, branched and linear [substances with a linear and/or branched alkyl chain with a carbon number of 7 covalently bound predominantly in position 4 to phenol, covering also UVCB- and well-defined substances which include any of the individual isomers or a combination thereof||||	911371-06-7
||911371-07-8||LU:4-Heptylphenol, branched and linear [substances with a linear and/or branched alkyl chain with a carbon number of 7 covalently bound predominantly in position 4 to phenol, covering also UVCB- and well-defined substances which include any of the individual isomers or a combination thereof||||	911371-07-8
||92011-17-1||LU:Perfluorohexane-1-sulphonic acid and its salts||||	92011-17-1
||928049-42-7||LU:Perfluorohexane-1-sulphonic acid and its salts||||	928049-42-7
||95327-28-9||LU:Cyclohexane-1,2-dicarboxylic anhydride||||	95327-28-9
||95342-41-9||LU:(.+-.)-1,7,7-Trimethyl-3-[(4-methylphenyl)methylene]bicyclo[2.2.1]heptan-2-one covering any of the individual isomers and/or combinations thereof (4-MBC)||||	95342-41-9
||97233-90-4||LU:trans-Cyclohexane-1,2-dicarboxylic anhydride||||	97233-90-4
||RR-108704-3||||||	RR-108704-3
||RR-108704-3||||AS:4-(1,1,3,3-Tetramethylbutyl)phenol, ethoxylated polymers||AS:As 4-(1,1,3,3-Tetramethylbutyl)phenol, ethoxylated polymers [RR-108704-3]	9046-29-1
||RR-108705-4||||||	RR-108705-4
||RR-150586-8||LU:4-Heptylphenol, branched and linear||||AS:substances with a linear and/or branched alkyl chain with a carbon number of 7 covalently bound predominantly in position 4 to phenol, covering also UVCB- and well-defined substances which include any of the individual isomers or a combination thereof	RR-150586-8
||RR-153716-2||||||	RR-153716-2
||RR-159630-1||LU:Perfluoroheptanoic acid and its salts||||	RR-159630-1
||RR-161119-4||LU:5-sec-butyl-2-(2,4-dimethylcyclohex-3-en-1-yl)-5-methyl-1,3-dioxane [1], 5-sec-butyl-2-(4,6-dimethylcyclohex-3-en-1-yl)-5-methyl-1,3-dioxane [2]||||	RR-161119-4
||RR-164389-6||||||	RR-164389-6
||RR-164389-6||||AS:Perfluorobutanesulfonic acid salts||AS:As Perfluorobutanesulfonic acid salts [RR-164389-6]	60453-92-1
||RR-168964-1||||||	RR-168964-1
||RR-168965-2||||||	RR-168965-2
||RR-171582-8||LU:4,4'-[2,2,2-Trifluoro-1-(trifluoromethyl)ethylidene]diphenol and its salts||||	RR-171582-8
||RR-171583-9||LU:4,4'-[2,2,2-Trifluoro-1-(trifluoromethyl)ethylidene]diphenol and its salts||||	RR-171583-9
||RR-17716-2||||||	RR-17716-2
||RR-183430-6||LU:5-sec-butyl-2-(2,4-dimethylcyclohex-3-en-1-yl)-5-methyl-1,3-dioxane [1], 5-sec-butyl-2-(4,6-dimethylcyclohex-3-en-1-yl)-5-methyl-1,3-dioxane [2]||||	RR-183430-6
||RR-187787-8||||||	RR-187787-8
||RR-191285-2||LU:4-Nonylphenol, branched and linear, ethoxylated||||	RR-191285-2
||RR-210725-7||LU:4,4'-[2,2,2-Trifluoro-1-(trifluoromethyl)ethylidene]diphenol and its salts||||	RR-210725-7
||RR-210725-7||LU:4,4'-[2,2,2-Trifluoro-1-(trifluoromethyl)ethylidene]diphenol and its salts||AS:4,4'-[2,2,2-Trifluoro-1-(trifluoromethyl)ethylidene]diphenol salts||AS:As 4,4'-[2,2,2-Trifluoro-1-(trifluoromethyl)ethylidene]diphenol salts [RR-210725-7]	126049-00-1
||RR-62288-8||||||	RR-62288-8
||RR-64754-1||LU:Acids generated from Chromium trioxide and their oligomers||||	RR-64754-1
200-028-5||50-32-8||||||	50-32-8
200-028-5||50-32-8||||AS:Benzo[def]chrysene||AS:As Benzo[def]chrysene [50-32-8]	819804-28-9
200-268-0||56-35-9||||||	56-35-9
200-268-0||56-35-9||||AS:Bis(tributyltin) oxide||AS:As Bis(tributyltin) oxide [56-35-9]	1353053-96-9
200-280-6||56-55-3||||||	56-55-3
200-453-6||60-09-3||||||	60-09-3
200-453-6||60-09-3||||AS:4-Aminoazobenzene||AS:As 4-Aminoazobenzene [60-09-3]	81691-68-1
200-589-6||64-67-5||||||	64-67-5
200-589-6||64-67-5||||AS:Diethyl sulphate||AS:As Diethyl sulphate [64-67-5]	182115-04-4
200-589-6||64-67-5||||AS:Diethyl sulphate||AS:As Diethyl sulphate [64-67-5]	98503-29-8
200-589-6||64-67-5||||AS:Diethyl sulphate||AS:As Diethyl sulphate [64-67-5]	UN1594
200-679-5||68-12-2||||||	68-12-2
200-679-5||68-12-2||||AS:N,N-Dimethylformamide||AS:As N,N-Dimethylformamide [68-12-2]	114057-15-7
200-679-5||68-12-2||||AS:N,N-Dimethylformamide||AS:As N,N-Dimethylformamide [68-12-2]	15175-63-0
200-679-5||68-12-2||||AS:N,N-Dimethylformamide||AS:As N,N-Dimethylformamide [68-12-2]	15175-77-6
200-679-5||68-12-2||||AS:N,N-Dimethylformamide||AS:As N,N-Dimethylformamide [68-12-2]	33513-42-7
200-755-8||71-48-7||||||	71-48-7
200-755-8||71-48-7||||AS:Cobalt(II) diacetate||AS:As Cobalt(II) diacetate [71-48-7]	256431-41-1
200-755-8||71-48-7||||AS:Cobalt(II) diacetate||AS:As Cobalt(II) diacetate [71-48-7]	33327-32-1
200-755-8||71-48-7||||AS:Cobalt(II) diacetate||AS:As Cobalt(II) diacetate [71-48-7]	6147-53-1
200-755-8||71-48-7||||AS:Cobalt(II) diacetate||AS:As Cobalt(II) diacetate [71-48-7]	68279-06-1
200-755-8||71-48-7||||AS:Cobalt(II) diacetate||AS:As Cobalt(II) diacetate [71-48-7]	73005-84-2
200-842-0||75-12-7||||||	75-12-7
200-842-0||75-12-7||||AS:Formamide||AS:As Formamide [75-12-7]	1156543-55-3
200-842-0||75-12-7||||AS:Formamide||AS:As Formamide [75-12-7]	1158234-15-1
200-842-0||75-12-7||||AS:Formamide||AS:As Formamide [75-12-7]	23296-41-5
200-879-2||75-56-9||||||	75-56-9
200-879-2||75-56-9||||AS:Methyloxirane||AS:As Methyloxirane [75-56-9]	16033-71-9
200-879-2||75-56-9||||AS:Methyloxirane||AS:As Methyloxirane [75-56-9]	UN1280
201-004-7||77-09-8||||||	77-09-8
201-004-7||77-09-8||||AS:Phenolphthalein||AS:As Phenolphthalein [77-09-8]	390417-24-0
201-004-7||77-09-8||||AS:Phenolphthalein||AS:As Phenolphthalein [77-09-8]	467-29-8
201-004-7||77-09-8||||AS:Phenolphthalein||AS:As Phenolphthalein [77-09-8]	546094-13-7
201-004-7||77-09-8||||AS:Phenolphthalein||AS:As Phenolphthalein [77-09-8]	57214-20-7
201-025-1||77-40-7||||||	77-40-7
201-058-1||77-78-1||||||	77-78-1
201-058-1||77-78-1||||AS:Dimethyl sulphate||AS:As Dimethyl sulphate [77-78-1]	139443-72-4
201-058-1||77-78-1||||AS:Dimethyl sulphate||AS:As Dimethyl sulphate [77-78-1]	15199-43-6
201-058-1||77-78-1||||AS:Dimethyl sulphate||AS:As Dimethyl sulphate [77-78-1]	62086-97-9
201-058-1||77-78-1||||AS:Dimethyl sulphate||AS:As Dimethyl sulphate [77-78-1]	98478-67-2
201-058-1||77-78-1||||AS:Dimethyl sulphate||AS:As Dimethyl sulphate [77-78-1]	UN1595
201-075-4||78-00-2||||||	78-00-2
201-167-4||79-01-6||||||	79-01-6
201-167-4||79-01-6||||AS:Trichloroethylene||AS:As Trichloroethylene [79-01-6]	52037-46-4
201-167-4||79-01-6||||AS:Trichloroethylene||AS:As Trichloroethylene [79-01-6]	UN1710
201-173-7||79-06-1||||||	79-06-1
201-173-7||79-06-1||||AS:Acrylamide||AS:As Acrylamide [79-06-1]	1198293-68-3
201-173-7||79-06-1||||AS:Acrylamide||AS:As Acrylamide [79-06-1]	122775-19-3
201-173-7||79-06-1||||AS:Acrylamide||AS:As Acrylamide [79-06-1]	UN2074
201-182-6||79-16-3||||||	79-16-3
201-182-6||79-16-3||||AS:N-Methylacetamide||AS:As N-Methylacetamide [79-16-3]	1320-47-4
201-236-9||79-94-7||||||	79-94-7
201-236-9||79-94-7||||AS:2,2',6,6'-Tetrabromo-4,4'-isopropylidenediphenol||AS:As 2,2',6,6'-Tetrabromo-4,4'-isopropylidenediphenol [79-94-7]	107719-55-1
201-236-9||79-94-7||||AS:2,2',6,6'-Tetrabromo-4,4'-isopropylidenediphenol||AS:As 2,2',6,6'-Tetrabromo-4,4'-isopropylidenediphenol [79-94-7]	108608-60-2
201-236-9||79-94-7||||AS:2,2',6,6'-Tetrabromo-4,4'-isopropylidenediphenol||AS:As 2,2',6,6'-Tetrabromo-4,4'-isopropylidenediphenol [79-94-7]	110670-65-0
201-236-9||79-94-7||||AS:2,2',6,6'-Tetrabromo-4,4'-isopropylidenediphenol||AS:As 2,2',6,6'-Tetrabromo-4,4'-isopropylidenediphenol [79-94-7]	124779-54-0
201-236-9||79-94-7||||AS:2,2',6,6'-Tetrabromo-4,4'-isopropylidenediphenol||AS:As 2,2',6,6'-Tetrabromo-4,4'-isopropylidenediphenol [79-94-7]	131891-38-8
201-236-9||79-94-7||||AS:2,2',6,6'-Tetrabromo-4,4'-isopropylidenediphenol||AS:As 2,2',6,6'-Tetrabromo-4,4'-isopropylidenediphenol [79-94-7]	186673-39-2
201-236-9||79-94-7||||AS:2,2',6,6'-Tetrabromo-4,4'-isopropylidenediphenol||AS:As 2,2',6,6'-Tetrabromo-4,4'-isopropylidenediphenol [79-94-7]	224951-26-2
201-236-9||79-94-7||||AS:2,2',6,6'-Tetrabromo-4,4'-isopropylidenediphenol||AS:As 2,2',6,6'-Tetrabromo-4,4'-isopropylidenediphenol [79-94-7]	30496-13-0
201-236-9||79-94-7||||AS:2,2',6,6'-Tetrabromo-4,4'-isopropylidenediphenol||AS:As 2,2',6,6'-Tetrabromo-4,4'-isopropylidenediphenol [79-94-7]	51253-31-7
201-236-9||79-94-7||||AS:2,2',6,6'-Tetrabromo-4,4'-isopropylidenediphenol||AS:As 2,2',6,6'-Tetrabromo-4,4'-isopropylidenediphenol [79-94-7]	7300-23-4
201-236-9||79-94-7||||AS:2,2',6,6'-Tetrabromo-4,4'-isopropylidenediphenol||AS:As 2,2',6,6'-Tetrabromo-4,4'-isopropylidenediphenol [79-94-7]	76341-26-9
201-245-8||80-05-7||||||	80-05-7
201-245-8||80-05-7||||AS:Bisphenol A||AS:As Bisphenol A [80-05-7]	137885-53-1
201-245-8||80-05-7||||AS:Bisphenol A||AS:As Bisphenol A [80-05-7]	1429425-26-2
201-245-8||80-05-7||||AS:Bisphenol A||AS:As Bisphenol A [80-05-7]	146479-75-6
201-245-8||80-05-7||||AS:Bisphenol A||AS:As Bisphenol A [80-05-7]	27360-89-0
201-245-8||80-05-7||||AS:Bisphenol A||AS:As Bisphenol A [80-05-7]	28106-82-3
201-245-8||80-05-7||||AS:Bisphenol A||AS:As Bisphenol A [80-05-7]	37808-08-5
201-247-9||80-07-9||||||	80-07-9
201-247-9||80-07-9||||AS:Bis(4-chlorophenyl) sulphone||AS:As Bis(4-chlorophenyl) sulphone [80-07-9]	85228-26-8
201-250-5||80-09-1||||||	80-09-1
201-250-5||80-09-1||||AS:4,4'-Sulphonyldiphenol||AS:As 4,4'-Sulphonyldiphenol [80-09-1]	280144-23-2
201-250-5||80-09-1||||AS:4,4'-Sulphonyldiphenol||AS:As 4,4'-Sulphonyldiphenol [80-09-1]	98388-00-2
201-279-3||80-43-3||||||	80-43-3
201-279-3||80-43-3||||AS:Bis(.alpha.,.alpha.-dimethylbenzyl) peroxide||AS:As Bis(.alpha.,.alpha.-dimethylbenzyl) peroxide [80-43-3]	188070-59-9
201-279-3||80-43-3||||AS:Bis(.alpha.,.alpha.-dimethylbenzyl) peroxide||AS:As Bis(.alpha.,.alpha.-dimethylbenzyl) peroxide [80-43-3]	209969-79-9
201-279-3||80-43-3||||AS:Bis(.alpha.,.alpha.-dimethylbenzyl) peroxide||AS:As Bis(.alpha.,.alpha.-dimethylbenzyl) peroxide [80-43-3]	246180-99-4
201-279-3||80-43-3||||AS:Bis(.alpha.,.alpha.-dimethylbenzyl) peroxide||AS:As Bis(.alpha.,.alpha.-dimethylbenzyl) peroxide [80-43-3]	478016-94-3
201-279-3||80-43-3||||AS:Bis(.alpha.,.alpha.-dimethylbenzyl) peroxide||AS:As Bis(.alpha.,.alpha.-dimethylbenzyl) peroxide [80-43-3]	82322-57-4
201-279-3||80-43-3||||AS:Bis(.alpha.,.alpha.-dimethylbenzyl) peroxide||AS:As Bis(.alpha.,.alpha.-dimethylbenzyl) peroxide [80-43-3]	88161-12-0
201-279-3||80-43-3||||AS:Bis(.alpha.,.alpha.-dimethylbenzyl) peroxide||AS:As Bis(.alpha.,.alpha.-dimethylbenzyl) peroxide [80-43-3]	945614-06-2
201-280-9||80-46-6||||||	80-46-6
201-289-8||80-54-6||LU:2-(4-tert-Butylbenzyl)propionaldehyde and its individual stereoisomers||||	80-54-6
201-289-8||80-54-6||LU:2-(4-tert-Butylbenzyl)propionaldehyde and its individual stereoisomers||AS:2-(4-tert-Butylbenzyl)propionaldehyde||AS:As 2-(4-tert-Butylbenzyl)propionaldehyde [80-54-6]	39390-70-0
201-289-8||80-54-6||LU:2-(4-tert-Butylbenzyl)propionaldehyde and its individual stereoisomers||AS:2-(4-tert-Butylbenzyl)propionaldehyde||AS:As 2-(4-tert-Butylbenzyl)propionaldehyde [80-54-6]	75166-25-5
201-329-4||81-15-2||||||	81-15-2
201-329-4||81-15-2||||AS:5-tert-Butyl-2,4,6-trinitro-m-xylene||AS:As 5-tert-Butyl-2,4,6-trinitro-m-xylene [81-15-2]	UN2956
201-545-9||84-61-7||||||	84-61-7
201-545-9||84-61-7||||AS:Dicyclohexyl phthalate||AS:As Dicyclohexyl phthalate [84-61-7]	169741-16-6
201-545-9||84-61-7||||AS:Dicyclohexyl phthalate||AS:As Dicyclohexyl phthalate [84-61-7]	55819-02-8
201-553-2||84-69-5||||||	84-69-5
201-557-4||84-74-2||||||	84-74-2
201-557-4||84-74-2||||AS:Dibutyl phthalate||AS:As Dibutyl phthalate [84-74-2]	93952-11-5
201-559-5||84-75-3||||||	84-75-3
201-581-5||85-01-8||||||	85-01-8
201-604-9||85-42-7||||||AS:the individual cis- and trans- isomer substances and all possible combinations of the cis- and trans-isomers are covered by this entry	85-42-7
201-622-7||85-68-7||||||	85-68-7
201-622-7||85-68-7||||AS:Benzyl butyl phthalate||AS:As Benzyl butyl phthalate [85-68-7]	93951-88-3
201-861-7||88-85-7||||||	88-85-7
201-861-7||88-85-7||||AS:6-sec-Butyl-2,4-dinitrophenol||AS:As 6-sec-Butyl-2,4-dinitrophenol [88-85-7]	152212-20-9
201-861-7||88-85-7||||AS:6-sec-Butyl-2,4-dinitrophenol||AS:As 6-sec-Butyl-2,4-dinitrophenol [88-85-7]	39403-80-0
201-963-1||90-04-0||||||	90-04-0
202-027-5||90-94-8||||||	90-94-8
202-177-1||92-67-1||||||	92-67-1
202-318-7||94-26-8||||||	94-26-8
202-318-7||94-26-8||||AS:Butyl 4-hydroxybenzoate||AS:As Butyl 4-hydroxybenzoate [94-26-8]	1350551-41-5
202-318-7||94-26-8||||AS:Butyl 4-hydroxybenzoate||AS:As Butyl 4-hydroxybenzoate [94-26-8]	8068-49-3
202-429-0||95-53-4||||||	95-53-4
202-453-1||95-80-7||||||	95-80-7
202-453-1||95-80-7||||AS:Toluene-2,4-diamine||AS:As Toluene-2,4-diamine [95-80-7]	12236-56-5
202-453-1||95-80-7||||AS:Toluene-2,4-diamine||AS:As Toluene-2,4-diamine [95-80-7]	85898-88-0
202-453-1||95-80-7||||AS:Toluene-2,4-diamine||AS:As Toluene-2,4-diamine [95-80-7]	UN1709
202-480-9||96-13-9||||||	96-13-9
202-480-9||96-13-9||||AS:2,3-Dibromo-1-propanol||AS:As 2,3-Dibromo-1-propanol [96-13-9]	116499-75-3
202-480-9||96-13-9||||AS:2,3-Dibromo-1-propanol||AS:As 2,3-Dibromo-1-propanol [96-13-9]	204570-16-1
202-486-1||96-18-4||||||	96-18-4
202-506-9||96-45-7||||||	96-45-7
202-506-9||96-45-7||||AS:Imidazolidine-2-thione||AS:As Imidazolidine-2-thione [96-45-7]	12261-94-8
202-506-9||96-45-7||||AS:Imidazolidine-2-thione||AS:As Imidazolidine-2-thione [96-45-7]	26856-29-1
202-506-9||96-45-7||||AS:Imidazolidine-2-thione||AS:As Imidazolidine-2-thione [96-45-7]	71836-04-9
202-506-9||96-45-7||||AS:Imidazolidine-2-thione||AS:As Imidazolidine-2-thione [96-45-7]	875479-38-2
202-506-9||96-45-7||||AS:Imidazolidine-2-thione||AS:As Imidazolidine-2-thione [96-45-7]	90613-75-5
202-506-9||96-45-7||||AS:Imidazolidine-2-thione||AS:As Imidazolidine-2-thione [96-45-7]	96-46-8
202-591-2||97-56-3||||||	97-56-3
202-591-2||97-56-3||||AS:o-Aminoazotoluene||AS:As o-Aminoazotoluene [97-56-3]	28676-13-3
202-679-0||98-54-4||||||	98-54-4
202-679-0||98-54-4||||AS:4-tert-Butylphenol||AS:As 4-tert-Butylphenol [98-54-4]	1334243-56-9
202-716-0||98-95-3||||||	98-95-3
202-716-0||98-95-3||||AS:Nitrobenzene||AS:As Nitrobenzene [98-95-3]	4165-60-0
202-716-0||98-95-3||||AS:Nitrobenzene||AS:As Nitrobenzene [98-95-3]	UN1662
202-918-9||101-14-4||||||	101-14-4
202-918-9||101-14-4||||AS:2,2'-Dichloro-4,4'-methylenedianiline||AS:As 2,2'-Dichloro-4,4'-methylenedianiline [101-14-4]	126699-69-2
202-918-9||101-14-4||||AS:2,2'-Dichloro-4,4'-methylenedianiline||AS:As 2,2'-Dichloro-4,4'-methylenedianiline [101-14-4]	142661-36-7
202-918-9||101-14-4||||AS:2,2'-Dichloro-4,4'-methylenedianiline||AS:As 2,2'-Dichloro-4,4'-methylenedianiline [101-14-4]	29371-14-0
202-918-9||101-14-4||||AS:2,2'-Dichloro-4,4'-methylenedianiline||AS:As 2,2'-Dichloro-4,4'-methylenedianiline [101-14-4]	51065-07-7
202-918-9||101-14-4||||AS:2,2'-Dichloro-4,4'-methylenedianiline||AS:As 2,2'-Dichloro-4,4'-methylenedianiline [101-14-4]	78642-65-6
202-918-9||101-14-4||||AS:2,2'-Dichloro-4,4'-methylenedianiline||AS:As 2,2'-Dichloro-4,4'-methylenedianiline [101-14-4]	913092-91-8
202-959-2||101-61-1||||||	101-61-1
202-959-2||101-61-1||||AS:N,N,N',N'-Tetramethyl-4,4'-methylenedianiline||AS:As N,N,N',N'-Tetramethyl-4,4'-methylenedianiline [101-61-1]	30135-64-9
202-974-4||101-77-9||||||	101-77-9
202-974-4||101-77-9||||AS:4,4'-Diaminodiphenylmethane||AS:As 4,4'-Diaminodiphenylmethane [101-77-9]	120859-32-7
202-974-4||101-77-9||||AS:4,4'-Diaminodiphenylmethane||AS:As 4,4'-Diaminodiphenylmethane [101-77-9]	136601-30-4
202-974-4||101-77-9||||AS:4,4'-Diaminodiphenylmethane||AS:As 4,4'-Diaminodiphenylmethane [101-77-9]	148263-71-2
202-974-4||101-77-9||||AS:4,4'-Diaminodiphenylmethane||AS:As 4,4'-Diaminodiphenylmethane [101-77-9]	28602-61-1
202-974-4||101-77-9||||AS:4,4'-Diaminodiphenylmethane||AS:As 4,4'-Diaminodiphenylmethane [101-77-9]	83712-44-1
202-974-4||101-77-9||||AS:4,4'-Diaminodiphenylmethane||AS:As 4,4'-Diaminodiphenylmethane [101-77-9]	UN2651
202-977-0||101-80-4||||||	101-80-4
202-977-0||101-80-4||||AS:4,4'-Oxydianiline||AS:As 4,4'-Oxydianiline [101-80-4]	121509-79-3
202-977-0||101-80-4||||AS:4,4'-Oxydianiline||AS:As 4,4'-Oxydianiline [101-80-4]	928208-61-1
203-199-4||104-40-5||||||AS:substances with a linear and/or branched alkyl chain with a carbon number of 9 covalently bound in position 4 to phenol, covering also UVCB- and well-defined substances which include any of the individual isomers or a combination thereof	104-40-5
203-199-4||104-40-5||||AS:4-Nonylphenol||AS:substances with a linear and/or branched alkyl chain with a carbon number of 9 covalently bound in position 4 to phenol, covering also UVCB- and well-defined substances which include any of the individual isomers or a combination thereof	29832-11-9
203-445-0||106-94-5||||||	106-94-5
203-458-1||107-06-2||||||	107-06-2
203-458-1||107-06-2||||AS:1,2-Dichloroethane||AS:As 1,2-Dichloroethane [107-06-2]	52399-93-6
203-458-1||107-06-2||||AS:1,2-Dichloroethane||AS:As 1,2-Dichloroethane [107-06-2]	UN1184
203-468-6||107-15-3||||||	107-15-3
203-468-6||107-15-3||||AS:Ethylenediamine||AS:As Ethylenediamine [107-15-3]	6780-13-8
203-468-6||107-15-3||||AS:Ethylenediamine||AS:As Ethylenediamine [107-15-3]	8030-24-8
203-468-6||107-15-3||||AS:Ethylenediamine||AS:As Ethylenediamine [107-15-3]	85404-18-8
203-468-6||107-15-3||||AS:Ethylenediamine||AS:As Ethylenediamine [107-15-3]	UN1604
203-497-4||107-51-7||||||	107-51-7
203-497-4||107-51-7||||AS:Octamethyltrisiloxane||AS:As Octamethyltrisiloxane [107-51-7]	1463470-58-7
203-615-4||108-78-1||||||	108-78-1
203-615-4||108-78-1||||AS:Melamine||AS:As Melamine [108-78-1]	1228929-27-8
203-615-4||108-78-1||||AS:Melamine||AS:As Melamine [108-78-1]	130392-03-9
203-615-4||108-78-1||||AS:Melamine||AS:As Melamine [108-78-1]	1399841-69-0
203-615-4||108-78-1||||AS:Melamine||AS:As Melamine [108-78-1]	1399841-71-4
203-615-4||108-78-1||||AS:Melamine||AS:As Melamine [108-78-1]	1399841-73-6
203-615-4||108-78-1||||AS:Melamine||AS:As Melamine [108-78-1]	169314-62-9
203-615-4||108-78-1||||AS:Melamine||AS:As Melamine [108-78-1]	504-18-7
203-615-4||108-78-1||||AS:Melamine||AS:As Melamine [108-78-1]	65544-34-5
203-615-4||108-78-1||||AS:Melamine||AS:As Melamine [108-78-1]	67757-43-1
203-615-4||108-78-1||||AS:Melamine||AS:As Melamine [108-78-1]	68379-55-5
203-615-4||108-78-1||||AS:Melamine||AS:As Melamine [108-78-1]	70371-19-6
203-615-4||108-78-1||||AS:Melamine||AS:As Melamine [108-78-1]	94977-27-2
203-713-7||109-86-4||||||	109-86-4
203-713-7||109-86-4||||AS:2-Methoxyethanol||AS:As 2-Methoxyethanol [109-86-4]	UN1188
203-727-3||110-00-9||||||	110-00-9
203-727-3||110-00-9||||AS:Furan||AS:As Furan [110-00-9]	UN2389
203-772-9||110-49-6||||||	110-49-6
203-772-9||110-49-6||||AS:2-Methoxyethyl acetate||AS:As 2-Methoxyethyl acetate [110-49-6]	UN1189
203-777-6||110-54-3||||||	110-54-3
203-777-6||110-54-3||||AS:n-Hexane||AS:As n-Hexane [110-54-3]	8031-34-3
203-794-9||110-71-4||||||	110-71-4
203-794-9||110-71-4||||AS:1,2-Dimethoxyethane||AS:As 1,2-Dimethoxyethane [110-71-4]	173201-80-4
203-794-9||110-71-4||||AS:1,2-Dimethoxyethane||AS:As 1,2-Dimethoxyethane [110-71-4]	UN2252
203-804-1||110-80-5||||||	110-80-5
203-804-1||110-80-5||||AS:2-Ethoxyethanol||AS:As 2-Ethoxyethanol [110-80-5]	96231-36-6
203-804-1||110-80-5||||AS:2-Ethoxyethanol||AS:As 2-Ethoxyethanol [110-80-5]	UN1171
203-839-2||111-15-9||||||	111-15-9
203-839-2||111-15-9||||AS:2-Ethoxyethyl acetate||AS:As 2-Ethoxyethyl acetate [111-15-9]	UN1172
203-856-5||111-30-8||||||	111-30-8
203-856-5||111-30-8||||AS:Glutaral||AS:As Glutaral [111-30-8]	107950-89-0
203-856-5||111-30-8||||AS:Glutaral||AS:As Glutaral [111-30-8]	1428979-54-7
203-856-5||111-30-8||||AS:Glutaral||AS:As Glutaral [111-30-8]	1497435-71-8
203-856-5||111-30-8||||AS:Glutaral||AS:As Glutaral [111-30-8]	37245-61-7
203-856-5||111-30-8||||AS:Glutaral||AS:As Glutaral [111-30-8]	79215-57-9
203-924-4||111-96-6||||||	111-96-6
203-924-4||111-96-6||||AS:Bis(2-methoxyethyl) ether||AS:As Bis(2-methoxyethyl) ether [111-96-6]	142939-39-7
203-924-4||111-96-6||||AS:Bis(2-methoxyethyl) ether||AS:As Bis(2-methoxyethyl) ether [111-96-6]	54631-70-8
203-924-4||111-96-6||||AS:Bis(2-methoxyethyl) ether||AS:As Bis(2-methoxyethyl) ether [111-96-6]	70992-86-8
203-977-3||112-49-2||||||	112-49-2
203-977-3||112-49-2||||AS:1,2-Bis(2-methoxyethoxy)ethane||AS:As 1,2-Bis(2-methoxyethoxy)ethane [112-49-2]	70992-85-7
204-112-2||115-86-6||||||	115-86-6
204-112-2||115-86-6||||AS:Triphenyl phosphate||AS:As Triphenyl phosphate [115-86-6]	402955-02-6
204-118-5||115-96-8||||||	115-96-8
204-118-5||115-96-8||||AS:Tris(2-chloroethyl) phosphate||AS:As Tris(2-chloroethyl) phosphate [115-96-8]	21343-84-0
204-211-0||117-81-7||||||	117-81-7
204-211-0||117-81-7||||AS:Bis(2-ethylhexyl) phthalate||AS:As Bis(2-ethylhexyl) phthalate [117-81-7]	109630-52-6
204-211-0||117-81-7||||AS:Bis(2-ethylhexyl) phthalate||AS:As Bis(2-ethylhexyl) phthalate [117-81-7]	126639-29-0
204-211-0||117-81-7||||AS:Bis(2-ethylhexyl) phthalate||AS:As Bis(2-ethylhexyl) phthalate [117-81-7]	137718-37-7
204-211-0||117-81-7||||AS:Bis(2-ethylhexyl) phthalate||AS:As Bis(2-ethylhexyl) phthalate [117-81-7]	205180-59-2
204-211-0||117-81-7||||AS:Bis(2-ethylhexyl) phthalate||AS:As Bis(2-ethylhexyl) phthalate [117-81-7]	275818-89-8
204-211-0||117-81-7||||AS:Bis(2-ethylhexyl) phthalate||AS:As Bis(2-ethylhexyl) phthalate [117-81-7]	40120-69-2
204-211-0||117-81-7||||AS:Bis(2-ethylhexyl) phthalate||AS:As Bis(2-ethylhexyl) phthalate [117-81-7]	50885-87-5
204-211-0||117-81-7||||AS:Bis(2-ethylhexyl) phthalate||AS:As Bis(2-ethylhexyl) phthalate [117-81-7]	607374-50-5
204-211-0||117-81-7||||AS:Bis(2-ethylhexyl) phthalate||AS:As Bis(2-ethylhexyl) phthalate [117-81-7]	8033-53-2
204-211-0||117-81-7||||AS:Bis(2-ethylhexyl) phthalate||AS:As Bis(2-ethylhexyl) phthalate [117-81-7]	82208-43-3
204-211-0||117-81-7||||AS:Bis(2-ethylhexyl) phthalate||AS:As Bis(2-ethylhexyl) phthalate [117-81-7]	93951-87-2
204-212-6||117-82-8||||||	117-82-8
204-327-1||119-47-1||||||	119-47-1
204-327-1||119-47-1||||AS:6,6'-Di-tert-butyl-2,2'-methylenedi-p-cresol||AS:As 6,6'-Di-tert-butyl-2,2'-methylenedi-p-cresol [119-47-1]	107397-49-9
204-327-1||119-47-1||||AS:6,6'-Di-tert-butyl-2,2'-methylenedi-p-cresol||AS:As 6,6'-Di-tert-butyl-2,2'-methylenedi-p-cresol [119-47-1]	110736-51-1
204-327-1||119-47-1||||AS:6,6'-Di-tert-butyl-2,2'-methylenedi-p-cresol||AS:As 6,6'-Di-tert-butyl-2,2'-methylenedi-p-cresol [119-47-1]	111214-56-3
204-327-1||119-47-1||||AS:6,6'-Di-tert-butyl-2,2'-methylenedi-p-cresol||AS:As 6,6'-Di-tert-butyl-2,2'-methylenedi-p-cresol [119-47-1]	12737-12-1
204-327-1||119-47-1||||AS:6,6'-Di-tert-butyl-2,2'-methylenedi-p-cresol||AS:As 6,6'-Di-tert-butyl-2,2'-methylenedi-p-cresol [119-47-1]	129514-93-8
204-327-1||119-47-1||||AS:6,6'-Di-tert-butyl-2,2'-methylenedi-p-cresol||AS:As 6,6'-Di-tert-butyl-2,2'-methylenedi-p-cresol [119-47-1]	149984-87-2
204-327-1||119-47-1||||AS:6,6'-Di-tert-butyl-2,2'-methylenedi-p-cresol||AS:As 6,6'-Di-tert-butyl-2,2'-methylenedi-p-cresol [119-47-1]	37268-48-7
204-327-1||119-47-1||||AS:6,6'-Di-tert-butyl-2,2'-methylenedi-p-cresol||AS:As 6,6'-Di-tert-butyl-2,2'-methylenedi-p-cresol [119-47-1]	52683-48-4
204-327-1||119-47-1||||AS:6,6'-Di-tert-butyl-2,2'-methylenedi-p-cresol||AS:As 6,6'-Di-tert-butyl-2,2'-methylenedi-p-cresol [119-47-1]	537040-81-6
204-327-1||119-47-1||||AS:6,6'-Di-tert-butyl-2,2'-methylenedi-p-cresol||AS:As 6,6'-Di-tert-butyl-2,2'-methylenedi-p-cresol [119-47-1]	53807-25-3
204-327-1||119-47-1||||AS:6,6'-Di-tert-butyl-2,2'-methylenedi-p-cresol||AS:As 6,6'-Di-tert-butyl-2,2'-methylenedi-p-cresol [119-47-1]	54650-81-6
204-327-1||119-47-1||||AS:6,6'-Di-tert-butyl-2,2'-methylenedi-p-cresol||AS:As 6,6'-Di-tert-butyl-2,2'-methylenedi-p-cresol [119-47-1]	56509-58-1
204-327-1||119-47-1||||AS:6,6'-Di-tert-butyl-2,2'-methylenedi-p-cresol||AS:As 6,6'-Di-tert-butyl-2,2'-methylenedi-p-cresol [119-47-1]	59112-68-4
204-327-1||119-47-1||||AS:6,6'-Di-tert-butyl-2,2'-methylenedi-p-cresol||AS:As 6,6'-Di-tert-butyl-2,2'-methylenedi-p-cresol [119-47-1]	62339-93-9
204-327-1||119-47-1||||AS:6,6'-Di-tert-butyl-2,2'-methylenedi-p-cresol||AS:As 6,6'-Di-tert-butyl-2,2'-methylenedi-p-cresol [119-47-1]	67556-84-7
204-327-1||119-47-1||||AS:6,6'-Di-tert-butyl-2,2'-methylenedi-p-cresol||AS:As 6,6'-Di-tert-butyl-2,2'-methylenedi-p-cresol [119-47-1]	69645-40-5
204-327-1||119-47-1||||AS:6,6'-Di-tert-butyl-2,2'-methylenedi-p-cresol||AS:As 6,6'-Di-tert-butyl-2,2'-methylenedi-p-cresol [119-47-1]	90297-42-0
204-327-1||119-47-1||||AS:6,6'-Di-tert-butyl-2,2'-methylenedi-p-cresol||AS:As 6,6'-Di-tert-butyl-2,2'-methylenedi-p-cresol [119-47-1]	92880-05-2
204-371-1||120-12-7||||||	120-12-7
204-371-1||120-12-7||||AS:Anthracene||AS:As Anthracene [120-12-7]	1719-06-8
204-419-1||120-71-8||||||	120-71-8
204-450-0||121-14-2||||||	121-14-2
204-650-8||123-77-3||||||	123-77-3
204-650-8||123-77-3||||AS:1,2-Diazenedicarboxamide||AS:As 1,2-Diazenedicarboxamide [123-77-3]	1006730-14-8
204-650-8||123-77-3||||AS:1,2-Diazenedicarboxamide||AS:As 1,2-Diazenedicarboxamide [123-77-3]	131715-26-9
204-650-8||123-77-3||||AS:1,2-Diazenedicarboxamide||AS:As 1,2-Diazenedicarboxamide [123-77-3]	183256-78-2
204-650-8||123-77-3||||AS:1,2-Diazenedicarboxamide||AS:As 1,2-Diazenedicarboxamide [123-77-3]	218433-14-8
204-650-8||123-77-3||||AS:1,2-Diazenedicarboxamide||AS:As 1,2-Diazenedicarboxamide [123-77-3]	221272-72-6
204-650-8||123-77-3||||AS:1,2-Diazenedicarboxamide||AS:As 1,2-Diazenedicarboxamide [123-77-3]	52737-71-0
204-650-8||123-77-3||||AS:1,2-Diazenedicarboxamide||AS:As 1,2-Diazenedicarboxamide [123-77-3]	62494-61-5
204-650-8||123-77-3||||AS:1,2-Diazenedicarboxamide||AS:As 1,2-Diazenedicarboxamide [123-77-3]	62494-62-6
204-650-8||123-77-3||||AS:1,2-Diazenedicarboxamide||AS:As 1,2-Diazenedicarboxamide [123-77-3]	62494-85-3
204-650-8||123-77-3||||AS:1,2-Diazenedicarboxamide||AS:As 1,2-Diazenedicarboxamide [123-77-3]	65098-86-4
204-650-8||123-77-3||||AS:1,2-Diazenedicarboxamide||AS:As 1,2-Diazenedicarboxamide [123-77-3]	65098-87-5
204-650-8||123-77-3||||AS:1,2-Diazenedicarboxamide||AS:As 1,2-Diazenedicarboxamide [123-77-3]	72514-45-5
204-650-8||123-77-3||||AS:1,2-Diazenedicarboxamide||AS:As 1,2-Diazenedicarboxamide [123-77-3]	73247-42-4
204-650-8||123-77-3||||AS:1,2-Diazenedicarboxamide||AS:As 1,2-Diazenedicarboxamide [123-77-3]	73905-77-8
204-650-8||123-77-3||||AS:1,2-Diazenedicarboxamide||AS:As 1,2-Diazenedicarboxamide [123-77-3]	81774-20-1
204-650-8||123-77-3||||AS:1,2-Diazenedicarboxamide||AS:As 1,2-Diazenedicarboxamide [123-77-3]	882507-89-3
204-650-8||123-77-3||||AS:1,2-Diazenedicarboxamide||AS:As 1,2-Diazenedicarboxamide [123-77-3]	882523-85-5
204-650-8||123-77-3||||AS:1,2-Diazenedicarboxamide||AS:As 1,2-Diazenedicarboxamide [123-77-3]	89073-35-8
204-650-8||123-77-3||||AS:1,2-Diazenedicarboxamide||AS:As 1,2-Diazenedicarboxamide [123-77-3]	97707-96-5
204-650-8||123-77-3||||AS:1,2-Diazenedicarboxamide||AS:As 1,2-Diazenedicarboxamide [123-77-3]	UN3242
204-661-8||123-91-1||||||	123-91-1
204-661-8||123-91-1||||AS:1,4-Dioxane||AS:As 1,4-Dioxane [123-91-1]	17647-74-4
204-661-8||123-91-1||||AS:1,4-Dioxane||AS:As 1,4-Dioxane [123-91-1]	28347-88-8
204-661-8||123-91-1||||AS:1,4-Dioxane||AS:As 1,4-Dioxane [123-91-1]	28347-91-3
204-661-8||123-91-1||||AS:1,4-Dioxane||AS:As 1,4-Dioxane [123-91-1]	39449-24-6
204-661-8||123-91-1||||AS:1,4-Dioxane||AS:As 1,4-Dioxane [123-91-1]	54841-74-6
204-661-8||123-91-1||||AS:1,4-Dioxane||AS:As 1,4-Dioxane [123-91-1]	UN1165
204-826-4||127-19-5||||||	127-19-5
204-927-3||129-00-0||||||	129-00-0
204-927-3||129-00-0||||AS:Pyrene||AS:As Pyrene [129-00-0]	76165-23-6
205-017-9||131-18-0||||||	131-18-0
205-426-2||140-66-9||||||	140-66-9
205-426-2||140-66-9||||AS:4-(1,1,3,3-Tetramethylbutyl)phenol||AS:As 4-(1,1,3,3-Tetramethylbutyl)phenol [140-66-9]	1173021-20-9
205-426-2||140-66-9||||AS:4-(1,1,3,3-Tetramethylbutyl)phenol||AS:As 4-(1,1,3,3-Tetramethylbutyl)phenol [140-66-9]	124765-79-3
205-426-2||140-66-9||||AS:4-(1,1,3,3-Tetramethylbutyl)phenol||AS:As 4-(1,1,3,3-Tetramethylbutyl)phenol [140-66-9]	37769-53-2
205-426-2||140-66-9||||AS:4-(1,1,3,3-Tetramethylbutyl)phenol||AS:As 4-(1,1,3,3-Tetramethylbutyl)phenol [140-66-9]	85771-77-3
205-491-7||141-62-8||||||	141-62-8
205-594-7||143-24-8||||||	143-24-8
205-594-7||143-24-8||||AS:Bis(2-(2-methoxyethoxy)ethyl) ether||AS:As Bis(2-(2-methoxyethoxy)ethyl) ether [143-24-8]	70992-84-6
205-883-8||191-24-2||||||	191-24-2
205-912-4||206-44-0||||||	206-44-0
205-912-4||206-44-0||||AS:Fluoranthene||AS:As Fluoranthene [206-44-0]	93951-69-0
205-916-6||207-08-9||||||	207-08-9
205-916-6||207-08-9||||AS:Benzo[k]fluoranthene||AS:As Benzo[k]fluoranthene [207-08-9]	68756-79-6
205-923-4||218-01-9||||||	218-01-9
205-923-4||218-01-9||||AS:Chrysene||AS:As Chrysene [218-01-9]	27274-05-1
206-104-4||301-04-2||||||	301-04-2
206-104-4||301-04-2||||AS:Lead di(acetate)||AS:As Lead di(acetate) [301-04-2]	6080-56-4
206-104-4||301-04-2||||AS:Lead di(acetate)||AS:As Lead di(acetate) [301-04-2]	UN1616
206-114-9||302-01-2||||||	302-01-2
206-114-9||302-01-2||||AS:Hydrazine||AS:As Hydrazine [302-01-2]	10217-52-4
206-114-9||302-01-2||||AS:Hydrazine||AS:As Hydrazine [302-01-2]	119775-10-9
206-114-9||302-01-2||||AS:Hydrazine||AS:As Hydrazine [302-01-2]	31886-26-7
206-114-9||302-01-2||||AS:Hydrazine||AS:As Hydrazine [302-01-2]	75013-58-0
206-114-9||302-01-2||||AS:Hydrazine||AS:As Hydrazine [302-01-2]	78206-91-4
206-114-9||302-01-2||||AS:Hydrazine||AS:As Hydrazine [302-01-2]	UN2029
206-203-2||307-55-1||||||	307-55-1
206-397-9||335-67-1||||||	335-67-1
206-397-9||335-67-1||||AS:Pentadecafluorooctanoic acid||AS:As Pentadecafluorooctanoic acid [335-67-1]	65618-66-8
206-397-9||335-67-1||||AS:Pentadecafluorooctanoic acid||AS:As Pentadecafluorooctanoic acid [335-67-1]	71244-15-0
206-400-3||335-76-2||LU:Nonadecafluorodecanoic acid (PFDA) and its sodium and ammonium salts||||	335-76-2
206-420-2||338-83-0||||||	338-83-0
206-420-2||338-83-0||||AS:Perfluamine||AS:As Perfluamine [338-83-0]	1201928-45-1
206-587-1||355-46-4||||||	355-46-4
206-793-1||375-73-5||||||	375-73-5
206-793-1||375-73-5||||AS:Perfluorobutane sulfonic acid||AS:As Perfluorobutane sulfonic acid [375-73-5]	59933-66-3
206-793-1||375-73-5||||AS:Perfluorobutane sulfonic acid||AS:As Perfluorobutane sulfonic acid [375-73-5]	749861-23-2
206-798-9||375-85-9||LU:Perfluoroheptanoic acid and its salts||||	375-85-9
206-801-3||21049-39-8||||||	21049-39-8
206-801-3||375-95-1||||||	375-95-1
206-803-4||376-06-7||||||	376-06-7
208-168-9||513-78-0||||||	513-78-0
208-169-4||513-79-1||||||	513-79-1
208-169-4||513-79-1||||AS:Cobalt(II) carbonate||AS:As Cobalt(II) carbonate [513-79-1]	137506-60-6
208-169-4||513-79-1||||AS:Cobalt(II) carbonate||AS:As Cobalt(II) carbonate [513-79-1]	189279-89-8
208-169-4||513-79-1||||AS:Cobalt(II) carbonate||AS:As Cobalt(II) carbonate [513-79-1]	57454-67-8
208-762-8||540-97-6||||||	540-97-6
208-764-9||541-02-6||||||	541-02-6
208-953-6||548-62-9||||||	548-62-9
208-953-6||548-62-9||||AS:[4-[4,4'-Bis(dimethylamino)benzhydrylidene]cyclohexa-2,5-dien-1-ylidene]dimethylammonium chloride||AS:As [4-[4,4'-Bis(dimethylamino)benzhydrylidene]cyclohexa-2,5-dien-1-ylidene]dimethylammonium chloride [548-62-9]	23355-47-7
208-953-6||548-62-9||||AS:[4-[4,4'-Bis(dimethylamino)benzhydrylidene]cyclohexa-2,5-dien-1-ylidene]dimethylammonium chloride||AS:As [4-[4,4'-Bis(dimethylamino)benzhydrylidene]cyclohexa-2,5-dien-1-ylidene]dimethylammonium chloride [548-62-9]	7077-31-8
209-008-0||552-30-7||||||	552-30-7
209-008-0||552-30-7||||AS:Benzene-1,2,4-tricarboxylic acid 1,2-anhydride||AS:As Benzene-1,2,4-tricarboxylic acid 1,2-anhydride [552-30-7]	28605-64-3
209-008-0||552-30-7||||AS:Benzene-1,2,4-tricarboxylic acid 1,2-anhydride||AS:As Benzene-1,2,4-tricarboxylic acid 1,2-anhydride [552-30-7]	68864-89-1
209-008-0||552-30-7||||AS:Benzene-1,2,4-tricarboxylic acid 1,2-anhydride||AS:As Benzene-1,2,4-tricarboxylic acid 1,2-anhydride [552-30-7]	70425-46-6
209-008-0||552-30-7||||AS:Benzene-1,2,4-tricarboxylic acid 1,2-anhydride||AS:As Benzene-1,2,4-tricarboxylic acid 1,2-anhydride [552-30-7]	928770-37-0
209-136-7||556-67-2||||||	556-67-2
209-136-7||556-67-2||||AS:Octamethylcyclotetrasiloxane||AS:As Octamethylcyclotetrasiloxane [556-67-2]	104986-37-0
209-136-7||556-67-2||||AS:Octamethylcyclotetrasiloxane||AS:As Octamethylcyclotetrasiloxane [556-67-2]	117563-66-3
209-136-7||556-67-2||||AS:Octamethylcyclotetrasiloxane||AS:As Octamethylcyclotetrasiloxane [556-67-2]	1257661-59-8
209-136-7||556-67-2||||AS:Octamethylcyclotetrasiloxane||AS:As Octamethylcyclotetrasiloxane [556-67-2]	83874-62-8
209-218-2||561-41-1||||||	561-41-1
209-358-4||573-58-0||||||	573-58-0
209-358-4||573-58-0||||AS:Disodium 3,3'-[[1,1'-biphenyl]-4,4'-diylbis(azo)]bis(4-aminonaphthalene-1-sulphonate)||AS:As Disodium 3,3'-[[1,1'-biphenyl]-4,4'-diylbis(azo)]bis(4-aminonaphthalene-1-sulphonate) [573-58-0]	1000818-40-5
209-358-4||573-58-0||||AS:Disodium 3,3'-[[1,1'-biphenyl]-4,4'-diylbis(azo)]bis(4-aminonaphthalene-1-sulphonate)||AS:As Disodium 3,3'-[[1,1'-biphenyl]-4,4'-diylbis(azo)]bis(4-aminonaphthalene-1-sulphonate) [573-58-0]	550-08-3
209-358-4||573-58-0||||AS:Disodium 3,3'-[[1,1'-biphenyl]-4,4'-diylbis(azo)]bis(4-aminonaphthalene-1-sulphonate)||AS:As Disodium 3,3'-[[1,1'-biphenyl]-4,4'-diylbis(azo)]bis(4-aminonaphthalene-1-sulphonate) [573-58-0]	70248-72-5
209-358-4||573-58-0||||AS:Disodium 3,3'-[[1,1'-biphenyl]-4,4'-diylbis(azo)]bis(4-aminonaphthalene-1-sulphonate)||AS:As Disodium 3,3'-[[1,1'-biphenyl]-4,4'-diylbis(azo)]bis(4-aminonaphthalene-1-sulphonate) [573-58-0]	87440-95-7
209-909-9||597-82-0||||||	597-82-0
209-909-9||597-82-0||||AS:O,O,O-Triphenyl phosphorothioate||AS:As O,O,O-Triphenyl phosphorothioate [597-82-0]	325726-84-9
210-088-4||605-50-5||||||	605-50-5
210-894-6||625-45-6||||||	625-45-6
211-076-1||629-14-1||||||	629-14-1
211-076-1||629-14-1||||AS:1,2-Diethoxyethane||AS:As 1,2-Diethoxyethane [629-14-1]	UN1153
211-670-0||683-18-1||||||	683-18-1
211-765-7||693-98-1||||||	693-98-1
211-765-7||693-98-1||||AS:2-Methylimidazole||AS:As 2-Methylimidazole [693-98-1]	112288-03-6
211-765-7||693-98-1||||AS:2-Methylimidazole||AS:As 2-Methylimidazole [693-98-1]	156107-73-2
211-765-7||693-98-1||||AS:2-Methylimidazole||AS:As 2-Methylimidazole [693-98-1]	79103-58-5
211-989-5||732-26-3||||||	732-26-3
212-658-8||838-88-0||||||	838-88-0
212-658-8||838-88-0||||AS:4,4'-Methylenedi-o-toluidine||AS:As 4,4'-Methylenedi-o-toluidine [838-88-0]	54649-88-6
212-828-1||872-50-4||||||	872-50-4
212-828-1||872-50-4||||AS:1-Methyl-2-pyrrolidone||AS:As 1-Methyl-2-pyrrolidone [872-50-4]	26138-58-9
212-828-1||872-50-4||||AS:1-Methyl-2-pyrrolidone||AS:As 1-Methyl-2-pyrrolidone [872-50-4]	53774-35-9
212-828-1||872-50-4||||AS:1-Methyl-2-pyrrolidone||AS:As 1-Methyl-2-pyrrolidone [872-50-4]	57762-46-6
213-103-2||924-42-5||||||	924-42-5
213-103-2||924-42-5||||AS:N-(Hydroxymethyl)acrylamide||AS:As N-(Hydroxymethyl)acrylamide [924-42-5]	160278-55-7
213-103-2||924-42-5||||AS:N-(Hydroxymethyl)acrylamide||AS:As N-(Hydroxymethyl)acrylamide [924-42-5]	176598-18-8
213-103-2||924-42-5||||AS:N-(Hydroxymethyl)acrylamide||AS:As N-(Hydroxymethyl)acrylamide [924-42-5]	194091-52-6
213-103-2||924-42-5||||AS:N-(Hydroxymethyl)acrylamide||AS:As N-(Hydroxymethyl)acrylamide [924-42-5]	211862-48-5
213-103-2||924-42-5||||AS:N-(Hydroxymethyl)acrylamide||AS:As N-(Hydroxymethyl)acrylamide [924-42-5]	211862-50-9
213-103-2||924-42-5||||AS:N-(Hydroxymethyl)acrylamide||AS:As N-(Hydroxymethyl)acrylamide [924-42-5]	90456-67-0
213-934-0||1067-53-4||||||	1067-53-4
213-934-0||1067-53-4||||AS:Tris(2-methoxyethoxy)vinylsilane||AS:As Tris(2-methoxyethoxy)vinylsilane [1067-53-4]	1108196-61-7
213-934-0||1067-53-4||||AS:Tris(2-methoxyethoxy)vinylsilane||AS:As Tris(2-methoxyethoxy)vinylsilane [1067-53-4]	1637457-78-3
213-934-0||1067-53-4||||AS:Tris(2-methoxyethoxy)vinylsilane||AS:As Tris(2-methoxyethoxy)vinylsilane [1067-53-4]	59250-02-1
213-934-0||1067-53-4||||AS:Tris(2-methoxyethoxy)vinylsilane||AS:As Tris(2-methoxyethoxy)vinylsilane [1067-53-4]	609347-89-9
213-934-0||1067-53-4||||AS:Tris(2-methoxyethoxy)vinylsilane||AS:As Tris(2-methoxyethoxy)vinylsilane [1067-53-4]	947734-83-0
214-012-0||1072-63-5||||||	1072-63-5
214-317-9||1120-71-4||||||	1120-71-4
214-604-9||1163-19-5||||||	1163-19-5
215-116-9||1303-28-2||||||	1303-28-2
215-116-9||1303-28-2||||AS:Diarsenic pentaoxide||AS:As Diarsenic pentaoxide [1303-28-2]	12044-50-7
215-116-9||1303-28-2||||AS:Diarsenic pentaoxide||AS:As Diarsenic pentaoxide [1303-28-2]	12355-85-0
215-116-9||1303-28-2||||AS:Diarsenic pentaoxide||AS:As Diarsenic pentaoxide [1303-28-2]	13843-65-7
215-116-9||1303-28-2||||AS:Diarsenic pentaoxide||AS:As Diarsenic pentaoxide [1303-28-2]	856565-65-6
215-116-9||1303-28-2||||AS:Diarsenic pentaoxide||AS:As Diarsenic pentaoxide [1303-28-2]	UN1559
215-125-8||1303-86-2||||||	1303-86-2
215-125-8||1303-86-2||||AS:Diboron trioxide||AS:As Diboron trioxide [1303-86-2]	102967-73-7
215-125-8||1303-86-2||||AS:Diboron trioxide||AS:As Diboron trioxide [1303-86-2]	12640-42-5
215-125-8||1303-86-2||||AS:Diboron trioxide||AS:As Diboron trioxide [1303-86-2]	144919-64-2
215-125-8||1303-86-2||||AS:Diboron trioxide||AS:As Diboron trioxide [1303-86-2]	163701-88-0
215-125-8||1303-86-2||||AS:Diboron trioxide||AS:As Diboron trioxide [1303-86-2]	56116-04-2
215-125-8||1303-86-2||||AS:Diboron trioxide||AS:As Diboron trioxide [1303-86-2]	56145-44-9
215-125-8||1303-86-2||||AS:Diboron trioxide||AS:As Diboron trioxide [1303-86-2]	56312-91-5
215-125-8||1303-86-2||||AS:Diboron trioxide||AS:As Diboron trioxide [1303-86-2]	56312-92-6
215-125-8||1303-86-2||||AS:Diboron trioxide||AS:As Diboron trioxide [1303-86-2]	56312-93-7
215-125-8||1303-86-2||||AS:Diboron trioxide||AS:As Diboron trioxide [1303-86-2]	56312-94-8
215-125-8||1303-86-2||||AS:Diboron trioxide||AS:As Diboron trioxide [1303-86-2]	91863-27-3
215-146-2||1306-19-0||||||	1306-19-0
215-146-2||1306-19-0||||AS:Cadmium oxide||AS:As Cadmium oxide [1306-19-0]	1436666-97-5
215-146-2||1306-19-0||||AS:Cadmium oxide||AS:As Cadmium oxide [1306-19-0]	2485700-58-9
215-146-2||1306-19-0||||AS:Cadmium oxide||AS:As Cadmium oxide [1306-19-0]	2641128-84-7
215-147-8||1306-23-6||||||	1306-23-6
215-147-8||1306-23-6||||AS:Cadmium sulfide||AS:As Cadmium sulfide [1306-23-6]	106496-20-2
215-147-8||1306-23-6||||AS:Cadmium sulfide||AS:As Cadmium sulfide [1306-23-6]	1441148-55-5
215-235-6||1314-41-6||||||	1314-41-6
215-235-6||1314-41-6||||AS:Orange lead||AS:As Orange lead [1314-41-6]	12684-34-3
215-235-6||1314-41-6||||AS:Orange lead||AS:As Orange lead [1314-41-6]	940949-96-2
215-267-0||1317-36-8||||||	1317-36-8
215-267-0||1317-36-8||||AS:Lead monoxide||AS:As Lead monoxide [1317-36-8]	12359-23-8
215-267-0||1317-36-8||||AS:Lead monoxide||AS:As Lead monoxide [1317-36-8]	1309-59-7
215-290-6||1319-46-6||||||	1319-46-6
215-290-6||1319-46-6||||AS:Trilead bis(carbonate) dihydroxide||AS:As Trilead bis(carbonate) dihydroxide [1319-46-6]	11120-55-1
215-290-6||1319-46-6||||AS:Trilead bis(carbonate) dihydroxide||AS:As Trilead bis(carbonate) dihydroxide [1319-46-6]	1145660-51-0
215-290-6||1319-46-6||||AS:Trilead bis(carbonate) dihydroxide||AS:As Trilead bis(carbonate) dihydroxide [1319-46-6]	1160353-52-5
215-290-6||1319-46-6||||AS:Trilead bis(carbonate) dihydroxide||AS:As Trilead bis(carbonate) dihydroxide [1319-46-6]	13009-77-3
215-290-6||1319-46-6||||AS:Trilead bis(carbonate) dihydroxide||AS:As Trilead bis(carbonate) dihydroxide [1319-46-6]	1344-36-1
215-290-6||1319-46-6||||AS:Trilead bis(carbonate) dihydroxide||AS:As Trilead bis(carbonate) dihydroxide [1319-46-6]	1951408-54-0
215-290-6||1319-46-6||||AS:Trilead bis(carbonate) dihydroxide||AS:As Trilead bis(carbonate) dihydroxide [1319-46-6]	37185-13-0
215-290-6||1319-46-6||||AS:Trilead bis(carbonate) dihydroxide||AS:As Trilead bis(carbonate) dihydroxide [1319-46-6]	37316-84-0
215-290-6||1319-46-6||||AS:Trilead bis(carbonate) dihydroxide||AS:As Trilead bis(carbonate) dihydroxide [1319-46-6]	37361-76-5
215-290-6||1319-46-6||||AS:Trilead bis(carbonate) dihydroxide||AS:As Trilead bis(carbonate) dihydroxide [1319-46-6]	886883-98-3
215-481-4||1327-53-3||||||	1327-53-3
215-481-4||1327-53-3||||AS:Diarsenic trioxide||AS:As Diarsenic trioxide [1327-53-3]	28380-38-3
215-481-4||1327-53-3||||AS:Diarsenic trioxide||AS:As Diarsenic trioxide [1327-53-3]	856307-43-2
215-481-4||1327-53-3||||AS:Diarsenic trioxide||AS:As Diarsenic trioxide [1327-53-3]	UN1561
215-540-4||1330-43-4||||||	1330-43-4
215-540-4||1330-43-4||||AS:Disodium tetraborate||AS:As Disodium tetraborate [1330-43-4]	1039387-27-3
215-540-4||1330-43-4||||AS:Disodium tetraborate||AS:As Disodium tetraborate [1330-43-4]	11130-12-4
215-540-4||1330-43-4||||AS:Disodium tetraborate||AS:As Disodium tetraborate [1330-43-4]	115372-65-1
215-540-4||1330-43-4||||AS:Disodium tetraborate||AS:As Disodium tetraborate [1330-43-4]	1186126-93-1
215-540-4||1330-43-4||||AS:Disodium tetraborate||AS:As Disodium tetraborate [1330-43-4]	1189141-72-7
215-540-4||1330-43-4||||AS:Disodium tetraborate||AS:As Disodium tetraborate [1330-43-4]	12045-54-4
215-540-4||1330-43-4||||AS:Disodium tetraborate||AS:As Disodium tetraborate [1330-43-4]	1242163-02-5
215-540-4||1330-43-4||||AS:Disodium tetraborate||AS:As Disodium tetraborate [1330-43-4]	1247014-60-3
215-540-4||1330-43-4||||AS:Disodium tetraborate||AS:As Disodium tetraborate [1330-43-4]	12589-17-2
215-540-4||1330-43-4||||AS:Disodium tetraborate||AS:As Disodium tetraborate [1330-43-4]	1262222-67-2
215-540-4||1330-43-4||||AS:Disodium tetraborate||AS:As Disodium tetraborate [1330-43-4]	1262281-53-7
215-540-4||1330-43-4||||AS:Disodium tetraborate||AS:As Disodium tetraborate [1330-43-4]	1268472-42-9
215-540-4||1330-43-4||||AS:Disodium tetraborate||AS:As Disodium tetraborate [1330-43-4]	1314012-56-0
215-540-4||1330-43-4||||AS:Disodium tetraborate||AS:As Disodium tetraborate [1330-43-4]	1315317-92-0
215-540-4||1330-43-4||||AS:Disodium tetraborate||AS:As Disodium tetraborate [1330-43-4]	1332-28-1
215-540-4||1330-43-4||||AS:Disodium tetraborate||AS:As Disodium tetraborate [1330-43-4]	136349-33-2
215-540-4||1330-43-4||||AS:Disodium tetraborate||AS:As Disodium tetraborate [1330-43-4]	13764-83-5
215-540-4||1330-43-4||||AS:Disodium tetraborate||AS:As Disodium tetraborate [1330-43-4]	163701-93-7
215-540-4||1330-43-4||||AS:Disodium tetraborate||AS:As Disodium tetraborate [1330-43-4]	19223-62-2
215-540-4||1330-43-4||||AS:Disodium tetraborate||AS:As Disodium tetraborate [1330-43-4]	37199-25-0
215-540-4||1330-43-4||||AS:Disodium tetraborate||AS:As Disodium tetraborate [1330-43-4]	886584-11-8
215-540-4||1330-43-4||||AS:Disodium tetraborate||AS:As Disodium tetraborate [1330-43-4]	910783-70-9
215-540-4||1330-43-4||||AS:Disodium tetraborate||AS:As Disodium tetraborate [1330-43-4]	950582-57-7
215-604-1||1333-73-9||LU:Orthoboric acid, sodium salt||||	1333-73-9
215-604-1||1333-73-9||LU:Orthoboric acid, sodium salt||AS:Boric acid, sodium salt||AS:As Boric acid, sodium salt [1333-73-9]	1344-07-6
215-604-1||1333-73-9||LU:Orthoboric acid, sodium salt||AS:Boric acid, sodium salt||AS:As Boric acid, sodium salt [1333-73-9]	37331-49-0
215-607-8||1333-82-0||||||	1333-82-0
215-607-8||1333-82-0||||AS:Chromium trioxide||AS:As Chromium trioxide [1333-82-0]	12324-05-9
215-607-8||1333-82-0||||AS:Chromium trioxide||AS:As Chromium trioxide [1333-82-0]	12324-08-2
215-607-8||1333-82-0||||AS:Chromium trioxide||AS:As Chromium trioxide [1333-82-0]	UN1463
215-693-7||1344-37-2||||||	1344-37-2
215-693-7||1344-37-2||||AS:Lead sulfochromate yellow||AS:As Lead sulfochromate yellow [1344-37-2]	61513-05-1
215-693-7||1344-37-2||||AS:Lead sulfochromate yellow||AS:As Lead sulfochromate yellow [1344-37-2]	61513-06-2
215-693-7||1344-37-2||||AS:Lead sulfochromate yellow||AS:As Lead sulfochromate yellow [1344-37-2]	61513-07-3
215-693-7||1344-37-2||||AS:Lead sulfochromate yellow||AS:As Lead sulfochromate yellow [1344-37-2]	8012-76-8
215-693-7||1344-37-2||||AS:Lead sulfochromate yellow||AS:As Lead sulfochromate yellow [1344-37-2]	81209-53-2
216-036-7||1478-61-1||LU:4,4'-[2,2,2-Trifluoro-1-(trifluoromethyl)ethylidene]diphenol and its salts||||	1478-61-1
216-036-7||1478-61-1||LU:4,4'-[2,2,2-Trifluoro-1-(trifluoromethyl)ethylidene]diphenol and its salts||AS:4,4'-[2,2,2-Trifluoro-1-(trifluoromethyl)ethylidene]bisphenol||AS:As 4,4'-[2,2,2-Trifluoro-1-(trifluoromethyl)ethylidene]bisphenol [1478-61-1]	110444-90-1
216-036-7||1478-61-1||LU:4,4'-[2,2,2-Trifluoro-1-(trifluoromethyl)ethylidene]diphenol and its salts||AS:4,4'-[2,2,2-Trifluoro-1-(trifluoromethyl)ethylidene]bisphenol||AS:As 4,4'-[2,2,2-Trifluoro-1-(trifluoromethyl)ethylidene]bisphenol [1478-61-1]	1429425-28-4
217-710-3||1937-37-7||||||	1937-37-7
217-710-3||1937-37-7||||AS:Disodium 4-amino-3-[4'-(2,4-diaminophenylazo)-1,1'-biphenyl-4-ylazo]-5-hydroxy-6-phenylazo-2,7-naphthalenedisulfonate||AS:As Disodium 4-amino-3-[4'-(2,4-diaminophenylazo)-1,1'-biphenyl-4-ylazo]-5-hydroxy-6-phenylazo-2,7-naphthalenedisulfonate [1937-37-7]	220970-37-6
217-710-3||1937-37-7||||AS:Disodium 4-amino-3-[4'-(2,4-diaminophenylazo)-1,1'-biphenyl-4-ylazo]-5-hydroxy-6-phenylazo-2,7-naphthalenedisulfonate||AS:As Disodium 4-amino-3-[4'-(2,4-diaminophenylazo)-1,1'-biphenyl-4-ylazo]-5-hydroxy-6-phenylazo-2,7-naphthalenedisulfonate [1937-37-7]	61701-15-3
217-862-0||1987-50-4||LU:4-Heptylphenol, branched and linear||||AS:substances with a linear and/or branched alkyl chain with a carbon number of 7 covalently bound predominantly in position 4 to phenol, covering also UVCB- and well-defined substances which include any of the individual isomers or a combination thereof	1987-50-4
218-165-4||2058-94-8||||||	2058-94-8
218-165-4||2058-94-8||||AS:Henicosafluoroundecanoic acid||AS:As Henicosafluoroundecanoic acid [2058-94-8]	110961-38-1
218-173-8||2062-98-8||LU:2,3,3,3-Tetrafluoro-2-(heptafluoropropoxy)propionic acid, its salts and its acyl halides||||	2062-98-8
218-173-8||2062-98-8||LU:2,3,3,3-Tetrafluoro-2-(heptafluoropropoxy)propionic acid, its salts and its acyl halides||AS:2,3,3,3-Tetrafluoro-2-(heptafluoropropoxy)propionyl fluoride||AS:As 2,3,3,3-Tetrafluoro-2-(heptafluoropropoxy)propionyl fluoride [2062-98-8]	75566-60-8
219-514-3||2451-62-9||||||	2451-62-9
219-514-3||2451-62-9||||AS:1,3,5-Triazine-2,4,6(1H,3H,5H)-trione, 1,3,5-tris(oxiranylmethyl)-||AS:As 1,3,5-Triazine-2,4,6(1H,3H,5H)-trione, 1,3,5-tris(oxiranylmethyl)- [2451-62-9]	414867-60-0
219-682-8||2497-59-8||||||	2497-59-8
219-943-6||2580-56-5||||||	2580-56-5
219-943-6||2580-56-5||||AS:[4-[[4-Anilino-1-naphthyl][4-(dimethylamino)phenyl]methylene]cyclohexa-2,5-dien-1-ylidene]dimethylammonium chloride||AS:As [4-[[4-Anilino-1-naphthyl][4-(dimethylamino)phenyl]methylene]cyclohexa-2,5-dien-1-ylidene]dimethylammonium chloride [2580-56-5]	97930-07-9
221-470-5||3108-42-7||LU:Nonadecafluorodecanoic acid (PFDA) and its sodium and ammonium salts||||	3108-42-7
221-573-5||3147-75-9||||||	3147-75-9
221-573-5||3147-75-9||||AS:2-(2H-Benzotriazol-2-yl)-4-(1,1,3,3-tetramethylbutyl)phenol||AS:As 2-(2H-Benzotriazol-2-yl)-4-(1,1,3,3-tetramethylbutyl)phenol [3147-75-9]	108021-89-2
221-573-5||3147-75-9||||AS:2-(2H-Benzotriazol-2-yl)-4-(1,1,3,3-tetramethylbutyl)phenol||AS:As 2-(2H-Benzotriazol-2-yl)-4-(1,1,3,3-tetramethylbutyl)phenol [3147-75-9]	123307-21-1
221-573-5||3147-75-9||||AS:2-(2H-Benzotriazol-2-yl)-4-(1,1,3,3-tetramethylbutyl)phenol||AS:As 2-(2H-Benzotriazol-2-yl)-4-(1,1,3,3-tetramethylbutyl)phenol [3147-75-9]	131242-52-9
221-573-5||3147-75-9||||AS:2-(2H-Benzotriazol-2-yl)-4-(1,1,3,3-tetramethylbutyl)phenol||AS:As 2-(2H-Benzotriazol-2-yl)-4-(1,1,3,3-tetramethylbutyl)phenol [3147-75-9]	134018-56-7
221-573-5||3147-75-9||||AS:2-(2H-Benzotriazol-2-yl)-4-(1,1,3,3-tetramethylbutyl)phenol||AS:As 2-(2H-Benzotriazol-2-yl)-4-(1,1,3,3-tetramethylbutyl)phenol [3147-75-9]	1395785-95-1
221-573-5||3147-75-9||||AS:2-(2H-Benzotriazol-2-yl)-4-(1,1,3,3-tetramethylbutyl)phenol||AS:As 2-(2H-Benzotriazol-2-yl)-4-(1,1,3,3-tetramethylbutyl)phenol [3147-75-9]	1502813-89-9
221-573-5||3147-75-9||||AS:2-(2H-Benzotriazol-2-yl)-4-(1,1,3,3-tetramethylbutyl)phenol||AS:As 2-(2H-Benzotriazol-2-yl)-4-(1,1,3,3-tetramethylbutyl)phenol [3147-75-9]	188025-34-5
221-573-5||3147-75-9||||AS:2-(2H-Benzotriazol-2-yl)-4-(1,1,3,3-tetramethylbutyl)phenol||AS:As 2-(2H-Benzotriazol-2-yl)-4-(1,1,3,3-tetramethylbutyl)phenol [3147-75-9]	31016-94-1
221-573-5||3147-75-9||||AS:2-(2H-Benzotriazol-2-yl)-4-(1,1,3,3-tetramethylbutyl)phenol||AS:As 2-(2H-Benzotriazol-2-yl)-4-(1,1,3,3-tetramethylbutyl)phenol [3147-75-9]	51656-56-5
221-573-5||3147-75-9||||AS:2-(2H-Benzotriazol-2-yl)-4-(1,1,3,3-tetramethylbutyl)phenol||AS:As 2-(2H-Benzotriazol-2-yl)-4-(1,1,3,3-tetramethylbutyl)phenol [3147-75-9]	52188-76-8
221-573-5||3147-75-9||||AS:2-(2H-Benzotriazol-2-yl)-4-(1,1,3,3-tetramethylbutyl)phenol||AS:As 2-(2H-Benzotriazol-2-yl)-4-(1,1,3,3-tetramethylbutyl)phenol [3147-75-9]	862695-39-4
221-573-5||3147-75-9||||AS:2-(2H-Benzotriazol-2-yl)-4-(1,1,3,3-tetramethylbutyl)phenol||AS:As 2-(2H-Benzotriazol-2-yl)-4-(1,1,3,3-tetramethylbutyl)phenol [3147-75-9]	866032-39-5
221-695-9||3194-55-6||LU:Hexabromocyclododecane (HBCDD)||||	3194-55-6
221-695-9||3194-55-6||LU:Hexabromocyclododecane (HBCDD)||AS:1,2,5,6,9,10-Hexabromocyclododecane||AS:As 1,2,5,6,9,10-Hexabromocyclododecane [3194-55-6]	23774-70-1
221-967-7||3296-90-0||||||	3296-90-0
222-883-3||3648-18-8||LU:Dioctyltin dilaurate, stannane, dioctyl-, bis(coco acyloxy) derivatives, and any other stannane, dioctyl-, bis(fatty acyloxy) derivatives wherein C12 is the predominant carbon number of the fatty acyloxy moiety||||	3648-18-8
222-979-5||3687-31-8||||||	3687-31-8
223-320-4||3825-26-1||||||	3825-26-1
223-320-4||3825-26-1||||AS:Ammonium pentadecafluorooctanoate||AS:As Ammonium pentadecafluorooctanoate [3825-26-1]	77751-76-9
223-320-4||3825-26-1||||AS:Ammonium pentadecafluorooctanoate||AS:As Ammonium pentadecafluorooctanoate [3825-26-1]	95328-99-7
223-346-6||3846-71-7||||||AS:UV-320	3846-71-7
223-346-6||3846-71-7||||AS:2-Benzotriazol-2-yl-4,6-di-tert-butylphenol||AS:UV-320	104817-17-6
223-346-6||3846-71-7||||AS:2-Benzotriazol-2-yl-4,6-di-tert-butylphenol||AS:UV-320	131242-54-1
223-346-6||3846-71-7||||AS:2-Benzotriazol-2-yl-4,6-di-tert-butylphenol||AS:UV-320	134512-21-3
223-346-6||3846-71-7||||AS:2-Benzotriazol-2-yl-4,6-di-tert-butylphenol||AS:UV-320	189377-88-6
223-346-6||3846-71-7||||AS:2-Benzotriazol-2-yl-4,6-di-tert-butylphenol||AS:UV-320	208761-49-3
223-346-6||3846-71-7||||AS:2-Benzotriazol-2-yl-4,6-di-tert-butylphenol||AS:UV-320	29820-26-6
223-346-6||3846-71-7||||AS:2-Benzotriazol-2-yl-4,6-di-tert-butylphenol||AS:UV-320	3135-21-5
223-346-6||3846-71-7||||AS:2-Benzotriazol-2-yl-4,6-di-tert-butylphenol||AS:UV-320	420135-91-7
223-346-6||3846-71-7||||AS:2-Benzotriazol-2-yl-4,6-di-tert-butylphenol||AS:UV-320	474264-63-6
223-346-6||3846-71-7||||AS:2-Benzotriazol-2-yl-4,6-di-tert-butylphenol||AS:UV-320	796971-92-1
223-383-8||3864-99-1||||||AS:UV-327	3864-99-1
223-383-8||3864-99-1||||AS:2,4-Di-tert-butyl-6-(5-chlorobenzotriazol-2-yl)phenol||AS:UV-327	102257-29-4
223-383-8||3864-99-1||||AS:2,4-Di-tert-butyl-6-(5-chlorobenzotriazol-2-yl)phenol||AS:UV-327	106085-69-2
223-383-8||3864-99-1||||AS:2,4-Di-tert-butyl-6-(5-chlorobenzotriazol-2-yl)phenol||AS:UV-327	114625-87-5
223-383-8||3864-99-1||||AS:2,4-Di-tert-butyl-6-(5-chlorobenzotriazol-2-yl)phenol||AS:UV-327	1399293-74-3
223-383-8||3864-99-1||||AS:2,4-Di-tert-butyl-6-(5-chlorobenzotriazol-2-yl)phenol||AS:UV-327	153613-74-2
223-383-8||3864-99-1||||AS:2,4-Di-tert-butyl-6-(5-chlorobenzotriazol-2-yl)phenol||AS:UV-327	188025-33-4
223-383-8||3864-99-1||||AS:2,4-Di-tert-butyl-6-(5-chlorobenzotriazol-2-yl)phenol||AS:UV-327	189456-66-4
223-383-8||3864-99-1||||AS:2,4-Di-tert-butyl-6-(5-chlorobenzotriazol-2-yl)phenol||AS:UV-327	60712-40-5
223-383-8||3864-99-1||||AS:2,4-Di-tert-butyl-6-(5-chlorobenzotriazol-2-yl)phenol||AS:UV-327	796971-90-9
223-393-2||3871-99-6||LU:Perfluorohexane-1-sulphonic acid and its salts||||	3871-99-6
223-445-4||3896-11-5||||||	3896-11-5
223-445-4||3896-11-5||||AS:Bumetrizole||AS:As Bumetrizole [3896-11-5]	103843-16-9
223-445-4||3896-11-5||||AS:Bumetrizole||AS:As Bumetrizole [3896-11-5]	106085-65-8
223-445-4||3896-11-5||||AS:Bumetrizole||AS:As Bumetrizole [3896-11-5]	136567-90-3
223-445-4||3896-11-5||||AS:Bumetrizole||AS:As Bumetrizole [3896-11-5]	138464-60-5
223-445-4||3896-11-5||||AS:Bumetrizole||AS:As Bumetrizole [3896-11-5]	1399293-71-0
223-445-4||3896-11-5||||AS:Bumetrizole||AS:As Bumetrizole [3896-11-5]	144598-90-3
223-445-4||3896-11-5||||AS:Bumetrizole||AS:As Bumetrizole [3896-11-5]	144856-53-1
223-445-4||3896-11-5||||AS:Bumetrizole||AS:As Bumetrizole [3896-11-5]	145379-55-1
223-445-4||3896-11-5||||AS:Bumetrizole||AS:As Bumetrizole [3896-11-5]	155375-84-1
223-445-4||3896-11-5||||AS:Bumetrizole||AS:As Bumetrizole [3896-11-5]	172344-93-3
223-445-4||3896-11-5||||AS:Bumetrizole||AS:As Bumetrizole [3896-11-5]	268218-33-3
223-445-4||3896-11-5||||AS:Bumetrizole||AS:As Bumetrizole [3896-11-5]	474264-62-5
223-445-4||3896-11-5||||AS:Bumetrizole||AS:As Bumetrizole [3896-11-5]	61489-93-8
223-445-4||3896-11-5||||AS:Bumetrizole||AS:As Bumetrizole [3896-11-5]	796971-87-4
223-445-4||3896-11-5||||AS:Bumetrizole||AS:As Bumetrizole [3896-11-5]	80479-99-8
223-445-4||3896-11-5||||AS:Bumetrizole||AS:As Bumetrizole [3896-11-5]	85497-36-5
224-208-8||4247-02-3||||||	4247-02-3
228-098-2||6130-43-4||LU:Perfluoroheptanoic acid and its salts||||	6130-43-4
228-098-2||6130-43-4||LU:Perfluoroheptanoic acid and its salts||AS:Ammonium perfluoroheptanoate||AS:As Ammonium perfluoroheptanoate [6130-43-4]	80856-39-9
229-335-2||6477-64-1||||||	6477-64-1
229-851-8||6786-83-0||||||	6786-83-0
229-851-8||6786-83-0||||AS:.alpha.,.alpha.-Bis[4-(dimethylamino)phenyl]-4-(phenylamino)naphthalene-1-methanol||AS:As .alpha.,.alpha.-Bis[4-(dimethylamino)phenyl]-4-(phenylamino)naphthalene-1-methanol [6786-83-0]	1325-91-3
230-770-5||7311-27-5||||||AS:branched and linear, substances with a linear and/or branched alkyl chain with a carbon number of 9 covalently bound in position 4 to phenol, ethoxylated covering UVCB- and well-defined substances, polymers and homologues, which include any of the individual isomers and/or combinations thereof	7311-27-5
231-100-4||7439-92-1||||||	7439-92-1
231-100-4||7439-92-1||||AS:Lead||AS:As Lead [7439-92-1]	13966-28-4
231-100-4||7439-92-1||||AS:Lead||AS:As Lead [7439-92-1]	14119-28-9
231-100-4||7439-92-1||||AS:Lead||AS:As Lead [7439-92-1]	14119-29-0
231-100-4||7439-92-1||||AS:Lead||AS:As Lead [7439-92-1]	14119-30-3
231-100-4||7439-92-1||||AS:Lead||AS:As Lead [7439-92-1]	14255-04-0
231-100-4||7439-92-1||||AS:Lead||AS:As Lead [7439-92-1]	14687-25-3
231-100-4||7439-92-1||||AS:Lead||AS:As Lead [7439-92-1]	15067-28-4
231-100-4||7439-92-1||||AS:Lead||AS:As Lead [7439-92-1]	15092-94-1
231-100-4||7439-92-1||||AS:Lead||AS:As Lead [7439-92-1]	15752-86-0
231-100-4||7439-92-1||||AS:Lead||AS:As Lead [7439-92-1]	15816-77-0
231-100-4||7439-92-1||||AS:Lead||AS:As Lead [7439-92-1]	16645-99-1
231-100-4||7439-92-1||||AS:Lead||AS:As Lead [7439-92-1]	16646-00-7
231-100-4||7439-92-1||||AS:Lead||AS:As Lead [7439-92-1]	17239-87-1
231-100-4||7439-92-1||||AS:Lead||AS:As Lead [7439-92-1]	27486-00-6
231-100-4||7439-92-1||||AS:Lead||AS:As Lead [7439-92-1]	378253-10-2
231-100-4||7439-92-1||||AS:Lead||AS:As Lead [7439-92-1]	378253-11-3
231-100-4||7439-92-1||||AS:Lead||AS:As Lead [7439-92-1]	724427-66-1
231-100-4||7439-92-1||||AS:Lead||AS:As Lead [7439-92-1]	RR-145683-3
231-152-8||7440-43-9||||||	7440-43-9
231-152-8||7440-43-9||||||	7440-43-9
231-152-8||7440-43-9||||AS:Cadmium||AS:As Cadmium [7440-43-9]	14109-32-1
231-152-8||7440-43-9||||AS:Cadmium||AS:As Cadmium [7440-43-9]	14109-32-1
231-152-8||7440-43-9||||AS:Cadmium||AS:As Cadmium [7440-43-9]	14336-66-4
231-152-8||7440-43-9||||AS:Cadmium||AS:As Cadmium [7440-43-9]	14336-66-4
231-152-8||7440-43-9||||AS:Cadmium||AS:As Cadmium [7440-43-9]	14336-68-6
231-152-8||7440-43-9||||AS:Cadmium||AS:As Cadmium [7440-43-9]	14336-68-6
231-152-8||7440-43-9||||AS:Cadmium||AS:As Cadmium [7440-43-9]	14709-52-5
231-152-8||7440-43-9||||AS:Cadmium||AS:As Cadmium [7440-43-9]	14709-52-5
231-152-8||7440-43-9||||AS:Cadmium||AS:As Cadmium [7440-43-9]	15139-70-5
231-152-8||7440-43-9||||AS:Cadmium||AS:As Cadmium [7440-43-9]	15139-70-5
231-152-8||7440-43-9||||AS:Cadmium||AS:As Cadmium [7440-43-9]	30905-38-5
231-152-8||7440-43-9||||AS:Cadmium||AS:As Cadmium [7440-43-9]	30905-38-5
231-152-8||7440-43-9||||AS:Cadmium||AS:As Cadmium [7440-43-9]	378253-44-2
231-152-8||7440-43-9||||AS:Cadmium||AS:As Cadmium [7440-43-9]	378253-44-2
231-152-8||7440-43-9||||AS:Cadmium||AS:As Cadmium [7440-43-9]	378253-45-3
231-152-8||7440-43-9||||AS:Cadmium||AS:As Cadmium [7440-43-9]	378253-45-3
231-152-8||7440-43-9||||AS:Cadmium||AS:As Cadmium [7440-43-9]	378253-46-4
231-152-8||7440-43-9||||AS:Cadmium||AS:As Cadmium [7440-43-9]	378253-46-4
231-152-8||7440-43-9||||AS:Cadmium||AS:As Cadmium [7440-43-9]	RR-17718-4
231-152-8||7440-43-9||||AS:Cadmium||AS:As Cadmium [7440-43-9]	RR-17718-4
231-556-4||7632-04-4||||||	7632-04-4
231-556-4||7632-04-4||||AS:Sodium peroxometaborate||AS:As Sodium peroxometaborate [7632-04-4]	15768-95-3
231-556-4||7632-04-4||||AS:Sodium peroxometaborate||AS:As Sodium peroxometaborate [7632-04-4]	UN3247
231-589-4||7646-79-9||||||	7646-79-9
231-589-4||7646-79-9||||AS:Cobalt dichloride||AS:As Cobalt dichloride [7646-79-9]	16544-92-6
231-589-4||7646-79-9||||AS:Cobalt dichloride||AS:As Cobalt dichloride [7646-79-9]	18201-52-0
231-589-4||7646-79-9||||AS:Cobalt dichloride||AS:As Cobalt dichloride [7646-79-9]	69098-14-2
231-589-4||7646-79-9||||AS:Cobalt dichloride||AS:As Cobalt dichloride [7646-79-9]	7791-13-1
231-801-5||7738-94-5||LU:Acids generated from Chromium trioxide and their oligomers||||	7738-94-5
231-801-5||7738-94-5||LU:Acids generated from Chromium trioxide and their oligomers||AS:Chromic acid (H2CrO4)||AS:As Chromic acid (H2CrO4) [7738-94-5]	11115-74-5
231-801-5||7738-94-5||LU:Acids generated from Chromium trioxide and their oligomers||AS:Chromic acid (H2CrO4)||AS:As Chromic acid (H2CrO4) [7738-94-5]	199384-58-2
231-801-5||7738-94-5||LU:Acids generated from Chromium trioxide and their oligomers||AS:Chromic acid (H2CrO4)||AS:As Chromic acid (H2CrO4) [7738-94-5]	237391-94-5
231-801-5||7738-94-5||LU:Acids generated from Chromium trioxide and their oligomers||AS:Chromic acid (H2CrO4)||AS:As Chromic acid (H2CrO4) [7738-94-5]	24934-60-9
231-801-5||7738-94-5||LU:Acids generated from Chromium trioxide and their oligomers||AS:Chromic acid (H2CrO4)||AS:As Chromic acid (H2CrO4) [7738-94-5]	9044-10-4
231-846-0||7758-97-6||||||	7758-97-6
231-846-0||7758-97-6||||AS:Lead chromate||AS:As Lead chromate [7758-97-6]	181768-98-9
231-846-0||7758-97-6||||AS:Lead chromate||AS:As Lead chromate [7758-97-6]	8049-64-7
231-889-5||7775-11-3||||||	7775-11-3
231-889-5||7775-11-3||||AS:Sodium chromate||AS:As Sodium chromate [7775-11-3]	10034-82-9
231-901-9||7778-39-4||||||	7778-39-4
231-901-9||7778-39-4||||AS:Arsenic acid||AS:As Arsenic acid [7778-39-4]	1327-52-2
231-901-9||7778-39-4||||AS:Arsenic acid||AS:As Arsenic acid [7778-39-4]	58076-82-7
231-901-9||7778-39-4||||AS:Arsenic acid||AS:As Arsenic acid [7778-39-4]	UN1553
231-901-9||7778-39-4||||AS:Arsenic acid||AS:As Arsenic acid [7778-39-4]	UN1554
231-904-5||7778-44-1||||||	7778-44-1
231-904-5||7778-44-1||||AS:Calcium arsenate||AS:As Calcium arsenate [7778-44-1]	1333-25-1
231-904-5||7778-44-1||||AS:Calcium arsenate||AS:As Calcium arsenate [7778-44-1]	1450620-86-6
231-904-5||7778-44-1||||AS:Calcium arsenate||AS:As Calcium arsenate [7778-44-1]	1940140-03-3
231-904-5||7778-44-1||||AS:Calcium arsenate||AS:As Calcium arsenate [7778-44-1]	2226341-09-7
231-904-5||7778-44-1||||AS:Calcium arsenate||AS:As Calcium arsenate [7778-44-1]	UN1573
231-906-6||7778-50-9||||||	7778-50-9
232-064-2||7784-40-9||||||	7784-40-9
232-064-2||7784-40-9||||AS:Lead hydrogen arsenate||AS:As Lead hydrogen arsenate [7784-40-9]	14034-76-5
232-064-2||7784-40-9||||AS:Lead hydrogen arsenate||AS:As Lead hydrogen arsenate [7784-40-9]	37196-28-4
232-140-5||7789-00-6||||||	7789-00-6
232-142-6||7789-06-2||||||	7789-06-2
232-142-6||7789-06-2||||AS:Strontium chromate||AS:As Strontium chromate [7789-06-2]	166269-55-2
232-142-6||7789-06-2||||AS:Strontium chromate||AS:As Strontium chromate [7789-06-2]	54322-60-0
232-143-1||7789-09-5||||||	7789-09-5
232-143-1||7789-09-5||||AS:Ammonium dichromate||AS:As Ammonium dichromate [7789-09-5]	UN1439
232-222-0||7790-79-6||||||	7790-79-6
232-382-1||8012-00-8||||||	8012-00-8
232-382-1||8012-00-8||||AS:Pyrochlore, antimony lead yellow||AS:As Pyrochlore, antimony lead yellow [8012-00-8]	12710-25-7
232-382-1||8012-00-8||||AS:Pyrochlore, antimony lead yellow||AS:As Pyrochlore, antimony lead yellow [8012-00-8]	68187-20-2
233-139-2||10043-35-3||||||	10043-35-3
233-139-2||10043-35-3||||AS:Boric acid||AS:As Boric acid [10043-35-3]	12795-04-9
233-139-2||10043-35-3||||AS:Boric acid||AS:As Boric acid [10043-35-3]	2253722-08-4
233-139-2||10043-35-3||||AS:Boric acid||AS:As Boric acid [10043-35-3]	30698-98-7
233-245-9||10099-74-8||||||	10099-74-8
233-245-9||10099-74-8||||AS:Lead dinitrate||AS:As Lead dinitrate [10099-74-8]	18256-98-9
233-245-9||10099-74-8||||AS:Lead dinitrate||AS:As Lead dinitrate [10099-74-8]	UN1469
233-296-7||10108-64-2||||||	10108-64-2
233-296-7||10108-64-2||||AS:Cadmium chloride||AS:As Cadmium chloride [10108-64-2]	35658-65-2
233-296-7||10108-64-2||||AS:Cadmium chloride||AS:As Cadmium chloride [10108-64-2]	70206-08-5
233-296-7||10108-64-2||||AS:Cadmium chloride||AS:As Cadmium chloride [10108-64-2]	72589-96-9
233-331-6||10124-36-4||||||	10124-36-4
233-331-6||10124-36-4||||AS:Cadmium sulphate||AS:As Cadmium sulphate [10124-36-4]	22465-18-5
233-331-6||10124-36-4||||AS:Cadmium sulphate||AS:As Cadmium sulphate [10124-36-4]	62642-07-3
233-331-6||31119-53-6||||||	31119-53-6
233-334-2||10124-43-3||||||	10124-43-3
233-334-2||10124-43-3||||AS:Cobalt(II) sulfate||AS:As Cobalt(II) sulfate [10124-43-3]	10026-24-1
233-334-2||10124-43-3||||AS:Cobalt(II) sulfate||AS:As Cobalt(II) sulfate [10124-43-3]	13455-34-0
233-334-2||10124-43-3||||AS:Cobalt(II) sulfate||AS:As Cobalt(II) sulfate [10124-43-3]	139939-65-4
233-334-2||10124-43-3||||AS:Cobalt(II) sulfate||AS:As Cobalt(II) sulfate [10124-43-3]	25215-19-4
233-334-2||10124-43-3||||AS:Cobalt(II) sulfate||AS:As Cobalt(II) sulfate [10124-43-3]	60459-08-7
233-334-2||10124-43-3||||AS:Cobalt(II) sulfate||AS:As Cobalt(II) sulfate [10124-43-3]	RR-54368-0
233-402-1||10141-05-6||||||	10141-05-6
233-402-1||10141-05-6||||AS:Cobalt(II) nitrate||AS:As Cobalt(II) nitrate [10141-05-6]	14690-59-6
233-402-1||10141-05-6||||AS:Cobalt(II) nitrate||AS:As Cobalt(II) nitrate [10141-05-6]	19154-72-4
233-710-6||10022-68-1||||||	10022-68-1
233-710-6||10325-94-7||||||	10325-94-7
233-710-6||10325-94-7||||AS:Cadmium nitrate||AS:As Cadmium nitrate [10325-94-7]	14177-24-3
233-710-6||10325-94-7||||AS:Cadmium nitrate||AS:As Cadmium nitrate [10325-94-7]	79990-52-6
234-190-3||10588-01-9||||||	10588-01-9
234-190-3||10588-01-9||||AS:Sodium dichromate, anhydrate||AS:As Sodium dichromate, anhydrate [10588-01-9]	1018900-84-9
234-190-3||10588-01-9||||AS:Sodium dichromate, anhydrate||AS:As Sodium dichromate, anhydrate [10588-01-9]	1088355-13-8
234-190-3||10588-01-9||||AS:Sodium dichromate, anhydrate||AS:As Sodium dichromate, anhydrate [10588-01-9]	12018-32-5
234-190-3||10588-01-9||||AS:Sodium dichromate, anhydrate||AS:As Sodium dichromate, anhydrate [10588-01-9]	1391351-00-0
234-190-3||7789-12-0||||||	7789-12-0
234-284-4||11066-49-2||LU:4-Nonylphenol, branched and linear||||	11066-49-2
234-284-4||11066-49-2||LU:4-Nonylphenol, branched and linear||AS:Isononylphenol||AS:As Isononylphenol [11066-49-2]	27938-31-4
234-329-8||11103-86-9||||||	11103-86-9
234-329-8||11103-86-9||||AS:Potassium hydroxyoctaoxodizincatedichromate||AS:As Potassium hydroxyoctaoxodizincatedichromate [11103-86-9]	12527-08-1
234-329-8||11103-86-9||||AS:Potassium hydroxyoctaoxodizincatedichromate||AS:As Potassium hydroxyoctaoxodizincatedichromate [11103-86-9]	37809-34-0
234-343-4||11113-50-1||||||	11113-50-1
234-363-3||11120-22-2||||||	11120-22-2
234-363-3||11120-22-2||||AS:Silicic acid, lead salt||AS:As Silicic acid, lead salt [11120-22-2]	12627-67-7
234-363-3||11120-22-2||||AS:Silicic acid, lead salt||AS:As Silicic acid, lead salt [11120-22-2]	12673-46-0
234-363-3||11120-22-2||||AS:Silicic acid, lead salt||AS:As Silicic acid, lead salt [11120-22-2]	62010-25-7
234-390-0||11138-47-9||||||	11138-47-9
234-390-0||11138-47-9||||AS:Perboric acid, sodium salt||AS:As Perboric acid, sodium salt [11138-47-9]	11130-13-5
234-390-0||11138-47-9||||AS:Perboric acid, sodium salt||AS:As Perboric acid, sodium salt [11138-47-9]	37280-76-5
234-541-0||12008-41-2||||||	12008-41-2
234-541-0||12008-41-2||||AS:Disodium octaborate||AS:As Disodium octaborate [12008-41-2]	1628260-45-6
234-541-0||12008-41-2||||AS:Disodium octaborate||AS:As Disodium octaborate [12008-41-2]	163751-31-3
234-541-0||12008-41-2||||AS:Disodium octaborate||AS:As Disodium octaborate [12008-41-2]	180472-48-4
234-541-0||12008-41-2||||AS:Disodium octaborate||AS:As Disodium octaborate [12008-41-2]	37195-63-4
234-853-7||12036-76-9||||||	12036-76-9
235-038-9||12060-00-3||||||	12060-00-3
235-038-9||12060-00-3||||AS:Lead titanium trioxide||AS:As Lead titanium trioxide [12060-00-3]	10099-62-4
235-038-9||12060-00-3||||AS:Lead titanium trioxide||AS:As Lead titanium trioxide [12060-00-3]	14650-47-6
235-067-7||12065-90-6||||||	12065-90-6
235-252-2||12141-20-7||||||	12141-20-7
235-380-9||12202-17-4||||||	12202-17-4
235-380-9||12202-17-4||||AS:Tetralead trioxide sulphate||AS:As Tetralead trioxide sulphate [12202-17-4]	12397-06-7
235-380-9||12202-17-4||||AS:Tetralead trioxide sulphate||AS:As Tetralead trioxide sulphate [12202-17-4]	33011-59-5
235-380-9||12202-17-4||||AS:Tetralead trioxide sulphate||AS:As Tetralead trioxide sulphate [12202-17-4]	50816-00-7
235-380-9||12202-17-4||||AS:Tetralead trioxide sulphate||AS:As Tetralead trioxide sulphate [12202-17-4]	65863-24-3
235-541-3||12267-73-1||||||	12267-73-1
235-702-8||12578-12-0||||||	12578-12-0
235-727-4||12626-81-2||||||	12626-81-2
235-727-4||12626-81-2||||AS:Lead titanium zirconium oxide||AS:As Lead titanium zirconium oxide [12626-81-2]	106804-23-3
235-727-4||12626-81-2||||AS:Lead titanium zirconium oxide||AS:As Lead titanium zirconium oxide [12626-81-2]	118217-11-1
235-727-4||12626-81-2||||AS:Lead titanium zirconium oxide||AS:As Lead titanium zirconium oxide [12626-81-2]	1245817-44-0
235-727-4||12626-81-2||||AS:Lead titanium zirconium oxide||AS:As Lead titanium zirconium oxide [12626-81-2]	135699-34-2
235-727-4||12626-81-2||||AS:Lead titanium zirconium oxide||AS:As Lead titanium zirconium oxide [12626-81-2]	143928-79-4
235-727-4||12626-81-2||||AS:Lead titanium zirconium oxide||AS:As Lead titanium zirconium oxide [12626-81-2]	1702636-77-8
235-727-4||12626-81-2||||AS:Lead titanium zirconium oxide||AS:As Lead titanium zirconium oxide [12626-81-2]	188417-76-7
235-727-4||12626-81-2||||AS:Lead titanium zirconium oxide||AS:As Lead titanium zirconium oxide [12626-81-2]	200444-20-8
235-727-4||12626-81-2||||AS:Lead titanium zirconium oxide||AS:As Lead titanium zirconium oxide [12626-81-2]	37189-44-9
235-727-4||12626-81-2||||AS:Lead titanium zirconium oxide||AS:As Lead titanium zirconium oxide [12626-81-2]	37221-92-4
235-727-4||12626-81-2||||AS:Lead titanium zirconium oxide||AS:As Lead titanium zirconium oxide [12626-81-2]	37382-38-0
235-727-4||12626-81-2||||AS:Lead titanium zirconium oxide||AS:As Lead titanium zirconium oxide [12626-81-2]	39387-81-0
235-727-4||12626-81-2||||AS:Lead titanium zirconium oxide||AS:As Lead titanium zirconium oxide [12626-81-2]	56730-15-5
235-727-4||12626-81-2||||AS:Lead titanium zirconium oxide||AS:As Lead titanium zirconium oxide [12626-81-2]	69670-72-0
235-759-9||12656-85-8||||||	12656-85-8
235-759-9||12656-85-8||||AS:Lead chromate molybdate sulphate red||AS:As Lead chromate molybdate sulphate red [12656-85-8]	12213-61-5
235-759-9||12656-85-8||||AS:Lead chromate molybdate sulphate red||AS:As Lead chromate molybdate sulphate red [12656-85-8]	64523-06-4
235-759-9||12656-85-8||||AS:Lead chromate molybdate sulphate red||AS:As Lead chromate molybdate sulphate red [12656-85-8]	8005-36-5
236-086-3||13149-00-3||||||AS:the individual cis- and trans- isomer substances and all possible combinations of the cis- and trans-isomers are covered by this entry	13149-00-3
236-236-8||13252-13-6||LU:2,3,3,3-Tetrafluoro-2-(heptafluoropropoxy)propionic acid, its salts and its acyl halides||||	13252-13-6
236-236-8||13252-13-6||LU:2,3,3,3-Tetrafluoro-2-(heptafluoropropoxy)propionic acid, its salts and its acyl halides||AS:2,3,3,3-Tetrafluoro-2-(heptafluoropropoxy)propionic acid||AS:As 2,3,3,3-Tetrafluoro-2-(heptafluoropropoxy)propionic acid [13252-13-6]	528603-31-8
236-236-8||13252-13-6||LU:2,3,3,3-Tetrafluoro-2-(heptafluoropropoxy)propionic acid, its salts and its acyl halides||AS:2,3,3,3-Tetrafluoro-2-(heptafluoropropoxy)propionic acid||AS:As 2,3,3,3-Tetrafluoro-2-(heptafluoropropoxy)propionic acid [13252-13-6]	83551-64-8
236-542-1||13424-46-9||||||	13424-46-9
236-542-1||13424-46-9||||AS:Lead azide||AS:As Lead azide [13424-46-9]	85941-57-7
236-542-1||13424-46-9||||AS:Lead azide||AS:As Lead azide [13424-46-9]	UN0129
236-881-5||13530-68-2||LU:Acids generated from Chromium trioxide and their oligomers||||	13530-68-2
236-881-5||13530-68-2||LU:Acids generated from Chromium trioxide and their oligomers||AS:Dichromic acid||AS:As Dichromic acid [13530-68-2]	1391764-70-7
236-881-5||13530-68-2||LU:Acids generated from Chromium trioxide and their oligomers||AS:Dichromic acid||AS:As Dichromic acid [13530-68-2]	30441-38-4
236-948-9||13560-89-9||LU:Dodecachloropentacyclo[12.2.1.16,9.02,13.05,10]octadeca-7,15-diene covering any of its individual anti- and syn-isomers or any combination thereof||||	13560-89-9
236-948-9||13560-89-9||LU:Dodecachloropentacyclo[12.2.1.16,9.02,13.05,10]octadeca-7,15-diene covering any of its individual anti- and syn-isomers or any combination thereof||AS:1,6,7,8,9,14,15,16,17,17,18,18-Dodecachloropentacyclo[12.2.1.1(6,9).0(2,13).0(5,10)]octadeca-7,15-diene||AS:As 1,6,7,8,9,14,15,16,17,17,18,18-Dodecachloropentacyclo[12.2.1.1(6,9).0(2,13).0(5,10)]octadeca-7,15-diene [13560-89-9]	11114-14-0
236-948-9||13560-89-9||LU:Dodecachloropentacyclo[12.2.1.16,9.02,13.05,10]octadeca-7,15-diene covering any of its individual anti- and syn-isomers or any combination thereof||AS:1,6,7,8,9,14,15,16,17,17,18,18-Dodecachloropentacyclo[12.2.1.1(6,9).0(2,13).0(5,10)]octadeca-7,15-diene||AS:As 1,6,7,8,9,14,15,16,17,17,18,18-Dodecachloropentacyclo[12.2.1.1(6,9).0(2,13).0(5,10)]octadeca-7,15-diene [13560-89-9]	1195618-74-6
236-948-9||13560-89-9||LU:Dodecachloropentacyclo[12.2.1.16,9.02,13.05,10]octadeca-7,15-diene covering any of its individual anti- and syn-isomers or any combination thereof||AS:1,6,7,8,9,14,15,16,17,17,18,18-Dodecachloropentacyclo[12.2.1.1(6,9).0(2,13).0(5,10)]octadeca-7,15-diene||AS:As 1,6,7,8,9,14,15,16,17,17,18,18-Dodecachloropentacyclo[12.2.1.1(6,9).0(2,13).0(5,10)]octadeca-7,15-diene [13560-89-9]	39386-10-2
236-948-9||13560-89-9||LU:Dodecachloropentacyclo[12.2.1.16,9.02,13.05,10]octadeca-7,15-diene covering any of its individual anti- and syn-isomers or any combination thereof||AS:1,6,7,8,9,14,15,16,17,17,18,18-Dodecachloropentacyclo[12.2.1.1(6,9).0(2,13).0(5,10)]octadeca-7,15-diene||AS:As 1,6,7,8,9,14,15,16,17,17,18,18-Dodecachloropentacyclo[12.2.1.1(6,9).0(2,13).0(5,10)]octadeca-7,15-diene [13560-89-9]	40372-58-5
236-948-9||13560-89-9||LU:Dodecachloropentacyclo[12.2.1.16,9.02,13.05,10]octadeca-7,15-diene covering any of its individual anti- and syn-isomers or any combination thereof||AS:1,6,7,8,9,14,15,16,17,17,18,18-Dodecachloropentacyclo[12.2.1.1(6,9).0(2,13).0(5,10)]octadeca-7,15-diene||AS:As 1,6,7,8,9,14,15,16,17,17,18,18-Dodecachloropentacyclo[12.2.1.1(6,9).0(2,13).0(5,10)]octadeca-7,15-diene [13560-89-9]	59459-11-9
236-948-9||13560-89-9||LU:Dodecachloropentacyclo[12.2.1.16,9.02,13.05,10]octadeca-7,15-diene covering any of its individual anti- and syn-isomers or any combination thereof||AS:1,6,7,8,9,14,15,16,17,17,18,18-Dodecachloropentacyclo[12.2.1.1(6,9).0(2,13).0(5,10)]octadeca-7,15-diene||AS:As 1,6,7,8,9,14,15,16,17,17,18,18-Dodecachloropentacyclo[12.2.1.1(6,9).0(2,13).0(5,10)]octadeca-7,15-diene [13560-89-9]	60880-74-2
237-222-4||13701-59-2||||||	13701-59-2
237-222-4||13701-59-2||||AS:Barium diboron tetraoxide||AS:As Barium diboron tetraoxide [13701-59-2]	1217267-31-6
237-222-4||13701-59-2||||AS:Barium diboron tetraoxide||AS:As Barium diboron tetraoxide [13701-59-2]	1227947-10-5
237-222-4||13701-59-2||||AS:Barium diboron tetraoxide||AS:As Barium diboron tetraoxide [13701-59-2]	12322-79-1
237-222-4||13701-59-2||||AS:Barium diboron tetraoxide||AS:As Barium diboron tetraoxide [13701-59-2]	1236181-93-3
237-222-4||13701-59-2||||AS:Barium diboron tetraoxide||AS:As Barium diboron tetraoxide [13701-59-2]	1259534-55-8
237-222-4||13701-59-2||||AS:Barium diboron tetraoxide||AS:As Barium diboron tetraoxide [13701-59-2]	1314087-69-8
237-222-4||13701-59-2||||AS:Barium diboron tetraoxide||AS:As Barium diboron tetraoxide [13701-59-2]	1330063-14-3
237-222-4||13701-59-2||||AS:Barium diboron tetraoxide||AS:As Barium diboron tetraoxide [13701-59-2]	1373494-71-3
237-222-4||13701-59-2||||AS:Barium diboron tetraoxide||AS:As Barium diboron tetraoxide [13701-59-2]	1383782-37-3
237-222-4||13701-59-2||||AS:Barium diboron tetraoxide||AS:As Barium diboron tetraoxide [13701-59-2]	15935-90-7
237-222-4||13701-59-2||||AS:Barium diboron tetraoxide||AS:As Barium diboron tetraoxide [13701-59-2]	52019-27-9
237-222-4||13701-59-2||||AS:Barium diboron tetraoxide||AS:As Barium diboron tetraoxide [13701-59-2]	52233-42-8
237-222-4||13701-59-2||||AS:Barium diboron tetraoxide||AS:As Barium diboron tetraoxide [13701-59-2]	52296-79-4
237-222-4||13701-59-2||||AS:Barium diboron tetraoxide||AS:As Barium diboron tetraoxide [13701-59-2]	62229-38-3
237-222-4||13701-59-2||||AS:Barium diboron tetraoxide||AS:As Barium diboron tetraoxide [13701-59-2]	855843-82-2
237-222-4||13701-59-2||||AS:Barium diboron tetraoxide||AS:As Barium diboron tetraoxide [13701-59-2]	932697-96-6
237-222-4||13701-59-2||||AS:Barium diboron tetraoxide||AS:As Barium diboron tetraoxide [13701-59-2]	950582-72-6
237-486-0||13814-96-5||||||	13814-96-5
237-486-0||13814-96-5||||AS:Lead bis(tetrafluoroborate)||AS:As Lead bis(tetrafluoroborate) [13814-96-5]	35254-34-3
237-560-2||13840-56-7||LU:Orthoboric acid, sodium salt||||	13840-56-7
238-009-9||14166-21-3||||||AS:the individual cis- and trans- isomer substances and all possible combinations of the cis- and trans-isomers are covered by this entry	14166-21-3
238-253-6||14312-40-4||LU:Orthoboric acid, sodium salt||||	14312-40-4
239-139-9||15087-24-8||||||	15087-24-8
239-139-9||15087-24-8||||AS:1,7,7-Trimethyl-3-(phenylmethylene)bicyclo[2.2.1]heptan-2-one||AS:As 1,7,7-Trimethyl-3-(phenylmethylene)bicyclo[2.2.1]heptan-2-one [15087-24-8]	36065-10-8
239-172-9||15120-21-5||||||	15120-21-5
239-290-0||15245-44-0||||||	15245-44-0
239-290-0||15245-44-0||||AS:Lead styphnate||AS:As Lead styphnate [15245-44-0]	4219-19-6
239-290-0||15245-44-0||||AS:Lead styphnate||AS:As Lead styphnate [15245-44-0]	59286-40-7
239-290-0||15245-44-0||||AS:Lead styphnate||AS:As Lead styphnate [15245-44-0]	63918-97-8
239-290-0||15245-44-0||||AS:Lead styphnate||AS:As Lead styphnate [15245-44-0]	6594-85-0
239-622-4||15571-58-1||||||	15571-58-1
239-622-4||15571-58-1||||AS:2-Ethylhexyl 10-ethyl-4,4-dioctyl-7-oxo-8-oxa-3,5-dithia-4-stannatetradecanoate||AS:As 2-Ethylhexyl 10-ethyl-4,4-dioctyl-7-oxo-8-oxa-3,5-dithia-4-stannatetradecanoate [15571-58-1]	52433-96-2
239-622-4||15571-58-1||||AS:2-Ethylhexyl 10-ethyl-4,4-dioctyl-7-oxo-8-oxa-3,5-dithia-4-stannatetradecanoate||AS:As 2-Ethylhexyl 10-ethyl-4,4-dioctyl-7-oxo-8-oxa-3,5-dithia-4-stannatetradecanoate [15571-58-1]	64685-79-6
239-622-4||15571-58-1||||AS:2-Ethylhexyl 10-ethyl-4,4-dioctyl-7-oxo-8-oxa-3,5-dithia-4-stannatetradecanoate||AS:As 2-Ethylhexyl 10-ethyl-4,4-dioctyl-7-oxo-8-oxa-3,5-dithia-4-stannatetradecanoate [15571-58-1]	71061-19-3
239-622-4||15571-58-1||||AS:2-Ethylhexyl 10-ethyl-4,4-dioctyl-7-oxo-8-oxa-3,5-dithia-4-stannatetradecanoate||AS:As 2-Ethylhexyl 10-ethyl-4,4-dioctyl-7-oxo-8-oxa-3,5-dithia-4-stannatetradecanoate [15571-58-1]	85873-44-5
241-427-4||17404-66-9||LU:4-Nonylphenol, branched and linear||||	17404-66-9
241-867-7||17928-28-8||||||	17928-28-8
241-867-7||17928-28-8||||AS:1,1,1,3,5,5,5-Heptamethyl-3-[(trimethylsilyl)oxy]trisiloxane||AS:As 1,1,1,3,5,5,5-Heptamethyl-3-[(trimethylsilyl)oxy]trisiloxane [17928-28-8]	500992-37-0
243-072-0||19438-60-9||||||AS:the individual isomers (including their cis- and trans- stereo isomeric forms and all possible combinations of the isomers are covered by this entry	19438-60-9
243-072-0||19438-60-9||||AS:Hexahydro-4-methylphthalic anhydride||AS:the individual isomers (including their cis- and trans- stereo isomeric forms and all possible combinations of the isomers are covered by this entry	1262424-73-6
243-072-0||19438-60-9||||AS:Hexahydro-4-methylphthalic anhydride||AS:the individual isomers (including their cis- and trans- stereo isomeric forms and all possible combinations of the isomers are covered by this entry	129574-07-8
243-072-0||19438-60-9||||AS:Hexahydro-4-methylphthalic anhydride||AS:the individual isomers (including their cis- and trans- stereo isomeric forms and all possible combinations of the isomers are covered by this entry	15433-45-1
243-072-0||19438-60-9||||AS:Hexahydro-4-methylphthalic anhydride||AS:the individual isomers (including their cis- and trans- stereo isomeric forms and all possible combinations of the isomers are covered by this entry	636588-30-2
243-518-4||20109-59-5||||||	20109-59-5
243-816-4||20427-84-3||||||AS:branched and linear, substances with a linear and/or branched alkyl chain with a carbon number of 9 covalently bound in position 4 to phenol, ethoxylated covering UVCB- and well-defined substances, polymers and homologues, which include any of the individual isomers and/or combinations thereof	20427-84-3
243-816-4||20427-84-3||||AS:2-[2-(4-Nonylphenoxy)ethoxy]ethanol||AS:branched and linear, substances with a linear and/or branched alkyl chain with a carbon number of 9 covalently bound in position 4 to phenol, ethoxylated covering UVCB- and well-defined substances, polymers and homologues, which include any of the individual isomers and/or combinations thereof	1422956-30-6
244-073-9||20837-86-9||||||	20837-86-9
244-168-5||21041-95-2||||||	21041-95-2
244-168-5||21041-95-2||||AS:Cadmium hydroxide||AS:As Cadmium hydroxide [21041-95-2]	1306-13-4
244-168-5||21041-95-2||||AS:Cadmium hydroxide||AS:As Cadmium hydroxide [21041-95-2]	13589-17-8
245-152-0||22673-19-4||||||	22673-19-4
246-356-2||24613-89-6||||||	24613-89-6
246-672-0||25154-52-3||LU:4-Nonylphenol, branched and linear||||	25154-52-3
246-672-0||25154-52-3||LU:4-Nonylphenol, branched and linear||AS:Nonylphenol||AS:As Nonylphenol [25154-52-3]	1300-16-9
246-672-0||25154-52-3||LU:4-Nonylphenol, branched and linear||AS:Nonylphenol||AS:As Nonylphenol [25154-52-3]	1323-65-5
246-672-0||25154-52-3||LU:4-Nonylphenol, branched and linear||AS:Nonylphenol||AS:As Nonylphenol [25154-52-3]	136-83-4
246-672-0||25154-52-3||LU:4-Nonylphenol, branched and linear||AS:Nonylphenol||AS:As Nonylphenol [25154-52-3]	139-84-4
246-672-0||25154-52-3||LU:4-Nonylphenol, branched and linear||AS:Nonylphenol||AS:As Nonylphenol [25154-52-3]	256459-00-4
246-672-0||25154-52-3||LU:4-Nonylphenol, branched and linear||AS:Nonylphenol||AS:As Nonylphenol [25154-52-3]	27938-31-4
246-672-0||25154-52-3||LU:4-Nonylphenol, branched and linear||AS:Nonylphenol||AS:As Nonylphenol [25154-52-3]	68081-86-7
246-672-0||25154-52-3||LU:4-Nonylphenol, branched and linear||AS:Nonylphenol||AS:As Nonylphenol [25154-52-3]	87247-00-5
246-672-0||25154-52-3||LU:4-Nonylphenol, branched and linear||AS:Nonylphenol||AS:As Nonylphenol [25154-52-3]	91672-41-2
246-677-8||25155-23-1||||||	25155-23-1
246-677-8||25155-23-1||||AS:Trixylyl phosphate||AS:As Trixylyl phosphate [25155-23-1]	174956-83-3
246-677-8||25155-23-1||||AS:Trixylyl phosphate||AS:As Trixylyl phosphate [25155-23-1]	95660-61-0
247-094-1||25550-51-0||||||AS:the individual isomers (including their cis- and trans- stereo isomeric forms and all possible combinations of the isomers are covered by this entry	25550-51-0
247-094-1||25550-51-0||||AS:Hexahydromethylphthalic anhydride||AS:the individual isomers (including their cis- and trans- stereo isomeric forms and all possible combinations of the isomers are covered by this entry	39363-62-7
247-094-1||25550-51-0||||AS:Hexahydromethylphthalic anhydride||AS:the individual isomers (including their cis- and trans- stereo isomeric forms and all possible combinations of the isomers are covered by this entry	454184-09-9
247-094-1||25550-51-0||||AS:Hexahydromethylphthalic anhydride||AS:the individual isomers (including their cis- and trans- stereo isomeric forms and all possible combinations of the isomers are covered by this entry	86403-41-0
247-094-1||25550-51-0||||AS:Hexahydromethylphthalic anhydride||AS:the individual isomers (including their cis- and trans- stereo isomeric forms and all possible combinations of the isomers are covered by this entry	95032-44-3
247-148-4||25637-99-4||LU:Hexabromocyclododecane (HBCDD)||||	25637-99-4
247-148-4||25637-99-4||LU:Hexabromocyclododecane (HBCDD)||AS:Hexabromocyclododecane||AS:As Hexabromocyclododecane [25637-99-4]	1027045-74-4
247-148-4||25637-99-4||LU:Hexabromocyclododecane (HBCDD)||AS:Hexabromocyclododecane||AS:As Hexabromocyclododecane [25637-99-4]	138257-17-7
247-148-4||25637-99-4||LU:Hexabromocyclododecane (HBCDD)||AS:Hexabromocyclododecane||AS:As Hexabromocyclododecane [25637-99-4]	138257-18-8
247-148-4||25637-99-4||LU:Hexabromocyclododecane (HBCDD)||AS:Hexabromocyclododecane||AS:As Hexabromocyclododecane [25637-99-4]	138257-19-9
247-148-4||25637-99-4||LU:Hexabromocyclododecane (HBCDD)||AS:Hexabromocyclododecane||AS:As Hexabromocyclododecane [25637-99-4]	169102-57-2
247-148-4||25637-99-4||LU:Hexabromocyclododecane (HBCDD)||AS:Hexabromocyclododecane||AS:As Hexabromocyclododecane [25637-99-4]	22374-57-8
247-148-4||25637-99-4||LU:Hexabromocyclododecane (HBCDD)||AS:Hexabromocyclododecane||AS:As Hexabromocyclododecane [25637-99-4]	4736-49-6
247-148-4||25637-99-4||LU:Hexabromocyclododecane (HBCDD)||AS:Hexabromocyclododecane||AS:As Hexabromocyclododecane [25637-99-4]	65701-47-5
247-148-4||25637-99-4||LU:Hexabromocyclododecane (HBCDD)||AS:Hexabromocyclododecane||AS:As Hexabromocyclododecane [25637-99-4]	678970-15-5
247-148-4||25637-99-4||LU:Hexabromocyclododecane (HBCDD)||AS:Hexabromocyclododecane||AS:As Hexabromocyclododecane [25637-99-4]	678970-16-6
247-148-4||25637-99-4||LU:Hexabromocyclododecane (HBCDD)||AS:Hexabromocyclododecane||AS:As Hexabromocyclododecane [25637-99-4]	678970-17-7
247-384-8||25973-55-1||||||AS:UV-328	25973-55-1
247-384-8||25973-55-1||||AS:2-(2H-Benzotriazol-2-yl)-4,6-di-tert-pentylphenol||AS:UV-328	102257-30-7
247-384-8||25973-55-1||||AS:2-(2H-Benzotriazol-2-yl)-4,6-di-tert-pentylphenol||AS:UV-328	104817-16-5
247-384-8||25973-55-1||||AS:2-(2H-Benzotriazol-2-yl)-4,6-di-tert-pentylphenol||AS:UV-328	1244977-94-3
247-384-8||25973-55-1||||AS:2-(2H-Benzotriazol-2-yl)-4,6-di-tert-pentylphenol||AS:UV-328	131242-53-0
247-384-8||25973-55-1||||AS:2-(2H-Benzotriazol-2-yl)-4,6-di-tert-pentylphenol||AS:UV-328	134018-57-8
247-384-8||25973-55-1||||AS:2-(2H-Benzotriazol-2-yl)-4,6-di-tert-pentylphenol||AS:UV-328	1391942-68-9
247-384-8||25973-55-1||||AS:2-(2H-Benzotriazol-2-yl)-4,6-di-tert-pentylphenol||AS:UV-328	1449275-36-8
247-384-8||25973-55-1||||AS:2-(2H-Benzotriazol-2-yl)-4,6-di-tert-pentylphenol||AS:UV-328	1492588-58-5
247-384-8||25973-55-1||||AS:2-(2H-Benzotriazol-2-yl)-4,6-di-tert-pentylphenol||AS:UV-328	153613-73-1
247-384-8||25973-55-1||||AS:2-(2H-Benzotriazol-2-yl)-4,6-di-tert-pentylphenol||AS:UV-328	186805-09-4
247-384-8||25973-55-1||||AS:2-(2H-Benzotriazol-2-yl)-4,6-di-tert-pentylphenol||AS:UV-328	188025-36-7
247-384-8||25973-55-1||||AS:2-(2H-Benzotriazol-2-yl)-4,6-di-tert-pentylphenol||AS:UV-328	189377-89-7
247-384-8||25973-55-1||||AS:2-(2H-Benzotriazol-2-yl)-4,6-di-tert-pentylphenol||AS:UV-328	3142-41-4
247-384-8||25973-55-1||||AS:2-(2H-Benzotriazol-2-yl)-4,6-di-tert-pentylphenol||AS:UV-328	42558-99-6
247-384-8||25973-55-1||||AS:2-(2H-Benzotriazol-2-yl)-4,6-di-tert-pentylphenol||AS:UV-328	51829-45-9
247-384-8||25973-55-1||||AS:2-(2H-Benzotriazol-2-yl)-4,6-di-tert-pentylphenol||AS:UV-328	70419-42-0
247-384-8||25973-55-1||||AS:2-(2H-Benzotriazol-2-yl)-4,6-di-tert-pentylphenol||AS:UV-328	796971-88-5
247-384-8||25973-55-1||||AS:2-(2H-Benzotriazol-2-yl)-4,6-di-tert-pentylphenol||AS:UV-328	850346-35-9
247-384-8||25973-55-1||||AS:2-(2H-Benzotriazol-2-yl)-4,6-di-tert-pentylphenol||AS:UV-328	855281-45-7
247-384-8||25973-55-1||||AS:2-(2H-Benzotriazol-2-yl)-4,6-di-tert-pentylphenol||AS:UV-328	909728-30-9
247-384-8||25973-55-1||||AS:2-(2H-Benzotriazol-2-yl)-4,6-di-tert-pentylphenol||AS:UV-328	98354-04-2
247-426-5||26040-51-7||||||AS:covering any of the individual isomers and/or combinations thereof	26040-51-7
247-426-5||26040-51-7||||AS:Bis(2-ethylhexyl) tetrabromophthalate||AS:covering any of the individual isomers and/or combinations thereof	118817-35-9
247-426-5||26040-51-7||||AS:Bis(2-ethylhexyl) tetrabromophthalate||AS:covering any of the individual isomers and/or combinations thereof	119418-65-4
247-555-7||26264-02-8||LU:4-Nonylphenol, branched and linear, ethoxylated||||	26264-02-8
247-759-6||26523-78-4||LU:Tris(4-nonylphenyl, branched and linear) phosphite (TNPP)||||	26523-78-4
247-759-6||26523-78-4||LU:Tris(4-nonylphenyl, branched and linear) phosphite (TNPP)||AS:Tris(nonylphenyl) phosphite||AS:As Tris(nonylphenyl) phosphite [26523-78-4]	125935-91-3
247-759-6||26523-78-4||LU:Tris(4-nonylphenyl, branched and linear) phosphite (TNPP)||AS:Tris(nonylphenyl) phosphite||AS:As Tris(nonylphenyl) phosphite [26523-78-4]	1331-68-6
247-759-6||26523-78-4||LU:Tris(4-nonylphenyl, branched and linear) phosphite (TNPP)||AS:Tris(nonylphenyl) phosphite||AS:As Tris(nonylphenyl) phosphite [26523-78-4]	16784-72-8
247-759-6||26523-78-4||LU:Tris(4-nonylphenyl, branched and linear) phosphite (TNPP)||AS:Tris(nonylphenyl) phosphite||AS:As Tris(nonylphenyl) phosphite [26523-78-4]	221006-80-0
247-759-6||26523-78-4||LU:Tris(4-nonylphenyl, branched and linear) phosphite (TNPP)||AS:Tris(nonylphenyl) phosphite||AS:As Tris(nonylphenyl) phosphite [26523-78-4]	88985-15-3
247-770-6||26543-97-5||LU:4-Nonylphenol, branched and linear||||	26543-97-5
247-816-5||26571-11-9||LU:4-Nonylphenol, branched and linear, ethoxylated||||	26571-11-9
247-816-5||26571-11-9||LU:4-Nonylphenol, branched and linear, ethoxylated||AS:26-(Nonylphenoxy)-3,6,9,12,15,18,21,24-octaoxahexacosan-1-ol||AS:As 26-(Nonylphenoxy)-3,6,9,12,15,18,21,24-octaoxahexacosan-1-ol [26571-11-9]	41257-07-2
248-291-5||27176-93-8||LU:4-Nonylphenol, branched and linear, ethoxylated||||	27176-93-8
248-291-5||27176-93-8||LU:4-Nonylphenol, branched and linear, ethoxylated||AS:2-[2-(Nonylphenoxy)ethoxy]ethanol||AS:As 2-[2-(Nonylphenoxy)ethoxy]ethanol [27176-93-8]	106400-82-2
248-292-0||27177-03-3||LU:4-Nonylphenol, branched and linear, ethoxylated||||	27177-03-3
248-293-6||27177-05-5||LU:4-Nonylphenol, branched and linear, ethoxylated||||	27177-05-5
248-294-1||27177-08-8||LU:4-Nonylphenol, branched and linear, ethoxylated||||	27177-08-8
248-294-1||27177-08-8||LU:4-Nonylphenol, branched and linear, ethoxylated||AS:29-(Nonylphenoxy)-3,6,9,12,15,18,21,24,27-nonaoxanonacosanol||AS:As 29-(Nonylphenoxy)-3,6,9,12,15,18,21,24,27-nonaoxanonacosanol [27177-08-8]	29716-54-9
248-743-1||27942-27-4||||||AS:branched and linear, substances with a linear and/or branched alkyl chain with a carbon number of 9 covalently bound in position 4 to phenol, ethoxylated covering UVCB- and well-defined substances, polymers and homologues, which include any of the individual isomers and/or combinations thereof	27942-27-4
248-762-5||27986-36-3||LU:4-Nonylphenol, branched and linear, ethoxylated||||	27986-36-3
249-616-3||29420-49-3||LU:Perfluorobutane sulfonic acid salts||||	29420-49-3
250-339-5||30784-30-6||LU:4-Nonylphenol, branched and linear||||	30784-30-6
251-823-9||34090-76-1||LU:Hexahydromethylphthalic anhydride||||	34090-76-1
251-823-9||34090-76-1||LU:Hexahydromethylphthalic anhydride||AS:Tetrahydro-4-methylphthalic anhydride||AS:As Tetrahydro-4-methylphthalic anhydride [34090-76-1]	19438-59-6
253-037-1||36437-37-3||||||AS:UV-350	36437-37-3
253-037-1||36437-37-3||||AS:2-(2H-Benzotriazol-2-yl)-4-(tert-butyl)-6-(sec-butyl)phenol||AS:UV-350	122245-62-9
253-037-1||36437-37-3||||AS:2-(2H-Benzotriazol-2-yl)-4-(tert-butyl)-6-(sec-butyl)phenol||AS:UV-350	142513-61-9
253-037-1||36437-37-3||||AS:2-(2H-Benzotriazol-2-yl)-4-(tert-butyl)-6-(sec-butyl)phenol||AS:UV-350	153613-76-4
253-037-1||36437-37-3||||AS:2-(2H-Benzotriazol-2-yl)-4-(tert-butyl)-6-(sec-butyl)phenol||AS:UV-350	188025-37-8
253-037-1||36437-37-3||||AS:2-(2H-Benzotriazol-2-yl)-4-(tert-butyl)-6-(sec-butyl)phenol||AS:UV-350	189456-67-5
253-057-0||36483-57-5||||||	36483-57-5
253-242-6||36861-47-9||LU:(.+-.)-1,7,7-Trimethyl-3-[(4-methylphenyl)methylene]bicyclo[2.2.1]heptan-2-one covering any of the individual isomers and/or combinations thereof (4-MBC)||||	36861-47-9
253-242-6||36861-47-9||LU:(.+-.)-1,7,7-Trimethyl-3-[(4-methylphenyl)methylene]bicyclo[2.2.1]heptan-2-one covering any of the individual isomers and/or combinations thereof (4-MBC)||AS:(.+-.)-1,7,7-Trimethyl-3-[(4-methylphenyl)methylene]bicyclo[2.2.1]heptan-2-one||AS:As (.+-.)-1,7,7-Trimethyl-3-[(4-methylphenyl)methylene]bicyclo[2.2.1]heptan-2-one [36861-47-9]	38102-62-4
253-242-6||36861-47-9||LU:(.+-.)-1,7,7-Trimethyl-3-[(4-methylphenyl)methylene]bicyclo[2.2.1]heptan-2-one covering any of the individual isomers and/or combinations thereof (4-MBC)||AS:(.+-.)-1,7,7-Trimethyl-3-[(4-methylphenyl)methylene]bicyclo[2.2.1]heptan-2-one||AS:As (.+-.)-1,7,7-Trimethyl-3-[(4-methylphenyl)methylene]bicyclo[2.2.1]heptan-2-one [36861-47-9]	84055-65-2
253-692-3||37853-59-1||||||	37853-59-1
253-692-3||37853-59-1||||AS:1,1'-[Ethane-1,2-diylbisoxy]bis[2,4,6-tribromobenzene]||AS:As 1,1'-[Ethane-1,2-diylbisoxy]bis[2,4,6-tribromobenzene] [37853-59-1]	1071720-50-7
253-692-3||37853-59-1||||AS:1,1'-[Ethane-1,2-diylbisoxy]bis[2,4,6-tribromobenzene]||AS:As 1,1'-[Ethane-1,2-diylbisoxy]bis[2,4,6-tribromobenzene] [37853-59-1]	59764-36-2
253-692-3||37853-59-1||||AS:1,1'-[Ethane-1,2-diylbisoxy]bis[2,4,6-tribromobenzene]||AS:As 1,1'-[Ethane-1,2-diylbisoxy]bis[2,4,6-tribromobenzene] [37853-59-1]	70226-42-5
255-695-5||42173-90-0||LU:4-Nonylphenol, branched and linear, ethoxylated||||	42173-90-0
256-356-4||48122-14-1||||||AS:the individual isomers (including their cis- and trans- stereo isomeric forms and all possible combinations of the isomers are covered by this entry	48122-14-1
256-418-0||49663-84-5||||||	49663-84-5
257-175-3||51404-69-4||||||	51404-69-4
257-907-1||52427-13-1||LU:4-Nonylphenol, branched and linear||||	52427-13-1
260-566-1||57110-29-9||||||AS:the individual isomers (including their cis- and trans- stereo isomeric forms and all possible combinations of the isomers are covered by this entry	57110-29-9
260-566-1||57110-29-9||||AS:Hexahydro-3-methylphthalic anhydride||AS:the individual isomers (including their cis- and trans- stereo isomeric forms and all possible combinations of the isomers are covered by this entry	1338799-01-1
260-566-1||57110-29-9||||AS:Hexahydro-3-methylphthalic anhydride||AS:the individual isomers (including their cis- and trans- stereo isomeric forms and all possible combinations of the isomers are covered by this entry	1357484-91-3
260-678-0||57321-10-5||LU:4-Nonylphenol, branched and linear, ethoxylated||||	57321-10-5
262-967-7||61788-32-7||||||	61788-32-7
263-004-3||61788-76-9||LU:Alkanes, C10-13, chloro (Short Chain Chlorinated Paraffins)||||AS:might contain short-chain chlorinated paraffins	61788-76-9
263-004-3||61788-76-9||LU:Alkanes, C10-13, chloro (Short Chain Chlorinated Paraffins)||AS:Alkanes, chloro-||AS:might contain short-chain chlorinated paraffins	1002-69-3
263-004-3||61788-76-9||LU:Alkanes, C10-13, chloro (Short Chain Chlorinated Paraffins)||AS:Alkanes, chloro-||AS:might contain short-chain chlorinated paraffins	102736-13-0
263-004-3||61788-76-9||LU:Alkanes, C10-13, chloro (Short Chain Chlorinated Paraffins)||AS:Alkanes, chloro-||AS:might contain short-chain chlorinated paraffins	104948-36-9
263-004-3||61788-76-9||LU:Alkanes, C10-13, chloro (Short Chain Chlorinated Paraffins)||AS:Alkanes, chloro-||AS:might contain short-chain chlorinated paraffins	11104-09-9
263-004-3||61788-76-9||LU:Alkanes, C10-13, chloro (Short Chain Chlorinated Paraffins)||AS:Alkanes, chloro-||AS:might contain short-chain chlorinated paraffins	112-52-7
263-004-3||61788-76-9||LU:Alkanes, C10-13, chloro (Short Chain Chlorinated Paraffins)||AS:Alkanes, chloro-||AS:might contain short-chain chlorinated paraffins	12633-77-1
263-004-3||61788-76-9||LU:Alkanes, C10-13, chloro (Short Chain Chlorinated Paraffins)||AS:Alkanes, chloro-||AS:might contain short-chain chlorinated paraffins	188265-19-2
263-004-3||61788-76-9||LU:Alkanes, C10-13, chloro (Short Chain Chlorinated Paraffins)||AS:Alkanes, chloro-||AS:might contain short-chain chlorinated paraffins	2162-98-3
263-004-3||61788-76-9||LU:Alkanes, C10-13, chloro (Short Chain Chlorinated Paraffins)||AS:Alkanes, chloro-||AS:might contain short-chain chlorinated paraffins	2350-11-0
263-004-3||61788-76-9||LU:Alkanes, C10-13, chloro (Short Chain Chlorinated Paraffins)||AS:Alkanes, chloro-||AS:might contain short-chain chlorinated paraffins	2473-03-2
263-004-3||61788-76-9||LU:Alkanes, C10-13, chloro (Short Chain Chlorinated Paraffins)||AS:Alkanes, chloro-||AS:might contain short-chain chlorinated paraffins	34214-82-9
263-004-3||61788-76-9||LU:Alkanes, C10-13, chloro (Short Chain Chlorinated Paraffins)||AS:Alkanes, chloro-||AS:might contain short-chain chlorinated paraffins	38605-30-0
263-004-3||61788-76-9||LU:Alkanes, C10-13, chloro (Short Chain Chlorinated Paraffins)||AS:Alkanes, chloro-||AS:might contain short-chain chlorinated paraffins	3922-24-5
263-004-3||61788-76-9||LU:Alkanes, C10-13, chloro (Short Chain Chlorinated Paraffins)||AS:Alkanes, chloro-||AS:might contain short-chain chlorinated paraffins	3922-26-7
263-004-3||61788-76-9||LU:Alkanes, C10-13, chloro (Short Chain Chlorinated Paraffins)||AS:Alkanes, chloro-||AS:might contain short-chain chlorinated paraffins	3922-36-9
263-004-3||61788-76-9||LU:Alkanes, C10-13, chloro (Short Chain Chlorinated Paraffins)||AS:Alkanes, chloro-||AS:might contain short-chain chlorinated paraffins	43090-85-3
263-004-3||61788-76-9||LU:Alkanes, C10-13, chloro (Short Chain Chlorinated Paraffins)||AS:Alkanes, chloro-||AS:might contain short-chain chlorinated paraffins	4325-51-3
263-004-3||61788-76-9||LU:Alkanes, C10-13, chloro (Short Chain Chlorinated Paraffins)||AS:Alkanes, chloro-||AS:might contain short-chain chlorinated paraffins	51059-93-9
263-004-3||61788-76-9||LU:Alkanes, C10-13, chloro (Short Chain Chlorinated Paraffins)||AS:Alkanes, chloro-||AS:might contain short-chain chlorinated paraffins	53572-39-7
263-004-3||61788-76-9||LU:Alkanes, C10-13, chloro (Short Chain Chlorinated Paraffins)||AS:Alkanes, chloro-||AS:might contain short-chain chlorinated paraffins	54059-75-5
263-004-3||61788-76-9||LU:Alkanes, C10-13, chloro (Short Chain Chlorinated Paraffins)||AS:Alkanes, chloro-||AS:might contain short-chain chlorinated paraffins	61539-83-1
263-004-3||61788-76-9||LU:Alkanes, C10-13, chloro (Short Chain Chlorinated Paraffins)||AS:Alkanes, chloro-||AS:might contain short-chain chlorinated paraffins	62016-82-4
263-004-3||61788-76-9||LU:Alkanes, C10-13, chloro (Short Chain Chlorinated Paraffins)||AS:Alkanes, chloro-||AS:might contain short-chain chlorinated paraffins	63449-39-8
263-004-3||61788-76-9||LU:Alkanes, C10-13, chloro (Short Chain Chlorinated Paraffins)||AS:Alkanes, chloro-||AS:might contain short-chain chlorinated paraffins	65950-04-1
263-004-3||61788-76-9||LU:Alkanes, C10-13, chloro (Short Chain Chlorinated Paraffins)||AS:Alkanes, chloro-||AS:might contain short-chain chlorinated paraffins	67282-23-9
263-004-3||61788-76-9||LU:Alkanes, C10-13, chloro (Short Chain Chlorinated Paraffins)||AS:Alkanes, chloro-||AS:might contain short-chain chlorinated paraffins	69430-53-1
263-004-3||61788-76-9||LU:Alkanes, C10-13, chloro (Short Chain Chlorinated Paraffins)||AS:Alkanes, chloro-||AS:might contain short-chain chlorinated paraffins	75458-21-8
263-004-3||61788-76-9||LU:Alkanes, C10-13, chloro (Short Chain Chlorinated Paraffins)||AS:Alkanes, chloro-||AS:might contain short-chain chlorinated paraffins	822-13-9
263-004-3||61788-76-9||LU:Alkanes, C10-13, chloro (Short Chain Chlorinated Paraffins)||AS:Alkanes, chloro-||AS:might contain short-chain chlorinated paraffins	85535-86-0
263-004-3||61788-76-9||LU:Alkanes, C10-13, chloro (Short Chain Chlorinated Paraffins)||AS:Alkanes, chloro-||AS:might contain short-chain chlorinated paraffins	900167-11-5
263-004-3||61788-76-9||LU:Alkanes, C10-13, chloro (Short Chain Chlorinated Paraffins)||AS:Alkanes, chloro-||AS:might contain short-chain chlorinated paraffins	RR-126133-2
263-467-1||62229-08-7||||||	62229-08-7
265-785-6||65455-69-8||LU:4-Nonylphenol, branched and linear, ethoxylated||||	65455-69-8
266-028-2||65996-93-2||||||	65996-93-2
266-028-2||65996-93-2||||AS:Pitch, coal tar, high-temperature||AS:As Pitch, coal tar, high-temperature [65996-93-2]	205-99-2
266-578-3||67118-55-2||LU:2,3,3,3-Tetrafluoro-2-(heptafluoropropoxy)propionic acid, its salts and its acyl halides||||	67118-55-2
269-511-6||68259-08-5||LU:Perfluorohexane-1-sulphonic acid and its salts||||	68259-08-5
269-513-7||68259-10-9||LU:Perfluorobutane sulfonic acid salts||||	68259-10-9
270-966-8||68512-30-1||||||	68512-30-1
271-084-6||68515-42-4||||||	68515-42-4
271-084-6||68515-42-4||||AS:1,2-Benzenedicarboxylic acid, di-C7-11-branched and linear alkyl esters||AS:As 1,2-Benzenedicarboxylic acid, di-C7-11-branched and linear alkyl esters [68515-42-4]	117-84-0
271-084-6||68515-42-4||||AS:1,2-Benzenedicarboxylic acid, di-C7-11-branched and linear alkyl esters||AS:As 1,2-Benzenedicarboxylic acid, di-C7-11-branched and linear alkyl esters [68515-42-4]	119-05-1
271-084-6||68515-42-4||||AS:1,2-Benzenedicarboxylic acid, di-C7-11-branched and linear alkyl esters||AS:As 1,2-Benzenedicarboxylic acid, di-C7-11-branched and linear alkyl esters [68515-42-4]	119-07-3
271-084-6||68515-42-4||||AS:1,2-Benzenedicarboxylic acid, di-C7-11-branched and linear alkyl esters||AS:As 1,2-Benzenedicarboxylic acid, di-C7-11-branched and linear alkyl esters [68515-42-4]	131-15-7
271-084-6||68515-42-4||||AS:1,2-Benzenedicarboxylic acid, di-C7-11-branched and linear alkyl esters||AS:As 1,2-Benzenedicarboxylic acid, di-C7-11-branched and linear alkyl esters [68515-42-4]	1330-96-7
271-084-6||68515-42-4||||AS:1,2-Benzenedicarboxylic acid, di-C7-11-branched and linear alkyl esters||AS:As 1,2-Benzenedicarboxylic acid, di-C7-11-branched and linear alkyl esters [68515-42-4]	14103-61-8
271-084-6||68515-42-4||||AS:1,2-Benzenedicarboxylic acid, di-C7-11-branched and linear alkyl esters||AS:As 1,2-Benzenedicarboxylic acid, di-C7-11-branched and linear alkyl esters [68515-42-4]	19295-82-0
271-084-6||68515-42-4||||AS:1,2-Benzenedicarboxylic acid, di-C7-11-branched and linear alkyl esters||AS:As 1,2-Benzenedicarboxylic acid, di-C7-11-branched and linear alkyl esters [68515-42-4]	2229-55-2
271-084-6||68515-42-4||||AS:1,2-Benzenedicarboxylic acid, di-C7-11-branched and linear alkyl esters||AS:As 1,2-Benzenedicarboxylic acid, di-C7-11-branched and linear alkyl esters [68515-42-4]	26761-40-0
271-084-6||68515-42-4||||AS:1,2-Benzenedicarboxylic acid, di-C7-11-branched and linear alkyl esters||AS:As 1,2-Benzenedicarboxylic acid, di-C7-11-branched and linear alkyl esters [68515-42-4]	27554-26-3
271-084-6||68515-42-4||||AS:1,2-Benzenedicarboxylic acid, di-C7-11-branched and linear alkyl esters||AS:As 1,2-Benzenedicarboxylic acid, di-C7-11-branched and linear alkyl esters [68515-42-4]	28553-12-0
271-084-6||68515-42-4||||AS:1,2-Benzenedicarboxylic acid, di-C7-11-branched and linear alkyl esters||AS:As 1,2-Benzenedicarboxylic acid, di-C7-11-branched and linear alkyl esters [68515-42-4]	3648-20-2
271-084-6||68515-42-4||||AS:1,2-Benzenedicarboxylic acid, di-C7-11-branched and linear alkyl esters||AS:As 1,2-Benzenedicarboxylic acid, di-C7-11-branched and linear alkyl esters [68515-42-4]	3648-21-3
271-084-6||68515-42-4||||AS:1,2-Benzenedicarboxylic acid, di-C7-11-branched and linear alkyl esters||AS:As 1,2-Benzenedicarboxylic acid, di-C7-11-branched and linear alkyl esters [68515-42-4]	41451-28-9
271-084-6||68515-42-4||||AS:1,2-Benzenedicarboxylic acid, di-C7-11-branched and linear alkyl esters||AS:As 1,2-Benzenedicarboxylic acid, di-C7-11-branched and linear alkyl esters [68515-42-4]	42343-35-1
271-084-6||68515-42-4||||AS:1,2-Benzenedicarboxylic acid, di-C7-11-branched and linear alkyl esters||AS:As 1,2-Benzenedicarboxylic acid, di-C7-11-branched and linear alkyl esters [68515-42-4]	53272-22-3
271-084-6||68515-42-4||||AS:1,2-Benzenedicarboxylic acid, di-C7-11-branched and linear alkyl esters||AS:As 1,2-Benzenedicarboxylic acid, di-C7-11-branched and linear alkyl esters [68515-42-4]	53306-52-8
271-084-6||68515-42-4||||AS:1,2-Benzenedicarboxylic acid, di-C7-11-branched and linear alkyl esters||AS:As 1,2-Benzenedicarboxylic acid, di-C7-11-branched and linear alkyl esters [68515-42-4]	53306-54-0
271-084-6||68515-42-4||||AS:1,2-Benzenedicarboxylic acid, di-C7-11-branched and linear alkyl esters||AS:As 1,2-Benzenedicarboxylic acid, di-C7-11-branched and linear alkyl esters [68515-42-4]	53363-96-5
271-084-6||68515-42-4||||AS:1,2-Benzenedicarboxylic acid, di-C7-11-branched and linear alkyl esters||AS:As 1,2-Benzenedicarboxylic acid, di-C7-11-branched and linear alkyl esters [68515-42-4]	65185-89-9
271-084-6||68515-42-4||||AS:1,2-Benzenedicarboxylic acid, di-C7-11-branched and linear alkyl esters||AS:As 1,2-Benzenedicarboxylic acid, di-C7-11-branched and linear alkyl esters [68515-42-4]	70152-36-2
271-084-6||68515-42-4||||AS:1,2-Benzenedicarboxylic acid, di-C7-11-branched and linear alkyl esters||AS:As 1,2-Benzenedicarboxylic acid, di-C7-11-branched and linear alkyl esters [68515-42-4]	70857-56-6
271-084-6||68515-42-4||||AS:1,2-Benzenedicarboxylic acid, di-C7-11-branched and linear alkyl esters||AS:As 1,2-Benzenedicarboxylic acid, di-C7-11-branched and linear alkyl esters [68515-42-4]	84-76-4
271-084-6||68515-42-4||||AS:1,2-Benzenedicarboxylic acid, di-C7-11-branched and linear alkyl esters||AS:As 1,2-Benzenedicarboxylic acid, di-C7-11-branched and linear alkyl esters [68515-42-4]	84-77-5
271-084-6||68515-42-4||||AS:1,2-Benzenedicarboxylic acid, di-C7-11-branched and linear alkyl esters||AS:As 1,2-Benzenedicarboxylic acid, di-C7-11-branched and linear alkyl esters [68515-42-4]	85168-75-8
271-084-6||68515-42-4||||AS:1,2-Benzenedicarboxylic acid, di-C7-11-branched and linear alkyl esters||AS:As 1,2-Benzenedicarboxylic acid, di-C7-11-branched and linear alkyl esters [68515-42-4]	85168-79-2
271-084-6||68515-42-4||||AS:1,2-Benzenedicarboxylic acid, di-C7-11-branched and linear alkyl esters||AS:As 1,2-Benzenedicarboxylic acid, di-C7-11-branched and linear alkyl esters [68515-42-4]	85391-46-4
271-084-6||68515-42-4||||AS:1,2-Benzenedicarboxylic acid, di-C7-11-branched and linear alkyl esters||AS:As 1,2-Benzenedicarboxylic acid, di-C7-11-branched and linear alkyl esters [68515-42-4]	85391-47-5
271-084-6||68515-42-4||||AS:1,2-Benzenedicarboxylic acid, di-C7-11-branched and linear alkyl esters||AS:As 1,2-Benzenedicarboxylic acid, di-C7-11-branched and linear alkyl esters [68515-42-4]	85391-48-6
271-084-6||68515-42-4||||AS:1,2-Benzenedicarboxylic acid, di-C7-11-branched and linear alkyl esters||AS:As 1,2-Benzenedicarboxylic acid, di-C7-11-branched and linear alkyl esters [68515-42-4]	85391-49-7
271-084-6||68515-42-4||||AS:1,2-Benzenedicarboxylic acid, di-C7-11-branched and linear alkyl esters||AS:As 1,2-Benzenedicarboxylic acid, di-C7-11-branched and linear alkyl esters [68515-42-4]	85391-50-0
271-084-6||68515-42-4||||AS:1,2-Benzenedicarboxylic acid, di-C7-11-branched and linear alkyl esters||AS:As 1,2-Benzenedicarboxylic acid, di-C7-11-branched and linear alkyl esters [68515-42-4]	85391-51-1
271-084-6||68515-42-4||||AS:1,2-Benzenedicarboxylic acid, di-C7-11-branched and linear alkyl esters||AS:As 1,2-Benzenedicarboxylic acid, di-C7-11-branched and linear alkyl esters [68515-42-4]	85391-52-2
271-084-6||68515-42-4||||AS:1,2-Benzenedicarboxylic acid, di-C7-11-branched and linear alkyl esters||AS:As 1,2-Benzenedicarboxylic acid, di-C7-11-branched and linear alkyl esters [68515-42-4]	85391-53-3
271-084-6||68515-42-4||||AS:1,2-Benzenedicarboxylic acid, di-C7-11-branched and linear alkyl esters||AS:As 1,2-Benzenedicarboxylic acid, di-C7-11-branched and linear alkyl esters [68515-42-4]	85391-54-4
271-084-6||68515-42-4||||AS:1,2-Benzenedicarboxylic acid, di-C7-11-branched and linear alkyl esters||AS:As 1,2-Benzenedicarboxylic acid, di-C7-11-branched and linear alkyl esters [68515-42-4]	85851-76-9
271-084-6||68515-42-4||||AS:1,2-Benzenedicarboxylic acid, di-C7-11-branched and linear alkyl esters||AS:As 1,2-Benzenedicarboxylic acid, di-C7-11-branched and linear alkyl esters [68515-42-4]	85851-77-0
271-084-6||68515-42-4||||AS:1,2-Benzenedicarboxylic acid, di-C7-11-branched and linear alkyl esters||AS:As 1,2-Benzenedicarboxylic acid, di-C7-11-branched and linear alkyl esters [68515-42-4]	85851-78-1
271-084-6||68515-42-4||||AS:1,2-Benzenedicarboxylic acid, di-C7-11-branched and linear alkyl esters||AS:As 1,2-Benzenedicarboxylic acid, di-C7-11-branched and linear alkyl esters [68515-42-4]	85851-79-2
271-084-6||68515-42-4||||AS:1,2-Benzenedicarboxylic acid, di-C7-11-branched and linear alkyl esters||AS:As 1,2-Benzenedicarboxylic acid, di-C7-11-branched and linear alkyl esters [68515-42-4]	85851-80-5
271-084-6||68515-42-4||||AS:1,2-Benzenedicarboxylic acid, di-C7-11-branched and linear alkyl esters||AS:As 1,2-Benzenedicarboxylic acid, di-C7-11-branched and linear alkyl esters [68515-42-4]	85851-81-6
271-084-6||68515-42-4||||AS:1,2-Benzenedicarboxylic acid, di-C7-11-branched and linear alkyl esters||AS:As 1,2-Benzenedicarboxylic acid, di-C7-11-branched and linear alkyl esters [68515-42-4]	85851-82-7
271-084-6||68515-42-4||||AS:1,2-Benzenedicarboxylic acid, di-C7-11-branched and linear alkyl esters||AS:As 1,2-Benzenedicarboxylic acid, di-C7-11-branched and linear alkyl esters [68515-42-4]	85851-83-8
271-084-6||68515-42-4||||AS:1,2-Benzenedicarboxylic acid, di-C7-11-branched and linear alkyl esters||AS:As 1,2-Benzenedicarboxylic acid, di-C7-11-branched and linear alkyl esters [68515-42-4]	85851-84-9
271-084-6||68515-42-4||||AS:1,2-Benzenedicarboxylic acid, di-C7-11-branched and linear alkyl esters||AS:As 1,2-Benzenedicarboxylic acid, di-C7-11-branched and linear alkyl esters [68515-42-4]	85851-85-0
271-084-6||68515-42-4||||AS:1,2-Benzenedicarboxylic acid, di-C7-11-branched and linear alkyl esters||AS:As 1,2-Benzenedicarboxylic acid, di-C7-11-branched and linear alkyl esters [68515-42-4]	85851-86-1
271-084-6||68515-42-4||||AS:1,2-Benzenedicarboxylic acid, di-C7-11-branched and linear alkyl esters||AS:As 1,2-Benzenedicarboxylic acid, di-C7-11-branched and linear alkyl esters [68515-42-4]	85851-88-3
271-084-6||68515-42-4||||AS:1,2-Benzenedicarboxylic acid, di-C7-11-branched and linear alkyl esters||AS:As 1,2-Benzenedicarboxylic acid, di-C7-11-branched and linear alkyl esters [68515-42-4]	85851-91-8
271-084-6||68515-42-4||||AS:1,2-Benzenedicarboxylic acid, di-C7-11-branched and linear alkyl esters||AS:As 1,2-Benzenedicarboxylic acid, di-C7-11-branched and linear alkyl esters [68515-42-4]	85851-92-9
271-084-6||68515-42-4||||AS:1,2-Benzenedicarboxylic acid, di-C7-11-branched and linear alkyl esters||AS:As 1,2-Benzenedicarboxylic acid, di-C7-11-branched and linear alkyl esters [68515-42-4]	89-13-4
271-084-6||68515-42-4||||AS:1,2-Benzenedicarboxylic acid, di-C7-11-branched and linear alkyl esters||AS:As 1,2-Benzenedicarboxylic acid, di-C7-11-branched and linear alkyl esters [68515-42-4]	89-16-7
271-084-6||68515-42-4||||AS:1,2-Benzenedicarboxylic acid, di-C7-11-branched and linear alkyl esters||AS:As 1,2-Benzenedicarboxylic acid, di-C7-11-branched and linear alkyl esters [68515-42-4]	94979-22-3
271-084-6||68515-42-4||||AS:1,2-Benzenedicarboxylic acid, di-C7-11-branched and linear alkyl esters||AS:As 1,2-Benzenedicarboxylic acid, di-C7-11-branched and linear alkyl esters [68515-42-4]	96507-76-5
271-084-6||68515-42-4||||AS:1,2-Benzenedicarboxylic acid, di-C7-11-branched and linear alkyl esters||AS:As 1,2-Benzenedicarboxylic acid, di-C7-11-branched and linear alkyl esters [68515-42-4]	96507-78-7
271-084-6||68515-42-4||||AS:1,2-Benzenedicarboxylic acid, di-C7-11-branched and linear alkyl esters||AS:As 1,2-Benzenedicarboxylic acid, di-C7-11-branched and linear alkyl esters [68515-42-4]	96507-79-8
271-084-6||68515-42-4||||AS:1,2-Benzenedicarboxylic acid, di-C7-11-branched and linear alkyl esters||AS:As 1,2-Benzenedicarboxylic acid, di-C7-11-branched and linear alkyl esters [68515-42-4]	96507-80-1
271-084-6||68515-42-4||||AS:1,2-Benzenedicarboxylic acid, di-C7-11-branched and linear alkyl esters||AS:As 1,2-Benzenedicarboxylic acid, di-C7-11-branched and linear alkyl esters [68515-42-4]	96507-81-2
271-084-6||68515-42-4||||AS:1,2-Benzenedicarboxylic acid, di-C7-11-branched and linear alkyl esters||AS:As 1,2-Benzenedicarboxylic acid, di-C7-11-branched and linear alkyl esters [68515-42-4]	96507-82-3
271-084-6||68515-42-4||||AS:1,2-Benzenedicarboxylic acid, di-C7-11-branched and linear alkyl esters||AS:As 1,2-Benzenedicarboxylic acid, di-C7-11-branched and linear alkyl esters [68515-42-4]	96507-83-4
271-084-6||68515-42-4||||AS:1,2-Benzenedicarboxylic acid, di-C7-11-branched and linear alkyl esters||AS:As 1,2-Benzenedicarboxylic acid, di-C7-11-branched and linear alkyl esters [68515-42-4]	96507-84-5
271-084-6||68515-42-4||||AS:1,2-Benzenedicarboxylic acid, di-C7-11-branched and linear alkyl esters||AS:As 1,2-Benzenedicarboxylic acid, di-C7-11-branched and linear alkyl esters [68515-42-4]	96507-85-6
271-084-6||68515-42-4||||AS:1,2-Benzenedicarboxylic acid, di-C7-11-branched and linear alkyl esters||AS:As 1,2-Benzenedicarboxylic acid, di-C7-11-branched and linear alkyl esters [68515-42-4]	96507-86-7
271-084-6||68515-42-4||||AS:1,2-Benzenedicarboxylic acid, di-C7-11-branched and linear alkyl esters||AS:As 1,2-Benzenedicarboxylic acid, di-C7-11-branched and linear alkyl esters [68515-42-4]	96532-79-5
271-084-6||68515-42-4||||AS:1,2-Benzenedicarboxylic acid, di-C7-11-branched and linear alkyl esters||AS:As 1,2-Benzenedicarboxylic acid, di-C7-11-branched and linear alkyl esters [68515-42-4]	96532-80-8
271-084-6||68515-42-4||||AS:1,2-Benzenedicarboxylic acid, di-C7-11-branched and linear alkyl esters||AS:As 1,2-Benzenedicarboxylic acid, di-C7-11-branched and linear alkyl esters [68515-42-4]	97692-55-2
271-084-6||68515-42-4||||AS:1,2-Benzenedicarboxylic acid, di-C7-11-branched and linear alkyl esters||AS:As 1,2-Benzenedicarboxylic acid, di-C7-11-branched and linear alkyl esters [68515-42-4]	98088-96-1
271-084-6||68515-42-4||||AS:1,2-Benzenedicarboxylic acid, di-C7-11-branched and linear alkyl esters||AS:As 1,2-Benzenedicarboxylic acid, di-C7-11-branched and linear alkyl esters [68515-42-4]	98088-97-2
271-093-5||68515-50-4||||||	68515-50-4
271-093-5||68515-50-4||||AS:1,2-Benzenedicarboxylic acid, dihexyl ester, branched and linear||AS:As 1,2-Benzenedicarboxylic acid, dihexyl ester, branched and linear [68515-50-4]	146-50-9
271-093-5||68515-50-4||||AS:1,2-Benzenedicarboxylic acid, dihexyl ester, branched and linear||AS:As 1,2-Benzenedicarboxylic acid, dihexyl ester, branched and linear [68515-50-4]	7299-89-0
271-094-0||68515-51-5||||||AS:with >=0.3% of dihexyl phthalate (EC No. 201-559-5)	68515-51-5
272-013-1||68648-93-1||||||AS:with >=0.3% of dihexyl phthalate (EC No. 201-559-5)	68648-93-1
272-271-5||68784-75-8||||||AS:with lead (Pb) content above the applicable generic concentration limit for 'toxicity for reproduction' Repr. 1A (CLP) or category 1 (DSD)	68784-75-8
272-924-4||68920-70-7||LU:Alkanes, C10-13, chloro (Short Chain Chlorinated Paraffins)||||AS:might contain short-chain chlorinated paraffins	68920-70-7
273-688-5||69011-06-9||||||	69011-06-9
274-462-9||70225-16-0||LU:Perfluorohexane-1-sulphonic acid and its salts||||	70225-16-0
276-090-2||71850-09-4||||||	71850-09-4
276-090-2||71850-09-4||LU:1,2-Benzenedicarboxylic acid, dihexyl ester, branched and linear||||	71850-09-4
276-158-1||71888-89-6||||||	71888-89-6
276-158-1||71888-89-6||||AS:1,2-Benzenedicarboxylic acid, di-C6-8-branched alkyl esters, C7-rich||AS:As 1,2-Benzenedicarboxylic acid, di-C6-8-branched alkyl esters, C7-rich [71888-89-6]	27554-26-3
276-158-1||71888-89-6||||AS:1,2-Benzenedicarboxylic acid, di-C6-8-branched alkyl esters, C7-rich||AS:As 1,2-Benzenedicarboxylic acid, di-C6-8-branched alkyl esters, C7-rich [71888-89-6]	41451-28-9
276-743-1||72624-02-3||LU:4-Heptylphenol, branched and linear [substances with a linear and/or branched alkyl chain with a carbon number of 7 covalently bound predominantly in position 4 to phenol, covering also UVCB- and well-defined substances which include any of the individual isomers or a combination thereof||||	72624-02-3
276-743-1||72624-02-3||LU:4-Heptylphenol, branched and linear [substances with a linear and/or branched alkyl chain with a carbon number of 7 covalently bound predominantly in position 4 to phenol, covering also UVCB- and well-defined substances which include any of the individual isomers or a combination thereof||AS:Phenol, heptyl derivatives||AS:As Phenol, heptyl derivatives [72624-02-3]	103151-49-1
276-743-1||72624-02-3||LU:4-Heptylphenol, branched and linear [substances with a linear and/or branched alkyl chain with a carbon number of 7 covalently bound predominantly in position 4 to phenol, covering also UVCB- and well-defined substances which include any of the individual isomers or a combination thereof||AS:Phenol, heptyl derivatives||AS:As Phenol, heptyl derivatives [72624-02-3]	26997-02-4
276-743-1||72624-02-3||LU:4-Heptylphenol, branched and linear [substances with a linear and/or branched alkyl chain with a carbon number of 7 covalently bound predominantly in position 4 to phenol, covering also UVCB- and well-defined substances which include any of the individual isomers or a combination thereof||AS:Phenol, heptyl derivatives||AS:As Phenol, heptyl derivatives [72624-02-3]	5284-22-0
276-745-2||72629-94-8||||||	72629-94-8
278-305-5||75768-65-9||LU:4,4'-[2,2,2-Trifluoro-1-(trifluoromethyl)ethylidene]diphenol and its salts||||	75768-65-9
278-355-8||75980-60-8||||||	75980-60-8
281-985-6||84082-38-2||LU:Alkanes, C10-13, chloro (Short Chain Chlorinated Paraffins)||||AS:might contain short-chain chlorinated paraffins	84082-38-2
283-930-1||84776-06-7||LU:Alkanes, C10-13, chloro (Short Chain Chlorinated Paraffins)||||AS:might contain short-chain chlorinated paraffins	84776-06-7
284-032-2||84777-06-0||||||	84777-06-0
284-325-5||84852-15-3||||||AS:substances with a linear and/or branched alkyl chain with a carbon number of 9 covalently bound in position 4 to phenol, covering also UVCB- and well-defined substances which include any of the individual isomers or a combination thereof	84852-15-3
284-325-5||84852-15-3||||AS:4-Nonylphenol, branched||AS:substances with a linear and/or branched alkyl chain with a carbon number of 9 covalently bound in position 4 to phenol, covering also UVCB- and well-defined substances which include any of the individual isomers or a combination thereof	122961-18-6
284-325-5||84852-15-3||||AS:4-Nonylphenol, branched||AS:substances with a linear and/or branched alkyl chain with a carbon number of 9 covalently bound in position 4 to phenol, covering also UVCB- and well-defined substances which include any of the individual isomers or a combination thereof	186825-40-1
284-325-5||84852-15-3||||AS:4-Nonylphenol, branched||AS:substances with a linear and/or branched alkyl chain with a carbon number of 9 covalently bound in position 4 to phenol, covering also UVCB- and well-defined substances which include any of the individual isomers or a combination thereof	58865-77-3
284-325-5||84852-15-3||||AS:4-Nonylphenol, branched||AS:substances with a linear and/or branched alkyl chain with a carbon number of 9 covalently bound in position 4 to phenol, covering also UVCB- and well-defined substances which include any of the individual isomers or a combination thereof	91000-35-0
284-366-9||84852-53-9||||||	84852-53-9
284-366-9||84852-53-9||||AS:1,1'-(Ethane-1,2-diyl)bis[pentabromobenzene]||AS:As 1,1'-(Ethane-1,2-diyl)bis[pentabromobenzene] [84852-53-9]	145054-64-4
284-366-9||84852-53-9||||AS:1,1'-(Ethane-1,2-diyl)bis[pentabromobenzene]||AS:As 1,1'-(Ethane-1,2-diyl)bis[pentabromobenzene] [84852-53-9]	2375505-65-8
284-987-5||85005-55-6||LU:4-Nonylphenol, branched and linear, ethoxylated||||	85005-55-6
287-476-5||85535-84-8||||||	85535-84-8
287-476-5||85535-84-8||||AS:Alkanes, C10-13, chloro||AS:As Alkanes, C10-13, chloro [85535-84-8]	1002-69-3
287-476-5||85535-84-8||||AS:Alkanes, C10-13, chloro||AS:As Alkanes, C10-13, chloro [85535-84-8]	102736-13-0
287-476-5||85535-84-8||||AS:Alkanes, C10-13, chloro||AS:As Alkanes, C10-13, chloro [85535-84-8]	112-52-7
287-476-5||85535-84-8||||AS:Alkanes, C10-13, chloro||AS:As Alkanes, C10-13, chloro [85535-84-8]	2162-98-3
287-476-5||85535-84-8||||AS:Alkanes, C10-13, chloro||AS:As Alkanes, C10-13, chloro [85535-84-8]	2350-11-0
287-476-5||85535-84-8||||AS:Alkanes, C10-13, chloro||AS:As Alkanes, C10-13, chloro [85535-84-8]	2473-03-2
287-476-5||85535-84-8||||AS:Alkanes, C10-13, chloro||AS:As Alkanes, C10-13, chloro [85535-84-8]	34214-82-9
287-476-5||85535-84-8||||AS:Alkanes, C10-13, chloro||AS:As Alkanes, C10-13, chloro [85535-84-8]	38605-30-0
287-476-5||85535-84-8||||AS:Alkanes, C10-13, chloro||AS:As Alkanes, C10-13, chloro [85535-84-8]	43090-85-3
287-476-5||85535-84-8||||AS:Alkanes, C10-13, chloro||AS:As Alkanes, C10-13, chloro [85535-84-8]	4325-51-3
287-476-5||85535-84-8||||AS:Alkanes, C10-13, chloro||AS:As Alkanes, C10-13, chloro [85535-84-8]	54059-75-5
287-476-5||85535-84-8||||AS:Alkanes, C10-13, chloro||AS:As Alkanes, C10-13, chloro [85535-84-8]	61539-83-1
287-476-5||85535-84-8||||AS:Alkanes, C10-13, chloro||AS:As Alkanes, C10-13, chloro [85535-84-8]	65950-04-1
287-476-5||85535-84-8||||AS:Alkanes, C10-13, chloro||AS:As Alkanes, C10-13, chloro [85535-84-8]	67282-23-9
287-476-5||85535-84-8||||AS:Alkanes, C10-13, chloro||AS:As Alkanes, C10-13, chloro [85535-84-8]	75458-21-8
287-476-5||85535-84-8||||AS:Alkanes, C10-13, chloro||AS:As Alkanes, C10-13, chloro [85535-84-8]	822-13-9
287-477-0||85535-85-9||LU:Medium-chain chlorinated paraffins (MCCP)||||	85535-85-9
287-504-6||85536-22-7||LU:Alkanes, C10-13, chloro (Short Chain Chlorinated Paraffins)||||AS:might contain short-chain chlorinated paraffins	85536-22-7
288-211-6||85681-73-8||LU:Alkanes, C10-13, chloro (Short Chain Chlorinated Paraffins)||||AS:might contain short-chain chlorinated paraffins	85681-73-8
291-844-0||90481-04-2||LU:4-Nonylphenol, branched and linear||||	90481-04-2
291-844-0||90481-04-2||LU:4-Nonylphenol, branched and linear||AS:Phenol, nonyl-, branched||AS:As Phenol, nonyl-, branched [90481-04-2]	91672-41-2
292-602-7||90640-80-5||||||	90640-80-5
292-603-2||90640-81-6||||||	90640-81-6
292-604-8||90640-82-7||||||	90640-82-7
292-966-7||91031-62-8||||||	91031-62-8
293-901-5||91648-39-4||LU:Dioctyltin dilaurate, stannane, dioctyl-, bis(coco acyloxy) derivatives, and any other stannane, dioctyl-, bis(fatty acyloxy) derivatives wherein C12 is the predominant carbon number of the fatty acyloxy moiety||||	91648-39-4
293-901-5||91648-39-4||LU:Dioctyltin dilaurate, stannane, dioctyl-, bis(coco acyloxy) derivatives, and any other stannane, dioctyl-, bis(fatty acyloxy) derivatives wherein C12 is the predominant carbon number of the fatty acyloxy moiety||AS:Stannane, dioctyl-, bis(coco acyloxy) derivatives||AS:As Stannane, dioctyl-, bis(coco acyloxy) derivatives [91648-39-4]	85938-41-6
293-926-1||91648-64-5||LU:4-Nonylphenol, branched and linear, ethoxylated||||	91648-64-5
295-275-9||91995-15-2||||||	91995-15-2
295-278-5||91995-17-4||||||	91995-17-4
300-298-5||93925-00-9||LU:Reaction products of 1,3,4-thiadiazolidine-2,5-dithione, formaldehyde and 4-heptylphenol, branched and linear (RP-HP) [with >=0.1% w/w 4-heptylphenol, branched and linear (4-HPbl)]||||	93925-00-9
307-202-0||97553-43-0||LU:Alkanes, C10-13, chloro (Short Chain Chlorinated Paraffins)||||AS:might contain short-chain chlorinated paraffins	97553-43-0
307-451-5||97659-46-6||LU:Alkanes, C10-13, chloro (Short Chain Chlorinated Paraffins)||||AS:might contain short-chain chlorinated paraffins	97659-46-6
310-154-3||121158-58-5||LU:Phenol, alkylation products||||	121158-58-5
310-154-3||121158-58-5||LU:Phenol, alkylation products||AS:Phenol, dodecyl-, branched||AS:As Phenol, dodecyl-, branched [121158-58-5]	11067-80-4
400-600-6||71868-10-5||||||	71868-10-5
401-720-1||6807-17-6||||||	6807-17-6
401-750-5||17570-76-2||||||	17570-76-2
401-750-5||17570-76-2||||AS:Lead(II) bis(methanesulfonate)||AS:As Lead(II) bis(methanesulfonate) [17570-76-2]	149864-43-7
401-850-9||255881-94-8||||||	255881-94-8
404-360-3||119313-12-1||||||	119313-12-1
404-360-3||119313-12-1||||AS:2-Benzyl-2-dimethylamino-4'-morpholinobutyrophenone||AS:As 2-Benzyl-2-dimethylamino-4'-morpholinobutyrophenone [119313-12-1]	136797-29-0
404-360-3||119313-12-1||||AS:2-Benzyl-2-dimethylamino-4'-morpholinobutyrophenone||AS:As 2-Benzyl-2-dimethylamino-4'-morpholinobutyrophenone [119313-12-1]	1392498-45-1
404-360-3||119313-12-1||||AS:2-Benzyl-2-dimethylamino-4'-morpholinobutyrophenone||AS:As 2-Benzyl-2-dimethylamino-4'-morpholinobutyrophenone [119313-12-1]	748160-22-7
413-720-9||RR-11677-8||||||AS:covering any of the individual stereoisomers of [1] and [2] or any combination thereof	RR-11677-8
421-150-7||143860-04-2||||||	143860-04-2
421-820-9||192268-65-8||||||	192268-65-8
423-400-0||59653-74-6||||||	59653-74-6
425-060-9||RR-17114-2||LU:4,4'-[2,2,2-Trifluoro-1-(trifluoromethyl)ethylidene]diphenol and its salts||||	RR-17114-2
427-700-2||15606-95-8||||||	15606-95-8
432-660-4||194999-85-4||LU:Perfluorobutane sulfonic acid salts||||	194999-85-4
438-340-0||119344-86-4||||||	119344-86-4
438-340-0||119344-86-4||||AS:2-(Dimethylamino)-2-[(4-methylphenyl)methyl]-1-[4-(morpholin-4-yl)phenyl]butan-1-one||AS:As 2-(Dimethylamino)-2-[(4-methylphenyl)methyl]-1-[4-(morpholin-4-yl)phenyl]butan-1-one [119344-86-4]	868587-17-1
443-330-4||RR-28868-6||LU:4,4'-[2,2,2-Trifluoro-1-(trifluoromethyl)ethylidene]diphenol and its salts||||	RR-28868-6
444-440-5||220689-12-3||LU:Perfluorobutane sulfonic acid salts||||	220689-12-3
452-310-4||220133-51-7||LU:Perfluorobutane sulfonic acid salts||||	220133-51-7
466-490-7||RR-62502-5||||||	RR-62502-5
468-740-0||RR-62550-3||LU:4,4'-[2,2,2-Trifluoro-1-(trifluoromethyl)ethylidene]diphenol and its salts||||	RR-62550-3
468-770-4||RR-57289-4||LU:Perfluorobutane sulfonic acid salts||||	RR-57289-4
469-080-6||921213-47-0||LU:4,4'-[2,2,2-Trifluoro-1-(trifluoromethyl)ethylidene]diphenol and its salts||||	921213-47-0
473-390-7||RR-62630-2||||||	RR-62630-2
473-390-7||RR-62630-2||||AS:Reaction mass of 2,2,3,3,5,5,6,6-octafluoro-4-(1,1,1,2,3,3,3-heptafluoropropan-2-yl)morpholine and 2,2,3,3,5,5,6,6-octafluoro-4-(heptafluoropropyl)morpholine||AS:As Reaction mass of 2,2,3,3,5,5,6,6-octafluoro-4-(1,1,1,2,3,3,3-heptafluoropropan-2-yl)morpholine and 2,2,3,3,5,5,6,6-octafluoro-4-(heptafluoropropyl)morpholine [RR-62630-2]	1600-71-1
473-390-7||RR-62630-2||||AS:Reaction mass of 2,2,3,3,5,5,6,6-octafluoro-4-(1,1,1,2,3,3,3-heptafluoropropan-2-yl)morpholine and 2,2,3,3,5,5,6,6-octafluoro-4-(heptafluoropropyl)morpholine||AS:As Reaction mass of 2,2,3,3,5,5,6,6-octafluoro-4-(1,1,1,2,3,3,3-heptafluoropropan-2-yl)morpholine and 2,2,3,3,5,5,6,6-octafluoro-4-(heptafluoropropyl)morpholine [RR-62630-2]	1704-69-4
478-340-8||144317-44-2||LU:Perfluorobutane sulfonic acid salts||||	144317-44-2
479-100-5||577705-90-9||LU:4,4'-[2,2,2-Trifluoro-1-(trifluoromethyl)ethylidene]diphenol and its salts||||	577705-90-9
500-024-6||9016-45-9||LU:4-Nonylphenol, branched and linear, ethoxylated; List number 931-562-3||||	9016-45-9
500-024-6||9016-45-9||LU:4-Nonylphenol, branched and linear, ethoxylated; List number 931-562-3||AS:Nonylphenol, ethoxylated||AS:As Nonylphenol, ethoxylated [9016-45-9]	102188-45-4
500-024-6||9016-45-9||LU:4-Nonylphenol, branched and linear, ethoxylated; List number 931-562-3||AS:Nonylphenol, ethoxylated||AS:As Nonylphenol, ethoxylated [9016-45-9]	103939-37-3
500-024-6||9016-45-9||LU:4-Nonylphenol, branched and linear, ethoxylated; List number 931-562-3||AS:Nonylphenol, ethoxylated||AS:As Nonylphenol, ethoxylated [9016-45-9]	105269-88-3
500-024-6||9016-45-9||LU:4-Nonylphenol, branched and linear, ethoxylated; List number 931-562-3||AS:Nonylphenol, ethoxylated||AS:As Nonylphenol, ethoxylated [9016-45-9]	106152-98-1
500-024-6||9016-45-9||LU:4-Nonylphenol, branched and linear, ethoxylated; List number 931-562-3||AS:Nonylphenol, ethoxylated||AS:As Nonylphenol, ethoxylated [9016-45-9]	107231-62-9
500-024-6||9016-45-9||LU:4-Nonylphenol, branched and linear, ethoxylated; List number 931-562-3||AS:Nonylphenol, ethoxylated||AS:As Nonylphenol, ethoxylated [9016-45-9]	11098-16-1
500-024-6||9016-45-9||LU:4-Nonylphenol, branched and linear, ethoxylated; List number 931-562-3||AS:Nonylphenol, ethoxylated||AS:As Nonylphenol, ethoxylated [9016-45-9]	11103-60-9
500-024-6||9016-45-9||LU:4-Nonylphenol, branched and linear, ethoxylated; List number 931-562-3||AS:Nonylphenol, ethoxylated||AS:As Nonylphenol, ethoxylated [9016-45-9]	11107-93-0
500-024-6||9016-45-9||LU:4-Nonylphenol, branched and linear, ethoxylated; List number 931-562-3||AS:Nonylphenol, ethoxylated||AS:As Nonylphenol, ethoxylated [9016-45-9]	111623-62-2
500-024-6||9016-45-9||LU:4-Nonylphenol, branched and linear, ethoxylated; List number 931-562-3||AS:Nonylphenol, ethoxylated||AS:As Nonylphenol, ethoxylated [9016-45-9]	112509-36-1
500-024-6||9016-45-9||LU:4-Nonylphenol, branched and linear, ethoxylated; List number 931-562-3||AS:Nonylphenol, ethoxylated||AS:As Nonylphenol, ethoxylated [9016-45-9]	114101-89-2
500-024-6||9016-45-9||LU:4-Nonylphenol, branched and linear, ethoxylated; List number 931-562-3||AS:Nonylphenol, ethoxylated||AS:As Nonylphenol, ethoxylated [9016-45-9]	1163687-50-0
500-024-6||9016-45-9||LU:4-Nonylphenol, branched and linear, ethoxylated; List number 931-562-3||AS:Nonylphenol, ethoxylated||AS:As Nonylphenol, ethoxylated [9016-45-9]	116711-78-5
500-024-6||9016-45-9||LU:4-Nonylphenol, branched and linear, ethoxylated; List number 931-562-3||AS:Nonylphenol, ethoxylated||AS:As Nonylphenol, ethoxylated [9016-45-9]	1202388-20-2
500-024-6||9016-45-9||LU:4-Nonylphenol, branched and linear, ethoxylated; List number 931-562-3||AS:Nonylphenol, ethoxylated||AS:As Nonylphenol, ethoxylated [9016-45-9]	1202388-26-8
500-024-6||9016-45-9||LU:4-Nonylphenol, branched and linear, ethoxylated; List number 931-562-3||AS:Nonylphenol, ethoxylated||AS:As Nonylphenol, ethoxylated [9016-45-9]	123019-34-1
500-024-6||9016-45-9||LU:4-Nonylphenol, branched and linear, ethoxylated; List number 931-562-3||AS:Nonylphenol, ethoxylated||AS:As Nonylphenol, ethoxylated [9016-45-9]	123068-21-3
500-024-6||9016-45-9||LU:4-Nonylphenol, branched and linear, ethoxylated; List number 931-562-3||AS:Nonylphenol, ethoxylated||AS:As Nonylphenol, ethoxylated [9016-45-9]	124057-60-9
500-024-6||9016-45-9||LU:4-Nonylphenol, branched and linear, ethoxylated; List number 931-562-3||AS:Nonylphenol, ethoxylated||AS:As Nonylphenol, ethoxylated [9016-45-9]	12767-68-9
500-024-6||9016-45-9||LU:4-Nonylphenol, branched and linear, ethoxylated; List number 931-562-3||AS:Nonylphenol, ethoxylated||AS:As Nonylphenol, ethoxylated [9016-45-9]	12789-12-7
500-024-6||9016-45-9||LU:4-Nonylphenol, branched and linear, ethoxylated; List number 931-562-3||AS:Nonylphenol, ethoxylated||AS:As Nonylphenol, ethoxylated [9016-45-9]	12790-67-9
500-024-6||9016-45-9||LU:4-Nonylphenol, branched and linear, ethoxylated; List number 931-562-3||AS:Nonylphenol, ethoxylated||AS:As Nonylphenol, ethoxylated [9016-45-9]	137263-06-0
500-024-6||9016-45-9||LU:4-Nonylphenol, branched and linear, ethoxylated; List number 931-562-3||AS:Nonylphenol, ethoxylated||AS:As Nonylphenol, ethoxylated [9016-45-9]	139281-67-7
500-024-6||9016-45-9||LU:4-Nonylphenol, branched and linear, ethoxylated; List number 931-562-3||AS:Nonylphenol, ethoxylated||AS:As Nonylphenol, ethoxylated [9016-45-9]	141490-14-4
500-024-6||9016-45-9||LU:4-Nonylphenol, branched and linear, ethoxylated; List number 931-562-3||AS:Nonylphenol, ethoxylated||AS:As Nonylphenol, ethoxylated [9016-45-9]	142985-89-5
500-024-6||9016-45-9||LU:4-Nonylphenol, branched and linear, ethoxylated; List number 931-562-3||AS:Nonylphenol, ethoxylated||AS:As Nonylphenol, ethoxylated [9016-45-9]	143929-07-1
500-024-6||9016-45-9||LU:4-Nonylphenol, branched and linear, ethoxylated; List number 931-562-3||AS:Nonylphenol, ethoxylated||AS:As Nonylphenol, ethoxylated [9016-45-9]	167140-06-9
500-024-6||9016-45-9||LU:4-Nonylphenol, branched and linear, ethoxylated; List number 931-562-3||AS:Nonylphenol, ethoxylated||AS:As Nonylphenol, ethoxylated [9016-45-9]	172521-16-3
500-024-6||9016-45-9||LU:4-Nonylphenol, branched and linear, ethoxylated; List number 931-562-3||AS:Nonylphenol, ethoxylated||AS:As Nonylphenol, ethoxylated [9016-45-9]	1809431-45-5
500-024-6||9016-45-9||LU:4-Nonylphenol, branched and linear, ethoxylated; List number 931-562-3||AS:Nonylphenol, ethoxylated||AS:As Nonylphenol, ethoxylated [9016-45-9]	1809431-82-0
500-024-6||9016-45-9||LU:4-Nonylphenol, branched and linear, ethoxylated; List number 931-562-3||AS:Nonylphenol, ethoxylated||AS:As Nonylphenol, ethoxylated [9016-45-9]	188612-23-9
500-024-6||9016-45-9||LU:4-Nonylphenol, branched and linear, ethoxylated; List number 931-562-3||AS:Nonylphenol, ethoxylated||AS:As Nonylphenol, ethoxylated [9016-45-9]	190856-87-2
500-024-6||9016-45-9||LU:4-Nonylphenol, branched and linear, ethoxylated; List number 931-562-3||AS:Nonylphenol, ethoxylated||AS:As Nonylphenol, ethoxylated [9016-45-9]	1943678-94-1
500-024-6||9016-45-9||LU:4-Nonylphenol, branched and linear, ethoxylated; List number 931-562-3||AS:Nonylphenol, ethoxylated||AS:As Nonylphenol, ethoxylated [9016-45-9]	202936-22-9
500-024-6||9016-45-9||LU:4-Nonylphenol, branched and linear, ethoxylated; List number 931-562-3||AS:Nonylphenol, ethoxylated||AS:As Nonylphenol, ethoxylated [9016-45-9]	205577-03-3
500-024-6||9016-45-9||LU:4-Nonylphenol, branched and linear, ethoxylated; List number 931-562-3||AS:Nonylphenol, ethoxylated||AS:As Nonylphenol, ethoxylated [9016-45-9]	2091900-73-9
500-024-6||9016-45-9||LU:4-Nonylphenol, branched and linear, ethoxylated; List number 931-562-3||AS:Nonylphenol, ethoxylated||AS:As Nonylphenol, ethoxylated [9016-45-9]	2096976-67-7
500-024-6||9016-45-9||LU:4-Nonylphenol, branched and linear, ethoxylated; List number 931-562-3||AS:Nonylphenol, ethoxylated||AS:As Nonylphenol, ethoxylated [9016-45-9]	226225-58-7
500-024-6||9016-45-9||LU:4-Nonylphenol, branched and linear, ethoxylated; List number 931-562-3||AS:Nonylphenol, ethoxylated||AS:As Nonylphenol, ethoxylated [9016-45-9]	226225-59-8
500-024-6||9016-45-9||LU:4-Nonylphenol, branched and linear, ethoxylated; List number 931-562-3||AS:Nonylphenol, ethoxylated||AS:As Nonylphenol, ethoxylated [9016-45-9]	2323620-11-5
500-024-6||9016-45-9||LU:4-Nonylphenol, branched and linear, ethoxylated; List number 931-562-3||AS:Nonylphenol, ethoxylated||AS:As Nonylphenol, ethoxylated [9016-45-9]	2332812-08-3
500-024-6||9016-45-9||LU:4-Nonylphenol, branched and linear, ethoxylated; List number 931-562-3||AS:Nonylphenol, ethoxylated||AS:As Nonylphenol, ethoxylated [9016-45-9]	2408592-97-0
500-024-6||9016-45-9||LU:4-Nonylphenol, branched and linear, ethoxylated; List number 931-562-3||AS:Nonylphenol, ethoxylated||AS:As Nonylphenol, ethoxylated [9016-45-9]	25640-88-4
500-024-6||9016-45-9||LU:4-Nonylphenol, branched and linear, ethoxylated; List number 931-562-3||AS:Nonylphenol, ethoxylated||AS:As Nonylphenol, ethoxylated [9016-45-9]	27176-97-2
500-024-6||9016-45-9||LU:4-Nonylphenol, branched and linear, ethoxylated; List number 931-562-3||AS:Nonylphenol, ethoxylated||AS:As Nonylphenol, ethoxylated [9016-45-9]	27288-14-8
500-024-6||9016-45-9||LU:4-Nonylphenol, branched and linear, ethoxylated; List number 931-562-3||AS:Nonylphenol, ethoxylated||AS:As Nonylphenol, ethoxylated [9016-45-9]	27942-26-3
500-024-6||9016-45-9||LU:4-Nonylphenol, branched and linear, ethoxylated; List number 931-562-3||AS:Nonylphenol, ethoxylated||AS:As Nonylphenol, ethoxylated [9016-45-9]	28136-10-9
500-024-6||9016-45-9||LU:4-Nonylphenol, branched and linear, ethoxylated; List number 931-562-3||AS:Nonylphenol, ethoxylated||AS:As Nonylphenol, ethoxylated [9016-45-9]	286015-24-5
500-024-6||9016-45-9||LU:4-Nonylphenol, branched and linear, ethoxylated; List number 931-562-3||AS:Nonylphenol, ethoxylated||AS:As Nonylphenol, ethoxylated [9016-45-9]	286015-28-9
500-024-6||9016-45-9||LU:4-Nonylphenol, branched and linear, ethoxylated; List number 931-562-3||AS:Nonylphenol, ethoxylated||AS:As Nonylphenol, ethoxylated [9016-45-9]	29594-36-3
500-024-6||9016-45-9||LU:4-Nonylphenol, branched and linear, ethoxylated; List number 931-562-3||AS:Nonylphenol, ethoxylated||AS:As Nonylphenol, ethoxylated [9016-45-9]	30676-83-6
500-024-6||9016-45-9||LU:4-Nonylphenol, branched and linear, ethoxylated; List number 931-562-3||AS:Nonylphenol, ethoxylated||AS:As Nonylphenol, ethoxylated [9016-45-9]	32196-52-4
500-024-6||9016-45-9||LU:4-Nonylphenol, branched and linear, ethoxylated; List number 931-562-3||AS:Nonylphenol, ethoxylated||AS:As Nonylphenol, ethoxylated [9016-45-9]	37187-23-8
500-024-6||9016-45-9||LU:4-Nonylphenol, branched and linear, ethoxylated; List number 931-562-3||AS:Nonylphenol, ethoxylated||AS:As Nonylphenol, ethoxylated [9016-45-9]	37210-94-9
500-024-6||9016-45-9||LU:4-Nonylphenol, branched and linear, ethoxylated; List number 931-562-3||AS:Nonylphenol, ethoxylated||AS:As Nonylphenol, ethoxylated [9016-45-9]	37230-99-2
500-024-6||9016-45-9||LU:4-Nonylphenol, branched and linear, ethoxylated; List number 931-562-3||AS:Nonylphenol, ethoxylated||AS:As Nonylphenol, ethoxylated [9016-45-9]	37280-80-1
500-024-6||9016-45-9||LU:4-Nonylphenol, branched and linear, ethoxylated; List number 931-562-3||AS:Nonylphenol, ethoxylated||AS:As Nonylphenol, ethoxylated [9016-45-9]	37291-67-1
500-024-6||9016-45-9||LU:4-Nonylphenol, branched and linear, ethoxylated; List number 931-562-3||AS:Nonylphenol, ethoxylated||AS:As Nonylphenol, ethoxylated [9016-45-9]	37336-52-0
500-024-6||9016-45-9||LU:4-Nonylphenol, branched and linear, ethoxylated; List number 931-562-3||AS:Nonylphenol, ethoxylated||AS:As Nonylphenol, ethoxylated [9016-45-9]	376647-33-5
500-024-6||9016-45-9||LU:4-Nonylphenol, branched and linear, ethoxylated; List number 931-562-3||AS:Nonylphenol, ethoxylated||AS:As Nonylphenol, ethoxylated [9016-45-9]	39289-57-1
500-024-6||9016-45-9||LU:4-Nonylphenol, branched and linear, ethoxylated; List number 931-562-3||AS:Nonylphenol, ethoxylated||AS:As Nonylphenol, ethoxylated [9016-45-9]	39316-45-5
500-024-6||9016-45-9||LU:4-Nonylphenol, branched and linear, ethoxylated; List number 931-562-3||AS:Nonylphenol, ethoxylated||AS:As Nonylphenol, ethoxylated [9016-45-9]	39316-73-9
500-024-6||9016-45-9||LU:4-Nonylphenol, branched and linear, ethoxylated; List number 931-562-3||AS:Nonylphenol, ethoxylated||AS:As Nonylphenol, ethoxylated [9016-45-9]	39346-85-5
500-024-6||9016-45-9||LU:4-Nonylphenol, branched and linear, ethoxylated; List number 931-562-3||AS:Nonylphenol, ethoxylated||AS:As Nonylphenol, ethoxylated [9016-45-9]	39373-71-2
500-024-6||9016-45-9||LU:4-Nonylphenol, branched and linear, ethoxylated; List number 931-562-3||AS:Nonylphenol, ethoxylated||AS:As Nonylphenol, ethoxylated [9016-45-9]	39392-83-1
500-024-6||9016-45-9||LU:4-Nonylphenol, branched and linear, ethoxylated; List number 931-562-3||AS:Nonylphenol, ethoxylated||AS:As Nonylphenol, ethoxylated [9016-45-9]	39393-36-7
500-024-6||9016-45-9||LU:4-Nonylphenol, branched and linear, ethoxylated; List number 931-562-3||AS:Nonylphenol, ethoxylated||AS:As Nonylphenol, ethoxylated [9016-45-9]	39421-49-3
500-024-6||9016-45-9||LU:4-Nonylphenol, branched and linear, ethoxylated; List number 931-562-3||AS:Nonylphenol, ethoxylated||AS:As Nonylphenol, ethoxylated [9016-45-9]	39453-05-9
500-024-6||9016-45-9||LU:4-Nonylphenol, branched and linear, ethoxylated; List number 931-562-3||AS:Nonylphenol, ethoxylated||AS:As Nonylphenol, ethoxylated [9016-45-9]	39454-98-3
500-024-6||9016-45-9||LU:4-Nonylphenol, branched and linear, ethoxylated; List number 931-562-3||AS:Nonylphenol, ethoxylated||AS:As Nonylphenol, ethoxylated [9016-45-9]	39475-46-2
500-024-6||9016-45-9||LU:4-Nonylphenol, branched and linear, ethoxylated; List number 931-562-3||AS:Nonylphenol, ethoxylated||AS:As Nonylphenol, ethoxylated [9016-45-9]	42617-03-8
500-024-6||9016-45-9||LU:4-Nonylphenol, branched and linear, ethoxylated; List number 931-562-3||AS:Nonylphenol, ethoxylated||AS:As Nonylphenol, ethoxylated [9016-45-9]	441352-55-2
500-024-6||9016-45-9||LU:4-Nonylphenol, branched and linear, ethoxylated; List number 931-562-3||AS:Nonylphenol, ethoxylated||AS:As Nonylphenol, ethoxylated [9016-45-9]	441352-56-3
500-024-6||9016-45-9||LU:4-Nonylphenol, branched and linear, ethoxylated; List number 931-562-3||AS:Nonylphenol, ethoxylated||AS:As Nonylphenol, ethoxylated [9016-45-9]	441352-57-4
500-024-6||9016-45-9||LU:4-Nonylphenol, branched and linear, ethoxylated; List number 931-562-3||AS:Nonylphenol, ethoxylated||AS:As Nonylphenol, ethoxylated [9016-45-9]	441352-58-5
500-024-6||9016-45-9||LU:4-Nonylphenol, branched and linear, ethoxylated; List number 931-562-3||AS:Nonylphenol, ethoxylated||AS:As Nonylphenol, ethoxylated [9016-45-9]	441352-59-6
500-024-6||9016-45-9||LU:4-Nonylphenol, branched and linear, ethoxylated; List number 931-562-3||AS:Nonylphenol, ethoxylated||AS:As Nonylphenol, ethoxylated [9016-45-9]	50855-29-3
500-024-6||9016-45-9||LU:4-Nonylphenol, branched and linear, ethoxylated; List number 931-562-3||AS:Nonylphenol, ethoxylated||AS:As Nonylphenol, ethoxylated [9016-45-9]	509171-19-1
500-024-6||9016-45-9||LU:4-Nonylphenol, branched and linear, ethoxylated; List number 931-562-3||AS:Nonylphenol, ethoxylated||AS:As Nonylphenol, ethoxylated [9016-45-9]	50934-84-4
500-024-6||9016-45-9||LU:4-Nonylphenol, branched and linear, ethoxylated; List number 931-562-3||AS:Nonylphenol, ethoxylated||AS:As Nonylphenol, ethoxylated [9016-45-9]	51059-97-3
500-024-6||9016-45-9||LU:4-Nonylphenol, branched and linear, ethoxylated; List number 931-562-3||AS:Nonylphenol, ethoxylated||AS:As Nonylphenol, ethoxylated [9016-45-9]	51609-19-9
500-024-6||9016-45-9||LU:4-Nonylphenol, branched and linear, ethoxylated; List number 931-562-3||AS:Nonylphenol, ethoxylated||AS:As Nonylphenol, ethoxylated [9016-45-9]	51668-51-0
500-024-6||9016-45-9||LU:4-Nonylphenol, branched and linear, ethoxylated; List number 931-562-3||AS:Nonylphenol, ethoxylated||AS:As Nonylphenol, ethoxylated [9016-45-9]	51938-25-1
500-024-6||9016-45-9||LU:4-Nonylphenol, branched and linear, ethoxylated; List number 931-562-3||AS:Nonylphenol, ethoxylated||AS:As Nonylphenol, ethoxylated [9016-45-9]	51938-59-1
500-024-6||9016-45-9||LU:4-Nonylphenol, branched and linear, ethoxylated; List number 931-562-3||AS:Nonylphenol, ethoxylated||AS:As Nonylphenol, ethoxylated [9016-45-9]	51938-60-4
500-024-6||9016-45-9||LU:4-Nonylphenol, branched and linear, ethoxylated; List number 931-562-3||AS:Nonylphenol, ethoxylated||AS:As Nonylphenol, ethoxylated [9016-45-9]	52012-43-8
500-024-6||9016-45-9||LU:4-Nonylphenol, branched and linear, ethoxylated; List number 931-562-3||AS:Nonylphenol, ethoxylated||AS:As Nonylphenol, ethoxylated [9016-45-9]	52038-46-7
500-024-6||9016-45-9||LU:4-Nonylphenol, branched and linear, ethoxylated; List number 931-562-3||AS:Nonylphenol, ethoxylated||AS:As Nonylphenol, ethoxylated [9016-45-9]	52051-49-7
500-024-6||9016-45-9||LU:4-Nonylphenol, branched and linear, ethoxylated; List number 931-562-3||AS:Nonylphenol, ethoxylated||AS:As Nonylphenol, ethoxylated [9016-45-9]	52434-07-8
500-024-6||9016-45-9||LU:4-Nonylphenol, branched and linear, ethoxylated; List number 931-562-3||AS:Nonylphenol, ethoxylated||AS:As Nonylphenol, ethoxylated [9016-45-9]	52440-03-6
500-024-6||9016-45-9||LU:4-Nonylphenol, branched and linear, ethoxylated; List number 931-562-3||AS:Nonylphenol, ethoxylated||AS:As Nonylphenol, ethoxylated [9016-45-9]	52440-78-5
500-024-6||9016-45-9||LU:4-Nonylphenol, branched and linear, ethoxylated; List number 931-562-3||AS:Nonylphenol, ethoxylated||AS:As Nonylphenol, ethoxylated [9016-45-9]	52440-94-5
500-024-6||9016-45-9||LU:4-Nonylphenol, branched and linear, ethoxylated; List number 931-562-3||AS:Nonylphenol, ethoxylated||AS:As Nonylphenol, ethoxylated [9016-45-9]	52504-18-4
500-024-6||9016-45-9||LU:4-Nonylphenol, branched and linear, ethoxylated; List number 931-562-3||AS:Nonylphenol, ethoxylated||AS:As Nonylphenol, ethoxylated [9016-45-9]	52504-19-5
500-024-6||9016-45-9||LU:4-Nonylphenol, branched and linear, ethoxylated; List number 931-562-3||AS:Nonylphenol, ethoxylated||AS:As Nonylphenol, ethoxylated [9016-45-9]	52683-07-5
500-024-6||9016-45-9||LU:4-Nonylphenol, branched and linear, ethoxylated; List number 931-562-3||AS:Nonylphenol, ethoxylated||AS:As Nonylphenol, ethoxylated [9016-45-9]	53125-17-0
500-024-6||9016-45-9||LU:4-Nonylphenol, branched and linear, ethoxylated; List number 931-562-3||AS:Nonylphenol, ethoxylated||AS:As Nonylphenol, ethoxylated [9016-45-9]	53529-49-0
500-024-6||9016-45-9||LU:4-Nonylphenol, branched and linear, ethoxylated; List number 931-562-3||AS:Nonylphenol, ethoxylated||AS:As Nonylphenol, ethoxylated [9016-45-9]	53663-55-1
500-024-6||9016-45-9||LU:4-Nonylphenol, branched and linear, ethoxylated; List number 931-562-3||AS:Nonylphenol, ethoxylated||AS:As Nonylphenol, ethoxylated [9016-45-9]	53763-35-2
500-024-6||9016-45-9||LU:4-Nonylphenol, branched and linear, ethoxylated; List number 931-562-3||AS:Nonylphenol, ethoxylated||AS:As Nonylphenol, ethoxylated [9016-45-9]	53763-36-3
500-024-6||9016-45-9||LU:4-Nonylphenol, branched and linear, ethoxylated; List number 931-562-3||AS:Nonylphenol, ethoxylated||AS:As Nonylphenol, ethoxylated [9016-45-9]	54174-36-6
500-024-6||9016-45-9||LU:4-Nonylphenol, branched and linear, ethoxylated; List number 931-562-3||AS:Nonylphenol, ethoxylated||AS:As Nonylphenol, ethoxylated [9016-45-9]	54985-54-5
500-024-6||9016-45-9||LU:4-Nonylphenol, branched and linear, ethoxylated; List number 931-562-3||AS:Nonylphenol, ethoxylated||AS:As Nonylphenol, ethoxylated [9016-45-9]	55126-80-2
500-024-6||9016-45-9||LU:4-Nonylphenol, branched and linear, ethoxylated; List number 931-562-3||AS:Nonylphenol, ethoxylated||AS:As Nonylphenol, ethoxylated [9016-45-9]	55838-69-2
500-024-6||9016-45-9||LU:4-Nonylphenol, branched and linear, ethoxylated; List number 931-562-3||AS:Nonylphenol, ethoxylated||AS:As Nonylphenol, ethoxylated [9016-45-9]	56590-96-6
500-024-6||9016-45-9||LU:4-Nonylphenol, branched and linear, ethoxylated; List number 931-562-3||AS:Nonylphenol, ethoxylated||AS:As Nonylphenol, ethoxylated [9016-45-9]	57308-02-8
500-024-6||9016-45-9||LU:4-Nonylphenol, branched and linear, ethoxylated; List number 931-562-3||AS:Nonylphenol, ethoxylated||AS:As Nonylphenol, ethoxylated [9016-45-9]	57571-69-4
500-024-6||9016-45-9||LU:4-Nonylphenol, branched and linear, ethoxylated; List number 931-562-3||AS:Nonylphenol, ethoxylated||AS:As Nonylphenol, ethoxylated [9016-45-9]	59330-69-7
500-024-6||9016-45-9||LU:4-Nonylphenol, branched and linear, ethoxylated; List number 931-562-3||AS:Nonylphenol, ethoxylated||AS:As Nonylphenol, ethoxylated [9016-45-9]	60098-67-1
500-024-6||9016-45-9||LU:4-Nonylphenol, branched and linear, ethoxylated; List number 931-562-3||AS:Nonylphenol, ethoxylated||AS:As Nonylphenol, ethoxylated [9016-45-9]	60476-27-9
500-024-6||9016-45-9||LU:4-Nonylphenol, branched and linear, ethoxylated; List number 931-562-3||AS:Nonylphenol, ethoxylated||AS:As Nonylphenol, ethoxylated [9016-45-9]	61614-07-1
500-024-6||9016-45-9||LU:4-Nonylphenol, branched and linear, ethoxylated; List number 931-562-3||AS:Nonylphenol, ethoxylated||AS:As Nonylphenol, ethoxylated [9016-45-9]	61840-55-9
500-024-6||9016-45-9||LU:4-Nonylphenol, branched and linear, ethoxylated; List number 931-562-3||AS:Nonylphenol, ethoxylated||AS:As Nonylphenol, ethoxylated [9016-45-9]	62169-44-2
500-024-6||9016-45-9||LU:4-Nonylphenol, branched and linear, ethoxylated; List number 931-562-3||AS:Nonylphenol, ethoxylated||AS:As Nonylphenol, ethoxylated [9016-45-9]	62229-21-4
500-024-6||9016-45-9||LU:4-Nonylphenol, branched and linear, ethoxylated; List number 931-562-3||AS:Nonylphenol, ethoxylated||AS:As Nonylphenol, ethoxylated [9016-45-9]	62229-24-7
500-024-6||9016-45-9||LU:4-Nonylphenol, branched and linear, ethoxylated; List number 931-562-3||AS:Nonylphenol, ethoxylated||AS:As Nonylphenol, ethoxylated [9016-45-9]	62229-29-2
500-024-6||9016-45-9||LU:4-Nonylphenol, branched and linear, ethoxylated; List number 931-562-3||AS:Nonylphenol, ethoxylated||AS:As Nonylphenol, ethoxylated [9016-45-9]	623588-93-2
500-024-6||9016-45-9||LU:4-Nonylphenol, branched and linear, ethoxylated; List number 931-562-3||AS:Nonylphenol, ethoxylated||AS:As Nonylphenol, ethoxylated [9016-45-9]	63440-03-9
500-024-6||9016-45-9||LU:4-Nonylphenol, branched and linear, ethoxylated; List number 931-562-3||AS:Nonylphenol, ethoxylated||AS:As Nonylphenol, ethoxylated [9016-45-9]	63798-88-9
500-024-6||9016-45-9||LU:4-Nonylphenol, branched and linear, ethoxylated; List number 931-562-3||AS:Nonylphenol, ethoxylated||AS:As Nonylphenol, ethoxylated [9016-45-9]	64296-14-6
500-024-6||9016-45-9||LU:4-Nonylphenol, branched and linear, ethoxylated; List number 931-562-3||AS:Nonylphenol, ethoxylated||AS:As Nonylphenol, ethoxylated [9016-45-9]	64940-97-2
500-024-6||9016-45-9||LU:4-Nonylphenol, branched and linear, ethoxylated; List number 931-562-3||AS:Nonylphenol, ethoxylated||AS:As Nonylphenol, ethoxylated [9016-45-9]	65035-40-7
500-024-6||9016-45-9||LU:4-Nonylphenol, branched and linear, ethoxylated; List number 931-562-3||AS:Nonylphenol, ethoxylated||AS:As Nonylphenol, ethoxylated [9016-45-9]	65035-41-8
500-024-6||9016-45-9||LU:4-Nonylphenol, branched and linear, ethoxylated; List number 931-562-3||AS:Nonylphenol, ethoxylated||AS:As Nonylphenol, ethoxylated [9016-45-9]	65777-14-2
500-024-6||9016-45-9||LU:4-Nonylphenol, branched and linear, ethoxylated; List number 931-562-3||AS:Nonylphenol, ethoxylated||AS:As Nonylphenol, ethoxylated [9016-45-9]	66525-84-6
500-024-6||9016-45-9||LU:4-Nonylphenol, branched and linear, ethoxylated; List number 931-562-3||AS:Nonylphenol, ethoxylated||AS:As Nonylphenol, ethoxylated [9016-45-9]	67053-58-1
500-024-6||9016-45-9||LU:4-Nonylphenol, branched and linear, ethoxylated; List number 931-562-3||AS:Nonylphenol, ethoxylated||AS:As Nonylphenol, ethoxylated [9016-45-9]	72847-44-0
500-024-6||9016-45-9||LU:4-Nonylphenol, branched and linear, ethoxylated; List number 931-562-3||AS:Nonylphenol, ethoxylated||AS:As Nonylphenol, ethoxylated [9016-45-9]	72847-45-1
500-024-6||9016-45-9||LU:4-Nonylphenol, branched and linear, ethoxylated; List number 931-562-3||AS:Nonylphenol, ethoxylated||AS:As Nonylphenol, ethoxylated [9016-45-9]	74434-41-6
500-024-6||9016-45-9||LU:4-Nonylphenol, branched and linear, ethoxylated; List number 931-562-3||AS:Nonylphenol, ethoxylated||AS:As Nonylphenol, ethoxylated [9016-45-9]	74656-63-6
500-024-6||9016-45-9||LU:4-Nonylphenol, branched and linear, ethoxylated; List number 931-562-3||AS:Nonylphenol, ethoxylated||AS:As Nonylphenol, ethoxylated [9016-45-9]	74749-71-6
500-024-6||9016-45-9||LU:4-Nonylphenol, branched and linear, ethoxylated; List number 931-562-3||AS:Nonylphenol, ethoxylated||AS:As Nonylphenol, ethoxylated [9016-45-9]	75882-09-6
500-024-6||9016-45-9||LU:4-Nonylphenol, branched and linear, ethoxylated; List number 931-562-3||AS:Nonylphenol, ethoxylated||AS:As Nonylphenol, ethoxylated [9016-45-9]	76829-05-5
500-024-6||9016-45-9||LU:4-Nonylphenol, branched and linear, ethoxylated; List number 931-562-3||AS:Nonylphenol, ethoxylated||AS:As Nonylphenol, ethoxylated [9016-45-9]	77271-60-4
500-024-6||9016-45-9||LU:4-Nonylphenol, branched and linear, ethoxylated; List number 931-562-3||AS:Nonylphenol, ethoxylated||AS:As Nonylphenol, ethoxylated [9016-45-9]	80341-59-9
500-024-6||9016-45-9||LU:4-Nonylphenol, branched and linear, ethoxylated; List number 931-562-3||AS:Nonylphenol, ethoxylated||AS:As Nonylphenol, ethoxylated [9016-45-9]	80966-32-1
500-024-6||9016-45-9||LU:4-Nonylphenol, branched and linear, ethoxylated; List number 931-562-3||AS:Nonylphenol, ethoxylated||AS:As Nonylphenol, ethoxylated [9016-45-9]	81296-82-4
500-024-6||9016-45-9||LU:4-Nonylphenol, branched and linear, ethoxylated; List number 931-562-3||AS:Nonylphenol, ethoxylated||AS:As Nonylphenol, ethoxylated [9016-45-9]	83271-48-1
500-024-6||9016-45-9||LU:4-Nonylphenol, branched and linear, ethoxylated; List number 931-562-3||AS:Nonylphenol, ethoxylated||AS:As Nonylphenol, ethoxylated [9016-45-9]	874461-43-5
500-024-6||9016-45-9||LU:4-Nonylphenol, branched and linear, ethoxylated; List number 931-562-3||AS:Nonylphenol, ethoxylated||AS:As Nonylphenol, ethoxylated [9016-45-9]	9021-03-8
500-024-6||9016-45-9||LU:4-Nonylphenol, branched and linear, ethoxylated; List number 931-562-3||AS:Nonylphenol, ethoxylated||AS:As Nonylphenol, ethoxylated [9016-45-9]	90452-81-6
500-024-6||9016-45-9||LU:4-Nonylphenol, branched and linear, ethoxylated; List number 931-562-3||AS:Nonylphenol, ethoxylated||AS:As Nonylphenol, ethoxylated [9016-45-9]	9067-50-9
500-024-6||9016-45-9||LU:4-Nonylphenol, branched and linear, ethoxylated; List number 931-562-3||AS:Nonylphenol, ethoxylated||AS:As Nonylphenol, ethoxylated [9016-45-9]	93095-76-2
500-024-6||9016-45-9||LU:4-Nonylphenol, branched and linear, ethoxylated; List number 931-562-3||AS:Nonylphenol, ethoxylated||AS:As Nonylphenol, ethoxylated [9016-45-9]	933050-99-8
500-024-6||9016-45-9||LU:4-Nonylphenol, branched and linear, ethoxylated; List number 931-562-3||AS:Nonylphenol, ethoxylated||AS:As Nonylphenol, ethoxylated [9016-45-9]	942205-98-3
500-024-6||9016-45-9||LU:4-Nonylphenol, branched and linear, ethoxylated; List number 931-562-3||AS:Nonylphenol, ethoxylated||AS:As Nonylphenol, ethoxylated [9016-45-9]	95828-59-4
500-024-6||9016-45-9||LU:4-Nonylphenol, branched and linear, ethoxylated; List number 931-562-3||AS:Nonylphenol, ethoxylated||AS:As Nonylphenol, ethoxylated [9016-45-9]	96231-61-7
500-024-6||9016-45-9||LU:4-Nonylphenol, branched and linear, ethoxylated; List number 931-562-3||AS:Nonylphenol, ethoxylated||AS:As Nonylphenol, ethoxylated [9016-45-9]	96957-64-1
500-024-6||9016-45-9||LU:4-Nonylphenol, branched and linear, ethoxylated; List number 931-562-3||AS:Nonylphenol, ethoxylated||AS:As Nonylphenol, ethoxylated [9016-45-9]	96958-17-7
500-024-6||9016-45-9||LU:4-Nonylphenol, branched and linear, ethoxylated; List number 931-562-3||AS:Nonylphenol, ethoxylated||AS:As Nonylphenol, ethoxylated [9016-45-9]	96958-28-0
500-024-6||9016-45-9||LU:4-Nonylphenol, branched and linear, ethoxylated; List number 931-562-3||AS:Nonylphenol, ethoxylated||AS:As Nonylphenol, ethoxylated [9016-45-9]	99402-83-2
500-024-6||9016-45-9||LU:4-Nonylphenol, branched and linear, ethoxylated; List number 931-562-3||AS:Nonylphenol, ethoxylated||AS:As Nonylphenol, ethoxylated [9016-45-9]	99531-82-5
500-024-6||9016-45-9||LU:4-Nonylphenol, branched and linear, ethoxylated; List number 931-562-3||AS:Nonylphenol, ethoxylated||AS:As Nonylphenol, ethoxylated [9016-45-9]	RR-191287-4
500-024-6||9016-45-9||LU:4-Nonylphenol, branched and linear, ethoxylated; List number 931-562-3||AS:Nonylphenol, ethoxylated||AS:As Nonylphenol, ethoxylated [9016-45-9]	RR-191289-6
500-036-1||25214-70-4||||||	25214-70-4
500-036-1||25214-70-4||||AS:Formaldehyde, oligomeric reaction products with aniline||AS:As Formaldehyde, oligomeric reaction products with aniline [25214-70-4]	39363-25-2
500-036-1||25214-70-4||||AS:Formaldehyde, oligomeric reaction products with aniline||AS:As Formaldehyde, oligomeric reaction products with aniline [25214-70-4]	56274-12-5
500-045-0||26027-38-3||||||AS:branched and linear, substances with a linear and/or branched alkyl chain with a carbon number of 9 covalently bound in position 4 to phenol, ethoxylated covering UVCB- and well-defined substances, polymers and homologues, which include any of the individual isomers and/or combinations thereof	26027-38-3
500-045-0||26027-38-3||||AS:Poly(oxy-1,2-ethanediyl), .alpha.-(4-nonylphenyl)-.omega.-hydroxy-||AS:branched and linear, substances with a linear and/or branched alkyl chain with a carbon number of 9 covalently bound in position 4 to phenol, ethoxylated covering UVCB- and well-defined substances, polymers and homologues, which include any of the individual isomers and/or combinations thereof	100777-03-5
500-045-0||26027-38-3||||AS:Poly(oxy-1,2-ethanediyl), .alpha.-(4-nonylphenyl)-.omega.-hydroxy-||AS:branched and linear, substances with a linear and/or branched alkyl chain with a carbon number of 9 covalently bound in position 4 to phenol, ethoxylated covering UVCB- and well-defined substances, polymers and homologues, which include any of the individual isomers and/or combinations thereof	102735-76-2
500-045-0||26027-38-3||||AS:Poly(oxy-1,2-ethanediyl), .alpha.-(4-nonylphenyl)-.omega.-hydroxy-||AS:branched and linear, substances with a linear and/or branched alkyl chain with a carbon number of 9 covalently bound in position 4 to phenol, ethoxylated covering UVCB- and well-defined substances, polymers and homologues, which include any of the individual isomers and/or combinations thereof	113595-38-3
500-045-0||26027-38-3||||AS:Poly(oxy-1,2-ethanediyl), .alpha.-(4-nonylphenyl)-.omega.-hydroxy-||AS:branched and linear, substances with a linear and/or branched alkyl chain with a carbon number of 9 covalently bound in position 4 to phenol, ethoxylated covering UVCB- and well-defined substances, polymers and homologues, which include any of the individual isomers and/or combinations thereof	117989-54-5
500-045-0||26027-38-3||||AS:Poly(oxy-1,2-ethanediyl), .alpha.-(4-nonylphenyl)-.omega.-hydroxy-||AS:branched and linear, substances with a linear and/or branched alkyl chain with a carbon number of 9 covalently bound in position 4 to phenol, ethoxylated covering UVCB- and well-defined substances, polymers and homologues, which include any of the individual isomers and/or combinations thereof	120038-12-2
500-045-0||26027-38-3||||AS:Poly(oxy-1,2-ethanediyl), .alpha.-(4-nonylphenyl)-.omega.-hydroxy-||AS:branched and linear, substances with a linear and/or branched alkyl chain with a carbon number of 9 covalently bound in position 4 to phenol, ethoxylated covering UVCB- and well-defined substances, polymers and homologues, which include any of the individual isomers and/or combinations thereof	124401-72-5
500-045-0||26027-38-3||||AS:Poly(oxy-1,2-ethanediyl), .alpha.-(4-nonylphenyl)-.omega.-hydroxy-||AS:branched and linear, substances with a linear and/or branched alkyl chain with a carbon number of 9 covalently bound in position 4 to phenol, ethoxylated covering UVCB- and well-defined substances, polymers and homologues, which include any of the individual isomers and/or combinations thereof	12612-63-4
500-045-0||26027-38-3||||AS:Poly(oxy-1,2-ethanediyl), .alpha.-(4-nonylphenyl)-.omega.-hydroxy-||AS:branched and linear, substances with a linear and/or branched alkyl chain with a carbon number of 9 covalently bound in position 4 to phenol, ethoxylated covering UVCB- and well-defined substances, polymers and homologues, which include any of the individual isomers and/or combinations thereof	131160-29-7
500-045-0||26027-38-3||||AS:Poly(oxy-1,2-ethanediyl), .alpha.-(4-nonylphenyl)-.omega.-hydroxy-||AS:branched and linear, substances with a linear and/or branched alkyl chain with a carbon number of 9 covalently bound in position 4 to phenol, ethoxylated covering UVCB- and well-defined substances, polymers and homologues, which include any of the individual isomers and/or combinations thereof	131890-12-5
500-045-0||26027-38-3||||AS:Poly(oxy-1,2-ethanediyl), .alpha.-(4-nonylphenyl)-.omega.-hydroxy-||AS:branched and linear, substances with a linear and/or branched alkyl chain with a carbon number of 9 covalently bound in position 4 to phenol, ethoxylated covering UVCB- and well-defined substances, polymers and homologues, which include any of the individual isomers and/or combinations thereof	131890-13-6
500-045-0||26027-38-3||||AS:Poly(oxy-1,2-ethanediyl), .alpha.-(4-nonylphenyl)-.omega.-hydroxy-||AS:branched and linear, substances with a linear and/or branched alkyl chain with a carbon number of 9 covalently bound in position 4 to phenol, ethoxylated covering UVCB- and well-defined substances, polymers and homologues, which include any of the individual isomers and/or combinations thereof	1338788-01-4
500-045-0||26027-38-3||||AS:Poly(oxy-1,2-ethanediyl), .alpha.-(4-nonylphenyl)-.omega.-hydroxy-||AS:branched and linear, substances with a linear and/or branched alkyl chain with a carbon number of 9 covalently bound in position 4 to phenol, ethoxylated covering UVCB- and well-defined substances, polymers and homologues, which include any of the individual isomers and/or combinations thereof	135229-74-2
500-045-0||26027-38-3||||AS:Poly(oxy-1,2-ethanediyl), .alpha.-(4-nonylphenyl)-.omega.-hydroxy-||AS:branched and linear, substances with a linear and/or branched alkyl chain with a carbon number of 9 covalently bound in position 4 to phenol, ethoxylated covering UVCB- and well-defined substances, polymers and homologues, which include any of the individual isomers and/or combinations thereof	17692-59-0
500-045-0||26027-38-3||||AS:Poly(oxy-1,2-ethanediyl), .alpha.-(4-nonylphenyl)-.omega.-hydroxy-||AS:branched and linear, substances with a linear and/or branched alkyl chain with a carbon number of 9 covalently bound in position 4 to phenol, ethoxylated covering UVCB- and well-defined substances, polymers and homologues, which include any of the individual isomers and/or combinations thereof	190386-13-1
500-045-0||26027-38-3||||AS:Poly(oxy-1,2-ethanediyl), .alpha.-(4-nonylphenyl)-.omega.-hydroxy-||AS:branched and linear, substances with a linear and/or branched alkyl chain with a carbon number of 9 covalently bound in position 4 to phenol, ethoxylated covering UVCB- and well-defined substances, polymers and homologues, which include any of the individual isomers and/or combinations thereof	195065-75-9
500-045-0||26027-38-3||||AS:Poly(oxy-1,2-ethanediyl), .alpha.-(4-nonylphenyl)-.omega.-hydroxy-||AS:branched and linear, substances with a linear and/or branched alkyl chain with a carbon number of 9 covalently bound in position 4 to phenol, ethoxylated covering UVCB- and well-defined substances, polymers and homologues, which include any of the individual isomers and/or combinations thereof	204842-55-7
500-045-0||26027-38-3||||AS:Poly(oxy-1,2-ethanediyl), .alpha.-(4-nonylphenyl)-.omega.-hydroxy-||AS:branched and linear, substances with a linear and/or branched alkyl chain with a carbon number of 9 covalently bound in position 4 to phenol, ethoxylated covering UVCB- and well-defined substances, polymers and homologues, which include any of the individual isomers and/or combinations thereof	20543-07-1
500-045-0||26027-38-3||||AS:Poly(oxy-1,2-ethanediyl), .alpha.-(4-nonylphenyl)-.omega.-hydroxy-||AS:branched and linear, substances with a linear and/or branched alkyl chain with a carbon number of 9 covalently bound in position 4 to phenol, ethoxylated covering UVCB- and well-defined substances, polymers and homologues, which include any of the individual isomers and/or combinations thereof	2073-51-0
500-045-0||26027-38-3||||AS:Poly(oxy-1,2-ethanediyl), .alpha.-(4-nonylphenyl)-.omega.-hydroxy-||AS:branched and linear, substances with a linear and/or branched alkyl chain with a carbon number of 9 covalently bound in position 4 to phenol, ethoxylated covering UVCB- and well-defined substances, polymers and homologues, which include any of the individual isomers and/or combinations thereof	226924-41-0
500-045-0||26027-38-3||||AS:Poly(oxy-1,2-ethanediyl), .alpha.-(4-nonylphenyl)-.omega.-hydroxy-||AS:branched and linear, substances with a linear and/or branched alkyl chain with a carbon number of 9 covalently bound in position 4 to phenol, ethoxylated covering UVCB- and well-defined substances, polymers and homologues, which include any of the individual isomers and/or combinations thereof	27942-26-3
500-045-0||26027-38-3||||AS:Poly(oxy-1,2-ethanediyl), .alpha.-(4-nonylphenyl)-.omega.-hydroxy-||AS:branched and linear, substances with a linear and/or branched alkyl chain with a carbon number of 9 covalently bound in position 4 to phenol, ethoxylated covering UVCB- and well-defined substances, polymers and homologues, which include any of the individual isomers and/or combinations thereof	28776-15-0
500-045-0||26027-38-3||||AS:Poly(oxy-1,2-ethanediyl), .alpha.-(4-nonylphenyl)-.omega.-hydroxy-||AS:branched and linear, substances with a linear and/or branched alkyl chain with a carbon number of 9 covalently bound in position 4 to phenol, ethoxylated covering UVCB- and well-defined substances, polymers and homologues, which include any of the individual isomers and/or combinations thereof	29319-48-0
500-045-0||26027-38-3||||AS:Poly(oxy-1,2-ethanediyl), .alpha.-(4-nonylphenyl)-.omega.-hydroxy-||AS:branched and linear, substances with a linear and/or branched alkyl chain with a carbon number of 9 covalently bound in position 4 to phenol, ethoxylated covering UVCB- and well-defined substances, polymers and homologues, which include any of the individual isomers and/or combinations thereof	34149-89-8
500-045-0||26027-38-3||||AS:Poly(oxy-1,2-ethanediyl), .alpha.-(4-nonylphenyl)-.omega.-hydroxy-||AS:branched and linear, substances with a linear and/or branched alkyl chain with a carbon number of 9 covalently bound in position 4 to phenol, ethoxylated covering UVCB- and well-defined substances, polymers and homologues, which include any of the individual isomers and/or combinations thereof	37330-04-4
500-045-0||26027-38-3||||AS:Poly(oxy-1,2-ethanediyl), .alpha.-(4-nonylphenyl)-.omega.-hydroxy-||AS:branched and linear, substances with a linear and/or branched alkyl chain with a carbon number of 9 covalently bound in position 4 to phenol, ethoxylated covering UVCB- and well-defined substances, polymers and homologues, which include any of the individual isomers and/or combinations thereof	374934-72-2
500-045-0||26027-38-3||||AS:Poly(oxy-1,2-ethanediyl), .alpha.-(4-nonylphenyl)-.omega.-hydroxy-||AS:branched and linear, substances with a linear and/or branched alkyl chain with a carbon number of 9 covalently bound in position 4 to phenol, ethoxylated covering UVCB- and well-defined substances, polymers and homologues, which include any of the individual isomers and/or combinations thereof	39042-04-1
500-045-0||26027-38-3||||AS:Poly(oxy-1,2-ethanediyl), .alpha.-(4-nonylphenyl)-.omega.-hydroxy-||AS:branched and linear, substances with a linear and/or branched alkyl chain with a carbon number of 9 covalently bound in position 4 to phenol, ethoxylated covering UVCB- and well-defined substances, polymers and homologues, which include any of the individual isomers and/or combinations thereof	41506-14-3
500-045-0||26027-38-3||||AS:Poly(oxy-1,2-ethanediyl), .alpha.-(4-nonylphenyl)-.omega.-hydroxy-||AS:branched and linear, substances with a linear and/or branched alkyl chain with a carbon number of 9 covalently bound in position 4 to phenol, ethoxylated covering UVCB- and well-defined substances, polymers and homologues, which include any of the individual isomers and/or combinations thereof	51437-95-7
500-045-0||26027-38-3||||AS:Poly(oxy-1,2-ethanediyl), .alpha.-(4-nonylphenyl)-.omega.-hydroxy-||AS:branched and linear, substances with a linear and/or branched alkyl chain with a carbon number of 9 covalently bound in position 4 to phenol, ethoxylated covering UVCB- and well-defined substances, polymers and homologues, which include any of the individual isomers and/or combinations thereof	52440-21-8
500-045-0||26027-38-3||||AS:Poly(oxy-1,2-ethanediyl), .alpha.-(4-nonylphenyl)-.omega.-hydroxy-||AS:branched and linear, substances with a linear and/or branched alkyl chain with a carbon number of 9 covalently bound in position 4 to phenol, ethoxylated covering UVCB- and well-defined substances, polymers and homologues, which include any of the individual isomers and/or combinations thereof	52440-22-9
500-045-0||26027-38-3||||AS:Poly(oxy-1,2-ethanediyl), .alpha.-(4-nonylphenyl)-.omega.-hydroxy-||AS:branched and linear, substances with a linear and/or branched alkyl chain with a carbon number of 9 covalently bound in position 4 to phenol, ethoxylated covering UVCB- and well-defined substances, polymers and homologues, which include any of the individual isomers and/or combinations thereof	55247-80-8
500-045-0||26027-38-3||||AS:Poly(oxy-1,2-ethanediyl), .alpha.-(4-nonylphenyl)-.omega.-hydroxy-||AS:branched and linear, substances with a linear and/or branched alkyl chain with a carbon number of 9 covalently bound in position 4 to phenol, ethoxylated covering UVCB- and well-defined substances, polymers and homologues, which include any of the individual isomers and/or combinations thereof	56214-26-7
500-045-0||26027-38-3||||AS:Poly(oxy-1,2-ethanediyl), .alpha.-(4-nonylphenyl)-.omega.-hydroxy-||AS:branched and linear, substances with a linear and/or branched alkyl chain with a carbon number of 9 covalently bound in position 4 to phenol, ethoxylated covering UVCB- and well-defined substances, polymers and homologues, which include any of the individual isomers and/or combinations thereof	58339-76-7
500-045-0||26027-38-3||||AS:Poly(oxy-1,2-ethanediyl), .alpha.-(4-nonylphenyl)-.omega.-hydroxy-||AS:branched and linear, substances with a linear and/or branched alkyl chain with a carbon number of 9 covalently bound in position 4 to phenol, ethoxylated covering UVCB- and well-defined substances, polymers and homologues, which include any of the individual isomers and/or combinations thereof	68858-84-4
500-045-0||26027-38-3||||AS:Poly(oxy-1,2-ethanediyl), .alpha.-(4-nonylphenyl)-.omega.-hydroxy-||AS:branched and linear, substances with a linear and/or branched alkyl chain with a carbon number of 9 covalently bound in position 4 to phenol, ethoxylated covering UVCB- and well-defined substances, polymers and homologues, which include any of the individual isomers and/or combinations thereof	69154-14-9
500-045-0||26027-38-3||||AS:Poly(oxy-1,2-ethanediyl), .alpha.-(4-nonylphenyl)-.omega.-hydroxy-||AS:branched and linear, substances with a linear and/or branched alkyl chain with a carbon number of 9 covalently bound in position 4 to phenol, ethoxylated covering UVCB- and well-defined substances, polymers and homologues, which include any of the individual isomers and/or combinations thereof	70025-66-0
500-045-0||26027-38-3||||AS:Poly(oxy-1,2-ethanediyl), .alpha.-(4-nonylphenyl)-.omega.-hydroxy-||AS:branched and linear, substances with a linear and/or branched alkyl chain with a carbon number of 9 covalently bound in position 4 to phenol, ethoxylated covering UVCB- and well-defined substances, polymers and homologues, which include any of the individual isomers and/or combinations thereof	78009-08-2
500-045-0||26027-38-3||||AS:Poly(oxy-1,2-ethanediyl), .alpha.-(4-nonylphenyl)-.omega.-hydroxy-||AS:branched and linear, substances with a linear and/or branched alkyl chain with a carbon number of 9 covalently bound in position 4 to phenol, ethoxylated covering UVCB- and well-defined substances, polymers and homologues, which include any of the individual isomers and/or combinations thereof	86243-62-1
500-045-0||26027-38-3||||AS:Poly(oxy-1,2-ethanediyl), .alpha.-(4-nonylphenyl)-.omega.-hydroxy-||AS:branched and linear, substances with a linear and/or branched alkyl chain with a carbon number of 9 covalently bound in position 4 to phenol, ethoxylated covering UVCB- and well-defined substances, polymers and homologues, which include any of the individual isomers and/or combinations thereof	86727-29-9
500-045-0||26027-38-3||||AS:Poly(oxy-1,2-ethanediyl), .alpha.-(4-nonylphenyl)-.omega.-hydroxy-||AS:branched and linear, substances with a linear and/or branched alkyl chain with a carbon number of 9 covalently bound in position 4 to phenol, ethoxylated covering UVCB- and well-defined substances, polymers and homologues, which include any of the individual isomers and/or combinations thereof	9002-95-3
500-045-0||26027-38-3||||AS:Poly(oxy-1,2-ethanediyl), .alpha.-(4-nonylphenyl)-.omega.-hydroxy-||AS:branched and linear, substances with a linear and/or branched alkyl chain with a carbon number of 9 covalently bound in position 4 to phenol, ethoxylated covering UVCB- and well-defined substances, polymers and homologues, which include any of the individual isomers and/or combinations thereof	96827-50-8
500-045-0||26027-38-3||||AS:Poly(oxy-1,2-ethanediyl), .alpha.-(4-nonylphenyl)-.omega.-hydroxy-||AS:branched and linear, substances with a linear and/or branched alkyl chain with a carbon number of 9 covalently bound in position 4 to phenol, ethoxylated covering UVCB- and well-defined substances, polymers and homologues, which include any of the individual isomers and/or combinations thereof	96827-63-3
500-045-0||26027-38-3||||AS:Poly(oxy-1,2-ethanediyl), .alpha.-(4-nonylphenyl)-.omega.-hydroxy-||AS:branched and linear, substances with a linear and/or branched alkyl chain with a carbon number of 9 covalently bound in position 4 to phenol, ethoxylated covering UVCB- and well-defined substances, polymers and homologues, which include any of the individual isomers and/or combinations thereof	99550-41-1
500-209-1||68412-54-4||LU:4-Nonylphenol, branched and linear, ethoxylated||||	68412-54-4
500-315-8||127087-87-0||||||AS:branched and linear, substances with a linear and/or branched alkyl chain with a carbon number of 9 covalently bound in position 4 to phenol, ethoxylated covering UVCB- and well-defined substances, polymers and homologues, which include any of the individual isomers and/or combinations thereof	127087-87-0
500-315-8||127087-87-0||||AS:Poly(oxy-1,2-ethanediyl), .alpha.-(4-nonylphenyl)-.omega.-hydroxy-, branched||AS:branched and linear, substances with a linear and/or branched alkyl chain with a carbon number of 9 covalently bound in position 4 to phenol, ethoxylated covering UVCB- and well-defined substances, polymers and homologues, which include any of the individual isomers and/or combinations thereof	261176-82-3
500-315-8||127087-87-0||||AS:Poly(oxy-1,2-ethanediyl), .alpha.-(4-nonylphenyl)-.omega.-hydroxy-, branched||AS:branched and linear, substances with a linear and/or branched alkyl chain with a carbon number of 9 covalently bound in position 4 to phenol, ethoxylated covering UVCB- and well-defined substances, polymers and homologues, which include any of the individual isomers and/or combinations thereof	91673-24-4
600-419-4||10332-33-9||LU:Sodium perborate, perboric acid, sodium salt||||	10332-33-9
600-419-4||10332-33-9||LU:Sodium perborate, perboric acid, sodium salt||AS:Sodium perborate monohydrate||AS:As Sodium perborate monohydrate [10332-33-9]	17035-66-4
600-419-4||10332-33-9||LU:Sodium perborate, perboric acid, sodium salt||AS:Sodium perborate monohydrate||AS:As Sodium perborate monohydrate [10332-33-9]	UN3377
600-611-8||10486-00-7||LU:Sodium perborate, perboric acid, sodium salt||||	10486-00-7
600-611-8||10486-00-7||LU:Sodium perborate, perboric acid, sodium salt||AS:Sodium perborate tetrahydrate||AS:As Sodium perborate tetrahydrate [10486-00-7]	1026991-29-6
600-611-8||10486-00-7||LU:Sodium perborate, perboric acid, sodium salt||AS:Sodium perborate tetrahydrate||AS:As Sodium perborate tetrahydrate [10486-00-7]	12703-76-3
600-611-8||10486-00-7||LU:Sodium perborate, perboric acid, sodium salt||AS:Sodium perborate tetrahydrate||AS:As Sodium perborate tetrahydrate [10486-00-7]	18283-88-0
600-611-8||10486-00-7||LU:Sodium perborate, perboric acid, sodium salt||AS:Sodium perborate tetrahydrate||AS:As Sodium perborate tetrahydrate [10486-00-7]	27399-92-4
600-611-8||10486-00-7||LU:Sodium perborate, perboric acid, sodium salt||AS:Sodium perborate tetrahydrate||AS:As Sodium perborate tetrahydrate [10486-00-7]	52846-30-7
600-611-8||10486-00-7||LU:Sodium perborate, perboric acid, sodium salt||AS:Sodium perborate tetrahydrate||AS:As Sodium perborate tetrahydrate [10486-00-7]	55276-94-3
600-611-8||10486-00-7||LU:Sodium perborate, perboric acid, sodium salt||AS:Sodium perborate tetrahydrate||AS:As Sodium perborate tetrahydrate [10486-00-7]	56185-21-8
600-857-6||108171-26-2||LU:Alkanes, C10-13, chloro (Short Chain Chlorinated Paraffins)||||AS:might contain short-chain chlorinated paraffins	108171-26-2
601-499-3||117933-89-8||LU:5-sec-butyl-2-(2,4-dimethylcyclohex-3-en-1-yl)-5-methyl-1,3-dioxane [1], 5-sec-butyl-2-(4,6-dimethylcyclohex-3-en-1-yl)-5-methyl-1,3-dioxane [2]||||	117933-89-8
601-808-1||12179-04-3||||||	12179-04-3
601-808-1||12179-04-3||||AS:Sodium tetraborate pentahydrate||AS:As Sodium tetraborate pentahydrate [12179-04-3]	1039387-28-4
601-808-1||12179-04-3||||AS:Sodium tetraborate pentahydrate||AS:As Sodium tetraborate pentahydrate [12179-04-3]	1186126-94-2
601-808-1||12179-04-3||||AS:Sodium tetraborate pentahydrate||AS:As Sodium tetraborate pentahydrate [12179-04-3]	1262222-68-3
601-808-1||12179-04-3||||AS:Sodium tetraborate pentahydrate||AS:As Sodium tetraborate pentahydrate [12179-04-3]	1262281-54-8
601-808-1||12179-04-3||||AS:Sodium tetraborate pentahydrate||AS:As Sodium tetraborate pentahydrate [12179-04-3]	1262426-51-6
601-808-1||12179-04-3||||AS:Sodium tetraborate pentahydrate||AS:As Sodium tetraborate pentahydrate [12179-04-3]	910783-72-1
601-808-1||12179-04-3||||AS:Sodium tetraborate pentahydrate||AS:As Sodium tetraborate pentahydrate [12179-04-3]	950582-74-8
603-411-9||1303-96-4||||||	1303-96-4
603-411-9||1303-96-4||||AS:Sodium tetraborate decahydrate||AS:As Sodium tetraborate decahydrate [1303-96-4]	12322-85-9
603-411-9||1303-96-4||||AS:Sodium tetraborate decahydrate||AS:As Sodium tetraborate decahydrate [1303-96-4]	1242163-03-6
603-411-9||1303-96-4||||AS:Sodium tetraborate decahydrate||AS:As Sodium tetraborate decahydrate [1303-96-4]	12447-40-4
603-411-9||1303-96-4||||AS:Sodium tetraborate decahydrate||AS:As Sodium tetraborate decahydrate [1303-96-4]	1344-90-7
603-411-9||1303-96-4||||AS:Sodium tetraborate decahydrate||AS:As Sodium tetraborate decahydrate [1303-96-4]	1443500-22-8
603-411-9||1303-96-4||||AS:Sodium tetraborate decahydrate||AS:As Sodium tetraborate decahydrate [1303-96-4]	61028-24-8
603-411-9||1303-96-4||||AS:Sodium tetraborate decahydrate||AS:As Sodium tetraborate decahydrate [1303-96-4]	71377-02-1
603-411-9||1303-96-4||||AS:Sodium tetraborate decahydrate||AS:As Sodium tetraborate decahydrate [1303-96-4]	910783-71-0
603-411-9||1303-96-4||||AS:Sodium tetraborate decahydrate||AS:As Sodium tetraborate decahydrate [1303-96-4]	950582-60-2
603-902-8||13517-20-9||LU:Sodium perborate, perboric acid, sodium salt||||	13517-20-9
604-314-4||142844-00-6||||||	142844-00-6
604-395-6||14409-72-4||||||AS:branched and linear, substances with a linear and/or branched alkyl chain with a carbon number of 9 covalently bound in position 4 to phenol, ethoxylated covering UVCB- and well-defined substances, polymers and homologues, which include any of the individual isomers and/or combinations thereof	14409-72-4
608-055-8||27147-75-7||LU:Phenol, alkylation products||||	27147-75-7
608-492-4||3050-88-2||LU:Tris(4-nonylphenyl, branched and linear) phosphite (TNPP)||||	3050-88-2
608-492-4||3050-88-2||LU:Tris(4-nonylphenyl, branched and linear) phosphite (TNPP)||AS:Phenol, 4-nonyl-, phosphite (3:1)||AS:As Phenol, 4-nonyl-, phosphite (3:1) [3050-88-2]	221229-36-3
609-346-2||37205-87-1||||||AS:branched and linear, substances with a linear and/or branched alkyl chain with a carbon number of 9 covalently bound in position 4 to phenol, ethoxylated covering UVCB- and well-defined substances, polymers and homologues, which include any of the individual isomers and/or combinations thereof	37205-87-1
609-346-2||37205-87-1||||AS:Poly(oxy-1,2-ethanediyl), .alpha.-(isononylphenyl)-.omega.-hydroxy-||AS:branched and linear, substances with a linear and/or branched alkyl chain with a carbon number of 9 covalently bound in position 4 to phenol, ethoxylated covering UVCB- and well-defined substances, polymers and homologues, which include any of the individual isomers and/or combinations thereof	100472-99-9
609-346-2||37205-87-1||||AS:Poly(oxy-1,2-ethanediyl), .alpha.-(isononylphenyl)-.omega.-hydroxy-||AS:branched and linear, substances with a linear and/or branched alkyl chain with a carbon number of 9 covalently bound in position 4 to phenol, ethoxylated covering UVCB- and well-defined substances, polymers and homologues, which include any of the individual isomers and/or combinations thereof	121548-43-4
609-346-2||37205-87-1||||AS:Poly(oxy-1,2-ethanediyl), .alpha.-(isononylphenyl)-.omega.-hydroxy-||AS:branched and linear, substances with a linear and/or branched alkyl chain with a carbon number of 9 covalently bound in position 4 to phenol, ethoxylated covering UVCB- and well-defined substances, polymers and homologues, which include any of the individual isomers and/or combinations thereof	138316-74-2
609-346-2||37205-87-1||||AS:Poly(oxy-1,2-ethanediyl), .alpha.-(isononylphenyl)-.omega.-hydroxy-||AS:branched and linear, substances with a linear and/or branched alkyl chain with a carbon number of 9 covalently bound in position 4 to phenol, ethoxylated covering UVCB- and well-defined substances, polymers and homologues, which include any of the individual isomers and/or combinations thereof	51852-94-9
609-346-2||37205-87-1||||AS:Poly(oxy-1,2-ethanediyl), .alpha.-(isononylphenyl)-.omega.-hydroxy-||AS:branched and linear, substances with a linear and/or branched alkyl chain with a carbon number of 9 covalently bound in position 4 to phenol, ethoxylated covering UVCB- and well-defined substances, polymers and homologues, which include any of the individual isomers and/or combinations thereof	577791-97-0
609-346-2||37205-87-1||||AS:Poly(oxy-1,2-ethanediyl), .alpha.-(isononylphenyl)-.omega.-hydroxy-||AS:branched and linear, substances with a linear and/or branched alkyl chain with a carbon number of 9 covalently bound in position 4 to phenol, ethoxylated covering UVCB- and well-defined substances, polymers and homologues, which include any of the individual isomers and/or combinations thereof	620168-37-8
616-100-8||74499-35-7||LU:Phenol, alkylation products||||	74499-35-7
616-572-5||7790-84-3||LU:Cadmium sulphate||||	7790-84-3
616-584-0||7803-57-8||||||	7803-57-8
616-584-0||7803-57-8||||AS:Hydrazine monohydrate||AS:As Hydrazine monohydrate [7803-57-8]	10217-52-4
616-584-0||7803-57-8||||AS:Hydrazine monohydrate||AS:As Hydrazine monohydrate [7803-57-8]	65209-65-6
616-584-0||7803-57-8||||AS:Hydrazine monohydrate||AS:As Hydrazine monohydrate [7803-57-8]	65492-74-2
616-584-0||7803-57-8||||AS:Hydrazine monohydrate||AS:As Hydrazine monohydrate [7803-57-8]	79785-97-0
618-344-0||9002-93-1||||||	9002-93-1
618-344-0||9002-93-1||||AS:4-(1,1,3,3-Tetramethylbutyl)phenol, ethoxylated||AS:As 4-(1,1,3,3-Tetramethylbutyl)phenol, ethoxylated [9002-93-1]	1017686-87-1
618-344-0||9002-93-1||||AS:4-(1,1,3,3-Tetramethylbutyl)phenol, ethoxylated||AS:As 4-(1,1,3,3-Tetramethylbutyl)phenol, ethoxylated [9002-93-1]	111287-03-7
618-344-0||9002-93-1||||AS:4-(1,1,3,3-Tetramethylbutyl)phenol, ethoxylated||AS:As 4-(1,1,3,3-Tetramethylbutyl)phenol, ethoxylated [9002-93-1]	125692-92-4
618-344-0||9002-93-1||||AS:4-(1,1,3,3-Tetramethylbutyl)phenol, ethoxylated||AS:As 4-(1,1,3,3-Tetramethylbutyl)phenol, ethoxylated [9002-93-1]	13463-07-5
618-344-0||9002-93-1||||AS:4-(1,1,3,3-Tetramethylbutyl)phenol, ethoxylated||AS:As 4-(1,1,3,3-Tetramethylbutyl)phenol, ethoxylated [9002-93-1]	172826-82-3
618-344-0||9002-93-1||||AS:4-(1,1,3,3-Tetramethylbutyl)phenol, ethoxylated||AS:As 4-(1,1,3,3-Tetramethylbutyl)phenol, ethoxylated [9002-93-1]	2003274-72-2
618-344-0||9002-93-1||||AS:4-(1,1,3,3-Tetramethylbutyl)phenol, ethoxylated||AS:As 4-(1,1,3,3-Tetramethylbutyl)phenol, ethoxylated [9002-93-1]	2055492-07-2
618-344-0||9002-93-1||||AS:4-(1,1,3,3-Tetramethylbutyl)phenol, ethoxylated||AS:As 4-(1,1,3,3-Tetramethylbutyl)phenol, ethoxylated [9002-93-1]	2091235-81-1
618-344-0||9002-93-1||||AS:4-(1,1,3,3-Tetramethylbutyl)phenol, ethoxylated||AS:As 4-(1,1,3,3-Tetramethylbutyl)phenol, ethoxylated [9002-93-1]	308104-64-5
618-344-0||9002-93-1||||AS:4-(1,1,3,3-Tetramethylbutyl)phenol, ethoxylated||AS:As 4-(1,1,3,3-Tetramethylbutyl)phenol, ethoxylated [9002-93-1]	38723-96-5
618-344-0||9002-93-1||||AS:4-(1,1,3,3-Tetramethylbutyl)phenol, ethoxylated||AS:As 4-(1,1,3,3-Tetramethylbutyl)phenol, ethoxylated [9002-93-1]	39409-11-5
618-344-0||9002-93-1||||AS:4-(1,1,3,3-Tetramethylbutyl)phenol, ethoxylated||AS:As 4-(1,1,3,3-Tetramethylbutyl)phenol, ethoxylated [9002-93-1]	66057-68-9
618-344-0||9002-93-1||||AS:4-(1,1,3,3-Tetramethylbutyl)phenol, ethoxylated||AS:As 4-(1,1,3,3-Tetramethylbutyl)phenol, ethoxylated [9002-93-1]	66057-69-0
618-344-0||9002-93-1||||AS:4-(1,1,3,3-Tetramethylbutyl)phenol, ethoxylated||AS:As 4-(1,1,3,3-Tetramethylbutyl)phenol, ethoxylated [9002-93-1]	66057-82-7
618-344-0||9002-93-1||||AS:4-(1,1,3,3-Tetramethylbutyl)phenol, ethoxylated||AS:As 4-(1,1,3,3-Tetramethylbutyl)phenol, ethoxylated [9002-93-1]	81398-86-9
618-344-0||9002-93-1||||AS:4-(1,1,3,3-Tetramethylbutyl)phenol, ethoxylated||AS:As 4-(1,1,3,3-Tetramethylbutyl)phenol, ethoxylated [9002-93-1]	9010-42-8
618-344-0||9002-93-1||||AS:4-(1,1,3,3-Tetramethylbutyl)phenol, ethoxylated||AS:As 4-(1,1,3,3-Tetramethylbutyl)phenol, ethoxylated [9002-93-1]	9010-43-9
618-344-0||9002-93-1||||AS:4-(1,1,3,3-Tetramethylbutyl)phenol, ethoxylated||AS:As 4-(1,1,3,3-Tetramethylbutyl)phenol, ethoxylated [9002-93-1]	9077-65-0
618-344-0||9002-93-1||||AS:4-(1,1,3,3-Tetramethylbutyl)phenol, ethoxylated||AS:As 4-(1,1,3,3-Tetramethylbutyl)phenol, ethoxylated [9002-93-1]	935753-04-1
618-541-1||9036-19-5||LU:4-(1,1,3,3-Tetramethylbuthyl)phenol, ethoxylated||||	9036-19-5
618-541-1||9036-19-5||LU:4-(1,1,3,3-Tetramethylbuthyl)phenol, ethoxylated||AS:Polyoxyethylene (1,1,3,3-tetramethylbutyl)phenyl ether||AS:As Polyoxyethylene (1,1,3,3-tetramethylbutyl)phenyl ether [9036-19-5]	11130-43-1
618-541-1||9036-19-5||LU:4-(1,1,3,3-Tetramethylbuthyl)phenol, ethoxylated||AS:Polyoxyethylene (1,1,3,3-tetramethylbutyl)phenyl ether||AS:As Polyoxyethylene (1,1,3,3-tetramethylbutyl)phenyl ether [9036-19-5]	120026-27-9
618-541-1||9036-19-5||LU:4-(1,1,3,3-Tetramethylbuthyl)phenol, ethoxylated||AS:Polyoxyethylene (1,1,3,3-tetramethylbutyl)phenyl ether||AS:As Polyoxyethylene (1,1,3,3-tetramethylbutyl)phenyl ether [9036-19-5]	1211504-20-9
618-541-1||9036-19-5||LU:4-(1,1,3,3-Tetramethylbuthyl)phenol, ethoxylated||AS:Polyoxyethylene (1,1,3,3-tetramethylbutyl)phenyl ether||AS:As Polyoxyethylene (1,1,3,3-tetramethylbutyl)phenyl ether [9036-19-5]	12679-74-2
618-541-1||9036-19-5||LU:4-(1,1,3,3-Tetramethylbuthyl)phenol, ethoxylated||AS:Polyoxyethylene (1,1,3,3-tetramethylbutyl)phenyl ether||AS:As Polyoxyethylene (1,1,3,3-tetramethylbutyl)phenyl ether [9036-19-5]	1336-60-3
618-541-1||9036-19-5||LU:4-(1,1,3,3-Tetramethylbuthyl)phenol, ethoxylated||AS:Polyoxyethylene (1,1,3,3-tetramethylbutyl)phenyl ether||AS:As Polyoxyethylene (1,1,3,3-tetramethylbutyl)phenyl ether [9036-19-5]	141443-66-5
618-541-1||9036-19-5||LU:4-(1,1,3,3-Tetramethylbuthyl)phenol, ethoxylated||AS:Polyoxyethylene (1,1,3,3-tetramethylbutyl)phenyl ether||AS:As Polyoxyethylene (1,1,3,3-tetramethylbutyl)phenyl ether [9036-19-5]	188612-22-8
618-541-1||9036-19-5||LU:4-(1,1,3,3-Tetramethylbuthyl)phenol, ethoxylated||AS:Polyoxyethylene (1,1,3,3-tetramethylbutyl)phenyl ether||AS:As Polyoxyethylene (1,1,3,3-tetramethylbutyl)phenyl ether [9036-19-5]	38723-96-5
618-541-1||9036-19-5||LU:4-(1,1,3,3-Tetramethylbuthyl)phenol, ethoxylated||AS:Polyoxyethylene (1,1,3,3-tetramethylbutyl)phenyl ether||AS:As Polyoxyethylene (1,1,3,3-tetramethylbutyl)phenyl ether [9036-19-5]	39283-49-3
618-541-1||9036-19-5||LU:4-(1,1,3,3-Tetramethylbuthyl)phenol, ethoxylated||AS:Polyoxyethylene (1,1,3,3-tetramethylbutyl)phenyl ether||AS:As Polyoxyethylene (1,1,3,3-tetramethylbutyl)phenyl ether [9036-19-5]	39316-46-6
618-541-1||9036-19-5||LU:4-(1,1,3,3-Tetramethylbuthyl)phenol, ethoxylated||AS:Polyoxyethylene (1,1,3,3-tetramethylbutyl)phenyl ether||AS:As Polyoxyethylene (1,1,3,3-tetramethylbutyl)phenyl ether [9036-19-5]	39320-65-5
618-541-1||9036-19-5||LU:4-(1,1,3,3-Tetramethylbuthyl)phenol, ethoxylated||AS:Polyoxyethylene (1,1,3,3-tetramethylbutyl)phenyl ether||AS:As Polyoxyethylene (1,1,3,3-tetramethylbutyl)phenyl ether [9036-19-5]	39341-03-2
618-541-1||9036-19-5||LU:4-(1,1,3,3-Tetramethylbuthyl)phenol, ethoxylated||AS:Polyoxyethylene (1,1,3,3-tetramethylbutyl)phenyl ether||AS:As Polyoxyethylene (1,1,3,3-tetramethylbutyl)phenyl ether [9036-19-5]	50643-03-3
618-541-1||9036-19-5||LU:4-(1,1,3,3-Tetramethylbuthyl)phenol, ethoxylated||AS:Polyoxyethylene (1,1,3,3-tetramethylbutyl)phenyl ether||AS:As Polyoxyethylene (1,1,3,3-tetramethylbutyl)phenyl ether [9036-19-5]	50815-48-0
618-541-1||9036-19-5||LU:4-(1,1,3,3-Tetramethylbuthyl)phenol, ethoxylated||AS:Polyoxyethylene (1,1,3,3-tetramethylbutyl)phenyl ether||AS:As Polyoxyethylene (1,1,3,3-tetramethylbutyl)phenyl ether [9036-19-5]	52628-05-4
618-541-1||9036-19-5||LU:4-(1,1,3,3-Tetramethylbuthyl)phenol, ethoxylated||AS:Polyoxyethylene (1,1,3,3-tetramethylbutyl)phenyl ether||AS:As Polyoxyethylene (1,1,3,3-tetramethylbutyl)phenyl ether [9036-19-5]	53663-54-0
618-541-1||9036-19-5||LU:4-(1,1,3,3-Tetramethylbuthyl)phenol, ethoxylated||AS:Polyoxyethylene (1,1,3,3-tetramethylbutyl)phenyl ether||AS:As Polyoxyethylene (1,1,3,3-tetramethylbutyl)phenyl ether [9036-19-5]	53858-66-5
618-541-1||9036-19-5||LU:4-(1,1,3,3-Tetramethylbuthyl)phenol, ethoxylated||AS:Polyoxyethylene (1,1,3,3-tetramethylbutyl)phenyl ether||AS:As Polyoxyethylene (1,1,3,3-tetramethylbutyl)phenyl ether [9036-19-5]	54834-97-8
618-541-1||9036-19-5||LU:4-(1,1,3,3-Tetramethylbuthyl)phenol, ethoxylated||AS:Polyoxyethylene (1,1,3,3-tetramethylbutyl)phenyl ether||AS:As Polyoxyethylene (1,1,3,3-tetramethylbutyl)phenyl ether [9036-19-5]	55068-75-2
618-541-1||9036-19-5||LU:4-(1,1,3,3-Tetramethylbuthyl)phenol, ethoxylated||AS:Polyoxyethylene (1,1,3,3-tetramethylbutyl)phenyl ether||AS:As Polyoxyethylene (1,1,3,3-tetramethylbutyl)phenyl ether [9036-19-5]	55600-46-9
618-541-1||9036-19-5||LU:4-(1,1,3,3-Tetramethylbuthyl)phenol, ethoxylated||AS:Polyoxyethylene (1,1,3,3-tetramethylbutyl)phenyl ether||AS:As Polyoxyethylene (1,1,3,3-tetramethylbutyl)phenyl ether [9036-19-5]	58056-95-4
618-541-1||9036-19-5||LU:4-(1,1,3,3-Tetramethylbuthyl)phenol, ethoxylated||AS:Polyoxyethylene (1,1,3,3-tetramethylbutyl)phenyl ether||AS:As Polyoxyethylene (1,1,3,3-tetramethylbutyl)phenyl ether [9036-19-5]	59112-84-4
618-541-1||9036-19-5||LU:4-(1,1,3,3-Tetramethylbuthyl)phenol, ethoxylated||AS:Polyoxyethylene (1,1,3,3-tetramethylbutyl)phenyl ether||AS:As Polyoxyethylene (1,1,3,3-tetramethylbutyl)phenyl ether [9036-19-5]	63172-50-9
618-541-1||9036-19-5||LU:4-(1,1,3,3-Tetramethylbuthyl)phenol, ethoxylated||AS:Polyoxyethylene (1,1,3,3-tetramethylbutyl)phenyl ether||AS:As Polyoxyethylene (1,1,3,3-tetramethylbutyl)phenyl ether [9036-19-5]	71538-51-7
618-541-1||9036-19-5||LU:4-(1,1,3,3-Tetramethylbuthyl)phenol, ethoxylated||AS:Polyoxyethylene (1,1,3,3-tetramethylbutyl)phenyl ether||AS:As Polyoxyethylene (1,1,3,3-tetramethylbutyl)phenyl ether [9036-19-5]	73904-96-8
618-541-1||9036-19-5||LU:4-(1,1,3,3-Tetramethylbuthyl)phenol, ethoxylated||AS:Polyoxyethylene (1,1,3,3-tetramethylbutyl)phenyl ether||AS:As Polyoxyethylene (1,1,3,3-tetramethylbutyl)phenyl ether [9036-19-5]	77137-66-7
618-541-1||9036-19-5||LU:4-(1,1,3,3-Tetramethylbuthyl)phenol, ethoxylated||AS:Polyoxyethylene (1,1,3,3-tetramethylbutyl)phenyl ether||AS:As Polyoxyethylene (1,1,3,3-tetramethylbutyl)phenyl ether [9036-19-5]	863727-84-8
618-541-1||9036-19-5||LU:4-(1,1,3,3-Tetramethylbuthyl)phenol, ethoxylated||AS:Polyoxyethylene (1,1,3,3-tetramethylbutyl)phenyl ether||AS:As Polyoxyethylene (1,1,3,3-tetramethylbutyl)phenyl ether [9036-19-5]	881841-96-9
618-541-1||9036-19-5||LU:4-(1,1,3,3-Tetramethylbuthyl)phenol, ethoxylated||AS:Polyoxyethylene (1,1,3,3-tetramethylbutyl)phenyl ether||AS:As Polyoxyethylene (1,1,3,3-tetramethylbutyl)phenyl ether [9036-19-5]	881842-18-8
618-541-1||9036-19-5||LU:4-(1,1,3,3-Tetramethylbuthyl)phenol, ethoxylated||AS:Polyoxyethylene (1,1,3,3-tetramethylbutyl)phenyl ether||AS:As Polyoxyethylene (1,1,3,3-tetramethylbutyl)phenyl ether [9036-19-5]	9081-83-8
622-370-8||1522-92-5||||||	1522-92-5
624-576-3||1718-53-2||||||	1718-53-2
626-360-4||15244-35-6||LU:Cadmium sulphate||||	15244-35-6
626-360-4||15244-35-6||LU:Cadmium sulphate||AS:Sulfuric acid, cadmium salt (1:1), hydrate||AS:As Sulfuric acid, cadmium salt (1:1), hydrate [15244-35-6]	22465-18-5
635-388-6||521947-27-3||LU:4-Nonylphenol, branched and linear||||	521947-27-3
635-389-1||186825-36-5||LU:4-Nonylphenol, branched and linear||||	186825-36-5
635-391-2||142731-63-3||LU:4-Nonylphenol, branched and linear||||	142731-63-3
635-696-0||186825-39-8||LU:4-Nonylphenol, branched and linear||||	186825-39-8
640-104-9||210555-94-5||LU:Phenol, alkylation products||||	210555-94-5
640-998-0||7790-78-5||LU:Cadmium chloride||||	7790-78-5
640-998-0||7790-78-5||LU:Cadmium chloride||AS:Cadmium chloride, hydrate (2:5)||AS:As Cadmium chloride, hydrate (2:5) [7790-78-5]	143983-90-8
640-998-0||7790-78-5||LU:Cadmium chloride||AS:Cadmium chloride, hydrate (2:5)||AS:As Cadmium chloride, hydrate (2:5) [7790-78-5]	34330-64-8
671-826-2||507453-86-3||LU:Perfluorobutane sulfonic acid salts||||	507453-86-3
671-827-8||131651-65-5||LU:Perfluorobutane sulfonic acid salts||||	131651-65-5
671-830-4||503155-89-3||LU:Perfluorobutane sulfonic acid salts||||	503155-89-3
687-832-3||1119449-37-4||LU:4-Nonylphenol, branched and linear, ethoxylated||||	1119449-37-4
687-833-9||1119449-38-5||LU:4-Nonylphenol, branched and linear, ethoxylated||||	1119449-38-5
700-242-3||62037-80-3||LU:2,3,3,3-Tetrafluoro-2-(heptafluoropropoxy)propionic acid, its salts and its acyl halides||||	62037-80-3
700-536-1||25628-08-4||LU:Perfluorobutane sulfonic acid salts||||	25628-08-4
700-927-7||RR-191303-7||LU:5-sec-butyl-2-(2,4-dimethylcyclohex-3-en-1-yl)-5-methyl-1,3-dioxane [1], 5-sec-butyl-2-(4,6-dimethylcyclohex-3-en-1-yl)-5-methyl-1,3-dioxane [2]||||	RR-191303-7
700-960-7||RR-201023-3||||||	RR-201023-3
701-028-2||RR-165218-2||LU:Tris(4-nonylphenyl, branched and linear) phosphite (TNPP)||||	RR-165218-2
701-118-1||2156592-54-8||||||	2156592-54-8
701-376-5||1372804-76-6||LU:Medium-chain chlorinated paraffins (MCCP)||||	1372804-76-6
799-971-8||RR-04537-4||LU:Medium-chain chlorinated paraffins (MCCP)||||AS:UVCB substances consisting of more than or equal to 80% linear chloroalkanes with carbon chain lengths within the range from C14 to C17	RR-04537-4
799-973-9||RR-184837-9||LU:Dioctyltin dilaurate, stannane, dioctyl-, bis(coco acyloxy) derivatives, and any other stannane, dioctyl-, bis(fatty acyloxy) derivatives wherein C12 is the predominant carbon number of the fatty acyloxy moiety||||	RR-184837-9
799-973-9||RR-184837-9||LU:Dioctyltin dilaurate, stannane, dioctyl-, bis(coco acyloxy) derivatives, and any other stannane, dioctyl-, bis(fatty acyloxy) derivatives wherein C12 is the predominant carbon number of the fatty acyloxy moiety||AS:Stannane, dioctyl-, bis(fatty acyloxy) derivatives wherein C12 is the predominant carbon number of the fatty acyloxy moiety||AS:As Stannane, dioctyl-, bis(fatty acyloxy) derivatives wherein C12 is the predominant carbon number of the fatty acyloxy moiety [RR-184837-9]	22205-26-1
799-973-9||RR-184837-9||LU:Dioctyltin dilaurate, stannane, dioctyl-, bis(coco acyloxy) derivatives, and any other stannane, dioctyl-, bis(fatty acyloxy) derivatives wherein C12 is the predominant carbon number of the fatty acyloxy moiety||AS:Stannane, dioctyl-, bis(fatty acyloxy) derivatives wherein C12 is the predominant carbon number of the fatty acyloxy moiety||AS:As Stannane, dioctyl-, bis(fatty acyloxy) derivatives wherein C12 is the predominant carbon number of the fatty acyloxy moiety [RR-184837-9]	85938-41-6
799-973-9||RR-184837-9||LU:Dioctyltin dilaurate, stannane, dioctyl-, bis(coco acyloxy) derivatives, and any other stannane, dioctyl-, bis(fatty acyloxy) derivatives wherein C12 is the predominant carbon number of the fatty acyloxy moiety||AS:Stannane, dioctyl-, bis(fatty acyloxy) derivatives wherein C12 is the predominant carbon number of the fatty acyloxy moiety||AS:As Stannane, dioctyl-, bis(fatty acyloxy) derivatives wherein C12 is the predominant carbon number of the fatty acyloxy moiety [RR-184837-9]	85938-42-7
799-973-9||RR-184837-9||LU:Dioctyltin dilaurate, stannane, dioctyl-, bis(coco acyloxy) derivatives, and any other stannane, dioctyl-, bis(fatty acyloxy) derivatives wherein C12 is the predominant carbon number of the fatty acyloxy moiety||AS:Stannane, dioctyl-, bis(fatty acyloxy) derivatives wherein C12 is the predominant carbon number of the fatty acyloxy moiety||AS:As Stannane, dioctyl-, bis(fatty acyloxy) derivatives wherein C12 is the predominant carbon number of the fatty acyloxy moiety [RR-184837-9]	85938-43-8
854-135-2||861011-60-1||LU:4-Heptylphenol, branched and linear [substances with a linear and/or branched alkyl chain with a carbon number of 7 covalently bound predominantly in position 4 to phenol, covering also UVCB- and well-defined substances which include any of the individual isomers or a combination thereof||||	861011-60-1
854-958-7||30784-32-8||LU:4-Heptylphenol, branched and linear [substances with a linear and/or branched alkyl chain with a carbon number of 7 covalently bound predominantly in position 4 to phenol, covering also UVCB- and well-defined substances which include any of the individual isomers or a combination thereof||||	30784-32-8
931-753-1||RR-191288-5||LU:4-Nonylphenol, branched and linear, ethoxylated||||	RR-191288-5
931-754-7||9016-45-9||LU:4-Nonylphenol, branched and linear, ethoxylated||||AS:8 EO	9016-45-9
931-754-7||9016-45-9||LU:4-Nonylphenol, branched and linear, ethoxylated||AS:Nonylphenol, ethoxylated||AS:8 EO	102188-45-4
931-754-7||9016-45-9||LU:4-Nonylphenol, branched and linear, ethoxylated||AS:Nonylphenol, ethoxylated||AS:8 EO	103939-37-3
931-754-7||9016-45-9||LU:4-Nonylphenol, branched and linear, ethoxylated||AS:Nonylphenol, ethoxylated||AS:8 EO	105269-88-3
931-754-7||9016-45-9||LU:4-Nonylphenol, branched and linear, ethoxylated||AS:Nonylphenol, ethoxylated||AS:8 EO	106152-98-1
931-754-7||9016-45-9||LU:4-Nonylphenol, branched and linear, ethoxylated||AS:Nonylphenol, ethoxylated||AS:8 EO	107231-62-9
931-754-7||9016-45-9||LU:4-Nonylphenol, branched and linear, ethoxylated||AS:Nonylphenol, ethoxylated||AS:8 EO	11098-16-1
931-754-7||9016-45-9||LU:4-Nonylphenol, branched and linear, ethoxylated||AS:Nonylphenol, ethoxylated||AS:8 EO	11103-60-9
931-754-7||9016-45-9||LU:4-Nonylphenol, branched and linear, ethoxylated||AS:Nonylphenol, ethoxylated||AS:8 EO	11107-93-0
931-754-7||9016-45-9||LU:4-Nonylphenol, branched and linear, ethoxylated||AS:Nonylphenol, ethoxylated||AS:8 EO	111623-62-2
931-754-7||9016-45-9||LU:4-Nonylphenol, branched and linear, ethoxylated||AS:Nonylphenol, ethoxylated||AS:8 EO	112509-36-1
931-754-7||9016-45-9||LU:4-Nonylphenol, branched and linear, ethoxylated||AS:Nonylphenol, ethoxylated||AS:8 EO	114101-89-2
931-754-7||9016-45-9||LU:4-Nonylphenol, branched and linear, ethoxylated||AS:Nonylphenol, ethoxylated||AS:8 EO	1163687-50-0
931-754-7||9016-45-9||LU:4-Nonylphenol, branched and linear, ethoxylated||AS:Nonylphenol, ethoxylated||AS:8 EO	116711-78-5
931-754-7||9016-45-9||LU:4-Nonylphenol, branched and linear, ethoxylated||AS:Nonylphenol, ethoxylated||AS:8 EO	1202388-20-2
931-754-7||9016-45-9||LU:4-Nonylphenol, branched and linear, ethoxylated||AS:Nonylphenol, ethoxylated||AS:8 EO	1202388-26-8
931-754-7||9016-45-9||LU:4-Nonylphenol, branched and linear, ethoxylated||AS:Nonylphenol, ethoxylated||AS:8 EO	123019-34-1
931-754-7||9016-45-9||LU:4-Nonylphenol, branched and linear, ethoxylated||AS:Nonylphenol, ethoxylated||AS:8 EO	123068-21-3
931-754-7||9016-45-9||LU:4-Nonylphenol, branched and linear, ethoxylated||AS:Nonylphenol, ethoxylated||AS:8 EO	124057-60-9
931-754-7||9016-45-9||LU:4-Nonylphenol, branched and linear, ethoxylated||AS:Nonylphenol, ethoxylated||AS:8 EO	12767-68-9
931-754-7||9016-45-9||LU:4-Nonylphenol, branched and linear, ethoxylated||AS:Nonylphenol, ethoxylated||AS:8 EO	12789-12-7
931-754-7||9016-45-9||LU:4-Nonylphenol, branched and linear, ethoxylated||AS:Nonylphenol, ethoxylated||AS:8 EO	12790-67-9
931-754-7||9016-45-9||LU:4-Nonylphenol, branched and linear, ethoxylated||AS:Nonylphenol, ethoxylated||AS:8 EO	137263-06-0
931-754-7||9016-45-9||LU:4-Nonylphenol, branched and linear, ethoxylated||AS:Nonylphenol, ethoxylated||AS:8 EO	139281-67-7
931-754-7||9016-45-9||LU:4-Nonylphenol, branched and linear, ethoxylated||AS:Nonylphenol, ethoxylated||AS:8 EO	141490-14-4
931-754-7||9016-45-9||LU:4-Nonylphenol, branched and linear, ethoxylated||AS:Nonylphenol, ethoxylated||AS:8 EO	142985-89-5
931-754-7||9016-45-9||LU:4-Nonylphenol, branched and linear, ethoxylated||AS:Nonylphenol, ethoxylated||AS:8 EO	143929-07-1
931-754-7||9016-45-9||LU:4-Nonylphenol, branched and linear, ethoxylated||AS:Nonylphenol, ethoxylated||AS:8 EO	167140-06-9
931-754-7||9016-45-9||LU:4-Nonylphenol, branched and linear, ethoxylated||AS:Nonylphenol, ethoxylated||AS:8 EO	172521-16-3
931-754-7||9016-45-9||LU:4-Nonylphenol, branched and linear, ethoxylated||AS:Nonylphenol, ethoxylated||AS:8 EO	1809431-45-5
931-754-7||9016-45-9||LU:4-Nonylphenol, branched and linear, ethoxylated||AS:Nonylphenol, ethoxylated||AS:8 EO	1809431-82-0
931-754-7||9016-45-9||LU:4-Nonylphenol, branched and linear, ethoxylated||AS:Nonylphenol, ethoxylated||AS:8 EO	188612-23-9
931-754-7||9016-45-9||LU:4-Nonylphenol, branched and linear, ethoxylated||AS:Nonylphenol, ethoxylated||AS:8 EO	190856-87-2
931-754-7||9016-45-9||LU:4-Nonylphenol, branched and linear, ethoxylated||AS:Nonylphenol, ethoxylated||AS:8 EO	1943678-94-1
931-754-7||9016-45-9||LU:4-Nonylphenol, branched and linear, ethoxylated||AS:Nonylphenol, ethoxylated||AS:8 EO	202936-22-9
931-754-7||9016-45-9||LU:4-Nonylphenol, branched and linear, ethoxylated||AS:Nonylphenol, ethoxylated||AS:8 EO	205577-03-3
931-754-7||9016-45-9||LU:4-Nonylphenol, branched and linear, ethoxylated||AS:Nonylphenol, ethoxylated||AS:8 EO	2091900-73-9
931-754-7||9016-45-9||LU:4-Nonylphenol, branched and linear, ethoxylated||AS:Nonylphenol, ethoxylated||AS:8 EO	2096976-67-7
931-754-7||9016-45-9||LU:4-Nonylphenol, branched and linear, ethoxylated||AS:Nonylphenol, ethoxylated||AS:8 EO	226225-58-7
931-754-7||9016-45-9||LU:4-Nonylphenol, branched and linear, ethoxylated||AS:Nonylphenol, ethoxylated||AS:8 EO	226225-59-8
931-754-7||9016-45-9||LU:4-Nonylphenol, branched and linear, ethoxylated||AS:Nonylphenol, ethoxylated||AS:8 EO	2323620-11-5
931-754-7||9016-45-9||LU:4-Nonylphenol, branched and linear, ethoxylated||AS:Nonylphenol, ethoxylated||AS:8 EO	2332812-08-3
931-754-7||9016-45-9||LU:4-Nonylphenol, branched and linear, ethoxylated||AS:Nonylphenol, ethoxylated||AS:8 EO	2408592-97-0
931-754-7||9016-45-9||LU:4-Nonylphenol, branched and linear, ethoxylated||AS:Nonylphenol, ethoxylated||AS:8 EO	25640-88-4
931-754-7||9016-45-9||LU:4-Nonylphenol, branched and linear, ethoxylated||AS:Nonylphenol, ethoxylated||AS:8 EO	27176-97-2
931-754-7||9016-45-9||LU:4-Nonylphenol, branched and linear, ethoxylated||AS:Nonylphenol, ethoxylated||AS:8 EO	27288-14-8
931-754-7||9016-45-9||LU:4-Nonylphenol, branched and linear, ethoxylated||AS:Nonylphenol, ethoxylated||AS:8 EO	27942-26-3
931-754-7||9016-45-9||LU:4-Nonylphenol, branched and linear, ethoxylated||AS:Nonylphenol, ethoxylated||AS:8 EO	28136-10-9
931-754-7||9016-45-9||LU:4-Nonylphenol, branched and linear, ethoxylated||AS:Nonylphenol, ethoxylated||AS:8 EO	286015-24-5
931-754-7||9016-45-9||LU:4-Nonylphenol, branched and linear, ethoxylated||AS:Nonylphenol, ethoxylated||AS:8 EO	286015-28-9
931-754-7||9016-45-9||LU:4-Nonylphenol, branched and linear, ethoxylated||AS:Nonylphenol, ethoxylated||AS:8 EO	29594-36-3
931-754-7||9016-45-9||LU:4-Nonylphenol, branched and linear, ethoxylated||AS:Nonylphenol, ethoxylated||AS:8 EO	30676-83-6
931-754-7||9016-45-9||LU:4-Nonylphenol, branched and linear, ethoxylated||AS:Nonylphenol, ethoxylated||AS:8 EO	32196-52-4
931-754-7||9016-45-9||LU:4-Nonylphenol, branched and linear, ethoxylated||AS:Nonylphenol, ethoxylated||AS:8 EO	37187-23-8
931-754-7||9016-45-9||LU:4-Nonylphenol, branched and linear, ethoxylated||AS:Nonylphenol, ethoxylated||AS:8 EO	37210-94-9
931-754-7||9016-45-9||LU:4-Nonylphenol, branched and linear, ethoxylated||AS:Nonylphenol, ethoxylated||AS:8 EO	37230-99-2
931-754-7||9016-45-9||LU:4-Nonylphenol, branched and linear, ethoxylated||AS:Nonylphenol, ethoxylated||AS:8 EO	37280-80-1
931-754-7||9016-45-9||LU:4-Nonylphenol, branched and linear, ethoxylated||AS:Nonylphenol, ethoxylated||AS:8 EO	37291-67-1
931-754-7||9016-45-9||LU:4-Nonylphenol, branched and linear, ethoxylated||AS:Nonylphenol, ethoxylated||AS:8 EO	37336-52-0
931-754-7||9016-45-9||LU:4-Nonylphenol, branched and linear, ethoxylated||AS:Nonylphenol, ethoxylated||AS:8 EO	376647-33-5
931-754-7||9016-45-9||LU:4-Nonylphenol, branched and linear, ethoxylated||AS:Nonylphenol, ethoxylated||AS:8 EO	39289-57-1
931-754-7||9016-45-9||LU:4-Nonylphenol, branched and linear, ethoxylated||AS:Nonylphenol, ethoxylated||AS:8 EO	39316-45-5
931-754-7||9016-45-9||LU:4-Nonylphenol, branched and linear, ethoxylated||AS:Nonylphenol, ethoxylated||AS:8 EO	39316-73-9
931-754-7||9016-45-9||LU:4-Nonylphenol, branched and linear, ethoxylated||AS:Nonylphenol, ethoxylated||AS:8 EO	39346-85-5
931-754-7||9016-45-9||LU:4-Nonylphenol, branched and linear, ethoxylated||AS:Nonylphenol, ethoxylated||AS:8 EO	39373-71-2
931-754-7||9016-45-9||LU:4-Nonylphenol, branched and linear, ethoxylated||AS:Nonylphenol, ethoxylated||AS:8 EO	39392-83-1
931-754-7||9016-45-9||LU:4-Nonylphenol, branched and linear, ethoxylated||AS:Nonylphenol, ethoxylated||AS:8 EO	39393-36-7
931-754-7||9016-45-9||LU:4-Nonylphenol, branched and linear, ethoxylated||AS:Nonylphenol, ethoxylated||AS:8 EO	39421-49-3
931-754-7||9016-45-9||LU:4-Nonylphenol, branched and linear, ethoxylated||AS:Nonylphenol, ethoxylated||AS:8 EO	39453-05-9
931-754-7||9016-45-9||LU:4-Nonylphenol, branched and linear, ethoxylated||AS:Nonylphenol, ethoxylated||AS:8 EO	39454-98-3
931-754-7||9016-45-9||LU:4-Nonylphenol, branched and linear, ethoxylated||AS:Nonylphenol, ethoxylated||AS:8 EO	39475-46-2
931-754-7||9016-45-9||LU:4-Nonylphenol, branched and linear, ethoxylated||AS:Nonylphenol, ethoxylated||AS:8 EO	42617-03-8
931-754-7||9016-45-9||LU:4-Nonylphenol, branched and linear, ethoxylated||AS:Nonylphenol, ethoxylated||AS:8 EO	441352-55-2
931-754-7||9016-45-9||LU:4-Nonylphenol, branched and linear, ethoxylated||AS:Nonylphenol, ethoxylated||AS:8 EO	441352-56-3
931-754-7||9016-45-9||LU:4-Nonylphenol, branched and linear, ethoxylated||AS:Nonylphenol, ethoxylated||AS:8 EO	441352-57-4
931-754-7||9016-45-9||LU:4-Nonylphenol, branched and linear, ethoxylated||AS:Nonylphenol, ethoxylated||AS:8 EO	441352-58-5
931-754-7||9016-45-9||LU:4-Nonylphenol, branched and linear, ethoxylated||AS:Nonylphenol, ethoxylated||AS:8 EO	441352-59-6
931-754-7||9016-45-9||LU:4-Nonylphenol, branched and linear, ethoxylated||AS:Nonylphenol, ethoxylated||AS:8 EO	50855-29-3
931-754-7||9016-45-9||LU:4-Nonylphenol, branched and linear, ethoxylated||AS:Nonylphenol, ethoxylated||AS:8 EO	509171-19-1
931-754-7||9016-45-9||LU:4-Nonylphenol, branched and linear, ethoxylated||AS:Nonylphenol, ethoxylated||AS:8 EO	50934-84-4
931-754-7||9016-45-9||LU:4-Nonylphenol, branched and linear, ethoxylated||AS:Nonylphenol, ethoxylated||AS:8 EO	51059-97-3
931-754-7||9016-45-9||LU:4-Nonylphenol, branched and linear, ethoxylated||AS:Nonylphenol, ethoxylated||AS:8 EO	51609-19-9
931-754-7||9016-45-9||LU:4-Nonylphenol, branched and linear, ethoxylated||AS:Nonylphenol, ethoxylated||AS:8 EO	51668-51-0
931-754-7||9016-45-9||LU:4-Nonylphenol, branched and linear, ethoxylated||AS:Nonylphenol, ethoxylated||AS:8 EO	51938-25-1
931-754-7||9016-45-9||LU:4-Nonylphenol, branched and linear, ethoxylated||AS:Nonylphenol, ethoxylated||AS:8 EO	51938-59-1
931-754-7||9016-45-9||LU:4-Nonylphenol, branched and linear, ethoxylated||AS:Nonylphenol, ethoxylated||AS:8 EO	51938-60-4
931-754-7||9016-45-9||LU:4-Nonylphenol, branched and linear, ethoxylated||AS:Nonylphenol, ethoxylated||AS:8 EO	52012-43-8
931-754-7||9016-45-9||LU:4-Nonylphenol, branched and linear, ethoxylated||AS:Nonylphenol, ethoxylated||AS:8 EO	52038-46-7
931-754-7||9016-45-9||LU:4-Nonylphenol, branched and linear, ethoxylated||AS:Nonylphenol, ethoxylated||AS:8 EO	52051-49-7
931-754-7||9016-45-9||LU:4-Nonylphenol, branched and linear, ethoxylated||AS:Nonylphenol, ethoxylated||AS:8 EO	52434-07-8
931-754-7||9016-45-9||LU:4-Nonylphenol, branched and linear, ethoxylated||AS:Nonylphenol, ethoxylated||AS:8 EO	52440-03-6
931-754-7||9016-45-9||LU:4-Nonylphenol, branched and linear, ethoxylated||AS:Nonylphenol, ethoxylated||AS:8 EO	52440-78-5
931-754-7||9016-45-9||LU:4-Nonylphenol, branched and linear, ethoxylated||AS:Nonylphenol, ethoxylated||AS:8 EO	52440-94-5
931-754-7||9016-45-9||LU:4-Nonylphenol, branched and linear, ethoxylated||AS:Nonylphenol, ethoxylated||AS:8 EO	52504-18-4
931-754-7||9016-45-9||LU:4-Nonylphenol, branched and linear, ethoxylated||AS:Nonylphenol, ethoxylated||AS:8 EO	52504-19-5
931-754-7||9016-45-9||LU:4-Nonylphenol, branched and linear, ethoxylated||AS:Nonylphenol, ethoxylated||AS:8 EO	52683-07-5
931-754-7||9016-45-9||LU:4-Nonylphenol, branched and linear, ethoxylated||AS:Nonylphenol, ethoxylated||AS:8 EO	53125-17-0
931-754-7||9016-45-9||LU:4-Nonylphenol, branched and linear, ethoxylated||AS:Nonylphenol, ethoxylated||AS:8 EO	53529-49-0
931-754-7||9016-45-9||LU:4-Nonylphenol, branched and linear, ethoxylated||AS:Nonylphenol, ethoxylated||AS:8 EO	53663-55-1
931-754-7||9016-45-9||LU:4-Nonylphenol, branched and linear, ethoxylated||AS:Nonylphenol, ethoxylated||AS:8 EO	53763-35-2
931-754-7||9016-45-9||LU:4-Nonylphenol, branched and linear, ethoxylated||AS:Nonylphenol, ethoxylated||AS:8 EO	53763-36-3
931-754-7||9016-45-9||LU:4-Nonylphenol, branched and linear, ethoxylated||AS:Nonylphenol, ethoxylated||AS:8 EO	54174-36-6
931-754-7||9016-45-9||LU:4-Nonylphenol, branched and linear, ethoxylated||AS:Nonylphenol, ethoxylated||AS:8 EO	54985-54-5
931-754-7||9016-45-9||LU:4-Nonylphenol, branched and linear, ethoxylated||AS:Nonylphenol, ethoxylated||AS:8 EO	55126-80-2
931-754-7||9016-45-9||LU:4-Nonylphenol, branched and linear, ethoxylated||AS:Nonylphenol, ethoxylated||AS:8 EO	55838-69-2
931-754-7||9016-45-9||LU:4-Nonylphenol, branched and linear, ethoxylated||AS:Nonylphenol, ethoxylated||AS:8 EO	56590-96-6
931-754-7||9016-45-9||LU:4-Nonylphenol, branched and linear, ethoxylated||AS:Nonylphenol, ethoxylated||AS:8 EO	57308-02-8
931-754-7||9016-45-9||LU:4-Nonylphenol, branched and linear, ethoxylated||AS:Nonylphenol, ethoxylated||AS:8 EO	57571-69-4
931-754-7||9016-45-9||LU:4-Nonylphenol, branched and linear, ethoxylated||AS:Nonylphenol, ethoxylated||AS:8 EO	59330-69-7
931-754-7||9016-45-9||LU:4-Nonylphenol, branched and linear, ethoxylated||AS:Nonylphenol, ethoxylated||AS:8 EO	60098-67-1
931-754-7||9016-45-9||LU:4-Nonylphenol, branched and linear, ethoxylated||AS:Nonylphenol, ethoxylated||AS:8 EO	60476-27-9
931-754-7||9016-45-9||LU:4-Nonylphenol, branched and linear, ethoxylated||AS:Nonylphenol, ethoxylated||AS:8 EO	61614-07-1
931-754-7||9016-45-9||LU:4-Nonylphenol, branched and linear, ethoxylated||AS:Nonylphenol, ethoxylated||AS:8 EO	61840-55-9
931-754-7||9016-45-9||LU:4-Nonylphenol, branched and linear, ethoxylated||AS:Nonylphenol, ethoxylated||AS:8 EO	62169-44-2
931-754-7||9016-45-9||LU:4-Nonylphenol, branched and linear, ethoxylated||AS:Nonylphenol, ethoxylated||AS:8 EO	62229-21-4
931-754-7||9016-45-9||LU:4-Nonylphenol, branched and linear, ethoxylated||AS:Nonylphenol, ethoxylated||AS:8 EO	62229-24-7
931-754-7||9016-45-9||LU:4-Nonylphenol, branched and linear, ethoxylated||AS:Nonylphenol, ethoxylated||AS:8 EO	62229-29-2
931-754-7||9016-45-9||LU:4-Nonylphenol, branched and linear, ethoxylated||AS:Nonylphenol, ethoxylated||AS:8 EO	623588-93-2
931-754-7||9016-45-9||LU:4-Nonylphenol, branched and linear, ethoxylated||AS:Nonylphenol, ethoxylated||AS:8 EO	63440-03-9
931-754-7||9016-45-9||LU:4-Nonylphenol, branched and linear, ethoxylated||AS:Nonylphenol, ethoxylated||AS:8 EO	63798-88-9
931-754-7||9016-45-9||LU:4-Nonylphenol, branched and linear, ethoxylated||AS:Nonylphenol, ethoxylated||AS:8 EO	64296-14-6
931-754-7||9016-45-9||LU:4-Nonylphenol, branched and linear, ethoxylated||AS:Nonylphenol, ethoxylated||AS:8 EO	64940-97-2
931-754-7||9016-45-9||LU:4-Nonylphenol, branched and linear, ethoxylated||AS:Nonylphenol, ethoxylated||AS:8 EO	65035-40-7
931-754-7||9016-45-9||LU:4-Nonylphenol, branched and linear, ethoxylated||AS:Nonylphenol, ethoxylated||AS:8 EO	65035-41-8
931-754-7||9016-45-9||LU:4-Nonylphenol, branched and linear, ethoxylated||AS:Nonylphenol, ethoxylated||AS:8 EO	65777-14-2
931-754-7||9016-45-9||LU:4-Nonylphenol, branched and linear, ethoxylated||AS:Nonylphenol, ethoxylated||AS:8 EO	66525-84-6
931-754-7||9016-45-9||LU:4-Nonylphenol, branched and linear, ethoxylated||AS:Nonylphenol, ethoxylated||AS:8 EO	67053-58-1
931-754-7||9016-45-9||LU:4-Nonylphenol, branched and linear, ethoxylated||AS:Nonylphenol, ethoxylated||AS:8 EO	72847-44-0
931-754-7||9016-45-9||LU:4-Nonylphenol, branched and linear, ethoxylated||AS:Nonylphenol, ethoxylated||AS:8 EO	72847-45-1
931-754-7||9016-45-9||LU:4-Nonylphenol, branched and linear, ethoxylated||AS:Nonylphenol, ethoxylated||AS:8 EO	74434-41-6
931-754-7||9016-45-9||LU:4-Nonylphenol, branched and linear, ethoxylated||AS:Nonylphenol, ethoxylated||AS:8 EO	74656-63-6
931-754-7||9016-45-9||LU:4-Nonylphenol, branched and linear, ethoxylated||AS:Nonylphenol, ethoxylated||AS:8 EO	74749-71-6
931-754-7||9016-45-9||LU:4-Nonylphenol, branched and linear, ethoxylated||AS:Nonylphenol, ethoxylated||AS:8 EO	75882-09-6
931-754-7||9016-45-9||LU:4-Nonylphenol, branched and linear, ethoxylated||AS:Nonylphenol, ethoxylated||AS:8 EO	76829-05-5
931-754-7||9016-45-9||LU:4-Nonylphenol, branched and linear, ethoxylated||AS:Nonylphenol, ethoxylated||AS:8 EO	77271-60-4
931-754-7||9016-45-9||LU:4-Nonylphenol, branched and linear, ethoxylated||AS:Nonylphenol, ethoxylated||AS:8 EO	80341-59-9
931-754-7||9016-45-9||LU:4-Nonylphenol, branched and linear, ethoxylated||AS:Nonylphenol, ethoxylated||AS:8 EO	80966-32-1
931-754-7||9016-45-9||LU:4-Nonylphenol, branched and linear, ethoxylated||AS:Nonylphenol, ethoxylated||AS:8 EO	81296-82-4
931-754-7||9016-45-9||LU:4-Nonylphenol, branched and linear, ethoxylated||AS:Nonylphenol, ethoxylated||AS:8 EO	83271-48-1
931-754-7||9016-45-9||LU:4-Nonylphenol, branched and linear, ethoxylated||AS:Nonylphenol, ethoxylated||AS:8 EO	874461-43-5
931-754-7||9016-45-9||LU:4-Nonylphenol, branched and linear, ethoxylated||AS:Nonylphenol, ethoxylated||AS:8 EO	9021-03-8
931-754-7||9016-45-9||LU:4-Nonylphenol, branched and linear, ethoxylated||AS:Nonylphenol, ethoxylated||AS:8 EO	90452-81-6
931-754-7||9016-45-9||LU:4-Nonylphenol, branched and linear, ethoxylated||AS:Nonylphenol, ethoxylated||AS:8 EO	9067-50-9
931-754-7||9016-45-9||LU:4-Nonylphenol, branched and linear, ethoxylated||AS:Nonylphenol, ethoxylated||AS:8 EO	93095-76-2
931-754-7||9016-45-9||LU:4-Nonylphenol, branched and linear, ethoxylated||AS:Nonylphenol, ethoxylated||AS:8 EO	933050-99-8
931-754-7||9016-45-9||LU:4-Nonylphenol, branched and linear, ethoxylated||AS:Nonylphenol, ethoxylated||AS:8 EO	942205-98-3
931-754-7||9016-45-9||LU:4-Nonylphenol, branched and linear, ethoxylated||AS:Nonylphenol, ethoxylated||AS:8 EO	95828-59-4
931-754-7||9016-45-9||LU:4-Nonylphenol, branched and linear, ethoxylated||AS:Nonylphenol, ethoxylated||AS:8 EO	96231-61-7
931-754-7||9016-45-9||LU:4-Nonylphenol, branched and linear, ethoxylated||AS:Nonylphenol, ethoxylated||AS:8 EO	96957-64-1
931-754-7||9016-45-9||LU:4-Nonylphenol, branched and linear, ethoxylated||AS:Nonylphenol, ethoxylated||AS:8 EO	96958-17-7
931-754-7||9016-45-9||LU:4-Nonylphenol, branched and linear, ethoxylated||AS:Nonylphenol, ethoxylated||AS:8 EO	96958-28-0
931-754-7||9016-45-9||LU:4-Nonylphenol, branched and linear, ethoxylated||AS:Nonylphenol, ethoxylated||AS:8 EO	99402-83-2
931-754-7||9016-45-9||LU:4-Nonylphenol, branched and linear, ethoxylated||AS:Nonylphenol, ethoxylated||AS:8 EO	99531-82-5
931-754-7||9016-45-9||LU:4-Nonylphenol, branched and linear, ethoxylated||AS:Nonylphenol, ethoxylated||AS:8 EO	RR-191287-4
931-754-7||9016-45-9||LU:4-Nonylphenol, branched and linear, ethoxylated||AS:Nonylphenol, ethoxylated||AS:8 EO	RR-191289-6
931-755-2||9016-45-9||LU:4-Nonylphenol, branched and linear, ethoxylated||||AS:10 EO	9016-45-9
931-755-2||9016-45-9||LU:4-Nonylphenol, branched and linear, ethoxylated||AS:Nonylphenol, ethoxylated||AS:10 EO	102188-45-4
931-755-2||9016-45-9||LU:4-Nonylphenol, branched and linear, ethoxylated||AS:Nonylphenol, ethoxylated||AS:10 EO	103939-37-3
931-755-2||9016-45-9||LU:4-Nonylphenol, branched and linear, ethoxylated||AS:Nonylphenol, ethoxylated||AS:10 EO	105269-88-3
931-755-2||9016-45-9||LU:4-Nonylphenol, branched and linear, ethoxylated||AS:Nonylphenol, ethoxylated||AS:10 EO	106152-98-1
931-755-2||9016-45-9||LU:4-Nonylphenol, branched and linear, ethoxylated||AS:Nonylphenol, ethoxylated||AS:10 EO	107231-62-9
931-755-2||9016-45-9||LU:4-Nonylphenol, branched and linear, ethoxylated||AS:Nonylphenol, ethoxylated||AS:10 EO	11098-16-1
931-755-2||9016-45-9||LU:4-Nonylphenol, branched and linear, ethoxylated||AS:Nonylphenol, ethoxylated||AS:10 EO	11103-60-9
931-755-2||9016-45-9||LU:4-Nonylphenol, branched and linear, ethoxylated||AS:Nonylphenol, ethoxylated||AS:10 EO	11107-93-0
931-755-2||9016-45-9||LU:4-Nonylphenol, branched and linear, ethoxylated||AS:Nonylphenol, ethoxylated||AS:10 EO	111623-62-2
931-755-2||9016-45-9||LU:4-Nonylphenol, branched and linear, ethoxylated||AS:Nonylphenol, ethoxylated||AS:10 EO	112509-36-1
931-755-2||9016-45-9||LU:4-Nonylphenol, branched and linear, ethoxylated||AS:Nonylphenol, ethoxylated||AS:10 EO	114101-89-2
931-755-2||9016-45-9||LU:4-Nonylphenol, branched and linear, ethoxylated||AS:Nonylphenol, ethoxylated||AS:10 EO	1163687-50-0
931-755-2||9016-45-9||LU:4-Nonylphenol, branched and linear, ethoxylated||AS:Nonylphenol, ethoxylated||AS:10 EO	116711-78-5
931-755-2||9016-45-9||LU:4-Nonylphenol, branched and linear, ethoxylated||AS:Nonylphenol, ethoxylated||AS:10 EO	1202388-20-2
931-755-2||9016-45-9||LU:4-Nonylphenol, branched and linear, ethoxylated||AS:Nonylphenol, ethoxylated||AS:10 EO	1202388-26-8
931-755-2||9016-45-9||LU:4-Nonylphenol, branched and linear, ethoxylated||AS:Nonylphenol, ethoxylated||AS:10 EO	123019-34-1
931-755-2||9016-45-9||LU:4-Nonylphenol, branched and linear, ethoxylated||AS:Nonylphenol, ethoxylated||AS:10 EO	123068-21-3
931-755-2||9016-45-9||LU:4-Nonylphenol, branched and linear, ethoxylated||AS:Nonylphenol, ethoxylated||AS:10 EO	124057-60-9
931-755-2||9016-45-9||LU:4-Nonylphenol, branched and linear, ethoxylated||AS:Nonylphenol, ethoxylated||AS:10 EO	12767-68-9
931-755-2||9016-45-9||LU:4-Nonylphenol, branched and linear, ethoxylated||AS:Nonylphenol, ethoxylated||AS:10 EO	12789-12-7
931-755-2||9016-45-9||LU:4-Nonylphenol, branched and linear, ethoxylated||AS:Nonylphenol, ethoxylated||AS:10 EO	12790-67-9
931-755-2||9016-45-9||LU:4-Nonylphenol, branched and linear, ethoxylated||AS:Nonylphenol, ethoxylated||AS:10 EO	137263-06-0
931-755-2||9016-45-9||LU:4-Nonylphenol, branched and linear, ethoxylated||AS:Nonylphenol, ethoxylated||AS:10 EO	139281-67-7
931-755-2||9016-45-9||LU:4-Nonylphenol, branched and linear, ethoxylated||AS:Nonylphenol, ethoxylated||AS:10 EO	141490-14-4
931-755-2||9016-45-9||LU:4-Nonylphenol, branched and linear, ethoxylated||AS:Nonylphenol, ethoxylated||AS:10 EO	142985-89-5
931-755-2||9016-45-9||LU:4-Nonylphenol, branched and linear, ethoxylated||AS:Nonylphenol, ethoxylated||AS:10 EO	143929-07-1
931-755-2||9016-45-9||LU:4-Nonylphenol, branched and linear, ethoxylated||AS:Nonylphenol, ethoxylated||AS:10 EO	167140-06-9
931-755-2||9016-45-9||LU:4-Nonylphenol, branched and linear, ethoxylated||AS:Nonylphenol, ethoxylated||AS:10 EO	172521-16-3
931-755-2||9016-45-9||LU:4-Nonylphenol, branched and linear, ethoxylated||AS:Nonylphenol, ethoxylated||AS:10 EO	1809431-45-5
931-755-2||9016-45-9||LU:4-Nonylphenol, branched and linear, ethoxylated||AS:Nonylphenol, ethoxylated||AS:10 EO	1809431-82-0
931-755-2||9016-45-9||LU:4-Nonylphenol, branched and linear, ethoxylated||AS:Nonylphenol, ethoxylated||AS:10 EO	188612-23-9
931-755-2||9016-45-9||LU:4-Nonylphenol, branched and linear, ethoxylated||AS:Nonylphenol, ethoxylated||AS:10 EO	190856-87-2
931-755-2||9016-45-9||LU:4-Nonylphenol, branched and linear, ethoxylated||AS:Nonylphenol, ethoxylated||AS:10 EO	1943678-94-1
931-755-2||9016-45-9||LU:4-Nonylphenol, branched and linear, ethoxylated||AS:Nonylphenol, ethoxylated||AS:10 EO	202936-22-9
931-755-2||9016-45-9||LU:4-Nonylphenol, branched and linear, ethoxylated||AS:Nonylphenol, ethoxylated||AS:10 EO	205577-03-3
931-755-2||9016-45-9||LU:4-Nonylphenol, branched and linear, ethoxylated||AS:Nonylphenol, ethoxylated||AS:10 EO	2091900-73-9
931-755-2||9016-45-9||LU:4-Nonylphenol, branched and linear, ethoxylated||AS:Nonylphenol, ethoxylated||AS:10 EO	2096976-67-7
931-755-2||9016-45-9||LU:4-Nonylphenol, branched and linear, ethoxylated||AS:Nonylphenol, ethoxylated||AS:10 EO	226225-58-7
931-755-2||9016-45-9||LU:4-Nonylphenol, branched and linear, ethoxylated||AS:Nonylphenol, ethoxylated||AS:10 EO	226225-59-8
931-755-2||9016-45-9||LU:4-Nonylphenol, branched and linear, ethoxylated||AS:Nonylphenol, ethoxylated||AS:10 EO	2323620-11-5
931-755-2||9016-45-9||LU:4-Nonylphenol, branched and linear, ethoxylated||AS:Nonylphenol, ethoxylated||AS:10 EO	2332812-08-3
931-755-2||9016-45-9||LU:4-Nonylphenol, branched and linear, ethoxylated||AS:Nonylphenol, ethoxylated||AS:10 EO	2408592-97-0
931-755-2||9016-45-9||LU:4-Nonylphenol, branched and linear, ethoxylated||AS:Nonylphenol, ethoxylated||AS:10 EO	25640-88-4
931-755-2||9016-45-9||LU:4-Nonylphenol, branched and linear, ethoxylated||AS:Nonylphenol, ethoxylated||AS:10 EO	27176-97-2
931-755-2||9016-45-9||LU:4-Nonylphenol, branched and linear, ethoxylated||AS:Nonylphenol, ethoxylated||AS:10 EO	27288-14-8
931-755-2||9016-45-9||LU:4-Nonylphenol, branched and linear, ethoxylated||AS:Nonylphenol, ethoxylated||AS:10 EO	27942-26-3
931-755-2||9016-45-9||LU:4-Nonylphenol, branched and linear, ethoxylated||AS:Nonylphenol, ethoxylated||AS:10 EO	28136-10-9
931-755-2||9016-45-9||LU:4-Nonylphenol, branched and linear, ethoxylated||AS:Nonylphenol, ethoxylated||AS:10 EO	286015-24-5
931-755-2||9016-45-9||LU:4-Nonylphenol, branched and linear, ethoxylated||AS:Nonylphenol, ethoxylated||AS:10 EO	286015-28-9
931-755-2||9016-45-9||LU:4-Nonylphenol, branched and linear, ethoxylated||AS:Nonylphenol, ethoxylated||AS:10 EO	29594-36-3
931-755-2||9016-45-9||LU:4-Nonylphenol, branched and linear, ethoxylated||AS:Nonylphenol, ethoxylated||AS:10 EO	30676-83-6
931-755-2||9016-45-9||LU:4-Nonylphenol, branched and linear, ethoxylated||AS:Nonylphenol, ethoxylated||AS:10 EO	32196-52-4
931-755-2||9016-45-9||LU:4-Nonylphenol, branched and linear, ethoxylated||AS:Nonylphenol, ethoxylated||AS:10 EO	37187-23-8
931-755-2||9016-45-9||LU:4-Nonylphenol, branched and linear, ethoxylated||AS:Nonylphenol, ethoxylated||AS:10 EO	37210-94-9
931-755-2||9016-45-9||LU:4-Nonylphenol, branched and linear, ethoxylated||AS:Nonylphenol, ethoxylated||AS:10 EO	37230-99-2
931-755-2||9016-45-9||LU:4-Nonylphenol, branched and linear, ethoxylated||AS:Nonylphenol, ethoxylated||AS:10 EO	37280-80-1
931-755-2||9016-45-9||LU:4-Nonylphenol, branched and linear, ethoxylated||AS:Nonylphenol, ethoxylated||AS:10 EO	37291-67-1
931-755-2||9016-45-9||LU:4-Nonylphenol, branched and linear, ethoxylated||AS:Nonylphenol, ethoxylated||AS:10 EO	37336-52-0
931-755-2||9016-45-9||LU:4-Nonylphenol, branched and linear, ethoxylated||AS:Nonylphenol, ethoxylated||AS:10 EO	376647-33-5
931-755-2||9016-45-9||LU:4-Nonylphenol, branched and linear, ethoxylated||AS:Nonylphenol, ethoxylated||AS:10 EO	39289-57-1
931-755-2||9016-45-9||LU:4-Nonylphenol, branched and linear, ethoxylated||AS:Nonylphenol, ethoxylated||AS:10 EO	39316-45-5
931-755-2||9016-45-9||LU:4-Nonylphenol, branched and linear, ethoxylated||AS:Nonylphenol, ethoxylated||AS:10 EO	39316-73-9
931-755-2||9016-45-9||LU:4-Nonylphenol, branched and linear, ethoxylated||AS:Nonylphenol, ethoxylated||AS:10 EO	39346-85-5
931-755-2||9016-45-9||LU:4-Nonylphenol, branched and linear, ethoxylated||AS:Nonylphenol, ethoxylated||AS:10 EO	39373-71-2
931-755-2||9016-45-9||LU:4-Nonylphenol, branched and linear, ethoxylated||AS:Nonylphenol, ethoxylated||AS:10 EO	39392-83-1
931-755-2||9016-45-9||LU:4-Nonylphenol, branched and linear, ethoxylated||AS:Nonylphenol, ethoxylated||AS:10 EO	39393-36-7
931-755-2||9016-45-9||LU:4-Nonylphenol, branched and linear, ethoxylated||AS:Nonylphenol, ethoxylated||AS:10 EO	39421-49-3
931-755-2||9016-45-9||LU:4-Nonylphenol, branched and linear, ethoxylated||AS:Nonylphenol, ethoxylated||AS:10 EO	39453-05-9
931-755-2||9016-45-9||LU:4-Nonylphenol, branched and linear, ethoxylated||AS:Nonylphenol, ethoxylated||AS:10 EO	39454-98-3
931-755-2||9016-45-9||LU:4-Nonylphenol, branched and linear, ethoxylated||AS:Nonylphenol, ethoxylated||AS:10 EO	39475-46-2
931-755-2||9016-45-9||LU:4-Nonylphenol, branched and linear, ethoxylated||AS:Nonylphenol, ethoxylated||AS:10 EO	42617-03-8
931-755-2||9016-45-9||LU:4-Nonylphenol, branched and linear, ethoxylated||AS:Nonylphenol, ethoxylated||AS:10 EO	441352-55-2
931-755-2||9016-45-9||LU:4-Nonylphenol, branched and linear, ethoxylated||AS:Nonylphenol, ethoxylated||AS:10 EO	441352-56-3
931-755-2||9016-45-9||LU:4-Nonylphenol, branched and linear, ethoxylated||AS:Nonylphenol, ethoxylated||AS:10 EO	441352-57-4
931-755-2||9016-45-9||LU:4-Nonylphenol, branched and linear, ethoxylated||AS:Nonylphenol, ethoxylated||AS:10 EO	441352-58-5
931-755-2||9016-45-9||LU:4-Nonylphenol, branched and linear, ethoxylated||AS:Nonylphenol, ethoxylated||AS:10 EO	441352-59-6
931-755-2||9016-45-9||LU:4-Nonylphenol, branched and linear, ethoxylated||AS:Nonylphenol, ethoxylated||AS:10 EO	50855-29-3
931-755-2||9016-45-9||LU:4-Nonylphenol, branched and linear, ethoxylated||AS:Nonylphenol, ethoxylated||AS:10 EO	509171-19-1
931-755-2||9016-45-9||LU:4-Nonylphenol, branched and linear, ethoxylated||AS:Nonylphenol, ethoxylated||AS:10 EO	50934-84-4
931-755-2||9016-45-9||LU:4-Nonylphenol, branched and linear, ethoxylated||AS:Nonylphenol, ethoxylated||AS:10 EO	51059-97-3
931-755-2||9016-45-9||LU:4-Nonylphenol, branched and linear, ethoxylated||AS:Nonylphenol, ethoxylated||AS:10 EO	51609-19-9
931-755-2||9016-45-9||LU:4-Nonylphenol, branched and linear, ethoxylated||AS:Nonylphenol, ethoxylated||AS:10 EO	51668-51-0
931-755-2||9016-45-9||LU:4-Nonylphenol, branched and linear, ethoxylated||AS:Nonylphenol, ethoxylated||AS:10 EO	51938-25-1
931-755-2||9016-45-9||LU:4-Nonylphenol, branched and linear, ethoxylated||AS:Nonylphenol, ethoxylated||AS:10 EO	51938-59-1
931-755-2||9016-45-9||LU:4-Nonylphenol, branched and linear, ethoxylated||AS:Nonylphenol, ethoxylated||AS:10 EO	51938-60-4
931-755-2||9016-45-9||LU:4-Nonylphenol, branched and linear, ethoxylated||AS:Nonylphenol, ethoxylated||AS:10 EO	52012-43-8
931-755-2||9016-45-9||LU:4-Nonylphenol, branched and linear, ethoxylated||AS:Nonylphenol, ethoxylated||AS:10 EO	52038-46-7
931-755-2||9016-45-9||LU:4-Nonylphenol, branched and linear, ethoxylated||AS:Nonylphenol, ethoxylated||AS:10 EO	52051-49-7
931-755-2||9016-45-9||LU:4-Nonylphenol, branched and linear, ethoxylated||AS:Nonylphenol, ethoxylated||AS:10 EO	52434-07-8
931-755-2||9016-45-9||LU:4-Nonylphenol, branched and linear, ethoxylated||AS:Nonylphenol, ethoxylated||AS:10 EO	52440-03-6
931-755-2||9016-45-9||LU:4-Nonylphenol, branched and linear, ethoxylated||AS:Nonylphenol, ethoxylated||AS:10 EO	52440-78-5
931-755-2||9016-45-9||LU:4-Nonylphenol, branched and linear, ethoxylated||AS:Nonylphenol, ethoxylated||AS:10 EO	52440-94-5
931-755-2||9016-45-9||LU:4-Nonylphenol, branched and linear, ethoxylated||AS:Nonylphenol, ethoxylated||AS:10 EO	52504-18-4
931-755-2||9016-45-9||LU:4-Nonylphenol, branched and linear, ethoxylated||AS:Nonylphenol, ethoxylated||AS:10 EO	52504-19-5
931-755-2||9016-45-9||LU:4-Nonylphenol, branched and linear, ethoxylated||AS:Nonylphenol, ethoxylated||AS:10 EO	52683-07-5
931-755-2||9016-45-9||LU:4-Nonylphenol, branched and linear, ethoxylated||AS:Nonylphenol, ethoxylated||AS:10 EO	53125-17-0
931-755-2||9016-45-9||LU:4-Nonylphenol, branched and linear, ethoxylated||AS:Nonylphenol, ethoxylated||AS:10 EO	53529-49-0
931-755-2||9016-45-9||LU:4-Nonylphenol, branched and linear, ethoxylated||AS:Nonylphenol, ethoxylated||AS:10 EO	53663-55-1
931-755-2||9016-45-9||LU:4-Nonylphenol, branched and linear, ethoxylated||AS:Nonylphenol, ethoxylated||AS:10 EO	53763-35-2
931-755-2||9016-45-9||LU:4-Nonylphenol, branched and linear, ethoxylated||AS:Nonylphenol, ethoxylated||AS:10 EO	53763-36-3
931-755-2||9016-45-9||LU:4-Nonylphenol, branched and linear, ethoxylated||AS:Nonylphenol, ethoxylated||AS:10 EO	54174-36-6
931-755-2||9016-45-9||LU:4-Nonylphenol, branched and linear, ethoxylated||AS:Nonylphenol, ethoxylated||AS:10 EO	54985-54-5
931-755-2||9016-45-9||LU:4-Nonylphenol, branched and linear, ethoxylated||AS:Nonylphenol, ethoxylated||AS:10 EO	55126-80-2
931-755-2||9016-45-9||LU:4-Nonylphenol, branched and linear, ethoxylated||AS:Nonylphenol, ethoxylated||AS:10 EO	55838-69-2
931-755-2||9016-45-9||LU:4-Nonylphenol, branched and linear, ethoxylated||AS:Nonylphenol, ethoxylated||AS:10 EO	56590-96-6
931-755-2||9016-45-9||LU:4-Nonylphenol, branched and linear, ethoxylated||AS:Nonylphenol, ethoxylated||AS:10 EO	57308-02-8
931-755-2||9016-45-9||LU:4-Nonylphenol, branched and linear, ethoxylated||AS:Nonylphenol, ethoxylated||AS:10 EO	57571-69-4
931-755-2||9016-45-9||LU:4-Nonylphenol, branched and linear, ethoxylated||AS:Nonylphenol, ethoxylated||AS:10 EO	59330-69-7
931-755-2||9016-45-9||LU:4-Nonylphenol, branched and linear, ethoxylated||AS:Nonylphenol, ethoxylated||AS:10 EO	60098-67-1
931-755-2||9016-45-9||LU:4-Nonylphenol, branched and linear, ethoxylated||AS:Nonylphenol, ethoxylated||AS:10 EO	60476-27-9
931-755-2||9016-45-9||LU:4-Nonylphenol, branched and linear, ethoxylated||AS:Nonylphenol, ethoxylated||AS:10 EO	61614-07-1
931-755-2||9016-45-9||LU:4-Nonylphenol, branched and linear, ethoxylated||AS:Nonylphenol, ethoxylated||AS:10 EO	61840-55-9
931-755-2||9016-45-9||LU:4-Nonylphenol, branched and linear, ethoxylated||AS:Nonylphenol, ethoxylated||AS:10 EO	62169-44-2
931-755-2||9016-45-9||LU:4-Nonylphenol, branched and linear, ethoxylated||AS:Nonylphenol, ethoxylated||AS:10 EO	62229-21-4
931-755-2||9016-45-9||LU:4-Nonylphenol, branched and linear, ethoxylated||AS:Nonylphenol, ethoxylated||AS:10 EO	62229-24-7
931-755-2||9016-45-9||LU:4-Nonylphenol, branched and linear, ethoxylated||AS:Nonylphenol, ethoxylated||AS:10 EO	62229-29-2
931-755-2||9016-45-9||LU:4-Nonylphenol, branched and linear, ethoxylated||AS:Nonylphenol, ethoxylated||AS:10 EO	623588-93-2
931-755-2||9016-45-9||LU:4-Nonylphenol, branched and linear, ethoxylated||AS:Nonylphenol, ethoxylated||AS:10 EO	63440-03-9
931-755-2||9016-45-9||LU:4-Nonylphenol, branched and linear, ethoxylated||AS:Nonylphenol, ethoxylated||AS:10 EO	63798-88-9
931-755-2||9016-45-9||LU:4-Nonylphenol, branched and linear, ethoxylated||AS:Nonylphenol, ethoxylated||AS:10 EO	64296-14-6
931-755-2||9016-45-9||LU:4-Nonylphenol, branched and linear, ethoxylated||AS:Nonylphenol, ethoxylated||AS:10 EO	64940-97-2
931-755-2||9016-45-9||LU:4-Nonylphenol, branched and linear, ethoxylated||AS:Nonylphenol, ethoxylated||AS:10 EO	65035-40-7
931-755-2||9016-45-9||LU:4-Nonylphenol, branched and linear, ethoxylated||AS:Nonylphenol, ethoxylated||AS:10 EO	65035-41-8
931-755-2||9016-45-9||LU:4-Nonylphenol, branched and linear, ethoxylated||AS:Nonylphenol, ethoxylated||AS:10 EO	65777-14-2
931-755-2||9016-45-9||LU:4-Nonylphenol, branched and linear, ethoxylated||AS:Nonylphenol, ethoxylated||AS:10 EO	66525-84-6
931-755-2||9016-45-9||LU:4-Nonylphenol, branched and linear, ethoxylated||AS:Nonylphenol, ethoxylated||AS:10 EO	67053-58-1
931-755-2||9016-45-9||LU:4-Nonylphenol, branched and linear, ethoxylated||AS:Nonylphenol, ethoxylated||AS:10 EO	72847-44-0
931-755-2||9016-45-9||LU:4-Nonylphenol, branched and linear, ethoxylated||AS:Nonylphenol, ethoxylated||AS:10 EO	72847-45-1
931-755-2||9016-45-9||LU:4-Nonylphenol, branched and linear, ethoxylated||AS:Nonylphenol, ethoxylated||AS:10 EO	74434-41-6
931-755-2||9016-45-9||LU:4-Nonylphenol, branched and linear, ethoxylated||AS:Nonylphenol, ethoxylated||AS:10 EO	74656-63-6
931-755-2||9016-45-9||LU:4-Nonylphenol, branched and linear, ethoxylated||AS:Nonylphenol, ethoxylated||AS:10 EO	74749-71-6
931-755-2||9016-45-9||LU:4-Nonylphenol, branched and linear, ethoxylated||AS:Nonylphenol, ethoxylated||AS:10 EO	75882-09-6
931-755-2||9016-45-9||LU:4-Nonylphenol, branched and linear, ethoxylated||AS:Nonylphenol, ethoxylated||AS:10 EO	76829-05-5
931-755-2||9016-45-9||LU:4-Nonylphenol, branched and linear, ethoxylated||AS:Nonylphenol, ethoxylated||AS:10 EO	77271-60-4
931-755-2||9016-45-9||LU:4-Nonylphenol, branched and linear, ethoxylated||AS:Nonylphenol, ethoxylated||AS:10 EO	80341-59-9
931-755-2||9016-45-9||LU:4-Nonylphenol, branched and linear, ethoxylated||AS:Nonylphenol, ethoxylated||AS:10 EO	80966-32-1
931-755-2||9016-45-9||LU:4-Nonylphenol, branched and linear, ethoxylated||AS:Nonylphenol, ethoxylated||AS:10 EO	81296-82-4
931-755-2||9016-45-9||LU:4-Nonylphenol, branched and linear, ethoxylated||AS:Nonylphenol, ethoxylated||AS:10 EO	83271-48-1
931-755-2||9016-45-9||LU:4-Nonylphenol, branched and linear, ethoxylated||AS:Nonylphenol, ethoxylated||AS:10 EO	874461-43-5
931-755-2||9016-45-9||LU:4-Nonylphenol, branched and linear, ethoxylated||AS:Nonylphenol, ethoxylated||AS:10 EO	9021-03-8
931-755-2||9016-45-9||LU:4-Nonylphenol, branched and linear, ethoxylated||AS:Nonylphenol, ethoxylated||AS:10 EO	90452-81-6
931-755-2||9016-45-9||LU:4-Nonylphenol, branched and linear, ethoxylated||AS:Nonylphenol, ethoxylated||AS:10 EO	9067-50-9
931-755-2||9016-45-9||LU:4-Nonylphenol, branched and linear, ethoxylated||AS:Nonylphenol, ethoxylated||AS:10 EO	93095-76-2
931-755-2||9016-45-9||LU:4-Nonylphenol, branched and linear, ethoxylated||AS:Nonylphenol, ethoxylated||AS:10 EO	933050-99-8
931-755-2||9016-45-9||LU:4-Nonylphenol, branched and linear, ethoxylated||AS:Nonylphenol, ethoxylated||AS:10 EO	942205-98-3
931-755-2||9016-45-9||LU:4-Nonylphenol, branched and linear, ethoxylated||AS:Nonylphenol, ethoxylated||AS:10 EO	95828-59-4
931-755-2||9016-45-9||LU:4-Nonylphenol, branched and linear, ethoxylated||AS:Nonylphenol, ethoxylated||AS:10 EO	96231-61-7
931-755-2||9016-45-9||LU:4-Nonylphenol, branched and linear, ethoxylated||AS:Nonylphenol, ethoxylated||AS:10 EO	96957-64-1
931-755-2||9016-45-9||LU:4-Nonylphenol, branched and linear, ethoxylated||AS:Nonylphenol, ethoxylated||AS:10 EO	96958-17-7
931-755-2||9016-45-9||LU:4-Nonylphenol, branched and linear, ethoxylated||AS:Nonylphenol, ethoxylated||AS:10 EO	96958-28-0
931-755-2||9016-45-9||LU:4-Nonylphenol, branched and linear, ethoxylated||AS:Nonylphenol, ethoxylated||AS:10 EO	99402-83-2
931-755-2||9016-45-9||LU:4-Nonylphenol, branched and linear, ethoxylated||AS:Nonylphenol, ethoxylated||AS:10 EO	99531-82-5
931-755-2||9016-45-9||LU:4-Nonylphenol, branched and linear, ethoxylated||AS:Nonylphenol, ethoxylated||AS:10 EO	RR-191287-4
931-755-2||9016-45-9||LU:4-Nonylphenol, branched and linear, ethoxylated||AS:Nonylphenol, ethoxylated||AS:10 EO	RR-191289-6
931-756-8||9016-45-9||LU:4-Nonylphenol, branched and linear, ethoxylated||||AS:15 EO	9016-45-9
931-756-8||9016-45-9||LU:4-Nonylphenol, branched and linear, ethoxylated||AS:Nonylphenol, ethoxylated||AS:15 EO	102188-45-4
931-756-8||9016-45-9||LU:4-Nonylphenol, branched and linear, ethoxylated||AS:Nonylphenol, ethoxylated||AS:15 EO	103939-37-3
931-756-8||9016-45-9||LU:4-Nonylphenol, branched and linear, ethoxylated||AS:Nonylphenol, ethoxylated||AS:15 EO	105269-88-3
931-756-8||9016-45-9||LU:4-Nonylphenol, branched and linear, ethoxylated||AS:Nonylphenol, ethoxylated||AS:15 EO	106152-98-1
931-756-8||9016-45-9||LU:4-Nonylphenol, branched and linear, ethoxylated||AS:Nonylphenol, ethoxylated||AS:15 EO	107231-62-9
931-756-8||9016-45-9||LU:4-Nonylphenol, branched and linear, ethoxylated||AS:Nonylphenol, ethoxylated||AS:15 EO	11098-16-1
931-756-8||9016-45-9||LU:4-Nonylphenol, branched and linear, ethoxylated||AS:Nonylphenol, ethoxylated||AS:15 EO	11103-60-9
931-756-8||9016-45-9||LU:4-Nonylphenol, branched and linear, ethoxylated||AS:Nonylphenol, ethoxylated||AS:15 EO	11107-93-0
931-756-8||9016-45-9||LU:4-Nonylphenol, branched and linear, ethoxylated||AS:Nonylphenol, ethoxylated||AS:15 EO	111623-62-2
931-756-8||9016-45-9||LU:4-Nonylphenol, branched and linear, ethoxylated||AS:Nonylphenol, ethoxylated||AS:15 EO	112509-36-1
931-756-8||9016-45-9||LU:4-Nonylphenol, branched and linear, ethoxylated||AS:Nonylphenol, ethoxylated||AS:15 EO	114101-89-2
931-756-8||9016-45-9||LU:4-Nonylphenol, branched and linear, ethoxylated||AS:Nonylphenol, ethoxylated||AS:15 EO	1163687-50-0
931-756-8||9016-45-9||LU:4-Nonylphenol, branched and linear, ethoxylated||AS:Nonylphenol, ethoxylated||AS:15 EO	116711-78-5
931-756-8||9016-45-9||LU:4-Nonylphenol, branched and linear, ethoxylated||AS:Nonylphenol, ethoxylated||AS:15 EO	1202388-20-2
931-756-8||9016-45-9||LU:4-Nonylphenol, branched and linear, ethoxylated||AS:Nonylphenol, ethoxylated||AS:15 EO	1202388-26-8
931-756-8||9016-45-9||LU:4-Nonylphenol, branched and linear, ethoxylated||AS:Nonylphenol, ethoxylated||AS:15 EO	123019-34-1
931-756-8||9016-45-9||LU:4-Nonylphenol, branched and linear, ethoxylated||AS:Nonylphenol, ethoxylated||AS:15 EO	123068-21-3
931-756-8||9016-45-9||LU:4-Nonylphenol, branched and linear, ethoxylated||AS:Nonylphenol, ethoxylated||AS:15 EO	124057-60-9
931-756-8||9016-45-9||LU:4-Nonylphenol, branched and linear, ethoxylated||AS:Nonylphenol, ethoxylated||AS:15 EO	12767-68-9
931-756-8||9016-45-9||LU:4-Nonylphenol, branched and linear, ethoxylated||AS:Nonylphenol, ethoxylated||AS:15 EO	12789-12-7
931-756-8||9016-45-9||LU:4-Nonylphenol, branched and linear, ethoxylated||AS:Nonylphenol, ethoxylated||AS:15 EO	12790-67-9
931-756-8||9016-45-9||LU:4-Nonylphenol, branched and linear, ethoxylated||AS:Nonylphenol, ethoxylated||AS:15 EO	137263-06-0
931-756-8||9016-45-9||LU:4-Nonylphenol, branched and linear, ethoxylated||AS:Nonylphenol, ethoxylated||AS:15 EO	139281-67-7
931-756-8||9016-45-9||LU:4-Nonylphenol, branched and linear, ethoxylated||AS:Nonylphenol, ethoxylated||AS:15 EO	141490-14-4
931-756-8||9016-45-9||LU:4-Nonylphenol, branched and linear, ethoxylated||AS:Nonylphenol, ethoxylated||AS:15 EO	142985-89-5
931-756-8||9016-45-9||LU:4-Nonylphenol, branched and linear, ethoxylated||AS:Nonylphenol, ethoxylated||AS:15 EO	143929-07-1
931-756-8||9016-45-9||LU:4-Nonylphenol, branched and linear, ethoxylated||AS:Nonylphenol, ethoxylated||AS:15 EO	167140-06-9
931-756-8||9016-45-9||LU:4-Nonylphenol, branched and linear, ethoxylated||AS:Nonylphenol, ethoxylated||AS:15 EO	172521-16-3
931-756-8||9016-45-9||LU:4-Nonylphenol, branched and linear, ethoxylated||AS:Nonylphenol, ethoxylated||AS:15 EO	1809431-45-5
931-756-8||9016-45-9||LU:4-Nonylphenol, branched and linear, ethoxylated||AS:Nonylphenol, ethoxylated||AS:15 EO	1809431-82-0
931-756-8||9016-45-9||LU:4-Nonylphenol, branched and linear, ethoxylated||AS:Nonylphenol, ethoxylated||AS:15 EO	188612-23-9
931-756-8||9016-45-9||LU:4-Nonylphenol, branched and linear, ethoxylated||AS:Nonylphenol, ethoxylated||AS:15 EO	190856-87-2
931-756-8||9016-45-9||LU:4-Nonylphenol, branched and linear, ethoxylated||AS:Nonylphenol, ethoxylated||AS:15 EO	1943678-94-1
931-756-8||9016-45-9||LU:4-Nonylphenol, branched and linear, ethoxylated||AS:Nonylphenol, ethoxylated||AS:15 EO	202936-22-9
931-756-8||9016-45-9||LU:4-Nonylphenol, branched and linear, ethoxylated||AS:Nonylphenol, ethoxylated||AS:15 EO	205577-03-3
931-756-8||9016-45-9||LU:4-Nonylphenol, branched and linear, ethoxylated||AS:Nonylphenol, ethoxylated||AS:15 EO	2091900-73-9
931-756-8||9016-45-9||LU:4-Nonylphenol, branched and linear, ethoxylated||AS:Nonylphenol, ethoxylated||AS:15 EO	2096976-67-7
931-756-8||9016-45-9||LU:4-Nonylphenol, branched and linear, ethoxylated||AS:Nonylphenol, ethoxylated||AS:15 EO	226225-58-7
931-756-8||9016-45-9||LU:4-Nonylphenol, branched and linear, ethoxylated||AS:Nonylphenol, ethoxylated||AS:15 EO	226225-59-8
931-756-8||9016-45-9||LU:4-Nonylphenol, branched and linear, ethoxylated||AS:Nonylphenol, ethoxylated||AS:15 EO	2323620-11-5
931-756-8||9016-45-9||LU:4-Nonylphenol, branched and linear, ethoxylated||AS:Nonylphenol, ethoxylated||AS:15 EO	2332812-08-3
931-756-8||9016-45-9||LU:4-Nonylphenol, branched and linear, ethoxylated||AS:Nonylphenol, ethoxylated||AS:15 EO	2408592-97-0
931-756-8||9016-45-9||LU:4-Nonylphenol, branched and linear, ethoxylated||AS:Nonylphenol, ethoxylated||AS:15 EO	25640-88-4
931-756-8||9016-45-9||LU:4-Nonylphenol, branched and linear, ethoxylated||AS:Nonylphenol, ethoxylated||AS:15 EO	27176-97-2
931-756-8||9016-45-9||LU:4-Nonylphenol, branched and linear, ethoxylated||AS:Nonylphenol, ethoxylated||AS:15 EO	27288-14-8
931-756-8||9016-45-9||LU:4-Nonylphenol, branched and linear, ethoxylated||AS:Nonylphenol, ethoxylated||AS:15 EO	27942-26-3
931-756-8||9016-45-9||LU:4-Nonylphenol, branched and linear, ethoxylated||AS:Nonylphenol, ethoxylated||AS:15 EO	28136-10-9
931-756-8||9016-45-9||LU:4-Nonylphenol, branched and linear, ethoxylated||AS:Nonylphenol, ethoxylated||AS:15 EO	286015-24-5
931-756-8||9016-45-9||LU:4-Nonylphenol, branched and linear, ethoxylated||AS:Nonylphenol, ethoxylated||AS:15 EO	286015-28-9
931-756-8||9016-45-9||LU:4-Nonylphenol, branched and linear, ethoxylated||AS:Nonylphenol, ethoxylated||AS:15 EO	29594-36-3
931-756-8||9016-45-9||LU:4-Nonylphenol, branched and linear, ethoxylated||AS:Nonylphenol, ethoxylated||AS:15 EO	30676-83-6
931-756-8||9016-45-9||LU:4-Nonylphenol, branched and linear, ethoxylated||AS:Nonylphenol, ethoxylated||AS:15 EO	32196-52-4
931-756-8||9016-45-9||LU:4-Nonylphenol, branched and linear, ethoxylated||AS:Nonylphenol, ethoxylated||AS:15 EO	37187-23-8
931-756-8||9016-45-9||LU:4-Nonylphenol, branched and linear, ethoxylated||AS:Nonylphenol, ethoxylated||AS:15 EO	37210-94-9
931-756-8||9016-45-9||LU:4-Nonylphenol, branched and linear, ethoxylated||AS:Nonylphenol, ethoxylated||AS:15 EO	37230-99-2
931-756-8||9016-45-9||LU:4-Nonylphenol, branched and linear, ethoxylated||AS:Nonylphenol, ethoxylated||AS:15 EO	37280-80-1
931-756-8||9016-45-9||LU:4-Nonylphenol, branched and linear, ethoxylated||AS:Nonylphenol, ethoxylated||AS:15 EO	37291-67-1
931-756-8||9016-45-9||LU:4-Nonylphenol, branched and linear, ethoxylated||AS:Nonylphenol, ethoxylated||AS:15 EO	37336-52-0
931-756-8||9016-45-9||LU:4-Nonylphenol, branched and linear, ethoxylated||AS:Nonylphenol, ethoxylated||AS:15 EO	376647-33-5
931-756-8||9016-45-9||LU:4-Nonylphenol, branched and linear, ethoxylated||AS:Nonylphenol, ethoxylated||AS:15 EO	39289-57-1
931-756-8||9016-45-9||LU:4-Nonylphenol, branched and linear, ethoxylated||AS:Nonylphenol, ethoxylated||AS:15 EO	39316-45-5
931-756-8||9016-45-9||LU:4-Nonylphenol, branched and linear, ethoxylated||AS:Nonylphenol, ethoxylated||AS:15 EO	39316-73-9
931-756-8||9016-45-9||LU:4-Nonylphenol, branched and linear, ethoxylated||AS:Nonylphenol, ethoxylated||AS:15 EO	39346-85-5
931-756-8||9016-45-9||LU:4-Nonylphenol, branched and linear, ethoxylated||AS:Nonylphenol, ethoxylated||AS:15 EO	39373-71-2
931-756-8||9016-45-9||LU:4-Nonylphenol, branched and linear, ethoxylated||AS:Nonylphenol, ethoxylated||AS:15 EO	39392-83-1
931-756-8||9016-45-9||LU:4-Nonylphenol, branched and linear, ethoxylated||AS:Nonylphenol, ethoxylated||AS:15 EO	39393-36-7
931-756-8||9016-45-9||LU:4-Nonylphenol, branched and linear, ethoxylated||AS:Nonylphenol, ethoxylated||AS:15 EO	39421-49-3
931-756-8||9016-45-9||LU:4-Nonylphenol, branched and linear, ethoxylated||AS:Nonylphenol, ethoxylated||AS:15 EO	39453-05-9
931-756-8||9016-45-9||LU:4-Nonylphenol, branched and linear, ethoxylated||AS:Nonylphenol, ethoxylated||AS:15 EO	39454-98-3
931-756-8||9016-45-9||LU:4-Nonylphenol, branched and linear, ethoxylated||AS:Nonylphenol, ethoxylated||AS:15 EO	39475-46-2
931-756-8||9016-45-9||LU:4-Nonylphenol, branched and linear, ethoxylated||AS:Nonylphenol, ethoxylated||AS:15 EO	42617-03-8
931-756-8||9016-45-9||LU:4-Nonylphenol, branched and linear, ethoxylated||AS:Nonylphenol, ethoxylated||AS:15 EO	441352-55-2
931-756-8||9016-45-9||LU:4-Nonylphenol, branched and linear, ethoxylated||AS:Nonylphenol, ethoxylated||AS:15 EO	441352-56-3
931-756-8||9016-45-9||LU:4-Nonylphenol, branched and linear, ethoxylated||AS:Nonylphenol, ethoxylated||AS:15 EO	441352-57-4
931-756-8||9016-45-9||LU:4-Nonylphenol, branched and linear, ethoxylated||AS:Nonylphenol, ethoxylated||AS:15 EO	441352-58-5
931-756-8||9016-45-9||LU:4-Nonylphenol, branched and linear, ethoxylated||AS:Nonylphenol, ethoxylated||AS:15 EO	441352-59-6
931-756-8||9016-45-9||LU:4-Nonylphenol, branched and linear, ethoxylated||AS:Nonylphenol, ethoxylated||AS:15 EO	50855-29-3
931-756-8||9016-45-9||LU:4-Nonylphenol, branched and linear, ethoxylated||AS:Nonylphenol, ethoxylated||AS:15 EO	509171-19-1
931-756-8||9016-45-9||LU:4-Nonylphenol, branched and linear, ethoxylated||AS:Nonylphenol, ethoxylated||AS:15 EO	50934-84-4
931-756-8||9016-45-9||LU:4-Nonylphenol, branched and linear, ethoxylated||AS:Nonylphenol, ethoxylated||AS:15 EO	51059-97-3
931-756-8||9016-45-9||LU:4-Nonylphenol, branched and linear, ethoxylated||AS:Nonylphenol, ethoxylated||AS:15 EO	51609-19-9
931-756-8||9016-45-9||LU:4-Nonylphenol, branched and linear, ethoxylated||AS:Nonylphenol, ethoxylated||AS:15 EO	51668-51-0
931-756-8||9016-45-9||LU:4-Nonylphenol, branched and linear, ethoxylated||AS:Nonylphenol, ethoxylated||AS:15 EO	51938-25-1
931-756-8||9016-45-9||LU:4-Nonylphenol, branched and linear, ethoxylated||AS:Nonylphenol, ethoxylated||AS:15 EO	51938-59-1
931-756-8||9016-45-9||LU:4-Nonylphenol, branched and linear, ethoxylated||AS:Nonylphenol, ethoxylated||AS:15 EO	51938-60-4
931-756-8||9016-45-9||LU:4-Nonylphenol, branched and linear, ethoxylated||AS:Nonylphenol, ethoxylated||AS:15 EO	52012-43-8
931-756-8||9016-45-9||LU:4-Nonylphenol, branched and linear, ethoxylated||AS:Nonylphenol, ethoxylated||AS:15 EO	52038-46-7
931-756-8||9016-45-9||LU:4-Nonylphenol, branched and linear, ethoxylated||AS:Nonylphenol, ethoxylated||AS:15 EO	52051-49-7
931-756-8||9016-45-9||LU:4-Nonylphenol, branched and linear, ethoxylated||AS:Nonylphenol, ethoxylated||AS:15 EO	52434-07-8
931-756-8||9016-45-9||LU:4-Nonylphenol, branched and linear, ethoxylated||AS:Nonylphenol, ethoxylated||AS:15 EO	52440-03-6
931-756-8||9016-45-9||LU:4-Nonylphenol, branched and linear, ethoxylated||AS:Nonylphenol, ethoxylated||AS:15 EO	52440-78-5
931-756-8||9016-45-9||LU:4-Nonylphenol, branched and linear, ethoxylated||AS:Nonylphenol, ethoxylated||AS:15 EO	52440-94-5
931-756-8||9016-45-9||LU:4-Nonylphenol, branched and linear, ethoxylated||AS:Nonylphenol, ethoxylated||AS:15 EO	52504-18-4
931-756-8||9016-45-9||LU:4-Nonylphenol, branched and linear, ethoxylated||AS:Nonylphenol, ethoxylated||AS:15 EO	52504-19-5
931-756-8||9016-45-9||LU:4-Nonylphenol, branched and linear, ethoxylated||AS:Nonylphenol, ethoxylated||AS:15 EO	52683-07-5
931-756-8||9016-45-9||LU:4-Nonylphenol, branched and linear, ethoxylated||AS:Nonylphenol, ethoxylated||AS:15 EO	53125-17-0
931-756-8||9016-45-9||LU:4-Nonylphenol, branched and linear, ethoxylated||AS:Nonylphenol, ethoxylated||AS:15 EO	53529-49-0
931-756-8||9016-45-9||LU:4-Nonylphenol, branched and linear, ethoxylated||AS:Nonylphenol, ethoxylated||AS:15 EO	53663-55-1
931-756-8||9016-45-9||LU:4-Nonylphenol, branched and linear, ethoxylated||AS:Nonylphenol, ethoxylated||AS:15 EO	53763-35-2
931-756-8||9016-45-9||LU:4-Nonylphenol, branched and linear, ethoxylated||AS:Nonylphenol, ethoxylated||AS:15 EO	53763-36-3
931-756-8||9016-45-9||LU:4-Nonylphenol, branched and linear, ethoxylated||AS:Nonylphenol, ethoxylated||AS:15 EO	54174-36-6
931-756-8||9016-45-9||LU:4-Nonylphenol, branched and linear, ethoxylated||AS:Nonylphenol, ethoxylated||AS:15 EO	54985-54-5
931-756-8||9016-45-9||LU:4-Nonylphenol, branched and linear, ethoxylated||AS:Nonylphenol, ethoxylated||AS:15 EO	55126-80-2
931-756-8||9016-45-9||LU:4-Nonylphenol, branched and linear, ethoxylated||AS:Nonylphenol, ethoxylated||AS:15 EO	55838-69-2
931-756-8||9016-45-9||LU:4-Nonylphenol, branched and linear, ethoxylated||AS:Nonylphenol, ethoxylated||AS:15 EO	56590-96-6
931-756-8||9016-45-9||LU:4-Nonylphenol, branched and linear, ethoxylated||AS:Nonylphenol, ethoxylated||AS:15 EO	57308-02-8
931-756-8||9016-45-9||LU:4-Nonylphenol, branched and linear, ethoxylated||AS:Nonylphenol, ethoxylated||AS:15 EO	57571-69-4
931-756-8||9016-45-9||LU:4-Nonylphenol, branched and linear, ethoxylated||AS:Nonylphenol, ethoxylated||AS:15 EO	59330-69-7
931-756-8||9016-45-9||LU:4-Nonylphenol, branched and linear, ethoxylated||AS:Nonylphenol, ethoxylated||AS:15 EO	60098-67-1
931-756-8||9016-45-9||LU:4-Nonylphenol, branched and linear, ethoxylated||AS:Nonylphenol, ethoxylated||AS:15 EO	60476-27-9
931-756-8||9016-45-9||LU:4-Nonylphenol, branched and linear, ethoxylated||AS:Nonylphenol, ethoxylated||AS:15 EO	61614-07-1
931-756-8||9016-45-9||LU:4-Nonylphenol, branched and linear, ethoxylated||AS:Nonylphenol, ethoxylated||AS:15 EO	61840-55-9
931-756-8||9016-45-9||LU:4-Nonylphenol, branched and linear, ethoxylated||AS:Nonylphenol, ethoxylated||AS:15 EO	62169-44-2
931-756-8||9016-45-9||LU:4-Nonylphenol, branched and linear, ethoxylated||AS:Nonylphenol, ethoxylated||AS:15 EO	62229-21-4
931-756-8||9016-45-9||LU:4-Nonylphenol, branched and linear, ethoxylated||AS:Nonylphenol, ethoxylated||AS:15 EO	62229-24-7
931-756-8||9016-45-9||LU:4-Nonylphenol, branched and linear, ethoxylated||AS:Nonylphenol, ethoxylated||AS:15 EO	62229-29-2
931-756-8||9016-45-9||LU:4-Nonylphenol, branched and linear, ethoxylated||AS:Nonylphenol, ethoxylated||AS:15 EO	623588-93-2
931-756-8||9016-45-9||LU:4-Nonylphenol, branched and linear, ethoxylated||AS:Nonylphenol, ethoxylated||AS:15 EO	63440-03-9
931-756-8||9016-45-9||LU:4-Nonylphenol, branched and linear, ethoxylated||AS:Nonylphenol, ethoxylated||AS:15 EO	63798-88-9
931-756-8||9016-45-9||LU:4-Nonylphenol, branched and linear, ethoxylated||AS:Nonylphenol, ethoxylated||AS:15 EO	64296-14-6
931-756-8||9016-45-9||LU:4-Nonylphenol, branched and linear, ethoxylated||AS:Nonylphenol, ethoxylated||AS:15 EO	64940-97-2
931-756-8||9016-45-9||LU:4-Nonylphenol, branched and linear, ethoxylated||AS:Nonylphenol, ethoxylated||AS:15 EO	65035-40-7
931-756-8||9016-45-9||LU:4-Nonylphenol, branched and linear, ethoxylated||AS:Nonylphenol, ethoxylated||AS:15 EO	65035-41-8
931-756-8||9016-45-9||LU:4-Nonylphenol, branched and linear, ethoxylated||AS:Nonylphenol, ethoxylated||AS:15 EO	65777-14-2
931-756-8||9016-45-9||LU:4-Nonylphenol, branched and linear, ethoxylated||AS:Nonylphenol, ethoxylated||AS:15 EO	66525-84-6
931-756-8||9016-45-9||LU:4-Nonylphenol, branched and linear, ethoxylated||AS:Nonylphenol, ethoxylated||AS:15 EO	67053-58-1
931-756-8||9016-45-9||LU:4-Nonylphenol, branched and linear, ethoxylated||AS:Nonylphenol, ethoxylated||AS:15 EO	72847-44-0
931-756-8||9016-45-9||LU:4-Nonylphenol, branched and linear, ethoxylated||AS:Nonylphenol, ethoxylated||AS:15 EO	72847-45-1
931-756-8||9016-45-9||LU:4-Nonylphenol, branched and linear, ethoxylated||AS:Nonylphenol, ethoxylated||AS:15 EO	74434-41-6
931-756-8||9016-45-9||LU:4-Nonylphenol, branched and linear, ethoxylated||AS:Nonylphenol, ethoxylated||AS:15 EO	74656-63-6
931-756-8||9016-45-9||LU:4-Nonylphenol, branched and linear, ethoxylated||AS:Nonylphenol, ethoxylated||AS:15 EO	74749-71-6
931-756-8||9016-45-9||LU:4-Nonylphenol, branched and linear, ethoxylated||AS:Nonylphenol, ethoxylated||AS:15 EO	75882-09-6
931-756-8||9016-45-9||LU:4-Nonylphenol, branched and linear, ethoxylated||AS:Nonylphenol, ethoxylated||AS:15 EO	76829-05-5
931-756-8||9016-45-9||LU:4-Nonylphenol, branched and linear, ethoxylated||AS:Nonylphenol, ethoxylated||AS:15 EO	77271-60-4
931-756-8||9016-45-9||LU:4-Nonylphenol, branched and linear, ethoxylated||AS:Nonylphenol, ethoxylated||AS:15 EO	80341-59-9
931-756-8||9016-45-9||LU:4-Nonylphenol, branched and linear, ethoxylated||AS:Nonylphenol, ethoxylated||AS:15 EO	80966-32-1
931-756-8||9016-45-9||LU:4-Nonylphenol, branched and linear, ethoxylated||AS:Nonylphenol, ethoxylated||AS:15 EO	81296-82-4
931-756-8||9016-45-9||LU:4-Nonylphenol, branched and linear, ethoxylated||AS:Nonylphenol, ethoxylated||AS:15 EO	83271-48-1
931-756-8||9016-45-9||LU:4-Nonylphenol, branched and linear, ethoxylated||AS:Nonylphenol, ethoxylated||AS:15 EO	874461-43-5
931-756-8||9016-45-9||LU:4-Nonylphenol, branched and linear, ethoxylated||AS:Nonylphenol, ethoxylated||AS:15 EO	9021-03-8
931-756-8||9016-45-9||LU:4-Nonylphenol, branched and linear, ethoxylated||AS:Nonylphenol, ethoxylated||AS:15 EO	90452-81-6
931-756-8||9016-45-9||LU:4-Nonylphenol, branched and linear, ethoxylated||AS:Nonylphenol, ethoxylated||AS:15 EO	9067-50-9
931-756-8||9016-45-9||LU:4-Nonylphenol, branched and linear, ethoxylated||AS:Nonylphenol, ethoxylated||AS:15 EO	93095-76-2
931-756-8||9016-45-9||LU:4-Nonylphenol, branched and linear, ethoxylated||AS:Nonylphenol, ethoxylated||AS:15 EO	933050-99-8
931-756-8||9016-45-9||LU:4-Nonylphenol, branched and linear, ethoxylated||AS:Nonylphenol, ethoxylated||AS:15 EO	942205-98-3
931-756-8||9016-45-9||LU:4-Nonylphenol, branched and linear, ethoxylated||AS:Nonylphenol, ethoxylated||AS:15 EO	95828-59-4
931-756-8||9016-45-9||LU:4-Nonylphenol, branched and linear, ethoxylated||AS:Nonylphenol, ethoxylated||AS:15 EO	96231-61-7
931-756-8||9016-45-9||LU:4-Nonylphenol, branched and linear, ethoxylated||AS:Nonylphenol, ethoxylated||AS:15 EO	96957-64-1
931-756-8||9016-45-9||LU:4-Nonylphenol, branched and linear, ethoxylated||AS:Nonylphenol, ethoxylated||AS:15 EO	96958-17-7
931-756-8||9016-45-9||LU:4-Nonylphenol, branched and linear, ethoxylated||AS:Nonylphenol, ethoxylated||AS:15 EO	96958-28-0
931-756-8||9016-45-9||LU:4-Nonylphenol, branched and linear, ethoxylated||AS:Nonylphenol, ethoxylated||AS:15 EO	99402-83-2
931-756-8||9016-45-9||LU:4-Nonylphenol, branched and linear, ethoxylated||AS:Nonylphenol, ethoxylated||AS:15 EO	99531-82-5
931-756-8||9016-45-9||LU:4-Nonylphenol, branched and linear, ethoxylated||AS:Nonylphenol, ethoxylated||AS:15 EO	RR-191287-4
931-756-8||9016-45-9||LU:4-Nonylphenol, branched and linear, ethoxylated||AS:Nonylphenol, ethoxylated||AS:15 EO	RR-191289-6
932-337-2||68412-54-4||LU:4-Nonylphenol, branched and linear, ethoxylated||||	68412-54-4
932-688-1||68412-54-4||LU:4-Nonylphenol, branched and linear, ethoxylated||||	68412-54-4
932-998-7||RR-201670-8||LU:4-Nonylphenol, branched and linear, ethoxylated||||	RR-201670-8
938-618-6||RR-191284-1||LU:4-Nonylphenol, branched and linear, ethoxylated||||	RR-191284-1
939-460-0||RR-158672-7||||||AS:with >=0.1% w/w 4-Heptylphenol, branched and linear (4-HPbl)	RR-158672-7
939-975-0||9016-45-9||LU:4-Nonylphenol, branched and linear, ethoxylated||||AS:4 EO	9016-45-9
939-975-0||9016-45-9||LU:4-Nonylphenol, branched and linear, ethoxylated||AS:Nonylphenol, ethoxylated||AS:4 EO	102188-45-4
939-975-0||9016-45-9||LU:4-Nonylphenol, branched and linear, ethoxylated||AS:Nonylphenol, ethoxylated||AS:4 EO	103939-37-3
939-975-0||9016-45-9||LU:4-Nonylphenol, branched and linear, ethoxylated||AS:Nonylphenol, ethoxylated||AS:4 EO	105269-88-3
939-975-0||9016-45-9||LU:4-Nonylphenol, branched and linear, ethoxylated||AS:Nonylphenol, ethoxylated||AS:4 EO	106152-98-1
939-975-0||9016-45-9||LU:4-Nonylphenol, branched and linear, ethoxylated||AS:Nonylphenol, ethoxylated||AS:4 EO	107231-62-9
939-975-0||9016-45-9||LU:4-Nonylphenol, branched and linear, ethoxylated||AS:Nonylphenol, ethoxylated||AS:4 EO	11098-16-1
939-975-0||9016-45-9||LU:4-Nonylphenol, branched and linear, ethoxylated||AS:Nonylphenol, ethoxylated||AS:4 EO	11103-60-9
939-975-0||9016-45-9||LU:4-Nonylphenol, branched and linear, ethoxylated||AS:Nonylphenol, ethoxylated||AS:4 EO	11107-93-0
939-975-0||9016-45-9||LU:4-Nonylphenol, branched and linear, ethoxylated||AS:Nonylphenol, ethoxylated||AS:4 EO	111623-62-2
939-975-0||9016-45-9||LU:4-Nonylphenol, branched and linear, ethoxylated||AS:Nonylphenol, ethoxylated||AS:4 EO	112509-36-1
939-975-0||9016-45-9||LU:4-Nonylphenol, branched and linear, ethoxylated||AS:Nonylphenol, ethoxylated||AS:4 EO	114101-89-2
939-975-0||9016-45-9||LU:4-Nonylphenol, branched and linear, ethoxylated||AS:Nonylphenol, ethoxylated||AS:4 EO	1163687-50-0
939-975-0||9016-45-9||LU:4-Nonylphenol, branched and linear, ethoxylated||AS:Nonylphenol, ethoxylated||AS:4 EO	116711-78-5
939-975-0||9016-45-9||LU:4-Nonylphenol, branched and linear, ethoxylated||AS:Nonylphenol, ethoxylated||AS:4 EO	1202388-20-2
939-975-0||9016-45-9||LU:4-Nonylphenol, branched and linear, ethoxylated||AS:Nonylphenol, ethoxylated||AS:4 EO	1202388-26-8
939-975-0||9016-45-9||LU:4-Nonylphenol, branched and linear, ethoxylated||AS:Nonylphenol, ethoxylated||AS:4 EO	123019-34-1
939-975-0||9016-45-9||LU:4-Nonylphenol, branched and linear, ethoxylated||AS:Nonylphenol, ethoxylated||AS:4 EO	123068-21-3
939-975-0||9016-45-9||LU:4-Nonylphenol, branched and linear, ethoxylated||AS:Nonylphenol, ethoxylated||AS:4 EO	124057-60-9
939-975-0||9016-45-9||LU:4-Nonylphenol, branched and linear, ethoxylated||AS:Nonylphenol, ethoxylated||AS:4 EO	12767-68-9
939-975-0||9016-45-9||LU:4-Nonylphenol, branched and linear, ethoxylated||AS:Nonylphenol, ethoxylated||AS:4 EO	12789-12-7
939-975-0||9016-45-9||LU:4-Nonylphenol, branched and linear, ethoxylated||AS:Nonylphenol, ethoxylated||AS:4 EO	12790-67-9
939-975-0||9016-45-9||LU:4-Nonylphenol, branched and linear, ethoxylated||AS:Nonylphenol, ethoxylated||AS:4 EO	137263-06-0
939-975-0||9016-45-9||LU:4-Nonylphenol, branched and linear, ethoxylated||AS:Nonylphenol, ethoxylated||AS:4 EO	139281-67-7
939-975-0||9016-45-9||LU:4-Nonylphenol, branched and linear, ethoxylated||AS:Nonylphenol, ethoxylated||AS:4 EO	141490-14-4
939-975-0||9016-45-9||LU:4-Nonylphenol, branched and linear, ethoxylated||AS:Nonylphenol, ethoxylated||AS:4 EO	142985-89-5
939-975-0||9016-45-9||LU:4-Nonylphenol, branched and linear, ethoxylated||AS:Nonylphenol, ethoxylated||AS:4 EO	143929-07-1
939-975-0||9016-45-9||LU:4-Nonylphenol, branched and linear, ethoxylated||AS:Nonylphenol, ethoxylated||AS:4 EO	167140-06-9
939-975-0||9016-45-9||LU:4-Nonylphenol, branched and linear, ethoxylated||AS:Nonylphenol, ethoxylated||AS:4 EO	172521-16-3
939-975-0||9016-45-9||LU:4-Nonylphenol, branched and linear, ethoxylated||AS:Nonylphenol, ethoxylated||AS:4 EO	1809431-45-5
939-975-0||9016-45-9||LU:4-Nonylphenol, branched and linear, ethoxylated||AS:Nonylphenol, ethoxylated||AS:4 EO	1809431-82-0
939-975-0||9016-45-9||LU:4-Nonylphenol, branched and linear, ethoxylated||AS:Nonylphenol, ethoxylated||AS:4 EO	188612-23-9
939-975-0||9016-45-9||LU:4-Nonylphenol, branched and linear, ethoxylated||AS:Nonylphenol, ethoxylated||AS:4 EO	190856-87-2
939-975-0||9016-45-9||LU:4-Nonylphenol, branched and linear, ethoxylated||AS:Nonylphenol, ethoxylated||AS:4 EO	1943678-94-1
939-975-0||9016-45-9||LU:4-Nonylphenol, branched and linear, ethoxylated||AS:Nonylphenol, ethoxylated||AS:4 EO	202936-22-9
939-975-0||9016-45-9||LU:4-Nonylphenol, branched and linear, ethoxylated||AS:Nonylphenol, ethoxylated||AS:4 EO	205577-03-3
939-975-0||9016-45-9||LU:4-Nonylphenol, branched and linear, ethoxylated||AS:Nonylphenol, ethoxylated||AS:4 EO	2091900-73-9
939-975-0||9016-45-9||LU:4-Nonylphenol, branched and linear, ethoxylated||AS:Nonylphenol, ethoxylated||AS:4 EO	2096976-67-7
939-975-0||9016-45-9||LU:4-Nonylphenol, branched and linear, ethoxylated||AS:Nonylphenol, ethoxylated||AS:4 EO	226225-58-7
939-975-0||9016-45-9||LU:4-Nonylphenol, branched and linear, ethoxylated||AS:Nonylphenol, ethoxylated||AS:4 EO	226225-59-8
939-975-0||9016-45-9||LU:4-Nonylphenol, branched and linear, ethoxylated||AS:Nonylphenol, ethoxylated||AS:4 EO	2323620-11-5
939-975-0||9016-45-9||LU:4-Nonylphenol, branched and linear, ethoxylated||AS:Nonylphenol, ethoxylated||AS:4 EO	2332812-08-3
939-975-0||9016-45-9||LU:4-Nonylphenol, branched and linear, ethoxylated||AS:Nonylphenol, ethoxylated||AS:4 EO	2408592-97-0
939-975-0||9016-45-9||LU:4-Nonylphenol, branched and linear, ethoxylated||AS:Nonylphenol, ethoxylated||AS:4 EO	25640-88-4
939-975-0||9016-45-9||LU:4-Nonylphenol, branched and linear, ethoxylated||AS:Nonylphenol, ethoxylated||AS:4 EO	27176-97-2
939-975-0||9016-45-9||LU:4-Nonylphenol, branched and linear, ethoxylated||AS:Nonylphenol, ethoxylated||AS:4 EO	27288-14-8
939-975-0||9016-45-9||LU:4-Nonylphenol, branched and linear, ethoxylated||AS:Nonylphenol, ethoxylated||AS:4 EO	27942-26-3
939-975-0||9016-45-9||LU:4-Nonylphenol, branched and linear, ethoxylated||AS:Nonylphenol, ethoxylated||AS:4 EO	28136-10-9
939-975-0||9016-45-9||LU:4-Nonylphenol, branched and linear, ethoxylated||AS:Nonylphenol, ethoxylated||AS:4 EO	286015-24-5
939-975-0||9016-45-9||LU:4-Nonylphenol, branched and linear, ethoxylated||AS:Nonylphenol, ethoxylated||AS:4 EO	286015-28-9
939-975-0||9016-45-9||LU:4-Nonylphenol, branched and linear, ethoxylated||AS:Nonylphenol, ethoxylated||AS:4 EO	29594-36-3
939-975-0||9016-45-9||LU:4-Nonylphenol, branched and linear, ethoxylated||AS:Nonylphenol, ethoxylated||AS:4 EO	30676-83-6
939-975-0||9016-45-9||LU:4-Nonylphenol, branched and linear, ethoxylated||AS:Nonylphenol, ethoxylated||AS:4 EO	32196-52-4
939-975-0||9016-45-9||LU:4-Nonylphenol, branched and linear, ethoxylated||AS:Nonylphenol, ethoxylated||AS:4 EO	37187-23-8
939-975-0||9016-45-9||LU:4-Nonylphenol, branched and linear, ethoxylated||AS:Nonylphenol, ethoxylated||AS:4 EO	37210-94-9
939-975-0||9016-45-9||LU:4-Nonylphenol, branched and linear, ethoxylated||AS:Nonylphenol, ethoxylated||AS:4 EO	37230-99-2
939-975-0||9016-45-9||LU:4-Nonylphenol, branched and linear, ethoxylated||AS:Nonylphenol, ethoxylated||AS:4 EO	37280-80-1
939-975-0||9016-45-9||LU:4-Nonylphenol, branched and linear, ethoxylated||AS:Nonylphenol, ethoxylated||AS:4 EO	37291-67-1
939-975-0||9016-45-9||LU:4-Nonylphenol, branched and linear, ethoxylated||AS:Nonylphenol, ethoxylated||AS:4 EO	37336-52-0
939-975-0||9016-45-9||LU:4-Nonylphenol, branched and linear, ethoxylated||AS:Nonylphenol, ethoxylated||AS:4 EO	376647-33-5
939-975-0||9016-45-9||LU:4-Nonylphenol, branched and linear, ethoxylated||AS:Nonylphenol, ethoxylated||AS:4 EO	39289-57-1
939-975-0||9016-45-9||LU:4-Nonylphenol, branched and linear, ethoxylated||AS:Nonylphenol, ethoxylated||AS:4 EO	39316-45-5
939-975-0||9016-45-9||LU:4-Nonylphenol, branched and linear, ethoxylated||AS:Nonylphenol, ethoxylated||AS:4 EO	39316-73-9
939-975-0||9016-45-9||LU:4-Nonylphenol, branched and linear, ethoxylated||AS:Nonylphenol, ethoxylated||AS:4 EO	39346-85-5
939-975-0||9016-45-9||LU:4-Nonylphenol, branched and linear, ethoxylated||AS:Nonylphenol, ethoxylated||AS:4 EO	39373-71-2
939-975-0||9016-45-9||LU:4-Nonylphenol, branched and linear, ethoxylated||AS:Nonylphenol, ethoxylated||AS:4 EO	39392-83-1
939-975-0||9016-45-9||LU:4-Nonylphenol, branched and linear, ethoxylated||AS:Nonylphenol, ethoxylated||AS:4 EO	39393-36-7
939-975-0||9016-45-9||LU:4-Nonylphenol, branched and linear, ethoxylated||AS:Nonylphenol, ethoxylated||AS:4 EO	39421-49-3
939-975-0||9016-45-9||LU:4-Nonylphenol, branched and linear, ethoxylated||AS:Nonylphenol, ethoxylated||AS:4 EO	39453-05-9
939-975-0||9016-45-9||LU:4-Nonylphenol, branched and linear, ethoxylated||AS:Nonylphenol, ethoxylated||AS:4 EO	39454-98-3
939-975-0||9016-45-9||LU:4-Nonylphenol, branched and linear, ethoxylated||AS:Nonylphenol, ethoxylated||AS:4 EO	39475-46-2
939-975-0||9016-45-9||LU:4-Nonylphenol, branched and linear, ethoxylated||AS:Nonylphenol, ethoxylated||AS:4 EO	42617-03-8
939-975-0||9016-45-9||LU:4-Nonylphenol, branched and linear, ethoxylated||AS:Nonylphenol, ethoxylated||AS:4 EO	441352-55-2
939-975-0||9016-45-9||LU:4-Nonylphenol, branched and linear, ethoxylated||AS:Nonylphenol, ethoxylated||AS:4 EO	441352-56-3
939-975-0||9016-45-9||LU:4-Nonylphenol, branched and linear, ethoxylated||AS:Nonylphenol, ethoxylated||AS:4 EO	441352-57-4
939-975-0||9016-45-9||LU:4-Nonylphenol, branched and linear, ethoxylated||AS:Nonylphenol, ethoxylated||AS:4 EO	441352-58-5
939-975-0||9016-45-9||LU:4-Nonylphenol, branched and linear, ethoxylated||AS:Nonylphenol, ethoxylated||AS:4 EO	441352-59-6
939-975-0||9016-45-9||LU:4-Nonylphenol, branched and linear, ethoxylated||AS:Nonylphenol, ethoxylated||AS:4 EO	50855-29-3
939-975-0||9016-45-9||LU:4-Nonylphenol, branched and linear, ethoxylated||AS:Nonylphenol, ethoxylated||AS:4 EO	509171-19-1
939-975-0||9016-45-9||LU:4-Nonylphenol, branched and linear, ethoxylated||AS:Nonylphenol, ethoxylated||AS:4 EO	50934-84-4
939-975-0||9016-45-9||LU:4-Nonylphenol, branched and linear, ethoxylated||AS:Nonylphenol, ethoxylated||AS:4 EO	51059-97-3
939-975-0||9016-45-9||LU:4-Nonylphenol, branched and linear, ethoxylated||AS:Nonylphenol, ethoxylated||AS:4 EO	51609-19-9
939-975-0||9016-45-9||LU:4-Nonylphenol, branched and linear, ethoxylated||AS:Nonylphenol, ethoxylated||AS:4 EO	51668-51-0
939-975-0||9016-45-9||LU:4-Nonylphenol, branched and linear, ethoxylated||AS:Nonylphenol, ethoxylated||AS:4 EO	51938-25-1
939-975-0||9016-45-9||LU:4-Nonylphenol, branched and linear, ethoxylated||AS:Nonylphenol, ethoxylated||AS:4 EO	51938-59-1
939-975-0||9016-45-9||LU:4-Nonylphenol, branched and linear, ethoxylated||AS:Nonylphenol, ethoxylated||AS:4 EO	51938-60-4
939-975-0||9016-45-9||LU:4-Nonylphenol, branched and linear, ethoxylated||AS:Nonylphenol, ethoxylated||AS:4 EO	52012-43-8
939-975-0||9016-45-9||LU:4-Nonylphenol, branched and linear, ethoxylated||AS:Nonylphenol, ethoxylated||AS:4 EO	52038-46-7
939-975-0||9016-45-9||LU:4-Nonylphenol, branched and linear, ethoxylated||AS:Nonylphenol, ethoxylated||AS:4 EO	52051-49-7
939-975-0||9016-45-9||LU:4-Nonylphenol, branched and linear, ethoxylated||AS:Nonylphenol, ethoxylated||AS:4 EO	52434-07-8
939-975-0||9016-45-9||LU:4-Nonylphenol, branched and linear, ethoxylated||AS:Nonylphenol, ethoxylated||AS:4 EO	52440-03-6
939-975-0||9016-45-9||LU:4-Nonylphenol, branched and linear, ethoxylated||AS:Nonylphenol, ethoxylated||AS:4 EO	52440-78-5
939-975-0||9016-45-9||LU:4-Nonylphenol, branched and linear, ethoxylated||AS:Nonylphenol, ethoxylated||AS:4 EO	52440-94-5
939-975-0||9016-45-9||LU:4-Nonylphenol, branched and linear, ethoxylated||AS:Nonylphenol, ethoxylated||AS:4 EO	52504-18-4
939-975-0||9016-45-9||LU:4-Nonylphenol, branched and linear, ethoxylated||AS:Nonylphenol, ethoxylated||AS:4 EO	52504-19-5
939-975-0||9016-45-9||LU:4-Nonylphenol, branched and linear, ethoxylated||AS:Nonylphenol, ethoxylated||AS:4 EO	52683-07-5
939-975-0||9016-45-9||LU:4-Nonylphenol, branched and linear, ethoxylated||AS:Nonylphenol, ethoxylated||AS:4 EO	53125-17-0
939-975-0||9016-45-9||LU:4-Nonylphenol, branched and linear, ethoxylated||AS:Nonylphenol, ethoxylated||AS:4 EO	53529-49-0
939-975-0||9016-45-9||LU:4-Nonylphenol, branched and linear, ethoxylated||AS:Nonylphenol, ethoxylated||AS:4 EO	53663-55-1
939-975-0||9016-45-9||LU:4-Nonylphenol, branched and linear, ethoxylated||AS:Nonylphenol, ethoxylated||AS:4 EO	53763-35-2
939-975-0||9016-45-9||LU:4-Nonylphenol, branched and linear, ethoxylated||AS:Nonylphenol, ethoxylated||AS:4 EO	53763-36-3
939-975-0||9016-45-9||LU:4-Nonylphenol, branched and linear, ethoxylated||AS:Nonylphenol, ethoxylated||AS:4 EO	54174-36-6
939-975-0||9016-45-9||LU:4-Nonylphenol, branched and linear, ethoxylated||AS:Nonylphenol, ethoxylated||AS:4 EO	54985-54-5
939-975-0||9016-45-9||LU:4-Nonylphenol, branched and linear, ethoxylated||AS:Nonylphenol, ethoxylated||AS:4 EO	55126-80-2
939-975-0||9016-45-9||LU:4-Nonylphenol, branched and linear, ethoxylated||AS:Nonylphenol, ethoxylated||AS:4 EO	55838-69-2
939-975-0||9016-45-9||LU:4-Nonylphenol, branched and linear, ethoxylated||AS:Nonylphenol, ethoxylated||AS:4 EO	56590-96-6
939-975-0||9016-45-9||LU:4-Nonylphenol, branched and linear, ethoxylated||AS:Nonylphenol, ethoxylated||AS:4 EO	57308-02-8
939-975-0||9016-45-9||LU:4-Nonylphenol, branched and linear, ethoxylated||AS:Nonylphenol, ethoxylated||AS:4 EO	57571-69-4
939-975-0||9016-45-9||LU:4-Nonylphenol, branched and linear, ethoxylated||AS:Nonylphenol, ethoxylated||AS:4 EO	59330-69-7
939-975-0||9016-45-9||LU:4-Nonylphenol, branched and linear, ethoxylated||AS:Nonylphenol, ethoxylated||AS:4 EO	60098-67-1
939-975-0||9016-45-9||LU:4-Nonylphenol, branched and linear, ethoxylated||AS:Nonylphenol, ethoxylated||AS:4 EO	60476-27-9
939-975-0||9016-45-9||LU:4-Nonylphenol, branched and linear, ethoxylated||AS:Nonylphenol, ethoxylated||AS:4 EO	61614-07-1
939-975-0||9016-45-9||LU:4-Nonylphenol, branched and linear, ethoxylated||AS:Nonylphenol, ethoxylated||AS:4 EO	61840-55-9
939-975-0||9016-45-9||LU:4-Nonylphenol, branched and linear, ethoxylated||AS:Nonylphenol, ethoxylated||AS:4 EO	62169-44-2
939-975-0||9016-45-9||LU:4-Nonylphenol, branched and linear, ethoxylated||AS:Nonylphenol, ethoxylated||AS:4 EO	62229-21-4
939-975-0||9016-45-9||LU:4-Nonylphenol, branched and linear, ethoxylated||AS:Nonylphenol, ethoxylated||AS:4 EO	62229-24-7
939-975-0||9016-45-9||LU:4-Nonylphenol, branched and linear, ethoxylated||AS:Nonylphenol, ethoxylated||AS:4 EO	62229-29-2
939-975-0||9016-45-9||LU:4-Nonylphenol, branched and linear, ethoxylated||AS:Nonylphenol, ethoxylated||AS:4 EO	623588-93-2
939-975-0||9016-45-9||LU:4-Nonylphenol, branched and linear, ethoxylated||AS:Nonylphenol, ethoxylated||AS:4 EO	63440-03-9
939-975-0||9016-45-9||LU:4-Nonylphenol, branched and linear, ethoxylated||AS:Nonylphenol, ethoxylated||AS:4 EO	63798-88-9
939-975-0||9016-45-9||LU:4-Nonylphenol, branched and linear, ethoxylated||AS:Nonylphenol, ethoxylated||AS:4 EO	64296-14-6
939-975-0||9016-45-9||LU:4-Nonylphenol, branched and linear, ethoxylated||AS:Nonylphenol, ethoxylated||AS:4 EO	64940-97-2
939-975-0||9016-45-9||LU:4-Nonylphenol, branched and linear, ethoxylated||AS:Nonylphenol, ethoxylated||AS:4 EO	65035-40-7
939-975-0||9016-45-9||LU:4-Nonylphenol, branched and linear, ethoxylated||AS:Nonylphenol, ethoxylated||AS:4 EO	65035-41-8
939-975-0||9016-45-9||LU:4-Nonylphenol, branched and linear, ethoxylated||AS:Nonylphenol, ethoxylated||AS:4 EO	65777-14-2
939-975-0||9016-45-9||LU:4-Nonylphenol, branched and linear, ethoxylated||AS:Nonylphenol, ethoxylated||AS:4 EO	66525-84-6
939-975-0||9016-45-9||LU:4-Nonylphenol, branched and linear, ethoxylated||AS:Nonylphenol, ethoxylated||AS:4 EO	67053-58-1
939-975-0||9016-45-9||LU:4-Nonylphenol, branched and linear, ethoxylated||AS:Nonylphenol, ethoxylated||AS:4 EO	72847-44-0
939-975-0||9016-45-9||LU:4-Nonylphenol, branched and linear, ethoxylated||AS:Nonylphenol, ethoxylated||AS:4 EO	72847-45-1
939-975-0||9016-45-9||LU:4-Nonylphenol, branched and linear, ethoxylated||AS:Nonylphenol, ethoxylated||AS:4 EO	74434-41-6
939-975-0||9016-45-9||LU:4-Nonylphenol, branched and linear, ethoxylated||AS:Nonylphenol, ethoxylated||AS:4 EO	74656-63-6
939-975-0||9016-45-9||LU:4-Nonylphenol, branched and linear, ethoxylated||AS:Nonylphenol, ethoxylated||AS:4 EO	74749-71-6
939-975-0||9016-45-9||LU:4-Nonylphenol, branched and linear, ethoxylated||AS:Nonylphenol, ethoxylated||AS:4 EO	75882-09-6
939-975-0||9016-45-9||LU:4-Nonylphenol, branched and linear, ethoxylated||AS:Nonylphenol, ethoxylated||AS:4 EO	76829-05-5
939-975-0||9016-45-9||LU:4-Nonylphenol, branched and linear, ethoxylated||AS:Nonylphenol, ethoxylated||AS:4 EO	77271-60-4
939-975-0||9016-45-9||LU:4-Nonylphenol, branched and linear, ethoxylated||AS:Nonylphenol, ethoxylated||AS:4 EO	80341-59-9
939-975-0||9016-45-9||LU:4-Nonylphenol, branched and linear, ethoxylated||AS:Nonylphenol, ethoxylated||AS:4 EO	80966-32-1
939-975-0||9016-45-9||LU:4-Nonylphenol, branched and linear, ethoxylated||AS:Nonylphenol, ethoxylated||AS:4 EO	81296-82-4
939-975-0||9016-45-9||LU:4-Nonylphenol, branched and linear, ethoxylated||AS:Nonylphenol, ethoxylated||AS:4 EO	83271-48-1
939-975-0||9016-45-9||LU:4-Nonylphenol, branched and linear, ethoxylated||AS:Nonylphenol, ethoxylated||AS:4 EO	874461-43-5
939-975-0||9016-45-9||LU:4-Nonylphenol, branched and linear, ethoxylated||AS:Nonylphenol, ethoxylated||AS:4 EO	9021-03-8
939-975-0||9016-45-9||LU:4-Nonylphenol, branched and linear, ethoxylated||AS:Nonylphenol, ethoxylated||AS:4 EO	90452-81-6
939-975-0||9016-45-9||LU:4-Nonylphenol, branched and linear, ethoxylated||AS:Nonylphenol, ethoxylated||AS:4 EO	9067-50-9
939-975-0||9016-45-9||LU:4-Nonylphenol, branched and linear, ethoxylated||AS:Nonylphenol, ethoxylated||AS:4 EO	93095-76-2
939-975-0||9016-45-9||LU:4-Nonylphenol, branched and linear, ethoxylated||AS:Nonylphenol, ethoxylated||AS:4 EO	933050-99-8
939-975-0||9016-45-9||LU:4-Nonylphenol, branched and linear, ethoxylated||AS:Nonylphenol, ethoxylated||AS:4 EO	942205-98-3
939-975-0||9016-45-9||LU:4-Nonylphenol, branched and linear, ethoxylated||AS:Nonylphenol, ethoxylated||AS:4 EO	95828-59-4
939-975-0||9016-45-9||LU:4-Nonylphenol, branched and linear, ethoxylated||AS:Nonylphenol, ethoxylated||AS:4 EO	96231-61-7
939-975-0||9016-45-9||LU:4-Nonylphenol, branched and linear, ethoxylated||AS:Nonylphenol, ethoxylated||AS:4 EO	96957-64-1
939-975-0||9016-45-9||LU:4-Nonylphenol, branched and linear, ethoxylated||AS:Nonylphenol, ethoxylated||AS:4 EO	96958-17-7
939-975-0||9016-45-9||LU:4-Nonylphenol, branched and linear, ethoxylated||AS:Nonylphenol, ethoxylated||AS:4 EO	96958-28-0
939-975-0||9016-45-9||LU:4-Nonylphenol, branched and linear, ethoxylated||AS:Nonylphenol, ethoxylated||AS:4 EO	99402-83-2
939-975-0||9016-45-9||LU:4-Nonylphenol, branched and linear, ethoxylated||AS:Nonylphenol, ethoxylated||AS:4 EO	99531-82-5
939-975-0||9016-45-9||LU:4-Nonylphenol, branched and linear, ethoxylated||AS:Nonylphenol, ethoxylated||AS:4 EO	RR-191287-4
939-975-0||9016-45-9||LU:4-Nonylphenol, branched and linear, ethoxylated||AS:Nonylphenol, ethoxylated||AS:4 EO	RR-191289-6
939-993-9||RR-191290-9||LU:4-Nonylphenol, branched and linear, ethoxylated||||	RR-191290-9
950-299-5||RR-190058-9||LU:Medium-chain chlorinated paraffins (MCCP)||||	RR-190058-9
